date,open,high,low,close,volume,amount,outstanding_share,turnover
2015-01-05,7.03,7.07,6.61,6.82,404885952.0,3316996864.0,3300000000.0,0.12269271272727272
2015-01-06,6.82,6.89,6.49,6.7,345135968.0,2771353600.0,3300000000.0,0.10458665696969698
2015-01-07,6.72,6.88,6.69,6.79,257958592.0,2105490816.0,3300000000.0,0.07816927030303031
2015-01-08,6.74,6.78,6.32,6.35,308271872.0,2401502976.0,3300000000.0,0.09341571878787878
2015-01-09,6.25,6.86,6.16,6.42,359836352.0,2831701504.0,3300000000.0,0.10904131878787879
2015-01-12,6.25,6.39,6.1,6.17,185839424.0,1393041920.0,3300000000.0,0.05631497696969697
2015-01-13,6.17,6.32,6.03,6.09,144735056.0,1070439616.0,3300000000.0,0.04385910787878788
2015-01-14,6.49,6.56,6.22,6.29,287603168.0,2207236352.0,3300000000.0,0.08715247515151515
2015-01-15,6.24,6.49,6.09,6.42,198220784.0,1505809024.0,3300000000.0,0.060066904242424245
2015-01-16,6.42,6.59,6.33,6.41,206813600.0,1605370112.0,3300000000.0,0.06267078787878788
2015-01-19,6.03,6.15,5.77,5.77,262951904.0,1867336832.0,3300000000.0,0.07968239515151515
2015-01-20,5.7,5.9,5.67,5.77,217337520.0,1512707968.0,3300000000.0,0.06585985454545455
2015-01-21,5.84,6.07,5.75,6.02,246227904.0,1754469760.0,3300000000.0,0.07461451636363636
2015-01-22,5.96,6.0,5.85,5.95,174394848.0,1243591424.0,3300000000.0,0.05284692363636364
2015-01-23,6.01,6.21,5.95,6.07,238787632.0,1750610688.0,3300000000.0,0.07235988848484848
2015-01-26,6.09,6.1,5.96,6.05,122030320.0,882421440.0,3300000000.0,0.03697888484848485
2015-01-27,6.05,6.36,6.02,6.26,272950496.0,2026916224.0,3300000000.0,0.08271227151515151
2015-01-28,6.2,6.29,6.09,6.1,156041344.0,1157408768.0,3300000000.0,0.04728525575757576
2015-01-29,6.05,6.11,5.95,5.99,106403064.0,769214464.0,3300000000.0,0.032243352727272724
2015-01-30,6.0,6.05,5.78,5.8,132521112.0,935597888.0,3300000000.0,0.040157912727272725
2015-02-02,5.66,5.66,5.31,5.35,164129568.0,1080048896.0,3300000000.0,0.049736232727272726
2015-02-03,5.35,5.51,5.28,5.51,120670680.0,785145536.0,3300000000.0,0.03656687272727273
2015-02-04,5.51,5.86,5.42,5.65,178741616.0,1203639808.0,3300000000.0,0.05416412606060606
2015-02-05,5.81,5.81,5.41,5.41,121447920.0,818779776.0,3300000000.0,0.0368024
2015-02-06,5.38,5.51,5.27,5.34,96377432.0,622680128.0,3300000000.0,0.029205282424242425
2015-02-09,5.34,5.49,5.25,5.39,90438248.0,583720896.0,3300000000.0,0.0274055296969697
2015-02-10,5.41,5.56,5.39,5.53,98944592.0,654537088.0,3300000000.0,0.029983209696969697
2015-02-11,5.53,5.6,5.46,5.5,67766160.0,450269536.0,3300000000.0,0.0205352
2015-02-12,5.5,5.65,5.48,5.6,95511336.0,641661120.0,3300000000.0,0.028942829090909093
2015-02-13,5.65,5.69,5.58,5.61,89000824.0,603712960.0,3300000000.0,0.026969946666666668
2015-02-16,5.62,5.65,5.54,5.6,77828744.0,524120800.0,3300000000.0,0.023584467878787877
2015-02-17,5.61,5.8,5.59,5.76,126531968.0,867101504.0,3300000000.0,0.0383430206060606
2015-02-25,5.78,5.78,5.64,5.69,112284056.0,769140672.0,3300000000.0,0.03402547151515151
2015-02-26,5.76,6.25,5.74,6.25,297332704.0,2175387648.0,3300000000.0,0.0901008193939394
2015-02-27,6.85,6.85,6.53,6.74,685966080.0,5525020672.0,3300000000.0,0.2078685090909091
2015-03-02,6.65,6.76,6.55,6.73,455436704.0,3640551424.0,3300000000.0,0.13801112242424243
2015-03-03,6.65,6.98,6.53,6.79,524069664.0,4231300864.0,3300000000.0,0.1588089890909091
2015-03-04,6.65,6.69,6.49,6.59,276641344.0,2184211712.0,3300000000.0,0.0838307103030303
2015-03-05,6.69,6.71,6.32,6.44,280594784.0,2174049792.0,3300000000.0,0.08502872242424242
2015-03-06,6.39,6.5,6.3,6.31,153030432.0,1172601856.0,3300000000.0,0.04637285818181818
2015-03-09,6.24,6.39,6.15,6.35,149632480.0,1127286784.0,3300000000.0,0.04534317575757576
2015-03-10,6.32,6.42,6.24,6.29,116615904.0,884126720.0,3300000000.0,0.035338152727272726
2015-03-11,6.29,6.41,6.23,6.25,128838784.0,978981824.0,3300000000.0,0.03904205575757576
2015-03-12,6.25,6.44,6.2,6.36,178839840.0,1357342848.0,3300000000.0,0.05419389090909091
2015-03-13,6.37,6.56,6.33,6.43,215133920.0,1668614144.0,3300000000.0,0.06519209696969697
2015-03-16,6.46,6.5,6.34,6.47,208778896.0,1615393280.0,3300000000.0,0.06326633212121212
2015-03-17,6.54,6.89,6.53,6.71,395136416.0,3178519040.0,3300000000.0,0.11973830787878788
2015-03-18,6.74,6.82,6.66,6.77,268724576.0,2179325952.0,3300000000.0,0.08143168969696969
2015-03-19,6.85,7.44,6.77,7.38,710143552.0,6211904000.0,3300000000.0,0.21519501575757577
2015-03-20,7.26,7.32,7.13,7.21,469932160.0,4074110976.0,3300000000.0,0.14240368484848484
2015-03-23,7.28,7.62,7.21,7.5,460192352.0,4107211264.0,3300000000.0,0.1394522278787879
2015-03-24,7.59,7.87,7.28,7.68,522625600.0,4767437824.0,3300000000.0,0.15837139393939395
2015-03-25,7.54,7.62,7.39,7.43,359840896.0,3233203200.0,3300000000.0,0.10904269575757576
2015-03-26,7.44,7.53,7.19,7.3,283151840.0,2505390080.0,3300000000.0,0.08580358787878788
2015-03-27,7.32,7.94,7.29,7.64,478777472.0,4406077440.0,3300000000.0,0.14508408242424242
2015-03-30,7.88,8.41,7.82,8.41,504408416.0,5014979584.0,3300000000.0,0.15285103515151516
2015-03-31,8.86,8.98,8.19,8.22,802467264.0,8257986560.0,3300000000.0,0.24317189818181817
2015-04-01,8.24,8.53,8.24,8.37,413059968.0,4154266112.0,3300000000.0,0.12516968727272726
2015-04-02,8.36,8.36,8.23,8.28,271199936.0,2696521728.0,3300000000.0,0.08218179878787879
2015-04-03,8.25,8.26,8.11,8.17,241195232.0,2366192128.0,3300000000.0,0.07308946424242424
2015-04-07,8.3,8.44,8.25,8.31,259016624.0,2587480064.0,3300000000.0,0.07848988606060606
2015-04-08,8.32,9.13,8.23,8.8,528440608.0,5537094144.0,3300000000.0,0.16013351757575758
2015-04-09,9.01,9.11,8.39,8.56,389107232.0,4064854016.0,3300000000.0,0.11791128242424243
2015-04-10,8.56,8.73,8.42,8.64,246648880.0,2544256256.0,3300000000.0,0.07474208484848485
2015-04-13,8.58,9.06,8.49,8.87,415152256.0,4384783872.0,3300000000.0,0.12580371393939394
2015-04-14,8.87,9.31,8.65,9.05,470133600.0,5145810432.0,3300000000.0,0.14246472727272727
2015-04-15,8.98,9.95,8.81,9.44,634186496.0,7256929280.0,3300000000.0,0.19217772606060607
2015-04-24,10.39,10.39,10.39,10.39,6643560.0,82978064.0,3300000000.0,0.0020132
2015-04-27,11.43,11.43,11.43,11.43,5511146.0,75723144.0,3300000000.0,0.0016700442424242424
2015-04-28,12.57,12.57,12.57,12.57,47826612.0,722660096.0,3300000000.0,0.014492912727272727
2015-04-29,13.82,13.82,13.16,13.82,864319808.0,14200677376.0,3300000000.0,0.26191509333333335
2015-04-30,14.14,15.2,14.04,15.2,382662816.0,6790760960.0,3300000000.0,0.11595842909090909
2015-05-04,16.33,16.63,14.15,14.3,957451648.0,17434972160.0,3300000000.0,0.290136863030303
2015-05-05,13.87,13.94,12.87,12.91,633061056.0,10158246912.0,3300000000.0,0.19183668363636364
2015-05-06,12.88,13.55,12.76,13.09,458348352.0,7257024512.0,3300000000.0,0.13889344
2015-05-07,12.6,12.88,11.78,11.78,423821664.0,6196958208.0,3300000000.0,0.12843080727272727
2015-05-08,11.97,12.25,11.5,12.22,500054688.0,7137852928.0,3300000000.0,0.15153172363636364
2015-05-11,12.22,12.56,11.89,12.47,488506048.0,7214791680.0,3300000000.0,0.14803213575757576
2015-05-12,12.48,13.51,12.27,13.48,600942016.0,9368087552.0,3300000000.0,0.18210364121212122
2015-05-13,13.26,13.39,12.6,12.71,453572704.0,7054821888.0,3300000000.0,0.13744627393939393
2015-05-14,12.47,12.96,12.07,12.76,339821248.0,5080500224.0,3300000000.0,0.10297613575757576
2015-05-15,12.48,12.85,12.32,12.45,256220384.0,3860088576.0,3300000000.0,0.0776425406060606
2015-05-18,12.22,12.73,12.06,12.07,242480272.0,3575185664.0,3300000000.0,0.0734788703030303
2015-05-19,12.14,12.85,12.14,12.67,335463392.0,5066913792.0,3300000000.0,0.10165557333333333
2015-05-20,12.72,12.95,12.41,12.63,372633888.0,5684561920.0,3300000000.0,0.11291936
2015-05-21,12.62,12.7,12.41,12.62,249789968.0,3766047488.0,3300000000.0,0.0756939296969697
2015-05-22,12.86,13.55,12.73,13.26,504986784.0,7970373120.0,3300000000.0,0.15302629818181818
2015-05-25,13.3,14.54,13.3,14.41,584073280.0,9688870912.0,3300000000.0,0.17699190303030304
2015-05-26,14.84,14.84,13.97,14.3,560796544.0,9692322816.0,3300000000.0,0.16993834666666666
2015-05-27,14.29,14.29,13.64,13.71,410578944.0,6821114880.0,3300000000.0,0.12441786181818182
2015-05-28,13.64,13.85,12.35,12.46,417099040.0,6644082688.0,3300000000.0,0.1263936484848485
2015-05-29,12.38,12.68,11.38,12.09,283352800.0,4124248832.0,3300000000.0,0.08586448484848484
2015-06-01,12.19,12.88,12.07,12.78,222593024.0,3330487296.0,3300000000.0,0.06745243151515151
2015-06-02,12.78,13.6,12.61,13.43,325379264.0,5123333120.0,3300000000.0,0.09859977696969698
2015-06-03,13.4,13.94,13.17,13.49,335669056.0,5436306944.0,3300000000.0,0.10171789575757575
2015-06-04,13.49,13.56,12.21,12.93,261244256.0,4015014912.0,3300000000.0,0.07916492606060606
2015-06-05,13.09,14.11,12.9,13.97,388078400.0,6200105472.0,3300000000.0,0.11759951515151515
2015-06-08,13.9,13.91,13.33,13.64,355459584.0,5787198976.0,3300000000.0,0.10771502545454545
2015-06-09,13.93,14.04,13.34,13.49,298132384.0,4856052224.0,3300000000.0,0.09034314666666667
2015-06-10,13.34,13.37,12.97,13.17,212565792.0,3341494528.0,3300000000.0,0.06441387636363637
2015-06-11,13.13,13.3,12.74,12.98,191000128.0,2965169152.0,3300000000.0,0.05787882666666667
2015-06-12,13.19,13.31,12.98,13.03,180394720.0,2820349952.0,3300000000.0,0.054665066666666665
2015-06-15,13.01,13.02,12.56,12.62,193385552.0,2946279168.0,3300000000.0,0.05860168242424242
2015-06-16,12.39,12.43,11.64,11.72,221014672.0,3156467456.0,3300000000.0,0.06697414303030302
2015-06-17,11.69,12.38,11.56,12.24,180811072.0,2567072512.0,3300000000.0,0.05479123393939394
2015-06-18,12.21,12.21,11.56,11.61,135887632.0,1925398272.0,3300000000.0,0.041178070303030306
2015-06-19,11.44,11.46,10.44,10.44,173208528.0,2253267456.0,3300000000.0,0.05248743272727273
2015-06-23,10.37,10.55,9.41,10.54,196944720.0,2377871360.0,3300000000.0,0.05968021818181818
2015-06-24,10.68,11.06,10.55,10.86,199820512.0,2585225728.0,3300000000.0,0.060551670303030304
2015-06-25,10.88,10.97,10.1,10.27,156191600.0,1996082176.0,3300000000.0,0.04733078787878788
2015-06-26,9.88,10.63,9.24,9.42,246692320.0,2921989120.0,3300000000.0,0.07475524848484849
2015-06-29,9.71,9.84,8.48,8.78,241052256.0,2634009344.0,3300000000.0,0.07304613818181818
2015-06-30,8.79,9.5,7.97,9.5,264767040.0,2791705344.0,3300000000.0,0.08023243636363636
2015-07-01,9.24,9.62,8.6,8.62,208780912.0,2307547904.0,3300000000.0,0.06326694303030303
2015-07-02,8.7,8.78,7.79,7.88,202394144.0,1998877824.0,3300000000.0,0.06133155878787879
2015-07-03,7.7,7.87,7.09,7.09,206475408.0,1806598656.0,3300000000.0,0.06256830545454546
2015-07-06,7.8,7.8,6.71,7.33,260176400.0,2269976064.0,3300000000.0,0.07884133333333333
2015-07-07,7.11,7.95,6.77,7.86,408700864.0,3673577472.0,3300000000.0,0.12384874666666666
2015-07-08,7.12,7.72,7.08,7.08,241027536.0,2092597120.0,3300000000.0,0.07303864727272727
2015-07-09,7.08,7.79,6.38,7.79,340464704.0,3012885760.0,3300000000.0,0.10317112242424242
2015-07-10,7.95,8.57,7.75,8.57,336461920.0,3382887424.0,3300000000.0,0.10195815757575757
2015-07-13,8.79,9.42,8.53,9.42,412715744.0,4462479360.0,3300000000.0,0.12506537696969697
2015-07-14,9.19,9.45,8.54,8.67,319296736.0,3439813888.0,3300000000.0,0.09675658666666667
2015-07-15,8.5,8.5,7.8,7.83,229677344.0,2202152704.0,3300000000.0,0.06959919515151515
2015-07-16,7.83,8.25,7.41,7.88,178551296.0,1692950272.0,3300000000.0,0.05410645333333333
2015-07-17,7.91,8.52,7.77,8.36,192264112.0,1880246400.0,3300000000.0,0.05826185212121212
2015-07-20,8.35,9.19,8.21,9.19,326142400.0,3399000064.0,3300000000.0,0.09883103030303031
2015-07-21,8.96,9.62,8.79,9.14,377252672.0,4160441344.0,3300000000.0,0.11431899151515151
2015-07-22,8.96,9.13,8.69,8.95,220754864.0,2357225472.0,3300000000.0,0.06689541333333333
2015-07-23,8.88,9.4,8.81,9.24,243839840.0,2681744128.0,3300000000.0,0.07389086060606061
2015-07-24,9.25,9.84,9.21,9.36,371429056.0,4210899712.0,3300000000.0,0.1125542593939394
2015-07-27,8.97,9.19,8.42,8.42,230844400.0,2443943168.0,3300000000.0,0.06995284848484848
2015-07-28,7.62,8.29,7.62,7.91,221332768.0,2087454208.0,3300000000.0,0.06707053575757575
2015-07-29,8.04,8.54,7.83,8.47,157185312.0,1524986112.0,3300000000.0,0.04763191272727273
2015-07-30,8.36,8.66,7.85,8.06,161443984.0,1616363776.0,3300000000.0,0.0489224193939394
2015-07-31,7.9,8.32,7.89,8.23,127137392.0,1233883264.0,3300000000.0,0.03852648242424243
2015-08-03,8.12,8.54,8.06,8.52,159517024.0,1581147264.0,3300000000.0,0.04833849212121212
2015-08-04,8.47,8.83,8.32,8.81,148653248.0,1533357952.0,3300000000.0,0.04504643878787879
2015-08-05,8.8,9.18,8.62,8.7,161316832.0,1714571520.0,3300000000.0,0.04888388848484849
2015-08-06,8.37,8.64,8.29,8.38,97572056.0,984276096.0,3300000000.0,0.029567289696969697
2015-08-07,8.5,8.67,8.45,8.53,84066760.0,859322496.0,3300000000.0,0.025474775757575757
2015-08-10,8.78,9.29,8.71,9.19,222099264.0,2407427584.0,3300000000.0,0.06730280727272728
2015-08-11,9.21,9.23,8.93,9.01,176978688.0,1917068160.0,3300000000.0,0.053629905454545455
2015-08-12,8.88,9.29,8.82,9.04,148096448.0,1601762304.0,3300000000.0,0.04487771151515151
2015-08-13,8.96,9.27,8.8,9.21,146719200.0,1588416000.0,3300000000.0,0.04446036363636364
2015-08-14,9.29,9.59,9.18,9.34,220915488.0,2482553344.0,3300000000.0,0.06694408727272727
2015-08-17,9.33,9.38,9.0,9.31,149271488.0,1639504000.0,3300000000.0,0.04523378424242424
2015-08-18,9.29,9.36,8.38,8.38,171614736.0,1818682624.0,3300000000.0,0.05200446545454546
2015-08-19,7.96,8.61,7.68,8.43,126177488.0,1230668672.0,3300000000.0,0.038235602424242426
2015-08-20,8.28,8.37,7.85,7.86,89520952.0,870427968.0,3300000000.0,0.02712756121212121
2015-08-21,7.79,7.94,7.29,7.39,109545176.0,995623424.0,3300000000.0,0.03319550787878788
2015-08-24,7.08,7.12,6.66,6.66,126766640.0,1017829120.0,3300000000.0,0.038414133333333336
2015-08-25,6.0,6.24,6.0,6.0,131102744.0,946287040.0,3300000000.0,0.03972810424242424
2015-08-26,6.03,6.19,5.45,5.48,131293712.0,917973120.0,3300000000.0,0.039785973333333335
2015-08-27,5.68,5.89,5.45,5.86,130665688.0,888947520.0,3300000000.0,0.03959566303030303
2015-08-28,6.0,6.45,5.91,6.45,171854272.0,1276720384.0,3300000000.0,0.05207705212121212
2015-08-31,6.51,6.58,6.08,6.52,160810096.0,1218960512.0,3300000000.0,0.04873033212121212
2015-09-01,6.42,6.69,5.99,6.64,185287952.0,1413653632.0,3300000000.0,0.05614786424242424
2015-09-02,6.35,7.19,6.19,7.03,214155264.0,1742499968.0,3300000000.0,0.06489553454545455
2015-09-07,6.95,7.23,6.55,6.58,153740784.0,1268752896.0,3300000000.0,0.04658811636363636
2015-09-08,6.45,6.75,6.1,6.67,79501896.0,613718848.0,3300000000.0,0.024091483636363636
2015-09-09,6.74,6.95,6.64,6.81,83790088.0,682215488.0,3300000000.0,0.02539093575757576
2015-09-10,6.7,7.02,6.63,6.81,71791720.0,585232064.0,3300000000.0,0.021755066666666666
2015-09-11,6.73,6.86,6.56,6.68,51565044.0,413784448.0,3300000000.0,0.01562577090909091
2015-09-14,6.82,6.98,6.18,6.76,122085440.0,981398464.0,3300000000.0,0.03699558787878788
2015-09-15,6.45,6.55,6.08,6.08,72147144.0,540496640.0,3300000000.0,0.02186277090909091
2015-09-16,6.08,6.67,6.02,6.56,73183048.0,549843520.0,3300000000.0,0.022176681212121213
2015-09-17,6.65,6.92,6.45,6.48,113721064.0,914813184.0,3300000000.0,0.03446092848484848
2015-09-18,6.48,6.73,6.42,6.6,81494192.0,640419840.0,3300000000.0,0.024695209696969696
2015-09-21,6.53,6.8,6.48,6.79,62457832.0,496478048.0,3300000000.0,0.018926615757575756
2015-09-22,6.78,6.82,6.68,6.73,61749968.0,497948832.0,3300000000.0,0.018712111515151515
2015-09-23,6.6,6.64,6.38,6.46,48329928.0,376631488.0,3300000000.0,0.014645432727272728
2015-09-24,6.53,6.62,6.43,6.54,39370596.0,306169856.0,3300000000.0,0.011930483636363636
2015-09-25,6.38,6.88,6.24,6.53,79535720.0,624026368.0,3300000000.0,0.024101733333333333
2015-09-28,6.45,6.49,6.21,6.41,40945440.0,311312800.0,3300000000.0,0.01240770909090909
2015-09-29,6.25,6.3,6.14,6.16,33752144.0,250742656.0,3300000000.0,0.010227922424242425
2015-09-30,6.19,6.31,6.16,6.17,28041378.0,208701824.0,3300000000.0,0.008497387272727273
2015-10-08,6.42,6.45,6.34,6.37,40122396.0,306481216.0,3300000000.0,0.012158301818181819
2015-10-09,6.41,6.48,6.36,6.43,35459616.0,271707456.0,3300000000.0,0.010745338181818182
2015-10-12,6.46,6.82,6.46,6.74,94403000.0,754889536.0,3300000000.0,0.028606969696969697
2015-10-13,6.7,6.76,6.6,6.74,65045584.0,520030944.0,3300000000.0,0.01971078303030303
2015-10-14,6.72,6.86,6.62,6.62,65629812.0,528368448.0,3300000000.0,0.019887821818181817
2015-10-15,6.58,6.82,6.57,6.8,79701528.0,641891136.0,3300000000.0,0.024151978181818183
2015-10-16,6.86,7.08,6.85,6.97,134567840.0,1118311424.0,3300000000.0,0.040778133333333334
2015-10-19,7.03,7.09,6.8,6.89,99254536.0,826660928.0,3300000000.0,0.03007713212121212
2015-10-20,6.89,7.58,6.75,7.48,151564608.0,1287868160.0,3300000000.0,0.04592866909090909
2015-10-21,7.54,8.21,7.24,7.52,318177472.0,2925131520.0,3300000000.0,0.09641741575757576
2015-10-22,7.3,7.7,7.06,7.55,169316816.0,1497415680.0,3300000000.0,0.05130812606060606
2015-10-23,7.48,7.56,7.36,7.46,96359864.0,857236160.0,3300000000.0,0.029199958787878788
2015-10-26,7.56,7.76,7.22,7.47,101801040.0,919152960.0,3300000000.0,0.0308488
2015-10-27,7.37,7.45,7.03,7.34,93201536.0,807084160.0,3300000000.0,0.028242889696969697
2015-10-28,7.29,7.43,7.03,7.09,73340824.0,634092608.0,3300000000.0,0.022224492121212122
2015-10-29,7.14,7.25,7.03,7.13,53484432.0,455953792.0,3300000000.0,0.016207403636363638
2015-10-30,7.07,7.29,7.06,7.16,61049828.0,525896736.0,3300000000.0,0.01849994787878788
2015-11-02,7.04,7.35,7.02,7.09,62109752.0,531482336.0,3300000000.0,0.01882113696969697
2015-11-03,7.06,7.17,6.94,6.98,47072968.0,396572160.0,3300000000.0,0.014264535757575757
2015-11-04,6.95,7.32,6.92,7.3,91047800.0,781538624.0,3300000000.0,0.027590242424242423
2015-11-05,7.3,8.03,7.26,7.85,377975584.0,3546396928.0,3300000000.0,0.11453805575757575
2015-11-06,7.67,7.98,7.6,7.9,260322608.0,2414735104.0,3300000000.0,0.07888563878787878
2015-11-09,7.75,8.37,7.75,7.98,229511680.0,2213986560.0,3300000000.0,0.06954899393939394
2015-11-10,7.85,8.06,7.83,7.95,126215304.0,1194069632.0,3300000000.0,0.03824706181818182
2015-11-11,7.98,8.03,7.77,7.87,104534992.0,984124992.0,3300000000.0,0.0316772703030303
2015-11-12,7.9,7.94,7.63,7.7,99507080.0,922120064.0,3300000000.0,0.030153660606060607
2015-11-13,7.63,7.84,7.59,7.6,87541376.0,805641344.0,3300000000.0,0.026527689696969697
2015-11-16,7.45,7.77,7.37,7.72,68666560.0,620572608.0,3300000000.0,0.020808048484848483
2015-11-17,7.76,7.93,7.62,7.65,101002304.0,939942976.0,3300000000.0,0.030606758787878788
2015-11-18,7.64,7.79,7.52,7.59,79220488.0,722741056.0,3300000000.0,0.024006208484848485
2015-11-19,7.63,7.71,7.55,7.7,48134108.0,438057568.0,3300000000.0,0.014586093333333333
2015-11-20,7.72,7.83,7.62,7.67,67266280.0,619312384.0,3300000000.0,0.020383721212121213
2015-11-23,7.8,7.85,7.65,7.7,84972664.0,786722112.0,3300000000.0,0.02574929212121212
2015-11-24,7.67,7.73,7.5,7.61,57196604.0,517536032.0,3300000000.0,0.017332304242424244
2015-11-25,7.59,7.65,7.54,7.61,55249108.0,500502144.0,3300000000.0,0.01674215393939394
2015-11-26,7.65,7.71,7.54,7.55,60622936.0,551611968.0,3300000000.0,0.018370586666666668
2015-11-27,7.53,7.53,6.8,6.84,119191488.0,1021290368.0,3300000000.0,0.036118632727272726
2015-11-30,6.85,6.91,6.37,6.7,75321480.0,599985088.0,3300000000.0,0.02282469090909091
2015-12-01,6.72,6.99,6.62,6.84,54146076.0,439110363.0,3300000000.0,0.016407901818181816
2015-12-02,6.79,7.24,6.77,7.18,99874816.0,839033216.0,3300000000.0,0.030265095757575758
2015-12-03,7.12,7.24,7.0,7.18,69286774.0,589397688.0,3300000000.0,0.02099599212121212
2015-12-04,7.12,7.15,6.91,6.94,62225872.0,521329792.0,3300000000.0,0.01885632484848485
2015-12-07,6.94,6.99,6.86,6.95,31852164.0,263625981.0,3300000000.0,0.009652170909090908
2015-12-08,6.89,6.92,6.71,6.72,39709932.0,321652544.0,3300000000.0,0.012033312727272727
2015-12-09,6.71,6.77,6.67,6.71,29507624.0,236461905.0,3300000000.0,0.008941704242424242
2015-12-10,6.71,6.76,6.63,6.67,27488330.0,219804880.0,3300000000.0,0.008329796969696969
2015-12-11,6.62,6.66,6.56,6.62,27966112.0,220515152.0,3300000000.0,0.008474579393939394
2015-12-14,6.53,6.88,6.5,6.86,42824508.0,344458496.0,3300000000.0,0.012977123636363636
2015-12-15,6.84,6.88,6.75,6.77,32055224.0,260899776.0,3300000000.0,0.009713704242424242
2015-12-16,6.82,6.92,6.8,6.82,36323792.0,297431744.0,3300000000.0,0.011007209696969698
2015-12-17,6.88,7.01,6.85,6.91,51401072.0,425225472.0,3300000000.0,0.015576082424242424
2015-12-18,6.92,6.99,6.83,6.86,42352236.0,349568160.0,3300000000.0,0.012834010909090908
2015-12-21,6.81,7.07,6.78,7.0,62594832.0,520416608.0,3300000000.0,0.01896813090909091
2015-12-22,7.02,7.02,6.9,6.98,42013530.0,348377297.0,3300000000.0,0.012731372727272728
2015-12-23,6.98,7.07,6.94,6.98,59279264.0,496596032.0,3300000000.0,0.017963413333333334
2015-12-24,6.94,6.98,6.71,6.77,45329672.0,369318432.0,3300000000.0,0.013736264242424242
2015-12-25,6.78,6.9,6.76,6.84,28095450.0,229075994.0,3300000000.0,0.008513772727272727
2015-12-28,6.86,6.9,6.62,6.62,49061992.0,394720608.0,3300000000.0,0.014867270303030302
2015-12-29,6.63,6.7,6.59,6.7,24402423.0,193525607.0,3300000000.0,0.007394673636363636
2015-12-30,6.68,6.72,6.64,6.69,21285952.0,169784081.0,3300000000.0,0.0064502884848484845
2015-12-31,6.67,6.78,6.66,6.72,33428689.0,268601000.0,3300000000.0,0.010129905757575757
2016-01-04,6.7,6.7,6.11,6.14,29845326.0,230643421.0,3300000000.0,0.009044038181818181
2016-01-05,5.94,6.3,5.86,6.1,46333278.0,335815524.0,3300000000.0,0.014040387272727273
2016-01-06,6.11,6.32,6.11,6.29,40379947.0,299859786.0,3300000000.0,0.012236347575757575
2016-01-07,6.2,6.2,5.69,5.74,11347800.0,80827364.0,3300000000.0,0.0034387272727272726
2016-01-08,5.89,6.0,5.53,5.87,48092426.0,336551777.0,3300000000.0,0.014573462424242425
2016-01-11,5.84,6.16,5.7,5.74,61016988.0,433173718.0,3300000000.0,0.018489996363636362
2016-01-12,5.83,6.02,5.66,5.88,44573299.0,309392596.0,3300000000.0,0.013507060303030304
2016-01-13,5.93,5.95,5.6,5.62,36208889.0,251064487.0,3300000000.0,0.010972390606060606
2016-01-14,5.45,5.78,5.37,5.74,34762876.0,233430040.0,3300000000.0,0.010534204848484848
2016-01-15,5.69,5.75,5.38,5.44,33453614.0,222066151.0,3300000000.0,0.010137458787878788
2016-01-18,5.33,5.54,5.31,5.4,30155349.0,195646171.0,3300000000.0,0.009137984545454546
2016-01-19,5.4,5.95,5.38,5.95,58031620.0,401597208.0,3300000000.0,0.017585339393939393
2016-01-20,6.15,6.33,6.03,6.06,151530879.0,1119847870.0,3300000000.0,0.04591844818181818
2016-01-21,5.87,6.04,5.7,5.71,74060121.0,521797133.0,3300000000.0,0.022442460909090908
2016-01-22,5.81,5.99,5.7,5.89,58429819.0,408105008.0,3300000000.0,0.017706005757575756
2016-01-25,5.9,5.95,5.84,5.89,35475723.0,249765093.0,3300000000.0,0.010750219090909091
2016-01-26,5.8,5.85,5.3,5.38,44466177.0,296846332.0,3300000000.0,0.013474599090909091
2016-01-27,5.46,5.5,5.07,5.32,49131662.0,311428631.0,3300000000.0,0.014888382424242425
2016-01-28,5.28,5.32,4.97,5.04,36147386.0,222382016.0,3300000000.0,0.010953753333333333
2016-01-29,5.02,5.36,5.02,5.28,42080850.0,264644004.0,3300000000.0,0.012751772727272728
2016-02-01,5.27,5.28,5.02,5.11,29147839.0,179571380.0,3300000000.0,0.008832678484848484
2016-02-02,5.12,5.33,5.12,5.25,32500770.0,204316700.0,3300000000.0,0.009848718181818181
2016-02-03,5.19,5.31,5.12,5.24,37038814.0,230769226.0,3300000000.0,0.01122388303030303
2016-02-04,5.31,5.38,5.24,5.3,32869871.0,208261220.0,3300000000.0,0.009960566969696969
2016-02-05,5.33,5.39,5.28,5.29,31411089.0,200094991.0,3300000000.0,0.009518511818181818
2016-02-15,5.15,5.25,5.07,5.2,19306839.0,118802193.0,3300000000.0,0.005850557272727272
2016-02-16,5.25,5.43,5.19,5.38,41521581.0,265460721.0,3300000000.0,0.012582297272727272
2016-02-17,5.37,5.72,5.34,5.6,81599462.0,543973850.0,3300000000.0,0.024727109696969698
2016-02-18,5.6,5.65,5.5,5.53,51038763.0,338941768.0,3300000000.0,0.015466291818181818
2016-02-19,5.51,5.59,5.48,5.53,29844883.0,196973775.0,3300000000.0,0.00904390393939394
2016-02-22,5.62,5.73,5.56,5.69,55947485.0,377587626.0,3300000000.0,0.016953783333333333
2016-02-23,5.66,5.7,5.5,5.56,35946520.0,239517129.0,3300000000.0,0.010892884848484849
2016-02-24,5.53,5.69,5.45,5.63,42089366.0,280706330.0,3300000000.0,0.012754353333333333
2016-02-25,5.63,5.63,5.07,5.07,60135651.0,382980779.0,3300000000.0,0.018222924545454544
2016-02-26,5.16,5.2,5.04,5.12,34829935.0,213674715.0,3300000000.0,0.010554525757575758
2016-02-29,5.12,5.17,4.69,4.93,46706949.0,271724980.0,3300000000.0,0.014153620909090909
2016-03-01,4.97,5.08,4.88,5.04,31091003.0,185529332.0,3300000000.0,0.009421516060606061
2016-03-02,5.09,5.34,5.04,5.3,56918784.0,353823557.0,3300000000.0,0.017248116363636365
2016-03-03,5.28,5.35,5.24,5.28,48734501.0,308224861.0,3300000000.0,0.014768030606060606
2016-03-04,5.24,5.4,5.2,5.4,90200764.0,573302446.0,3300000000.0,0.02733356484848485
2016-03-07,5.47,5.53,5.37,5.42,40251298.0,261652886.0,3300000000.0,0.01219736303030303
2016-03-08,5.4,5.43,5.19,5.42,34674053.0,218954803.0,3300000000.0,0.010507288787878788
2016-03-09,5.32,5.43,5.22,5.42,32488521.0,206246179.0,3300000000.0,0.009845006363636364
2016-03-10,5.36,5.41,5.2,5.21,17879960.0,113328694.0,3300000000.0,0.005418169696969697
2016-03-11,5.2,5.29,5.16,5.28,19476781.0,121866822.0,3300000000.0,0.005902054848484849
2016-03-14,5.34,5.43,5.3,5.37,32715600.0,210431960.0,3300000000.0,0.009913818181818182
2016-03-15,5.37,5.42,5.26,5.39,32046475.0,204863936.0,3300000000.0,0.00971105303030303
2016-03-16,5.37,5.5,5.33,5.47,67246671.0,438319973.0,3300000000.0,0.02037777909090909
2016-03-17,5.5,5.55,5.43,5.5,45205391.0,296703892.0,3300000000.0,0.013698603333333333
2016-03-18,5.55,5.61,5.48,5.52,97552750.0,645099058.0,3300000000.0,0.029561439393939393
2016-03-21,5.54,5.92,5.53,5.7,120390416.0,821172485.0,3300000000.0,0.03648194424242424
2016-03-22,5.64,5.68,5.56,5.6,59461323.0,399175742.0,3300000000.0,0.018018582727272726
2016-03-23,5.57,5.63,5.5,5.56,36338399.0,240999928.0,3300000000.0,0.01101163606060606
2016-03-24,5.52,5.64,5.48,5.49,37650766.0,249456760.0,3300000000.0,0.01140932303030303
2016-03-25,5.48,5.53,5.44,5.5,23863574.0,156490286.0,3300000000.0,0.00723138606060606
2016-03-28,5.53,5.59,5.44,5.46,27826162.0,183612956.0,3300000000.0,0.008432170303030303
2016-03-29,5.48,5.48,5.24,5.28,42763451.0,272545978.0,3300000000.0,0.012958621515151515
2016-03-30,5.34,5.42,5.3,5.41,31561396.0,202626781.0,3300000000.0,0.009564059393939395
2016-03-31,5.44,5.48,5.39,5.41,38508628.0,249864204.0,3300000000.0,0.011669281212121211
2016-04-01,5.39,5.45,5.29,5.43,35172307.0,226285852.0,3300000000.0,0.010658274848484849
2016-04-05,5.4,5.92,5.39,5.64,122061947.0,830324296.0,3300000000.0,0.03698846878787879
2016-04-06,5.59,5.66,5.55,5.6,56827629.0,380528817.0,3300000000.0,0.017220493636363635
2016-04-07,5.64,5.69,5.54,5.55,50571462.0,339691987.0,3300000000.0,0.015324685454545454
2016-04-08,5.51,5.53,5.35,5.44,34096589.0,221860803.0,3300000000.0,0.010332299696969697
2016-04-11,5.49,5.66,5.49,5.55,35591956.0,237287031.0,3300000000.0,0.010785441212121213
2016-04-12,5.55,5.59,5.48,5.52,23794603.0,157171681.0,3300000000.0,0.007210485757575757
2016-04-13,5.56,5.7,5.56,5.59,63492909.0,427941841.0,3300000000.0,0.019240275454545454
2016-04-14,5.64,5.66,5.58,5.64,32698918.0,219321321.0,3300000000.0,0.00990876303030303
2016-04-15,5.63,5.66,5.55,5.59,27055759.0,181030485.0,3300000000.0,0.008198714848484848
2016-04-18,5.55,5.56,5.48,5.48,25148817.0,165199809.0,3300000000.0,0.007620853636363637
2016-04-19,5.53,5.56,5.47,5.49,17181989.0,112878498.0,3300000000.0,0.005206663333333333
2016-04-20,5.54,5.54,5.17,5.36,46457180.0,295883897.0,3300000000.0,0.014077933333333334
2016-04-21,5.28,5.36,5.23,5.25,22009684.0,139183169.0,3300000000.0,0.006669601212121212
2016-04-22,5.23,5.28,5.19,5.24,13873178.0,86640208.0,3300000000.0,0.004203993333333334
2016-04-25,5.25,5.25,5.15,5.19,11814212.0,73119644.0,3300000000.0,0.0035800642424242426
2016-04-26,5.22,5.32,5.2,5.27,16424902.0,103046902.0,3300000000.0,0.00497724303030303
2016-05-11,5.24,5.48,5.02,5.26,55027224.0,341806279.0,3300000000.0,0.016674916363636362
2016-05-12,5.12,5.19,4.97,5.08,28629925.0,174073221.0,3300000000.0,0.00867573484848485
2016-05-13,5.04,5.16,5.02,5.03,18251995.0,110652093.0,3300000000.0,0.005530907575757576
2016-05-16,5.02,5.07,4.99,5.05,19132055.0,114814710.0,9600000000.0,0.0019929223958333334
2016-05-17,5.05,5.07,5.0,5.02,14891774.0,89478400.0,9600000000.0,0.0015512264583333333
2016-05-18,5.02,5.02,4.84,4.93,24299827.0,142627946.0,9600000000.0,0.0025312319791666667
2016-05-19,4.92,4.97,4.9,4.91,10350381.0,60975460.0,9600000000.0,0.0010781646875
2016-05-20,4.89,4.93,4.84,4.92,14557575.0,85028362.0,9600000000.0,0.0015164140625
2016-05-23,4.94,4.97,4.89,4.92,16944136.0,99705543.0,9600000000.0,0.0017650141666666667
2016-05-24,4.92,4.93,4.85,4.86,11553520.0,67185381.0,9600000000.0,0.0012034916666666666
2016-05-25,4.89,4.91,4.84,4.85,12540935.0,72895649.0,9600000000.0,0.0013063473958333334
2016-05-26,4.83,4.88,4.76,4.82,14040644.0,80599261.0,9600000000.0,0.0014625670833333334
2016-05-27,4.82,4.86,4.79,4.85,15213452.0,87805701.0,9600000000.0,0.0015847345833333334
2016-05-30,4.84,4.93,4.8,4.89,18022114.0,105154260.0,9600000000.0,0.0018773035416666667
2016-05-31,4.86,5.04,4.86,5.03,38357044.0,228552183.0,9600000000.0,0.003995525416666667
2016-06-01,5.02,5.11,5.0,5.02,28358874.0,170828082.0,9600000000.0,0.002954049375
2016-06-02,5.01,5.02,4.96,4.99,18999318.0,113106261.0,9600000000.0,0.001979095625
2016-06-03,5.02,5.05,4.97,5.01,18632187.0,111243535.0,9600000000.0,0.0019408528125
2016-06-06,5.01,5.06,4.97,4.98,16479269.0,98224350.0,9600000000.0,0.0017165905208333333
2016-06-07,5.0,5.02,4.97,4.98,12993513.0,77403468.0,9600000000.0,0.0013534909375
2016-06-08,4.98,4.99,4.94,4.97,15705599.0,93133442.0,9600000000.0,0.0016359998958333333
2016-06-13,4.9,4.92,4.77,4.78,22231890.0,128973240.0,9600000000.0,0.002315821875
2016-06-14,4.77,4.81,4.74,4.78,13405770.0,76504390.0,9600000000.0,0.001396434375
2016-06-15,4.73,4.86,4.71,4.81,19497968.0,111954367.0,9600000000.0,0.0020310383333333334
2016-06-16,4.83,4.87,4.75,4.76,28243866.0,162343752.0,9600000000.0,0.002942069375
2016-06-17,4.76,4.81,4.72,4.75,48211764.0,274064096.0,9600000000.0,0.00502205875
2016-06-20,4.76,4.77,4.72,4.74,15708231.0,88863144.0,9600000000.0,0.0016362740625
2016-06-21,4.76,4.79,4.71,4.73,22740491.0,129233634.0,9600000000.0,0.0023688011458333335
2016-06-22,4.72,4.76,4.71,4.76,13938784.0,78854761.0,9600000000.0,0.0014519566666666667
2016-06-23,4.76,4.76,4.71,4.72,18026856.0,101721106.0,9600000000.0,0.0018777975
2016-06-24,4.72,4.77,4.52,4.64,31328612.0,174635213.0,9600000000.0,0.003263397083333333
2016-06-27,4.61,4.67,4.61,4.66,17292290.0,96103132.0,9600000000.0,0.0018012802083333334
2016-06-28,4.65,4.69,4.63,4.69,17725948.0,98706257.0,9600000000.0,0.0018464529166666666
2016-06-29,4.69,4.99,4.69,4.84,68449847.0,398247215.0,9600000000.0,0.007130192395833334
2016-06-30,4.85,4.86,4.76,4.78,30570972.0,174696973.0,9600000000.0,0.00318447625
2016-07-01,4.79,4.81,4.76,4.76,15522216.0,88423426.0,9600000000.0,0.0016168975
2016-07-04,4.76,4.91,4.76,4.86,37340820.0,216413688.0,9600000000.0,0.00388966875
2016-07-05,4.86,5.07,4.86,5.02,81694187.0,487374089.0,9600000000.0,0.008509811145833334
2016-07-06,4.98,4.98,4.9,4.94,40507626.0,238610474.0,9600000000.0,0.004219544375
2016-07-07,4.95,4.99,4.91,4.95,27090575.0,160102701.0,9600000000.0,0.002821934895833333
2016-07-08,4.93,4.96,4.9,4.91,19342459.0,113598989.0,9600000000.0,0.0020148394791666665
2016-07-11,4.93,4.97,4.9,4.92,26783628.0,157733063.0,9600000000.0,0.00278996125
2016-07-12,4.91,5.02,4.9,5.01,48050237.0,284671544.0,9600000000.0,0.005005233020833334
2016-07-13,5.02,5.17,5.0,5.06,68384698.0,415268546.0,9600000000.0,0.007123406041666666
2016-07-14,5.05,5.06,5.0,5.01,31949559.0,188922863.0,9600000000.0,0.0033280790625
2016-07-15,5.06,5.1,5.0,5.02,32742392.0,194638012.0,9600000000.0,0.003410665833333333
2016-07-18,5.02,5.04,4.96,4.98,26926408.0,158798725.0,9600000000.0,0.0028048341666666666
2016-07-19,4.98,5.01,4.96,5.0,16330162.0,95969094.0,9600000000.0,0.0017010585416666667
2016-07-20,4.98,5.04,4.98,5.0,18817405.0,111151698.0,9600000000.0,0.0019601463541666668
2016-07-21,5.0,5.04,5.0,5.0,19186262.0,113442347.0,9600000000.0,0.0019985689583333333
2016-07-22,5.0,5.0,4.92,4.94,21532077.0,125695240.0,9600000000.0,0.0022429246875
2016-07-25,4.93,4.96,4.91,4.94,11727199.0,68179563.0,9600000000.0,0.0012215832291666666
2016-07-26,4.92,4.98,4.92,4.97,15885889.0,92647607.0,9600000000.0,0.0016547801041666666
2016-07-27,4.98,5.02,4.72,4.92,42562247.0,245925038.0,9600000000.0,0.004433567395833333
2016-07-28,4.89,5.01,4.85,4.94,29241704.0,170259567.0,9600000000.0,0.0030460108333333334
2016-07-29,4.94,5.16,4.91,5.05,82677598.0,494393623.0,9600000000.0,0.008612249791666667
2016-08-01,5.0,5.02,4.86,4.9,49662966.0,288341952.0,9600000000.0,0.005173225625
2016-08-02,4.9,4.94,4.88,4.93,19861131.0,114959790.0,9600000000.0,0.0020688678125
2016-08-03,4.91,4.96,4.89,4.92,20323453.0,118001261.0,9600000000.0,0.0021170263541666666
2016-08-04,4.92,4.92,4.85,4.89,20555292.0,118285246.0,9600000000.0,0.00214117625
2016-08-05,4.89,4.91,4.85,4.86,17715613.0,101825979.0,9600000000.0,0.0018453763541666666
2016-08-08,4.85,4.94,4.83,4.93,20027330.0,115534309.0,9600000000.0,0.002086180208333333
2016-08-09,4.92,5.11,4.9,5.07,68212559.0,406061193.0,9600000000.0,0.007105474895833333
2016-08-10,5.06,5.12,5.02,5.06,36138869.0,215936158.0,9600000000.0,0.0037644655208333333
2016-08-11,5.03,5.07,4.98,4.99,28252872.0,167295977.0,9600000000.0,0.0029430075
2016-08-12,4.98,5.15,4.98,5.12,48132179.0,287577171.0,9600000000.0,0.005013768645833333
2016-08-15,5.17,5.33,5.17,5.29,116874894.0,726083038.0,9600000000.0,0.012174468125
2016-08-16,5.28,5.56,5.25,5.41,116882680.0,751503858.0,9600000000.0,0.012175279166666667
2016-08-17,5.36,5.5,5.26,5.39,73600989.0,466851258.0,9600000000.0,0.0076667696875
2016-08-18,5.45,5.56,5.34,5.39,64090451.0,411590902.0,9600000000.0,0.006676088645833333
2016-08-19,5.36,5.62,5.3,5.51,91355999.0,589664008.0,9600000000.0,0.009516249895833334
2016-08-22,5.51,5.54,5.32,5.33,60652407.0,387850934.0,9600000000.0,0.0063179590625
2016-08-23,5.33,5.42,5.28,5.33,30290326.0,190787551.0,9600000000.0,0.0031552422916666665
2016-08-24,5.33,5.4,5.31,5.33,19806219.0,124943442.0,9600000000.0,0.0020631478125
2016-08-25,5.28,5.29,5.18,5.23,26027780.0,160728451.0,9600000000.0,0.0027112270833333334
2016-08-26,5.26,5.33,5.24,5.26,20749118.0,129274963.0,9600000000.0,0.002161366458333333
2016-08-29,5.24,5.43,5.19,5.38,38233551.0,241597715.0,9600000000.0,0.0039826615625
2016-08-30,5.34,5.41,5.3,5.34,23410225.0,147325625.0,9600000000.0,0.002438565104166667
2016-08-31,5.34,5.36,5.3,5.33,15925402.0,99933639.0,9600000000.0,0.0016588960416666666
2016-09-01,5.32,5.38,5.22,5.22,33535166.0,209033342.0,9600000000.0,0.0034932464583333333
2016-09-02,5.22,5.31,5.2,5.3,28763757.0,178153237.0,9600000000.0,0.0029962246875
2016-09-05,5.32,5.34,5.24,5.25,22933730.0,143063657.0,9600000000.0,0.0023889302083333333
2016-09-06,5.26,5.31,5.18,5.31,25055266.0,154984014.0,9600000000.0,0.0026099235416666665
2016-09-07,5.32,5.46,5.3,5.37,55783050.0,355740516.0,9600000000.0,0.005810734375
2016-09-08,5.37,5.37,5.32,5.36,26505490.0,167038026.0,9600000000.0,0.0027609885416666666
2016-09-09,5.35,5.45,5.33,5.4,45064672.0,287224417.0,9600000000.0,0.004694236666666666
2016-09-12,5.37,5.47,5.27,5.46,60792229.0,384364300.0,9600000000.0,0.006332523854166667
2016-09-13,5.45,5.49,5.35,5.41,38330659.0,244326488.0,9600000000.0,0.003992776979166667
2016-09-14,5.36,5.4,5.3,5.32,26055529.0,164029551.0,9600000000.0,0.0027141176041666666
2016-09-19,5.32,5.38,5.29,5.33,19207245.0,120661646.0,9600000000.0,0.0020007546875
2016-09-20,5.31,5.37,5.3,5.31,16411327.0,102986415.0,9600000000.0,0.0017095132291666667
2016-09-21,5.32,5.33,5.27,5.28,17438413.0,108751688.0,9600000000.0,0.0018165013541666666
2016-09-22,5.31,5.33,5.28,5.28,17910438.0,111886841.0,9600000000.0,0.001865670625
2016-09-23,5.29,5.31,5.26,5.27,10927062.0,68066607.0,9600000000.0,0.001138235625
2016-09-26,5.26,5.26,5.12,5.13,19504101.0,119352093.0,9600000000.0,0.0020316771875
2016-09-27,5.12,5.17,5.07,5.13,19687917.0,118473086.0,9600000000.0,0.0020508246875
2016-09-28,5.14,5.14,5.07,5.08,11329988.0,68086820.0,9600000000.0,0.0011802070833333332
2016-09-29,5.09,5.15,5.06,5.07,15282948.0,91869819.0,9600000000.0,0.00159197375
2016-09-30,5.06,5.1,5.06,5.07,8936971.0,53540686.0,9600000000.0,0.0009309344791666666
2016-10-10,5.1,5.17,5.1,5.16,14731817.0,89250970.0,9600000000.0,0.0015345642708333334
2016-10-11,5.16,5.19,5.15,5.17,13568437.0,82697305.0,9600000000.0,0.0014133788541666667
2016-10-12,5.17,5.17,5.12,5.14,13490828.0,81750900.0,9600000000.0,0.0014052945833333333
2016-10-13,5.13,5.22,5.12,5.22,30519104.0,186276613.0,9600000000.0,0.0031790733333333333
2016-10-14,5.2,5.3,5.17,5.29,53478518.0,331562378.0,9600000000.0,0.005570678958333334
2016-10-17,5.29,5.35,5.22,5.23,40085418.0,249659787.0,9600000000.0,0.004175564375
2016-10-18,5.22,5.59,5.22,5.5,111645251.0,716136740.0,9600000000.0,0.011629713645833333
2016-10-19,5.5,5.59,5.44,5.46,68230265.0,443307397.0,9600000000.0,0.007107319270833333
2016-10-20,5.44,5.48,5.39,5.44,37166662.0,237868613.0,9600000000.0,0.0038715272916666666
2016-10-21,5.44,5.98,5.41,5.98,307558311.0,2130426810.0,9600000000.0,0.0320373240625
2016-10-24,5.97,6.35,5.94,6.21,336581016.0,2451852642.0,9600000000.0,0.0350605225
2016-10-25,6.15,6.17,6.0,6.12,196729092.0,1408669016.0,9600000000.0,0.02049261375
2016-10-26,6.04,6.26,6.01,6.06,174477341.0,1263092105.0,9600000000.0,0.018174723020833332
2016-10-27,6.0,6.06,5.88,5.98,110583322.0,776343837.0,9600000000.0,0.011519096041666666
2016-10-28,5.95,6.0,5.79,5.8,102526132.0,710559828.0,9600000000.0,0.010679805416666667
2016-10-31,5.78,5.84,5.71,5.76,76109965.0,516244197.0,9600000000.0,0.007928121354166666
2016-11-01,5.78,5.82,5.73,5.8,75263698.0,512412086.0,9600000000.0,0.007839968541666667
2016-11-02,5.78,5.78,5.61,5.64,86300371.0,578257216.0,9600000000.0,0.008989621979166666
2016-11-03,5.62,6.07,5.62,6.0,201492819.0,1399021235.0,9600000000.0,0.0209888353125
2016-11-04,5.94,6.14,5.86,5.95,138302808.0,973296150.0,9600000000.0,0.0144065425
2016-11-07,5.93,6.0,5.84,5.94,63994245.0,447119312.0,9600000000.0,0.0066660671875
2016-11-08,5.98,6.12,5.87,5.93,93623904.0,661567936.0,9600000000.0,0.00975249
2016-11-09,5.88,6.06,5.78,5.88,95742374.0,665940751.0,9600000000.0,0.009973163958333333
2016-11-10,5.95,6.19,5.95,6.03,123567616.0,885103692.0,9600000000.0,0.012871626666666667
2016-11-11,6.0,6.34,5.98,6.17,187404967.0,1370405720.0,9600000000.0,0.019521350729166668
2016-11-14,6.12,6.45,6.12,6.33,210260308.0,1562586445.0,9600000000.0,0.021902115416666666
2016-11-15,6.31,6.32,6.17,6.19,104172127.0,763512374.0,9600000000.0,0.010851263229166666
2016-11-16,6.2,6.23,6.07,6.13,66254824.0,478425861.0,9600000000.0,0.0069015441666666665
2016-11-17,6.11,6.56,6.07,6.4,142894563.0,1065664974.0,9600000000.0,0.0148848503125
2016-11-18,6.42,6.47,6.23,6.25,108640557.0,813545349.0,9600000000.0,0.0113167246875
2016-11-21,6.26,6.58,6.23,6.42,158837415.0,1205400217.0,9600000000.0,0.0165455640625
2016-11-22,6.37,6.57,6.33,6.45,145877042.0,1111328941.0,9600000000.0,0.015195525208333333
2016-11-23,6.45,6.52,6.33,6.35,90347299.0,682448327.0,9600000000.0,0.009411176979166666
2016-11-24,6.39,6.45,6.32,6.38,81835967.0,614523210.0,9600000000.0,0.008524579895833334
2016-11-25,6.37,6.48,6.17,6.45,115391443.0,860548610.0,9600000000.0,0.012019941979166667
2016-11-28,6.44,6.84,6.42,6.73,220507196.0,1733061254.0,9600000000.0,0.022969499583333334
2016-11-29,6.62,7.4,6.57,7.11,346137959.0,2857050159.0,9600000000.0,0.03605603739583333
2016-11-30,6.97,7.16,6.79,6.82,192377252.0,1565857113.0,9600000000.0,0.020039297083333334
2016-12-01,6.79,6.9,6.72,6.81,117680430.0,943713847.0,9600000000.0,0.012258378125
2016-12-02,6.79,7.01,6.73,6.94,156616441.0,1270195754.0,9600000000.0,0.016314212604166666
2016-12-05,6.72,6.76,6.24,6.28,215314268.0,1635709966.0,9600000000.0,0.022428569583333332
2016-12-06,6.21,6.37,6.19,6.24,93379800.0,690211050.0,9600000000.0,0.0097270625
2016-12-07,6.25,6.3,6.11,6.28,72001815.0,526840574.0,9600000000.0,0.0075001890625
2016-12-08,6.27,6.27,6.11,6.12,71872184.0,523933854.0,9600000000.0,0.007486685833333334
2016-12-09,6.12,6.34,6.07,6.27,137389356.0,1009745612.0,9600000000.0,0.01431139125
2016-12-12,6.21,6.22,5.89,6.07,121215132.0,864101925.0,9600000000.0,0.01262657625
2016-12-13,6.01,6.08,5.94,6.04,60272479.0,427696509.0,9600000000.0,0.006278383229166667
2016-12-14,6.01,6.03,5.79,5.83,82643084.0,573494441.0,9600000000.0,0.008608654583333333
2016-12-15,5.84,5.93,5.81,5.85,48962370.0,338561443.0,9600000000.0,0.005100246875
2016-12-16,5.83,5.93,5.8,5.89,48606932.0,336186309.0,9600000000.0,0.005063222083333333
2016-12-19,5.88,5.98,5.85,5.9,39330362.0,274654237.0,9600000000.0,0.004096912708333333
2016-12-20,5.9,5.97,5.82,5.9,37242986.0,258515555.0,9600000000.0,0.0038794777083333335
2016-12-21,5.93,6.12,5.9,6.08,94962193.0,674633006.0,9600000000.0,0.009891895104166666
2016-12-22,6.06,6.17,6.03,6.07,60184471.0,432390795.0,9600000000.0,0.006269215729166667
2016-12-23,6.04,6.12,6.0,6.05,47873518.0,342137782.0,9600000000.0,0.004986824791666667
2016-12-26,6.0,6.26,5.84,6.17,78219878.0,559419627.0,9600000000.0,0.008147903958333333
2016-12-27,6.15,6.28,6.14,6.16,75152175.0,550451428.0,9600000000.0,0.0078283515625
2016-12-28,6.15,6.16,6.02,6.06,44242293.0,316568028.0,9600000000.0,0.0046085721875
2016-12-29,6.06,6.27,6.0,6.22,80838684.0,587540073.0,9600000000.0,0.00842069625
2016-12-30,6.17,6.23,6.06,6.16,62155111.0,450668761.0,9600000000.0,0.0064744907291666666
2017-01-03,6.16,6.21,6.13,6.16,47384837.0,344420688.0,9600000000.0,0.004935920520833333
2017-01-04,6.16,6.23,6.13,6.2,62545005.0,456327211.0,9600000000.0,0.0065151046875
2017-01-05,6.17,6.2,6.09,6.12,56264123.0,406656945.0,9600000000.0,0.0058608461458333335
2017-01-06,6.09,6.14,6.02,6.05,49598154.0,356657012.0,9600000000.0,0.005166474375
2017-01-09,6.07,6.16,6.06,6.15,49331188.0,355021445.0,9600000000.0,0.005138665416666667
2017-01-10,6.14,6.14,6.02,6.03,43745322.0,313530430.0,9600000000.0,0.004556804375
2017-01-11,6.01,6.13,5.9,6.02,76554256.0,542795802.0,9600000000.0,0.007974401666666667
2017-01-12,5.98,6.07,5.96,5.97,46748434.0,331392111.0,9600000000.0,0.004869628541666666
2017-01-13,5.95,6.01,5.9,5.97,45395359.0,319122945.0,9600000000.0,0.0047286832291666666
2017-01-16,5.95,6.06,5.75,6.0,107562385.0,749967741.0,9600000000.0,0.011204415104166667
2017-01-17,5.99,6.0,5.89,5.95,24782696.0,173490997.0,9600000000.0,0.002581530833333333
2017-01-18,5.95,6.07,5.94,6.0,49030151.0,348538463.0,9600000000.0,0.005107307395833333
2017-01-19,5.98,6.05,5.95,5.97,29495128.0,208515862.0,9600000000.0,0.0030724091666666665
2017-01-20,5.95,6.03,5.95,6.01,24399482.0,172534895.0,9600000000.0,0.0025416127083333333
2017-01-23,6.01,6.06,6.0,6.02,32133666.0,228179584.0,9600000000.0,0.003347256875
2017-01-24,6.02,6.3,6.0,6.16,71634800.0,516877305.0,9600000000.0,0.0074619583333333335
2017-01-25,6.12,6.23,6.1,6.22,65672275.0,478793360.0,9600000000.0,0.006840861979166666
2017-01-26,6.23,6.24,6.11,6.15,56282698.0,408341446.0,9600000000.0,0.005862781041666667
2017-02-03,6.14,6.16,6.11,6.12,23619529.0,170706606.0,9600000000.0,0.0024603676041666665
2017-02-06,6.12,6.23,6.11,6.14,80443455.0,585152676.0,9600000000.0,0.0083795265625
2017-02-07,6.14,6.16,6.06,6.09,46107170.0,331191707.0,9600000000.0,0.004802830208333333
2017-02-08,6.08,6.1,6.0,6.08,46343544.0,330762846.0,9600000000.0,0.0048274525
2017-02-09,6.08,6.21,6.06,6.19,117069698.0,851430712.0,9600000000.0,0.012194760208333334
2017-02-10,6.22,6.5,6.19,6.36,213012854.0,1597848846.0,9600000000.0,0.022188838958333332
2017-02-13,6.39,6.56,6.33,6.39,121665756.0,920230988.0,9600000000.0,0.01267351625
2017-02-14,6.4,6.53,6.35,6.52,112224458.0,854022187.0,9600000000.0,0.011690047708333333
2017-02-15,6.5,6.5,6.36,6.38,85283099.0,646290177.0,9600000000.0,0.008883656145833333
2017-02-16,6.36,6.62,6.34,6.55,111635834.0,852690514.0,9600000000.0,0.011628732708333334
2017-02-17,6.57,6.57,6.38,6.4,89958205.0,684889818.0,9600000000.0,0.009370646354166666
2017-02-20,6.41,6.57,6.41,6.56,101652570.0,781291622.0,9600000000.0,0.010588809375
2017-02-21,6.59,6.61,6.5,6.56,64981645.0,501137998.0,9600000000.0,0.006768921354166666
2017-02-22,6.54,6.57,6.46,6.53,63248963.0,485595478.0,9600000000.0,0.006588433645833333
2017-02-23,6.52,6.56,6.4,6.45,68066439.0,518386952.0,9600000000.0,0.0070902540625
2017-02-24,6.43,6.45,6.35,6.45,51758495.0,390634362.0,9600000000.0,0.005391509895833333
2017-02-27,6.45,6.55,6.38,6.41,55794929.0,425093828.0,9600000000.0,0.005811971770833333
2017-02-28,6.42,6.46,6.36,6.45,48256706.0,364752318.0,9600000000.0,0.005026740208333333
2017-03-01,6.45,6.51,6.4,6.41,61148957.0,465174359.0,9600000000.0,0.0063696830208333334
2017-03-02,6.42,6.46,6.28,6.31,54352129.0,409274616.0,9600000000.0,0.005661680104166666
2017-03-03,6.29,6.31,6.2,6.29,66652358.0,491557917.0,9600000000.0,0.006942953958333334
2017-03-06,6.28,6.31,6.24,6.28,40244091.0,297732303.0,9600000000.0,0.0041920928125
2017-03-07,6.28,6.29,6.22,6.25,40404678.0,297575455.0,9600000000.0,0.004208820625
2017-03-08,6.25,6.34,6.24,6.27,42240650.0,313568960.0,9600000000.0,0.0044000677083333335
2017-03-09,6.26,6.26,6.17,6.23,38988020.0,285068286.0,9600000000.0,0.004061252083333334
2017-03-10,6.23,6.23,6.17,6.17,26642744.0,194300262.0,9600000000.0,0.0027752858333333335
2017-03-13,6.15,6.23,6.08,6.2,45028950.0,327104189.0,9600000000.0,0.004690515625
2017-03-14,6.18,6.23,6.17,6.2,29685843.0,217067575.0,9600000000.0,0.0030922753125
2017-03-15,6.2,6.25,6.13,6.2,36145378.0,263951582.0,9600000000.0,0.0037651435416666667
2017-03-16,6.24,6.29,6.22,6.26,44317395.0,326637827.0,9600000000.0,0.0046163953125
2017-03-17,6.29,6.31,6.21,6.23,42855609.0,316617831.0,9600000000.0,0.0044641259375
2017-03-20,6.22,6.35,6.22,6.32,51544855.0,382989670.0,9600000000.0,0.005369255729166667
2017-03-21,6.32,6.5,6.29,6.44,102547855.0,777639706.0,9600000000.0,0.010682068229166666
2017-03-22,6.42,6.62,6.39,6.5,135453256.0,1042373214.0,9600000000.0,0.014109714166666667
2017-03-23,6.48,6.51,6.35,6.48,79466421.0,603618018.0,9600000000.0,0.0082777521875
2017-03-24,6.47,6.91,6.4,6.77,195228932.0,1532871089.0,9600000000.0,0.020336347083333334
2017-03-27,6.7,6.84,6.64,6.66,141255198.0,1121161266.0,9600000000.0,0.014714083125
2017-03-28,6.65,6.76,6.62,6.63,91793375.0,723577186.0,9600000000.0,0.009561809895833334
2017-03-29,6.64,6.78,6.61,6.64,104962175.0,828707588.0,9600000000.0,0.010933559895833334
2017-03-30,6.62,6.84,6.59,6.63,135625024.0,1069895344.0,9600000000.0,0.014127606666666667
2017-03-31,6.62,6.66,6.47,6.51,85099396.0,654346685.0,9600000000.0,0.008864520416666667
2017-04-05,6.67,7.08,6.63,7.01,258274055.0,2086917025.0,9600000000.0,0.026903547395833335
2017-04-06,7.0,7.23,6.92,7.12,207206388.0,1727071548.0,9600000000.0,0.02158399875
2017-04-07,7.09,7.12,6.94,7.01,107339301.0,889967975.0,9600000000.0,0.0111811771875
2017-04-10,7.05,7.17,6.92,6.96,128697390.0,1066371914.0,9600000000.0,0.013405978125
2017-04-11,6.96,7.18,6.89,7.11,160018410.0,1325145566.0,9600000000.0,0.016668584375
2017-04-12,7.07,7.07,6.9,6.95,82516540.0,678422922.0,9600000000.0,0.008595472916666666
2017-04-13,6.93,7.12,6.88,6.98,93241380.0,765032494.0,9600000000.0,0.00971264375
2017-04-14,6.98,7.21,6.95,7.01,157981943.0,1320689954.0,9600000000.0,0.016456452395833335
2017-04-17,7.03,7.25,6.98,7.23,195523691.0,1649173285.0,9600000000.0,0.020367051145833332
2017-04-18,7.23,7.34,7.1,7.14,168491781.0,1431120724.0,9600000000.0,0.0175512271875
2017-04-19,7.12,7.21,6.88,7.03,159019306.0,1321075479.0,9600000000.0,0.016564511041666667
2017-04-20,6.98,7.29,6.95,7.26,153333697.0,1291042598.0,9600000000.0,0.015972260104166667
2017-04-21,7.34,7.4,7.12,7.26,148826400.0,1273660207.0,9600000000.0,0.01550275
2017-04-24,7.18,7.19,6.62,6.86,172700798.0,1402312528.0,9600000000.0,0.017989666458333334
2017-04-25,6.8,6.86,6.64,6.77,72334606.0,576415202.0,9600000000.0,0.007534854791666667
2017-04-26,6.77,6.82,6.71,6.82,55589199.0,443748021.0,9600000000.0,0.0057905415625
2017-04-27,6.76,7.0,6.62,6.95,111012736.0,894719580.0,9600000000.0,0.011563826666666667
2017-04-28,6.88,7.07,6.88,7.06,86804116.0,715644363.0,9600000000.0,0.009042095416666666
2017-05-02,7.11,7.27,7.05,7.14,99632723.0,840882640.0,9600000000.0,0.010378408645833333
2017-05-03,7.08,7.18,6.88,6.94,105127548.0,870038010.0,9600000000.0,0.01095078625
2017-05-04,6.9,7.63,6.83,7.37,253958206.0,2187649462.0,9600000000.0,0.026453979791666665
2017-05-05,7.29,7.51,7.26,7.42,221819514.0,1937530110.0,9600000000.0,0.023106199375
2017-05-08,7.38,7.51,7.01,7.32,243073007.0,2078879418.0,9600000000.0,0.025320104895833334
2017-05-09,7.19,7.28,7.03,7.18,98834528.0,832777791.0,9600000000.0,0.010295263333333334
2017-05-10,7.19,7.28,6.79,6.82,142413265.0,1182195432.0,9600000000.0,0.014834715104166667
2017-05-11,6.66,7.06,6.63,7.0,128066043.0,1034082032.0,9600000000.0,0.0133402128125
2017-05-12,6.95,7.01,6.83,6.86,88616595.0,721733457.0,9600000000.0,0.0092308953125
2017-05-15,6.93,6.98,6.73,6.77,86006043.0,691215416.0,9600000000.0,0.0089589628125
2017-05-16,6.73,6.75,6.49,6.74,92487824.0,722173597.0,9600000000.0,0.009634148333333334
2017-05-17,6.72,6.87,6.68,6.81,67414913.0,541091645.0,9600000000.0,0.007022386770833333
2017-05-18,6.74,6.8,6.59,6.64,70070666.0,551150947.0,9600000000.0,0.007299027708333333
2017-05-19,6.63,6.68,6.5,6.57,60638012.0,469607697.0,9600000000.0,0.006316459583333333
2017-05-22,6.56,6.57,6.24,6.4,91209062.0,686147686.0,9600000000.0,0.009500943958333334
2017-05-23,6.34,6.5,6.24,6.49,71388706.0,537237901.0,9600000000.0,0.007436323541666666
2017-05-24,6.41,6.49,6.34,6.49,35938422.0,272162480.0,9600000000.0,0.003743585625
2017-05-25,6.45,6.59,6.38,6.52,53903494.0,413984318.0,9600000000.0,0.005614947291666667
2017-05-26,6.51,6.81,6.49,6.67,79114332.0,620682116.0,9600000000.0,0.00824107625
2017-05-31,6.71,6.77,6.62,6.73,67800714.0,534606076.0,9600000000.0,0.007062574375
2017-06-01,6.7,6.8,6.64,6.79,74771663.0,595763293.0,9600000000.0,0.007788714895833333
2017-06-02,6.75,6.79,6.66,6.74,39474667.0,313477264.0,9600000000.0,0.004111944479166667
2017-06-05,6.75,6.77,6.67,6.69,27776943.0,219895819.0,9600000000.0,0.0028934315625
2017-06-06,6.67,6.73,6.65,6.72,24568369.0,193757226.0,9600000000.0,0.0025592051041666668
2017-06-07,6.73,6.8,6.7,6.8,38379350.0,306329806.0,9600000000.0,0.003997848958333334
2017-06-08,6.8,6.8,6.73,6.73,26877956.0,214040234.0,9600000000.0,0.0027997870833333335
2017-06-09,6.69,6.93,6.69,6.88,80778768.0,654249439.0,9600000000.0,0.008414455
2017-06-12,6.88,6.9,6.81,6.86,39363558.0,317971918.0,9600000000.0,0.004100370625
2017-06-13,6.84,6.91,6.79,6.85,29226657.0,235817002.0,9600000000.0,0.0030444434375
2017-06-14,6.84,6.84,6.68,6.72,45703002.0,363082432.0,9600000000.0,0.004760729375
2017-06-15,6.72,6.76,6.7,6.71,25985365.0,205899831.0,9600000000.0,0.002706808854166667
2017-06-16,6.71,6.73,6.57,6.6,34875876.0,273050795.0,9600000000.0,0.00363290375
2017-06-19,6.59,6.68,6.59,6.64,22214159.0,173929121.0,9600000000.0,0.002313974895833333
2017-06-20,6.65,6.68,6.59,6.6,25581228.0,199638340.0,9600000000.0,0.00266471125
2017-06-21,6.65,6.72,6.62,6.69,33911558.0,266827822.0,9600000000.0,0.0035324539583333333
2017-06-22,6.69,6.81,6.66,6.73,57090407.0,453696538.0,9600000000.0,0.0059469173958333335
2017-06-23,6.72,6.79,6.65,6.78,45707658.0,362433006.0,9600000000.0,0.004761214375
2017-06-26,6.74,6.84,6.73,6.79,42398382.0,339592351.0,9600000000.0,0.004416498125
2017-06-27,6.79,6.83,6.74,6.81,37499237.0,300141147.0,9600000000.0,0.0039061705208333335
2017-06-28,6.79,6.84,6.72,6.73,37636332.0,300367704.0,9600000000.0,0.00392045125
2017-06-29,6.73,6.76,6.71,6.73,22085473.0,175205622.0,9600000000.0,0.0023005701041666667
2017-06-30,6.7,6.76,6.63,6.72,33329600.0,263281994.0,9600000000.0,0.0034718333333333333
2017-07-03,6.7,6.74,6.68,6.71,21388015.0,169235407.0,9600000000.0,0.0022279182291666667
2017-07-04,6.72,6.74,6.64,6.73,34003979.0,268565479.0,9600000000.0,0.003542081145833333
2017-07-05,6.71,6.73,6.68,6.73,21388092.0,169009491.0,9600000000.0,0.00222792625
2017-07-06,6.72,6.74,6.67,6.71,25644874.0,202723229.0,9600000000.0,0.0026713410416666665
2017-07-07,6.7,6.73,6.66,6.7,24290242.0,191760696.0,9600000000.0,0.0025302335416666666
2017-07-10,6.7,6.81,6.67,6.79,46729320.0,372285072.0,9600000000.0,0.0048676375
2017-07-11,6.78,6.83,6.75,6.77,32733091.0,262028007.0,9600000000.0,0.003409696979166667
2017-07-12,6.76,6.93,6.74,6.91,79359805.0,643843422.0,9600000000.0,0.008266646354166667
2017-07-13,6.92,7.06,6.88,6.99,79087049.0,651655721.0,9600000000.0,0.008238234270833334
2017-07-14,7.02,7.04,6.95,7.01,42465215.0,346688792.0,9600000000.0,0.004423459895833333
2017-07-17,6.98,7.07,6.68,6.92,70651519.0,569244846.0,9600000000.0,0.007359533229166666
2017-07-18,6.89,7.11,6.86,7.11,85261930.0,698028325.0,9600000000.0,0.008881451041666667
2017-07-19,7.08,7.2,7.04,7.1,115133232.0,955354426.0,9600000000.0,0.011993045
2017-07-20,7.1,7.2,7.08,7.16,72117952.0,602423036.0,9600000000.0,0.007512286666666666
2017-07-21,7.15,7.24,7.09,7.11,60504033.0,506059232.0,9600000000.0,0.0063025034375
2017-07-24,7.09,7.13,6.98,7.0,64974341.0,534953751.0,9600000000.0,0.0067681605208333336
2017-07-25,6.98,7.02,6.92,6.97,41201018.0,334497552.0,9600000000.0,0.004291772708333333
2017-07-26,6.97,7.1,6.91,7.08,49350098.0,403648324.0,9600000000.0,0.005140635208333333
2017-07-27,7.08,7.08,6.91,6.98,52213135.0,424476263.0,9600000000.0,0.005438868229166667
2017-07-28,6.95,7.0,6.94,6.95,23566031.0,191592840.0,9600000000.0,0.0024547948958333335
2017-07-31,6.95,7.02,6.92,6.95,44761232.0,363397020.0,9600000000.0,0.004662628333333333
2017-08-01,6.94,7.01,6.92,7.01,48004801.0,391006672.0,9600000000.0,0.005000500104166666
2017-08-02,6.99,7.04,6.86,6.87,61133519.0,495885841.0,9600000000.0,0.006368074895833333
2017-08-03,6.86,6.92,6.77,6.81,39255337.0,313423854.0,9600000000.0,0.004089097604166667
2017-08-04,6.81,6.85,6.77,6.78,27904059.0,221546081.0,9600000000.0,0.0029066728125
2017-08-07,6.78,6.8,6.74,6.8,19851101.0,156857548.0,9600000000.0,0.002067823020833333
2017-08-08,6.8,6.89,6.79,6.84,30036640.0,239935039.0,9600000000.0,0.0031288166666666667
2017-08-09,6.86,6.86,6.77,6.78,23717292.0,188185414.0,9600000000.0,0.00247055125
2017-08-10,6.76,6.9,6.71,6.86,38631970.0,306273681.0,9600000000.0,0.004024163541666666
2017-08-11,6.81,6.86,6.73,6.84,44740044.0,355403110.0,9600000000.0,0.00466042125
2017-08-14,6.83,6.95,6.79,6.92,41379615.0,332475924.0,9600000000.0,0.0043103765625
2017-08-15,6.91,6.96,6.87,6.89,17002734.0,136964362.0,9600000000.0,0.001771118125
2017-08-16,6.88,6.9,6.8,6.82,18381707.0,146441298.0,9600000000.0,0.0019147611458333333
2017-08-17,6.81,7.09,6.8,7.08,93365637.0,761608103.0,9600000000.0,0.0097255871875
2017-08-18,7.03,7.15,7.01,7.04,85986697.0,710966437.0,9600000000.0,0.008956947604166666
2017-08-21,7.1,7.1,6.98,7.03,41346618.0,338515585.0,9600000000.0,0.004306939375
2017-08-22,7.02,7.04,6.95,7.0,33723447.0,275365373.0,9600000000.0,0.0035128590625
2017-08-23,7.0,7.03,6.93,6.93,28449463.0,231402227.0,9600000000.0,0.002963485729166667
2017-08-24,6.92,6.96,6.86,6.87,22133856.0,178407880.0,9600000000.0,0.00230561
2017-08-25,6.86,7.2,6.86,7.09,65895566.0,540109883.0,9600000000.0,0.006864121458333333
2017-08-28,7.07,7.18,7.05,7.1,90621268.0,752444000.0,9600000000.0,0.009439715416666666
2017-08-29,7.14,7.16,7.05,7.09,32348906.0,268263094.0,9600000000.0,0.003369677708333333
2017-08-30,7.1,7.12,7.04,7.08,46434844.0,383752107.0,9600000000.0,0.004836962916666666
2017-08-31,7.08,7.12,6.97,7.02,36374429.0,297793694.0,9600000000.0,0.0037890030208333333
2017-09-01,7.01,7.03,6.91,6.96,47848135.0,388884807.0,9600000000.0,0.004984180729166667
2017-09-04,6.97,7.0,6.93,6.98,31742912.0,258047167.0,9600000000.0,0.0033065533333333334
2017-09-05,6.98,7.0,6.92,6.93,23444062.0,190237272.0,9600000000.0,0.002442089791666667
2017-09-06,6.92,7.63,6.9,7.17,278820734.0,2363829853.0,9600000000.0,0.029043826458333335
2017-09-07,7.14,7.19,7.04,7.06,87031936.0,722861700.0,9600000000.0,0.009065826666666667
2017-09-08,7.04,7.1,6.98,7.0,47550839.0,389855759.0,9600000000.0,0.004953212395833333
2017-09-11,7.0,7.08,6.98,7.0,44833813.0,367375896.0,9600000000.0,0.004670188854166667
2017-09-12,7.02,7.04,6.95,6.99,51562743.0,420385635.0,9600000000.0,0.0053711190625
2017-09-13,6.97,7.04,6.95,6.99,45315718.0,369535570.0,9600000000.0,0.004720387291666667
2017-09-14,6.99,7.02,6.94,6.97,37307508.0,303762607.0,9600000000.0,0.00388619875
2017-09-15,6.98,7.07,6.97,7.0,48880629.0,400510992.0,9600000000.0,0.0050917321875
2017-09-18,7.03,7.1,6.98,7.0,41790459.0,342922013.0,9600000000.0,0.0043531728125
2017-09-19,7.0,7.05,6.97,6.99,31267149.0,255570470.0,9600000000.0,0.0032569946875
2017-09-20,6.99,6.99,6.92,6.96,34693978.0,281409564.0,9600000000.0,0.003613956041666667
2017-09-21,6.98,7.04,6.94,6.96,34643901.0,282124047.0,9600000000.0,0.0036087396875
2017-09-22,6.94,7.0,6.86,6.97,56302582.0,454637353.0,9600000000.0,0.005864852291666667
2017-09-25,6.94,7.02,6.88,6.99,42882427.0,348561792.0,9600000000.0,0.004466919479166667
2017-09-26,6.97,7.04,6.97,6.99,23926310.0,195625788.0,9600000000.0,0.0024923239583333335
2017-09-27,6.99,7.02,6.94,6.95,14833783.0,120600672.0,9600000000.0,0.0015451857291666666
2017-09-28,6.95,6.98,6.88,6.93,23315100.0,188367055.0,9600000000.0,0.00242865625
2017-09-29,6.92,6.94,6.86,6.88,20635695.0,166146128.0,9600000000.0,0.0021495515625
2017-10-09,6.92,6.96,6.86,6.86,34502779.0,278030693.0,9600000000.0,0.0035940394791666667
2017-10-10,6.88,6.9,6.86,6.89,15305420.0,122867282.0,9600000000.0,0.0015943145833333333
2017-10-11,6.89,6.92,6.86,6.87,19766961.0,158681292.0,9600000000.0,0.0020590584375
2017-10-12,6.86,6.88,6.78,6.8,27929929.0,222249742.0,9600000000.0,0.0029093676041666667
2017-10-13,6.79,6.81,6.75,6.79,20723698.0,163934322.0,9600000000.0,0.002158718541666667
2017-10-16,6.78,6.84,6.77,6.79,20186740.0,160302475.0,9600000000.0,0.0021027854166666667
2017-10-17,6.78,6.79,6.73,6.74,17404483.0,137149669.0,9600000000.0,0.0018129669791666666
2017-10-18,6.75,6.83,6.73,6.81,28799443.0,228073983.0,9600000000.0,0.0029999419791666665
2017-10-19,6.8,6.86,6.74,6.85,32728876.0,259846646.0,9600000000.0,0.003409257916666667
2017-10-20,6.82,6.84,6.79,6.8,11993750.0,95231112.0,9600000000.0,0.0012493489583333334
2017-10-23,6.79,6.8,6.74,6.75,16136747.0,127138731.0,9600000000.0,0.0016809111458333333
2017-10-24,6.76,6.87,6.75,6.86,40017569.0,319091268.0,9600000000.0,0.004168496770833334
2017-10-25,6.85,6.86,6.81,6.84,15313300.0,122276342.0,9600000000.0,0.0015951354166666666
2017-10-26,6.84,6.98,6.81,6.92,57929975.0,467923758.0,9600000000.0,0.006034372395833334
2017-10-27,6.9,6.91,6.8,6.82,26626932.0,212900737.0,9600000000.0,0.00277363875
2017-10-30,6.83,6.83,6.65,6.8,42780857.0,336311165.0,9600000000.0,0.004456339270833333
2017-10-31,6.74,6.78,6.68,6.7,21089846.0,165272808.0,9600000000.0,0.002196858958333333
2017-11-01,6.69,6.8,6.68,6.74,38249267.0,300912971.0,9600000000.0,0.003984298645833334
2017-11-02,6.7,6.74,6.67,6.73,33941066.0,265799419.0,9600000000.0,0.0035355277083333335
2017-11-03,6.69,6.72,6.49,6.68,50896649.0,392808644.0,9600000000.0,0.005301734270833333
2017-11-06,6.62,6.66,6.5,6.53,32169616.0,245378872.0,9600000000.0,0.0033510016666666665
2017-11-07,6.55,6.58,6.52,6.55,18921015.0,144547167.0,9600000000.0,0.0019709390625
2017-11-08,6.55,6.58,6.51,6.56,20674271.0,157884274.0,9600000000.0,0.0021535698958333334
2017-11-09,6.56,6.56,6.5,6.53,21126938.0,160953674.0,9600000000.0,0.0022007227083333334
2017-11-10,6.54,6.54,6.4,6.4,31435446.0,236369451.0,9600000000.0,0.003274525625
2017-11-13,6.39,6.44,6.3,6.3,30331000.0,224610850.0,9600000000.0,0.0031594791666666668
2017-11-14,6.32,6.35,6.24,6.26,31387126.0,230436269.0,9600000000.0,0.0032694922916666667
2017-11-15,6.26,6.3,6.23,6.26,24416637.0,178319847.0,9600000000.0,0.0025433996875
2017-11-16,6.23,6.26,6.16,6.16,21782578.0,157814763.0,9600000000.0,0.0022690185416666666
2017-11-17,6.16,6.36,6.02,6.33,69143468.0,501737139.0,9600000000.0,0.007202444583333334
2017-11-20,6.28,6.37,6.25,6.31,22370193.0,164500176.0,9600000000.0,0.0023302284375
2017-11-21,6.32,6.38,6.26,6.33,23384125.0,173069929.0,9600000000.0,0.0024358463541666667
2017-11-22,6.32,6.43,6.29,6.38,35240055.0,262165878.0,9600000000.0,0.0036708390625
2017-11-23,6.36,6.4,6.14,6.24,33001198.0,242220151.0,9600000000.0,0.0034376247916666665
2017-11-24,6.18,6.26,6.18,6.24,16873369.0,122791935.0,9600000000.0,0.0017576426041666666
2017-11-27,6.32,6.4,6.27,6.28,19515793.0,144196601.0,9600000000.0,0.0020328951041666665
2017-11-28,6.3,6.31,6.21,6.26,11048000.0,80529562.0,9600000000.0,0.0011508333333333334
2017-11-29,6.27,6.28,6.15,6.21,18409708.0,133181438.0,9600000000.0,0.0019176779166666666
2017-11-30,6.21,6.32,6.18,6.23,18511790.0,135251875.0,9600000000.0,0.0019283114583333334
2017-12-01,6.22,6.34,6.2,6.31,21074434.0,154907327.0,9600000000.0,0.0021952535416666667
2017-12-04,6.28,6.36,6.26,6.34,16420231.0,121288294.0,9600000000.0,0.0017104407291666666
2017-12-05,6.34,6.53,6.34,6.5,65189627.0,491173079.0,9600000000.0,0.006790586145833334
2017-12-06,6.45,6.5,6.41,6.44,22729434.0,171435672.0,9600000000.0,0.002367649375
2017-12-07,6.44,6.5,6.42,6.45,17346209.0,130924773.0,9600000000.0,0.0018068967708333333
2017-12-08,6.46,6.47,6.4,6.44,18990948.0,142561298.0,9600000000.0,0.00197822375
2017-12-11,6.45,6.48,6.41,6.44,13798926.0,103672617.0,9600000000.0,0.001437388125
2017-12-12,6.44,6.47,6.4,6.42,12166473.0,91441774.0,9600000000.0,0.0012673409375
2017-12-13,6.41,6.45,6.39,6.43,7680314.0,57616571.0,9600000000.0,0.0008000327083333333
2017-12-14,6.41,6.43,6.32,6.35,12112315.0,90040900.0,9600000000.0,0.0012616994791666667
2017-12-15,6.35,6.39,6.28,6.32,11291431.0,83382090.0,9600000000.0,0.0011761907291666666
2017-12-18,6.31,6.36,6.19,6.33,13266974.0,97224989.0,9600000000.0,0.0013819764583333333
2017-12-19,6.32,6.33,6.29,6.29,7822997.0,57513754.0,9600000000.0,0.0008148955208333333
2017-12-20,6.31,6.32,6.23,6.31,14798386.0,108313311.0,9600000000.0,0.0015414985416666667
2017-12-21,6.28,6.3,6.22,6.25,7917855.0,57845952.0,9600000000.0,0.0008247765625
2017-12-22,6.23,6.26,6.21,6.22,6947352.0,50573220.0,9600000000.0,0.0007236825
2017-12-25,6.2,6.31,6.2,6.28,14063321.0,102957378.0,9600000000.0,0.0014649292708333334
2017-12-26,6.26,6.29,6.23,6.26,9000878.0,65608325.0,9600000000.0,0.0009375914583333333
2017-12-27,6.24,6.26,6.18,6.22,13053638.0,94533346.0,9600000000.0,0.0013597539583333333
2017-12-28,6.2,6.21,6.17,6.19,7745410.0,55939849.0,9600000000.0,0.0008068135416666667
2017-12-29,6.18,6.21,6.17,6.19,5687964.0,41058470.0,9600000000.0,0.00059249625
2018-01-02,6.19,6.34,6.19,6.3,16982791.0,124601866.0,9600000000.0,0.0017690407291666667
2018-01-03,6.32,6.38,6.29,6.34,17717166.0,131363782.0,9600000000.0,0.001845538125
2018-01-04,6.34,6.41,6.33,6.38,15704837.0,116763456.0,9600000000.0,0.0016359205208333334
2018-01-05,6.38,6.47,6.37,6.41,20561610.0,154263317.0,9600000000.0,0.002141834375
2018-01-08,6.39,6.5,6.38,6.46,20187779.0,151990023.0,9600000000.0,0.002102893645833333
2018-01-09,6.45,6.49,6.39,6.44,14252552.0,106947330.0,9600000000.0,0.0014846408333333333
2018-01-10,6.42,6.46,6.36,6.38,15264752.0,114125761.0,9600000000.0,0.0015900783333333334
2018-01-11,6.38,6.53,6.38,6.49,22926150.0,173159533.0,9600000000.0,0.002388140625
2018-01-12,6.5,6.5,6.43,6.44,8302918.0,62593102.0,9600000000.0,0.0008648872916666667
2018-01-15,6.46,6.47,6.3,6.32,22542282.0,167321388.0,9600000000.0,0.002348154375
2018-01-16,6.32,6.35,6.3,6.35,10507879.0,77580789.0,9600000000.0,0.0010945707291666667
2018-01-17,6.35,6.55,6.35,6.53,35235900.0,266373544.0,9600000000.0,0.00367040625
2018-01-18,6.5,6.73,6.47,6.68,65683336.0,509243645.0,9600000000.0,0.006842014166666667
2018-01-19,6.62,6.64,6.54,6.6,36454887.0,280156456.0,9600000000.0,0.0037973840625
2018-01-22,6.59,6.66,6.53,6.58,22488731.0,172329948.0,9600000000.0,0.0023425761458333336
2018-01-23,6.56,6.62,6.52,6.6,25488802.0,195355969.0,9600000000.0,0.0026550835416666667
2018-01-24,6.57,6.68,6.55,6.61,28876561.0,222680843.0,9600000000.0,0.0030079751041666666
2018-01-25,6.57,6.64,6.52,6.54,31492619.0,241143058.0,9600000000.0,0.0032804811458333333
2018-01-26,6.54,6.6,6.52,6.56,26262362.0,201208072.0,9600000000.0,0.002735662708333333
2018-01-29,6.56,6.62,6.48,6.49,27926711.0,213375542.0,9600000000.0,0.0029090323958333333
2018-01-30,6.44,6.48,6.39,6.39,17941804.0,134655457.0,9600000000.0,0.0018689379166666666
2018-01-31,6.4,6.41,6.25,6.28,19738848.0,145317032.0,9600000000.0,0.00205613
2018-02-01,6.29,6.38,6.1,6.38,38988385.0,285338717.0,9600000000.0,0.004061290104166667
2018-02-02,6.33,6.33,6.23,6.3,13222546.0,96972436.0,9600000000.0,0.0013773485416666666
2018-02-05,6.26,6.31,6.24,6.29,20148398.0,147715996.0,9600000000.0,0.002098791458333333
2018-02-06,6.0,6.3,5.96,6.29,48757022.0,355164115.0,9600000000.0,0.005078856458333334
2018-02-07,6.27,6.31,6.15,6.28,25230132.0,184102819.0,9600000000.0,0.00262813875
2018-02-08,6.26,6.3,6.04,6.22,18957817.0,137066504.0,9600000000.0,0.001974772604166667
2018-02-09,6.15,6.21,5.67,6.2,38132081.0,266624570.0,9600000000.0,0.0039720917708333334
2018-02-12,6.14,6.15,6.05,6.12,10805287.0,77141500.0,9600000000.0,0.0011255507291666666
2018-02-13,6.14,6.17,6.09,6.1,7880500.0,56446481.0,9600000000.0,0.0008208854166666667
2018-02-14,6.1,6.16,6.07,6.08,6032600.0,43002826.0,9600000000.0,0.0006283958333333333
2018-02-22,6.12,6.14,6.1,6.14,6103364.0,43653151.0,9600000000.0,0.0006357670833333334
2018-02-23,6.15,6.23,6.14,6.21,9848221.0,71198314.0,9600000000.0,0.0010258563541666666
2018-02-26,6.23,6.37,6.2,6.33,17124410.0,125881561.0,9600000000.0,0.0017837927083333334
2018-02-27,6.32,6.35,6.26,6.33,11080343.0,81709142.0,9600000000.0,0.0011542023958333333
2018-02-28,6.31,6.34,6.28,6.29,7537549.0,55429479.0,9600000000.0,0.0007851613541666666
2018-03-01,6.26,6.28,6.14,6.17,17300637.0,125207864.0,9600000000.0,0.0018021496875
2018-03-02,6.14,6.21,6.13,6.17,6447200.0,46369068.0,9600000000.0,0.0006715833333333334
2018-03-05,6.16,6.2,6.14,6.18,7389484.0,53265476.0,9600000000.0,0.0007697379166666667
2018-03-06,6.2,6.21,6.16,6.21,6364725.0,45969595.0,9600000000.0,0.0006629921875
2018-03-07,6.21,6.23,6.13,6.2,8796317.0,63451408.0,9600000000.0,0.0009162830208333334
2018-03-08,6.17,6.19,6.14,6.18,6348092.0,45648450.0,9600000000.0,0.0006612595833333333
2018-03-09,6.17,6.19,6.14,6.17,9086553.0,65305224.0,9600000000.0,0.0009465159375
2018-03-12,6.16,6.18,6.14,6.16,15783588.0,113283654.0,9600000000.0,0.00164412375
2018-03-13,6.15,6.16,6.08,6.14,15249310.0,109101105.0,9600000000.0,0.0015884697916666666
2018-03-14,6.11,6.14,6.08,6.09,6531471.0,46504540.0,9600000000.0,0.0006803615625
2018-03-15,6.08,6.1,6.06,6.08,7878608.0,55859591.0,9600000000.0,0.0008206883333333333
2018-03-16,6.07,6.1,6.04,6.08,8851947.0,62681990.0,9600000000.0,0.0009220778125
2018-03-19,6.07,6.09,6.03,6.06,10490430.0,74173887.0,9600000000.0,0.001092753125
2018-03-20,6.05,6.09,6.01,6.05,9796258.0,69110702.0,9600000000.0,0.0010204435416666666
2018-03-21,6.05,6.08,6.02,6.05,9336555.0,65877297.0,9600000000.0,0.0009725578125
2018-03-22,6.04,6.06,5.96,5.99,12915333.0,90531882.0,9600000000.0,0.0013453471875
2018-03-23,5.93,5.93,5.73,5.75,18349912.0,124385402.0,9600000000.0,0.0019114491666666668
2018-03-26,5.7,5.79,5.59,5.75,11839295.0,78568535.0,9600000000.0,0.0012332598958333333
2018-03-27,5.78,5.83,5.75,5.77,8203659.0,55400086.0,9600000000.0,0.0008545478125
2018-03-28,5.77,5.77,5.68,5.69,6193997.0,41336679.0,9600000000.0,0.0006452080208333333
2018-03-29,5.68,5.75,5.67,5.75,7520086.0,50167928.0,9600000000.0,0.0007833422916666666
2018-03-30,5.75,5.78,5.73,5.75,5870307.0,39406037.0,9600000000.0,0.0006114903125
2018-04-02,5.74,5.78,5.72,5.72,7653700.0,51280617.0,9600000000.0,0.0007972604166666667
2018-04-03,5.66,5.67,5.62,5.63,6784601.0,44663358.0,9600000000.0,0.0007067292708333333
2018-04-04,5.65,5.66,5.58,5.59,6714796.0,44083973.0,9600000000.0,0.0006994579166666666
2018-04-09,5.58,5.64,5.51,5.61,12377030.0,80576261.0,9600000000.0,0.0012892739583333333
2018-04-10,5.62,5.68,5.6,5.68,7357515.0,48371538.0,9600000000.0,0.0007664078125
2018-04-11,5.7,5.71,5.66,5.66,6919706.0,45836173.0,9600000000.0,0.0007208027083333334
2018-04-12,5.67,5.68,5.59,5.59,7483775.0,49125497.0,9600000000.0,0.0007795598958333334
2018-04-13,5.61,5.66,5.59,5.6,7226975.0,47418637.0,9600000000.0,0.0007528098958333333
2018-04-16,5.56,5.6,5.54,5.54,6613601.0,42943899.0,9600000000.0,0.0006889167708333333
2018-04-17,5.55,5.59,5.52,5.52,8716044.0,56638685.0,9600000000.0,0.00090792125
2018-04-18,5.53,5.56,5.45,5.54,8415054.0,54081673.0,9600000000.0,0.000876568125
2018-04-19,5.55,5.56,5.5,5.53,5525714.0,35712958.0,9600000000.0,0.0005755952083333334
2018-04-20,5.54,5.55,5.31,5.32,12776603.0,80369026.0,11144401540.000002,0.001146459318981071
2018-04-23,5.31,5.41,5.31,5.36,10372738.0,64810265.0,11144401540.000002,0.0009307577408055236
2018-04-24,5.34,5.51,5.34,5.51,12885669.0,82166097.0,11144401540.000002,0.0011562459369173087
2018-04-25,5.47,5.57,5.45,5.49,9722015.0,62462187.0,11144401540.000002,0.0008723676157131716
2018-04-26,5.49,5.55,5.45,5.46,8095961.0,51901746.0,11144401540.000002,0.000726459915406099
2018-04-27,5.46,5.5,5.41,5.45,9690600.0,61687702.0,11144401540.000002,0.0008695487115407723
2018-05-02,5.45,5.49,5.31,5.33,12845210.0,80658090.0,11144401540.000002,0.001152615504196917
2018-05-03,5.33,5.41,5.31,5.38,9286533.0,58113719.0,11144401540.000002,0.0008332913137298891
2018-05-04,5.39,5.43,5.37,5.37,7685134.0,48418895.0,11144401540.000002,0.0006895959350007411
2018-05-07,5.4,5.45,5.4,5.44,7479100.0,47439690.0,11144401540.000002,0.0006711082666176078
2018-05-08,5.44,5.49,5.43,5.48,7220285.0,46002157.0,11144401540.000002,0.000647884498246462
2018-05-09,5.5,5.5,5.41,5.43,7870763.0,50042624.0,11144401540.000002,0.000706252639206322
2018-05-10,5.44,5.48,5.43,5.47,7711462.0,49010843.0,11144401540.000002,0.000691958376797683
2018-05-11,5.46,5.47,5.37,5.38,12314790.0,77634082.0,11144401540.000002,0.0011050203060073874
2018-05-14,5.37,5.4,5.33,5.36,8950695.0,56019348.0,11144401540.000002,0.0008031561827590069
2018-05-15,5.37,5.37,5.32,5.37,10149556.0,63212131.0,11144401540.000002,0.0009107313626102527
2018-05-16,5.33,5.35,5.31,5.32,8612740.0,53579510.0,11144401540.000002,0.0007728310909371629
2018-05-17,5.32,5.34,5.29,5.3,8467839.0,52466765.0,11144401540.000002,0.0007598289571321386
2018-05-18,5.3,5.34,5.28,5.33,8208547.0,50872837.0,11144401540.000002,0.000736562387000998
2018-05-21,5.36,5.38,5.35,5.37,7973520.0,49930547.0,11144401540.000002,0.0007154731432981011
2018-05-22,5.37,5.37,5.32,5.35,5991400.0,37340869.0,11144401540.000002,0.00053761523025668
2018-05-23,5.37,5.37,5.31,5.31,6391324.0,39732509.0,11144401540.000002,0.000573500871900565
2018-05-24,5.31,5.31,5.26,5.28,7542714.0,46514030.0,11144401540.000002,0.0006768164241863811
2018-05-25,5.27,5.28,5.19,5.2,8458244.0,51634742.0,11144401540.000002,0.0007589679867188273
2018-05-28,5.19,5.24,5.19,5.23,6975911.0,42413579.0,11144401540.000002,0.000625956537456205
2018-05-29,5.23,5.23,5.13,5.16,9858515.0,59487126.0,11144401540.000002,0.0008846159181016012
2018-05-30,5.13,5.13,4.97,4.98,10990016.0,64618089.0,11144401540.000002,0.0009861468074848277
2018-05-31,5.02,5.04,4.98,5.01,11898553.0,69535770.0,11144401540.000002,0.0010676708800641437
2018-06-01,5.03,5.03,4.98,5.02,8724792.0,51043033.0,11144401540.000002,0.0007828856460963447
2018-06-04,5.04,5.04,4.99,5.0,6231746.0,36443456.0,11144401540.000002,0.000559181753962537
2018-06-05,4.99,5.01,4.98,5.01,8011949.0,46682744.0,11144401540.000002,0.0007189214217778444
2018-06-06,4.99,5.0,4.89,4.9,16184625.0,92732212.0,11144401540.000002,0.0014522650625885469
2018-06-07,4.9,4.92,4.83,4.83,14782576.0,83645911.0,11144401540.000002,0.0013264575892156878
2018-06-08,4.84,4.89,4.72,4.83,35733447.0,199661321.0,11144401540.000002,0.0032064034010030828
2018-06-11,4.85,4.85,4.74,4.8,14076746.0,78401533.0,11144401540.000002,0.0012631226494733783
2018-06-12,4.79,4.82,4.75,4.8,10932403.0,61026801.0,11144401540.000002,0.0009809771265653802
2018-06-13,4.81,4.81,4.73,4.76,8424910.0,46832122.0,11144401540.000002,0.0007559768884637657
2018-06-14,4.77,4.81,4.72,4.76,8660216.0,47964910.0,11144401540.000002,0.0007770911671583576
2018-06-15,4.6,4.76,4.59,4.72,11630924.0,63651665.0,11144401540.000002,0.0010436562213102022
2018-06-19,4.64,4.76,4.37,4.7,25396464.0,135332276.0,11144401540.000002,0.0022788539975741036
2018-06-20,4.7,4.77,4.61,4.76,15652800.0,85932372.0,11144401540.000002,0.0014045437921290118
2018-06-21,4.76,4.81,4.67,4.71,15560604.0,86502539.0,11144401540.000002,0.0013962709387443696
2018-06-22,4.64,4.71,4.61,4.7,8473877.0,46040178.0,11144401540.000002,0.0007603707538341263
2018-06-25,4.71,4.74,4.64,4.69,6733448.0,36721466.0,11144401540.000002,0.000604200052899386
2018-06-26,4.65,4.71,4.59,4.71,10645332.0,57822714.0,11144401540.000002,0.000955217914734253
2018-06-27,4.69,4.72,4.61,4.68,9463487.0,51449508.0,11144401540.000002,0.0008491696001829452
2018-06-28,4.65,4.68,4.59,4.67,14306663.0,77479796.0,11144401540.000002,0.001283753366984298
2018-06-29,4.66,4.72,4.61,4.67,24136360.0,128368665.0,11144401540.000002,0.002165783412717916
2018-07-02,4.65,4.69,4.51,4.67,21515580.0,113756508.0,11144401540.000002,0.001930617801483129
2018-07-03,4.64,4.71,4.45,4.68,37363184.0,196497296.0,11144401540.000002,0.0033526415811467604
2018-07-04,4.61,4.68,4.57,4.66,24045418.0,127304063.0,11144401540.000002,0.0021576230821991715
2018-07-05,4.62,4.71,4.61,4.67,14596235.0,78149947.0,11144401540.000002,0.0013097369964291503
2018-07-06,4.67,4.68,4.6,4.66,9327800.0,49756948.0,11144401540.000002,0.000836994249221928
2018-07-09,4.66,5.02,4.66,4.83,23007127.0,128454754.0,11144401540.000002,0.0020644560335897587
2018-07-10,4.83,4.86,4.77,4.79,11807320.0,65042333.0,11144401540.000002,0.0010594844377798682
2018-07-11,4.76,4.76,4.68,4.71,7645400.0,41317183.0,11144401540.000002,0.0006860305573662952
2018-07-12,4.71,4.83,4.7,4.8,14470802.0,78972935.0,11144401540.000002,0.0012984817487112904
2018-07-13,4.78,4.8,4.72,4.73,10885054.0,59240210.0,11144401540.000002,0.0009767284462006201
2018-07-16,4.73,4.73,4.64,4.65,8181585.0,43795058.0,11144401540.000002,0.0007341430556530358
2018-07-17,4.64,4.64,4.6,4.62,6432709.0,34064347.0,11144401540.000002,0.0005772143956686614
2018-07-18,4.63,4.63,4.59,4.62,7195467.0,38068862.0,11144401540.000002,0.0006456575504905935
2018-07-19,4.61,4.66,4.6,4.62,12334501.0,65553873.0,11144401540.000002,0.0011067889967647376
2018-07-20,4.61,4.65,4.52,4.63,14405225.0,75883582.0,11144401540.000002,0.0012925974488891216
2018-07-23,4.61,4.88,4.6,4.8,51868105.0,283212928.0,11144401540.000002,0.004654184867068241
2018-07-24,4.82,5.16,4.82,5.07,82008248.0,472705730.0,11144401540.000002,0.007358694650910791
2018-07-25,5.04,5.04,4.93,4.95,38027888.0,217010495.0,11144401540.000002,0.003412286237489608
2018-07-26,4.95,5.0,4.93,4.93,20676810.0,117517239.0,11144401540.000002,0.0018553540022571726
2018-07-27,4.95,5.06,4.89,4.95,27534458.0,157681683.0,11144401540.000002,0.002470698664362734
2018-07-30,4.95,5.12,4.93,5.05,36468835.0,211794103.0,11144401540.000002,0.0032723906141666173
2018-07-31,5.02,5.06,4.88,4.94,28529494.0,162157381.0,11144401540.000002,0.002559984391947887
2018-08-01,5.02,5.07,4.89,4.9,31663157.0,180755652.0,11144401540.000002,0.0028411715861415376
2018-08-02,4.86,4.93,4.68,4.9,33016919.0,182527976.0,11144401540.000002,0.0029626462113280954
2018-08-03,4.86,4.86,4.69,4.71,18896300.0,103766597.0,11144401540.000002,0.0016955867869778852
2018-08-06,4.71,4.8,4.66,4.67,16540890.0,89808615.0,11144401540.000002,0.001484233131822348
2018-08-07,4.72,5.04,4.65,5.02,55888208.0,313343315.0,11144401540.000002,0.005014913344552729
2018-08-08,5.0,5.04,4.95,4.98,29520452.0,169105929.0,11144401540.000002,0.0026489041958909884
2018-08-09,4.97,5.08,4.95,5.02,31501509.0,181968612.0,11144401540.000002,0.00282666672471674
2018-08-10,5.02,5.09,4.99,5.04,22116993.0,127687892.0,11144401540.000002,0.0019845832834196313
2018-08-13,4.97,5.02,4.89,5.0,21904671.0,124500690.0,11144401540.000002,0.001965531385546253
2018-08-14,4.97,5.0,4.92,4.96,14606297.0,82983353.0,11144401540.000002,0.001310639871290926
2018-08-15,4.96,5.06,4.91,4.92,18452227.0,105327847.0,11144401540.000002,0.0016557396046589323
2018-08-16,4.83,4.87,4.77,4.79,18276278.0,100945782.0,11144401540.000002,0.00163995149801467
2018-08-17,4.84,4.85,4.71,4.72,15561757.0,85040560.0,11144401540.000002,0.0013963743987638116
2018-08-20,4.72,4.76,4.66,4.74,12725500.0,68764513.0,11144401540.000002,0.0011418737878678407
2018-08-21,4.72,4.85,4.72,4.81,17757171.0,97987491.0,11144401540.000002,0.001593371428359355
2018-08-22,4.8,4.8,4.71,4.72,14399441.0,78211902.0,11144401540.000002,0.001292078443900003
2018-08-23,4.72,4.75,4.66,4.73,12452412.0,67197926.0,11144401540.000002,0.0011173692867495152
2018-08-24,4.71,4.74,4.66,4.73,11420480.0,61691200.0,11144401540.000002,0.001024772838542212
2018-08-27,4.73,4.81,4.71,4.8,15377568.0,84264062.0,11144401540.000002,0.0013798469074185922
2018-08-28,4.8,4.81,4.77,4.8,10727964.0,58980663.0,11144401540.000002,0.0009626325793713279
2018-08-29,4.8,4.8,4.73,4.76,9086209.0,49603401.0,11144401540.000002,0.0008153160102305501
2018-08-30,4.74,4.78,4.68,4.68,8058704.0,43656644.0,11144401540.000002,0.0007231168018377054
2018-08-31,4.69,4.73,4.66,4.68,14920886.0,80363633.0,11144401540.000002,0.0013388683049910994
2018-09-03,4.66,4.69,4.57,4.6,13619708.0,71950175.0,11144401540.000002,0.001222112102755407
2018-09-04,4.61,4.66,4.57,4.64,11561084.0,61176859.0,11144401540.000002,0.0010373893975826715
2018-09-05,4.61,4.66,4.58,4.59,10432859.0,55268541.0,11144401540.000002,0.0009361524674567674
2018-09-06,4.57,4.61,4.52,4.52,8921800.0,46645010.0,11144401540.000002,0.0008005634010922402
2018-09-07,4.54,4.59,4.5,4.55,9918533.0,51796568.0,11144401540.000002,0.000890001402444083
2018-09-10,4.54,4.58,4.51,4.52,7833452.0,40842079.0,11144401540.000002,0.0007029046801556648
2018-09-11,4.52,4.57,4.51,4.53,6436766.0,33457731.0,11144401540.000002,0.0005775784349564991
2018-09-12,4.53,4.56,4.52,4.52,8172285.0,42493357.0,11144401540.000002,0.0007333085559298681
2018-09-13,4.54,4.58,4.52,4.57,7701114.0,40215877.0,11144401540.000002,0.000691029838826141
2018-09-14,4.56,4.59,4.53,4.54,6790246.0,35449217.0,11144401540.000002,0.0006092966029291151
2018-09-17,4.53,4.59,4.47,4.5,13155160.0,68160490.0,11144401540.000002,0.0011804276750781897
2018-09-18,4.49,4.73,4.47,4.69,33742944.0,179040825.0,11144401540.000002,0.0030277932717058214
2018-09-19,4.66,4.69,4.63,4.66,23653552.0,126392631.0,11144401540.000002,0.002122460494186393
2018-09-20,4.66,4.68,4.62,4.62,14280642.0,76078890.0,11144401540.000002,0.0012814184726513361
2018-09-21,4.62,4.69,4.6,4.68,16957018.0,90573262.0,11144401540.000002,0.0015215727770699114
2018-09-25,4.65,4.68,4.64,4.66,8975300.0,47960409.0,11144401540.000002,0.0008053640177792803
2018-09-26,4.66,4.71,4.65,4.66,15145261.0,81268712.0,11144401540.000002,0.0013590017324519336
2018-09-27,4.66,4.71,4.65,4.66,13012362.0,69729515.0,11144401540.000002,0.0011676142458879849
2018-09-28,4.66,4.71,4.65,4.66,14921212.0,79985420.0,11144401540.000002,0.0013388975573469868
2018-10-08,4.62,4.65,4.52,4.53,13858528.0,72908356.0,11144401540.000002,0.0012435416967217423
2018-10-09,4.53,4.56,4.51,4.53,7733284.0,40177561.0,11144401540.000002,0.0006939164900190772
2018-10-10,4.53,4.65,4.52,4.59,13410840.0,70706559.0,11144401540.000002,0.0012033701362845902
2018-10-11,4.52,4.55,4.21,4.25,26906524.0,135893500.0,11144401540.000002,0.002414353422516755
2018-10-12,4.26,4.36,4.21,4.32,18543853.0,91509060.0,11144401540.000002,0.001663961311286348
2018-10-15,4.35,4.36,4.27,4.28,10376974.0,51503551.0,11144401540.000002,0.0009311378419697535
2018-10-16,4.3,4.32,4.23,4.24,10607456.0,52061819.0,11144401540.000002,0.0009518192575821347
2018-10-17,4.28,4.35,4.26,4.32,12669610.0,62664436.0,11144401540.000002,0.0011368587137250618
2018-10-18,4.3,4.32,4.12,4.18,13165168.0,63700543.0,11144401540.000002,0.0011813257044577018
2018-10-19,4.17,4.27,4.12,4.27,12231101.0,59213166.0,11144401540.000002,0.0010975107955415611
2018-10-22,4.32,4.46,4.28,4.4,24051449.0,121077267.0,11144401540.000002,0.0021581642507830885
2018-10-23,4.4,4.42,4.27,4.31,16180560.0,80741245.0,11144401540.000002,0.0014519003054514847
2018-10-24,4.28,4.33,4.21,4.22,24473720.0,119838369.0,11144401540.000002,0.0021960551145037074
2018-10-25,4.12,4.17,4.08,4.15,17739378.0,83773965.0,11144401540.000002,0.0015917748419535139
2018-10-26,4.17,4.22,4.13,4.16,19048050.0,91088357.0,11144401540.000002,0.0017092034894500038
2018-10-29,4.15,4.18,4.01,4.04,25262155.0,118502300.0,11144401540.000002,0.00226680229614196
2018-10-30,4.04,4.06,3.98,4.03,22552599.0,104232240.0,11144401540.000002,0.0020236707120658897
2018-10-31,4.05,4.23,4.04,4.12,47150392.0,223813034.0,11144401540.000002,0.004230859039919338
2018-11-01,4.15,4.22,4.08,4.09,48645835.0,231392710.0,11144401540.000002,0.004365046864598167
2018-11-02,4.13,4.2,4.13,4.2,44666421.0,213572233.0,11144401540.000002,0.004007969457999266
2018-11-05,4.18,4.2,4.15,4.2,26237399.0,125895542.0,11144401540.000002,0.0023543120647463675
2018-11-06,4.2,4.2,4.13,4.18,17505384.0,83588227.0,11144401540.000002,0.0015707782905316956
2018-11-07,4.18,4.19,4.15,4.17,20347581.0,97391454.0,11144401540.000002,0.0018258119044766577
2018-11-08,4.19,4.2,4.12,4.12,16808600.0,80086191.0,11144401540.000002,0.0015082550587996848
2018-11-09,4.12,4.12,4.01,4.04,21424474.0,99992635.0,11144401540.000002,0.0019224427550552882
2018-11-12,4.04,4.11,4.03,4.1,22612945.0,105599388.0,11144401540.000002,0.002029085628226565
2018-11-13,4.06,4.17,4.05,4.15,35196314.0,166170879.0,11144401540.000002,0.003158205837583271
2018-11-14,4.14,4.19,4.13,4.17,30285729.0,144549468.0,11144401540.000002,0.0027175733834874003
2018-11-15,4.16,4.22,4.14,4.21,28114232.0,135153242.0,11144401540.000002,0.0025227224538788466
2018-11-16,4.24,4.25,4.17,4.21,27720685.0,133862996.0,11144401540.000002,0.002487409027797826
2018-11-19,4.21,4.25,4.18,4.25,34360791.0,166572672.0,11144401540.000002,0.003083233395411199
2018-11-20,4.23,4.29,4.18,4.18,29008727.0,140852749.0,11144401540.000002,0.0026029865216073323
2018-11-21,4.15,4.2,4.13,4.18,18475354.0,88432152.0,11144401540.000002,0.0016578148170350291
2018-11-22,4.18,4.21,4.15,4.19,17565953.0,84313668.0,11144401540.000002,0.0015762132167394963
2018-11-23,4.18,4.27,4.09,4.11,26365877.0,126182935.0,11144401540.000002,0.0023658405438252
2018-11-26,4.1,4.17,4.06,4.08,13182456.0,61970602.0,11144401540.000002,0.0011828769766312635
2018-11-27,4.1,4.12,4.05,4.06,15705820.0,73595255.0,11144401540.000002,0.0014093013378625979
2018-11-28,4.07,4.1,4.02,4.08,16282281.0,75828376.0,11144401540.000002,0.001461027848068726
2018-11-29,4.1,4.17,4.06,4.06,31385861.0,147610651.0,11144401540.000002,0.002816289496331267
2018-11-30,4.06,4.11,4.03,4.11,22976301.0,107027985.0,11144401540.000002,0.002061689981066493
2018-12-03,4.17,4.19,4.12,4.16,43180551.0,205747578.0,11144401540.000002,0.0038746406296483816
2018-12-04,4.16,4.23,4.13,4.21,38905948.0,186969084.0,11144401540.000002,0.0034910755737180654
2018-12-05,4.16,4.18,4.14,4.17,21345790.0,101952755.0,11144401540.000002,0.001915382349010371
2018-12-06,4.14,4.16,4.07,4.1,18549617.0,87472300.0,11144401540.000002,0.001664478521652406
2018-12-07,4.11,4.24,4.1,4.21,37627949.0,180590215.0,11144401540.000002,0.003376399249878428
2018-12-10,4.18,4.23,4.17,4.2,24426349.0,117579667.0,11144401540.000002,0.002191804460053581
2018-12-11,4.2,4.22,4.16,4.18,15414230.0,74041925.0,11144401540.000002,0.0013831366309509337
2018-12-12,4.19,4.24,4.18,4.22,18477675.0,89194796.0,11144401540.000002,0.001658023083041209
2018-12-13,4.24,4.41,4.22,4.35,61048300.0,303431851.0,11144401540.000002,0.005477934349447354
2018-12-14,4.34,4.39,4.29,4.32,52572827.0,262130859.0,11144401540.000002,0.0047174203846929936
2018-12-17,4.31,4.39,4.31,4.38,33576734.0,167745944.0,11144401540.000002,0.0030128790567609067
2018-12-18,4.35,4.39,4.31,4.37,27782060.0,138652621.0,11144401540.000002,0.002492916277314968
2018-12-19,4.37,4.38,4.28,4.3,21295865.0,105947647.0,11144401540.000002,0.0019109025211954088
2018-12-20,4.28,4.32,4.21,4.26,21069710.0,103114759.0,11144401540.000002,0.0018906093722821833
2018-12-21,4.25,4.27,4.21,4.24,13773678.0,67048779.0,11144401540.000002,0.0012359280083872497
2018-12-24,4.24,4.29,4.21,4.25,11906043.0,58114790.0,11144401540.000002,0.0010683429664003292
2018-12-25,4.23,4.23,4.08,4.14,18670625.0,88570306.0,11144401540.000002,0.0016753367090181137
2018-12-26,4.12,4.17,4.12,4.15,10243451.0,48693450.0,11144401540.000002,0.0009191566692238907
2018-12-27,4.18,4.22,4.12,4.16,14083590.0,67257218.0,11144401540.000002,0.0012637367694847074
2018-12-28,4.2,4.24,4.18,4.24,17377847.0,83983604.0,11144401540.000002,0.0015593342484678631
2019-01-02,4.24,4.3,4.21,4.29,16840702.0,82120258.0,11144401540.000002,0.0015111356082742149
2019-01-03,4.27,4.32,4.23,4.27,16065986.0,78692797.0,11144401540.000002,0.0014416194483243645
2019-01-04,4.23,4.38,4.23,4.36,21296577.0,105682451.0,11144401540.000002,0.0019109664097763652
2019-01-07,4.37,4.46,4.37,4.44,25861254.0,131318709.0,11144401540.000002,0.002320560140190354
2019-01-08,4.45,4.46,4.4,4.43,16151538.0,82045706.0,11144401540.000002,0.0014492961279282833
2019-01-09,4.43,4.47,4.34,4.35,24378144.0,123220313.0,11144401540.000002,0.0021874789698218284
2019-01-10,4.39,4.43,4.36,4.36,17712424.0,89203007.0,11144401540.000002,0.001589356228454776
2019-01-11,4.34,4.39,4.34,4.35,13426995.0,67137908.0,11144401540.000002,0.0012048197430617703
2019-01-14,4.37,4.4,4.34,4.35,11939918.0,59767859.0,11144401540.000002,0.0010713826092091795
2019-01-15,4.33,4.39,4.33,4.39,15988893.0,80100308.0,11144401540.000002,0.0014347018045439161
2019-01-16,4.4,4.4,4.32,4.33,16921325.0,84482946.0,11144401540.000002,0.001518370003024855
2019-01-17,4.36,4.37,4.3,4.32,10892263.0,54086971.0,11144401540.000002,0.0009773753180828046
2019-01-18,4.34,4.46,4.32,4.46,33888545.0,171704147.0,11144401540.000002,0.0030408582173179657
2019-01-21,4.46,4.56,4.45,4.53,28003948.0,145092942.0,11144401540.000002,0.0025128265433982198
2019-01-22,4.53,4.55,4.49,4.52,13391536.0,69278792.0,11144401540.000002,0.0012016379661065224
2019-01-23,4.51,4.52,4.43,4.46,11073162.0,56797947.0,11144401540.000002,0.0009936075939345594
2019-01-24,4.49,4.5,4.39,4.43,14925516.0,75623953.0,11144401540.000002,0.0013392837602296227
2019-01-25,4.43,4.46,4.4,4.41,12443018.0,63226429.0,11144401540.000002,0.0011165263522979628
2019-01-28,4.44,4.48,4.4,4.43,12052774.0,61365638.0,11144401540.000002,0.0010815093082153964
2019-01-29,4.43,4.43,4.34,4.38,14893434.0,74767840.0,11144401540.000002,0.0013364050053781531
2019-01-30,4.38,4.39,4.32,4.36,9695730.0,48395830.0,11144401540.000002,0.0008700090323558099
2019-01-31,4.38,4.4,4.33,4.36,12456576.0,62319355.0,11144401540.000002,0.001117742927270727
2019-02-01,4.38,4.4,4.34,4.4,12099196.0,60758678.0,11144401540.000002,0.0010856748078012987
2019-02-11,4.4,4.46,4.39,4.46,18456210.0,93713101.0,11144401540.000002,0.001656097003841446
2019-02-12,4.46,4.48,4.43,4.47,24213382.0,123778014.0,11144401540.000002,0.0021726946855864992
2019-02-13,4.47,4.57,4.45,4.53,38149683.0,197014268.0,11144401540.000002,0.0034232150432727494
2019-02-14,4.52,4.54,4.49,4.5,24748965.0,127939665.0,11144401540.000002,0.002220753165719116
2019-02-15,4.5,4.5,4.44,4.45,25152239.0,128801852.0,11144401540.000002,0.002256939406725648
2019-02-18,4.46,4.54,4.46,4.54,27231500.0,141117046.0,11144401540.000002,0.0024435138937034385
2019-02-19,4.54,4.58,4.49,4.52,34078519.0,177251270.0,11144401540.000002,0.0030579048033834567
2019-02-20,4.52,4.53,4.49,4.51,19429889.0,100525830.0,11144401540.000002,0.0017434663431913633
2019-02-21,4.48,4.53,4.45,4.46,46185824.0,237783873.0,11144401540.000002,0.0041443072411046665
2019-02-22,4.46,4.49,4.41,4.48,29834366.0,152277789.0,11144401540.000002,0.0026770720610628674
2019-02-25,4.5,4.77,4.5,4.74,85318121.0,452334592.0,11144401540.000002,0.0076556933715796445
2019-02-26,4.75,5.21,4.67,5.13,195337534.0,1142242250.0,11144401540.000002,0.017527862155620064
2019-02-27,5.04,5.08,4.92,4.97,110535090.0,633375871.0,11144401540.000002,0.009918441075840846
2019-02-28,4.99,5.02,4.87,4.91,50378428.0,285135983.0,11144401540.000002,0.004520514432217774
2019-03-01,4.93,4.97,4.88,4.97,49448796.0,279679827.0,11144401540.000002,0.004437097480965316
2019-03-04,5.07,5.1,4.99,5.0,98333854.0,568787513.0,11144401540.000002,0.00882361010118449
2019-03-05,4.96,5.37,4.91,5.12,107207135.0,625472735.0,11144401540.000002,0.009619819836462927
2019-03-06,5.06,5.29,5.06,5.23,100911485.0,598751051.0,11144401540.000002,0.009054903902897237
2019-03-07,5.19,5.31,5.13,5.19,99963103.0,596540715.0,11144401540.000002,0.008969804492525489
2019-03-08,5.07,5.14,4.86,4.88,77129610.0,443680838.0,11144401540.000002,0.006920928837960732
2019-03-11,4.93,5.06,4.91,5.03,49813635.0,285019210.0,11144401540.000002,0.004469834905105186
2019-03-12,5.06,5.22,5.03,5.07,85444791.0,501249777.0,11144401540.000002,0.0076670596167338016
2019-03-13,5.07,5.13,4.97,5.02,58256053.0,336358618.0,11144401540.000002,0.00522738280659618
2019-03-14,4.98,5.09,4.89,4.95,44808666.0,256200419.0,11144401540.000002,0.004020733265861847
2019-03-15,5.0,5.1,4.96,5.04,51205592.0,296297952.0,11144401540.000002,0.004594736811681679
2019-03-18,5.08,5.27,5.07,5.23,100253651.0,597994616.0,11144401540.000002,0.008995875699575698
2019-03-19,5.25,5.36,5.15,5.19,77088406.0,463296557.0,11144401540.000002,0.006917231555531333
2019-03-20,5.2,5.21,5.07,5.18,49840037.0,294152892.0,11144401540.000002,0.0044722039870074524
2019-03-21,5.19,5.21,5.14,5.14,55468870.0,328775251.0,11144401540.000002,0.004977285662303944
2019-03-22,5.16,5.16,5.06,5.14,42645769.0,249658135.0,11144401540.000002,0.0038266540241693402
2019-03-25,5.06,5.11,5.03,5.04,42663756.0,247976178.0,11144401540.000002,0.003828268018418869
2019-03-26,5.07,5.07,4.91,4.93,35985753.0,205334852.0,11144401540.000002,0.0032290431092991644
2019-03-27,4.94,4.97,4.91,4.95,21572712.0,122209364.0,11144401540.000002,0.0019357443217179696
2019-03-28,4.93,5.0,4.87,4.9,27577912.0,155687235.0,11144401540.000002,0.002474597841886447
2019-03-29,4.9,5.05,4.89,5.03,41214342.0,235856471.0,11144401540.000002,0.0036982104289828015
2019-04-01,5.04,5.18,5.04,5.14,61253089.0,359607049.0,11144401540.000002,0.005496310302544966
2019-04-02,5.16,5.16,5.07,5.07,48511272.0,284469276.0,11144401540.000002,0.004352972371453155
2019-04-03,5.08,5.28,5.05,5.24,101754491.0,607136898.0,11144401540.000002,0.009130547803287424
2019-04-04,5.28,5.34,5.2,5.26,92114938.0,556524373.0,11144401540.000002,0.008265579597915311
2019-04-08,5.32,5.43,5.25,5.31,100780108.0,616878206.0,11144401540.000002,0.009043115293205775
2019-04-09,5.3,5.45,5.28,5.39,90234240.0,556875904.0,11144401540.000002,0.008096822397876376
2019-04-10,5.37,5.41,5.3,5.34,50408249.0,309148430.0,11144401540.000002,0.004523190304932246
2019-04-11,5.33,5.36,5.17,5.2,57078630.0,343729957.0,11144401540.000002,0.005121731283203566
2019-04-12,5.18,5.3,5.15,5.26,44519344.0,266387790.0,11144401540.000002,0.0039947720692052515
2019-04-15,5.33,5.41,5.23,5.23,65843534.0,403206822.0,11144401540.000002,0.005908216225310201
2019-04-16,5.23,5.34,5.2,5.34,43154347.0,261064496.0,11144401540.000002,0.003872289314514415
2019-04-17,5.34,5.35,5.27,5.28,36640840.0,222459646.0,11144401540.000002,0.003287824821143334
2019-04-18,5.29,5.33,5.25,5.27,29416027.0,178166624.0,11144401540.000002,0.0026395340202359572
2019-04-19,5.27,5.32,5.2,5.29,32399901.0,195457831.0,11144401540.000002,0.002907280474748579
2019-04-22,5.34,5.35,5.16,5.16,49142867.0,294948463.0,11144401540.000002,0.0044096461190503726
2019-04-23,5.18,5.18,5.0,5.04,43709441.0,254374087.0,11144401540.000002,0.003922098539173777
2019-04-24,5.06,5.09,4.93,5.02,47304643.0,271963741.0,11144401540.000002,0.0042447001600051815
2019-04-25,5.02,5.02,4.84,4.87,48470288.0,274172530.0,11144401540.000002,0.004349294829877423
2019-04-26,4.84,4.89,4.73,4.73,42505600.0,234086971.0,11144401540.000002,0.003814076498180448
2019-04-29,4.75,4.77,4.62,4.65,41247488.0,222055095.0,11144401540.000002,0.0037011846577810936
2019-04-30,4.65,4.69,4.59,4.66,42468760.0,226567392.0,11144401540.000002,0.0038107708025028673
2019-05-06,4.54,4.57,4.31,4.39,56493021.0,287525766.0,11144401540.000002,0.0050691839124095295
2019-05-07,4.41,4.46,4.35,4.43,32123913.0,162623268.0,11144401540.000002,0.0028825157532864697
2019-05-08,4.37,4.46,4.34,4.41,27374672.0,138495370.0,11144401540.000002,0.002456360882344876
2019-05-09,4.37,4.43,4.37,4.39,21702640.0,109520194.0,11144401540.000002,0.001947402910968694
2019-05-10,4.49,4.51,4.35,4.48,28333689.0,144622048.0,11144401540.000002,0.002542414583529085
2019-05-13,4.43,4.45,4.41,4.42,16328200.0,82981663.0,11144401540.000002,0.001465148212884655
2019-05-14,4.37,4.42,4.36,4.37,24655997.0,124043801.0,11144401540.000002,0.002212411039884336
2019-05-15,4.39,4.43,4.37,4.41,26583920.0,134200254.0,11144401540.000002,0.002385405793625056
2019-05-16,4.41,4.46,4.4,4.46,26070346.0,132630197.0,11144401540.000002,0.0023393222064394493
2019-05-17,4.46,4.46,4.32,4.33,27123729.0,136145534.0,11144401540.000002,0.002433843477610373
2019-05-20,4.33,4.36,4.27,4.28,21275437.0,104769898.0,11144401540.000002,0.0019090694932013368
2019-05-21,4.28,4.34,4.27,4.33,22696441.0,112335535.0,11144401540.000002,0.0020365778205798566
2019-05-22,4.32,4.32,4.27,4.3,21321594.0,105097381.0,11144401540.000002,0.0019132112140316864
2019-05-23,4.29,4.31,4.24,4.25,18241102.0,89167752.0,11144401540.000002,0.0016367951149757296
2019-05-24,4.24,4.29,4.24,4.26,14046340.0,68878077.0,11144401540.000002,0.001260394284034385
2019-05-27,4.32,4.33,4.28,4.32,23342009.0,115411995.0,11144401540.000002,0.002094505381578345
2019-05-28,4.32,4.39,4.29,4.39,39230808.0,195674352.0,11144401540.000002,0.0035202256360909977
2019-05-29,4.33,4.37,4.32,4.35,13458779.0,67125262.0,11144401540.000002,0.0012076717580296373
2019-05-30,4.33,4.33,4.27,4.3,12925970.0,63606473.0,11144401540.000002,0.0011598621921155218
2019-05-31,4.32,4.33,4.29,4.29,9494486.0,46890155.0,11144401540.000002,0.0008519511761956846
2019-06-03,4.27,4.32,4.25,4.27,17553558.0,86052700.0,11144401540.000002,0.0015751009990977046
2019-06-04,4.26,4.27,4.21,4.24,17170971.0,83439024.0,11144401540.000002,0.0015407710264538797
2019-06-05,4.26,4.28,4.25,4.25,13286788.0,65013216.0,11144401540.000002,0.001192238807289063
2019-06-06,4.26,4.27,4.21,4.21,11719423.0,56900754.0,11144401540.000002,0.001051597338622097
2019-06-10,4.25,4.31,4.24,4.27,19010728.0,93239139.0,11144401540.000002,0.0017058545433566634
2019-06-11,4.39,4.5,4.39,4.47,52695658.0,269411365.0,11144401540.000002,0.004728442151950673
2019-06-12,4.48,4.55,4.46,4.52,33568490.0,173749163.0,11144401540.000002,0.003012139313135337
2019-06-13,4.52,4.54,4.49,4.52,26677184.0,138312898.0,11144401540.000002,0.0023937744798811326
2019-06-14,4.56,4.6,4.52,4.55,38334204.0,200531776.0,11144401540.000002,0.003439772325360774
2019-06-17,4.52,4.54,4.47,4.47,28268867.0,145914438.0,11144401540.000002,0.002536598030727453
2019-06-18,4.51,4.57,4.51,4.55,22204930.0,115762969.0,11144401540.000002,0.001992473971823524
2019-06-19,4.6,4.65,4.57,4.59,25970617.0,137312069.0,11144401540.000002,0.0023303734082790414
2019-06-20,4.59,4.68,4.57,4.66,26065896.0,138656124.0,11144401540.000002,0.002338922902808471
2019-06-21,4.65,4.69,4.61,4.64,25495299.0,135633315.0,11144401540.000002,0.0022877225760837036
2019-06-24,4.64,4.65,4.61,4.63,15999601.0,84944377.0,11144401540.000002,0.0014356626457305483
2019-06-25,4.64,4.65,4.56,4.6,19103228.0,100794938.0,11144401540.000002,0.0017141546750118262
2019-06-26,4.62,4.64,4.59,4.62,10693104.0,56701481.0,11144401540.000002,0.0009595045513767443
2019-06-27,4.64,4.68,4.62,4.66,16482992.0,88187817.0,11144401540.000002,0.001479037877524287
2019-06-28,4.68,4.68,4.58,4.61,17048448.0,90270575.0,11144401540.000002,0.0015297768963913334
2019-07-01,4.67,4.77,4.66,4.73,21903723.0,118655282.0,11144401540.000002,0.0019654463204131817
2019-07-02,4.75,4.75,4.69,4.7,16898881.0,91318269.0,11144401540.000002,0.0015163560770262768
2019-07-03,4.7,4.7,4.64,4.66,17306109.0,92475165.0,11144401540.000002,0.001552897115011884
2019-07-04,4.67,4.74,4.65,4.67,18928637.0,102022493.0,11144401540.000002,0.0016984884232733772
2019-07-05,4.69,4.7,4.61,4.63,14434646.0,76681235.0,11144401540.000002,0.0012952374291423814
2019-07-08,4.62,4.62,4.45,4.46,20802625.0,107741935.0,11144401540.000002,0.0018666435272754894
2019-07-09,4.44,4.49,4.43,4.44,9576810.0,48891175.0,11144401540.000002,0.0008593382036376265
2019-07-10,4.46,4.47,4.39,4.4,8107510.0,41074083.0,11144401540.000002,0.0007274962204924284
2019-07-11,4.42,4.45,4.35,4.37,12609400.0,63552208.0,11144401540.000002,0.0011314560010011986
2019-07-12,4.38,4.42,4.36,4.41,10081507.0,50848213.0,11144401540.000002,0.0009046252473777967
2019-07-15,4.41,4.48,4.32,4.44,14891690.0,75234978.0,11144401540.000002,0.0013362485142472708
2019-07-16,4.42,4.46,4.42,4.45,8121774.0,41439392.0,11144401540.000002,0.000728776145659231
2019-07-17,4.47,4.5,4.45,4.46,10870981.0,55800407.0,11144401540.000002,0.000975465659684046
2019-07-18,4.46,4.46,4.39,4.42,9005000.0,45647076.0,11144401540.000002,0.0008080290330242353
2019-07-19,4.43,4.49,4.42,4.44,13580617.0,69372847.0,11144401540.000002,0.0012186044222523588
2019-07-22,4.45,4.46,4.37,4.39,13113766.0,66166103.0,11144401540.000002,0.0011767133437297162
2019-07-23,4.39,4.43,4.39,4.43,13749227.0,69498545.0,11144401540.000002,0.0012337339919645427
2019-07-24,4.44,4.48,4.42,4.44,13122092.0,65741942.0,11144401540.000002,0.001177460445309834
2019-07-25,4.44,4.47,4.43,4.44,8771300.0,43891655.0,11144401540.000002,0.0007870588625614075
2019-07-26,4.44,4.46,4.43,4.46,9441600.0,47229204.0,11144401540.000002,0.000847205654436604
2019-07-29,4.47,4.49,4.44,4.45,10029710.0,50416854.0,11144401540.000002,0.0008999774428443645
2019-07-30,4.47,4.49,4.44,4.47,15195607.0,76328626.0,11144401540.000002,0.001363519337082321
2019-07-31,4.46,4.46,4.4,4.41,12836010.0,63811424.0,11144401540.000002,0.001151789977589052
2019-08-01,4.4,4.42,4.36,4.36,12350400.0,60972408.0,11144401540.000002,0.0011082156323667424
2019-08-02,4.36,4.36,4.27,4.28,19732597.0,95203926.0,11144401540.000002,0.0017706286810624016
2019-08-05,4.28,4.28,4.23,4.24,11920575.0,57121319.0,11144401540.000002,0.0010696469395161435
2019-08-06,4.19,4.2,4.11,4.15,18066911.0,84397924.0,11144401540.000002,0.0016211647556984919
2019-08-07,4.15,4.19,4.13,4.14,9098837.0,42559152.0,11144401540.000002,0.0008164491352309976
2019-08-08,4.17,4.18,4.14,4.16,9016399.0,42212920.0,11144401540.000002,0.0008090518784376104
2019-08-09,4.2,4.2,4.13,4.15,7648289.0,35770464.0,11144401540.000002,0.0006862897906673954
2019-08-12,4.14,4.18,4.12,4.18,8492128.0,39675089.0,11144401540.000002,0.0007620084371080547
2019-08-13,4.15,4.16,4.12,4.13,8984651.0,41716851.0,11144401540.000002,0.0008062030937912525
2019-08-14,4.16,4.18,4.13,4.14,9886977.0,46228496.0,11144401540.000002,0.0008871698461791065
2019-08-15,4.09,4.14,4.06,4.13,8748219.0,40335952.0,11144401540.000002,0.0007849877778183501
2019-08-16,4.14,4.15,4.12,4.12,8763986.0,40707838.0,11144401540.000002,0.000786402568908155
2019-08-19,4.13,4.22,4.12,4.22,15706707.0,73904493.0,11144401540.000002,0.0014093809293953346
2019-08-20,4.22,4.24,4.2,4.2,9938938.0,47187424.0,11144401540.000002,0.0008918323666216355
2019-08-21,4.2,4.22,4.17,4.18,10752800.0,50699275.0,11144401540.000002,0.0009648611422879509
2019-08-22,4.19,4.2,4.14,4.17,8487895.0,39781782.0,11144401540.000002,0.0007616286051372839
2019-08-23,4.16,4.19,4.13,4.15,9405128.0,43971562.0,11144401540.000002,0.0008439329798233382
2019-08-26,4.1,4.12,4.07,4.12,8889400.0,41038701.0,11144401540.000002,0.0007976561117341074
2019-08-27,4.13,4.27,4.12,4.27,27739836.0,131639036.0,11144401540.000002,0.0024891274691094803
2019-08-28,4.25,4.28,4.2,4.21,11255612.0,53621762.0,11144401540.000002,0.0010099790428046618
2019-08-29,4.22,4.23,4.18,4.2,9122707.0,43100858.0,11144401540.000002,0.0008185910178537949
2019-08-30,4.23,4.24,4.16,4.16,11368668.0,53541595.0,11144401540.000002,0.0010201236880414844
2019-09-02,4.16,4.23,4.14,4.22,13565345.0,64241268.0,11144401540.000002,0.0012172340480833032
2019-09-03,4.21,4.32,4.19,4.28,22716588.0,108497050.0,11144401540.000002,0.0020383856341199273
2019-09-04,4.24,4.43,4.23,4.36,34060171.0,166621711.0,11144401540.000002,0.0030562584161876846
2019-09-05,4.38,4.43,4.35,4.36,33104364.0,163077812.0,11144401540.000002,0.002970492752004698
2019-09-06,4.34,4.36,4.33,4.36,16651514.0,81409824.0,11144401540.000002,0.0014941595508950046
2019-09-09,4.37,4.4,4.34,4.38,18583093.0,91133975.0,11144401540.000002,0.0016674823617311978
2019-09-10,4.39,4.39,4.33,4.36,14963518.0,73147436.0,11144401540.000002,0.0013426937235070226
2019-09-11,4.37,4.37,4.33,4.36,14957801.0,73206475.0,11144401540.000002,0.0013421807305051571
2019-09-12,4.36,4.39,4.34,4.39,19905118.0,97820071.0,11144401540.000002,0.001786109189314081
2019-09-16,4.39,4.39,4.35,4.38,15342589.0,75384870.0,11144401540.000002,0.0013767082014167983
2019-09-17,4.37,4.37,4.26,4.27,16468786.0,79703292.0,11144401540.000002,0.0014777631567643602
2019-09-18,4.28,4.32,4.23,4.29,18052036.0,87049455.0,11144401540.000002,0.0016198300047971887
2019-09-19,4.31,4.31,4.28,4.28,10736684.0,51812681.0,11144401540.000002,0.0009634150350257388
2019-09-20,4.3,4.33,4.28,4.28,21994961.0,106547625.0,11144401540.000002,0.0019736332113532225
2019-09-23,4.29,4.3,4.19,4.21,16249532.0,77111018.0,11144401540.000002,0.0014580892425381862
2019-09-24,4.19,4.24,4.19,4.2,8325751.0,39470924.0,11144401540.000002,0.0007470792370605842
2019-09-25,4.2,4.2,4.14,4.15,10646100.0,49803576.0,11144401540.000002,0.0009552868282597792
2019-09-26,4.16,4.18,4.13,4.15,9685002.0,45275445.0,11144401540.000002,0.0008690463965461171
2019-09-27,4.15,4.17,4.14,4.15,7599622.0,35493102.0,11144401540.000002,0.0006819228446429433
2019-09-30,4.15,4.16,4.12,4.12,7692352.0,35823751.0,11144401540.000002,0.0006902436144633028
2019-10-08,4.13,4.14,4.11,4.12,10994989.0,51027914.0,11144401540.000002,0.00098659304050884
2019-10-09,4.12,4.14,4.09,4.13,7261112.0,33625212.0,11144401540.000002,0.0006515479520311684
2019-10-10,4.14,4.15,4.12,4.14,11305491.0,52632207.0,11144401540.000002,0.0010144547429865847
2019-10-11,4.14,4.16,4.11,4.16,12210300.0,56864845.0,11144401540.000002,0.0010956442978274092
2019-10-14,4.18,4.23,4.17,4.2,18094555.0,85586870.0,11144401540.000002,0.0016236452836928196
2019-10-15,4.2,4.2,4.15,4.16,9853704.0,46236572.0,11144401540.000002,0.0008841842215243797
2019-10-16,4.17,4.22,4.16,4.17,11794803.0,55504831.0,11144401540.000002,0.001058361272937407
2019-10-17,4.17,4.2,4.13,4.15,12482965.0,58405774.0,11144401540.000002,0.0011201108426680036
2019-10-18,4.14,4.16,4.07,4.1,15225794.0,70419332.0,11144401540.000002,0.001366228051398801
2019-10-21,4.08,4.1,4.05,4.07,15291300.0,69998114.0,11144401540.000002,0.0013721059803091047
2019-10-22,4.06,4.07,4.04,4.06,14917803.0,67993565.0,11144401540.000002,0.0013385916638463116
2019-10-23,4.05,4.07,4.03,4.04,12622776.0,57436571.0,11144401540.000002,0.0011326562449041116
2019-10-24,4.04,4.05,4.01,4.02,12972198.0,58650023.0,11144401540.000002,0.0011640102838577366
2019-10-25,4.01,4.01,3.96,4.0,22776333.0,102024911.0,11144401540.000002,0.0020437466218576326
2019-10-28,3.99,4.03,3.97,4.02,20877092.0,93865095.0,11144401540.000002,0.001873325537048084
2019-10-29,4.02,4.02,3.96,3.97,12973900.0,58138462.0,11144401540.000002,0.0011641630062801916
2019-10-30,3.96,3.97,3.88,3.88,22580696.0,99224155.0,11144401540.000002,0.0020261918882725394
2019-10-31,3.88,3.96,3.8,3.96,36126100.0,156802782.0,11144401540.000002,0.0032416366074332955
2019-11-01,3.89,3.94,3.87,3.91,17960503.0,78933596.0,11144401540.000002,0.0016116166431670046
2019-11-04,3.92,3.96,3.88,3.96,29204980.0,128299342.0,11144401540.000002,0.002620596529582691
2019-11-05,3.93,3.97,3.89,3.95,23946645.0,106042340.0,11144401540.000002,0.0021487600670210593
2019-11-06,3.94,3.96,3.9,3.96,20546917.0,90742808.0,11144401540.000002,0.0018436985535968042
2019-11-07,3.93,3.96,3.92,3.94,14684637.0,65013937.0,11144401540.000002,0.0013176694098192012
2019-11-08,3.96,3.96,3.89,3.93,19833238.0,87476737.0,11144401540.000002,0.0017796593140343717
2019-11-11,3.9,3.91,3.81,3.83,16911496.0,73264821.0,11144401540.000002,0.0015174880355217349
2019-11-12,3.82,3.83,3.8,3.82,17132343.0,73401784.0,11144401540.000002,0.0015373048914746835
2019-11-13,3.82,3.82,3.74,3.75,17731290.0,75078967.0,11144401540.000002,0.001591049096387817
2019-11-14,3.76,3.8,3.74,3.74,19567984.0,82785256.0,11144401540.000002,0.0017558577667688736
2019-11-15,3.74,3.74,3.66,3.66,22688100.0,94070441.0,11144401540.000002,0.0020358293730324433
2019-11-18,3.63,3.67,3.63,3.65,25041719.0,102707841.0,11144401540.000002,0.0022470223196929063
2019-11-19,3.66,3.68,3.64,3.68,32549823.0,133883544.0,11144401540.000002,0.002920733148672961
2019-11-20,3.66,3.66,3.61,3.61,29195765.0,119303008.0,11144401540.000002,0.0026197696570075305
2019-11-21,3.6,3.6,3.56,3.58,26160850.0,105299915.0,11144401540.000002,0.0023474432347131667
2019-11-22,3.58,3.69,3.56,3.64,59753916.0,244044014.0,11144401540.000002,0.0053617877806653395
2019-11-25,3.63,3.8,3.63,3.75,104972997.0,438535319.0,11144401540.000002,0.009419348057697495
2019-11-26,3.75,3.75,3.69,3.72,61312333.0,256082889.0,11144401540.000002,0.005501626334975004
2019-11-27,3.7,3.71,3.63,3.64,43386928.0,179107837.0,11144401540.000002,0.0038931590758170035
2019-11-28,3.64,3.71,3.61,3.64,44863571.0,184410386.0,11144401540.000002,0.004025659954818892
2019-11-29,3.62,3.65,3.61,3.63,27095991.0,110463578.0,11144401540.000002,0.0024313545148876604
2019-12-02,3.63,3.64,3.59,3.6,27970460.0,113770656.0,11144401540.000002,0.0025098216265455916
2019-12-03,3.58,3.6,3.56,3.6,41216445.0,165966342.0,11144401540.000002,0.003698399133597621
2019-12-04,3.58,3.6,3.56,3.58,26498321.0,106663747.0,11144401540.000002,0.0023777248966569448
2019-12-05,3.58,3.6,3.56,3.59,38073214.0,153407272.0,11144401540.000002,0.0034163533917317907
2019-12-06,3.58,3.61,3.57,3.6,31179184.0,125853757.0,11144401540.000002,0.002797744130816736
2019-12-09,3.61,3.65,3.6,3.64,51046270.0,208105101.0,11144401540.000002,0.0045804406649188265
2019-12-10,3.63,3.63,3.59,3.59,40756108.0,165281735.0,11144401540.000002,0.003657092563805808
2019-12-11,3.6,3.64,3.59,3.63,41599218.0,169116080.0,11144401540.000002,0.0037327457962359092
2019-12-12,3.62,3.64,3.59,3.61,31799265.0,129084988.0,11144401540.000002,0.00285338471391798
2019-12-13,3.63,3.67,3.62,3.65,53087702.0,217493496.0,11144401540.000002,0.004763620712108691
2019-12-16,3.66,3.69,3.64,3.69,44002081.0,181498114.0,11144401540.000002,0.003948357463796122
2019-12-17,3.69,3.78,3.67,3.75,66122787.0,277042323.0,11144401540.000002,0.005933273918986949
2019-12-18,3.74,3.78,3.72,3.73,44599913.0,187554345.0,11144401540.000002,0.004002001618473628
2019-12-19,3.74,3.76,3.72,3.74,34035212.0,143324520.0,11144401540.000002,0.003054018816339239
2019-12-20,3.74,3.75,3.69,3.7,49362421.0,206255941.0,11144401540.000002,0.004429346952622455
2019-12-23,3.7,3.71,3.63,3.64,49282900.0,203420496.0,11144401540.000002,0.004422211441602452
2019-12-24,3.64,3.67,3.64,3.67,24433837.0,100509875.0,11144401540.000002,0.0021924763669274607
2019-12-25,3.66,3.67,3.64,3.64,21973500.0,90255180.0,11144401540.000002,0.0019717074910780715
2019-12-26,3.64,3.69,3.64,3.67,29376240.0,121072137.0,11144401540.000002,0.002635963886850401
2019-12-27,3.67,3.72,3.66,3.67,53427708.0,221858833.0,11144401540.000002,0.004794129842525397
2019-12-30,3.65,3.73,3.65,3.73,62485728.0,260682841.0,11144401540.000002,0.005606916421283218
2019-12-31,3.72,3.88,3.7,3.86,101416748.0,430986105.0,11144401540.000002,0.009100241734470021
2020-01-02,3.86,3.96,3.83,3.88,120031925.0,525660658.0,11144401540.000002,0.010770603030514995
2020-01-03,3.87,3.89,3.84,3.85,49958666.0,217282083.0,11144401540.000002,0.004482848703960104
2020-01-06,3.83,3.89,3.81,3.86,55318141.0,239949341.0,11144401540.000002,0.004963760575339067
2020-01-07,3.86,3.88,3.83,3.87,41340548.0,179337913.0,11144401540.000002,0.0037095350388819527
2020-01-08,3.84,3.85,3.76,3.77,55740291.0,238767742.0,11144401540.000002,0.00500164058159017
2020-01-09,3.8,3.82,3.79,3.8,33697569.0,144278322.0,11144401540.000002,0.0030237217206371403
2020-01-10,3.82,3.82,3.79,3.81,28989838.0,124052481.0,11144401540.000002,0.0026012915898577715
2020-01-13,3.81,3.85,3.8,3.85,26049154.0,111965661.0,11144401540.000002,0.0023374206238444633
2020-01-14,3.85,3.89,3.83,3.86,33897170.0,147231878.0,11144401540.000002,0.003041632148512839
2020-01-15,3.85,3.86,3.79,3.79,31599009.0,135193868.0,11144401540.000002,0.0028354155121370467
2020-01-16,3.79,3.81,3.78,3.8,21390386.0,91316846.0,11144401540.000002,0.0019193839995108428
2020-01-17,3.8,3.82,3.78,3.8,20479688.0,87482470.0,11144401540.000002,0.0018376660179098318
2020-01-20,3.8,3.82,3.77,3.82,24106459.0,103092346.0,11144401540.000002,0.002163100361511202
2020-01-21,3.81,3.81,3.76,3.76,24877407.0,105801576.0,11144401540.000002,0.00223227841447644
2020-01-22,3.75,3.76,3.7,3.73,25490421.0,106795938.0,11144401540.000002,0.0022872848675192293
2020-01-23,3.72,3.73,3.61,3.62,47266719.0,194360067.0,11144401540.000002,0.004241297195757718
2020-02-03,3.25,3.36,3.25,3.25,68354701.0,250691313.0,11144401540.000002,0.006133546135668043
2020-02-04,3.24,3.34,3.23,3.3,50321175.0,186637736.0,11144401540.000002,0.004515377054513417
2020-02-05,3.3,3.39,3.29,3.33,35216366.0,132349579.0,11144401540.000002,0.003160005126663804
2020-02-06,3.36,3.41,3.31,3.4,42684381.0,161316836.0,11144401540.000002,0.003830118723450088
2020-02-07,3.37,3.47,3.34,3.42,34065640.0,129526827.0,11144401540.000002,0.003056749155863599
2020-02-10,3.4,3.48,3.39,3.45,30913590.0,119630494.0,11144401540.000002,0.002773912074959208
2020-02-11,3.44,3.49,3.42,3.43,29996936.0,116723808.0,11144401540.000002,0.0026916596546107574
2020-02-12,3.41,3.46,3.41,3.46,22863349.0,88447076.0,11144401540.000002,0.0020515546678695853
2020-02-13,3.47,3.52,3.43,3.44,30075338.0,117244669.0,11144401540.000002,0.0026986947564705205
2020-02-14,3.48,3.52,3.45,3.51,43260460.0,170104890.0,11144401540.000002,0.0038818109563557588
2020-02-17,3.51,3.58,3.49,3.56,35244214.0,140246393.0,11144401540.000002,0.00316250395981335
2020-02-18,3.56,3.58,3.53,3.55,28318549.0,112951975.0,11144401540.000002,0.0025410560538722295
2020-02-19,3.53,3.6,3.52,3.55,30305003.0,121202435.0,11144401540.000002,0.002719302861730877
2020-02-20,3.56,3.6,3.53,3.59,30953003.0,124112752.0,11144401540.000002,0.002777448648893532
2020-02-21,3.57,3.63,3.56,3.6,36981248.0,149355928.0,11144401540.000002,0.0033183700234835573
2020-02-24,3.59,3.6,3.52,3.53,38252098.0,152937275.0,11144401540.000002,0.0034324048593101925
2020-02-25,3.47,3.49,3.42,3.47,41980703.0,163519104.0,11144401540.000002,0.0037669768851490964
2020-02-26,3.45,3.81,3.45,3.78,162347246.0,675551709.0,11144401540.000002,0.014567605574628278
2020-02-27,3.78,3.8,3.69,3.74,79800434.0,336048767.0,11144401540.000002,0.007160584955017691
2020-02-28,3.66,3.93,3.65,3.78,135458810.0,581835630.0,11144401540.000002,0.012154875209207508
2020-03-02,3.8,4.11,3.8,4.04,196753101.0,890941989.0,11144401540.000002,0.017654882614719567
2020-03-03,4.18,4.21,3.94,3.96,130840167.0,589699792.0,11144401540.000002,0.011740439047389167
2020-03-04,3.94,4.05,3.91,3.96,81039064.0,361915429.0,11144401540.000002,0.007271728653093739
2020-03-05,3.99,4.04,3.94,3.96,85266105.0,381009634.0,11144401540.000002,0.007651025915923699
2020-03-06,3.91,3.96,3.81,3.82,81605061.0,354080508.0,11144401540.000002,0.007322516216514574
2020-03-09,3.77,3.81,3.7,3.71,61648280.0,259609905.0,11144401540.000002,0.005531771246641566
2020-03-10,3.69,3.8,3.69,3.8,66529982.0,281246711.0,11144401540.000002,0.005969811995844506
2020-03-11,3.8,3.83,3.75,3.77,44924268.0,191541804.0,11144401540.000002,0.00403110636661428
2020-03-12,3.73,3.77,3.68,3.72,39140356.0,163600034.0,11144401540.000002,0.003512109273837238
2020-03-13,3.61,3.74,3.56,3.69,47604102.0,195408094.0,11144401540.000002,0.0042715709613600295
2020-03-16,3.73,3.8,3.65,3.66,48651979.0,204136153.0,11144401540.000002,0.004365598172802377
2020-03-17,3.7,3.74,3.59,3.72,47302088.0,195910614.0,11144401540.000002,0.004244470896909193
2020-03-18,3.71,3.77,3.64,3.65,47664440.0,199208118.0,11144401540.000002,0.0042769851596714805
2020-03-19,3.64,3.67,3.56,3.59,39057715.0,158458265.0,11144401540.000002,0.0035046938016197854
2020-03-20,3.61,3.64,3.56,3.6,41863045.0,169703715.0,11144401540.000002,0.003756419297146035
2020-03-23,3.56,3.56,3.48,3.48,31230981.0,123563782.0,11144401540.000002,0.002802391935350168
2020-03-24,3.52,3.54,3.47,3.51,28704041.0,113202124.0,11144401540.000002,0.002575646695515603
2020-03-25,3.56,3.58,3.5,3.56,44093488.0,175634980.0,11144401540.000002,0.003956559519301024
2020-03-26,3.55,3.55,3.46,3.47,35317230.0,138741852.0,11144401540.000002,0.0031690557696829
2020-03-27,3.51,3.67,3.48,3.61,94102630.0,380529139.0,11144401540.000002,0.00844393749294141
2020-03-30,3.56,3.64,3.52,3.58,78449371.0,316773554.0,11144401540.000002,0.007039352514213158
2020-03-31,3.61,3.61,3.48,3.5,69984381.0,277391794.0,11144401540.000002,0.006279779201135999
2020-04-01,3.48,3.48,3.41,3.42,72581069.0,281365616.0,11144401540.000002,0.006512783009432015
2020-04-02,3.38,3.42,3.34,3.41,65599408.0,249027903.0,11144401540.000002,0.005886310517845895
2020-04-03,3.4,3.4,3.34,3.34,53396771.0,201525592.0,11144401540.000002,0.004791353829844146
2020-04-07,3.38,3.41,3.35,3.4,80681863.0,306965556.0,11144401540.000002,0.007239676595500702
2020-04-08,3.37,3.39,3.34,3.37,54252794.0,205282489.0,11144401540.000002,0.0048681657606533075
2020-04-09,3.39,3.43,3.37,3.38,56842645.0,217024933.0,11144401540.000002,0.005100556077056067
2020-04-10,3.39,3.4,3.32,3.33,52380833.0,196991301.0,11144401540.000002,0.004700192541698385
2020-04-13,3.32,3.32,3.27,3.3,37888009.0,140389196.0,11144401540.000002,0.0033997347335350944
2020-04-14,3.31,3.34,3.29,3.32,52041097.0,193659236.0,11144401540.000002,0.004669707638692996
2020-04-15,3.32,3.32,3.28,3.3,48233829.0,178866352.0,11144401540.000002,0.004328077091163389
2020-04-16,3.29,3.32,3.27,3.3,48959428.0,181757285.0,11144401540.000002,0.004393185926069925
2020-04-17,3.32,3.4,3.29,3.34,118466597.0,445014494.0,11144401540.000002,0.01063014434420675
2020-04-20,3.35,3.37,3.3,3.31,85438633.0,319562097.0,11144401540.000002,0.00766650705229345
2020-04-21,3.28,3.3,3.25,3.28,69256171.0,254690246.0,11144401540.000002,0.006214436078188904
2020-04-22,3.25,3.28,3.24,3.28,44372456.0,162935958.0,11144401540.000002,0.003981591639599159
2020-04-23,3.28,3.29,3.25,3.26,41759892.0,153293269.0,11144401540.000002,0.003747163259517657
2020-04-24,3.25,3.25,3.2,3.21,56204103.0,204000620.0,11144401540.000002,0.005043258967138759
2020-04-27,3.21,3.24,3.19,3.19,36141100.0,130590013.0,11144401540.000002,0.0032429825747287274
2020-04-28,3.18,3.19,3.03,3.1,60278091.0,211004864.0,11144401540.000002,0.005408822607804204
2020-04-29,3.11,3.13,3.09,3.11,33690513.0,117942988.0,11144401540.000002,0.003023088577621369
2020-04-30,3.12,3.19,3.12,3.17,46872186.0,166828391.0,11144401540.000002,0.004205895294759811
2020-05-06,3.17,3.29,3.17,3.27,115238420.0,422169594.0,11144401540.000002,0.010340476299815736
2020-05-07,3.27,3.27,3.23,3.24,37855285.0,138252563.0,11144401540.000002,0.0033967983712833803
2020-05-08,3.25,3.27,3.24,3.25,36273866.0,132942038.0,11144401540.000002,0.0032548958209917475
2020-05-11,3.25,3.31,3.25,3.26,45704098.0,168298138.0,11144401540.000002,0.00410108141168072
2020-05-12,3.26,3.27,3.22,3.23,36735040.0,133767059.0,11144401540.000002,0.0032962774957586457
2020-05-13,3.22,3.24,3.21,3.24,16175949.0,58753809.0,11144401540.000002,0.001451486555104869
2020-05-14,3.25,3.28,3.21,3.21,36754606.0,134259067.0,11144401540.000002,0.003298033175498807
2020-05-15,3.22,3.24,3.18,3.18,28172687.0,101431107.0,11144401540.000002,0.0025279676884291443
2020-05-18,3.22,3.24,3.2,3.21,35981644.0,130374839.0,11144401540.000002,0.003228674403991369
2020-05-19,3.24,3.24,3.2,3.21,26606267.0,96174726.0,11144401540.000002,0.0023874110157017904
2020-05-20,3.2,3.21,3.17,3.18,23882317.0,85608303.0,11144401540.000002,0.0021429878414090235
2020-05-21,3.19,3.2,3.11,3.12,44084751.0,155798402.0,11144401540.000002,0.003955775538217012
2020-05-22,3.12,3.12,3.04,3.05,51105686.0,176489620.0,11144401540.000002,0.004585772131107185
2020-05-25,3.05,3.07,3.02,3.04,21909011.0,75184142.0,11144401540.000002,0.001965920818750398
2020-05-26,3.05,3.07,3.04,3.06,23252128.0,79861530.0,11144401540.000002,0.0020864402558129647
2020-05-27,3.06,3.07,3.03,3.04,22612201.0,77378254.0,11144401540.000002,0.0020290188682487113
2020-05-28,3.04,3.08,3.03,3.06,27400176.0,94111117.0,11144401540.000002,0.0024586493856717222
2020-05-29,3.06,3.06,3.03,3.03,36358305.0,124419602.0,11144401540.000002,0.003262472629822345
2020-06-01,3.05,3.1,3.04,3.09,40871742.0,141458856.0,11144401540.000002,0.003667468535955139
2020-06-02,3.09,3.14,3.08,3.13,36687763.0,128464118.0,11144401540.000002,0.0032920352760369034
2020-06-03,3.13,3.15,3.08,3.09,44875025.0,157142290.0,11144401540.000002,0.004026687735445684
2020-06-04,3.1,3.11,3.07,3.08,24566463.0,85159103.0,11144401540.000002,0.0022043770508290567
2020-06-05,3.08,3.08,3.05,3.07,21274813.0,73344725.0,11144401540.000002,0.0019090135009618466
2020-06-08,3.09,3.11,3.07,3.09,31936149.0,111059704.0,11144401540.000002,0.0028656674730691725
2020-06-09,3.09,3.11,3.08,3.1,18624955.0,64793178.0,11144401540.000002,0.0016712386872592888
2020-06-10,3.1,3.1,3.07,3.08,23015473.0,79713391.0,11144401540.000002,0.002065204929792937
2020-06-11,3.09,3.1,3.06,3.07,31710023.0,109924147.0,11144401540.000002,0.0028453769263593848
2020-06-12,3.03,3.08,3.02,3.08,49997976.0,171825628.0,11144401540.000002,0.004486376035585666
2020-06-15,3.07,3.08,3.05,3.05,33674961.0,116075524.0,11144401540.000002,0.0030216930787294654
2020-06-16,3.07,3.09,3.05,3.08,39243581.0,135736061.0,11144401540.000002,0.003521371772108634
2020-06-17,3.08,3.09,3.07,3.08,34774781.0,120495609.0,11144401540.000002,0.0031203811954535867
2020-06-18,3.08,3.24,3.08,3.15,87487399.0,311057388.0,11144401540.000002,0.007850345187759627
2020-06-19,3.15,3.16,3.12,3.14,45234088.0,159852867.0,11144401540.000002,0.004058906872445659
2020-06-22,3.16,3.18,3.14,3.14,37735986.0,133851186.0,11144401540.000002,0.003386093534458199
2020-06-23,3.15,3.16,3.12,3.13,28749853.0,101214968.0,11144401540.000002,0.0025797574590981577
2020-06-24,3.13,3.15,3.11,3.12,22529701.0,79181527.0,11144401540.000002,0.0020216160481238365
2020-06-29,3.11,3.12,3.06,3.06,36356934.0,125821068.0,11144401540.000002,0.003262349608411543
2020-06-30,3.07,3.09,3.07,3.08,24468470.0,84849327.0,11144401540.000002,0.0021955840259503066
2020-07-01,3.09,3.16,3.08,3.14,59535782.0,209662952.0,11144401540.000002,0.005342214365330558
2020-07-02,3.14,3.29,3.13,3.29,130109763.0,472625533.0,11144401540.000002,0.01167489905429233
2020-07-03,3.32,3.39,3.29,3.35,170934745.0,642963243.0,11144401540.000002,0.015338171761531842
2020-07-06,3.43,3.69,3.42,3.69,252520489.0,1012842066.0,11144401540.000002,0.022658954641363357
2020-07-07,3.9,4.06,3.81,3.88,402008613.0,1762152420.0,11144401540.000002,0.036072696371993784
2020-07-08,3.84,4.09,3.81,4.07,329028164.0,1456763943.0,11144401540.000002,0.02952407653466513
2020-07-09,4.04,4.07,3.9,4.04,269232184.0,1198854940.0,11144401540.000002,0.024158514302778787
2020-07-10,4.04,4.26,3.95,4.0,303447176.0,1382757507.0,11144401540.000002,0.02722866498580954
2020-07-13,4.17,4.38,4.04,4.25,313070498.0,1466549624.0,11144401540.000002,0.028092176764836843
2020-07-14,4.27,4.36,4.05,4.14,248972911.0,1158881873.0,11144401540.000002,0.022340626376963796
2020-07-15,4.14,4.16,3.9,3.92,175105337.0,778486198.0,11144401540.000002,0.01571240379050448
2020-07-16,3.93,4.0,3.78,3.79,158235251.0,686986705.0,11144401540.000002,0.014198631522029668
2020-07-17,3.8,3.87,3.74,3.81,108982430.0,462996456.0,11144401540.000002,0.009779119103779169
2020-07-20,3.9,4.07,3.85,4.07,182668810.0,813257822.0,11144401540.000002,0.016391082943696587
2020-07-21,4.09,4.16,3.99,4.06,134944687.0,611971236.0,11144401540.000002,0.012108742359618889
2020-07-22,4.05,4.06,3.98,4.02,113308218.0,507506722.0,11144401540.000002,0.010167277048777262
2020-07-23,3.98,4.02,3.83,3.99,121882839.0,533352760.0,11144401540.000002,0.010936687677892121
2020-07-24,3.96,4.01,3.8,3.81,95063495.0,411545007.0,11144401540.000002,0.008530157017296416
2020-07-27,3.82,3.85,3.69,3.72,86982287.0,362757139.0,11144401540.000002,0.0078050209055909505
2020-07-28,3.73,3.77,3.67,3.72,63876697.0,264342883.0,11144401540.000002,0.005731729673480518
2020-07-29,3.7,3.81,3.65,3.78,82876982.0,345760440.0,11144401540.000002,0.007436647154406103
2020-07-30,3.77,3.86,3.72,3.74,64590402.0,272490896.0,11144401540.000002,0.00579577124605293
2020-07-31,3.75,3.82,3.71,3.78,74410184.0,311532861.0,11144401540.000002,0.006676911607404267
2020-08-03,3.79,3.82,3.76,3.81,95899687.0,405364643.0,11144401540.000002,0.008605189489609864
2020-08-04,3.81,3.89,3.75,3.83,113319748.0,482246676.0,11144401540.000002,0.010168311648971685
2020-08-05,3.81,3.81,3.73,3.76,75843349.0,317873587.0,11144401540.000002,0.0068055111553347696
2020-08-06,3.76,3.78,3.69,3.73,71262458.0,295648061.0,11144401540.000002,0.0063944625240055725
2020-08-07,3.72,3.74,3.64,3.67,67975921.0,279189535.0,11144401540.000002,0.006099557769523799
2020-08-10,3.69,3.85,3.68,3.8,142985435.0,602226357.0,11144401540.000002,0.01283024794887281
2020-08-11,3.8,3.81,3.69,3.69,82290843.0,344078879.0,11144401540.000002,0.007384052226100962
2020-08-12,3.67,3.77,3.64,3.71,81027494.0,333621977.0,11144401540.000002,0.0072706904636531955
2020-08-13,3.72,3.75,3.69,3.72,46728097.0,193544995.0,11144401540.000002,0.004192966022651046
2020-08-14,3.72,3.72,3.66,3.72,48433117.0,199302519.0,11144401540.000002,0.00434595943318819
2020-08-17,3.73,3.84,3.71,3.81,112089054.0,473133675.0,11144401540.000002,0.010057880057326073
2020-08-18,3.81,3.84,3.77,3.81,70386072.0,298570123.0,11144401540.000002,0.006315823397727285
2020-08-19,3.8,3.9,3.75,3.84,127419579.0,545683012.0,11144401540.000002,0.011433505742112732
2020-08-20,3.8,3.81,3.72,3.74,78768275.0,330280690.0,11144401540.000002,0.00706796813783865
2020-08-21,3.75,3.78,3.7,3.72,47905331.0,199233164.0,11144401540.000002,0.004298600586855738
2020-08-24,3.73,3.73,3.69,3.72,38451326.0,159091463.0,11144401540.000002,0.003450281817465812
2020-08-25,3.72,3.73,3.68,3.69,37777598.0,155718802.0,11144401540.000002,0.003389827427198033
2020-08-26,3.68,3.69,3.61,3.63,50382801.0,204888463.0,11144401540.000002,0.004520906826549969
2020-08-27,3.6,3.69,3.6,3.67,35424333.0,144175513.0,11144401540.000002,0.003178666245365742
2020-08-28,3.68,3.71,3.65,3.71,45784226.0,187968228.0,11144401540.000002,0.0041082713895106105
2020-08-31,3.73,3.75,3.65,3.65,51544479.0,212938825.0,11144401540.000002,0.004625145532938146
2020-09-01,3.67,3.68,3.64,3.66,32106447.0,130867657.0,11144401540.000002,0.002880948508967669
2020-09-02,3.67,3.68,3.64,3.65,33205747.0,134959210.0,11144401540.000002,0.0029795899654922156
2020-09-03,3.65,3.68,3.64,3.64,29835335.0,121327977.0,11144401540.000002,0.0026771590105501525
2020-09-04,3.61,3.64,3.59,3.62,39179153.0,157471776.0,11144401540.000002,0.0035155905733812954
2020-09-07,3.63,3.64,3.55,3.55,44047600.0,176434068.0,11144401540.000002,0.003952441936150839
2020-09-08,3.56,3.62,3.55,3.6,31573436.0,125886885.0,11144401540.000002,0.0028331208173606416
2020-09-09,3.57,3.64,3.56,3.6,46897764.0,188288022.0,11144401540.000002,0.0042081904381919815
2020-09-10,3.62,3.62,3.5,3.51,45709200.0,181214082.0,11144401540.000002,0.004101539220023473
2020-09-11,3.5,3.53,3.48,3.52,27143277.0,106048608.0,11144401540.000002,0.0024355975421897795
2020-09-14,3.52,3.54,3.48,3.5,23932089.0,93579653.0,11144401540.000002,0.0021474539403575723
2020-09-15,3.51,3.53,3.48,3.53,22419258.0,87515163.0,11144401540.000002,0.002011705870389878
2020-09-16,3.52,3.58,3.49,3.53,33548667.0,132348290.0,11144401540.000002,0.0030103605724888477
2020-09-17,3.51,3.55,3.5,3.53,23611152.0,92667908.0,11144401540.000002,0.002118655893297972
2020-09-18,3.54,3.63,3.53,3.62,56026259.0,224183813.0,11144401540.000002,0.005027300819959507
2020-09-21,3.64,3.64,3.59,3.6,29392350.0,118267284.0,11144401540.000002,0.002637409455725695
2020-09-22,3.59,3.6,3.53,3.54,28954408.0,115103358.0,11144401540.000002,0.0025981124151059614
2020-09-23,3.53,3.56,3.52,3.53,19528678.0,76846168.0,11144401540.000002,0.0017523307940679241
2020-09-24,3.51,3.51,3.43,3.44,38781736.0,150004212.0,11144401540.000002,0.0034799298877380537
2020-09-25,3.46,3.46,3.41,3.44,18223903.0,69683299.0,11144401540.000002,0.0016352518288747873
2020-09-28,3.44,3.46,3.42,3.43,17719951.0,67930039.0,11144401540.000002,0.0015900316348436236
2020-09-29,3.45,3.46,3.43,3.43,14419430.0,55327851.0,11144401540.000002,0.0012938720799178954
2020-09-30,3.44,3.45,3.37,3.38,21937472.0,83201914.0,11144401540.000002,0.0019684746570967503
2020-10-09,3.44,3.46,3.42,3.46,24443529.0,93911247.0,11144401540.000002,0.0021933460412626154
2020-10-12,3.46,3.57,3.46,3.56,42259020.0,166169490.0,11144401540.000002,0.0037919505904666097
2020-10-13,3.56,3.56,3.52,3.53,19390677.0,76273935.0,11144401540.000002,0.0017399478052187985
2020-10-14,3.53,3.55,3.49,3.55,29706222.0,116678364.0,11144401540.000002,0.0026655735521891465
2020-10-15,3.55,3.55,3.51,3.53,22370588.0,88130521.0,11144401540.000002,0.002007338655171967
2020-10-16,3.54,3.61,3.53,3.55,33478357.0,132894630.0,11144401540.000002,0.0030040515751193933
2020-10-19,3.55,3.63,3.53,3.55,32028795.0,127748556.0,11144401540.000002,0.0028739807054726776
2020-10-20,3.53,3.56,3.51,3.56,24059320.0,94839924.0,11144401540.000002,0.002158870524688578
2020-10-21,3.55,3.55,3.5,3.54,22368076.0,87744688.0,11144401540.000002,0.0020071132505155584
2020-10-22,3.53,3.53,3.48,3.5,15537337.0,60663003.0,11144401540.000002,0.0013941831640068487
2020-10-23,3.5,3.74,3.5,3.69,156970359.0,638619430.0,11144401540.000002,0.014085131304412779
2020-10-26,3.72,3.73,3.64,3.65,72914649.0,297887148.0,11144401540.000002,0.0065427155274593585
2020-10-27,3.64,3.64,3.57,3.58,62436805.0,250305393.0,11144401540.000002,0.005602526504083591
2020-10-28,3.6,3.64,3.55,3.61,58734318.0,235011564.0,11144401540.000002,0.005270298076499493
2020-10-29,3.56,3.59,3.53,3.58,37366972.0,148075435.0,11144401540.000002,0.0033529814827544338
2020-10-30,3.58,3.59,3.41,3.45,67940113.0,263908267.0,11144401540.000002,0.006096344676396144
2020-11-02,3.45,3.46,3.39,3.42,32969022.0,125790971.0,11144401540.000002,0.002958348358291476
2020-11-03,3.44,3.49,3.42,3.47,28106299.0,108355736.0,11144401540.000002,0.002522010616641869
2020-11-04,3.47,3.47,3.42,3.44,26453240.0,101561470.0,11144401540.000002,0.002373679726547254
2020-11-05,3.46,3.5,3.45,3.48,35942639.0,139108617.0,11144401540.000002,0.003225174440367481
2020-11-06,3.49,3.52,3.45,3.5,47224604.0,183434994.0,11144401540.000002,0.00423751816824791
2020-11-09,3.52,3.59,3.51,3.57,58775695.0,233122675.0,11144401540.000002,0.005274010882418366
2020-11-10,3.6,3.63,3.55,3.55,46386999.0,185121067.0,11144401540.000002,0.004162358905815232
2020-11-11,3.55,3.71,3.55,3.65,108958311.0,442918065.0,11144401540.000002,0.009776954878099266
2020-11-12,3.64,3.64,3.55,3.57,59839776.0,239513036.0,11144401540.000002,0.005369492097464391
2020-11-13,3.58,3.58,3.46,3.47,71636242.0,278966023.0,11144401540.000002,0.006428002593309285
2020-11-16,3.48,3.69,3.48,3.69,146195932.0,589961436.0,11144401540.000002,0.013118329546478274
2020-11-17,3.68,3.69,3.62,3.65,70121449.0,285858400.0,11144401540.000002,0.006292078470819348
2020-11-18,3.64,3.71,3.62,3.65,66435925.0,270771405.0,11144401540.000002,0.005961372152784077
2020-11-19,3.65,3.7,3.63,3.64,59165010.0,240493751.0,11144401540.000002,0.005308944566259768
2020-11-20,3.64,3.65,3.59,3.64,45857243.0,184931575.0,11144401540.000002,0.004114823289111314
2020-11-23,3.64,3.73,3.62,3.69,138425370.0,567189336.0,11144401540.000002,0.01242106805853659
2020-11-24,3.67,3.73,3.65,3.72,112771992.0,465902914.0,11144401540.000002,0.010119160871513247
2020-11-25,3.74,3.76,3.63,3.64,105539003.0,434485262.0,11144401540.000002,0.009470136428698707
2020-11-26,3.63,3.64,3.59,3.61,71487273.0,287673483.0,11144401540.000002,0.006414635433173739
2020-11-27,3.62,3.65,3.57,3.65,77776754.0,313565878.0,11144401540.000002,0.0069789978152563934
2020-11-30,3.7,3.93,3.69,3.79,280323678.0,1193280573.0,11144401540.000002,0.025153766848210673
2020-12-01,3.8,3.82,3.72,3.8,134570855.0,563603795.0,11144401540.000002,0.012075197983219831
2020-12-02,3.81,3.88,3.75,3.81,120177493.0,510580914.0,11144401540.000002,0.01078366501499909
2020-12-03,3.79,3.82,3.72,3.77,93799326.0,393776534.0,11144401540.000002,0.008416721675303166
2020-12-04,3.76,3.76,3.68,3.71,73242954.0,302770352.0,11144401540.000002,0.006572174713654475
2020-12-07,3.71,3.72,3.63,3.64,70622187.0,288076509.0,11144401540.000002,0.006337010268924677
2020-12-08,3.64,3.65,3.61,3.61,48242318.0,194960428.0,11144401540.000002,0.00432883881892145
2020-12-09,3.61,3.63,3.56,3.57,55463206.0,222311644.0,11144401540.000002,0.004976777425053189
2020-12-10,3.58,3.6,3.55,3.56,46100422.0,183324785.0,11144401540.000002,0.004136644021173702
2020-12-11,3.56,3.58,3.48,3.51,58055333.0,227565285.0,11144401540.000002,0.005209371969560242
2020-12-14,3.51,3.52,3.47,3.5,39901918.0,155382515.0,11144401540.000002,0.0035804451102001474
2020-12-15,3.5,3.51,3.46,3.51,36687632.0,142577355.0,11144401540.000002,0.003292023521255857
2020-12-16,3.51,3.55,3.49,3.5,38195641.0,149706141.0,11144401540.000002,0.003427338907603646
2020-12-17,3.5,3.55,3.46,3.55,46406300.0,181062709.0,11144401540.000002,0.004164090806799841
2020-12-18,3.53,3.64,3.52,3.59,79651406.0,317825119.0,11144401540.000002,0.007147212500744117
2020-12-21,3.58,3.59,3.55,3.58,49639443.0,197538530.0,11144401540.000002,0.0044542044560967956
2020-12-22,3.56,3.56,3.45,3.46,65905179.0,256769784.0,11144401540.000002,0.00591374770223866
2020-12-23,3.46,3.49,3.45,3.46,42425034.0,163730623.0,11144401540.000002,0.003806847218105531
2020-12-24,3.48,3.5,3.41,3.42,59458537.0,227761040.0,11144401540.000002,0.005335283082414849
2020-12-25,3.41,3.5,3.39,3.47,46763980.0,180060152.0,11144401540.000002,0.004196185845615178
2020-12-28,3.48,3.48,3.41,3.43,47053567.0,180571694.0,11144401540.000002,0.004222170821027326
2020-12-29,3.43,3.46,3.42,3.43,33542245.0,128366570.0,11144401540.000002,0.003009784319024097
2020-12-30,3.43,3.46,3.42,3.43,35050810.0,134105936.0,11144401540.000002,0.0031451495958929702
2020-12-31,3.45,3.5,3.43,3.48,53930538.0,208672792.0,11144401540.000002,0.004839249358202863
2021-01-04,3.46,3.55,3.44,3.52,73282201.0,284416334.0,11144401540.000002,0.0065756963922173955
2021-01-05,3.5,3.55,3.44,3.52,81745215.0,318703038.0,11144401540.000002,0.00733509239653617
2021-01-06,3.5,3.62,3.48,3.58,112854940.0,448331850.0,11144401540.000002,0.01012660389119468
2021-01-07,3.59,3.62,3.5,3.56,101245735.0,401592367.0,11144401540.000002,0.00908489654079711
2021-01-08,3.55,3.59,3.51,3.54,62383527.0,246505519.0,11144401540.000002,0.005597745807712523
2021-01-11,3.55,3.57,3.45,3.46,67398535.0,263047722.0,11144401540.000002,0.006047748258001119
2021-01-12,3.45,3.58,3.43,3.55,78791660.0,309240431.0,11144401540.000002,0.0070700665008522285
2021-01-13,3.52,3.74,3.5,3.67,216276783.0,876641046.0,11144401540.000002,0.019406765111946958
2021-01-14,3.65,3.86,3.64,3.72,241389378.0,1010490695.0,11144401540.000002,0.021660147216841934
2021-01-15,3.71,3.75,3.62,3.64,141290913.0,577808226.0,11144401540.000002,0.01267819653598016
2021-01-18,3.62,3.67,3.6,3.62,91450619.0,368811454.0,11144401540.000002,0.008205969488066381
2021-01-19,3.63,3.64,3.59,3.62,74174806.0,298589885.0,11144401540.000002,0.006655790868066657
2021-01-20,3.61,3.63,3.55,3.57,81338806.0,325434100.0,11144401540.000002,0.007298624848364893
2021-01-21,3.56,3.6,3.54,3.58,67431414.0,268139906.0,11144401540.000002,0.006050698528581553
2021-01-22,3.56,3.57,3.48,3.49,75249526.0,294561750.0,11144401540.000002,0.006752226732849756
2021-01-25,3.49,3.5,3.44,3.46,60218892.0,232417527.0,11144401540.000002,0.005403510613276053
2021-01-26,3.46,3.5,3.45,3.47,44862545.0,173339225.0,11144401540.000002,0.004025567890655885
2021-01-27,3.48,3.53,3.46,3.47,42758017.0,166274200.0,11144401540.000002,0.0038367261666345156
2021-01-28,3.46,3.46,3.41,3.42,47772965.0,182467750.0,11144401540.000002,0.0042867232330539295
2021-01-29,3.43,3.44,3.37,3.39,44429115.0,168364366.0,11144401540.000002,0.003986675716998617
2021-02-01,3.4,3.43,3.37,3.41,26513769.0,100529105.0,11144401540.000002,0.0023791110635089335
2021-02-02,3.41,3.45,3.41,3.43,31825895.0,121450700.0,11144401540.000002,0.0028557742545231367
2021-02-03,3.42,3.43,3.33,3.34,51640682.0,193738872.0,11144401540.000002,0.004633777939052974
2021-02-04,3.33,3.33,3.2,3.25,61820400.0,224176806.0,11144401540.000002,0.005547215772700881
2021-02-05,3.25,3.3,3.23,3.26,31121238.0,113118550.0,11144401540.000002,0.0027925445694233298
2021-02-08,3.25,3.29,3.24,3.27,24243889.0,88345746.0,11144401540.000002,0.0021754321138719485
2021-02-09,3.28,3.33,3.26,3.31,33263128.0,122141048.0,11144401540.000002,0.0029847388287841605
2021-02-10,3.31,3.34,3.29,3.33,30214505.0,111815416.0,11144401540.000002,0.002711182371844078
2021-02-18,3.4,3.41,3.36,3.38,44878082.0,169240736.0,11144401540.000002,0.004026962043580493
2021-02-19,3.38,3.53,3.38,3.51,80004029.0,309738005.0,11144401540.000002,0.007178853769118587
2021-02-22,3.52,3.64,3.51,3.56,109004882.0,434687922.0,11144401540.000002,0.00978113374762697
2021-02-23,3.55,3.6,3.48,3.5,70285196.0,277205203.0,11144401540.000002,0.006306771677934353
2021-02-24,3.52,3.55,3.46,3.49,55361911.0,215895393.0,11144401540.000002,0.004967688107907138
2021-02-25,3.52,3.6,3.5,3.55,76056025.0,301511151.0,11144401540.000002,0.00682459481803632
2021-02-26,3.52,3.54,3.46,3.47,64364949.0,250215416.0,11144401540.000002,0.00577554108840913
2021-03-01,3.48,3.54,3.46,3.53,48941520.0,190793476.0,11144401540.000002,0.004391579020581485
2021-03-02,3.53,3.54,3.46,3.46,49007943.0,190218917.0,11144401540.000002,0.004397539232959116
2021-03-03,3.46,3.52,3.46,3.52,47225649.0,183838664.0,11144401540.000002,0.004237611937302825
2021-03-04,3.52,3.57,3.47,3.5,63996012.0,250792350.0,11144401540.000002,0.005742435946004149
2021-03-05,3.48,3.61,3.47,3.55,103716806.0,410793945.0,11144401540.000002,0.00930662859084311
2021-03-08,3.56,3.61,3.49,3.52,91596310.0,362613731.0,11144401540.000002,0.008219042509482298
2021-03-09,3.51,3.61,3.46,3.58,134546218.0,531495949.0,11144401540.000002,0.012072987276802661
2021-03-10,3.61,3.61,3.46,3.49,111011449.0,435366476.0,11144401540.000002,0.009961185318166487
2021-03-11,3.48,3.55,3.47,3.54,76711509.0,299823621.0,11144401540.000002,0.0068834121531482426
2021-03-12,3.53,3.67,3.49,3.62,213327595.0,857066471.0,11144401540.000002,0.019142131072208295
2021-03-15,3.64,3.71,3.61,3.65,196141382.0,800254350.0,11144401540.000002,0.01759999236351995
2021-03-16,3.65,3.68,3.63,3.67,130565499.0,531719633.0,11144401540.000002,0.011715792771049057
2021-03-17,3.65,3.66,3.57,3.59,126632450.0,508766532.0,11144401540.000002,0.011362875749360336
2021-03-18,3.59,3.61,3.55,3.57,91008484.0,363151626.0,11144401540.000002,0.008166296204721998
2021-03-19,3.55,3.57,3.5,3.52,108933495.0,428504615.0,11144401540.000002,0.009774728109805704
2021-03-22,3.55,3.86,3.55,3.73,288990220.0,1189359516.0,11144401540.000002,0.02593142565464309
2021-03-23,3.72,3.75,3.64,3.67,173733742.0,714866101.0,11144401540.000002,0.01558932898966596
2021-03-24,3.66,3.72,3.64,3.67,127541175.0,522199203.0,11144401540.000002,0.011444416691396422
2021-03-25,3.65,3.67,3.57,3.59,127905211.0,513959338.0,11144401540.000002,0.011477082061420408
2021-03-26,3.59,3.66,3.55,3.63,106390369.0,428595064.0,11144401540.000002,0.009546530481528216
2021-03-29,3.63,3.67,3.59,3.62,87631775.0,353941640.0,11144401540.000002,0.007863300212709312
2021-03-30,3.6,3.62,3.55,3.59,80482170.0,320829977.0,11144401540.000002,0.007221757912358925
2021-03-31,3.6,3.72,3.58,3.7,192174285.0,785910396.0,11144401540.000002,0.017244020175532903
2021-04-01,3.68,3.72,3.64,3.7,111925410.0,459029488.0,11144401540.000002,0.010043196092519831
2021-04-02,3.68,3.69,3.62,3.65,81865485.0,332975318.0,11144401540.000002,0.007345884362310942
2021-04-06,3.65,3.65,3.62,3.64,52423305.0,212198259.0,11144401540.000002,0.004704003603229823
2021-04-07,3.63,3.69,3.6,3.65,76338187.0,309885812.0,11144401540.000002,0.006849913539637229
2021-04-08,3.64,3.65,3.6,3.61,77178906.0,310904173.0,11144401540.000002,0.006925352224880439
2021-04-09,3.6,3.63,3.56,3.58,60077447.0,240177182.0,11144401540.000002,0.005390818590335896
2021-04-12,3.57,3.62,3.56,3.58,57759402.0,230919769.0,11144401540.000002,0.0051828177397132795
2021-04-13,3.57,3.58,3.5,3.52,74603969.0,293689078.0,11144401540.000002,0.00669430015889395
2021-04-14,3.51,3.54,3.49,3.52,49587140.0,193909548.0,11144401540.000002,0.004449511247599931
2021-04-15,3.52,3.52,3.48,3.51,34132034.0,133014587.0,11144401540.000002,0.0030627067660377923
2021-04-16,3.51,3.55,3.5,3.54,33243533.0,130537648.0,11144401540.000002,0.002982980546840561
2021-04-19,3.53,3.56,3.52,3.55,48657703.0,192367723.0,11144401540.000002,0.004366111793922313
2021-04-20,3.55,3.56,3.51,3.52,51684600.0,203311477.0,11144401540.000002,0.004637718751831692
2021-04-21,3.5,3.52,3.48,3.49,39889868.0,155397566.0,11144401540.000002,0.0035793638498061507
2021-04-22,3.49,3.51,3.47,3.49,36766287.0,142908488.0,11144401540.000002,0.0032990813250973364
2021-04-23,3.48,3.49,3.44,3.47,40560220.0,156368078.0,11144401540.000002,0.003639515307701305
2021-04-26,3.46,3.48,3.44,3.45,32126772.0,123878951.0,11144401540.000002,0.002882772294652979
2021-04-27,3.45,3.46,3.41,3.43,32467182.0,123893645.0,11144401540.000002,0.0029133176764555087
2021-04-28,3.43,3.46,3.41,3.45,31983652.0,122550667.0,11144401540.000002,0.002869929972031499
2021-04-29,3.46,3.49,3.45,3.48,35181588.0,136210660.0,11144401540.000002,0.003156884456623769
2021-04-30,3.49,3.5,3.41,3.43,49452285.0,189779978.0,11144401540.000002,0.004437410552958234
2021-05-06,3.44,3.47,3.43,3.44,40473156.0,155673876.0,11144401540.000002,0.0036317029545940064
2021-05-07,3.44,3.51,3.43,3.49,57132682.0,221437318.0,11144401540.000002,0.005126581431487078
2021-05-10,3.48,3.51,3.46,3.51,49203512.0,191428872.0,11144401540.000002,0.004415087864825803
2021-05-11,3.49,3.51,3.46,3.5,41906445.0,162608278.0,11144401540.000002,0.0037603136291874846
2021-05-12,3.48,3.5,3.46,3.49,34602223.0,134114177.0,11144401540.000002,0.003104897367149245
2021-05-13,3.47,3.5,3.46,3.49,39528900.0,153235436.0,11144401540.000002,0.003546973774959655
2021-05-14,3.5,3.53,3.47,3.53,55189326.0,215518974.0,11144401540.000002,0.004952201856861664
2021-05-17,3.52,3.56,3.51,3.54,53657801.0,211293342.0,11144401540.000002,0.004814776352719249
2021-05-18,3.54,3.55,3.52,3.53,35558601.0,139865187.0,11144401540.000002,0.0031907142678206115
2021-05-19,3.53,3.53,3.49,3.5,30418936.0,118799668.0,11144401540.000002,0.002729526201188906
2021-05-20,3.49,3.5,3.46,3.47,37653314.0,145692919.0,11144401540.000002,0.0033786752805750027
2021-05-21,3.47,3.49,3.46,3.46,38642287.0,149340186.0,11144401540.000002,0.0034674169681793423
2021-05-24,3.47,3.52,3.46,3.48,40820032.0,158596419.0,11144401540.000002,0.00366282853803202
2021-05-25,3.47,3.53,3.46,3.51,69507689.0,270777298.0,11144401540.000002,0.006237005078336399
2021-05-26,3.54,3.54,3.5,3.53,51981405.0,203966148.0,11144401540.000002,0.004664351406706402
2021-05-27,3.52,3.53,3.5,3.53,48135308.0,188574673.0,11144401540.000002,0.00431923668823584
2021-05-28,3.52,3.54,3.5,3.51,37880986.0,148451785.0,11144401540.000002,0.003399104551647373
2021-05-31,3.51,3.52,3.49,3.5,35806411.0,139626640.0,11144401540.000002,0.003212950544852675
2021-06-01,3.5,3.52,3.49,3.5,32890283.0,128370456.0,11144401540.000002,0.002951283017033142
2021-06-02,3.5,3.55,3.49,3.54,61558636.0,241628217.0,11144401540.000002,0.005523727387159454
2021-06-03,3.54,3.54,3.5,3.5,41782000.0,163498215.0,11144401540.000002,0.003749147035848817
2021-06-04,3.5,3.51,3.48,3.49,45001041.0,175171999.0,11144401540.000002,0.00403799529642576
2021-06-07,3.49,3.51,3.48,3.49,33247811.0,129349803.0,11144401540.000002,0.0029833644167132187
2021-06-08,3.49,3.5,3.46,3.47,35049199.0,135902559.0,11144401540.000002,0.0031450050390054406
2021-06-09,3.48,3.48,3.46,3.46,32144567.0,124242028.0,11144401540.000002,0.002884369060521126
2021-06-10,3.47,3.48,3.46,3.46,33443660.0,129287971.0,11144401540.000002,0.0030009381733027535
2021-06-11,3.46,3.48,3.46,3.47,55990475.0,216675485.0,11144401540.000002,0.005024089880379524
2021-06-15,3.47,3.48,3.41,3.41,58260183.0,222821600.0,11144401540.000002,0.0052277533962581885
2021-06-16,3.42,3.46,3.41,3.44,42527000.0,163079209.0,11144401540.000002,0.003815996744855264
2021-06-17,3.44,3.44,3.39,3.41,40622300.0,154250693.0,11144401540.000002,0.0036450858176813317
2021-06-18,3.42,3.42,3.39,3.4,29743900.0,112640643.0,11144401540.000002,0.002668954442572965
2021-06-21,3.4,3.41,3.38,3.39,28486467.0,107731743.0,11144401540.000002,0.002556123529626517
2021-06-22,3.39,3.46,3.38,3.41,40356508.0,153707389.0,11144401540.000002,0.003621235995055504
2021-06-23,3.41,3.42,3.4,3.41,32442100.0,123249909.0,11144401540.000002,0.0029110670396752408
2021-06-24,3.41,3.45,3.39,3.43,33673355.0,128424276.0,11144401540.000002,0.003021548970497701
2021-06-25,3.43,3.46,3.42,3.45,40881845.0,156654433.0,11144401540.000002,0.0036683750897941883
2021-06-28,3.46,3.47,3.43,3.44,35930807.0,138104070.0,11144401540.000002,0.0032241127413648444
2021-06-29,3.45,3.49,3.44,3.47,67172231.0,259616772.0,11144401540.000002,0.006027441739146092
2021-06-30,3.47,3.49,3.46,3.47,42416911.0,164182344.0,11144401540.000002,0.0038061183319494777
2021-07-01,3.47,3.55,3.46,3.51,77675109.0,303491353.0,11144401540.000002,0.006969877092206782
2021-07-02,3.5,3.55,3.46,3.49,66012830.0,257446954.0,11144401540.000002,0.005923407350593363
2021-07-05,3.49,3.51,3.46,3.51,45979420.0,178872432.0,11144401540.000002,0.004125786372194912
2021-07-06,3.5,3.56,3.49,3.54,78741892.0,309951375.0,11144401540.000002,0.007065600760828292
2021-07-07,3.57,3.57,3.51,3.53,56011309.0,215331972.0,11144401540.000002,0.005025959339221726
2021-07-08,3.54,3.57,3.52,3.54,48927010.0,188234621.0,11144401540.000002,0.004390277021551038
2021-07-09,3.53,3.56,3.51,3.55,48838357.0,188081243.0,11144401540.000002,0.004382322085641576
2021-07-12,3.57,3.68,3.56,3.63,127372737.0,501134046.0,11144401540.000002,0.011429302555442557
2021-07-13,3.62,3.69,3.6,3.62,107482802.0,425870294.0,11144401540.000002,0.009644555754224913
2021-07-14,3.62,3.68,3.61,3.62,66712830.0,264174687.0,11144401540.000002,0.005986219157713514
2021-07-15,3.61,3.68,3.59,3.67,80737069.0,320494300.0,11144401540.000002,0.0072446302935348095
2021-07-16,3.67,3.72,3.64,3.67,77372152.0,309150999.0,11144401540.000002,0.00694269241127864
2021-07-19,3.67,3.68,3.62,3.66,57196970.0,227172309.0,11144401540.000002,0.005132350067852992
2021-07-20,3.63,3.8,3.6,3.74,142484677.0,575134302.0,11144401540.000002,0.012785314356144419
2021-07-21,3.75,3.77,3.64,3.66,118601007.0,474556295.0,11144401540.000002,0.010642205108485348
2021-07-22,3.65,3.8,3.64,3.73,167041264.0,681600337.0,11144401540.000002,0.014988805222106164
2021-07-23,3.77,4.1,3.74,3.99,436056000.0,1893513579.0,11144401540.000002,0.039127807665121146
2021-07-26,4.14,4.27,4.01,4.19,486793882.0,2183812227.0,11144401540.000002,0.04368057631921973
2021-07-27,4.32,4.47,4.1,4.14,586182417.0,2711075726.0,11144401540.000002,0.05259882416261178
2021-07-28,4.07,4.2,3.92,4.06,271266836.0,1198918234.0,11144401540.000002,0.024341085972751118
2021-07-29,4.13,4.31,4.04,4.07,257720174.0,1157600947.0,11144401540.000002,0.02312552837179985
2021-07-30,4.04,4.48,4.03,4.48,518611567.0,2482306091.0,11144401540.000002,0.046535613880976504
2021-08-02,4.59,4.93,4.55,4.93,675644713.0,3450831804.0,11144401540.000002,0.0606263791352945
2021-08-03,5.13,5.42,5.05,5.29,936220118.0,5396897021.0,11144401540.000002,0.08400811067688789
2021-08-04,5.23,5.35,5.06,5.32,650085937.0,3699721363.0,11144401540.000002,0.058332960694809984
2021-08-05,5.22,5.23,4.92,4.99,496836020.0,2723754958.0,11144401540.000002,0.044581668940833936
2021-08-06,4.98,5.26,4.94,5.1,460352534.0,2551946956.0,11144401540.000002,0.0413079636755443
2021-08-09,5.17,5.19,4.93,4.99,300220451.0,1642904847.0,11144401540.000002,0.026939127231052726
2021-08-10,5.01,5.19,4.81,4.89,427681781.0,2311237887.0,11144401540.000002,0.03837637933853556
2021-08-11,4.88,5.38,4.87,5.1,547242638.0,3068184126.0,11144401540.000002,0.049104712894255595
2021-08-12,5.19,5.2,4.87,4.93,346239164.0,1862645714.0,11144401540.000002,0.0310684394094436
2021-08-13,4.9,5.04,4.8,4.9,264390933.0,1411786185.0,11144401540.000002,0.023724103268447014
2021-08-16,4.87,4.96,4.85,4.89,167943355.0,895566615.0,11144401540.000002,0.015069750887673056
2021-08-17,5.19,5.38,5.14,5.38,375567271.0,2175861097.0,11144401540.000002,0.03370008426670527
2021-08-18,5.51,5.88,5.45,5.62,793997854.0,4868732261.0,11144401540.000002,0.07124634294180321
2021-08-19,5.61,5.76,5.3,5.56,498656772.0,3003035311.0,11144401540.000002,0.04474504711717341
2021-08-20,5.44,5.56,5.26,5.41,322746770.0,1893532187.0,11144401540.000002,0.028960439808417022
2021-08-23,5.45,5.63,5.32,5.6,360203874.0,2160497357.0,11144401540.000002,0.03232150893945625
2021-08-24,5.63,5.73,5.39,5.45,283968844.0,1697734519.0,11144401540.000002,0.025480851796372005
2021-08-25,5.39,5.55,5.35,5.49,260985843.0,1548458128.0,11144401540.000002,0.02341856061658022
2021-08-26,5.4,5.42,5.19,5.32,335091032.0,1931742684.0,11144401540.000002,0.03006810467096647
2021-08-27,5.27,5.5,5.25,5.47,249383876.0,1466233127.0,11144401540.000002,0.022377502740268274
2021-08-30,5.5,5.56,5.31,5.39,250997208.0,1479079276.0,11144401540.000002,0.022522268880846512
2021-08-31,5.38,5.79,5.3,5.71,379664188.0,2287190493.0,11144401540.000002,0.03406770535297851
2021-09-01,5.77,6.27,5.62,5.83,586046972.0,3790033660.0,11144401540.000002,0.052586670526589795
2021-09-02,5.72,6.41,5.65,6.41,572139136.0,3812604121.0,11144401540.000002,0.051338704366174506
2021-09-03,6.6,6.69,6.29,6.36,545669272.0,3844131566.0,11144401540.000002,0.048963532948939306
2021-09-06,6.54,6.99,6.54,6.75,762550409.0,5662966341.0,11144401540.000002,0.06842452744214382
2021-09-07,6.67,7.43,6.53,7.43,837899702.0,6408752326.0,11144401540.000002,0.0751857063829378
2021-09-08,7.59,8.12,7.37,7.93,897674424.0,7543909843.0,11144401540.000002,0.08054936110997306
2021-09-09,7.64,8.31,7.44,7.95,738632307.0,6278603961.0,11144401540.000002,0.06627832857142367
2021-09-10,7.95,8.71,7.93,8.13,793932729.0,7217969402.0,11144401540.000002,0.07124049920046222
2021-09-13,8.08,8.44,7.94,8.08,545093353.0,4824907527.0,11144401540.000002,0.048911855073018116
2021-09-14,8.0,8.04,7.52,7.82,514010391.0,4348162972.0,11144401540.000002,0.04612274505320812
2021-09-15,7.82,7.92,7.49,7.53,477958119.0,3983629387.0,11144401540.000002,0.04288773311734063
2021-09-16,7.52,7.62,7.25,7.33,421171199.0,3399477155.0,11144401540.000002,0.03779217730878709
2021-09-17,7.35,7.69,7.21,7.47,484809510.0,3951586904.0,11144401540.000002,0.04350251633162169
2021-09-22,7.37,8.22,7.33,8.22,549437497.0,4733234157.0,11144401540.000002,0.049301660123061204
2021-09-23,8.45,9.03,8.32,8.87,795955729.0,7582675055.0,11144401540.000002,0.07142202532303946
2021-09-24,8.87,9.15,8.56,8.69,557317866.0,5357540034.0,11144401540.000002,0.05000877471972352
2021-09-27,9.01,9.14,7.82,7.82,448699718.0,4030201733.0,11144401540.000002,0.040262343059831986
2021-09-28,7.54,7.99,7.45,7.68,494497557.0,4140610769.0,11144401540.000002,0.04437183595952878
2021-09-29,7.99,8.41,7.7,7.82,521655185.0,4539281677.0,11144401540.000002,0.04680872123349568
2021-09-30,7.79,7.88,7.37,7.78,404000249.0,3347614348.0,11144401540.000002,0.03625140816668743
2021-10-08,7.79,7.85,7.0,7.0,303558683.0,2371656287.0,11144401540.000002,0.027238670637490324
2021-10-11,6.81,6.88,6.3,6.41,538756823.0,3787500563.0,11144401540.000002,0.04834327092991661
2021-10-12,6.41,6.45,5.92,6.11,530111211.0,3532485820.0,11144401540.000002,0.047567490196517084
2021-10-13,6.05,6.11,5.86,6.05,324352862.0,2115695612.0,11144401540.000002,0.029104556295447333
2021-10-14,6.0,6.32,5.96,6.13,424065889.0,2850764652.0,11144401540.000002,0.038051921180147996
2021-10-15,6.05,6.31,6.0,6.23,311346080.0,2089120401.0,11144401540.000002,0.02793744274939325
2021-10-18,6.25,6.52,6.24,6.45,318560446.0,2211949053.0,11144401540.000002,0.028584796128944934
2021-10-19,6.5,6.78,6.3,6.6,356654460.0,2549553847.0,11144401540.000002,0.03200301592865972
2021-10-20,6.49,6.83,6.45,6.61,281009908.0,2034141378.0,11144401540.000002,0.025215343057353616
2021-10-21,6.6,6.73,6.5,6.53,197180714.0,1413101586.0,11144401540.000002,0.017693252822259666
2021-10-22,6.54,6.62,6.34,6.35,238180488.0,1675970896.0,11144401540.000002,0.021372209817199388
2021-10-25,6.42,6.98,6.42,6.98,413622285.0,3086929488.0,11144401540.000002,0.037114804551451934
2021-10-26,7.15,7.68,7.15,7.54,746707587.0,6087619825.0,11144401540.000002,0.06700293275685397
2021-10-27,7.58,7.86,7.41,7.5,494974225.0,4096059361.0,11144401540.000002,0.04441460792878071
2021-10-28,7.51,7.92,7.38,7.43,442389883.0,3668108246.0,11144401540.000002,0.039696154289860584
2021-10-29,7.35,7.63,7.07,7.54,404095445.0,3229165905.0,11144401540.000002,0.03625995021353116
2021-11-01,7.44,7.59,7.26,7.46,296000760.0,2388501078.0,11144401540.000002,0.02656048949219753
2021-11-02,7.48,7.67,7.03,7.18,392162074.0,3128240550.0,11144401540.000002,0.035189155074180856
2021-11-03,7.09,7.37,6.97,7.26,210699436.0,1649721510.0,11144401540.000002,0.01890630333479531
2021-11-04,7.17,7.41,7.03,7.26,219253026.0,1727581931.0,11144401540.000002,0.01967382682803082
2021-11-05,7.13,7.2,6.53,6.65,401034607.0,2982711425.0,11144401540.000002,0.035985297690556826
2021-11-08,6.66,6.73,6.51,6.55,202557228.0,1451495913.0,11144401540.000002,0.018175693622755087
2021-11-09,6.71,6.82,6.35,6.51,281272629.0,2013825057.0,11144401540.000002,0.025238917315608494
2021-11-10,6.45,6.48,6.12,6.28,256086430.0,1743921459.0,11144401540.000002,0.022978930638925987
2021-11-11,6.25,6.33,6.17,6.29,171099203.0,1165212191.0,11144401540.000002,0.01535292876749665
2021-11-12,6.29,6.41,6.18,6.24,194187629.0,1327280379.0,11144401540.000002,0.017424679854096497
2021-11-15,6.27,6.46,6.12,6.15,194864309.0,1322854656.0,11144401540.000002,0.017485399130728017
2021-11-16,6.13,6.2,6.0,6.1,139249466.0,928491461.0,11144401540.000002,0.012495015142823002
2021-11-17,6.15,6.19,5.97,6.13,179176264.0,1186676848.0,11144401540.000002,0.016077692764110505
2021-11-18,6.13,6.31,6.08,6.24,230347717.0,1554264250.0,11144401540.000002,0.020669366243958934
2021-11-19,6.19,6.24,5.97,6.14,240213296.0,1590347450.0,11144401540.000002,0.02155461602292553
2021-11-22,6.12,6.25,6.08,6.2,194072669.0,1304478257.0,11144401540.000002,0.017414364360744308
2021-11-23,6.18,6.41,6.12,6.26,232550109.0,1586006487.0,11144401540.000002,0.020866989417540314
2021-11-24,6.29,6.32,6.06,6.13,205974098.0,1373740753.0,11144401540.000002,0.01848229330760456
2021-11-25,6.13,6.22,6.11,6.14,138103228.0,925791997.0,11144401540.000002,0.01239216188543759
2021-11-26,6.07,6.08,5.75,5.77,307651586.0,1965940671.0,11144401540.000002,0.02760593154291531
2021-11-29,5.6,6.25,5.5,6.18,385322433.0,2516693703.0,11144401540.000002,0.03457542620094788
2021-11-30,6.2,6.28,6.03,6.04,242947821.0,1620319998.0,11144401540.000002,0.021799988104161578
2021-12-01,6.02,6.14,5.97,6.13,153845984.0,1015047149.0,11144401540.000002,0.013804777533168458
2021-12-02,6.12,6.54,6.07,6.42,394277856.0,2749880693.0,11144401540.000002,0.03537900663259841
2021-12-03,6.52,7.07,6.35,6.99,582920474.0,4294875132.0,11144401540.000002,0.052306126256107595
2021-12-06,7.07,7.26,6.76,6.79,419086312.0,3175996929.0,11144401540.000002,0.03760509799434236
2021-12-07,6.82,7.12,6.75,7.06,420723003.0,3193804461.0,11144401540.000002,0.0377519601649242
2021-12-08,7.19,7.31,6.99,7.09,319227712.0,2475715989.0,11144401540.000002,0.02864467067650184
2021-12-09,7.0,7.07,6.81,6.92,289552769.0,2176232475.0,11144401540.000002,0.02598190382504828
2021-12-10,6.88,7.09,6.74,6.84,250247487.0,1875387447.0,11144401540.000002,0.022454995551066618
2021-12-13,7.18,7.52,7.09,7.12,490008569.0,3903110631.0,11144401540.000002,0.04396903389035639
2021-12-14,7.19,7.21,6.82,6.97,320024593.0,2433468426.0,11144401540.000002,0.028716175727458573
2021-12-15,6.95,7.51,6.9,7.32,409421505.0,3234920051.0,11144401540.000002,0.036737863718431664
2021-12-16,7.36,7.9,7.23,7.72,455556299.0,3780878294.0,11144401540.000002,0.04087759197879727
2021-12-17,7.72,7.94,7.59,7.71,341802414.0,2881726301.0,11144401540.000002,0.030670324716243126
2021-12-20,7.61,8.25,7.2,7.78,523673148.0,4345029976.0,11144401540.000002,0.046989795380255106
2021-12-21,7.68,7.86,7.43,7.72,307886474.0,2556783385.0,11144401540.000002,0.027627008313987934
2021-12-22,7.67,7.68,7.39,7.44,237626833.0,1934335317.0,11144401540.000002,0.021322529715669232
2021-12-23,7.47,7.77,7.4,7.72,288816893.0,2399493797.0,11144401540.000002,0.025915872823082067
2021-12-24,7.73,7.99,7.52,7.53,260642601.0,2191194814.0,11144401540.000002,0.023387761116152313
2021-12-27,7.49,7.96,7.44,7.54,283298028.0,2366251679.0,11144401540.000002,0.025420658703221848
2021-12-28,7.46,7.5,6.97,7.25,372851000.0,2917597609.0,11144401540.000002,0.03345635013793661
2021-12-29,7.22,7.43,7.17,7.18,217178140.0,1724211978.0,11144401540.000002,0.01948764491484753
2021-12-30,7.21,7.54,7.18,7.42,244616828.0,1970463092.0,11144401540.000002,0.021949750026684697
2021-12-31,7.53,7.77,7.41,7.43,264894861.0,2177127365.0,11144401540.000002,0.023769321308930506
2022-01-04,7.52,7.57,7.21,7.25,224318097.0,1794636282.0,11144401540.000002,0.020128321489033495
2022-01-05,7.18,7.22,6.96,6.98,221246374.0,1696578666.0,11144401540.000002,0.019852692242458447
2022-01-06,6.92,7.68,6.92,7.68,403146259.0,3254565907.0,11144401540.000002,0.03617477865931237
2022-01-07,7.81,8.33,7.74,8.0,602806077.0,5305073545.0,11144401540.000002,0.05409048434197032
2022-01-10,8.06,8.07,7.52,7.86,382515164.0,3239671198.0,11144401540.000002,0.03432352671671591
2022-01-11,7.88,8.15,7.73,7.76,288531684.0,2476295488.0,11144401540.000002,0.02589028069065788
2022-01-12,7.83,7.88,7.6,7.73,219243200.0,1836069679.0,11144401540.000002,0.019672945129721158
2022-01-13,7.67,7.7,7.36,7.54,250028862.0,2050875138.0,11144401540.000002,0.0224353780777357
2022-01-14,7.46,7.54,7.23,7.25,238185187.0,1909565932.0,11144401540.000002,0.02137263146388747
2022-01-17,7.18,7.38,7.16,7.31,145241187.0,1148718087.0,11144401540.000002,0.013032659176779803
2022-01-18,7.3,8.04,7.23,7.98,528881718.0,4486148293.0,11144401540.000002,0.04745716637198626
2022-01-19,7.95,8.24,7.85,8.02,423485426.0,3700961619.0,11144401540.000002,0.037999835565867446
2022-01-20,7.99,8.78,7.84,8.64,472681796.0,4290333827.0,11144401540.000002,0.042414282570798316
2022-01-21,8.53,8.69,8.11,8.23,361386431.0,3303852211.0,11144401540.000002,0.03242762114258851
2022-01-24,8.11,8.5,8.07,8.23,240151189.0,2174167033.0,11144401540.000002,0.021549043090204372
2022-01-25,8.15,8.46,7.99,7.99,280097356.0,2508319332.0,11144401540.000002,0.02513345871419489
2022-01-26,7.96,8.29,7.92,8.17,236130653.0,2090381385.0,11144401540.000002,0.021188275759130622
2022-01-27,8.13,8.67,8.04,8.36,330706659.0,3009395809.0,11144401540.000002,0.029674689826368186
2022-01-28,8.33,8.4,7.68,7.96,290221346.0,2527076451.0,11144401540.000002,0.02604189601014681
2022-02-07,8.15,8.76,8.08,8.76,334404828.0,3109027626.0,11144401540.000002,0.030006530794833505
2022-02-08,8.97,8.98,8.45,8.9,404720125.0,3832332416.0,11144401540.000002,0.03631600347020518
2022-02-09,8.74,8.83,8.55,8.76,317397657.0,3003100800.0,11144401540.000002,0.02848045773124574
2022-02-10,8.71,9.01,8.41,8.65,390484870.0,3702900831.0,11144401540.000002,0.03503865762539636
2022-02-11,8.52,8.67,8.27,8.33,289730299.0,2662757634.0,11144401540.000002,0.02599783379664548
2022-02-14,8.18,8.47,8.16,8.38,202298635.0,1833795393.0,11144401540.000002,0.018152489774699913
2022-02-15,8.4,8.41,8.09,8.32,213555507.0,1922872809.0,11144401540.000002,0.01916258187875739
2022-02-16,8.36,8.57,8.33,8.41,228734094.0,2099799653.0,11144401540.000002,0.020524573991615162
2022-02-17,8.28,8.39,8.12,8.22,244254322.0,2188951525.0,11144401540.000002,0.02191722194532484
2022-02-18,8.11,8.4,8.09,8.34,204167155.0,1843858718.0,11144401540.000002,0.018320154228757265
2022-02-21,8.29,8.33,8.09,8.2,217772156.0,1935371141.0,11144401540.000002,0.019540946655445077
2022-02-22,8.09,8.11,7.58,7.62,389579265.0,3284136642.0,11144401540.000002,0.03495739664455772
2022-02-23,7.58,7.76,7.31,7.7,327167235.0,2678063479.0,11144401540.000002,0.02935709322979042
2022-02-24,7.55,7.62,6.99,7.15,414052418.0,3296056953.0,11144401540.000002,0.03715340088149766
2022-02-25,7.19,7.37,7.12,7.15,289121497.0,2277506378.0,11144401540.000002,0.02594320529121925
2022-02-28,7.09,7.12,6.89,7.03,228086193.0,1738214794.0,11144401540.000002,0.02046643708783666
2022-03-01,7.12,7.38,7.09,7.37,350455532.0,2773215394.0,11144401540.000002,0.03144677897167728
2022-03-02,7.26,7.43,7.21,7.32,166856991.0,1329592751.0,11144401540.000002,0.01497227019334409
2022-03-03,7.37,7.49,7.34,7.35,183069194.0,1475704194.0,11144401540.000002,0.016427009861670866
2022-03-04,7.4,7.41,7.12,7.15,182830301.0,1433326793.0,11144401540.000002,0.016405573717330358
2022-03-07,7.12,7.44,7.06,7.29,298865142.0,2372498706.0,11144401540.000002,0.026817513791772433
2022-03-08,7.2,7.43,7.19,7.26,249267629.0,1986171744.0,11144401540.000002,0.022367071762922134
2022-03-09,7.24,7.43,6.83,7.29,260527171.0,2048255252.0,11144401540.000002,0.0233774034491582
2022-03-10,7.4,7.52,7.26,7.43,259744691.0,2090104757.0,11144401540.000002,0.023307190616536234
2022-03-11,7.26,7.3,7.01,7.21,208936963.0,1626263024.0,11144401540.000002,0.0187481546003232
2022-03-14,7.04,7.26,6.98,6.98,120498641.0,931809837.0,11144401540.000002,0.010812481995331979
2022-03-15,6.9,6.92,6.29,6.31,282317034.0,2011686678.0,11144401540.000002,0.025332632980487525
2022-03-16,6.45,6.6,6.11,6.52,276723548.0,1911489388.0,11144401540.000002,0.02483072303225714
2022-03-17,6.66,6.75,6.52,6.54,201818155.0,1452231261.0,11144401540.000002,0.01810937575029264
2022-03-18,6.52,6.87,6.46,6.81,229067092.0,1676599454.0,11144401540.000002,0.020554454286111443
2022-03-21,6.75,6.81,6.66,6.76,145001248.0,1061661160.0,11144401540.000002,0.013011129173653229
2022-03-22,6.73,6.85,6.65,6.7,124283447.0,908266267.0,11144401540.000002,0.011152097001702254
2022-03-23,6.72,6.85,6.64,6.69,157040592.0,1151736707.0,11144401540.000002,0.014091433392483449
2022-03-24,6.6,6.66,6.51,6.52,145690831.0,1040767406.0,11144401540.000002,0.013073006251352279
2022-03-25,6.55,6.57,6.36,6.36,149699261.0,1047170940.0,11144401540.000002,0.013432687297087464
2022-03-28,6.31,6.51,6.2,6.49,170112140.0,1183244616.0,11144401540.000002,0.015264358466394595
2022-03-29,6.49,6.54,6.31,6.37,113014197.0,790073000.0,11144401540.000002,0.010140894205432585
2022-03-30,6.46,6.74,6.45,6.69,223182640.0,1609535770.0,11144401540.000002,0.020026435623208886
2022-03-31,6.82,6.93,6.64,6.7,211517811.0,1555003220.0,11144401540.000002,0.018979737067155243
2022-04-01,6.56,6.74,6.52,6.63,140335912.0,1010439448.0,11144401540.000002,0.012592503195106516
2022-04-06,6.71,6.92,6.52,6.87,247599187.0,1823062469.0,11144401540.000002,0.02221736053850048
2022-04-07,6.79,7.05,6.76,6.86,241548103.0,1825234578.0,11144401540.000002,0.02167438979410643
2022-04-08,6.93,7.46,6.93,7.4,382778645.0,3020240231.0,11144401540.000002,0.03434716917064709
2022-04-11,7.45,7.67,7.31,7.43,337990951.0,2752812217.0,11144401540.000002,0.030328317746526563
2022-04-12,7.31,7.35,7.09,7.21,268445781.0,2106961461.0,11144401540.000002,0.02408794945484349
2022-04-13,7.14,7.2,6.98,6.99,158146275.0,1215000405.0,11144401540.000002,0.014190647602957778
2022-04-14,7.03,7.4,6.95,7.31,219273895.0,1710701644.0,11144401540.000002,0.019675699427463375
2022-04-15,7.25,7.31,7.08,7.11,124301058.0,971421540.0,11144401540.000002,0.011153677257038244
2022-04-18,7.06,7.17,6.87,6.96,130094996.0,986869164.0,11144401540.000002,0.011673573994355552
2022-04-19,6.89,7.08,6.89,6.97,102191878.0,775744755.0,11144401540.000002,0.009169795043117226
2022-04-20,6.97,7.0,6.51,6.53,188354301.0,1366468439.0,11144401540.000002,0.01690124860666138
2022-04-21,6.53,6.58,6.21,6.25,158538669.0,1096784854.0,11144401540.000002,0.014225857569019356
2022-04-22,6.2,6.52,6.17,6.43,145292123.0,1011743473.0,11144401540.000002,0.013037229722790478
2022-04-25,6.3,6.56,6.26,6.26,184865307.0,1295543171.0,11144401540.000002,0.01658817715213086
2022-04-26,6.23,6.56,6.23,6.37,185059856.0,1288407377.0,11144401540.000002,0.01660563425822146
2022-04-27,6.57,6.87,6.52,6.87,314968680.0,2302522333.0,11144401540.000002,0.028262502824355336
2022-04-28,6.75,7.01,6.67,6.99,231673838.0,1731773311.0,11144401540.000002,0.020788360610344624
2022-04-29,6.9,7.24,6.85,7.13,232478621.0,1783956697.0,11144401540.000002,0.02086057471687259
2022-05-05,7.13,7.28,6.98,6.99,167699743.0,1293859543.0,11144401540.000002,0.015047891302021407
2022-05-06,6.76,6.81,6.62,6.75,140885339.0,1033460072.0,11144401540.000002,0.012641803913321663
2022-05-09,6.72,6.89,6.66,6.74,82867469.0,610321412.0,11144401540.000002,0.00743579354194734
2022-05-10,6.63,6.96,6.54,6.87,153942620.0,1135662811.0,11144401540.000002,0.01381344879287255
2022-05-11,6.86,6.97,6.69,6.72,181786174.0,1344273838.0,11144401540.000002,0.016311882997711868
2022-05-12,6.63,6.75,6.47,6.54,188800892.0,1352319448.0,11144401540.000002,0.016941321732023663
2022-05-13,6.51,6.59,6.43,6.5,140933026.0,995211541.0,11144401540.000002,0.012646082922816148
2022-05-16,6.54,6.59,6.43,6.59,142248015.0,1007550328.0,11144401540.000002,0.01276407840200632
2022-05-17,6.52,6.54,6.43,6.51,100838461.0,710971103.0,11144401540.000002,0.009048351375178463
2022-05-18,6.52,6.59,6.46,6.51,107704738.0,765290495.0,11144401540.000002,0.00966447032740351
2022-05-19,6.44,6.99,6.41,6.98,300372989.0,2205666352.0,11144401540.000002,0.02695281464167343
2022-05-20,6.98,7.21,6.91,7.09,294807493.0,2264295611.0,11144401540.000002,0.026453416268416324
2022-05-23,7.1,7.11,6.82,6.92,193014853.0,1449661989.0,11144401540.000002,0.017319445311372007
2022-05-24,6.94,7.0,6.63,6.63,163942583.0,1215036126.0,11144401540.000002,0.014710757003107765
2022-05-25,6.61,7.24,6.57,7.12,261118477.0,1963122670.0,11144401540.000002,0.02343046201833104
2022-05-26,7.26,7.33,7.09,7.11,266073747.0,2080381444.0,11144401540.000002,0.023875104109
2022-05-27,7.12,7.31,7.05,7.22,214830619.0,1682030204.0,11144401540.000002,0.019276999148758234
2022-05-30,7.26,7.4,7.19,7.24,192117080.0,1522428891.0,11144401540.000002,0.017238887104923894
2022-05-31,7.3,7.3,7.02,7.18,151506821.0,1176903621.0,11144401540.000002,0.013594881740056181
2022-06-01,7.13,7.15,6.93,7.05,140313237.0,1073916676.0,11144401540.000002,0.012590468541211588
2022-06-02,7.05,7.16,7.01,7.09,123217568.0,949896075.0,11144401540.000002,0.011056454450043083
2022-06-06,7.08,7.26,6.94,7.21,230945656.0,1786586456.0,11144401540.000002,0.020723019999869814
2022-06-07,7.23,7.43,7.05,7.09,181174134.0,1420287770.0,11144401540.000002,0.01625696394281213
2022-06-08,7.09,7.15,6.93,7.07,141162942.0,1080943941.0,11144401540.000002,0.012666713550595914
2022-06-09,7.08,7.54,7.07,7.32,354683036.0,2844075575.0,11144401540.000002,0.031826117780031096
2022-06-10,7.22,7.32,7.11,7.26,241849755.0,1894747394.0,11144401540.000002,0.02170145737587987
2022-06-13,7.19,7.23,7.03,7.14,206782138.0,1599748905.0,11144401540.000002,0.01855479966849794
2022-06-14,7.08,7.3,7.04,7.27,187583780.0,1465745006.0,11144401540.000002,0.016832108868898486
2022-06-15,7.23,7.77,7.2,7.65,422196415.0,3495299453.0,11144401540.000002,0.037884171122570656
2022-06-16,7.68,7.72,7.41,7.43,223316275.0,1827670685.0,11144401540.000002,0.020038426845843886
2022-06-17,7.35,7.48,7.26,7.43,192520026.0,1543651333.0,11144401540.000002,0.01727504391411223
2022-06-20,7.44,7.61,7.35,7.43,199412250.0,1621252281.0,11144401540.000002,0.017893491120564917
2022-06-21,7.41,7.52,7.22,7.31,178816099.0,1433115811.0,11144401540.000002,0.01604537474337989
2022-06-22,7.37,7.43,7.26,7.28,126050996.0,1006451652.0,10991401639.0,0.011468145750651337
2022-06-23,7.28,7.34,7.12,7.34,150629562.0,1186451761.0,10991401639.0,0.013704308781286997
2022-06-24,7.33,7.36,7.15,7.2,158709293.0,1246776426.0,10991401639.0,0.014439404382864441
2022-06-27,7.28,7.45,7.21,7.31,212216118.0,1697558427.0,10991401639.0,0.019307466415112048
2022-06-28,7.32,7.38,7.18,7.31,165044033.0,1304740389.0,10991401639.0,0.01501574034146711
2022-06-29,7.29,7.49,7.21,7.34,231990583.0,1857026496.0,10991401639.0,0.0211065513407175
2022-06-30,7.32,7.34,7.06,7.23,225352167.0,1764468375.0,10991401639.0,0.020502586876672682
2022-07-01,7.24,7.43,7.18,7.22,229819216.0,1832864491.0,10991401639.0,0.020908999920860774
2022-07-04,7.15,7.16,7.04,7.09,204484251.0,1575023667.0,10991401639.0,0.0186040195523784
2022-07-05,7.05,7.19,7.01,7.1,148026545.0,1143016734.0,10991401639.0,0.013467485754934845
2022-07-06,7.07,7.1,6.86,6.91,155646390.0,1179203204.0,10991401639.0,0.014160740832882596
2022-07-07,6.95,6.96,6.86,6.87,121925997.0,916255640.0,10991401639.0,0.011092852486381605
2022-07-08,7.02,7.05,6.9,6.96,119573445.0,908342405.0,10991401639.0,0.010878816817659192
2022-07-11,6.91,7.05,6.85,6.98,103340845.0,783119503.0,10991401639.0,0.00940197150410036
2022-07-12,6.94,7.33,6.92,7.23,303448628.0,2382600417.0,10991401639.0,0.027607819090451128
2022-07-13,7.37,7.41,7.22,7.28,206291143.0,1638704832.0,10991401639.0,0.018768410961167315
2022-07-14,7.22,7.27,7.05,7.14,160272664.0,1241766381.0,10991401639.0,0.01458164020058334
2022-07-15,7.09,7.11,6.87,6.87,173942167.0,1322762033.0,10991401639.0,0.015825294417666762
2022-07-18,6.8,6.99,6.8,6.97,105331284.0,793488943.0,10991401639.0,0.009583062057004684
2022-07-19,6.97,6.97,6.88,6.97,87210402.0,657338643.0,10991401639.0,0.00793442045558208
2022-07-20,6.97,6.98,6.88,6.92,85047194.0,639435001.0,10991401639.0,0.007737611343236986
2022-07-21,6.91,7.05,6.87,6.93,144120790.0,1094041783.0,10991401639.0,0.013112139355241697
2022-07-22,6.95,7.03,6.91,6.99,98453362.0,748257959.0,10991401639.0,0.00895730728742229
2022-07-25,7.05,7.08,6.86,6.87,70471853.0,522960441.0,10991401639.0,0.006411543797103164
2022-07-26,6.87,6.96,6.84,6.91,49300185.0,364936618.0,10991401639.0,0.0044853410528709736
2022-07-27,6.94,6.94,6.8,6.82,81688981.0,600718811.0,10991401639.0,0.007432080428227539
2022-07-28,6.82,6.88,6.72,6.82,75792978.0,552822102.0,10991401639.0,0.00689566085284967
2022-07-29,6.82,6.86,6.72,6.75,84725349.0,617294466.0,10991401639.0,0.007708329818407794
2022-08-01,6.72,6.8,6.56,6.76,102574435.0,736523872.0,10991401639.0,0.009332243363398033
2022-08-02,6.63,6.64,6.42,6.42,126526051.0,882190623.0,10991401639.0,0.011511366353046068
2022-08-03,6.42,6.52,6.29,6.32,112834485.0,775041820.0,10991401639.0,0.010265704839648249
2022-08-04,6.38,6.41,6.29,6.4,56757898.0,387413444.0,10991401639.0,0.00516384532784336
2022-08-05,6.38,6.49,6.34,6.46,66235770.0,456200060.0,10991401639.0,0.006026144087482017
2022-08-08,6.45,6.58,6.43,6.5,73825582.0,515904436.0,10991401639.0,0.006716666756862928
2022-08-09,6.5,6.55,6.44,6.49,52626617.0,366793296.0,10991401639.0,0.004787980525911159
2022-08-10,6.46,6.59,6.43,6.48,60038246.0,419652047.0,10991401639.0,0.0054622920690087975
2022-08-11,6.52,6.59,6.49,6.57,80025353.0,563194474.0,10991401639.0,0.007280723207862025
2022-08-12,6.55,6.7,6.53,6.68,84847480.0,606708901.0,10991401639.0,0.00771944132210962
2022-08-15,6.65,6.87,6.63,6.82,107031775.0,779425374.0,10991401639.0,0.009737773080753126
2022-08-16,6.83,6.97,6.8,6.83,93842076.0,691524830.0,10991401639.0,0.00853777153106906
2022-08-17,6.83,6.98,6.81,6.96,109744682.0,816422350.0,10991401639.0,0.00998459392208914
2022-08-18,6.92,6.96,6.75,6.77,103355117.0,756854466.0,10991401639.0,0.009403269973619422
2022-08-19,6.81,6.94,6.73,6.85,119444548.0,877295423.0,10991401639.0,0.010867089741874548
2022-08-22,6.85,7.25,6.84,7.23,278001417.0,2139563700.0,10991401639.0,0.025292626557616417
2022-08-23,7.19,7.32,7.11,7.27,143338118.0,1115219398.0,10991401639.0,0.013040931694407714
2022-08-24,7.28,7.38,7.12,7.17,161213901.0,1254611317.0,10991401639.0,0.01466727413799313
2022-08-25,7.21,7.33,7.14,7.29,132092507.0,1030014280.0,10991401639.0,0.012017803674037864
2022-08-26,7.37,7.4,7.17,7.2,142285187.0,1112892698.0,10991401639.0,0.012945135813720036
2022-08-29,7.13,7.47,7.08,7.41,158683270.0,1248705359.0,10991401639.0,0.014437036804929006
2022-08-30,7.43,7.45,7.23,7.29,87063422.0,682264096.0,10991401639.0,0.00792104818470823
2022-08-31,7.26,7.31,7.12,7.19,97026365.0,749886221.0,10991401639.0,0.008827478804498266
2022-09-01,7.2,7.29,7.11,7.12,70124517.0,541142158.0,10991401639.0,0.006379943095808838
2022-09-02,7.17,7.19,7.09,7.12,48480790.0,370710470.0,10991401639.0,0.004410792325883088
2022-09-05,7.13,7.38,7.13,7.36,104890787.0,823163823.0,10991401639.0,0.00954298554861498
2022-09-06,7.37,7.49,7.25,7.44,123527464.0,979579421.0,10991401639.0,0.011238554286079073
2022-09-07,7.44,7.8,7.37,7.67,232071975.0,1907925008.0,10991401639.0,0.021113956401752777
2022-09-08,7.62,7.64,7.48,7.54,114396570.0,926912124.0,10991401639.0,0.010407823656820516
2022-09-09,7.5,7.73,7.5,7.62,127955688.0,1049683889.0,10991401639.0,0.011641435023717452
2022-09-13,7.63,7.71,7.48,7.53,103169217.0,841360569.0,10991401639.0,0.009386356753076157
2022-09-14,7.41,7.58,7.38,7.46,78538201.0,630857210.0,10991401639.0,0.007145421810565865
2022-09-15,7.5,7.55,7.22,7.34,105104335.0,828727657.0,10991401639.0,0.009562414189930596
2022-09-16,7.34,7.36,6.94,6.96,128133430.0,978742945.0,10991401639.0,0.01165760602772929
2022-09-19,6.97,7.02,6.82,6.89,85598953.0,636716366.0,10991401639.0,0.00778781049145501
2022-09-20,6.93,7.0,6.7,6.73,93428710.0,682307015.0,10991401639.0,0.008500163406684514
2022-09-21,6.74,6.91,6.62,6.87,73375402.0,535944266.0,10991401639.0,0.006675709287125614
2022-09-22,6.8,6.91,6.73,6.77,67007007.0,488274266.0,10991401639.0,0.0060963113896451435
2022-09-23,6.77,6.87,6.61,6.69,80971516.0,585377741.0,10991401639.0,0.00736680531377314
2022-09-26,6.66,6.74,6.51,6.52,76490406.0,541368387.0,10991401639.0,0.006959112996889732
2022-09-27,6.53,6.58,6.42,6.56,75207622.0,527286334.0,10991401639.0,0.006842405042605868
2022-09-28,6.53,6.56,6.36,6.38,74329504.0,513177558.0,10991401639.0,0.006762513684902749
2022-09-29,6.44,6.5,6.36,6.42,85195596.0,588455379.0,10991401639.0,0.007751112987965665
2022-09-30,6.42,6.59,6.42,6.49,80862358.0,566067115.0,10991401639.0,0.00735687409630105
2022-10-10,6.52,6.7,6.5,6.56,90303958.0,639267956.0,10991401639.0,0.008215872821859312
2022-10-11,6.6,6.69,6.5,6.65,81772148.0,579613147.0,10991401639.0,0.00743964697913083
2022-10-12,6.64,6.8,6.59,6.79,88698261.0,640753568.0,10991401639.0,0.008069786175884825
2022-10-13,6.76,6.88,6.7,6.79,83850192.0,611659353.0,10991401639.0,0.0076287078530985885
2022-10-14,6.88,6.88,6.75,6.77,68689927.0,500753723.0,10991401639.0,0.006249423800170533
2022-10-17,6.77,6.98,6.64,6.95,102201224.0,749905303.0,10991401639.0,0.009298288549238956
2022-10-18,6.94,7.03,6.91,6.97,74542342.0,557828505.0,10991401639.0,0.006781877730271157
2022-10-19,6.95,7.16,6.94,6.99,79018593.0,598722676.0,10991401639.0,0.007189127974327133
2022-10-20,6.98,7.04,6.89,6.91,66463517.0,497263242.0,10991401639.0,0.006046864556761559
2022-10-21,6.94,7.22,6.94,7.1,111213984.0,850840243.0,10991401639.0,0.010118271322684398
2022-10-24,7.07,7.23,7.03,7.09,114378809.0,877183502.0,10991401639.0,0.01040620775735807
2022-10-25,7.06,7.17,7.05,7.14,71627165.0,547468588.0,10991401639.0,0.006516654322397835
2022-10-26,7.16,7.19,7.12,7.14,59746516.0,458907950.0,10991401639.0,0.005435750413123448
2022-10-27,7.14,7.26,7.14,7.17,56947255.0,440831452.0,10991401639.0,0.005181073066963375
2022-10-28,7.16,7.17,6.97,7.01,82698817.0,628111049.0,10991401639.0,0.0075239555168801885
2022-10-31,6.96,6.96,6.48,6.56,152927641.0,1095024654.0,10991401639.0,0.013913388485175343
2022-11-01,6.59,6.83,6.58,6.74,96495206.0,695695737.0,10991401639.0,0.008779153848551307
2022-11-02,6.74,6.78,6.66,6.73,67686936.0,488533601.0,10991401639.0,0.00615817147103708
2022-11-03,6.69,6.69,6.58,6.63,70812575.0,504023666.0,10991401639.0,0.006442542755306187
2022-11-04,6.62,6.87,6.61,6.8,101449425.0,738719000.0,10991401639.0,0.009229889720345975
2022-11-07,6.78,6.9,6.75,6.84,69447939.0,508970907.0,10991401639.0,0.006318387889091676
2022-11-08,6.79,6.85,6.68,6.73,79255497.0,572012357.0,10991401639.0,0.007210681549365225
2022-11-09,6.8,6.98,6.74,6.77,103002966.0,758967334.0,10991401639.0,0.009371231202626786
2022-11-10,6.66,6.77,6.6,6.7,75385540.0,540901180.0,10991401639.0,0.006858592059134197
2022-11-11,6.82,6.92,6.72,6.86,103585665.0,759288636.0,10991401639.0,0.009424245278459704
2022-11-14,6.87,6.95,6.67,6.69,106731061.0,775825926.0,10991401639.0,0.009710414058685096
2022-11-15,6.69,6.8,6.63,6.76,88676926.0,640628293.0,10991401639.0,0.008067845113161368
2022-11-16,6.78,6.83,6.68,6.69,71555691.0,517200245.0,10991401639.0,0.006510151603058893
2022-11-17,6.67,6.69,6.61,6.66,71274768.0,508498359.0,10991401639.0,0.006484593170274195
2022-11-18,6.66,6.69,6.59,6.64,67798305.0,483293964.0,10991401639.0,0.006168303845747584
2022-11-21,6.59,6.62,6.53,6.58,60990033.0,429603783.0,10991401639.0,0.005548885847605955
2022-11-22,6.59,7.23,6.56,6.93,331823436.0,2482559874.0,10991401639.0,0.03018936500533424
2022-11-23,6.96,7.4,6.91,7.15,363311242.0,2805312338.0,10991401639.0,0.03305413212368556
2022-11-24,6.98,7.1,6.88,6.98,178104264.0,1334886384.0,10991401639.0,0.016203962865668147
2022-11-25,6.96,7.2,6.93,7.16,151879889.0,1162633666.0,10991401639.0,0.013818063790981444
2022-11-28,6.98,7.34,6.97,7.21,169456178.0,1309426649.0,10991401639.0,0.015417158208351775
2022-11-29,7.22,7.31,7.1,7.2,171254193.0,1322579513.0,10991401639.0,0.015580741985840191
2022-11-30,7.15,7.19,7.04,7.11,131984125.0,1007780819.0,10991401639.0,0.012007943057206665
2022-12-01,7.12,7.14,7.0,7.06,107575742.0,816075518.0,10991401639.0,0.00978726331119561
2022-12-02,7.06,7.08,6.96,6.99,94749892.0,712107746.0,10991401639.0,0.008620364818969564
2022-12-05,7.1,7.5,7.06,7.48,294366172.0,2312923969.0,10991401639.0,0.02678149536047538
2022-12-06,7.41,7.41,7.17,7.21,192935544.0,1508530020.0,10991401639.0,0.01755331579508665
2022-12-07,7.22,7.23,7.03,7.1,149681918.0,1141294696.0,10991401639.0,0.013618091933688823
2022-12-08,7.05,7.12,7.02,7.09,86328352.0,655783193.0,10991401639.0,0.007854171363703727
2022-12-09,7.07,7.15,6.94,7.1,194665668.0,1467838793.0,10991401639.0,0.017710722835319003
2022-12-12,7.03,7.05,6.86,6.87,141402376.0,1051101702.0,10991401639.0,0.012864817485903901
2022-12-13,6.84,6.9,6.83,6.83,66233131.0,487848464.0,10991401639.0,0.006025903990714864
2022-12-14,6.87,6.88,6.81,6.84,49675227.0,364796720.0,10991401639.0,0.004519462451789676
2022-12-15,6.84,6.85,6.74,6.77,67425726.0,490525799.0,10991401639.0,0.006134406531079543
2022-12-16,6.74,6.85,6.73,6.77,70401233.0,513565650.0,10991401639.0,0.006405118774861285
2022-12-19,6.78,6.79,6.57,6.65,94726714.0,676395523.0,10991401639.0,0.008618256079723993
2022-12-20,6.62,6.69,6.58,6.62,66227295.0,471594145.0,10991401639.0,0.006025373030224867
2022-12-21,6.62,6.64,6.53,6.56,83913671.0,591874491.0,10991401639.0,0.0076344831856799
2022-12-22,6.57,6.59,6.42,6.46,103821644.0,724323695.0,10991401639.0,0.009445714696806013
2022-12-23,6.4,6.46,6.38,6.38,65174499.0,449055653.0,10991401639.0,0.005929589431865178
2022-12-26,6.39,6.45,6.34,6.42,81477399.0,559357795.0,10991401639.0,0.007412830653999542
2022-12-27,6.45,6.48,6.42,6.46,84058032.0,582378786.0,10991401639.0,0.007647617179390746
2022-12-28,6.46,6.56,6.38,6.42,117238880.0,813269909.0,10991401639.0,0.010666417609926083
2022-12-29,6.4,6.47,6.36,6.44,64612902.0,445710025.0,10991401639.0,0.005878495220367408
2022-12-30,6.46,6.62,6.43,6.59,102620397.0,722671367.0,10991401639.0,0.009336424995687485
2023-01-03,6.57,6.63,6.53,6.61,93666449.0,661595178.0,10991401639.0,0.008521792950195731
2023-01-04,6.58,6.65,6.55,6.58,70136281.0,496768879.0,10991401639.0,0.006381013386967908
2023-01-05,6.61,6.62,6.56,6.6,93558271.0,662310488.0,10991401639.0,0.008511950893326826
2023-01-06,6.59,6.75,6.57,6.66,121900426.0,873562740.0,10991401639.0,0.011090526031499884
2023-01-09,6.67,6.71,6.62,6.64,66730010.0,477115723.0,10991401639.0,0.0060711101451544364
2023-01-10,6.64,6.64,6.54,6.55,81128195.0,572167673.0,10991401639.0,0.007381060001677917
2023-01-11,6.55,6.57,6.47,6.49,62618886.0,438479408.0,10991401639.0,0.005697079231261453
2023-01-12,6.51,6.53,6.47,6.52,48901303.0,341239717.0,10991401639.0,0.004449050685809444
2023-01-13,6.53,6.53,6.42,6.46,95834619.0,664405227.0,10991401639.0,0.008719053506329613
2023-01-16,6.46,6.56,6.42,6.5,116247281.0,809944908.0,10991401639.0,0.01057620172731457
2023-01-17,6.48,6.49,6.4,6.42,91354837.0,629953997.0,10991401639.0,0.008311482011161542
2023-01-18,6.4,6.45,6.4,6.42,56185998.0,387317739.0,10991401639.0,0.005111813747269435
2023-01-19,6.42,6.45,6.41,6.45,60651740.0,418510503.0,10991401639.0,0.005518107880326545
2023-01-20,6.46,6.56,6.44,6.56,121331605.0,848314367.0,10991401639.0,0.011038774578984339
2023-01-30,6.62,6.65,6.52,6.55,120144271.0,845863974.0,10991401639.0,0.01093075068549044
2023-01-31,6.56,6.56,6.5,6.54,64837123.0,454206035.0,10991401639.0,0.005898894893435893
2023-02-01,6.54,6.6,6.5,6.6,123716574.0,870411164.0,10991401639.0,0.011255759553087876
2023-02-02,6.6,6.6,6.54,6.57,81404267.0,574027311.0,10991401639.0,0.007406177089476841
2023-02-03,6.55,6.55,6.45,6.48,103711896.0,722893540.0,10991401639.0,0.009435729801011596
2023-02-06,6.45,6.54,6.43,6.49,56725711.0,395301471.0,10991401639.0,0.005160916947909922
2023-02-07,6.49,6.53,6.46,6.52,68207480.0,476412187.0,10991401639.0,0.0062055306720831946
2023-02-08,6.51,6.52,6.46,6.47,52452736.0,365200410.0,10991401639.0,0.0047721607964798345
2023-02-09,6.46,6.51,6.45,6.49,56423775.0,392736539.0,10991401639.0,0.00513344674802853
2023-02-10,6.46,6.5,6.46,6.49,62444078.0,434546895.0,10991401639.0,0.0056811751631779305
2023-02-13,6.51,6.56,6.47,6.56,114592899.0,803601808.0,10991401639.0,0.010425685709946059
2023-02-14,6.57,6.58,6.52,6.55,60614088.0,425912209.0,10991401639.0,0.00551468229356003
2023-02-15,6.55,6.56,6.49,6.5,47940390.0,335042470.0,10991401639.0,0.004361626621840163
2023-02-16,6.5,6.56,6.43,6.47,106370600.0,743855753.0,10991401639.0,0.00967761924216952
2023-02-17,6.46,6.48,6.42,6.42,62992586.0,436050664.0,10991401639.0,0.0057310785347419145
2023-02-20,6.46,6.56,6.42,6.55,134883883.0,945186716.0,10991401639.0,0.012271763641263114
2023-02-21,6.54,6.56,6.5,6.55,102023127.0,716023182.0,10991401639.0,0.009282085247253515
2023-02-22,6.53,6.56,6.51,6.52,60359143.0,423414637.0,10991401639.0,0.005491487344601437
2023-02-23,6.52,6.53,6.47,6.49,63593301.0,443570135.0,10991401639.0,0.00578573170999015
2023-02-24,6.5,6.5,6.44,6.44,62748647.0,435104625.0,10991401639.0,0.005708884913945232
2023-02-27,6.44,6.46,6.41,6.42,62802962.0,433755951.0,10991401639.0,0.0057138265039065415
2023-02-28,6.43,6.69,6.41,6.69,224389660.0,1582708092.0,10991401639.0,0.020415017790252912
2023-03-01,6.65,7.13,6.64,7.1,588684654.0,4419824999.0,10991401639.0,0.053558651874863035
2023-03-02,7.04,7.21,6.98,7.09,307975927.0,2353405310.0,10991401639.0,0.028019713692131052
2023-03-03,7.11,7.35,7.1,7.23,311244389.0,2422509717.0,10991401639.0,0.028317079042552127
2023-03-06,7.24,7.27,7.08,7.15,228784550.0,1757765245.0,10991401639.0,0.02081486579366004
2023-03-07,7.17,7.36,7.09,7.1,270744488.0,2102872071.0,10991401639.0,0.02463238965259324
2023-03-08,7.08,7.12,6.98,7.09,173504356.0,1314490417.0,10991401639.0,0.015785462282113954
2023-03-09,7.08,7.1,6.97,7.07,101071409.0,763386683.0,10991401639.0,0.009195497746290663
2023-03-10,7.0,7.09,6.98,6.99,98451501.0,742321939.0,10991401639.0,0.008957137973256443
2023-03-13,7.23,7.26,7.03,7.17,178135266.0,1366277566.0,10991401639.0,0.016206783434055894
2023-03-14,7.12,7.28,7.08,7.11,142024024.0,1094871192.0,10991401639.0,0.012921375149832244
2023-03-15,7.13,7.38,6.95,7.31,237459844.0,1850319094.0,10991401639.0,0.021604145840457535
2023-03-16,7.25,7.35,7.16,7.19,151670621.0,1178086594.0,10991401639.0,0.013799024544953215
2023-03-17,7.23,7.37,7.09,7.23,214638285.0,1673560575.0,10991401639.0,0.01952783567096797
2023-03-20,7.23,7.59,7.13,7.15,259935913.0,2050710605.0,10991401639.0,0.023649023258115517
2023-03-21,7.06,7.26,6.99,7.08,162896206.0,1236981654.0,10991401639.0,0.014820330595691008
2023-03-22,7.06,7.13,6.9,7.04,98717420.0,745180029.0,10991401639.0,0.008981331339010312
2023-03-23,7.02,7.17,6.93,7.15,127695349.0,969203636.0,10991401639.0,0.011617749327520502
2023-03-24,7.12,7.13,6.91,6.96,160989151.0,1205785157.0,10991401639.0,0.014646826336394966
2023-03-27,6.94,6.95,6.71,6.78,126712951.0,923010586.0,10991401639.0,0.011528370553796664
2023-03-28,6.82,6.88,6.75,6.76,73387157.0,536775618.0,10991401639.0,0.006676778759462818
2023-03-29,6.78,6.82,6.63,6.7,84173283.0,604523496.0,10991401639.0,0.007658102739266118
2023-03-30,6.69,6.71,6.56,6.63,88012127.0,625620468.0,10991401639.0,0.008007361562306385
2023-03-31,6.63,6.69,6.59,6.64,73166211.0,522202313.0,10991401639.0,0.00665667704657335
2023-04-03,6.66,6.72,6.61,6.69,65562947.0,470270137.0,10991401639.0,0.005964930511443391
2023-04-04,6.69,6.99,6.64,6.92,175586580.0,1294742584.0,10991401639.0,0.015974903453348368
2023-04-06,6.87,6.91,6.76,6.82,88514182.0,648008618.0,10991401639.0,0.008053038630299113
2023-04-07,6.8,6.84,6.74,6.78,59629765.0,434216151.0,10991401639.0,0.0054251283829370766
2023-04-10,6.78,6.89,6.72,6.8,71561365.0,524381090.0,10991401639.0,0.006510667824755303
2023-04-11,6.78,6.78,6.63,6.75,78972930.0,567888290.0,10991401639.0,0.0071849735451196715
2023-04-12,6.76,6.88,6.69,6.83,77345111.0,566014507.0,10991401639.0,0.0070368742349985565
2023-04-13,6.82,7.34,6.78,7.24,320167664.0,2445815480.0,10991401639.0,0.02912892045214435
2023-04-14,7.18,7.34,7.1,7.26,205250463.0,1592671448.0,10991401639.0,0.018673729678999676
2023-04-17,7.26,7.41,7.17,7.3,198250059.0,1554809242.0,10991401639.0,0.018036831471662684
2023-04-18,7.25,7.37,7.17,7.23,122680512.0,954138201.0,10991401639.0,0.011161498417517705
2023-04-19,7.19,7.3,7.12,7.14,110087983.0,851058303.0,10991401639.0,0.010015827518246874
2023-04-20,7.12,7.33,7.07,7.27,141865622.0,1097205011.0,10991401639.0,0.012906963703030232
2023-04-21,7.27,7.38,7.08,7.08,135631606.0,1050918162.0,10991401639.0,0.012339791634831005
2023-04-24,7.09,7.18,6.92,6.96,103678079.0,783269981.0,10991401639.0,0.009432653123340205
2023-04-25,6.97,7.05,6.88,6.97,86369412.0,644774077.0,10991401639.0,0.007857907011016832
2023-04-26,6.94,7.0,6.8,6.94,92762919.0,688185756.0,10991401639.0,0.008439589603463858
2023-04-27,6.95,7.17,6.94,7.01,130357260.0,987120799.0,10991401639.0,0.011859930542203344
2023-04-28,7.02,7.2,6.98,7.16,156267445.0,1190575019.0,10991401639.0,0.014217244545547991
2023-05-04,7.1,7.34,7.06,7.26,178845382.0,1393045018.0,10991401639.0,0.0162713899349666
2023-05-05,7.28,7.34,7.12,7.21,102827398.0,796692347.0,10991401639.0,0.00935525798958569
2023-05-08,7.25,7.37,7.19,7.23,195551183.0,1528935282.0,10991401639.0,0.017791287173615767
2023-05-09,7.3,7.44,7.08,7.09,234235641.0,1830439936.0,10991401639.0,0.02131080718303283
2023-05-10,7.1,7.16,6.92,6.96,159839100.0,1204907596.0,10991401639.0,0.014542194457971076
2023-05-11,6.96,7.05,6.87,6.95,103940565.0,776296066.0,10991401639.0,0.009456534154042299
2023-05-12,6.94,6.99,6.7,6.7,147235691.0,1076421702.0,10991401639.0,0.01339553369404446
2023-05-15,6.69,6.71,6.56,6.69,146210113.0,1042134134.0,10991401639.0,0.01330222639496797
2023-05-16,6.69,6.73,6.6,6.63,109474666.0,782522783.0,10991401639.0,0.009960027810425825
2023-05-17,6.6,6.66,6.54,6.64,85773689.0,608960475.0,10991401639.0,0.007803708008963605
2023-05-18,6.66,6.69,6.56,6.58,122034465.0,866750418.0,10991401639.0,0.011102720927510636
2023-05-19,6.57,6.57,6.41,6.42,199457222.0,1381895173.0,10991401639.0,0.018146659411687794
2023-05-22,6.42,6.46,6.4,6.43,115421932.0,796347222.0,10991401639.0,0.010501111304172223
2023-05-23,6.43,6.45,6.31,6.31,117871389.0,808021232.0,10991401639.0,0.010723963409886272
2023-05-24,6.3,6.35,6.18,6.32,135747896.0,912245742.0,10991401639.0,0.012350371723141797
2023-05-25,6.26,6.36,6.25,6.3,82974541.0,560302524.0,10991401639.0,0.007549040943566961
2023-05-26,6.4,6.43,6.31,6.34,92041998.0,627769396.0,10991401639.0,0.008374000061412914
2023-05-29,6.35,6.39,6.27,6.3,84057325.0,570415289.0,10991401639.0,0.007647552856384161
2023-05-30,6.29,6.42,6.26,6.3,119073021.0,808818252.0,10991401639.0,0.010833288138384623
2023-05-31,6.29,6.29,6.17,6.17,115736527.0,772500764.0,10991401639.0,0.010529733222498248
2023-06-01,6.17,6.21,5.86,5.93,254622732.0,1642094365.0,10991401639.0,0.023165628949136065
2023-06-02,5.97,6.0,5.87,5.88,198831006.0,1262587133.0,10991401639.0,0.018089686150172354
2023-06-05,5.89,5.91,5.46,5.52,508465196.0,3055317331.0,10991401639.0,0.04626026895385658
2023-06-06,5.48,5.52,5.29,5.32,288327572.0,1671084965.0,10991401639.0,0.026232102280472402
2023-06-07,5.31,5.35,5.22,5.34,165653987.0,942969728.0,10991401639.0,0.015071234082850896
2023-06-08,5.32,5.39,5.29,5.37,145935487.0,838103144.0,10991401639.0,0.01327724086454885
2023-06-09,5.34,5.38,5.33,5.35,106152879.0,610829407.0,10991401639.0,0.009657810940448703
2023-06-12,5.36,5.38,5.28,5.35,95405867.0,546909133.0,10991401639.0,0.008680045560475037
2023-06-13,5.34,5.36,5.28,5.33,90156902.0,514979646.0,10991401639.0,0.008202493636489703
2023-06-14,5.34,5.34,5.25,5.26,103146091.0,584753995.0,10991401639.0,0.009384252744801367
2023-06-15,5.27,5.33,5.22,5.33,100060306.0,568026616.0,10991401639.0,0.009103507385715323
2023-06-16,5.33,5.48,5.33,5.46,187540997.0,1093659511.0,10991401639.0,0.017062518790557316
2023-06-19,5.47,5.48,5.36,5.38,109228920.0,633071567.0,10991401639.0,0.009937669788394492
2023-06-20,5.37,5.44,5.34,5.35,78919275.0,456426165.0,10991401639.0,0.007180092002095202
2023-06-21,5.34,5.42,5.32,5.32,81175512.0,467730211.0,10991401639.0,0.007385364912148308
2023-06-26,5.29,5.3,5.23,5.25,77426286.0,437285106.0,10991401639.0,0.007044259553328838
2023-06-27,5.24,5.41,5.23,5.38,103540403.0,594267792.0,10991401639.0,0.009420127332315384
2023-06-28,5.38,5.39,5.31,5.35,59736178.0,342451005.0,10991401639.0,0.005434809859740037
2023-06-29,5.35,5.36,5.32,5.32,64956663.0,372188812.0,10991401639.0,0.005909770667420517
2023-06-30,5.32,5.37,5.32,5.34,62132867.0,356980787.0,10991401639.0,0.005652861121873521
2023-07-03,5.34,5.49,5.34,5.46,134149592.0,783608676.0,10991401639.0,0.012204957693840125
2023-07-04,5.46,5.49,5.42,5.46,77240461.0,452912436.0,10991401639.0,0.007027353156301124
2023-07-05,5.47,5.53,5.44,5.46,75824509.0,446014925.0,10991401639.0,0.006898529549767097
2023-07-06,5.45,5.46,5.38,5.39,82079385.0,476546183.0,10991401639.0,0.007467599465091296
2023-07-07,5.39,5.43,5.35,5.4,66429581.0,384717528.0,10991401639.0,0.006043777052445495
2023-07-10,5.4,5.46,5.36,5.44,109564653.0,636619791.0,10991401639.0,0.009968214846343129
2023-07-11,5.47,5.47,5.42,5.43,67490091.0,385807255.0,10991401639.0,0.006140262472124553
2023-07-12,5.43,5.45,5.35,5.35,83866856.0,475021359.0,10991401639.0,0.007630223947273591
2023-07-13,5.35,5.5,5.35,5.49,208794012.0,1194040576.0,13071525850.0,0.015973193519714456
2023-07-14,5.49,5.49,5.42,5.47,112578528.0,645647668.0,13071525850.0,0.008612500888716063
2023-07-17,5.47,5.47,5.43,5.46,56482550.0,323242241.0,13071525850.0,0.004321037241417382
2023-07-18,5.46,5.47,5.39,5.42,72554548.0,413594514.0,13071525850.0,0.005550579850630063
2023-07-19,5.42,5.47,5.41,5.45,44636824.0,255181189.0,13071525850.0,0.003414813581231605
2023-07-20,5.45,5.49,5.39,5.4,66234478.0,378492709.0,13071525850.0,0.0050670808259159735
2023-07-21,5.4,5.43,5.38,5.39,50872731.0,288709490.0,13071525850.0,0.0038918739544090792
2023-07-24,5.4,5.44,5.37,5.39,59156942.0,335875311.0,13071525850.0,0.004525634013874517
2023-07-25,5.43,5.49,5.43,5.49,135832515.0,781385145.0,13071525850.0,0.010391481190392168
2023-07-26,5.49,5.52,5.47,5.5,92024229.0,532551455.0,13071525850.0,0.00704005255820995
2023-07-27,5.5,5.56,5.49,5.49,89374101.0,519044948.0,13071525850.0,0.006837312034233555
2023-07-28,5.48,5.62,5.47,5.62,156005007.0,913926661.0,13071525850.0,0.011934720459585825
2023-07-31,5.63,5.78,5.63,5.7,175894436.0,1058623627.0,13071525850.0,0.013456304797040967
2023-08-01,5.71,5.76,5.67,5.7,112653222.0,676594687.0,13071525850.0,0.008618215141272126
2023-08-02,5.71,5.72,5.61,5.63,109506138.0,651014583.0,13071525850.0,0.00837745640842687
2023-08-03,5.62,5.71,5.59,5.69,90233764.0,536805441.0,13071525850.0,0.006903078113103376
2023-08-04,5.73,5.76,5.69,5.7,88071682.0,529245266.0,13071525850.0,0.006737674163724352
2023-08-07,5.7,5.7,5.63,5.65,78899498.0,468616275.0,13071525850.0,0.00603598224915724
2023-08-08,5.63,5.67,5.61,5.62,56216500.0,332871682.0,13071525850.0,0.004300683840976377
2023-08-09,5.63,5.65,5.58,5.58,60947515.0,359506784.0,13071525850.0,0.004662616721214685
2023-08-10,5.58,5.62,5.57,5.61,44333544.0,260949594.0,13071525850.0,0.0033916120052656287
2023-08-11,5.61,5.63,5.47,5.47,93976206.0,546511958.0,13071525850.0,0.007189383020651717
2023-08-14,5.42,5.55,5.36,5.49,92834837.0,531099910.0,13071525850.0,0.007102065823478443
2023-08-15,5.49,5.53,5.43,5.49,50603411.0,291858825.0,13071525850.0,0.003871270391895373
2023-08-16,5.45,5.48,5.41,5.42,62654539.0,357941090.0,13071525850.0,0.004793207749346263
2023-08-17,5.39,5.45,5.36,5.44,58447002.0,331589806.0,13071525850.0,0.004471322068341394
2023-08-18,5.42,5.47,5.32,5.32,92395820.0,523398766.0,13071525850.0,0.007068480073426164
2023-08-21,5.33,5.39,5.29,5.29,76918766.0,431743210.0,13071525850.0,0.005884451967021126
2023-08-22,5.3,5.38,5.27,5.34,74742038.0,417957466.0,13071525850.0,0.0057179275669641885
2023-08-23,5.33,5.33,5.2,5.21,78656640.0,435876426.0,13071525850.0,0.006017403086878339
2023-08-24,5.2,5.24,4.94,4.95,182019086.0,962806723.0,13071525850.0,0.013924853769080064
2023-08-25,4.94,5.03,4.91,4.97,97584425.0,511135302.0,13071525850.0,0.0074654195783883945
2023-08-28,5.23,5.26,4.97,4.99,166831766.0,898467666.0,13071525850.0,0.012762990940342287
2023-08-29,4.98,5.07,4.97,5.04,98960469.0,522877683.0,13071525850.0,0.007570689920641514
2023-08-30,5.04,5.04,4.94,4.95,107089225.0,561550094.0,13071525850.0,0.008192557336372478
2023-08-31,4.95,4.99,4.89,4.9,90496075.0,468133451.0,13071525850.0,0.006923145471957277
2023-09-01,4.91,4.96,4.91,4.93,76689114.0,398064105.0,13071525850.0,0.005866883092305555
2023-09-04,4.95,5.03,4.94,5.02,110501506.0,580918297.0,13071525850.0,0.008453604213313782
2023-09-05,5.0,5.01,4.95,4.97,72311067.0,378140346.0,13071525850.0,0.005531953027503671
2023-09-06,4.95,4.96,4.91,4.92,81716126.0,423717968.0,13071525850.0,0.006251460383257399
2023-09-07,4.92,4.93,4.86,4.86,74477976.0,383459287.0,13071525850.0,0.00569772625282304
2023-09-08,4.86,4.88,4.8,4.83,60237346.0,305666291.0,13071525850.0,0.004608287256686257
2023-09-11,4.86,4.9,4.81,4.88,72802334.0,371847989.0,13071525850.0,0.005569536015567761
2023-09-12,4.87,5.01,4.86,4.96,134293073.0,700624701.0,13071525850.0,0.010273710547724618
2023-09-13,4.95,4.97,4.89,4.91,68594099.0,355387934.0,13071525850.0,0.005247596936053185
2023-09-14,4.91,4.95,4.9,4.94,67846536.0,351790299.0,13071525850.0,0.005190406749645069
2023-09-15,4.94,4.96,4.87,4.88,74901677.0,386540959.0,13071525850.0,0.005730140295748258
2023-09-18,4.87,4.91,4.84,4.91,51336218.0,263831433.0,13071525850.0,0.003927331712387655
2023-09-19,4.9,4.92,4.88,4.9,45089613.0,232429765.0,13071525850.0,0.003449452919071418
2023-09-20,4.89,4.91,4.88,4.88,41319500.0,212647026.0,13071525850.0,0.003161031120173319
2023-09-21,4.87,4.9,4.8,4.8,68470163.0,348324920.0,13071525850.0,0.00523811556399133
2023-09-22,4.79,4.91,4.77,4.91,92388512.0,471885216.0,13071525850.0,0.007067920995619651
2023-09-25,4.9,4.91,4.81,4.83,70337737.0,358244428.0,13071525850.0,0.005380989014377384
2023-09-26,4.83,4.85,4.8,4.8,51384430.0,260357834.0,13071525850.0,0.003931020034665654
2023-09-27,4.95,5.06,4.95,4.97,222054893.0,1167640558.0,13071525850.0,0.01698767959824675
2023-09-28,4.97,5.12,4.93,5.09,211706831.0,1121785223.0,13071525850.0,0.01619603047336666
2023-10-09,5.08,5.12,5.0,5.11,131361513.0,700112431.0,13071525850.0,0.010049439867037404
2023-10-10,5.11,5.12,4.92,4.95,196124558.0,1025265088.0,13071525850.0,0.015003952885882868
2023-10-11,4.98,5.05,4.97,5.03,130085586.0,685735948.0,13071525850.0,0.009951828691827895
2023-10-12,5.05,5.11,5.02,5.09,117011556.0,623183928.0,13071525850.0,0.008951637118936654
2023-10-13,5.04,5.06,4.97,5.06,108400741.0,571612139.0,13071525850.0,0.008292891147057634
2023-10-16,5.02,5.09,4.97,5.09,109619688.0,578729947.0,13071525850.0,0.00838614322902479
2023-10-17,5.06,5.11,5.03,5.11,133441569.0,712179674.0,13071525850.0,0.010208568650001942
2023-10-18,5.08,5.09,5.02,5.02,100201033.0,531816651.0,13071525850.0,0.007665595749864198
2023-10-19,4.98,5.02,4.91,4.91,91022299.0,474204612.0,13071525850.0,0.006963402746130055
2023-10-20,4.89,4.94,4.86,4.9,62085588.0,320015304.0,13071525850.0,0.004749681767259023
2023-10-23,4.87,4.89,4.76,4.79,78657079.0,398824940.0,13071525850.0,0.0060174366713278546
2023-10-24,4.82,4.98,4.78,4.96,114482052.0,589692483.0,13071525850.0,0.00875812459185857
2023-10-25,5.21,5.27,5.05,5.05,192861917.0,1039917082.0,13071525850.0,0.014754353792598743
2023-10-26,4.97,5.02,4.92,5.0,109768536.0,573415826.0,13071525850.0,0.008397530422968945
2023-10-27,4.95,5.06,4.94,5.02,96467297.0,508791199.0,13071525850.0,0.007379956870146112
2023-10-30,4.99,5.02,4.98,5.0,74297227.0,390585916.0,13071525850.0,0.005683898563380036
2023-10-31,5.0,5.02,4.98,5.0,59612466.0,313363656.0,13071525850.0,0.004560482585129876
2023-11-01,5.03,5.04,4.96,4.96,55812063.0,292585928.0,13071525850.0,0.00426974353571737
2023-11-02,4.96,5.01,4.91,4.91,55156770.0,287422141.0,13071525850.0,0.004219612203880544
2023-11-03,4.91,4.94,4.91,4.92,52901613.0,273928846.0,13071525850.0,0.004047087815689092
2023-11-06,4.93,4.98,4.91,4.97,69330999.0,361044237.0,13071525850.0,0.005303971379898239
2023-11-07,4.96,4.96,4.91,4.93,51421948.0,266831445.0,13071525850.0,0.0039338902428135425
2023-11-08,4.92,4.93,4.89,4.91,55596407.0,287259404.0,13071525850.0,0.004253245385273824
2023-11-09,4.91,4.96,4.9,4.92,48766238.0,253004041.0,13071525850.0,0.0037307226837638087
2023-11-10,4.91,4.91,4.86,4.88,45745959.0,234709031.0,13071525850.0,0.0034996648076857837
2023-11-13,4.88,4.91,4.86,4.91,41865757.0,215352041.0,13071525850.0,0.0032028209621755826
2023-11-14,4.91,4.94,4.9,4.91,39850543.0,205941612.0,13071525850.0,0.003048652732458162
2023-11-15,4.93,4.96,4.91,4.93,66255000.0,344121598.0,13071525850.0,0.00506865080330312
2023-11-16,4.93,4.94,4.88,4.88,53754324.0,276753885.0,13071525850.0,0.004112322051522394
2023-11-17,4.87,4.88,4.84,4.87,47077464.0,240593635.0,13071525850.0,0.0036015278201052556
2023-11-20,4.87,4.89,4.84,4.87,44131746.0,225585644.0,13071525850.0,0.003376174021795627
2023-11-21,4.87,4.91,4.86,4.87,54226216.0,278467070.0,13071525850.0,0.00414842281018019
2023-11-22,4.86,4.87,4.82,4.82,46681012.0,237770984.0,13071525850.0,0.003571198384617049
2023-11-23,4.82,4.85,4.81,4.83,38740479.0,196726551.0,13071525850.0,0.002963730435494644
2023-11-24,4.82,4.84,4.78,4.8,47436201.0,239828979.0,13071525850.0,0.003628971976519482
2023-11-27,4.8,4.81,4.76,4.79,46115632.0,231891717.0,13071525850.0,0.0035279455917535444
2023-11-28,4.79,4.8,4.76,4.78,37051289.0,186152794.0,13071525850.0,0.0028345037469363226
2023-11-29,4.79,4.79,4.7,4.71,72279821.0,359881463.0,13071525850.0,0.005529562640921527
2023-11-30,4.71,4.74,4.7,4.74,48123308.0,238969994.0,13071525850.0,0.003681537148166983
2023-12-01,4.73,4.75,4.7,4.74,54084519.0,269215313.0,13071525850.0,0.0041375826832029715
2023-12-04,4.74,4.76,4.72,4.72,42886697.0,213904822.0,13071525850.0,0.0032809250803723117
2023-12-05,4.72,4.72,4.62,4.62,69622511.0,341736614.0,13071525850.0,0.005326272678411143
2023-12-06,4.62,4.65,4.58,4.6,47881242.0,232541717.0,13071525850.0,0.0036630185756011033
2023-12-07,4.61,4.64,4.56,4.62,64162198.0,310631606.0,13071525850.0,0.0049085469237701886
2023-12-08,4.62,4.73,4.62,4.72,113052619.0,559000209.0,13071525850.0,0.00864876987563009
2023-12-11,4.71,4.74,4.65,4.74,73890679.0,365842794.0,13071525850.0,0.005652796762055135
2023-12-12,4.72,4.75,4.71,4.73,40698649.0,202354258.0,13071525850.0,0.003113534675831284
2023-12-13,4.72,4.73,4.66,4.67,38895261.0,192054470.0,13071525850.0,0.0029755715932734813
2023-12-14,4.68,4.71,4.64,4.64,32848500.0,161153974.0,13071525850.0,0.002512981298200929
2023-12-15,4.64,4.67,4.57,4.59,54137738.0,262637487.0,13071525850.0,0.004141654051810638
2023-12-18,4.59,4.61,4.53,4.53,45088145.0,216401886.0,13071525850.0,0.0034493406138962728
2023-12-19,4.53,4.54,4.48,4.52,43498949.0,206287266.0,13071525850.0,0.0033277636826155228
2023-12-20,4.52,4.56,4.48,4.48,37756700.0,179158641.0,13071525850.0,0.002888469214173646
2023-12-21,4.46,4.53,4.45,4.52,51898957.0,245126888.0,13071525850.0,0.003970382463038926
2023-12-22,4.52,4.57,4.49,4.54,48753195.0,232344786.0,13071525850.0,0.0037297248660530325
2023-12-25,4.53,4.55,4.49,4.51,27600001.0,130966417.0,13071525850.0,0.002111459772693637
2023-12-26,4.51,4.51,4.46,4.46,24915300.0,117224908.0,13071525850.0,0.0019060743394391099
2023-12-27,4.48,4.49,4.41,4.46,47863749.0,223857583.0,13071525850.0,0.0036616803232653976
2023-12-28,4.45,4.64,4.44,4.62,104839702.0,503712066.0,13071525850.0,0.008020463961366835
2023-12-29,4.62,4.65,4.6,4.65,58969213.0,286977679.0,13071525850.0,0.004511272339334432
2024-01-02,4.65,4.66,4.6,4.63,43451602.0,211896851.0,13071525850.0,0.0033241415347084365
2024-01-03,4.63,4.69,4.62,4.69,55796545.0,273524355.0,13071525850.0,0.004268556375153403
2024-01-04,4.69,4.7,4.59,4.65,53972045.0,263216066.0,13071525850.0,0.00412897817893234
2024-01-05,4.64,4.71,4.62,4.63,61982503.0,304304507.0,13071525850.0,0.00474179554179591
2024-01-08,4.64,4.66,4.55,4.56,55004696.0,265572286.0,13071525850.0,0.004207978213958854
2024-01-09,4.56,4.58,4.51,4.53,51434102.0,246228723.0,13071525850.0,0.003934820050101496
2024-01-10,4.53,4.55,4.49,4.49,44163048.0,209507149.0,13071525850.0,0.0033785686924988944
2024-01-11,4.49,4.53,4.44,4.51,52058877.0,245665570.0,13071525850.0,0.003982616688930772
2024-01-12,4.5,4.58,4.5,4.52,51999643.0,248279477.0,13071525850.0,0.003978085159813229
2024-01-15,4.51,4.54,4.48,4.53,51381420.0,244022897.0,13071525850.0,0.003930789763155309
2024-01-16,4.51,4.54,4.45,4.52,57102696.0,270130490.0,13071525850.0,0.004368479751734569
2024-01-17,4.51,4.52,4.42,4.42,51142060.0,240429211.0,13071525850.0,0.003912478205442251
2024-01-18,4.4,4.4,4.23,4.37,121777782.0,552708105.0,13071525850.0,0.009316263716833027
2024-01-19,4.34,4.44,4.31,4.38,73087505.0,336753514.0,13071525850.0,0.005591352213865683
2024-01-22,4.37,4.42,4.24,4.28,89607020.0,410201932.0,13071525850.0,0.006855130841515338
2024-01-23,4.28,4.31,4.23,4.29,73336586.0,329455053.0,13071525850.0,0.005610407449104344
2024-01-24,4.31,4.51,4.29,4.5,136430541.0,630461547.0,13071525850.0,0.010437231472865885
2024-01-25,4.53,4.79,4.48,4.77,249037039.0,1226205424.0,13071525850.0,0.019051872127078415
2024-01-26,4.76,4.87,4.74,4.82,231402107.0,1172336674.0,13071525850.0,0.01770276168638721
2024-01-29,4.82,5.12,4.82,4.9,333964731.0,1739311868.0,13071525850.0,0.025549024255649543
2024-01-30,4.82,4.95,4.79,4.82,189342736.0,972379977.0,13071525850.0,0.014485128834442843
2024-01-31,4.8,4.88,4.76,4.78,147365757.0,746218143.0,13071525850.0,0.011273799148704586
2024-02-01,4.73,4.77,4.66,4.67,133657551.0,661776701.0,13071525850.0,0.010225091740150596
2024-02-02,4.68,4.79,4.52,4.7,173319726.0,853772333.0,13071525850.0,0.013259333913186577
2024-02-05,4.65,4.69,4.5,4.53,158856927.0,766761663.0,13071525850.0,0.012152898508019245
2024-02-06,4.5,4.69,4.48,4.64,173651512.0,837502929.0,13071525850.0,0.013284716259808338
2024-02-07,4.65,4.71,4.61,4.7,155009847.0,760235827.0,13071525850.0,0.0118585885671488
2024-02-08,4.72,4.78,4.67,4.72,159980535.0,792132769.0,13071525850.0,0.012238856950277155
2024-02-19,4.74,4.75,4.69,4.74,133790686.0,664058376.0,13071525850.0,0.01023527685560902
2024-02-20,4.73,4.78,4.7,4.77,111939816.0,559457537.0,13071525850.0,0.008563638039242373
2024-02-21,4.74,4.92,4.73,4.85,173057060.0,883297386.0,13071525850.0,0.013239239396064844
2024-02-22,4.83,4.87,4.8,4.86,107224995.0,545524513.0,13071525850.0,0.008202944035030156
2024-02-23,4.85,4.89,4.83,4.87,86022363.0,439724885.0,13071525850.0,0.00658089682774104
2024-02-26,4.87,4.89,4.77,4.79,115397275.0,584911998.0,13071525850.0,0.00882814113089942
2024-02-27,4.77,4.81,4.76,4.81,94616705.0,476003200.0,13071525850.0,0.007238382579490519
2024-02-28,4.82,4.9,4.81,4.81,157133126.0,802227212.0,13071525850.0,0.012021024003100601
2024-02-29,4.78,4.86,4.77,4.86,112794638.0,572325752.0,13071525850.0,0.008629033771141568
2024-03-01,4.85,4.86,4.81,4.84,86573760.0,440481904.0,13071525850.0,0.0066230798908606375
2024-03-04,4.82,4.84,4.77,4.79,93984286.0,473575420.0,13071525850.0,0.007190001158127993
2024-03-05,4.78,4.85,4.77,4.81,101069863.0,511974189.0,13071525850.0,0.007732063124061373
2024-03-06,4.81,4.97,4.78,4.87,166401617.0,851095547.0,13071525850.0,0.012730083611470653
2024-03-07,4.86,4.91,4.82,4.82,130157167.0,666257706.0,13071525850.0,0.009957304793150832
2024-03-08,4.82,5.0,4.82,5.0,235447791.0,1220487580.0,13071525850.0,0.018012265262819335
2024-03-11,5.0,5.08,4.94,4.99,141217920.0,741333788.0,13071525850.0,0.010803476321014199
2024-03-12,4.97,4.98,4.91,4.91,122407723.0,635458432.0,13071525850.0,0.009364455565835874
2024-03-13,4.9,4.91,4.83,4.87,101318853.0,518958998.0,13071525850.0,0.0077511113976032105
2024-03-14,4.86,4.92,4.84,4.86,127117844.0,653388828.0,13071525850.0,0.009724790009882434
2024-03-15,4.84,4.87,4.79,4.87,116290873.0,590239936.0,13071525850.0,0.008896503310667438
2024-03-18,4.85,4.95,4.85,4.92,128926107.0,666721554.0,13071525850.0,0.009863126040484402
2024-03-19,4.91,4.95,4.86,4.86,90362332.0,465176916.0,13071525850.0,0.006912913843183809
2024-03-20,4.86,4.88,4.84,4.86,72994857.0,372914951.0,13071525850.0,0.005584264441476815
2024-03-21,4.86,4.88,4.83,4.84,65138067.0,332069613.0,13071525850.0,0.004983203012982605
2024-03-22,4.83,4.84,4.72,4.72,144048518.0,721423443.0,13071525850.0,0.011020023190330148
2024-03-25,4.72,4.77,4.7,4.71,69834116.0,347714622.0,13071525850.0,0.005342460918592759
2024-03-26,4.71,4.73,4.69,4.73,69208737.0,342969571.0,13071525850.0,0.005294618072457088
2024-03-27,4.72,4.76,4.68,4.68,76556635.0,379783360.0,13071525850.0,0.0058567481622659985
2024-03-28,4.68,4.72,4.65,4.7,81576408.0,401832920.0,13071525850.0,0.0062407716540605705
2024-03-29,4.69,4.74,4.68,4.72,73388934.0,364278813.0,13071525850.0,0.005614412184328121
2024-04-01,4.74,4.85,4.73,4.85,140620816.0,711099274.0,13071525850.0,0.01075779657353468
2024-04-02,4.86,4.91,4.82,4.85,92055744.0,470139252.0,13071525850.0,0.007042463523873917
2024-04-03,4.85,4.85,4.78,4.81,70848001.0,358423836.0,13071525850.0,0.00542002531403019
2024-04-08,4.8,4.84,4.76,4.78,79354500.0,400844608.0,13071525850.0,0.0060707908862835626
2024-04-09,4.78,4.81,4.75,4.76,68106235.0,342132827.0,13071525850.0,0.005210274284849462
2024-04-10,4.76,4.77,4.67,4.68,86426206.0,428722810.0,13071525850.0,0.006611791690715281
2024-04-11,4.67,4.75,4.63,4.72,79957025.0,395967295.0,13071525850.0,0.006116885351988192
2024-04-12,4.72,4.73,4.65,4.66,63786488.0,314330380.0,13071525850.0,0.004879804296144968
2024-04-15,4.67,4.92,4.66,4.91,264408615.0,1346662598.0,13071525850.0,0.02022783093834451
2024-04-16,4.87,4.95,4.82,4.85,201734947.0,1037723329.0,13071525850.0,0.015433159779124026
2024-04-17,4.82,4.98,4.77,4.98,239076087.0,1231138065.0,13071525850.0,0.01828983775448067
2024-04-18,4.96,5.05,4.94,4.97,178730885.0,938403935.0,13071525850.0,0.013673299280512075
2024-04-19,4.95,5.04,4.94,4.98,144637496.0,759595255.0,13071525850.0,0.011065081281233896
2024-04-22,4.98,5.02,4.91,4.91,120341536.0,627610660.0,13071525850.0,0.009206387791368672
2024-04-23,4.91,4.92,4.79,4.81,131550467.0,670401413.0,13071525850.0,0.010063895256727049
2024-04-24,4.82,4.87,4.8,4.86,85321082.0,433934747.0,13071525850.0,0.006527247314436516
2024-04-25,4.86,4.9,4.82,4.87,77769935.0,397467015.0,13071525850.0,0.0059495682365192275
2024-04-26,4.88,4.93,4.86,4.91,124934425.0,643249564.0,13071525850.0,0.009557753733853496
2024-04-29,4.91,4.95,4.86,4.94,146998026.0,759924436.0,13071525850.0,0.011245666931837189
2024-04-30,4.92,4.92,4.81,4.83,182895652.0,933211600.0,13071525850.0,0.013991912964009477
2024-05-06,4.87,4.96,4.87,4.93,193179327.0,998183633.0,13071525850.0,0.014778636344126574
2024-05-07,4.93,4.93,4.88,4.89,102540514.0,528622408.0,13071525850.0,0.007844571106440493
2024-05-08,4.89,4.9,4.84,4.84,85638233.0,437485592.0,13071525850.0,0.0065515100519041546
2024-05-09,4.84,4.93,4.84,4.91,127802208.0,659334219.0,13071525850.0,0.009777145336097087
2024-05-10,4.92,4.97,4.89,4.95,125354950.0,650946415.0,13071525850.0,0.009589924805909327
2024-05-13,4.93,5.07,4.91,5.03,205340650.0,1081352644.0,13071525850.0,0.015709003857418833
2024-05-14,5.03,5.07,4.98,5.02,119883764.0,632623798.0,13071525850.0,0.009171367243251101
2024-05-15,5.0,5.03,4.95,4.97,95398387.0,500018702.0,13071525850.0,0.007298182943194807
2024-05-16,4.98,5.07,4.96,5.03,145897662.0,772899756.0,13071525850.0,0.011161486705853855
2024-05-17,5.04,5.08,5.0,5.08,118430339.0,628086424.0,13071525850.0,0.009060177087130191
2024-05-20,5.1,5.12,5.04,5.11,145226038.0,777096889.0,13071525850.0,0.011110106017194619
2024-05-21,5.1,5.2,5.06,5.08,167956261.0,904517324.0,13071525850.0,0.012849017240018693
2024-05-22,5.06,5.19,5.05,5.16,175573450.0,951086960.0,13071525850.0,0.013431748673778585
2024-05-23,5.14,5.16,5.08,5.1,135174950.0,727467049.0,13071525850.0,0.01034117604564122
2024-05-24,5.08,5.18,5.08,5.1,144651469.0,780308680.0,13071525850.0,0.011066150245956176
2024-05-27,5.11,5.12,5.01,5.09,127295297.0,679639933.0,13071525850.0,0.009738365548196503
2024-05-28,5.09,5.17,5.08,5.11,157366914.0,849870269.0,13071525850.0,0.01203890929076195
2024-05-29,5.12,5.18,5.08,5.12,108019310.0,582437624.0,13071525850.0,0.00826371085055843
2024-05-30,5.13,5.25,5.11,5.13,211621220.0,1153134754.0,13071525850.0,0.016189481046698154
2024-05-31,5.13,5.15,5.08,5.09,126021997.0,676128632.0,13071525850.0,0.009640955344168945
2024-06-03,5.07,5.08,4.97,5.05,147202268.0,777130189.0,13071525850.0,0.011261291886593331
2024-06-04,5.02,5.13,5.0,5.12,123275100.0,658495781.0,13071525850.0,0.009430811782390348
2024-06-05,5.12,5.16,5.08,5.09,109013157.0,586927133.0,13071525850.0,0.00833974229565556
2024-06-06,5.09,5.14,5.07,5.08,104089118.0,558856603.0,13071525850.0,0.007963042661924583
2024-06-07,5.08,5.11,5.01,5.08,97004312.0,516701514.0,13071525850.0,0.007421039679158803
2024-06-11,5.08,5.08,4.93,4.97,125602834.0,659961974.0,13071525850.0,0.00960888846805899
2024-06-12,4.95,4.98,4.91,4.95,95612590.0,496878005.0,13071525850.0,0.007314569935995652
2024-06-13,4.95,4.96,4.87,4.89,89651850.0,463012597.0,13071525850.0,0.006858560433478392
2024-06-14,4.87,4.92,4.86,4.9,84261008.0,433499050.0,13071525850.0,0.006446149360596644
2024-06-17,4.88,5.08,4.86,4.96,164508874.0,859915801.0,13071525850.0,0.01258528467814643
2024-06-18,4.94,5.37,4.93,5.27,364618678.0,1984186750.0,13071525850.0,0.02789411750273974
2024-06-19,5.28,5.31,5.21,5.29,220177244.0,1219003479.0,13071525850.0,0.016844035388569423
2024-06-20,5.3,5.32,5.16,5.18,142605350.0,781676951.0,13071525850.0,0.01090961771689416
2024-06-21,5.18,5.28,5.17,5.25,133380758.0,733875936.0,13071525850.0,0.010203916476973498
2024-06-24,5.23,5.29,5.17,5.21,135995575.0,748858163.0,13071525850.0,0.010403955633075538
2024-06-25,5.2,5.29,5.17,5.21,125444821.0,689610175.0,13071525850.0,0.009596800131791806
2024-06-26,5.18,5.2,5.11,5.17,121847111.0,660506452.0,13071525850.0,0.009321567535285102
2024-06-27,5.15,5.3,5.13,5.23,168550554.0,927119512.0,13071525850.0,0.012894481939918285
2024-06-28,5.23,5.4,5.2,5.31,219884455.0,1228230352.0,13071525850.0,0.016821636396794487
2024-07-01,5.3,5.47,5.3,5.4,196357104.0,1116534371.0,13071525850.0,0.015021743157857887
2024-07-02,5.37,5.42,5.34,5.4,122948984.0,697286638.0,13071525850.0,0.009405863203032262
2024-07-03,5.38,5.49,5.38,5.41,129425300.0,738594790.0,13071525850.0,0.00990131538469168
2024-07-04,5.4,5.45,5.33,5.34,118251978.0,669248670.0,13071525850.0,0.009046532084852206
2024-07-05,5.33,5.37,5.24,5.3,123756232.0,688805077.0,13071525850.0,0.00946761942103339
2024-07-08,5.3,5.3,5.2,5.22,115210718.0,634033469.0,13071525850.0,0.00881386911689426
2024-07-09,5.22,5.27,5.11,5.26,140408324.0,767817884.0,13071525850.0,0.010741540475934567
2024-07-10,5.24,5.25,5.1,5.11,144752950.0,783652280.0,13071525850.0,0.011073913761949987
2024-07-11,5.16,5.2,5.11,5.18,108153840.0,588325041.0,13071525850.0,0.008274002686534105
2024-07-12,5.18,5.28,5.16,5.17,116174800.0,636435466.0,13071525850.0,0.008887623475112509
2024-07-15,5.16,5.22,5.11,5.21,91085424.0,496219527.0,13071525850.0,0.006968231945163464
2024-07-16,5.21,5.23,5.16,5.2,94792938.0,518091274.0,13071525850.0,0.007251864785165842
2024-07-17,5.2,5.27,5.18,5.2,129832950.0,713057175.0,13071525850.0,0.009932501491400103
2024-07-18,5.18,5.22,5.11,5.22,108174767.0,587417673.0,13071525850.0,0.008275603647297227
2024-07-19,5.22,5.25,5.19,5.24,107110928.0,573284456.0,13071525850.0,0.008194217662814016
2024-07-22,5.23,5.25,5.12,5.19,120292210.0,639125691.0,13071525850.0,0.009202614245681195
2024-07-23,5.16,5.24,5.12,5.13,94336049.0,502079639.0,13071525850.0,0.007216911788458116
2024-07-24,5.11,5.2,5.1,5.16,86201275.0,455303627.0,13071525850.0,0.006594583982710786
2024-07-25,5.16,5.21,5.1,5.14,95694913.0,504329210.0,13071525850.0,0.00732086782355252
2024-07-26,5.16,5.25,5.15,5.19,109608939.0,584567170.0,13071525850.0,0.008385320907275718
2024-07-29,5.21,5.37,5.17,5.33,132557795.0,718941752.0,13071525850.0,0.010140958027482308
2024-07-30,5.31,5.41,5.3,5.41,141246158.0,778454982.0,13071525850.0,0.010805636589090324
2024-07-31,5.42,5.43,5.33,5.36,160950952.0,886490033.0,13071525850.0,0.01231309594969741
2024-08-01,5.36,5.5,5.35,5.43,141496712.0,788975728.0,13071525850.0,0.010824804512014946
2024-08-02,5.41,5.49,5.39,5.42,106453069.0,593983429.0,13071525850.0,0.008143890026427176
2024-08-05,5.43,5.52,5.38,5.38,141456249.0,789203746.0,13071525850.0,0.010821709004997302
2024-08-06,5.4,5.43,5.26,5.32,116303910.0,635068047.0,13071525850.0,0.008897500669365238
2024-08-07,5.34,5.38,5.29,5.35,87357981.0,478171888.0,13071525850.0,0.006683074493556543
2024-08-08,5.33,5.37,5.3,5.32,56538344.0,309576285.0,13071525850.0,0.004325305603094531
2024-08-09,5.33,5.36,5.28,5.29,56904879.0,310883474.0,13071525850.0,0.004353346323375094
2024-08-12,5.34,5.43,5.25,5.26,87491157.0,477230467.0,13071525850.0,0.006693262745603643
2024-08-13,5.25,5.39,5.22,5.35,99198699.0,540905703.0,13071525850.0,0.0075889150309104885
2024-08-14,5.35,5.47,5.32,5.35,117876387.0,651415924.0,13071525850.0,0.00901779856098437
2024-08-15,5.32,5.41,5.29,5.41,117280300.0,645622272.0,13071525850.0,0.008972196616204527
2024-08-16,5.41,5.44,5.34,5.37,87108035.0,480881432.0,13071525850.0,0.006663953083946967
2024-08-19,5.37,5.44,5.36,5.43,91988818.0,511023899.0,13071525850.0,0.007037343540119304
2024-08-20,5.42,5.44,5.33,5.36,81825199.0,450399672.0,13071525850.0,0.0062598047036719895
2024-08-21,5.35,5.35,5.27,5.29,83377050.0,454177271.0,13071525850.0,0.0063785246616790345
2024-08-22,5.29,5.33,5.25,5.29,87620799.0,476389252.0,13071525850.0,0.006703180639007037
2024-08-23,5.29,5.31,5.24,5.27,70096750.0,378795315.0,13071525850.0,0.005362552987645279
2024-08-26,5.28,5.31,5.21,5.23,92773929.0,499444875.0,13071525850.0,0.007097406229740195
2024-08-27,5.2,5.23,5.05,5.08,148551950.0,778589873.0,13071525850.0,0.011364545478827936
2024-08-28,5.07,5.09,4.95,4.96,132439715.0,680722385.0,13071525850.0,0.010131924652086429
2024-08-29,4.92,4.92,4.62,4.67,289119110.0,1397058691.0,13071525850.0,0.02211823725230976
2024-08-30,4.64,4.72,4.64,4.68,198118523.0,951288635.0,13071525850.0,0.01515649552114071
2024-09-02,4.66,4.67,4.5,4.51,177360679.0,830830033.0,13071525850.0,0.013568475557885998
2024-09-03,4.51,4.53,4.46,4.52,109550360.0,504251716.0,13071525850.0,0.008380839487074878
2024-09-04,4.49,4.5,4.43,4.43,106177140.0,485110296.0,13071525850.0,0.008122780861118827
2024-09-05,4.42,4.47,4.42,4.46,73363888.0,334070108.0,13071525850.0,0.0056124961111559905
2024-09-06,4.45,4.5,4.44,4.46,84252453.0,385926344.0,13071525850.0,0.006445494884592987
2024-09-09,4.44,4.45,4.33,4.37,99327350.0,445619645.0,13071525850.0,0.007598757110670443
2024-09-10,4.37,4.39,4.28,4.35,86285099.0,382853265.0,13071525850.0,0.006600996700014176
2024-09-11,4.33,4.34,4.27,4.3,65546000.0,289266720.0,13071525850.0,0.005014410769803129
2024-09-12,4.32,4.34,4.29,4.29,59239544.0,261812687.0,13071525850.0,0.0045319532455348355
2024-09-13,4.3,4.33,4.27,4.28,53095314.0,234376812.0,13071525850.0,0.004061906361146048
2024-09-18,4.27,4.3,4.22,4.29,60601454.0,264926288.0,13071525850.0,0.004636142306217449
2024-09-19,4.31,4.38,4.28,4.37,79147415.0,352686808.0,13071525850.0,0.00605494843587828
2024-09-20,4.36,4.37,4.31,4.37,73946443.0,329076392.0,13071525850.0,0.005657062828667397
2024-09-23,4.35,4.42,4.34,4.39,70169035.0,315535291.0,13071525850.0,0.005368082946490903
2024-09-24,4.44,4.56,4.4,4.55,168203387.0,774700265.0,13071525850.0,0.012867922913528874
2024-09-25,4.62,4.85,4.61,4.74,269751862.0,1316115744.0,13071525850.0,0.02063660089078277
2024-09-26,4.7,4.97,4.7,4.97,229062448.0,1140756789.0,13071525850.0,0.017523772712425917
2024-09-27,5.05,5.11,4.91,5.05,186667100.0,956513123.0,13071525850.0,0.014280436893295055
2024-09-30,5.24,5.52,5.13,5.5,408450445.0,2237097105.0,13071525850.0,0.031247342482209145
2024-10-08,6.04,6.04,5.6,5.84,445931403.0,2675816228.0,13071525850.0,0.034114716836978906
2024-10-09,5.65,5.65,5.26,5.27,353716644.0,1971327366.0,13071525850.0,0.02706008832167057
2024-10-10,5.28,5.8,5.28,5.71,506122676.0,2930558487.0,13071525850.0,0.03871947940951362
2024-10-11,5.66,5.67,5.32,5.4,329144121.0,1857813190.0,13071525850.0,0.025180237164125718
2024-10-14,5.51,5.61,5.43,5.49,229612351.0,1295379862.0,13071525850.0,0.017565841481314133
2024-10-15,5.45,5.58,5.37,5.39,195329161.0,1095214579.0,13071525850.0,0.01494310329501433
2024-10-16,5.34,5.47,5.31,5.4,144761583.0,803010711.0,13071525850.0,0.01107457420512235
2024-10-17,5.42,5.47,5.28,5.29,148063140.0,817027101.0,13071525850.0,0.011327150456578105
2024-10-18,5.29,5.46,5.18,5.37,204520851.0,1113600404.0,13071525850.0,0.015646287460771076
2024-10-21,5.41,5.46,5.36,5.42,175037158.0,970260902.0,13071525850.0,0.013390721175829675
2024-10-22,5.4,5.46,5.38,5.44,120145894.0,668539891.0,13071525850.0,0.009191420755213515
2024-10-23,5.44,5.61,5.43,5.55,184343203.0,1046207835.0,13071525850.0,0.01410265374642548
2024-10-24,5.52,5.53,5.4,5.43,117125656.0,655019850.0,13071525850.0,0.008960366015724171
2024-10-25,5.44,5.48,5.42,5.45,91801460.0,512583983.0,13071525850.0,0.007023010247881658
2024-10-28,5.42,5.46,5.32,5.45,115128703.0,638966278.0,13071525850.0,0.008807594792003567
2024-10-29,5.45,5.48,5.36,5.37,110591659.0,613045838.0,13071525850.0,0.008460501112806199
2024-10-30,5.35,5.41,5.29,5.31,102416300.0,561450913.0,13071525850.0,0.00783506846677735
2024-10-31,5.33,5.42,5.3,5.36,132064957.0,728012201.0,13071525850.0,0.010103254854520294
2024-11-01,5.36,5.61,5.33,5.44,250374634.0,1407585879.0,13071525850.0,0.01915420103766998
2024-11-04,5.45,5.5,5.38,5.5,136690776.0,764079796.0,13071525850.0,0.010457140013229595
2024-11-05,5.49,5.58,5.47,5.58,187773053.0,1065308582.0,13071525850.0,0.014365044689866869
2024-11-06,5.57,5.67,5.52,5.65,220012935.0,1263112592.0,13071525850.0,0.016831465394684584
2024-11-07,5.63,5.81,5.6,5.81,232655669.0,1367455832.0,13071525850.0,0.01779866189072334
2024-11-08,5.86,5.89,5.67,5.76,232340282.0,1369889591.0,13071525850.0,0.017774534103071067
2024-11-11,5.7,5.77,5.65,5.74,140678912.0,823411934.0,13071525850.0,0.010762241043190837
2024-11-12,5.71,5.79,5.65,5.68,153810800.0,902675299.0,13071525850.0,0.011766858878223463
2024-11-13,5.65,5.81,5.63,5.71,140042283.0,824052784.0,13071525850.0,0.010713537547722479
2024-11-14,5.72,5.79,5.69,5.69,147651946.0,870104240.0,13071525850.0,0.011295693226204346
2024-11-15,5.68,5.79,5.66,5.67,152150909.0,895478701.0,13071525850.0,0.01163987362653611
2024-11-18,5.83,6.08,5.76,5.89,421331585.0,2562883006.0,13071525850.0,0.032232777552897544
2024-11-19,5.8,5.81,5.59,5.7,243376977.0,1422150392.0,13071525850.0,0.01861886514189925
2024-11-20,5.67,5.71,5.62,5.66,119864300.0,694927904.0,13071525850.0,0.009169878205152308
2024-11-21,5.64,5.68,5.61,5.63,99057651.0,572104726.0,13071525850.0,0.007578124553836995
2024-11-22,5.64,5.67,5.44,5.44,139064100.0,792498558.0,13071525850.0,0.0106387044325051
2024-11-25,5.46,5.49,5.34,5.38,93512277.0,519469131.0,13071525850.0,0.007153891448717136
2024-11-26,5.38,5.4,5.34,5.39,65638165.0,362219743.0,13071525850.0,0.005021461591647313
2024-11-27,5.37,5.43,5.31,5.42,82629535.0,455540944.0,13071525850.0,0.006321338147374738
2024-11-28,5.43,5.48,5.4,5.44,80417696.0,448476287.0,13071525850.0,0.006152127679876026
2024-11-29,5.43,5.49,5.41,5.42,107536736.0,600318220.0,13071525850.0,0.008226792895796477
2024-12-02,5.37,5.45,5.32,5.42,151626222.0,838926557.0,13071525850.0,0.011599733936187717
2024-12-03,5.43,5.48,5.37,5.46,134611098.0,748830445.0,13071525850.0,0.010298040148082636
2024-12-04,5.43,5.44,5.35,5.36,108845288.0,601827145.0,13071525850.0,0.00832689995407078
2024-12-05,5.36,5.38,5.32,5.37,92319870.0,506979933.0,13071525850.0,0.007062669734153492
2024-12-06,5.37,5.44,5.36,5.42,103928562.0,577060412.0,13071525850.0,0.00795075978065713
2024-12-09,5.43,5.46,5.36,5.39,107309674.0,595896110.0,13071525850.0,0.008209422161682831
2024-12-10,5.51,5.54,5.39,5.4,145473852.0,812513336.0,13071525850.0,0.011129064324192878
2024-12-11,5.39,5.42,5.37,5.4,96398291.0,533709884.0,13071525850.0,0.007374677761892656
2024-12-12,5.4,5.43,5.37,5.43,106368039.0,589363137.0,13071525850.0,0.008137385047515322
2024-12-13,5.42,5.42,5.33,5.34,196673636.0,1080652313.0,13071525850.0,0.015045958540486687
2024-12-16,5.34,5.36,5.25,5.29,142156362.0,773356279.0,13071525850.0,0.01087526916377555
2024-12-17,5.29,5.33,5.25,5.25,103675489.0,562328734.0,13071525850.0,0.007931399148784149
2024-12-18,5.32,5.39,5.28,5.28,123185593.0,674223258.0,13071525850.0,0.009423964303295165
2024-12-19,5.25,5.33,5.2,5.31,93016848.0,503496118.0,13071525850.0,0.007115990058651034
2024-12-20,5.32,5.35,5.27,5.28,86638071.0,470527144.0,13071525850.0,0.006627999821459252
2024-12-23,5.28,5.45,5.27,5.39,178692320.0,988537717.0,13071525850.0,0.013670348974599626
2024-12-24,5.39,5.51,5.38,5.49,171979807.0,962877791.0,13071525850.0,0.013156827211568418
2024-12-25,5.55,5.58,5.41,5.43,133237033.0,746516714.0,13071525850.0,0.010192921203609906
2024-12-26,5.43,5.44,5.33,5.35,102738029.0,565153786.0,13071525850.0,0.00785968143114677
2024-12-27,5.37,5.42,5.34,5.41,87680643.0,484278603.0,13071525850.0,0.006707758834443953
2024-12-30,5.42,5.48,5.4,5.42,73035603.0,407108345.0,13071525850.0,0.005587381598606562
2024-12-31,5.42,5.44,5.32,5.32,87631000.0,482882123.0,13071525850.0,0.006703961037570836
2025-01-02,5.33,5.34,5.03,5.06,170632137.0,905387231.0,13071525850.0,0.01305372754168558
2025-01-03,5.07,5.11,4.99,5.01,90229561.0,467097809.0,13071525850.0,0.006902756574512684
2025-01-06,5.02,5.03,4.92,5.01,81904804.0,418707936.0,13071525850.0,0.006265894658350081
2025-01-07,4.99,5.01,4.92,5.0,83420057.0,425201584.0,13071525850.0,0.0063818147901991105
2025-01-08,4.98,4.99,4.82,4.96,113830476.0,574392321.0,13071525850.0,0.008708277618561263
2025-01-09,4.95,4.98,4.89,4.95,71375170.0,361804002.0,13071525850.0,0.0054603548827469135
2025-01-10,4.95,4.96,4.86,4.86,61357626.0,307411412.0,13071525850.0,0.004693991099746018
2025-01-13,4.81,4.86,4.78,4.83,57978010.0,286454121.0,13071525850.0,0.004435443165956023
2025-01-14,4.84,4.92,4.84,4.92,86618136.0,434639681.0,13071525850.0,0.006626474750841731
2025-01-15,4.93,4.93,4.88,4.9,52356800.0,263318781.0,13071525850.0,0.004005408442810064
2025-01-16,4.92,4.95,4.86,4.89,64906044.0,326785795.0,13071525850.0,0.004965452751638785
2025-01-17,4.88,4.93,4.85,4.91,60355315.0,303863391.0,13071525850.0,0.004617312140342055
2025-01-20,4.95,4.97,4.9,4.91,62502588.0,317053384.0,13071525850.0,0.004781583169190611
2025-01-21,4.93,4.94,4.87,4.88,51837700.0,260446583.0,13071525850.0,0.003965696170045825
2025-01-22,4.87,4.88,4.82,4.84,46296206.0,229912350.0,13071525850.0,0.00354175989331804
2025-01-23,4.86,4.96,4.86,4.87,69245559.0,348847006.0,13071525850.0,0.005297435035099594
2025-01-24,4.87,4.93,4.86,4.91,58878665.0,296351155.0,13071525850.0,0.004504345221487666
2025-01-27,4.93,4.99,4.92,4.95,71773548.0,365433062.0,13071525850.0,0.005490831661400876
2025-02-05,4.96,4.97,4.87,4.88,70238956.0,353136892.0,13071525850.0,0.0053734320542234175
2025-02-06,4.89,4.93,4.86,4.93,57220827.0,287714729.0,13071525850.0,0.004377517028740757
2025-02-07,4.92,5.02,4.9,4.99,88482236.0,451491701.0,13071525850.0,0.006769082432713852
2025-02-10,4.98,5.04,4.97,5.01,65158221.0,335035291.0,13071525850.0,0.004984744837573801
2025-02-11,5.0,5.02,4.94,4.96,51493108.0,262127203.0,13071525850.0,0.003939334136725897
2025-02-12,4.95,4.97,4.92,4.97,59046037.0,299667571.0,13071525850.0,0.004517149541497483
2025-02-13,4.97,5.04,4.96,5.0,94823932.0,487468702.0,13071525850.0,0.007254235893202935
2025-02-14,5.0,5.03,4.97,5.01,58191157.0,298061041.0,13071525850.0,0.0044517493724728395
2025-02-17,5.02,5.04,4.96,5.03,76658291.0,392986244.0,13071525850.0,0.005864525066138319
2025-02-18,5.03,5.04,4.96,4.97,72452118.0,372046848.0,13071525850.0,0.005542743734083653
2025-02-19,4.96,5.02,4.95,4.98,85194114.0,434950097.0,13071525850.0,0.006517533987816732
2025-02-20,4.97,4.98,4.88,4.89,105665550.0,531774962.0,13071525850.0,0.008083643119598008
2025-02-21,4.89,4.93,4.86,4.87,104936740.0,526106722.0,13071525850.0,0.00802788757825086
2025-02-24,4.88,5.04,4.87,4.96,184724332.0,942561647.0,13071525850.0,0.014131810939271485
2025-02-25,4.95,4.96,4.9,4.9,84938371.0,429545506.0,13071525850.0,0.006497969095168794
2025-02-26,4.92,5.01,4.91,4.95,130526351.0,662896077.0,13071525850.0,0.009985548167660932
2025-02-27,4.96,4.98,4.9,4.93,80985479.0,409331250.0,13071525850.0,0.006195564307436993
2025-02-28,4.92,4.96,4.86,4.87,114210750.0,575748931.0,13071525850.0,0.008737369402057986
2025-03-03,4.87,4.9,4.81,4.83,132274242.0,658977797.0,13071525850.0,0.010119265609683969
2025-03-04,4.83,4.83,4.77,4.79,124245529.0,609821709.0,13071525850.0,0.009505051699836557
2025-03-05,4.79,4.8,4.74,4.79,86739473.0,424308281.0,13071525850.0,0.006635757293782195
2025-03-06,4.8,4.82,4.74,4.8,117937477.0,578574699.0,13071525850.0,0.009022472078116267
2025-03-07,4.79,4.79,4.73,4.73,123350487.0,601762991.0,13071525850.0,0.009436579050945304
2025-03-10,4.73,4.74,4.65,4.69,128605941.0,618160869.0,13071525850.0,0.009838632648995604
2025-03-11,4.67,4.72,4.65,4.72,78587463.0,378070420.0,13071525850.0,0.0060121108967550255
2025-03-12,4.72,4.76,4.72,4.74,81419818.0,395495792.0,13071525850.0,0.0062287921803712
2025-03-13,4.74,4.76,4.7,4.72,80634589.0,391215655.0,13071525850.0,0.006168720463495086
2025-03-14,4.73,4.86,4.72,4.83,164504992.0,809157681.0,13071525850.0,0.012584987696750032
2025-03-17,4.84,4.87,4.82,4.83,100690477.0,499899399.0,13071525850.0,0.007703039274485312
2025-03-18,4.85,4.86,4.79,4.81,72720062.0,358600251.0,13071525850.0,0.005563242029621202
2025-03-19,4.8,4.82,4.78,4.79,58386585.0,287049743.0,13071525850.0,0.0044667000371651335
2025-03-20,4.78,4.83,4.78,4.8,70404665.0,346810950.0,13071525850.0,0.005386109151136323
2025-03-21,4.79,4.86,4.77,4.77,116722154.0,575708816.0,13071525850.0,0.00892949723998748
2025-03-24,4.78,4.8,4.73,4.77,75602700.0,369313860.0,13071525850.0,0.005783770071494752
2025-03-25,4.77,4.86,4.75,4.85,108804794.0,538198358.0,13071525850.0,0.008323802075486084
2025-03-26,4.84,4.86,4.81,4.84,60589209.0,300559680.0,13071525850.0,0.004635205537232671
2025-03-27,4.85,4.85,4.79,4.81,63659689.0,313974061.0,13071525850.0,0.004870103898390715
2025-03-28,4.81,4.81,4.74,4.76,69880200.0,341646151.0,13071525850.0,0.005345986444268096
2025-03-31,4.76,4.79,4.66,4.67,101873970.0,492285738.0,13071525850.0,0.007793579048768817
2025-04-01,4.68,4.71,4.67,4.69,58425375.0,281115050.0,13071525850.0,0.004469667556064237
2025-04-02,4.69,4.72,4.68,4.71,44876914.0,216406459.0,13071525850.0,0.003433180985523584
2025-04-03,4.69,4.77,4.67,4.74,77816355.0,377264360.0,13071525850.0,0.005953119466921301
2025-04-07,4.63,4.63,4.27,4.43,212421435.0,965768805.0,13071525850.0,0.01625069922498757
2025-04-08,4.43,4.64,4.43,4.64,193584968.0,905911992.0,13071525850.0,0.01480966875798972
2025-04-09,4.61,4.69,4.51,4.68,136208749.0,643944298.0,13071525850.0,0.010420263905150752
2025-04-10,4.73,4.73,4.64,4.68,97922075.0,469217219.0,13071525850.0,0.007491250533693433
2025-04-11,4.67,4.67,4.61,4.64,67797516.0,322251879.0,13071525850.0,0.005186656613619442
2025-04-14,4.66,4.67,4.62,4.63,64124885.0,305023872.0,13071525850.0,0.004905692398565696
2025-04-15,4.63,4.63,4.58,4.61,49853297.0,235096557.0,13071525850.0,0.0038138850484696857
2025-04-16,4.6,4.66,4.56,4.66,78708467.0,372275289.0,13071525850.0,0.0060213679644752416
2025-04-17,4.64,4.67,4.61,4.65,72446930.0,344989866.0,13071525850.0,0.0055423468408624995
2025-04-18,4.64,4.66,4.62,4.65,35254000.0,167924270.0,13071525850.0,0.0026970072510700805
2025-04-21,4.65,4.67,4.62,4.63,39063812.0,185859306.0,13071525850.0,0.0029884661093333644
2025-04-22,4.62,4.64,4.61,4.62,39147364.0,185866102.0,13071525850.0,0.002994858018048444
2025-04-23,4.63,4.65,4.61,4.62,45135956.0,214419841.0,13071525850.0,0.0034529982588069473
2025-04-24,4.63,4.65,4.6,4.63,46557811.0,221122777.0,13071525850.0,0.00356177324164493
2025-04-25,4.64,4.72,4.62,4.7,88538742.0,425166857.0,13071525850.0,0.00677340526393099
2025-04-28,4.7,4.72,4.66,4.69,51399073.0,247254642.0,13071525850.0,0.00393214025583708
2025-04-29,4.7,4.74,4.69,4.73,65119286.0,315003541.0,13071525850.0,0.004981766225861077
2025-04-30,4.7,4.7,4.6,4.6,95444725.0,453689389.0,13071525850.0,0.007301727900419521
2025-05-06,4.61,4.63,4.6,4.62,66320940.0,313988614.0,13071525850.0,0.005073695355925108
2025-05-07,4.68,4.69,4.63,4.69,95323856.0,456198964.0,13071525850.0,0.007292481160491298
2025-05-08,4.67,4.73,4.65,4.7,56726991.0,272846631.0,13071525850.0,0.004339737506620162
2025-05-09,4.69,4.7,4.66,4.66,37004726.0,177394172.0,13071525850.0,0.0028309415767249543
2025-05-12,4.68,4.72,4.66,4.71,55992858.0,269450515.0,13071525850.0,0.004283574744259867
2025-05-13,4.73,4.76,4.7,4.75,79262031.0,385491649.0,13071525850.0,0.006063716807781855
2025-05-14,4.75,4.78,4.69,4.77,84128357.0,408990737.0,13071525850.0,0.006436001272185068
2025-05-15,4.76,4.8,4.72,4.73,67662184.0,330410431.0,13071525850.0,0.005176303422909117
2025-05-16,4.74,4.75,4.69,4.7,55892604.0,269965901.0,13071525850.0,0.004275905096419941
2025-05-19,4.7,4.73,4.69,4.7,37935004.0,183074969.0,13071525850.0,0.002902109855828346
2025-05-20,4.71,4.72,4.69,4.7,41816221.0,201644199.0,13071525850.0,0.003199031351033896
2025-05-21,4.71,4.72,4.69,4.7,37025429.0,178734343.0,13071525850.0,0.002832525401003587
2025-05-22,4.7,4.71,4.64,4.65,54124606.0,258663842.0,13071525850.0,0.004140649425407364
2025-05-23,4.65,4.67,4.59,4.59,59257500.0,281418859.0,13071525850.0,0.004533326918371967
2025-05-26,4.59,4.6,4.57,4.6,42813958.0,201564536.0,13071525850.0,0.0032753603895447295
2025-05-27,4.59,4.6,4.58,4.59,28280307.0,133176964.0,13071525850.0,0.002163504653131218
2025-05-28,4.59,4.6,4.56,4.57,31729752.0,149005389.0,13071525850.0,0.0024273946564547398
2025-05-29,4.57,4.61,4.56,4.6,41373425.0,194987658.0,13071525850.0,0.003165156499307998
2025-05-30,4.6,4.63,4.58,4.6,49955394.0,235954057.0,13071525850.0,0.0038216956897958476
2025-06-03,4.59,4.62,4.56,4.61,49520939.0,233429777.0,13071525850.0,0.0037884589426107436
2025-06-04,4.61,4.65,4.6,4.63,47629953.0,226307269.0,13071525850.0,0.003643794423586746
2025-06-05,4.65,4.66,4.61,4.62,47877142.0,227523359.0,13071525850.0,0.003662704916733191
2025-06-06,4.63,4.86,4.62,4.76,199663578.0,971372738.0,13071525850.0,0.015274695570448648
2025-06-09,4.76,4.84,4.75,4.81,111920928.0,550467712.0,13071525850.0,0.008562193066389414
2025-06-10,4.82,4.82,4.74,4.76,74219197.0,363281215.0,13071525850.0,0.00567792909960852
2025-06-11,4.77,4.81,4.76,4.77,58356717.0,286123874.0,13071525850.0,0.004464415070563472
2025-06-12,4.77,4.78,4.72,4.74,55079100.0,268017800.0,13071525850.0,0.004213670280887674
2025-06-13,4.75,4.79,4.72,4.73,72530600.0,353123366.0,13071525850.0,0.005548747776832802
2025-06-16,4.72,4.76,4.7,4.71,51473298.0,249135838.0,13071525850.0,0.00393781862887874
2025-06-17,4.71,4.74,4.69,4.74,50145002.0,242622783.0,13071525850.0,0.0038362011119000314
2025-06-18,4.74,4.75,4.69,4.7,58768941.0,283482733.0,13071525850.0,0.0044959510981650245
2025-06-19,4.69,4.7,4.6,4.6,66261185.0,315174580.0,13071525850.0,0.005069123969180691
2025-06-20,4.61,4.65,4.61,4.63,42380101.0,201467770.0,13071525850.0,0.003242169390653043
2025-06-23,4.62,4.65,4.59,4.63,43178190.0,204751113.0,13071525850.0,0.003303224925344121
2025-06-24,4.64,4.74,4.63,4.74,96185121.0,463741877.0,13071525850.0,0.007358369795826093
2025-06-25,4.74,4.79,4.71,4.78,89449920.0,435291292.0,13071525850.0,0.006843112351722886
2025-06-26,4.77,4.79,4.75,4.75,49386901.0,241279681.0,13071525850.0,0.0037782047456992175
2025-06-27,4.78,4.8,4.75,4.76,60517708.0,296311274.0,13071525850.0,0.004629735556082766
2025-06-30,4.76,4.78,4.72,4.75,57294850.0,278591104.0,13071525850.0,0.00438317994834551
2025-07-01,4.75,4.76,4.72,4.74,49959400.0,242611648.0,13071525850.0,0.0038220021574604467
2025-07-02,4.75,4.8,4.73,4.79,79362041.0,388664184.0,13071525850.0,0.0060713677890940326
2025-07-03,4.8,4.81,4.77,4.8,48193207.0,236786316.0,13071525850.0,0.003686884572851914
2025-07-04,4.8,4.83,4.79,4.8,66519577.0,327822816.0,13071525850.0,0.005088891516058166
2025-07-07,4.81,4.83,4.79,4.82,54456300.0,268435228.0,13071525850.0,0.004166024733830136
2025-07-08,4.83,4.84,4.79,4.82,64300821.0,317605832.0,13071525850.0,0.004919151883098636
2025-07-09,4.83,4.89,4.82,4.86,129290930.0,644954379.0,13071525850.0,0.00989103578906207
2025-07-10,4.86,4.91,4.85,4.89,112862255.0,565283954.0,13071525850.0,0.00863420661789075
2025-07-11,4.9,5.02,4.87,4.92,185254769.0,941736647.0,13071525850.0,0.014172390517056583
2025-07-14,4.91,5.0,4.91,4.95,104122378.0,530647943.0,13071525850.0,0.007965587123862819
2025-07-15,4.95,4.97,4.89,4.93,88972210.0,450193026.0,13071525850.0,0.006806566503481305
2025-07-16,4.93,5.02,4.88,4.89,116554587.0,589128665.0,13071525850.0,0.008916678002055896
2025-07-17,4.89,4.94,4.88,4.93,80395606.0,405061983.0,13071525850.0,0.006150437747097444
2025-07-18,4.96,5.1,4.95,5.08,176928559.0,890245246.0,13071525850.0,0.013535417443251279
2025-07-21,5.59,5.59,5.59,5.59,100674069.0,562768046.0,13071525850.0,0.007701784026996359
2025-07-22,6.15,6.15,6.15,6.15,124364555.0,764842013.0,13071525850.0,0.009514157446278546
2025-07-23,6.77,6.77,6.77,6.77,175077309.0,1185273382.0,13071525850.0,0.013393792814172493
2025-07-24,7.0,7.45,6.66,7.45,2234102579.0,15856948336.0,13071525850.0,0.1709136794462293
2025-07-25,7.49,7.84,7.14,7.22,2080285723.0,15575829253.0,13071525850.0,0.15914635727090728
2025-07-28,7.08,7.3,6.88,7.03,1106305473.0,7824725292.0,13071525850.0,0.08463476151867917
2025-07-29,7.01,7.35,6.66,7.16,1528509465.0,10597900868.0,13071525850.0,0.1169342800940106
2025-07-30,6.91,7.04,6.78,6.8,894576668.0,6178924009.0,13071525850.0,0.06843704998678482
2025-07-31,6.69,6.97,6.69,6.83,722332162.0,4912228278.0,13071525850.0,0.055259972729197485
2025-08-01,6.76,6.83,6.5,6.52,626770288.0,4168054610.0,13071525850.0,0.04794928267689575
2025-08-04,6.46,6.59,6.4,6.46,420942076.0,2721868490.0,13071525850.0,0.03220297927192639
2025-08-05,6.48,6.51,6.38,6.42,407021036.0,2618212048.0,13071525850.0,0.031137989602032574
2025-08-06,6.42,6.43,6.29,6.33,437539950.0,2767509203.0,13071525850.0,0.03347275253255916
2025-08-07,6.33,6.38,6.29,6.34,401005742.0,2538951634.0,13071525850.0,0.030677806600520167
2025-08-08,6.32,6.51,6.29,6.45,562982681.0,3613948254.0,13071525850.0,0.04306939277483049
2025-08-11,6.46,6.47,6.33,6.39,355937269.0,2267778853.0,13071525850.0,0.02722997093717257
2025-08-12,6.36,6.39,6.27,6.28,351548683.0,2218151765.0,13071525850.0,0.02689423461607583
2025-08-13,6.27,6.3,6.24,6.26,305900276.0,1916560566.0,13071525850.0,0.0234020327473858
2025-08-14,6.26,6.31,6.15,6.16,328883825.0,2047128756.0,13071525850.0,0.02516032395713007
2025-08-15,6.14,6.18,6.13,6.16,262499559.0,1616476056.0,13071525850.0,0.020081784025236808
2025-08-18,6.18,6.27,6.16,6.2,335633212.0,2091089045.0,13071525850.0,0.025676666660916253
2025-08-19,6.19,6.25,6.16,6.17,260811245.0,1616948834.0,13071525850.0,0.01995262435257319
2025-08-20,6.16,6.19,6.09,6.18,309821639.0,1904366216.0,13071525850.0,0.023702025498423353
2025-08-21,6.22,6.34,6.16,6.18,376030909.0,2346460503.0,13071525850.0,0.028767177857816805
2025-08-22,6.18,6.23,6.12,6.23,289805552.0,1784080991.0,13071525850.0,0.02217075155001893
2025-08-25,6.23,6.37,6.21,6.32,467061286.0,2945237617.0,13071525850.0,0.03573119858841881
2025-08-26,6.3,6.3,6.22,6.23,248369048.0,1550438147.0,13071525850.0,0.019000769370777017
2025-08-27,6.23,6.24,6.04,6.05,455786515.0,2796133320.0,13071525850.0,0.034868654220654736
2025-08-28,6.04,6.07,5.93,6.04,320517593.0,1927209054.0,13071525850.0,0.024520289113760963
2025-08-29,6.03,6.12,5.91,5.92,447159370.0,2680423750.0,13071525850.0,0.03420865896845547
2025-09-01,5.9,5.94,5.82,5.85,407845529.0,2394755669.0,13071525850.0,0.03120106509983301
2025-09-02,5.85,5.87,5.73,5.78,290556188.0,1682666480.0,13071525850.0,0.022228176827573654
2025-09-03,5.8,5.81,5.67,5.71,212492492.0,1217901160.0,13071525850.0,0.016256135239177145
2025-09-04,5.7,5.74,5.65,5.69,231949870.0,1321441236.0,13071525850.0,0.017744666740646807
2025-09-05,5.7,5.76,5.65,5.75,211452331.0,1206976297.0,13071525850.0,0.016176560672907212
2025-09-08,5.74,5.77,5.68,5.74,280947849.0,1609273667.0,13071525850.0,0.021493118112144497
2025-09-09,5.73,5.73,5.65,5.67,195476955.0,1111502405.0,13071525850.0,0.014954409855678785
2025-09-10,5.66,5.69,5.62,5.66,163331768.0,923492890.0,13071525850.0,0.012495233523177404
2025-09-11,5.65,5.69,5.63,5.69,181798098.0,1028395090.0,13071525850.0,0.013907947709103906
2025-09-12,5.68,5.81,5.67,5.7,424567743.0,2432560501.0,13071525850.0,0.03248035063940145
2025-09-15,5.72,5.87,5.7,5.76,354724741.0,2052194886.0,13071525850.0,0.027137209922589105
2025-09-16,5.76,5.8,5.66,5.7,235900481.0,1344978919.0,13071525850.0,0.018046897026945022
2025-09-17,5.68,5.72,5.64,5.72,202928610.0,1154920593.0,13071525850.0,0.01552447758040428
2025-09-18,5.71,5.77,5.59,5.61,276215105.0,1567218501.0,13071525850.0,0.021131052959666524
2025-09-19,5.61,5.73,5.6,5.73,271220147.0,1543081748.0,13071525850.0,0.020748927869044455
2025-09-22,5.71,5.71,5.61,5.63,205295827.0,1157150942.0,13071525850.0,0.01570557480097092
2025-09-23,5.61,5.62,5.5,5.57,240995332.0,1337299812.0,13071525850.0,0.01843666414812621
2025-09-24,5.55,5.57,5.51,5.57,148283049.0,821374277.0,13071525850.0,0.011343973970720489
2025-09-25,5.55,5.59,5.52,5.52,138951267.0,770202575.0,13071525850.0,0.010630072463957986
2025-09-26,5.51,5.56,5.49,5.51,130612952.0,721966148.0,13071525850.0,0.00999217333147071
2025-09-29,5.51,5.59,5.45,5.58,190684981.0,1053145807.0,13071525850.0,0.014587813480091921
2025-09-30,5.58,5.63,5.55,5.58,168902364.0,943062402.0,13071525850.0,0.012921396165850065
2025-10-09,5.6,5.8,5.59,5.8,435322912.0,2505968787.0,13071525850.0,0.0333031443303155
2025-10-10,5.8,5.86,5.73,5.8,303318847.0,1759882591.0,13071525850.0,0.023204547845498847
2025-10-13,5.74,5.92,5.71,5.86,442151273.0,2578838643.0,13071525850.0,0.03382552871591498
2025-10-14,5.85,5.95,5.81,5.86,353472681.0,2073685738.0,13071525850.0,0.02704142462450166
2025-10-15,5.84,5.89,5.78,5.86,247493509.0,1444288335.0,13071525850.0,0.018933788743568908
2025-10-16,5.83,5.85,5.76,5.79,193995345.0,1122425095.0,13071525850.0,0.014841063486096383
2025-10-17,5.77,5.82,5.66,5.68,202032527.0,1158368093.0,13071525850.0,0.01545592529276144
2025-10-20,5.68,5.71,5.63,5.64,145154929.0,820530733.0,13071525850.0,0.011104666024892572
2025-10-21,5.66,5.79,5.65,5.77,241841891.0,1391330903.0,13071525850.0,0.018501427742653318
2025-10-22,5.79,5.8,5.74,5.75,135174398.0,779181087.0,13071525850.0,0.010341133816447298
2025-10-23,5.73,5.75,5.67,5.75,143453236.0,818356197.0,13071525850.0,0.010974482829791443
2025-10-24,5.74,5.76,5.69,5.71,144241175.0,823526759.0,13071525850.0,0.01103476186752903
2025-10-27,5.72,5.82,5.69,5.82,242765773.0,1400475338.0,13071525850.0,0.018572106713922766
2025-10-28,5.8,5.81,5.72,5.73,182022356.0,1046807568.0,13071525850.0,0.013925103931152765
2025-10-29,5.71,5.78,5.7,5.77,142048969.0,816113266.0,13071525850.0,0.010867053366994643
2025-10-30,5.78,5.84,5.76,5.79,213795241.0,1240341798.0,13071525850.0,0.016355798355400106
2025-10-31,5.75,5.75,5.64,5.64,277308049.0,1573291232.0,13071525850.0,0.0212146655396011
2025-11-03,5.64,5.64,5.59,5.64,126596474.0,710740096.0,13071525850.0,0.0096849040772084
2025-11-04,5.63,5.65,5.6,5.61,105392335.0,592110404.0,13071525850.0,0.008062741581159785
2025-11-05,5.59,5.69,5.56,5.68,167453905.0,944752599.0,13071525850.0,0.012810585919470143
2025-11-06,5.67,6.05,5.66,5.89,567542701.0,3356818605.0,13071525850.0,0.043418244167722775
2025-11-07,5.89,5.95,5.82,5.85,267904429.0,1573701189.0,13071525850.0,0.020495268270459794
2025-11-10,5.86,5.89,5.82,5.84,184075259.0,1076407316.0,13071525850.0,0.014082155450887932
2025-11-11,5.85,5.88,5.81,5.85,165341779.0,966376752.0,13071525850.0,0.012649003712141227
2025-11-12,5.81,5.82,5.71,5.73,207722404.0,1195708681.0,13071525850.0,0.01589121318992763
2025-11-13,5.73,5.75,5.71,5.74,118782069.0,680707823.0,13071525850.0,0.00908708519288894
2025-11-14,5.73,5.74,5.69,5.69,129056992.0,737152456.0,13071525850.0,0.009873139026076286
2025-11-17,5.68,5.69,5.65,5.66,96867631.0,548569096.0,13071525850.0,0.007410583287030718
2025-11-18,5.66,5.66,5.6,5.61,103224790.0,580314408.0,13071525850.0,0.007896919700464808
2025-11-19,5.59,5.62,5.57,5.58,98752492.0,552455104.0,13071525850.0,0.0075547792303069196
2025-11-20,5.6,5.63,5.58,5.59,83638532.0,468911810.0,13071525850.0,0.006398528600239887
2025-11-21,5.56,5.56,5.43,5.43,181291960.0,993984377.0,13071525850.0,0.013869227057375248
2025-11-24,5.44,5.47,5.41,5.45,75385920.0,410185177.0,13071525850.0,0.0057671859326201
2025-11-25,5.46,5.47,5.44,5.45,87480800.0,476949631.0,13071525850.0,0.006692470412702431
2025-11-26,5.45,5.47,5.41,5.42,66003567.0,359150878.0,13071525850.0,0.005049415634977305
2025-11-27,5.41,5.42,5.38,5.39,73077354.0,394663655.0,13071525850.0,0.005590575640410029
2025-11-28,5.38,5.43,5.31,5.43,120279431.0,646717629.0,13071525850.0,0.009201636624541426
2025-12-01,5.35,5.36,5.32,5.34,171090065.0,913115428.0,13071525850.0,0.013088760024140564
2025-12-02,5.32,5.33,5.25,5.27,119149115.0,628929400.0,13071525850.0,0.009115165005774747
2025-12-03,5.26,5.3,5.25,5.27,82700219.0,436265634.0,13071525850.0,0.00632674562625755
2025-12-04,5.27,5.28,5.22,5.24,76571300.0,401844984.0,13071525850.0,0.005857870066485008
2025-12-05,5.23,5.32,5.22,5.31,98615576.0,519335525.0,13071525850.0,0.007544304860170552
2025-12-08,5.32,5.34,5.29,5.3,83044666.0,440993259.0,13071525850.0,0.006353096566763856
2025-12-09,5.29,5.3,5.22,5.22,82140295.0,430573727.0,13071525850.0,0.006283910229194857
2025-12-10,5.22,5.27,5.18,5.25,98150562.0,512025018.0,13071525850.0,0.007508730283389219
2025-12-11,5.26,5.28,5.2,5.2,79586059.0,417485970.0,13071525850.0,0.0060885056506237946
2025-12-12,5.21,5.27,5.2,5.26,96027480.0,503070536.0,13071525850.0,0.007346309918363509
2025-12-15,5.24,5.29,5.23,5.24,69184536.0,363899736.0,13071525850.0,0.005292766643612612
2025-12-16,5.24,5.25,5.16,5.16,88438913.0,458350618.0,13071525850.0,0.006765768129510298
2025-12-17,5.16,5.23,5.14,5.21,84691492.0,438996211.0,13071525850.0,0.00647908231769285
2025-12-18,5.19,5.22,5.18,5.2,54426849.0,283233458.0,13071525850.0,0.004163771668630407
2025-12-19,5.2,5.26,5.19,5.25,88759193.0,465451322.0,13071525850.0,0.006790270242245667
2025-12-22,5.26,5.27,5.24,5.25,69663997.0,365836044.0,13071525850.0,0.005329446447141441
2025-12-23,5.26,5.33,5.23,5.24,116840157.0,616394794.0,13071525850.0,0.008938524724716816
2025-12-24,5.26,5.33,5.25,5.29,101559372.0,537057063.0,13071525850.0,0.007769511621323076
2025-12-25,5.28,5.29,5.27,5.28,52598716.0,277686652.0,13071525850.0,0.004023915540051508
2025-12-26,5.29,5.3,5.25,5.27,81056095.0,427516638.0,13071525850.0,0.006200966584172727
2025-12-29,5.27,5.29,5.24,5.25,76659880.0,403781231.0,13071525850.0,0.005864646628075176
2025-12-30,5.24,5.26,5.21,5.21,84502807.0,441550254.0,13071525850.0,0.006464647507085028
2025-12-31,5.21,5.22,5.18,5.2,72122904.0,374794950.0,13071525850.0,0.005517558151024886
2026-01-05,5.2,5.24,5.19,5.24,89232683.0,465600786.0,13071525850.0,0.006826493251359787
2026-01-06,5.24,5.33,5.23,5.33,173542739.0,918253020.0,13071525850.0,0.013276394890042618
2026-01-07,5.32,5.4,5.31,5.32,162423979.0,868762116.0,13071525850.0,0.012425785701215592
2026-01-08,5.32,5.39,5.3,5.37,149685608.0,803717238.0,13071525850.0,0.011451272767823047
2026-01-09,5.37,5.39,5.35,5.38,145810917.0,783235348.0,13071525850.0,0.011154850525732618
2026-01-12,5.38,5.41,5.35,5.41,203743255.0,1096585704.0,13071525850.0,0.015586799684904422
2026-01-13,5.42,5.56,5.37,5.51,427459384.0,2342660833.0,13071525850.0,0.03270156743024763
2026-01-14,5.55,5.57,5.4,5.43,312771419.0,1717847161.0,13071525850.0,0.023927690048518704
2026-01-15,5.42,5.43,5.35,5.36,160299235.0,861620484.0,13071525850.0,0.012263238189595134
2026-01-16,5.45,5.9,5.45,5.78,1065508506.0,6173593097.0,13071525850.0,0.08151370530319534
2026-01-19,5.75,5.93,5.62,5.84,786422378.0,4571677837.0,13071525850.0,0.06016301287427741
2026-01-20,5.85,6.36,5.75,6.25,1124809217.0,6862647023.0,13071525850.0,0.08605033795652861
2026-01-21,6.1,6.19,6.01,6.04,705390283.0,4292174025.0,13071525850.0,0.053963882342014415
2026-01-22,6.01,6.09,5.88,5.92,497219295.0,2961227623.0,13071525850.0,0.03803835150584199
2026-01-23,5.94,6.08,5.87,5.97,505081865.0,3011856282.0,13071525850.0,0.0386398551168378
2026-01-26,5.98,6.07,5.9,5.98,394759478.0,2359235539.0,13071525850.0,0.03019995389444148
2026-01-27,5.95,5.95,5.75,5.78,385716601.0,2237284126.0,13071525850.0,0.029508154245053188
2026-01-28,5.76,5.89,5.71,5.72,450142578.0,2609072166.0,13071525850.0,0.03443688083285242
2026-01-29,5.71,5.76,5.61,5.68,438425063.0,2483986444.0,13071525850.0,0.03354046559147492
2026-01-30,5.65,5.73,5.57,5.66,325642626.0,1839253534.0,13071525850.0,0.024912365223222963
2026-02-02,5.71,5.8,5.56,5.56,359834371.0,2046461826.0,13071525850.0,0.027528107669235875
2026-02-03,5.59,5.62,5.54,5.59,197398408.0,1100170435.0,13071525850.0,0.015101405166100023
2026-02-04,5.58,5.68,5.56,5.68,207194468.0,1167658210.0,13071525850.0,0.01585082494405196
2026-02-05,5.65,5.66,5.54,5.55,208971934.0,1166472259.0,13071525850.0,0.015986804937542926
2026-02-06,5.51,5.57,5.47,5.52,168608397.0,931328233.0,13071525850.0,0.012898907054527226
2026-02-09,5.55,5.59,5.53,5.54,166966010.0,928122494.0,13071525850.0,0.01277326089669937
2026-02-10,5.54,5.55,5.47,5.5,169925087.0,933650802.0,13071525850.0,0.012999636687403254
2026-02-11,5.49,5.51,5.48,5.49,103527566.0,568700680.0,13071525850.0,0.007920082719340681
2026-02-12,5.49,5.56,5.48,5.53,174071267.0,962608812.0,13071525850.0,0.013316828425198731
2026-02-13,5.52,5.52,5.44,5.44,176229590.0,963407715.0,13071525850.0,0.013481944802947394
2026-02-24,5.49,5.65,5.48,5.64,309077113.0,1730221731.0,13071525850.0,0.023645067649083983
2026-02-25,5.63,5.79,5.6,5.62,409177885.0,2324528714.0,13071525850.0,0.031302993215593114
2026-02-26,5.62,5.72,5.61,5.68,221091085.0,1252310901.0,13071525850.0,0.016913946201621136
2026-02-27,5.66,5.74,5.65,5.73,306868394.0,1752235300.0,13071525850.0,0.023476095868333536
2026-03-02,5.68,5.76,5.65,5.72,305453820.0,1745341295.0,13071525850.0,0.023367877897743666
2026-03-03,5.71,5.75,5.58,5.59,291096377.0,1643439144.0,13071525850.0,0.022269502454451407
2026-03-04,5.55,5.67,5.51,5.6,228359222.0,1277777940.0,13071525850.0,0.017469974402414542
2026-03-05,5.66,5.8,5.65,5.75,443919327.0,2552306242.0,13071525850.0,0.03396078867104868
2026-03-06,5.76,6.01,5.73,5.96,685419860.0,4051234969.0,13071525850.0,0.05243610178837691
2026-03-09,5.97,6.07,5.88,5.92,502227792.0,2986126101.0,13071525850.0,0.038421512359247637
2026-03-10,5.9,6.19,5.84,6.03,686073701.0,4143831194.0,13071525850.0,0.0524861220390732
2026-03-11,6.04,6.54,5.93,6.38,1245092016.0,7840193316.0,13071525850.0,0.09525223224035471
2026-03-12,6.48,6.65,6.25,6.54,1475218816.0,9487734506.0,13071525850.0,0.1128574301828734
2026-03-13,6.95,7.19,6.76,7.19,1800476985.0,12775678440.0,13071525850.0,0.13774038361405222
2026-03-16,7.1,7.13,6.47,6.47,1911490858.0,12779304751.0,13071525850.0,0.14623318501106738
2026-03-17,6.28,6.43,6.1,6.12,1086421440.0,6762971206.0,13071525850.0,0.08311358998689507
2026-03-18,6.08,6.24,6.02,6.13,754445442.0,4623248941.0,13071525850.0,0.05771670810718704
2026-03-19,6.02,6.17,5.96,6.01,556582984.0,3356551902.0,13071525850.0,0.04257980211239073
2026-03-20,5.98,6.1,5.84,5.85,536674604.0,3183781767.0,13071525850.0,0.04105676798244636
2026-03-23,5.76,5.95,5.73,5.81,558798661.0,3271965747.0,13071525850.0,0.04274930619519067
2026-03-24,5.87,5.99,5.79,5.95,510083371.0,3007786684.0,13071525850.0,0.03902248114362257
2026-03-25,5.95,6.18,5.95,6.13,640780312.0,3907196256.0,13071525850.0,0.04902107981525355
2026-03-26,6.12,6.12,5.93,5.95,440797949.0,2641607545.0,13071525850.0,0.033721996502803074
2026-03-27,5.85,5.99,5.85,5.93,282377079.0,1674921168.0,13071525850.0,0.021602457298433908
2026-03-30,5.84,5.92,5.74,5.86,311266301.0,1810887808.0,13071525850.0,0.023812545266090723
2026-03-31,5.84,5.87,5.74,5.74,260445038.0,1510463172.0,13071525850.0,0.019924608725002062
2026-04-01,5.85,5.88,5.75,5.8,223025747.0,1294251637.0,13071525850.0,0.017061952029112194
2026-04-02,5.8,5.81,5.65,5.67,258601907.0,1476549057.0,13071525850.0,0.019783605216983906
2026-04-03,5.66,5.68,5.55,5.56,195068336.0,1089511544.0,13071525850.0,0.014923149618374506
2026-04-07,5.56,5.64,5.56,5.62,147049328.0,824223813.0,13071525850.0,0.011249591645798565
2026-04-08,5.73,5.8,5.7,5.8,254790729.0,1466754084.0,13071525850.0,0.019492041856766094
2026-04-09,5.75,5.76,5.67,5.69,206336636.0,1176282730.0,13071525850.0,0.01578519894064242
2026-04-10,5.7,5.73,5.66,5.66,207529922.0,1180864114.0,13071525850.0,0.015876487900607257
2026-04-13,5.62,5.7,5.6,5.68,169776448.0,959507600.0,13071525850.0,0.012988265482411145
2026-04-14,5.7,5.72,5.65,5.69,169720022.0,962338406.0,13071525850.0,0.01298394877136704
2026-04-15,5.69,5.76,5.67,5.68,260243540.0,1486806376.0,13071525850.0,0.019909193692180933
2026-04-16,5.7,5.75,5.68,5.72,210981922.0,1205546254.0,13071525850.0,0.016140573366957
2026-04-17,5.71,5.77,5.69,5.71,185581875.0,1061648155.0,13071525850.0,0.014197414833555947
2026-04-20,5.72,5.82,5.7,5.8,311734547.0,1796272195.0,13071525850.0,0.023848367097862564
2026-04-21,5.8,5.95,5.74,5.93,418325009.0,2458834816.0,13071525850.0,0.03200276798595782
2026-04-22,5.9,5.92,5.85,5.87,239186736.0,1404705798.0,13071525850.0,0.018298302642303997
2026-04-23,5.89,5.99,5.84,5.94,301064439.0,1780846802.0,13071525850.0,0.023032080757427412
2026-04-24,5.88,5.89,5.76,5.78,257598180.0,1495373810.0,13071525850.0,0.01970681793051727
2026-04-27,5.76,5.77,5.68,5.68,200407960.0,1141952082.0,13071525850.0,0.01533164240347656
2026-04-28,5.66,5.68,5.58,5.62,193363026.0,1087563493.0,13071525850.0,0.014792689714950149
2026-04-29,5.65,5.69,5.64,5.68,156803546.0,889780803.0,13071525850.0,0.01199581042025021
2026-04-30,5.63,5.64,5.58,5.59,204232398.0,1142878675.0,13071525850.0,0.0156242201823745
2026-05-06,5.6,5.63,5.6,5.63,161847221.0,908607611.0,13071525850.0,0.012381662466742549
2026-05-07,5.64,6.04,5.62,5.96,570362394.0,3362735400.0,13071525850.0,0.04363395678095224
2026-05-08,5.97,5.98,5.82,5.85,386965342.0,2273150674.0,13071525850.0,0.029603685632461952
2026-05-11,5.88,6.0,5.87,5.89,382548842.0,2268844860.0,13071525850.0,0.029265813829989863
2026-05-12,5.9,6.02,5.86,5.95,359357075.0,2136482313.0,13071525850.0,0.027491593492889738
2026-05-13,5.95,6.15,5.92,6.09,500855285.0,3041813421.0,13071525850.0,0.038316512605144716
2026-05-14,6.1,6.11,5.83,5.83,450440655.0,2676194888.0,13071525850.0,0.034459684368064805
2026-05-15,5.82,5.86,5.73,5.76,285014793.0,1648247753.0,13071525850.0,0.021804248124559996
2026-05-18,5.77,5.83,5.74,5.78,165206456.0,953652444.0,13071525850.0,0.012638651209950367
2026-05-19,5.78,5.81,5.72,5.81,176478599.0,1017997001.0,13071525850.0,0.013500994530030326
2026-05-20,5.79,5.79,5.65,5.66,194575512.0,1106757843.0,13071525850.0,0.014885447516442772
2026-05-21,5.65,5.69,5.47,5.48,279608692.0,1561862583.0,13071525850.0,0.021390669705174472
2026-05-22,5.48,5.51,5.41,5.48,183313026.0,1000424308.0,13071525850.0,0.014023842977749992
2026-05-25,5.52,5.57,5.5,5.54,157013869.0,869113308.0,13071525850.0,0.012011900584658982
2026-05-26,5.53,5.53,5.38,5.43,223126619.0,1209850737.0,13071525850.0,0.017069668955288796
2026-05-27,5.4,5.42,5.25,5.28,245340693.0,1300987255.0,13071525850.0,0.018769093663231366
2026-05-28,5.25,5.32,5.23,5.25,198255240.0,1044836504.0,13071525850.0,0.015166954667346659
2026-05-29,5.25,5.39,5.24,5.34,214173403.0,1141452766.0,13071525850.0,0.016384728566328773
2026-06-01,5.34,5.39,5.26,5.39,163739395.0,874942760.0,13071525850.0,0.012526417870336079
