date,open,high,low,close,volume,amount,outstanding_share,turnover
2015-01-05,18.57,19.21,18.37,19.08,48762596.0,1039531456.0,1904392364.0,0.025605330562016474
2015-01-06,18.89,20.02,18.83,19.86,66441148.0,1475110784.0,1904392364.0,0.03488837135454929
2015-01-07,19.86,19.86,19.36,19.48,38421336.0,851416576.0,1904392364.0,0.02017511555197561
2015-01-08,19.69,20.25,19.58,19.73,47467964.0,1071251840.0,1904392364.0,0.02492551687211029
2015-01-09,19.67,20.11,19.39,19.46,40018176.0,900990208.0,1904392364.0,0.021013619229151667
2015-01-12,19.49,19.76,19.06,19.42,30820420.0,675565440.0,1904392364.0,0.016183860312937066
2015-01-13,19.3,19.83,19.25,19.61,24010292.0,534881440.0,1904392364.0,0.012607849334980846
2015-01-14,19.53,20.01,19.05,19.17,29895788.0,660399296.0,1904392364.0,0.01569833431657259
2015-01-15,19.19,19.36,19.04,19.35,21799104.0,475227616.0,1904392364.0,0.01144675037144814
2015-01-16,19.37,19.85,19.17,19.79,27734144.0,612656000.0,1904392364.0,0.014563251000306993
2015-01-19,19.3,19.85,18.35,18.61,40970216.0,889151104.0,1904392364.0,0.021513537217690712
2015-01-20,18.93,19.09,18.68,18.97,27445600.0,588609280.0,1904392364.0,0.01441173600504943
2015-01-21,19.08,19.87,18.95,19.66,39841632.0,881188352.0,1904392364.0,0.020920915643831053
2015-01-22,19.68,20.01,19.42,19.83,31657160.0,709223488.0,1904392364.0,0.01662323405535352
2015-01-23,19.83,19.95,19.36,19.57,31514112.0,700786240.0,1904392364.0,0.01654811928241905
2015-01-26,19.57,20.41,19.46,20.39,46100908.0,1045121472.0,1904392364.0,0.024207673204049877
2015-01-27,20.55,20.6,19.9,20.19,37869468.0,870478848.0,1904392364.0,0.01988532863073379
2015-01-28,20.39,20.94,20.21,20.31,42482588.0,993180544.0,1904392364.0,0.02230768658973682
2015-01-29,20.16,20.35,19.89,19.95,23432356.0,534029664.0,1904392364.0,0.012304374058076196
2015-01-30,19.96,20.22,19.64,19.73,18743100.0,422635520.0,1904392364.0,0.009842036942761024
2015-02-02,19.59,20.17,19.5,20.0,21096020.0,476842880.0,1904392364.0,0.011077559645161442
2015-02-03,20.01,20.41,19.89,20.21,22967360.0,525777504.0,1904392364.0,0.012060203786870467
2015-02-04,20.21,20.23,19.79,19.84,21393444.0,483850624.0,1904392364.0,0.011233737545064007
2015-02-05,20.02,20.07,19.32,19.35,28697278.0,636145152.0,1904392364.0,0.015068994469041044
2015-02-06,19.23,19.51,18.97,19.01,16915986.0,367835328.0,1904392364.0,0.008882615956550852
2015-02-09,18.98,19.12,18.71,18.82,14469594.0,310148768.0,1904392364.0,0.007598010931743056
2015-02-10,18.83,19.11,18.77,19.09,14788749.0,317720576.0,1904392364.0,0.007765599820479012
2015-02-11,19.14,19.52,19.05,19.3,16164257.0,353655456.0,1904392364.0,0.008487881649582165
2015-02-12,19.2,19.4,19.02,19.28,13417729.0,292030240.0,1904392364.0,0.007045674648588331
2015-02-13,19.39,20.07,19.32,19.72,31772828.0,710971072.0,1904392364.0,0.016683971538965905
2015-02-16,19.76,19.95,19.62,19.85,19831918.0,445551520.0,1904392364.0,0.010413777315481822
2015-02-17,19.9,20.36,19.8,20.22,27994764.0,636690496.0,1904392364.0,0.014700103050822777
2015-02-25,20.2,20.2,19.79,19.89,18913288.0,427499392.0,1905614684.0000002,0.009925032672554698
2015-02-26,19.85,20.07,19.79,20.01,16130507.0,364199040.0,1905614684.0000002,0.008464726439943825
2015-02-27,20.05,20.1,19.84,19.98,18971352.0,429061472.0,1905614684.0000002,0.009955502630877081
2015-03-02,20.07,20.27,19.85,20.16,26021154.0,589729600.0,1905614684.0000002,0.013654992385648513
2015-03-03,20.09,20.89,19.95,20.31,46321748.0,1072052544.0,1905614684.0000002,0.02430803477162962
2015-03-04,20.45,20.91,20.17,20.88,52102284.0,1212672640.0,1905614684.0000002,0.02734145808041013
2015-03-05,20.88,21.44,20.46,20.74,53153844.0,1265259648.0,1905614684.0000002,0.02789328002470409
2015-03-06,20.91,20.91,20.2,20.26,25532266.0,590662784.0,1905614684.0000002,0.013398441046017883
2015-03-09,20.29,20.41,19.85,20.32,22892814.0,521422400.0,1905614684.0000002,0.012013348864391935
2015-03-10,20.27,20.75,19.96,20.62,25602052.0,593659776.0,1905614684.0000002,0.013435062300349064
2015-03-11,20.6,21.04,20.45,20.54,24627484.0,577898880.0,1905614684.0000002,0.012923643067393574
2015-03-12,20.76,20.76,20.1,20.22,25540608.0,588581504.0,1905614684.0000002,0.013402818636130952
2015-03-13,20.24,20.49,20.13,20.39,17615888.0,404442016.0,1905614684.0000002,0.009244202486424585
2015-03-16,20.6,21.04,20.42,20.92,31418596.0,742151680.0,1905614684.0000002,0.01648738134933473
2015-03-17,21.11,21.76,21.04,21.25,46047028.0,1118958976.0,1905614684.0000002,0.02416387131492108
2015-03-18,21.25,21.74,20.99,21.56,34522936.0,838417984.0,1905614684.0000002,0.01811643050920151
2015-03-19,21.52,21.52,21.13,21.29,26090268.0,630013888.0,1905614684.0000002,0.01369126099786078
2015-03-20,21.26,21.83,21.23,21.71,33240708.0,813079040.0,1905614684.0000002,0.01744356205852998
2015-03-23,21.92,22.17,21.6,22.08,38112400.0,944859456.0,1905614684.0000002,0.020000055793020954
2015-03-24,22.12,22.14,21.33,21.87,41464416.0,1022145600.0,1905614684.0000002,0.021759076663370208
2015-03-25,22.04,22.36,21.57,22.34,47994720.0,1189632000.0,1905614684.0000002,0.02518595202008844
2015-03-26,22.19,22.21,21.79,21.83,35377600.0,881229632.0,1905614684.0000002,0.018564928312653575
2015-03-27,21.84,22.11,21.61,21.87,27752718.0,688166464.0,1905614684.0000002,0.014563656668380288
2015-04-17,24.06,24.06,24.06,24.06,4999306.0,136331072.0,1905614684.0000002,0.002623461102590874
2015-04-20,25.14,25.99,24.33,24.41,116083688.0,3308435968.0,1905614684.0000002,0.06091666325551886
2015-04-21,24.54,25.58,24.49,25.32,51121192.0,1453634560.0,1905614684.0000002,0.026826615280216844
2015-04-22,25.48,25.74,24.83,25.21,58705796.0,1676987136.0,1905614684.0000002,0.030806750437487703
2015-04-23,25.3,25.39,24.7,24.81,45132244.0,1275722880.0,1905614684.0000002,0.02368382463618757
2015-04-24,24.53,25.28,24.44,24.81,36610668.0,1029538048.0,1905614684.0000002,0.019211999313078338
2015-04-27,24.97,25.4,24.63,25.02,41412896.0,1172179584.0,1905614684.0000002,0.021732040767586776
2015-04-28,24.88,25.12,24.06,24.17,40174784.0,1113702272.0,1905614684.0000002,0.021082322852209925
2015-04-29,24.06,24.78,24.06,24.17,30103860.0,832373568.0,1905614684.0000002,0.01579745383616072
2015-04-30,24.53,24.94,24.26,24.27,31428212.0,872702272.0,1905614684.0000002,0.016492427490131575
2015-05-04,24.35,24.51,23.82,24.12,23737144.0,647911104.0,1905614684.0000002,0.012456423745735577
2015-05-05,24.1,24.94,24.03,24.14,39230672.0,1084044800.0,1905614684.0000002,0.02058688586385809
2015-05-06,24.44,24.89,24.27,24.52,44021436.0,1228713216.0,1905614684.0000002,0.023100911411742666
2015-05-07,24.68,24.86,23.25,23.29,34133880.0,924807424.0,1905614684.0000002,0.017912267514831975
2015-05-08,23.46,23.73,23.16,23.51,29801900.0,791272192.0,1905614684.0000002,0.015638995779274755
2015-05-11,23.64,24.42,23.42,24.3,36368272.0,990608064.0,1905614684.0000002,0.01908479836210162
2015-05-12,24.36,24.86,24.24,24.52,40932948.0,1138095488.0,1905614684.0000002,0.021480180827573848
2015-05-13,24.54,25.01,24.18,24.89,43990156.0,1226458752.0,1905614684.0000002,0.023084496760731297
2015-05-14,24.95,25.11,24.57,24.64,27717918.0,778300096.0,1905614684.0000002,0.014545394844365083
2015-05-15,24.59,24.59,23.73,23.94,28837496.0,787692864.0,1905614684.0000002,0.015132910258367844
2015-05-18,23.99,24.92,23.95,24.43,31243124.0,867626624.0,1905614684.0000002,0.01639529977509346
2015-05-19,24.77,25.27,24.62,25.15,47061940.0,1331426048.0,1905614684.0000002,0.024696461669372817
2015-05-20,25.32,26.07,24.98,25.18,51604640.0,1496829184.0,1905614684.0000002,0.027080311897932453
2015-05-21,25.18,25.86,25.18,25.72,33337558.0,966305152.0,1905614684.0000002,0.01749438555438839
2015-05-22,26.61,28.3,25.89,28.3,75676000.0,2357949696.0,1905614684.0000002,0.03971212052226188
2015-05-25,28.6,30.41,27.93,29.31,76895808.0,2532029696.0,1905614684.0000002,0.040352233138018785
2015-05-26,29.12,29.54,28.41,29.35,50641288.0,1666953216.0,1905614684.0000002,0.026574778429866462
2015-05-27,29.23,29.23,28.24,28.63,45722036.0,1484253056.0,1905614684.0000002,0.02399332686922137
2015-05-28,28.48,29.08,27.29,27.31,54826412.0,1743725824.0,1905614684.0000002,0.028770985268079512
2015-05-29,28.04,30.05,27.8,30.05,97083584.0,3226939392.0,1905614684.0000002,0.0509460725796968
2015-06-01,30.87,32.05,30.57,31.26,87999000.0,3117817856.0,1905614684.0000002,0.046178800330864786
2015-06-02,30.87,33.26,30.42,32.84,65393988.0,2327867392.0,1905614684.0000002,0.03431647989966895
2015-06-03,33.52,33.79,31.49,32.09,50859096.0,1881857536.0,1905614684.0000002,0.026689076457599333
2015-06-04,31.85,33.83,30.87,33.76,63867176.0,2328345600.0,1905614684.0000002,0.033515262312073996
2015-06-05,34.57,34.83,32.74,33.34,61611280.0,2352493056.0,1905614684.0000002,0.03233144691699909
2015-06-08,33.04,33.04,31.58,31.92,54446600.0,1976503296.0,1905614684.0000002,0.028571673201905276
2015-06-09,32.02,32.54,30.87,31.13,43730728.0,1563651840.0,1905614684.0000002,0.022948358011288285
2015-06-10,30.95,32.22,30.6,31.75,41926548.0,1505012096.0,1905614684.0000002,0.022001587389111447
2015-06-11,31.77,32.05,30.97,31.2,31066816.0,1101671680.0,1905614684.0000002,0.01630277949726378
2015-06-12,31.38,32.02,31.02,31.1,38963680.0,1387962368.0,1905614684.0000002,0.020446777791517056
2015-06-15,31.1,31.3,29.73,30.17,57583492.0,1975121920.0,1905614684.0000002,0.030217804513937085
2015-06-16,30.12,30.61,29.12,29.36,36709660.0,1242504448.0,1905614684.0000002,0.01926394685569079
2015-06-17,29.36,29.65,28.32,29.51,39963792.0,1313859968.0,1905614684.0000002,0.020971601623111756
2015-06-18,29.29,30.29,28.99,29.1,37625156.0,1268020864.0,1905614684.0000002,0.019744367167145525
2015-06-19,28.68,29.4,27.35,28.08,33047280.0,1072524032.0,1905614684.0000002,0.01734205780290891
2015-06-23,28.06,28.32,26.24,28.03,35217132.0,1093660032.0,1905614684.0000002,0.01848072031334116
2015-06-24,28.25,28.86,27.61,28.84,40604088.0,1297651584.0,1905614684.0000002,0.021307606590630152
2015-06-25,28.8,28.8,27.24,27.42,30309016.0,963429824.0,1905614684.0000002,0.015905112536380935
2015-06-26,26.57,27.26,24.67,24.68,49146552.0,1420763136.0,1905614684.0000002,0.025790393206268972
2015-06-29,25.32,25.67,22.21,23.21,60586660.0,1627953536.0,1905614684.0000002,0.03179376214336518
2015-06-30,23.38,25.53,22.06,25.53,54521316.0,1501481472.0,1905614684.0000002,0.028610881547971947
2015-07-01,25.14,26.24,24.35,24.44,45421856.0,1316544128.0,1905614684.0000002,0.023835802894138485
2015-07-02,24.66,25.12,22.75,22.96,43968404.0,1204127872.0,1905614684.0000002,0.02307308207119168
2015-07-03,22.92,24.21,20.87,22.31,48856272.0,1247807872.0,1905614684.0000002,0.025638064405259377
2015-07-06,24.54,24.54,21.17,23.13,62984920.0,1639916416.0,1905614684.0000002,0.03305228519114412
2015-07-07,22.49,23.11,20.82,21.44,72125240.0,1758235904.0,1905614684.0000002,0.03784880574524372
2015-07-08,19.29,19.87,19.29,19.29,69732488.0,1531250048.0,1905614684.0000002,0.03659317310340373
2015-07-09,18.97,21.22,17.75,21.22,73529776.0,1691109248.0,1905614684.0000002,0.03858585716061789
2015-07-10,22.23,23.35,22.06,23.35,68454496.0,1791121024.0,1905614684.0000002,0.03592252755751749
2015-07-13,23.99,25.69,23.37,25.69,91552672.0,2571795456.0,1905614684.0000002,0.04804364322373158
2015-07-14,25.05,26.41,24.36,24.69,76654568.0,2195712768.0,1905614684.0000002,0.04022563881544901
2015-07-15,24.12,24.12,22.22,22.22,52609616.0,1376014080.0,1905614684.0000002,0.027607688186768817
2015-07-16,22.22,23.64,21.17,22.96,35547364.0,918211712.0,1905614684.0000002,0.018654014527944306
2015-07-17,23.04,24.5,23.04,24.13,32787552.0,886530944.0,1905614684.0000002,0.017205761623948525
2015-07-20,24.06,24.87,23.67,23.9,34103240.0,936608704.0,1905614684.0000002,0.017896188713457665
2015-07-21,23.82,24.6,23.46,24.3,29568468.0,809284352.0,1905614684.0000002,0.015516498822277125
2015-07-22,24.17,24.61,23.64,23.98,26942524.0,734758720.0,1905614684.0000002,0.014138495167053402
2015-07-23,23.98,25.17,23.84,24.7,37834260.0,1050978432.0,1905614684.0000002,0.019854097639814366
2015-07-24,24.57,25.03,23.98,24.06,36111632.0,1008232896.0,1905614684.0000002,0.018950122657640057
2015-07-27,23.37,23.55,21.66,21.66,49872440.0,1285923712.0,1905614684.0000002,0.02617131386462385
2015-07-28,21.22,22.63,20.47,22.34,54915252.0,1336980736.0,1905614684.0000002,0.028817605395824078
2015-07-29,22.41,23.71,21.87,23.4,30229526.0,771125568.0,1905614684.0000002,0.015863398961927812
2015-07-30,23.11,23.8,22.24,22.34,23916130.0,628411520.0,1905614684.0000002,0.012550349344390336
2015-07-31,22.05,22.89,21.97,22.79,22085428.0,563916032.0,1905614684.0000002,0.011589660903347655
2015-08-03,22.8,23.54,22.51,23.52,38917512.0,1016587008.0,1905614684.0000002,0.020422550438323552
2015-08-04,23.51,24.27,23.44,24.25,24475492.0,663680192.0,1905614684.0000002,0.01284388297671199
2015-08-05,24.13,24.33,23.42,23.58,17484492.0,472972128.0,1905614684.0000002,0.009175250456875677
2015-08-06,23.38,24.08,22.94,23.65,12744981.0,340491840.0,1905614684.0000002,0.006688120692504067
2015-08-07,23.86,24.33,23.73,24.08,18566160.0,507438464.0,1905614684.0000002,0.009742872027533137
2015-08-10,24.19,25.18,23.99,25.04,33282788.0,929627072.0,1905614684.0000002,0.017465644172166755
2015-08-11,24.96,25.27,24.4,24.6,28886768.0,813386752.0,1905614684.0000002,0.015158766482301097
2015-08-12,24.19,24.32,23.51,23.57,30716828.0,821438336.0,1905614684.0000002,0.0161191180241766
2015-08-13,23.58,23.94,23.22,23.93,17038796.0,452002688.0,1905614684.0000002,0.008941364769626217
2015-08-14,24.01,24.1,23.61,23.79,15413540.0,413765760.0,1905614684.0000002,0.008088487210670549
2015-08-17,23.78,23.88,23.17,23.82,21703990.0,572419712.0,1905614684.0000002,0.011389495569189263
2015-08-18,23.85,24.02,21.83,22.36,27889006.0,722664448.0,1905614684.0000002,0.014635175848592483
2015-08-19,21.82,22.62,21.29,22.54,20445308.0,505822080.0,1905614684.0000002,0.010728983236571238
2015-08-20,22.28,22.37,21.68,21.71,15258266.0,377547488.0,1905614684.0000002,0.008007004841068909
2015-08-21,21.53,21.53,20.78,21.35,22743818.0,540564288.0,1905614684.0000002,0.011935160969823843
2015-08-24,20.49,20.49,19.21,19.21,35414016.0,769497600.0,1905614684.0000002,0.01858403815700236
2015-08-25,18.37,19.09,17.29,17.54,40420744.0,818594752.0,1905614684.0000002,0.02121139406585303
2015-08-26,18.09,19.13,17.59,18.16,29110456.0,596426368.0,1905614684.0000002,0.01527615012857447
2015-08-27,18.85,19.6,18.75,19.59,23983760.0,514238688.0,1905614684.0000002,0.012585839205256669
2015-08-28,19.86,20.61,19.36,20.09,28311948.0,632053248.0,1905614684.0000002,0.014857121031714299
2015-08-31,19.65,20.13,19.07,20.1,21670102.0,477599168.0,1905614684.0000002,0.011371712330906869
2015-09-01,19.74,20.24,19.16,20.23,36436580.0,809974592.0,1905614684.0000002,0.019120644013677215
2015-09-02,19.41,20.92,19.26,20.73,32771776.0,749558784.0,1905614684.0000002,0.017197482930394966
2015-09-07,20.74,21.37,19.4,19.41,23537448.0,535237408.0,1905614684.0000002,0.012351630262731539
2015-09-08,19.46,20.96,19.27,20.78,17531460.0,396539648.0,1905614684.0000002,0.009199897622115509
2015-09-09,20.77,21.26,20.55,21.05,19131804.0,450085120.0,1905614684.0000002,0.01003970223394857
2015-09-10,20.76,21.32,20.51,21.1,12601773.0,297374880.0,1905614684.0000002,0.006612970138091147
2015-09-11,20.98,21.44,20.85,21.25,9930176.0,235780832.0,1905614684.0000002,0.005211009383678741
2015-09-14,21.23,21.25,19.95,21.22,21972672.0,508089536.0,1905614684.0000002,0.011530490494478157
2015-09-15,20.58,20.81,20.05,20.25,10367686.0,237520928.0,1905614684.0000002,0.005440599344164163
2015-09-16,20.19,21.93,20.08,21.48,14466392.0,339599296.0,1905614684.0000002,0.0075914570356029
2015-09-17,21.3,21.58,20.6,20.7,10928736.0,260274192.0,1905614684.0000002,0.005735018779903566
2015-09-18,20.9,21.06,20.46,20.71,7282267.0,169023184.0,1905614684.0000002,0.003821479263958064
2015-09-21,20.48,21.39,20.35,21.16,7122420.0,167794208.0,1905614684.0000002,0.00373759714374661
2015-09-22,21.1,21.7,21.1,21.67,11673854.0,281187104.0,1905614684.0000002,0.006126030670322017
2015-09-23,21.39,21.67,21.07,21.23,6412914.0,153562160.0,1905614684.0000002,0.003365273186570386
2015-09-24,21.04,21.54,20.93,20.95,7070576.0,167680480.0,1905614684.0000002,0.0037103912240844168
2015-09-25,20.94,21.15,20.04,20.16,8547600.0,196458064.0,1905614684.0000002,0.004485481808976236
2015-09-28,20.17,20.49,19.97,20.19,6263409.0,141531792.0,1905614684.0000002,0.003286818186587819
2015-09-29,19.95,19.95,19.41,19.53,9226836.0,203327840.0,1905614684.0000002,0.004841921127849579
2015-09-30,19.67,19.83,19.43,19.53,5450663.0,119915048.0,1905614684.0000002,0.002860317484833151
2015-10-08,21.48,21.48,21.48,21.48,10701862.0,258021888.0,1905614684.0000002,0.005615963232155698
2015-10-09,21.92,22.73,21.72,22.22,81952248.0,2044896384.0,1905614684.0000002,0.04300567616742818
2015-10-12,21.85,22.95,21.66,22.21,80780288.0,2025167744.0,1905614684.0000002,0.04239067251016208
2015-10-13,21.86,22.34,21.74,22.3,33183800.0,818399744.0,1905614684.0000002,0.01741369872861454
2015-10-14,22.07,22.94,22.05,22.08,37189612.0,937107904.0,1905614684.0000002,0.01951580889476395
2015-10-15,21.88,22.63,21.85,22.45,31610988.0,789788160.0,1905614684.0000002,0.016588341948355807
2015-10-16,22.61,22.7,21.88,22.3,32204864.0,805666112.0,1905614684.0000002,0.016899987321886106
2015-10-19,22.52,23.31,22.41,23.26,49803268.0,1274555264.0,1905614684.0000002,0.02613501481603822
2015-10-20,23.03,23.16,22.64,22.98,30690980.0,787967680.0,1905614684.0000002,0.01610555389695979
2015-10-21,23.17,23.28,21.44,21.52,38566404.0,972091648.0,1905614684.0000002,0.020238301228371513
2015-10-22,21.65,22.62,21.65,22.54,29646244.0,737246528.0,1905614684.0000002,0.015557312949420995
2015-10-23,23.06,23.88,23.06,23.28,47902536.0,1258869376.0,1905614684.0000002,0.02513757707799023
2015-10-26,23.44,23.51,22.67,22.91,30828924.0,795307520.0,1905614684.0000002,0.01617794208810788
2015-10-27,22.81,22.87,22.01,22.68,21198660.0,534247904.0,1905614684.0000002,0.011124316042476505
2015-10-28,22.62,22.87,22.13,22.2,16018030.0,404333568.0,1905614684.0000002,0.008405702440525483
2015-10-29,22.62,22.62,22.12,22.46,12508871.0,314219744.0,1905614684.0000002,0.006564218414681359
2015-10-30,22.38,22.61,22.02,22.2,14951120.0,374807360.0,1905614684.0000002,0.007845825352592633
2015-11-02,21.92,22.6,21.78,21.96,16037559.0,400733248.0,1905614684.0000002,0.008415950577341373
2015-11-03,22.08,22.2,21.8,21.91,11114486.0,274278720.0,1905614684.0000002,0.005832493889410016
2015-11-04,21.97,22.87,21.97,22.84,25872458.0,653962112.0,1905614684.0000002,0.013576961920597793
2015-11-05,22.91,23.39,22.64,23.16,31287336.0,807981824.0,1905614684.0000002,0.0164185006878337
2015-11-06,23.06,23.52,22.95,23.44,30533728.0,797212672.0,1905614684.0000002,0.016023033542073607
2015-11-09,23.44,24.44,23.41,23.73,38541452.0,1034532352.0,1905614684.0000002,0.02022520729064659
2015-11-10,23.59,23.82,23.33,23.58,24255432.0,641195072.0,1905614684.0000002,0.012728403178068708
2015-11-11,23.52,23.75,23.36,23.6,18217356.0,481218464.0,1905614684.0000002,0.009559831876274521
2015-11-12,23.79,24.05,23.52,23.71,22664606.0,604606848.0,1905614684.0000002,0.011893593280056819
2015-11-13,23.38,23.51,22.89,22.96,18378086.0,476967296.0,1905614684.0000002,0.009644177364032107
2015-11-16,22.47,23.37,22.39,23.32,11790215.0,302989536.0,1905614684.0000002,0.006187092857225274
2015-11-17,23.35,23.7,23.0,23.07,16690728.0,438056416.0,1905614684.0000002,0.008758710845450221
2015-11-18,23.07,23.08,22.43,22.52,12779664.0,327185888.0,1905614684.0000002,0.006706321119007497
2015-11-19,22.63,23.02,22.62,22.98,9527672.0,244372576.0,1905614684.0000002,0.004999789348810454
2015-11-20,23.1,23.57,22.99,23.16,15365765.0,401116384.0,1905614684.0000002,0.008063416560028984
2015-11-23,23.26,23.33,22.82,22.86,12206657.0,315919232.0,1905614684.0000002,0.006405627067470686
2015-11-24,22.78,22.92,22.41,22.82,9316540.0,236938304.0,1905614684.0000002,0.004888994652604177
2015-11-25,22.7,23.18,22.61,23.17,13008732.0,334435328.0,1905614684.0000002,0.006826528001292416
2015-11-26,23.28,23.49,22.93,22.95,12243987.0,318962240.0,1905614684.0000002,0.0064252165470823994
2015-11-27,22.91,22.95,21.4,21.72,15364498.0,383279264.0,1905614684.0000002,0.008062751682700613
2015-11-30,21.77,22.01,21.1,21.5,17115012.0,413036032.0,1905614684.0000002,0.00898136026327975
2015-12-01,21.64,22.24,21.55,21.79,14752186.0,361673472.0,1905614684.0000002,0.0077414317405627205
2015-12-02,21.75,22.5,21.66,22.42,14730093.0,366169280.0,1905614684.0000002,0.007729838106138354
2015-12-03,22.46,22.7,22.38,22.62,10890100.0,275799741.0,1905614684.0000002,0.005714743957126224
2015-12-04,22.54,22.58,22.19,22.29,10500205.0,263626032.0,1905614684.0000002,0.005510140684873101
2015-12-07,22.54,23.41,22.54,23.18,20916653.0,540869798.0,1905614684.0000002,0.010976328622790984
2015-12-08,23.02,23.11,22.68,22.81,13446570.0,345109760.0,1905614684.0000002,0.007056290084716831
2015-12-09,22.75,22.96,22.44,22.56,8918337.0,226316334.0,1905614684.0000002,0.004680031632249953
2015-12-10,22.5,22.88,22.4,22.46,9890972.0,250930704.0,1905614684.0000002,0.005190436494348507
2015-12-14,20.95,21.72,20.62,21.62,66338656.0,1574258432.0,1905614684.0000002,0.034812208657392985
2015-12-15,21.3,21.48,21.14,21.28,34156528.0,815665984.0,1905614684.0000002,0.01792415239386348
2015-12-16,21.22,21.56,21.14,21.23,22718068.0,543364928.0,1905614684.0000002,0.011921648269582707
2015-12-17,21.35,21.6,21.34,21.58,31895196.0,768560000.0,1905614684.0000002,0.016737484375933784
2015-12-18,21.45,21.59,21.31,21.38,20787744.0,499954752.0,1905614684.0000002,0.010908681683941095
2015-12-21,21.54,22.17,21.54,21.87,31986968.0,786490816.0,1905614684.0000002,0.016785643114828136
2015-12-22,21.91,22.05,21.39,21.64,28053231.0,681672174.0,1905614684.0000002,0.01472135539022746
2015-12-23,21.65,22.0,21.4,21.47,30835468.0,749948800.0,1905614684.0000002,0.01618137615064683
2015-12-24,21.52,21.58,20.96,21.23,19286556.0,458960224.0,1905614684.0000002,0.010120910676189981
2015-12-25,21.23,21.37,21.2,21.33,10902060.0,260346630.0,1905614684.0000002,0.005721020147218806
2015-12-28,21.44,21.54,20.96,20.98,19400798.0,462511188.0,1905614684.0000002,0.010180860885935531
2015-12-29,21.04,21.09,20.66,20.96,15428683.0,361024435.0,1905614684.0000002,0.008096433727942453
2015-12-30,21.01,21.09,20.84,21.01,12452191.0,292943816.0,1905614684.0000002,0.006534474731199121
2015-12-31,21.0,21.24,20.88,20.93,14740520.0,348540517.0,1905614684.0000002,0.007735309831397163
2016-01-04,20.93,20.94,19.45,19.51,15260725.0,347774834.0,1905614684.0000002,0.008008295238346305
2016-01-05,19.15,19.84,18.99,19.64,19517355.0,426676056.0,1905614684.0000002,0.01024202592679014
2016-01-06,19.74,19.97,19.64,19.89,10455362.0,232738119.0,1905614684.0000002,0.0054866086453813235
2016-01-07,19.62,19.62,18.35,18.5,3378200.0,72579399.0,1905614684.0000002,0.0017727613186255232
2016-01-08,18.98,19.1,18.18,18.7,17143823.0,360248786.0,1905614684.0000002,0.008996479269363143
2016-01-11,18.27,18.57,17.77,17.79,14503495.0,295417772.0,1905614684.0000002,0.007610927393546469
2016-01-12,17.96,18.06,17.64,17.85,14224140.0,285559775.0,1905614684.0000002,0.00746433165079452
2016-01-13,18.01,18.18,17.43,17.55,13107593.0,262484540.0,1905614684.0000002,0.00687840679968228
2016-01-14,17.2,18.04,16.97,17.95,12942340.0,255299903.0,1906837004.0,0.00678733419419209
2016-01-15,17.83,17.97,17.47,17.62,11300768.0,224906356.0,1906837004.0,0.0059264467682839245
2016-01-18,17.2,17.59,17.05,17.06,19596151.0,380141995.0,1906837004.0,0.010276783468588487
2016-01-19,17.16,17.56,16.85,17.55,18434475.0,356722530.0,1906837004.0,0.009667567265230185
2016-01-20,17.38,17.49,16.96,17.12,16421355.0,317483006.0,1906837004.0,0.008611829414655098
2016-01-21,16.96,17.34,16.65,16.67,14731348.0,281840638.0,1906837004.0,0.007725541285960905
2016-01-22,16.94,16.98,16.11,16.44,21010674.0,387336053.0,1906837004.0,0.011018599888677217
2016-01-25,16.57,16.71,16.44,16.64,9357784.0,174162499.0,1906837004.0,0.004907490247131789
2016-01-26,16.48,16.48,15.51,15.74,18403972.0,330196355.0,1906837004.0,0.009651570617411828
2016-01-27,15.77,15.81,14.7,15.43,20466283.0,351597155.0,1906837004.0,0.010733105638849874
2016-01-28,15.33,15.82,15.15,15.58,20935629.0,365255640.0,1906837004.0,0.01097924413889757
2016-01-29,15.59,16.33,15.58,16.21,14347799.0,258842151.0,1906837004.0,0.007524397192787014
2016-02-01,16.21,16.26,15.95,16.16,9374511.0,169492424.0,1906837004.0,0.004916262365548262
2016-02-02,16.13,16.54,16.11,16.39,7877099.0,145031697.0,1906837004.0,0.004130976577167368
2016-02-03,16.26,16.26,15.86,16.19,7288850.0,131286950.0,1906837004.0,0.003822481934591196
2016-02-04,16.26,16.42,16.22,16.34,8177545.0,149779517.0,1906837004.0,0.004288539074313034
2016-02-05,16.39,16.56,16.13,16.16,6321828.0,116073008.0,1906837004.0,0.003315347870184294
2016-02-15,15.86,16.17,15.77,16.13,7551717.0,135441250.0,1906837004.0,0.003960336926627002
2016-02-16,16.23,16.69,16.2,16.62,13986524.0,259814239.0,1906837004.0,0.0073349342238797875
2016-02-17,16.61,16.69,16.42,16.66,11272235.0,210066223.0,1906837004.0,0.005911483244951754
2016-02-18,16.78,16.83,16.44,16.48,9054689.0,168988947.0,1906837004.0,0.004748538538430839
2016-02-19,16.52,16.73,16.49,16.64,7628817.0,142226787.0,1906837004.0,0.004000770377330059
2016-02-22,16.84,16.89,16.64,16.81,15553770.0,292421293.0,1906837004.0,0.00815684296422433
2016-02-23,16.91,16.99,16.72,16.96,15944174.0,301576585.0,1906837004.0,0.008361582015952948
2016-02-24,17.18,17.37,16.81,17.14,20932214.0,402834030.0,1906837004.0,0.01097745321497862
2016-02-25,17.02,17.04,15.63,15.78,17259264.0,317566007.0,1906837004.0,0.009051252919780237
2016-02-26,15.93,16.22,15.86,16.16,9052590.0,162923065.0,1906837004.0,0.00474743776264581
2016-02-29,16.07,16.19,15.5,15.99,12346416.0,218235094.0,1906837004.0,0.006474814561549174
2016-03-01,15.99,16.23,15.75,16.16,6347611.0,114097927.0,1906837004.0,0.003328869214665188
2016-03-02,16.32,16.83,16.19,16.78,12436999.0,230679851.0,1906837004.0,0.006522318884052871
2016-03-03,16.75,16.84,16.56,16.82,16622623.0,311573213.0,1906837004.0,0.008717380124850986
2016-03-04,16.71,17.18,16.6,17.07,23277049.0,442476112.0,1906837004.0,0.012207151922881396
2016-03-07,17.09,17.24,16.82,17.02,11977829.0,229188522.0,1906837004.0,0.006281516970183572
2016-03-08,16.97,17.06,16.5,17.01,9724811.0,182854926.0,1906837004.0,0.005099969729767212
2016-03-09,16.73,16.92,16.46,16.89,10355059.0,193895455.0,1906837004.0,0.00543048985218875
2016-03-10,16.75,16.88,16.53,16.65,7715762.0,144312557.0,1906837004.0,0.004046366828320686
2016-03-11,16.57,16.59,16.35,16.48,6160542.0,113750527.0,1906837004.0,0.0032307648671999444
2016-03-14,16.6,16.99,16.52,16.85,11019218.0,208265669.0,1906837004.0,0.0057787938753468835
2016-03-15,16.71,17.06,16.55,16.98,11442403.0,215722710.0,1906837004.0,0.006000724223411389
2016-03-16,16.91,17.06,16.8,16.97,16445913.0,313105811.0,1906837004.0,0.008624708334011333
2016-03-17,17.06,17.2,16.82,17.14,11778813.0,225540288.0,1906837004.0,0.006177147273359711
2016-03-18,17.19,17.51,17.13,17.3,19465009.0,378292657.0,1906837004.0,0.01020800884352882
2016-03-21,17.82,18.24,17.78,17.86,28028431.0,564644695.0,1906837004.0,0.014698912880966936
2016-03-22,17.67,18.2,17.65,17.95,14565574.0,293465544.0,1906837004.0,0.007638604647091273
2016-03-23,17.94,18.12,17.74,17.93,9039128.0,181568433.0,1906837004.0,0.004740377903847307
2016-03-24,17.97,17.97,17.55,17.58,9460179.0,188475762.0,1906837004.0,0.004961189121123223
2016-03-25,17.56,17.76,17.53,17.64,6233622.0,123332140.0,1906837004.0,0.0032690901146367724
2016-03-28,17.65,18.05,17.49,17.64,10120883.0,202362796.0,1906837004.0,0.00530768124321548
2016-03-29,17.68,17.74,17.16,17.29,11462251.0,224266893.0,1906837004.0,0.006011133083716892
2016-03-30,17.47,17.77,17.42,17.72,12892209.0,254164497.0,1906837004.0,0.006761044060376332
2016-03-31,17.81,17.89,17.71,17.76,10561719.0,210853032.0,1906837004.0,0.005538868281790487
2016-04-01,17.87,17.98,17.45,17.78,10198023.0,202816756.0,1906837004.0,0.005348135671065465
2016-04-05,17.77,17.96,17.57,17.9,14103638.0,282012392.0,1906837004.0,0.007396352163511926
2016-04-06,17.92,18.06,17.86,17.99,10288988.0,207504446.0,1906837004.0,0.005395840325322321
2016-04-07,18.04,18.08,17.55,17.6,9510281.0,190085008.0,1906837004.0,0.004987464046507459
2016-04-08,17.51,17.6,17.15,17.3,9548049.0,186042907.0,1906837004.0,0.005007270668636552
2016-04-11,17.38,17.98,17.38,17.88,14854710.0,295718563.0,1906837004.0,0.007790235855943144
2016-04-12,17.83,18.18,17.78,17.92,13278833.0,268224909.0,1906837004.0,0.006963800771720287
2016-04-13,18.03,18.25,17.98,18.04,14428073.0,293813840.0,1906837004.0,0.007566495180098781
2016-04-14,18.13,18.4,18.05,18.21,11837538.0,242188034.0,1906837004.0,0.006207944347192876
2016-04-15,18.2,18.24,18.01,18.05,6307253.0,128081330.0,1906837004.0,0.0033077043222725293
2016-04-18,17.99,17.99,17.69,17.71,6822435.0,136052865.0,1906837004.0,0.003577880534984625
2016-04-19,17.82,17.89,17.7,17.81,6179925.0,123219434.0,1906837004.0,0.0032409298681724133
2016-04-20,17.83,17.84,17.0,17.27,18375680.0,355859343.0,1906837004.0,0.009636733481389896
2016-04-21,17.25,17.37,17.07,17.09,6604004.0,127724783.0,1906837004.0,0.003463329055470753
2016-04-22,17.05,17.17,17.03,17.11,6374407.0,122230239.0,1906837004.0,0.003342921805392025
2016-04-25,17.13,17.14,16.77,16.91,5967342.0,113275708.0,1906837004.0,0.0031294452475393642
2016-04-26,16.84,17.09,16.84,17.0,5501366.0,104757965.0,1906837004.0,0.002885074072120325
2016-04-27,17.06,17.23,17.01,17.09,5635532.0,108349811.0,1906837004.0,0.0029554345694877233
2016-04-28,17.15,17.2,16.85,17.02,4024339.0,76842759.0,1906837004.0,0.0021104787622424387
2016-04-29,17.02,17.27,17.0,17.21,5517581.0,106289084.0,1906837004.0,0.0028935776830561234
2016-05-03,17.21,17.71,17.1,17.59,14856315.0,291448458.0,1906837004.0,0.007791077563963616
2016-05-04,17.47,17.71,17.47,17.6,8049330.0,159188351.0,1906837004.0,0.004221299451979798
2016-05-05,17.53,17.63,17.42,17.57,6792916.0,133642783.0,1906837004.0,0.003562399924980688
2016-05-06,17.57,17.67,17.05,17.06,8130043.0,157559330.0,1906837004.0,0.004263627663479096
2016-05-09,16.94,16.94,16.47,16.57,11617091.0,216941842.0,1906837004.0,0.00609233561947385
2016-05-10,16.44,16.65,16.43,16.49,5390716.0,99796583.0,1906837004.0,0.0028270460394316955
2016-05-11,16.55,17.23,16.46,16.82,13866094.0,262039215.0,1906837004.0,0.007271777278767347
2016-05-12,16.65,16.72,16.4,16.69,8804785.0,163951357.0,1906837004.0,0.004617481715285613
2016-05-13,16.69,16.81,16.41,16.61,6591632.0,122893122.0,1906837004.0,0.0034568408239260286
2016-05-16,16.65,16.79,16.5,16.76,6319006.0,118440890.0,1906837004.0,0.003313867932468548
2016-05-17,16.81,16.89,16.62,16.66,6271164.0,117722888.0,1906837004.0,0.0032887782158857242
2016-05-18,16.58,16.68,16.32,16.51,8511170.0,157506685.0,1906837004.0,0.004463501590406518
2016-05-19,16.5,16.65,16.41,16.54,5108491.0,94802149.0,1906837004.0,0.0026790391571402503
2016-05-20,16.43,16.6,16.31,16.59,3396731.0,62987652.0,1906837004.0,0.0017813431315181253
2016-05-23,16.62,16.79,16.57,16.73,4673028.0,87625705.0,1906837004.0,0.0024506698738263
2016-05-24,16.68,16.86,16.61,16.72,4511279.0,84737061.0,1906837004.0,0.002365844060366263
2016-05-25,16.84,16.89,16.54,16.6,5433770.0,102062162.0,1906837004.0,0.0028496247915272784
2016-05-26,16.6,16.7,16.44,16.66,4780208.0,88778021.0,1906837004.0,0.0025068781390189553
2016-05-27,16.66,16.73,16.56,16.65,4019159.0,75134633.0,1906837004.0,0.002107762221715307
2016-05-30,16.69,16.73,16.48,16.61,3334311.0,62190560.0,1906837004.0,0.0017486082937375176
2016-05-31,16.63,17.2,16.63,17.18,13290322.0,253751624.0,1906837004.0,0.006969825932746583
2016-06-01,17.17,17.23,17.05,17.06,6192984.0,119004002.0,1906837004.0,0.00324777838221562
2016-06-02,17.05,17.17,17.01,17.06,4622299.0,88560942.0,1906837004.0,0.002424066131663973
2016-06-03,17.14,17.5,17.06,17.35,11686313.0,227561560.0,1906837004.0,0.0061286376210895055
2016-06-06,17.36,17.47,17.2,17.3,6071559.0,118064906.0,1906837004.0,0.003184099630573353
2016-06-07,17.33,17.35,17.11,17.27,4951105.0,95653959.0,1906837004.0,0.002596501425981347
2016-06-08,17.2,17.26,17.07,17.15,7196179.0,138465178.0,1906837004.0,0.003773882605017875
2016-06-13,16.93,16.98,16.61,16.62,8828581.0,166393165.0,1906837004.0,0.004629961019992876
2016-06-14,16.55,16.6,16.4,16.53,10204602.0,188710813.0,1906837004.0,0.0053515858873063905
2016-06-15,16.4,16.81,16.34,16.69,7262984.0,135827346.0,1906837004.0,0.003808917062530427
2016-06-16,16.66,16.78,16.44,16.48,6353309.0,118310705.0,1906837004.0,0.0033318574092450325
2016-06-17,16.53,16.78,16.53,16.63,6881235.0,128624611.0,1906837004.0,0.00360871694096828
2016-06-20,16.64,16.78,16.59,16.73,4985554.0,93441038.0,1906837004.0,0.002614567469344118
2016-06-21,16.8,16.98,16.63,16.72,6018172.0,113473415.0,1906837004.0,0.0031561019569976835
2016-06-22,16.71,16.9,16.63,16.89,5239351.0,98800590.0,1906837004.0,0.002747665893314078
2016-06-23,16.91,17.0,16.85,16.88,4252068.0,79373451.0,1906837004.0,0.002229906379559645
2016-06-24,16.9,16.97,16.54,16.74,7770979.0,143862328.0,1906837004.0,0.0040753242063682965
2016-06-27,16.67,17.0,16.67,16.96,5928675.0,110112287.0,1906837004.0,0.003109167164033072
2016-06-28,16.87,17.13,16.8,17.1,7647101.0,143352937.0,1906837004.0,0.004010359031190691
2016-06-29,17.14,17.2,17.03,17.07,6614292.0,124823537.0,1906837004.0,0.003468724377660546
2016-06-30,17.08,17.33,17.08,17.24,6658491.0,126547624.0,1906837004.0,0.003491903600586933
2016-07-01,17.26,17.31,17.16,17.18,4697406.0,89260498.0,1906837004.0,0.00246345439602136
2016-07-04,17.13,17.52,17.09,17.51,9650161.0,185224798.0,1906837004.0,0.005060821129313473
2016-07-05,17.68,17.78,17.55,17.6,10134908.0,197417506.0,1906837004.0,0.005315036355356989
2016-07-06,17.58,17.99,17.4,17.87,12373675.0,241153157.0,1906837004.0,0.0064891099627516985
2016-07-07,17.91,18.43,17.86,18.05,20029997.0,401173396.0,1906837004.0,0.010504304750737888
2016-07-08,18.12,18.12,17.82,17.97,7257672.0,143956997.0,1906837004.0,0.003806131297418434
2016-07-11,18.4,18.47,18.08,18.12,13086068.0,263670985.0,1906837004.0,0.006862709278532545
2016-07-12,18.2,18.93,18.13,18.83,23607332.0,484783111.0,1906837004.0,0.012380361798349074
2016-07-13,18.9,19.39,18.82,18.84,20178672.0,425854375.0,1906837004.0,0.01058227418372462
2016-07-14,18.82,19.01,18.74,18.93,6523004.0,135895521.0,1906837004.0,0.003420850332942249
2016-07-15,19.04,19.41,19.03,19.13,11357813.0,241227954.0,1906837004.0,0.005956362801946128
2016-07-18,19.13,19.29,18.78,18.98,11008804.0,230817474.0,1906837004.0,0.005773332475144268
2016-07-19,18.85,19.02,18.67,18.89,8041509.0,167069434.0,1906837004.0,0.004217197895326768
2016-07-20,18.85,19.11,18.83,18.89,5757160.0,120598913.0,1906837004.0,0.0030192197801506477
2016-07-21,18.89,19.44,18.8,19.25,12540523.0,266241612.0,1906837004.0,0.006576609838016338
2016-07-22,19.25,19.72,19.07,19.16,11588762.0,248563946.0,1906837004.0,0.00607747907959101
2016-07-25,19.21,19.7,19.17,19.47,10356768.0,222848457.0,1906837004.0,0.005431386100791235
2016-07-26,19.47,19.67,19.36,19.57,6406070.0,137944066.0,1906837004.0,0.0033595267904712846
2016-07-27,19.61,20.1,18.86,19.67,23320331.0,504291134.0,1906837004.0,0.012229850244714466
2016-07-29,20.22,20.22,19.58,19.59,15178985.0,333397993.0,1906837004.0,0.007960294963942289
2016-08-01,19.53,19.53,18.76,18.85,15649396.0,327450572.0,1906837004.0,0.00820699198052693
2016-08-02,18.92,19.24,18.92,19.21,9631668.0,203011009.0,1906837004.0,0.005051122869860145
2016-08-03,19.04,19.31,18.91,19.01,6891130.0,145070895.0,1906837004.0,0.003613906162689509
2016-08-04,19.01,19.13,18.76,19.02,6311869.0,131938210.0,1906837004.0,0.003310125085027981
2016-08-05,19.02,19.38,18.96,19.19,8380269.0,177782411.0,1906837004.0,0.00439485335265709
2016-08-08,19.2,19.7,19.05,19.69,9432947.0,203100025.0,1906837004.0,0.004946907879494875
2016-08-09,19.76,19.82,19.51,19.61,7456654.0,161150122.0,1906837004.0,0.003910483163667407
2016-08-10,19.61,19.75,19.13,19.19,10678338.0,227829991.0,1906837004.0,0.005600026629229396
2016-08-11,19.2,19.41,18.92,18.93,7922008.0,167802096.0,1906837004.0,0.004154528144451722
2016-08-12,18.95,19.2,18.83,19.15,11775829.0,246894045.0,1906837004.0,0.006175582378198908
2016-08-15,19.21,19.83,19.14,19.7,18091195.0,390483358.0,1906837004.0,0.009487541390297038
2016-08-16,19.7,19.94,19.51,19.53,18459470.0,401436891.0,1906837004.0,0.009680675359916605
2016-08-17,19.54,19.99,19.54,19.85,11173381.0,244118932.0,1906837004.0,0.00585964137289209
2016-08-18,19.76,19.91,19.48,19.61,14511439.0,315263897.0,1906837004.0,0.007610214700868056
2016-08-19,19.58,19.8,19.54,19.68,6139519.0,133223015.0,1906837004.0,0.0032197398032034414
2016-08-22,19.55,20.08,19.55,19.85,11253586.0,247188645.0,1906837004.0,0.005901703174625407
2016-08-23,19.94,20.06,19.48,19.55,11201933.0,244656392.0,1906837004.0,0.005874614860369051
2016-08-24,19.8,20.71,19.8,20.54,32517476.0,730954411.0,1906837004.0,0.01705309679421346
2016-08-25,20.39,20.9,20.14,20.63,34379553.0,783957056.0,1906837004.0,0.0180296233647037
2016-08-26,20.61,21.18,20.57,20.96,25607341.0,591995467.0,1906837004.0,0.013429223864589949
2016-08-29,20.85,21.18,20.73,21.03,15497010.0,358016484.0,1906837004.0,0.008127076392733985
2016-08-30,21.21,21.65,20.94,21.01,18876976.0,445002361.0,1906837004.0,0.009899627477546056
2016-08-31,20.9,21.17,20.68,21.15,14878137.0,342805814.0,1906837004.0,0.007802521646469999
2016-09-01,21.2,21.86,21.16,21.53,22495855.0,536533665.0,1906837004.0,0.011797471389956307
2016-09-02,21.52,21.61,21.28,21.57,12210547.0,288701851.0,1906837004.0,0.00640356096215133
2016-09-05,21.57,21.68,21.24,21.35,10519574.0,248287599.0,1906837004.0,0.005516766235358835
2016-09-06,21.21,21.4,21.06,21.27,12026437.0,281676435.0,1906837004.0,0.00630700839913006
2016-09-07,21.35,21.69,21.1,21.22,10700892.0,252987535.0,1906837004.0,0.0056118545935245545
2016-09-08,21.28,21.47,21.13,21.35,6742145.0,158888747.0,1906837004.0,0.003535774156814087
2016-09-09,21.3,21.62,21.28,21.38,9032222.0,213695371.0,1906837004.0,0.0047367561994302474
2016-09-12,21.12,21.32,20.74,21.29,18306112.0,423727600.0,1906837004.0,0.009600250027453317
2016-09-13,21.21,21.31,20.96,21.05,8566899.0,199347178.0,1906837004.0,0.004492727475934802
2016-09-14,20.87,21.23,20.87,21.03,5376814.0,124672445.0,1906837004.0,0.0028197554320169883
2016-09-19,21.03,21.44,21.02,21.42,8437447.0,197821793.0,1906837004.0,0.004424839135332828
2016-09-20,21.35,21.74,21.28,21.41,8855192.0,210186606.0,1906837004.0,0.004643916591415173
2016-09-21,21.48,21.64,21.28,21.35,5309574.0,125834017.0,1906837004.0,0.002784492848031598
2016-09-22,21.46,21.61,21.37,21.54,6395973.0,151646951.0,1906837004.0,0.0033542316341580707
2016-09-23,21.58,22.07,21.58,21.97,15254692.0,367814627.0,1906837004.0,0.007999997885503589
2016-09-26,21.92,21.92,21.08,21.1,11523270.0,272475722.0,1906837004.0,0.006043133196926359
2016-09-27,20.96,21.25,20.9,21.2,7181623.0,167274754.0,1906837004.0,0.003766249021250901
2016-09-28,21.25,21.34,21.06,21.16,4251688.0,99365969.0,1906837004.0,0.002229707096663832
2016-09-29,21.06,21.25,21.01,21.05,6376872.0,148491970.0,1906837004.0,0.003344214522071442
2016-09-30,21.17,21.43,21.14,21.28,5498593.0,129232247.0,1906837004.0,0.002883619831409565
2016-10-10,21.56,21.89,21.45,21.54,10162552.0,242214657.0,1906837004.0,0.0053295336615986925
2016-10-11,21.58,21.83,21.48,21.79,6994699.0,166853393.0,1906837004.0,0.00366822071594327
2016-10-12,21.65,21.72,21.54,21.64,4196875.0,100064519.0,1906837004.0,0.0022009615878001913
2016-10-13,21.65,21.7,21.27,21.35,9261931.0,218832208.0,1906837004.0,0.004857222185520373
2016-10-14,21.35,21.39,21.04,21.16,7155821.0,167283711.0,1906837004.0,0.0037527177126252162
2016-10-17,21.2,21.23,20.77,20.86,8233432.0,190880797.0,1906837004.0,0.004317847819571683
2016-10-18,20.82,21.2,20.79,21.18,6441797.0,149341058.0,1906837004.0,0.003378263053678394
2016-10-19,21.21,21.25,21.09,21.13,4389876.0,102549555.0,1906837004.0,0.0023021768461548063
2016-10-20,21.16,21.2,20.85,20.88,6469106.0,149618117.0,1906837004.0,0.0033925846763145783
2016-10-21,20.87,21.19,20.85,21.06,6756937.0,156860631.0,1906837004.0,0.0035435315057479344
2016-10-24,21.06,21.25,20.81,21.03,7985905.0,185290037.0,1906837004.0,0.004188037563382633
2016-10-25,21.05,21.18,20.95,21.14,6451398.0,149972470.0,1906837004.0,0.0033832980933697046
2016-10-26,21.25,21.52,21.15,21.3,10728080.0,252182333.0,1906837004.0,0.005626112760291283
2016-10-27,21.29,21.29,21.03,21.16,4634249.0,108035543.0,1906837004.0,0.0024303330543086104
2016-10-28,21.16,21.54,21.12,21.42,7617283.0,179400567.0,1906837004.0,0.0039947216170134695
2016-10-31,21.44,21.58,21.27,21.54,10460196.0,247589543.0,1906837004.0,0.005485626709602075
2016-11-01,21.53,21.66,21.45,21.59,7254502.0,172587138.0,1906837004.0,0.0038044688585244174
2016-11-02,21.52,21.98,21.51,21.83,13822588.0,332311958.0,1906837004.0,0.007248961484911482
2016-11-03,21.83,22.32,21.61,22.24,17154816.0,416998044.0,1906837004.0,0.008996477393722741
2016-11-04,22.2,22.7,22.04,22.22,12902502.0,319068777.0,1906837004.0,0.006766442004709491
2016-11-07,22.26,22.33,21.95,22.11,7164682.0,174337573.0,1906837004.0,0.0037573646750983652
2016-11-08,22.13,22.19,21.83,22.03,7309980.0,177797224.0,1906837004.0,0.0038335631124557304
2016-11-09,22.09,22.09,21.66,21.93,10141722.0,244056610.0,1906837004.0,0.005318609812336115
2016-11-10,22.12,22.31,21.93,22.0,11302577.0,275384425.0,1906837004.0,0.0059273954597537275
2016-11-11,22.03,22.05,21.75,21.82,7486069.0,180468008.0,1906837004.0,0.0039259092330893326
2016-11-14,21.75,21.98,21.58,21.69,12759626.0,305656424.0,1906837004.0,0.0066915137335985956
2016-11-15,21.66,21.81,21.59,21.78,7051162.0,168823532.0,1906837004.0,0.0036978315321176767
2016-11-16,21.75,21.8,21.63,21.73,7452310.0,178486084.0,1906837004.0,0.003908205045511063
2016-11-17,21.7,21.78,21.57,21.74,5278895.0,126047437.0,1906837004.0,0.002768403900766759
2016-11-18,21.78,21.91,21.55,21.64,6952708.0,166702675.0,1906837004.0,0.0036461994315272897
2016-11-21,21.65,21.88,21.53,21.56,7161566.0,171671199.0,1906837004.0,0.0037557305553527006
2016-11-22,21.57,21.83,21.49,21.68,8836949.0,211352730.0,1906837004.0,0.004634349439130142
2016-11-23,21.75,21.8,21.57,21.62,8592887.0,205293221.0,1906837004.0,0.0045063563282937
2016-11-24,21.62,21.84,21.56,21.69,12365395.0,295484767.0,1906837004.0,0.0064847676933376735
2016-11-25,21.68,22.05,21.6,21.98,9716881.0,234427575.0,1906837004.0,0.005095811010388804
2016-11-28,22.04,22.1,21.75,21.81,10136145.0,244556048.0,1906837004.0,0.005315685073625727
2016-11-29,21.83,22.27,21.79,21.83,14227388.0,345393053.0,1906837004.0,0.007461250211819363
2016-11-30,21.74,21.87,21.51,21.57,9056321.0,216146706.0,1906837004.0,0.004749394406025487
2016-12-01,21.55,21.59,20.83,20.9,24722104.0,574825692.0,1906837004.0,0.012964980199220006
2016-12-02,20.98,20.99,20.51,20.76,21506280.0,490726369.0,1906837004.0,0.011278509885682918
2016-12-05,20.57,20.88,20.53,20.87,9022909.0,206259121.0,1906837004.0,0.004731872195196816
2016-12-06,20.85,20.99,20.76,20.95,6502031.0,149865433.0,1907713979.0,0.00340828398364428
2016-12-07,21.0,21.16,21.0,21.13,7612086.0,177203305.0,1907713979.0,0.003990161042899188
2016-12-08,21.12,21.24,20.96,21.01,5431819.0,126246282.0,1907713979.0,0.0028472921306826574
2016-12-09,21.1,21.17,20.96,21.06,5862258.0,136354519.0,1907713979.0,0.0030729229143002467
2016-12-12,21.08,21.16,20.57,20.93,12160079.0,280174729.0,1907713979.0,0.0063741625494478805
2016-12-13,20.91,21.16,20.8,21.07,5199841.0,120245217.0,1907713979.0,0.002725692141085894
2016-12-14,21.05,21.05,20.56,20.63,7946650.0,181829353.0,1907713979.0,0.004165535340976814
2016-12-15,20.65,20.75,20.47,20.69,5665505.0,129065847.0,1907713979.0,0.002969787432689353
2016-12-16,20.62,20.79,20.62,20.72,2769835.0,63271888.0,1907713979.0,0.0014519131434220097
2016-12-19,20.69,20.8,20.57,20.65,3612138.0,82299883.0,1907713979.0,0.0018934379261053788
2016-12-20,20.65,20.7,20.28,20.45,6771441.0,152432213.0,1907713979.0,0.0035495053632460696
2016-12-21,20.43,20.53,20.37,20.49,4703843.0,106014802.0,1907713979.0,0.002465696143017045
2016-12-22,20.47,20.57,20.32,20.5,4293797.0,96810406.0,1907713979.0,0.002250755116996498
2016-12-23,20.48,20.48,20.2,20.39,5118009.0,114864373.0,1907713979.0,0.002682796821923377
2016-12-26,20.3,20.67,20.26,20.65,5777113.0,130516829.0,1907713979.0,0.00302829096164001
2016-12-27,20.64,20.76,20.58,20.68,3278705.0,74818213.0,1907713979.0,0.0017186564841961563
2016-12-28,20.64,20.84,20.61,20.75,4486872.0,102714722.0,1907713979.0,0.0023519626366379945
2016-12-29,20.71,20.98,20.71,20.8,4656549.0,107158763.0,1907713979.0,0.002440905214963569
2016-12-30,20.85,20.98,20.75,20.97,3927296.0,90474614.0,1907713979.0,0.002058639839740882
2017-01-03,21.09,21.56,21.01,21.45,12695808.0,299375428.0,1907713979.0,0.006654985044799527
2017-01-04,21.4,21.63,21.31,21.55,8646319.0,205173093.0,1907713979.0,0.004532293150429339
2017-01-05,21.53,21.69,21.31,21.4,4897992.0,115915772.0,1907713979.0,0.002567466640134108
2017-01-06,21.36,21.44,21.01,21.16,7804869.0,182264079.0,1907713979.0,0.004091215499763342
2017-01-09,21.16,21.35,21.12,21.22,6399767.0,149822645.0,1907713979.0,0.0033546784635685683
2017-01-10,21.25,21.27,21.08,21.11,3084483.0,71933848.0,1907713979.0,0.001616847721384758
2017-01-11,21.25,21.9,21.19,21.51,14768626.0,352610861.0,1907713979.0,0.007741530524267339
2017-01-12,21.64,21.72,21.41,21.5,6214183.0,147688997.0,1907713979.0,0.003257397633191008
2017-01-13,21.45,21.72,21.22,21.54,7360541.0,174254084.0,1907713979.0,0.003858304274657726
2017-01-16,21.43,21.75,21.25,21.69,16419157.0,390305542.0,1907713979.0,0.00860671839738089
2017-01-17,21.57,22.24,21.48,22.2,14481192.0,350264682.0,1907713979.0,0.007590861187477832
2017-01-18,22.18,22.42,22.05,22.08,11629250.0,285764100.0,1907713979.0,0.006095908573305055
2017-01-19,21.97,22.37,21.95,22.09,4296351.0,105063395.0,1908973339.0,0.002250608173632539
2017-01-20,22.05,22.66,22.05,22.53,11673778.0,289472856.0,1908973339.0,0.006115212696535203
2017-01-23,22.55,22.8,22.43,22.48,6902082.0,172419559.0,1908973339.0,0.00361559894996522
2017-01-24,22.49,22.7,22.39,22.47,4918029.0,122367710.0,1908973339.0,0.002576269086385601
2017-01-25,22.48,22.73,22.43,22.63,6330182.0,157899960.0,1908973339.0,0.0033160138335488823
2017-01-26,22.66,22.76,22.58,22.59,5819404.0,145583391.0,1908973339.0,0.003048446974669875
2017-02-03,22.6,22.99,22.6,22.8,6005390.0,151295081.0,1908973339.0,0.0031458742127566195
2017-02-06,22.73,23.3,22.66,22.94,12761770.0,325002870.0,1908973339.0,0.006685148367072087
2017-02-07,23.02,23.28,22.91,23.27,10255709.0,260907702.0,1908973339.0,0.00537236890137626
2017-02-08,23.19,23.31,23.07,23.12,6916984.0,176730223.0,1908973339.0,0.0036234052402342115
2017-02-09,23.12,23.18,22.54,22.65,12923148.0,325239323.0,1908973339.0,0.006769684906531846
2017-02-10,22.65,23.03,22.62,22.88,10749519.0,271332619.0,1908973339.0,0.0056310472128600015
2017-02-13,22.94,23.11,22.68,22.93,8713040.0,220594495.0,1908973339.0,0.004564254419898947
2017-02-14,22.87,22.98,22.66,22.83,6169011.0,155110652.0,1908973339.0,0.003231585729338465
2017-02-15,22.79,22.88,22.46,22.52,7832470.0,195366358.0,1908973339.0,0.004102975059936131
2017-02-16,22.43,22.7,22.42,22.67,3964390.0,98658859.0,1908973339.0,0.002076713131088941
2017-02-17,22.72,23.01,22.62,22.69,5813079.0,146451317.0,1908973339.0,0.003045133675384452
2017-02-20,22.72,23.09,22.68,22.95,10106445.0,255506640.0,1908973339.0,0.005294178181290986
2017-02-21,22.95,23.61,22.95,23.56,18474541.0,477141933.0,1908973339.0,0.009677736520761331
2017-02-22,23.51,23.57,23.21,23.3,7116538.0,183361013.0,1908973339.0,0.003727939963649749
2017-02-23,23.33,23.67,23.32,23.59,9019607.0,234191678.0,1908973339.0,0.004724847024173133
2017-02-24,23.79,24.21,23.66,23.7,19734676.0,521109722.0,1908973339.0,0.010337847887565496
2017-02-27,23.76,23.85,23.3,23.41,7307665.0,189352695.0,1908973339.0,0.003828060272349356
2017-02-28,23.4,23.48,23.23,23.36,6803939.0,175200688.0,1908973339.0,0.0035641875457329266
2017-03-01,23.57,24.16,23.5,23.55,17250970.0,453285073.0,1908973339.0,0.009036778904956723
2017-03-02,23.58,23.64,23.32,23.42,4763470.0,123082834.0,1908973339.0,0.0024953046240526883
2017-03-03,23.32,23.32,23.05,23.28,8226736.0,210118416.0,1908973339.0,0.004309508064847835
2017-03-06,23.14,23.58,23.13,23.36,7727749.0,199271571.0,1908973339.0,0.004048117824446997
2017-03-07,23.37,23.77,23.28,23.69,9844048.0,256358509.0,1908973339.0,0.0051567236686274115
2017-03-08,23.56,23.69,23.41,23.49,4276358.0,111057524.0,1908973339.0,0.0022401350048398974
2017-03-09,23.44,23.62,23.1,23.11,6175011.0,158779800.0,1908973339.0,0.0032347287800440047
2017-03-10,23.09,23.49,23.09,23.38,7385136.0,190265765.0,1908973339.0,0.003868642819217498
2017-03-13,23.31,23.81,23.28,23.56,11778267.0,306655255.0,1908973339.0,0.006169948400730389
2017-03-14,23.58,24.06,23.58,24.01,12483355.0,329352616.0,1908973339.0,0.006539302956708292
2017-03-15,24.03,24.19,23.8,24.1,9334639.0,247841297.0,1908973339.0,0.004889873949151052
2017-03-16,24.09,24.24,23.96,24.11,9693783.0,257492388.0,1908973339.0,0.005078008582916097
2017-03-17,24.14,24.54,24.13,24.45,14469181.0,389854595.0,1908973339.0,0.007579561591771398
2017-03-20,24.38,25.15,24.38,25.03,16928338.0,465309710.0,1908973339.0,0.008867770782418455
2017-03-21,25.2,25.41,24.86,25.1,12992005.0,361458748.0,1908973339.0,0.006805755080270401
2017-03-22,25.0,25.97,24.85,25.87,18641908.0,524460067.0,1908973339.0,0.009765410348667002
2017-03-23,25.87,26.19,25.47,25.74,13803087.0,394179197.0,1908973339.0,0.007230633722328796
2017-03-24,25.56,26.01,25.42,25.5,11554014.0,327530018.0,1908973339.0,0.0060524753090854975
2017-03-27,25.51,25.95,25.01,25.29,12440464.0,349858884.0,1908973339.0,0.0065168348587397425
2017-03-28,25.42,25.63,25.22,25.51,11145775.0,313062070.0,1908973339.0,0.005838622662922377
2017-03-29,25.31,25.31,24.42,24.91,34461430.0,943487382.0,1908973339.0,0.018052336979233214
2017-03-30,24.94,25.2,24.51,25.1,10517837.0,289166691.0,1908973339.0,0.005509682500599868
2017-03-31,25.02,25.8,25.0,25.58,13686610.0,385511253.0,1908973339.0,0.0071696182028239425
2017-04-05,25.32,26.24,25.2,25.37,20369722.0,575938708.0,1908973339.0,0.0106705115172905
2017-04-06,25.37,26.18,25.28,26.08,11435265.0,326153401.0,1908973339.0,0.005990269621046813
2017-04-07,25.97,26.19,25.8,25.98,7011654.0,201132463.0,1908973339.0,0.0036729973419497818
2017-04-10,26.0,26.07,25.51,25.61,5823077.0,165194637.0,1908973339.0,0.0030503710455434497
2017-04-11,25.54,25.91,25.09,25.5,9447949.0,264768706.0,1908973339.0,0.004949230461725165
2017-04-12,25.45,25.7,25.19,25.53,7407992.0,208480988.0,1908973339.0,0.0038806157470384663
2017-04-13,25.53,26.56,25.32,26.46,14517975.0,419253512.0,1908973339.0,0.0076051219277924135
2017-04-14,26.46,26.54,26.02,26.46,7310858.0,212355684.0,1908973339.0,0.0038297328991664875
2017-04-17,26.32,26.89,26.12,26.52,11250227.0,329177784.0,1908973339.0,0.005893338984971544
2017-04-18,26.38,27.47,26.38,27.31,17268243.0,517583230.0,1908973339.0,0.009045827224096187
2017-04-19,27.19,27.73,27.05,27.5,12948038.0,391292616.0,1908973339.0,0.006782723328541991
2017-04-20,27.51,28.55,27.23,28.1,13826247.0,428008667.0,1908973339.0,0.007242765898052178
2017-04-21,28.11,28.42,27.18,27.86,13723755.0,418885783.0,1908973339.0,0.007189076305900152
2017-04-24,27.2,27.89,26.53,27.86,13357862.0,402048696.0,1908973339.0,0.00699740626393316
2017-04-25,27.69,27.74,27.08,27.44,11756364.0,354277625.0,1908973339.0,0.006158474694129817
2017-04-26,27.27,27.9,26.65,27.09,15389180.0,460906783.0,1908973339.0,0.008061495509445666
2017-04-27,26.93,27.49,26.84,27.37,8270418.0,248170445.0,1908973339.0,0.004332390521667731
2017-04-28,27.3,27.64,26.21,26.77,17680332.0,521105648.0,1908973339.0,0.009261696661128697
2017-05-02,26.6,26.81,25.92,26.67,15429155.0,448247725.0,1908973339.0,0.008082436084771324
2017-05-03,26.58,27.13,26.35,26.91,10750110.0,318760056.0,1908973339.0,0.005631356803354496
2017-05-04,26.77,26.86,26.47,26.58,8330175.0,244435851.0,1908973339.0,0.004363693735169551
2017-05-05,26.68,27.43,26.62,27.12,13389727.0,401315730.0,1908973339.0,0.007014098482388496
2017-05-08,27.1,27.34,26.9,27.21,7845788.0,235025674.0,1908973339.0,0.00410995158481886
2017-05-09,27.1,27.1,25.93,26.57,13418215.0,391108628.0,1908973339.0,0.007029021687138397
2017-05-10,26.85,27.72,26.85,27.17,16386576.0,494746882.0,1908973339.0,0.008583973209696042
2017-05-11,27.37,27.61,27.02,27.34,11557523.0,348283433.0,1908973339.0,0.006054313469906454
2017-05-12,27.34,28.28,27.26,28.26,12823108.0,394502259.0,1908973339.0,0.006717279774434817
2017-05-15,28.23,28.69,28.01,28.51,12104936.0,378584491.0,1908973339.0,0.006341071272551701
2017-05-16,28.42,28.96,28.19,28.88,11754687.0,371675550.0,1908973339.0,0.006157596211457618
2017-05-17,28.59,28.59,27.44,27.49,26086671.0,802078353.0,1908973339.0,0.013665288281954365
2017-05-18,27.19,27.8,27.06,27.61,8446655.0,256760697.0,1908973339.0,0.004424710826199758
2017-05-19,27.61,27.85,27.55,27.8,6034200.0,184558320.0,1908973339.0,0.0031609660945610516
2017-05-22,27.79,28.18,27.43,28.15,8986217.0,277083829.0,1908973339.0,0.004707355946996806
2017-05-23,28.13,28.99,27.95,28.55,13577689.0,429513469.0,1908973339.0,0.007112560831840932
2017-05-24,28.55,28.72,27.83,28.7,11362046.0,354310362.0,1908973339.0,0.005951914449445331
2017-05-25,28.62,29.22,28.32,28.37,11491266.0,364536090.0,1908973339.0,0.006019605284806966
2017-05-26,28.31,28.54,27.64,28.13,6678299.0,207164381.0,1908973339.0,0.0034983720639589298
2017-05-31,28.13,28.78,27.74,28.71,9540075.0,296288090.0,1908973339.0,0.004997489909941586
2017-06-01,28.62,29.34,28.48,29.17,11926980.0,381962525.0,1908973339.0,0.006247850483992537
2017-06-02,29.05,29.35,28.71,28.9,8725356.0,279623552.0,1908973339.0,0.004570706055313851
2017-06-05,28.92,29.0,28.19,28.51,9190114.0,288912101.0,1908973339.0,0.00481416571528137
2017-06-06,28.51,29.13,28.29,28.99,6978683.0,221674741.0,1908973339.0,0.0036557257544810582
2017-06-07,29.17,29.87,29.01,29.57,13157734.0,429622071.0,1908973339.0,0.006892570855333459
2017-06-08,29.58,30.42,29.47,30.17,11814884.0,392341079.0,1908973339.0,0.006189129915344512
2017-06-09,30.3,30.66,29.87,29.97,9331948.0,309936088.0,1908973339.0,0.004888464290909618
2017-06-12,29.88,30.65,29.81,30.04,11347580.0,378438640.0,1908973339.0,0.005944336554194275
2017-06-13,30.04,30.28,29.68,30.27,9343245.0,309472857.0,1908973339.0,0.004894382131546364
2017-06-14,30.26,30.32,29.0,29.38,17624048.0,574155480.0,1908973339.0,0.0092322127501436
2017-06-15,29.29,29.43,28.67,29.05,16404016.0,523411883.0,1908973339.0,0.008593109010413477
2017-06-16,29.0,29.36,28.74,29.02,11070119.0,354586811.0,1908973339.0,0.00579899088889266
2017-06-19,29.0,29.23,28.71,29.17,8428454.0,269920853.0,1908973339.0,0.004415176381884504
2017-06-20,29.18,29.26,28.82,28.91,10604496.0,338980706.0,1908973339.0,0.005555078105781759
2017-06-21,28.96,29.77,28.69,29.73,15482735.0,497180756.0,1908973339.0,0.008110503527571792
2017-06-22,29.6,29.7,27.09,27.35,51451023.0,1592503340.0,1908973339.0,0.026952195690146303
2017-06-23,27.74,28.42,27.35,28.26,40672513.0,1253590346.0,1908973339.0,0.02130596178011892
2017-06-26,28.31,28.69,27.85,28.61,24087305.0,752044223.0,1908973339.0,0.012617936829132426
2017-06-27,28.62,28.67,27.99,28.32,14640949.0,457664771.0,1908973339.0,0.0076695408473695815
2017-06-28,28.26,28.51,27.75,27.92,10467334.0,324577948.0,1908973339.0,0.005483226918969558
2017-06-29,27.93,28.08,27.51,27.84,11647746.0,356733322.0,1908973339.0,0.006101576047207436
2017-06-30,27.74,28.26,27.58,28.09,14712612.0,453697318.0,1908973339.0,0.007707080921154761
2017-07-03,28.05,28.69,27.9,28.37,14101962.0,442813464.0,1908973339.0,0.007387196935598481
2017-07-04,28.21,28.47,27.77,28.33,14023102.0,434953785.0,1908973339.0,0.007345886772492007
2017-07-05,28.26,28.66,28.1,28.41,8609442.0,270698887.0,1908973339.0,0.004509985458733533
2017-07-06,28.41,28.46,25.89,27.36,55380864.0,1642561286.0,1908973339.0,0.029010810611430963
2017-07-07,27.18,27.34,26.76,27.08,22597122.0,673935985.0,1908973339.0,0.011837316707543604
2017-07-10,26.97,26.97,25.94,26.25,24960344.0,724629441.0,1908973339.0,0.013075271136618006
2017-07-11,26.29,26.95,26.29,26.73,17731555.0,520737857.0,1908973339.0,0.009288529408843671
2017-07-12,26.73,26.84,26.33,26.5,14260848.0,417444578.0,1908973339.0,0.007470428061331871
2017-07-13,26.58,27.4,26.57,26.93,18110194.0,541708381.0,1908973339.0,0.009486876338192798
2017-07-14,27.14,27.69,27.1,27.17,12769486.0,385955596.0,1908973339.0,0.006689190330279411
2017-07-17,27.07,27.41,26.39,27.11,13432924.0,400233379.0,1908973339.0,0.007036726875943027
2017-07-18,26.76,26.87,25.38,26.02,29608809.0,845387135.0,1908973339.0,0.015510331336272266
2017-07-19,26.09,26.24,25.71,26.12,15279154.0,438024278.0,1908973339.0,0.008003859293291051
2017-07-20,26.1,26.27,25.67,25.86,17465142.0,499423543.0,1908973339.0,0.009148971147574524
2017-07-21,25.85,26.18,25.74,25.93,9933022.0,284547113.0,1908973339.0,0.005203331967539857
2017-07-24,26.22,26.9,26.22,26.42,16568371.0,486254386.0,1908973339.0,0.008679205026864967
2017-07-25,26.43,27.12,26.43,26.81,15581485.0,461179025.0,1908973339.0,0.008162232903767127
2017-07-26,26.97,27.07,26.21,26.34,10125640.0,295570324.0,1908973339.0,0.0053042333243397905
2017-07-27,26.47,26.47,25.71,26.09,9017839.0,258093492.0,1908973339.0,0.004723920871898568
2017-07-28,25.95,26.19,25.84,26.12,6016328.0,172943565.0,1908973339.0,0.0031516039941928177
2017-07-31,26.19,26.68,26.0,26.42,13228301.0,385926443.0,1908973339.0,0.006929536798523093
2017-08-01,26.42,26.48,26.01,26.12,9009673.0,259823580.0,1908973339.0,0.004719643179888328
2017-08-02,26.18,26.45,25.92,26.0,8524114.0,245579545.0,1908973339.0,0.004465287086966488
2017-08-03,25.93,26.01,25.61,25.66,9706690.0,275819283.0,1908973339.0,0.005084769808825496
2017-08-04,25.62,25.86,25.53,25.74,7282908.0,206343478.0,1908973339.0,0.003815091521296516
2017-08-07,25.75,25.97,25.51,25.9,6597039.0,187386884.0,1908973339.0,0.00345580468057024
2017-08-08,25.83,26.38,25.77,26.28,8873359.0,255931139.0,1908973339.0,0.004648236210909177
2017-08-09,26.5,27.4,26.29,27.24,16155949.0,475476703.0,1908973339.0,0.0084631611505183
2017-08-10,27.23,27.4,26.84,27.07,8605096.0,253918321.0,1908973339.0,0.004507708842339154
2017-08-11,26.87,27.07,26.57,26.6,8539582.0,249724264.0,1908973339.0,0.004473389871685369
2017-08-14,26.61,27.62,26.61,27.13,11744186.0,348187352.0,1908973339.0,0.00615209534888114
2017-08-15,27.15,27.3,26.97,27.16,4229781.0,124984317.0,1908973339.0,0.0022157360260545785
2017-08-16,27.2,27.41,26.98,27.22,4891060.0,144881911.0,1908973339.0,0.002562141597305985
2017-08-17,27.21,27.42,27.02,27.14,4959048.0,147049597.0,1908973339.0,0.0025977565525340217
2017-08-18,27.06,27.58,26.84,27.54,9218805.0,275065994.0,1908973339.0,0.004829195259913476
2017-08-21,27.46,27.87,27.32,27.79,8869091.0,267957516.0,1908973339.0,0.00464600045417397
2017-08-22,27.69,28.3,27.47,28.22,9496564.0,290218477.0,1908973339.0,0.004974697030066799
2017-08-23,28.12,28.4,27.98,28.32,7847484.0,241457449.0,1908973339.0,0.0041108400204849585
2017-08-24,28.37,28.38,27.56,27.73,5780330.0,175625098.0,1908973339.0,0.0030279783807918336
2017-08-25,27.7,27.95,27.48,27.65,6317924.0,190295844.0,1908973339.0,0.003309592580957465
2017-08-28,27.67,27.8,26.76,27.07,20124060.0,596672262.0,1908973339.0,0.01054182349688646
2017-08-29,27.2,27.68,27.14,27.65,11929656.0,356343519.0,1908973339.0,0.006249252284607208
2017-08-30,27.18,27.32,26.76,26.96,15816517.0,465686492.0,1908973339.0,0.00828535248600452
2017-08-31,27.16,27.61,26.36,26.84,20218411.0,592341320.0,1908973339.0,0.010591248493072851
2017-09-01,26.97,27.12,26.7,26.98,15439644.0,452878070.0,1908973339.0,0.008087930661246391
2017-09-04,27.01,27.07,26.51,26.84,15006106.0,437318399.0,1908973339.0,0.007860825341783362
2017-09-05,26.81,27.29,26.73,27.21,12384805.0,364317996.0,1908973339.0,0.006487678348869806
2017-09-06,27.2,27.4,27.07,27.21,13178736.0,391491169.0,1908973339.0,0.006903572580486416
2017-09-07,27.21,28.14,27.21,27.86,18667836.0,565325975.0,1908973339.0,0.009778992518449206
2017-09-08,27.87,28.25,27.53,27.91,8960208.0,272457431.0,1908973339.0,0.004693731346030077
2017-09-11,27.91,28.01,26.91,27.07,21097405.0,627391204.0,1908973339.0,0.011051702278383679
2017-09-12,27.08,27.08,26.62,26.83,13255903.0,387288081.0,1908973339.0,0.006943995879452144
2017-09-13,26.95,26.96,26.74,26.8,5044288.0,147617477.0,1908973339.0,0.0026424088262240525
2017-09-14,26.81,27.6,26.81,27.35,16082036.0,478503238.0,1908973339.0,0.008424442432718542
2017-09-15,27.35,28.67,27.35,28.42,25923448.0,794470533.0,1908973339.0,0.013579785254402654
2017-09-18,28.72,29.63,28.58,28.6,28345202.0,900045083.0,1908973339.0,0.014848401190793163
2017-09-19,29.05,29.45,28.44,28.61,14113687.0,444670764.0,1908973339.0,0.007393338980518889
2017-09-20,28.83,30.42,28.78,30.06,27909788.0,908019959.0,1908973339.0,0.014620313144142869
2017-09-21,30.09,30.37,29.55,30.07,16617629.0,542716678.0,1908973339.0,0.008705008425473877
2017-09-22,30.06,30.75,29.8,30.41,18074516.0,598806838.0,1908973339.0,0.009468186711014093
2017-09-25,30.44,31.34,30.19,31.15,15720379.0,529751948.0,1908973339.0,0.008234991384549662
2017-09-26,31.0,31.01,30.07,30.29,12980880.0,431828142.0,1908973339.0,0.006799927340420547
2017-09-27,30.37,30.45,30.07,30.24,9293291.0,306355591.0,1908973339.0,0.004868214139055611
2017-09-28,30.18,31.51,30.12,31.18,15222211.0,514880892.0,1908973339.0,0.00797403017057013
2017-09-29,31.17,31.7,30.92,31.37,12806560.0,436892373.0,1908973339.0,0.006708611240588939
2017-10-09,32.76,33.29,31.84,32.0,30033382.0,1072964075.0,1908973339.0,0.015732740414139437
2017-10-10,32.52,32.88,30.4,31.81,39219745.0,1338405780.0,1908973339.0,0.02054494119888806
2017-10-11,31.61,33.45,31.56,32.87,27121701.0,968357538.0,1908973339.0,0.014207480243913453
2017-10-12,32.64,33.95,32.29,33.67,18743683.0,682708237.0,1908973339.0,0.009818724346259715
2017-10-13,33.51,34.18,33.4,33.64,13277303.0,490115715.0,1908973339.0,0.006955206093635234
2017-10-16,33.93,34.82,33.65,34.43,13943747.0,522091396.0,1908973339.0,0.007304317307702327
2017-10-17,34.46,34.68,33.84,34.52,10585671.0,395559069.0,1908973339.0,0.005545216784193129
2017-10-18,34.5,34.5,33.73,34.21,9953540.0,369609886.0,1908973339.0,0.0052140801532692335
2017-10-19,34.34,36.52,34.34,36.2,22636979.0,881010453.0,1908973339.0,0.011858195469538719
2017-10-20,35.96,36.71,35.4,36.19,12060142.0,472646292.0,1908973339.0,0.0063176063036677116
2017-10-23,36.13,36.64,35.56,36.18,10704479.0,420138311.0,1908973339.0,0.005607453378897085
2017-10-24,35.95,37.34,35.74,36.62,14338762.0,575016802.0,1908973339.0,0.007511242670110439
2017-10-25,36.62,38.49,36.43,38.3,18215648.0,751167813.0,1908973339.0,0.009542117549709793
2017-10-26,37.98,38.8,37.07,37.6,20195021.0,833819932.0,1908973339.0,0.01057899583373909
2017-10-27,37.63,38.12,36.77,38.07,14518373.0,590289807.0,1908973339.0,0.007605330416822547
2017-10-30,38.07,38.24,36.47,36.86,20102542.0,809985982.0,1908973339.0,0.010530551469372826
2017-10-31,36.18,36.81,35.42,36.55,23696890.0,934392860.0,1908973339.0,0.012413421138931893
2017-11-01,36.59,37.89,36.42,36.69,18328456.0,741889537.0,1908973339.0,0.009601211093708208
2017-11-02,36.39,37.81,36.24,37.42,15254219.0,619934920.0,1908973339.0,0.007990797298400614
2017-11-03,37.34,39.63,37.34,39.45,28968648.0,1220370648.0,1908973339.0,0.01517498825582079
2017-11-06,39.41,41.45,38.97,41.07,28733389.0,1269902319.0,1908973339.0,0.015051749761498371
2017-11-07,41.09,41.74,39.45,39.77,28391806.0,1248439084.0,1908973339.0,0.014872814313306656
2017-11-08,39.73,40.77,38.87,39.29,24536892.0,1061444906.0,1908973339.0,0.012853449285390988
2017-11-09,39.18,40.44,38.56,40.29,21870558.0,943550522.0,1908973339.0,0.011456712125407007
2017-11-10,39.99,40.71,39.27,40.19,21367729.0,931568127.0,1908973339.0,0.011193309284871056
2017-11-13,40.22,40.41,38.88,39.13,28537807.0,1225939960.0,1908973339.0,0.0149492957376499
2017-11-14,39.33,39.63,36.65,37.16,34757422.0,1440922687.0,1908973339.0,0.018207389956638887
2017-11-15,37.04,37.95,36.52,37.71,27581409.0,1123429673.0,1908973339.0,0.014448294502870477
2017-11-16,37.35,38.53,37.33,38.49,18401223.0,764121442.0,1908973339.0,0.009639329488823206
2017-11-17,38.5,38.79,37.44,37.79,14907298.0,617060131.0,1908973339.0,0.007809065582764538
2017-11-20,37.43,38.72,36.75,38.7,16945769.0,701989184.0,1908973339.0,0.008876901868559831
2017-11-21,38.67,40.06,38.27,38.48,23324709.0,991635655.0,1908973339.0,0.012218457179825495
2017-11-22,38.81,39.14,37.01,37.29,21076016.0,876240660.0,1908973339.0,0.011040497826460216
2017-11-23,37.23,37.23,35.17,35.18,26338003.0,1025814737.0,1908973339.0,0.01379694648527514
2017-11-24,34.86,35.7,34.85,35.24,11464910.0,441233382.0,1908973339.0,0.006005798910741099
2017-11-27,35.24,35.24,33.77,34.26,16100757.0,604414443.0,1908973339.0,0.00843424927476161
2017-11-28,34.16,35.11,34.13,34.94,15938851.0,602476127.0,1908973339.0,0.008349436146839764
2017-11-29,34.9,35.41,34.4,34.63,13043745.0,496345653.0,1909809064.0,0.006829868621882298
2017-11-30,34.42,34.87,33.61,33.63,11165827.0,416687740.0,1909809064.0,0.005846567183325505
2017-12-01,33.83,35.37,33.78,35.09,18750052.0,710939426.0,1909809064.0,0.009817762599120223
2017-12-04,35.07,36.97,34.89,36.32,21012478.0,830851135.0,1909809064.0,0.011002397253257565
2017-12-05,36.12,36.63,35.21,35.53,13781977.0,537812411.0,1909809064.0,0.0072164161642077115
2017-12-06,35.66,36.45,34.63,35.55,14190755.0,549524303.0,1909809064.0,0.00743045745645283
2017-12-07,35.51,36.47,35.3,36.28,16403483.0,646413162.0,1909809064.0,0.008589069613924505
2017-12-08,36.1,37.77,35.67,37.7,22943608.0,921549994.0,1909809064.0,0.012013561162991737
2017-12-11,37.61,39.88,37.45,39.46,30721457.0,1313730450.0,1909809064.0,0.016086140535774524
2017-12-12,39.52,40.43,38.97,39.34,20785172.0,900937058.0,1909809064.0,0.010883376978254828
2017-12-13,39.16,40.4,38.85,39.85,17616657.0,763180498.0,1909809064.0,0.009224302749460614
2017-12-14,39.77,41.25,39.45,40.49,24079762.0,1063034675.0,1909809064.0,0.012608465659685444
2017-12-15,40.61,41.24,39.32,39.44,22549941.0,986252824.0,1909809064.0,0.01180743218003703
2017-12-18,39.76,40.41,38.74,39.44,16252827.0,698389768.0,1909809064.0,0.008510184241119509
2017-12-19,39.44,40.99,38.99,40.95,25281546.0,1101847768.0,1909809064.0,0.013237734848241353
2017-12-20,40.81,41.09,40.09,40.19,19896277.0,878394468.0,1909809064.0,0.010417940397836545
2017-12-21,40.47,43.07,40.06,43.03,39334166.0,1798607758.0,1909809064.0,0.02059586308466698
2017-12-22,42.73,43.62,42.5,42.85,21736920.0,1018169502.0,1909809064.0,0.011381724178475256
2017-12-25,42.84,43.65,42.17,42.84,21402760.0,1001157941.0,1909809064.0,0.011206753807719912
2017-12-26,42.84,42.98,39.93,41.16,46976426.0,2101303546.0,1909809064.0,0.024597446354982847
2017-12-27,40.83,40.87,39.63,40.05,20442715.0,898870014.0,1909809064.0,0.010704062194146127
2017-12-28,40.25,41.74,39.85,41.25,26659660.0,1188403797.0,1909809064.0,0.013959332638291426
2017-12-29,41.28,41.9,40.64,40.83,15984960.0,716641733.0,1909809064.0,0.008369925717349094
2018-01-02,40.97,41.44,39.77,40.13,24238073.0,1065077737.0,1909809064.0,0.012691359286584682
2018-01-03,40.3,41.17,40.04,40.35,25913561.0,1145969137.0,1909809064.0,0.013568665836010504
2018-01-04,40.25,41.26,40.08,41.18,20310788.0,903422205.0,1909809064.0,0.010634983560848783
2018-01-05,41.29,41.38,39.28,39.35,32982510.0,1429880078.0,1909809064.0,0.017270056269876412
2018-01-08,39.35,39.52,38.63,39.45,21239568.0,902541528.0,1909809064.0,0.011121304427948824
2018-01-09,39.31,40.7,39.29,40.66,27349103.0,1198326884.0,1909809064.0,0.014320333647761974
2018-01-10,40.66,40.92,39.54,40.12,16490868.0,720835250.0,1909809064.0,0.008634825496880143
2018-01-11,39.77,40.59,39.63,40.2,12231884.0,536383672.0,1909809064.0,0.00640476801088216
2018-01-12,40.21,41.78,39.91,41.71,29817556.0,1337897650.0,1909809064.0,0.015612846625383908
2018-01-15,41.77,42.47,40.79,41.23,31898399.0,1449748379.0,1909809064.0,0.01670240214128547
2018-01-16,41.07,43.17,40.87,42.32,31423224.0,1447285648.0,1909809064.0,0.016453594546349898
2018-01-17,42.39,42.57,40.63,41.2,21391364.0,967447121.0,1909809064.0,0.011200786719064394
2018-01-18,41.5,42.04,40.1,40.13,20698893.0,921059422.0,1909809064.0,0.010838200210782956
2018-01-19,40.37,40.49,39.1,39.78,17128421.0,741628713.0,1909809064.0,0.008968656250968552
2018-01-22,39.8,40.86,39.62,40.85,16763674.0,737286123.0,1909809064.0,0.00877767014305049
2018-01-23,40.83,41.07,40.21,40.51,15907629.0,702469256.0,1909809064.0,0.008329434235002667
2018-01-24,40.86,41.33,40.43,41.07,22171031.0,988260626.0,1909809064.0,0.011609030147528926
2018-01-25,40.9,41.05,39.63,39.78,21556308.0,941387366.0,1909809064.0,0.011287153468028572
2018-01-26,39.79,39.92,39.28,39.52,15078589.0,649966202.0,1909809064.0,0.007895338483952236
2018-01-29,39.52,39.75,36.7,36.86,36504723.0,1501811553.0,1909809064.0,0.01911433121148911
2018-01-30,36.79,37.29,36.53,36.87,16585126.0,667347499.0,1909809064.0,0.008684180168913471
2018-01-31,36.7,37.52,35.85,37.24,17106971.0,686625755.0,1909809064.0,0.008957424761703822
2018-02-01,37.25,37.51,35.95,36.14,14751192.0,586836361.0,1909809064.0,0.007723909304893738
2018-02-02,36.08,37.76,35.8,37.29,17027152.0,686557813.0,1909809064.0,0.008915630531325198
2018-02-05,36.7,37.7,36.45,36.86,14421615.0,581450668.0,1909809064.0,0.007551338650469406
2018-02-06,35.92,36.33,34.4,34.84,23412576.0,898169620.0,1909809064.0,0.012259118694810006
2018-02-07,35.77,35.89,33.31,33.72,24643882.0,927021768.0,1909809064.0,0.012903845973159545
2018-02-08,33.75,34.65,33.74,34.29,12429511.0,464312105.0,1909809064.0,0.006508247988920426
2018-02-09,32.98,33.37,31.71,31.99,22002004.0,781882247.0,1909809064.0,0.0115205254885103
2018-02-12,32.32,34.4,32.29,34.35,21269408.0,779445588.0,1909809064.0,0.011136929026534351
2018-02-13,34.48,36.11,34.44,35.24,16970197.0,656686965.0,1909809064.0,0.008885808178361437
2018-02-14,35.25,36.78,35.24,36.62,14708073.0,582981001.0,1909809064.0,0.007701331655215141
2018-02-22,36.8,37.62,36.62,37.04,11850280.0,479978288.0,1909809064.0,0.006204955366155912
2018-02-23,37.3,37.39,36.62,36.85,7933033.0,319720356.0,1909809064.0,0.004153835663228374
2018-02-26,36.88,37.6,36.45,37.58,16018907.0,648202514.0,1909809064.0,0.008387700792690342
2018-02-27,37.67,37.7,36.06,36.16,15719017.0,629269904.0,1909809064.0,0.008230674624130907
2018-02-28,35.8,36.83,35.63,36.61,10745888.0,426646794.0,1909809064.0,0.005626681851374856
2018-03-01,36.41,38.17,36.29,38.02,18008893.0,739217838.0,1909809064.0,0.009429682442851785
2018-03-02,37.52,37.96,36.57,36.89,17173532.0,696091226.0,1909809064.0,0.008992276936852991
2018-03-05,37.19,37.3,35.88,36.64,12101117.0,480223782.0,1909809064.0,0.006336296768146452
2018-03-06,36.62,38.63,36.62,38.55,25927804.0,1067279301.0,1909809064.0,0.013576123649604796
2018-03-07,38.52,38.59,37.55,37.72,15555943.0,644812714.0,1909809064.0,0.00814528703064109
2018-03-08,37.66,39.72,37.63,39.51,27264133.0,1164810333.0,1909809064.0,0.014275842289122155
2018-03-09,39.57,39.88,39.04,39.85,20898906.0,902514792.0,1909809064.0,0.010942929528373
2018-03-12,40.37,41.05,39.63,40.23,25925656.0,1139587591.0,1909809064.0,0.013574998929840664
2018-03-13,40.03,40.16,38.99,39.37,18045396.0,775442016.0,1909809064.0,0.009448795871878845
2018-03-14,39.34,39.96,38.92,39.44,14055292.0,604206889.0,1909809064.0,0.007359527329167603
2018-03-15,39.15,40.39,39.02,39.88,19954000.0,866687193.0,1909809064.0,0.010448164885241114
2018-03-16,39.81,40.23,39.07,39.09,14375908.0,620902856.0,1909809064.0,0.007527405891503298
2018-03-19,39.04,40.96,38.81,40.88,35231941.0,1547781566.0,1909809064.0,0.018447886578885773
2018-03-20,40.63,43.13,40.41,43.11,42772815.0,1954915414.0,1909809064.0,0.022396382866889566
2018-03-21,43.3,43.47,41.91,42.25,28346210.0,1317502675.0,1909809064.0,0.01484243138978002
2018-03-22,42.3,42.52,40.77,41.09,25257509.0,1138462175.0,1909809064.0,0.013225148773301665
2018-03-23,38.72,40.96,38.71,40.91,36326042.0,1584098745.0,1909809064.0,0.019020771596882525
2018-03-26,40.53,43.17,39.91,42.63,39848554.0,1824637390.0,1909809064.0,0.02086520309864861
2018-03-27,42.2,43.65,40.75,41.91,50119711.0,2305242863.0,1909809064.0,0.026243309839061483
2018-03-28,41.61,42.17,39.27,39.49,29965184.0,1324611317.0,1909809064.0,0.015690146499378013
2018-03-29,39.54,39.95,37.37,38.57,34087446.0,1429226922.0,1909809064.0,0.017848614629886374
2018-03-30,38.76,40.96,38.76,40.82,30738162.0,1344140811.0,1909809064.0,0.01609488748347463
2018-04-02,40.88,42.07,39.96,40.7,25585486.0,1143355356.0,1909809064.0,0.013396881647640982
2018-04-03,40.18,41.08,39.73,41.06,17270979.0,758920375.0,1909809064.0,0.009043301409318267
2018-04-04,41.74,42.46,40.91,41.21,25371877.0,1151001605.0,1909809064.0,0.013285033293778524
2018-04-09,41.09,41.74,40.18,40.56,14446218.0,644127234.0,1909809064.0,0.007564221090114168
2018-04-10,40.56,41.42,40.05,41.36,14813181.0,658656560.0,1909809064.0,0.007756367523449978
2018-04-11,41.19,41.19,39.18,39.29,53698986.0,2316733792.0,1909809064.0,0.028117463160181128
2018-04-12,39.16,39.74,39.07,39.4,20072944.0,863725670.0,1909809064.0,0.010510445456761117
2018-04-13,39.71,39.77,35.64,37.43,64520451.0,2626106800.0,1909809064.0,0.03378371807748421
2018-04-16,36.85,37.63,36.06,36.9,30304846.0,1217172047.0,1909809064.0,0.015867997786400703
2018-04-17,36.97,37.14,34.89,35.17,30160084.0,1175711538.0,1909809064.0,0.01579219858598388
2018-04-18,35.41,35.55,33.65,34.6,36370605.0,1367017119.0,1909809064.0,0.01904410534308785
2018-04-19,34.51,36.0,34.5,35.48,32449897.0,1253968313.0,1909809064.0,0.01699117341711391
2018-04-20,35.48,36.19,34.8,35.48,26566062.0,1025935370.0,1909809064.0,0.013910323550543165
2018-04-23,35.32,35.94,35.1,35.85,15350003.0,595124072.0,1909809064.0,0.008037454261448619
2018-04-24,35.92,36.53,35.9,36.16,20375188.0,804384251.0,1909809064.0,0.01066870420927063
2018-04-25,35.92,36.14,35.05,35.74,27978087.0,1083402815.0,1909809064.0,0.014649677565882575
2018-04-26,35.58,35.6,33.95,34.46,27406953.0,1035704685.0,1909809064.0,0.014350624633960791
2018-04-27,34.53,35.93,33.96,35.29,29198809.0,1117438958.0,1909809064.0,0.015288862928969742
2018-05-02,35.32,37.02,34.8,37.02,36405205.0,1448772671.0,1909809064.0,0.019062222337426292
2018-05-03,36.74,37.36,36.59,37.07,19827625.0,799434229.0,1909809064.0,0.010381993348838771
2018-05-04,36.88,38.44,36.79,38.23,22807213.0,943908946.0,1909809064.0,0.011942143028806989
2018-05-07,38.4,38.52,37.71,38.27,23582964.0,979446302.0,1909809064.0,0.012348335990513448
2018-05-08,38.17,38.62,37.84,38.07,17914374.0,743524284.0,1909809064.0,0.009380191107942087
2018-05-09,38.21,39.41,38.07,39.21,25382878.0,1076041207.0,1909809064.0,0.013290793555475555
2018-05-10,39.21,40.26,38.54,39.77,25197107.0,1086715517.0,1909809064.0,0.013193521527867248
2018-05-11,39.66,40.46,38.23,38.35,27858956.0,1187327764.0,1909809064.0,0.014587299078815138
2018-05-14,38.33,39.15,37.88,38.64,18319925.0,769382787.0,1909809064.0,0.009592542702478241
2018-05-15,39.41,40.32,39.02,39.97,25290640.0,1097821750.0,1909809064.0,0.013242496580799555
2018-05-16,39.91,41.17,39.66,40.34,29445133.0,1306451889.0,1909809064.0,0.015417841267507986
2018-05-17,40.28,40.33,39.16,39.28,15910896.0,685998797.0,1909809064.0,0.008331144877213757
2018-05-18,39.19,39.62,38.5,39.41,14776007.0,629024157.0,1909809064.0,0.007736902750399764
2018-05-21,39.62,40.02,38.63,39.99,18191855.0,779677503.0,1909809064.0,0.009525483642798337
2018-05-22,40.0,40.96,39.78,40.56,21333751.0,944008591.0,1909809064.0,0.01117061982904067
2018-05-23,40.52,41.18,40.18,40.41,19423157.0,863966429.0,1909809064.0,0.010170208826697662
2018-05-24,40.41,41.1,40.3,40.52,15219170.0,675578620.0,1909809064.0,0.007968948460284404
2018-05-25,40.87,43.33,40.87,42.96,40741039.0,1875580711.0,1909809064.0,0.021332519448132643
2018-05-28,42.85,44.3,41.91,43.94,34080989.0,1603372963.0,1909809064.0,0.017845233663630784
2018-05-29,43.49,43.9,41.1,41.34,35058394.0,1630335427.0,1909809064.0,0.01835701519112698
2018-05-30,41.0,41.54,39.67,40.73,26071524.0,1155247008.0,1909809064.0,0.013651377245741253
2018-05-31,41.06,42.5,41.06,42.47,20115003.0,915204474.0,1909809064.0,0.01053246807713339
2018-06-01,42.31,42.31,39.82,39.87,24052733.0,1068715554.0,1909809064.0,0.012594312935986778
2018-06-04,40.05,40.53,39.32,40.19,14823855.0,645059307.0,1909809064.0,0.007761956563842133
2018-06-05,40.28,42.5,40.25,41.74,23512901.0,1070376347.0,1909809064.0,0.012311650124203202
2018-06-06,41.74,42.3,41.44,41.97,19280538.0,880501102.0,1909809064.0,0.010095531727982207
2018-06-07,42.16,42.16,40.55,40.76,18706200.0,838975419.0,1909809064.0,0.00979480114144018
2018-06-08,40.81,41.49,40.53,40.77,11893444.0,530172910.0,1909809064.0,0.0062275565783994
2018-06-11,40.55,40.96,38.52,39.35,23489517.0,1008384393.0,1909809064.0,0.01229940596826071
2018-06-12,39.45,40.9,39.29,40.87,22529741.0,987453031.0,1909809064.0,0.011796855206463718
2018-06-13,40.74,40.83,39.67,39.93,16036582.0,703849985.0,1909809064.0,0.00839695564456699
2018-06-14,39.9,40.64,39.39,39.92,11269623.0,490878665.0,1909809064.0,0.00590091607189063
2018-06-15,39.78,39.96,39.02,39.62,12777268.0,548116575.0,1909809064.0,0.006690337919560738
2018-06-19,39.05,39.88,38.52,39.71,31254790.0,1341234426.0,1909809064.0,0.01636540038957528
2018-06-20,39.44,39.6,38.08,39.42,22369644.0,948946216.0,1909809064.0,0.011713026407544581
2018-06-21,39.52,40.46,38.99,39.27,19941735.0,864548816.0,1909809064.0,0.010441742777276922
2018-06-22,39.08,40.4,38.56,40.27,17904643.0,776096418.0,1909809064.0,0.009375095834187537
2018-06-25,40.39,41.27,40.14,40.61,14654566.0,650132382.0,1909809064.0,0.007673314718334587
2018-06-26,40.03,40.28,38.47,39.9,17790556.0,764735991.0,1909809064.0,0.009315358448838108
2018-06-27,39.74,39.88,36.99,37.59,27659808.0,1146838588.0,1909809064.0,0.014483022686083554
2018-06-28,37.18,37.29,36.12,36.29,17368808.0,693085368.0,1909809064.0,0.009094525901778838
2018-06-29,36.42,38.25,36.42,37.97,17088357.0,695419664.0,1909809064.0,0.008947678237639782
2018-07-02,37.96,38.65,36.8,37.18,14550257.0,600080299.0,1909809064.0,0.0076186972165297046
2018-07-03,37.07,37.32,34.49,36.03,28214072.0,1096681595.0,1909809064.0,0.014773242274233964
2018-07-04,36.19,36.7,35.54,35.76,13817805.0,544684652.0,1909809064.0,0.007235176154761406
2018-07-05,35.83,36.42,35.28,36.14,17326975.0,675707746.0,1909809064.0,0.009072621617843573
2018-07-06,35.81,37.32,35.32,36.56,16101729.0,639969469.0,1909809064.0,0.008431067431566028
2018-07-09,36.81,37.8,36.79,37.65,13089069.0,533624014.0,1909809064.0,0.006853600837240554
2018-07-10,37.62,37.85,37.11,37.65,10205259.0,416889873.0,1909809064.0,0.005343601720386431
2018-07-11,36.91,37.62,36.39,36.97,10067792.0,404972372.0,1909809064.0,0.0052716222735447234
2018-07-12,36.69,37.92,36.24,37.23,25615635.0,1036113121.0,1909809064.0,0.013412668042505425
2018-07-13,36.96,39.08,36.5,38.61,29960226.0,1244518735.0,1909809064.0,0.015687550428339574
2018-07-16,38.42,38.58,37.93,38.4,15446780.0,643465186.0,1909809064.0,0.008088127913503294
2018-07-17,38.26,38.4,37.25,37.74,14007081.0,574470928.0,1909809064.0,0.007334283444368447
2018-07-18,37.96,38.85,37.96,38.06,16570167.0,694751207.0,1909809064.0,0.008676347448731137
2018-07-19,36.7,37.34,35.7,36.64,26240367.0,1047790925.0,1909809064.0,0.013739785560050101
2018-07-20,36.61,36.61,35.78,36.45,18413481.0,727487331.0,1909809064.0,0.00964152979849927
2018-07-23,34.41,35.37,34.1,34.77,40474745.0,1530213967.0,1909809064.0,0.021193084566908306
2018-07-24,34.68,36.19,34.41,35.73,31239849.0,1208780809.0,1909809064.0,0.0163575770944189
2018-07-25,35.78,36.1,35.53,35.78,12775056.0,498492714.0,1909809064.0,0.006689179688593205
2018-07-26,35.83,36.07,34.85,35.02,15460324.0,595013635.0,1909809064.0,0.008095219721922946
2018-07-27,34.96,35.29,34.63,35.07,10360331.0,395377171.0,1909809064.0,0.005424799366226068
2018-07-30,35.04,35.04,33.45,33.79,25198141.0,931357261.0,1909809064.0,0.01319406294324719
2018-07-31,33.77,34.23,33.67,33.95,9019700.0,333991611.0,1909809064.0,0.004722828145505125
2018-08-01,34.21,34.21,33.25,33.27,12060819.0,442523968.0,1909809064.0,0.006315196229480247
2018-08-02,33.29,33.35,32.2,32.83,17070317.0,606674938.0,1909809064.0,0.00893823226718124
2018-08-03,33.03,33.05,30.51,31.01,30093859.0,1016670994.0,1909809064.0,0.015757522344652566
2018-08-06,30.65,31.24,29.59,30.19,23903581.0,782753562.0,1909809064.0,0.012516215076461695
2018-08-07,30.29,30.91,29.58,30.88,19707227.0,645623120.0,1909809064.0,0.010318951444666512
2018-08-08,30.79,30.83,29.64,29.73,12979274.0,423593648.0,1909809064.0,0.006796110796969178
2018-08-09,29.58,31.48,29.44,31.14,22175511.0,738871630.0,1909809064.0,0.011611375931766968
2018-08-10,31.24,32.31,31.22,31.75,18615367.0,638522238.0,1909809064.0,0.009747239842401334
2018-08-13,31.26,32.4,31.1,32.21,11381609.0,390333400.0,1909809064.0,0.005959553347265924
2018-08-14,32.1,32.3,31.48,31.88,10522613.0,360356626.0,1909809064.0,0.005509772258573803
2018-08-15,31.79,31.8,30.14,30.35,20667873.0,683747040.0,1909809064.0,0.010821957749384731
2018-08-16,29.85,31.11,29.78,30.47,13364177.0,442101940.0,1909809064.0,0.006997650839508216
2018-08-17,30.65,31.0,27.88,28.42,43135444.0,1341741667.0,1909809064.0,0.02258625996342009
2018-08-20,28.26,28.83,27.71,28.26,16710038.0,506928630.0,1909809064.0,0.008749585660150579
2018-08-21,28.37,29.47,28.3,29.18,17757751.0,554755823.0,1909809064.0,0.009298181339032539
2018-08-22,29.04,29.47,28.79,28.93,12560395.0,394307516.0,1909809064.0,0.00657678049432485
2018-08-23,28.93,29.42,28.82,29.28,10894965.0,343229643.0,1909809064.0,0.005704740439958452
2018-08-24,29.27,29.27,27.98,28.35,22062223.0,675974131.0,1909809064.0,0.011552056912847494
2018-08-27,28.84,31.19,28.59,31.19,52733055.0,1730840470.0,1909809064.0,0.027611689563119594
2018-08-28,30.6,30.94,30.07,30.31,39611643.0,1301101964.0,1909809064.0,0.020741153525073018
2018-08-29,30.46,30.53,29.89,30.17,18233158.0,593906425.0,1909809064.0,0.00954711041208044
2018-08-30,30.14,30.23,29.03,29.08,21678747.0,691236497.0,1909809064.0,0.011351264065421777
2018-08-31,26.9,28.0,26.17,27.08,84861358.0,2463909449.0,1909809064.0,0.044434472324820846
2018-09-03,26.47,26.6,25.79,26.09,45364707.0,1277585811.0,1909809064.0,0.023753530054457843
2018-09-04,26.15,27.18,26.12,26.99,30087418.0,864773201.0,1909809064.0,0.01575414975619783
2018-09-05,26.89,27.63,26.73,27.03,23002795.0,674288206.0,1909809064.0,0.012044552219174094
2018-09-06,27.08,27.55,26.44,26.66,19152686.0,556330717.0,1909809064.0,0.010028586815838885
2018-09-07,26.85,27.99,26.77,27.54,28304570.0,840804037.0,1909809064.0,0.01482062816306751
2018-09-10,27.51,27.71,26.73,26.85,14646792.0,426954968.0,1909809064.0,0.00766924415434652
2018-09-11,27.03,27.42,26.76,26.98,11699033.0,341449710.0,1909809064.0,0.0061257605383320144
2018-09-12,26.97,26.97,25.76,25.96,27671569.0,782789742.0,1909809064.0,0.014489180893320967
2018-09-13,26.33,26.42,25.04,25.71,29501400.0,815325129.0,1909809064.0,0.015447303375035191
2018-09-14,25.55,26.1,25.39,25.73,16807165.0,465903334.0,1909809064.0,0.00880044257659885
2018-09-17,25.47,25.87,25.05,25.16,10983478.0,300219979.0,1909809064.0,0.005751086957874026
2018-09-18,25.08,25.79,24.68,25.64,17644084.0,481097498.0,1909809064.0,0.009238663870955427
2018-09-19,25.59,26.69,25.24,26.24,23073646.0,649099736.0,1909809064.0,0.01208165069217621
2018-09-20,26.16,26.69,26.05,26.19,15467967.0,438862520.0,1909809064.0,0.008099221692666551
2018-09-21,26.35,28.1,26.16,27.84,31914081.0,936169324.0,1909809064.0,0.01671061343334372
2018-09-25,27.46,27.86,27.36,27.86,16096590.0,479342090.0,1909809064.0,0.00842837658665547
2018-09-26,27.92,28.48,27.73,27.96,23265905.0,706056571.0,1909809064.0,0.01218231991802925
2018-09-27,27.96,29.03,27.84,28.34,23199670.0,713664200.0,1909809064.0,0.012147638440572402
2018-09-28,28.66,29.27,28.65,29.26,21002704.0,656344520.0,1909809064.0,0.01099727946416323
2018-10-08,28.33,28.75,27.57,27.75,18978604.0,575640594.0,1909809064.0,0.009937435295364165
2018-10-09,27.77,27.91,26.98,27.29,15266145.0,451073028.0,1909809064.0,0.007993545159967887
2018-10-10,27.31,27.51,26.47,27.25,13931768.0,405902760.0,1909809064.0,0.007294848612154246
2018-10-11,25.87,26.44,25.46,25.95,24230569.0,678520593.0,1909809064.0,0.012687430097985963
2018-10-12,25.95,26.64,25.41,26.33,19132262.0,537092469.0,1909809064.0,0.01001789255305367
2018-10-15,26.42,26.61,25.65,25.69,16855122.0,474229415.0,1909809064.0,0.008825553463809512
2018-10-16,25.6,25.96,24.95,25.05,14067416.0,385939172.0,1909809064.0,0.007365875607761803
2018-10-17,25.5,25.87,25.06,25.81,14466947.0,398168986.0,1909809064.0,0.007575075054728089
2018-10-18,25.58,25.83,24.9,25.2,12915301.0,353205408.0,1909809064.0,0.00676261373110752
2018-10-19,24.75,26.59,24.58,26.5,23440410.0,650415050.0,1909809064.0,0.012273692926613946
2018-10-22,26.71,28.23,26.71,27.9,27236582.0,809644940.0,1909809064.0,0.014261416239670753
2018-10-23,27.9,27.9,26.69,26.98,18793267.0,552542370.0,1909809064.0,0.00984039051560392
2018-10-24,26.85,27.05,26.06,26.58,14996769.0,430148047.0,1909809064.0,0.00785249650485479
2018-10-25,25.51,26.24,25.49,26.1,13032119.0,364264829.0,1909809064.0,0.006823781102339558
2018-10-26,26.29,26.44,25.22,25.53,15940725.0,442060404.0,1909809064.0,0.008346763716061198
2018-10-29,25.55,25.59,23.6,23.76,25999940.0,680306343.0,1909809064.0,0.01361389496473769
2018-10-30,22.26,23.41,22.07,22.9,31689979.0,778593978.0,1909809064.0,0.016593270812961226
2018-10-31,23.0,23.57,22.91,23.55,19669192.0,495410552.0,1909809064.0,0.010299035841208051
2018-11-01,23.72,24.63,23.6,23.99,26346291.0,687215263.0,1909809064.0,0.013795248696128295
2018-11-02,24.76,25.63,24.57,25.55,32927682.0,889646570.0,1909809064.0,0.017241347640813167
2018-11-05,25.3,25.75,24.9,25.32,17012364.0,463655513.0,1909809064.0,0.008907887348889448
2018-11-06,25.24,25.77,24.98,25.62,17214557.0,471625390.0,1909809064.0,0.009013758141845326
2018-11-07,25.57,26.43,25.38,25.83,18975587.0,530878560.0,1909809064.0,0.009935855556291359
2018-11-08,26.11,26.34,25.51,25.58,13230944.0,369781684.0,1909809064.0,0.006927888368216478
2018-11-09,25.39,25.94,25.21,25.51,10206078.0,281882585.0,1909809064.0,0.005344030559067448
2018-11-12,25.51,26.13,25.23,26.05,12555202.0,349314963.0,1909809064.0,0.006574061374336425
2018-11-13,25.77,26.26,25.51,26.18,16837233.0,471251203.0,1909809064.0,0.008816186558846492
2018-11-14,26.16,26.76,26.13,26.22,15322459.0,436596444.0,1909809064.0,0.00802303187728509
2018-11-15,26.25,26.27,25.77,26.27,14147668.0,397880266.0,1909809064.0,0.007407896562375934
2018-11-16,26.2,26.3,25.24,25.58,28011174.0,774964731.0,1909809064.0,0.01466700233442813
2018-11-19,25.5,26.69,25.23,26.64,30215023.0,848846998.0,1909809064.0,0.015820965336040525
2018-11-20,26.41,26.54,26.01,26.06,17235221.0,488392692.0,1909809064.0,0.009024578071643292
2018-11-21,25.86,27.16,25.72,27.08,29552928.0,851654982.0,1909809064.0,0.015474284082673094
2018-11-22,27.16,27.24,26.56,26.86,18013164.0,520574246.0,1909809064.0,0.00943191879206622
2018-11-23,26.74,26.89,25.41,25.44,25095386.0,700724112.0,1909809064.0,0.013140259135349878
2018-11-26,25.32,25.87,25.18,25.45,10967214.0,302869434.0,1909809064.0,0.005742570923309849
2018-11-27,25.68,25.78,24.77,25.09,14446039.0,392073769.0,1909809064.0,0.007564127363467158
2018-11-28,25.13,25.61,24.78,25.52,12512501.0,341055540.0,1909809064.0,0.006551702594705038
2018-11-29,25.68,26.15,25.41,25.53,12899305.0,359452602.0,1909809064.0,0.006754238024707584
2018-11-30,25.62,25.9,25.16,25.82,9294761.0,257048267.0,1910521364.0,0.004865039028163414
2018-12-03,26.4,27.75,26.35,27.62,31234785.0,913708968.0,1910521364.0,0.016348827910829894
2018-12-04,27.41,27.95,27.32,27.82,21099470.0,630568321.0,1910521364.0,0.011043828348417254
2018-12-05,27.49,28.54,27.35,28.22,22384786.0,675253710.0,1910521364.0,0.011716585023228246
2018-12-06,27.94,27.95,25.48,25.79,46934296.0,1343630557.0,1910521364.0,0.02456622411263442
2018-12-07,25.69,25.69,24.05,24.22,47231850.0,1254902381.0,1910521364.0,0.024721969034207564
2018-12-10,23.92,24.37,23.66,23.84,24134992.0,623241669.0,1910521364.0,0.012632673182711397
2018-12-11,23.97,24.24,23.86,24.04,15944659.0,413334134.0,1910521364.0,0.008345710914541754
2018-12-12,24.14,24.24,23.56,24.01,12768931.0,330451091.0,1910521364.0,0.00668347982943571
2018-12-13,24.06,24.56,23.94,24.39,16970505.0,445214850.0,1910521364.0,0.008882656493549685
2018-12-14,24.3,24.3,23.6,23.63,25547662.0,658400401.0,1910521364.0,0.013372089148750288
2018-12-17,23.55,23.72,22.82,23.4,16064363.0,402363738.0,1910521364.0,0.008408366063160129
2018-12-18,23.26,23.59,23.03,23.11,12177600.0,304833015.0,1910521364.0,0.006373966933562121
2018-12-19,23.18,23.22,22.15,22.24,26977328.0,652804517.0,1910521364.0,0.014120401115807674
2018-12-20,22.16,22.33,21.79,22.13,18581124.0,441477434.0,1910521364.0,0.009725682397551038
2018-12-21,22.1,22.11,21.7,21.99,12055622.0,284474568.0,1910521364.0,0.006310121533924915
2018-12-24,21.98,22.63,21.87,22.52,15764591.0,380205884.0,1910521364.0,0.008251460201938888
2018-12-25,22.19,22.32,21.75,22.21,15742691.0,373760448.0,1910521364.0,0.00823999736231162
2018-12-26,22.16,22.43,21.93,21.99,8797632.0,209911121.0,1910521364.0,0.0046048330920417805
2018-12-27,22.32,22.38,21.62,21.66,13706510.0,325272166.0,1910521364.0,0.007174224930572407
2018-12-28,21.72,21.98,21.36,21.58,13675418.0,318206567.0,1910521364.0,0.007157950838805695
2019-01-02,21.72,21.77,19.86,19.98,31424709.0,694907433.0,1910521364.0,0.016448237424682367
2019-01-03,19.98,20.03,19.13,19.46,28821460.0,605465765.0,1910521364.0,0.015085651771858439
2019-01-04,19.29,20.28,19.11,20.19,24602736.0,527885129.0,1910521364.0,0.012877498500456445
2019-01-07,20.29,20.35,19.94,20.17,17976374.0,390307889.0,1910521364.0,0.00940914576446474
2019-01-08,20.21,20.56,19.99,20.42,15038687.0,330317961.0,1910521364.0,0.007871509465099078
2019-01-09,20.5,20.94,20.31,20.66,20457603.0,457888216.0,1910521364.0,0.01070786403412341
2019-01-10,20.6,21.2,20.44,20.77,16353423.0,366425133.0,1910521364.0,0.008559665077893366
2019-01-11,20.73,20.73,20.35,20.55,13381675.0,295785285.0,1910521364.0,0.007004200660694627
2019-01-14,20.55,20.6,19.74,19.84,16583455.0,357790297.0,1910521364.0,0.008680067814201109
2019-01-15,19.98,20.86,19.84,20.74,24076995.0,532326590.0,1910521364.0,0.012602316547557852
2019-01-16,20.79,21.1,20.61,21.06,20996998.0,473760166.0,1910521364.0,0.010990192727308334
2019-01-17,21.02,21.59,20.96,21.14,21779998.0,501004652.0,1910521364.0,0.011400028500283235
2019-01-18,21.15,22.13,21.15,21.98,27874970.0,654591209.0,1910521364.0,0.014590242498853313
2019-01-21,22.07,22.53,21.73,21.98,27665998.0,659124441.0,1910521364.0,0.014480862931611792
2019-01-22,21.88,21.88,21.24,21.38,17122925.0,395973589.0,1910521364.0,0.008962435763686126
2019-01-23,21.28,21.5,21.06,21.36,10855298.0,249472088.0,1910521364.0,0.005681851145214412
2019-01-24,21.45,21.5,20.99,21.31,13715367.0,314331768.0,1910521364.0,0.007178860837904768
2019-01-25,21.53,21.92,21.2,21.66,19081278.0,445224638.0,1910521364.0,0.009987471671109771
2019-01-28,21.97,22.23,21.59,21.88,24275268.0,574402760.0,1910521364.0,0.01270609607273672
2019-01-29,21.87,22.07,21.34,21.9,16255732.0,381523823.0,1910521364.0,0.008508531915061067
2019-01-30,21.6,21.75,21.16,21.24,17205249.0,396806564.0,1910521364.0,0.00900552557233796
2019-01-31,21.15,21.75,21.11,21.54,18273646.0,424156234.0,1910521364.0,0.009564743082349536
2019-02-01,21.79,22.39,21.75,22.31,19380005.0,462667022.0,1910521364.0,0.010143830561216378
2019-02-11,22.11,22.81,22.01,22.77,22603540.0,549476078.0,1910521364.0,0.011831084658836612
2019-02-12,22.82,24.18,22.82,23.89,41215340.0,1053075155.0,1910521364.0,0.02157282340654318
2019-02-13,24.29,24.31,23.67,24.11,31186738.0,808214762.0,1910521364.0,0.016323679278155406
2019-02-14,24.17,24.34,23.79,24.21,25972777.0,675325100.0,1910521364.0,0.013594601708939592
2019-02-15,24.11,24.11,23.33,23.39,31287332.0,797871243.0,1910521364.0,0.016376331921509987
2019-02-18,23.67,24.3,23.67,24.3,31330641.0,811728872.0,1910521364.0,0.016399000602853243
2019-02-19,24.3,24.38,23.63,23.7,35522618.0,916888388.0,1910521364.0,0.018593154030807267
2019-02-20,23.64,23.64,22.91,23.4,27864824.0,700566665.0,1910521364.0,0.01458493190657668
2019-02-21,23.34,23.71,23.12,23.23,25439928.0,643402815.0,1910521364.0,0.013315699305626818
2019-02-22,23.09,23.54,22.81,23.51,25345136.0,633064226.0,1910521364.0,0.013266083529647461
2019-02-25,23.65,24.85,23.48,24.65,60887911.0,1587043452.0,1910521364.0,0.031869788083667826
2019-02-26,25.7,27.11,25.36,26.31,86538240.0,2467159346.0,1910521364.0,0.04529561491990727
2019-02-27,26.16,26.97,25.98,26.41,53927782.0,1539146309.0,1910521364.0,0.028226735914165888
2019-02-28,26.52,27.5,26.22,26.69,52490512.0,1521376279.0,1910521364.0,0.02747444388169637
2019-03-01,27.14,27.27,26.16,26.62,36783311.0,1051927841.0,1910521364.0,0.019253022600588934
2019-03-04,26.9,27.96,26.9,27.42,62898509.0,1856410814.0,1910521364.0,0.03292216992973652
2019-03-05,27.42,27.63,26.89,27.47,36197513.0,1063548581.0,1910521364.0,0.01894640577282757
2019-03-06,27.47,28.15,27.19,27.68,39985176.0,1192134626.0,1910521364.0,0.020928934244568854
2019-03-07,27.45,27.45,26.44,26.7,50516331.0,1458527014.0,1910521364.0,0.026441123324701016
2019-03-08,25.96,26.51,25.55,25.58,39804461.0,1113679647.0,1910521364.0,0.02083434488095052
2019-03-11,26.29,26.89,26.06,26.57,39141837.0,1115472650.0,1910521364.0,0.02048751599304283
2019-03-12,27.07,27.45,26.54,26.98,47859610.0,1393598437.0,1910521364.0,0.02505054950016251
2019-03-13,26.91,28.62,26.72,28.08,69113973.0,2079128000.0,1910521364.0,0.03617545152978462
2019-03-14,27.73,28.15,26.54,26.95,42332502.0,1242675493.0,1910521364.0,0.02215756536287547
2019-03-15,27.06,27.74,26.81,27.28,34605384.0,1019697868.0,1910521364.0,0.01811305785534257
2019-03-18,27.36,28.52,26.89,28.39,53158005.0,1601216016.0,1910521364.0,0.02782382128860612
2019-03-19,28.43,28.52,27.64,27.95,39785671.0,1197513978.0,1910521364.0,0.02082450986923379
2019-03-20,27.85,28.24,27.27,27.76,35576242.0,1063962372.0,1910521364.0,0.0186212217619567
2019-03-21,27.74,27.96,27.55,27.64,32509809.0,972582979.0,1910521364.0,0.017016197574433404
2019-03-22,27.64,27.78,27.01,27.6,31442425.0,929294777.0,1910521364.0,0.016457510286181757
2019-03-25,27.08,27.45,26.74,26.76,30131137.0,878977883.0,1910521364.0,0.015771159416357095
2019-03-26,27.23,27.28,26.03,26.22,32349127.0,926136396.0,1910521364.0,0.016932093830278674
2019-03-27,26.33,27.12,26.25,26.92,30123139.0,870119725.0,1910521364.0,0.015766973124515138
2019-03-28,26.85,26.94,26.48,26.53,23497062.0,676181118.0,1910521364.0,0.012298769562463788
2019-03-29,26.7,27.62,26.61,27.62,39219610.0,1151750077.0,1910521364.0,0.020528223729404996
2019-04-01,27.73,28.34,27.45,28.26,56480659.0,1700753092.0,1910521364.0,0.029562955989012433
2019-04-02,28.14,28.26,27.74,27.88,40169556.0,1209845723.0,1910521364.0,0.021025441932718426
2019-04-03,27.8,27.89,27.52,27.82,27886032.0,833349136.0,1910521364.0,0.01459603254140842
2019-04-04,27.92,28.0,27.26,27.46,38458102.0,1141532471.0,1910521364.0,0.020129637241784855
2019-04-08,27.57,27.7,26.72,27.08,31930062.0,938819148.0,1910521364.0,0.016712747944963573
2019-04-09,27.09,28.47,26.87,28.47,58879542.0,1769735308.0,1910521364.0,0.030818572934837907
2019-04-10,28.51,29.91,28.01,29.44,71931152.0,2268590260.0,1910521364.0,0.03765001185299491
2019-04-11,29.4,29.78,27.94,28.1,49544506.0,1531975014.0,1910521364.0,0.025932453273524347
2019-04-12,28.02,28.1,27.48,27.91,23672904.0,707973341.0,1910521364.0,0.012390808313410726
2019-04-15,28.24,28.34,27.13,27.17,30544351.0,914183207.0,1910521364.0,0.01598744278684758
2019-04-16,26.9,27.71,26.7,27.69,22789558.0,668396316.0,1910521364.0,0.011928449704580221
2019-04-17,27.69,28.14,27.48,27.82,23295075.0,698058610.0,1910521364.0,0.012193046065304297
2019-04-18,27.77,27.79,27.24,27.27,17046368.0,503873888.0,1910521364.0,0.008922364502802807
2019-04-19,27.28,27.8,27.26,27.56,15934621.0,472695356.0,1910521364.0,0.008340456851337255
2019-04-22,27.54,27.55,26.91,27.03,19340872.0,565545629.0,1910521364.0,0.01012334767066232
2019-04-23,27.07,27.32,26.78,26.83,14469055.0,421251934.0,1910521364.0,0.007573354201968505
2019-04-24,26.83,27.08,26.35,27.02,17137693.0,494532083.0,1910521364.0,0.008970165590883181
2019-04-25,26.97,27.31,26.48,26.5,18975134.0,549663919.0,1910521364.0,0.00993191406154828
2019-04-26,26.45,26.7,26.21,26.27,15338847.0,437251028.0,1910521364.0,0.008028618412246134
2019-04-29,26.58,26.98,26.33,26.78,21710348.0,625692384.0,1910521364.0,0.011363572482929848
2019-04-30,26.55,27.06,26.34,26.98,16975437.0,489649907.0,1910521364.0,0.008885237987843825
2019-05-06,26.13,26.13,24.48,24.63,31016710.0,847472531.0,1910521364.0,0.016234683675591707
2019-05-07,24.94,25.48,24.64,25.03,17335543.0,469229236.0,1910521364.0,0.00907372371052952
2019-05-08,24.61,25.32,24.39,24.71,15214537.0,408986838.0,1910521364.0,0.007963552403384692
2019-05-09,24.67,24.83,23.8,23.84,22363308.0,582086031.0,1910521364.0,0.01170534306571617
2019-05-10,24.22,24.68,23.42,24.57,24038183.0,631051974.0,1910521364.0,0.012582001673968196
2019-05-13,24.11,24.56,23.94,24.05,15970995.0,416144029.0,1910521364.0,0.008359495633465212
2019-05-14,23.98,24.2,23.79,23.84,12978037.0,335733197.0,1910521364.0,0.006792929534600064
2019-05-15,24.09,24.54,23.96,24.45,18834837.0,492991153.0,1910521364.0,0.009858480179758933
2019-05-16,24.42,24.69,24.11,24.67,12922627.0,340200225.0,1910521364.0,0.006763926980091074
2019-05-17,24.66,24.68,23.92,23.99,13601819.0,354532139.0,1910521364.0,0.007119427846398058
2019-05-20,23.91,23.91,23.11,23.37,14974226.0,377532746.0,1910521364.0,0.007837769460294818
2019-05-21,23.52,24.1,23.38,23.84,12990437.0,333946765.0,1910521364.0,0.0067994199095488365
2019-05-22,23.94,24.18,23.6,23.88,9277256.0,239175377.0,1910521364.0,0.004855876607721619
2019-05-23,23.84,23.84,23.37,23.43,9668325.0,245124982.0,1910521364.0,0.005060568901337865
2019-05-24,23.28,23.55,23.21,23.28,7493654.0,189019157.0,1910521364.0,0.003922308402932887
2019-05-27,23.37,23.47,22.84,23.42,15211859.0,380933519.0,1910521364.0,0.007962150691762692
2019-05-28,23.49,23.79,23.24,23.7,15532483.0,394607119.0,1910521364.0,0.008129970851244561
2019-05-29,23.4,23.67,23.25,23.45,10123396.0,256210284.0,1910521364.0,0.0052987609512018
2019-05-30,23.32,23.32,22.91,23.07,11619910.0,289368762.0,1910521364.0,0.006082062320241084
2019-05-31,23.11,23.32,22.85,22.94,11012587.0,273968395.0,1910521364.0,0.005764178934352916
2019-06-03,23.0,23.3,22.77,22.87,12128590.0,300469808.0,1910521364.0,0.006348314249994432
2019-06-04,22.87,22.96,22.05,22.17,19674556.0,474394699.0,1910521364.0,0.010298003660533786
2019-06-05,22.25,22.36,20.68,21.15,40881357.0,937330152.0,1910521364.0,0.021398010914888674
2019-06-06,20.99,21.22,20.69,20.82,16035535.0,361678477.0,1910521364.0,0.008393276988238902
2019-06-10,20.94,21.19,20.77,21.02,15584067.0,353821603.0,1910521364.0,0.008156970811031453
2019-06-11,21.17,21.89,21.08,21.87,19810912.0,460898376.0,1910521364.0,0.01036937475460756
2019-06-12,21.79,21.79,21.47,21.58,12049284.0,280846728.0,1910521364.0,0.006306804114858356
2019-06-13,21.57,21.99,21.31,21.8,10542034.0,246213411.0,1910521364.0,0.005517883337315039
2019-06-14,21.84,22.08,21.54,21.59,11336390.0,266196662.0,1910521364.0,0.005933663037541411
2019-06-17,22.43,23.17,22.25,22.42,37646378.0,921472397.0,1910521364.0,0.019704766829291526
2019-06-18,22.44,22.65,21.96,22.13,18231153.0,436536292.0,1910521364.0,0.009542501509551295
2019-06-19,22.72,22.84,22.31,22.34,16895661.0,410136339.0,1910521364.0,0.008843481846560497
2019-06-20,22.37,23.09,22.26,23.02,25923269.0,637666781.0,1910521364.0,0.013568688363539284
2019-06-21,23.0,23.57,22.9,23.39,22649833.0,570096993.0,1910521364.0,0.01185531521750625
2019-06-24,23.4,23.52,23.09,23.51,15278691.0,385120079.0,1910521364.0,0.007997131719067236
2019-06-25,23.46,23.54,22.84,23.16,16472339.0,410930220.0,1910521364.0,0.008621907773652094
2019-06-26,23.16,24.06,23.0,23.98,20766373.0,530046322.0,1910521364.0,0.010869479604521188
2019-06-27,23.91,24.21,23.73,24.04,17712535.0,458650405.0,1910521364.0,0.009271047858326907
2019-06-28,23.9,24.02,23.35,23.46,15749505.0,401914186.0,1910521364.0,0.008243563928029439
2019-07-01,24.03,24.48,23.87,24.38,25514166.0,667696865.0,1910521364.0,0.01335455676171125
2019-07-02,24.34,24.81,24.15,24.61,19094238.0,505587597.0,1910521364.0,0.009994255159765908
2019-07-03,24.39,25.02,24.38,24.73,21305658.0,569889922.0,1910521364.0,0.011151750721799308
2019-07-04,24.75,24.93,24.48,24.58,13050819.0,346590746.0,1910521364.0,0.006831024895045351
2019-07-05,24.74,24.98,24.65,24.86,13061000.0,350094412.0,1910521364.0,0.006836353806928693
2019-07-08,24.87,24.89,23.81,24.19,19766285.0,517646139.0,1910521364.0,0.010346016209217329
2019-07-09,24.37,24.67,24.11,24.33,12090215.0,318058603.0,1910521364.0,0.006328228109779985
2019-07-10,24.48,25.93,24.4,25.33,33349751.0,910212060.0,1910521364.0,0.01745583777727387
2019-07-11,25.47,25.56,24.86,25.23,20627722.0,561636961.0,1910521364.0,0.010796907267664555
2019-07-12,25.22,25.51,25.01,25.16,14796600.0,402457381.0,1910521364.0,0.007744796932822992
2019-07-15,25.08,25.91,24.69,25.46,22752262.0,623458606.0,1910521364.0,0.011908928331669785
2019-07-16,25.48,25.74,25.19,25.34,10875448.0,297875442.0,1910521364.0,0.005692398004506167
2019-07-17,25.34,25.34,24.89,24.93,13342639.0,360554040.0,1910521364.0,0.006983768541622024
2019-07-18,24.89,24.89,24.27,24.52,14092110.0,373243398.0,1910521364.0,0.007376054654785844
2019-07-19,24.68,24.92,24.22,24.25,14244736.0,376754904.0,1910521364.0,0.007455941748893209
2019-07-22,24.3,24.94,24.05,24.56,14553753.0,384337934.0,1910521364.0,0.007617686603372628
2019-07-23,24.56,24.72,24.34,24.44,10151033.0,267927580.0,1910521364.0,0.005313226636077544
2019-07-24,24.67,25.2,24.59,24.83,14465250.0,389012553.0,1910521364.0,0.007571362599010434
2019-07-25,24.79,24.97,24.6,24.83,13047216.0,348589499.0,1910521364.0,0.006829139022388865
2019-07-26,24.77,25.24,24.68,25.09,13292424.0,358737108.0,1910521364.0,0.006957485140166169
2019-07-29,25.05,25.06,24.67,24.79,10118035.0,270391358.0,1910521364.0,0.005295954910871125
2019-07-30,24.79,24.94,24.71,24.86,8224718.0,220302705.0,1910521364.0,0.004304959973219122
2019-07-31,25.05,25.12,24.3,24.39,13774408.0,365802475.0,1910521364.0,0.0072097639207556125
2019-08-01,24.24,24.39,23.82,24.07,13971505.0,362530934.0,1910521364.0,0.007312927907149014
2019-08-02,23.48,23.61,23.18,23.38,14038646.0,350049359.0,1910521364.0,0.007348070670409944
2019-08-05,23.27,23.33,22.81,22.96,9981056.0,245222187.0,1910521364.0,0.005224257727797908
2019-08-06,22.49,23.14,22.16,23.08,16316084.0,392462233.0,1910521364.0,0.008540121198037542
2019-08-07,22.92,23.19,22.8,22.83,9277973.0,226738559.0,1910521364.0,0.0048562518979505115
2019-08-08,22.86,23.64,22.86,23.38,12867548.0,319275764.0,1910521364.0,0.006735097676719829
2019-08-09,23.59,23.83,23.33,23.39,10514919.0,264081402.0,1910521364.0,0.005503690876287945
2019-08-12,23.31,23.85,23.24,23.79,7938046.0,199686072.0,1910521364.0,0.004154910879080858
2019-08-13,23.66,23.83,23.0,23.27,10409191.0,259161950.0,1910521364.0,0.0054483510083376385
2019-08-14,23.62,23.75,23.27,23.43,10483772.0,262088908.0,1910521364.0,0.005487387996567831
2019-08-15,23.05,23.69,22.94,23.62,10021255.0,249450702.0,1910521364.0,0.005245298581230626
2019-08-16,23.71,24.57,23.57,24.33,19590467.0,505440762.0,1910521364.0,0.010253990020286421
2019-08-19,24.65,25.02,24.48,24.93,16976871.0,448949689.0,1910521364.0,0.00888598856830161
2019-08-20,24.92,25.14,24.74,24.96,12572797.0,333801494.0,1910521364.0,0.006580819893935507
2019-08-21,24.71,24.81,24.4,24.5,15057781.0,394925152.0,1910521364.0,0.007881503595685518
2019-08-22,24.84,25.12,24.66,24.8,12262182.0,324964288.0,1910521364.0,0.006418238618555432
2019-08-23,24.78,25.92,24.69,25.82,28511950.0,776347973.0,1910521364.0,0.014923648872633073
2019-08-26,25.17,27.06,25.17,26.67,42968609.0,1208169315.0,1910521364.0,0.022490514793322144
2019-08-27,26.59,27.03,26.19,26.52,31018791.0,878512482.0,1910521364.0,0.016235772907064964
2019-08-28,26.32,26.5,25.85,26.1,21374520.0,593988051.0,1910521364.0,0.011187794286293047
2019-08-29,26.03,26.38,25.78,26.12,14437552.0,400755762.0,1910521364.0,0.007556864985677281
2019-08-30,26.28,26.62,25.65,25.96,17690792.0,492896024.0,1910521364.0,0.009259667195221168
2019-09-02,25.92,26.61,25.74,26.48,20950503.0,586007014.0,1910521364.0,0.010965856438337111
2019-09-03,26.44,26.65,26.08,26.22,13952094.0,391268950.0,1910521364.0,0.007302767853267513
2019-09-04,26.15,26.44,25.96,26.37,13005970.0,362982948.0,1910521364.0,0.006807550151006843
2019-09-05,26.52,27.01,26.36,26.96,24687609.0,702640856.0,1910521364.0,0.012921922499894118
2019-09-06,26.97,27.01,26.69,26.95,14892511.0,425628701.0,1910521364.0,0.007794998412799743
2019-09-09,27.07,27.35,26.62,27.01,21993414.0,630532572.0,1910521364.0,0.011511734134159622
2019-09-10,26.89,27.42,26.58,26.71,22353382.0,643303122.0,1910521364.0,0.011700147625253145
2019-09-11,26.78,26.85,25.91,25.92,23861078.0,665796095.0,1910521364.0,0.012489301846927685
2019-09-12,26.09,26.15,25.45,25.77,22724713.0,621766850.0,1910521364.0,0.011894508707519484
2019-09-16,25.96,26.06,25.63,25.83,12088906.0,332311223.0,1910521364.0,0.006327542956489023
2019-09-17,25.77,25.95,25.23,25.4,16207849.0,440197345.0,1910521364.0,0.008483469122829448
2019-09-18,25.4,25.67,25.33,25.43,12619967.0,342142332.0,1910521364.0,0.0066055094896075705
2019-09-19,25.59,25.87,25.38,25.79,15601809.0,426394409.0,1910521364.0,0.008166257281381544
2019-09-20,26.04,26.55,25.97,26.29,24237677.0,679032499.0,1910521364.0,0.012686420291712582
2019-09-23,26.24,26.24,25.52,25.68,14026996.0,385001807.0,1910521364.0,0.007341972858462105
2019-09-24,25.69,26.03,25.07,25.31,26915004.0,729359634.0,1910521364.0,0.014087779653847408
2019-09-25,25.26,25.26,24.06,24.12,32808836.0,851533765.0,1910521364.0,0.017172713489740386
2019-09-26,24.22,24.27,23.5,23.58,18982587.0,480767432.0,1910521364.0,0.009935815090942893
2019-09-27,23.69,23.94,23.49,23.67,12916020.0,326149815.0,1910521364.0,0.0067604687617615145
2019-09-30,23.69,24.03,23.68,23.73,9744568.0,247151802.0,1910521364.0,0.005100475809178127
2019-10-08,23.73,24.2,23.67,23.82,12470090.0,317807479.0,1910521364.0,0.006527061269752962
2019-10-09,23.64,23.64,23.11,23.46,12930874.0,320964082.0,1910521364.0,0.006768243602849343
2019-10-10,23.47,24.17,23.47,23.94,14163758.0,359461018.0,1910521364.0,0.007413556459973719
2019-10-11,23.96,23.99,23.43,23.77,15909922.0,400863001.0,1910521364.0,0.008327528966590505
2019-10-14,24.04,24.26,23.82,23.96,17502752.0,447936680.0,1910521364.0,0.009161243799627043
2019-10-15,23.96,24.17,23.64,23.72,13211718.0,335507691.0,1910521364.0,0.0069152422207616835
2019-10-16,23.74,23.89,23.52,23.53,11723979.0,295441776.0,1910521364.0,0.006136533838833325
2019-10-17,23.53,23.7,23.44,23.61,8768592.0,220099843.0,1910521364.0,0.004589633052645623
2019-10-18,23.65,24.15,23.58,23.79,17826641.0,453679882.0,1910521364.0,0.009330772916706311
2019-10-21,23.76,23.99,23.5,23.65,11334181.0,285762438.0,1910521364.0,0.005932506808649328
2019-10-22,23.65,23.83,23.49,23.81,8797208.0,221596778.0,1910521364.0,0.004604611163091919
2019-10-23,23.8,23.84,23.47,23.51,9036486.0,227044969.0,1910521364.0,0.0047298534160751735
2019-10-24,23.47,23.49,22.99,23.0,11696327.0,288911494.0,1910521364.0,0.006122060302697563
2019-10-25,23.08,23.32,22.91,23.29,9325617.0,230291252.0,1910521364.0,0.004881189593439165
2019-10-28,22.81,23.56,22.81,23.36,13093949.0,325250911.0,1910521364.0,0.006853599884685718
2019-10-29,23.31,24.17,23.19,24.01,21931830.0,557362197.0,1910521364.0,0.011479500001026944
2019-10-30,24.04,24.13,23.19,23.43,16816322.0,421021515.0,1910521364.0,0.00880195443865238
2019-10-31,23.47,23.93,23.27,23.9,16077225.0,406783321.0,1910521364.0,0.008415098256917476
2019-11-01,24.05,24.39,23.75,24.22,20379790.0,523914134.0,1910521364.0,0.010667135361067859
2019-11-04,24.5,24.63,24.23,24.27,16417004.0,426584954.0,1910521364.0,0.008592944475443197
2019-11-05,24.28,24.45,24.04,24.2,13912098.0,359026258.0,1910521364.0,0.007281833253553714
2019-11-06,24.2,24.34,23.86,23.91,10499400.0,268737220.0,1910521364.0,0.005495567962672623
2019-11-07,24.08,25.82,24.0,25.26,39792177.0,1059977743.0,1910521364.0,0.020827915222412556
2019-11-08,25.36,25.56,25.02,25.27,24885707.0,671133294.0,2010958045.0,0.012375050320853412
2019-11-11,25.27,25.54,24.99,25.12,21668966.0,583171940.0,2010958045.0,0.010775444099332267
2019-11-12,25.14,25.34,24.65,25.12,16141451.0,428983131.0,2010958045.0,0.008026746773824414
2019-11-13,25.12,25.58,24.88,25.37,22520465.0,606916038.0,2010958045.0,0.011198873619464299
2019-11-14,25.37,25.48,24.96,25.2,14891477.0,399110321.0,2010958045.0,0.0074051654319819485
2019-11-15,25.43,25.69,25.05,25.41,24276465.0,657676388.0,2010958045.0,0.012072089251369737
2019-11-18,25.27,26.15,25.27,25.98,25221888.0,694391572.0,2010958045.0,0.01254222486774954
2019-11-19,25.98,26.22,25.83,26.09,20855181.0,578432093.0,2010958045.0,0.010370768824269528
2019-11-20,25.98,26.07,25.68,25.83,17112060.0,471166129.0,2010958045.0,0.00850940676885181
2019-11-21,25.76,25.89,24.96,25.07,22190196.0,596830474.0,2010958045.0,0.011034638964832307
2019-11-22,25.24,25.24,24.04,24.1,30982438.0,808629069.0,2010958045.0,0.015406804770011997
2019-11-25,24.0,24.08,23.67,24.05,14705698.0,373712227.0,2010958045.0,0.00731278210232377
2019-11-26,24.04,24.49,23.96,24.35,14976193.0,387608141.0,2010958045.0,0.007447292616191801
2019-11-27,24.24,24.5,24.02,24.35,10775652.0,278666366.0,2010958045.0,0.005358466839620217
2019-11-28,24.35,24.36,24.07,24.1,7324577.0,188774733.0,2010958045.0,0.003642332080578041
2019-11-29,24.2,24.2,23.42,23.61,21642909.0,544117987.0,2010958045.0,0.01076248659379664
2019-12-02,23.47,23.72,23.43,23.58,9400371.0,235615703.0,2010958045.0,0.004674573407124463
2019-12-03,23.49,23.54,23.09,23.49,12407127.0,308139022.0,2010958045.0,0.006169759250248307
2019-12-04,23.36,23.61,23.3,23.44,8916602.0,222935849.0,2010958045.0,0.004434006976013267
2019-12-05,23.58,23.85,23.47,23.75,11898007.0,300399940.0,2010958045.0,0.005916586390045745
2019-12-06,23.82,23.83,23.58,23.72,8958477.0,226042636.0,2010958045.0,0.004454830384091877
2019-12-09,23.64,23.73,23.37,23.58,11919635.0,298635619.0,2010958045.0,0.0059273414627603535
2019-12-10,23.62,24.0,23.47,23.74,14517619.0,367232151.0,2010958045.0,0.007219255039206947
2019-12-11,23.74,23.88,23.52,23.6,11135739.0,280403271.0,2010958045.0,0.00553752925263043
2019-12-12,23.68,23.68,23.39,23.47,10219069.0,255186686.0,2010958045.0,0.005081691796309952
2019-12-13,23.66,23.89,23.57,23.84,14891666.0,376697431.0,2010958045.0,0.0074052594170357245
2019-12-16,24.03,24.21,23.76,24.2,14990630.0,383687241.0,2010958045.0,0.007454471781384181
2019-12-17,24.18,24.59,24.0,24.53,17472137.0,453765920.0,2010958045.0,0.008688464209107854
2019-12-18,24.53,24.59,24.23,24.34,14558385.0,377782519.0,2010958045.0,0.007239526968848323
2019-12-19,24.5,24.95,24.43,24.85,19458431.0,511733874.0,2010958045.0,0.00967619938585044
2019-12-20,24.97,25.02,24.68,24.73,14462257.0,382302630.0,2010958045.0,0.007191724877581919
2019-12-23,24.73,25.0,24.35,24.38,12169727.0,319313936.0,2010958045.0,0.00605170606629936
2019-12-24,24.49,24.9,24.37,24.82,13870679.0,365662208.0,2010958045.0,0.006897547681060646
2019-12-25,24.8,24.9,24.49,24.59,11508262.0,302007245.0,2010958045.0,0.0057227757827240005
2019-12-26,24.62,24.81,24.5,24.69,9378931.0,246303862.0,2010958045.0,0.004663911822188215
2019-12-27,24.7,25.05,24.61,24.64,16174186.0,428697962.0,2010958045.0,0.008043025084593447
2019-12-30,24.59,24.69,24.17,24.6,14377729.0,375179914.0,2010958045.0,0.007149691181150425
2019-12-31,24.6,25.21,24.6,24.97,20531895.0,547164026.0,2010958045.0,0.01021000664387307
2020-01-02,25.13,25.43,24.87,25.39,23797305.0,638431363.0,2010958045.0,0.011833814762654583
2020-01-03,25.4,25.57,25.05,25.44,20427941.0,551435629.0,2010958045.0,0.010158312875194768
2020-01-06,25.24,25.49,25.0,25.07,19187499.0,515568524.0,2010958045.0,0.009541471562625267
2020-01-07,25.09,25.49,25.09,25.26,14892496.0,400960312.0,2010958045.0,0.00740567215563167
2020-01-08,25.11,25.15,24.67,24.69,17673907.0,467875339.0,2010958045.0,0.008788799469956123
2020-01-09,24.89,25.11,24.82,24.97,16543976.0,439519835.0,2010958045.0,0.008226912560972896
2020-01-10,25.07,25.54,25.05,25.31,23293691.0,627994397.0,2010958045.0,0.011583379900896938
2020-01-13,25.33,25.44,25.15,25.42,15195071.0,409566393.0,2010958045.0,0.00755613526487073
2020-01-14,25.46,25.55,25.16,25.19,15677475.0,422572601.0,2010958045.0,0.007796022915037991
2020-01-15,25.16,25.43,24.97,25.05,12907557.0,346056367.0,2010958045.0,0.0064186107870788526
2020-01-16,25.11,25.27,24.96,25.27,13622116.0,364309850.0,2010958045.0,0.006773943411633931
2020-01-17,25.25,25.73,25.18,25.27,23125373.0,626225576.0,2010958045.0,0.01149967949729155
2020-01-20,25.58,25.89,25.29,25.73,27388176.0,745310084.0,2010958045.0,0.013619466635864101
2020-01-21,25.87,26.41,25.72,26.16,42680852.0,1185716880.0,2010958045.0,0.021224138467791854
2020-01-22,26.27,26.27,25.22,25.41,34533483.0,935627198.0,2010958045.0,0.017172652152471934
2020-01-23,25.34,25.61,24.22,24.58,29110099.0,770583616.0,2010958045.0,0.014475736613391157
2020-02-03,22.52,24.38,22.52,24.1,45598970.0,1147814241.0,2010958045.0,0.022675246812521144
2020-02-04,25.05,25.59,24.2,25.54,52968725.0,1408581562.0,2010958045.0,0.026340044801879493
2020-02-05,25.84,26.78,25.27,26.7,62857418.0,1729245766.0,2010958045.0,0.03125744873508786
2020-02-06,26.66,27.74,26.14,26.5,80054320.0,2296504559.0,2010958045.0,0.03980904534485204
2020-02-07,26.48,26.96,25.61,25.93,53168602.0,1483524656.0,2010958045.0,0.026439438720363757
2020-02-10,25.95,26.1,25.35,25.6,29922433.0,815469302.0,2010958045.0,0.014879690341824113
2020-02-11,25.67,25.75,25.16,25.56,23112878.0,625528227.0,2010958045.0,0.011493466040958602
2020-02-12,25.54,25.84,25.3,25.59,24614497.0,669494809.0,2010958045.0,0.012240184255062368
2020-02-13,25.67,25.67,24.98,25.09,27709964.0,743332200.0,2010958045.0,0.01377948389768619
2020-02-14,25.12,25.3,24.66,24.84,23503259.0,624844678.0,2010958045.0,0.011687592915445433
2020-02-17,24.83,25.15,24.72,25.12,23926140.0,636920419.0,2010958045.0,0.011897881240978351
2020-02-18,25.18,25.3,24.77,24.91,28086082.0,746054796.0,2010958045.0,0.013966518132903165
2020-02-19,24.91,24.91,24.45,24.5,26562346.0,695779979.0,2010958045.0,0.013208801678405976
2020-02-20,24.46,24.69,24.36,24.66,21465996.0,561274818.0,2010958045.0,0.010674512107983834
2020-02-21,24.66,24.91,24.48,24.81,25721358.0,675948281.0,2010958045.0,0.012790599020179956
2020-02-24,24.92,25.23,24.81,25.15,32622741.0,871410628.0,2010958045.0,0.01622248712801962
2020-02-25,25.14,27.67,25.0,27.52,108967314.0,3102021505.0,2010958045.0,0.05418676648721431
2020-02-26,27.39,27.7,26.33,26.33,69731259.0,2000466245.0,2010958045.0,0.034675640883397946
2020-02-27,26.63,27.03,26.18,26.34,35526667.0,1003044003.0,2010958045.0,0.017666538140033647
2020-02-28,25.85,26.19,25.15,25.24,39269582.0,1070652304.0,2010958045.0,0.019527797756715506
2020-03-02,25.47,26.05,25.26,25.91,30081145.0,822180791.0,2010958045.0,0.014958613917775693
2020-03-03,26.17,26.57,25.88,26.04,31295453.0,875583532.0,2010958045.0,0.015562459434602476
2020-03-04,25.96,27.08,25.58,26.78,39972845.0,1124769717.0,2010958045.0,0.019877513158162382
2020-03-05,26.81,27.08,26.54,26.93,35349200.0,1011365288.0,2010958045.0,0.017578288163639932
2020-03-06,26.76,27.32,26.63,26.72,30626534.0,880258163.0,2010958045.0,0.015229822460070269
2020-03-09,26.1,26.72,25.99,26.18,35933854.0,1008017951.0,2010958045.0,0.017869022225175266
2020-03-10,26.29,26.57,25.63,26.26,37674848.0,1049096447.0,2010958045.0,0.018734775742176163
2020-03-11,26.26,26.35,25.69,25.72,26784184.0,740112440.0,2010958045.0,0.01331911626231864
2020-03-12,25.48,25.61,24.78,24.96,23134234.0,620084302.0,2010958045.0,0.011504085854759838
2020-03-13,23.85,24.58,23.49,24.5,29268130.0,751013877.0,2010958045.0,0.014554321544783894
2020-03-16,26.26,26.76,25.07,25.31,66648072.0,1834140697.0,2010958045.0,0.03314244778289246
2020-03-17,26.1,27.44,25.34,27.42,95012345.0,2676282518.0,2010958045.0,0.047247303461271366
2020-03-18,27.98,29.37,26.83,26.87,118202453.0,3547529535.0,2010958045.0,0.05877917408266964
2020-03-19,27.58,28.19,26.8,28.03,90695001.0,2668444788.0,2010958045.0,0.04510039442419098
2020-03-20,28.11,28.11,27.13,27.75,60140577.0,1766224962.0,2010958045.0,0.029906430494426352
2020-03-23,27.0,27.48,26.12,26.22,49741929.0,1420036952.0,2010958045.0,0.0247354384760424
2020-03-24,26.65,28.79,25.65,28.48,88595804.0,2577212876.0,2010958045.0,0.04405651536106513
2020-03-25,28.38,29.86,27.88,29.02,88364423.0,2723167650.0,2010958045.0,0.043941455277849914
2020-03-26,28.63,31.92,28.5,31.92,104254791.0,3343602123.0,2010958045.0,0.05184334464819727
2020-03-27,32.95,32.95,30.5,30.65,111420063.0,3761082891.0,2010958045.0,0.05540645826850157
2020-03-30,30.98,32.15,30.35,31.26,80105774.0,2667733987.0,2010958045.0,0.039834632154148196
2020-03-31,31.6,31.72,30.48,30.85,60588159.0,1995452950.0,2010958045.0,0.030129002020029712
2020-04-01,30.5,30.74,29.65,29.73,59718779.0,1913174395.0,2010958045.0,0.029696680718169832
2020-04-02,29.72,30.27,29.13,30.04,52133856.0,1654020142.0,2010958045.0,0.02592488497192889
2020-04-03,29.95,31.69,29.86,30.95,71207212.0,2348910098.0,2010958045.0,0.03540959602665405
2020-04-07,30.94,32.14,30.57,31.8,66918558.0,2240523079.0,2010958045.0,0.033276953821281735
2020-04-08,31.73,33.05,31.08,31.82,77459164.0,2648716359.0,2010958045.0,0.03851853806328416
2020-04-09,31.92,32.81,31.46,31.57,60657236.0,2070823793.0,2010958045.0,0.030163352313996188
2020-04-10,31.17,32.24,30.42,30.87,56697354.0,1892321499.0,2010958045.0,0.02819420034195691
2020-04-13,30.98,31.87,30.8,31.3,43476548.0,1451176140.0,2010958045.0,0.02161981852784005
2020-04-14,31.43,32.45,30.89,32.2,57169356.0,1934574297.0,2010958045.0,0.028428915333238592
2020-04-15,32.11,33.31,31.9,32.63,61241951.0,2136169360.0,2010958045.0,0.030454116709331944
2020-04-16,32.34,35.06,32.06,34.3,89712536.0,3214850619.0,2010958045.0,0.04461183873182198
2020-04-17,34.03,34.36,33.39,33.41,57757160.0,2073904238.0,2010958045.0,0.028721215812336852
2020-04-20,33.78,35.29,33.61,34.83,71055637.0,2627636749.0,2010958045.0,0.03533422150535219
2020-04-21,34.69,35.87,34.4,35.28,61191381.0,2290124138.0,2010958045.0,0.030428969491504233
2020-04-22,34.74,35.1,34.45,34.83,40048004.0,1483380070.0,2010958045.0,0.01991488788121385
2020-04-23,36.15,36.5,34.03,34.17,85519159.0,3219364404.0,2010958045.0,0.04252657543633637
2020-04-24,34.16,34.64,32.93,33.14,66665850.0,2386821477.0,2010958045.0,0.033151288345252376
2020-04-27,33.38,34.23,32.72,34.0,54664685.0,1962962408.0,2010958045.0,0.027183404017760104
2020-04-28,33.61,34.03,32.59,33.23,47233151.0,1673781981.0,2010958045.0,0.0234878848504271
2020-04-29,33.2,33.72,31.92,31.92,49241784.0,1714421580.0,2010958045.0,0.02448672866270564
2020-04-30,31.46,31.79,30.67,31.57,64928878.0,2166308252.0,2010958045.0,0.03228753486997785
2020-05-06,31.44,32.1,31.26,32.1,43869990.0,1484153010.0,2010958045.0,0.021815467562377712
2020-05-07,32.0,32.34,31.62,31.64,35445082.0,1205395346.0,2010958045.0,0.017625967925153804
2020-05-08,31.69,32.06,31.23,31.4,41285922.0,1388435422.0,2010958045.0,0.020530474070631344
2020-05-11,31.78,31.97,31.42,31.78,34984294.0,1181333140.0,2010958045.0,0.017396829380396148
2020-05-12,31.76,32.28,31.56,32.01,36289053.0,1235435152.0,2010958045.0,0.018045653955948145
2020-05-13,31.92,31.92,31.38,31.74,28581009.0,962797881.0,2010958045.0,0.014212633163115046
2020-05-14,31.5,31.5,30.37,30.37,51952837.0,1707488177.0,2010958045.0,0.025834868673254692
2020-05-15,30.61,30.89,30.18,30.75,31930919.0,1040043826.0,2010958045.0,0.015878461054616384
2020-05-18,30.79,31.58,30.3,30.91,39112561.0,1294337709.0,2010958045.0,0.019449715073493738
2020-05-19,31.6,31.97,30.89,30.93,43361534.0,1450604223.0,2010958045.0,0.02156262489305191
2020-05-20,30.83,30.88,30.23,30.34,36526893.0,1187698401.0,2010958045.0,0.018163925941080485
2020-05-21,30.34,31.5,29.97,30.99,47420902.0,1558568845.0,2010958045.0,0.023581248807207213
2020-05-22,30.72,30.76,29.08,29.24,46634888.0,1479665219.0,2010958045.0,0.023190383367744503
2020-05-25,29.23,29.8,29.11,29.42,20456115.0,641229708.0,2010958045.0,0.010172323112787766
2020-05-26,29.62,29.93,29.46,29.62,18830987.0,594364390.0,2010958045.0,0.009364186909230124
2020-05-27,29.66,29.75,28.71,29.12,27362745.0,848653852.0,2010958045.0,0.013606820424739393
2020-05-28,29.01,29.34,28.13,28.47,30442021.0,926706633.0,2010958045.0,0.015138068681089764
2020-05-29,28.5,29.07,28.48,28.87,23723526.0,728447291.0,2010958045.0,0.011797126279678301
2020-06-01,29.29,29.52,29.11,29.38,25093126.0,784506703.0,2010958045.0,0.0124781946905312
2020-06-02,29.29,29.29,28.81,28.99,26339424.0,813685476.0,2010958045.0,0.013097948047941498
2020-06-03,29.09,29.88,29.02,29.43,34367721.0,1080030776.0,2010958045.0,0.017090222784831893
2020-06-04,29.59,29.62,28.96,29.11,19713122.0,612813168.0,2010958045.0,0.009802850959031321
2020-06-05,29.1,29.31,28.68,29.29,19278400.0,595018842.0,2010958045.0,0.009586674395288044
2020-06-08,29.27,29.46,28.95,29.05,18344065.0,569472446.0,2010958045.0,0.009122052568729748
2020-06-09,29.09,29.55,28.9,29.35,22484304.0,702677022.0,2010958045.0,0.011180891643117299
2020-06-10,29.42,30.36,29.15,30.36,45827697.0,1460392537.0,2010958045.0,0.02278898712678016
2020-06-11,30.12,30.61,29.73,30.14,37934965.0,1221712239.0,2010958045.0,0.018864125531768614
2020-06-12,29.67,31.45,29.66,30.98,51396823.0,1685758978.0,2010958045.0,0.025558376579656587
2020-06-15,31.49,31.91,30.8,31.31,47590419.0,1591089821.0,2010958045.0,0.023665545444037348
2020-06-16,31.31,31.52,30.83,31.36,31944698.0,1061776214.0,2010958045.0,0.015885313012584508
2020-06-17,31.79,32.86,31.78,32.71,60724704.0,2096281647.0,2010958045.0,0.03019690249181703
2020-06-18,32.63,32.63,31.56,31.61,47072497.0,1598634288.0,2010958045.0,0.02340799556561609
2020-06-19,31.22,31.89,31.22,31.58,32379722.0,1088528151.0,2010958045.0,0.01610163975350366
2020-06-22,31.45,31.53,30.52,30.98,41638462.0,1372499955.0,2010958045.0,0.020705783546070947
2020-06-23,30.92,31.17,30.67,31.1,26341521.0,867876263.0,2010958045.0,0.013098990834490532
2020-06-24,31.09,31.22,30.59,30.66,26824879.0,879611731.0,2010958045.0,0.013339352885405423
2020-06-29,30.73,31.83,30.72,31.81,41209815.0,1377705114.0,2010958045.0,0.020492627930484744
2020-06-30,31.86,31.89,31.42,31.78,34071383.0,1148863358.0,2010958045.0,0.016942861182367434
2020-07-01,31.76,31.76,30.8,31.15,40841594.0,1354028212.0,2010958045.0,0.02030952067923426
2020-07-02,31.81,33.69,31.8,32.36,79672893.0,2782488923.0,2010958045.0,0.039619371074447254
2020-07-03,32.57,32.57,31.56,32.32,50457217.0,1719388010.0,2010958045.0,0.025091133614376326
2020-07-06,32.32,33.33,32.03,33.17,63163526.0,2208197081.0,2010958045.0,0.03140966871837448
2020-07-07,33.31,33.99,32.87,33.36,65933813.0,2342903149.0,2010958045.0,0.03278726434096242
2020-07-08,33.3,33.52,32.93,33.37,47189426.0,1667929154.0,2010958045.0,0.023466141482827406
2020-07-09,33.23,34.36,33.08,33.8,57858321.0,2076552179.0,2010958045.0,0.02877152069077602
2020-07-10,33.63,34.31,33.21,33.37,49789436.0,1786467652.0,2010958045.0,0.02475906253926844
2020-07-13,33.68,35.65,33.68,35.34,64484253.0,2387117286.0,2010958045.0,0.032066433787781984
2020-07-14,37.16,38.02,35.94,36.56,95288153.0,3736800810.0,2010958045.0,0.04738445599942887
2020-07-15,37.52,40.21,37.09,40.21,133755653.0,5628433022.0,2010958045.0,0.06651339809528448
2020-07-16,40.18,40.18,36.19,36.19,128703138.0,5164671894.0,2010958045.0,0.06400090659275788
2020-07-17,35.82,38.38,35.1,37.65,83549550.0,3304881064.0,2010958045.0,0.04154713729992313
2020-07-20,38.82,39.71,37.77,38.54,64985344.0,2671231505.0,2010958045.0,0.032315614023663036
2020-07-21,39.1,41.96,39.1,41.27,93048047.0,4044672021.0,2010958045.0,0.04627050635459677
2020-07-22,40.27,41.71,40.14,40.63,66769550.0,2909209543.0,2010958045.0,0.03320285580597481
2020-07-23,42.07,44.69,41.4,44.69,136336083.0,6342945163.0,2010958045.0,0.06779658249906452
2020-07-24,43.66,48.62,43.17,45.18,162663660.0,7894234077.0,2010958045.0,0.08088863932514316
2020-07-27,45.72,49.7,45.37,49.7,93426924.0,4793831909.0,2010958045.0,0.04645891257268871
2020-07-28,51.44,53.05,46.94,48.15,188733828.0,10042123790.0,2010958045.0,0.09385269298345804
2020-07-29,47.46,52.84,47.41,52.47,151669264.0,8189893329.0,2010958045.0,0.07542139647174986
2020-07-30,53.89,57.72,52.95,55.78,195118604.0,11465489009.0,2010958045.0,0.09702768513004954
2020-07-31,53.99,59.38,53.9,58.84,156038138.0,9308410929.0,2010958045.0,0.07759393011105808
2020-08-03,59.19,64.72,57.07,64.72,152293713.0,10023860603.0,2010958045.0,0.07573191960849686
2020-08-04,66.18,70.51,60.18,63.61,218796503.0,15169642845.0,2010958045.0,0.1088021222242854
2020-08-05,61.06,69.98,60.52,69.98,176791234.0,12297662820.0,2010958045.0,0.08791393457440332
2020-08-06,71.86,74.87,66.25,71.48,207143362.0,15605290863.0,2010958045.0,0.10300730167645045
2020-08-07,69.04,71.1,64.46,65.9,179363359.0,12727049830.0,2010958045.0,0.0891929891058468
2020-08-10,64.39,64.39,60.61,60.89,156631842.0,10311421247.0,2010958045.0,0.07788916451511547
2020-08-11,59.92,62.35,58.15,58.72,139520858.0,8847267538.0,2010958045.0,0.06938029281461215
2020-08-12,58.62,59.28,53.59,55.37,151484301.0,8939593837.0,2010958045.0,0.0753294189188318
2020-08-13,56.37,58.03,54.54,56.78,136969492.0,8159746752.0,2010958045.0,0.06811156122354606
2020-08-14,55.41,56.23,53.16,55.03,107415681.0,6206964289.0,2010958045.0,0.053415177540414575
2020-08-17,55.79,56.86,54.25,56.07,102067326.0,6006451657.0,2010958045.0,0.050755572078581085
2020-08-18,55.69,57.18,54.72,55.33,90854904.0,5349626382.0,2010958045.0,0.04517991025516398
2020-08-19,54.84,54.84,51.16,51.25,122035960.0,6762366051.0,2010958045.0,0.06068548287391048
2020-08-20,50.87,52.54,50.44,51.86,76944543.0,4221966146.0,2010958045.0,0.038262629691013766
2020-08-21,51.99,52.46,50.11,50.57,71098042.0,3859582339.0,2010958045.0,0.03535530846940171
2020-08-24,51.08,51.67,49.66,51.35,57087586.0,3080139825.0,2010958045.0,0.02838825312240664
2020-08-25,51.44,51.62,49.94,50.09,52290993.0,2802035868.0,2010958045.0,0.026003025339099005
2020-08-26,50.58,52.06,50.17,50.34,82959072.0,4493331440.0,2010958045.0,0.04125350710636034
2020-08-27,49.95,50.1,48.11,49.81,67608962.0,3514005205.0,2010958045.0,0.03362027475814395
2020-08-28,50.94,53.5,50.07,53.16,120117860.0,6618168470.0,2010958045.0,0.059731658896941334
2020-08-31,53.16,53.18,51.53,51.83,72058110.0,3971660485.0,2010958045.0,0.03583272668426059
2020-09-01,51.06,51.63,50.02,50.77,51536785.0,2756034357.0,2010958045.0,0.02562797624154312
2020-09-02,50.58,51.38,50.28,50.39,37064714.0,1986091057.0,2010958045.0,0.018431371103020698
2020-09-03,50.77,51.32,49.84,50.03,46409274.0,2489154530.0,2010958045.0,0.02307819107185799
2020-09-04,48.23,50.11,48.22,49.73,40795501.0,2112726689.0,2010958045.0,0.020286599763447575
2020-09-07,49.69,49.69,47.07,47.16,57193539.0,2919096636.0,2010958045.0,0.02844094094464313
2020-09-08,47.85,48.29,46.88,47.77,35665198.0,1799483100.0,2010958045.0,0.017735426200798734
2020-09-09,46.97,46.98,45.49,45.49,51308727.0,2501857298.0,2010958045.0,0.025514568604537942
2020-09-10,46.61,47.16,45.76,45.77,39134008.0,1924123114.0,2010958045.0,0.019460380139357907
2020-09-11,45.95,46.68,45.58,45.77,34220010.0,1665442749.0,2010958045.0,0.01701676973574056
2020-09-14,46.01,46.57,44.67,45.15,40801316.0,1964409673.0,2010958045.0,0.020289491419996284
2020-09-15,45.37,47.56,44.75,46.97,57340293.0,2811901856.0,2010958045.0,0.028513918101160583
2020-09-16,46.66,46.69,44.34,44.63,59342539.0,2833414268.0,2010958045.0,0.029509585815352006
2020-09-17,44.16,44.68,43.39,44.23,41701188.0,1934827996.0,2010958045.0,0.02073697564386531
2020-09-18,44.22,45.47,44.07,45.15,37692072.0,1788117589.0,2010958045.0,0.01874334081395517
2020-09-21,45.19,46.05,44.48,45.41,33091855.0,1587569463.0,2010958045.0,0.016455765987897573
2020-09-22,45.07,46.9,44.91,45.73,51049105.0,2492678874.0,2010958045.0,0.02538546496627681
2020-09-23,45.78,49.56,45.0,49.31,103843377.0,5254275218.0,2010958045.0,0.05163875857986883
2020-09-24,48.22,49.61,47.6,48.65,72627433.0,3721908937.0,2010958045.0,0.036115837016380915
2020-09-25,48.27,50.86,48.14,49.16,69416268.0,3647209702.0,2010958045.0,0.034519003602583864
2020-09-28,49.45,50.06,47.5,47.79,44352709.0,2278233685.0,2010958045.0,0.022055511854301265
2020-09-29,47.55,47.68,46.15,47.36,39768517.0,1976496962.0,2010958045.0,0.019775905866797932
2020-09-30,47.37,47.79,46.26,46.43,30445775.0,1509094577.0,2010958045.0,0.015139935453004441
2020-10-09,48.71,51.07,47.89,51.07,76667456.0,4035387316.0,2010958045.0,0.038124841137598176
2020-10-12,52.39,52.9,51.22,52.31,75141403.0,4139964904.0,2010958045.0,0.03736597249596025
2020-10-13,52.32,57.29,51.43,55.64,97838923.0,5687554763.0,2010958045.0,0.048652891214346544
2020-10-14,55.69,59.09,54.52,56.45,106872819.0,6441070814.0,2010958045.0,0.05314522561309826
2020-10-15,55.59,57.73,54.38,56.64,81584870.0,4815229148.0,2010958045.0,0.040570150234039315
2020-10-16,56.45,58.81,56.26,58.06,71657765.0,4370046487.0,2010958045.0,0.035633644957520735
2020-10-19,58.61,59.09,54.86,54.89,76260146.0,4558884953.0,2010958045.0,0.03792229588758029
2020-10-20,54.89,56.04,54.46,55.69,46143812.0,2702053653.0,2010958045.0,0.022946183345162727
2020-10-21,55.97,58.01,55.55,55.59,63769972.0,3823425333.0,2010958045.0,0.03171123940579278
2020-10-22,54.37,54.37,52.31,52.72,65109077.0,3655954950.0,2010958045.0,0.032377143402810275
2020-10-23,52.72,53.23,49.24,49.87,72635342.0,3908126340.0,2010958045.0,0.036119769967652406
2020-10-26,49.92,51.25,49.4,50.66,40744556.0,2177477547.0,2010958045.0,0.020261266067338565
2020-10-27,49.35,50.87,49.17,50.33,30926880.0,1641672576.0,2010958045.0,0.015379177142405276
2020-10-28,50.68,50.85,49.24,50.31,30586393.0,1618831467.0,2010958045.0,0.015209861327564396
2020-10-29,49.22,53.0,49.13,53.0,70527931.0,3839353644.0,2010958045.0,0.03507180628425294
2020-10-30,53.9,53.9,50.87,51.42,51609147.0,2839322023.0,2010958045.0,0.025663960085253793
2020-11-02,51.63,51.89,49.17,50.16,41605949.0,2199636504.0,2010958045.0,0.020689615630444445
2020-11-03,50.19,51.47,49.34,50.98,31541308.0,1688067231.0,2010958045.0,0.01568471708220049
2020-11-04,50.77,50.98,49.74,50.06,27358548.0,1453429770.0,2010958045.0,0.013604733359815073
2020-11-05,50.58,50.97,49.53,49.96,33231265.0,1764001531.0,2010958045.0,0.01652509115375403
2020-11-06,49.58,49.59,46.22,46.75,77350856.0,3853766100.0,2010958045.0,0.038464679157441097
2020-11-09,47.04,49.31,46.85,48.7,57610678.0,2939674440.0,2010958045.0,0.028648373914732767
2020-11-10,53.57,53.57,52.64,53.57,110911787.0,6266200621.0,2010958045.0,0.05515370510875079
2020-11-11,53.57,56.92,49.95,53.7,150531738.0,8373846498.0,2010958045.0,0.07485573275597603
2020-11-12,53.89,57.67,52.95,55.92,122882102.0,7289826410.0,2010958045.0,0.0611062484896347
2020-11-13,53.89,55.31,53.28,54.2,79331363.0,4539864861.0,2010958045.0,0.039449536601346646
2020-11-16,55.17,56.15,53.89,54.66,63529075.0,3676886479.0,2010958045.0,0.03159144724971127
2020-11-17,52.0,52.29,50.06,50.49,87784757.0,4730194268.0,2010958045.0,0.043653201626093596
2020-11-18,50.39,50.39,48.36,48.73,60409785.0,3136253669.0,2010958045.0,0.030040301014832956
2020-11-19,49.24,50.07,48.88,49.43,38813887.0,2032439588.0,2010958045.0,0.019301191835655627
2020-11-20,49.73,50.06,48.88,49.68,30651771.0,1605298383.0,2010958045.0,0.015242372199764117
2020-11-23,50.3,51.94,49.94,51.78,55679971.0,3027298825.0,2010958045.0,0.027688280786583988
2020-11-24,51.06,51.22,49.93,50.13,38986036.0,2074654331.0,2010958045.0,0.019386797301382784
2020-11-25,49.64,51.26,48.74,50.25,47728429.0,2519965919.0,2010958045.0,0.023734174424310278
2020-11-26,48.5,49.5,48.5,48.78,38884901.0,2009426791.0,2010958045.0,0.01933650535210445
2020-11-27,48.69,49.02,47.84,48.55,27879992.0,1425240494.0,2010958045.0,0.01386403464225431
2020-11-30,48.68,49.17,48.19,49.17,30454957.0,1569331091.0,2010958045.0,0.015144501435881523
2020-12-01,49.69,50.54,49.31,49.56,43736102.0,2314477822.0,2010958045.0,0.02174888835137284
2020-12-02,50.14,50.25,48.99,49.61,34158193.0,1790153771.0,2010958045.0,0.01698602966130007
2020-12-03,50.36,52.49,50.12,52.38,84992532.0,4649653211.0,2010958045.0,0.04226469677541184
2020-12-04,51.31,52.76,51.06,52.28,59671231.0,3271261417.0,2010958045.0,0.0296730362666517
2020-12-07,51.53,51.8,50.87,51.13,37223612.0,2020577249.0,2010958045.0,0.018510387172199806
2020-12-08,51.2,51.79,50.51,50.61,26594396.0,1433292575.0,2010958045.0,0.0132247393555145
2020-12-09,50.87,52.52,50.31,52.07,60332625.0,3292455367.0,2010958045.0,0.030001931243672467
2020-12-10,51.06,52.26,50.69,51.85,47632001.0,2593612512.0,2010958045.0,0.023686223150418833
2020-12-11,51.84,54.24,51.08,53.91,87344024.0,4886093981.0,2010958045.0,0.04343403593981992
2020-12-14,54.51,54.84,52.63,53.16,61761649.0,3485407822.0,2010958045.0,0.030712549748893442
2020-12-15,51.81,53.04,51.54,51.76,49640887.0,2735476564.0,2010958045.0,0.024685192773377825
2020-12-16,52.38,54.14,52.07,53.68,69484663.0,3913109400.0,2010958045.0,0.03455301475471608
2020-12-17,54.1,55.77,52.95,53.53,89241771.0,5164733236.0,2010958045.0,0.04437773887023088
2020-12-18,53.54,53.76,52.05,52.86,53144913.0,2967383108.0,2010958045.0,0.02642765876301512
2020-12-21,52.9,53.42,51.8,53.29,53285655.0,2967095099.0,2010958045.0,0.026497646299726757
2020-12-22,52.94,55.67,52.78,54.58,88697314.0,5125434632.0,2010958045.0,0.04410699378862477
2020-12-23,53.88,54.93,52.95,54.72,59795030.0,3411397521.0,2010958045.0,0.02973459846597645
2020-12-24,54.84,55.15,53.9,54.35,51051052.0,2944113645.0,2010958045.0,0.025386433161513323
2020-12-25,54.27,54.27,52.47,52.65,51797347.0,2901653589.0,2010958045.0,0.02575754731869605
2020-12-28,52.83,53.31,50.17,50.21,57895046.0,3161326853.0,2010958045.0,0.0287897831304581
2020-12-29,49.73,49.73,48.23,48.77,47402237.0,2447618238.0,2010958045.0,0.023571967161552593
2020-12-30,48.46,49.52,48.46,48.97,32168056.0,1667268259.0,2010958045.0,0.01599638345513071
2020-12-31,49.44,53.42,48.99,51.05,67320585.0,3627561744.0,2010958045.0,0.03347687196527265
2021-01-04,50.1,50.28,49.2,50.08,49330507.0,2593916729.0,2010958045.0,0.024530848429510622
2021-01-05,49.64,50.38,48.99,49.73,43452229.0,2280909225.0,2010958045.0,0.021607725286978824
2021-01-06,50.07,50.94,49.66,50.88,53979871.0,2871710182.0,2010958045.0,0.02684286285047782
2021-01-07,50.74,50.74,49.24,49.39,43967198.0,2306884969.0,2010958045.0,0.021863806711094263
2021-01-08,49.39,49.79,49.0,49.51,27808284.0,1453511189.0,2010958045.0,0.013828376016666226
2021-01-11,49.45,49.45,47.28,47.4,53967602.0,2749370883.0,2010958045.0,0.026836761778389066
2021-01-12,47.42,48.44,47.41,48.23,28870154.0,1466364347.0,2010958045.0,0.014356417863506447
2021-01-13,48.53,48.57,47.14,47.4,35982366.0,1811062768.0,2010958045.0,0.017893146050195194
2021-01-14,47.44,47.82,46.21,46.42,34854999.0,1718063208.0,2010958045.0,0.01733253415538065
2021-01-15,46.64,47.46,46.05,47.37,26634663.0,1323804416.0,2010958045.0,0.013244763144722893
2021-01-18,47.26,48.03,46.52,47.55,25205873.0,1259403970.0,2010958045.0,0.012534261001949447
2021-01-19,47.55,47.64,46.8,47.18,24253311.0,1206057435.0,2010958045.0,0.01206057533636909
2021-01-20,47.13,47.74,46.71,47.29,26142586.0,1307803239.0,2010958045.0,0.013000065349448899
2021-01-21,47.94,48.47,47.57,47.71,32181275.0,1631493101.0,2010958045.0,0.016002956938865425
2021-01-22,47.72,49.02,47.72,48.92,52851634.0,2714356526.0,2010958045.0,0.026281818326050657
2021-01-25,49.21,49.79,47.35,47.38,45066025.0,2292182682.0,2010958045.0,0.02241022636551326
2021-01-26,48.28,48.62,47.27,47.4,30802620.0,1559162821.0,2010958045.0,0.01531738569911338
2021-01-27,47.12,47.12,45.64,46.31,34696523.0,1695345592.0,2010958045.0,0.017253727936427436
2021-01-28,45.82,45.82,43.66,43.88,39644100.0,1866736781.0,2010958045.0,0.019714036351265597
2021-01-29,43.87,44.27,42.13,42.99,35121768.0,1591877595.0,2010958045.0,0.017465191821045674
2021-02-01,43.02,44.9,42.35,44.33,27686136.0,1286374385.0,2010958045.0,0.013767634819054617
2021-02-02,44.26,46.14,43.41,45.0,33108049.0,1576969460.0,2010958045.0,0.016463818865997275
2021-02-03,44.18,45.66,43.66,44.11,30684320.0,1451582723.0,2010958045.0,0.015258558017305628
2021-02-04,44.11,44.9,43.22,43.54,21325927.0,991607260.0,2010958045.0,0.010604859237627705
2021-02-05,44.11,45.88,44.0,44.83,39792579.0,1896681071.0,2010958045.0,0.01978787130787704
2021-02-08,44.91,45.65,43.68,43.73,32943416.0,1549646451.0,2010958045.0,0.016381950922302806
2021-02-09,44.14,44.89,43.71,44.48,24628568.0,1156023260.0,2010958045.0,0.012247181417452197
2021-02-10,44.86,48.31,44.16,47.57,62446385.0,3073759593.0,2010958045.0,0.031053052128693217
2021-02-18,47.6,47.61,45.5,45.76,48984562.0,2401093082.0,2010958045.0,0.02435881848544483
2021-02-19,45.4,45.67,44.28,45.12,31403716.0,1486052376.0,2010958045.0,0.01561629596305178
2021-02-22,45.12,45.48,44.44,44.45,30114712.0,1429197742.0,2010958045.0,0.014975305961691509
2021-02-23,44.18,45.08,43.57,44.31,27174615.0,1269285795.0,2010958045.0,0.013513268000576312
2021-02-24,44.32,44.39,43.08,43.3,27459120.0,1265634618.0,2010958045.0,0.013654745343033748
2021-02-25,43.13,43.92,43.13,43.3,19348348.0,890779388.0,2010958045.0,0.009621457816142555
2021-02-26,42.91,43.74,42.64,43.53,20120994.0,922397471.0,2010958045.0,0.010005675677833448
2021-03-01,43.54,43.96,43.21,43.7,17006172.0,783537979.0,2010958045.0,0.00845675126951741
2021-03-02,43.71,43.74,42.44,42.56,23649664.0,1074312619.0,2010958045.0,0.011760396522842425
2021-03-03,42.36,42.55,41.43,42.29,25452165.0,1129605601.0,2010958045.0,0.012656735958904602
2021-03-04,42.07,42.07,40.35,40.37,32670873.0,1415990193.0,2010958045.0,0.016246421988381166
2021-03-05,39.71,40.58,39.28,40.23,19312937.0,816172482.0,2010958045.0,0.009603848796358156
2021-03-08,40.31,40.87,37.89,38.1,30448643.0,1265473154.0,2010958045.0,0.015141361638899831
2021-03-09,37.91,38.75,35.82,37.53,34856103.0,1377978671.0,2010958045.0,0.017333083147440802
2021-03-10,37.82,38.1,36.53,36.68,23768712.0,930762706.0,2010958045.0,0.011819596166661946
2021-03-11,36.69,37.57,36.4,37.32,19096506.0,749867752.0,2010958045.0,0.009496222980624143
2021-03-12,37.52,38.22,37.07,37.62,21639879.0,860105895.0,2010958045.0,0.010760979849283727
2021-03-15,37.64,38.58,37.44,37.76,25892278.0,1041389117.0,2010958045.0,0.012875593334419863
2021-03-16,37.75,38.01,36.93,37.66,13811400.0,547719147.0,2010958045.0,0.006868069691628002
2021-03-17,37.43,37.81,37.07,37.72,10700480.0,425152212.0,2010958045.0,0.0053210856519883285
2021-03-18,37.91,38.4,37.75,37.99,16988581.0,683700308.0,2010958045.0,0.008448003697660435
2021-03-19,37.51,37.89,37.17,37.49,13134968.0,521012318.0,2010958045.0,0.006531696686889358
2021-03-22,37.49,37.73,37.18,37.73,12455100.0,494389100.0,2010958045.0,0.006193615043818579
2021-03-23,37.9,38.43,37.58,37.79,17946516.0,720688345.0,2010958045.0,0.008924361224055273
2021-03-24,37.54,37.55,34.67,35.61,36416075.0,1384648134.0,2010958045.0,0.01810881887394125
2021-03-25,34.98,36.84,34.76,36.57,23622222.0,901522828.0,2010958045.0,0.011746750290854526
2021-03-26,36.68,37.23,36.23,37.03,16965987.0,661216474.0,2010958045.0,0.008436768256893197
2021-03-29,36.87,37.33,36.77,36.99,11544009.0,452090643.0,2010958045.0,0.005740551887048444
2021-03-30,36.94,37.96,36.68,37.07,20543511.0,812897149.0,2010958045.0,0.01021578299511465
2021-03-31,37.32,38.07,36.95,37.62,17929566.0,712215295.0,2010958045.0,0.008915932405740469
2021-04-01,37.85,38.1,37.62,37.96,13378207.0,536423779.0,2010958045.0,0.006652653461997016
2021-04-02,38.29,39.12,38.08,38.49,18035612.0,737717586.0,2010958045.0,0.008968666474590721
2021-04-06,38.63,38.94,37.96,38.24,12059172.0,487384026.0,2010958045.0,0.0059967297825947435
2021-04-07,37.86,38.08,37.56,38.02,12338452.0,494007446.0,2010958045.0,0.006135608860999385
2021-04-08,37.87,40.22,37.74,39.76,40133852.0,1676111961.0,2010958045.0,0.019957577981195525
2021-04-09,39.76,39.8,38.48,38.55,24185949.0,995822101.0,2010958045.0,0.01202707786974243
2021-04-12,38.59,40.12,38.2,39.2,30096229.0,1257514800.0,2010958045.0,0.014966114820162744
2021-04-13,39.0,39.66,38.83,39.04,16311283.0,675725835.0,2010958045.0,0.00811120005241084
2021-04-14,38.95,39.45,38.01,38.68,17180267.0,704134181.0,2010958045.0,0.008543324433205667
2021-04-15,38.58,38.97,37.99,38.4,12469579.0,506713245.0,2010958045.0,0.006200815094578465
2021-04-16,38.59,40.89,38.54,40.59,48652220.0,2067265500.0,2010958045.0,0.02419355297887381
2021-04-19,41.13,44.01,40.94,42.97,57650788.0,2623890325.0,2010958045.0,0.02866831963170072
2021-04-20,42.84,42.88,41.71,42.06,29912145.0,1332853868.0,2010958045.0,0.014874574372336047
2021-04-21,41.71,43.83,41.7,43.48,38956132.0,1768089978.0,2010958045.0,0.019371926777318717
2021-04-22,43.78,45.17,43.71,43.74,51400961.0,2419811179.0,2010958045.0,0.02556043430533132
2021-04-23,43.74,46.74,43.74,45.66,57692529.0,2778268335.0,2010958045.0,0.02868907640487348
2021-04-26,47.09,48.11,46.33,46.78,58004364.0,2889895861.0,2010958045.0,0.028844144284472132
2021-04-27,46.67,47.43,44.92,46.03,40364264.0,1966979713.0,2010958045.0,0.020072156204531854
2021-04-28,46.15,50.63,46.15,50.63,105249604.0,5498734583.0,2010958045.0,0.052338040697412956
2021-04-29,50.42,52.47,49.66,51.77,93744422.0,5078018270.0,2010958045.0,0.04661679652297271
2021-04-30,52.51,56.96,52.1,56.96,107769812.0,6335682526.0,2010958045.0,0.05359127818104231
2021-05-06,52.48,54.68,51.26,51.26,162083848.0,8920898869.0,2010958045.0,0.08060031307117599
2021-05-07,52.31,52.46,49.73,51.67,105566349.0,5756738736.0,2010958045.0,0.052495550199308114
2021-05-10,56.84,56.84,56.84,56.84,18399149.0,1106156838.0,2010958045.0,0.009149444487788904
2021-05-11,60.51,61.58,56.93,59.7,133417111.0,8404229406.0,2010958045.0,0.06634504948112928
2021-05-12,59.14,61.42,57.04,59.76,89653951.0,5617761102.0,2010958045.0,0.04458270585152859
2021-05-13,58.19,64.72,57.35,62.88,97087768.0,6320550586.0,2010958045.0,0.048279360298638156
2021-05-14,62.87,69.17,61.67,66.47,146692960.0,10362704808.0,2010958045.0,0.07294680282601321
2021-05-17,68.54,68.54,63.67,65.91,109459368.0,7605548032.0,2010958045.0,0.054431452845153716
2021-05-18,65.12,65.22,59.45,60.42,119061151.0,7750130079.0,2010958045.0,0.05920618348852723
2021-05-19,60.04,62.46,58.17,61.46,96766455.0,6160012918.0,2010958045.0,0.04811957924263905
2021-05-20,60.04,61.55,58.73,59.71,64674355.0,4113026975.0,2010958045.0,0.032160966839066996
2021-05-21,60.79,62.04,59.3,60.04,62679708.0,4024549667.0,2010958045.0,0.03116907792076786
2021-05-24,60.18,60.46,56.51,59.23,65697791.0,4041035930.0,2010958045.0,0.032669896402537826
2021-05-25,61.5,62.29,60.06,60.79,73918909.0,4785070995.0,2010958045.0,0.036758056282571526
2021-05-26,59.38,66.66,58.9,65.66,120529715.0,8116935405.0,2010958045.0,0.05993646426372858
2021-05-27,64.2,65.25,63.16,63.81,57810106.0,3924945414.0,2010958045.0,0.028747544556554882
2021-05-28,63.43,67.01,62.69,65.0,71445247.0,4916196267.0,2010958045.0,0.03552796498049267
2021-05-31,66.18,67.89,65.08,65.62,61516944.0,4323495112.0,2010958045.0,0.030590863968024753
2021-06-01,65.98,65.99,63.97,64.42,45327029.0,3096943929.0,2010958045.0,0.022540017238400416
2021-06-02,64.43,65.37,62.56,63.74,55879844.0,3760900406.0,2010958045.0,0.027787672715966584
2021-06-03,63.73,64.73,61.45,61.46,48281252.0,3224023303.0,2010958045.0,0.024009079712053367
2021-06-04,60.51,61.92,58.73,60.97,46935339.0,2993198120.0,2010958045.0,0.023339790263998274
2021-06-07,60.96,61.84,59.66,61.17,30711658.0,1982538535.0,2010958045.0,0.015272152532650178
2021-06-08,60.62,64.19,60.56,62.31,49537661.0,3290379474.0,2010958045.0,0.024633861021202956
2021-06-09,61.96,61.96,59.49,59.65,50563422.0,3218194031.0,2010958045.0,0.02514394675001785
2021-06-10,60.48,63.35,59.92,62.02,55430046.0,3623263793.0,2010958045.0,0.02756399922803959
2021-06-11,61.98,64.77,60.65,64.18,57784620.0,3869257299.0,2010958045.0,0.02873487099528225
2021-06-15,62.87,64.01,59.05,59.91,68214910.0,4417670181.0,2010958045.0,0.033921597802404675
2021-06-16,59.28,60.68,57.77,57.82,41883600.0,2607878345.0,2010958045.0,0.020827684647195113
2021-06-17,57.86,59.79,57.29,58.86,29130428.0,1804972156.0,2010958045.0,0.014485845725339336
2021-06-18,59.09,60.1,58.17,59.28,26854060.0,1682602121.0,2010958045.0,0.013353863879343142
2021-06-21,58.73,60.4,58.34,59.57,28941203.0,1818495744.0,2010958045.0,0.014391748784594857
2021-06-22,59.75,64.54,59.0,63.56,69604173.0,4584687472.0,2010958045.0,0.03461244413977816
2021-06-23,63.92,66.99,62.97,64.68,65853709.0,4552415024.0,2010958045.0,0.03274743059097486
2021-06-24,65.24,65.47,63.05,64.49,28982907.0,1967049606.0,2010958045.0,0.014412487158577195
2021-06-25,65.24,65.36,62.05,63.36,45003316.0,3010894109.0,2010958045.0,0.022379042721400982
2021-06-28,63.87,69.69,63.82,69.69,87742295.0,6289465417.0,2010958045.0,0.043632086317345324
2021-06-29,69.76,69.76,67.62,68.15,51019312.0,3690894049.0,2010958045.0,0.025370649639784006
2021-06-30,67.93,70.33,67.7,68.2,41785968.0,3034766890.0,2010958045.0,0.020779134653701837
2021-07-01,68.19,71.38,68.15,69.97,56364394.0,4188759730.0,2010958045.0,0.0280286275191783
2021-07-02,69.07,71.54,67.62,68.07,52984142.0,3874859014.0,2010958045.0,0.02634771129698034
2021-07-05,68.83,70.78,66.64,68.54,49603671.0,3595522587.0,2010958045.0,0.0246666861714661
2021-07-06,67.89,67.89,61.68,61.93,92142317.0,6164036068.0,2010958045.0,0.04582010909133612
2021-07-07,60.6,62.35,59.38,61.36,43980866.0,2847701036.0,2010958045.0,0.021870603471491123
2021-07-08,60.98,61.27,58.73,59.38,53820387.0,3393154973.0,2010958045.0,0.026763555377904466
2021-07-09,60.36,60.48,58.53,60.13,35880576.0,2266127556.0,2010958045.0,0.017842528385518853
2021-07-12,62.11,62.67,60.3,61.65,45481184.0,2970776898.0,2010958045.0,0.022616674730277626
2021-07-13,61.72,61.93,59.85,61.01,27789653.0,1786472973.0,2010958045.0,0.013819111278375776
2021-07-14,60.32,62.4,60.27,61.3,31424007.0,2045068159.0,2010958045.0,0.015626386178534124
2021-07-15,62.87,65.99,62.48,65.3,69047942.0,4713046160.0,2010958045.0,0.03433584413741461
2021-07-16,66.33,71.05,64.77,69.72,76210163.0,5521185025.0,2010958045.0,0.03789744057042224
2021-07-19,70.38,72.09,69.06,71.09,55496234.0,4144379096.0,2010958045.0,0.02759691289332692
2021-07-20,72.75,73.93,70.85,71.54,53850509.0,4081502264.0,2010958045.0,0.026778534308009395
2021-07-21,71.55,78.69,71.15,77.98,94662747.0,7532600244.0,2010958045.0,0.047073456970107994
2021-07-22,77.2,77.89,73.05,73.99,72156108.0,5682955558.0,2010958045.0,0.03588145868055641
2021-07-23,75.32,77.02,73.18,73.99,48134952.0,3789819877.0,2010958045.0,0.023936328318575138
2021-07-26,74.17,74.17,66.59,67.52,82232482.0,5961429811.0,2010958045.0,0.04089219176126571
2021-07-27,67.77,69.19,65.37,65.43,51179729.0,3623134662.0,2010958045.0,0.025450421070321236
2021-07-28,64.1,67.68,61.91,66.9,57636236.0,3952864100.0,2010958045.0,0.02866108327983541
2021-07-29,69.85,71.9,68.51,71.09,60701533.0,4508459842.0,2010958045.0,0.030185380123134296
2021-07-30,71.06,78.04,69.14,77.87,85224425.0,6670541690.0,2010958045.0,0.042380011463640455
2021-08-02,79.9,80.63,75.13,78.36,74300668.0,6095692060.0,2010958045.0,0.036947895648414684
2021-08-03,76.08,84.53,75.63,82.46,84623545.0,7245794911.0,2010958045.0,0.042081208611192085
2021-08-04,82.19,84.45,81.29,83.12,72426016.0,6308423620.0,2010958045.0,0.03601567729375478
2021-08-05,85.59,87.2,82.55,83.0,60219393.0,5348193137.0,2010958045.0,0.02994562375367707
2021-08-06,79.89,79.89,74.69,75.92,103118530.0,8246148827.0,2010958045.0,0.051278309985825686
2021-08-09,73.04,73.6,70.4,72.56,75302753.0,5687220471.0,2010958045.0,0.03744620788446136
2021-08-10,74.18,75.28,72.09,73.31,50441153.0,3913538678.0,2010958045.0,0.02508314538208081
2021-08-11,72.98,72.98,68.66,68.91,73521753.0,5385403967.0,2010958045.0,0.036560560367135855
2021-08-12,66.77,71.38,66.11,71.23,70413853.0,5102062356.0,2010958045.0,0.03501507809925492
2021-08-13,70.19,70.59,67.57,68.24,51747682.0,3739643022.0,2010958045.0,0.025732850135120545
2021-08-16,67.45,68.76,66.57,66.78,38502526.0,2728938820.0,2010958045.0,0.01914635966460454
2021-08-17,65.96,67.43,62.83,62.96,59871229.0,4063218192.0,2010958045.0,0.029772490355461395
2021-08-18,64.19,64.96,63.3,63.7,31009759.0,2085385382.0,2010958045.0,0.015420390831674463
2021-08-19,63.61,65.72,62.79,64.19,34296193.0,2323309437.0,2010958045.0,0.017054653668818833
2021-08-20,63.24,63.24,59.14,60.32,63910442.0,4084020467.0,2010958045.0,0.03178109168359104
2021-08-23,60.94,65.1,59.91,65.09,57306825.0,3793916720.0,2010958045.0,0.028497275287511035
2021-08-24,66.04,67.42,64.49,64.56,47294464.0,3277164684.0,2010958045.0,0.02351837429805752
2021-08-25,64.86,68.23,64.0,66.82,46977933.0,3278805678.0,2010958045.0,0.023360971213101565
2021-08-26,65.49,65.81,62.77,62.88,41876830.0,2824058312.0,2010958045.0,0.02082431809262336
2021-08-27,62.77,64.22,61.89,63.67,31943723.0,2119599019.0,2010958045.0,0.015884828169053126
2021-08-30,62.64,63.0,60.6,61.51,33911645.0,2197923214.0,2010958045.0,0.016863427401838212
2021-08-31,60.78,61.53,59.66,60.2,31546163.0,2000113271.0,2010958045.0,0.015687131354349067
2021-09-01,60.32,61.82,58.97,60.54,36756384.0,2338286481.0,2010958045.0,0.01827804617375794
2021-09-02,61.4,61.68,58.99,59.14,30632686.0,1926645751.0,2010958045.0,0.015232881698434439
2021-09-03,58.87,60.2,57.66,59.53,27831230.0,1733298884.0,2010958045.0,0.013839786498380179
2021-09-06,59.15,62.29,58.52,61.47,38093678.0,2447935098.0,2010958045.0,0.018943049604995613
2021-09-07,61.24,61.28,59.63,60.68,31161677.0,1978614143.0,2010958045.0,0.015495935918444285
2021-09-08,60.77,61.98,60.52,61.05,28250503.0,1816903383.0,2010958045.0,0.014048280654209273
2021-09-09,60.77,61.43,59.17,59.49,27332379.0,1722702458.0,2010958045.0,0.013591720159432764
2021-09-10,59.32,59.91,58.82,59.62,21186244.0,1322868525.0,2010958045.0,0.01053539831558246
2021-09-13,60.39,61.87,60.15,60.62,30961291.0,1982242834.0,2010958045.0,0.015396288886772871
2021-09-14,59.94,61.23,59.7,59.92,22950902.0,1456579211.0,2010958045.0,0.011412919358046577
2021-09-15,59.92,59.92,55.54,56.45,55217800.0,3310907003.0,2010958045.0,0.027458454509924894
2021-09-16,56.38,56.38,54.62,54.69,35264944.0,2051361840.0,2010958045.0,0.01753638972612181
2021-09-17,54.86,56.51,53.87,55.83,33435365.0,1945421657.0,2010958045.0,0.01662658506632345
2021-09-22,54.11,55.77,53.99,54.24,26105281.0,1494584496.0,2010958045.0,0.012981514490025077
2021-09-23,54.0,55.11,53.92,54.22,22482923.0,1288515278.0,2010958045.0,0.011180204905766693
2021-09-24,54.3,55.02,53.88,54.51,22708405.0,1301477779.0,2010958045.0,0.011292331561298188
2021-09-27,54.22,56.46,53.57,56.44,42759140.0,2493398324.0,2010958045.0,0.021263069165622497
2021-09-28,55.51,55.54,54.08,54.11,28730605.0,1650924051.0,2010958045.0,0.014287023576367054
2021-09-29,53.31,53.34,49.19,49.5,54048224.0,2876570521.0,2010958045.0,0.026876853117042528
2021-09-30,49.5,50.62,49.47,49.74,31594822.0,1659677555.0,2010958045.0,0.015711328278855265
2021-10-08,47.56,49.66,46.65,48.98,42648830.0,2182824822.0,2010958045.0,0.021208214714394998
2021-10-11,48.88,49.9,48.6,49.08,24203870.0,1253799209.0,2010958045.0,0.01203598954248695
2021-10-12,49.08,49.35,47.55,48.12,20678590.0,1048968602.0,2010958045.0,0.010282954461140933
2021-10-13,48.12,48.5,47.02,48.47,19765209.0,994665990.0,2010958045.0,0.00982875254366632
2021-10-14,48.5,48.84,47.84,48.31,13902404.0,706650636.0,2010958045.0,0.00691332374365871
2021-10-15,48.31,48.86,47.6,47.96,19346959.0,976570745.0,2010958045.0,0.009620767100588614
2021-10-18,48.11,48.18,47.26,47.84,19313421.0,967948417.0,2010958045.0,0.009604089477659889
2021-10-19,48.06,49.98,48.06,49.34,39833599.0,2061948599.0,2010958045.0,0.01980826954547428
2021-10-20,49.41,50.69,48.6,49.73,30333669.0,1581151040.0,2010958045.0,0.015084187895128364
2021-10-21,50.11,50.11,48.26,48.35,25662039.0,1319434369.0,2010958045.0,0.01276110113973064
2021-10-22,48.55,50.02,48.43,49.39,26340163.0,1368152770.0,2010958045.0,0.013098315534474514
2021-10-25,49.74,49.88,48.35,48.78,20769282.0,1066066684.0,2010958045.0,0.010328053363241598
2021-10-26,48.79,49.4,48.31,48.42,17154446.0,878417632.0,2010958045.0,0.008530484284668405
2021-10-27,48.79,48.87,47.02,47.29,23944836.0,1200108752.0,2010958045.0,0.011907178302170893
2021-10-28,47.2,47.79,46.9,47.29,18005608.0,896071898.0,2010958045.0,0.008953746222984975
2021-10-29,47.08,47.7,45.21,47.55,24972832.0,1228650410.0,2010958045.0,0.012418375441542341
2021-11-01,47.36,47.87,47.26,47.58,18592020.0,929370939.0,2010958045.0,0.009245354494703047
2021-11-02,47.46,47.49,45.17,45.26,35070026.0,1699773740.0,2010958045.0,0.01743946179642947
2021-11-03,45.46,49.02,45.46,47.54,50405237.0,2520407346.0,2010958045.0,0.025065285238210923
2021-11-04,47.32,47.49,46.36,47.27,29991870.0,1478362591.0,2010958045.0,0.014914219654940638
2021-11-05,46.6,48.96,46.34,47.46,35520350.0,1787433575.0,2010958045.0,0.017663396851225706
2021-11-08,46.37,46.38,44.39,45.55,47095067.0,2229493947.0,2010958045.0,0.023419219071773325
2021-11-09,45.47,47.17,45.36,46.08,24523219.0,1195208665.0,2010958045.0,0.012194793949567457
2021-11-10,46.4,48.92,45.31,48.44,58671471.0,2932108336.0,2010958045.0,0.02917588019594909
2021-11-11,48.03,48.03,47.08,47.49,35086060.0,1749114460.0,2010958045.0,0.017447435110462487
2021-11-12,47.58,47.96,47.09,47.48,21997881.0,1100471703.0,2010958045.0,0.010939005443049907
2021-11-15,47.38,49.43,47.13,49.36,50096374.0,2570205828.0,2010958045.0,0.02491169526115101
2021-11-16,49.59,52.04,49.23,51.96,69921528.0,3745647087.0,2010958045.0,0.03477025697967757
2021-11-17,51.95,51.95,50.47,51.57,39853227.0,2147466977.0,2010958045.0,0.019818030067355285
2021-11-18,51.26,52.86,50.61,51.68,36703614.0,1988849637.0,2010958045.0,0.018251804950013266
2021-11-19,51.68,52.76,51.26,51.5,30372345.0,1657835177.0,2010958045.0,0.015103420519148623
2021-11-22,50.98,50.98,49.26,49.83,39985624.0,2095898417.0,2010958045.0,0.019883867840713703
2021-11-23,49.98,50.48,49.45,50.1,24377103.0,1280625666.0,2010958045.0,0.01212213405476592
2021-11-24,49.7,50.28,49.25,49.6,23614594.0,1234929357.0,2010958045.0,0.011742957073975156
2021-11-25,49.74,50.83,49.27,50.21,29014970.0,1526801601.0,2010958045.0,0.014428431300266137
2021-11-26,50.4,50.77,49.74,50.21,25964272.0,1372281420.0,2010958045.0,0.012911394180777153
2021-11-29,52.78,54.11,51.56,52.4,70724540.0,3912137749.0,2010958045.0,0.03516957510667509
2021-11-30,52.23,53.3,50.98,53.26,56847773.0,3109071604.0,2010958045.0,0.02826900001287695
2021-12-01,52.31,52.6,51.69,51.71,33447759.0,1831141400.0,2010958045.0,0.0166327482978393
2021-12-02,51.26,52.11,50.4,50.4,29004334.0,1557004762.0,2010958045.0,0.014423142278933024
2021-12-03,50.02,50.69,50.01,50.47,18804046.0,995919794.0,2010958045.0,0.009350789812226043
2021-12-06,50.13,50.29,48.67,48.71,27234188.0,1414004156.0,2010958045.0,0.013542892188981496
2021-12-07,48.21,49.15,48.12,48.82,18287442.0,936874071.0,2010958045.0,0.009093895342804132
2021-12-08,48.94,49.53,48.83,49.26,15219628.0,788345116.0,2010958045.0,0.007568346857281152
2021-12-09,49.28,50.31,49.28,50.17,24924464.0,1310319838.0,2010958045.0,0.012394323224182432
2021-12-10,50.17,50.4,49.34,49.41,21372859.0,1115863802.0,2010958045.0,0.010628197367489087
2021-12-13,49.44,50.01,49.06,49.24,22769641.0,1182228087.0,2010958045.0,0.011322782718721513
2021-12-14,49.43,50.87,49.43,50.12,30720632.0,1622229312.0,2010958045.0,0.015276615082240565
2021-12-15,49.87,50.08,48.52,48.58,28110842.0,1459087827.0,2010958045.0,0.013978830672223198
2021-12-16,48.31,48.86,48.03,48.64,17758097.0,905527213.0,2010958045.0,0.008830665087296737
2021-12-17,48.49,48.77,47.52,47.52,24488474.0,1232594106.0,2010958045.0,0.012177516115210648
2021-12-20,47.28,48.12,47.08,47.3,15663439.0,785499871.0,2010958045.0,0.0077890431572877495
2021-12-21,47.16,47.75,47.14,47.5,11469034.0,572533072.0,2010958045.0,0.005703268662673666
2021-12-22,47.54,47.74,46.43,46.61,20081041.0,991128731.0,2010958045.0,0.009985808033105932
2021-12-23,46.6,46.96,45.95,46.63,16638713.0,812168359.0,2010958045.0,0.008274022942134529
2021-12-24,46.6,47.91,46.43,47.5,27158709.0,1351754171.0,2010958045.0,0.01350535833779665
2021-12-27,47.48,47.84,47.08,47.69,14467712.0,723337194.0,2010958045.0,0.007194437514980577
2021-12-28,47.59,47.81,46.89,47.29,15770701.0,782576419.0,2010958045.0,0.007842381913044835
2021-12-29,46.98,47.47,46.41,46.5,19453935.0,957602894.0,2010958045.0,0.009673963635576495
2021-12-30,46.4,46.74,46.12,46.49,15243165.0,744348389.0,2010958045.0,0.007580051228766436
2021-12-31,46.68,47.08,46.5,46.54,19353289.0,950700390.0,2010958045.0,0.009623914853976977
2022-01-04,46.14,46.52,45.74,45.87,23356661.0,1129111208.0,2010958045.0,0.011614693333893
2022-01-05,45.89,46.06,44.73,45.09,21966137.0,1043238656.0,2010958045.0,0.010923219932218923
2022-01-06,44.73,45.44,44.57,45.27,20279530.0,959611038.0,2010958045.0,0.010084511733311671
2022-01-07,45.28,45.98,45.01,45.2,21485654.0,1027058307.0,2010958045.0,0.010684287548127341
2022-01-10,45.76,46.79,45.74,46.55,31358716.0,1529971839.0,2010958045.0,0.015593918569295661
2022-01-11,46.77,46.95,46.26,46.55,23227950.0,1138382449.0,2010958045.0,0.011550688517720915
2022-01-12,46.4,46.93,45.94,46.58,20462412.0,998107268.0,2010958045.0,0.010175454456087371
2022-01-13,46.46,46.73,45.27,45.35,20824156.0,1004567289.0,2010958045.0,0.010355340854463227
2022-01-14,45.17,48.37,44.7,47.71,50718556.0,2491588273.0,2010958045.0,0.02522109107452811
2022-01-17,47.71,48.01,46.97,47.26,28843094.0,1437806214.0,2010958045.0,0.014342961590727767
2022-01-18,47.06,47.06,45.55,46.63,31379529.0,1521050036.0,2010958045.0,0.015604268362545574
2022-01-19,46.07,46.41,45.6,45.67,15119156.0,729972811.0,2010958045.0,0.0075183846016041575
2022-01-20,45.67,46.58,45.62,46.14,17943121.0,869243316.0,2010958045.0,0.008922672974015229
2022-01-21,50.76,50.76,48.25,48.9,119460495.0,6276284985.0,2010958045.0,0.05940476744257486
2022-01-24,46.72,46.97,45.11,45.35,61378401.0,2947212033.0,2010958045.0,0.030521969939954666
2022-01-25,44.75,45.06,42.77,42.8,43186964.0,1987970467.0,2010958045.0,0.02147581552354067
2022-01-26,42.79,43.18,41.54,41.8,24358384.0,1078248245.0,2010958045.0,0.012112825556238792
2022-01-27,41.8,42.72,41.27,41.28,21540450.0,947562724.0,2010958045.0,0.010711536251866457
2022-01-28,41.4,41.84,40.25,40.45,19518620.0,840422489.0,2010958045.0,0.009706129895912373
2022-02-07,40.99,41.09,40.48,40.96,12872710.0,553289893.0,2010958045.0,0.0064012822306295306
2022-02-08,40.98,41.66,40.64,41.38,14874957.0,643830270.0,2010958045.0,0.007396950442096369
2022-02-09,41.18,41.65,41.07,41.6,15197632.0,661064713.0,2010958045.0,0.007557408787213162
2022-02-10,41.46,41.83,41.09,41.19,13969712.0,607719659.0,2010958045.0,0.0069467943574128615
2022-02-11,41.08,41.08,39.45,39.54,26758572.0,1126897807.0,2010958045.0,0.01330638004434349
2022-02-14,39.58,40.32,39.39,39.54,15932168.0,666987091.0,2010958045.0,0.007922675482769707
2022-02-15,39.54,40.37,38.77,40.2,19019269.0,798659492.0,2010958045.0,0.009457814919256558
2022-02-16,40.22,40.31,39.85,39.98,15501094.0,652325224.0,2010958045.0,0.007708312979746924
2022-02-17,39.92,40.18,39.71,39.85,12561798.0,527511249.0,2010958045.0,0.006246673336240588
2022-02-18,39.8,41.74,39.24,41.04,36620325.0,1561504250.0,2010958045.0,0.01821038737782319
2022-02-21,41.04,41.04,40.44,40.82,18507522.0,792390687.0,2010958045.0,0.009203335716534056
2022-02-22,40.42,40.42,39.54,39.71,18843252.0,789109677.0,2010958045.0,0.009370285992217207
2022-02-23,39.79,40.49,39.79,40.13,17434080.0,736405488.0,2010958045.0,0.008669539398570595
2022-02-24,39.94,40.53,38.78,39.1,28662242.0,1191908952.0,2010958045.0,0.014253028337048175
2022-02-25,39.16,40.53,39.13,40.04,27031668.0,1136923444.0,2010958045.0,0.013442183971570626
2022-02-28,39.93,40.51,39.64,40.32,17577748.0,741681360.0,2010958045.0,0.008740981963151798
2022-03-01,40.42,40.56,39.99,40.3,12608315.0,533381794.0,2010958045.0,0.006269805096803996
2022-03-02,40.3,40.69,39.68,40.65,19111393.0,808992900.0,2010958045.0,0.009503625919754084
2022-03-03,40.7,41.56,40.32,41.07,29672431.0,1277336213.0,2010958045.0,0.01475537049307262
2022-03-04,40.8,43.27,40.7,42.54,52015571.0,2315755055.0,2010958045.0,0.02586606474925239
2022-03-07,42.55,42.56,40.59,40.77,32564885.0,1407429120.0,2010958045.0,0.016193716761505085
2022-03-08,40.32,40.32,37.66,38.22,36576245.0,1494270263.0,2010958045.0,0.01818846747745053
2022-03-09,38.14,38.42,35.36,36.57,30272652.0,1176561600.0,2010958045.0,0.015053845641021317
2022-03-10,37.31,38.8,37.12,38.29,26301436.0,1047904205.0,2010958045.0,0.013079057549407998
2022-03-11,37.67,40.8,37.39,40.69,46114024.0,1909095946.0,2010958045.0,0.02293137050504701
2022-03-14,41.93,44.76,41.2,44.41,110994681.0,5135287231.0,2010958045.0,0.05519492625715123
2022-03-15,43.14,43.84,40.98,40.98,67990616.0,3046863299.0,2010958045.0,0.03381006191006834
2022-03-16,42.23,44.22,40.29,43.56,69519344.0,3095181429.0,2010958045.0,0.034570260763446214
2022-03-17,43.56,47.91,42.8,46.81,131226467.0,6384909677.0,2010958045.0,0.06525569607296307
2022-03-18,46.6,50.62,45.49,48.0,114042591.0,5779744274.0,2010958045.0,0.05671057697277817
2022-03-21,48.2,52.8,46.53,52.8,117826424.0,6073444884.0,2010958045.0,0.05859218410496476
2022-03-22,52.83,56.06,51.07,51.56,157348813.0,8843707378.0,2010958045.0,0.07824569656797589
2022-03-23,50.41,51.49,47.84,48.06,115922242.0,6010170094.0,2010958045.0,0.05764528120724667
2022-03-24,47.55,51.88,47.16,50.59,112237525.0,5884527230.0,2010958045.0,0.05581296202527189
2022-03-25,49.93,50.35,47.89,48.12,69954936.0,3604542283.0,2010958045.0,0.03478686995680211
2022-03-28,48.03,49.26,47.22,47.68,51855906.0,2623746412.0,2010958045.0,0.025786667269828596
2022-03-29,47.98,52.18,46.96,51.38,107188305.0,5634070410.0,2010958045.0,0.053302109045243656
2022-03-30,51.36,54.59,50.22,52.47,108219066.0,5981041601.0,2010958045.0,0.05381468115114257
2022-03-31,51.72,54.52,50.58,50.72,115221304.0,6341990569.0,2010958045.0,0.05729672197114386
2022-04-01,49.31,54.08,49.31,52.47,99000019.0,5390868279.0,2010958045.0,0.04923027571169442
2022-04-06,53.54,54.38,51.75,52.36,88523458.0,4928702010.0,2010958045.0,0.044020539473761125
2022-04-07,51.83,51.83,48.41,49.31,75219359.0,3947522895.0,2010958045.0,0.03740473809835252
2022-04-08,49.17,49.63,47.68,48.49,43623635.0,2231962599.0,2010958045.0,0.021692961277071297
2022-04-11,47.75,49.13,45.35,45.73,67699633.0,3334779309.0,2010958045.0,0.03366536321746086
2022-04-12,45.74,46.72,45.22,45.93,41499921.0,2004270984.0,2010958045.0,0.020636890512551694
2022-04-13,45.81,45.81,42.91,42.94,55833205.0,2566006406.0,2010958045.0,0.027764480287802325
2022-04-14,43.75,45.4,43.51,44.13,52394222.0,2446635994.0,2010958045.0,0.026054358583100127
2022-04-15,44.14,45.9,43.75,44.97,46591134.0,2208931625.0,2010958045.0,0.02316862557915772
2022-04-18,44.27,44.51,43.06,43.85,32904891.0,1514770109.0,2010958045.0,0.016362793386870484
2022-04-19,43.7,44.11,42.33,42.66,34543438.0,1559507325.0,2010958045.0,0.017177602529246203
2022-04-20,42.88,43.07,41.34,41.52,28696678.0,1269112392.0,2010958045.0,0.014270152513301191
2022-04-21,41.37,41.79,39.66,39.85,37660616.0,1604614663.0,2010958045.0,0.018727698518444226
2022-04-22,39.83,39.84,38.72,38.72,27370016.0,1124863832.0,2010958045.0,0.013610436114294966
2022-04-25,39.51,40.68,37.57,38.85,54419988.0,2232833037.0,2010958045.0,0.027061722215094747
2022-04-26,38.86,42.74,37.57,42.74,91052787.0,3877933997.0,2010958045.0,0.045278312606467135
2022-04-27,39.31,41.27,39.28,40.3,69422537.0,2931030892.0,2010958045.0,0.034522121022171795
2022-04-28,40.08,41.37,39.26,40.44,43735529.0,1856730019.0,2010958045.0,0.021748603412559013
2022-04-29,40.4,41.6,39.47,40.88,42932032.0,1829728779.0,2010958045.0,0.02134904410698434
2022-05-05,39.65,41.89,38.85,41.41,53359711.0,2260283996.0,2010958045.0,0.026534472527993493
2022-05-06,39.75,40.94,39.56,40.72,33777123.0,1431147704.0,2010958045.0,0.016796532918219087
2022-05-09,39.94,41.64,39.84,41.08,30159437.0,1301956785.0,2010958045.0,0.014997546604708006
2022-05-10,40.41,40.79,39.66,39.84,38789960.0,1635104017.0,2010958045.0,0.01928929352675779
2022-05-11,41.15,43.82,41.15,43.56,102151801.0,4661440138.0,2010958045.0,0.050797579419415484
2022-05-12,42.42,43.89,42.13,42.83,65863471.0,2965734774.0,2010958045.0,0.032752284993593686
2022-05-13,43.75,43.75,42.02,43.04,38571212.0,1741841034.0,2010958045.0,0.019180515523883047
2022-05-16,42.99,43.23,41.85,42.1,25962614.0,1159051968.0,2010958045.0,0.012910569698136094
2022-05-17,41.86,42.09,40.51,41.34,26580758.0,1149189047.0,2010958045.0,0.013217957513380146
2022-05-18,41.52,42.21,41.27,42.2,23661699.0,1038409671.0,2010958045.0,0.011766381232483645
2022-05-19,41.46,41.75,40.9,41.56,20462529.0,889871085.0,2010958045.0,0.010175512637311137
2022-05-20,42.22,42.62,41.8,42.24,25712617.0,1140198838.0,2010958045.0,0.012786252335761684
2022-05-23,42.33,43.32,42.32,42.82,25469463.0,1148456163.0,2010958045.0,0.012665337829064455
2022-05-24,42.82,42.94,41.05,41.07,25961008.0,1144684700.0,2010958045.0,0.012909771073816708
2022-05-25,40.99,41.56,40.23,40.89,24648323.0,1056390609.0,2010958045.0,0.012257005093311134
2022-05-26,41.07,41.13,40.0,40.81,18225266.0,777792913.0,2010958045.0,0.00906297674648901
2022-05-27,40.81,41.36,40.49,40.63,19699909.0,848696747.0,2010958045.0,0.009796280458949107
2022-05-30,40.89,42.39,40.32,42.05,31771669.0,1385798936.0,2010958045.0,0.015799269944490563
2022-05-31,41.68,41.85,41.22,41.66,22907243.0,1001398560.0,2010958045.0,0.01139120881062439
2022-06-01,41.66,42.04,40.8,41.0,18443099.0,800667444.0,2010958045.0,0.00917129974235738
2022-06-02,41.17,41.17,40.29,40.49,17959985.0,765380766.0,2010958045.0,0.008931059026644188
2022-06-06,40.42,40.69,39.83,40.63,27687098.0,1173759765.0,2010958045.0,0.013768113198005581
2022-06-07,40.68,41.51,40.49,41.36,29616450.0,1282560480.0,2010958045.0,0.014727532517964591
2022-06-08,41.45,42.11,40.99,41.27,30391781.0,1326495045.0,2010958045.0,0.015113085564149599
2022-06-09,41.27,41.56,40.16,40.18,25698183.0,1096015345.0,2010958045.0,0.012779074662395555
2022-06-10,39.73,40.74,39.71,40.66,19501161.0,827786634.0,2010958045.0,0.009697447964410416
2022-06-13,40.43,41.05,40.23,40.7,17910978.0,764950227.0,2010958045.0,0.00890668905029294
2022-06-14,40.42,40.7,39.35,40.64,21773994.0,916771495.0,2010958045.0,0.010827671941808214
2022-06-15,40.56,41.37,40.51,40.88,26636107.0,1150521249.0,2010958045.0,0.013245481210424756
2022-06-16,41.0,41.49,40.74,40.94,20877930.0,890833155.0,2010958045.0,0.010382081342726371
2022-06-17,40.47,41.91,40.28,41.84,34894126.0,1490335780.0,2010958045.0,0.01735199105061389
2022-06-20,41.43,42.38,41.34,41.86,33081341.0,1435688260.0,2010958045.0,0.01645053763416531
2022-06-21,41.79,42.69,41.44,42.44,33853405.0,1480849591.0,2010958045.0,0.016834466081563627
2022-06-22,42.69,44.32,42.0,42.98,50923792.0,2288031225.0,2010958045.0,0.025323149891971018
2022-06-23,42.59,42.88,41.43,42.05,34723676.0,1511206337.0,2010958045.0,0.017267230455819876
2022-06-24,41.9,42.36,41.44,41.63,31515216.0,1367576934.0,2010958045.0,0.015671742172025275
2022-06-27,41.43,42.29,41.35,41.74,41846088.0,1815966848.0,2010958045.0,0.020809030851760012
2022-06-28,41.77,41.81,40.86,41.14,37282358.0,1588644652.0,2010958045.0,0.018539600113835295
2022-06-29,40.9,41.53,40.7,40.76,30075874.0,1284481258.0,2010958045.0,0.014955992779053727
2022-06-30,40.79,43.46,40.67,42.48,68132252.0,2997563922.0,2010958045.0,0.0338804940110026
2022-07-01,42.48,44.97,42.4,44.32,76359141.0,3490940315.0,2010958045.0,0.037971523667466665
2022-07-04,45.31,46.91,45.31,46.48,64827276.0,3112371568.0,2010958045.0,0.032237010693079875
2022-07-05,46.37,46.92,45.52,45.99,43646744.0,2086573358.0,2010958045.0,0.02170445281467819
2022-07-06,46.34,47.08,45.75,46.52,42850173.0,2061384092.0,2010958045.0,0.021308337638640294
2022-07-07,46.91,47.04,45.0,46.08,35824410.0,1702181122.0,2010958045.0,0.017814598414458715
2022-07-08,46.67,49.28,46.67,48.77,67725419.0,3385370396.0,2010958045.0,0.033678185961358534
2022-07-11,49.14,49.38,47.41,48.25,45385098.0,2271422078.0,2010958045.0,0.022568893524578727
2022-07-12,48.18,48.18,45.09,45.11,49186636.0,2358652534.0,2010958045.0,0.024459304918019807
2022-07-13,45.3,46.17,44.42,45.29,30682939.0,1437870341.0,2010958045.0,0.015257871279955022
2022-07-14,45.43,48.26,45.43,47.74,53903617.0,2654673141.0,2010958045.0,0.02680494361084495
2022-07-15,47.59,47.59,45.0,45.29,54964435.0,2632993861.0,2010958045.0,0.027332462323946694
2022-07-18,46.12,48.19,45.87,48.18,58228368.0,2849149008.0,2010958045.0,0.02895553596693759
2022-07-19,47.22,47.77,46.26,47.1,39927346.0,1946041818.0,2010958045.0,0.019854887623973277
2022-07-20,47.09,47.41,46.46,47.09,24449981.0,1192018378.0,2010958045.0,0.012158374492591665
2022-07-21,47.13,48.13,46.86,46.88,23277218.0,1144366016.0,2010958045.0,0.011575188282955949
2022-07-22,46.62,47.06,46.09,46.32,24490820.0,1180879771.0,2010958045.0,0.012178682723338467
2022-07-25,46.16,47.47,45.91,47.16,23087785.0,1120430973.0,2010958045.0,0.011480987908924774
2022-07-26,50.95,50.96,45.29,45.69,93036679.0,4599614387.0,2010958045.0,0.04626485332765856
2022-07-27,45.69,46.44,44.6,45.64,44758105.0,2109651679.0,2010958045.0,0.02225710531917139
2022-07-28,45.48,45.49,44.51,44.51,34304682.0,1598605665.0,2010958045.0,0.017058875039832073
2022-07-29,44.51,44.51,41.96,42.3,50805359.0,2265271914.0,2010958045.0,0.02526425607253283
2022-08-01,42.15,42.57,41.32,42.43,20631230.0,902762370.0,2010958045.0,0.01025940349740116
2022-08-02,41.91,41.91,40.17,40.47,36934561.0,1559657783.0,2010958045.0,0.018366649215697587
2022-08-03,40.61,41.39,40.35,40.61,27895963.0,1179196208.0,2010958045.0,0.013871976627936064
2022-08-04,40.95,41.57,40.67,41.29,20798962.0,889054754.0,2010958045.0,0.0103428124976123
2022-08-05,41.58,41.8,41.26,41.77,18194286.0,784847807.0,2010958045.0,0.009047571154076464
2022-08-08,42.91,43.32,42.04,42.09,34336557.0,1519358992.0,2010958045.0,0.017074725693742656
2022-08-09,41.63,41.63,40.89,41.05,26094716.0,1114050055.0,2010958045.0,0.012976260775246556
2022-08-10,41.43,41.69,40.67,40.93,20237459.0,863391700.0,2010958045.0,0.010063590859251367
2022-08-11,41.07,41.39,40.79,41.38,19647319.0,839530023.0,2010958045.0,0.009770128744779456
2022-08-12,42.3,42.73,41.63,42.31,33180094.0,1455205970.0,2010958045.0,0.016499645073400824
2022-08-15,42.4,42.51,41.61,41.79,20649788.0,898204790.0,2010958045.0,0.010268631934586183
2022-08-16,41.89,41.94,41.45,41.53,15077455.0,650509420.0,2010958045.0,0.00749764771944807
2022-08-17,41.39,41.7,40.96,41.61,15534418.0,667038774.0,2010958045.0,0.007724884185736456
2022-08-18,41.35,41.41,41.05,41.22,14617385.0,625098355.0,2010958045.0,0.007268866218439679
2022-08-19,41.29,41.42,41.03,41.07,13639579.0,583559854.0,2010958045.0,0.0067826273322375554
2022-08-22,40.93,40.93,40.26,40.89,15537094.0,654724088.0,2010958045.0,0.00772621489475182
2022-08-23,40.88,40.93,39.97,39.99,23815294.0,995281202.0,2010958045.0,0.011842760250127446
2022-08-24,40.07,40.23,39.21,39.23,18128120.0,745429469.0,2010958045.0,0.0090146684288483
2022-08-25,39.26,39.4,38.41,39.22,18312241.0,738833601.0,2010958045.0,0.00910622727586542
2022-08-26,39.22,39.75,39.13,39.44,12939148.0,530397887.0,2010958045.0,0.006434320214771064
2022-08-29,38.63,39.22,38.4,39.13,11644184.0,469357929.0,2010958045.0,0.005790366451926649
2022-08-30,39.21,39.36,38.54,38.62,15130652.0,608595996.0,2010958045.0,0.0075241012797957205
2022-08-31,38.62,39.15,38.15,38.89,18127962.0,727317046.0,2010958045.0,0.009014589859332445
2022-09-01,38.62,39.82,38.43,39.41,18214359.0,742309837.0,2010958045.0,0.009057552963517944
2022-09-02,39.31,39.48,38.67,38.75,15692591.0,634917391.0,2010958045.0,0.00780353973023838
2022-09-05,35.65,36.52,34.87,34.87,55384241.0,2029088117.0,2010958045.0,0.027541221527572945
2022-09-06,34.55,34.56,33.48,34.13,37327204.0,1314904067.0,2010958045.0,0.018561900927177227
2022-09-07,34.04,34.42,33.87,34.26,20788281.0,738171057.0,2010958045.0,0.010337501098885432
2022-09-08,34.18,34.19,32.72,32.72,42132995.0,1450484481.0,2010958045.0,0.02095170264976861
2022-09-09,32.79,33.87,32.79,33.73,33018537.0,1147520085.0,2010958045.0,0.01641930674888844
2022-09-13,33.34,33.85,33.12,33.19,28153631.0,976275813.0,2010958045.0,0.014000108590032766
2022-09-14,31.8,32.75,29.87,32.53,33929307.0,1126681876.0,2010958045.0,0.01687221028024978
2022-09-15,32.39,33.01,31.5,31.84,29798521.0,992514415.0,2010958045.0,0.014818071950377263
2022-09-16,31.99,32.23,30.98,31.0,20503862.0,672472355.0,2010958045.0,0.010196066522113842
2022-09-19,31.22,31.4,30.72,31.02,15250031.0,491016057.0,2010958045.0,0.007583465521778203
2022-09-20,31.0,31.26,30.79,31.09,14172354.0,456337449.0,2010958045.0,0.007047563242424583
2022-09-21,31.04,31.05,30.32,30.55,16469337.0,522130255.0,2010958045.0,0.008189796421138165
2022-09-22,30.14,30.42,29.73,29.86,28481124.0,886825089.0,2010958045.0,0.014162962808107714
2022-09-23,29.8,30.06,29.11,29.37,19336504.0,594010340.0,2010958045.0,0.009615568086105943
2022-09-26,29.02,29.53,28.97,28.99,17358497.0,526567646.0,2010958045.0,0.008631953830742401
2022-09-27,29.2,29.44,28.76,29.34,33333642.0,1009301240.0,2010958045.0,0.016576000719100033
2022-09-28,29.39,29.49,28.48,28.48,33161333.0,995106283.0,2010958045.0,0.016490315689306187
2022-09-29,28.76,29.28,28.37,28.53,31609370.0,946290085.0,2010958045.0,0.01571856264161891
2022-09-30,28.79,29.36,28.47,28.48,31039251.0,928348746.0,2010958045.0,0.015435056478266805
2022-10-10,28.44,28.47,27.09,27.16,30177017.0,867988934.0,2010958045.0,0.015006288706535397
2022-10-11,27.51,27.55,26.66,26.95,22515743.0,629155117.0,2010958045.0,0.011196525484946157
2022-10-12,26.94,27.7,26.63,27.67,22681170.0,637628114.0,2010958045.0,0.011278788265321566
2022-10-13,27.65,28.8,27.52,28.32,29055356.0,855321343.0,2010958045.0,0.014448514265249129
2022-10-14,28.39,30.41,28.39,30.02,50804940.0,1567800991.0,2010958045.0,0.02526404771413319
2022-10-17,29.87,30.54,29.12,30.21,35566963.0,1111184539.0,2010958045.0,0.017686576350229126
2022-10-18,30.29,31.01,29.86,30.54,35947624.0,1137676035.0,2010958045.0,0.017875869707664638
2022-10-19,30.55,30.58,29.73,29.97,26240708.0,819299428.0,2010958045.0,0.013048859007896409
2022-10-20,29.68,30.8,29.58,30.08,29231157.0,921029211.0,2010958045.0,0.01453593578079845
2022-10-21,30.22,31.73,30.22,31.17,50363112.0,1626935852.0,2010958045.0,0.025044337511278113
2022-10-24,31.41,31.46,29.59,29.67,46144174.0,1447662564.0,2010958045.0,0.02294636335886361
2022-10-25,30.18,30.54,29.65,29.98,28367766.0,884084980.0,2010958045.0,0.014106592661409801
2022-10-26,29.98,31.14,29.98,30.88,36733750.0,1175825069.0,2010958045.0,0.01826679084197403
2022-10-27,30.9,31.18,30.2,30.74,28943934.0,920474309.0,2010958045.0,0.014393106843758146
2022-10-28,30.3,30.82,29.73,29.78,22593686.0,708727799.0,2010958045.0,0.011235284622758005
2022-10-31,30.15,32.31,29.92,31.83,61184106.0,2004894822.0,2010958045.0,0.030425351812846994
2022-11-01,31.94,33.53,31.66,33.14,69611955.0,2353336437.0,2010958045.0,0.03461631393707172
2022-11-02,33.21,36.45,32.86,34.66,127240728.0,4647764300.0,2010958045.0,0.06327368605047153
2022-11-03,33.61,34.15,33.11,33.61,61649621.0,2151019690.0,2010958045.0,0.030656840978499876
2022-11-04,33.58,36.23,33.55,35.37,73998083.0,2702977192.0,2010958045.0,0.03679742756642146
2022-11-07,36.04,36.06,34.1,34.59,70911779.0,2544565628.0,2010958045.0,0.035262684458441794
2022-11-08,34.58,34.58,33.49,33.7,36361509.0,1273016781.0,2010958045.0,0.018081684543548
2022-11-09,33.73,34.53,33.55,33.98,28617096.0,1011280254.0,2010958045.0,0.014230578341081204
2022-11-10,33.51,34.16,33.38,33.47,24246525.0,847440184.0,2010958045.0,0.012057200825390666
2022-11-11,34.38,35.25,33.13,33.45,67780263.0,2409957242.0,2010958045.0,0.03370545853431765
2022-11-14,33.44,34.26,32.54,33.97,47116849.0,1651377810.0,2010958045.0,0.02343005072490212
2022-11-15,34.0,34.23,33.11,34.13,45664699.0,1600262413.0,2010958045.0,0.022707932228392163
2022-11-16,34.31,35.54,34.11,34.32,55311229.0,1989422249.0,2010958045.0,0.02750491445484135
2022-11-17,33.73,34.27,33.65,34.18,26975603.0,951101571.0,2010958045.0,0.013414304225327585
2022-11-18,34.5,37.58,34.29,37.04,116120346.0,4351034073.0,2010958045.0,0.05774379345641694
2022-11-21,36.52,37.67,36.05,37.14,77732603.0,2971234281.0,2010958045.0,0.03865451255597926
2022-11-22,36.62,36.91,35.12,35.29,59423192.0,2214705560.0,2010958045.0,0.02954969256954339
2022-11-23,34.94,35.22,33.61,34.06,45476399.0,1610195263.0,2010958045.0,0.022614295267408227
2022-11-24,34.13,34.75,34.13,34.75,28195944.0,1009094211.0,2010958045.0,0.014021149804743937
2022-11-25,34.41,34.55,33.52,33.76,26111808.0,918361014.0,2010958045.0,0.012984760206670547
2022-11-28,33.82,34.57,33.61,34.19,24463919.0,868423612.0,2010958045.0,0.012165305517351059
2022-11-29,34.26,36.01,34.21,35.8,47552741.0,1743843586.0,2010958045.0,0.023646809100883057
2022-11-30,35.34,35.92,35.22,35.75,35746920.0,1318735691.0,2010958045.0,0.01777606454241068
2022-12-01,36.71,36.91,34.69,34.91,47907106.0,1751700543.0,2010958045.0,0.023823026103958325
2022-12-02,34.79,35.61,34.72,35.17,23631186.0,861847311.0,2010958045.0,0.011751207867690745
2022-12-05,35.27,35.63,34.49,35.1,32334952.0,1177458164.0,2010958045.0,0.016079376733093405
2022-12-06,34.69,34.88,33.54,33.54,46652697.0,1649659497.0,2010958045.0,0.02319923934564234
2022-12-07,33.34,34.06,32.97,33.66,28674966.0,999329663.0,2010958045.0,0.014259355669451572
2022-12-08,33.9,36.09,33.85,35.59,82930630.0,3039717657.0,2010958045.0,0.04123936359895564
2022-12-09,35.63,35.91,35.03,35.65,48820590.0,1797993872.0,2010958045.0,0.024277279240800868
2022-12-12,35.75,36.93,35.75,36.12,54687799.0,2065783562.0,2010958045.0,0.02719489804174408
2022-12-13,36.67,36.96,35.11,36.01,48254224.0,1799778758.0,2010958045.0,0.023995639352088025
2022-12-14,39.2,39.2,36.8,37.2,114306928.0,4513698144.0,2010958045.0,0.056842025264629524
2022-12-15,36.81,37.32,35.81,35.95,55499090.0,2093863606.0,2010958045.0,0.02759833311191731
2022-12-16,35.71,38.97,35.66,38.58,106866606.0,4209862619.0,2010958045.0,0.053142136040933666
2022-12-19,38.06,38.15,35.84,35.85,75996097.0,2878929018.0,2010958045.0,0.03779099081104897
2022-12-20,36.21,36.46,34.57,35.44,35788913.0,1314229666.0,2010958045.0,0.017796946628988473
2022-12-21,35.65,36.18,34.75,35.7,29398198.0,1087876846.0,2010958045.0,0.01461900116369658
2022-12-22,35.8,35.96,34.31,34.4,34611326.0,1254984258.0,2010958045.0,0.0172113615627421
2022-12-23,33.77,36.5,33.77,35.72,43540515.0,1595360917.0,2010958045.0,0.021651627744426662
2022-12-26,35.72,36.19,34.77,34.89,30966780.0,1136400061.0,2010958045.0,0.015399018431535702
2022-12-27,34.97,35.21,33.24,33.9,38747008.0,1358592911.0,2010958045.0,0.019267934553055283
2022-12-28,33.77,34.54,33.74,34.08,23639111.0,838121117.0,2010958045.0,0.011755148775368906
2022-12-29,34.0,34.83,33.63,34.35,22037625.0,785245794.0,2010958045.0,0.010958769157215312
2022-12-30,34.49,34.64,33.8,33.96,19104346.0,674772683.0,2010958045.0,0.009500121619891876
2023-01-03,33.99,34.68,33.99,34.27,17250997.0,614737510.0,2010958045.0,0.008578496723436118
2023-01-04,34.45,34.56,34.11,34.37,18238547.0,649855415.0,2010958045.0,0.009069581061299566
2023-01-05,34.53,35.3,34.26,35.18,31138962.0,1127268388.0,2010958045.0,0.015484640307351614
2023-01-06,34.93,34.97,34.55,34.79,19651730.0,708459643.0,2010958045.0,0.009772322226642973
2023-01-09,35.41,35.77,34.81,34.85,25867057.0,944655594.0,2010958045.0,0.012863051551132685
2023-01-10,34.86,34.99,34.16,34.47,18979030.0,678345297.0,2010958045.0,0.009437805053759836
2023-01-11,34.44,34.65,34.03,34.07,18603716.0,662155601.0,2010958045.0,0.00925117062797797
2023-01-12,33.93,34.17,33.63,33.64,17978153.0,630265766.0,2010958045.0,0.008940093526416658
2023-01-13,33.73,34.67,33.53,34.61,25338120.0,900140323.0,2010958045.0,0.012600024183995345
2023-01-16,34.5,35.83,34.4,35.55,45616721.0,1678548614.0,2010958045.0,0.022684073948444808
2023-01-17,35.56,35.6,34.88,34.96,21569953.0,785782184.0,2010958045.0,0.010726207368488387
2023-01-18,35.11,35.27,34.74,35.1,15263200.0,554961497.0,2010958045.0,0.007590014141742077
2023-01-19,35.13,35.34,34.8,34.97,20165907.0,732944006.0,2010958045.0,0.010028009808628304
2023-01-20,34.98,35.17,34.88,34.99,18257537.0,663249907.0,2010958045.0,0.009079024321464648
2023-01-30,34.75,34.78,33.14,33.24,78768260.0,2734710172.0,2117714711.0,0.037194934516370744
2023-01-31,33.29,33.39,32.68,32.78,37404473.0,1274104228.0,2117714711.0,0.017662659094594163
2023-02-01,32.81,33.0,32.71,32.98,26771861.0,912742170.0,2117714711.0,0.012641863826576592
2023-02-02,33.01,33.29,32.8,33.11,22019712.0,757003999.0,2117714711.0,0.010397865154179401
2023-02-03,33.12,33.2,32.76,32.93,19659603.0,671190984.0,2117714711.0,0.009283404841021572
2023-02-06,32.74,32.81,32.4,32.42,22730413.0,766579803.0,2117714711.0,0.01073346323842957
2023-02-07,32.42,32.65,32.41,32.53,16604582.0,559721569.0,2117714711.0,0.007840802122094717
2023-02-08,32.53,32.62,32.44,32.44,12669386.0,427440251.0,2117714711.0,0.0059825744866349
2023-02-09,32.26,32.53,32.18,32.5,16256156.0,546584413.0,2117714711.0,0.007676272878287618
2023-02-10,32.57,32.71,32.38,32.52,15040620.0,507894894.0,2117714711.0,0.0071022881041883645
2023-02-13,32.48,32.68,32.43,32.62,14066790.0,475950687.0,2117714711.0,0.006642438628269037
2023-02-14,32.68,32.91,32.49,32.9,17310510.0,586914575.0,2117714711.0,0.008174146361681482
2023-02-15,32.91,32.94,32.65,32.83,13223402.0,449972522.0,2117714711.0,0.006244184795673359
2023-02-16,32.85,33.16,32.18,32.71,27031810.0,922883833.0,2117714711.0,0.012764613599551087
2023-02-17,32.65,33.14,32.44,32.82,20590873.0,701611002.0,2117714711.0,0.009723157181203526
2023-02-20,32.95,33.1,32.44,32.98,18290001.0,620917427.0,2117714711.0,0.008636669002201591
2023-02-21,32.89,33.15,32.76,32.96,15682119.0,535675202.0,2117714711.0,0.00740520851016556
2023-02-22,32.84,33.11,32.75,32.85,12906307.0,440735404.0,2117714711.0,0.0060944502736657805
2023-02-23,32.86,32.94,32.52,32.57,15695572.0,532444130.0,2117714711.0,0.007411561112775402
2023-02-24,32.45,32.68,32.39,32.45,10253522.0,345829834.0,2117714711.0,0.004841786264571121
2023-02-27,32.44,32.58,32.02,32.04,13556801.0,453573280.0,2117714711.0,0.006401618182837471
2023-02-28,32.06,32.57,32.05,32.47,12563776.0,420420047.0,2117714711.0,0.005932704690929448
2023-03-01,32.49,32.91,32.38,32.73,17489263.0,593532263.0,2117714711.0,0.008258554803985588
2023-03-02,32.74,32.92,32.52,32.54,10204410.0,346193286.0,2117714711.0,0.004818595227674177
2023-03-03,32.55,32.76,32.47,32.64,8448245.0,285963595.0,2117714711.0,0.003989321581475287
2023-03-06,32.66,32.72,32.37,32.39,12296221.0,414243536.0,2117714711.0,0.005806363310473316
2023-03-07,32.28,32.49,31.95,31.95,13961330.0,466097833.0,2117714711.0,0.006592639663634088
2023-03-08,31.89,31.89,31.35,31.56,13780453.0,451805812.0,2117714711.0,0.00650722825337166
2023-03-09,31.58,31.78,31.43,31.53,8743203.0,286748889.0,2117714711.0,0.004128602854098037
2023-03-10,31.31,31.44,30.87,31.19,12667001.0,409769064.0,2117714711.0,0.005981448272613902
2023-03-13,30.95,31.27,30.57,31.27,14825044.0,475268655.0,2117714711.0,0.007000491578490055
2023-03-14,31.22,31.46,30.76,30.87,12325476.0,397636486.0,2117714711.0,0.005820177730257076
2023-03-15,31.09,31.54,31.08,31.17,13187210.0,428538200.0,2117714711.0,0.006227094674982404
2023-03-16,30.97,31.35,30.79,30.85,10602350.0,341317137.0,2117714711.0,0.005006505335647168
2023-03-17,30.99,31.13,30.59,30.72,13346284.0,427496746.0,2117714711.0,0.006302210553043658
2023-03-20,30.72,30.78,30.17,30.29,13948055.0,439721418.0,2117714711.0,0.006586371113894576
2023-03-21,30.31,30.94,30.31,30.92,13804597.0,440016369.0,2117714711.0,0.006518629222479816
2023-03-22,30.99,31.29,30.82,31.01,11099936.0,357730723.0,2117714711.0,0.005241468995962412
2023-03-23,30.89,31.11,30.81,30.95,9582293.0,307373613.0,2117714711.0,0.004524827140420237
2023-03-24,31.12,31.35,30.87,30.99,10801747.0,348191961.0,2117714711.0,0.005100662022081028
2023-03-27,30.89,31.33,30.74,31.12,12409260.0,400364394.0,2117714711.0,0.00585974113299721
2023-03-28,31.11,31.69,31.06,31.2,13944993.0,452483063.0,2117714711.0,0.006584925215642043
2023-03-29,31.27,31.32,30.77,30.97,11252738.0,361999440.0,2117714711.0,0.005313623190862369
2023-03-30,31.12,31.16,30.73,30.88,9729160.0,311466423.0,2117714711.0,0.0045941787859639606
2023-03-31,30.96,31.36,30.89,31.21,13772296.0,445868099.0,2117714711.0,0.006503376459757709
2023-04-03,31.31,31.44,31.21,31.41,13593399.0,442290573.0,2117714711.0,0.006418900019625921
2023-04-04,31.41,32.38,31.36,32.04,25520476.0,849007034.0,2117714711.0,0.012050950898834267
2023-04-06,32.04,32.45,31.87,32.28,18474764.0,618334342.0,2117714711.0,0.008723915409397182
2023-04-07,32.45,33.01,32.45,32.8,26042699.0,886769174.0,2117714711.0,0.012297548326376055
2023-04-10,32.82,33.05,32.58,32.61,17742240.0,602692904.0,2117714711.0,0.008378012348803105
2023-04-11,32.61,32.94,32.4,32.61,13242484.0,448079945.0,2117714711.0,0.006253195452255608
2023-04-12,32.74,32.95,32.48,32.58,12701445.0,430795363.0,2117714711.0,0.0059977129752299295
2023-04-13,32.29,32.8,32.12,32.64,19790216.0,668872442.0,2117714711.0,0.009345081231765594
2023-04-14,32.56,33.03,32.52,32.59,18339656.0,622835389.0,2117714711.0,0.008660116447573755
2023-04-17,32.59,32.81,32.33,32.72,12649537.0,428328873.0,2117714711.0,0.0059732016471788114
2023-04-18,32.68,32.76,32.41,32.55,10636237.0,359185720.0,2117714711.0,0.00502250701888806
2023-04-19,32.55,32.55,31.98,32.09,14367102.0,479021302.0,2117714711.0,0.006784248097901607
2023-04-20,32.1,32.24,31.63,31.72,12608588.0,417180093.0,2117714711.0,0.0059538652371386395
2023-04-21,31.8,32.06,31.28,31.3,15099877.0,497100005.0,2117714711.0,0.007130269682486991
2023-04-24,31.44,32.02,31.02,31.11,15843526.0,519097114.0,2117714711.0,0.007481426047476703
2023-04-25,31.17,31.27,29.61,29.97,23486640.0,734437416.0,2117714711.0,0.011090559024784523
2023-04-26,29.84,30.61,29.77,30.41,14704819.0,462047764.0,2117714711.0,0.006943720475481931
2023-04-27,30.54,30.68,30.26,30.56,11365978.0,359505069.0,2117714711.0,0.0053670959270207385
2023-04-28,30.56,30.69,30.1,30.55,12586654.0,397011182.0,2117714711.0,0.00594350784580256
2023-05-04,30.84,31.55,30.84,31.44,20721547.0,672352862.0,2117714711.0,0.009784862376582886
2023-05-05,31.35,31.39,30.67,30.76,14500023.0,464752226.0,2117714711.0,0.006847014342717101
2023-05-08,30.71,30.97,30.37,30.82,12739314.0,405028835.0,2117714711.0,0.006015594987289107
2023-05-09,30.91,30.92,30.35,30.37,13453096.0,426716977.0,2117714711.0,0.0063526479417274065
2023-05-10,30.35,30.49,30.09,30.3,10295732.0,323925836.0,2117714711.0,0.004861718127810654
2023-05-11,30.49,30.59,30.06,30.08,11469427.0,360620402.0,2117714711.0,0.0054159452831038105
2023-05-12,30.03,30.29,29.85,29.87,10207607.0,318213861.0,2117714711.0,0.004820104873890164
2023-05-15,29.87,30.26,29.66,30.26,10675905.0,331998251.0,2117714711.0,0.005041238531586137
2023-05-16,30.35,30.88,30.29,30.67,16078260.0,510454897.0,2117714711.0,0.007592269117499652
2023-05-17,30.62,30.62,30.32,30.42,8137746.0,256786802.0,2117714711.0,0.003842701737741293
2023-05-18,30.45,30.6,30.02,30.1,9111789.0,285890884.0,2117714711.0,0.004302651793780735
2023-05-19,30.12,30.34,29.97,30.24,8050411.0,252619915.0,2117714711.0,0.0038014615274587853
2023-05-22,30.15,30.7,30.07,30.59,10260225.0,324913337.0,2117714711.0,0.00484495146900833
2023-05-23,30.6,31.54,30.55,31.2,25453581.0,826679866.0,2117714711.0,0.012019362602425629
2023-05-24,30.96,31.03,30.51,30.56,13876141.0,442023463.0,2117714711.0,0.006552412809866909
2023-05-25,30.42,30.44,29.96,30.13,12232771.0,382633851.0,2117714711.0,0.0057764017676505625
2023-05-26,30.15,30.59,30.03,30.42,10208154.0,321095493.0,2117714711.0,0.004820363171193932
2023-05-29,30.32,30.64,30.02,30.21,11666161.0,366748745.0,2117714711.0,0.005508844481932675
2023-05-30,30.2,30.53,29.75,30.05,12138191.0,378617935.0,2117714711.0,0.0057317404166627615
2023-05-31,30.02,30.33,29.87,30.04,11905877.0,372459512.0,2117714711.0,0.005622040087910595
2023-06-01,30.02,30.16,29.41,29.49,14787416.0,455440851.0,2117714711.0,0.006982723368350818
2023-06-02,29.5,29.73,29.28,29.62,10629373.0,325687168.0,2117714711.0,0.005019265789101845
2023-06-05,29.62,29.76,29.27,29.39,11320603.0,345960602.0,2117714711.0,0.005345669528193592
2023-06-06,29.29,29.34,28.77,28.77,14844775.0,446455182.0,2117714711.0,0.007009808697504014
2023-06-07,28.81,28.98,28.63,28.74,7807068.0,233056547.0,2117714711.0,0.003686553226196104
2023-06-08,28.71,28.89,28.27,28.79,12182890.0,361267228.0,2117714711.0,0.005752847603465508
2023-06-09,28.76,29.25,28.65,28.86,11933284.0,358796984.0,2117714711.0,0.00563498186890576
2023-06-12,28.85,28.97,28.38,28.97,11903506.0,354032578.0,2117714711.0,0.005620920484789511
2023-06-13,28.97,29.07,28.81,28.99,7690692.0,230915184.0,2117714711.0,0.0036315996484570863
2023-06-14,29.05,29.27,28.94,28.95,9912328.0,299404423.0,2117714711.0,0.004680672022776537
2023-06-15,28.98,29.47,28.86,29.47,12969977.0,393493577.0,2117714711.0,0.0061245157020586045
2023-06-16,29.47,29.72,29.41,29.63,9891528.0,303800014.0,2117714711.0,0.00467085011433346
2023-06-19,29.79,30.83,29.71,30.11,22199311.0,698979243.0,2117714711.0,0.010482673083721144
2023-06-20,30.0,30.39,29.87,29.94,11310083.0,353281770.0,2117714711.0,0.0053407019091156515
2023-06-21,29.88,30.04,29.54,29.54,9270026.0,286505834.0,2117714711.0,0.004377372434468582
2023-06-26,29.31,29.73,29.23,29.5,10543856.0,322287675.0,2117714711.0,0.004978884051393833
2023-06-27,29.55,30.0,29.54,29.79,8138164.0,251866327.0,2117714711.0,0.003842899120324428
2023-06-28,29.9,30.01,29.55,29.73,6435931.0,198583361.0,2117714711.0,0.0030390925494213085
2023-06-29,29.65,29.85,29.55,29.55,6574168.0,202282562.0,2117714711.0,0.0031043690473754283
2023-06-30,29.55,29.92,29.49,29.77,8253157.0,255164321.0,2117714711.0,0.0038971996355934083
2023-07-03,29.77,30.03,29.77,29.91,8036212.0,249434362.0,2117714711.0,0.003794756658324975
2023-07-04,29.93,30.45,29.66,30.22,13106197.0,409186922.0,2117714711.0,0.006188839758218027
2023-07-05,30.11,30.28,29.94,29.95,7732088.0,241178176.0,2117714711.0,0.003651147135087357
2023-07-06,29.95,29.95,29.59,29.61,7211625.0,222468858.0,2117714711.0,0.0034053807921061376
2023-07-07,29.59,29.73,29.5,29.63,5549529.0,170558507.0,2117714711.0,0.0026205271990482008
2023-07-10,29.73,30.11,29.65,29.76,7890692.0,244539993.0,2117714711.0,0.0037260410757943684
2023-07-11,29.82,29.92,29.67,29.91,5685876.0,175976415.0,2117714711.0,0.002684911225513983
2023-07-12,29.94,30.01,29.63,29.68,6204216.0,191989302.0,2117714711.0,0.002929675072744017
2023-07-13,29.72,30.02,29.72,29.92,8144299.0,252887679.0,2117714711.0,0.003845796111107999
2023-07-14,29.94,29.97,29.68,29.77,6948701.0,214647063.0,2117714711.0,0.0032812262028999997
2023-07-17,29.73,29.73,29.24,29.33,8623150.0,262975346.0,2117714711.0,0.0040719129707174236
2023-07-18,29.29,29.48,29.18,29.34,5872042.0,178674196.0,2117714711.0,0.0027728201393223454
2023-07-19,29.29,29.62,29.22,29.45,5718601.0,174710038.0,2117714711.0,0.0027003642040620457
2023-07-20,29.6,29.74,29.35,29.36,6025198.0,184808951.0,2117714711.0,0.002845141495548689
2023-07-21,29.36,29.89,29.29,29.58,10475922.0,322522582.0,2117714711.0,0.004946805131770178
2023-07-24,29.63,29.97,29.56,29.75,8010573.0,247414702.0,2117714711.0,0.003782649739547472
2023-07-25,29.96,30.01,29.75,29.99,11234282.0,348712061.0,2117714711.0,0.005304908135947685
2023-07-26,29.93,30.25,29.88,30.17,11555955.0,361550368.0,2117714711.0,0.005456804422227013
2023-07-27,30.23,30.24,30.0,30.05,8770043.0,273775251.0,2117714711.0,0.0041412768936467
2023-07-28,29.98,30.59,29.95,30.56,16174121.0,509746438.0,2117714711.0,0.007637535365829548
2023-07-31,30.64,30.91,30.3,30.55,18848759.0,599099506.0,2117714711.0,0.008900518517482216
2023-08-01,30.39,30.74,30.26,30.38,12289617.0,388547609.0,2117714711.0,0.005803244854542638
2023-08-02,30.22,30.36,29.77,29.82,15283027.0,476030376.0,2117714711.0,0.007216754419571108
2023-08-03,29.87,30.54,29.77,30.47,16019180.0,502552182.0,2117714711.0,0.007564371119864219
2023-08-04,30.56,30.65,30.19,30.29,15267113.0,480922059.0,2117714711.0,0.007209239715197879
2023-08-07,30.16,30.16,28.61,29.09,32208708.0,971593260.0,2117714711.0,0.015209181781048693
2023-08-08,28.91,29.28,28.77,29.0,16650157.0,500822823.0,2117714711.0,0.0078623229623492
2023-08-09,29.12,29.5,29.04,29.17,16508812.0,493529675.0,2117714711.0,0.00779557884461426
2023-08-10,29.17,29.32,28.97,29.13,11758227.0,350205047.0,2117714711.0,0.005552318704178846
2023-08-11,29.16,29.39,28.95,28.95,13780165.0,411711924.0,2117714711.0,0.006507092257716294
2023-08-14,28.74,29.06,28.49,29.06,9995833.0,294933849.0,2117714711.0,0.004720103679725536
2023-08-15,29.05,29.06,28.49,28.68,14236482.0,417192188.0,2117714711.0,0.006722568401707627
2023-08-16,28.61,29.07,28.56,28.67,9416421.0,278069340.0,2117714711.0,0.00444650119824379
2023-08-17,28.59,28.73,28.4,28.64,9016780.0,263439932.0,2117714711.0,0.004257787865931295
2023-08-18,28.69,28.69,28.09,28.1,11999023.0,348326109.0,2117714711.0,0.005666024293864387
2023-08-21,28.1,28.1,27.58,27.58,10587881.0,301900333.0,2117714711.0,0.0049996729705864525
2023-08-22,27.61,27.87,26.99,27.52,15539113.0,434944704.0,2117714711.0,0.007337680056376583
2023-08-23,27.46,27.46,26.95,26.97,9851400.0,274018565.0,2117714711.0,0.004651901386352507
2023-08-24,26.99,27.4,26.78,27.2,10400667.0,288760411.0,2117714711.0,0.004911269183698843
2023-08-25,27.1,27.45,27.04,27.18,9344458.0,260458911.0,2117714711.0,0.004412519756066425
2023-08-28,28.54,28.68,27.53,27.66,18080961.0,519620287.0,2117714711.0,0.008537958822348663
2023-08-29,27.66,28.25,27.61,28.25,13322091.0,382135399.0,2117714711.0,0.006290786445785804
2023-08-30,27.75,27.99,27.65,27.85,15838201.0,450991828.0,2117714711.0,0.007478911544473848
2023-08-31,27.89,27.89,27.29,27.29,14345510.0,403080877.0,2117714711.0,0.006774052201406274
2023-09-01,27.29,27.48,27.27,27.37,6762344.0,189393882.0,2117714711.0,0.0031932270975285303
2023-09-04,27.56,27.82,27.41,27.69,9536671.0,269620390.0,2117714711.0,0.0045032841064303305
2023-09-05,27.66,27.78,27.46,27.51,8330534.0,234941510.0,2117714711.0,0.0039337376072087924
2023-09-06,27.46,27.46,27.2,27.36,8921977.0,249104591.0,2117714711.0,0.004213021212752014
2023-09-07,27.35,27.36,27.05,27.07,8026117.0,223023895.0,2117714711.0,0.0037899897272801256
2023-09-08,26.98,27.14,26.89,27.0,6159596.0,170155942.0,2117714711.0,0.0029086051903050693
2023-09-11,27.05,27.54,27.04,27.46,12207680.0,342323931.0,2117714711.0,0.005764553618383963
2023-09-12,27.45,27.72,27.32,27.56,9672108.0,272896119.0,2117714711.0,0.004567238424401728
2023-09-13,27.49,27.6,27.13,27.35,8879763.0,248108335.0,2117714711.0,0.0041930874606839336
2023-09-14,27.76,27.87,27.44,27.52,9424944.0,266102596.0,2117714711.0,0.004450525819669767
2023-09-15,27.64,27.84,27.38,27.65,12918133.0,365828228.0,2117714711.0,0.0061000345952642344
2023-09-18,27.64,27.98,27.6,27.95,12667458.0,361225360.0,2117714711.0,0.005981664071275369
2023-09-19,27.93,28.09,27.73,27.83,8183448.0,233304018.0,2117714711.0,0.003864282548302135
2023-09-20,27.77,27.82,27.5,27.6,6671494.0,188598184.0,2117714711.0,0.0031503270791605697
2023-09-21,27.57,27.64,27.25,27.28,8461595.0,237111742.0,2117714711.0,0.003995625546750051
2023-09-22,27.19,27.84,27.09,27.82,10787941.0,304231178.0,2117714711.0,0.0050941427303519355
2023-09-25,27.79,28.04,27.66,27.9,11323086.0,323337154.0,2117714711.0,0.005346842018513985
2023-09-26,27.94,28.0,27.62,27.63,6854876.0,194593434.0,2117714711.0,0.003236921368300397
2023-09-27,27.66,28.09,27.65,28.01,13007096.0,372064986.0,2117714711.0,0.006142043558765267
2023-09-28,28.11,28.16,27.84,27.95,9265309.0,265028139.0,2117714711.0,0.004375145033404832
2023-10-09,27.85,28.19,27.53,28.04,11356614.0,324064235.0,2117714711.0,0.005362674179392807
2023-10-10,28.04,28.1,27.61,27.63,9093009.0,258317180.0,2117714711.0,0.004293783743753764
2023-10-11,27.7,28.4,27.68,28.09,17058947.0,491248542.0,2117714711.0,0.008055356517755238
2023-10-12,28.34,28.75,28.2,28.25,14181036.0,412052335.0,2117714711.0,0.006696386404806912
2023-10-13,28.17,28.72,28.0,28.63,19308675.0,564638867.0,2117714711.0,0.009117694134958483
2023-10-16,28.68,28.81,28.06,28.14,15048359.0,436667757.0,2117714711.0,0.00710594251521918
2023-10-17,28.14,28.29,27.76,28.0,9516699.0,272036517.0,2117714711.0,0.004493853185496429
2023-10-18,27.94,27.94,27.46,27.54,10367243.0,292807803.0,2117714711.0,0.004895486132362236
2023-10-19,27.44,27.54,26.98,27.03,11496208.0,320070170.0,2117714711.0,0.00542859146243141
2023-10-20,26.98,26.99,26.43,26.53,14010450.0,381103709.0,2117714711.0,0.006615834478188125
2023-10-23,26.38,26.52,26.07,26.23,9864546.0,264958630.0,2117714711.0,0.004658109021371387
2023-10-24,26.3,26.69,26.12,26.54,9187703.0,248566794.0,2117714711.0,0.004338498926355147
2023-10-25,26.71,26.97,26.56,26.6,9564494.0,261496685.0,2117714711.0,0.004516422325594356
2023-10-26,26.44,26.65,26.34,26.63,7000715.0,189707915.0,2117714711.0,0.0033057875849076064
2023-10-27,26.54,27.59,26.38,27.44,17025406.0,472819816.0,2117714711.0,0.008039518218183639
2023-10-30,27.37,28.36,27.33,28.27,22255946.0,640795633.0,2117714711.0,0.010509416534907378
2023-10-31,27.65,27.9,27.57,27.79,17075990.0,484496221.0,2117714711.0,0.008063404343985784
2023-11-01,27.75,27.75,27.17,27.58,13165923.0,370061693.0,2117714711.0,0.00621704280166376
2023-11-02,27.7,28.02,27.59,27.67,9878815.0,280565125.0,2117714711.0,0.004664846945004766
2023-11-03,27.68,27.92,27.67,27.74,9103761.0,258742472.0,2117714711.0,0.0042988609148874165
2023-11-06,27.91,28.29,27.91,28.16,13624036.0,392548093.0,2117714711.0,0.006433367029672582
2023-11-07,28.17,28.27,28.03,28.06,9697300.0,279287466.0,2117714711.0,0.004579134266589131
2023-11-08,28.05,28.3,27.88,28.07,10517575.0,302833994.0,2117714711.0,0.004966473975634577
2023-11-09,28.06,28.38,27.81,27.87,9694521.0,278234960.0,2117714711.0,0.00457782200295628
2023-11-10,27.75,27.95,27.56,27.73,8184878.0,232216548.0,2117714711.0,0.003864957804507597
2023-11-13,27.73,27.88,27.37,27.56,9234212.0,259939781.0,2117714711.0,0.004360460808075295
2023-11-14,27.57,27.79,27.42,27.55,6949762.0,196086824.0,2117714711.0,0.003281727214672024
2023-11-15,27.75,27.83,27.56,27.77,9218574.0,260974824.0,2117714711.0,0.004353076432871793
2023-11-16,27.76,27.77,27.38,27.45,8634761.0,243002503.0,2117714711.0,0.00407739576778149
2023-11-17,27.47,27.57,27.23,27.56,8364537.0,234664769.0,2117714711.0,0.003949794066477541
2023-11-20,27.56,27.74,27.56,27.72,6945720.0,196703768.0,2117714711.0,0.0032798185534255375
2023-11-21,27.72,28.03,27.69,27.75,10224828.0,291286859.0,2117714711.0,0.004828236752991041
2023-11-22,27.74,27.81,27.5,27.5,6678442.0,188721939.0,2117714711.0,0.003153607974346267
2023-11-23,27.51,27.94,27.5,27.94,10545639.0,299991383.0,2117714711.0,0.0049797259967185445
2023-11-24,27.93,28.18,27.71,27.85,12781003.0,365511346.0,2117714711.0,0.006035280830610426
2023-11-27,27.64,27.7,27.03,27.09,16591914.0,461443975.0,2117714711.0,0.007834820202087173
2023-11-28,27.09,27.62,26.78,27.55,13442528.0,375795050.0,2117714711.0,0.006347657656706905
2023-11-29,27.44,27.55,27.11,27.18,8443074.0,235549427.0,2117714711.0,0.003986879798371481
2023-11-30,27.18,27.31,26.92,27.26,8014541.0,222737151.0,2117714711.0,0.0037845234574658436
2023-12-01,27.26,27.44,27.01,27.34,9234654.0,257023202.0,2117714711.0,0.00436066952362971
2023-12-04,27.27,27.31,26.79,26.79,11120825.0,306222467.0,2117714711.0,0.005251332930840655
2023-12-05,26.78,26.91,26.46,26.48,10656032.0,290190046.0,2117714711.0,0.0050318543591587675
2023-12-06,26.51,26.71,26.3,26.51,9813602.0,265808613.0,2117714711.0,0.004634052901000035
2023-12-07,26.43,26.49,26.25,26.31,10264592.0,276592841.0,2117714711.0,0.004847013597574239
2023-12-08,26.32,26.58,26.0,26.58,22801050.0,611574944.0,2117714711.0,0.010766818533943687
2023-12-11,26.29,26.29,25.67,26.16,19682172.0,521805385.0,2117714711.0,0.009294062083889448
2023-12-12,26.06,26.17,25.4,25.55,19962945.0,524792639.0,2117714711.0,0.009426645098278301
2023-12-13,25.52,25.76,25.39,25.39,14540033.0,380196874.0,2117714711.0,0.006865907350255924
2023-12-14,25.46,25.78,25.27,25.28,11366265.0,296139335.0,2117714711.0,0.005367231450468968
2023-12-15,25.33,25.48,25.08,25.11,10611667.0,273852830.0,2117714711.0,0.0050109048895396755
2023-12-18,25.1,25.1,24.51,24.52,13286760.0,336382981.0,2117714711.0,0.006274102895439536
2023-12-19,24.48,24.5,23.83,24.01,19399628.0,477796876.0,2117714711.0,0.009160642790661522
2023-12-20,24.04,24.22,23.73,23.73,12603862.0,308053008.0,2117714711.0,0.0059516335862106595
2023-12-21,23.67,24.13,23.61,24.11,12392891.0,302765655.0,2117714711.0,0.005852011574376791
2023-12-22,23.99,24.06,23.65,23.76,11054894.0,269203690.0,2117714711.0,0.005220199842111783
2023-12-25,23.66,23.84,23.64,23.82,5929042.0,144135428.0,2117714711.0,0.002799735946113471
2023-12-26,23.76,23.83,23.62,23.7,5416990.0,131273002.0,2117714711.0,0.0025579413373589205
2023-12-27,23.66,23.75,23.38,23.66,7806663.0,188086426.0,2117714711.0,0.003686361982305746
2023-12-28,23.65,24.51,23.58,24.37,16132156.0,398201382.0,2117714711.0,0.0076177191933385026
2023-12-29,24.32,24.63,24.3,24.46,10584160.0,264895692.0,2117714711.0,0.004997915887830842
2024-01-02,24.48,24.57,24.14,24.29,10790673.0,268344259.0,2117714711.0,0.005095432800249363
2024-01-03,24.28,24.66,24.25,24.4,8776318.0,219739867.0,2117714711.0,0.004144239993429407
2024-01-04,24.41,24.5,24.11,24.38,7918101.0,196752019.0,2117714711.0,0.0037389838012038064
2024-01-05,24.39,24.42,23.91,23.99,7474258.0,184740335.0,2117714711.0,0.0035293979690354995
2024-01-08,23.95,24.02,23.63,23.66,6546775.0,159135512.0,2117714711.0,0.003091433877280177
2024-01-09,23.66,23.88,23.46,23.57,6392173.0,154541719.0,2117714711.0,0.003018429709534185
2024-01-10,23.56,23.86,23.4,23.64,6642772.0,160782430.0,2117714711.0,0.0031367643457806626
2024-01-11,23.64,23.95,23.6,23.86,7242507.0,176329085.0,2117714711.0,0.0034199634929012873
2024-01-12,23.86,23.93,23.51,23.51,6699127.0,162778863.0,2117714711.0,0.003163375578968625
2024-01-15,23.45,23.56,23.16,23.18,9290531.0,221905105.0,2117714711.0,0.004387055041806337
2024-01-16,23.22,23.27,22.7,23.17,12880190.0,302765412.0,2118488825.0,0.006079895181887495
2024-01-17,23.08,23.11,22.37,22.38,11414171.0,264943552.0,2118488825.0,0.0053878835070088225
2024-01-18,22.28,22.44,21.63,22.38,17796255.0,400289907.0,2118488825.0,0.008400447899459654
2024-01-19,22.23,22.57,22.15,22.45,10021174.0,229772673.0,2118488825.0,0.004730340741825721
2024-01-22,22.37,22.37,21.51,21.73,11359010.0,255189409.0,2118488825.0,0.005361845607092122
2024-01-23,21.61,22.09,21.54,21.95,9174843.0,205095712.0,2118488825.0,0.00433084323680584
2024-01-24,22.02,22.25,21.51,22.2,10492024.0,235498700.0,2118488825.0,0.004952598227654092
2024-01-25,22.11,22.87,22.05,22.84,13074045.0,302041539.0,2118488825.0,0.006171401446972466
2024-01-26,22.68,23.01,22.55,22.64,9989007.0,232433937.0,2118488825.0,0.00471515680522884
2024-01-29,22.7,22.86,22.38,22.47,7798688.0,180012084.0,2118488825.0,0.0036812504781562868
2024-01-30,22.35,22.48,21.99,22.0,7489444.0,170474261.0,2118488825.0,0.003535276613979779
2024-01-31,21.98,22.2,21.31,21.32,10865918.0,239982949.0,2118488825.0,0.005129089127954215
2024-02-01,21.21,21.87,21.21,21.76,11265143.0,249156924.0,2118488825.0,0.005317537136406656
2024-02-02,21.81,22.01,20.37,21.02,15497435.0,336408643.0,2118488825.0,0.007315325347538711
2024-02-05,20.98,21.17,19.92,20.71,18223439.0,384121616.0,2118488825.0,0.008602093522962057
2024-02-06,20.71,22.66,20.6,22.62,25697829.0,573881589.0,2118488825.0,0.012130264128251892
2024-02-07,22.69,23.36,22.57,23.31,29929770.0,704228326.0,2118488825.0,0.014127886655243508
2024-02-08,23.17,23.79,23.11,23.4,22404307.0,538417947.0,2118488825.0,0.010575607827433312
2024-02-19,23.45,23.61,23.21,23.43,14625505.0,350181393.0,2118488825.0,0.00690374422909689
2024-02-20,23.31,23.68,23.16,23.44,9453762.0,226897600.0,2118488825.0,0.0044625026520968315
2024-02-21,23.26,23.76,23.18,23.47,13362147.0,321918044.0,2118488825.0,0.0063073955558864
2024-02-22,23.35,23.6,23.31,23.49,8463014.0,203092267.0,2118488825.0,0.003994835327960722
2024-02-23,23.49,23.6,23.37,23.52,9000046.0,216102324.0,2118488825.0,0.004248333006901747
2024-02-26,23.51,23.88,23.43,23.75,13145009.0,318969501.0,2118488825.0,0.006204898909485633
2024-02-27,23.71,24.01,23.58,24.01,10644030.0,259083705.0,2118488825.0,0.005024350317259757
2024-02-28,24.01,24.72,23.62,23.62,20386231.0,506081259.0,2118488825.0,0.009623006153926727
2024-02-29,23.51,24.03,23.46,24.02,12359348.0,301418148.0,2118488825.0,0.005834039742928547
2024-03-01,24.04,24.27,23.88,24.21,11555656.0,285533712.0,2118488825.0,0.005454669320712607
2024-03-04,24.23,25.3,24.23,25.06,24394647.0,621731188.0,2118488825.0,0.01151511714960309
2024-03-05,24.95,24.96,24.44,24.59,15350101.0,386858117.0,2118488825.0,0.007245778603528862
2024-03-06,24.59,24.72,24.2,24.32,11412906.0,284569188.0,2118488825.0,0.005387286383254818
2024-03-07,24.19,24.35,23.73,23.73,12388872.0,304389076.0,2118488825.0,0.005847976092108959
2024-03-08,23.65,23.99,23.6,23.73,7834301.0,190403261.0,2118488825.0,0.003698061045943917
2024-03-11,23.75,24.22,23.68,24.2,11058184.0,271119955.0,2118488825.0,0.005219845330078623
2024-03-12,24.15,24.53,24.11,24.46,14990622.0,374514551.0,2118488825.0,0.007076092081816858
2024-03-13,24.51,24.53,24.04,24.17,11008839.0,272935198.0,2118488825.0,0.005196552783326577
2024-03-14,24.92,25.2,24.23,24.35,21132946.0,534008470.0,2118488825.0,0.009975481461413893
2024-03-15,24.34,24.51,24.04,24.19,11822983.0,292812662.0,2118488825.0,0.005580856911057815
2024-03-18,24.32,24.57,24.21,24.53,12708200.0,317728864.0,2118488825.0,0.005998709953072327
2024-03-19,24.53,24.53,24.23,24.23,10547024.0,262551176.0,2118488825.0,0.004978560130002102
2024-03-20,24.19,24.39,24.1,24.25,8367935.0,207481220.0,2118488825.0,0.0039499547513544234
2024-03-21,24.29,24.36,24.04,24.11,7712006.0,190729632.0,2118488825.0,0.003640333575986647
2024-03-22,23.98,24.08,23.46,23.55,11756600.0,284422129.0,2118488825.0,0.005549521838992944
2024-03-25,23.52,23.72,23.06,23.06,9027222.0,215932028.0,2118488825.0,0.004261161018869193
2024-03-26,23.06,23.14,22.78,23.0,8946292.0,209846578.0,2118488825.0,0.004222959259650567
2024-03-27,22.57,22.7,22.26,22.28,12704971.0,292261739.0,2118488825.0,0.005997185753387205
2024-03-28,22.28,22.72,22.16,22.6,9996330.0,230226220.0,2118488825.0,0.004718613514517831
2024-03-29,22.65,22.72,22.45,22.54,5396928.0,124421249.0,2118488825.0,0.0025475366857316325
2024-04-01,22.48,22.92,22.48,22.92,7405753.0,172616421.0,2118488825.0,0.0034957715672632827
2024-04-02,22.92,22.94,22.67,22.8,6517311.0,151911558.0,2118488825.0,0.0030763962137020004
2024-04-03,22.81,23.08,22.77,22.81,6926647.0,162058669.0,2118488825.0,0.003269616963875181
2024-04-08,22.52,22.66,22.31,22.33,8875965.0,204089995.0,2118488825.0,0.00418976248317005
2024-04-09,22.33,22.92,22.33,22.9,8021946.0,186201544.0,2118488825.0,0.0037866359762365044
2024-04-10,22.87,22.87,22.49,22.53,5705604.0,132321177.0,2118488825.0,0.0026932424342620736
2024-04-11,22.45,22.58,22.38,22.42,6048303.0,139076732.0,2118488825.0,0.002855008215584994
2024-04-12,22.3,22.53,22.03,22.04,7010513.0,159396057.0,2118488825.0,0.0033092046166446026
2024-04-15,22.02,22.36,21.84,22.18,8949665.0,202453796.0,2118488825.0,0.004224551432316382
2024-04-16,22.01,22.25,21.74,21.84,8145300.0,183217902.0,2118488825.0,0.0038448633308226206
2024-04-17,21.83,22.28,21.83,22.26,7386597.0,167440188.0,2118488825.0,0.0034867292726927647
2024-04-18,22.26,22.52,22.16,22.25,8818726.0,201653229.0,2118488825.0,0.004162743695379181
2024-04-19,22.19,22.29,21.94,22.0,5892389.0,133056481.0,2118488825.0,0.0027814114148088554
2024-04-22,22.04,22.36,22.01,22.22,6167673.0,140037301.0,2118488825.0,0.002911354984371938
2024-04-23,22.23,22.33,21.97,22.23,7525549.0,170663721.0,2118488825.0,0.0035523194227847768
2024-04-24,22.24,22.25,21.95,22.21,5584819.0,126387890.0,2118488825.0,0.0026362277365329033
2024-04-25,22.19,22.55,22.09,22.36,8754328.0,200605413.0,2118488825.0,0.004132345611971779
2024-04-26,22.26,22.66,22.25,22.66,11252675.0,259703690.0,2118488825.0,0.005311651809161656
2024-04-29,22.65,23.37,22.58,23.17,17613857.0,416022718.0,2118488825.0,0.008314349734651066
2024-04-30,23.03,23.22,22.93,23.13,9600485.0,226917317.0,2118488825.0,0.004531760982973323
2024-05-06,23.28,23.65,23.28,23.57,13530903.0,325835026.0,2118488825.0,0.006387054224843504
2024-05-07,23.57,23.73,23.46,23.64,10573423.0,255476172.0,2118488825.0,0.004991021371094559
2024-05-08,23.64,24.06,23.53,23.62,13420448.0,326157457.0,2118488825.0,0.006334915644409878
2024-05-09,23.55,23.94,23.41,23.79,12861243.0,312677681.0,2118488825.0,0.0060709515425458995
2024-05-10,23.8,23.91,23.53,23.62,9038491.0,219009111.0,2118488825.0,0.004266480376643006
2024-05-13,23.61,23.72,23.38,23.42,9890605.0,237802402.0,2118488825.0,0.004668707657686134
2024-05-14,23.38,23.63,23.38,23.42,7573955.0,182099848.0,2118488825.0,0.003575168729058554
2024-05-15,23.41,23.46,23.11,23.15,6909600.0,164197287.0,2118488825.0,0.0032615701902510624
2024-05-16,23.22,23.32,23.07,23.18,7469153.0,176988817.0,2118488825.0,0.0035256985601517157
2024-05-17,23.18,23.36,23.02,23.24,7579779.0,179586738.0,2118488825.0,0.0035779178584999143
2024-05-20,23.31,23.48,23.2,23.27,9242189.0,220526199.0,2118488825.0,0.004362632878179095
2024-05-21,23.16,23.2,22.87,22.92,8877115.0,209045020.0,2118488825.0,0.004190305322946417
2024-05-22,22.92,23.11,22.92,23.09,6789958.0,160058053.0,2118488825.0,0.0032050950280561427
2024-05-23,23.05,23.09,22.61,22.67,7968148.0,185928678.0,2118488825.0,0.0037612414594634454
2024-05-24,22.61,22.82,22.54,22.57,5869037.0,136191761.0,2118488825.0,0.002770388463106479
2024-05-27,22.6,22.75,22.43,22.72,7387616.0,170682757.0,2118488825.0,0.0034872102759380855
2024-05-28,22.76,22.87,22.55,22.67,5811447.0,135197206.0,2118488825.0,0.002743203991175172
2024-05-29,22.67,22.82,22.54,22.57,4630916.0,107387480.0,2118488825.0,0.00218595252679702
2024-05-30,22.65,22.75,22.52,22.62,5418588.0,125428814.0,2118488825.0,0.0025577609549108666
2024-05-31,22.67,22.87,22.58,22.64,6103400.0,141729730.0,2118488825.0,0.0028810159052880535
2024-06-03,22.85,23.06,22.58,22.85,12906830.0,301973310.0,2118488825.0,0.006092470183315694
2024-06-04,22.73,23.46,22.69,23.31,17467340.0,415215490.0,2118488825.0,0.008245188642899732
2024-06-05,23.3,23.71,23.16,23.33,18244016.0,438575816.0,2118488825.0,0.00861180657868233
2024-06-06,23.38,23.49,23.04,23.08,11217385.0,266393586.0,2118488825.0,0.005294993708545997
2024-06-07,23.14,23.43,23.13,23.42,12073389.0,288231028.0,2118488825.0,0.005699057204137011
2024-06-11,23.38,23.38,22.95,23.23,8893339.0,210846293.0,2118488825.0,0.004197963612104491
2024-06-12,23.21,23.36,22.93,23.13,10368563.0,245201387.0,2118488825.0,0.0048943203653670445
2024-06-13,23.11,23.19,22.75,22.77,8967199.0,209877224.0,2118488825.0,0.004232828086784928
2024-06-14,22.75,22.76,22.25,22.65,13635301.0,313958621.0,2118488825.0,0.006436333691776731
2024-06-17,22.5,22.63,22.42,22.52,5725348.0,131889201.0,2118488825.0,0.002702562285170421
2024-06-18,22.52,22.57,22.33,22.39,7372787.0,169227503.0,2118488825.0,0.003480210475030474
2024-06-19,22.43,22.43,22.1,22.11,7586357.0,172182890.0,2118488825.0,0.0035810229020207364
2024-06-20,22.14,22.44,21.97,21.99,8226300.0,186503259.0,2118488825.0,0.003883098132462417
2024-06-21,21.89,22.08,21.75,21.94,7678645.0,172141128.0,2118488825.0,0.0036245860300915204
2024-06-24,21.79,21.92,21.34,21.41,9055370.0,199488887.0,2118488825.0,0.004274447848456316
2024-06-25,21.69,21.78,21.46,21.58,8325253.0,184179512.0,2118488825.0,0.003929807371063192
2024-06-26,21.69,22.12,21.62,22.11,10406011.0,233107280.0,2118488825.0,0.004911997116623922
2024-06-27,22.07,22.09,21.65,21.65,7461332.0,167024789.0,2118488825.0,0.0035220067776378285
2024-06-28,21.62,21.87,21.6,21.64,6762996.0,150421732.0,2118488825.0,0.0031923680314905603
2024-07-01,21.67,21.75,21.32,21.63,7366443.0,162146203.0,2118488825.0,0.003477215887603278
2024-07-02,21.59,21.68,21.45,21.47,4784257.0,105501236.0,2118488825.0,0.0022583347825778596
2024-07-03,21.49,21.72,21.41,21.54,5794379.0,127837286.0,2118488825.0,0.002735147304824702
2024-07-04,21.51,21.6,21.16,21.22,8214800.0,179129608.0,2118488825.0,0.003877669734698742
2024-07-05,21.21,21.89,21.16,21.81,11025286.0,243395462.0,2118488825.0,0.005204316336197808
2024-07-08,21.81,21.82,21.35,21.4,6893000.0,152087371.0,2118488825.0,0.003253734416087845
2024-07-09,21.4,21.63,21.13,21.54,8747113.0,191490222.0,2118488825.0,0.0041289398824183084
2024-07-10,21.53,21.83,21.39,21.66,6721324.0,148983198.0,2118488825.0,0.0031726974061333556
2024-07-11,21.83,22.19,21.82,22.06,8943453.0,201796975.0,2118488825.0,0.004221619153454822
2024-07-12,22.07,22.16,22.02,22.08,6288744.0,142187671.0,2118488825.0,0.0029685046839933176
2024-07-15,21.97,22.12,21.88,21.98,5197198.0,116812673.0,2118488825.0,0.0024532572174413053
2024-07-16,21.94,22.2,21.89,22.15,6226275.0,140823487.0,2118488825.0,0.002939017155306448
2024-07-17,22.1,22.55,22.1,22.52,11064720.0,253735670.0,2118488825.0,0.005222930548146743
2024-07-18,22.5,22.73,22.34,22.61,9596692.0,221596468.0,2118488825.0,0.004529970555780486
2024-07-19,22.57,22.95,22.43,22.85,10813582.0,252054663.0,2118488825.0,0.005104384725749025
2024-07-22,22.96,23.11,22.68,23.04,10622611.0,249745067.0,2118488825.0,0.0050142398084162655
2024-07-23,23.12,23.12,22.48,22.5,10372077.0,241381904.0,2118488825.0,0.0048959790949097875
2024-07-24,22.39,22.6,22.28,22.28,7202473.0,165209785.0,2118488825.0,0.0033998163761850384
2024-07-25,22.27,22.66,22.26,22.57,7457573.0,171929103.0,2118488825.0,0.0035202323996209894
2024-07-26,22.53,22.7,22.46,22.56,6577618.0,151845532.0,2118488825.0,0.0031048632036092994
2024-07-29,22.55,22.63,22.31,22.35,5131747.0,117847081.0,2118488825.0,0.002422362081612585
2024-07-30,22.35,22.52,22.15,22.25,6326478.0,144095043.0,2118488825.0,0.002986316437142405
2024-07-31,22.27,23.06,22.24,23.04,15579693.0,364730038.0,2118488825.0,0.007354153968690394
2024-08-01,23.03,23.24,22.9,23.06,9566664.0,225942649.0,2118488825.0,0.00451579630116765
2024-08-02,23.08,23.54,23.03,23.24,11978877.0,286380856.0,2118488825.0,0.00565444427114219
2024-08-05,23.18,23.54,23.05,23.1,11080852.0,263868052.0,2118488825.0,0.005230545410122709
2024-08-06,23.13,23.52,23.08,23.51,11221369.0,265260602.0,2118488825.0,0.005296874294345168
2024-08-07,23.45,23.61,23.25,23.45,6642815.0,157600758.0,2118488825.0,0.00313563844265263
2024-08-08,23.48,23.72,23.43,23.43,9889545.0,235852013.0,2118488825.0,0.0046682073010226996
2024-08-09,23.44,23.55,23.18,23.19,8342377.0,196966328.0,2118488825.0,0.003937890491350598
2024-08-12,23.33,23.9,23.31,23.6,16471752.0,394492825.0,2118488825.0,0.007775236671356999
2024-08-13,23.48,23.59,23.08,23.3,9928030.0,233275145.0,2118488825.0,0.004686373552147485
2024-08-14,23.3,23.3,22.96,23.07,6894253.0,161037225.0,2118488825.0,0.0032543258754267916
2024-08-15,23.07,23.31,22.95,23.05,7576675.0,177033888.0,2118488825.0,0.0035764526631383103
2024-08-16,23.03,23.22,22.84,23.18,7068295.0,164983471.0,2118488825.0,0.003336479719216834
2024-08-19,23.24,23.43,22.96,23.02,7045771.0,164670412.0,2118488825.0,0.0033258476121534415
2024-08-20,23.08,23.08,22.73,22.79,6023388.0,139103682.0,2118488825.0,0.002843247473821345
2024-08-21,22.77,22.84,22.47,22.51,5160369.0,118059642.0,2118488825.0,0.0024358726555944897
2024-08-22,22.51,22.61,22.09,22.13,6715305.0,151080599.0,2118488825.0,0.003169856229947307
2024-08-23,22.18,22.3,22.04,22.14,5102954.0,114363673.0,2118488825.0,0.0024087707897161082
2024-08-26,22.16,22.29,21.91,22.08,6717457.0,149949237.0,2118488825.0,0.003170872048380996
2024-08-27,22.09,22.29,21.96,22.04,5373801.0,120045220.0,2118488825.0,0.0025366199418115883
2024-08-28,21.85,22.21,21.53,22.1,8542651.0,189589626.0,2118488825.0,0.004032426746456876
2024-08-29,22.07,22.53,22.04,22.42,7696020.0,174285107.0,2118488825.0,0.0036327876310605508
2024-08-30,22.34,22.59,22.19,22.28,16696051.0,377747545.0,2118488825.0,0.007881113557443475
2024-09-02,22.24,22.28,21.92,22.12,8870252.0,198608951.0,2118488825.0,0.004187065749567973
2024-09-03,22.07,22.53,22.01,22.44,9185838.0,207976686.0,2118488825.0,0.004336033257102501
2024-09-04,22.39,22.62,22.25,22.29,6770553.0,153349341.0,2118488825.0,0.0031959351968731766
2024-09-05,22.36,22.61,22.31,22.56,6436200.0,146417883.0,2118488825.0,0.00303810901622292
2024-09-06,22.54,22.58,22.25,22.25,4753347.0,107745890.0,2118488825.0,0.002243744193458278
2024-09-09,22.35,22.53,22.02,22.08,6285237.0,141453380.0,2118488825.0,0.002966849258692691
2024-09-10,22.37,22.42,21.75,22.09,7705867.0,171318298.0,2118488825.0,0.003637435755650021
2024-09-11,21.99,22.28,21.86,22.24,6161200.0,138141941.0,2118488825.0,0.0029082995044828713
2024-09-12,22.19,22.47,22.09,22.13,5760000.0,129864395.0,2118488825.0,0.0027189192277188435
2024-09-13,22.12,22.22,21.92,21.96,4307484.0,96233547.0,2118488825.0,0.002033281435883902
2024-09-18,21.95,22.03,21.64,22.02,6348776.0,140168358.0,2118488825.0,0.0029968418643888765
2024-09-19,22.07,22.58,22.07,22.24,8837628.0,199460910.0,2118488825.0,0.0041716660931643106
2024-09-20,22.23,22.23,21.86,22.07,8069126.0,179681107.0,2118488825.0,0.003808906568105215
2024-09-23,22.24,22.28,21.97,22.09,5519431.0,123365607.0,2118488825.0,0.0026053623388832365
2024-09-24,22.19,22.62,22.1,22.62,10968844.0,248927590.0,2118488825.0,0.005177673759973692
2024-09-25,22.74,23.27,22.74,22.94,15045610.0,351596810.0,2118488825.0,0.0071020483197498105
2024-09-26,22.95,23.7,22.77,23.67,17593057.0,414977117.0,2118488825.0,0.008304531415217637
2024-09-27,23.92,24.86,23.92,24.86,26326915.0,651939458.0,2118488825.0,0.012427214479170076
2024-09-30,25.98,27.35,25.5,27.35,67474374.0,1820726399.0,2118488825.0,0.03185023834147438
2024-10-08,30.09,30.09,27.78,28.86,81251645.0,2396563307.0,2118488825.0,0.038353586783730145
2024-10-09,28.52,28.52,26.39,26.47,46352958.0,1278201589.0,2118488825.0,0.021880199438861804
2024-10-10,26.47,27.13,26.01,26.27,34914144.0,939263593.0,2118488825.0,0.01648068358349731
2024-10-11,26.26,26.37,25.21,25.42,22129781.0,574382683.0,2118488825.0,0.010446022060088045
2024-10-14,25.44,25.64,24.91,25.46,23092886.0,591088727.0,2118488825.0,0.010900640932104043
2024-10-15,25.5,25.57,24.99,25.01,20455317.0,523420733.0,2118488825.0,0.009655617135483355
2024-10-16,24.86,25.16,24.5,24.59,17862577.0,447600022.0,2118488825.0,0.008431754177414649
2024-10-17,24.66,24.89,24.34,24.37,13711743.0,341241819.0,2118488825.0,0.00647241695976376
2024-10-18,24.42,25.55,24.23,25.16,28961599.0,727748349.0,2118488825.0,0.013670876456003964
2024-10-21,24.99,25.38,24.83,25.13,24951243.0,633976913.0,2118488825.0,0.011777849713226598
2024-10-22,24.96,25.59,24.95,25.52,22700873.0,583108075.0,2118488825.0,0.01071559723710131
2024-10-23,25.6,25.67,25.35,25.51,23064689.0,594743633.0,2118488825.0,0.010887330972822101
2024-10-24,25.53,25.77,25.27,25.38,16356938.0,421982127.0,2118488825.0,0.007721040492153646
2024-10-25,25.39,25.9,25.28,25.75,19984091.0,518272922.0,2118488825.0,0.009433182164649842
2024-10-28,25.79,26.24,25.51,26.2,21504215.0,566236767.0,2118488825.0,0.010150733270920134
2024-10-29,26.39,26.43,25.63,25.74,19202388.0,503264245.0,2118488825.0,0.009064191310992637
2024-10-30,26.0,27.32,25.81,26.37,41186240.0,1107161628.0,2118488825.0,0.019441329835667178
2024-10-31,26.38,26.65,26.06,26.29,23169487.0,617326369.0,2118488825.0,0.010936799253590587
2024-11-01,26.1,26.53,26.06,26.21,20418250.0,543197550.0,2118488825.0,0.009638120229404561
2024-11-04,26.23,26.54,26.23,26.53,16301321.0,435583771.0,2118488825.0,0.007694787344464751
2024-11-05,26.53,26.91,26.41,26.88,24243770.0,655587390.0,2118488825.0,0.011443897987047442
2024-11-06,26.98,27.11,26.57,26.79,22057820.0,599206538.0,2118488825.0,0.010412053979090495
2024-11-07,26.66,27.25,26.53,27.23,22291402.0,609174773.0,2118488825.0,0.010522312762258729
2024-11-08,27.48,27.59,26.99,27.14,28817164.0,794545700.0,2118488825.0,0.013602698140265148
2024-11-11,27.03,27.18,26.59,27.16,27614810.0,752592588.0,2118488825.0,0.013035145465069896
2024-11-12,27.18,28.01,27.17,27.46,38300601.0,1071924706.0,2118488825.0,0.018079208418765202
2024-11-13,27.47,27.8,27.07,27.37,20814903.0,575882907.0,2118488825.0,0.00982535416489629
2024-11-14,27.42,27.43,26.75,26.75,17600379.0,482102034.0,2118488825.0,0.00830798765247204
2024-11-15,26.7,26.96,26.49,26.5,16811214.0,455191120.0,2118488825.0,0.007935474476718092
2024-11-18,26.52,26.83,26.28,26.36,16261100.0,437195356.0,2118488825.0,0.007675801641294945
2024-11-19,26.39,26.67,26.1,26.54,11769011.0,314378058.0,2118488825.0,0.005555380260266419
2024-11-20,26.55,27.21,26.49,26.96,17266290.0,470565000.0,2118488825.0,0.008150286088953053
2024-11-21,26.94,27.08,26.74,26.98,10367938.0,282153677.0,2118488825.0,0.004894025343749453
2024-11-22,26.95,26.97,25.94,25.94,19745900.0,528271377.0,2118488825.0,0.009320747774064846
2024-11-25,25.93,26.3,25.73,26.03,14023122.0,369166702.0,2118488825.0,0.006619398617785959
2024-11-26,25.98,26.2,25.71,25.71,9851026.0,258580069.0,2118488825.0,0.004650025000721918
2024-11-27,25.71,26.11,25.54,26.09,11478660.0,299995809.0,2118488825.0,0.0054183245455637465
2024-11-28,26.1,26.24,25.96,26.01,8624058.0,227850411.0,2118488825.0,0.0040708536661740475
2024-11-29,26.0,26.48,25.99,26.37,11407542.0,303551130.0,2118488825.0,0.005384754389724005
2024-12-02,26.39,26.59,26.29,26.47,11794272.0,316033729.0,2118488825.0,0.005567304325997566
2024-12-03,26.13,26.48,26.13,26.42,9440114.0,251377414.0,2118488825.0,0.0044560603240378195
2024-12-04,26.36,26.41,25.91,26.0,9344129.0,247068221.0,2118488825.0,0.004410752084094661
2024-12-05,26.0,26.04,25.71,25.82,9092422.0,237637945.0,2118488825.0,0.004291937674016288
2024-12-06,25.82,26.27,25.82,26.12,10560600.0,278474431.0,2118488825.0,0.004984968471570767
2024-12-09,26.21,26.58,25.94,26.01,11534415.0,305595465.0,2118488825.0,0.005444642834025806
2024-12-10,26.59,26.71,26.04,26.04,15028768.0,400503430.0,2118488825.0,0.007094098313216262
2024-12-11,26.25,26.65,26.24,26.43,14014213.0,374657998.0,2118488825.0,0.00661519326164017
2024-12-12,26.36,26.56,26.25,26.48,14039295.0,375575913.0,2118488825.0,0.0066270328331800386
2024-12-13,26.44,26.44,25.97,26.0,14677583.0,387681587.0,2118488825.0,0.0069283268463783375
2024-12-16,25.96,26.1,25.43,25.55,13290153.0,345745164.0,2118488825.0,0.006273411897747443
2024-12-17,25.65,25.99,25.4,25.66,11576695.0,301040272.0,2118488825.0,0.005464600456412603
2024-12-18,25.74,25.87,25.6,25.66,7168179.0,186504239.0,2118488825.0,0.0033836284220191723
2024-12-19,25.65,25.78,25.4,25.73,7843402.0,203141754.0,2118488825.0,0.0037023570327306306
2024-12-20,25.72,25.83,25.59,25.6,7665146.0,199110333.0,2118488825.0,0.003618214035186143
2024-12-23,25.59,25.76,25.24,25.31,9931367.0,255758707.0,2118488825.0,0.004687948731568126
2024-12-24,25.23,25.43,25.15,25.39,9128990.0,233871464.0,2118488825.0,0.004309199034835598
2024-12-25,25.5,25.6,25.06,25.31,8530633.0,218355428.0,2118488825.0,0.004026753834776541
2024-12-26,25.26,25.35,24.8,24.93,12445874.0,314824943.0,2118488825.0,0.005874883007702436
2024-12-27,24.89,25.42,24.87,25.22,11846778.0,302366807.0,2118488825.0,0.00559208897408274
2024-12-30,25.22,25.3,24.82,24.99,13624781.0,344230024.0,2118488825.0,0.006431367887909439
2024-12-31,24.98,25.04,24.53,24.56,12275863.0,307096880.0,2118488825.0,0.005794631935337209
2025-01-02,24.56,24.7,23.92,24.14,12402065.0,305256273.0,2118488825.0,0.005854203644430364
2025-01-03,24.2,24.43,23.8,23.88,11317923.0,275965931.0,2118488825.0,0.005342451121968982
2025-01-06,23.89,24.61,23.89,24.37,16273180.0,400368359.0,2118488825.0,0.007681503819119744
2025-01-07,24.37,24.37,23.67,23.99,12685228.0,307032141.0,2118488825.0,0.005987866374513446
2025-01-08,23.92,24.51,23.7,23.95,18136079.0,443030757.0,2118488825.0,0.008560856581341656
2025-01-09,23.8,23.99,23.39,23.7,9335528.0,224365843.0,2118488825.0,0.004406692114602021
2025-01-10,23.8,23.89,23.34,23.35,8452381.0,201358272.0,2118488825.0,0.0039898161841849696
2025-01-13,23.31,23.56,22.49,23.21,15181847.0,354498386.0,2118488825.0,0.007166356895935007
2025-01-14,23.22,23.76,23.03,23.73,11491274.0,272913576.0,2118488825.0,0.005424278789858615
2025-01-15,23.72,23.74,23.48,23.64,6801924.0,162454354.0,2118488825.0,0.0032107433939378934
2025-01-16,23.72,23.87,23.23,23.29,11749229.0,279079780.0,2118488825.0,0.005546042472043722
2025-01-17,23.16,23.33,23.03,23.22,8159556.0,191542450.0,2118488825.0,0.0038515926559112247
2025-01-20,23.36,23.61,23.3,23.47,10408268.0,247284772.0,2118488825.0,0.004913062498689367
2025-01-21,23.51,23.64,23.21,23.42,8199900.0,193937171.0,2118488825.0,0.003870636419335372
2025-01-22,23.29,23.46,23.08,23.43,7776748.0,183067832.0,2118488825.0,0.0036708940392923715
2025-01-23,23.61,23.79,23.37,23.39,11228595.0,267534712.0,2118488825.0,0.005300285216279108
2025-01-24,23.37,23.6,23.24,23.54,8481404.0,201754163.0,2118488825.0,0.00400351604403672
2025-01-27,23.58,23.74,23.49,23.53,8491901.0,202847582.0,2118488825.0,0.004008470991108485
2025-02-05,23.68,23.77,23.49,23.7,11477645.0,274743680.0,2118488825.0,0.005417845430456779
2025-02-06,23.77,24.06,23.58,24.06,12292434.0,297287379.0,2118488825.0,0.005802454020497371
2025-02-07,24.11,24.36,24.02,24.3,14130407.0,346393406.0,2118488825.0,0.006670040848575163
2025-02-10,24.4,25.2,24.38,25.14,27481649.0,690983084.0,2118488825.0,0.012972288867277835
2025-02-11,25.2,25.2,24.72,24.95,15430360.0,388921755.0,2118488825.0,0.007283663627538842
2025-02-12,24.93,24.95,24.56,24.8,13187527.0,330001143.0,2118488825.0,0.006224968876104409
2025-02-13,24.74,24.9,24.65,24.71,9513924.0,238404313.0,2118488825.0,0.004490901196988849
2025-02-14,24.8,25.19,24.77,25.13,15346137.0,388834136.0,2118488825.0,0.007243907458421453
2025-02-17,25.65,26.24,25.5,25.83,37327115.0,977524876.0,2118488825.0,0.017619689355689663
2025-02-18,25.58,25.69,25.17,25.29,18546958.0,477261278.0,2118488825.0,0.008754805680884345
2025-02-19,25.29,25.38,25.02,25.21,13433067.0,342646862.0,2118488825.0,0.0063408722488776876
2025-02-20,25.24,25.66,25.19,25.29,15527850.0,399257730.0,2118488825.0,0.0073296822795371605
2025-02-21,25.29,25.65,25.08,25.34,18545425.0,474984163.0,2118488825.0,0.008754082051860717
2025-02-24,25.35,25.5,25.13,25.22,14592154.0,373300262.0,2118488825.0,0.0068880014035476445
2025-02-25,25.01,25.02,24.82,24.87,11790377.0,297169565.0,2118488825.0,0.005565465751276738
2025-02-26,24.91,25.1,24.75,25.09,11597224.0,292291837.0,2118488825.0,0.005474290854472645
2025-02-27,25.13,25.29,24.92,25.09,11517983.0,292645729.0,2118488825.0,0.005436886361673397
2025-02-28,25.02,25.18,24.57,24.7,15511340.0,389457187.0,2118488825.0,0.007321888988486876
2025-03-03,24.71,25.04,24.61,24.69,11942937.0,299522272.0,2118488825.0,0.005637479348044237
2025-03-04,24.61,24.76,24.48,24.69,8041121.0,200532002.0,2118488825.0,0.003795687239464197
2025-03-05,24.62,24.69,24.38,24.5,9725430.0,240848456.0,2118488825.0,0.004590739344589179
2025-03-06,24.59,24.77,24.49,24.72,11530684.0,287869414.0,2118488825.0,0.005442881672977435
2025-03-07,24.72,24.9,24.51,24.66,11382986.0,284890020.0,2118488825.0,0.005373163108377501
2025-03-10,24.95,25.17,24.61,24.71,13008738.0,326501090.0,2118488825.0,0.0061405742841244395
2025-03-11,24.38,24.66,24.33,24.61,10097605.0,250381279.0,2118488825.0,0.0047664188174322795
2025-03-12,24.63,24.69,24.36,24.4,11056414.0,273401204.0,2118488825.0,0.005219009828857606
2025-03-13,24.42,24.5,24.14,24.25,9719800.0,238670261.0,2118488825.0,0.0045880817898579195
2025-03-14,24.3,24.76,24.24,24.74,15913901.0,394992436.0,2118488825.0,0.00751191170432537
2025-03-17,24.79,24.84,24.55,24.67,12972091.0,324288421.0,2118488825.0,0.006123275632572666
2025-03-18,24.91,25.04,24.74,24.8,13346645.0,336128397.0,2118488825.0,0.006300078075700966
2025-03-19,24.76,24.94,24.7,24.72,9201967.0,230752916.0,2118488825.0,0.0043436467029747015
2025-03-20,24.72,24.76,24.56,24.66,7614939.0,189904072.0,2118488825.0,0.003594514594619115
2025-03-21,24.65,24.76,24.2,24.22,11744519.0,290311453.0,2118488825.0,0.005543819189133556
2025-03-24,24.27,24.45,24.08,24.23,8925748.0,219074593.0,2118488825.0,0.004213261781071703
2025-03-25,24.2,24.47,24.1,24.47,9578875.0,235287152.0,2118488825.0,0.004521560315523496
2025-03-26,24.51,24.67,24.22,24.27,13909300.0,342758429.0,2118488825.0,0.006565670696894047
2025-03-27,24.27,24.76,24.04,24.7,19604217.0,485016768.0,2118488825.0,0.009253868497512608
2025-03-28,24.61,25.6,24.58,25.02,34157611.0,871379342.0,2118488825.0,0.016123573840423726
2025-03-31,25.01,25.19,24.43,24.54,20946606.0,525386765.0,2118488825.0,0.009887522536258835
2025-04-01,24.65,25.7,24.65,25.45,39344236.0,1010817278.0,2118488825.0,0.01857184023616457
2025-04-02,25.48,25.49,25.06,25.17,18673769.0,476948674.0,2118488825.0,0.00881466485904168
2025-04-03,24.99,25.44,24.93,25.22,16689601.0,425833740.0,2118488825.0,0.007878068934349936
2025-04-07,24.0,24.5,22.7,22.93,40018858.0,949087895.0,2118488825.0,0.01889028515408855
2025-04-08,22.92,23.49,22.92,23.43,25956278.0,610158159.0,2118488825.0,0.012252260995523543
2025-04-09,23.19,23.41,22.62,23.41,24120891.0,564253265.0,2118488825.0,0.011385894848890694
2025-04-10,23.77,23.83,23.39,23.64,22822180.0,544646474.0,2118488825.0,0.010772858336885491
2025-04-11,23.53,23.71,23.38,23.57,13970003.0,332778855.0,2118488825.0,0.006594324612498251
2025-04-14,23.57,23.86,23.56,23.67,13607226.0,326315425.0,2118488825.0,0.006423081320714543
2025-04-15,23.61,23.76,23.47,23.72,9790402.0,233802308.0,2118488825.0,0.004621408375850177
2025-04-16,23.74,23.75,23.35,23.72,12236871.0,291124044.0,2118488825.0,0.005776226362676234
2025-04-17,23.62,23.68,23.54,23.67,8027700.0,191731850.0,2118488825.0,0.0037893520632566943
2025-04-18,23.6,23.74,23.49,23.61,5810350.0,138659141.0,2118488825.0,0.002742686169231976
2025-04-21,23.53,23.65,23.49,23.63,8972801.0,214124936.0,2118488825.0,0.00423547242454772
2025-04-22,23.57,24.26,23.54,24.12,18835792.0,457427331.0,2118488825.0,0.0088911453191168
2025-04-23,24.11,24.22,23.88,23.91,9447884.0,229386042.0,2118488825.0,0.004459728032787711
2025-04-24,23.94,24.26,23.91,23.92,8796850.0,214086136.0,2118488825.0,0.0041524174667289075
2025-04-25,24.11,24.12,23.63,23.86,17369988.0,418364270.0,2118488825.0,0.00819923513167458
2025-04-28,23.82,23.83,23.63,23.67,8197012.0,196621320.0,2118488825.0,0.003869273183444808
2025-04-29,23.64,23.74,23.55,23.55,7020001.0,167671027.0,2118488825.0,0.0033136832808169287
2025-04-30,23.22,23.3,23.03,23.13,21389550.0,500678777.0,2118488825.0,0.010096607424870414
2025-05-06,23.23,23.45,23.13,23.42,13618373.0,321409837.0,2118488825.0,0.006428343090268602
2025-05-07,23.68,23.7,23.45,23.54,12618813.0,300712605.0,2118488825.0,0.005956516197341753
2025-05-08,23.47,23.57,23.41,23.56,7898106.0,187798165.0,2118488825.0,0.0037281792128405493
2025-05-09,23.55,23.56,23.22,23.25,10344980.0,244494123.0,2118488825.0,0.004883188373674806
2025-05-12,23.27,23.35,23.2,23.32,10914400.0,257012413.0,2118488825.0,0.005151974308856692
2025-05-13,23.41,23.76,23.36,23.66,17055376.0,406205704.0,2118488825.0,0.008050727385828906
2025-05-14,23.6,23.69,23.39,23.63,9755096.0,232171156.0,2118488825.0,0.004604742722681107
2025-05-15,23.63,23.69,23.48,23.5,8586258.0,204753192.0,2118488825.0,0.004053010758742142
2025-05-16,23.51,23.75,23.44,23.74,12540014.0,299892390.0,2118488825.0,0.005919320343830466
2025-05-19,23.72,23.74,23.48,23.56,9473565.0,225733150.0,2118488825.0,0.004471850353045879
2025-05-20,23.59,23.89,23.59,23.79,14889238.0,358416136.0,2118488825.0,0.007028235327132301
2025-05-21,23.76,24.08,23.73,23.9,14215769.0,344421950.0,2118488825.0,0.0067103346650884505
2025-05-22,23.82,23.84,23.63,23.67,10386290.0,249178073.0,2118488825.0,0.004902688122511102
2025-05-23,23.63,23.97,23.63,23.65,18849335.0,454485335.0,2118488825.0,0.008897538083544057
2025-05-26,23.65,23.66,23.16,23.24,15477037.0,365179557.0,2118488825.0,0.007305696786009716
2025-05-27,23.24,23.43,23.15,23.36,8789628.0,207260659.0,2118488825.0,0.0041490084329333194
2025-05-28,23.35,23.42,23.24,23.26,5985055.0,141057287.0,2118488825.0,0.0028251529719539588
2025-05-29,23.26,23.86,23.15,23.83,17408784.0,415795841.0,2118488825.0,0.008217548185556277
2025-05-30,24.12,25.16,24.12,25.08,59830858.0,1506504012.0,2118488825.0,0.028242234414429825
2025-06-03,24.51,25.19,24.51,24.98,32045699.0,807816577.0,2118488825.0,0.015126678329303908
2025-06-04,25.01,25.33,24.8,25.15,23916517.0,607362963.0,2118488825.0,0.011289423251973019
2025-06-05,25.17,25.35,24.74,24.86,24216776.0,612744679.0,2118488825.0,0.011431155885375039
2025-06-06,24.75,24.95,24.57,24.74,14698510.0,367341192.0,2118488825.0,0.006938205114204461
2025-06-09,24.83,26.26,24.83,25.63,45895911.0,1193306319.0,2118488825.0,0.021664457446453605
2025-06-10,25.8,26.23,25.45,25.66,29566971.0,770222852.0,2118488825.0,0.013956632978698862
2025-06-11,25.68,25.79,25.41,25.46,18714451.0,483363883.0,2118488825.0,0.008833868170156621
2025-06-12,25.48,25.9,25.32,25.62,23393459.0,605824344.0,2118488825.0,0.011042521784366741
2025-06-13,25.5,26.14,25.34,25.51,29656706.0,769064376.0,2118488825.0,0.01399899100246611
2025-06-16,25.41,25.65,25.05,25.16,19035872.0,486276672.0,2118488825.0,0.008985589999512978
2025-06-17,25.36,25.57,24.74,24.79,19716073.0,500442846.0,2118488825.0,0.009306668398404225
2025-06-18,24.73,24.87,24.46,24.61,13436581.0,334380372.0,2118488825.0,0.006342530978420431
2025-06-19,24.53,24.67,24.25,24.32,13761674.0,340019093.0,2118488825.0,0.006495986118784459
2025-06-20,24.33,24.47,24.09,24.14,10297260.0,252797442.0,2118488825.0,0.0048606628831284965
2025-06-23,24.14,24.5,24.02,24.36,13808825.0,338638105.0,2118488825.0,0.006518243021650114
2025-06-24,24.51,24.66,24.39,24.6,14906950.0,370378781.0,2118488825.0,0.007036596003757537
2025-06-25,24.74,24.74,24.4,24.62,14502000.0,360241705.0,2118488825.0,0.006845445597287963
2025-06-26,24.57,24.57,24.33,24.37,14604986.0,361103330.0,2118488825.0,0.006894058551382729
2025-06-27,24.42,24.58,24.38,24.46,9924707.0,245730106.0,2118488825.0,0.004684804981211077
2025-06-30,24.45,24.82,24.33,24.8,14816377.0,368882416.0,2118488825.0,0.0069938424150054225
2025-07-01,24.86,25.03,24.71,25.01,16320740.0,410884606.0,2118488825.0,0.007703953784131951
2025-07-02,25.01,25.17,24.84,24.88,11066595.0,279479955.0,2118488825.0,0.005223815612999516
2025-07-03,24.9,25.28,24.81,25.15,15349554.0,389369413.0,2118488825.0,0.007245520400609147
2025-07-04,25.17,25.27,25.02,25.14,14114713.0,359161578.0,2118488825.0,0.0066626327377488056
2025-07-07,25.14,25.19,24.84,24.86,11833637.0,298823452.0,2118488825.0,0.005585885967559919
2025-07-08,24.82,25.23,24.8,24.92,11947500.0,301719278.0,2118488825.0,0.005639633241869945
2025-07-09,24.92,25.23,24.73,24.94,18462850.0,466733116.0,2118488825.0,0.008715103795744592
2025-07-10,24.97,25.75,24.97,25.14,25038732.0,641177146.0,2118488825.0,0.01181914754730887
2025-07-11,25.11,25.5,25.02,25.31,23942377.0,613689556.0,2118488825.0,0.011301630066422465
2025-07-14,25.32,25.45,25.24,25.38,15401543.0,394919024.0,2118488825.0,0.00727006100681225
2025-07-15,25.38,25.38,24.95,25.12,14883832.0,378464287.0,2118488825.0,0.0070256835081487865
2025-07-16,25.1,26.29,25.08,26.11,48663029.0,1273551841.0,2118488825.0,0.022970632851933973
2025-07-17,25.96,26.21,25.88,26.1,28119366.0,741076452.0,2118488825.0,0.013273313348726303
2025-07-18,26.18,26.22,25.88,26.06,19405084.0,510859190.0,2118488825.0,0.009159870833871403
2025-07-21,26.01,26.1,25.75,25.83,26952800.0,704308643.0,2118488825.0,0.012722653847371604
2025-07-22,25.83,26.43,25.81,25.95,32097575.0,847038458.0,2118488825.0,0.01515116559559855
2025-07-23,25.88,26.47,25.85,25.87,30351868.0,801333935.0,2118488825.0,0.014327131510830603
2025-07-24,25.93,26.67,25.85,26.44,35817506.0,951931382.0,2118488825.0,0.016907101693113723
2025-07-25,26.45,26.96,26.3,26.35,36681903.0,986515373.0,2118488825.0,0.017315126975003044
2025-07-28,26.49,26.8,26.38,26.6,29495590.0,792997220.0,2118488825.0,0.013922938677762437
2025-07-29,27.76,27.86,26.59,26.92,84262070.0,2302273978.0,2118488825.0,0.03977461150874846
2025-07-30,26.67,28.91,26.65,28.04,111688971.0,3142182994.0,2118488825.0,0.0527210574263945
2025-07-31,27.7,27.98,27.14,27.27,70523257.0,1966497908.0,2118488825.0,0.0332894165726836
2025-08-01,27.08,28.11,26.9,27.24,48580144.0,1348739882.0,2118488825.0,0.02293150826509552
2025-08-04,26.96,27.05,26.16,26.84,40138792.0,1063783422.0,2118488825.0,0.01894689815038321
2025-08-05,26.8,27.15,26.65,26.87,28184810.0,757007107.0,2118488825.0,0.013304205180312905
2025-08-06,26.96,27.15,26.51,26.63,30545349.0,815726000.0,2118488825.0,0.01441846123497961
2025-08-07,26.52,26.74,26.29,26.37,27380854.0,724010518.0,2118488825.0,0.012924710140965695
2025-08-08,26.37,26.5,26.14,26.37,19793685.0,521202728.0,2118488825.0,0.009343303946859385
2025-08-11,26.37,26.92,26.27,26.8,30107338.0,801504069.0,2118488825.0,0.014211704892991351
2025-08-12,28.28,28.29,27.36,27.7,81477433.0,2266287399.0,2118488825.0,0.03846016652931837
2025-08-13,27.7,29.21,27.21,28.42,89663636.0,2518858532.0,2118488825.0,0.04232433749089991
2025-08-14,28.4,29.02,27.88,27.97,54441793.0,1541977979.0,2118488825.0,0.02569840933666478
2025-08-15,27.91,28.95,27.85,28.52,55017442.0,1563048335.0,2118488825.0,0.025970135575296226
2025-08-18,28.75,29.18,28.5,28.53,56501705.0,1629150558.0,2118488825.0,0.026670759049201027
2025-08-19,28.55,29.03,28.12,28.17,49342160.0,1406212694.0,2118488825.0,0.023291206173815904
2025-08-20,28.03,28.23,27.69,28.1,33814942.0,945819342.0,2118488825.0,0.015961822220138453
2025-08-21,28.27,28.44,27.84,27.96,26636256.0,748373998.0,2118488825.0,0.012573234130701633
2025-08-22,28.01,28.13,27.74,28.06,27386730.0,764717213.0,2118488825.0,0.01292748381620564
2025-08-25,28.19,29.2,28.18,29.13,63107780.0,1813626130.0,2118488825.0,0.029789054941085184
2025-08-26,28.95,29.1,28.55,28.55,38915335.0,1116976607.0,2118488825.0,0.01836938412927432
2025-08-27,28.99,29.69,28.55,28.56,64918942.0,1895329095.0,2118488825.0,0.030643986049820205
2025-08-28,28.58,28.94,27.83,28.55,42300532.0,1202950131.0,2118488825.0,0.01996731420096115
2025-08-29,28.65,29.16,28.43,28.84,40752148.0,1172328972.0,2118488825.0,0.019236423397229863
2025-09-01,29.06,30.91,28.98,30.68,99794406.0,2990281563.0,2118488825.0,0.04710641133544804
2025-09-02,30.87,31.76,30.58,30.85,87269661.0,2715946041.0,2118488825.0,0.04119429848774397
2025-09-03,30.93,31.4,30.48,30.97,52619724.0,1623087179.0,2118488825.0,0.024838329746676855
2025-09-04,30.95,31.01,28.9,29.33,64306825.0,1919462261.0,2118488825.0,0.030355045653828266
2025-09-05,29.32,30.35,29.07,30.19,53043989.0,1580769688.0,2118488825.0,0.025038597501216463
2025-09-08,30.85,32.8,30.85,32.08,91243240.0,2928387842.0,2118488825.0,0.04306996521447311
2025-09-09,32.12,33.1,31.67,31.86,67988195.0,2196733422.0,2118488825.0,0.03209277962558996
2025-09-10,32.19,32.52,31.25,31.51,41270186.0,1306268135.0,2118488825.0,0.01948095525120365
2025-09-11,30.31,31.3,29.85,31.3,60734994.0,1860774589.0,2118488825.0,0.028669017878817465
2025-09-12,31.43,31.89,30.9,31.52,47719266.0,1497901218.0,2118488825.0,0.022525144072921884
2025-09-15,31.53,32.45,31.4,32.03,52366404.0,1673716801.0,2118488825.0,0.024718753944807804
2025-09-16,32.35,32.36,31.15,32.15,49331173.0,1567522195.0,2118488825.0,0.023286019929795947
2025-09-17,31.97,32.2,31.44,31.82,37758463.0,1199261945.0,2118488825.0,0.017823300531217105
2025-09-18,31.87,32.25,31.22,31.61,51946383.0,1651370508.0,2118488825.0,0.024520489505060288
2025-09-19,31.58,31.77,30.78,30.93,35320582.0,1100685329.0,2118488825.0,0.01667253637743404
2025-09-22,31.24,31.75,30.5,30.79,36964905.0,1146635237.0,2118488825.0,0.01744871370751743
2025-09-23,30.78,31.06,29.77,30.24,40633406.0,1227429038.0,2118488825.0,0.019180373066164273
2025-09-24,30.2,30.4,30.08,30.34,26355972.0,797871668.0,2118488825.0,0.012440930388197822
2025-09-25,30.5,30.75,30.14,30.3,29572928.0,900547037.0,2118488825.0,0.013959444888740444
2025-09-26,29.68,29.87,29.26,29.26,34889305.0,1030070965.0,2118488825.0,0.016468958716362357
2025-09-29,29.28,29.46,28.66,29.36,26784019.0,778490218.0,2118488825.0,0.012642983377549797
2025-09-30,29.4,29.87,29.18,29.84,25781775.0,761855517.0,2118488825.0,0.012169889543788365
2025-10-09,30.0,30.09,29.57,29.84,28298660.0,844364997.0,2118488825.0,0.013357946318173285
2025-10-10,29.8,30.0,29.3,29.35,27132571.0,803122199.0,2118488825.0,0.012807511977317132
2025-10-13,28.4,28.87,28.4,28.74,26543846.0,760515738.0,2118488825.0,0.012529613414411096
2025-10-14,28.8,29.05,28.08,28.16,24984398.0,711968176.0,2118488825.0,0.011793500019996565
2025-10-15,28.24,28.66,28.03,28.6,18598135.0,528808988.0,2118488825.0,0.008778962995001874
2025-10-16,28.56,29.4,28.48,29.15,33591943.0,976394641.0,2118488825.0,0.015856558979016565
2025-10-17,28.96,29.49,28.63,28.72,26291675.0,762153164.0,2118488825.0,0.012410579980283823
2025-10-20,28.92,29.45,28.66,29.2,24845836.0,723641158.0,2118488825.0,0.01172809396339393
2025-10-21,29.24,29.45,28.97,29.28,21568041.0,630061496.0,2118488825.0,0.010180861350543116
2025-10-22,29.25,29.45,28.75,28.84,22295131.0,647373433.0,2118488825.0,0.010524072979237924
2025-10-23,28.72,28.96,28.03,28.87,23619469.0,672912834.0,2118488825.0,0.011149206321633536
2025-10-24,28.86,29.18,28.71,29.08,18187271.0,526907050.0,2118488825.0,0.008585020975978007
2025-10-27,29.3,29.55,29.03,29.21,23541785.0,689460508.0,2118488825.0,0.01111253678668803
2025-10-28,29.18,29.21,28.48,28.61,23889260.0,685823320.0,2118488825.0,0.011276557005203934
2025-10-29,28.63,28.95,28.42,28.91,18891952.0,543181313.0,2118488825.0,0.00891765478158706
2025-10-30,28.92,28.92,28.5,28.5,17311027.0,496330033.0,2118488825.0,0.008171403500322924
2025-10-31,28.45,29.5,28.44,29.2,33770526.0,984723045.0,2118488825.0,0.015940856331871374
2025-11-03,29.6,29.68,29.0,29.05,27257246.0,796174275.0,2118488825.0,0.01286636288959419
2025-11-04,29.05,29.1,28.16,28.3,25912800.0,737844898.0,2118488825.0,0.012231737875700147
2025-11-05,28.04,28.39,27.94,28.15,14256130.0,401668950.0,2118488825.0,0.0067293864531005965
2025-11-06,28.17,28.53,28.05,28.49,14669268.0,415349944.0,2118488825.0,0.0069244018787779065
2025-11-07,28.28,28.39,28.15,28.23,13080775.0,369644770.0,2118488825.0,0.006174578239750686
2025-11-10,28.26,28.63,28.16,28.55,14831144.0,420911011.0,2118488825.0,0.007000812949768569
2025-11-11,28.54,28.64,28.31,28.62,13835796.0,393835319.0,2118488825.0,0.00653097426652699
2025-11-12,28.62,29.04,28.41,28.46,21253186.0,610389309.0,2118488825.0,0.010032238900292523
2025-11-13,28.55,28.94,28.35,28.88,19037034.0,546965155.0,2118488825.0,0.008986138503704404
2025-11-14,28.72,29.13,28.65,28.82,20981267.0,607575518.0,2118488825.0,0.009903883727118552
2025-11-17,28.83,28.92,28.12,28.18,20899252.0,591943580.0,2118488825.0,0.009865169810371787
2025-11-18,28.18,28.27,27.81,27.96,14093347.0,395273907.0,2118488825.0,0.0066525472467384855
2025-11-19,27.86,28.08,27.58,27.63,12086383.0,334928939.0,2118488825.0,0.005705190821575374
2025-11-20,27.71,27.84,27.24,27.29,14308370.0,392834963.0,2118488825.0,0.006754045539985324
2025-11-21,27.25,27.5,26.75,26.82,16871627.0,456261441.0,2118488825.0,0.007963991502291734
2025-11-24,26.85,27.16,26.72,27.16,14317481.0,386245992.0,2118488825.0,0.006758346247117919
2025-11-25,27.02,27.52,27.02,27.49,13721673.0,375970334.0,2118488825.0,0.006477104263224046
2025-11-26,27.4,27.93,27.4,27.53,13765456.0,381357941.0,2118488825.0,0.006497771353596827
2025-11-27,27.55,27.63,27.18,27.21,11326225.0,309976738.0,2118488825.0,0.005346369953119767
2025-11-28,27.17,27.27,27.01,27.13,8715413.0,236238629.0,2118488825.0,0.004113976385974091
2025-12-01,27.12,27.33,27.01,27.33,9368085.0,255152433.0,2118488825.0,0.004422060144688278
2025-12-02,27.35,27.35,27.0,27.09,9773879.0,264719169.0,2118488825.0,0.004613608948350246
2025-12-03,27.02,27.24,26.92,27.05,8062102.0,218129401.0,2118488825.0,0.0038055909971580803
2025-12-04,27.11,27.32,26.92,26.97,8025028.0,217183541.0,2118488825.0,0.0037880907868371692
2025-12-05,27.03,27.18,26.69,27.14,10041311.0,270760193.0,2118488825.0,0.00473984610232721
2025-12-08,27.5,27.6,27.28,27.33,13032401.0,357138474.0,2118488825.0,0.00615174403858373
2025-12-09,27.31,27.77,27.24,27.45,15229892.0,419200065.0,2118488825.0,0.0071890357977224635
2025-12-10,28.45,28.8,28.18,28.32,39169225.0,1114335950.0,2118488825.0,0.018489228990858614
2025-12-11,28.32,29.12,28.27,28.54,34304853.0,986591726.0,2118488825.0,0.016193077157251465
2025-12-12,28.5,28.59,28.01,28.28,20054921.0,566924169.0,2118488825.0,0.009466616374528197
2025-12-15,28.31,28.34,27.92,27.93,14609880.0,410090587.0,2118488825.0,0.006896368688657114
2025-12-16,27.78,27.8,26.62,26.75,28353180.0,764101137.0,2118488825.0,0.013383681643918986
2025-12-17,26.69,26.96,26.5,26.87,14574020.0,389483990.0,2118488825.0,0.006879441528326212
2025-12-18,26.68,26.87,26.56,26.68,11924397.0,318638889.0,2118488825.0,0.005628727826780016
2025-12-19,26.79,27.45,26.68,27.27,18686250.0,508595523.0,2118488825.0,0.008820556322736326
2025-12-22,27.29,27.33,27.09,27.22,10339459.0,281461670.0,2118488825.0,0.004880582270713653
2025-12-23,27.21,27.33,27.08,27.09,9899909.0,269098559.0,2118488825.0,0.004673099467494241
2025-12-24,27.05,27.17,26.95,27.11,8106464.0,219542584.0,2118488825.0,0.003826531395557397
2025-12-25,27.09,27.13,26.98,27.05,8295096.0,224335467.0,2118488825.0,0.003915572223988484
2025-12-26,27.0,27.09,26.8,26.89,12034818.0,324380490.0,2118488825.0,0.005680850358037645
2025-12-29,26.87,26.91,26.58,26.63,13874600.0,370576626.0,2118488825.0,0.006549291096685393
2025-12-30,26.55,26.59,26.35,26.46,10610534.0,280708439.0,2118488825.0,0.005008539046695231
2025-12-31,26.48,26.58,26.31,26.49,10401624.0,274759052.0,2118488825.0,0.004909926300885727
2026-01-05,26.58,27.28,26.58,27.27,26167831.0,707252901.0,2118488825.0,0.012352121328749516
2026-01-06,27.29,27.35,27.13,27.35,18416948.0,502377873.0,2118488825.0,0.00869343646407953
2026-01-07,27.28,27.63,27.24,27.32,19273486.0,528603293.0,2118488825.0,0.009097752026140615
2026-01-08,27.35,27.58,27.33,27.45,18694011.0,513619336.0,2118488825.0,0.008824219783174924
2026-01-09,27.45,27.75,27.4,27.65,17830537.0,492106859.0,2118488825.0,0.008416630189210463
2026-01-12,27.68,27.93,27.53,27.85,22682147.0,628986291.0,2118488825.0,0.010706757917403695
2026-01-13,27.93,28.6,27.91,28.18,34027916.0,964099195.0,2118488825.0,0.01606235331451418
2026-01-14,28.35,28.71,27.76,28.07,36549701.0,1035260584.0,2118488825.0,0.017252723058381013
2026-01-15,27.92,28.22,27.7,27.82,17583425.0,490523572.0,2118488825.0,0.00829998477806462
2026-01-16,27.86,28.14,27.52,27.59,17433559.0,483330064.0,2118488825.0,0.008229242842477585
2026-01-19,27.48,27.67,27.37,27.44,15808764.0,434521177.0,2118488825.0,0.007462283403831502
2026-01-20,27.48,27.86,27.42,27.46,18417871.0,508379573.0,2118488825.0,0.00869387215200439
2026-01-21,27.43,27.66,27.24,27.4,16599599.0,456028815.0,2118488825.0,0.007835584877347654
2026-01-22,27.4,27.52,27.22,27.25,17499633.0,478359394.0,2118488825.0,0.00826043205585472
2026-01-23,27.35,27.72,27.35,27.57,20985891.0,578192465.0,2118488825.0,0.009906066415054137
2026-01-26,27.72,28.34,27.49,28.16,39389646.0,1102156181.0,2118488825.0,0.01859327532681226
2026-01-27,28.38,28.45,27.39,27.68,30085941.0,833702768.0,2118488825.0,0.014201604768908799
2026-01-28,27.69,27.71,26.95,26.96,30327383.0,826046276.0,2118488825.0,0.014315573743939857
2026-01-29,26.87,27.13,26.6,27.12,28938355.0,776741419.0,2118488825.0,0.013659904484037106
2026-01-30,27.12,27.37,26.57,26.67,20908132.0,561534403.0,2118488825.0,0.009869361477514521
2026-02-02,26.53,26.7,26.23,26.25,17711770.0,469074929.0,2118488825.0,0.00836056805728017
2026-02-03,26.3,26.46,26.0,26.34,17202177.0,451114108.0,2118488825.0,0.008120022535403273
2026-02-04,26.35,26.64,26.12,26.64,14562067.0,383777780.0,2118488825.0,0.006873799298894106
2026-02-05,26.6,26.8,26.5,26.6,11659618.0,310505417.0,2118488825.0,0.005503742980565404
2026-02-06,26.68,26.75,26.47,26.68,12768171.0,340439238.0,2118488825.0,0.006027018339358009
2026-02-09,26.7,26.94,26.69,26.82,11383557.0,305407993.0,2118488825.0,0.005373432640127332
2026-02-10,26.87,27.24,26.7,27.08,15338719.0,414823976.0,2118488825.0,0.007240405905846589
2026-02-11,27.12,27.44,27.04,27.23,14865936.0,405144598.0,2118488825.0,0.007017235977159332
2026-02-12,27.22,27.24,26.85,26.87,12354982.0,332836636.0,2118488825.0,0.005831978839916704
2026-02-13,26.8,26.95,26.56,26.57,10386181.0,277753023.0,2118488825.0,0.004902636670740994
2026-02-24,26.68,26.73,26.51,26.53,12253530.0,325582061.0,2118488825.0,0.005784089986880152
2026-02-25,26.6,27.09,26.44,26.48,28974970.0,774108196.0,2118488825.0,0.013677188030482058
2026-02-26,26.57,26.77,26.45,26.51,14787286.0,392914246.0,2118488825.0,0.006980110456801678
2026-02-27,26.51,26.6,26.42,26.48,12617191.0,334239277.0,2118488825.0,0.005955750557239781
2026-03-02,26.29,26.38,25.89,26.14,21311309.0,556868693.0,2118488825.0,0.010059674966659313
2026-03-03,26.1,26.25,25.45,25.5,19749383.0,509126523.0,2118488825.0,0.009322391870535357
2026-03-04,25.14,25.4,24.92,25.01,17719416.0,444881351.0,2118488825.0,0.008364177233741131
2026-03-05,25.29,25.5,25.13,25.23,11560247.0,292356080.0,2118488825.0,0.005456836431506784
2026-03-06,25.19,25.92,25.15,25.91,15490702.0,398266782.0,2118488825.0,0.0073121471386567265
2026-03-09,25.7,25.84,25.46,25.72,13591620.0,349128341.0,2118488825.0,0.006415714748931942
2026-03-10,25.85,26.23,25.84,26.17,12624352.0,329240021.0,2118488825.0,0.005959130796925493
2026-03-11,26.1,26.16,25.86,25.97,13166908.0,341642314.0,2118488825.0,0.0062152359949314345
2026-03-12,25.97,26.0,25.58,25.75,12002751.0,309318782.0,2118488825.0,0.005665713624899579
2026-03-13,25.6,25.84,25.5,25.55,11050289.0,283432669.0,2118488825.0,0.005216118617005214
2026-03-16,25.56,25.77,25.35,25.61,9662515.0,247247960.0,2118488825.0,0.004561041288475997
2026-03-17,25.7,26.1,25.66,25.71,14257229.0,368998234.0,2118488825.0,0.006729905219112969
2026-03-18,25.71,25.8,25.48,25.76,9627183.0,246766059.0,2118488825.0,0.004544363362407635
2026-03-19,25.55,25.68,25.18,25.26,10122600.0,257177884.0,2118488825.0,0.00477821732196298
2026-03-20,25.29,25.54,24.84,24.86,12451178.0,312844390.0,2118488825.0,0.005877386679157961
2026-03-23,24.51,24.66,23.61,23.8,21383674.0,514999652.0,2118488825.0,0.01009383374963047
2026-03-24,24.1,24.33,23.8,24.31,13487531.0,324843430.0,2118488825.0,0.006366581140686452
2026-03-25,24.98,25.49,24.8,25.36,23538869.0,594555673.0,2118488825.0,0.011111160333828998
2026-03-26,25.39,25.65,25.24,25.29,14237901.0,362177037.0,2118488825.0,0.006720781734593289
2026-03-27,25.2,26.18,25.12,26.13,22742216.0,588886171.0,2118488825.0,0.010735112563079014
2026-03-30,26.09,26.72,25.9,26.66,32433160.0,858794408.0,2118488825.0,0.015309573322861402
2026-03-31,26.71,27.18,26.6,26.63,29497287.0,792779894.0,2118488825.0,0.01392373972045852
2026-04-01,26.94,27.15,26.51,27.07,28836287.0,776515470.0,2118488825.0,0.013611724857694258
2026-04-02,27.02,27.35,26.83,27.06,32087522.0,870021748.0,2118488825.0,0.015146420231883923
2026-04-03,26.73,26.95,26.62,26.7,19576401.0,523933929.0,2118488825.0,0.00924073838340875
2026-04-07,26.88,27.0,26.32,26.68,16763224.0,448342146.0,2118488825.0,0.007912821536832983
2026-04-08,26.96,27.04,26.5,26.8,21366680.0,571511709.0,2118488825.0,0.010085811993839525
2026-04-09,26.64,27.0,26.46,26.56,18225223.0,486076649.0,2118488825.0,0.00860293563266731
2026-04-10,26.52,26.77,26.39,26.48,15361341.0,407903019.0,2118488825.0,0.007251084272299619
2026-04-13,26.33,26.54,26.18,26.35,12464032.0,328478671.0,2118488825.0,0.005883454211753985
2026-04-14,26.33,26.46,26.01,26.46,16725365.0,438075119.0,2118488825.0,0.007894950779360378
2026-04-15,26.91,27.09,26.55,26.8,30983519.0,830374746.0,2118488825.0,0.014625292630467381
2026-04-16,26.87,26.87,26.61,26.7,15825914.0,422524212.0,2118488825.0,0.0074703787970182
2026-04-17,26.6,26.6,26.07,26.15,20319940.0,533013913.0,2118488825.0,0.009591714509043964
2026-04-20,26.08,26.12,25.79,25.87,15097200.0,391140915.0,2118488825.0,0.007126400584152244
2026-04-21,25.87,26.05,25.53,25.63,13474556.0,345728389.0,2118488825.0,0.006360456491905262
2026-04-22,25.65,25.82,25.48,25.59,17643228.0,451986734.0,2118488825.0,0.008328213862539492
2026-04-23,25.67,25.83,25.48,25.57,15660986.0,401413949.0,2118488825.0,0.007392527076464517
2026-04-24,25.66,25.67,25.26,25.38,12244009.0,311197942.0,2118488825.0,0.005779595745566418
2026-04-27,25.3,25.41,25.22,25.37,11590283.0,293407475.0,2118488825.0,0.005471014462396327
2026-04-28,25.5,25.89,25.2,25.3,24674415.0,629713102.0,2118488825.0,0.011647177322259417
2026-04-29,25.46,25.66,25.06,25.28,25189542.0,637134722.0,2118488825.0,0.011890335083547112
2026-04-30,25.27,25.27,24.89,24.89,27640568.0,690482370.0,2118488825.0,0.01304730413199135
2026-05-06,24.83,24.96,24.68,24.77,23509879.0,582101765.0,2118488825.0,0.011097476051118655
2026-05-07,24.79,24.97,24.66,24.73,20706904.0,512504019.0,2118488825.0,0.009774374901411151
2026-05-08,24.77,24.9,24.7,24.82,19475410.0,482879013.0,2118488825.0,0.009193067138317332
2026-05-11,24.96,25.42,24.83,25.39,39505702.0,993455517.0,2118488825.0,0.01864805777297409
2026-05-12,25.3,25.62,24.96,25.32,31054368.0,783216625.0,2118488825.0,0.01465873580900291
2026-05-13,25.18,25.26,24.93,24.97,19469499.0,486950240.0,2118488825.0,0.009190276941866804
2026-05-14,25.02,25.18,24.5,24.5,21652900.0,536387712.0,2118488825.0,0.010220917733658567
2026-05-15,24.48,24.62,24.03,24.13,18918463.0,460003080.0,2118488825.0,0.008930168890553388
2026-05-18,24.09,24.1,23.77,24.06,14176326.0,339315138.0,2118488825.0,0.006691716204828222
2026-05-19,24.02,24.24,23.99,24.19,10447814.0,252278400.0,2118488825.0,0.004931729578512174
2026-05-20,24.1,24.25,23.95,24.02,10970236.0,263956538.0,2118488825.0,0.005178330832120391
2026-05-21,24.06,24.38,23.68,23.71,19603379.0,471592781.0,2118488825.0,0.009253472932527741
2026-05-22,23.78,23.85,23.3,23.4,21430461.0,504530257.0,2118488825.0,0.01011591883190604
2026-05-25,23.37,23.48,23.08,23.3,14951299.0,347333653.0,2118488825.0,0.007057530265707207
2026-05-26,23.24,23.36,23.08,23.17,11573625.0,268403270.0,2118488825.0,0.005463151310226996
2026-05-27,23.18,23.5,22.76,23.32,22754197.0,525613200.0,2118488825.0,0.010740768009479587
2026-05-28,23.21,23.35,22.64,22.75,16401890.0,375309008.0,2118488825.0,0.007742259390959969
2026-05-29,22.77,23.6,22.77,23.25,26166499.0,607323399.0,2118488825.0,0.012351492578678106
2026-06-01,23.26,23.6,22.91,22.99,25049096.0,581874987.0,2118488825.0,0.011824039713780411
