date,open,high,low,close,volume,amount,outstanding_share,turnover
2018-09-18,16.77,20.13,16.77,20.13,390103.0,9005196.0,231143082.0,0.001687712202435719
2018-09-19,22.13,22.13,22.13,22.13,138874.0,3534343.0,231143082.0,0.0006008140014331037
2018-09-20,24.35,24.35,24.35,24.35,639029.0,17892812.0,231143082.0,0.002764646877902234
2018-09-21,26.09,26.09,22.64,22.76,92942080.0,2524118732.0,231143082.0,0.4020976063648749
2018-09-25,21.74,21.74,20.49,20.62,63891504.0,1547096231.0,231143082.0,0.2764153849951694
2018-09-26,20.44,20.76,20.12,20.4,42096032.0,986786177.0,231143082.0,0.18212109848046415
2018-09-27,20.27,20.27,18.57,18.66,53200913.0,1179361153.0,231143082.0,0.23016441824549178
2018-09-28,18.61,19.0,18.36,18.49,28087082.0,602536650.0,231143082.0,0.12151383358295793
2018-10-08,18.0,18.24,17.44,17.59,22330159.0,460781616.0,231143082.0,0.09660751603199615
2018-10-09,18.05,18.41,17.93,18.04,25560416.0,533695046.0,231143082.0,0.11058265633059267
2018-10-10,17.87,18.16,17.66,17.89,16678697.0,343802623.0,231143082.0,0.07215745699886446
2018-10-11,16.92,17.12,16.1,16.1,26345071.0,500601147.0,231143082.0,0.11397732855357531
2018-10-12,15.81,15.99,14.68,15.64,25630670.0,456034265.0,231143082.0,0.11088659793850114
2018-10-15,15.66,16.16,15.56,15.58,18124903.0,330551682.0,231143082.0,0.07841421358221744
2018-10-16,15.58,15.71,14.96,15.34,15237835.0,269573887.0,231143082.0,0.0659238202941328
2018-10-17,15.67,15.92,15.25,15.91,21187142.0,380930437.0,231143082.0,0.09166245347546244
2018-10-18,15.72,16.34,15.32,15.92,28499520.0,519378895.0,231143082.0,0.123298174245163
2018-10-19,15.65,17.46,15.52,16.86,37276609.0,705837930.0,231143082.0,0.16127071023479733
2018-10-22,17.01,18.13,16.87,17.72,42542450.0,856414176.0,231143082.0,0.18405244765231607
2018-10-23,17.57,17.71,16.98,17.07,28791970.0,573174438.0,231143082.0,0.12456340787218542
2018-10-24,16.99,17.34,16.72,16.95,16831137.0,328957825.0,231143082.0,0.0728169619197169
2018-10-25,16.32,17.71,16.13,17.51,27489341.0,536953474.0,231143082.0,0.11892781199482319
2018-10-26,17.74,17.87,17.06,17.11,17946313.0,358754084.0,231143082.0,0.07764157527327598
2018-10-29,17.03,17.57,16.94,17.13,14090074.0,280495312.0,231143082.0,0.060958233653733145
2018-10-30,17.18,17.27,16.59,17.19,14990826.0,293293704.0,231143082.0,0.06485517918290974
2018-10-31,17.58,18.22,17.58,17.93,36302401.0,748797725.0,231143082.0,0.15705597020636766
2018-11-01,17.84,18.04,17.61,17.65,23134078.0,473745330.0,231143082.0,0.10008553057192514
2018-11-02,17.9,18.13,17.75,18.07,23093759.0,475916834.0,231143082.0,0.0999110974906876
2018-11-05,18.34,18.52,17.41,17.53,35932996.0,736546796.0,231143082.0,0.15545780427034367
2018-11-06,17.34,17.35,16.44,16.61,31933601.0,614385212.0,231143082.0,0.13815512332746346
2018-11-07,16.66,16.79,16.53,16.58,14214229.0,272586115.0,231143082.0,0.06149536848349197
2018-11-08,16.71,16.85,16.35,16.4,13299573.0,253937014.0,231143082.0,0.05753826973718383
2018-11-09,16.25,16.6,16.16,16.37,8921231.0,168571360.0,231143082.0,0.03859614106901975
2018-11-12,16.46,16.77,16.29,16.77,13534505.0,258087777.0,231143082.0,0.05855466182630549
2018-11-13,16.47,16.79,16.39,16.73,18105494.0,345977513.0,231143082.0,0.0783302439482052
2018-11-14,16.77,17.02,16.71,16.75,17693577.0,343066861.0,231143082.0,0.07654815730111274
2018-11-15,16.75,17.19,16.73,17.19,23383519.0,456709248.0,231143082.0,0.1011646933045567
2018-11-16,17.19,17.34,17.08,17.12,19726984.0,389909209.0,231143082.0,0.08534533601139747
2018-11-19,17.11,17.26,16.89,17.13,14557350.0,285545695.0,231143082.0,0.06297982130393157
2018-11-20,16.93,16.99,16.42,16.42,18514744.0,355913170.0,231143082.0,0.08010079228760998
2018-11-21,16.19,16.59,16.1,16.57,11082458.0,208131743.0,231143082.0,0.04794631058869415
2018-11-22,16.61,16.61,16.41,16.45,6845097.0,129803977.0,231143082.0,0.029614111487879183
2018-11-23,16.48,16.58,15.59,15.63,13870978.0,255329088.0,231143082.0,0.06001035324085538
2018-11-26,15.63,15.77,15.53,15.59,5615611.0,101081888.0,231143082.0,0.024294955970172623
2018-11-27,15.79,15.98,15.74,15.79,7669245.0,139512659.0,231143082.0,0.03317964324798611
2018-11-28,15.74,15.96,15.59,15.94,7446788.0,135443304.0,231143082.0,0.032217222058153576
2018-11-29,16.09,16.13,15.35,15.36,9168509.0,166293120.0,231143082.0,0.03966594596155813
2018-11-30,15.31,15.43,14.96,15.31,9701286.0,169696600.0,231143082.0,0.04197091219887775
2018-12-03,15.77,16.22,15.7,16.18,19157882.0,353143226.0,231143082.0,0.08288321603326203
2018-12-04,16.09,16.13,15.92,16.07,10049611.0,185142247.0,231143082.0,0.04347787921249575
2018-12-05,15.75,15.88,15.69,15.81,8444468.0,153394852.0,231143082.0,0.036533509577414046
2018-12-06,15.82,15.91,15.59,15.59,9112689.0,164787249.0,231143082.0,0.03942445052281513
2018-12-07,15.59,15.78,15.59,15.59,4528365.0,81480718.0,231143082.0,0.019591176862476897
2018-12-10,15.46,15.52,15.1,15.18,8361819.0,146735763.0,231143082.0,0.036175943176183833
2018-12-11,15.18,15.32,15.18,15.31,4956835.0,86989669.0,231143082.0,0.021444877160545953
2018-12-12,15.33,15.51,15.32,15.32,5368545.0,95002794.0,231143082.0,0.023226068258447814
2018-12-13,15.41,15.63,15.3,15.49,8553750.0,152203234.0,231143082.0,0.03700629898151137
2018-12-14,15.46,15.46,15.04,15.08,8020920.0,140718736.0,231143082.0,0.034701103448988364
2018-12-17,14.95,15.23,14.95,15.19,4887397.0,84897370.0,231143082.0,0.021144465833504808
2018-12-18,15.14,15.25,15.02,15.17,4722384.0,82201103.0,231143082.0,0.020430566033553192
2018-12-19,15.19,15.31,15.06,15.08,5419508.0,94615856.0,231143082.0,0.023446550738645943
2018-12-20,15.05,15.2,14.99,15.16,4386113.0,76320588.0,231143082.0,0.018975748536570955
2018-12-21,15.12,15.43,15.07,15.39,8926382.0,156563661.0,231143082.0,0.03861842596699477
2018-12-24,15.39,15.96,15.39,15.92,18081025.0,328650440.0,231143082.0,0.07822438311175586
2018-12-25,15.74,16.16,15.5,16.04,18955488.0,344611880.0,231143082.0,0.0820075938937251
2018-12-26,16.05,16.08,15.72,15.72,12133048.0,221070237.0,231143082.0,0.05249150394213399
2018-12-27,15.99,16.05,15.35,15.36,11618207.0,210724101.0,231143082.0,0.050264134662702124
2018-12-28,15.44,15.56,15.22,15.24,9291912.0,164159952.0,231143082.0,0.040199827395223535
2019-01-02,15.32,15.43,15.19,15.29,5567585.0,98039693.0,231143082.0,0.024087179905302118
2019-01-03,15.32,15.59,14.75,14.79,12726409.0,222933215.0,231143082.0,0.055058576228554396
2019-01-04,14.42,14.77,14.1,14.72,19759379.0,326872370.0,231143082.0,0.08548548729656551
2019-01-07,14.79,15.09,14.63,15.0,13529800.0,231249579.0,231143082.0,0.05853430646909865
2019-01-08,14.96,14.96,14.8,14.8,8097526.0,138402925.0,231143082.0,0.035032525870707217
2019-01-09,14.8,15.08,14.8,14.87,10498306.0,180718052.0,231143082.0,0.04541907942544437
2019-01-10,14.69,14.84,14.62,14.68,9590709.0,162190808.0,231143082.0,0.04149252020443337
2019-01-11,14.63,15.96,14.63,15.68,30838185.0,544378886.0,231143082.0,0.13341599814784852
2019-01-14,15.74,15.8,15.23,15.25,20107525.0,356507051.0,231143082.0,0.08699167989808149
2019-01-15,15.25,15.35,15.06,15.32,11270895.0,197233453.0,231143082.0,0.04876155021589614
2019-01-16,15.37,15.64,15.32,15.33,12354789.0,219657863.0,231143082.0,0.05345082748355843
2019-01-17,15.39,15.39,14.92,14.94,10644019.0,185037581.0,231143082.0,0.04604948116076431
2019-01-18,14.98,15.19,14.88,15.09,8390280.0,145339625.0,231143082.0,0.0362990747004057
2019-01-21,15.14,15.42,15.07,15.22,9988527.0,175070292.0,231143082.0,0.0432136100010988
2019-01-22,15.16,15.64,15.15,15.39,14665523.0,260143342.0,231143082.0,0.06344781281405601
2019-01-23,15.31,15.46,15.21,15.45,9767013.0,172263284.0,231143082.0,0.04225526853535681
2019-01-24,15.34,15.66,15.25,15.45,12748191.0,226787957.0,231143082.0,0.055152812230824196
2019-01-25,15.45,15.52,14.97,14.99,11914841.0,209191247.0,231143082.0,0.05154746963181879
2019-01-28,15.06,15.27,15.02,15.03,8186484.0,142597977.0,231143082.0,0.03541738705379034
2019-01-29,15.03,15.03,14.36,14.56,9571394.0,160917291.0,231143082.0,0.04140895724493281
2019-01-30,14.59,14.92,14.55,14.59,7850377.0,133059248.0,231143082.0,0.033963279074041244
2019-01-31,14.84,14.86,14.46,14.54,7709635.0,130099334.0,231143082.0,0.0333543834982697
2019-02-01,14.68,14.88,14.62,14.88,6723294.0,114361990.0,231143082.0,0.029087152173561483
2019-02-11,14.94,15.9,14.94,15.81,24309831.0,433142131.0,231143082.0,0.10517221969031286
2019-02-12,15.81,17.05,15.7,16.78,47890744.0,907098731.0,231143082.0,0.20719090351144492
2019-02-13,16.59,18.0,16.55,17.26,51720674.0,1032610642.0,231143082.0,0.22376042385728853
2019-02-14,17.52,17.7,17.1,17.42,31206841.0,626325948.0,231143082.0,0.13501092366675288
2019-02-15,17.46,19.16,17.46,19.16,43951342.0,938479307.0,231143082.0,0.19014777175983144
2019-02-18,19.93,20.18,18.77,19.77,61045634.0,1368816968.0,231143082.0,0.2641032276276389
2019-02-19,19.56,19.61,18.88,19.13,41740417.0,924967659.0,231143082.0,0.1805825925605682
2019-02-20,19.57,20.22,19.08,19.8,41642204.0,937701719.0,231143082.0,0.18015769124338318
2019-02-21,19.54,20.07,19.22,19.33,33450677.0,753393279.0,231143082.0,0.14471848653467378
2019-02-22,19.15,21.25,19.06,20.93,37715978.0,883899392.0,231143082.0,0.16317156314459802
2019-02-25,21.56,23.03,21.32,22.4,40403815.0,1037000607.0,231143082.0,0.17480001845783125
2019-02-26,22.42,22.51,21.38,21.47,30343566.0,760302712.0,231143082.0,0.13127611580432244
2019-02-27,21.22,21.93,20.0,20.44,32977601.0,788095629.0,231143082.0,0.14267180620183995
2019-02-28,20.58,21.51,20.53,21.07,21959301.0,530916072.0,231143082.0,0.09500306394633952
2019-03-01,21.22,21.63,20.55,21.47,17344228.0,420890948.0,231143082.0,0.07503676013111221
2019-03-04,21.57,22.0,21.1,21.33,26010819.0,643216618.0,231143082.0,0.11253124590594496
2019-03-05,21.31,21.59,21.13,21.52,18012192.0,442371007.0,231143082.0,0.07792658921109306
2019-03-06,21.4,23.14,21.4,22.44,26493699.0,679956854.0,231143082.0,0.11462034152508185
2019-03-07,22.27,22.89,21.57,22.26,22230921.0,567314245.0,231143082.0,0.09617818023210403
2019-03-08,21.57,22.16,20.96,21.24,18184158.0,449976421.0,231143082.0,0.07867056994593505
2019-03-11,21.16,22.24,20.87,22.18,20211227.0,501243135.0,231143082.0,0.0874403284109537
2019-03-12,22.32,24.25,22.27,23.92,31611336.0,852028756.0,231143082.0,0.13676090033272117
2019-03-13,23.5,24.55,23.14,23.94,22697363.0,619810140.0,231143082.0,0.09819615972759245
2019-03-14,23.66,24.67,22.94,23.53,15971322.0,433418721.0,231143082.0,0.06909712314037589
2019-03-15,23.92,24.6,23.13,23.54,11394605.0,312806211.0,231143082.0,0.04929675983121139
2019-03-18,23.18,23.9,22.96,23.78,9211737.0,247127734.0,231143082.0,0.03985296432103471
2019-03-19,23.74,24.72,23.54,23.95,11075667.0,307268217.0,231143082.0,0.04791693051838774
2019-03-20,23.66,23.85,23.12,23.29,9167109.0,246575313.0,231143082.0,0.03965988910712889
2019-03-21,23.27,24.06,22.99,23.52,10239799.0,279692559.0,231143082.0,0.044300694234058885
2019-03-22,23.66,24.76,23.54,24.57,16663550.0,464772003.0,231143082.0,0.07209192616026466
2019-03-25,24.0,24.29,23.24,23.32,12539589.0,342973358.0,231143082.0,0.054250332268218175
2019-03-26,23.45,23.74,21.83,22.0,12966440.0,337235926.0,231143082.0,0.056097028246772276
2019-03-27,22.21,22.69,21.63,22.39,9488093.0,242255514.0,231143082.0,0.04104857008006842
2019-03-28,22.1,23.0,21.96,22.39,7318248.0,189654654.0,231143082.0,0.03166111629505745
2019-03-29,22.18,23.53,22.18,23.26,9016650.0,238159171.0,231143082.0,0.03900895463529382
2019-04-01,23.67,25.07,23.53,24.9,15436524.0,433408732.0,231143082.0,0.06678341340105519
2019-04-02,25.1,25.83,24.33,24.54,15761742.0,454009145.0,231143082.0,0.06819041203231858
2019-04-03,24.54,24.75,24.27,24.44,8197061.0,230872404.0,231143082.0,0.03546314658900326
2019-04-04,24.44,24.67,24.14,24.37,7724787.0,216273247.0,231143082.0,0.03341993596849245
2019-04-08,24.4,24.8,23.92,24.74,11768037.0,329058100.0,231143082.0,0.05091234787636863
2019-04-09,24.44,25.04,24.36,24.93,8207773.0,234468038.0,231143082.0,0.03550949017803613
2019-04-10,24.7,25.36,24.27,24.84,7893370.0,226568707.0,231143082.0,0.03414928074723863
2019-04-11,24.57,24.74,23.6,24.3,8606106.0,239167519.0,231143082.0,0.0372328080318666
2019-04-12,24.29,24.47,24.14,24.29,2919380.0,81530166.0,231143082.0,0.012630185488311522
2019-04-15,24.61,24.85,23.94,24.09,5248776.0,147667047.0,231143082.0,0.022707908688350882
2019-04-16,23.95,25.3,23.54,25.23,8965063.0,252597226.0,231143082.0,0.03878577252855009
2019-04-17,25.35,27.75,25.35,27.75,20999988.0,659933174.0,231143082.0,0.09085276452271239
2019-04-18,28.44,30.39,27.66,27.66,29001194.0,956677275.0,231143082.0,0.12546857880868786
2019-04-19,26.77,27.25,25.76,26.67,17152259.0,521954281.0,231143082.0,0.07420623992545015
2019-04-22,26.53,27.2,25.97,26.61,9166240.0,280327000.0,231143082.0,0.03965612953105817
2019-04-23,26.49,27.79,26.18,26.87,11089216.0,344927887.0,231143082.0,0.04797554789028901
2019-04-24,27.3,27.57,26.43,27.27,7416761.0,230610039.0,231143082.0,0.03208731550962014
2019-04-25,27.04,27.66,26.61,26.61,7165739.0,222443431.0,231143082.0,0.031001312857808133
2019-04-26,26.18,26.76,25.48,25.52,7427604.0,223337580.0,231143082.0,0.03213422584717461
2019-04-29,25.63,26.61,24.96,25.7,7372845.0,219586314.0,231143082.0,0.03189732063882405
2019-04-30,25.44,25.99,25.4,25.54,4711352.0,139103841.0,231143082.0,0.020382838020650777
2019-05-06,23.92,24.61,22.98,22.98,9818429.0,267647696.0,231143082.0,0.04247771084059526
2019-05-07,23.18,23.65,22.71,23.37,5444559.0,145356697.0,231143082.0,0.023554929496008018
2019-05-08,22.87,23.87,22.8,23.32,4222199.0,113719178.0,231143082.0,0.01826660336734629
2019-05-09,23.07,23.59,22.32,22.33,3818075.0,100919018.0,231143082.0,0.01651823176780173
2019-05-10,22.87,23.42,20.87,23.18,7892059.0,207024454.0,231143082.0,0.03414360893569811
2019-05-13,22.83,23.36,21.19,21.4,9702106.0,247023343.0,231143082.0,0.041974459785043446
2019-05-14,21.31,21.89,21.05,21.46,7454750.0,184272814.0,231143082.0,0.03225166825455758
2019-05-15,21.67,21.92,21.01,21.83,6401396.0,158571657.0,231143082.0,0.027694516939944583
2019-05-16,21.68,21.68,20.63,20.93,10208125.0,246359869.0,231143082.0,0.04416366222892191
2019-05-17,21.12,21.19,19.9,19.95,7194564.0,169852570.0,231143082.0,0.031126019164181604
2019-05-20,19.96,20.13,18.26,19.77,9516365.0,209669414.0,231143082.0,0.04117088392894233
2019-05-21,20.16,21.12,20.13,20.54,8166531.0,194333525.0,231143082.0,0.03533106389919989
2019-05-22,20.81,20.95,19.93,20.52,5330743.0,125244940.0,231143082.0,0.023062524536209134
2019-05-23,20.4,20.4,19.44,19.57,4624622.0,105261118.0,231143082.0,0.020007615888759326
2019-05-24,19.6,19.91,19.22,19.68,4153123.0,93417958.0,231143082.0,0.017967758169807564
2019-05-27,19.7,20.63,19.44,20.6,4890246.0,113723129.0,231143082.0,0.02115679153226831
2019-05-28,20.6,21.47,20.48,21.24,7720787.0,187141417.0,231143082.0,0.033402630670123196
2019-05-29,21.23,21.63,21.0,21.14,4826795.0,118350557.0,231143082.0,0.020882281910561355
2019-05-30,21.15,21.15,20.48,20.78,3188127.0,76143984.0,231143082.0,0.013792872243522304
2019-05-31,21.01,22.79,20.86,21.91,7108735.0,179562928.0,231143082.0,0.03075469505074783
2019-06-03,22.07,22.67,21.48,22.0,5918217.0,149801385.0,231143082.0,0.025604127749754586
2019-06-04,22.13,22.61,21.52,21.87,4704977.0,119276132.0,231143082.0,0.02035525770137477
2019-06-05,22.0,22.61,22.0,22.34,4589213.0,117867446.0,231143082.0,0.019854425061270057
2019-06-06,22.15,22.47,21.83,21.9,3022915.0,76709353.0,231143082.0,0.013078111504976817
2019-06-10,22.08,22.76,21.59,22.48,3933270.0,98549285.0,231143082.0,0.017016602729213414
2019-06-11,22.26,23.05,22.13,22.96,5909421.0,150671420.0,231143082.0,0.025566073398640587
2019-06-12,22.79,23.41,22.63,22.96,4628035.0,120265604.0,231143082.0,0.020022381634592898
2019-06-13,22.72,23.38,22.72,22.77,3896595.0,101219774.0,231143082.0,0.016857934774790275
2019-06-14,22.82,22.96,22.08,22.09,5238153.0,132940340.0,231143082.0,0.022661950142206722
2019-06-17,22.36,22.63,22.21,22.27,3652669.0,92113001.0,231143082.0,0.015802631722285333
2019-06-18,22.58,22.58,22.27,22.46,1895507.0,47899577.0,231143082.0,0.008200578549004552
2019-06-19,23.34,24.7,23.34,24.7,12223860.0,335781828.0,231143082.0,0.05288438613101127
2019-06-20,24.7,24.83,23.88,24.33,8714875.0,239498443.0,231143082.0,0.03770337803144807
2019-06-21,24.8,25.38,24.14,24.77,6424222.0,179816525.0,231143082.0,0.027793269625088757
2019-06-24,24.51,24.7,23.96,24.58,5114284.0,140362214.0,231143082.0,0.0221260526412813
2019-06-25,24.58,24.58,23.52,24.25,4914826.0,132761386.0,231143082.0,0.021263132590747406
2019-06-26,24.13,26.33,24.07,25.51,8245980.0,234960614.0,231143082.0,0.035674786061734694
2019-06-27,26.0,26.87,25.77,26.27,8747778.0,258441229.0,231143082.0,0.037845727089509
2019-06-28,25.96,26.37,25.63,26.05,5379468.0,157651351.0,231143082.0,0.023273324701969664
2019-07-01,27.32,28.57,26.82,28.38,10749140.0,337453315.0,231143082.0,0.04650426872823302
2019-07-02,28.22,28.28,27.14,27.8,5967601.0,186392664.0,231143082.0,0.025817778963421453
2019-07-03,27.69,27.8,26.84,27.18,3236839.0,99220787.0,231143082.0,0.014003616167063136
2019-07-04,27.24,27.46,26.36,26.58,3550354.0,106941660.0,231143082.0,0.015359983821622661
2019-07-05,26.86,27.53,26.59,27.09,4215445.0,129113266.0,231143082.0,0.018237383371049798
2019-07-08,27.44,27.44,26.21,26.45,3113672.0,93495537.0,231143082.0,0.013470755746001518
2019-07-09,26.3,26.88,26.16,26.78,2554628.0,76588500.0,231143082.0,0.01105214994061557
2019-07-10,27.29,27.29,26.27,26.39,3352870.0,100600588.0,231143082.0,0.014505603935833996
2019-07-11,26.55,27.38,26.55,27.04,4765634.0,145219664.0,231143082.0,0.0206176795721708
2019-07-12,27.25,27.25,26.52,27.02,2578118.0,78361874.0,231143082.0,0.011153775305289042
2019-07-15,26.76,28.33,26.39,27.77,4887045.0,151883742.0,231143082.0,0.021142942967248314
2019-07-16,27.64,29.55,27.62,28.36,6952739.0,223771638.0,231143082.0,0.030079805719645115
2019-07-17,28.18,29.73,28.18,28.93,5377565.0,176735203.0,231143082.0,0.02326509170627049
2019-07-18,28.6,28.91,27.69,27.93,4345251.0,138081427.0,231143082.0,0.018798966261079793
2019-07-19,28.22,28.64,27.77,28.11,2826549.0,89938244.0,231143082.0,0.01222856845008236
2019-07-22,28.57,28.71,27.06,28.05,3706207.0,117680699.0,231143082.0,0.016034254488308676
2019-07-23,28.24,29.34,27.7,29.2,5436655.0,176420186.0,231143082.0,0.023520734226430362
2019-07-24,29.44,31.01,29.44,30.37,8154460.0,278850372.0,231143082.0,0.03527884083504606
2019-07-25,30.33,31.99,30.15,31.61,8565795.0,304302593.0,231143082.0,0.0370584095612258
2019-07-26,31.63,32.32,31.08,31.87,4771880.0,171201374.0,231143082.0,0.020644701795574396
2019-07-29,31.86,32.8,31.33,31.96,6595359.0,238471412.0,231143082.0,0.02853366383684371
2019-07-30,32.13,32.21,31.0,31.11,5774812.0,204156733.0,231143082.0,0.024983711171593707
2019-07-31,30.61,31.91,30.6,31.27,4675029.0,165274114.0,231143082.0,0.02022569293248413
2019-08-01,31.1,31.66,30.65,31.06,5087351.0,177917837.0,231143082.0,0.022009531741036488
2019-08-02,29.42,31.88,29.37,31.28,9556979.0,332731480.0,231143082.0,0.0413465932759346
2019-08-05,31.06,31.79,30.28,30.42,4826152.0,168661374.0,231143082.0,0.020879500083848496
2019-08-06,30.06,31.57,29.0,30.84,6761176.0,231726627.0,231143082.0,0.029251042001767546
2019-08-07,31.73,32.33,31.02,31.27,5982487.0,212999448.0,231143082.0,0.02588218063130265
2019-08-08,30.95,31.77,30.06,31.5,8653110.0,300176863.0,231143082.0,0.03743616259300376
2019-08-09,31.51,32.19,30.51,30.71,7153527.0,251753133.0,231143082.0,0.03094847978188679
2019-08-12,30.97,32.08,30.13,32.02,7906887.0,278372618.0,231143082.0,0.03420775967675295
2019-08-13,31.45,33.61,31.39,33.1,13831485.0,513090871.0,231143082.0,0.059839493703731095
2019-08-14,34.61,36.38,31.93,32.14,22527291.0,887687201.0,231143082.0,0.09746037305152831
2019-08-15,31.05,35.31,30.53,35.08,14302073.0,532519735.0,231143082.0,0.061875410140979255
2019-08-16,34.77,35.32,33.81,34.23,10554739.0,409855721.0,231143082.0,0.04566322690116246
2019-08-19,35.05,37.3,34.63,35.58,12753938.0,513914504.0,231143082.0,0.055177675618256226
2019-08-20,35.85,35.88,35.02,35.36,7182971.0,286413579.0,231143082.0,0.0310758640831829
2019-08-21,35.06,35.84,34.34,35.02,7471561.0,294777664.0,231143082.0,0.03232439809727898
2019-08-22,35.05,35.1,33.94,34.17,7646286.0,295473965.0,231143082.0,0.03308031516167116
2019-08-23,34.25,34.5,32.81,33.83,11852768.0,446903601.0,231143082.0,0.05127892168540004
2019-08-26,32.83,33.99,32.71,33.92,6900055.0,261250005.0,231143082.0,0.029851877634823613
2019-08-27,34.04,35.18,33.78,34.24,10351770.0,400950653.0,231143082.0,0.044785117124984945
2019-08-28,33.96,34.15,33.19,33.46,7429289.0,280777989.0,231143082.0,0.03214151570411266
2019-08-29,33.72,34.29,32.99,33.45,8770382.0,334394686.0,231143082.0,0.03794351933059368
2019-08-30,33.71,33.82,30.11,30.11,15891313.0,565657830.0,231143082.0,0.06875097823606938
2019-09-02,29.84,32.86,29.28,32.65,16626501.0,589028107.0,231143082.0,0.071931640160444
2019-09-03,32.54,33.59,32.13,33.09,12353773.0,456758230.0,231143082.0,0.05344643193777264
2019-09-04,33.26,33.28,31.28,31.78,11466523.0,412995675.0,231143082.0,0.049607900443241475
2019-09-05,32.03,33.48,31.63,32.3,12537063.0,458537014.0,231143082.0,0.05423940397229799
2019-09-06,32.57,33.1,31.27,32.02,10925079.0,394871685.0,231143082.0,0.047265437950680264
2019-09-09,32.4,35.04,31.69,34.5,16426358.0,618720960.0,231143082.0,0.07106575657756437
2019-09-10,34.61,35.81,34.16,34.9,10825833.0,425287396.0,231143082.0,0.0468360675401914
2019-09-11,35.33,36.47,34.68,35.66,11546640.0,465671986.0,231143082.0,0.04995451259060395
2019-09-12,35.99,36.2,34.06,34.75,9452966.0,369962648.0,231143082.0,0.04089659927611418
2019-09-16,34.75,37.22,33.99,36.19,11952263.0,483473913.0,231143082.0,0.05170936935071239
2019-09-17,36.03,37.25,35.42,35.85,10209745.0,417207264.0,231143082.0,0.04417067087476146
2019-09-18,35.8,36.07,34.5,35.6,8484401.0,336348453.0,231143082.0,0.036706272697358946
2019-09-19,35.34,36.69,34.97,35.83,7340013.0,295946669.0,231143082.0,0.03175527874980918
2019-09-20,35.84,36.52,35.41,35.9,7897607.0,319730684.0,231143082.0,0.034167611384536264
2019-09-23,35.88,38.9,35.63,38.05,13117096.0,552235536.0,231143082.0,0.056748815004552026
2019-09-24,38.54,38.73,37.52,37.98,7684922.0,329982983.0,231143082.0,0.033247467038619825
2019-09-25,37.93,37.94,35.38,36.2,9191137.0,376380669.0,231143082.0,0.039763842034433027
2019-09-26,36.45,36.52,34.58,35.05,8452729.0,336185194.0,231143082.0,0.03656924934487116
2019-09-27,34.94,36.67,34.9,36.44,7499244.0,303550531.0,231143082.0,0.03244416374096803
2019-09-30,36.43,36.93,35.29,35.6,3744745.0,151319286.0,231143082.0,0.016200982385447295
2019-10-08,35.73,37.62,34.97,36.25,8620561.0,355205694.0,231143082.0,0.03729534505384851
2019-10-09,35.51,35.69,34.25,35.07,7891891.0,308853374.0,231143082.0,0.034142882113166594
2019-10-10,34.78,35.94,34.61,35.94,7424744.0,295423991.0,231143082.0,0.03212185255884059
2019-10-11,36.13,36.91,35.18,36.13,5423456.0,219305813.0,231143082.0,0.0234636310681364
2019-10-14,36.83,38.26,36.25,38.05,9706163.0,409630655.0,231143082.0,0.04199201168391447
2019-10-15,37.62,38.86,36.91,38.42,7249727.0,311325289.0,231143082.0,0.031364672207667456
2019-10-16,37.97,39.1,37.6,37.98,5289008.0,228439059.0,231143082.0,0.022881965379348883
2019-10-17,37.75,39.23,37.75,39.01,5944753.0,258981877.0,231143082.0,0.025718931099136248
2019-10-18,39.13,39.93,37.98,38.36,4789619.0,209632039.0,231143082.0,0.020721446467517467
2019-10-21,37.48,38.73,37.16,37.98,3455083.0,147857262.0,231143082.0,0.014947810551388252
2019-10-22,38.41,38.5,36.97,38.09,5467830.0,232195041.0,231143082.0,0.023655607395595774
2019-10-23,37.78,40.25,37.69,39.61,6871346.0,302185077.0,231143082.0,0.02972767318210285
2019-10-24,38.96,41.91,38.78,41.58,8445350.0,387812097.0,231143082.0,0.036537325395704465
2019-10-25,41.79,43.68,40.82,43.41,6780233.0,324514393.0,231143082.0,0.029333488769523287
2019-10-28,43.29,45.26,41.71,43.14,8093913.0,393068787.0,231143082.0,0.03501689485995518
2019-10-29,43.13,43.28,41.87,42.24,4969132.0,237861552.0,231143082.0,0.021498077974057644
2019-10-30,41.9,42.61,40.57,41.36,7490222.0,348467267.0,231143082.0,0.03240513164049617
2019-10-31,38.55,40.79,38.33,39.18,12368445.0,551036941.0,231143082.0,0.05350990777219108
2019-11-01,39.54,40.64,39.11,40.59,6727746.0,302681162.0,231143082.0,0.029106412970646468
2019-11-04,40.91,41.32,40.38,40.8,6533388.0,301016934.0,231143082.0,0.02826555717553338
2019-11-05,41.16,41.39,40.33,41.19,5915782.0,273228598.0,231143082.0,0.0255935931493723
2019-11-06,41.71,43.92,41.71,42.93,11366292.0,549968615.0,231143082.0,0.04917426860302918
2019-11-07,43.29,43.46,41.32,42.49,9344812.0,446404819.0,231143082.0,0.04042868996615698
2019-11-08,42.61,44.28,42.06,42.99,10011005.0,487253449.0,231143082.0,0.043310857125284846
2019-11-11,42.6,43.48,41.71,41.8,5495902.0,263408390.0,231143082.0,0.02377705597955123
2019-11-12,41.96,43.44,40.91,43.44,8231540.0,390700732.0,231143082.0,0.03561231393462167
2019-11-13,43.29,44.35,42.3,43.74,8826015.0,433162892.0,231143082.0,0.03818420574663792
2019-11-14,43.77,47.03,43.77,45.87,12278589.0,630951799.0,231143082.0,0.053121161549624055
2019-11-15,45.59,46.72,45.09,45.26,7093234.0,366535343.0,231143082.0,0.030687632693242362
2019-11-18,44.9,45.67,43.88,44.37,6860553.0,343691457.0,231143082.0,0.029680979160777998
2019-11-19,44.07,46.13,44.01,45.81,7332047.0,371558184.0,231143082.0,0.0317208152481068
2019-11-20,45.43,46.69,45.37,46.08,5662504.0,293350935.0,231143082.0,0.024497830309280034
2019-11-21,45.92,48.08,45.53,46.75,8103354.0,429313366.0,231143082.0,0.03505773969043123
2019-11-22,46.68,47.16,43.37,44.25,12618516.0,638108995.0,231143082.0,0.054591796089315796
2019-11-25,44.13,44.51,41.69,42.61,8720482.0,420581152.0,231143082.0,0.03772763573343718
2019-11-26,42.92,45.05,42.92,43.39,9627692.0,477806226.0,231143082.0,0.04165252066683094
2019-11-27,43.92,45.34,43.2,44.68,10009935.0,501971338.0,231143082.0,0.04330622795797107
2019-11-28,44.41,45.36,44.01,44.15,7506695.0,376278307.0,231143082.0,0.032476399185505364
2019-11-29,44.37,44.45,42.95,43.84,6413525.0,314883170.0,231143082.0,0.027746990930924767
2019-12-02,43.84,45.2,43.15,44.58,7622100.0,381704942.0,231143082.0,0.032975678675081437
2019-12-03,44.08,45.7,43.62,45.69,6649272.0,334675450.0,231143082.0,0.028766908974589167
2019-12-04,45.26,46.04,45.05,45.81,5283606.0,271142042.0,231143082.0,0.0228585945739012
2019-12-05,45.76,47.92,45.64,46.09,10674661.0,562827838.0,231143082.0,0.04618204839892202
2019-12-06,46.38,47.38,45.78,46.61,7508824.0,393592795.0,231143082.0,0.032485609930562404
2019-12-09,45.6,46.45,44.09,44.13,13681632.0,695132011.0,231143082.0,0.05919118098459897
2019-12-10,44.17,44.8,42.43,44.47,12520876.0,614680714.0,231143082.0,0.05416937375612219
2019-12-11,44.15,44.61,42.95,43.64,8756492.0,430256202.0,231143082.0,0.03788342668200643
2019-12-12,43.29,44.26,42.85,42.85,8342365.0,407953606.0,231143082.0,0.03609177885756494
2019-12-13,43.32,43.45,42.59,43.13,7218059.0,349798665.0,231143082.0,0.031227666160478038
2019-12-16,43.26,43.92,42.0,43.3,11260285.0,544545880.0,231143082.0,0.048715647911971686
2019-12-17,44.16,44.18,42.94,43.71,9303538.0,455560366.0,231143082.0,0.040250125244933786
2019-12-18,43.42,45.82,43.39,45.0,13195322.0,668694399.0,231143082.0,0.05708724607211044
2019-12-19,45.26,45.26,42.59,42.79,10384581.0,507200258.0,231143082.0,0.04492706816118339
2019-12-20,42.59,43.23,42.33,42.34,6262276.0,301599044.0,231143082.0,0.02709263866266177
2019-12-23,41.97,41.98,38.24,38.56,18257460.0,813253945.0,231143082.0,0.0789876981912009
2019-12-24,38.63,40.6,38.63,40.15,10332507.0,467205098.0,231143082.0,0.04470177913436319
2019-12-25,40.55,40.96,39.31,39.76,8716682.0,393417578.0,231143082.0,0.037711195699986384
2019-12-26,39.63,40.06,38.88,39.28,5904560.0,262229855.0,231143082.0,0.025545043134797347
2019-12-27,39.84,40.03,38.72,39.05,8734224.0,385980047.0,231143082.0,0.037787088085984764
2019-12-30,38.11,39.74,37.38,39.64,10262772.0,449827142.0,231143082.0,0.04440008288891813
2019-12-31,39.62,40.02,39.05,39.84,5477867.0,243856267.0,231143082.0,0.023699030715528834
2020-01-02,39.84,41.17,39.84,40.75,8527207.0,391246453.0,231143082.0,0.03689146534785757
2020-01-03,40.75,42.0,40.61,41.4,6732812.0,313777965.0,231143082.0,0.029128330131031135
2020-01-06,40.72,41.22,40.15,40.45,8619721.0,394073149.0,231143082.0,0.037291710941190964
2020-01-07,40.82,41.19,40.46,41.08,5796916.0,267308182.0,231143082.0,0.025079340250382227
2020-01-08,41.26,41.33,40.11,40.73,7551089.0,347233560.0,231143082.0,0.03266846203945658
2020-01-09,40.81,42.86,40.8,42.79,11354230.0,535980471.0,231143082.0,0.04912208447579668
2020-01-10,42.78,45.12,42.78,44.37,10631548.0,531517320.0,231143082.0,0.04599552756677355
2020-01-13,44.17,45.13,43.37,44.6,8102293.0,404988130.0,231143082.0,0.035053149460038784
2020-01-14,45.43,45.75,43.75,44.08,9194067.0,463824507.0,231143082.0,0.03977651816548851
2020-01-15,44.1,44.42,43.02,43.75,7296481.0,357504819.0,231143082.0,0.031566945187656535
2020-01-16,43.92,44.46,43.1,43.93,5630817.0,277741599.0,231143082.0,0.02436074206192336
2020-01-17,43.92,44.29,43.13,43.3,4381298.0,214371272.0,231143082.0,0.01895491728365896
2020-01-20,43.48,45.48,43.13,44.92,7752889.0,389821739.0,231143082.0,0.03354151434218568
2020-01-21,44.47,45.34,44.3,44.33,5596323.0,282562740.0,231143082.0,0.024211509821436057
2020-01-22,44.19,45.66,42.68,45.66,10127109.0,506814594.0,231143082.0,0.04381316071575095
2020-01-23,44.55,45.9,43.13,44.35,7708908.0,387152080.0,231143082.0,0.033351238260291086
2020-02-03,39.91,40.53,39.91,39.91,3434712.0,154689504.0,231143082.0,0.01485967899311821
2020-02-04,37.8,40.47,37.8,39.31,10038714.0,446439804.0,231143082.0,0.043430735253413295
2020-02-05,39.04,41.26,38.87,39.82,9905881.0,451778872.0,231143082.0,0.042856056578842366
2020-02-06,39.89,40.31,37.59,39.05,11327315.0,499179485.0,231143082.0,0.04900564144939454
2020-02-07,38.92,38.93,37.27,38.06,12337746.0,526964638.0,231143082.0,0.053377093933531614
2020-02-10,37.46,37.77,35.94,37.7,13629936.0,564621920.0,231143082.0,0.05896752730847467
2020-02-11,37.89,41.47,37.89,41.47,15347490.0,688389381.0,231143082.0,0.06639822341730306
2020-02-12,42.15,42.46,40.82,41.74,13767098.0,646062485.0,231143082.0,0.05956093464220573
2020-02-13,40.91,42.86,40.83,41.72,10499795.0,496870972.0,231143082.0,0.04542552132276232
2020-02-14,41.52,44.15,41.26,42.95,11272230.0,543403103.0,231143082.0,0.048767325859226884
2020-02-17,42.65,44.24,42.17,43.57,10383946.0,505292494.0,231143082.0,0.044924320945067264
2020-02-18,43.35,43.77,42.49,43.13,8794863.0,426666219.0,231143082.0,0.03804943208293814
2020-02-19,43.04,43.86,42.15,42.5,9346647.0,450280709.0,231143082.0,0.040436628771783875
2020-02-20,42.4,43.55,42.15,42.63,11336390.0,546472660.0,231143082.0,0.04904490284506979
2020-02-21,42.63,45.59,42.48,45.44,18321419.0,921514237.0,231143082.0,0.07926440558580075
2020-02-24,45.26,48.17,44.6,47.09,21843900.0,1146803403.0,231143082.0,0.09450380176206181
2020-02-25,45.26,48.76,44.81,47.94,19185906.0,1011156894.0,231143082.0,0.08300445695363705
2020-02-26,46.91,47.65,43.15,43.15,20502021.0,1041807622.0,231143082.0,0.08869839764445124
2020-02-27,42.77,43.15,40.68,41.61,14852866.0,699080565.0,231143082.0,0.06425831944215402
2020-02-28,38.84,39.53,37.45,37.46,17580988.0,757436704.0,231143082.0,0.07606106074158862
2020-03-02,37.98,39.4,37.67,38.4,14410562.0,624683647.0,268159159.0,0.05373883947778938
2020-03-03,39.72,40.24,37.8,38.29,15023449.0,660614508.0,268159159.0,0.0560243739427897
2020-03-04,37.71,37.71,35.21,36.94,20994955.0,864949631.0,268159159.0,0.07829288799343229
2020-03-05,37.95,38.16,36.43,37.8,16009927.0,673708598.0,268159159.0,0.05970307730566831
2020-03-06,36.49,37.79,36.47,37.52,9628761.0,404580216.0,268159159.0,0.035906888416218516
2020-03-09,36.63,36.63,34.87,35.01,14369703.0,579429834.0,268159159.0,0.05358647101067318
2020-03-10,34.52,36.54,33.81,36.33,20077944.0,796838253.0,268159159.0,0.07487323600981312
2020-03-11,36.57,36.83,35.56,35.63,12086026.0,491913318.0,268159159.0,0.04507034570465669
2020-03-12,34.78,35.14,34.04,34.4,13839079.0,536843560.0,268159159.0,0.05160770585501426
2020-03-13,31.47,33.96,31.47,33.74,11457792.0,427776825.0,268159159.0,0.04272758030241287
2020-03-16,33.78,34.16,31.02,31.34,13191746.0,483886143.0,268159159.0,0.049193717824868324
2020-03-17,31.34,33.72,29.15,31.38,16223941.0,563619046.0,268159159.0,0.06050116304250492
2020-03-18,31.91,32.48,29.91,29.91,15596572.0,549152657.0,268159159.0,0.058161623336535004
2020-03-19,30.21,30.53,28.93,30.0,19212135.0,645007068.0,268159159.0,0.07164452287083732
2020-03-20,30.58,30.76,29.59,30.1,10340680.0,350983104.0,268159159.0,0.03856172594873032
2020-03-23,29.09,29.26,27.09,27.09,16972563.0,532892022.0,268159159.0,0.06329287078350361
2020-03-24,27.69,27.78,26.06,27.35,16669447.0,507588597.0,268159159.0,0.06216251222655423
2020-03-25,28.05,30.07,28.05,29.31,18811305.0,618319583.0,268159159.0,0.07014977623792443
2020-03-26,29.19,29.5,28.56,28.7,11719973.0,382012429.0,268159159.0,0.04370528697846938
2020-03-27,29.51,29.51,28.27,28.29,9281492.0,300230666.0,268159159.0,0.03461187764241161
2020-03-30,27.62,27.78,26.6,27.26,11510548.0,352896867.0,268159159.0,0.04292431421296335
2020-03-31,27.86,28.83,27.7,28.18,11335716.0,362032225.0,268159159.0,0.042272343194513076
2020-04-01,28.27,30.14,28.23,28.99,16729827.0,553847690.0,268159159.0,0.06238767701385877
2020-04-02,28.87,31.77,28.86,31.58,22819332.0,781810509.0,268159159.0,0.08509622451493443
2020-04-03,31.17,32.9,30.97,32.19,15832123.0,572783178.0,268159159.0,0.0590400233168989
2020-04-07,33.19,33.68,31.94,32.42,15404104.0,567164320.0,268159159.0,0.05744388540538345
2020-04-08,32.23,34.07,32.04,33.44,14793012.0,556633364.0,268159159.0,0.055165044726292564
2020-04-09,33.72,33.85,32.73,32.97,8850110.0,329605128.0,268159159.0,0.03300319867127865
2020-04-10,32.73,32.73,31.47,31.78,10935129.0,393318681.0,268159159.0,0.0407785027398598
2020-04-13,31.42,31.65,30.27,31.07,9383363.0,327482800.0,268159159.0,0.034991767706133055
2020-04-14,32.18,32.92,31.86,32.83,12019139.0,438631911.0,268159159.0,0.044820915477289364
2020-04-15,32.74,35.03,32.74,34.78,18412255.0,714500720.0,268159159.0,0.06866166745399138
2020-04-16,34.25,34.7,33.88,34.52,8192963.0,316765884.0,268159159.0,0.03055261297265629
2020-04-17,34.7,35.76,34.31,34.79,12550962.0,497477167.0,268159159.0,0.04680415185818807
2020-04-20,34.81,35.03,34.26,34.77,6822343.0,265721278.0,268159159.0,0.025441394675615014
2020-04-21,34.55,34.55,32.32,33.15,15849299.0,590708139.0,268159159.0,0.05910407483042561
2020-04-22,32.69,33.88,32.59,33.61,9119258.0,343056683.0,268159159.0,0.03400688618657251
2020-04-23,33.9,33.95,33.4,33.5,5863757.0,222588493.0,268159159.0,0.021866704168773142
2020-04-24,33.47,33.77,32.96,33.12,4865043.0,182833165.0,268159159.0,0.018142371187851166
2020-04-27,32.69,33.52,32.69,32.81,5051448.0,188919229.0,268159159.0,0.018837499412056254
2020-04-28,32.97,34.87,31.87,34.44,12481479.0,476457987.0,268159159.0,0.04654504081287039
2020-04-29,34.29,36.12,34.04,35.76,11937386.0,475703444.0,268159159.0,0.04451604802355455
2020-04-30,36.11,38.04,35.47,37.08,13756676.0,573469072.0,268159159.0,0.051300414467663216
2020-05-06,37.36,38.94,37.36,38.61,13955714.0,603753570.0,268159159.0,0.05204265277398189
2020-05-07,39.04,39.29,37.97,38.4,10711495.0,465177793.0,268159159.0,0.039944542785502996
2020-05-08,38.73,38.74,37.62,38.05,10096363.0,433170020.0,268159159.0,0.03765063642670508
2020-05-11,38.3,38.55,37.29,37.61,7985332.0,341366522.0,268159159.0,0.029778330263931056
2020-05-12,37.98,38.82,37.3,38.27,8191586.0,351483199.0,268159159.0,0.03054747796251852
2020-05-13,38.18,38.58,37.76,38.33,6375246.0,274963174.0,268159159.0,0.0237741124478989
2020-05-14,37.76,38.11,37.46,37.47,6652801.0,283071875.0,268159159.0,0.024809150747672207
2020-05-15,37.79,38.2,36.81,37.16,9930152.0,418176259.0,268159159.0,0.037030814226263295
2020-05-18,35.88,37.08,35.4,36.38,12793001.0,523803373.0,268159159.0,0.04770674642517058
2020-05-19,36.86,37.93,36.77,37.62,8508201.0,359245798.0,268159159.0,0.03172817602698404
2020-05-20,37.7,37.7,35.74,36.04,16987962.0,696511882.0,268159159.0,0.06335029563543641
2020-05-21,36.05,36.47,35.1,35.14,6801322.0,273119155.0,268159159.0,0.025363004662466142
2020-05-22,35.49,36.22,34.96,36.02,8206076.0,331158659.0,268159159.0,0.03060151303651724
2020-05-25,35.94,36.87,35.24,35.41,7298573.0,295820698.0,268159159.0,0.027217317608010546
2020-05-26,35.82,38.06,35.41,37.82,10950778.0,459921512.0,268159159.0,0.04083685987395269
2020-05-27,37.98,38.11,37.27,37.35,6906675.0,292637137.0,268159159.0,0.025755879552113302
2020-05-28,37.02,37.33,35.76,36.26,8409587.0,344084996.0,268159159.0,0.03136043173524422
2020-05-29,36.11,38.07,35.88,37.28,7044390.0,295901279.0,268159159.0,0.02626943650281958
2020-06-01,37.75,41.01,37.75,41.01,16084862.0,730847372.0,268159159.0,0.059982519560333195
2020-06-02,41.62,43.14,40.95,42.42,17925696.0,853922380.0,268159159.0,0.06684722635186964
2020-06-03,42.65,45.26,41.89,43.44,16204629.0,797384779.0,268159159.0,0.06042914611020241
2020-06-04,43.92,45.55,43.57,44.37,10603404.0,532954749.0,268159159.0,0.03954145754163855
2020-06-05,44.45,45.24,43.13,43.9,10235442.0,505707295.0,268159159.0,0.0381692799088768
2020-06-08,44.69,45.66,44.07,45.02,8105355.0,410134295.0,268159159.0,0.0302259114707322
2020-06-09,46.94,46.94,43.21,43.5,12960772.0,642921216.0,268159159.0,0.048332386066291325
2020-06-10,44.37,44.37,43.04,43.33,10596410.0,520257420.0,268159159.0,0.03951537601592792
2020-06-11,43.48,44.36,42.73,43.61,10084588.0,495169729.0,268159159.0,0.03760672593696492
2020-06-12,42.58,43.28,41.98,42.51,11566438.0,553980337.0,268159159.0,0.04313273521267271
2020-06-15,42.5,42.74,41.26,41.48,7888313.0,372288350.0,268159159.0,0.0294165339323726
2020-06-16,42.15,43.28,41.62,42.06,7897928.0,375456101.0,268159159.0,0.029452389504249603
2020-06-17,42.51,42.54,41.27,41.91,6416067.0,299110561.0,268159159.0,0.023926339208126767
2020-06-18,41.77,43.97,41.28,43.27,16288305.0,782930817.0,268159159.0,0.06074118467831263
2020-06-19,43.63,44.93,43.33,43.57,15272633.0,752477988.0,268159159.0,0.05695361313390754
2020-06-22,43.58,44.18,43.14,43.19,9187417.0,446236296.0,268159159.0,0.034261059865570355
2020-06-23,43.17,47.08,42.58,46.34,16735897.0,836335037.0,268159159.0,0.062410312824705716
2020-06-24,46.35,46.59,45.07,45.29,10805169.0,549443930.0,268159159.0,0.04029386518175947
2020-06-29,44.84,45.71,44.12,44.67,8506387.0,425527266.0,480169744.0,0.01771537483627873
2020-06-30,43.39,46.1,43.39,44.9,13814003.0,691320236.0,480169744.0,0.028768999239568913
2020-07-01,44.66,44.83,43.03,44.2,15403703.0,752528193.0,480169744.0,0.03207970346419828
2020-07-02,43.94,44.56,43.34,44.31,9978883.0,489624899.0,480169744.0,0.020781990378802375
2020-07-03,45.53,46.49,43.09,43.94,15092547.0,744080132.0,480169744.0,0.0314316909563548
2020-07-06,43.88,45.13,42.76,44.63,20548211.0,1008423742.0,480169744.0,0.042793639659228506
2020-07-07,44.83,47.2,44.54,46.55,27145026.0,1396337952.0,480169744.0,0.056532145848823
2020-07-08,47.2,47.61,45.92,47.08,20742296.0,1084105841.0,480169744.0,0.04319784047034834
2020-07-09,47.5,49.42,47.4,48.69,21161270.0,1146916509.0,480169744.0,0.04407039440619149
2020-07-10,48.43,48.43,46.72,46.86,16237102.0,858716025.0,480169744.0,0.03381533760277907
2020-07-13,46.91,47.71,46.37,47.26,18934087.0,989947918.0,480169744.0,0.03943207008894754
2020-07-14,47.27,47.28,45.13,46.22,14272302.0,735939951.0,480169744.0,0.029723451296839728
2020-07-15,46.09,46.77,44.71,44.78,11664690.0,592177361.0,480169744.0,0.024292846739631307
2020-07-16,44.74,45.7,42.33,42.35,13272143.0,649538519.0,480169744.0,0.02764052330627479
2020-07-17,42.34,43.13,41.54,42.37,10000044.0,471946244.0,480169744.0,0.020826060210907417
2020-07-20,42.8,43.48,41.85,43.11,9718183.0,463039990.0,480169744.0,0.020239057378009222
2020-07-21,43.12,44.9,42.49,44.89,11140311.0,546537470.0,480169744.0,0.02320077668200602
2020-07-22,44.83,45.09,44.01,44.63,8238341.0,411360396.0,480169744.0,0.017157143078969175
2020-07-23,43.97,44.39,42.69,43.33,9673514.0,468443207.0,480169744.0,0.020146029858974204
2020-07-24,43.01,43.22,39.25,39.77,16381577.0,744299970.0,480169744.0,0.03411622078379016
2020-07-27,39.9,41.66,39.78,40.81,11212204.0,511240440.0,480169744.0,0.0233505008178941
2020-07-28,41.29,43.48,41.29,42.37,12125410.0,575550614.0,480169744.0,0.02525234076389453
2020-07-29,42.37,43.78,41.9,43.74,10676242.0,516176249.0,480169744.0,0.02223430804086648
2020-07-30,44.66,45.08,43.74,43.83,9316402.0,461017873.0,480169744.0,0.019402309529939897
2020-07-31,44.84,46.67,44.84,45.74,27051469.0,1382370709.0,480169744.0,0.05633730433461047
2020-08-03,46.9,47.31,45.83,46.28,14270339.0,739470628.0,480169744.0,0.02971936315920813
2020-08-04,46.38,46.61,44.68,45.49,10726794.0,544859492.0,480169744.0,0.02233958747721514
2020-08-05,45.83,46.33,44.84,45.74,6656476.0,337491390.0,480169744.0,0.013862756000719612
2020-08-06,45.51,46.18,44.5,44.66,7996867.0,401658190.0,480169744.0,0.01665425008536148
2020-08-07,44.39,45.24,43.05,43.91,6738593.0,330235601.0,480169744.0,0.014033772606880454
2020-08-10,42.95,43.48,41.89,42.99,10203195.0,486193338.0,480169744.0,0.02124914184513883
2020-08-11,43.09,44.1,42.6,42.72,5734877.0,276845844.0,480169744.0,0.011943436819292804
2020-08-12,42.15,42.69,40.96,41.73,10116860.0,469424817.0,480169744.0,0.021069340845432362
2020-08-13,42.37,42.82,40.8,40.94,12252082.0,565034254.0,480169744.0,0.025516147473048614
2020-08-14,41.36,41.94,40.63,41.42,7800175.0,358384321.0,480169744.0,0.01624461994423372
2020-08-17,42.01,42.41,41.25,42.27,9650915.0,450887943.0,480169744.0,0.020098965252587843
2020-08-18,42.47,42.75,41.69,42.6,10004661.0,470582367.0,480169744.0,0.020835675560599252
2020-08-19,42.33,42.76,40.87,41.06,7129706.0,332143588.0,480169744.0,0.014848303311672216
2020-08-20,41.12,41.55,40.27,40.53,6205000.0,281761608.0,480169744.0,0.012922513501808643
2020-08-21,41.04,42.78,40.89,42.44,13444351.0,633875108.0,480169744.0,0.02799916314593949
2020-08-24,43.33,45.92,41.93,45.68,19740558.0,984930469.0,480169744.0,0.041111624059345146
2020-08-25,45.68,46.2,44.55,44.76,18121779.0,916662173.0,480169744.0,0.03774036000069175
2020-08-26,45.16,45.25,42.79,43.26,10244081.0,496967183.0,480169744.0,0.021334290900261305
2020-08-27,43.26,44.11,42.94,43.31,6212350.0,301585486.0,480169744.0,0.012937820588712479
2020-08-28,43.31,43.78,42.02,43.57,6543684.0,313385608.0,480169744.0,0.01362785573594991
2020-08-31,43.5,44.46,43.44,43.85,7027587.0,345240236.0,480169744.0,0.014635630603164368
2020-09-01,43.48,44.0,41.87,43.24,8294307.0,395834039.0,480169744.0,0.01727369769470523
2020-09-02,43.88,45.71,43.59,44.84,16765761.0,840398276.0,480169744.0,0.03491632117495516
2020-09-03,44.3,44.82,43.52,43.72,6132259.0,300724046.0,480169744.0,0.012771023323785265
2020-09-04,42.66,43.39,42.24,42.48,6601482.0,313665992.0,480169744.0,0.013748225669129206
2020-09-07,42.46,43.05,41.18,41.24,7273140.0,341213005.0,480169744.0,0.015147018509354475
2020-09-08,40.76,42.6,40.41,42.17,7346194.0,338205042.0,480169744.0,0.015299160540194303
2020-09-09,41.5,41.86,40.55,41.7,6226112.0,286661276.0,480169744.0,0.012966481286667659
2020-09-10,42.11,44.39,41.85,43.44,11336379.0,548418932.0,480169744.0,0.023609107282694598
2020-09-11,43.59,45.16,43.43,44.59,11734910.0,584017410.0,480169744.0,0.024439086690976514
2020-09-14,44.73,49.05,44.64,49.03,35756370.0,1932965251.0,480169744.0,0.07446610380349163
2020-09-15,47.85,49.45,47.68,48.65,17727927.0,959268286.0,480169744.0,0.03692012506310685
2020-09-16,48.65,50.65,48.15,48.8,14355250.0,787519839.0,480169744.0,0.029896198540989287
2020-09-17,49.73,51.39,48.16,50.62,12748338.0,711634897.0,480169744.0,0.026549648659245802
2020-09-18,50.62,52.2,49.86,51.61,12347841.0,703506578.0,480169744.0,0.025715574865541716
2020-09-21,51.12,51.32,49.22,50.89,10969960.0,615656049.0,480169744.0,0.022846004224706003
2020-09-22,50.3,51.89,50.29,50.75,7928657.0,451893226.0,480169744.0,0.01651219615370018
2020-09-23,51.57,53.13,50.55,52.08,8671531.0,502042483.0,480169744.0,0.018059303211740887
2020-09-24,51.59,52.73,50.58,50.85,7520852.0,430447306.0,480169744.0,0.01566290274216028
2020-09-25,51.71,52.37,50.89,51.45,6759852.0,387971564.0,480169744.0,0.014078046533477544
2020-09-28,52.01,52.41,50.81,51.02,5526084.0,317366887.0,480169744.0,0.011508605173590446
2020-09-29,51.75,52.38,50.18,51.33,7966619.0,456445541.0,480169744.0,0.016591255695610842
2020-09-30,51.91,51.91,50.76,51.29,5363024.0,306431397.0,480169744.0,0.011169016929979661
2020-10-09,52.55,55.22,51.6,52.77,13611931.0,802977284.0,480169744.0,0.02834816472734692
2020-10-12,52.77,54.26,48.5,49.28,23388560.0,1317812895.0,480169744.0,0.04870894156129921
2020-10-13,49.94,52.94,49.27,52.61,12938844.0,736656514.0,480169744.0,0.026946395856212047
2020-10-14,51.97,51.97,49.15,49.46,13050538.0,723385450.0,480169744.0,0.027179009429632035
2020-10-15,48.79,49.51,47.83,47.98,7376886.0,399241179.0,480169744.0,0.015363079602949744
2020-10-16,47.6,48.29,45.81,46.37,8472270.0,439707259.0,480169744.0,0.017644322879285787
2020-10-19,47.44,50.24,47.44,48.53,15176754.0,824482737.0,480169744.0,0.03160706018994816
2020-10-20,48.03,49.19,47.6,48.09,5944546.0,318126502.0,480169744.0,0.012380092819842476
2020-10-21,47.89,47.89,46.64,47.31,4839860.0,254438808.0,480169744.0,0.010079477227536436
2020-10-22,48.16,48.2,46.49,46.69,7151159.0,375023240.0,480169744.0,0.014892981262059693
2020-10-23,46.5,47.42,44.63,45.08,7287214.0,373976134.0,480169744.0,0.015176328977529246
2020-10-26,45.0,47.64,42.8,46.81,10595212.0,540924771.0,480169744.0,0.022065555217489922
2020-10-27,46.43,48.25,46.03,48.04,6839546.0,361831337.0,480169744.0,0.014244017007452264
2020-10-28,48.04,49.4,47.69,48.89,6639320.0,361750066.0,480169744.0,0.013827026969029519
2020-10-29,47.98,48.69,46.72,46.92,7867571.0,414248336.0,480169744.0,0.01638497864205288
2020-10-30,46.43,46.92,43.05,43.9,17810368.0,882152616.0,480169744.0,0.03709181643064957
2020-11-02,42.78,45.74,41.71,45.33,16061752.0,789696290.0,480169744.0,0.03345015424378759
2020-11-03,46.03,46.86,45.09,46.61,7897947.0,407458620.0,480169744.0,0.0164482396042013
2020-11-04,46.41,47.07,45.51,46.37,5204018.0,269387509.0,480169744.0,0.010837871534029849
2020-11-05,47.37,47.65,46.28,47.24,4834083.0,253523233.0,480169744.0,0.010067446065489708
2020-11-06,46.91,47.22,45.4,46.55,10249862.0,527482453.0,480169744.0,0.021346330392695463
2020-11-09,46.73,50.0,46.73,48.74,15067613.0,819373043.0,480169744.0,0.03137976348630579
2020-11-10,48.89,49.24,47.14,48.29,6703752.0,359845550.0,480169744.0,0.013961212849762563
2020-11-11,47.86,48.24,46.64,46.83,5260369.0,278184238.0,480169744.0,0.010955227949556105
2020-11-12,47.16,48.76,46.64,48.28,6182948.0,331118631.0,480169744.0,0.012876588075903425
2020-11-13,47.81,48.26,45.74,46.97,10074868.0,526328545.0,480169744.0,0.020981888438185308
2020-11-16,46.81,46.81,44.13,45.14,13286949.0,665117379.0,480169744.0,0.027671358235349372
2020-11-17,45.15,45.33,43.23,45.33,10462095.0,514914858.0,480169744.0,0.02178832617158819
2020-11-18,45.32,45.87,44.19,44.32,6847537.0,341217005.0,480169744.0,0.014260659038941862
2020-11-19,44.13,45.28,43.85,45.07,4444327.0,222101756.0,480169744.0,0.009255741444633796
2020-11-20,44.95,46.35,44.95,45.47,5336743.0,271701624.0,480169744.0,0.011114284201963379
2020-11-23,45.02,45.29,43.59,44.45,8784302.0,433458029.0,480169744.0,0.018294159741976578
2020-11-24,44.19,44.55,43.05,43.27,11390012.0,552565902.0,480169744.0,0.02372080319996172
2020-11-25,43.42,43.55,42.41,42.51,7209183.0,344211768.0,480169744.0,0.015013821862128823
2020-11-26,42.71,43.61,42.18,43.12,7457662.0,358783441.0,480169744.0,0.015531303446724456
2020-11-27,43.13,45.57,42.74,45.37,10101345.0,499224777.0,480169744.0,0.021037029355185696
2020-11-30,46.53,49.91,46.33,49.91,23732648.0,1305667364.0,480169744.0,0.04942553814885929
2020-12-01,50.31,50.49,48.68,50.22,16424804.0,907834199.0,480169744.0,0.034206245198156425
2020-12-02,50.23,50.76,49.59,49.94,8528220.0,476371605.0,480169744.0,0.01776084417347212
2020-12-03,49.62,51.3,49.33,49.97,9216061.0,515805497.0,480169744.0,0.019193339678644974
2020-12-04,49.6,50.49,49.21,49.68,7676977.0,426191074.0,480169744.0,0.01598804817656316
2020-12-07,51.12,52.36,48.29,49.95,16222505.0,906795883.0,480169744.0,0.03378493793644774
2020-12-08,50.18,50.47,48.69,48.89,7087596.0,389791001.0,480169744.0,0.014760605157995961
2020-12-09,49.23,49.32,47.54,47.86,9565598.0,514084988.0,480169744.0,0.019921284336482475
2020-12-10,47.71,49.02,47.44,48.45,12008645.0,647129791.0,480169744.0,0.025009166341809323
2020-12-11,48.46,48.59,46.15,46.6,22295123.0,1167838377.0,480169744.0,0.04643175310104503
2020-12-14,46.72,46.89,44.17,45.85,14942240.0,759698111.0,480169744.0,0.031118662070469812
2020-12-15,45.83,46.17,44.72,45.74,8964147.0,453370400.0,480169744.0,0.018668704373843263
2020-12-16,46.64,47.71,44.75,45.18,11092590.0,566069659.0,480169744.0,0.02310139307736141
2020-12-17,44.38,45.24,43.94,44.51,11296753.0,560367033.0,480169744.0,0.02352658229961278
2020-12-18,44.57,44.98,43.76,44.3,7908372.0,389178173.0,480169744.0,0.016469950676442455
2020-12-21,43.97,44.74,43.51,43.91,15058182.0,738657514.0,480169744.0,0.031360122515341156
2020-12-22,43.73,44.29,43.05,43.33,10775770.0,523306983.0,480169744.0,0.02244158474091612
2020-12-23,43.85,45.57,43.33,44.88,12541155.0,621660683.0,480169744.0,0.026118169994484283
2020-12-24,45.02,45.38,44.11,44.9,8791631.0,438728661.0,480169744.0,0.018309423094346404
2020-12-25,44.5,46.38,43.69,45.07,10356121.0,525172194.0,480169744.0,0.02156762505219404
2020-12-28,45.48,45.79,44.39,44.51,8549710.0,429081879.0,480169744.0,0.017805599179943333
2020-12-29,44.93,45.15,44.22,44.48,10430340.0,520320488.0,480169744.0,0.02172219330837305
2020-12-30,44.11,44.31,42.29,43.22,17069191.0,813880146.0,480169744.0,0.035548243539476325
2020-12-31,42.87,44.68,42.57,44.55,10063740.0,491299426.0,480169744.0,0.02095871330035322
2021-01-04,44.02,44.03,42.29,42.94,18464817.0,882175453.0,480169744.0,0.038454769861551295
2021-01-05,42.84,47.23,42.84,46.88,25511487.0,1286775452.0,480169744.0,0.053130142660550474
2021-01-06,46.4,46.63,43.57,44.81,21443387.0,1071617541.0,480169744.0,0.04465793038388525
2021-01-07,45.74,47.07,45.11,45.74,17945231.0,919835842.0,480169744.0,0.037372681690664794
2021-01-08,46.41,46.46,43.81,44.63,15288729.0,759579113.0,480169744.0,0.03184025897308515
2021-01-11,44.63,44.74,43.06,43.91,16382427.0,801150999.0,480169744.0,0.034117990991119174
2021-01-12,43.28,43.85,42.87,43.72,11927346.0,576355555.0,480169744.0,0.02483985329987805
2021-01-13,43.81,44.98,43.52,44.18,12639075.0,625855456.0,480169744.0,0.0263220978787868
2021-01-14,44.18,45.32,43.64,44.67,13078828.0,650160724.0,480169744.0,0.027237926094735364
2021-01-15,44.73,44.93,42.96,43.42,13669769.0,662667895.0,480169744.0,0.028468617964400523
2021-01-18,43.33,43.82,42.87,43.27,10750914.0,519125737.0,480169744.0,0.02238981971342201
2021-01-19,43.25,43.26,40.95,41.58,20722477.0,967468826.0,480169744.0,0.04315656548322628
2021-01-20,41.47,41.94,41.05,41.37,10251855.0,473213033.0,480169744.0,0.021350481008232787
2021-01-21,41.6,41.73,40.45,40.93,14751221.0,671068278.0,480169744.0,0.030720846501315586
2021-01-22,40.8,40.8,38.34,38.98,27319768.0,1190680605.0,480169744.0,0.056896062988925016
2021-01-25,38.27,38.82,37.05,38.64,18395286.0,782541716.0,480169744.0,0.03830996481944102
2021-01-26,38.38,38.51,37.55,38.12,9104705.0,386214430.0,480169744.0,0.01896143002296288
2021-01-27,37.89,38.33,36.72,38.24,14087811.0,588225115.0,480169744.0,0.029339230919972335
2021-01-28,37.67,38.09,36.81,36.97,10148528.0,420897986.0,480169744.0,0.02113529252272088
2021-01-29,37.07,37.76,35.78,36.05,10539569.0,431651474.0,480169744.0,0.021949673280538894
2021-02-01,36.1,36.81,35.0,36.1,16856300.0,668425063.0,480169744.0,0.035104877411851254
2021-02-02,36.23,37.46,35.88,36.28,11434267.0,464638834.0,480169744.0,0.023812968523897665
2021-02-03,35.96,36.8,35.36,35.38,9172033.0,366218507.0,480169744.0,0.01910164710419572
2021-02-04,34.98,36.68,33.67,36.25,23694440.0,920525316.0,480169744.0,0.04934596628812164
2021-02-05,36.26,37.45,35.96,36.64,11962947.0,490403278.0,480169744.0,0.024913995830607768
2021-02-08,36.77,37.44,36.28,37.29,11547555.0,476436212.0,480169744.0,0.02404890175670877
2021-02-09,37.06,38.92,36.65,38.47,11954505.0,510491633.0,480169744.0,0.024896414547935366
2021-02-10,38.72,39.56,38.25,39.01,9967912.0,433203643.0,480169744.0,0.020759142208676938
2021-02-18,39.5,39.73,38.12,38.29,7133580.0,307832761.0,480169744.0,0.014856371291898807
2021-02-19,38.29,39.42,38.12,39.29,5893368.0,255097168.0,480169744.0,0.012273509677860919
2021-02-22,39.29,39.29,37.77,37.94,7830099.0,333416341.0,480169744.0,0.016306939572602475
2021-02-23,37.4,38.46,36.95,37.03,5890996.0,246326063.0,480169744.0,0.012268569758114538
2021-02-24,36.95,39.16,36.81,38.59,12008318.0,516055634.0,480169744.0,0.02500848533263687
2021-02-25,38.59,38.83,38.12,38.23,5529772.0,237206864.0,480169744.0,0.011516285790801512
2021-02-26,37.58,38.04,36.52,36.88,7828384.0,323290612.0,480169744.0,0.01630336791899158
2021-03-01,36.75,37.4,36.5,37.22,3831957.0,158181018.0,517185821.0,0.007409246047369887
2021-03-02,37.47,38.46,37.06,37.58,6058053.0,254364568.0,517185821.0,0.011713493978405104
2021-03-03,37.67,37.89,36.49,37.42,6294703.0,259818779.0,517185821.0,0.012171066460849474
2021-03-04,37.04,37.04,35.36,35.44,7146144.0,286807769.0,517185821.0,0.013817362560680101
2021-03-05,35.06,38.65,34.1,38.6,11398594.0,474137493.0,517185821.0,0.022039649072281894
2021-03-08,38.28,38.85,36.32,37.03,10074949.0,418107902.0,517185821.0,0.01948032716852073
2021-03-09,37.13,37.13,35.69,35.69,6892771.0,278882835.0,517185821.0,0.013327455471753933
2021-03-10,35.88,36.46,34.27,34.71,7178957.0,279647132.0,517185821.0,0.01388080784217787
2021-03-11,34.66,36.23,34.19,36.05,7228134.0,284642792.0,517185821.0,0.013975893588931162
2021-03-12,36.02,36.03,35.07,35.87,8658512.0,343203517.0,517185821.0,0.016741588126407664
2021-03-15,35.5,35.51,33.2,33.75,11001592.0,416827740.0,517185821.0,0.0212720294201569
2021-03-16,33.85,33.91,32.47,33.73,8728295.0,323375968.0,517185821.0,0.016876516419424423
2021-03-17,33.62,34.34,32.96,33.77,3926664.0,147750753.0,517185821.0,0.007592365916775588
2021-03-18,33.64,33.9,32.92,33.16,4249790.0,157513092.0,517185821.0,0.008217143292487905
2021-03-19,32.89,33.23,32.08,32.08,4932756.0,178895422.0,517185821.0,0.009537686068930339
2021-03-22,32.31,33.18,31.39,32.38,4876490.0,176607621.0,517185821.0,0.009428893449884427
2021-03-23,32.38,32.73,30.95,31.1,9307956.0,327895621.0,517185821.0,0.017997314740768967
2021-03-24,31.03,31.33,30.31,30.4,9668804.0,331275016.0,517185821.0,0.018695029150847507
2021-03-25,30.31,31.58,30.13,31.28,6613875.0,229617438.0,517185821.0,0.012788198615367686
2021-03-26,31.48,32.79,31.11,32.48,8129627.0,289371459.0,517185821.0,0.015718967283907807
2021-03-29,32.49,32.72,31.37,31.84,5905210.0,210046459.0,517185821.0,0.011417965768245606
2021-03-30,31.74,32.57,31.53,31.68,5098789.0,181740401.0,517185821.0,0.009858717685147057
2021-03-31,31.68,32.29,31.54,32.02,4697076.0,167145300.0,517185821.0,0.00908198912127562
2021-04-01,32.2,32.38,31.12,31.25,6830034.0,240152058.0,517185821.0,0.013206150908765923
2021-04-02,31.4,32.07,30.62,30.66,11020221.0,383549095.0,517185821.0,0.02130804935582331
2021-04-06,31.04,31.71,30.39,30.55,10150937.0,350104195.0,517185821.0,0.019627253083568198
2021-04-07,30.41,31.08,30.25,30.98,7296855.0,249760033.0,517185821.0,0.014108768461384404
2021-04-08,30.94,31.47,30.18,30.27,9344310.0,319906294.0,517185821.0,0.018067606691019474
2021-04-09,30.27,30.42,29.51,30.13,9660907.0,321274125.0,517185821.0,0.018679759977410518
2021-04-12,30.1,30.29,28.81,29.09,7807022.0,256111117.0,517185821.0,0.015095197283067047
2021-04-13,28.97,29.24,28.21,28.47,11464115.0,365792134.0,517185821.0,0.022166336613470308
2021-04-14,28.47,29.15,28.14,28.53,10783640.0,343504717.0,517185821.0,0.020850610287709338
2021-04-15,28.53,28.59,27.73,28.12,6615620.0,206992563.0,517185821.0,0.01279157264444804
2021-04-16,28.12,29.24,28.03,28.79,10508855.0,336108562.0,517185821.0,0.020319302218457378
2021-04-19,28.78,30.12,28.64,30.09,13327959.0,441566454.0,517185821.0,0.02577015544283454
2021-04-20,30.1,30.5,29.63,29.73,9781301.0,328157171.0,517185821.0,0.01891254671500362
2021-04-21,29.71,29.86,29.31,29.58,5644630.0,185843851.0,517185821.0,0.01091412364918643
2021-04-22,29.58,30.29,29.25,30.07,8123071.0,270875477.0,517185821.0,0.015706290988978987
2021-04-23,30.13,30.13,29.6,29.86,5660313.0,188276595.0,517185821.0,0.010944447373007158
2021-04-26,29.81,29.81,28.93,28.98,7842781.0,256486649.0,517185821.0,0.0151643387764105
2021-04-27,29.06,29.57,28.33,29.32,7662836.0,247493288.0,517185821.0,0.014816407737519934
2021-04-28,29.15,29.15,28.29,28.53,8993150.0,286082872.0,517185821.0,0.017388624426345207
2021-04-29,28.55,29.25,28.11,28.34,8960366.0,284360988.0,517185821.0,0.017325235217537024
2021-04-30,27.89,28.39,27.45,27.95,12857064.0,398322310.0,517185821.0,0.024859660644099522
2021-05-06,27.77,28.03,27.35,27.56,7977354.0,245938567.0,517185821.0,0.015424541192129859
2021-05-07,27.56,27.75,26.39,26.41,10348588.0,310353092.0,517185821.0,0.020009419399763476
2021-05-10,26.41,26.62,25.71,26.03,12608804.0,366843938.0,517185821.0,0.02437963975040994
2021-05-11,26.35,27.42,25.86,26.63,9827454.0,290745563.0,517185821.0,0.01900178543371165
2021-05-12,26.47,26.63,26.09,26.21,6795630.0,198996104.0,517185821.0,0.01313962936350492
2021-05-13,26.1,26.62,25.82,25.87,8506986.0,247790174.0,517185821.0,0.01644860638977185
2021-05-14,26.0,26.99,25.92,26.73,9984105.0,295729915.0,517185821.0,0.019304676568076294
2021-05-17,27.08,27.49,26.68,26.94,11589999.0,350682504.0,517185821.0,0.02240973849126463
2021-05-18,26.9,26.99,26.28,26.55,7310732.0,216185916.0,517185821.0,0.014135600210122543
2021-05-19,26.4,27.88,26.19,27.62,11542866.0,352154138.0,517185821.0,0.022318604902356747
2021-05-20,27.8,27.89,27.22,27.37,8507024.0,261293677.0,517185821.0,0.01644867986433062
2021-05-21,27.44,27.65,26.9,26.9,6405613.0,193801904.0,517185821.0,0.012385515495406438
2021-05-24,26.91,27.41,26.51,27.33,7414822.0,223455366.0,517185821.0,0.014336862494921337
2021-05-25,27.35,29.7,27.19,29.55,20249450.0,650964732.0,517185821.0,0.03915314221269032
2021-05-26,29.65,30.12,28.67,28.7,12711202.0,412222523.0,517185821.0,0.024577630483802456
2021-05-27,28.55,29.37,28.47,28.99,15780490.0,509939155.0,517185821.0,0.03051222473479218
2021-05-28,28.97,28.98,28.31,28.43,10217074.0,324965518.0,517185821.0,0.01975513168602509
2021-05-31,28.4,28.66,27.99,28.29,8152791.0,256511575.0,517185821.0,0.015763755828101095
2021-06-01,28.29,28.65,27.99,28.4,8030786.0,254181812.0,517185821.0,0.015527854155924356
2021-06-02,28.41,28.47,27.45,27.63,8944942.0,277018568.0,517185821.0,0.017295412280840545
2021-06-03,27.49,28.21,27.38,27.41,7111348.0,219881809.0,517185821.0,0.013750083067339157
2021-06-04,27.41,27.8,27.27,27.53,4969755.0,152655563.0,517185821.0,0.009609225153138914
2021-06-07,27.71,28.86,27.67,28.83,13403115.0,426631398.0,517185821.0,0.02591547265175315
2021-06-08,28.96,29.4,28.47,28.79,13149178.0,424440639.0,517185821.0,0.025424475045691557
2021-06-09,28.8,29.05,28.41,28.53,7422857.0,236588543.0,517185821.0,0.014352398497019121
2021-06-10,28.58,28.67,27.44,28.05,15015271.0,467650090.0,517185821.0,0.029032642408810354
2021-06-11,27.85,27.89,26.68,26.79,14267432.0,424089288.0,517185821.0,0.027586665025760633
2021-06-15,26.79,27.21,26.25,26.55,8767011.0,256302180.0,517185821.0,0.016951375393564783
2021-06-16,26.52,26.98,26.17,26.23,6168449.0,179233619.0,517185821.0,0.011926949172877652
2021-06-17,26.42,28.46,26.23,28.07,17410441.0,525615849.0,517185821.0,0.0336638018543049
2021-06-18,28.25,28.73,27.25,27.29,16557784.0,503897402.0,517185821.0,0.032015154568593635
2021-06-21,27.16,27.82,26.64,27.5,10265731.0,307106112.0,517185821.0,0.019849211991447846
2021-06-22,27.52,28.34,27.51,27.87,11183982.0,341839925.0,517185821.0,0.021624687966842
2021-06-23,27.87,30.66,27.66,30.66,33667666.0,1102257752.0,517185821.0,0.0650978132673904
2021-06-24,31.45,33.72,31.08,32.62,53118356.0,1871433488.0,517185821.0,0.10270652025473838
2021-06-25,31.94,32.9,31.53,32.04,29919403.0,1052994115.0,517185821.0,0.057850393002170104
2021-06-28,32.04,32.67,31.74,32.14,19553073.0,689796286.0,517185821.0,0.03780666871762519
2021-06-29,32.44,32.72,31.44,31.62,14331799.0,500921633.0,517185821.0,0.027711121260611666
2021-06-30,31.64,33.19,31.16,32.7,20125483.0,709730823.0,517185821.0,0.03891344693303183
2021-07-01,32.71,33.43,31.79,33.21,19350410.0,690459074.0,517185821.0,0.037414811493836374
2021-07-02,32.81,34.33,32.09,33.54,22443332.0,815004632.0,517185821.0,0.043395103053298904
2021-07-05,33.61,34.81,32.85,33.21,19569422.0,725955483.0,517185821.0,0.037838280179765406
2021-07-06,33.21,33.21,31.53,31.88,17601379.0,623319395.0,517185821.0,0.034032988309631175
2021-07-07,31.12,31.9,31.01,31.49,13705550.0,473533916.0,517185821.0,0.02650024313021528
2021-07-08,31.76,33.16,31.44,32.53,16610923.0,591779530.0,517185821.0,0.03211790100486919
2021-07-09,31.99,32.45,31.59,32.19,12008053.0,421533914.0,517185821.0,0.023218063048948127
2021-07-12,32.17,33.41,31.59,32.81,15169872.0,543731042.0,517185821.0,0.029331569784083467
2021-07-13,32.7,33.06,31.82,33.05,14198187.0,505079154.0,517185821.0,0.027452776977812777
2021-07-14,32.79,33.99,32.63,33.4,13173079.0,480555227.0,517185821.0,0.025470688609616775
2021-07-15,33.63,34.47,32.4,34.04,15911052.0,585961665.0,517185821.0,0.030764671717479278
2021-07-16,33.9,36.23,33.63,35.64,24138150.0,937673019.0,517185821.0,0.04667210317817278
2021-07-19,36.27,36.98,35.14,35.78,16436491.0,648633190.0,517185821.0,0.03178062957762332
2021-07-20,34.98,35.78,34.43,35.54,13586877.0,522745046.0,517185821.0,0.026270784016718046
2021-07-21,35.64,37.79,35.56,36.64,19519527.0,790878371.0,517185821.0,0.03774180615055957
2021-07-22,36.63,36.73,34.63,34.73,19682871.0,762033635.0,517185821.0,0.03805763847497281
2021-07-23,34.82,35.88,33.63,34.21,16539950.0,626201083.0,517185821.0,0.03198067179803833
2021-07-26,33.9,34.71,32.82,33.99,11508769.0,427724094.0,517185821.0,0.022252676954188966
2021-07-27,34.36,35.61,33.9,34.53,19962668.0,766411993.0,517185821.0,0.03859863745181831
2021-07-28,33.81,34.77,31.44,33.95,16248959.0,600508066.0,517185821.0,0.03141802876301205
2021-07-29,34.63,35.23,34.17,34.83,13109246.0,498894533.0,517185821.0,0.02534726488567056
2021-07-30,34.86,34.91,33.49,33.6,12570232.0,468546069.0,517185821.0,0.024305059206176496
2021-08-02,33.46,34.5,32.35,34.36,12911459.0,474118430.0,517185821.0,0.02496483560789653
2021-08-03,34.34,34.91,33.73,34.61,9738264.0,367351441.0,517185821.0,0.01882933291011472
2021-08-04,34.37,35.38,34.34,35.3,12097310.0,464786703.0,517185821.0,0.023390645119793413
2021-08-05,35.38,35.95,34.76,34.93,10112809.0,393266269.0,517185821.0,0.01955353103154775
2021-08-06,34.64,34.76,33.63,33.73,9607956.0,358248762.0,517185821.0,0.018577377046846765
2021-08-09,33.13,34.22,33.02,33.27,8916057.0,328829393.0,517185821.0,0.017239561948470355
2021-08-10,33.29,33.64,32.86,33.15,6846298.0,249103419.0,517185821.0,0.01323759801991942
2021-08-11,33.17,33.89,32.5,33.35,7668224.0,278759467.0,517185821.0,0.014826825656537092
2021-08-12,33.23,34.14,33.09,33.8,7539656.0,279850986.0,517185821.0,0.01457823415464439
2021-08-13,33.8,33.81,32.81,33.05,6364261.0,231861151.0,517185821.0,0.012305559707136673
2021-08-16,32.86,34.91,32.47,34.48,11141762.0,416162021.0,517185821.0,0.02154305386496665
2021-08-17,34.37,34.72,32.84,32.99,8428911.0,310236276.0,517185821.0,0.016297645174615103
2021-08-18,32.99,33.19,31.68,32.26,7646393.0,271012258.0,517185821.0,0.01478461452252381
2021-08-19,32.25,32.26,30.99,31.26,6212512.0,214335782.0,517185821.0,0.01201214679085334
2021-08-20,31.11,31.22,29.88,30.49,7120170.0,238144897.0,517185821.0,0.013767140766219885
2021-08-23,30.6,31.78,30.4,30.99,5970673.0,204487809.0,517185821.0,0.011544541164054843
2021-08-24,31.32,31.44,30.71,30.95,4277562.0,145724239.0,517185821.0,0.008270841593702546
2021-08-25,30.81,31.08,29.92,29.94,6590214.0,218836387.0,517185821.0,0.01274244910128733
2021-08-26,29.93,30.16,29.21,29.32,5817288.0,188785138.0,517185821.0,0.011247964974662366
2021-08-27,29.28,29.88,28.61,29.56,4470113.0,144695808.0,517185821.0,0.008643146850694502
2021-08-30,29.99,29.99,28.38,28.65,6081680.0,193299690.0,517185821.0,0.01175917775209077
2021-08-31,27.98,29.28,27.02,28.89,7507989.0,233929924.0,517185821.0,0.014517004711155837
2021-09-01,28.95,29.26,28.01,28.64,8041293.0,252223587.0,517185821.0,0.01554816987142422
2021-09-02,28.7,29.91,27.91,29.67,9444408.0,298892837.0,517185821.0,0.01826115028006539
2021-09-03,29.37,29.89,29.17,29.51,3765958.0,121951634.0,517185821.0,0.007281634273573792
2021-09-06,29.66,30.04,29.26,29.94,4321190.0,141234408.0,517185821.0,0.008355198121334421
2021-09-07,30.07,30.73,30.07,30.5,6371653.0,212733366.0,517185821.0,0.01231985244235843
2021-09-08,30.5,31.3,30.35,30.52,4594099.0,154567283.0,517185821.0,0.008882878867632374
2021-09-09,30.44,30.46,29.16,29.21,6110498.0,197892344.0,517185821.0,0.011814898537212605
2021-09-10,29.22,29.58,28.25,28.9,5777679.0,183227548.0,517185821.0,0.011171379348390914
2021-09-13,28.95,29.06,27.49,27.92,8391308.0,257691588.0,517185821.0,0.01622493823163029
2021-09-14,27.8,28.14,27.37,27.51,7271164.0,220254120.0,517185821.0,0.014059093859032921
2021-09-15,27.51,27.66,27.26,27.46,6154104.0,185081493.0,517185821.0,0.011899212526942033
2021-09-16,27.41,27.67,26.56,27.48,8516485.0,254214693.0,517185821.0,0.016466973095923293
2021-09-17,27.52,28.46,27.07,28.21,9080134.0,278112802.0,517185821.0,0.017556811558451443
2021-09-22,27.8,28.95,27.37,28.64,5852554.0,182846294.0,2200382587.0,0.002659789272364388
2021-09-23,28.58,29.74,28.14,29.46,8440221.0,269242669.0,2200382587.0,0.003835797033600139
2021-09-24,29.34,29.94,28.62,29.02,5801107.0,185590821.0,2200382587.0,0.0026364083383832015
2021-09-27,28.96,29.88,28.71,29.47,4410506.0,142359479.0,2200382587.0,0.0020044268783335904
2021-09-28,29.22,29.97,29.07,29.67,4064866.0,132144805.0,2200382587.0,0.0018473451044447844
2021-09-29,29.49,30.03,29.03,29.76,4231125.0,137945315.0,2200382587.0,0.001922904237198456
2021-09-30,29.93,30.51,29.58,30.38,4904189.0,163172508.0,2200382587.0,0.0022287892246440504
2021-10-08,30.49,31.08,30.17,30.47,4444853.0,149752568.0,2200382587.0,0.0020200364365090297
2021-10-11,30.47,30.7,29.68,29.74,4165504.0,136807779.0,2200382587.0,0.001893081696160505
2021-10-12,30.01,30.03,29.35,29.62,3003524.0,97801527.0,2200382587.0,0.0013650008038352105
2021-10-13,29.62,29.86,28.44,29.32,3783612.0,120586366.0,2200382587.0,0.0017195246055635143
2021-10-14,29.33,29.53,28.73,28.8,1901288.0,60723369.0,2200382587.0,0.0008640715533893651
2021-10-15,28.6,30.01,28.6,29.22,3201150.0,103347379.0,2200382587.0,0.0014548151848285827
2021-10-18,29.19,29.3,28.3,28.51,3099250.0,97231472.0,2200382587.0,0.0014085050564890695
2021-10-19,28.4,29.3,28.28,29.22,3485589.0,110022826.0,2200382587.0,0.001584083159261976
2021-10-20,29.14,29.69,28.65,29.44,3606720.0,115546772.0,2200382587.0,0.0016391331313512162
2021-10-21,29.34,29.35,28.1,29.08,4889482.0,154552825.0,2200382587.0,0.0022221053869846863
2021-10-22,28.97,30.6,28.8,30.43,9035591.0,297322260.0,2200382587.0,0.004106372706902357
2021-10-25,30.71,30.71,28.95,29.16,6948964.0,223775131.0,2200382587.0,0.0031580708014392225
2021-10-26,28.89,30.74,28.7,30.49,9889991.0,324391180.0,2200382587.0,0.004494668817336901
2021-10-27,30.53,31.13,30.17,30.96,8258685.0,278487076.0,2200382587.0,0.003753295017326912
2021-10-28,30.68,32.97,30.17,30.5,11240531.0,387886382.0,2200382587.0,0.0051084438980792575
2021-10-29,30.5,32.04,30.27,31.89,12184846.0,418350625.0,2200382587.0,0.0055376033567929705
2021-11-01,34.18,35.08,33.73,35.08,26982780.0,1022175062.0,2200382587.0,0.012262767465719814
2021-11-02,35.74,37.59,33.34,36.55,46903045.0,1840463905.0,2200382587.0,0.021315859013385292
2021-11-03,35.44,36.46,34.45,35.91,20362079.0,797994723.0,2200382587.0,0.009253881175164926
2021-11-04,35.9,37.35,35.56,36.07,21149968.0,842199974.0,2200382587.0,0.009611950269446484
2021-11-05,36.11,37.39,35.59,36.66,17223724.0,695815771.0,2200382587.0,0.007827604209267449
2021-11-08,36.67,37.18,35.67,36.55,14392600.0,577159701.0,2200382587.0,0.0065409534164796584
2021-11-09,36.46,37.24,35.71,36.91,12738007.0,510342632.0,2200382587.0,0.00578899645691479
2021-11-10,36.5,38.73,35.86,37.02,16135022.0,653638463.0,2200382587.0,0.0073328257073686795
2021-11-11,37.07,37.07,35.9,36.27,12281794.0,490709220.0,2200382587.0,0.0055816629674137665
2021-11-12,36.18,36.64,35.45,35.82,13640143.0,538618570.0,2200382587.0,0.006198986976440748
2021-11-15,36.19,37.18,35.91,36.8,18844249.0,757906361.0,2200382587.0,0.008564078406788446
2021-11-16,36.46,37.08,35.91,36.12,10007902.0,400260464.0,2200382587.0,0.004548255407549269
2021-11-17,36.12,37.38,35.79,36.97,11854099.0,479218511.0,2200382587.0,0.005387289951317907
2021-11-18,36.91,36.91,35.45,35.54,12371447.0,486192085.0,2200382587.0,0.005622407245490532
2021-11-19,35.71,37.57,35.71,37.32,16885821.0,685415594.0,2200382587.0,0.007674038642080929
2021-11-22,37.84,38.05,36.27,37.36,12943943.0,524155159.0,2200382587.0,0.0058825874538699025
2021-11-23,36.91,37.16,35.74,36.99,12766484.0,510268738.0,2200382587.0,0.005801938297196677
2021-11-24,35.82,37.72,35.62,36.93,12590189.0,510136616.0,2200382587.0,0.005721818139437948
2021-11-25,36.89,37.51,36.28,36.54,9926228.0,400297073.0,2200382587.0,0.004511137317048765
2021-11-26,36.39,36.54,34.36,34.98,18540241.0,715353835.0,2200382587.0,0.008425916978954897
2021-11-29,34.53,35.56,34.27,35.23,12568545.0,481858055.0,2200382587.0,0.0057119816682134105
2021-11-30,35.46,36.67,34.98,36.67,11742005.0,461327166.0,2200382587.0,0.005336346992278757
2021-12-01,36.04,36.27,34.8,35.74,10459355.0,406863482.0,2200382587.0,0.004753425636884482
2021-12-02,35.54,35.87,34.63,34.86,6082241.0,234326149.0,2200382587.0,0.002764174301293905
2021-12-03,35.16,35.24,34.04,34.63,7671797.0,290396423.0,2200382587.0,0.0034865741282109138
2021-12-06,34.23,34.64,33.99,34.0,6429527.0,241783659.0,2200382587.0,0.0029220041269123168
2021-12-07,34.06,34.58,32.98,33.38,8880500.0,325908511.0,2200382587.0,0.004035889055142755
2021-12-08,33.71,35.4,33.27,35.23,11985174.0,454358852.0,2200382587.0,0.0054468591375014365
2021-12-09,34.98,38.75,34.89,38.75,29626223.0,1221856978.0,2200382587.0,0.013464123546074944
2021-12-10,39.19,39.55,36.89,37.39,28064349.0,1175001183.0,2200382587.0,0.01275430425863482
2021-12-13,37.41,37.93,36.44,37.37,20976834.0,859446948.0,2200382587.0,0.009533266680045765
2021-12-14,37.22,37.49,36.37,36.89,10900126.0,442579651.0,2200382587.0,0.004953741255906421
2021-12-15,36.71,37.64,36.55,37.1,9332099.0,380525820.0,2200382587.0,0.00424112563657549
2021-12-16,37.11,37.51,36.65,37.36,13585759.0,554612855.0,2200382587.0,0.0061742712745799415
2021-12-17,36.9,37.18,35.36,36.54,18616807.0,743285713.0,2200382587.0,0.008460713654974947
2021-12-20,36.63,36.73,35.64,35.84,8576610.0,339989375.0,2200382587.0,0.003897781254346929
2021-12-21,35.84,37.18,35.66,36.67,7817800.0,313976332.0,2200382587.0,0.0035529275891329347
2021-12-22,36.58,38.62,36.46,38.11,17344248.0,720746518.0,2200382587.0,0.007882378320238907
2021-12-23,38.11,40.36,37.91,39.74,15499470.0,674010894.0,2200382587.0,0.00704398866432222
2021-12-24,39.65,41.15,39.34,40.29,15379291.0,682966837.0,2200382587.0,0.006989371344266141
2021-12-27,40.1,40.91,39.21,39.53,8893659.0,387003594.0,2200382587.0,0.004041869378781809
2021-12-28,39.77,40.42,38.9,39.28,8731805.0,378437189.0,2200382587.0,0.003968312170614355
2021-12-29,39.52,39.53,38.03,38.35,9897163.0,417773554.0,2200382587.0,0.004497928250511101
2021-12-30,38.78,39.5,38.06,38.48,10112171.0,428364109.0,2200382587.0,0.004595642166841052
2021-12-31,38.74,39.14,37.81,38.67,10808154.0,456323802.0,2200382587.0,0.004911943070198456
2022-01-04,39.01,39.79,37.63,39.66,11006205.0,468370592.0,2200382587.0,0.005001950599420918
2022-01-05,39.65,39.66,36.54,38.15,15283756.0,634664767.0,2200382587.0,0.006945953894698768
2022-01-06,37.69,37.96,36.08,37.11,9657844.0,390535255.0,2200382587.0,0.004389165801010768
2022-01-07,37.13,38.78,36.99,38.21,10532840.0,441044369.0,2200382587.0,0.004786822101860234
2022-01-10,37.73,39.19,37.2,38.76,7985675.0,336351425.0,2200382587.0,0.0036292211396235703
2022-01-11,38.74,39.64,37.74,38.28,6451745.0,273218284.0,2200382587.0,0.002932101461862732
2022-01-12,38.32,39.28,38.19,38.39,6598752.0,280043231.0,2200382587.0,0.002998911207071827
2022-01-13,38.48,38.48,36.5,36.96,10324310.0,419632705.0,2200382587.0,0.0046920522190080395
2022-01-14,36.77,37.81,35.55,37.32,7150551.0,290662659.0,2200382587.0,0.003249685323927716
2022-01-17,37.39,37.8,36.49,36.57,7461847.0,302488939.0,2200382587.0,0.0033911589030403465
2022-01-18,36.55,36.98,36.12,36.26,7047841.0,281706944.0,2200382587.0,0.0032030070777868775
2022-01-19,36.12,36.26,34.74,35.43,9309702.0,359699422.0,2200382587.0,0.0042309469521356466
2022-01-20,35.43,35.5,34.59,35.04,5434127.0,208988997.0,2200382587.0,0.0024696282510619596
2022-01-21,34.65,35.03,34.27,34.66,4228098.0,160468185.0,2200382587.0,0.0019215285673409121
2022-01-24,34.5,35.26,33.9,35.2,7250133.0,276298878.0,2200382587.0,0.0032949419991024497
2022-01-25,35.07,35.16,34.02,34.33,7334775.0,277668737.0,2200382587.0,0.0033334089459416357
2022-01-26,34.3,34.77,33.79,34.36,6061363.0,228343417.0,2200382587.0,0.0027546859513481506
2022-01-27,34.55,34.55,33.27,33.33,5320740.0,196516193.0,2200382587.0,0.002418097666939954
2022-01-28,33.69,34.05,32.87,33.09,8005228.0,293886815.0,2200382587.0,0.0036381073215609847
2022-02-07,33.72,33.94,32.35,33.64,9134260.0,333931320.0,2200382587.0,0.004151214454234362
2022-02-08,33.99,33.99,32.39,33.0,6804995.0,245108160.0,2200382587.0,0.003092641725218306
2022-02-09,32.81,33.13,32.12,32.6,6975724.0,249120466.0,2200382587.0,0.0031702323228755855
2022-02-10,32.42,32.77,31.22,31.99,15491990.0,538653442.0,2200382587.0,0.007040589255490231
2022-02-11,32.04,32.14,31.01,31.21,13689216.0,473634800.0,2200382587.0,0.0062212890071375575
2022-02-14,31.01,31.56,30.85,31.22,6793834.0,232675173.0,2200382587.0,0.0030875694254891865
2022-02-15,31.29,32.76,31.16,32.43,7766311.0,274153902.0,2200382587.0,0.0035295275675620496
2022-02-16,32.49,33.7,32.45,33.31,8168626.0,298199820.0,2200382587.0,0.0037123662258830626
2022-02-17,33.27,33.59,32.2,33.29,7648153.0,276907379.0,2200382587.0,0.003475828724143598
2022-02-18,33.08,33.22,32.55,33.11,4350328.0,157097682.0,2200382587.0,0.0019770779980272583
2022-02-21,32.76,33.25,32.42,32.84,3426645.0,123298933.0,2200382587.0,0.001557295090519638
2022-02-22,32.81,32.81,31.97,32.18,3158264.0,111564427.0,2200382587.0,0.001435324937880905
2022-02-23,32.11,32.92,32.08,32.74,3652106.0,130855099.0,2200382587.0,0.001659759544352366
2022-02-24,32.63,32.97,31.8,32.18,4889334.0,173032253.0,2200382587.0,0.0022220381259543207
2022-02-25,32.35,33.19,32.08,32.8,6750945.0,243047089.0,2200382587.0,0.0030680778151422447
2022-02-28,33.16,33.24,31.21,31.54,8520403.0,296770964.0,2200382587.0,0.0038722370601999316
2022-03-01,31.47,31.72,30.44,31.06,12848882.0,435556867.0,2237398664.0,0.005742777184388271
2022-03-02,30.99,31.26,30.17,30.45,5679465.0,190054575.0,2237398664.0,0.0025384233446561137
2022-03-03,30.6,30.85,29.57,29.8,9285582.0,304331099.0,2237398664.0,0.004150168742569697
2022-03-04,29.62,30.17,29.18,29.5,8281090.0,268477204.0,2237398664.0,0.0037012134373921304
2022-03-07,29.18,29.68,27.86,28.34,14696888.0,456326126.0,2237398664.0,0.006568739061336992
2022-03-08,28.88,29.35,27.68,27.97,11169535.0,347308993.0,2237398664.0,0.0049921970454881795
2022-03-09,28.07,28.26,26.61,27.55,14273376.0,429456657.0,2237398664.0,0.006379451382384485
2022-03-10,28.07,28.16,27.41,27.59,7118718.0,216521886.0,2237398664.0,0.003181694042524019
2022-03-11,27.16,28.04,26.91,28.01,7532549.0,227868688.0,2237398664.0,0.0033666548216013414
2022-03-14,27.72,28.08,27.36,27.4,5297138.0,161210738.0,2237398664.0,0.0023675432032885134
2022-03-15,27.12,28.16,26.49,26.65,8694150.0,260038933.0,2237398664.0,0.003885829619857143
2022-03-16,26.84,27.58,26.12,27.48,9781756.0,288712119.0,2237398664.0,0.004371932529231188
2022-03-17,28.07,30.22,28.07,29.67,18592564.0,601555443.0,2237398664.0,0.008309902164132158
2022-03-18,29.45,30.15,28.83,29.0,9179672.0,295001762.0,2237398664.0,0.004102832520507842
2022-03-21,29.25,29.25,28.27,28.74,9555478.0,300420899.0,2237398664.0,0.004270798116468349
2022-03-22,28.71,28.87,28.15,28.4,6402697.0,199956411.0,2237398664.0,0.002861670163221301
2022-03-23,28.66,28.68,28.09,28.4,4673995.0,145650584.0,2237398664.0,0.0020890309247096252
2022-03-24,28.26,28.4,27.57,28.03,3926563.0,120495745.0,2237398664.0,0.0017549679738255175
2022-03-25,28.4,28.4,27.42,27.48,4957482.0,150457393.0,2237398664.0,0.0022157347636639155
2022-03-28,27.21,27.46,26.77,27.0,6198717.0,183758070.0,2237398664.0,0.002770501788410829
2022-03-29,27.24,27.36,26.02,26.08,6517136.0,189458167.0,2237398664.0,0.0029128184015041495
2022-03-30,26.34,26.98,26.11,26.84,6620516.0,192896341.0,2237398664.0,0.0029590238460962984
2022-03-31,26.7,26.72,26.21,26.27,4600516.0,133296748.0,2237398664.0,0.002056189660797974
2022-04-01,26.01,26.36,25.87,26.12,4671602.0,133715145.0,2237398664.0,0.002087961379063378
2022-04-06,26.14,26.16,25.15,25.38,6390464.0,178151483.0,2237398664.0,0.002856202653028848
2022-04-07,27.19,27.93,26.22,26.3,27378401.0,813333174.0,2237398664.0,0.012236711070101899
2022-04-08,25.72,26.95,25.38,26.23,17728544.0,508037120.0,2237398664.0,0.007923730484537378
2022-04-11,25.97,25.97,24.79,24.84,11071590.0,306498699.0,2237398664.0,0.004948420761191623
2022-04-12,24.84,25.6,24.62,25.25,12639371.0,349353989.0,2237398664.0,0.005649136742311025
2022-04-13,25.05,25.05,24.43,24.48,6603078.0,178058454.0,2237398664.0,0.002951229973560045
2022-04-14,24.62,25.37,24.44,25.24,6635089.0,181468427.0,2237398664.0,0.0029655372137113245
2022-04-15,25.06,26.84,24.82,26.57,12040958.0,345166987.0,2237398664.0,0.005381677478287794
2022-04-18,26.41,27.49,26.05,26.9,8516911.0,251683129.0,2237398664.0,0.003806613071259079
2022-04-19,26.81,26.98,25.98,26.18,7011624.0,203075300.0,2237398664.0,0.0031338286344842477
2022-04-20,26.2,27.42,26.18,26.48,9028909.0,265802730.0,2237398664.0,0.004035449357003817
2022-04-21,26.73,27.34,26.18,26.82,8545353.0,252253966.0,2237398664.0,0.003819325155367126
2022-04-22,26.72,26.82,26.07,26.39,6643041.0,192690073.0,2237398664.0,0.002969091341157608
2022-04-25,25.95,26.1,25.14,25.24,8802425.0,246507293.0,2237398664.0,0.003934222873031983
2022-04-26,25.55,25.66,23.63,24.11,11149557.0,298503738.0,2237398664.0,0.004983267926006056
2022-04-27,23.61,25.54,23.19,25.52,10373865.0,280864112.0,2237398664.0,0.004636574235480102
2022-04-28,25.37,26.41,25.18,25.93,9061623.0,256154894.0,2237398664.0,0.004050070801329486
2022-04-29,26.07,27.0,25.41,26.86,9828965.0,284233239.0,2237398664.0,0.004393032479257796
2022-05-05,27.34,27.35,26.43,26.65,8636667.0,254276546.0,2237398664.0,0.003860137730018775
2022-05-06,25.87,25.99,25.35,25.44,7131213.0,200382461.0,2237398664.0,0.0031872786529919908
2022-05-09,25.43,25.74,24.92,25.1,4221553.0,116854900.0,2237398664.0,0.001886813051212227
2022-05-10,24.66,25.95,24.53,25.86,5484987.0,154066238.0,2237398664.0,0.0024515018660974763
2022-05-11,25.89,27.11,25.79,26.23,9953167.0,289982275.0,2237398664.0,0.004448544267120381
2022-05-12,25.82,26.37,25.75,25.96,7873424.0,224183657.0,2237398664.0,0.003519008090370434
2022-05-13,26.4,26.59,25.52,25.89,6586924.0,187153057.0,2237398664.0,0.0029440099817633573
2022-05-16,26.27,26.31,25.43,25.52,5291880.0,149438937.0,2237398664.0,0.0023651931527210387
2022-05-17,25.56,25.91,25.15,25.91,8067854.0,226334335.0,2237398664.0,0.00360590811544348
2022-05-18,25.91,26.38,25.56,25.8,6299997.0,178932768.0,2237398664.0,0.002815768643008361
2022-05-19,25.4,25.74,25.17,25.59,5830748.0,163085483.0,2237398664.0,0.002606038920920711
2022-05-20,25.83,26.34,25.59,26.2,9331130.0,265777213.0,2237398664.0,0.004170526312605324
2022-05-23,26.29,26.67,25.9,26.09,6162969.0,176440690.0,2237398664.0,0.002754524305016748
2022-05-24,26.07,26.55,24.62,24.63,12161727.0,339108634.0,2237398664.0,0.0054356548949829895
2022-05-25,24.7,24.7,24.16,24.48,6755816.0,180694768.0,2237398664.0,0.003019495858606627
2022-05-26,24.64,24.88,23.78,24.52,7277906.0,194049211.0,2237398664.0,0.003252842739696925
2022-05-27,24.43,25.05,24.29,24.49,5499394.0,148649159.0,2237398664.0,0.002457941040408166
2022-05-30,24.55,25.25,24.44,25.14,8243059.0,225450771.0,2237398664.0,0.0036842155725896153
2022-05-31,25.06,27.65,24.85,27.65,20735290.0,611084929.0,2237398664.0,0.009267588442611137
2022-06-01,28.04,28.21,27.34,27.62,16079348.0,489117885.0,2237398664.0,0.007186626263221904
2022-06-02,27.62,28.31,27.34,28.03,7543877.0,231351132.0,2237398664.0,0.003371717844200876
2022-06-06,28.14,28.6,27.5,28.01,11275412.0,345850823.0,2237398664.0,0.00503951851827869
2022-06-07,28.02,28.13,27.16,27.75,9293833.0,281552199.0,2237398664.0,0.004153856507353309
2022-06-08,27.72,27.87,27.09,27.55,9178549.0,271586267.0,2237398664.0,0.004102330598334531
2022-06-09,27.57,27.67,26.39,26.59,9233880.0,267235089.0,2237398664.0,0.0041270606569022246
2022-06-10,26.6,27.31,26.2,27.23,8955339.0,260722252.0,2237398664.0,0.004002567420859066
2022-06-13,26.94,27.48,26.25,26.75,10701605.0,308359467.0,2237398664.0,0.004783056847306672
2022-06-14,26.49,26.93,25.75,26.78,8846932.0,250958717.0,2237398664.0,0.00395411517059885
2022-06-15,26.68,27.4,26.59,26.8,8478641.0,246799545.0,2237398664.0,0.003789508385976224
2022-06-16,26.82,27.46,26.67,27.04,10225549.0,298832367.0,2237398664.0,0.004570284752793613
2022-06-17,26.72,27.26,26.2,26.65,12799164.0,366364345.0,2237398664.0,0.005720555842791904
2022-06-20,26.8,27.15,26.61,27.05,12622059.0,365822011.0,2237398664.0,0.005641399185174449
2022-06-21,27.33,28.26,27.25,27.81,20242561.0,608333027.0,2237398664.0,0.009047364390488435
2022-06-22,27.69,27.92,26.11,26.22,21311925.0,612519901.0,2237398664.0,0.009525314081442573
2022-06-23,25.95,26.26,25.3,26.07,14657845.0,409230528.0,2237398664.0,0.006551288885546595
2022-06-24,26.07,27.0,26.06,26.58,11464169.0,328428321.0,2237398664.0,0.00512388300952342
2022-06-27,26.85,27.01,26.35,26.65,11247862.0,323347342.0,2237398664.0,0.005027205111444547
2022-06-28,26.6,27.88,26.2,27.75,16718218.0,491346238.0,2237398664.0,0.007472167686965241
2022-06-29,27.66,28.82,27.48,27.63,19725269.0,599782576.0,2237398664.0,0.00881616196406203
2022-06-30,27.77,28.34,27.65,27.99,9959656.0,300924055.0,2237398664.0,0.004451444510203748
2022-07-01,28.07,28.66,27.76,27.99,11037319.0,335087777.0,2237398664.0,0.004933103419427089
2022-07-04,27.89,27.89,26.6,26.83,21645167.0,629363440.0,2237398664.0,0.00967425579905504
2022-07-05,26.91,27.05,25.95,26.52,15055181.0,428629773.0,2237398664.0,0.0067288772636900085
2022-07-06,26.95,27.84,26.87,27.24,20502506.0,606976246.0,2237398664.0,0.009163546188655452
2022-07-07,26.95,27.42,26.62,27.08,9579376.0,279347713.0,2237398664.0,0.004281479270607091
2022-07-08,27.08,27.96,26.96,27.33,14857840.0,442583720.0,2237398664.0,0.006640676174105376
2022-07-11,27.3,27.33,26.55,26.8,12022703.0,347142973.0,2239329664.0,0.0053688848021262135
2022-07-12,26.58,26.91,26.24,26.36,8314265.0,237734683.0,2239329664.0,0.003712836539283213
2022-07-13,26.31,26.59,25.95,26.04,10121382.0,285622160.0,2239329664.0,0.00451982669756658
2022-07-14,26.04,28.14,26.04,27.4,27258823.0,807985986.0,2239329664.0,0.012172760196151272
2022-07-15,28.13,28.16,27.0,27.61,23040175.0,686373761.0,2239329664.0,0.010288871428981347
2022-07-18,27.91,28.23,27.32,27.97,15148101.0,454580159.0,2239329664.0,0.006764569435007493
2022-07-19,28.09,28.37,27.59,28.12,14331111.0,432024470.0,2239329664.0,0.006399732576400149
2022-07-20,28.37,28.96,28.09,28.26,17141490.0,525100100.0,2239329664.0,0.007654741628966337
2022-07-21,28.1,29.27,27.71,28.72,19706562.0,613022002.0,2239329664.0,0.008800205845886566
2022-07-22,28.72,28.95,27.53,27.77,18132514.0,546479007.0,2239329664.0,0.008097295494943257
2022-07-25,27.71,27.97,27.15,27.34,8919401.0,264502052.0,2239329664.0,0.003983067407800837
2022-07-26,27.34,27.62,27.06,27.5,6800140.0,201099377.0,2239329664.0,0.0030366855355514104
2022-07-27,27.43,27.66,26.94,27.05,10154653.0,297455279.0,2239329664.0,0.004534684268800898
2022-07-28,27.41,29.27,27.23,28.77,29193617.0,896405079.0,2239329664.0,0.01303676607751131
2022-07-29,28.63,28.91,28.1,28.45,13618494.0,418182291.0,2239329664.0,0.006081504755165875
2022-08-01,29.28,31.29,28.82,31.29,31841947.0,1056264225.0,2239329664.0,0.014219410170775106
2022-08-02,31.5,32.48,30.7,31.95,55544341.0,1904282423.0,2239329664.0,0.024804003578813842
2022-08-03,31.46,31.88,30.63,31.02,28721098.0,971591772.0,2239329664.0,0.012825756949379652
2022-08-04,31.18,31.37,30.22,30.52,18398967.0,606947342.0,2239329664.0,0.008216283335047179
2022-08-05,30.72,31.33,30.07,31.01,21170824.0,705524713.0,2239329664.0,0.009454089918222957
2022-08-08,31.0,31.5,29.93,30.46,18713392.0,613730254.0,2239329664.0,0.008356693657410506
2022-08-09,30.33,30.48,29.75,30.48,16989197.0,551779979.0,2239329664.0,0.007586733330568697
2022-08-10,30.26,30.29,28.72,28.85,36058506.0,1138118629.0,2239329664.0,0.016102366069491766
2022-08-11,28.97,30.58,28.89,30.58,39187822.0,1262310843.0,2239329664.0,0.017499800333105397
2022-08-12,30.76,31.21,29.76,30.39,30573837.0,1004318507.0,2239329664.0,0.01365312016873278
2022-08-15,30.11,30.57,29.97,30.16,18955256.0,617756097.0,2239329664.0,0.008464700979373085
2022-08-16,30.19,30.3,29.59,29.76,16523197.0,533106251.0,2239329664.0,0.007378635341473331
2022-08-17,29.73,31.93,29.48,31.34,31236410.0,1038725585.0,2239329664.0,0.01394900023081193
2022-08-18,31.21,31.75,30.91,31.38,23945496.0,810659317.0,2239329664.0,0.010693153574015265
2022-08-19,31.41,31.61,30.83,30.87,15508222.0,520476650.0,2239329664.0,0.006925385864044
2022-08-22,30.77,32.32,30.1,31.18,22877498.0,775669311.0,2239329664.0,0.010216226028612106
2022-08-23,31.0,31.2,30.3,30.65,17808540.0,588088505.0,2239329664.0,0.00795262095005231
2022-08-24,30.64,30.76,28.88,29.08,20537001.0,654381763.0,2239329664.0,0.009171048519634132
2022-08-25,29.08,29.33,28.46,29.28,13243344.0,413787097.0,2239329664.0,0.0059139769426999386
2022-08-26,29.57,29.9,28.6,28.62,15294682.0,478965640.0,2239329664.0,0.0068300269700709865
2022-08-29,27.71,28.24,27.41,27.87,12953040.0,390127395.0,2239329664.0,0.005784338147364443
2022-08-30,27.91,28.29,27.25,27.51,14923981.0,444645035.0,2239329664.0,0.00666448591287004
2022-08-31,27.43,27.89,26.99,27.48,13427641.0,398044058.0,2239329664.0,0.005996277018013905
2022-09-01,27.29,27.71,26.76,26.86,11645951.0,341267035.0,2239329664.0,0.005200641597002485
2022-09-02,26.88,27.47,26.79,27.22,9185049.0,269080908.0,2239329664.0,0.00410169576532703
2022-09-05,27.15,27.32,26.63,26.94,7212131.0,209480843.0,2239329664.0,0.0032206651463355064
2022-09-06,27.05,27.42,26.5,26.87,13985360.0,405019999.0,2239329664.0,0.006245333246297764
2022-09-07,26.64,27.06,26.5,26.69,11740017.0,339135607.0,2239329664.0,0.005242647917693998
2022-09-08,26.78,26.89,26.08,26.1,12840533.0,364985662.0,2239329664.0,0.0057340967729885796
2022-09-09,26.05,26.33,25.76,26.2,9076837.0,255679671.0,2239329664.0,0.004053372375636069
2022-09-13,26.87,27.14,26.2,26.34,11492722.0,330509151.0,2239329664.0,0.005132215316377821
2022-09-14,25.48,26.09,25.32,26.0,7554458.0,211368342.0,2239329664.0,0.00337353544743647
2022-09-15,26.13,26.2,25.3,25.62,9757734.0,271086810.0,2239329664.0,0.004357435243621191
2022-09-16,25.66,25.82,24.91,24.93,8894092.0,243373544.0,2239329664.0,0.003971765364869475
2022-09-19,24.93,25.09,24.66,24.85,6715185.0,179902224.0,2239329664.0,0.0029987478431402585
2022-09-20,25.01,25.41,24.86,25.26,8267277.0,224470275.0,2239329664.0,0.003691853474236833
2022-09-21,25.25,25.33,24.92,25.18,6341597.0,171923775.0,2239329664.0,0.002831917560843779
2022-09-22,24.99,25.14,24.46,24.56,8562868.0,228488713.0,2239329664.0,0.0038238532439679234
2022-09-23,24.54,24.88,24.1,24.56,8225578.0,217490410.0,2239329664.0,0.0036732322767104647
2022-09-26,24.38,24.61,24.0,24.07,6407824.0,168143222.0,2239329664.0,0.002861492036216781
2022-09-27,24.08,24.88,24.08,24.82,7548642.0,199673846.0,2239329664.0,0.003370938241632653
2022-09-28,24.66,24.76,23.98,24.17,8983278.0,235640479.0,2239329664.0,0.004011592461984195
2022-09-29,24.48,24.76,23.99,24.13,9057611.0,237331880.0,2239329664.0,0.004044786770618156
2022-09-30,24.08,24.35,23.73,24.01,6286347.0,163138143.0,2239329664.0,0.002807244998831936
2022-10-10,24.19,24.3,23.4,23.75,8412866.0,216766682.0,2239329664.0,0.0037568680195896337
2022-10-11,23.92,23.96,23.49,23.7,5052211.0,129333713.0,2239329664.0,0.0022561265012564047
2022-10-12,23.7,24.52,23.55,24.51,7871499.0,204367603.0,2239329664.0,0.0035151139765368642
2022-10-13,24.52,24.86,24.25,24.56,6303065.0,167697828.0,2239329664.0,0.0028147106258312846
2022-10-14,24.68,25.34,24.68,25.2,8763867.0,237439177.0,2239329664.0,0.003913611801285905
2022-10-17,25.11,25.38,24.93,25.31,7069347.0,192001353.0,2239329664.0,0.003156903207977153
2022-10-18,25.44,25.61,25.0,25.24,7414072.0,202345308.0,2239329664.0,0.003310844365253762
2022-10-19,25.37,25.37,24.81,24.81,5736767.0,154736471.0,2239329664.0,0.0025618233403619127
2022-10-20,24.75,25.39,24.39,24.9,9223640.0,247903146.0,2239329664.0,0.004118929047509818
2022-10-21,24.82,25.11,24.43,24.56,6405474.0,170575293.0,2239329664.0,0.002860442615027137
2022-10-24,24.72,25.24,23.98,24.12,9881707.0,263065272.0,2239329664.0,0.0044127969002781
2022-10-25,24.19,24.97,23.99,24.66,9269456.0,245151409.0,2239329664.0,0.004139388741648001
2022-10-26,24.94,25.82,24.79,25.8,13515698.0,370612246.0,2239329664.0,0.006035599946395387
2022-10-27,27.8,27.8,26.41,26.83,29008588.0,843546559.0,2239329664.0,0.012954139118660824
2022-10-28,26.85,27.3,26.18,26.32,18177182.0,526457484.0,2239329664.0,0.008117242535666244
2022-10-31,26.28,27.8,26.22,27.57,20762563.0,613302960.0,2239329664.0,0.00927177598447604
2022-11-01,27.57,28.54,27.41,28.41,16677572.0,505316697.0,2239329664.0,0.007447573382388775
2022-11-02,28.52,28.98,28.05,28.07,14077713.0,432895415.0,2239329664.0,0.0062865746059263565
2022-11-03,27.93,28.36,27.81,28.24,9447365.0,286434827.0,2239329664.0,0.004218836177574969
2022-11-04,28.35,28.6,28.16,28.43,10351097.0,317001643.0,2239329664.0,0.004622408735259803
2022-11-07,28.43,28.98,28.29,28.78,11400419.0,353316608.0,2239329664.0,0.005090996284859647
2022-11-08,28.91,29.05,28.08,28.28,8496163.0,259172136.0,2239329664.0,0.0037940653118593262
2022-11-09,28.18,28.32,27.62,28.0,9748780.0,294181828.0,2239329664.0,0.004353436725607543
2022-11-10,28.07,28.12,27.45,27.56,9416964.0,281182224.0,2239329664.0,0.004205260239878643
2022-11-11,28.08,28.16,27.57,27.8,9365327.0,281078513.0,2239329664.0,0.004182201107125601
2022-11-14,27.8,28.12,27.5,27.7,8873675.0,265851858.0,2239329664.0,0.003962647904261407
2022-11-15,27.8,28.88,27.53,28.8,12018008.0,369493036.0,2239329664.0,0.005366788192557967
2022-11-16,28.63,28.8,27.98,28.38,10072783.0,307766251.0,2239329664.0,0.004498124220802534
2022-11-17,28.1,28.71,28.04,28.64,5708660.0,175177933.0,2239329664.0,0.002549271816371562
2022-11-18,28.54,28.8,28.09,28.19,4883969.0,149903486.0,2239329664.0,0.0021809959821976438
2022-11-21,28.19,28.47,27.84,28.45,5336210.0,162129109.0,2239329664.0,0.0023829497218681955
2022-11-22,28.26,28.49,27.82,27.99,4022063.0,122218278.0,2239329664.0,0.0017961013354396399
2022-11-23,27.82,27.99,27.3,27.82,5334873.0,159512652.0,2239329664.0,0.0023823526681956194
2022-11-24,27.84,28.13,27.56,27.8,4005299.0,119997445.0,2239329664.0,0.0017886151665787071
2022-11-25,27.8,28.21,27.53,27.56,3441069.0,103221478.0,2239329664.0,0.0015366513717562221
2022-11-28,27.13,27.4,26.5,27.38,4832383.0,141645935.0,2239329664.0,0.0021579596241172285
2022-11-29,27.25,27.79,27.24,27.63,4482773.0,133251870.0,2239329664.0,0.002001837010452785
2022-11-30,27.58,27.59,26.64,26.87,8632959.0,250799057.0,2239329664.0,0.0038551532357140247
2022-12-01,27.1,27.75,27.07,27.29,7909573.0,234098614.0,2239329664.0,0.0035321163860579305
2022-12-02,27.08,27.41,26.39,26.58,9780382.0,282490993.0,2239329664.0,0.004367548984516109
2022-12-05,26.41,26.96,26.4,26.58,9091895.0,261264535.0,2239329664.0,0.004060096709369541
2022-12-06,26.58,26.92,26.32,26.74,9832278.0,282949252.0,2239329664.0,0.004390723776881116
2022-12-07,26.59,27.2,26.42,26.91,8040098.0,233203282.0,2239329664.0,0.003590403918304009
2022-12-08,26.64,26.69,26.15,26.29,7517927.0,213249533.0,2239329664.0,0.0033572220834029018
2022-12-09,26.45,26.5,25.92,26.27,6300927.0,177999326.0,2239329664.0,0.0028137558758298126
2022-12-12,26.01,27.21,26.01,26.91,11143545.0,322360008.0,2239329664.0,0.004976286064149597
2022-12-13,26.91,27.13,26.05,26.08,7772310.0,220653315.0,2239329664.0,0.0034708199176519284
2022-12-14,26.36,26.53,26.08,26.11,5608698.0,159211387.0,2239329664.0,0.0025046325648995643
2022-12-15,26.04,26.69,25.93,26.3,5560610.0,158335394.0,2239329664.0,0.0024831582814239896
2022-12-16,26.31,26.48,25.85,26.15,5184661.0,145698679.0,2239329664.0,0.0023152736657535743
2022-12-19,25.95,26.21,25.86,25.89,4399867.0,123440731.0,2239329664.0,0.0019648143240065612
2022-12-20,25.91,26.2,25.44,25.74,4711065.0,131097107.0,2239329664.0,0.002103783590123513
2022-12-21,25.71,25.82,25.24,25.34,3412331.0,93790674.0,2239329664.0,0.0015238180670123969
2022-12-22,25.34,25.71,25.16,25.28,4128019.0,113270457.0,2239329664.0,0.0018434172807885423
2022-12-23,25.03,25.49,24.99,25.35,2782200.0,76023117.0,2239329664.0,0.0012424253760968354
2022-12-26,25.35,25.74,25.2,25.63,3936474.0,108809282.0,2239329664.0,0.0017578805225883882
2022-12-27,25.64,25.8,25.41,25.51,2952196.0,81459944.0,2239329664.0,0.001318339165269058
2022-12-28,25.57,25.57,25.18,25.54,4273847.0,116941001.0,2239329664.0,0.0019085385545091408
2022-12-29,25.39,25.66,25.26,25.39,4844795.0,133053682.0,2239329664.0,0.0021635023542473826
2022-12-30,25.53,25.69,25.35,25.43,5391407.0,148448267.0,2239329664.0,0.0024075986160829958
2023-01-03,25.43,25.99,25.02,25.91,9548662.0,264213123.0,2239329664.0,0.0042640715895951265
2023-01-04,25.85,26.02,24.18,24.46,17771506.0,475889424.0,2239329664.0,0.007936082965227936
2023-01-05,24.37,25.11,24.33,25.0,10170963.0,272784604.0,2239329664.0,0.004541967698419236
2023-01-06,25.16,25.2,24.61,24.98,6988160.0,188330127.0,2239329664.0,0.0031206481619670983
2023-01-09,25.14,25.67,24.83,25.34,8433524.0,231470372.0,2239329664.0,0.003766093101689917
2023-01-10,25.38,25.71,25.3,25.63,5642658.0,155881235.0,2239329664.0,0.0025197978174954414
2023-01-11,25.51,25.95,25.5,25.57,5497770.0,152533990.0,2239329664.0,0.0024550963122507005
2023-01-12,25.58,25.75,25.31,25.59,4306080.0,118532198.0,2239329664.0,0.0019229325941711815
2023-01-13,25.71,25.94,25.56,25.83,5034036.0,140202353.0,2239329664.0,0.002248010233119477
2023-01-16,25.83,26.18,25.76,26.07,7445746.0,208996405.0,2239329664.0,0.00332498877664133
2023-01-17,26.13,26.57,26.04,26.45,8463218.0,240861180.0,2239329664.0,0.0037793533199049338
2023-01-18,26.41,26.83,26.34,26.8,6646366.0,191657346.0,2239329664.0,0.00296801587852319
2023-01-19,26.78,27.6,26.69,27.41,8345434.0,245167033.0,2239329664.0,0.0037267554367555592
2023-01-20,27.57,27.63,26.98,27.26,8382103.0,245897447.0,2239329664.0,0.003743130426373881
2023-01-30,27.33,27.76,27.09,27.25,8659763.0,255101997.0,2239329664.0,0.0038671228891468835
2023-01-31,27.13,27.39,26.7,26.71,7299913.0,212002629.0,2239329664.0,0.003259865270109689
2023-02-01,26.76,27.18,26.75,27.08,9059585.0,263746195.0,2239329664.0,0.004045668284417457
2023-02-02,27.2,27.49,26.99,27.08,7406320.0,217442847.0,2239329664.0,0.0033073826150145616
2023-02-03,27.07,27.16,26.55,27.05,7948144.0,229883316.0,2239329664.0,0.0035493407369965517
2023-02-06,26.88,27.15,26.55,26.73,5897180.0,170530831.0,2239329664.0,0.0026334577238914295
2023-02-07,27.13,27.33,26.67,26.94,6238182.0,181171902.0,2239329664.0,0.0027857363300663176
2023-02-08,26.94,27.32,26.58,26.6,5317053.0,154072102.0,2239329664.0,0.0023743949296426595
2023-02-09,26.58,27.75,26.48,27.65,12247461.0,360953077.0,2239329664.0,0.0054692532309526
2023-02-10,27.57,28.35,27.52,27.74,11779041.0,354644506.0,2239329664.0,0.005260074561313006
2023-02-13,27.79,27.95,27.42,27.72,6993170.0,208959000.0,2239329664.0,0.0031228854386309776
2023-02-14,27.81,28.17,27.57,27.71,6849857.0,205590622.0,2239329664.0,0.0030588872688644022
2023-02-15,27.61,28.25,27.43,28.08,7552681.0,227561863.0,2239329664.0,0.003372741906392216
2023-02-16,28.0,28.17,27.17,27.37,9373715.0,281019906.0,2239329664.0,0.004185946870929318
2023-02-17,27.33,27.6,26.73,26.75,6152035.0,179766355.0,2239329664.0,0.0027472663355028017
2023-02-20,26.66,27.29,26.6,27.22,7738558.0,224881171.0,2239329664.0,0.00345574754999539
2023-02-21,27.22,27.47,26.88,27.09,6062553.0,177624929.0,2239329664.0,0.0027073070559744078
2023-02-22,26.88,27.14,26.7,26.86,4653616.0,134838104.0,2239329664.0,0.002078129037815488
2023-02-23,26.87,27.05,26.57,26.72,4413695.0,127581026.0,2239329664.0,0.0019709893862237516
2023-02-24,26.75,26.98,26.41,26.51,4874959.0,140148750.0,2239329664.0,0.002176972456700328
2023-02-27,26.36,26.47,26.0,26.11,6542541.0,185076581.0,2239329664.0,0.002921651557240301
2023-02-28,26.2,26.78,26.2,26.35,7918052.0,225839102.0,2239329664.0,0.0035359027870226077
2023-03-01,26.41,27.05,26.4,26.73,7040881.0,203642016.0,2276345741.0,0.003093063093705149
2023-03-02,26.72,27.26,26.61,26.96,5911721.0,172512400.0,2276345741.0,0.0025970224529262313
2023-03-03,27.13,27.39,26.9,27.08,4814429.0,140859445.0,2276345741.0,0.0021149814429705298
2023-03-06,27.08,27.29,26.8,27.1,5853854.0,171122533.0,2276345741.0,0.0025716014463727285
2023-03-07,27.14,27.29,26.29,26.34,7289406.0,209880292.0,2276345741.0,0.0032022402698799876
2023-03-08,26.35,26.69,26.32,26.67,5142152.0,147283276.0,2276345741.0,0.0022589503463305402
2023-03-09,26.74,27.79,26.6,27.51,13006867.0,385511764.0,2276345741.0,0.005713924192502531
2023-03-10,27.43,27.71,27.08,27.16,7596900.0,224524838.0,2276345741.0,0.0033373225618454063
2023-03-13,26.97,27.19,26.52,26.91,7990100.0,231081197.0,2276345741.0,0.0035100555491583384
2023-03-14,27.02,27.05,25.46,26.28,16144014.0,454820470.0,2276345741.0,0.007092074683219222
2023-03-15,26.45,26.67,25.83,25.85,10524851.0,297133284.0,2276345741.0,0.004623573128823755
2023-03-16,25.69,26.22,25.38,25.43,10178343.0,282609975.0,2276345741.0,0.004471351964103945
2023-03-17,25.66,26.03,25.66,25.86,7347348.0,205128657.0,2276345741.0,0.003227694223976849
2023-03-20,25.96,26.31,25.82,26.06,7897694.0,222620075.0,2276345741.0,0.003469461539937487
2023-03-21,26.03,26.57,25.87,26.5,7759937.0,220483776.0,2276345741.0,0.0034089448101987598
2023-03-22,26.67,29.15,26.5,29.15,36915931.0,1133695250.0,2276345741.0,0.01621718982977639
2023-03-23,30.11,31.85,29.95,30.72,94795244.0,3148401297.0,2276345741.0,0.041643605491297815
2023-03-24,31.67,31.97,30.58,30.91,59251938.0,1992129903.0,2276345741.0,0.026029410617549945
2023-03-27,31.15,32.12,30.28,30.87,48785363.0,1643050579.0,2276345741.0,0.02143143816921614
2023-03-28,30.67,30.86,28.6,28.77,38778743.0,1229228704.0,2276345741.0,0.017035524218287013
2023-03-29,28.85,29.31,28.25,28.72,36458754.0,1135756794.0,2276345741.0,0.0160163517093777
2023-03-30,28.78,29.26,27.9,28.6,23354909.0,718631950.0,2276345741.0,0.0102598250254112
2023-03-31,28.69,28.99,28.04,28.74,22237399.0,683754039.0,2276345741.0,0.009768902236367265
2023-04-03,28.76,29.02,27.87,28.11,44105307.0,1345344357.0,2276345741.0,0.019375486862828015
2023-04-04,28.22,28.94,28.1,28.64,42881028.0,1321195242.0,2276345741.0,0.01883766039035983
2023-04-06,28.26,30.81,28.15,29.64,59331248.0,1906232327.0,2276345741.0,0.026064251546399866
2023-04-07,29.82,30.21,29.18,29.45,35631218.0,1137628393.0,2276345741.0,0.015652814666170696
2023-04-10,29.0,29.44,28.33,28.44,29252908.0,909743587.0,2276345741.0,0.012850819395804602
2023-04-11,28.5,28.91,28.09,28.35,23855196.0,732593910.0,2276345741.0,0.010479601393732219
2023-04-12,28.35,28.81,28.09,28.39,30107160.0,925761630.0,2276345741.0,0.0132260927932564
2023-04-13,28.26,28.26,26.74,26.82,40220880.0,1180964393.0,2276345741.0,0.01766905583610113
2023-04-14,26.82,27.08,26.32,27.05,24116262.0,696735830.0,2276345741.0,0.010594287838457138
2023-04-17,26.83,26.9,26.41,26.67,21733874.0,624324376.0,2276345741.0,0.009547703412774325
2023-04-18,26.61,26.85,26.26,26.6,18843498.0,539701068.0,2276345741.0,0.008277959565018467
2023-04-19,26.51,27.29,26.36,26.87,28775652.0,833514160.0,2276345741.0,0.012641160559098039
2023-04-20,26.7,29.56,26.7,29.56,65002716.0,1988497961.0,2276345741.0,0.028555730717533388
2023-04-21,30.5,31.04,28.06,28.08,77139145.0,2465054744.0,2276345741.0,0.03388727099342683
2023-04-24,28.43,28.71,26.87,27.13,42607619.0,1271842488.0,2276345741.0,0.0187175516585993
2023-04-25,27.18,27.33,25.03,25.32,43465698.0,1211289911.0,2276345741.0,0.019094506259363524
2023-04-26,25.2,25.62,24.42,24.56,31640435.0,849556433.0,2276345741.0,0.013899661387158323
2023-04-27,24.43,24.75,23.61,23.8,30482185.0,792015187.0,2276345741.0,0.013390841492562179
2023-04-28,23.72,24.36,23.69,24.19,20900868.0,545367706.0,2276345741.0,0.009181763395405057
2023-05-04,23.84,23.84,22.38,22.51,43059608.0,1064782166.0,2276345741.0,0.018916110687598752
2023-05-05,22.57,22.79,21.94,22.0,21454492.0,513987625.0,2276345741.0,0.00942497073866074
2023-05-08,22.01,22.16,21.77,21.85,17215837.0,407118055.0,2276345741.0,0.007562927146751035
2023-05-09,21.39,22.25,21.32,21.58,23698230.0,556549675.0,2276345741.0,0.010410646139188573
2023-05-10,21.49,21.74,21.38,21.59,12761395.0,296892138.0,2276345741.0,0.005606088200992663
2023-05-11,21.67,21.76,21.35,21.38,15978912.0,371283469.0,2276345741.0,0.007019545279172071
2023-05-12,21.4,21.49,20.87,20.89,17215489.0,392551170.0,2276345741.0,0.0075627742701498525
2023-05-15,20.89,21.28,20.76,21.26,16711830.0,378656995.0,2276345741.0,0.007341516580279445
2023-05-16,21.3,21.59,21.02,21.3,17485136.0,402983725.0,2276345741.0,0.0076812303531355345
2023-05-17,21.2,21.68,21.14,21.68,13913198.0,323873357.0,2276345741.0,0.00611207592476173
2023-05-18,21.72,22.34,21.63,22.12,21919299.0,521754375.0,2276345741.0,0.00962916072247041
2023-05-19,22.0,22.55,21.86,22.16,18867241.0,451201848.0,2276345741.0,0.008288389878644538
2023-05-22,22.2,22.35,21.82,22.04,11662337.0,276987826.0,2276345741.0,0.005123271386216019
2023-05-23,22.01,22.14,21.76,21.82,9764321.0,231084242.0,2276345741.0,0.004289471860153602
2023-05-24,21.78,22.42,21.63,22.09,17308589.0,411103364.0,2276345741.0,0.0076036731539719125
2023-05-25,22.31,22.69,21.92,22.28,17625071.0,424470732.0,2276345741.0,0.0077427038795333854
2023-05-26,22.27,22.7,22.15,22.64,16127668.0,392018275.0,2276345741.0,0.0070848938759694325
2023-05-29,22.87,23.13,22.61,22.94,18999808.0,468789771.0,2276345741.0,0.008346626638382874
2023-05-30,22.7,23.1,22.53,23.07,16321996.0,401132823.0,2276345741.0,0.007170262278712432
2023-05-31,23.09,23.91,22.98,23.55,23256514.0,590361094.0,2276338016.0,0.01021663471616862
2023-06-01,23.35,24.18,23.19,23.69,20644493.0,530721103.0,2276338016.0,0.009069168486794713
2023-06-02,23.68,24.05,23.44,23.63,15822036.0,404400612.0,2276338016.0,0.0069506531493958934
2023-06-05,23.49,23.78,23.39,23.65,10686064.0,272233142.0,2276338016.0,0.004694410023858249
2023-06-06,23.67,23.72,22.8,22.9,18146070.0,451837938.0,2276338016.0,0.007971606093846477
2023-06-07,22.98,23.1,22.75,23.0,10378394.0,256542536.0,2276338016.0,0.004559249956312288
2023-06-08,22.85,22.94,22.48,22.78,8250574.0,202086570.0,2276338016.0,0.003624494228013631
2023-06-09,22.71,23.29,22.56,23.25,12969024.0,321369494.0,2276338016.0,0.005697319075129833
2023-06-12,23.21,23.67,23.04,23.49,14999134.0,379484054.0,2276338016.0,0.00658915059827389
2023-06-13,23.61,23.83,23.16,23.7,13337254.0,329143909.0,2276338016.0,0.005859083275969855
2023-06-14,23.58,23.89,23.29,23.64,11622838.0,287568382.0,2276338016.0,0.005105936780172809
2023-06-15,23.6,23.78,23.39,23.62,9512643.0,235535631.0,2276338016.0,0.004178923750838944
2023-06-16,23.63,23.93,23.27,23.8,10988450.0,273204523.0,2276338016.0,0.004827248819272014
2023-06-19,23.77,24.06,23.61,23.99,10478448.0,262458186.0,2276338016.0,0.004603203885516447
2023-06-20,23.82,24.27,23.67,24.0,13118986.0,329851690.0,2276338016.0,0.00576319769198987
2023-06-21,23.87,23.94,23.14,23.15,15076027.0,370792322.0,2276338016.0,0.006622929852259692
2023-06-26,23.2,23.33,22.33,22.41,16177475.0,384382398.0,2276338016.0,0.007106798237472303
2023-06-27,22.57,22.79,22.36,22.61,8702728.0,206266515.0,2276338016.0,0.003823126415686061
2023-06-28,22.62,22.67,21.91,22.44,13165175.0,308184338.0,2276338016.0,0.005783488615251418
2023-06-29,22.34,22.7,22.3,22.6,9854188.0,233071428.0,2276338016.0,0.0043289651759697186
2023-06-30,22.57,23.25,22.49,23.15,11274589.0,272759972.0,2276338016.0,0.004952950273971965
2023-07-03,23.27,23.9,23.26,23.5,16340856.0,405304591.0,2276338016.0,0.007178571848795236
2023-07-04,23.5,24.39,23.37,24.19,22810397.0,576018379.0,2276338016.0,0.010020654595086286
2023-07-05,24.16,24.24,23.58,23.68,13237649.0,331398727.0,2276338016.0,0.0058153265933946425
2023-07-06,23.59,24.27,23.54,23.83,11326721.0,284564213.0,2276338016.0,0.004975851969429131
2023-07-07,23.82,23.82,23.4,23.56,9508255.0,235374717.0,2276338016.0,0.004176996093360504
2023-07-10,23.35,23.55,22.92,23.1,9989101.0,242858265.0,2278095016.0,0.004384848274476011
2023-07-11,23.11,23.67,23.1,23.58,9745057.0,240051852.0,2278095016.0,0.004277721926239445
2023-07-12,23.54,23.7,22.96,22.99,9518810.0,232230777.0,2278095016.0,0.0041784078070253765
2023-07-13,23.12,23.63,22.99,23.53,14471251.0,354415568.0,2278095016.0,0.0063523474211402255
2023-07-14,23.53,23.89,23.49,23.64,8766753.0,217958866.0,2278095016.0,0.003848282419489741
2023-07-17,23.59,23.59,23.34,23.46,7071472.0,174243349.0,2278095016.0,0.0031041163561370965
2023-07-18,23.54,24.42,23.44,23.58,18212728.0,455996117.0,2278095016.0,0.00799471833794662
2023-07-19,23.35,23.77,23.29,23.45,8045163.0,198479577.0,2278095016.0,0.0035315309253984165
2023-07-20,23.47,23.56,22.76,22.8,11674778.0,282499086.0,2278095016.0,0.005124798534742065
2023-07-21,22.69,23.08,22.58,22.7,5925866.0,141870750.0,2278095016.0,0.002601237419150738
2023-07-24,22.7,23.23,22.65,22.83,6473200.0,155921139.0,2278095016.0,0.002841496932540587
2023-07-25,22.97,24.01,22.87,23.9,17525059.0,435301131.0,2278095016.0,0.007692856916377187
2023-07-26,23.92,23.99,23.16,23.36,10402316.0,255369012.0,2278095016.0,0.004566234475270017
2023-07-27,23.35,23.42,22.83,22.95,9745025.0,236183160.0,2278095016.0,0.0042777078794153335
2023-07-28,22.81,23.28,22.77,23.21,6967260.0,168712239.0,2278095016.0,0.003058371117563606
2023-07-31,23.34,23.56,23.17,23.36,8396288.0,206113209.0,2278095016.0,0.003685661897782757
2023-08-01,23.34,23.73,23.19,23.58,12013408.0,296023192.0,2278095016.0,0.005273444661273953
2023-08-02,23.58,24.12,23.45,24.07,19105847.0,479796155.0,2278095016.0,0.008386764759947133
2023-08-03,23.84,24.17,23.74,24.05,9730809.0,244811144.0,2278095016.0,0.0042714675778036115
2023-08-04,24.03,24.38,23.77,24.14,11826793.0,299075112.0,2278095016.0,0.005191527533722501
2023-08-07,24.08,24.1,23.78,23.91,6517214.0,163530881.0,2278095016.0,0.0028608174611800302
2023-08-08,23.82,24.04,23.72,23.78,6019695.0,150449202.0,2278095016.0,0.0026424249022631635
2023-08-09,23.73,23.76,23.44,23.56,6747752.0,166830389.0,2278095016.0,0.002962015171714857
2023-08-10,23.18,23.24,21.69,22.37,31856428.0,745100737.0,2278095016.0,0.013983801279691663
2023-08-11,22.61,22.61,21.89,21.92,12532949.0,291930421.0,2278095016.0,0.005501504068959343
2023-08-14,21.92,21.92,21.29,21.58,11392737.0,256993053.0,2278095016.0,0.0050009928997623515
2023-08-15,21.67,21.72,20.98,21.08,14006730.0,311954325.0,2278095016.0,0.006148439771662272
2023-08-16,21.06,21.13,20.73,20.75,10274690.0,225315246.0,2278095016.0,0.004510211351079134
2023-08-17,20.66,20.96,20.34,20.69,12376409.0,267658489.0,2278095016.0,0.005432788761256831
2023-08-18,20.72,20.83,20.37,20.37,8522187.0,183942016.0,2278095016.0,0.0037409269324348497
2023-08-21,20.35,20.39,19.9,19.9,11048405.0,233078894.0,2278095016.0,0.004849843804759019
2023-08-22,20.03,20.3,19.63,20.16,11295144.0,235840126.0,2278095016.0,0.004958153158963761
2023-08-23,20.11,20.11,19.53,19.57,7793571.0,161716481.0,2278095016.0,0.003421091282524451
2023-08-24,19.73,19.87,19.53,19.58,8626308.0,177923067.0,2278095016.0,0.0037866322253522723
2023-08-25,19.49,19.52,19.06,19.2,12786066.0,258385160.0,2278095016.0,0.005612613130794892
2023-08-28,20.16,20.25,19.33,19.45,14804324.0,306458603.0,2278095016.0,0.006498554228872427
2023-08-29,19.45,20.15,19.41,20.01,14091189.0,294153211.0,2278095016.0,0.006185514169089425
2023-08-30,20.2,20.67,20.13,20.39,12263867.0,262884648.0,2278095016.0,0.0053833869587817055
2023-08-31,20.37,20.56,20.2,20.38,9821709.0,210641460.0,2278095016.0,0.004311369337546543
2023-09-01,20.4,20.54,20.26,20.39,5998000.0,128196981.0,2278095016.0,0.0026329015944785332
2023-09-04,20.45,20.54,20.33,20.48,10098769.0,216362463.0,2278095016.0,0.004432988496560584
2023-09-05,20.48,20.69,20.33,20.43,9483141.0,203613770.0,2278095016.0,0.004162750426736371
2023-09-06,20.31,20.73,20.24,20.68,10756472.0,232067736.0,2278095016.0,0.004721695945275708
2023-09-07,20.69,20.7,20.13,20.15,10435263.0,222644493.0,2278095016.0,0.004580696997583002
2023-09-08,20.09,20.27,19.75,19.92,10794494.0,225802460.0,2278095016.0,0.004738386206100194
2023-09-11,19.98,20.44,19.83,20.26,10778727.0,228271793.0,2278095016.0,0.004731465072482297
2023-09-12,20.3,20.54,20.15,20.36,7191347.0,153592798.0,2278095016.0,0.00315673707615012
2023-09-13,20.34,20.35,19.77,19.89,8980400.0,187934836.0,2278095016.0,0.00394206560170974
2023-09-14,19.98,20.06,19.55,19.68,7469269.0,154663957.0,2278095016.0,0.0032787346214886762
2023-09-15,19.81,19.94,19.52,19.58,8044484.0,166055216.0,2278095016.0,0.0035312328693492914
2023-09-18,19.58,19.97,19.44,19.73,6941803.0,144069314.0,2278095016.0,0.0030471964300193173
2023-09-19,19.92,19.96,19.13,19.42,11494984.0,233735826.0,2278095016.0,0.005045875575542719
2023-09-20,19.3,19.62,19.17,19.23,10296172.0,209154834.0,2278095016.0,0.004519641159690769
2023-09-21,19.13,19.23,19.01,19.01,8308458.0,166371755.0,2278095016.0,0.003647107755228064
2023-09-22,18.99,19.71,18.97,19.71,11522159.0,235514793.0,2278095016.0,0.005057804401956516
2023-09-25,19.74,19.74,19.24,19.29,9752495.0,198123026.0,2278095016.0,0.0042809869349189605
2023-09-26,19.74,19.86,18.83,18.88,18169004.0,365441737.0,2278095016.0,0.007975525108650692
2023-09-27,18.77,19.33,18.75,19.08,12112141.0,242949178.0,2278095016.0,0.00531678482018153
2023-09-28,19.15,19.52,19.11,19.4,10366995.0,210238866.0,2278095016.0,0.004550729854193228
2023-10-09,19.4,19.99,19.22,19.77,14275819.0,294056702.0,2278095016.0,0.006266559954582684
2023-10-10,19.83,20.13,19.59,19.78,7981969.0,165470081.0,2278095016.0,0.0035037910815568897
2023-10-11,19.92,20.61,19.8,20.34,19018078.0,404690642.0,2278095016.0,0.008348237394150903
2023-10-12,20.37,20.79,20.32,20.37,15486314.0,332499009.0,2278095016.0,0.006797922778125247
2023-10-13,20.34,20.77,20.18,20.47,8932142.0,192305491.0,2278095016.0,0.003920882113022454
2023-10-16,20.58,20.58,19.87,19.94,9840223.0,206872158.0,2278095016.0,0.0043194963032217966
2023-10-17,19.98,20.07,19.44,19.7,9174936.0,189132404.0,2278095016.0,0.004027459757192147
2023-10-18,19.6,19.65,19.17,19.25,6835437.0,138569281.0,2278095016.0,0.003000505664597793
2023-10-19,19.21,19.67,19.13,19.14,9933692.0,201546989.0,2278095016.0,0.0043605257595629625
2023-10-20,19.12,19.19,18.43,18.45,12214313.0,240022472.0,2278095016.0,0.005361634573717885
2023-10-23,17.83,18.08,17.06,17.86,14762809.0,273593982.0,2278095016.0,0.006480330669403475
2023-10-24,18.0,18.53,17.78,18.42,11990539.0,229452519.0,2278095016.0,0.005263406010629717
2023-10-25,18.53,18.75,18.34,18.52,6204150.0,120665356.0,2278095016.0,0.002723393869187061
2023-10-26,18.34,18.46,18.04,18.28,5648860.0,107900714.0,2278095016.0,0.0024796419641523854
2023-10-27,18.25,19.33,18.18,19.18,10546126.0,208655159.0,2278095016.0,0.004629361780755505
2023-10-30,19.18,20.23,19.09,20.01,17183262.0,356510750.0,2278095016.0,0.007542820593221472
2023-10-31,19.92,20.54,19.88,20.41,15760744.0,334772273.0,2278095016.0,0.00691838746378259
2023-11-01,20.35,20.53,20.01,20.07,12357942.0,261607390.0,2278095016.0,0.005424682426854491
2023-11-02,20.18,20.24,19.7,19.73,9104459.0,190516989.0,2278095016.0,0.003996522943975398
2023-11-03,19.79,20.19,19.72,20.04,8765800.0,184109904.0,2278095016.0,0.003847864087509158
2023-11-06,20.17,21.06,20.12,20.82,17979069.0,391439573.0,2278095016.0,0.007892150623097628
2023-11-07,20.84,21.06,20.56,20.75,10670654.0,232386304.0,2278095016.0,0.004684024996787052
2023-11-08,20.78,21.27,20.59,20.97,14319802.0,315315029.0,2278095016.0,0.006285866875361269
2023-11-09,20.89,21.19,20.68,20.83,7461983.0,163641905.0,2278095016.0,0.003275536335223693
2023-11-10,20.69,20.95,20.62,20.8,7131974.0,155504031.0,2278095016.0,0.0031306745109002075
2023-11-13,20.91,21.08,20.77,20.95,9700669.0,212949327.0,2278095016.0,0.004258237225343194
2023-11-14,20.89,21.24,20.77,20.89,6251900.0,137489249.0,2278095016.0,0.002744354364541571
2023-11-15,21.15,21.15,20.75,20.8,7231800.0,158503961.0,2278095016.0,0.0031744944566438576
2023-11-16,20.7,20.85,20.54,20.57,6588451.0,142882595.0,2278095016.0,0.0028920878864694376
2023-11-17,20.49,20.95,20.44,20.95,7246392.0,158309945.0,2278095016.0,0.0031808998084388944
2023-11-20,20.92,21.36,20.79,21.15,15183925.0,337142037.0,2278095016.0,0.006665185118863365
2023-11-21,21.06,21.58,20.82,20.89,12456206.0,276781172.0,2278095016.0,0.005467816711996178
2023-11-22,20.81,20.89,20.54,20.61,7059148.0,153228229.0,2278095016.0,0.003098706573000992
2023-11-23,20.56,21.13,20.54,21.02,8647088.0,189835023.0,2278095016.0,0.003795753881759952
2023-11-24,20.96,20.97,20.49,20.63,7999760.0,173460399.0,2278095016.0,0.0035116006767998654
2023-11-27,20.5,20.54,20.2,20.38,10589476.0,226179524.0,2278095016.0,0.004648390837794625
2023-11-28,20.49,20.85,20.3,20.58,7070324.0,153035438.0,2278095016.0,0.003103612426322081
2023-11-29,20.6,20.84,20.56,20.72,5778696.0,125783530.0,2278095016.0,0.0025366351971334985
2023-11-30,20.68,20.68,20.19,20.54,9045879.0,193646108.0,2278095016.0,0.003970808476585509
2023-12-01,20.48,20.6,20.21,20.53,6526890.0,139827174.0,2278095016.0,0.0028650648696208728
2023-12-04,20.55,20.63,20.15,20.49,9388653.0,201757309.0,2278095016.0,0.0041212736668398905
2023-12-05,20.39,20.39,19.88,19.9,6670200.0,140586068.0,2278095016.0,0.002927972693479612
2023-12-06,19.9,20.0,19.68,19.74,7248242.0,150538023.0,2278095016.0,0.003181711890457865
2023-12-07,19.99,20.15,19.7,19.86,7891114.0,164633678.0,2278095016.0,0.0034639090751603665
2023-12-08,19.86,20.29,19.75,20.07,8951177.0,188471735.0,2278095016.0,0.00392923777855278
2023-12-11,19.94,20.65,19.71,20.62,10877690.0,230634394.0,2278095016.0,0.004774906192938179
2023-12-12,20.58,20.61,20.07,20.26,11165304.0,237104121.0,2278095016.0,0.004901158170129634
2023-12-13,20.26,20.29,19.99,20.15,7708033.0,162922359.0,2278095016.0,0.0033835432437467746
2023-12-14,20.26,20.41,20.03,20.08,6283075.0,133006755.0,2278095016.0,0.0027580390439693584
2023-12-15,20.1,20.38,19.99,20.03,5863237.0,123750038.0,2278095016.0,0.002573745589547438
2023-12-18,19.92,20.08,19.73,19.78,5538877.0,115478588.0,2278095016.0,0.00243136346864296
2023-12-19,19.72,19.99,19.49,19.92,6182725.0,128214612.0,2278095016.0,0.0027139890814808754
2023-12-20,19.91,20.09,19.71,19.91,7645962.0,160272764.0,2278095016.0,0.003356296355638926
2023-12-21,19.73,20.17,19.72,20.1,6903904.0,144566170.0,2278095016.0,0.003030560161675012
2023-12-22,20.08,20.14,19.73,19.76,7144002.0,149239574.0,2278095016.0,0.0031359543609132765
2023-12-25,19.73,20.15,19.68,20.11,6079302.0,127642476.0,2278095016.0,0.0026685901849143943
2023-12-26,20.04,20.15,19.57,19.94,7082004.0,147138552.0,2278095016.0,0.0031087395171229327
2023-12-27,19.94,19.98,19.6,19.7,6349327.0,131350883.0,2278095016.0,0.0027871212374400807
2023-12-28,19.63,20.28,19.59,20.15,9046953.0,190418034.0,2278095016.0,0.003971279923119765
2023-12-29,20.15,21.33,20.15,21.27,19736001.0,435490774.0,2278095016.0,0.008663379209991651
2024-01-02,21.28,21.39,20.94,21.13,11953229.0,264715133.0,2278095016.0,0.005247028291641721
2024-01-03,21.11,21.15,20.66,20.77,8822090.0,193100851.0,2278095016.0,0.003872573329048537
2024-01-04,20.75,20.75,20.04,20.25,11271911.0,239306781.0,2278095016.0,0.004947954725695251
2024-01-05,20.25,20.5,19.6,19.73,10728704.0,224812219.0,2278095016.0,0.004709506813652588
2024-01-08,19.61,19.79,19.2,19.21,7784000.0,158519086.0,2278095016.0,0.003416889965225226
2024-01-09,19.19,19.51,19.02,19.07,7855041.0,157988790.0,2278095016.0,0.003448074353716948
2024-01-10,19.07,19.13,18.36,18.61,14709020.0,287178462.0,2278095016.0,0.0064567192749610935
2024-01-11,18.71,19.46,18.51,19.37,11278271.0,226832496.0,2278095016.0,0.004950746531987496
2024-01-12,19.36,19.36,18.92,19.02,6528258.0,130723561.0,2278095016.0,0.0028656653713516576
2024-01-15,18.96,19.28,18.77,19.03,4672900.0,93246941.0,2278095016.0,0.0020512313872688794
2024-01-16,19.03,19.04,18.66,18.92,5730368.0,113181238.0,2278095016.0,0.002515420981018467
2024-01-17,18.89,18.89,18.4,18.4,5635083.0,110009333.0,2278095016.0,0.002473594367408949
2024-01-18,18.33,18.54,17.87,18.51,8961751.0,170940276.0,2278095016.0,0.003933879375995264
2024-01-19,18.52,18.87,18.32,18.41,6829473.0,132868697.0,2278095016.0,0.0029978876877539335
2024-01-22,18.41,18.8,17.46,17.64,12150428.0,231014221.0,2278095016.0,0.005333591406268192
2024-01-23,17.63,18.15,17.44,18.01,9546601.0,179030830.0,2278095016.0,0.004190607034803328
2024-01-24,18.17,18.27,17.65,18.22,8200911.0,154848537.0,2278095016.0,0.003599898574204159
2024-01-25,18.18,18.42,17.99,18.32,10277155.0,196772093.0,2278095016.0,0.004511293395499005
2024-01-26,18.2,18.2,17.72,17.75,11163733.0,209659828.0,2278095016.0,0.00490046855885839
2024-01-29,17.76,18.01,17.32,17.35,8635407.0,159224375.0,2278095016.0,0.0037906263519958466
2024-01-30,17.35,17.44,16.82,16.84,6865603.0,123200094.0,2278095016.0,0.0030137474301028012
2024-01-31,16.93,17.18,16.57,16.69,9847403.0,173869860.0,2278095016.0,0.004322648059381909
2024-02-01,16.58,17.1,16.55,16.82,9936225.0,175432037.0,2278095016.0,0.004361637653484072
2024-02-02,16.8,17.06,15.57,16.09,10702702.0,182840732.0,2278095016.0,0.004698092891135143
2024-02-05,15.82,16.82,15.17,16.41,18307551.0,306576123.0,2278095016.0,0.008036342150533022
2024-02-06,16.29,17.39,16.21,17.35,14177892.0,252589947.0,2278095016.0,0.006223573600057426
2024-02-07,17.35,18.22,17.26,18.01,16885180.0,315859881.0,2278095016.0,0.0074119735486924045
2024-02-08,18.01,18.4,17.9,18.15,13678000.0,260729917.0,2278095016.0,0.00600413938134001
2024-02-19,18.19,18.65,17.91,18.49,14291863.0,275908681.0,2278095016.0,0.0062736026810218
2024-02-20,18.32,18.63,18.2,18.56,7177984.0,138861214.0,2278095016.0,0.0031508712101936316
2024-02-21,18.44,18.87,18.21,18.56,10228689.0,199785877.0,2278095016.0,0.0044900186024549905
2024-02-22,18.55,19.01,18.46,18.94,6770855.0,133802503.0,2278095016.0,0.002972156539760412
2024-02-23,18.95,19.2,18.79,19.13,7631657.0,152273629.0,2278095016.0,0.0033500169862976424
2024-02-26,19.13,19.19,18.88,18.94,6191281.0,123657002.0,2278095016.0,0.0027177448510778005
2024-02-27,18.84,19.56,18.75,19.56,8964764.0,181218234.0,2278095016.0,0.003935201972278052
2024-02-28,19.53,20.06,19.13,19.13,11827077.0,243879875.0,2278095016.0,0.005191652199286493
2024-02-29,19.07,20.14,19.03,20.09,11799380.0,245276030.0,2278095016.0,0.005179494234054371
2024-03-01,20.13,21.04,19.99,20.65,20006879.0,433011299.0,2278095016.0,0.008782284698172571
2024-03-04,20.65,22.72,20.49,21.65,48295921.0,1097562706.0,2278095016.0,0.02120013461282249
2024-03-05,21.34,21.77,20.82,21.28,40711365.0,908143142.0,2315111091.0,0.017585058945234003
2024-03-06,20.97,21.11,20.43,20.7,23551193.0,512342124.0,2315111091.0,0.010172813344273335
2024-03-07,20.49,20.98,20.2,20.37,18312354.0,394694273.0,2315111091.0,0.007909924526382048
2024-03-08,20.38,21.25,20.38,21.23,27455465.0,604750620.0,2315111091.0,0.011859242999929112
2024-03-11,20.87,20.9,20.49,20.86,19949445.0,433236821.0,2315111091.0,0.008617057331526559
2024-03-12,20.73,21.26,20.73,21.11,19562176.0,431215388.0,2315111091.0,0.008449778533759354
2024-03-13,21.25,21.59,21.1,21.2,21704372.0,485896801.0,2315111091.0,0.009375088774087688
2024-03-14,20.96,21.19,20.44,20.67,19266603.0,418875927.0,2315111091.0,0.008322107338563133
2024-03-15,20.56,20.82,20.41,20.82,10045320.0,217447296.0,2315111091.0,0.004339022882768436
2024-03-18,20.78,22.91,20.78,22.91,40452446.0,935719246.0,2315111091.0,0.01747322025161513
2024-03-19,22.91,23.61,22.5,23.0,47644678.0,1154351106.0,2315111091.0,0.020579866851840847
2024-03-20,23.0,23.88,23.0,23.31,37688734.0,927121134.0,2315111091.0,0.01627944945990499
2024-03-21,23.42,23.7,23.05,23.2,23587023.0,577850746.0,2315111091.0,0.010188289923405668
2024-03-22,23.33,23.5,22.88,23.18,21057054.0,512797204.0,2315111091.0,0.009095483185173855
2024-03-25,23.34,23.39,21.82,22.02,33335170.0,788023677.0,2315111091.0,0.014398950499434154
2024-03-26,22.11,22.47,21.94,22.16,15102856.0,351390880.0,2315111091.0,0.0065235988280270395
2024-03-27,22.02,22.29,21.44,21.49,14467044.0,331178909.0,2315111091.0,0.006248963195002032
2024-03-28,21.54,22.77,21.52,22.51,19826523.0,464729958.0,2315111091.0,0.00856396182329032
2024-03-29,22.49,22.57,21.84,22.11,16189599.0,375483226.0,2315111091.0,0.006993011723254709
2024-04-01,22.39,22.39,21.43,21.62,25050533.0,574763659.0,2315111091.0,0.010820445333005404
2024-04-02,21.63,21.76,21.12,21.35,17713739.0,398233389.0,2315111091.0,0.007651355940914544
2024-04-03,21.18,21.35,20.73,20.83,17070101.0,375273458.0,2315111091.0,0.007373339908551282
2024-04-08,20.84,21.05,20.55,20.58,14759971.0,323103121.0,2315111091.0,0.006375491464482816
2024-04-09,20.82,20.89,20.3,20.87,15439537.0,333299918.0,2315111091.0,0.006669026406560461
2024-04-10,20.74,20.8,20.21,20.37,12058805.0,258078319.0,2315111091.0,0.005208737086906384
2024-04-11,20.22,20.75,20.17,20.25,12425580.0,266684564.0,2315111091.0,0.005367163609687878
2024-04-12,20.37,21.17,20.37,20.95,27735663.0,609571710.0,2315111091.0,0.011980273045134835
2024-04-15,20.95,21.25,20.73,21.1,17819405.0,393669930.0,2315111091.0,0.00769699781115169
2024-04-16,20.94,21.06,20.22,20.28,11325500.0,244297758.0,2315111091.0,0.0048919898677985294
2024-04-17,20.5,21.04,20.42,21.04,13667212.0,298413245.0,2315111091.0,0.005903479989850733
2024-04-18,20.93,21.28,20.52,20.84,12703540.0,278110968.0,2315111091.0,0.0054872269626218126
2024-04-19,20.65,21.03,20.42,20.9,14865656.0,322943473.0,2315111091.0,0.006421141541669544
2024-04-22,20.49,21.51,19.93,21.35,18717409.0,414380334.0,2315111091.0,0.008084885892847204
2024-04-23,21.14,21.85,20.85,21.39,20493144.0,459184994.0,2315111091.0,0.0088519052410345
2024-04-24,21.35,21.8,21.07,21.66,13174485.0,297217173.0,2315111091.0,0.005690649166347068
2024-04-25,21.82,22.72,21.64,22.49,28524177.0,669235851.0,2315111091.0,0.012320867500003696
2024-04-26,22.39,22.81,22.37,22.57,15632305.0,370444403.0,2315111091.0,0.006752291525348664
2024-04-29,22.87,23.47,22.63,23.32,24791531.0,602503866.0,2315111091.0,0.010708570787975203
2024-04-30,23.32,23.7,22.9,23.0,18595891.0,453252663.0,2315111091.0,0.008032396834990584
2024-05-06,23.84,25.3,23.84,25.3,58320141.0,1529969562.0,2315111091.0,0.025191076673045924
2024-05-07,25.84,27.03,25.62,26.21,66116488.0,1827255074.0,2315111091.0,0.028558667554670705
2024-05-08,26.21,26.27,25.66,25.71,21051293.0,571269846.0,2315111091.0,0.009092994751671725
2024-05-09,25.64,25.96,25.29,25.59,21248030.0,571502090.0,2315111091.0,0.009177974259033083
2024-05-10,25.73,26.28,25.54,25.92,16507166.0,447683808.0,2315111091.0,0.007130183110508886
2024-05-13,25.74,26.83,25.57,26.49,22920399.0,636159247.0,2315111091.0,0.009900345209827341
2024-05-14,27.35,27.83,26.35,26.62,22921956.0,647184086.0,2315111091.0,0.00990101774774833
2024-05-15,26.43,27.02,26.25,26.3,15495113.0,432712648.0,2315111091.0,0.006693032166031811
2024-05-16,26.68,27.11,26.28,26.82,19276937.0,541655751.0,2315111091.0,0.008326571055246177
2024-05-17,26.67,26.83,26.01,26.28,22161984.0,611453802.0,2315111091.0,0.009572751858930126
2024-05-20,26.21,26.53,25.97,26.45,16400474.0,452046512.0,2315111091.0,0.007084098064994325
2024-05-21,26.41,27.23,26.28,27.09,19338096.0,547293718.0,2315111091.0,0.008352988362060419
2024-05-22,27.25,27.91,26.82,27.59,18950330.0,545524515.0,2315111091.0,0.008185494887769946
2024-05-23,27.6,27.82,27.05,27.43,12995133.0,373810218.0,2315111091.0,0.0056131790178530145
2024-05-24,27.43,27.76,26.95,26.99,12765604.0,365829976.0,2315111091.0,0.005514035179402974
2024-05-27,27.25,27.75,27.11,27.63,16010600.0,461667619.0,2315111091.0,0.006915694051244991
2024-05-28,27.63,27.63,26.82,27.03,15312993.0,436301983.0,2315111091.0,0.006614366394567111
2024-05-29,27.02,27.63,26.68,27.43,10837953.0,310057986.0,2315111091.0,0.004681396517917679
2024-05-30,27.35,29.65,27.2,28.76,32771442.0,988155705.0,2315111091.0,0.014155451169232898
2024-05-31,28.68,29.25,27.87,28.49,24849543.0,748098911.0,2315111091.0,0.010733628764771876
2024-06-03,28.29,29.31,28.19,28.77,17876439.0,541654335.0,2315111091.0,0.00772163334601726
2024-06-04,28.78,28.93,28.31,28.65,14450068.0,433602067.0,2315111091.0,0.006241630501523091
2024-06-05,28.64,29.43,28.35,29.1,17433175.0,533887786.0,2315111091.0,0.007530167803943193
2024-06-06,29.43,31.45,29.43,30.4,25401503.0,813330855.0,2315111091.0,0.010972044969569023
2024-06-07,30.35,30.83,28.88,29.29,25413896.0,789048337.0,2315111091.0,0.010977398060419901
2024-06-11,29.25,29.68,28.29,29.52,23408013.0,716077605.0,2315111091.0,0.010110967500004085
2024-06-12,31.27,32.39,30.91,31.11,33941363.0,1123687274.0,2315111091.0,0.014660792361950635
2024-06-13,31.67,32.61,31.07,31.26,24724974.0,811964081.0,2315111091.0,0.010679821843590313
2024-06-14,31.59,33.78,31.27,33.38,31640207.0,1072486897.0,2315111091.0,0.013666820189753046
2024-06-17,33.38,36.72,33.38,36.72,27261569.0,997341233.0,2315111091.0,0.011775490647502582
2024-06-18,37.26,38.35,36.23,37.74,47402529.0,1814960355.0,2315111091.0,0.020475271871089662
2024-06-19,36.97,37.35,35.75,36.56,39330310.0,1477414403.0,2315111091.0,0.01698851953709551
2024-06-20,36.44,36.84,36.11,36.43,21612565.0,814840875.0,2315111091.0,0.00933543322565336
2024-06-21,35.42,37.16,35.32,36.68,21114180.0,795093616.0,2315111091.0,0.009120158458953191
2024-06-24,36.58,38.13,36.41,36.76,25045301.0,963739348.0,2315111091.0,0.010818185398257418
2024-06-25,36.77,37.1,35.69,36.0,23710000.0,889077931.0,2315111091.0,0.010241409188601221
2024-06-26,36.34,39.6,35.86,39.16,34463605.0,1342887115.0,2315111091.0,0.014886372033712484
2024-06-27,38.7,42.03,38.16,38.54,42125087.0,1720473341.0,2315111091.0,0.018195708691371822
2024-06-28,38.26,39.51,38.13,38.47,27323183.0,1092922715.0,2315111091.0,0.011802104489162071
2024-07-01,38.57,38.59,36.5,37.93,34721304.0,1341241596.0,2315111091.0,0.014997683754779265
2024-07-02,38.32,38.79,37.02,37.21,19517975.0,757001190.0,2315111091.0,0.008430686145419187
2024-07-03,37.26,37.9,36.68,36.92,19418543.0,744989601.0,2315111091.0,0.008387737018534286
2024-07-04,37.1,38.27,36.87,37.06,19372800.0,749075393.0,2315111091.0,0.008367978571443852
2024-07-05,37.06,37.06,35.68,36.75,19470131.0,729224450.0,2315111091.0,0.008410020182482898
2024-07-08,36.94,38.09,36.55,37.69,25611989.0,991297946.0,2315111091.0,0.011062963284814568
2024-07-09,37.83,40.64,37.36,40.18,33693739.0,1367523660.0,2315111091.0,0.014553832483885759
2024-07-10,40.16,41.8,39.18,41.11,28748995.0,1205193068.0,2315111091.0,0.012417976446902176
2024-07-11,42.09,42.17,37.52,39.57,49347449.0,2013141406.0,2315111091.0,0.021315369785855343
2024-07-12,38.65,39.0,37.55,38.55,28398786.0,1120323912.0,2315111091.0,0.012266705520266543
2024-07-15,38.22,38.58,37.26,37.9,17323898.0,678287697.0,2315111091.0,0.007482966181340799
2024-07-16,38.03,39.4,37.84,39.11,25601714.0,1025713954.0,2315111091.0,0.011058525052869698
2024-07-17,38.71,38.86,37.11,37.61,24080610.0,940576047.0,2315111091.0,0.010401492219364086
2024-07-18,35.8,37.01,35.13,36.37,39798203.0,1475441621.0,2315111091.0,0.017190623445551105
2024-07-19,35.79,36.79,35.01,35.85,29323257.0,1084025529.0,2315111091.0,0.012666025882729444
2024-07-22,35.69,36.48,35.15,36.13,19550961.0,723784836.0,2315111091.0,0.008444934273782545
2024-07-23,36.35,36.37,35.03,35.08,15962237.0,586240879.0,2315111091.0,0.006894803909001704
2024-07-24,35.04,35.67,34.45,34.58,14575630.0,524858904.0,2315111091.0,0.00629586634380648
2024-07-25,34.52,34.79,33.29,34.43,21457374.0,755408061.0,2315111091.0,0.009268399293414296
2024-07-26,34.45,35.44,34.17,34.98,21581500.0,778502459.0,2315111091.0,0.00932201486308719
2024-07-29,34.84,36.5,34.35,35.42,20496077.0,751152106.0,2315111091.0,0.008853172134883094
2024-07-30,35.22,35.38,34.36,34.6,12339169.0,442909246.0,2315111091.0,0.005329838834934768
2024-07-31,34.45,36.37,34.43,36.08,21370796.0,787015980.0,2315111091.0,0.009231002383893811
2024-08-01,36.95,36.97,35.48,35.54,16349113.0,605572789.0,2315111091.0,0.007061912952495981
2024-08-02,35.03,35.99,34.61,35.15,10942479.0,397980871.0,2315111091.0,0.004726545971179921
2024-08-05,32.71,34.16,32.32,32.76,35250410.0,1208004786.0,2315111091.0,0.015226228295063704
2024-08-06,34.33,34.33,33.15,33.86,20750019.0,722453911.0,2315111091.0,0.00896286103965626
2024-08-07,33.63,34.06,32.64,33.19,16159466.0,554962265.0,2315111091.0,0.00697999593316276
2024-08-08,32.83,33.75,32.51,33.33,12230989.0,420341429.0,2315111091.0,0.005283111055684541
2024-08-09,33.68,34.69,33.6,34.01,12938490.0,456810912.0,2315111091.0,0.005588712373370942
2024-08-12,33.92,34.82,33.92,34.16,8907740.0,315380802.0,2315111091.0,0.0038476512140729925
2024-08-13,34.27,35.13,33.75,34.12,10160700.0,359538468.0,2315111091.0,0.0043888606639654335
2024-08-14,32.95,33.48,32.1,32.8,32798708.0,1114563688.0,2315111091.0,0.014167228573827432
2024-08-15,32.41,33.2,32.02,32.13,17927484.0,599626762.0,2315111091.0,0.007743681963985719
2024-08-16,32.37,32.98,32.13,32.61,16135350.0,544184937.0,2315111091.0,0.006969579154419938
2024-08-19,32.66,33.54,32.38,32.4,9530146.0,323354642.0,2315111091.0,0.004116496196250999
2024-08-20,32.43,32.83,31.89,32.1,8016247.0,266534117.0,2315111091.0,0.0034625755244157307
2024-08-21,31.83,33.94,31.76,32.96,15804648.0,538876666.0,2315111091.0,0.00682673417333648
2024-08-22,32.86,33.39,31.86,33.0,13602600.0,459487022.0,2315111091.0,0.005875571177936186
2024-08-23,33.0,33.47,32.57,33.14,8414069.0,287571013.0,2315111091.0,0.003634412634758528
2024-08-26,33.16,33.43,32.32,32.49,11359428.0,383565586.0,2315111091.0,0.004906644888083256
2024-08-27,32.4,33.04,32.13,32.22,10062236.0,338669423.0,2315111091.0,0.0043463296595644876
2024-08-28,32.13,33.0,31.99,32.52,8626199.0,289940944.0,2315111091.0,0.003726041067115254
2024-08-29,32.29,32.91,31.55,32.41,10662335.0,355810930.0,2315111091.0,0.004605539250988799
2024-08-30,32.47,35.31,32.32,34.64,34284197.0,1225443231.0,2315111091.0,0.014808877696314402
2024-09-02,34.5,34.74,33.19,33.97,18908660.0,664377598.0,2315111091.0,0.008167495751503011
2024-09-03,33.84,34.61,32.95,33.89,14079061.0,493068172.0,2315111091.0,0.00608137598870844
2024-09-04,33.38,33.68,32.37,33.04,13728400.0,466787521.0,2315111091.0,0.005929909823061704
2024-09-05,33.0,33.74,32.59,33.08,8951121.0,306458650.0,2315111091.0,0.0038663894077469994
2024-09-06,33.38,33.64,32.42,32.47,7436892.0,253247225.0,2315111091.0,0.003212326194155838
2024-09-09,31.95,32.88,31.91,32.26,12774900.0,425383392.0,2315111091.0,0.005518050537472027
2024-09-10,32.26,32.78,31.45,32.28,9554070.0,317081178.0,2315111091.0,0.004126830041608573
2024-09-11,32.22,32.88,31.53,31.76,11440259.0,378580609.0,2315111091.0,0.0049415594113276185
2024-09-12,31.87,32.39,31.02,31.25,10042612.0,325752415.0,2315111091.0,0.004337853176480679
2024-09-13,31.18,33.38,31.08,32.66,17642106.0,595294051.0,2315111091.0,0.007620414445157181
2024-09-18,32.13,32.65,30.39,30.58,19308960.0,616122769.0,2315111091.0,0.008340403220849155
2024-09-19,30.67,31.29,30.36,31.08,15206120.0,485641410.0,2315111091.0,0.006568203167059166
2024-09-20,31.19,32.1,30.99,31.15,8859860.0,287636052.0,2315111091.0,0.0038269697011269685
2024-09-23,31.15,31.95,30.59,30.62,11041198.0,353849658.0,2315111091.0,0.004769187121483148
2024-09-24,30.78,32.51,30.19,31.89,15025996.0,487021823.0,2315111091.0,0.006490399557245264
2024-09-25,32.17,32.89,30.8,30.96,25910608.0,848799614.0,2315111091.0,0.011191950183612161
2024-09-26,30.77,31.24,28.89,29.72,60188266.0,1831907402.0,2315111091.0,0.025998003393436293
2024-09-27,29.99,32.21,29.76,31.47,39331267.0,1262249680.0,2315111091.0,0.0169889329081876
2024-09-30,32.71,34.61,31.6,34.61,39491341.0,1371476635.0,2315111091.0,0.017058076026469176
2024-10-08,38.08,38.08,33.87,36.77,59310611.0,2203472044.0,2315111091.0,0.025618904954742838
2024-10-09,36.22,36.43,34.01,34.03,33111679.0,1204778583.0,2315111091.0,0.014302414743172254
2024-10-10,34.19,36.29,33.89,34.72,30236069.0,1096268397.0,2315111091.0,0.013060310201762149
2024-10-11,34.39,35.01,32.9,34.04,21333318.0,750663352.0,2315111091.0,0.00921481395987144
2024-10-14,33.98,34.84,33.21,34.8,26512718.0,934220072.0,2314963913.0,0.01145275649918954
2024-10-15,34.79,35.18,33.3,33.32,23971862.0,844276933.0,2305494013.0,0.010397711668228045
2024-10-16,32.42,32.77,30.69,31.59,38020635.0,1238758765.0,2305494013.0,0.01649131803666063
2024-10-17,31.79,32.71,31.59,31.66,16788838.0,556711247.0,2305494013.0,0.0072821000207906415
2024-10-18,31.65,34.44,31.35,33.81,37512781.0,1300907464.0,2305494013.0,0.016271038132598264
2024-10-21,34.11,37.09,33.84,35.08,45768774.0,1684847853.0,2305494013.0,0.01985204634751745
2024-10-22,35.11,37.11,34.4,35.67,25628099.0,947765914.0,2305494013.0,0.01111609869966728
2024-10-23,35.32,37.18,34.77,35.84,22798946.0,851404346.0,2305494013.0,0.00988896343752943
2024-10-24,35.48,36.38,35.19,36.18,15375241.0,569757272.0,2305494013.0,0.006668957244435923
2024-10-25,36.24,36.76,35.09,35.23,19256200.0,705932773.0,2305494013.0,0.008352309696498873
2024-10-28,35.2,35.54,34.16,35.09,17614045.0,635592754.0,2305494013.0,0.007640030683523619
2024-10-29,34.93,36.77,34.74,36.14,25886889.0,967043362.0,2305494013.0,0.011228347961014636
2024-10-30,36.02,36.53,35.03,35.43,15713000.0,578723514.0,2305494013.0,0.006815459034549226
2024-10-31,35.81,37.71,35.81,36.32,27907401.0,1059146344.0,2305494013.0,0.012104738005233762
2024-11-01,35.8,37.62,35.35,35.47,24924438.0,938468157.0,2305494013.0,0.01081088819118959
2024-11-04,34.86,36.93,34.84,36.09,16004425.0,600913009.0,2305494013.0,0.0069418636135057275
2024-11-05,36.36,37.31,35.13,36.85,28330331.0,1065004916.0,2305494013.0,0.012288182420016548
2024-11-06,36.86,37.0,34.94,35.0,41464091.0,1520893577.0,2305494013.0,0.017984905085936566
2024-11-07,34.65,34.65,32.96,34.32,37443230.0,1303271866.0,2305494013.0,0.016240870628537175
2024-11-08,34.33,35.25,33.85,33.93,21518637.0,764339549.0,2305494013.0,0.009333633867042274
2024-11-11,33.87,34.57,33.29,33.88,36490949.0,1272844786.0,2305494013.0,0.015827822060798385
2024-11-12,33.84,34.3,33.16,33.42,35043207.0,1215838229.0,2305494013.0,0.01519986900959261
2024-11-13,33.14,34.52,33.02,34.3,27292449.0,954289822.0,2305494013.0,0.011838004716605613
2024-11-14,34.19,34.19,33.0,33.14,15971990.0,555149051.0,2305494013.0,0.006927795045200145
2024-11-15,33.16,33.53,32.45,32.48,13424310.0,457785551.0,2305494013.0,0.005822747716673424
2024-11-18,32.32,32.67,31.48,31.71,13861443.0,459191894.0,2305494013.0,0.006012352633248846
2024-11-19,31.89,32.12,30.96,31.78,15425668.0,501966500.0,2305494013.0,0.006690829780090173
2024-11-20,31.74,31.93,31.19,31.72,15461157.0,503505541.0,2305494013.0,0.006706223010261185
2024-11-21,31.67,31.69,30.69,31.1,22839777.0,733804558.0,2305494013.0,0.009906673741598652
2024-11-22,31.11,31.5,30.13,30.13,20646354.0,657911089.0,2305494013.0,0.008955284153236272
2024-11-25,30.22,30.34,29.04,29.38,20025101.0,612747797.0,2305494013.0,0.00868581782779932
2024-11-26,29.32,31.21,29.29,30.65,21732307.0,688475457.0,2305494013.0,0.009426312485505465
2024-11-27,30.75,33.04,30.66,32.88,33054787.0,1096713931.0,2305494013.0,0.014337398758623452
2024-11-28,32.8,32.8,31.9,31.98,17390321.0,578471695.0,2305494013.0,0.007542991177570236
2024-11-29,31.97,32.78,31.73,32.48,15263970.0,509773157.0,2305494013.0,0.0066206938356512665
2024-12-02,32.91,34.4,32.8,33.96,26327607.0,924895692.0,2305494013.0,0.011419507858856452
2024-12-03,33.82,34.19,33.2,34.04,17264162.0,602754285.0,2305494013.0,0.007488270150628233
2024-12-04,33.77,34.06,32.56,32.89,18864797.0,648394417.0,2305494013.0,0.008182540008183487
2024-12-05,32.83,33.38,32.15,32.39,11445020.0,385071716.0,2305494013.0,0.004964237571411989
2024-12-06,32.42,34.01,32.4,33.84,19886308.0,691396336.0,2305494013.0,0.008625616847351145
2024-12-09,33.62,33.91,33.1,33.66,9849549.0,340648084.0,2305494013.0,0.004272207580874772
2024-12-10,34.65,35.23,33.38,34.7,24432471.0,874135423.0,2305494013.0,0.010597499218055875
2024-12-11,34.57,35.22,34.17,34.93,14009708.0,503129189.0,2305494013.0,0.006076662060713839
2024-12-12,34.93,35.66,34.6,35.18,11747235.0,425509700.0,2305494013.0,0.005095322275295798
2024-12-13,34.97,35.51,34.74,34.8,11897115.0,430742838.0,2305494013.0,0.0051603322033870755
2024-12-16,34.69,35.53,34.43,34.63,12186008.0,439474396.0,2305494013.0,0.005285638536160449
2024-12-17,34.43,36.09,34.35,35.23,13430960.0,491888595.0,2305494013.0,0.005825632131016945
2024-12-18,35.51,35.51,34.86,35.06,8634052.0,313582827.0,2305494013.0,0.003744989989700745
2024-12-19,34.77,37.59,34.65,37.17,21729893.0,820458155.0,2305494013.0,0.00942526542141144
2024-12-20,36.81,37.35,35.8,36.14,20486174.0,771834185.0,2305494013.0,0.00888580663601142
2024-12-23,36.19,36.97,35.72,35.92,11979589.0,446967563.0,2305494013.0,0.00519610501369799
2024-12-24,35.98,36.66,35.61,36.45,9779378.0,365245461.0,2305494013.0,0.00424177115397263
2024-12-25,36.52,36.97,36.01,36.34,8269400.0,312034344.0,2305494013.0,0.0035868234544836355
2024-12-26,36.19,37.52,35.72,37.45,18015778.0,682236619.0,2305494013.0,0.007814280973368115
2024-12-27,36.97,37.06,35.85,35.89,16402499.0,618626125.0,2305494013.0,0.00711452682484151
2024-12-30,35.84,37.03,35.84,36.2,11092216.0,418190993.0,2305494013.0,0.0048112100649380435
2024-12-31,36.18,36.63,35.28,35.3,11246297.0,415282119.0,2305494013.0,0.004878042162150694
2025-01-02,35.3,35.77,34.19,34.45,11567125.0,416832512.0,2305494013.0,0.005017200189970738
2025-01-03,34.7,35.02,33.93,33.94,11341918.0,403805501.0,2305494013.0,0.0049195174379314255
2025-01-06,34.15,34.55,33.29,33.58,7656275.0,267502627.0,2305494013.0,0.0033208826207435484
2025-01-07,33.84,36.35,33.66,36.26,19310167.0,712402466.0,2305494013.0,0.008375717694826215
2025-01-08,36.22,36.51,35.57,36.27,12588413.0,469597431.0,2305494013.0,0.0054601803036649224
2025-01-09,36.24,37.74,36.0,36.8,14434952.0,552181579.0,2305494013.0,0.006261110164938867
2025-01-10,36.29,36.57,35.78,35.85,9706057.0,362349736.0,2305494013.0,0.0042099684255393465
2025-01-13,35.05,35.9,34.06,34.3,11999645.0,430033152.0,2305494013.0,0.005204804233859444
2025-01-14,34.16,36.12,33.55,35.81,13797359.0,500181197.0,2305494013.0,0.0059845564214006915
2025-01-15,35.63,36.58,35.33,35.76,9727823.0,360088897.0,2305494013.0,0.004219409352246277
2025-01-16,35.91,36.35,34.69,35.4,8826426.0,323318915.0,2305494013.0,0.0038284315423203832
2025-01-17,35.13,36.08,34.84,35.79,9436278.0,347592985.0,2305494013.0,0.004092952723707637
2025-01-20,36.08,38.35,35.91,37.84,18796789.0,731724987.0,2305494013.0,0.008153041774999396
2025-01-21,37.84,39.27,37.35,38.74,19101164.0,758652131.0,2305494013.0,0.008285063371361702
2025-01-22,38.71,39.18,37.83,38.57,14356920.0,571282457.0,2305494013.0,0.00622726405666012
2025-01-23,38.68,39.62,38.22,38.66,15567500.0,624783575.0,2305494013.0,0.006752348916206012
2025-01-24,38.56,40.55,38.41,40.05,17695238.0,724218904.0,2305494013.0,0.007675247864545202
2025-01-27,39.67,39.93,39.01,39.18,10271750.0,418922282.0,2305494013.0,0.004455335794446064
2025-02-05,39.18,39.43,37.2,38.51,14043698.0,556455012.0,2305494013.0,0.006091405104854636
2025-02-06,38.59,39.07,37.28,38.63,15209644.0,601610796.0,2305494013.0,0.0065971301223240264
2025-02-07,38.81,39.97,38.2,38.72,14483025.0,584806516.0,2305494013.0,0.006281961661290161
2025-02-10,39.03,41.01,38.71,40.98,17785899.0,739101432.0,2305494013.0,0.007714571757597533
2025-02-11,40.76,41.41,40.56,41.09,11028810.0,467477725.0,2305494013.0,0.004783707933228972
2025-02-12,40.89,42.37,40.66,40.97,12005937.0,511550935.0,2305494013.0,0.005207533366949585
2025-02-13,40.98,41.38,39.24,39.34,10620166.0,439560747.0,2305494013.0,0.004606460021199804
2025-02-14,39.34,40.29,39.24,39.67,9624366.0,394514382.0,2305494013.0,0.004174535238751886
2025-02-17,39.83,40.82,39.39,39.8,11063517.0,457990007.0,2305494013.0,0.004798761973623047
2025-02-18,39.8,40.57,39.35,39.47,7102720.0,293828434.0,2305494013.0,0.003080780067070163
2025-02-19,39.38,39.77,38.95,39.53,11859016.0,482249189.0,2305494013.0,0.0051438068948045455
2025-02-20,39.57,41.04,39.48,40.82,11477241.0,479670976.0,2305494013.0,0.004978213317962756
2025-02-21,40.84,41.76,40.45,41.34,12934689.0,551698313.0,2305494013.0,0.0056103763128705205
2025-02-24,41.12,41.49,40.13,40.65,9533165.0,401005975.0,2305494013.0,0.004134977122579932
2025-02-25,41.37,43.22,40.65,42.23,20642056.0,896019165.0,2305494013.0,0.00895341991070267
2025-02-26,42.23,43.0,41.22,41.51,11958785.0,518924070.0,2305494013.0,0.005187081351141205
2025-02-27,41.51,41.71,39.58,40.18,12768750.0,530475043.0,2305494013.0,0.005538400849449528
2025-02-28,39.67,40.0,38.52,38.75,13759014.0,553577090.0,2305494013.0,0.005967924411174778
2025-03-03,38.64,38.71,36.82,37.14,14707543.0,567947712.0,2305494013.0,0.006379345561978694
2025-03-04,36.76,37.84,36.59,37.7,8077916.0,312764852.0,2305494013.0,0.00350376793626486
2025-03-05,37.7,38.69,37.45,38.13,7051105.0,277905489.0,2305494013.0,0.003058392240552741
2025-03-06,38.17,38.78,37.84,38.06,9137813.0,360803420.0,2305494013.0,0.003963494569265663
2025-03-07,37.85,38.7,37.5,37.77,7825672.0,307632264.0,2305494013.0,0.0033943579796231723
2025-03-10,37.6,38.3,37.14,37.66,8010087.0,310530780.0,2305494013.0,0.0034743473437074592
2025-03-11,36.92,37.91,36.58,37.04,10896861.0,416413058.0,2305494013.0,0.004726475513948776
2025-03-12,37.13,37.33,35.95,37.04,15404048.0,585074854.0,2305494013.0,0.0066814521803748445
2025-03-13,37.04,37.04,35.9,36.2,14853091.0,558474134.0,2305494013.0,0.006442476500154763
2025-03-14,36.11,37.52,36.0,36.98,11829926.0,453238122.0,2305494013.0,0.005131189208601081
2025-03-17,37.3,37.3,35.86,36.04,17124292.0,640102770.0,2305494013.0,0.007427602025180362
2025-03-18,36.2,37.15,35.56,36.5,17422674.0,655096747.0,2305494013.0,0.007557024178661356
2025-03-19,36.41,36.72,35.8,36.23,10861057.0,406819286.0,2305494013.0,0.0047109456536246486
2025-03-20,36.09,36.22,35.32,35.47,11067919.0,408061307.0,2305494013.0,0.004800671325794504
2025-03-21,35.33,35.68,34.93,35.07,7724784.0,281169434.0,2305494013.0,0.0033505981609330687
2025-03-24,35.09,36.24,35.09,35.85,13305959.0,492812151.0,2305494013.0,0.005771413382542581
2025-03-25,35.9,36.25,35.23,35.51,9471910.0,349144828.0,2305494013.0,0.004108407979630698
2025-03-26,35.61,36.0,35.04,35.09,8266669.0,301705446.0,2305494013.0,0.0035856388927434616
2025-03-27,34.95,35.46,34.86,35.14,7050171.0,256198719.0,2305494013.0,0.0030579871213050943
2025-03-28,35.14,35.82,34.72,35.18,7520862.0,273699116.0,2305494013.0,0.003262147703525613
2025-03-31,35.03,35.64,34.79,35.11,9236038.0,336062742.0,2305494013.0,0.004006099320978805
2025-04-01,35.23,35.35,34.85,35.1,7774214.0,281952623.0,2305494013.0,0.003372038251309048
2025-04-02,35.1,36.02,34.97,35.89,10105365.0,372230200.0,2305494013.0,0.004383166880078122
2025-04-03,35.45,35.72,32.3,32.3,38094476.0,1308527415.0,2305494013.0,0.016523346313283182
2025-04-07,29.07,29.07,29.07,29.07,3908100.0,117399324.0,2305494013.0,0.0016951247663031775
2025-04-08,27.12,27.95,26.17,26.17,31200142.0,854923107.0,2305494013.0,0.013532952948076035
2025-04-09,24.97,25.38,23.88,25.16,57251261.0,1454053839.0,2305494013.0,0.024832535099712706
2025-04-10,27.67,27.68,26.61,27.05,44928677.0,1265100499.0,2305494013.0,0.019487657199134093
2025-04-11,26.7,29.32,26.15,28.93,42928534.0,1245148612.0,2305494013.0,0.0186201021377365
2025-04-14,30.74,30.77,28.27,28.57,39036453.0,1173822807.0,2305494013.0,0.016931925556902323
2025-04-15,28.31,28.73,27.43,27.89,23602827.0,678480954.0,2305494013.0,0.010237644022023318
2025-04-16,27.66,27.77,26.44,26.75,22847448.0,634810251.0,2305494013.0,0.00991000101113687
2025-04-17,26.63,27.39,26.62,26.89,13589901.0,380501109.0,2305494013.0,0.005894572236306215
2025-04-18,26.89,27.47,26.89,27.35,9573800.0,269136175.0,2305494013.0,0.00415260241233166
2025-04-21,27.11,27.99,26.83,27.89,11358600.0,322552891.0,2305494013.0,0.004926753197341744
2025-04-22,27.89,27.95,27.37,27.42,9904929.0,282085706.0,2305494013.0,0.004296228463031797
2025-04-23,28.19,29.02,28.03,28.5,19155611.0,563596854.0,2305494013.0,0.0083086795680176
2025-04-24,28.5,28.8,28.04,28.29,11073220.0,325141295.0,2305494013.0,0.004802970616085482
2025-04-25,28.37,30.0,28.37,29.07,21192250.0,644799637.0,2305494013.0,0.009192064642329653
2025-04-28,29.07,29.76,28.58,28.64,14098137.0,423067870.0,2305494013.0,0.00611501783153839
2025-04-29,28.59,29.01,28.38,28.74,8576111.0,254753866.0,2305494013.0,0.003719858282711576
2025-04-30,27.95,27.95,26.8,27.65,35296829.0,993345224.0,2305494013.0,0.015309876668935856
2025-05-06,27.65,28.16,27.43,28.16,27406523.0,789576149.0,2305494013.0,0.011887483916879727
2025-05-07,28.84,29.08,28.06,28.36,24122234.0,711548885.0,2305494013.0,0.01046293499960609
2025-05-08,28.34,29.78,28.18,29.21,28711014.0,866981592.0,2305494013.0,0.012453302345660873
2025-05-09,29.21,29.21,28.32,28.38,15284092.0,451693106.0,2305494013.0,0.006629421683082896
2025-05-12,29.42,29.97,29.09,29.82,23952951.0,729834325.0,2305494013.0,0.010389509087829499
2025-05-13,30.68,31.26,28.84,28.85,37021123.0,1127225561.0,2305494013.0,0.016057783187138557
2025-05-14,28.86,29.4,28.66,29.0,19818402.0,593496165.0,2305494013.0,0.008596162856311871
2025-05-15,28.83,28.83,28.21,28.39,14118749.0,414654937.0,2305494013.0,0.0061239582147637524
2025-05-16,28.17,28.81,28.01,28.55,13222600.0,390877387.0,2305494013.0,0.005735256706563393
2025-05-19,28.47,28.54,27.87,28.03,10782975.0,312448307.0,2305494013.0,0.004677077858020011
2025-05-20,27.97,28.18,27.69,27.98,12093037.0,349290559.0,2305494013.0,0.005245312688651948
2025-05-21,27.98,28.16,27.48,28.15,12477723.0,359009480.0,2305494013.0,0.00541216890160712
2025-05-22,27.97,28.14,27.1,27.33,16361965.0,467781791.0,2305494013.0,0.007096945343488081
2025-05-23,27.29,27.47,26.9,26.97,14903433.0,418278460.0,2305494013.0,0.006464312167354997
2025-05-26,26.62,27.4,26.53,27.27,9833792.0,275600585.0,2305494013.0,0.004265373036993438
2025-05-27,27.15,27.32,26.69,26.69,10481983.0,290964057.0,2305494013.0,0.004546523626127499
2025-05-28,26.93,27.1,26.68,26.76,6128499.0,170034752.0,2305494013.0,0.002658215100730344
2025-05-29,27.1,28.01,27.1,27.5,18115834.0,518264235.0,2305494013.0,0.00785767991495539
2025-05-30,27.2,27.7,26.75,27.36,15652178.0,439141893.0,2305494013.0,0.006789077703842209
2025-06-03,27.11,27.32,27.0,27.07,9388411.0,263149042.0,2305494013.0,0.004072190579139014
2025-06-04,27.14,28.43,27.14,28.11,20990966.0,605817232.0,2305494013.0,0.009104758408236213
2025-06-05,28.06,28.94,27.97,28.74,18739081.0,553045967.0,2305494013.0,0.00812801113094888
2025-06-06,28.79,28.91,28.37,28.47,15799066.0,466377173.0,2305444953.0,0.00685293569011101
2025-06-09,28.68,29.2,28.55,29.01,17055471.0,510735851.0,2305444953.0,0.007397908580643521
2025-06-10,28.97,29.08,28.22,28.48,16367583.0,483563745.0,2305444953.0,0.0070995332066816
2025-06-11,28.63,29.46,28.59,28.77,17992768.0,538308559.0,2305444953.0,0.007804466541951739
2025-06-12,28.64,29.58,28.62,29.19,17766077.0,537559027.0,2305444953.0,0.007706138017687903
2025-06-13,29.03,29.35,28.85,29.11,12220974.0,367167676.0,2305444953.0,0.005300917718333394
2025-06-16,29.03,29.89,28.84,29.15,16438613.0,498024634.0,2305444953.0,0.00713034287746015
2025-06-17,29.2,30.52,29.16,29.94,31706598.0,980604414.0,2305444953.0,0.013752919131181702
2025-06-18,29.92,30.96,29.3,30.68,33078121.0,1000679726.0,2305444953.0,0.014347825115909414
2025-06-19,30.68,31.25,30.24,30.44,23930530.0,733688493.0,2305444953.0,0.010380004939549731
2025-06-20,30.5,30.9,29.89,30.2,22018172.0,665402461.0,2305444953.0,0.00955050866486683
2025-06-23,29.66,30.96,29.61,30.56,25979227.0,793979547.0,2305444953.0,0.01126863903915558
2025-06-24,30.7,31.22,30.33,30.69,23990914.0,734694170.0,2305444953.0,0.010406196846635357
2025-06-25,30.6,30.77,30.17,30.58,21100773.0,642419559.0,2305444953.0,0.009152581575431785
2025-06-26,30.61,31.36,30.43,30.73,31923228.0,988009581.0,2305444953.0,0.013846883638865179
2025-06-27,30.77,32.84,30.02,32.2,48662679.0,1534475772.0,2305444953.0,0.02110771672803415
2025-06-30,32.2,32.42,31.66,32.03,27955276.0,895134372.0,2305444953.0,0.012125761651182655
2025-07-01,32.09,34.01,31.9,33.78,42084068.0,1393308590.0,2305444953.0,0.018254206393103153
2025-07-02,33.36,33.58,32.32,32.49,29319686.0,962648276.0,2305444953.0,0.012717582331275033
2025-07-03,32.97,35.74,32.94,35.74,75033974.0,2618654888.0,2305444953.0,0.03254641751578616
2025-07-04,35.79,37.57,35.13,36.89,80872501.0,2920602676.0,2305444953.0,0.03507891216173401
2025-07-07,36.89,40.08,36.89,37.41,93978556.0,3589612935.0,2305444953.0,0.04076373885123945
2025-07-08,37.05,39.78,36.61,39.3,79297847.0,3070917752.0,2305444953.0,0.034395896938164715
2025-07-09,39.0,39.45,38.0,38.32,52845613.0,2032654824.0,2305444953.0,0.022922088393927488
2025-07-10,39.05,40.58,38.2,39.68,66977960.0,2642778918.0,2306781753.0,0.029035239208431523
2025-07-11,39.1,39.25,37.68,37.8,52363569.0,1998217290.0,2306781753.0,0.022699836658539755
2025-07-14,38.33,39.92,38.12,39.48,48507733.0,1904418415.0,2306781753.0,0.021028314853329778
2025-07-15,41.06,43.43,40.52,43.43,82525114.0,3539465472.0,2306781753.0,0.03577499860690116
2025-07-16,43.36,43.4,41.73,41.77,51941624.0,2202843647.0,2306781753.0,0.02251692165175541
2025-07-17,41.45,45.95,41.45,45.94,58452862.0,2606153180.0,2306781753.0,0.02533957186195932
2025-07-18,46.86,48.88,46.17,47.46,68587799.0,3251373833.0,2306781753.0,0.029733111470472084
2025-07-21,47.2,48.07,46.11,47.33,47680728.0,2245590243.0,2306781753.0,0.020669804561264014
2025-07-22,46.67,49.17,46.5,46.9,39306403.0,1873795163.0,2306781753.0,0.01703949797109393
2025-07-23,46.01,46.43,44.74,45.0,42965091.0,1948701846.0,2306781753.0,0.018625555254251223
2025-07-24,45.38,46.17,44.05,44.99,36582163.0,1642715617.0,2306781753.0,0.015858527991399453
2025-07-25,44.46,45.0,43.96,44.77,19284090.0,857904195.0,2306781753.0,0.008359737532569255
2025-07-28,44.93,49.25,44.6,49.25,60063164.0,2858585423.0,2306781753.0,0.0260376448365291
2025-07-29,49.64,53.98,49.57,53.36,60253604.0,3135447065.0,2306781753.0,0.026120201411182223
2025-07-30,53.91,54.5,52.3,54.1,39241817.0,2104038240.0,2306781753.0,0.01701149965702889
2025-07-31,55.12,55.98,52.59,53.0,48825040.0,2644457054.0,2306781753.0,0.021165868828510712
2025-08-01,53.68,53.99,50.57,51.5,39362975.0,2037735008.0,2306781753.0,0.01706402218103552
2025-08-04,50.6,50.7,49.09,49.61,40178446.0,1995748823.0,2306781753.0,0.01741753243355051
2025-08-05,50.2,50.89,48.15,48.7,31969089.0,1568191278.0,2306781753.0,0.013858740194395841
2025-08-06,48.16,49.1,47.86,48.37,29603969.0,1433489298.0,2306781753.0,0.012833450308638712
2025-08-07,48.76,50.7,48.0,48.52,46231262.0,2282606477.0,2306781753.0,0.020041454697600082
2025-08-08,48.0,51.0,47.77,50.11,38802960.0,1930674450.0,2306781753.0,0.01682125322412328
2025-08-11,50.17,52.55,50.07,51.63,41555157.0,2146930905.0,2306781753.0,0.01801434268584662
2025-08-12,51.5,52.45,50.47,51.84,36973286.0,1903204051.0,2306781753.0,0.01602808152609832
2025-08-13,53.47,57.0,53.47,56.9,51886964.0,2882704614.0,2306781753.0,0.02249322630219366
2025-08-14,55.02,55.21,52.29,52.45,41946676.0,2245320104.0,2306781753.0,0.018184067888281065
2025-08-15,52.2,53.66,51.67,52.13,33217304.0,1740996817.0,2306781753.0,0.014399846867524619
2025-08-18,52.0,53.79,50.6,52.4,42324691.0,2215522922.0,2306781753.0,0.018347939047530692
2025-08-19,52.41,53.65,50.78,51.3,37250464.0,1925206984.0,2306781753.0,0.016148239403903416
2025-08-20,52.51,54.0,51.4,53.29,51623123.0,2727747602.0,2306781753.0,0.022378850072341454
2025-08-21,52.61,52.61,48.66,50.09,50566937.0,2540729376.0,2306781753.0,0.021920988812330008
2025-08-22,49.51,51.99,49.5,51.9,37104745.0,1904681086.0,2306781753.0,0.01608506957875178
2025-08-25,52.03,53.99,51.03,53.58,50382654.0,2632937712.0,2306781753.0,0.02184110132416155
2025-08-26,52.79,54.2,51.39,53.3,39086267.0,2067679017.0,2306781753.0,0.01694406805029032
2025-08-27,53.3,55.98,52.15,52.27,47435570.0,2572849904.0,2306781753.0,0.020563527493794944
2025-08-28,51.6,57.38,51.6,56.93,53691757.0,2941206217.0,2306781753.0,0.023275611977671126
2025-08-29,57.0,60.55,55.59,59.8,45779661.0,2643144632.0,2306781753.0,0.01984568368484056
2025-09-01,59.4,59.85,56.72,58.49,41679932.0,2423397312.0,2306781753.0,0.0180684331952057
2025-09-02,58.5,59.55,53.0,54.2,43838252.0,2449889542.0,2306781753.0,0.01900407437460773
2025-09-03,53.49,54.17,52.01,53.19,32532038.0,1726149960.0,2306781753.0,0.014102781053167104
2025-09-04,53.78,54.72,47.9,48.58,49100637.0,2481163917.0,2306781753.0,0.021285341335886665
2025-09-05,48.81,51.55,48.41,51.55,40547355.0,2032058203.0,2306781753.0,0.01757745610189071
2025-09-08,50.43,52.18,49.25,50.27,30049262.0,1514371085.0,2306781753.0,0.013026486775751776
2025-09-09,49.82,51.5,49.25,49.96,20786624.0,1045827569.0,2306781753.0,0.00901109260681758
2025-09-10,50.52,52.47,49.9,51.6,34214612.0,1756613485.0,2306781753.0,0.014832184256487831
2025-09-11,52.3,56.76,52.29,56.76,40826691.0,2259923156.0,2306781753.0,0.017698549482153807
2025-09-12,56.79,58.0,55.7,55.75,47577804.0,2690882997.0,2306781753.0,0.02062518655617266
2025-09-15,55.81,56.03,53.96,54.3,26727485.0,1462963469.0,2306781753.0,0.011586481887695078
2025-09-16,54.29,56.42,53.56,53.99,30922481.0,1687652847.0,2306781753.0,0.013405031039362483
2025-09-17,53.96,54.49,51.84,53.59,36069059.0,1915853304.0,2306781753.0,0.01563609515858694
2025-09-18,53.2,57.36,53.0,54.95,46605777.0,2568971994.0,2306781753.0,0.020203808591510043
2025-09-19,54.94,59.43,54.3,57.68,51970840.0,2973553555.0,2306781753.0,0.022529586915802174
2025-09-22,59.11,63.45,57.7,63.45,48495588.0,2978153374.0,2306781753.0,0.021023049942601138
2025-09-23,64.32,66.64,60.38,62.68,59845454.0,3782560472.0,2306781753.0,0.025943266597358072
2025-09-24,61.73,62.0,57.55,60.22,48391450.0,2874857353.0,2306781753.0,0.02097790566318911
2025-09-25,60.13,60.28,58.0,59.5,30146940.0,1791227895.0,2306781753.0,0.013068830616851164
2025-09-26,59.3,60.11,55.8,55.9,40826468.0,2349133993.0,2306781753.0,0.01769845281067645
2025-09-29,55.67,57.27,55.5,57.15,32340095.0,1831153400.0,2306781753.0,0.014019572921426695
2025-09-30,57.6,58.14,55.56,56.07,29672117.0,1674247557.0,2306781753.0,0.01286299276531515
2025-10-09,56.56,59.14,56.03,56.11,36909704.0,2116388648.0,2306781753.0,0.016000518450433574
2025-10-10,55.49,56.25,54.0,54.15,23673044.0,1300349958.0,2306781753.0,0.010262368327308336
2025-10-13,49.69,52.43,49.69,51.32,34807172.0,1780598876.0,2306781753.0,0.015089061613537048
2025-10-14,52.31,52.4,47.15,47.48,48760358.0,2391842016.0,2306781753.0,0.021137828898024926
2025-10-15,47.46,49.34,46.9,49.17,28486176.0,1375874651.0,2306772753.0,0.01234893032395723
2025-10-16,48.98,49.57,48.5,48.88,17921114.0,878024793.0,2309384165.0,0.00776012682151564
2025-10-17,48.68,48.77,46.6,46.75,22555833.0,1065043839.0,2309384165.0,0.009767033714808554
2025-10-20,47.33,49.3,47.33,48.21,22453605.0,1086859992.0,2309384165.0,0.009722767368156783
2025-10-21,49.66,52.0,48.82,51.96,42142270.0,2140093827.0,2309384165.0,0.018248271828779947
2025-10-22,51.0,52.78,50.67,52.05,24890508.0,1292151134.0,2309384165.0,0.010777985047801694
2025-10-23,51.32,51.88,49.35,50.03,25228967.0,1262202806.0,2309384165.0,0.010924543167117455
2025-10-24,51.0,53.03,50.76,52.84,31890717.0,1662573195.0,2309384165.0,0.013809186658210243
2025-10-27,53.7,56.63,53.25,56.47,50864613.0,2796016816.0,2309384165.0,0.022025184796397874
2025-10-28,55.5,60.0,55.06,57.9,54915804.0,3177367162.0,2309384165.0,0.02377941480342661
2025-10-29,59.05,60.34,57.43,58.55,42942103.0,2516508726.0,2309384165.0,0.018594612213425305
2025-10-30,58.0,59.02,56.72,58.14,36527048.0,2109674639.0,2309384165.0,0.01581679157309022
2025-10-31,55.2,56.01,52.55,52.55,51932754.0,2802114949.0,2309384165.0,0.02248770680386128
2025-11-03,52.33,52.58,50.1,52.17,31028865.0,1602485231.0,2309384165.0,0.01343599106214535
2025-11-04,52.51,53.78,51.38,51.8,25742657.0,1351910399.0,2309384165.0,0.011146979090852127
2025-11-05,50.1,51.65,49.68,51.09,23406534.0,1184994160.0,2309384165.0,0.010135400750875071
2025-11-06,51.5,52.58,50.4,52.05,31828439.0,1640115550.0,2309384165.0,0.013782219295679634
2025-11-07,51.06,51.33,49.58,50.2,26873154.0,1352789280.0,2309384165.0,0.011636502236084225
2025-11-10,50.58,50.8,48.31,49.11,26296086.0,1287261407.0,2309384165.0,0.011386622632358788
2025-11-11,49.75,49.81,47.66,47.92,21414613.0,1038020891.0,2309384165.0,0.00927286734037167
2025-11-12,47.65,48.06,46.23,46.8,28580478.0,1342027438.0,2309384165.0,0.012375800628216397
2025-11-13,46.86,46.95,46.02,46.68,22352162.0,1038139168.0,2309384165.0,0.009678840938965216
2025-11-14,46.01,46.02,44.58,44.58,30569239.0,1376941214.0,2309384165.0,0.013236965708561529
2025-11-17,44.57,45.55,44.19,44.39,23476622.0,1048691788.0,2309384165.0,0.010165749967372795
2025-11-18,44.08,45.28,43.77,44.51,21446358.0,958251763.0,2309384165.0,0.009286613429255934
2025-11-19,44.31,44.76,43.8,44.2,14413684.0,637365528.0,2309384165.0,0.006241353958534655
2025-11-20,45.3,45.47,43.81,43.81,17938517.0,795636949.0,2309384165.0,0.0077676625967511995
2025-11-21,42.84,43.79,42.28,42.31,23544151.0,1009197179.0,2309384165.0,0.010194991096251844
2025-11-24,42.57,43.78,42.21,42.77,25372429.0,1089448198.0,2309384165.0,0.010986664490271154
2025-11-25,43.26,45.99,43.26,45.15,41558478.0,1875654563.0,2309384165.0,0.01799548062632533
2025-11-26,44.7,45.99,44.33,45.11,31817670.0,1442708002.0,2309384165.0,0.013777556147744695
2025-11-27,44.87,46.58,44.82,44.87,27331509.0,1247291174.0,2309384165.0,0.011834977226493626
2025-11-28,44.55,45.34,44.37,45.13,17107808.0,767888398.0,2309384165.0,0.0074079524140151015
2025-12-01,45.12,49.64,44.54,49.64,64050276.0,3084092609.0,2309384165.0,0.027734786169714643
2025-12-02,50.53,51.87,49.8,50.25,69098236.0,3504988180.0,2309384165.0,0.029920632975328296
2025-12-03,50.26,50.76,48.6,48.9,38942015.0,1928597490.0,2309384165.0,0.016862510616547855
2025-12-04,48.52,49.43,47.6,48.53,27456624.0,1327197837.0,2309384165.0,0.011889154007427776
2025-12-05,48.53,49.07,47.8,48.66,28479388.0,1384411153.0,2309384165.0,0.012332027053627953
2025-12-08,48.5,50.28,48.03,49.79,38861041.0,1923162775.0,2309384165.0,0.016827447589258065
2025-12-09,49.6,53.5,49.49,52.8,58616640.0,3034780254.0,2309384165.0,0.02538193553431592
2025-12-10,52.0,52.14,50.0,51.55,35625285.0,1815080472.0,2309384165.0,0.015426313880523209
2025-12-11,51.29,53.0,50.65,50.75,32135740.0,1662613229.0,2309384165.0,0.013915285506428508
2025-12-12,50.39,50.64,48.4,49.78,38060715.0,1882856153.0,2309384165.0,0.016480893727787382
2025-12-15,48.88,48.89,47.41,47.89,32421903.0,1557516869.0,2309384165.0,0.01403919862765665
2025-12-16,47.79,49.41,47.64,48.64,32965479.0,1605632858.0,2309384165.0,0.01427457566376792
2025-12-17,48.63,51.5,48.22,51.25,35976534.0,1799534193.0,2309384165.0,0.015578410272852979
2025-12-18,50.31,50.95,49.3,49.36,24695149.0,1235212870.0,2309384165.0,0.010693391499893653
2025-12-19,49.98,50.15,48.61,48.62,18884376.0,927826437.0,2309384165.0,0.008177234557248296
2025-12-22,49.18,51.2,49.07,50.65,33968692.0,1715766710.0,2309384165.0,0.014708982816637612
2025-12-23,50.5,51.36,50.2,50.51,23001142.0,1167092893.0,2309384165.0,0.009959859580140491
2025-12-24,51.62,53.87,50.38,52.87,46141786.0,2404373919.0,2309384165.0,0.019980125740578118
2025-12-25,52.38,53.0,51.66,51.93,22143541.0,1154823224.0,2309384165.0,0.00958850473455117
2025-12-26,51.6,52.31,50.21,51.04,24577379.0,1257449530.0,2309384165.0,0.010642395220545733
2025-12-29,51.04,52.58,50.8,51.35,25147859.0,1298105345.0,2309384165.0,0.010889422115700702
2025-12-30,50.96,52.38,50.52,51.21,21088122.0,1080513863.0,2309384165.0,0.009131491555022419
2025-12-31,51.3,52.73,50.19,50.58,27408475.0,1405344785.0,2309433225.0,0.011868052604118917
2026-01-05,50.76,52.37,50.32,51.85,36606230.0,1881945432.0,2309433225.0,0.015850741906599183
2026-01-06,51.83,54.15,51.55,53.16,40992630.0,2171258125.0,2309433225.0,0.017750082382226053
2026-01-07,54.51,55.38,51.98,53.77,35611785.0,1906268003.0,2309433225.0,0.015420140584493409
2026-01-08,53.66,54.96,52.71,52.85,37961335.0,2037633281.0,2309433225.0,0.01643751141581502
2026-01-09,52.28,54.77,51.05,53.42,39908879.0,2123139905.0,2309433225.0,0.017280810966075887
2026-01-12,53.42,53.43,51.44,51.91,39833217.0,2066140322.0,2309433225.0,0.017248048815094015
2026-01-13,51.9,54.3,51.62,52.0,38432571.0,2033394417.0,2309433225.0,0.016641559748929308
2026-01-14,52.49,55.46,52.31,54.57,52083699.0,2819648524.0,2309433225.0,0.022552589283026357
2026-01-15,54.24,55.2,52.2,54.8,41822309.0,2253454520.0,2309433225.0,0.018109338926653746
2026-01-16,55.31,56.6,54.0,55.45,39763775.0,2202564218.0,2309433225.0,0.01721797996562555
2026-01-19,55.01,55.79,54.2,54.78,27590231.0,1513456889.0,2309433225.0,0.011946754165191332
2026-01-20,54.8,55.82,52.01,52.54,31864858.0,1699843483.0,2309433225.0,0.013797696185824987
2026-01-21,52.1,55.2,51.57,54.5,37275840.0,2007553274.0,2309433225.0,0.016140687505697422
2026-01-22,55.47,59.95,55.1,59.95,55185469.0,3172290618.0,2309433225.0,0.023895676394800287
2026-01-23,60.0,60.9,58.0,58.29,51651155.0,3048367878.0,2309433225.0,0.022365294844149477
2026-01-26,57.88,59.08,56.56,57.08,30933043.0,1778939044.0,2309433225.0,0.01339421407172316
2026-01-27,57.25,61.9,56.08,60.49,48163376.0,2876643632.0,2309433225.0,0.020855063259081673
2026-01-28,60.49,60.62,59.03,59.3,32066470.0,1915736271.0,2309433225.0,0.013884995527419937
2026-01-29,58.9,59.5,56.45,56.7,32650463.0,1883801903.0,2309433225.0,0.014137868394094833
2026-01-30,56.2,58.16,53.93,57.07,35344554.0,1983245914.0,2309433225.0,0.015304427777945388
2026-02-02,58.0,61.76,57.11,58.79,59922586.0,3588571098.0,2309433225.0,0.025946879672175842
2026-02-03,60.2,63.98,60.06,63.0,65929261.0,4108655413.0,2309433225.0,0.02854781003681109
2026-02-04,62.46,63.66,60.17,61.74,31290547.0,1918912011.0,2309433225.0,0.01354901568976951
2026-02-05,60.81,61.3,57.27,58.02,37915612.0,2219953869.0,2309433225.0,0.01641771305165145
2026-02-06,57.0,61.77,56.11,58.65,43242269.0,2554174847.0,2309433225.0,0.018724191083723585
2026-02-09,58.87,59.24,57.07,58.17,40892583.0,2375007050.0,2309433225.0,0.017706761363494285
2026-02-10,58.3,59.16,57.8,58.61,22248744.0,1300147496.0,2309433225.0,0.009633854644141097
2026-02-11,58.03,58.49,56.58,56.77,24419938.0,1397651423.0,2309433225.0,0.010573996137082509
2026-02-12,56.4,57.35,56.21,56.7,16477199.0,935640547.0,2309433225.0,0.007134737138805994
2026-02-13,56.01,56.24,54.66,54.66,22672783.0,1255397233.0,2309433225.0,0.009817466361254069
2026-02-24,55.61,58.9,55.5,58.46,36185732.0,2088520970.0,2309433225.0,0.015668663466119486
2026-02-25,58.43,60.46,58.12,59.24,26390332.0,1562036791.0,2309433225.0,0.011427189889848406
2026-02-26,58.95,63.3,58.91,61.97,44134648.0,2726148959.0,2309433225.0,0.019110597146622416
2026-02-27,60.25,61.0,58.74,58.99,32783928.0,1945805534.0,2309433225.0,0.014195659629864379
2026-03-02,57.26,58.88,56.85,57.48,32053766.0,1847380932.0,2309433225.0,0.013879494610631144
2026-03-03,57.99,58.28,53.5,53.53,37014364.0,2042741942.0,2309433225.0,0.01602746665255931
2026-03-04,52.8,54.59,52.5,52.66,24166854.0,1284756754.0,2309433225.0,0.010464409075954122
2026-03-05,54.0,55.4,53.3,54.94,26400107.0,1440355013.0,2309433225.0,0.011431422530088524
2026-03-06,54.22,54.61,53.1,53.2,21380342.0,1142191206.0,2309433225.0,0.0092578307822691
2026-03-09,50.97,50.97,48.38,50.37,29312249.0,1451960368.0,2309433225.0,0.012692399452250888
2026-03-10,51.46,52.77,51.26,52.5,20890095.0,1087808840.0,2309433225.0,0.009045550559271961
2026-03-11,52.8,53.82,52.5,53.12,20865855.0,1111175060.0,2309433225.0,0.009035054477489817
2026-03-12,52.53,53.85,51.82,52.33,17820719.0,938718564.0,2309433225.0,0.007716490265701447
2026-03-13,50.84,52.33,49.98,51.13,35901905.0,1826381841.0,2309433225.0,0.015545764480806757
2026-03-16,50.89,54.89,50.36,53.85,39525890.0,2092376079.0,2309433225.0,0.017114974172938037
2026-03-17,54.5,54.97,51.48,51.5,29244011.0,1544822844.0,2309433225.0,0.012662851942818135
2026-03-18,52.71,55.47,51.81,54.9,48647062.0,2615738605.0,2309433225.0,0.021064502525289512
2026-03-19,53.5,54.54,52.9,53.25,28119114.0,1504847906.0,2309433225.0,0.012175764034052121
2026-03-20,53.8,54.64,52.0,52.03,29832642.0,1591959846.0,2309433225.0,0.01291773309444788
2026-03-23,50.66,51.19,49.0,49.13,25255782.0,1261227060.0,2309433225.0,0.010935922167656525
2026-03-24,50.0,50.2,48.13,49.99,17948637.0,883575305.0,2309433225.0,0.007771879613449313
2026-03-25,50.5,52.17,50.16,51.37,22559161.0,1155776524.0,2309433225.0,0.009768267276920293
2026-03-26,51.0,52.39,50.2,50.45,18334861.0,937868432.0,2309433225.0,0.007939117183178137
2026-03-27,49.5,51.3,48.76,50.18,18647943.0,932835916.0,2309433225.0,0.008074683778744025
2026-03-30,48.71,50.81,48.0,50.65,24570279.0,1211329726.0,2309433225.0,0.01063909479348553
2026-03-31,50.65,54.56,49.87,52.17,43036663.0,2285961388.0,2309433225.0,0.018635162313471957
2026-04-01,54.25,54.35,53.04,53.61,30206547.0,1619416567.0,2309433225.0,0.013079636454957471
2026-04-02,53.58,53.98,50.62,50.95,26067250.0,1352874448.0,2309433225.0,0.01128729322754071
2026-04-03,51.52,52.59,50.7,50.87,21169017.0,1091820560.0,2309433225.0,0.009166325646847832
2026-04-07,51.5,52.28,50.01,50.93,18191922.0,929115299.0,2309433225.0,0.0078772236421774
2026-04-08,52.39,54.79,52.36,54.67,38190423.0,2055438737.0,2309433225.0,0.016536708048789765
2026-04-09,53.8,55.99,53.6,55.6,35329024.0,1951566136.0,2309433225.0,0.01529770318429536
2026-04-10,56.01,57.39,55.06,56.3,35426578.0,2002999785.0,2309433225.0,0.015339944717388398
2026-04-13,56.15,58.21,55.64,57.9,38798043.0,2210879727.0,2309433225.0,0.01679981156415553
2026-04-14,59.05,61.97,59.01,60.33,51677948.0,3136597242.0,2309433225.0,0.022376896391970803
2026-04-15,60.55,61.99,59.14,59.42,42385208.0,2554502728.0,2309433225.0,0.018353077950543473
2026-04-16,59.4,62.53,59.18,61.0,39148286.0,2388460605.0,2309433225.0,0.016951469120740654
2026-04-17,60.95,62.18,60.24,62.12,39226002.0,2405726554.0,2309433225.0,0.01698512066743129
2026-04-20,62.0,66.95,61.5,65.87,51986539.0,3389377969.0,2309433225.0,0.02251051835456295
2026-04-21,65.87,70.8,65.07,69.25,46580613.0,3195663653.0,2309433225.0,0.02016971631643517
2026-04-22,69.28,76.18,69.25,76.18,48598250.0,3584853984.0,2309433225.0,0.021043366603509396
2026-04-23,77.43,78.66,74.55,75.42,67874771.0,5177649237.0,2309433225.0,0.02939022885149667
2026-04-24,74.89,76.21,70.2,71.59,51999938.0,3763630414.0,2309433225.0,0.022516320210990298
2026-04-27,72.73,77.73,72.0,77.18,52592462.0,3985280727.0,2309433225.0,0.02277288705760263
2026-04-28,77.49,78.01,73.77,74.62,32433187.0,2436712986.0,2309433225.0,0.014043786435955514
2026-04-29,73.47,75.13,72.33,72.82,31284126.0,2293162010.0,2309433225.0,0.013546235353914596
2026-04-30,72.82,74.28,71.54,72.05,36879118.0,2680028569.0,2309433225.0,0.015968904231903048
2026-05-06,73.0,75.45,71.68,75.13,53097469.0,3915390231.0,2309433225.0,0.022991558459110675
2026-05-07,75.33,76.95,73.1,75.83,37791607.0,2861110285.0,2309433225.0,0.016364018059019655
2026-05-08,74.79,77.22,74.12,75.54,34015884.0,2562557267.0,2309433225.0,0.01472910480016152
2026-05-11,76.0,80.91,75.27,80.1,53806712.0,4220936007.0,2309433225.0,0.023298665411726725
2026-05-12,78.74,80.31,75.79,79.3,36947587.0,2889384898.0,2309433225.0,0.015998551765877535
2026-05-13,78.2,87.23,78.0,87.23,40178513.0,3373864104.0,2309433225.0,0.017397564287661964
2026-05-14,91.5,91.5,84.1,84.17,36989195.0,3211107619.0,2309433225.0,0.01601656830757685
2026-05-15,85.76,88.5,82.5,85.91,38477703.0,3292970664.0,2309433225.0,0.016661102206148436
2026-05-18,84.62,92.5,81.51,89.23,37397266.0,3298777726.0,2309433225.0,0.016193265774116505
2026-05-19,89.23,95.44,86.21,94.12,37574895.0,3417333369.0,2309433225.0,0.016270180316644574
2026-05-20,93.03,94.9,87.6,90.22,36713189.0,3324755152.0,2309433225.0,0.015897055867462893
2026-05-21,94.83,99.24,93.76,94.48,52315157.0,5097896869.0,2309433225.0,0.02265281214181891
2026-05-22,103.92,103.93,103.88,103.93,14694024.0,1527127024.0,2309433225.0,0.0063626104625735605
2026-05-25,114.32,114.32,112.27,114.32,20909951.0,2390069604.0,2309433225.0,0.009054148339794496
2026-05-26,116.0,122.97,111.92,116.0,100340311.0,11674328495.0,2309433225.0,0.04344802435238196
2026-05-27,110.2,113.2,105.18,105.91,72541910.0,7878923584.0,2309433225.0,0.031411131187826395
2026-05-28,106.92,107.73,101.5,106.0,60538375.0,6306755900.0,2309433225.0,0.026213520419062993
2026-05-29,107.99,112.99,104.0,105.01,60926759.0,6612389018.0,2309433225.0,0.02638169328320805
2026-06-01,111.62,112.92,101.99,103.34,59005389.0,6290578358.0,2309433225.0,0.02554972724963719
