date,open,high,low,close,volume,amount,outstanding_share,turnover
2015-01-05,8.17,8.8,8.16,8.68,64281336.0,827333952.0,2002986332.0,0.03209274819954188
2015-01-06,8.68,9.18,8.56,8.8,57340740.0,764406592.0,2002986332.0,0.028627624204876502
2015-01-07,8.81,8.84,8.53,8.62,26406540.0,341243968.0,2002986332.0,0.013183584719538665
2015-01-08,8.56,8.81,8.48,8.66,30159064.0,391543872.0,2002986332.0,0.015057049325886264
2015-01-09,8.55,8.82,8.4,8.5,36914260.0,480551104.0,2002986332.0,0.018429611530669198
2015-01-12,8.4,8.64,8.36,8.53,23808268.0,303719904.0,2002986332.0,0.011886385653079933
2015-01-13,8.51,9.0,8.5,8.98,47526160.0,630455168.0,2002986332.0,0.023727650678746617
2015-01-14,8.98,9.11,8.75,8.88,27553232.0,368721792.0,2002986332.0,0.013756075895179899
2015-01-15,8.91,9.04,8.82,9.0,21063944.0,282094176.0,2002986332.0,0.010516269463989533
2015-01-16,9.02,9.06,8.84,8.9,23967694.0,320623488.0,2002986332.0,0.011965979805797297
2015-01-19,8.59,8.73,8.13,8.28,35099800.0,447795488.0,2002986332.0,0.017523734155965275
2015-01-20,8.41,8.88,8.41,8.87,45274676.0,590904640.0,2002986332.0,0.022603587092275775
2015-01-21,8.88,9.26,8.8,9.25,45819656.0,628584832.0,2002986332.0,0.022875670826095283
2015-01-22,9.23,9.32,9.08,9.2,27065398.0,372982208.0,2002986332.0,0.013512522560738073
2015-01-23,9.21,9.39,9.08,9.14,21612540.0,297360672.0,2002986332.0,0.01079015850218992
2015-01-26,9.15,9.39,9.15,9.31,20311960.0,283003776.0,2002986332.0,0.010140838045419074
2015-01-27,9.31,9.46,9.02,9.44,32977898.0,459160096.0,2002986332.0,0.01646436497001518
2015-01-28,9.44,9.44,9.21,9.24,23491616.0,328532928.0,2002986332.0,0.011728295707611448
2015-01-29,9.19,9.24,9.06,9.12,17317348.0,236920496.0,2002986332.0,0.008645764438496429
2015-01-30,9.14,9.24,8.84,8.84,21500028.0,289676544.0,2002986332.0,0.01073398637649815
2015-02-02,8.76,8.92,8.65,8.75,18293034.0,240360304.0,2002986332.0,0.00913288009396162
2015-02-03,8.92,8.98,8.78,8.85,20784020.0,276313472.0,2002986332.0,0.010376516138902938
2015-02-04,8.98,8.99,8.74,8.8,15971542.0,211150064.0,2002986332.0,0.007973864696346814
2015-02-05,8.88,8.94,8.58,8.62,23643022.0,311418784.0,2002986332.0,0.011803885838997328
2015-02-06,8.63,8.67,8.33,8.38,28640778.0,362276608.0,2002986332.0,0.014299038162383227
2015-02-09,8.38,8.74,8.36,8.5,26782724.0,343580512.0,2002986332.0,0.013371396285693676
2015-02-10,8.5,8.9,8.5,8.84,23675024.0,309180224.0,2002986332.0,0.011819862982469917
2015-02-11,8.86,9.06,8.8,8.85,18660330.0,249373600.0,2002986332.0,0.00931625428585301
2015-02-12,8.9,9.19,8.88,9.08,26264676.0,356847424.0,2002986332.0,0.013112758474879098
2015-02-13,9.13,9.24,8.98,9.1,22876572.0,311309632.0,2002986332.0,0.011421232204394293
2015-02-16,9.13,9.18,8.94,9.1,25672538.0,348206400.0,2002986332.0,0.01281713089592865
2015-02-17,9.29,9.92,9.16,9.74,58942756.0,846479296.0,2002986332.0,0.029427437950185674
2015-02-25,9.86,10.14,9.69,9.78,43407208.0,642945216.0,2002986332.0,0.021671245233439766
2015-02-26,9.78,10.08,9.72,10.05,33385568.0,498560448.0,2002986332.0,0.016667896064305247
2015-02-27,10.05,10.19,9.81,9.94,26512264.0,394999392.0,2002986332.0,0.013236367905480046
2015-03-02,10.02,10.08,9.84,9.98,31544278.0,471185184.0,2002986332.0,0.015748623690558464
2015-03-03,9.99,9.99,9.62,9.66,28816992.0,421042560.0,2002986332.0,0.014387013800152082
2015-03-04,9.66,10.01,9.66,9.93,28938608.0,427371264.0,2002986332.0,0.014447731139085975
2015-03-05,9.95,10.07,9.72,9.86,20402490.0,301772096.0,2002986332.0,0.010186035558029959
2015-03-06,9.88,9.9,9.62,9.65,16086608.0,234359712.0,2002986332.0,0.008031311918108486
2015-03-09,9.63,9.86,9.46,9.86,22628170.0,326236064.0,2002986332.0,0.011297216380605836
2015-03-10,9.84,9.86,9.72,9.83,16010834.0,234849328.0,2002986332.0,0.007993481405343908
2015-03-11,9.83,9.96,9.78,9.82,17322648.0,256121264.0,2002986332.0,0.008648410487506013
2015-03-12,9.8,9.98,9.68,9.97,24986668.0,367956352.0,2002986332.0,0.012474707191361904
2015-03-13,10.0,10.18,9.86,9.97,33235580.0,500011616.0,2002986332.0,0.01659301387584306
2015-03-16,9.73,10.03,9.73,10.02,40941140.0,610750848.0,2002986332.0,0.020440049612879735
2015-03-17,10.02,10.1,9.94,10.06,33370224.0,500312992.0,2002986332.0,0.016660235502795235
2015-03-18,10.1,10.5,10.0,10.5,59970372.0,918420352.0,2002986332.0,0.029940479893399492
2015-03-19,10.54,10.57,10.34,10.43,36585052.0,572614976.0,2002986332.0,0.018265252945320647
2015-03-20,10.47,10.5,10.26,10.37,34913140.0,541658240.0,2002986332.0,0.01743054330537489
2015-03-23,10.4,10.58,10.38,10.45,38278936.0,599573376.0,2002986332.0,0.01911093220580199
2015-03-24,10.46,10.94,10.44,10.83,57183584.0,919408128.0,2002986332.0,0.028549163359942488
2015-03-25,10.88,11.47,10.83,11.22,61463816.0,1030370240.0,2002986332.0,0.03068608857586553
2015-03-26,11.21,11.32,10.96,11.12,39463120.0,656307520.0,2002986332.0,0.01970214143228612
2015-03-27,11.21,11.67,11.11,11.59,41814328.0,719687424.0,2002986332.0,0.02087599267751768
2015-03-30,11.65,11.91,11.42,11.64,54946100.0,955985792.0,2002986332.0,0.02743208933689319
2015-03-31,11.75,11.91,11.01,11.16,82158640.0,1389082624.0,2002986332.0,0.04101807320770075
2015-04-01,11.18,11.26,11.04,11.18,43776072.0,732023424.0,2002986332.0,0.02185540225643437
2015-04-02,11.18,11.38,11.11,11.22,51204880.0,859966208.0,2002986332.0,0.025564268303753957
2015-04-03,11.19,11.22,11.04,11.19,38527356.0,642655808.0,2002986332.0,0.01923495701617199
2015-04-07,11.2,11.3,11.14,11.28,68308960.0,1148434944.0,2002986332.0,0.03410355772712282
2015-04-08,11.4,11.58,11.22,11.34,66624300.0,1136582144.0,2002986332.0,0.033262483590427216
2015-04-09,11.34,11.42,10.8,11.03,57954016.0,957412672.0,2002986332.0,0.028933805026084423
2015-04-10,10.98,11.27,10.95,11.22,42437964.0,710088256.0,2002986332.0,0.021187345775657545
2015-04-13,11.49,11.55,11.21,11.42,67936352.0,1159922048.0,2002986332.0,0.033917531495167484
2015-04-14,11.46,12.25,11.38,12.11,86415576.0,1517567232.0,2002986332.0,0.04314336779009034
2015-04-15,11.97,11.97,11.18,11.21,74664560.0,1230480768.0,2002986332.0,0.037276619818691806
2015-04-16,11.14,11.38,10.58,11.29,43991220.0,706086592.0,2002986332.0,0.021962815870078537
2015-04-17,11.32,11.35,11.17,11.25,51509048.0,833625344.0,2002986332.0,0.025716125555668545
2015-04-20,11.2,11.2,10.72,10.77,63627712.0,998513088.0,2002986332.0,0.031766423456553075
2015-04-21,10.77,11.18,10.76,11.12,46775288.0,740947456.0,2002986332.0,0.02335277443121364
2015-04-22,11.21,11.59,11.21,11.57,63312392.0,1038115392.0,2002986332.0,0.03160899851811869
2015-04-23,11.62,11.68,11.31,11.47,54226808.0,893240896.0,2002986332.0,0.027072979547421095
2015-04-24,11.28,11.42,10.93,11.28,58656996.0,940598400.0,2002986332.0,0.029284770975661355
2015-04-27,11.27,11.6,11.19,11.26,63896924.0,1040414848.0,2002986332.0,0.03190082876711312
2015-04-28,11.25,11.28,10.86,10.96,51667384.0,818847488.0,2002986332.0,0.025795175520948087
2015-04-29,10.93,11.17,10.79,11.05,34449584.0,545814400.0,2002986332.0,0.017199110872415078
2015-04-30,11.06,11.16,10.87,10.89,29871976.0,472630752.0,2002986332.0,0.014913719341345959
2015-05-04,10.92,11.08,10.76,11.02,36453524.0,572253312.0,2002986332.0,0.0181995869954843
2015-05-05,11.04,11.1,10.79,10.81,39025224.0,614563264.0,2002986332.0,0.01948351987056894
2015-05-06,10.88,11.1,10.58,10.61,40470036.0,630912768.0,2002986332.0,0.020204848806726655
2015-05-07,10.58,10.85,10.53,10.66,30649774.0,468350976.0,2002986332.0,0.015302038516356685
2015-05-08,10.73,10.89,10.62,10.82,30350322.0,468354976.0,2002986332.0,0.015152535748806099
2015-05-11,10.86,11.03,10.71,11.03,47254256.0,737716992.0,2002986332.0,0.02359190137499151
2015-05-12,11.03,11.06,10.92,11.0,37219344.0,586997184.0,2002986332.0,0.018581926099733366
2015-05-13,11.03,11.44,11.0,11.31,74381824.0,1208211200.0,2002986332.0,0.03713546258986654
2015-05-14,11.32,11.37,11.03,11.14,39012964.0,624232192.0,2002986332.0,0.01947739901002979
2015-05-15,11.14,11.14,10.73,10.82,33192600.0,518785536.0,2002986332.0,0.016571555916138923
2015-05-18,10.73,10.79,10.62,10.68,28382592.0,435937408.0,2002986332.0,0.014170137632272171
2015-05-19,10.72,11.08,10.66,11.08,42375624.0,665887040.0,2002986332.0,0.021156222248250468
2015-05-20,11.12,11.31,11.01,11.08,54618224.0,874822528.0,2002986332.0,0.027268395758578746
2015-05-21,11.12,11.27,11.01,11.26,48464996.0,776474752.0,2002986332.0,0.024196368804777248
2015-05-22,11.35,11.59,11.35,11.51,62048840.0,1023781952.0,2002986332.0,0.030978164458088774
2015-05-25,11.54,11.8,11.54,11.71,73732208.0,1236850304.0,2002986332.0,0.03681113885903441
2015-05-26,11.74,11.9,11.49,11.86,85867744.0,1445260928.0,2002986332.0,0.042869860182350956
2015-05-27,12.12,12.57,11.82,12.46,110280976.0,1921900672.0,2002986332.0,0.05505827685298453
2015-05-28,12.46,12.46,11.35,11.4,86655416.0,1488807936.0,2002986332.0,0.043263108996592
2015-05-29,11.4,11.76,11.0,11.44,60509772.0,991811584.0,2002986332.0,0.030209777786940985
2015-06-01,11.44,12.02,11.34,12.01,64254448.0,1087788928.0,2002986332.0,0.03207932424373628
2015-06-02,12.02,12.05,11.71,12.03,58603832.0,1001540224.0,2002986332.0,0.02925822860782257
2015-06-03,12.02,12.02,11.59,11.77,47415336.0,802435648.0,2002986332.0,0.023672321294701676
2015-06-04,11.77,11.81,10.72,11.59,54649996.0,891399552.0,2002986332.0,0.02728425807350941
2015-06-05,11.73,12.03,11.64,11.91,72105120.0,1226127104.0,2002986332.0,0.03599880780414631
2015-06-08,11.91,12.39,11.81,12.34,91568544.0,1594605952.0,2002986332.0,0.04571601040760372
2015-06-09,12.32,12.32,11.81,11.97,62640360.0,1083636864.0,2002986332.0,0.03127348349773961
2015-06-10,11.85,11.97,11.63,11.82,51809120.0,879786752.0,2002986332.0,0.0258659378610278
2015-06-11,11.83,11.91,11.64,11.76,43192776.0,727566016.0,2002986332.0,0.021564189086039156
2015-06-12,11.76,11.9,11.71,11.88,59480920.0,1007957760.0,2002986332.0,0.029696118765127948
2015-06-15,11.91,12.27,11.87,11.97,97650072.0,1692545920.0,2002986332.0,0.04875224081159631
2015-06-16,11.83,11.83,11.33,11.38,57694160.0,957335488.0,2002986332.0,0.028804070740908082
2015-06-17,11.38,11.56,11.07,11.51,44410640.0,720814016.0,2002986332.0,0.022172213205097397
2015-06-18,11.43,11.49,11.0,11.0,46341436.0,747994304.0,2002986332.0,0.023136171854816232
2015-06-19,10.92,11.22,10.65,10.67,48928032.0,766341440.0,2002986332.0,0.024427541625381397
2015-06-23,10.81,10.82,10.09,10.78,50791328.0,768272128.0,2002986332.0,0.025357800594317786
2015-06-24,10.82,11.01,10.66,10.94,48511848.0,756068544.0,2002986332.0,0.024219759878021975
2015-06-25,10.87,10.94,10.42,10.47,49629896.0,760100672.0,2002986332.0,0.024777950406902727
2015-06-26,10.27,10.33,9.43,9.46,68488592.0,966020608.0,2002986332.0,0.034193239816875595
2015-06-29,9.78,9.85,8.74,9.22,64657704.0,863099392.0,2002986332.0,0.032280651628530437
2015-06-30,9.18,9.98,9.17,9.94,58075880.0,801198016.0,2002986332.0,0.028994646180141782
2015-07-01,9.83,10.13,9.51,9.54,43852156.0,622935680.0,2002986332.0,0.02189338753810328
2015-07-02,9.68,9.74,9.08,9.29,44504676.0,603615936.0,2002986332.0,0.022219161104090848
2015-07-03,9.4,9.63,8.63,9.1,54848152.0,723933184.0,2002986332.0,0.027383188354177947
2015-07-06,9.99,10.0,8.83,9.49,58562264.0,792132352.0,2002986332.0,0.02923747559551495
2015-07-07,9.29,9.63,8.98,9.55,81351072.0,1096635648.0,2002986332.0,0.04061489122532864
2015-07-08,8.91,9.37,8.6,8.6,77249160.0,971693184.0,2002986332.0,0.03856699307721487
2015-07-09,8.6,9.46,8.14,9.46,62586924.0,815856704.0,2002986332.0,0.03124680533266864
2015-07-10,9.76,10.41,9.61,10.41,75001976.0,1107031168.0,2002986332.0,0.0374450762852235
2015-07-13,10.44,11.12,10.17,10.78,87460944.0,1341143040.0,2002986332.0,0.04366527249972268
2015-07-14,10.44,10.55,10.2,10.3,54749308.0,814751872.0,2002986332.0,0.027333840039403725
2015-07-15,10.16,10.16,9.75,9.84,37767512.0,538814208.0,2002986332.0,0.018855601456994865
2015-07-16,9.84,10.22,9.84,9.93,25299208.0,363240800.0,2002986332.0,0.012630744202202573
2015-07-17,9.93,10.35,9.93,10.22,31755200.0,463517632.0,2002986332.0,0.015853927454558388
2015-07-20,10.08,10.27,9.93,10.02,32858612.0,475462592.0,2002986332.0,0.016404810894136444
2015-07-21,9.95,10.09,9.88,9.98,19385328.0,278192352.0,2002986332.0,0.009678212821673913
2015-07-22,9.97,9.97,9.67,9.81,23421940.0,330088128.0,2002986332.0,0.011693509648971484
2015-07-23,9.78,10.07,9.77,10.02,31756752.0,453412032.0,2002986332.0,0.01585470229758912
2015-07-24,10.03,10.1,9.78,9.82,29107712.0,416296992.0,2002986332.0,0.014532157077145747
2015-07-27,9.68,9.74,8.84,8.84,36992420.0,497083968.0,2002986332.0,0.01846863326474262
2015-07-28,8.66,9.19,8.66,9.13,40230268.0,514684096.0,2002986332.0,0.02008514354655117
2015-07-29,9.13,9.36,8.94,9.31,22366188.0,292136320.0,2002986332.0,0.011166420680298482
2015-07-30,9.2,9.36,9.06,9.08,20261814.0,269384864.0,2002986332.0,0.010115802427752164
2015-07-31,9.01,9.25,8.93,9.24,15136760.0,197737712.0,2002986332.0,0.007557096001192283
2015-08-03,9.12,9.56,9.08,9.55,22066792.0,294184768.0,2002986332.0,0.01101694587100158
2015-08-04,9.5,9.72,9.33,9.7,22809112.0,314207840.0,2002986332.0,0.011387552493793054
2015-08-05,9.68,9.68,9.3,9.31,22139958.0,301051648.0,2002986332.0,0.01105347432795163
2015-08-06,9.29,9.33,9.12,9.17,10674072.0,141304576.0,2002986332.0,0.005329078800723439
2015-08-07,9.2,9.4,9.18,9.29,18960112.0,252856544.0,2002986332.0,0.009465921807398534
2015-08-10,9.3,9.66,9.29,9.59,33428962.0,456566336.0,2002986332.0,0.01668956071538485
2015-08-11,9.55,9.86,9.47,9.61,32505452.0,449868192.0,2002986332.0,0.016228494164282695
2015-08-12,9.54,9.66,9.4,9.41,17981212.0,245818384.0,2002986332.0,0.008977201547873568
2015-08-13,9.42,9.55,9.29,9.49,21602556.0,292148160.0,2002986332.0,0.010785173944961299
2015-08-14,9.53,9.77,9.47,9.56,33225318.0,458975552.0,2002986332.0,0.016587890525855072
2015-08-17,9.49,9.6,9.42,9.56,21458780.0,293266592.0,2002986332.0,0.01071339312564016
2015-08-18,9.56,9.66,8.99,9.06,30947128.0,416615264.0,2002986332.0,0.015450493847903101
2015-08-19,8.92,9.69,8.81,9.58,30855006.0,407244224.0,2002986332.0,0.015404501522080281
2015-08-20,9.61,9.88,9.46,9.47,44089768.0,613190016.0,2002986332.0,0.02201201640551185
2015-08-21,9.3,9.3,8.81,8.91,28834810.0,375582048.0,2002986332.0,0.014395909517369587
2015-08-24,8.65,8.65,8.02,8.02,45944704.0,536573440.0,2002986332.0,0.022938101606576514
2015-08-25,7.82,8.23,7.36,7.45,40528356.0,452102240.0,2002986332.0,0.020233965330922688
2015-08-26,7.66,8.05,7.41,7.78,35807312.0,398533376.0,2002986332.0,0.01787696272707267
2015-08-27,7.94,8.14,7.73,8.12,24613418.0,280482816.0,2002986332.0,0.012288360437998237
2015-08-28,8.35,8.51,8.11,8.37,32521768.0,386458080.0,2002986332.0,0.016236640001195974
2015-08-31,8.27,8.47,7.98,8.46,29012914.0,343151136.0,2002986332.0,0.014484828746200351
2015-09-01,8.3,8.58,8.07,8.53,37895688.0,456841536.0,2002986332.0,0.018919593905646282
2015-09-02,8.24,8.88,8.15,8.74,43059968.0,532053664.0,2002986332.0,0.021497884090404266
2015-09-07,8.69,9.0,8.29,8.37,26137924.0,323637088.0,2002986332.0,0.013049476964678558
2015-09-08,8.28,8.64,8.26,8.57,15660230.0,190804336.0,2002986332.0,0.007818440770069119
2015-09-09,8.55,8.76,8.55,8.69,17099260.0,212920560.0,2002986332.0,0.008536883016533735
2015-09-10,8.56,8.67,8.48,8.58,9991117.0,123312112.0,2002986332.0,0.0049881104231119635
2015-09-11,8.53,8.62,8.44,8.48,5968589.0,73124928.0,2002986332.0,0.0029798450966164658
2015-09-14,8.49,8.54,8.08,8.49,20303072.0,242954256.0,2002986332.0,0.010136400671155453
2015-09-15,8.4,8.45,8.16,8.24,10227220.0,121602384.0,2002986332.0,0.005105985915434594
2015-09-16,8.23,8.88,8.17,8.65,16584275.0,201924336.0,2002986332.0,0.008279774422344885
2015-09-17,8.55,8.69,8.37,8.39,17335408.0,212501600.0,2002986332.0,0.00865478097531022
2015-09-18,8.45,8.58,8.35,8.42,7674654.0,93073632.0,2002986332.0,0.0038316057765290833
2015-09-21,8.36,8.56,8.35,8.52,8318676.0,101196720.0,2002986332.0,0.004153136677519775
2015-09-22,8.53,8.6,8.46,8.49,8460349.0,103699264.0,2002986332.0,0.00422386756456409
2015-09-23,8.4,8.44,8.26,8.29,10611725.0,127179088.0,2002986332.0,0.005297951778534653
2015-09-24,8.27,8.4,8.26,8.32,5083432.0,60861968.0,2002986332.0,0.002537926454507629
2015-09-25,8.32,8.37,8.11,8.14,5691125.0,67277152.0,2002986332.0,0.002841319937673943
2015-09-28,8.14,8.24,8.1,8.2,4489496.0,52724712.0,2002986332.0,0.0022414012159120414
2015-09-29,8.11,8.19,8.08,8.12,5803235.0,67775400.0,2002986332.0,0.002897291363044608
2015-09-30,8.2,8.34,8.2,8.25,9286082.0,110656424.0,2002986332.0,0.004636118505475653
2015-10-08,8.83,8.87,8.67,8.71,22260138.0,279739072.0,2002986332.0,0.011113474737380285
2015-10-09,8.82,8.82,8.67,8.73,9347273.0,117152976.0,2002986332.0,0.004666668389427632
2015-10-12,8.74,9.08,8.7,9.0,21759364.0,279742240.0,2002986332.0,0.010863461049318833
2015-10-13,8.92,9.01,8.85,8.99,16224622.0,207744464.0,2002986332.0,0.008100216032827127
2015-10-14,8.93,9.05,8.84,8.85,10983722.0,140955840.0,2002986332.0,0.005483672965972092
2015-10-15,8.77,9.01,8.74,8.99,11227026.0,144271984.0,2002986332.0,0.005605143590166046
2015-10-16,9.03,9.29,9.01,9.2,20942740.0,275257568.0,2002986332.0,0.010455757817922044
2015-10-19,9.24,9.28,9.0,9.05,12987216.0,170005504.0,2002986332.0,0.006483926421520883
2015-10-20,9.12,9.12,8.91,9.06,9659630.0,125062816.0,2002986332.0,0.0048226140366892925
2015-10-21,9.05,9.11,8.76,8.78,16194816.0,208259152.0,2002986332.0,0.00808533525230266
2015-10-22,8.91,9.05,8.8,9.01,10817638.0,138475200.0,2002986332.0,0.005400754776593253
2015-10-23,9.03,9.15,9.0,9.11,11627139.0,151486384.0,2002986332.0,0.005804901817972066
2015-10-26,9.19,9.26,9.09,9.14,14258875.0,187930864.0,2002986332.0,0.007118807938026409
2015-10-27,9.14,9.4,9.05,9.35,18980874.0,251447968.0,2002986332.0,0.009476287329952683
2015-10-28,9.32,9.61,9.25,9.42,29617012.0,403522688.0,2002986332.0,0.01478642740933092
2015-10-29,9.41,9.49,9.33,9.38,8045641.0,108488056.0,2002986332.0,0.0040168227168911105
2015-10-30,9.38,9.43,9.24,9.35,9703256.0,130346160.0,2002986332.0,0.004844394514819885
2015-11-02,9.26,9.42,9.18,9.26,6206808.0,83074792.0,2002986332.0,0.0030987770115248094
2015-11-03,9.26,9.41,9.26,9.33,6824339.0,91448208.0,2002986332.0,0.003407082160758349
2015-11-04,9.36,9.72,9.35,9.66,19914428.0,274064000.0,2002986332.0,0.009942368393555268
2015-11-05,9.66,10.07,9.54,9.68,28236812.0,397612832.0,2002986332.0,0.014097356306872692
2015-11-06,9.68,9.87,9.68,9.8,10723681.0,150873184.0,2002986332.0,0.005353846318707681
2015-11-09,9.77,10.34,9.77,10.14,29781828.0,432822656.0,2002986332.0,0.014868712543965577
2015-11-10,10.11,10.34,9.85,9.95,22816702.0,329195776.0,2002986332.0,0.01139134183567659
2015-11-11,9.93,9.94,9.77,9.85,11510710.0,162410960.0,2002986332.0,0.005746774112285855
2015-11-12,9.88,9.89,9.75,9.86,7460846.0,105096528.0,2002986332.0,0.0037248611639552616
2015-11-13,9.84,9.91,9.71,9.84,8614433.0,121312960.0,2002986332.0,0.004300794699581605
2015-11-16,9.84,9.98,9.73,9.95,10535038.0,149769936.0,2002986332.0,0.005259665446384084
2015-11-17,9.99,10.03,9.86,9.87,12019796.0,171693152.0,2002986332.0,0.006000937604001584
2015-11-18,9.87,9.88,9.74,9.77,7393951.0,104255240.0,2002986332.0,0.0036914635321635336
2015-11-19,9.88,10.16,9.88,10.14,23760126.0,343024352.0,2002986332.0,0.011862350541491363
2015-11-20,10.08,10.23,9.95,10.02,14191660.0,204360720.0,2002986332.0,0.007085250544785046
2015-11-23,10.01,10.07,9.89,9.9,8940204.0,128249072.0,2002986332.0,0.004463437347110165
2015-11-24,9.86,9.96,9.75,9.84,9912462.0,139830512.0,2002986332.0,0.004948841558046139
2015-11-25,9.84,9.88,9.79,9.88,6564694.0,92780616.0,2002986332.0,0.003277453218287862
2015-11-26,9.91,9.98,9.84,9.97,9848547.0,140306048.0,2002986332.0,0.004916931704754139
2015-11-27,9.96,9.96,9.54,9.63,13968686.0,195360576.0,2002986332.0,0.006973929765188233
2015-11-30,9.61,9.79,9.55,9.75,11531679.0,160206128.0,2002986332.0,0.005757242980527737
2015-12-01,9.7,10.26,9.61,10.2,17995512.0,258782224.0,2002986332.0,0.008984340887654145
2015-12-02,10.16,10.71,10.03,10.43,27409020.0,411330112.0,2002986332.0,0.013684077400883633
2015-12-03,10.45,10.49,10.24,10.43,12167054.0,181016399.0,2002986332.0,0.006074456827596565
2015-12-04,10.43,10.69,10.24,10.51,18767008.0,283892160.0,2002986332.0,0.009369513760616116
2015-12-07,10.46,10.66,10.36,10.45,9411610.0,141998743.0,2002986332.0,0.004698788928131338
2015-12-08,10.44,10.44,10.2,10.2,8692101.0,128288048.0,2002986332.0,0.004339570800426211
2015-12-09,10.3,10.69,10.29,10.47,15241629.0,230564984.0,2002986332.0,0.00760945232451042
2015-12-10,10.45,10.79,10.44,10.57,12055925.0,184235920.0,2002986332.0,0.006018975170919938
2015-12-11,10.49,10.56,10.43,10.45,11157770.0,167583760.0,2002986332.0,0.005570567218428728
2015-12-14,10.37,10.52,10.2,10.45,10696746.0,159576144.0,2002986332.0,0.00534039889793916
2015-12-15,10.41,10.5,10.4,10.49,8452462.0,126923960.0,2002986332.0,0.00421992994408511
2015-12-16,10.5,10.53,10.39,10.39,6592774.0,98964720.0,2002986332.0,0.003291472285493359
2015-12-17,10.43,10.75,10.43,10.71,14109898.0,215111104.0,2002986332.0,0.007044430495894168
2015-12-18,10.65,10.67,10.5,10.53,8960350.0,135804288.0,2002986332.0,0.004473495328873767
2015-12-21,10.55,11.2,10.55,11.06,23556854.0,373174016.0,2002986332.0,0.011760866074646784
2015-12-22,11.03,11.24,10.94,11.03,12117025.0,192467061.0,2002986332.0,0.006049479622709677
2015-12-23,11.03,11.35,11.01,11.05,13801590.0,221821856.0,2002986332.0,0.006890506330224923
2015-12-24,11.03,11.24,10.88,10.99,11202962.0,177484928.0,2002986332.0,0.005593129529153472
2015-12-25,11.05,11.11,10.78,10.94,9530540.0,149357007.0,2002986332.0,0.004758165269397355
2015-12-28,11.03,11.05,10.51,10.54,13153777.0,202891149.0,2002986332.0,0.006567082755310584
2015-12-29,10.58,10.69,10.5,10.61,8654087.0,131385256.0,2002986332.0,0.004320592138718598
2015-12-30,10.64,10.68,10.52,10.64,5970437.0,90914646.0,2002986332.0,0.0029807677189881096
2015-12-31,10.68,10.7,10.51,10.57,5530860.0,84029567.0,2002986332.0,0.002761306910405817
2016-01-04,10.61,10.62,9.95,10.03,9771257.0,145614570.0,2002986332.0,0.004878344322121915
2016-01-05,9.88,10.33,9.71,10.0,19522211.0,281593126.0,2002986332.0,0.009746552279519
2016-01-06,10.1,10.3,10.0,10.25,11690641.0,171079092.0,2002986332.0,0.00583660547914313
2016-01-07,10.1,10.13,9.54,9.65,3031700.0,42782088.0,2002986332.0,0.0015135899589353763
2016-01-08,9.95,10.34,9.66,10.18,16770911.0,242975550.0,2002986332.0,0.00837295329082655
2016-01-11,10.09,10.18,9.74,9.84,11920624.0,170843733.0,2002986332.0,0.005951425533741486
2016-01-12,9.88,10.09,9.82,9.93,7632838.0,109389661.0,2002986332.0,0.003810728949097991
2016-01-13,10.07,10.12,9.69,9.73,7383948.0,105468677.0,2002986332.0,0.0036864694890988404
2016-01-14,9.54,10.0,9.5,9.91,9746848.0,137311494.0,2002986332.0,0.004866158018296453
2016-01-15,9.95,9.98,9.63,9.7,8111174.0,113889119.0,2002986332.0,0.0040495403640128285
2016-01-18,9.54,9.88,9.52,9.76,6037714.0,84746190.0,2002986332.0,0.0030143560660103397
2016-01-19,9.76,10.06,9.68,10.02,10652007.0,150496974.0,2002986332.0,0.005318062749516556
2016-01-20,9.95,9.96,9.68,9.82,8797016.0,123948961.0,2002986332.0,0.004391950089452732
2016-01-21,9.68,9.91,9.63,9.68,8534281.0,119680104.0,2002986332.0,0.004260778450484204
2016-01-22,9.71,9.84,9.67,9.75,4799074.0,67058247.0,2002986332.0,0.002395959434834526
2016-01-25,9.78,9.8,9.66,9.69,5793717.0,80824740.0,2002986332.0,0.0028925394584270185
2016-01-26,9.66,9.66,9.13,9.29,10279063.0,138175062.0,2002986332.0,0.005131868768039102
2016-01-27,9.26,9.34,8.91,9.1,8241257.0,107377131.0,2002986332.0,0.004114484891053166
2016-01-28,9.09,9.24,8.69,8.72,10495593.0,135063864.0,2002986332.0,0.005239972351443884
2016-01-29,8.76,9.01,8.72,8.98,8573413.0,109705990.0,2002986332.0,0.00428031527875648
2016-02-01,9.05,9.24,8.98,9.09,9715514.0,126929290.0,2002986332.0,0.004850514376849977
2016-02-02,9.04,9.33,8.97,9.23,9555248.0,126214761.0,2002986332.0,0.00477050085032732
2016-02-03,9.11,9.33,9.04,9.23,4942885.0,64842041.0,2002986332.0,0.002467757728064217
2016-02-04,9.2,9.36,9.2,9.33,5442946.0,72662895.0,2002986332.0,0.002717415447645701
2016-02-05,9.4,9.4,9.27,9.31,3110483.0,41679599.0,2002986332.0,0.0015529227285810555
2016-02-15,9.06,9.24,9.06,9.19,5377531.0,70693496.0,2002986332.0,0.002684756712558536
2016-02-16,9.23,9.53,9.23,9.52,7447823.0,100894425.0,2002986332.0,0.003718359372209635
2016-02-17,9.47,9.71,9.47,9.58,6866187.0,94773865.0,2002986332.0,0.0034279749643344047
2016-02-18,9.62,9.77,9.62,9.71,8618239.0,120072836.0,2002986332.0,0.004302694862323204
2016-02-19,9.66,9.82,9.61,9.7,5612998.0,78466178.0,2002986332.0,0.002802314679000016
2016-02-22,9.79,9.89,9.66,9.82,8683562.0,122033082.0,2002986332.0,0.004335307665993599
2016-02-23,9.84,9.85,9.54,9.68,7148022.0,99120107.0,2002986332.0,0.003568682364828039
2016-02-24,9.62,9.71,9.4,9.61,6809623.0,93321997.0,2002986332.0,0.003399735131093246
2016-02-25,9.59,9.59,9.14,9.2,7757994.0,104399970.0,2002986332.0,0.003873213649068475
2016-02-26,9.29,9.36,9.16,9.28,5295727.0,70577933.0,2002986332.0,0.0026439156949773935
2016-02-29,9.33,9.34,8.85,9.13,11583504.0,149536233.0,2002986332.0,0.005783116846550703
2016-03-01,9.13,9.26,8.95,9.2,6372138.0,83666348.0,2002986332.0,0.0031813187629879443
2016-03-02,9.24,9.7,9.19,9.69,13191219.0,180342148.0,2002986332.0,0.0065857758434269735
2016-03-03,9.66,9.71,9.47,9.63,12163773.0,167090661.0,2002986332.0,0.006072818773483273
2016-03-04,9.61,9.9,9.51,9.83,17866897.0,249871774.0,2002986332.0,0.00892012926626401
2016-03-07,9.83,9.98,9.7,9.78,6754561.0,95269345.0,2002986332.0,0.003372245178156313
2016-03-08,9.88,9.99,9.61,9.9,11431573.0,161193793.0,2002986332.0,0.005707264606536516
2016-03-09,9.75,9.79,9.54,9.78,11268586.0,155995844.0,2002986332.0,0.00562589260843743
2016-03-10,9.71,9.75,9.6,9.63,4249372.0,59051854.0,2002986332.0,0.0021215182211238373
2016-03-11,9.63,9.69,9.48,9.68,5535915.0,76138820.0,2002986332.0,0.0027638306420555243
2016-03-14,9.7,9.94,9.69,9.81,12931126.0,182891671.0,2002986332.0,0.006455923234926997
2016-03-15,9.75,9.83,9.66,9.8,6531767.0,91393372.0,2002986332.0,0.0032610142643749204
2016-03-16,9.77,10.09,9.73,10.04,20340613.0,292377064.0,2002986332.0,0.010155143185470323
2016-03-17,10.02,10.2,9.95,10.07,15147227.0,219070831.0,2002986332.0,0.007562321698358948
2016-03-18,10.09,10.19,9.89,9.95,29196099.0,419884985.0,2002986332.0,0.014576284687298605
2016-03-21,10.16,10.16,9.95,10.02,28593285.0,412269331.0,2002986332.0,0.014275327066984698
2016-03-22,9.99,10.41,9.9,10.39,30057351.0,438180963.0,2002986332.0,0.015006268649865156
2016-03-23,10.34,10.39,10.21,10.28,15343339.0,226623878.0,2002986332.0,0.007660231502767938
2016-03-24,10.21,10.39,10.17,10.26,12641227.0,186774223.0,2002986332.0,0.006311189845902553
2016-03-25,10.23,10.3,10.19,10.29,8058110.0,118613805.0,2002986332.0,0.004023047921627056
2016-03-28,10.32,10.33,10.08,10.16,9488049.0,139504252.0,2002986332.0,0.004736951445158438
2016-03-29,10.16,10.2,9.97,10.07,10316443.0,149270830.0,2002986332.0,0.005150530902374625
2016-03-30,10.13,10.37,10.13,10.36,12665145.0,187439462.0,2002986332.0,0.006323131015753731
2016-03-31,10.41,10.53,10.35,10.37,15140515.0,226770066.0,2002986332.0,0.007558970701952848
2016-04-01,10.39,10.43,10.25,10.42,9204081.0,136897767.0,2002986332.0,0.004595179134752079
2016-04-05,10.38,10.5,10.34,10.48,10068097.0,151054059.0,2002986332.0,0.005026543036839854
2016-04-06,10.44,10.56,10.39,10.51,10535303.0,158725168.0,2002986332.0,0.005259797748834564
2016-04-07,10.55,10.62,10.48,10.49,13464680.0,203870497.0,2002986332.0,0.006722302486485464
2016-04-08,10.42,10.48,10.35,10.37,6741989.0,100792917.0,2002986332.0,0.0033659685502037662
2016-04-11,10.43,10.48,10.25,10.38,29699445.0,440850912.0,2002986332.0,0.0148275824580115
2016-04-12,10.32,10.36,10.25,10.35,10967429.0,162396743.0,2002986332.0,0.005475538611913004
2016-04-13,10.37,10.47,10.3,10.34,27417065.0,408933674.0,2002986332.0,0.01368809390357837
2016-04-14,10.37,10.39,10.22,10.33,16436170.0,242786007.0,2002986332.0,0.0082058323301629
2016-04-15,10.3,10.34,10.28,10.32,6712392.0,99441725.0,2002986332.0,0.003351192113876092
2016-04-18,10.32,10.32,10.22,10.26,6081284.0,89617292.0,2002986332.0,0.003036108585887245
2016-04-19,10.2,10.27,10.16,10.21,9332859.0,136905968.0,2002986332.0,0.004659472134630622
2016-04-20,10.22,10.24,9.9,10.15,12435225.0,179877657.0,2002986332.0,0.006208342414190772
2016-04-21,10.08,10.11,10.01,10.03,5194528.0,75067739.0,2002986332.0,0.0025933916357847617
2016-04-22,10.02,10.04,9.94,10.0,6863108.0,98473416.0,2002986332.0,0.003426437759636195
2016-04-25,9.99,10.09,9.99,10.05,6312777.0,91102431.0,2002986332.0,0.003151682514826067
2016-04-26,10.06,10.09,9.92,10.01,6579295.0,94352860.0,2002986332.0,0.0032847428336820026
2016-04-27,10.0,10.06,9.95,9.97,6845708.0,98360685.0,2002986332.0,0.003417750730812276
2016-04-28,9.95,9.99,9.87,9.93,4763506.0,67920825.0,2002986332.0,0.002378201949707563
2016-04-29,9.92,10.0,9.88,9.99,6597199.0,94295602.0,2002986332.0,0.003293681486789097
2016-05-03,10.0,10.14,9.93,10.07,13563201.0,196085875.0,2002986332.0,0.006771489542046461
2016-05-04,10.05,10.08,9.94,9.98,9870046.0,141641349.0,2002986332.0,0.0049276651778969805
2016-05-05,9.99,10.03,9.97,10.01,6313857.0,90736564.0,2002986332.0,0.003152221709718586
2016-05-06,10.01,10.04,9.82,9.83,8812034.0,125571340.0,2002986332.0,0.004399447893985929
2016-05-09,9.84,9.84,9.63,9.66,7578208.0,105379714.0,2002986332.0,0.003783454674118066
2016-05-10,9.66,9.7,9.63,9.69,3632524.0,50468669.0,2002986332.0,0.0018135540627343633
2016-05-11,9.72,9.9,9.56,9.83,12246572.0,172398826.0,2002986332.0,0.006114156549321875
2016-05-12,9.75,9.82,9.66,9.81,5508041.0,77065278.0,2002986332.0,0.00274991442128323
2016-05-13,9.78,9.84,9.7,9.75,5073260.0,71106732.0,2002986332.0,0.0025328480374273467
2016-05-16,9.72,9.77,9.69,9.75,4530643.0,63366467.0,2002986332.0,0.00226194404206249
2016-05-17,9.75,9.78,9.62,9.69,6382718.0,88724334.0,2002986332.0,0.003186600875916511
2016-05-18,9.61,9.67,9.5,9.61,8281430.0,113790099.0,2002986332.0,0.004134541443291287
2016-05-19,9.6,9.64,9.54,9.59,4524623.0,62348127.0,2002986332.0,0.002258938529791226
2016-05-20,9.54,9.55,9.45,9.52,8184205.0,111659396.0,2002986332.0,0.0040860014216013135
2016-05-23,9.53,9.67,9.52,9.65,7022691.0,97174060.0,2002986332.0,0.003506110295314786
2016-05-24,9.66,9.72,9.56,9.68,10895284.0,151442846.0,2002986332.0,0.005439519893838197
2016-05-25,9.7,9.95,9.7,9.89,14566841.0,205881601.0,2002986332.0,0.007272561358646355
2016-05-26,9.92,9.98,9.8,9.9,10713524.0,152610896.0,2002986332.0,0.005348775390445351
2016-05-27,9.93,9.96,9.87,9.93,5369056.0,76550844.0,2002986332.0,0.002680525530415851
2016-05-30,9.88,10.15,9.88,10.09,10028651.0,144977145.0,2002986332.0,0.0050068494426451235
2016-05-31,10.04,10.31,10.04,10.22,19070112.0,280074350.0,2002986332.0,0.009520839805710666
2016-06-01,10.23,10.33,10.22,10.23,10658421.0,157034074.0,2002986332.0,0.005321264968072683
2016-06-02,10.24,10.34,10.19,10.33,10700927.0,157940254.0,2002986332.0,0.005342486281129551
2016-06-03,10.27,10.32,10.21,10.27,14202100.0,209205482.0,2002986332.0,0.007090462762079397
2016-06-06,10.28,10.41,10.26,10.32,12959220.0,192256765.0,2002986332.0,0.006469949291695916
2016-06-07,10.34,10.37,10.27,10.29,15075844.0,223361065.0,2002986332.0,0.007526683412236085
2016-06-08,10.13,10.27,9.95,10.23,15714769.0,216689107.0,2002986332.0,0.007845669612886805
2016-06-13,10.12,10.21,10.0,10.0,8932610.0,122843306.0,2002986332.0,0.004459646008208507
2016-06-14,10.05,10.07,9.95,10.0,7492862.0,102258717.0,2002986332.0,0.0037408452969912727
2016-06-15,9.93,10.26,9.91,10.24,11925473.0,164994252.0,2002986332.0,0.00595384641895799
2016-06-16,10.19,10.26,10.04,10.11,6072439.0,84101297.0,2002986332.0,0.0030316926795684197
2016-06-17,10.14,10.21,10.05,10.19,9316541.0,129331462.0,2002986332.0,0.004651325299208283
2016-06-20,10.2,10.23,10.12,10.19,5914563.0,82122074.0,2002986332.0,0.002952872371372727
2016-06-21,10.22,10.27,10.19,10.27,7692736.0,107483898.0,2002986332.0,0.0038406332969425374
2016-06-22,10.25,10.35,10.24,10.35,5786702.0,81543248.0,2002986332.0,0.0028890371878982947
2016-06-23,10.35,10.35,10.2,10.25,4050532.0,56695739.0,2002986332.0,0.0020222464503567065
2016-06-24,10.24,10.32,10.01,10.09,7968672.0,109761874.0,2002986332.0,0.003978395594963051
2016-06-27,10.05,10.22,10.04,10.15,5513107.0,76119941.0,2002986332.0,0.002752443644732769
2016-06-28,10.12,10.15,10.06,10.13,5447833.0,75044353.0,2002986332.0,0.0027198553045343497
2016-06-29,10.17,10.17,10.1,10.12,5757070.0,79448562.0,2002986332.0,0.0028742432776620664
2016-06-30,10.16,10.33,10.15,10.27,9005654.0,125971719.0,2002986332.0,0.004496113556105884
2016-07-01,10.32,10.32,10.21,10.22,4343880.0,60716761.0,2002986332.0,0.002168701768255501
2016-07-04,10.23,10.55,10.2,10.51,13761275.0,195706626.0,2002986332.0,0.006870378883843527
2016-07-05,10.52,10.53,10.38,10.44,7773105.0,110825064.0,2002986332.0,0.0038807578842729716
2016-07-06,10.42,10.5,10.38,10.42,5723815.0,81409832.0,2002986332.0,0.002857640568263249
2016-07-07,10.49,10.49,10.37,10.45,6674594.0,94849676.0,2002986332.0,0.0033323212911469833
2016-07-08,10.44,10.67,10.36,10.63,14575290.0,210293953.0,2002986332.0,0.007276779560171257
2016-07-11,10.64,11.01,10.64,10.97,23493562.0,349349091.0,2002986332.0,0.011729267256927044
2016-07-12,10.93,11.21,10.88,11.21,19244559.0,290899793.0,2002986332.0,0.009607933260724816
2016-07-13,11.19,11.31,11.19,11.26,20301292.0,311240168.0,2002986332.0,0.010135511998091857
2016-07-14,11.37,11.43,11.16,11.17,12859927.0,197767327.0,2002986332.0,0.006420376811637674
2016-07-15,11.21,11.35,11.13,11.29,9895480.0,151435220.0,2002986332.0,0.004940363217615805
2016-07-18,11.29,11.57,11.26,11.51,13429450.0,209664132.0,2002986332.0,0.006704713749389679
2016-07-19,11.53,11.58,11.15,11.26,10126729.0,156157050.0,2002986332.0,0.005055815328449281
2016-07-20,11.29,11.43,11.18,11.36,6380932.0,98684255.0,2002986332.0,0.0031857092073257344
2016-07-21,11.36,11.57,11.34,11.37,11374842.0,177664798.0,2002986332.0,0.0056789413977888295
2016-07-22,11.36,11.37,11.23,11.28,7198377.0,110805000.0,2002986332.0,0.003593822326691743
2016-07-25,11.31,11.56,11.28,11.53,9819114.0,153733155.0,2002986332.0,0.004902237146169403
2016-07-26,11.47,11.65,11.44,11.62,7683608.0,121209720.0,2002986332.0,0.0038360761015916907
2016-07-27,11.51,11.74,11.38,11.56,14657121.0,231813998.0,2002986332.0,0.007317634057624713
2016-07-28,11.51,12.31,11.43,12.12,32171179.0,526051641.0,2002986332.0,0.016061606854739136
2016-07-29,12.09,12.39,11.98,12.05,16264232.0,270382151.0,2002986332.0,0.008119991504764796
2016-08-01,12.05,12.05,11.67,11.74,13812819.0,223201735.0,2002986332.0,0.006896112459343532
2016-08-02,11.74,11.92,11.7,11.84,6909421.0,111164229.0,2002986332.0,0.003449559734689193
2016-08-03,11.79,12.31,11.73,12.13,14294329.0,235608089.0,2002986332.0,0.007136508508136939
2016-08-04,12.1,12.22,12.02,12.1,5165533.0,85228081.0,2002986332.0,0.0025789157506842138
2016-08-05,12.15,12.15,11.98,12.03,7829184.0,128412070.0,2002986332.0,0.003908755579067027
2016-08-08,12.06,12.28,11.96,12.2,12382732.0,205969606.0,2002986332.0,0.006182135046141693
2016-08-09,12.22,12.24,12.16,12.23,9726308.0,161693889.0,2002986332.0,0.004855903330247987
2016-08-10,12.25,12.38,11.92,12.04,11145797.0,183518815.0,2002986332.0,0.0055645896439397175
2016-08-11,12.0,12.06,11.81,11.87,10717567.0,173799141.0,2002986332.0,0.005350793876510586
2016-08-12,11.91,12.04,11.81,12.0,7710464.0,124939718.0,2002986332.0,0.003849484081252333
2016-08-15,11.95,12.42,11.95,12.39,17913114.0,300747358.0,2002986332.0,0.008943203312882116
2016-08-16,12.44,12.56,11.87,12.16,38758733.0,639559744.0,2002986332.0,0.01935047303158532
2016-08-17,12.1,12.87,12.0,12.75,29647283.0,509956615.0,2002986332.0,0.014801540343211888
2016-08-18,12.63,12.68,12.44,12.58,9900206.0,169460911.0,2002986332.0,0.004942722694525107
2016-08-19,12.64,12.64,12.33,12.45,8159201.0,138624308.0,2002986332.0,0.0040735180613304355
2016-08-22,12.48,12.68,12.46,12.53,7799544.0,133424698.0,2002986332.0,0.003893957674794558
2016-08-23,12.52,12.58,12.36,12.39,5789847.0,98341733.0,2002986332.0,0.0028906073433954916
2016-08-24,12.42,12.45,12.28,12.36,5802688.0,97606343.0,2002986332.0,0.0028970182708166377
2016-08-25,12.43,12.6,12.28,12.33,12646694.0,214152030.0,2002986332.0,0.006313919270418666
2016-08-26,12.33,12.53,12.33,12.47,8417743.0,143010290.0,2002986332.0,0.004202596326054211
2016-08-29,12.59,12.75,12.29,12.39,11016743.0,187480912.0,2002986332.0,0.005500158849810863
2016-08-30,12.36,12.38,12.14,12.2,11478487.0,191531196.0,2002986332.0,0.00573068663356211
2016-08-31,12.14,12.18,11.94,12.08,11968609.0,196242854.0,2002986332.0,0.005975382262368828
2016-09-01,12.05,12.11,11.93,11.98,9304907.0,152255553.0,2002986332.0,0.004645516972004979
2016-09-02,11.95,11.96,11.8,11.95,11097425.0,179740062.0,2002986332.0,0.005540439703809222
2016-09-05,11.96,12.06,11.93,12.0,7070141.0,115562160.0,2002986332.0,0.0035297999227685193
2016-09-06,11.96,12.29,11.96,12.25,10139433.0,168189292.0,2002986332.0,0.005062157857999802
2016-09-07,12.27,12.44,12.26,12.31,11698983.0,197377560.0,2002986332.0,0.00584077026043331
2016-09-08,12.28,12.45,12.25,12.33,4014965.0,67620844.0,2002986332.0,0.002004489464484274
2016-09-09,12.28,12.37,12.11,12.14,9661734.0,161016173.0,2002986332.0,0.004823664468220645
2016-09-12,11.99,11.99,11.73,11.89,10934768.0,176623534.0,2002986332.0,0.005459232459705072
2016-09-13,11.89,11.93,11.8,11.87,4240713.0,68675847.0,2002986332.0,0.0021171951761476122
2016-09-14,11.74,11.81,11.65,11.76,11528246.0,184188752.0,2002986332.0,0.005755529039725869
2016-09-19,11.97,12.06,11.89,11.92,8214091.0,134140416.0,2002986332.0,0.0041009221424881896
2016-09-20,11.88,11.95,11.83,11.87,3459052.0,56149756.0,2002986332.0,0.0017269473808870703
2016-09-21,11.87,11.98,11.87,11.89,5091566.0,82668330.0,2002986332.0,0.0025419873908555457
2016-09-22,11.95,12.07,11.92,12.06,6963268.0,114082560.0,2002986332.0,0.003476443093372042
2016-09-23,12.08,12.09,11.94,11.99,3151138.0,51524814.0,2002986332.0,0.0015732199215026895
2016-09-26,11.92,12.03,11.81,11.86,5908693.0,96107035.0,2002986332.0,0.0029499417472809795
2016-09-27,11.84,12.08,11.84,12.07,4683617.0,76459461.0,2002986332.0,0.0023383170045515817
2016-09-28,12.1,12.16,12.0,12.11,3550629.0,58518074.0,2002986332.0,0.0017726676129909808
2016-09-29,12.11,12.37,12.11,12.33,7120868.0,119312154.0,2002986332.0,0.0035551256073174243
2016-09-30,12.32,12.44,12.28,12.39,4271933.0,72259520.0,2002986332.0,0.0021327819025776557
2016-10-10,12.91,13.63,12.75,13.49,28598369.0,517634428.0,2002986332.0,0.014277865277015779
2016-10-11,13.49,13.69,13.29,13.45,18170795.0,332525274.0,2002986332.0,0.009071851719455468
2016-10-12,13.38,13.38,13.11,13.3,11490594.0,206928474.0,2002986332.0,0.005736731108158156
2016-10-13,13.3,13.34,13.06,13.11,13180959.0,236453205.0,2002986332.0,0.006580653491948042
2016-10-14,13.02,13.05,12.86,12.97,13431806.0,237078266.0,2002986332.0,0.006705889993062619
2016-10-17,13.02,13.16,12.88,12.95,11681960.0,207530914.0,2002986332.0,0.005832271450567242
2016-10-18,13.03,13.16,12.91,13.14,11539350.0,204943570.0,2002986332.0,0.005761072762028213
2016-10-19,13.17,13.24,12.97,13.05,9562908.0,170757769.0,2002986332.0,0.004774325140027965
2016-10-20,13.02,13.07,12.86,12.97,8184740.0,144375589.0,2002986332.0,0.004086268522774922
2016-10-21,12.97,13.04,12.91,13.02,4516181.0,79941558.0,2002986332.0,0.002254723823048035
2016-10-24,13.14,13.41,13.14,13.25,17765117.0,322048660.0,2002986332.0,0.008869315140189384
2016-10-25,13.33,13.49,13.24,13.28,12230585.0,222409884.0,2002986332.0,0.006106174967149002
2016-10-26,13.28,13.29,12.91,13.0,13054527.0,233068476.0,2002986332.0,0.0065175317431971375
2016-10-27,13.04,13.04,12.83,12.93,9838115.0,173088953.0,2002986332.0,0.004911723481496029
2016-10-28,12.91,12.97,12.8,12.82,9550972.0,167786468.0,2002986332.0,0.004768366037956569
2016-10-31,12.83,13.02,12.59,13.01,7611328.0,133961346.0,2002986332.0,0.0037999899841553186
2016-11-01,13.03,13.24,12.95,13.24,10007655.0,179298334.0,2002986332.0,0.004996367094530928
2016-11-02,13.2,13.2,12.94,12.98,7252745.0,128971066.0,2002986332.0,0.0036209657969847792
2016-11-03,12.99,13.13,12.9,13.04,6867579.0,121980577.0,2002986332.0,0.0034286699266403184
2016-11-04,13.01,13.03,12.84,12.88,8589600.0,151149168.0,2002986332.0,0.004288396711835375
2016-11-07,12.89,13.03,12.89,12.97,6118584.0,108139573.0,2002986332.0,0.003054730779860359
2016-11-08,13.04,13.08,12.96,12.99,5452271.0,96669389.0,2002986332.0,0.002722070996138979
2016-11-09,12.99,13.0,12.64,12.75,9385911.0,163969077.0,2002986332.0,0.004685958585962034
2016-11-10,12.88,13.23,12.87,13.05,12427679.0,221689689.0,2002986332.0,0.00620457503950656
2016-11-11,13.11,13.12,12.93,12.97,8465952.0,149750978.0,2002986332.0,0.004226664887696298
2016-11-14,12.92,13.17,12.91,13.04,10611059.0,188149198.0,2002986332.0,0.005297619275017599
2016-11-15,13.05,13.24,12.97,13.19,11685458.0,209116687.0,2002986332.0,0.005834017842913568
2016-11-16,13.19,13.29,13.15,13.21,8446764.0,152236396.0,2002986332.0,0.004217085191772542
2016-11-17,13.21,13.54,13.21,13.5,13587616.0,248273835.0,2002986332.0,0.006783678841399104
2016-11-18,13.54,13.61,13.24,13.28,14345329.0,261225243.0,2002986332.0,0.007161970489172565
2016-11-21,13.27,13.41,13.12,13.19,13304534.0,240532196.0,2002986332.0,0.0066423488705064215
2016-11-22,13.19,13.27,13.02,13.11,16324501.0,291727491.0,2002986332.0,0.008150081076040013
2016-11-23,13.16,13.21,13.02,13.15,11341121.0,203112835.0,2002986332.0,0.00566210603577898
2016-11-24,13.18,13.4,13.09,13.39,19401641.0,349824550.0,2002986332.0,0.009686357160823602
2016-11-25,13.42,13.52,13.2,13.5,16607923.0,303381343.0,2002986332.0,0.008291580793472933
2016-11-28,13.54,14.01,13.54,13.75,28583579.0,538405134.0,2002986332.0,0.014270481302515448
2016-11-29,13.75,14.58,13.65,14.23,37972415.0,735282164.0,2002986332.0,0.018957900207978055
2016-11-30,14.21,14.27,13.71,13.85,19054538.0,361503587.0,2002986332.0,0.009513064415658728
2016-12-01,13.91,14.49,13.82,14.31,20313790.0,394111805.0,2002986332.0,0.010141751681209175
2016-12-02,14.3,14.31,13.68,13.7,22160148.0,420452705.0,2002986332.0,0.011063554276914557
2016-12-05,13.49,13.67,13.14,13.21,23014818.0,419628593.0,2002986332.0,0.01149025214616392
2016-12-06,13.21,13.58,13.21,13.41,13346392.0,244526022.0,2002986332.0,0.006663246666627778
2016-12-07,13.35,13.46,13.31,13.44,10689603.0,194834366.0,2002986332.0,0.0053368327228305815
2016-12-08,13.48,13.74,13.48,13.64,12750101.0,237015287.0,2002986332.0,0.006365545683613781
2016-12-09,13.6,13.71,13.53,13.65,8275707.0,153650552.0,2002986332.0,0.004131684209615466
2016-12-12,13.71,13.72,13.11,13.21,20426780.0,370886707.0,2002986332.0,0.010198162450566338
2016-12-13,13.24,13.24,13.01,13.08,18823806.0,336286821.0,2002986332.0,0.00939787041941732
2016-12-14,13.16,13.46,13.06,13.11,14540248.0,262030682.0,2002986332.0,0.007259284682927133
2016-12-15,13.05,13.11,12.66,12.8,19063590.0,334058768.0,2002986332.0,0.009517583667665287
2016-12-16,12.77,12.97,12.77,12.94,9081229.0,159595508.0,2002986332.0,0.004533844717218969
2016-12-19,12.98,13.31,12.92,13.14,15352932.0,275281960.0,2002986332.0,0.007665020851475286
2016-12-20,13.21,13.24,12.95,13.19,11304572.0,201443354.0,2002986332.0,0.005643858781957979
2016-12-21,13.27,13.85,13.27,13.6,19259427.0,357165099.0,2002986332.0,0.009615356177078496
2016-12-22,13.57,13.71,13.43,13.65,9227488.0,170894183.0,2002986332.0,0.00460686518553837
2016-12-23,13.65,13.68,13.3,13.32,8617509.0,157347356.0,2002986332.0,0.0043023304065162235
2016-12-26,13.33,13.35,13.02,13.28,7140076.0,128018510.0,2002986332.0,0.003564715288331783
2016-12-27,13.35,13.57,13.32,13.51,8967920.0,164708886.0,2002986332.0,0.004477274685666702
2016-12-28,13.54,13.57,13.39,13.44,6065800.0,111369062.0,2002986332.0,0.003028378128743017
2016-12-29,13.41,13.68,13.39,13.57,9032920.0,167364704.0,2002986332.0,0.004509726230123871
2016-12-30,13.64,13.73,13.5,13.66,8339105.0,154981656.0,2002986332.0,0.004163335948315397
2017-01-03,13.7,13.82,13.6,13.69,10558275.0,197280919.0,2002986332.0,0.005271266623900257
2017-01-04,13.7,13.71,13.55,13.68,9164563.0,170512783.0,2002986332.0,0.00457544959423118
2017-01-05,13.63,13.67,13.51,13.51,8961437.0,165711978.0,2002986332.0,0.004474038018547997
2017-01-06,13.53,13.57,13.37,13.45,9126553.0,167237520.0,2002986332.0,0.004556472929541688
2017-01-09,13.44,13.55,13.37,13.46,13867835.0,254494631.0,2002986332.0,0.00692357944657208
2017-01-10,13.45,13.51,13.41,13.47,8623633.0,158277819.0,2002986332.0,0.004305387841258619
2017-01-11,13.47,13.49,13.23,13.29,8483710.0,154411621.0,2002986332.0,0.004235530649641997
2017-01-12,13.29,13.38,13.19,13.21,5744899.0,103883652.0,2002986332.0,0.0028681668507760942
2017-01-13,13.14,13.3,13.04,13.22,9331967.0,167359114.0,2002986332.0,0.0046590267995897635
2017-01-16,13.21,13.52,13.08,13.38,16069356.0,292584158.0,2002986332.0,0.008022698778955022
2017-01-17,13.38,13.49,13.28,13.41,5224083.0,95374390.0,2002986332.0,0.0026081471034221713
2017-01-18,13.41,13.54,13.38,13.41,6824447.0,125253401.0,2002986332.0,0.003407136080247601
2017-01-19,13.39,13.48,13.27,13.3,9538366.0,173799993.0,2002986332.0,0.004762072435349998
2017-01-20,13.33,13.52,13.28,13.52,7689437.0,141236707.0,2002986332.0,0.0038389862562477036
2017-01-23,13.51,13.73,13.44,13.65,11212183.0,208562547.0,2002986332.0,0.0055977331551756195
2017-01-24,13.65,13.79,13.62,13.67,8828834.0,164789103.0,2002986332.0,0.004407835370091782
2017-01-25,13.7,13.79,13.61,13.75,7496298.0,140302431.0,2002986332.0,0.0037425607355567317
2017-01-26,13.81,13.9,13.76,13.79,7992223.0,150768621.0,2002986332.0,0.003990153538401679
2017-02-03,13.69,13.7,13.59,13.59,9159430.0,170145280.0,2002986332.0,0.004572886920728124
2017-02-06,13.59,13.66,13.54,13.57,8506259.0,157733140.0,2002986332.0,0.004246788340041454
2017-02-07,13.6,13.82,13.58,13.8,15102061.0,283028953.0,2002986332.0,0.007539772368251986
2017-02-08,13.8,13.81,13.69,13.75,8863801.0,166250552.0,2002986332.0,0.004425292803246148
2017-02-09,13.77,13.96,13.71,13.77,16849110.0,317761956.0,2002986332.0,0.008411994495826644
2017-02-10,13.82,14.12,13.75,14.04,19471163.0,370645605.0,2002986332.0,0.00972106633426593
2017-02-13,14.07,14.07,13.86,13.98,15512237.0,294866969.0,2002986332.0,0.0077445545943945066
2017-02-14,13.98,13.98,13.76,13.8,14069242.0,265742206.0,2002986332.0,0.007024132803718003
2017-02-15,13.8,13.9,13.66,13.73,12398375.0,233437792.0,2002986332.0,0.006189944884756208
2017-02-16,13.71,13.94,13.71,13.89,10357959.0,195633079.0,2002986332.0,0.005171257953446684
2017-02-17,13.89,13.92,13.68,13.71,12248052.0,229608471.0,2002986332.0,0.006114895446026438
2017-02-20,13.71,13.97,13.71,13.96,16921553.0,319181522.0,2002986332.0,0.008448161991751425
2017-02-21,13.98,14.01,13.78,13.84,13907041.0,263153364.0,2002986332.0,0.006943153219679584
2017-02-22,13.84,14.04,13.79,14.03,15554214.0,295097389.0,2002986332.0,0.007765511801804946
2017-02-23,14.04,14.23,13.94,14.2,19688335.0,378422760.0,2002986332.0,0.009829490439079042
2017-02-24,14.2,14.29,14.07,14.17,12215831.0,235900154.0,2002986332.0,0.006098808965811755
2017-02-27,14.23,14.88,14.18,14.4,46146467.0,915840443.0,2002986332.0,0.02303883269833516
2017-02-28,14.45,14.58,14.21,14.33,20316440.0,396771315.0,2002986332.0,0.010143074705713968
2017-03-01,14.3,14.4,14.17,14.22,12933223.0,251777871.0,2002986332.0,0.006456970171676638
2017-03-02,14.28,14.35,14.17,14.17,12263016.0,237923923.0,2002986332.0,0.006122366290815009
2017-03-03,14.17,14.42,14.15,14.37,15861247.0,310277212.0,2002986332.0,0.0079187994179483
2017-03-06,14.43,14.57,14.34,14.47,13225019.0,260913161.0,2002986332.0,0.006602650646544701
2017-03-07,14.45,14.56,14.29,14.33,16775651.0,329295899.0,2002986332.0,0.008375319757299273
2017-03-08,14.37,14.56,14.34,14.49,16264318.0,321379405.0,2002986332.0,0.008120034440654386
2017-03-09,14.55,14.55,14.39,14.46,10353085.0,204095854.0,2002986332.0,0.005168824586866926
2017-03-10,14.4,14.8,14.4,14.75,17456187.0,347966911.0,2002986332.0,0.008715080438202412
2017-03-13,14.78,15.36,14.7,15.12,24817804.0,510976881.0,2002986332.0,0.012390401074389358
2017-03-14,15.11,15.32,15.05,15.16,14551150.0,300493844.0,2002986332.0,0.007264727555814395
2017-03-15,15.17,15.4,15.11,15.28,16453631.0,342360966.0,2002986332.0,0.008214549813513156
2017-03-16,15.28,15.74,15.21,15.58,19511370.0,412124469.0,2002986332.0,0.009741139861158075
2017-03-17,15.55,15.56,15.04,15.07,27865402.0,580026987.0,2002986332.0,0.013911928181844429
2017-03-20,15.03,15.28,15.03,15.16,15020583.0,310374927.0,2002986332.0,0.00749909410764766
2017-03-21,15.16,15.77,15.16,15.72,23051731.0,488961087.0,2002986332.0,0.011508681128633883
2017-03-22,15.63,16.13,15.55,16.1,26131887.0,568874285.0,2002986332.0,0.013046462965080283
2017-03-23,16.06,16.26,15.77,16.02,21092976.0,460635982.0,2002986332.0,0.010530763821507695
2017-03-24,15.99,16.74,15.97,16.62,30642687.0,689513044.0,2002986332.0,0.015298500299501794
2017-03-27,16.66,17.22,16.27,16.49,35534593.0,810121339.0,2002986332.0,0.01774080653087552
2017-03-28,16.42,16.89,16.32,16.82,19685048.0,447102428.0,2002986332.0,0.00982784938943857
2017-03-29,16.9,16.9,16.51,16.73,14430581.0,328731116.0,2002986332.0,0.007204532936373527
2017-03-30,16.71,16.72,16.07,16.35,21072375.0,469569611.0,2002986332.0,0.010520478678932892
2017-03-31,16.35,16.61,16.28,16.58,12717802.0,286054422.0,2002986332.0,0.006349420261545749
2017-04-05,16.51,16.76,16.42,16.6,17269591.0,390134347.0,2002986332.0,0.00862192153990195
2017-04-06,16.61,16.64,16.28,16.46,15185281.0,340238944.0,2002986332.0,0.007581320330247766
2017-04-07,16.35,16.37,16.1,16.21,17718789.0,391870423.0,2002986332.0,0.008846185676318435
2017-04-10,16.29,16.3,16.13,16.18,13747772.0,303797880.0,2002986332.0,0.006863637449923448
2017-04-11,16.13,16.18,15.64,15.9,23636913.0,512958891.0,2002986332.0,0.011800835893072884
2017-04-12,15.77,16.1,15.62,15.98,15539675.0,337346324.0,2002986332.0,0.007758253140191672
2017-04-13,15.95,16.3,15.88,16.2,10929040.0,241663636.0,2002986332.0,0.0054563727297566
2017-04-14,16.2,16.31,15.99,16.04,6640153.0,145825536.0,2002986332.0,0.003315126465875455
2017-04-17,16.02,16.3,15.82,16.16,8719883.0,191667539.0,2002986332.0,0.0043534410897817346
2017-04-18,16.17,16.71,16.17,16.55,16803616.0,378207721.0,2002986332.0,0.008389281410233807
2017-04-19,16.56,16.69,16.35,16.68,13384961.0,301663909.0,2002986332.0,0.006682502414599602
2017-04-20,16.76,17.2,16.62,17.05,21954055.0,508492957.0,2002986332.0,0.010960661413040536
2017-04-21,16.88,17.17,16.62,16.71,15789941.0,361938613.0,2002986332.0,0.007883199574424255
2017-04-24,16.65,16.65,16.06,16.56,13721928.0,307102762.0,2002986332.0,0.006850734715847277
2017-04-25,16.51,16.85,16.38,16.72,11554916.0,262129554.0,2002986332.0,0.00576884415804391
2017-04-26,16.75,17.29,16.75,16.98,16817817.0,392086349.0,2002986332.0,0.008396371323815903
2017-04-27,16.79,16.87,16.57,16.68,17468327.0,397628437.0,2002986332.0,0.00872114138819795
2017-04-28,16.64,16.83,16.29,16.5,12970925.0,294640009.0,2002986332.0,0.006475793065970857
2017-05-02,16.28,16.46,16.05,16.17,15746522.0,347652750.0,2002986332.0,0.007861522441981397
2017-05-03,16.1,16.5,16.1,16.48,12139132.0,270297666.0,2002986332.0,0.0060605166426068256
2017-05-04,16.43,16.49,16.21,16.24,6933572.0,154318773.0,2002986332.0,0.003461617230845887
2017-05-05,16.24,16.54,16.17,16.45,12120134.0,272093253.0,2002986332.0,0.0060510318050437896
2017-05-08,16.46,16.68,16.14,16.34,13173497.0,296177781.0,2002986332.0,0.006576928054644359
2017-05-09,16.35,16.48,15.74,16.21,14784937.0,323251141.0,2002986332.0,0.00738144677464529
2017-05-10,16.14,16.32,16.1,16.23,8889157.0,196519486.0,2002986332.0,0.004437951901111624
2017-05-11,16.16,16.27,16.02,16.24,8147035.0,179341225.0,2002986332.0,0.004067444130717113
2017-05-12,16.26,16.97,16.24,16.93,22199301.0,506117284.0,2002986332.0,0.011083101589531965
2017-05-15,16.81,16.9,16.64,16.85,13974345.0,309447776.0,2002986332.0,0.006976755046574127
2017-05-16,16.86,17.48,16.77,17.46,19855907.0,450878635.0,2002986332.0,0.009913151519198684
2017-05-17,17.47,18.08,17.17,17.33,18965866.0,440312139.0,2002986332.0,0.009468794517964788
2017-05-18,17.18,17.42,17.14,17.35,7838503.0,179063133.0,2002986332.0,0.003913408132033125
2017-05-19,17.35,17.38,17.05,17.23,9502038.0,215323395.0,2002986332.0,0.004743935516780151
2017-05-22,17.21,17.71,17.16,17.55,12300477.0,284627672.0,2002986332.0,0.006141068864767471
2017-05-23,17.6,18.71,17.58,18.66,35328189.0,850209083.0,2002986332.0,0.017637758398842632
2017-05-24,18.49,18.56,18.12,18.41,17521034.0,423068212.0,2002986332.0,0.008747455596716473
2017-05-25,18.33,18.68,18.12,18.4,17581429.0,425248341.0,2002986332.0,0.008777608074062485
2017-05-26,18.34,18.44,18.07,18.19,10653145.0,255853250.0,2002986332.0,0.005318630901171821
2017-05-31,18.34,18.44,17.89,18.13,15423940.0,367908239.0,2002986332.0,0.007700471917149358
2017-06-01,18.08,18.53,17.98,18.52,16485786.0,397186014.0,2002986332.0,0.008230603342928852
2017-06-02,18.4,18.6,18.31,18.43,13467735.0,328076373.0,2002986332.0,0.0067238277090749515
2017-06-05,18.42,18.46,18.18,18.29,9063024.0,218431672.0,2002986332.0,0.004524755788498311
2017-06-06,18.28,18.87,18.07,18.84,15560302.0,381944720.0,2002986332.0,0.007768551263384257
2017-06-07,18.8,18.98,18.76,18.85,23584599.0,587142626.0,2002986332.0,0.011774717891584694
2017-06-08,18.84,19.67,18.83,19.55,19508648.0,496948121.0,2002986332.0,0.009739780890327114
2017-06-09,19.55,20.22,19.35,19.78,18159907.0,476222414.0,2002986332.0,0.009066415836131627
2017-06-12,19.65,20.32,19.56,19.96,15504070.0,408297014.0,2002986332.0,0.007740477182647095
2017-06-13,19.85,20.2,19.63,19.91,12687475.0,331695302.0,2002986332.0,0.006334279369411094
2017-06-14,19.84,19.84,19.18,19.18,22058615.0,564649473.0,2002986332.0,0.011012863466708869
2017-06-15,19.28,19.34,18.58,19.12,23874313.0,594141178.0,2002986332.0,0.011919358918521068
2017-06-16,18.94,19.25,18.81,19.01,17978741.0,452914936.0,2002986332.0,0.008975967889929666
2017-06-19,18.77,19.17,18.59,19.01,17037112.0,425820993.0,2002986332.0,0.00850585534599644
2017-06-20,19.02,19.33,18.85,19.01,13595329.0,341563388.0,2002986332.0,0.006787529591589844
2017-06-21,19.12,20.09,19.12,20.06,23807452.0,615330727.0,2002986332.0,0.011885978261383363
2017-06-22,20.05,20.16,19.42,19.53,25552374.0,669447102.0,2002986332.0,0.012757138474572476
2017-06-23,19.55,19.9,19.33,19.88,16616804.0,429945346.0,2002986332.0,0.008296014672954842
2017-06-26,19.81,20.24,19.7,20.14,21249826.0,560464129.0,2002986332.0,0.010609071894555493
2017-06-27,20.1,20.15,19.84,20.04,14937040.0,393288117.0,2002986332.0,0.007457384886438656
2017-06-28,19.97,19.97,19.48,19.54,16638730.0,431028328.0,2002986332.0,0.008306961327782041
2017-06-29,19.54,19.77,19.44,19.69,9521266.0,246331911.0,2002986332.0,0.004753535182885112
2017-06-30,19.63,19.8,19.52,19.74,8717058.0,226569552.0,2002986332.0,0.004352030695734173
2017-07-03,19.74,19.79,19.18,19.34,16138047.0,413136767.0,2002986332.0,0.00805699307188283
2017-07-04,19.34,19.34,18.74,18.86,19792161.0,493657639.0,2002986332.0,0.009881326039922273
2017-07-05,18.77,19.21,18.71,19.18,13898281.0,347616503.0,2002986332.0,0.006938779749995818
2017-07-06,19.1,19.29,18.8,19.02,11578199.0,290142793.0,2002986332.0,0.005780468301268468
2017-07-07,19.0,19.0,18.63,18.65,12523279.0,309467221.0,2002986332.0,0.006252303772585104
2017-07-10,18.61,18.83,18.42,18.48,14840448.0,363242337.0,2002986332.0,0.0074091608928662425
2017-07-11,18.43,19.09,18.43,18.95,18449217.0,459894554.0,2002986332.0,0.009210855164237836
2017-07-12,18.95,18.99,18.46,18.64,18180628.0,446413141.0,2002986332.0,0.009076760889250041
2017-07-13,18.65,18.68,18.19,18.28,25603535.0,620088087.0,2002986332.0,0.01278268083558745
2017-07-14,18.21,18.47,18.12,18.34,14330990.0,345878085.0,2002986332.0,0.007154811678465313
2017-07-17,18.37,18.61,17.79,18.32,19260216.0,466633229.0,2002986332.0,0.009615750088902754
2017-07-18,18.22,18.38,18.05,18.3,10194907.0,244591415.0,2002986332.0,0.00508985350380314
2017-07-19,18.35,18.99,18.35,18.87,21467480.0,532194654.0,2002986332.0,0.01071773664005212
2017-07-20,18.87,18.93,18.65,18.88,12888859.0,319655901.0,2002986332.0,0.006434821243702826
2017-07-21,18.85,18.85,18.71,18.76,8739432.0,216429410.0,2002986332.0,0.004363201016590861
2017-07-24,18.8,18.8,18.38,18.53,18137952.0,442567631.0,2002986332.0,0.009055454702923056
2017-07-25,18.46,18.62,18.43,18.49,7244894.0,176920597.0,2002986332.0,0.0036170461496688837
2017-07-26,18.49,18.54,17.85,17.99,18634246.0,444638828.0,2002986332.0,0.009303231730689613
2017-07-27,17.97,17.99,17.62,17.77,11644909.0,272937611.0,2002986332.0,0.005813773570972126
2017-07-28,17.76,17.85,17.58,17.74,10412011.0,243224408.0,2002986332.0,0.005198243659308205
2017-07-31,17.74,17.77,17.47,17.62,12839661.0,297795410.0,2002986332.0,0.006410258919330459
2017-08-01,17.68,18.07,17.67,17.97,16002480.0,377789702.0,2002986332.0,0.007989310632999368
2017-08-02,17.92,18.08,17.72,17.75,13906581.0,328309011.0,2002986332.0,0.006942923562595733
2017-08-03,17.8,17.91,17.34,17.49,19592103.0,451935782.0,2002986332.0,0.009781446177137469
2017-08-04,17.48,17.49,17.14,17.3,16010264.0,365698121.0,2002986332.0,0.007993196830261746
2017-08-07,16.83,17.62,16.67,17.53,31194470.0,703476705.0,2002986332.0,0.015573980461889642
2017-08-08,17.43,17.45,17.19,17.31,14102056.0,321849151.0,2002986332.0,0.007040515341869042
2017-08-09,17.31,17.73,17.18,17.5,18229708.0,421023981.0,2002986332.0,0.009101264301587855
2017-08-10,17.48,17.71,17.27,17.41,12290621.0,283586193.0,2002986332.0,0.006136148212118704
2017-08-11,17.15,17.4,16.81,16.91,18008971.0,405700870.0,2002986332.0,0.0089910603543749
2017-08-14,16.93,17.37,16.93,17.24,13402849.0,304979826.0,2002986332.0,0.006691433079634215
2017-08-15,17.27,17.73,17.27,17.67,18127772.0,420612127.0,2002986332.0,0.009050372291806533
2017-08-16,17.72,17.9,17.55,17.61,11617191.0,271578213.0,2002986332.0,0.005799935233906529
2017-08-17,17.61,17.86,17.51,17.86,12348685.0,288847101.0,2002986332.0,0.006165136927155028
2017-08-18,17.75,18.09,17.71,17.97,12294834.0,291455731.0,2002986332.0,0.0061382515714540585
2017-08-21,17.96,18.07,17.85,17.97,6585116.0,156007739.0,2002986332.0,0.0032876489943017744
2017-08-22,17.98,18.02,17.76,17.95,9086208.0,214048925.0,2002986332.0,0.004536330505524388
2017-08-23,17.94,18.18,17.86,17.89,9614033.0,228909566.0,2002986332.0,0.004799849527879854
2017-08-24,17.9,18.1,17.72,17.96,8361539.0,197419290.0,2002986332.0,0.004174536224443892
2017-08-25,17.95,18.03,17.81,17.9,6825424.0,161160908.0,2002986332.0,0.003407623851923519
2017-08-28,17.87,17.89,17.66,17.74,14381181.0,337054986.0,2002986332.0,0.007179869762586079
2017-08-29,17.74,17.74,17.36,17.39,13855963.0,318755321.0,2002986332.0,0.00691765229679061
2017-08-30,17.43,17.55,17.34,17.36,9018365.0,207104103.0,2002986332.0,0.004502459580438115
2017-08-31,17.39,17.51,17.24,17.41,8763147.0,200851057.0,2002986332.0,0.004375040837772426
2017-09-01,17.4,17.42,17.11,17.25,13827590.0,314360214.0,2002986332.0,0.006903486948007791
2017-09-04,17.19,17.24,17.06,17.24,8527272.0,192912113.0,2002986332.0,0.0042572791754826615
2017-09-05,17.16,17.36,17.16,17.24,9069101.0,206742996.0,2002986332.0,0.004527789758277791
2017-09-06,17.24,17.33,17.08,17.16,7341176.0,166196027.0,2002986332.0,0.003665115374336963
2017-09-07,17.21,17.77,17.17,17.67,24663844.0,572116808.0,2002986332.0,0.012313535846933578
2017-09-08,17.71,17.77,17.51,17.65,10843039.0,251601858.0,2002986332.0,0.005413436340912585
2017-09-11,17.65,17.87,17.49,17.76,12678696.0,296905965.0,2002986332.0,0.006329896413891255
2017-09-12,17.72,18.03,17.71,17.89,14439660.0,340579290.0,2002986332.0,0.0072090656682523985
2017-09-13,17.93,18.49,17.82,18.4,21571477.0,518445913.0,2002986332.0,0.01076965761342
2017-09-14,18.51,18.54,18.21,18.33,11028195.0,266894878.0,2002986332.0,0.0055058763126896865
2017-09-15,18.4,18.42,18.12,18.22,7872700.0,188927252.0,2002986332.0,0.003930481139199306
2017-09-18,18.24,18.37,18.13,18.23,7627952.0,183671230.0,2002986332.0,0.003808289591463872
2017-09-19,18.22,18.37,18.08,18.24,8392167.0,202362030.0,2002986332.0,0.00418982739219211
2017-09-20,18.24,18.33,18.14,18.26,6384322.0,153634511.0,2002986332.0,0.003187401680182808
2017-09-21,18.3,18.57,18.18,18.56,14713572.0,357073490.0,2002986332.0,0.007345817475103969
2017-09-22,18.58,18.95,18.57,18.84,14434067.0,358433688.0,2002986332.0,0.007206273337665491
2017-09-25,18.84,19.11,18.66,18.93,14734977.0,368698973.0,2002986332.0,0.00735650401832098
2017-09-26,18.84,18.97,18.74,18.95,8260041.0,205929719.0,2002986332.0,0.004123862888146757
2017-09-27,18.99,19.37,18.93,19.21,9770905.0,247639707.0,2002986332.0,0.004878168584527316
2017-09-28,19.21,19.55,19.21,19.47,12334706.0,315927653.0,2002986332.0,0.006158157848078616
2017-09-29,19.43,19.52,19.18,19.32,8765379.0,223297416.0,2002986332.0,0.004376155173883633
2017-10-09,19.18,19.77,19.18,19.74,14230697.0,368038764.0,2002986332.0,0.007104739943876961
2017-10-10,19.71,19.71,19.44,19.61,12327495.0,318369945.0,2002986332.0,0.00615455772366199
2017-10-11,19.61,19.61,19.25,19.27,11808878.0,302507086.0,2002986332.0,0.0058956358370197805
2017-10-12,19.31,19.39,18.95,19.29,11567000.0,292349469.0,2002986332.0,0.005774877149785763
2017-10-13,19.3,20.03,19.2,19.9,14810376.0,387570204.0,2002986332.0,0.007394147310636766
2017-10-16,19.93,20.19,19.59,19.63,9970646.0,260871620.0,2002986332.0,0.004977890183626076
2017-10-17,19.63,19.76,19.4,19.71,6715749.0,173822440.0,2002986332.0,0.0033528681113336725
2017-10-18,19.78,19.91,19.63,19.9,6804670.0,177497871.0,2002986332.0,0.00339726232340561
2017-10-19,19.97,19.97,19.27,19.45,11429490.0,294470100.0,2002986332.0,0.005706224659350297
2017-10-20,19.33,19.51,19.31,19.38,4935621.0,126181968.0,2002986332.0,0.002464131143157496
2017-10-23,19.39,20.13,19.39,20.08,14204865.0,372795850.0,2002986332.0,0.0070918432008551515
2017-10-24,19.99,20.07,19.72,19.87,10341291.0,270084500.0,2002986332.0,0.005162936378938806
2017-10-25,20.09,20.32,19.85,20.12,13293051.0,353456505.0,2002986332.0,0.006636615930737165
2017-10-26,19.99,21.01,19.87,20.85,21880092.0,598441856.0,2002986332.0,0.010923735050229989
2017-10-27,20.85,20.88,20.53,20.85,9443327.0,258289741.0,2002986332.0,0.004714623784062846
2017-10-30,20.87,21.14,20.62,20.81,12845025.0,353312690.0,2002986332.0,0.006412936920629971
2017-10-31,20.81,20.81,20.33,20.56,10622104.0,287280417.0,2002986332.0,0.005303133541302667
2017-11-01,20.56,20.99,20.35,20.46,11085719.0,301994437.0,2002986332.0,0.005534595430279751
2017-11-02,20.51,20.6,20.09,20.38,8681091.0,232663539.0,2002986332.0,0.004334074008049697
2017-11-03,20.34,20.81,20.34,20.53,8890420.0,241397246.0,2002986332.0,0.0044385824595831545
2017-11-06,20.59,21.1,20.59,21.07,14128490.0,389285920.0,2002986332.0,0.007053712636117978
2017-11-07,20.98,21.2,20.79,20.9,13810859.0,381339176.0,2002986332.0,0.006895133920464516
2017-11-08,20.84,21.22,20.39,20.44,14456087.0,396371745.0,2002986332.0,0.00721726692241852
2017-11-09,20.31,20.96,20.29,20.91,11287002.0,307477492.0,2002986332.0,0.005635086879863941
2017-11-10,20.92,21.3,20.81,21.26,18214970.0,506881537.0,2002986332.0,0.00909390628832309
2017-11-13,21.42,21.9,21.42,21.79,17961354.0,513552701.0,2002986332.0,0.008967287351414638
2017-11-14,21.83,22.44,21.56,21.85,16845161.0,487086504.0,2002986332.0,0.008410022939687239
2017-11-15,21.84,22.42,21.56,21.72,14583861.0,422250720.0,2002986332.0,0.007281058670748832
2017-11-16,21.72,21.75,21.3,21.64,12901548.0,365711781.0,2002986332.0,0.0064411562844353945
2017-11-17,21.68,22.06,21.45,21.72,21744244.0,623923440.0,2002986332.0,0.010855912320823564
2017-11-20,21.65,21.65,20.97,21.5,15417570.0,433433770.0,2002986332.0,0.007697291665792555
2017-11-21,21.45,22.48,21.45,22.19,21902402.0,639009635.0,2002986332.0,0.010934873418796748
2017-11-22,22.27,22.3,21.61,21.87,17302668.0,501140336.0,2002986332.0,0.008638435381994408
2017-11-23,21.87,21.89,20.92,20.97,19437145.0,546835156.0,2002986332.0,0.009704082693660637
2017-11-24,20.88,20.9,20.09,20.66,21359603.0,576471499.0,2002986332.0,0.010663878559107411
2017-11-27,20.56,20.74,20.18,20.36,10615472.0,286175474.0,2002986332.0,0.005299822485258975
2017-11-28,20.19,20.55,20.16,20.43,8864616.0,238302569.0,2002986332.0,0.004425699695688188
2017-11-29,20.57,20.78,20.28,20.5,9281479.0,251372727.0,2002986332.0,0.004633820436873555
2017-11-30,20.5,20.5,19.94,19.96,8612079.0,229208647.0,2002986332.0,0.004299619454417725
2017-12-01,19.9,20.15,19.56,20.08,8323965.0,218906903.0,2002986332.0,0.004155777234729528
2017-12-04,20.84,21.02,20.15,20.34,13317820.0,360212994.0,2002986332.0,0.006648981966193466
2017-12-05,20.35,20.45,20.09,20.31,7038010.0,188088708.0,2002986332.0,0.0035137583754615456
2017-12-06,20.24,20.36,19.94,20.18,6939129.0,184562994.0,2002986332.0,0.0034643915882697097
2017-12-07,20.23,20.59,20.19,20.35,9709664.0,261552715.0,2002986332.0,0.004847593737848831
2017-12-08,20.31,20.62,20.1,20.53,9983414.0,268687394.0,2002986332.0,0.004984264665466524
2017-12-11,20.53,20.9,20.33,20.78,9068438.0,247847502.0,2002986332.0,0.004527458752524328
2017-12-12,20.81,21.01,20.78,20.82,7682486.0,211592796.0,2002986332.0,0.003835515938008907
2017-12-13,20.82,21.4,20.82,21.39,12868848.0,359629480.0,2002986332.0,0.006424830661300788
2017-12-14,21.39,21.41,21.07,21.26,7332457.0,204879513.0,2002986332.0,0.003660762374088931
2017-12-15,21.08,21.18,20.83,20.86,5933478.0,164034648.0,2002986332.0,0.002962315770809763
2017-12-18,20.85,21.06,20.68,20.96,7626925.0,209954683.0,2002986332.0,0.003807776857061449
2017-12-19,20.96,21.19,20.85,21.15,6957800.0,193312945.0,2002986332.0,0.003473713169601399
2017-12-20,21.12,21.22,21.01,21.13,7141338.0,199052283.0,2002986332.0,0.003565345347548782
2017-12-21,21.13,21.7,21.06,21.55,13494617.0,382224987.0,2002986332.0,0.006737248669353376
2017-12-22,21.55,21.97,21.47,21.67,9870586.0,283055891.0,2002986332.0,0.00492793477534324
2017-12-25,21.66,21.88,21.47,21.85,8898605.0,255142919.0,2002986332.0,0.004442668857912107
2017-12-26,21.87,22.09,21.72,22.09,11633699.0,336424404.0,2002986332.0,0.005808176927689589
2017-12-27,21.98,22.09,21.37,21.58,11473640.0,329286169.0,2002986332.0,0.005728266746854666
2017-12-28,21.56,21.98,21.4,21.74,10242701.0,293367442.0,2002986332.0,0.005113714874815232
2017-12-29,21.96,22.28,21.83,21.98,10726225.0,312297932.0,2002986332.0,0.005355116422232281
2018-01-02,22.06,22.66,22.06,22.66,15333788.0,454916099.0,2002986332.0,0.007655463122750855
2018-01-03,22.66,22.74,22.26,22.39,12927047.0,383838660.0,2002986332.0,0.006453886775698677
2018-01-04,22.38,22.56,22.19,22.45,10279068.0,303831487.0,2002986332.0,0.005131871264311753
2018-01-05,22.43,22.44,22.06,22.25,13692353.0,401169788.0,2002986332.0,0.006835969263119265
2018-01-08,22.22,22.72,21.84,22.58,18820497.0,556424533.0,2002986332.0,0.009396218386177185
2018-01-09,22.59,22.65,22.36,22.47,9838423.0,291454167.0,2002986332.0,0.004911877251891302
2018-01-10,22.42,22.74,22.28,22.74,10734517.0,318944914.0,2002986332.0,0.005359256240795956
2018-01-11,22.74,22.91,22.44,22.58,8271828.0,247124153.0,2002986332.0,0.004129747601293168
2018-01-12,22.63,22.7,22.13,22.28,9972193.0,293242191.0,2002986332.0,0.004978662530384157
2018-01-15,22.27,22.27,21.56,21.59,17022181.0,490699699.0,2002986332.0,0.008498400976607362
2018-01-16,21.54,21.94,21.36,21.89,12903586.0,370394895.0,2002986332.0,0.00644217376516776
2018-01-17,21.79,21.79,21.07,21.34,19412203.0,546774368.0,2002986332.0,0.009691630287170627
2018-01-18,21.36,21.49,21.26,21.44,10273442.0,289456916.0,2002986332.0,0.005129062458325352
2018-01-19,21.43,21.74,21.38,21.53,9023208.0,257042293.0,2002986332.0,0.00450487747012744
2018-01-22,21.53,21.97,21.37,21.97,13501064.0,389289514.0,2002986332.0,0.0067404673633089975
2018-01-23,21.98,22.19,21.72,21.84,11134669.0,322099328.0,2002986332.0,0.00555903393952865
2018-01-24,21.81,21.81,21.34,21.51,15759186.0,445613967.0,2002986332.0,0.007867845001350713
2018-01-25,21.37,21.49,20.81,20.99,20917347.0,581092165.0,2002986332.0,0.010443080247638953
2018-01-26,20.98,21.17,20.92,21.09,11401091.0,316881070.0,2002986332.0,0.005692046329949694
2018-01-29,21.18,21.21,20.07,20.12,26254903.0,710587614.0,2002986332.0,0.013107879260356331
2018-01-30,20.07,20.36,20.01,20.35,14344986.0,382477703.0,2002986332.0,0.007161799244868736
2018-01-31,20.34,20.58,20.16,20.53,11977534.0,323633178.0,2002986332.0,0.005979838109050062
2018-02-01,20.53,20.62,20.02,20.28,11609903.0,309121049.0,2002986332.0,0.005796296666891085
2018-02-02,20.21,20.53,19.93,20.43,10679955.0,286785212.0,2002986332.0,0.005332015915124078
2018-02-05,20.05,20.5,19.99,20.29,11364632.0,304315850.0,2002986332.0,0.0056738440090364035
2018-02-06,19.9,20.05,19.48,19.49,17211224.0,448997557.0,2002986332.0,0.008592781550743004
2018-02-07,19.8,20.15,19.53,19.61,14312517.0,375211958.0,2002986332.0,0.007145588949530585
2018-02-08,19.62,19.98,19.46,19.93,13537947.0,352576112.0,2002986332.0,0.0067588813681430555
2018-02-09,19.48,19.48,18.72,19.21,14577787.0,368813418.0,2002986332.0,0.007278026198732942
2018-02-12,19.22,19.61,19.22,19.44,9568499.0,245929842.0,2002986332.0,0.0047771164721058116
2018-02-13,19.68,20.11,19.68,19.91,7488061.0,197097982.0,2002986332.0,0.003738448375992213
2018-02-14,19.91,20.1,19.74,19.86,6406941.0,168445513.0,2002986332.0,0.003198694318399373
2018-02-22,20.24,20.39,20.03,20.38,8318587.0,222575791.0,2002986332.0,0.004153092243866595
2018-02-23,20.48,20.62,20.25,20.43,7193769.0,194035807.0,2002986332.0,0.0035915217618169948
2018-02-26,20.46,20.73,20.24,20.69,9333058.0,253227962.0,2002986332.0,0.004659571486282114
2018-02-27,20.77,20.8,20.22,20.26,9241034.0,248553107.0,2002986332.0,0.004613628087403244
2018-02-28,20.2,20.2,19.8,19.84,11250388.0,295586467.0,2002986332.0,0.005616807174498483
2018-03-01,19.76,20.03,19.66,19.92,8527369.0,223659158.0,2002986332.0,0.004257327603172082
2018-03-02,19.83,19.86,19.56,19.71,10154519.0,263298559.0,2002986332.0,0.005069689611841045
2018-03-05,19.74,19.92,19.48,19.6,7857576.0,203723850.0,2002986332.0,0.003922930413685919
2018-03-06,19.73,20.08,19.53,20.08,8299903.0,216817394.0,2002986332.0,0.004143764172226014
2018-03-07,20.08,20.18,19.79,19.91,8173335.0,215729521.0,2002986332.0,0.004080574524859015
2018-03-08,19.84,19.99,19.66,19.95,7300823.0,191100331.0,2002986332.0,0.003644968956283422
2018-03-09,20.01,20.28,19.94,20.18,10824768.0,287342265.0,2002986332.0,0.00540431446139294
2018-03-12,20.21,20.46,20.03,20.42,12657435.0,338597583.0,2002986332.0,0.00631928176332658
2018-03-13,20.31,20.45,20.11,20.14,8140336.0,217601121.0,2002986332.0,0.004064099624619905
2018-03-14,20.21,20.36,20.03,20.22,8102834.0,215326652.0,2002986332.0,0.004045376581231708
2018-03-15,20.16,20.46,20.13,20.42,10583333.0,284187519.0,2002986332.0,0.005283776943915761
2018-03-16,20.46,20.56,20.18,20.24,8101363.0,216984774.0,2002986332.0,0.004044642177817916
2018-03-19,20.16,20.16,19.56,19.72,18287192.0,475455018.0,2002986332.0,0.009129963448996716
2018-03-20,19.48,19.93,19.44,19.86,6708605.0,174731689.0,2002986332.0,0.0033493014369705646
2018-03-21,19.86,19.86,19.54,19.72,11206998.0,291001315.0,2002986332.0,0.005595144520436997
2018-03-22,19.63,19.7,19.37,19.63,7454683.0,192191986.0,2002986332.0,0.003721784258286192
2018-03-23,18.96,19.63,18.57,19.59,21099058.0,532443795.0,2002986332.0,0.010533800287559826
2018-03-26,19.26,19.44,18.92,19.29,8005192.0,202800552.0,2002986332.0,0.003996628370402679
2018-03-27,19.39,19.56,18.96,19.12,10551099.0,267246557.0,2002986332.0,0.005267683973392186
2018-03-28,18.93,18.93,18.43,18.51,14550965.0,357873902.0,2002986332.0,0.007264635193726324
2018-03-29,18.5,18.65,17.7,18.18,18155490.0,434035276.0,2002986332.0,0.00906421062887213
2018-03-30,18.24,18.78,18.19,18.77,12756166.0,312330937.0,2002986332.0,0.0063685736623389
2018-04-02,18.77,18.92,18.42,18.45,10311316.0,253157725.0,2002986332.0,0.005147971224398749
2018-04-03,18.19,18.42,17.99,18.27,9675010.0,232130410.0,2002986332.0,0.004830292571362389
2018-04-04,18.42,18.64,18.3,18.4,11309180.0,275538128.0,2002986332.0,0.005646159346832727
2018-04-09,18.27,18.35,17.9,18.08,9845994.0,235371088.0,2002986332.0,0.004915657107938768
2018-04-10,18.18,18.54,18.11,18.52,10449473.0,252438543.0,2002986332.0,0.005216946732515197
2018-04-11,18.63,18.64,18.28,18.43,10877710.0,264755783.0,2002986332.0,0.005430745994726039
2018-04-12,18.47,18.47,18.22,18.24,6477647.0,156460494.0,2002986332.0,0.003233994609205351
2018-04-13,18.38,18.38,17.96,17.97,10016673.0,238860304.0,2002986332.0,0.005000869371883462
2018-04-16,17.96,18.13,17.68,17.77,11067209.0,260518814.0,2002986332.0,0.00552535422892741
2018-04-17,17.8,17.9,17.34,17.36,11733730.0,271410405.0,2002986332.0,0.005858117857591052
2018-04-18,17.52,17.6,17.02,17.27,13072594.0,299014033.0,2002986332.0,0.00652655177479264
2018-04-19,17.09,17.49,17.08,17.33,11542971.0,263960457.0,2002986332.0,0.005762880562681743
2018-04-20,17.34,17.39,16.98,17.27,14250320.0,323403008.0,2002986332.0,0.007114536815521316
2018-04-23,17.26,17.46,17.11,17.36,10739777.0,245520952.0,2002986332.0,0.005361882319624336
2018-04-24,17.44,18.3,17.44,17.91,23614937.0,560200894.0,2002986332.0,0.011789864275519181
2018-04-25,17.93,18.15,17.86,17.96,12384531.0,294413538.0,2002986332.0,0.006183033205041362
2018-04-26,18.11,18.19,17.83,17.96,10367792.0,246394276.0,2002986332.0,0.005176167123241258
2018-04-27,17.32,17.55,16.18,17.03,37879278.0,843231596.0,2002986332.0,0.018911401138807172
2018-05-02,16.98,17.56,16.79,17.5,13574989.0,310448734.0,2002986332.0,0.0067773747544474005
2018-05-03,17.65,18.01,17.52,17.98,13304435.0,313601077.0,2002986332.0,0.00664229944430794
2018-05-04,17.93,18.15,17.77,17.85,8007066.0,189444381.0,2002986332.0,0.003997563973392106
2018-05-07,17.81,18.27,17.79,18.21,8877152.0,212848422.0,2002986332.0,0.004431958350477651
2018-05-08,18.25,18.58,18.12,18.46,11122941.0,270492230.0,2002986332.0,0.005553178682399516
2018-05-09,18.57,18.65,18.33,18.52,10816854.0,264028694.0,2002986332.0,0.005400363361041647
2018-05-10,18.58,18.9,18.58,18.8,10867336.0,269249564.0,2002986332.0,0.005425566728230675
2018-05-11,18.8,18.93,18.59,18.76,7363617.0,182096923.0,2002986332.0,0.003676319145247168
2018-05-14,18.77,19.13,18.69,19.09,10371530.0,259825690.0,2002986332.0,0.005178033336674811
2018-05-15,19.18,19.54,18.96,19.46,17445532.0,443334052.0,2002986332.0,0.008709760881184086
2018-05-16,19.34,19.81,19.15,19.23,17216753.0,440807676.0,2002986332.0,0.008595541929039984
2018-05-17,19.21,19.45,19.07,19.13,8602144.0,218420914.0,2002986332.0,0.004294659360661079
2018-05-18,19.13,19.24,18.85,19.13,7177915.0,180240924.0,2002986332.0,0.003583606580496626
2018-05-21,19.33,19.63,19.25,19.31,7113629.0,182660611.0,2002986332.0,0.003551511503773956
2018-05-22,19.46,19.56,19.3,19.44,6418142.0,164594788.0,2002986332.0,0.003204286468391138
2018-05-23,19.47,19.48,18.95,18.98,9220829.0,232568904.0,2002986332.0,0.004603540649622366
2018-05-24,18.86,19.16,18.84,19.02,6606254.0,165680187.0,2002986332.0,0.003298202236559246
2018-05-25,18.99,19.24,18.96,19.18,5788166.0,146107555.0,2002986332.0,0.002889768096530376
2018-05-28,19.3,19.43,19.05,19.24,9163253.0,232686008.0,2002986332.0,0.004574795570796736
2018-05-29,19.14,19.34,18.86,19.32,7824498.0,191866452.0,2002986332.0,0.00390641607233893
2018-05-30,19.08,19.56,18.63,19.11,10219938.0,251151768.0,2002986332.0,0.005102350343946331
2018-05-31,19.14,19.65,19.14,19.46,9888070.0,245459764.0,2002986332.0,0.004936663741547688
2018-06-01,19.46,19.68,19.21,19.6,9096630.0,227386858.0,2002986332.0,0.0045415337362371975
2018-06-04,19.62,19.74,19.41,19.47,7982059.0,199886755.0,2002986332.0,0.003985079115357638
2018-06-05,19.41,19.54,19.14,19.48,8887849.0,219944030.0,2002986332.0,0.004437298876186241
2018-06-06,19.42,19.42,19.08,19.12,7390308.0,181611078.0,2002986332.0,0.003689644747910342
2018-06-07,19.08,19.33,18.9,18.93,9314011.0,227856522.0,2002986332.0,0.004650062185247103
2018-06-08,18.93,19.14,18.82,19.13,7755336.0,188623567.0,2002986332.0,0.003871886630527442
2018-06-11,19.11,19.45,18.94,19.35,12013654.0,296697549.0,2002986332.0,0.005997871182677646
2018-06-12,19.53,19.81,19.45,19.67,15045790.0,378814184.0,2002986332.0,0.00751167881658815
2018-06-13,19.75,20.14,19.64,19.7,16778796.0,428425996.0,2002986332.0,0.008376889912796469
2018-06-14,19.87,20.11,19.75,19.97,12900898.0,329687388.0,2002986332.0,0.0064408317689908234
2018-06-15,20.11,20.14,19.62,20.06,10883668.0,277047438.0,2002986332.0,0.005433720553216436
2018-06-19,19.96,20.25,19.61,20.16,30519804.0,782429857.0,2002986332.0,0.01523715040507825
2018-06-20,19.96,20.65,19.64,20.59,20346506.0,527229931.0,2002986332.0,0.010158085292416264
2018-06-21,20.6,20.93,20.31,20.49,22700106.0,599185764.0,2002986332.0,0.01133313075448385
2018-06-22,20.35,20.66,20.15,20.44,10234410.0,268284191.0,2002986332.0,0.005109575555506087
2018-06-25,20.35,20.55,20.21,20.27,9075593.0,236076450.0,2002986332.0,0.004531030918687267
2018-06-26,20.06,20.21,19.29,19.95,12929154.0,327833766.0,2002986332.0,0.006454938704993619
2018-06-27,19.94,20.35,19.67,19.96,9043149.0,231971724.0,2002986332.0,0.004514833104712369
2018-06-28,19.53,20.29,19.53,19.88,7270588.0,186190698.0,2002986332.0,0.0036298739955655376
2018-06-29,19.88,20.28,19.88,20.08,6459003.0,166052963.0,2002986332.0,0.003224686507745975
2018-07-02,20.15,20.19,19.37,19.53,8318555.0,209050190.0,2002986332.0,0.004153076267721631
2018-07-03,19.41,20.07,18.78,19.83,16061953.0,396974430.0,2002986332.0,0.008019002797668616
2018-07-04,19.75,19.98,19.63,19.67,9058510.0,229830511.0,2002986332.0,0.004522502153549393
2018-07-05,19.63,19.99,19.56,19.98,7701678.0,194988348.0,2002986332.0,0.003845097630950784
2018-07-06,19.98,20.14,19.4,19.8,10014904.0,254575978.0,2002986332.0,0.004999986190619697
2018-07-09,19.88,20.03,19.67,19.83,7843978.0,199400898.0,2002986332.0,0.003916141550585479
2018-07-10,19.89,19.91,19.6,19.74,5461351.0,138194428.0,2002986332.0,0.0027266042272723807
2018-07-11,19.49,19.77,19.38,19.63,5221029.0,130834859.0,2002986332.0,0.0026066223800872146
2018-07-12,19.37,19.76,19.37,19.65,9447687.0,236316845.0,2002986332.0,0.004716800533814127
2018-07-13,19.6,19.67,19.52,19.6,4456182.0,111680304.0,2002986332.0,0.002224769050495947
2018-07-16,19.6,20.14,19.53,20.13,9388095.0,239135507.0,2002986332.0,0.004687048957855794
2018-07-17,20.07,20.18,19.86,19.97,4361965.0,111630536.0,2002986332.0,0.0021777307864325455
2018-07-18,19.89,20.43,19.88,20.25,7404967.0,191990263.0,2002986332.0,0.0036969633200672285
2018-07-19,20.25,20.46,20.04,20.24,4479126.0,115901720.0,2002986332.0,0.0022362239464347976
2018-07-20,20.28,20.38,19.97,20.17,4634295.0,119708175.0,2002986332.0,0.0023136927726174817
2018-07-23,20.14,20.23,19.92,20.14,4348086.0,111698438.0,2002986332.0,0.002170801632809145
2018-07-24,20.14,20.54,20.08,20.53,9917639.0,258671681.0,2002986332.0,0.0049514261987485195
2018-07-25,20.53,20.69,20.35,20.42,7737897.0,202936660.0,2002986332.0,0.0038631801307768485
2018-07-26,20.49,20.49,19.99,20.0,5095285.0,131293555.0,2002986332.0,0.002543844118453026
2018-07-27,19.99,19.99,19.76,19.77,4024118.0,102150770.0,2002986332.0,0.0020090591411983734
2018-07-30,19.76,19.9,19.63,19.67,4059546.0,102536802.0,2002986332.0,0.0020267467306911207
2018-07-31,19.74,19.86,19.55,19.69,5207222.0,131455838.0,2002986332.0,0.002599729172789982
2018-08-01,19.71,19.85,19.41,19.42,6855575.0,172342055.0,2002986332.0,0.003422676875260874
2018-08-02,19.39,19.49,18.78,19.21,7980949.0,194579171.0,2002986332.0,0.0039845249428292154
2018-08-03,19.28,19.48,18.9,19.0,6864331.0,168967649.0,2002986332.0,0.00342704834792652
2018-08-06,19.04,19.09,17.57,17.92,13461845.0,313604112.0,2002986332.0,0.006720887099892602
2018-08-07,18.1,19.02,18.04,18.96,9618888.0,228497240.0,2002986332.0,0.00480227340862354
2018-08-08,18.94,19.07,18.48,18.64,5366034.0,128520837.0,2002986332.0,0.0026790167832258576
2018-08-09,18.59,19.02,18.43,18.87,7681019.0,184694312.0,2002986332.0,0.0038347835316132352
2018-08-10,18.79,18.91,18.28,18.46,9690494.0,230028125.0,2002986332.0,0.004838023028506617
2018-08-13,18.42,18.63,18.2,18.54,6669049.0,157595570.0,2002986332.0,0.0033295529247775214
2018-08-14,18.38,18.89,18.38,18.84,8572437.0,205861318.0,2002986332.0,0.0042798280063350925
2018-08-15,18.86,18.89,18.27,18.4,7420044.0,176780941.0,2002986332.0,0.0037044905806177014
2018-08-16,18.19,18.59,17.99,18.02,8420787.0,196517406.0,2002986332.0,0.004204116056843866
2018-08-17,18.09,18.29,17.34,17.42,9689616.0,219050823.0,2002986332.0,0.00483758468302918
2018-08-20,17.57,17.78,17.25,17.5,9680647.0,216906815.0,2002986332.0,0.0048331068691486205
2018-08-21,18.51,19.14,18.45,18.83,23650126.0,569686371.0,2002986332.0,0.01180743254317923
2018-08-22,18.93,19.1,18.69,18.88,13226221.0,320128630.0,2002986332.0,0.006603250750489894
2018-08-23,19.21,19.47,18.99,19.01,12668871.0,311696399.0,2002986332.0,0.006324991238132922
2018-08-24,19.17,19.42,19.02,19.14,10589144.0,260573917.0,2002986332.0,0.005286678111990232
2018-08-27,19.14,19.87,19.1,19.85,11791021.0,296363818.0,2002986332.0,0.005886720648875601
2018-08-28,19.88,20.3,19.85,20.27,13614821.0,350619853.0,2002986332.0,0.006797261060890754
2018-08-29,20.19,20.62,19.88,20.25,10007017.0,260594033.0,2002986332.0,0.004996048570140717
2018-08-30,20.25,20.69,20.23,20.48,15191532.0,399611502.0,2002986332.0,0.007584441170315485
2018-08-31,20.53,20.53,19.77,19.85,15612559.0,400567690.0,2002986332.0,0.007794640807364231
2018-09-03,20.15,20.29,19.95,20.14,11435758.0,294714661.0,2002986332.0,0.005709353986745028
2018-09-04,20.31,20.42,20.03,20.08,11296756.0,292106793.0,2002986332.0,0.005639956608550637
2018-09-05,20.14,20.39,19.92,19.96,9810305.0,254020329.0,2002986332.0,0.004897839213013662
2018-09-06,19.99,20.13,19.56,19.67,7589819.0,192447135.0,2002986332.0,0.0037892515184671763
2018-09-07,19.86,19.99,19.43,19.58,6047031.0,152676596.0,2002986332.0,0.0030190076204673773
2018-09-10,19.59,19.74,19.11,19.24,7159553.0,176996827.0,2002986332.0,0.003574439268814741
2018-09-11,19.19,19.29,18.71,19.0,9350490.0,226334836.0,2002986332.0,0.0046682744912509965
2018-09-12,18.96,18.99,18.63,18.76,5591577.0,134427911.0,2002986332.0,0.002791620147710524
2018-09-13,18.82,18.95,18.51,18.67,11816016.0,282544576.0,2002986332.0,0.005899199515855708
2018-09-14,18.8,19.02,18.6,18.9,9686069.0,233641364.0,2002986332.0,0.004835813827210879
2018-09-17,18.74,18.77,18.28,18.32,9804560.0,231375361.0,2002986332.0,0.004894970995738178
2018-09-18,18.25,18.36,17.82,18.34,12849974.0,298413383.0,2002986332.0,0.006415407731299487
2018-09-19,18.31,18.89,18.16,18.78,12962663.0,309297273.0,2002986332.0,0.006471668225043086
2018-09-20,18.74,18.85,18.57,18.7,8684765.0,208143666.0,2002986332.0,0.004335908269193322
2018-09-21,18.81,19.72,18.71,19.6,12740739.0,314170657.0,2002986332.0,0.006360871662702889
2018-09-25,19.39,19.65,19.21,19.49,6656489.0,165395204.0,2002986332.0,0.0033232822878793366
2018-09-26,19.44,19.85,19.37,19.57,9754021.0,245338762.0,2002986332.0,0.004869739171040934
2018-09-27,19.58,19.79,19.39,19.72,7501490.0,188619051.0,2002986332.0,0.0037451528650770645
2018-09-28,19.68,19.93,19.49,19.88,9826671.0,248855422.0,2002986332.0,0.004906010012653447
2018-10-08,19.53,19.73,19.14,19.41,11672076.0,289789311.0,2002986332.0,0.005827336818791632
2018-10-09,19.38,19.59,19.26,19.28,5955170.0,147886210.0,2002986332.0,0.0029731456000769156
2018-10-10,19.28,19.67,19.25,19.47,8069375.0,201097629.0,2002986332.0,0.004028672023908748
2018-10-11,18.9,19.06,18.49,18.72,10947285.0,262499599.0,2002986332.0,0.005465481628658462
2018-10-12,18.69,19.33,18.41,19.1,8339127.0,201896072.0,2002986332.0,0.00416334693191506
2018-10-15,18.94,19.21,18.47,18.54,7764324.0,186886558.0,2002986332.0,0.003876373930244073
2018-10-16,18.64,18.74,18.26,18.51,9218217.0,218683115.0,2002986332.0,0.0046022365967897175
2018-10-17,18.74,18.85,18.28,18.67,5994669.0,142535880.0,2002986332.0,0.002992865654761742
2018-10-18,18.5,18.6,18.17,18.17,7455138.0,174585776.0,2002986332.0,0.003722011419097392
2018-10-19,18.0,18.59,17.89,18.56,8656270.0,202734040.0,2002986332.0,0.004321682011357829
2018-10-22,18.59,19.62,18.59,19.51,11196274.0,275329342.0,2002986332.0,0.005589790514856094
2018-10-23,19.51,19.53,18.75,18.92,9917866.0,241672624.0,2002986332.0,0.004951539529526854
2018-10-24,18.96,18.96,18.19,18.34,11240865.0,260709265.0,2002986332.0,0.005612052773608243
2018-10-25,17.88,18.25,17.87,18.11,7776780.0,176428709.0,2002986332.0,0.003882592644671127
2018-10-26,18.39,18.41,17.15,17.45,21890055.0,484802835.0,2002986332.0,0.010928709123113478
2018-10-29,17.31,17.31,16.21,16.43,18615641.0,389882779.0,2002986332.0,0.009293943100156911
2018-10-30,16.68,16.88,16.49,16.84,11355220.0,239274323.0,2002986332.0,0.005669145025399005
2018-10-31,16.87,17.38,16.87,17.21,9817298.0,211875004.0,2002986332.0,0.004901330499942722
2018-11-01,17.35,17.77,17.34,17.61,14470991.0,320876756.0,2002986332.0,0.007224707811935284
2018-11-02,18.1,18.25,17.81,18.19,16662352.0,379220428.0,2002986332.0,0.008318754718292307
2018-11-05,18.15,18.49,17.93,18.11,11031810.0,252390094.0,2002986332.0,0.005507681117816035
2018-11-06,18.11,18.25,18.0,18.14,5786808.0,132224728.0,2002986332.0,0.0028890901088784865
2018-11-07,18.12,18.31,18.05,18.11,6684931.0,153149582.0,2002986332.0,0.003337482085224733
2018-11-08,18.23,18.28,17.75,17.93,9138071.0,206891036.0,2002986332.0,0.004562223343219499
2018-11-09,17.78,17.92,17.67,17.69,7831557.0,175074173.0,2002986332.0,0.003909940310066979
2018-11-12,17.68,18.0,17.56,17.92,6932952.0,155697342.0,2002986332.0,0.0034613076930372186
2018-11-13,17.76,18.31,17.67,18.19,9688837.0,221129003.0,2002986332.0,0.004837195763750224
2018-11-14,18.07,18.23,17.92,18.11,6287302.0,143441769.0,2002986332.0,0.0031389640056715077
2018-11-15,18.0,18.12,17.81,18.0,8947583.0,201936883.0,2002986332.0,0.004467121346287848
2018-11-16,18.07,18.07,17.93,18.04,7606717.0,172488744.0,2002986332.0,0.00379768792151698
2018-11-19,18.04,18.19,17.75,18.07,9893343.0,222927159.0,2002986332.0,0.00493929631068496
2018-11-20,17.75,17.89,17.55,17.73,9518266.0,212326833.0,2002986332.0,0.004752037419294781
2018-11-21,17.52,17.75,17.5,17.59,6554356.0,145187687.0,2002986332.0,0.003272291924955582
2018-11-22,17.61,17.73,17.55,17.7,6019450.0,133806489.0,2002986332.0,0.0030052376812724053
2018-11-23,17.63,17.7,17.23,17.33,5718176.0,125413712.0,2002986332.0,0.002854825271967957
2018-11-26,17.38,17.46,17.08,17.26,4593183.0,99974743.0,2002986332.0,0.0022931674203755877
2018-11-27,17.26,17.37,17.14,17.16,3707258.0,80399081.0,2002986332.0,0.0018508653507876259
2018-11-28,17.16,17.2,16.88,17.09,5932475.0,127322309.0,2002986332.0,0.0029618150185160624
2018-11-29,17.23,17.37,16.98,16.99,6094622.0,131922426.0,2002986332.0,0.003042767642809856
2018-11-30,17.09,17.43,16.73,17.33,7206034.0,154832662.0,2002986332.0,0.0035976451186287973
2018-12-03,17.59,17.86,17.59,17.78,14338893.0,320942026.0,2002986332.0,0.007158757287016774
2018-12-04,17.79,17.87,17.61,17.73,6774843.0,151234234.0,2002986332.0,0.00338237105853601
2018-12-05,17.47,17.82,17.39,17.71,5666118.0,126076755.0,2002986332.0,0.002828835079639475
2018-12-06,17.55,17.73,17.39,17.44,6364222.0,140374043.0,2002986332.0,0.003177366664127591
2018-12-07,17.43,17.54,17.39,17.44,3764529.0,82763898.0,2002986332.0,0.0018794581569815724
2018-12-10,17.34,17.34,17.03,17.06,5863637.0,126393819.0,2002986332.0,0.00292744733517233
2018-12-11,17.15,17.22,16.94,17.03,5189659.0,111486567.0,2002986332.0,0.0025909607654776546
2018-12-12,17.08,17.2,17.06,17.11,4631691.0,99902160.0,2002986332.0,0.0023123927138210747
2018-12-13,17.15,17.58,17.15,17.53,7873035.0,173048169.0,2002986332.0,0.003930648389466893
2018-12-14,17.54,17.7,17.39,17.54,7427246.0,164574173.0,2002986332.0,0.0037080862117435556
2018-12-17,17.51,17.72,17.32,17.62,5286448.0,116818749.0,2002986332.0,0.0026392831121925
2018-12-18,17.54,17.81,17.45,17.77,8372968.0,186703042.0,2002986332.0,0.004180242204468523
2018-12-19,17.82,17.94,17.55,17.73,8094955.0,181680669.0,2002986332.0,0.004041442954788969
2018-12-20,17.69,17.87,17.63,17.69,5427867.0,121208791.0,2002986332.0,0.0027098871885861677
2018-12-21,17.66,17.84,17.41,17.76,7346215.0,163717777.0,2002986332.0,0.0036676311179141886
2018-12-24,17.63,18.0,17.63,17.96,6270305.0,141137022.0,2002986332.0,0.0031304781764232227
2018-12-25,17.77,18.07,17.76,18.0,6315535.0,142542553.0,2002986332.0,0.0031530594588201114
2018-12-26,17.92,18.46,17.91,18.43,8257444.0,189787381.0,2002986332.0,0.004122566324132061
2018-12-27,18.58,18.64,17.68,17.82,10798206.0,245241459.0,2002986332.0,0.00539105326256415
2018-12-28,17.8,18.16,17.77,18.09,5965151.0,135427600.0,2002986332.0,0.0029781286595419463
2019-01-02,18.09,18.15,17.39,17.82,7512665.0,167957743.0,2002986332.0,0.0037507320344510467
2019-01-03,17.77,17.77,17.05,17.19,10621386.0,230994517.0,2002986332.0,0.0053027750765500484
2019-01-04,17.07,17.32,16.84,17.26,7286159.0,156882396.0,2002986332.0,0.003637647887853885
2019-01-07,17.33,17.53,17.16,17.46,7793750.0,170478909.0,2002986332.0,0.0038910649940470986
2019-01-08,17.32,17.38,17.22,17.26,4034628.0,87689045.0,2002986332.0,0.0020143063063098325
2019-01-09,17.31,18.32,17.31,17.84,14706940.0,331865436.0,2002986332.0,0.007342506419060277
2019-01-10,17.8,17.96,17.65,17.8,5973737.0,133978159.0,2002986332.0,0.0029824152589374734
2019-01-11,17.8,17.92,17.73,17.91,4521849.0,101634060.0,2002986332.0,0.0022575535977247
2019-01-14,17.91,17.97,17.66,17.73,4819669.0,108185527.0,2002986332.0,0.0024062415818821474
2019-01-15,17.75,17.89,17.63,17.89,6020588.0,134672416.0,2002986332.0,0.0030058058329276707
2019-01-16,17.97,17.99,17.75,17.96,5108938.0,115163165.0,2002986332.0,0.002550660440552622
2019-01-17,17.88,18.23,17.88,18.14,7825788.0,178421677.0,2002986332.0,0.003907060110682772
2019-01-18,18.13,18.27,18.04,18.23,6041088.0,138464664.0,2002986332.0,0.0030160405507949316
2019-01-21,18.27,18.44,18.0,18.07,10334619.0,236780100.0,2002986332.0,0.0051596053527139096
2019-01-22,18.09,18.16,17.87,17.9,5882046.0,133135563.0,2002986332.0,0.0029366381118171303
2019-01-23,17.85,18.23,17.83,18.23,7991048.0,182055346.0,2002986332.0,0.003989566914328799
2019-01-24,18.07,18.38,17.96,18.24,7650737.0,175776087.0,2002986332.0,0.0038196651059324354
2019-01-25,18.19,18.52,18.19,18.27,8668444.0,200402274.0,2002986332.0,0.004327759936007392
2019-01-28,18.37,18.72,18.27,18.31,7511725.0,174756767.0,2002986332.0,0.0037502627351927434
2019-01-29,18.27,18.57,18.23,18.54,6025024.0,139895442.0,2002986332.0,0.00300802052602324
2019-01-30,18.5,18.5,18.2,18.31,5470992.0,126093501.0,2002986332.0,0.0027314175401971738
2019-01-31,18.27,18.53,18.19,18.47,7396126.0,171070065.0,2002986332.0,0.0036925494107665235
2019-02-01,18.45,18.65,18.27,18.64,8090763.0,188153533.0,2002986332.0,0.004039350079798747
2019-02-11,18.74,19.18,18.63,19.1,11361642.0,271114508.0,2002986332.0,0.005672351237991373
2019-02-12,19.12,19.69,19.12,19.55,10626079.0,260075739.0,2002986332.0,0.005305118078059856
2019-02-13,19.56,19.84,19.45,19.77,10641807.0,264097985.0,2002986332.0,0.0053129703533094305
2019-02-14,19.77,19.92,19.55,19.78,8567436.0,213019769.0,2002986332.0,0.004277331234430011
2019-02-15,19.75,19.85,19.3,19.3,10577789.0,259183105.0,2002986332.0,0.005281009076800829
2019-02-18,19.5,19.82,19.46,19.69,11430366.0,282969961.0,2002986332.0,0.005706662006318673
2019-02-19,19.69,19.85,19.36,19.56,11974171.0,295591430.0,2002986332.0,0.005978159116065301
2019-02-20,19.5,19.58,19.22,19.39,10257397.0,250036344.0,2002986332.0,0.0051210519193897325
2019-02-21,19.42,19.73,19.35,19.46,9878078.0,242663518.0,2002986332.0,0.004931675190282826
2019-02-22,19.27,19.49,18.97,19.35,10272532.0,247972004.0,2002986332.0,0.005128608136702952
2019-02-25,19.4,19.92,19.4,19.85,22339419.0,552774966.0,2002986332.0,0.011153056135781958
2019-02-26,19.9,19.93,19.58,19.66,18232457.0,454454630.0,2002986332.0,0.009102636752291128
2019-02-27,19.62,19.81,19.19,19.31,15768834.0,387072438.0,2002986332.0,0.007872661809057217
2019-02-28,19.38,19.46,19.12,19.26,10343954.0,251694943.0,2002986332.0,0.005164265893752489
2019-03-01,19.34,19.68,19.27,19.67,16459925.0,404405843.0,2002986332.0,0.00821769212152567
2019-03-04,19.68,20.23,19.63,19.87,29526777.0,740347767.0,2002986332.0,0.014741377176806417
2019-03-05,19.87,19.87,19.51,19.77,21841114.0,540142378.0,2002986332.0,0.010904275107155349
2019-03-06,19.81,20.03,19.6,19.97,20726781.0,516774309.0,2002986332.0,0.010347939308853955
2019-03-07,19.97,19.97,19.58,19.62,19309552.0,478999421.0,2002986332.0,0.009640381310400275
2019-03-08,19.42,19.43,18.93,18.95,20864791.0,504743155.0,2002986332.0,0.010416841426554477
2019-03-11,18.96,19.31,18.96,19.19,13947151.0,336404732.0,2002986332.0,0.006963178318882308
2019-03-12,19.24,19.36,19.13,19.23,16829446.0,408178997.0,2002986332.0,0.008402177154746556
2019-03-13,19.25,19.27,18.81,19.07,19488211.0,466668643.0,2002986332.0,0.009729577625495249
2019-03-14,19.01,19.42,18.9,19.23,15486006.0,374347635.0,2002986332.0,0.007731458648815183
2019-03-15,19.23,19.4,19.08,19.26,18079215.0,439092171.0,2002986332.0,0.009026129989587966
2019-03-18,19.46,19.46,19.03,19.42,47455234.0,1148245221.0,2002986332.0,0.023692240551944015
2019-03-19,19.45,19.76,19.29,19.68,31767503.0,778639170.0,2002986332.0,0.015860069783042333
2019-03-20,19.62,19.62,19.36,19.46,19972453.0,489968764.0,2002986332.0,0.009971337637664918
2019-03-21,19.46,19.51,19.28,19.34,18415183.0,448708545.0,2002986332.0,0.009193863535560062
2019-03-22,19.34,19.35,19.16,19.24,14467416.0,350655672.0,2002986332.0,0.0072229229769901395
2019-03-25,19.06,19.17,18.92,19.02,13122947.0,315020851.0,2002986332.0,0.0065516907381472835
2019-03-26,19.03,19.14,18.96,19.08,11942509.0,286090967.0,2002986332.0,0.005962351719132949
2019-03-27,19.06,19.22,18.96,19.22,9722684.0,233792452.0,2002986332.0,0.004854094031830868
2019-03-28,19.21,19.21,18.98,19.03,9875587.0,236887632.0,2002986332.0,0.004930431547248321
2019-03-29,19.03,19.42,18.96,19.32,19221253.0,466282343.0,2002986332.0,0.009596297634646067
2019-04-01,19.42,19.73,19.41,19.66,27906052.0,687841097.0,2002986332.0,0.013932222878493411
2019-04-02,19.81,19.85,19.46,19.56,21668576.0,533691112.0,2002986332.0,0.01081813472903918
2019-04-03,19.49,19.94,19.42,19.91,33223148.0,827605389.0,2002986332.0,0.016586807143524732
2019-04-04,20.01,20.28,19.85,19.93,28662270.0,723970642.0,2002986332.0,0.014309768140744358
2019-04-08,20.06,20.2,19.56,19.76,24201076.0,604471861.0,2002986332.0,0.012082496826543497
2019-04-09,19.78,20.23,19.69,20.22,26028441.0,653801154.0,2002986332.0,0.012994817080958494
2019-04-10,20.04,22.14,20.0,21.44,57317935.0,1522367213.0,2002986332.0,0.028616238705317334
2019-04-11,21.44,21.94,20.81,20.9,30128727.0,808931013.0,2002986332.0,0.015041903441206308
2019-04-12,20.98,21.31,20.7,20.9,17128137.0,451503805.0,2002986332.0,0.008551299989599729
2019-04-15,21.13,21.3,20.65,20.69,20012206.0,529509204.0,2002986332.0,0.009991184503000393
2019-04-16,20.57,21.01,20.39,21.01,16286078.0,424384921.0,2002986332.0,0.008130898219229585
2019-04-17,20.99,21.57,20.77,21.43,26244304.0,702247581.0,2002986332.0,0.013102587661591692
2019-04-18,21.67,21.85,21.31,21.41,16303597.0,442784505.0,2002986332.0,0.008139644659342589
2019-04-19,21.36,21.65,21.24,21.6,11458501.0,309622447.0,2002986332.0,0.005720708532523326
2019-04-22,21.71,21.76,20.89,21.01,15588523.0,418249563.0,2002986332.0,0.007782640725478501
2019-04-23,21.04,21.51,20.73,20.9,15618077.0,415528524.0,2002986332.0,0.00779739569386138
2019-04-24,20.95,21.3,20.87,21.08,10729052.0,284796974.0,2002986332.0,0.005356527814788903
2019-04-25,21.09,21.13,20.53,20.57,14574325.0,381033881.0,2002986332.0,0.007276297779549701
2019-04-26,20.57,20.76,20.09,20.12,14058897.0,361554167.0,2002986332.0,0.0070189680156040124
2019-04-29,19.85,20.45,19.7,19.93,18470112.0,467118591.0,2002986332.0,0.00922128708764449
2019-04-30,19.88,20.11,19.77,19.95,13112844.0,329135150.0,2002986332.0,0.006546646769629579
2019-05-06,19.22,19.3,18.46,18.93,30491425.0,720389475.0,2002986332.0,0.015222982060768251
2019-05-07,18.78,19.12,18.62,18.82,20666591.0,490544026.0,2002986332.0,0.010317889178686618
2019-05-08,18.58,18.74,18.3,18.5,13329584.0,310700133.0,2002986332.0,0.006654855196485684
2019-05-09,18.34,18.42,18.07,18.15,13869885.0,318292617.0,2002986332.0,0.006924602918358806
2019-05-10,18.32,18.85,18.09,18.69,14609138.0,340635607.0,2002986332.0,0.0072936783275064304
2019-05-13,18.49,18.62,18.28,18.4,6437603.0,149308862.0,2002986332.0,0.003214002460801615
2019-05-14,18.19,18.36,17.95,18.27,12445110.0,284552929.0,2002986332.0,0.006213277545220912
2019-05-15,18.37,18.68,18.37,18.58,12002135.0,280570108.0,2002986332.0,0.005992120269745305
2019-05-16,18.59,18.88,18.51,18.85,8721592.0,206154785.0,2002986332.0,0.0043542943157736935
2019-05-17,18.9,18.9,18.38,18.46,8653090.0,201906417.0,2002986332.0,0.0043200943819520785
2019-05-20,18.27,18.38,17.92,18.06,12672078.0,287686185.0,2002986332.0,0.006326592347410986
2019-05-21,18.03,18.34,18.01,18.27,10241200.0,235107694.0,2002986332.0,0.005112965493765536
2019-05-22,18.36,18.41,18.11,18.15,11740177.0,269219618.0,2002986332.0,0.005861336551546673
2019-05-23,18.16,18.22,17.59,17.74,15840126.0,356258469.0,2002986332.0,0.00790825466301784
2019-05-24,17.7,17.99,17.65,17.86,10733103.0,240652259.0,2002986332.0,0.00535855029489038
2019-05-27,17.93,17.98,17.67,17.95,15530892.0,349465507.0,2002986332.0,0.0077538681876537134
2019-05-28,17.99,18.23,17.8,18.16,19335942.0,438665367.0,2002986332.0,0.009653556637449885
2019-05-29,18.15,18.15,17.73,17.92,12666105.0,276295324.0,2002986332.0,0.006323610300102637
2019-05-30,17.9,17.98,17.76,17.92,8818720.0,191868026.0,2002986332.0,0.004402785909774246
2019-05-31,17.9,18.11,17.77,17.92,9543608.0,208902819.0,2002986332.0,0.004764689527596836
2019-06-03,17.92,18.05,17.68,17.69,10089357.0,218710319.0,2002986332.0,0.005037157188149999
2019-06-04,17.71,17.78,17.32,17.46,10831461.0,229763981.0,2002986332.0,0.005407655971962968
2019-06-05,17.58,17.77,17.41,17.45,12623051.0,271195045.0,2002986332.0,0.006302115395563268
2019-06-06,17.53,17.73,17.33,17.61,10906769.0,233107148.0,2002986332.0,0.005445253832116514
2019-06-10,17.69,18.02,17.69,17.96,9760716.0,212855165.0,2002986332.0,0.0048730816801200215
2019-06-11,18.24,18.45,18.15,18.36,15233438.0,339613723.0,2002986332.0,0.007605362930654286
2019-06-12,18.2,18.2,17.92,18.01,13146922.0,288406775.0,2002986332.0,0.006563660365506678
2019-06-13,18.0,18.0,17.57,17.76,14184223.0,305762291.0,2002986332.0,0.007081537588844615
2019-06-14,17.71,17.92,17.6,17.74,10247518.0,220848328.0,2002986332.0,0.005116119783886773
2019-06-17,17.69,17.82,17.59,17.63,7819604.0,168251989.0,2002986332.0,0.0039039727206685703
2019-06-18,17.64,17.7,17.55,17.63,6521504.0,140102239.0,2002986332.0,0.0032558904151323985
2019-06-19,17.93,18.02,17.65,17.74,16121390.0,350335849.0,2002986332.0,0.008048676989174781
2019-06-20,17.78,18.05,17.69,17.98,19498433.0,425554660.0,2002986332.0,0.009734681005302037
2019-06-21,17.99,18.28,17.97,18.09,19701948.0,435260872.0,2002986332.0,0.009836286790997434
2019-06-24,18.1,18.14,17.94,18.06,15013750.0,329641169.0,2002986332.0,0.007495682701443416
2019-06-25,18.06,18.1,17.65,17.78,16048264.0,348069844.0,2002986332.0,0.008012168502405936
2019-06-26,17.78,18.1,17.67,18.05,12584567.0,274377729.0,2002986332.0,0.006282902084226504
2019-06-27,18.1,18.33,18.09,18.24,14391584.0,319377454.0,2002986332.0,0.007185063507462816
2019-06-28,18.28,18.7,18.25,18.66,21155399.0,478194362.0,2002986332.0,0.01056192878704077
2019-07-01,19.05,19.15,18.72,18.93,28906740.0,664885894.0,2002986332.0,0.014431820895720421
2019-07-02,18.81,19.48,18.8,19.4,31235470.0,732799547.0,2002986332.0,0.015594449897624164
2019-07-03,19.42,19.44,19.13,19.2,16951117.0,398679895.0,2002986332.0,0.008462921952679605
2019-07-04,19.31,19.36,18.89,19.01,13595521.0,315605207.0,2002986332.0,0.006787625448459626
2019-07-05,19.07,19.38,19.02,19.27,11852203.0,277514137.0,2002986332.0,0.005917266039536809
2019-07-08,19.17,19.17,18.64,18.88,10394331.0,239168601.0,2002986332.0,0.005189416839215855
2019-07-09,18.88,19.02,18.65,18.8,8566527.0,196713984.0,2002986332.0,0.004276877412062141
2019-07-10,18.91,18.94,18.6,18.7,6639119.0,151441616.0,2002986332.0,0.0033146102366913206
2019-07-11,18.75,18.82,18.59,18.76,7415017.0,168892776.0,2002986332.0,0.0037019808280948367
2019-07-12,18.75,18.88,18.64,18.76,6217240.0,142178221.0,2002986332.0,0.00310398523478292
2019-07-15,18.64,18.79,18.19,18.65,10001388.0,226062414.0,2002986332.0,0.004993238266390727
2019-07-16,18.61,18.64,18.32,18.38,10076715.0,226144915.0,2002986332.0,0.005030845612380344
2019-07-17,18.44,18.48,18.29,18.4,5880258.0,131765298.0,2002986332.0,0.0029357454447172934
2019-07-18,18.31,18.31,18.15,18.15,6176377.0,136925789.0,2002986332.0,0.003083584196919023
2019-07-19,18.19,18.34,18.15,18.27,5268727.0,117175601.0,2002986332.0,0.0026304358226644153
2019-07-22,18.27,18.27,17.97,18.13,7635154.0,168789342.0,2002986332.0,0.0038118852225897267
2019-07-23,18.13,18.51,18.09,18.49,10108716.0,225425916.0,2002986332.0,0.005046822256598404
2019-07-24,18.55,18.74,18.49,18.6,7479014.0,169730069.0,2002986332.0,0.0037339316202583054
2019-07-25,18.6,18.68,18.44,18.67,6835109.0,154530226.0,2002986332.0,0.0034124591320476368
2019-07-26,18.56,18.71,18.42,18.58,7852652.0,177697969.0,2002986332.0,0.0039204720843796555
2019-07-29,18.51,18.7,18.48,18.55,7638861.0,172773099.0,2002986332.0,0.0038137359591328456
2019-07-30,18.55,18.82,18.47,18.7,10935223.0,249175247.0,2002986332.0,0.005459459620516272
2019-07-31,18.62,18.7,18.48,18.5,6939161.0,157020599.0,2002986332.0,0.003464407564414673
2019-08-01,18.47,18.47,18.23,18.28,8371491.0,186647786.0,2002986332.0,0.00417950480552755
2019-08-02,17.98,18.19,17.9,18.06,10064490.0,220755251.0,2002986332.0,0.005024742225749746
2019-08-05,18.05,18.05,17.64,17.64,9545446.0,207064537.0,2002986332.0,0.004765607157423179
2019-08-06,17.37,17.37,16.94,17.23,17158446.0,358221184.0,2002986332.0,0.008566431895152842
2019-08-07,17.32,17.41,17.09,17.23,6312271.0,132601520.0,2002986332.0,0.003151429892033831
2019-08-08,17.2,17.59,17.16,17.46,6829270.0,144713338.0,2002986332.0,0.003409543984846323
2019-08-09,17.49,17.58,17.16,17.21,6911868.0,145894286.0,2002986332.0,0.003450781410524373
2019-08-12,17.2,17.48,17.14,17.47,4737501.0,99801009.0,2002986332.0,0.0023652188356520446
2019-08-13,17.3,17.32,17.18,17.25,5228783.0,109826559.0,2002986332.0,0.00261049359971369
2019-08-14,17.45,17.51,17.18,17.32,9723376.0,205090544.0,2002986332.0,0.004854439515965704
2019-08-15,17.12,17.33,17.02,17.3,7298173.0,153091125.0,2002986332.0,0.00364364593177863
2019-08-16,17.34,17.4,17.25,17.35,5435746.0,114845294.0,2002986332.0,0.0027138208150289064
2019-08-19,17.41,17.73,17.41,17.7,9504680.0,203579837.0,2002986332.0,0.004745254547248703
2019-08-20,17.65,17.83,17.61,17.7,7312408.0,157822531.0,2002986332.0,0.00365075282001475
2019-08-21,17.74,17.78,17.5,17.53,6937217.0,148307639.0,2002986332.0,0.0034634370136081387
2019-08-22,17.49,17.95,17.49,17.94,9844911.0,213223271.0,2002986332.0,0.004915116415282658
2019-08-23,17.9,17.93,17.6,17.76,9826810.0,212645000.0,2002986332.0,0.004906079409033132
2019-08-26,17.53,18.09,17.39,18.01,17021493.0,371005187.0,2002986332.0,0.008498057489490648
2019-08-27,18.16,19.29,18.16,18.8,34775974.0,795444630.0,2002986332.0,0.017362062558497777
2019-08-28,18.88,19.11,18.6,18.65,12212012.0,278934206.0,2002986332.0,0.0060969023127612635
2019-08-29,18.15,18.56,18.08,18.17,23664655.0,526781140.0,2002986332.0,0.011814686212247204
2019-08-30,18.33,18.38,17.96,18.01,13834206.0,306234652.0,2002986332.0,0.0069067900159790006
2019-09-02,18.11,18.33,17.98,18.08,11841985.0,261091728.0,2002986332.0,0.005912164656748142
2019-09-03,18.12,18.17,17.9,17.98,10305751.0,225906026.0,2002986332.0,0.005145192872938686
2019-09-04,17.91,18.19,17.78,18.19,13009977.0,285282423.0,2002986332.0,0.006495289953880724
2019-09-05,18.19,18.54,18.19,18.27,13850967.0,309977198.0,2002986332.0,0.00691515802115818
2019-09-06,18.36,18.9,18.35,18.86,22118330.0,504636422.0,2002986332.0,0.011042676450974405
2019-09-09,18.9,19.07,18.74,18.88,13829323.0,318238702.0,2002986332.0,0.006904352156108472
2019-09-10,18.75,18.84,18.58,18.75,8559109.0,194880231.0,2002986332.0,0.0042731739419577825
2019-09-11,18.8,18.88,18.44,18.48,8697823.0,197256246.0,2002986332.0,0.004342427534847502
2019-09-12,18.56,18.98,18.56,18.98,14399515.0,330773797.0,2002986332.0,0.007189023095141121
2019-09-16,19.25,19.25,18.81,18.88,8630923.0,199187034.0,2002986332.0,0.004309027406783124
2019-09-17,18.88,18.93,18.39,18.47,8314227.0,188051125.0,2002986332.0,0.004150915494115314
2019-09-18,18.48,18.58,18.36,18.51,9191854.0,206704748.0,2002986332.0,0.00458907474961242
2019-09-19,18.6,18.62,18.39,18.47,7972473.0,179457563.0,2002986332.0,0.003980293261432
2019-09-20,18.58,18.58,18.31,18.35,8392839.0,187922863.0,2002986332.0,0.004190162891236344
2019-09-23,18.35,18.35,17.96,18.05,9751740.0,214447988.0,2002986332.0,0.0048686003714577515
2019-09-24,18.06,18.19,17.91,17.99,7175807.0,157558388.0,2002986332.0,0.0035825541519471536
2019-09-25,17.93,17.97,17.74,17.84,5863248.0,127470603.0,2002986332.0,0.002927253125160117
2019-09-26,17.9,17.97,17.75,17.81,5761197.0,125063747.0,2002986332.0,0.0028763037011078317
2019-09-27,17.82,17.88,17.7,17.8,5742362.0,124236219.0,2002986332.0,0.002866900242033204
2019-09-30,17.8,17.82,17.63,17.64,8739550.0,188178249.0,2002986332.0,0.004363259928625414
2019-10-08,17.7,17.81,17.65,17.75,6971274.0,150351976.0,2002986332.0,0.003480440125140105
2019-10-09,17.7,17.7,17.4,17.55,8136914.0,173500627.0,2002986332.0,0.004062391175617868
2019-10-10,17.59,17.69,17.5,17.64,5892839.0,126294466.0,2002986332.0,0.0029420265659606108
2019-10-11,17.64,17.98,17.57,17.94,10667038.0,231472339.0,2002986332.0,0.005325567044358643
2019-10-14,18.06,18.23,17.9,18.1,10574534.0,232432687.0,2002986332.0,0.00527938400330532
2019-10-15,18.1,18.1,17.73,17.89,7734032.0,168219762.0,2002986332.0,0.003861250512017972
2019-10-16,17.89,17.96,17.78,17.82,5355792.0,116397322.0,2002986332.0,0.0026739034183284683
2019-10-17,17.85,17.87,17.61,17.69,6123521.0,131952546.0,2002986332.0,0.0030571955994755135
2019-10-18,17.7,17.83,17.58,17.69,5827352.0,125716976.0,2002986332.0,0.002909331884547278
2019-10-21,17.65,17.7,17.45,17.69,8051739.0,171946516.0,2002986332.0,0.004019867171015723
2019-10-22,17.7,17.94,17.59,17.88,5758255.0,124668188.0,2002986332.0,0.0028748348942802472
2019-10-23,17.88,17.97,17.67,17.69,5575382.0,120988158.0,2002986332.0,0.0027835347205953874
2019-10-24,17.65,17.94,17.64,17.82,6608703.0,143110676.0,2002986332.0,0.003299424910903486
2019-10-25,17.82,17.97,17.82,17.91,5548078.0,120910727.0,2002986332.0,0.002769903074905256
2019-10-28,17.88,18.01,17.84,17.97,6846544.0,149473949.0,2002986332.0,0.003418168107599448
2019-10-29,18.02,18.02,17.88,17.97,8168756.0,178476235.0,2002986332.0,0.004078288438365639
2019-10-30,17.97,17.97,17.64,17.69,5875145.0,126972053.0,2002986332.0,0.0029331927563048393
2019-10-31,17.57,17.59,17.41,17.45,11419603.0,243328256.0,2002986332.0,0.005701288529811096
2019-11-01,17.55,17.83,17.41,17.69,10599773.0,227618389.0,2002986332.0,0.0052919846883907745
2019-11-04,17.76,18.29,17.74,18.24,20008805.0,441655301.0,2002986332.0,0.009989486538343488
2019-11-05,18.27,18.47,18.07,18.43,15814870.0,352734274.0,2002986332.0,0.007895645490605376
2019-11-06,18.52,18.54,18.1,18.15,9306109.0,206876436.0,2002986332.0,0.0046461170759501715
2019-11-07,18.29,18.46,18.16,18.38,8584023.0,191868208.0,2002986332.0,0.004285612369320951
2019-11-08,18.53,18.78,18.4,18.65,16761393.0,379813867.0,2002986332.0,0.00836820138620896
2019-11-11,18.65,18.65,18.26,18.47,8464029.0,189783649.0,2002986332.0,0.004225704821234896
2019-11-12,18.42,18.55,18.2,18.28,6958951.0,155301373.0,2002986332.0,0.003474287811565556
2019-11-13,18.42,18.5,18.16,18.42,6831741.0,152785173.0,2002986332.0,0.0034107776427902254
2019-11-14,18.42,18.5,18.25,18.29,4449295.0,99333400.0,2002986332.0,0.0022213306845470775
2019-11-15,18.29,18.42,18.11,18.16,5645831.0,125328467.0,2002986332.0,0.0028187067029871275
2019-11-18,18.1,18.16,17.7,17.88,10381296.0,226051756.0,2002986332.0,0.005182909056415868
2019-11-19,17.94,18.02,17.87,17.98,5815140.0,127183804.0,2002986332.0,0.002903234988225571
2019-11-20,17.98,18.12,17.9,17.91,6119197.0,134025365.0,2002986332.0,0.0030550368228873166
2019-11-21,17.86,17.94,17.71,17.87,5360515.0,116247684.0,2002986332.0,0.002676261397474179
2019-11-22,17.87,18.04,17.74,17.84,6071803.0,132300879.0,2002986332.0,0.0030313751536872693
2019-11-25,17.84,18.44,17.78,18.3,12525376.0,278072120.0,2002986332.0,0.006253350709334746
2019-11-26,18.35,18.52,18.22,18.38,8420459.0,188098095.0,2002986332.0,0.00420395230135799
2019-11-27,18.38,18.43,18.08,18.12,6864862.0,151957234.0,2002986332.0,0.0034273134520820085
2019-11-28,18.12,18.31,18.06,18.31,6406949.0,142029943.0,2002986332.0,0.0031986983124356137
2019-11-29,18.29,18.33,18.04,18.25,5540917.0,122774395.0,2002986332.0,0.002766327913215136
2019-12-02,18.22,18.34,18.11,18.17,5934239.0,131690526.0,2002986332.0,0.002962695703507177
2019-12-03,18.06,18.08,17.83,17.96,10406917.0,226623176.0,2002986332.0,0.0051957004567318235
2019-12-04,17.89,17.95,17.83,17.94,3558376.0,77563228.0,2002986332.0,0.0017765353378357451
2019-12-05,17.98,18.13,17.95,18.02,4710389.0,103409884.0,2002986332.0,0.0023516830468316946
2019-12-06,18.14,18.21,18.03,18.13,5818510.0,128458494.0,2002986332.0,0.002904917475992043
2019-12-09,18.11,18.38,18.06,18.26,6937691.0,154099529.0,2002986332.0,0.003463673660255411
2019-12-10,18.25,18.33,18.17,18.29,4685170.0,104306608.0,2002986332.0,0.002339092346836843
2019-12-11,18.39,18.75,18.24,18.59,14395731.0,324855785.0,2002986332.0,0.007187133915999183
2019-12-12,18.7,18.72,18.47,18.47,6247039.0,140979335.0,2002986332.0,0.003118862520525677
2019-12-13,18.72,18.95,18.56,18.83,14265917.0,326424524.0,2002986332.0,0.007122323688427446
2019-12-16,18.88,19.22,18.88,19.02,14256332.0,330357105.0,2002986332.0,0.007117538333756338
2019-12-17,19.02,19.09,18.86,19.02,9988194.0,230865097.0,2002986332.0,0.004986651102120451
2019-12-18,19.01,19.07,18.71,18.87,10381065.0,238265152.0,2002986332.0,0.005182793728619412
2019-12-19,18.87,18.95,18.67,18.8,7741368.0,177126098.0,2002986332.0,0.0038649130432508614
2019-12-20,18.84,19.01,18.73,18.95,9114550.0,209535817.0,2002986332.0,0.004550480377416774
2019-12-23,18.95,19.16,18.81,18.9,10384783.0,239948318.0,2002986332.0,0.005184649956962362
2019-12-24,18.89,19.12,18.79,18.93,9959441.0,229504685.0,2002986332.0,0.00497229603661619
2019-12-25,18.97,19.09,18.61,18.75,9570905.0,219530516.0,2002986332.0,0.004778317678505257
2019-12-26,18.73,18.85,18.6,18.75,6809915.0,155180697.0,2002986332.0,0.003399880913416038
2019-12-27,18.74,18.93,18.63,18.67,10125225.0,231496045.0,2002986332.0,0.005055064449635995
2019-12-30,18.68,19.15,18.47,19.12,21148282.0,484892470.0,2002986332.0,0.010558375592549974
2019-12-31,18.99,19.92,18.91,19.7,24928654.0,589727066.0,2002986332.0,0.012445743439052085
2020-01-02,19.71,20.29,19.7,20.17,20166814.0,492991381.0,2002986332.0,0.010068373247391686
2020-01-03,20.18,20.26,19.98,20.13,14029674.0,343939381.0,2002986332.0,0.007004378300470599
2020-01-06,20.04,20.88,19.88,20.42,22516664.0,563799414.0,2002986332.0,0.011241546504971358
2020-01-07,20.58,20.73,20.37,20.45,12812018.0,319893725.0,2002986332.0,0.006396458026354621
2020-01-08,20.47,20.9,20.3,20.54,16529001.0,414499902.0,2002986332.0,0.008252178627447568
2020-01-09,20.74,20.92,20.4,20.6,12505319.0,313396642.0,2002986332.0,0.006243337161224324
2020-01-10,20.69,20.76,20.5,20.58,8847176.0,222065662.0,2002986332.0,0.004416992696683064
2020-01-13,20.51,20.72,20.33,20.72,13387918.0,335526387.0,2002986332.0,0.006683978710245138
2020-01-14,20.81,21.55,20.81,21.5,23785606.0,618321591.0,2002986332.0,0.011875071546918574
2020-01-15,21.36,21.44,20.96,21.18,15572480.0,401215389.0,2002986332.0,0.0077746311850519405
2020-01-16,21.27,21.41,21.09,21.2,10679762.0,276053408.0,2002986332.0,0.005331919558999767
2020-01-17,21.2,21.31,20.59,21.05,17331259.0,440546221.0,2002986332.0,0.008652709568264793
2020-01-20,20.9,20.96,20.43,20.54,16916831.0,423759034.0,2002986332.0,0.008445804511860243
2020-01-21,20.65,20.65,20.17,20.32,13468638.0,333375337.0,2002986332.0,0.006724278535915641
2020-01-22,20.31,20.65,19.91,20.53,12745342.0,317457454.0,2002986332.0,0.006363169731304986
2020-01-23,20.57,20.6,19.71,20.19,18759408.0,461963216.0,2002986332.0,0.009365719426187278
2020-02-03,18.17,19.28,18.17,18.62,25900307.0,587319999.0,2002986332.0,0.012930845600997342
2020-02-04,18.71,20.02,18.71,19.59,17252468.0,408530165.0,2002986332.0,0.008613372804582872
2020-02-05,19.66,20.0,19.43,19.62,14684801.0,352967222.0,2002986332.0,0.0073314534230181656
2020-02-06,19.46,19.95,19.16,19.66,20703776.0,493596000.0,2002986332.0,0.010336453958388768
2020-02-07,19.66,19.66,19.22,19.57,12739406.0,300876587.0,2002986332.0,0.0063602061564142515
2020-02-10,19.5,19.83,19.3,19.81,13586718.0,324926889.0,2002986332.0,0.006783230510831064
2020-02-11,19.94,20.31,19.71,20.09,13711622.0,335346908.0,2002986332.0,0.00684558939865996
2020-02-12,20.12,20.29,19.87,20.12,13310572.0,324939292.0,2002986332.0,0.006645363369359228
2020-02-13,20.2,20.24,19.76,19.81,9600198.0,233776223.0,2002986332.0,0.004792942341455778
2020-02-14,19.71,20.12,19.67,20.03,8303766.0,202168728.0,2002986332.0,0.00414569279247583
2020-02-17,20.12,20.87,20.12,20.76,15129998.0,379528541.0,2002986332.0,0.007553720042059678
2020-02-18,20.76,20.86,20.35,20.45,11828698.0,295130672.0,2002986332.0,0.005905531061806566
2020-02-19,20.52,20.57,20.2,20.23,9727410.0,240941382.0,2002986332.0,0.004856453508740168
2020-02-20,20.28,20.65,20.2,20.6,15172027.0,378781643.0,2002986332.0,0.007574703210705683
2020-02-21,20.65,20.84,20.25,20.54,18712358.0,466955034.0,2002986332.0,0.009342229500545588
2020-02-24,20.5,20.71,20.34,20.66,19788063.0,494330919.0,2002986332.0,0.009879280094857881
2020-02-25,20.36,20.61,20.12,20.5,13874155.0,344636365.0,2002986332.0,0.006926734735202377
2020-02-26,20.29,20.51,20.12,20.12,12954442.0,320262192.0,2002986332.0,0.006467563853551048
2020-02-27,20.19,20.37,19.87,19.95,12417061.0,303547565.0,2002986332.0,0.006199273954905849
2020-02-28,19.54,19.54,18.9,19.02,20469539.0,477055349.0,2002986332.0,0.010219510075019323
2020-03-02,18.88,19.53,18.88,19.45,14226045.0,334330185.0,2002986332.0,0.0071024174118028876
2020-03-03,19.58,19.8,19.12,19.28,16972395.0,401907405.0,2002986332.0,0.008473545090571293
2020-03-04,19.16,19.38,19.14,19.32,13059516.0,305932716.0,2002986332.0,0.0065200225240478575
2020-03-05,19.54,19.65,19.16,19.65,23004316.0,543810536.0,2002986332.0,0.011485008975088702
2020-03-06,19.4,19.49,19.24,19.34,14206640.0,334867741.0,2002986332.0,0.007092729377646097
2020-03-09,19.05,19.06,18.76,18.88,18535648.0,426918821.0,2002986332.0,0.009254006232529798
2020-03-10,18.49,19.15,17.24,19.11,23964804.0,543694498.0,2002986332.0,0.011964536960205278
2020-03-11,18.97,19.12,18.83,18.85,16244843.0,375695374.0,2002986332.0,0.008110311458680488
2020-03-12,18.72,18.8,18.29,18.4,15830953.0,356176379.0,2002986332.0,0.007903675001213138
2020-03-13,17.24,17.99,17.24,17.9,26939972.0,579857981.0,2002986332.0,0.013449903062044459
2020-03-16,17.9,17.94,17.16,17.3,33196634.0,703605089.0,2002986332.0,0.01657356990891339
2020-03-17,17.24,17.47,16.31,16.62,29740841.0,604586262.0,2002986332.0,0.014848249598539946
2020-03-18,16.81,16.98,16.45,16.45,14816417.0,301652496.0,2002986332.0,0.007397163307253162
2020-03-19,16.36,16.42,15.42,15.85,28209315.0,542805694.0,2002986332.0,0.014083628305058249
2020-03-20,15.95,16.05,15.67,15.87,21720022.0,418337812.0,2002986332.0,0.010843819377595234
2020-03-23,15.48,15.48,14.66,14.72,35848999.0,648838017.0,2002986332.0,0.017897775150669374
2020-03-24,14.94,15.6,14.73,15.4,25277202.0,462678465.0,2002986332.0,0.012619757607012966
2020-03-25,15.75,16.87,15.71,16.84,36877115.0,735619415.0,2002986332.0,0.01841106672114825
2020-03-26,16.74,16.74,16.13,16.19,20868495.0,413462835.0,2002986332.0,0.010418690665334006
2020-03-27,16.26,16.5,15.95,16.05,17717548.0,348551825.0,2002986332.0,0.008845566101446567
2020-03-30,15.67,15.72,15.24,15.53,15119209.0,284551123.0,2002986332.0,0.007548333584934318
2020-03-31,15.68,15.83,15.49,15.75,12109205.0,231408485.0,2002986332.0,0.0060455754522842145
2020-04-01,15.6,15.9,15.44,15.49,12811424.0,244202439.0,2002986332.0,0.006396161469163735
2020-04-02,15.49,15.5,15.18,15.49,14404213.0,269019800.0,2002986332.0,0.007191368592923578
2020-04-03,15.52,15.58,15.31,15.4,14362263.0,270129218.0,2002986332.0,0.0071704248653854516
2020-04-07,15.6,15.72,15.42,15.62,22605972.0,428082091.0,2002986332.0,0.011286133928546448
2020-04-08,15.44,15.57,15.26,15.48,14068060.0,264548037.0,2002986332.0,0.007023542684863413
2020-04-09,15.53,15.58,15.44,15.49,9680057.0,182692175.0,2002986332.0,0.004832812308975856
2020-04-10,15.58,15.67,15.44,15.48,11831117.0,223645495.0,2002986332.0,0.005906738758514904
2020-04-13,15.49,15.56,15.34,15.41,7779761.0,146106892.0,2002986332.0,0.003884080922425386
2020-04-14,15.44,15.52,15.31,15.5,10669595.0,200769680.0,2002986332.0,0.005326843638192135
2020-04-15,15.53,15.67,15.47,15.57,12835574.0,243231198.0,2002986332.0,0.006408218466065898
2020-04-16,15.48,15.49,15.35,15.4,10698206.0,200725346.0,2002986332.0,0.005341127809553121
2020-04-17,15.49,16.0,15.42,15.79,25671442.0,492681286.0,2002986332.0,0.01281658371296365
2020-04-20,15.82,15.89,15.55,15.8,12112064.0,231917021.0,2002986332.0,0.0060470028209858
2020-04-21,15.76,15.76,15.44,15.53,13050597.0,247017674.0,2002986332.0,0.006515569672893804
2020-04-22,15.53,15.53,15.36,15.44,8657795.0,162753081.0,2002986332.0,0.0043224433745162475
2020-04-23,15.49,15.67,15.46,15.54,8856953.0,167900118.0,2002986332.0,0.004421873908223953
2020-04-24,15.55,15.62,15.37,15.44,8805927.0,165709906.0,2002986332.0,0.004396398946570545
2020-04-27,15.44,15.55,15.35,15.46,6030212.0,113662786.0,2002986332.0,0.003010610658525452
2020-04-28,15.56,15.6,15.09,15.49,10636597.0,200010421.0,2002986332.0,0.005310369237207555
2020-04-29,15.52,15.76,15.48,15.71,9997066.0,190665274.0,2002986332.0,0.00499108048831159
2020-04-30,15.79,16.34,15.79,16.25,17633692.0,347204167.0,2002986332.0,0.008803700613569639
2020-05-06,15.99,16.32,15.86,16.24,14187274.0,278951113.0,2002986332.0,0.007083060814415982
2020-05-07,16.23,17.04,16.08,16.93,23458283.0,475658518.0,2002986332.0,0.011711654056359282
2020-05-08,17.13,17.29,16.79,16.96,20498343.0,425699509.0,2002986332.0,0.01023389060250462
2020-05-11,16.98,17.32,16.97,17.2,15047267.0,315134646.0,2002986332.0,0.007512416215529123
2020-05-12,17.2,17.24,16.7,17.04,10441613.0,215040664.0,2002986332.0,0.00521302259190853
2020-05-13,17.0,17.0,16.72,16.82,7067931.0,144740630.0,2002986332.0,0.0035286965702569758
2020-05-14,16.75,16.81,16.49,16.52,8551906.0,173123693.0,2002986332.0,0.004269577811577398
2020-05-15,16.61,16.71,16.31,16.36,8389993.0,167946935.0,2002986332.0,0.00418874201284365
2020-05-18,16.33,16.58,16.11,16.41,6992865.0,139442675.0,2002986332.0,0.003491219529699716
2020-05-19,16.58,16.97,16.58,16.83,9016349.0,184196018.0,2002986332.0,0.004501453083305413
2020-05-20,16.84,16.84,16.58,16.6,6223010.0,126272739.0,2002986332.0,0.0031068659334216567
2020-05-21,16.72,16.74,16.36,16.41,5721193.0,115089658.0,2002986332.0,0.0028563315228852994
2020-05-22,16.4,16.4,16.02,16.16,6164804.0,121805585.0,2002986332.0,0.0030778063242420566
2020-05-25,16.16,16.3,15.98,16.08,6800682.0,133404015.0,2002986332.0,0.00339527129633953
2020-05-26,16.25,16.29,16.12,16.24,5291945.0,104391035.0,2002986332.0,0.002642027514344516
2020-05-27,16.42,16.59,16.26,16.41,7691668.0,153711787.0,2002986332.0,0.0038401000931043796
2020-05-28,16.38,16.41,16.0,16.09,8697912.0,171169073.0,2002986332.0,0.004342471968500682
2020-05-29,15.97,16.17,15.97,16.13,6993309.0,136750525.0,2002986332.0,0.0034914411987110854
2020-06-01,16.03,16.59,16.03,16.56,12870998.0,257122698.0,2002986332.0,0.006425904058540525
2020-06-02,16.57,16.68,16.41,16.5,9819769.0,197058091.0,2002986332.0,0.004902564157886625
2020-06-03,16.66,17.23,16.65,17.05,25920691.0,537828367.0,2002986332.0,0.01294102240533911
2020-06-04,17.12,17.24,16.94,17.15,14122959.0,294499897.0,2002986332.0,0.007050951259311938
2020-06-05,17.16,17.6,17.0,17.55,16845091.0,356968996.0,2002986332.0,0.008409987991870132
2020-06-08,17.69,18.05,17.55,17.83,18967053.0,412161052.0,2002986332.0,0.00946938713309203
2020-06-09,17.8,18.17,17.6,18.1,14851704.0,325213250.0,2002986332.0,0.007414780501857164
2020-06-10,18.09,18.09,17.41,17.51,18862155.0,403940477.0,2002986332.0,0.00941701633139252
2020-06-11,17.57,17.64,17.27,17.32,10511829.0,223257066.0,2002986332.0,0.005248078247994755
2020-06-12,16.93,17.76,16.84,17.68,12874160.0,272185527.0,2002986332.0,0.006427482701364734
2020-06-15,17.53,17.57,17.17,17.2,9893408.0,208827183.0,2002986332.0,0.004939328762229417
2020-06-16,17.41,17.46,17.1,17.24,9670863.0,203112328.0,2002986332.0,0.004828222162826022
2020-06-17,17.24,17.31,16.95,17.18,10706260.0,222629051.0,2002986332.0,0.005345148805538629
2020-06-18,17.1,17.41,17.04,17.34,9744436.0,204138157.0,2002986332.0,0.004864953816369827
2020-06-19,17.24,17.76,17.21,17.61,18171711.0,386923907.0,2002986332.0,0.009072309036605048
2020-06-22,17.53,17.6,17.22,17.27,17262928.0,364910543.0,2002986332.0,0.008618595006967825
2020-06-23,17.28,17.41,17.0,17.28,9893182.0,207810769.0,2002986332.0,0.004939215930705612
2020-06-24,17.32,17.51,17.31,17.44,9882265.0,209802571.0,2002986332.0,0.004933765569000398
2020-06-29,17.41,17.41,16.77,17.11,21316418.0,440891594.0,2002986332.0,0.010642318252224598
2020-06-30,17.11,17.19,17.06,17.14,8262065.0,172186072.0,2002986332.0,0.004124873379315701
2020-07-01,17.14,17.23,17.0,17.22,10086944.0,210227261.0,2002986332.0,0.005035952486968843
2020-07-02,17.19,17.74,17.07,17.7,20555865.0,439905338.0,2002986332.0,0.010262608721585624
2020-07-03,17.82,18.09,17.73,18.07,21182528.0,463208536.0,2002986332.0,0.010575473063188132
2020-07-06,18.14,19.05,18.03,18.88,40565266.0,917615967.0,2002986332.0,0.02025239281562906
2020-07-07,19.03,19.26,18.54,18.56,37636380.0,863440786.0,2002986332.0,0.018790133211952442
2020-07-08,18.47,18.88,18.33,18.75,20667631.0,467176180.0,2002986332.0,0.010318408403397933
2020-07-09,18.72,18.72,18.3,18.39,40945304.0,921908802.0,2002986332.0,0.020442128508743114
2020-07-10,18.39,18.39,17.96,17.98,37182489.0,820518632.0,2002986332.0,0.01856352607402615
2020-07-13,17.98,19.18,17.94,18.93,53278818.0,1211699376.0,2002986332.0,0.026599691245421837
2020-07-14,18.93,19.81,18.68,19.79,60417386.0,1437357316.0,2002986332.0,0.030163653657922215
2020-07-15,19.92,20.04,19.18,19.27,42477060.0,1011698132.0,2002986332.0,0.021206864630766736
2020-07-16,19.43,19.6,18.36,18.49,32444706.0,748550198.0,2002986332.0,0.016198166448596615
2020-07-17,18.51,19.87,18.51,19.72,57556810.0,1367000664.0,2002986332.0,0.028735498131197433
2020-07-20,20.12,21.4,19.72,21.26,63556348.0,1611643758.0,2002986332.0,0.031730794656266284
2020-07-21,21.09,22.4,21.02,21.45,50403953.0,1329708296.0,2002986332.0,0.02516440187071631
2020-07-22,21.51,21.76,21.11,21.35,35886613.0,936983046.0,2002986332.0,0.017916554110564944
2020-07-23,21.04,21.04,20.29,20.78,34034353.0,831366120.0,2002986332.0,0.016991804914622852
2020-07-24,20.71,20.71,19.47,19.72,34059031.0,807187051.0,2002986332.0,0.017004125517916913
2020-07-27,19.79,20.46,19.7,20.46,33576425.0,803430427.0,2002986332.0,0.016763182286158505
2020-07-28,20.54,21.15,20.38,20.51,21552692.0,530068221.0,2002986332.0,0.010760279117071878
2020-07-29,20.61,21.09,20.32,21.06,22735626.0,557784190.0,2002986332.0,0.011350864275393368
2020-07-30,21.06,21.3,20.57,20.63,18175937.0,447941431.0,2002986332.0,0.009074418886249295
2020-07-31,20.67,21.0,20.16,20.63,21592918.0,524948282.0,2002986332.0,0.010780362129800094
2020-08-03,20.77,22.69,20.77,22.67,52598339.0,1370102972.0,2002986332.0,0.026259959022026918
2020-08-04,22.68,23.21,22.46,22.77,37938518.0,1025958882.0,2002986332.0,0.018940976977170905
2020-08-05,22.77,23.01,22.12,22.99,32509207.0,868236955.0,2002986332.0,0.016230368865043258
2020-08-06,23.04,24.52,23.04,23.67,43085553.0,1216294736.0,2002986332.0,0.02151065751755714
2020-08-07,23.3,25.26,23.04,24.37,45167216.0,1304309273.0,2002986332.0,0.022549937200470122
2020-08-10,24.37,24.69,23.39,24.68,31317415.0,888433192.0,2002986332.0,0.01563536131009405
2020-08-11,24.64,25.53,24.63,24.78,33647867.0,1001027753.0,2002986332.0,0.016798850028298645
2020-08-12,24.52,24.81,23.3,23.67,35796260.0,1005487035.0,2002986332.0,0.01787144496600589
2020-08-13,23.72,24.32,23.44,23.74,19987095.0,563051141.0,2002986332.0,0.009978647722494793
2020-08-14,23.62,24.21,23.33,24.13,22186942.0,628399583.0,2002986332.0,0.011076931302794331
2020-08-17,24.37,25.66,24.01,25.51,29678588.0,881140381.0,2002986332.0,0.01481716950627699
2020-08-18,25.51,25.68,24.86,25.28,15193711.0,451854137.0,2002986332.0,0.007585529045936595
2020-08-19,25.28,25.28,24.14,24.15,29445343.0,850494936.0,2002986332.0,0.014700720883401415
2020-08-20,23.91,24.52,23.55,24.1,15965890.0,455532002.0,2002986332.0,0.007971042909742631
2020-08-21,24.03,24.6,23.67,24.04,18511316.0,527605855.0,2002986332.0,0.009241858371303155
2020-08-24,23.33,24.28,22.89,24.03,28761383.0,807653585.0,2002986332.0,0.01435925075498718
2020-08-25,24.06,24.81,24.01,24.35,18485846.0,534864714.0,2002986332.0,0.009229142358421245
2020-08-26,24.39,24.43,23.33,23.64,21001285.0,590205657.0,2002986332.0,0.010484986674387351
2020-08-27,23.74,23.97,23.17,23.86,17564343.0,491261114.0,2002986332.0,0.00876907781116102
2020-08-28,23.94,24.5,23.56,24.2,17481735.0,494412543.0,2002986332.0,0.008727835392937668
2020-08-31,24.21,25.22,24.21,24.5,28821046.0,844062301.0,2002986332.0,0.01438903777801715
2020-09-01,24.52,26.01,24.51,25.57,34772563.0,1036729589.0,2002986332.0,0.01736035960129557
2020-09-02,25.57,26.89,25.11,26.59,31799043.0,979070077.0,2002986332.0,0.01587581627092201
2020-09-03,26.58,26.58,25.47,26.47,27515091.0,846222577.0,2002986332.0,0.013737033828146962
2020-09-04,25.53,26.47,25.25,26.03,19564841.0,602174905.0,2002986332.0,0.009767835500137602
2020-09-07,26.11,26.76,25.69,25.95,23768218.0,736064648.0,2002986332.0,0.011866390509149016
2020-09-08,25.94,26.15,25.23,25.96,17240768.0,525632611.0,2002986332.0,0.008607531526580581
2020-09-09,25.62,25.76,24.65,24.67,25665495.0,764988311.0,2002986332.0,0.012813614646273083
2020-09-10,24.87,26.29,24.87,25.48,31439567.0,953971992.0,2002986332.0,0.015696346249456084
2020-09-11,25.48,26.48,25.19,26.35,21810168.0,670472928.0,2002986332.0,0.010888825176466556
2020-09-14,26.34,27.05,25.83,26.94,21845326.0,685835634.0,2002986332.0,0.010906377967236173
2020-09-15,26.72,27.42,26.1,27.05,19791740.0,628445136.0,2002986332.0,0.009881115853765096
2020-09-16,26.95,28.83,26.92,28.15,29876288.0,989361821.0,2002986332.0,0.014915872126879795
2020-09-17,27.98,30.59,27.73,30.27,42630879.0,1494228371.0,2002986332.0,0.02128365946333377
2020-09-18,29.81,30.14,28.48,29.53,34018416.0,1179282636.0,2002986332.0,0.016983848295176483
2020-09-21,29.46,29.68,28.75,28.97,24259082.0,837202850.0,2002986332.0,0.012111456584817075
2020-09-22,28.75,29.23,28.24,28.47,22873380.0,776277635.0,2002986332.0,0.011419638583934182
2020-09-23,28.47,28.98,28.32,28.78,18172014.0,616379999.0,2002986332.0,0.009072460310727672
2020-09-24,28.35,28.59,27.63,27.81,21732452.0,721036209.0,2002986332.0,0.010850025111404505
2020-09-25,28.05,28.13,27.12,27.36,18651030.0,605306479.0,2002986332.0,0.009311611218722985
2020-09-28,27.8,27.88,26.91,27.23,16136592.0,520269827.0,2002986332.0,0.008056266656541518
2020-09-29,27.48,27.53,26.67,26.82,19572813.0,624580074.0,2002986332.0,0.00977181555725164
2020-09-30,26.95,27.94,26.74,27.38,27192142.0,886102718.0,2002986332.0,0.013575800076902372
2020-10-09,28.45,28.75,27.34,27.64,28129010.0,927275534.0,2002986332.0,0.014043535670017742
2020-10-12,27.73,28.31,27.11,28.2,33222510.0,1087180168.0,2002986332.0,0.01658648861913452
2020-10-13,28.19,28.2,27.27,27.53,33515092.0,1090641135.0,2002986332.0,0.01673256150806325
2020-10-14,27.48,27.78,27.06,27.49,24912479.0,809794095.0,2002986332.0,0.01243766799702755
2020-10-15,27.56,27.76,26.83,26.9,26950351.0,865588257.0,2002986332.0,0.013455084824812474
2020-10-16,26.71,26.72,25.36,25.48,49171976.0,1497154146.0,2002986332.0,0.02454933177247462
2020-10-19,25.63,25.73,25.09,25.16,27728257.0,830483220.0,2002986332.0,0.013843457919312453
2020-10-20,25.16,26.41,25.07,26.23,30074815.0,913831359.0,2002986332.0,0.015014987630979002
2020-10-21,26.23,26.55,25.79,26.38,20209227.0,629086488.0,2002986332.0,0.010089548129777253
2020-10-22,26.58,26.58,25.73,25.92,15168207.0,466382663.0,2002986332.0,0.0075727960584006625
2020-10-23,26.1,27.35,25.96,26.72,28642047.0,907503219.0,2002986332.0,0.014299671716381936
2020-10-26,26.3,27.76,25.67,27.56,31669315.0,1021891589.0,2002986332.0,0.015811048979239864
2020-10-27,27.48,27.5,26.23,26.92,30054610.0,954066814.0,2002986332.0,0.015004900193198122
2020-10-28,26.76,28.76,26.51,28.38,50967054.0,1693133677.0,2002986332.0,0.025445532595875946
2020-10-29,27.8,30.63,27.57,29.4,41933961.0,1428885881.0,2002986332.0,0.020935719994718365
2020-10-30,30.14,32.34,30.14,31.69,72540259.0,2711190404.0,2002986332.0,0.036216052921123974
2020-11-02,32.13,33.4,31.29,32.72,39067425.0,1502145199.0,2002986332.0,0.019504588910994127
2020-11-03,32.79,32.96,31.48,31.92,32377001.0,1227220690.0,2002986332.0,0.016164364420635496
2020-11-04,32.28,35.12,31.92,34.55,46896992.0,1866999340.0,2002986332.0,0.023413535704546184
2020-11-05,34.81,37.48,34.31,36.41,53028777.0,2255978343.0,2002986332.0,0.02647485714345853
2020-11-06,36.41,37.07,34.94,36.65,37673273.0,1604365872.0,2002986332.0,0.0188085522093318
2020-11-09,36.02,36.32,34.72,35.51,44761499.0,1869063330.0,2002986332.0,0.022347381150277366
2020-11-10,35.09,35.73,34.16,35.02,30716551.0,1269733216.0,2002986332.0,0.01533537723611386
2020-11-11,35.02,35.59,34.39,34.48,22674901.0,936749903.0,2002986332.0,0.01132054704405242
2020-11-12,34.64,36.01,34.5,35.13,23512766.0,980445008.0,2002986332.0,0.011738854940923282
2020-11-13,35.38,35.97,34.39,34.87,17556590.0,723484627.0,2002986332.0,0.008765207090789075
2020-11-16,35.32,36.31,34.34,34.65,28142387.0,1161245170.0,2002986332.0,0.014050214197867028
2020-11-17,35.02,35.51,34.4,34.93,24859591.0,1027737473.0,2002986332.0,0.012411263423439078
2020-11-18,34.49,35.14,33.83,34.66,23291297.0,948424747.0,2002986332.0,0.011628285539394285
2020-11-19,34.81,34.91,33.52,34.03,26330575.0,1057293899.0,2002986332.0,0.013145658849158836
2020-11-20,34.22,34.84,33.82,34.6,20722386.0,844564813.0,2002986332.0,0.01034574508519412
2020-11-23,34.95,35.93,34.88,35.41,33890005.0,1423966068.0,2002986332.0,0.01691973852171049
2020-11-24,35.69,36.06,34.33,34.68,22907430.0,945888723.0,2002986332.0,0.011436638200684437
2020-11-25,34.68,35.38,34.09,34.35,16993130.0,696919250.0,2002986332.0,0.00848389713325313
2020-11-26,33.82,34.34,32.53,33.96,29807067.0,1173352338.0,2002986332.0,0.01488131322905103
2020-11-27,33.82,33.94,33.29,33.75,15367864.0,610064322.0,2002986332.0,0.007672475720118893
2020-11-30,33.9,34.2,32.68,33.9,24557537.0,966472576.0,2002986332.0,0.012260461595601143
2020-12-01,33.52,33.73,33.21,33.68,15695635.0,622483708.0,2002986332.0,0.007836116876707674
2020-12-02,33.68,33.68,32.96,33.14,14496873.0,568547334.0,2002986332.0,0.007237629517683599
2020-12-03,33.13,33.48,32.87,33.14,13100641.0,514327884.0,2002986332.0,0.0065405543665986434
2020-12-04,33.31,33.78,32.72,33.03,18401617.0,720945432.0,2002986332.0,0.009187090648604585
2020-12-07,33.23,33.33,32.63,32.75,16572411.0,643877930.0,2002986332.0,0.008273851266599656
2020-12-08,32.77,33.23,32.56,32.75,13712029.0,532485173.0,2002986332.0,0.006845792595253715
2020-12-09,33.07,33.08,31.78,31.92,17953981.0,684692432.0,2002986332.0,0.008963606347764134
2020-12-10,32.09,32.87,31.35,32.48,16497059.0,629522514.0,2002986332.0,0.008236231439246785
2020-12-11,32.6,32.61,30.93,32.13,26343382.0,981482371.0,2002986332.0,0.013152052801925959
2020-12-14,31.54,32.09,31.27,31.96,17716073.0,665929469.0,2002986332.0,0.008844829701014655
2020-12-15,32.09,34.33,31.87,33.71,40363310.0,1585682541.0,2002986332.0,0.020151565367746104
2020-12-16,33.79,34.19,33.18,33.62,29981538.0,1194232199.0,2002986332.0,0.014968418666173903
2020-12-17,33.19,33.37,32.14,33.08,29941666.0,1163101976.0,2002986332.0,0.014948512389549347
2020-12-18,32.67,34.11,32.56,33.99,26501400.0,1052725460.0,2002986332.0,0.013230944004264928
2020-12-21,33.99,36.02,33.66,36.02,44049326.0,1832373875.0,2002986332.0,0.021991825553805126
2020-12-22,35.8,36.09,34.95,35.51,23230452.0,977053074.0,2002986332.0,0.011597908397509724
2020-12-23,35.48,38.05,35.18,37.45,33383728.0,1464464682.0,2002986332.0,0.016666977435969843
2020-12-24,37.47,40.99,36.86,39.32,37809653.0,1736779810.0,2002986332.0,0.018876640542148243
2020-12-25,39.32,40.92,38.55,39.32,27579403.0,1296151852.0,2002986332.0,0.013769141885487415
2020-12-28,39.32,40.8,38.95,39.82,23561077.0,1112071517.0,2002986332.0,0.011762974426527439
2020-12-29,39.82,41.45,38.54,38.83,31385214.0,1482360468.0,2002986332.0,0.015669210267981
2020-12-30,39.36,40.98,38.93,40.5,25550741.0,1217119670.0,2002986332.0,0.012756323191924806
2020-12-31,40.24,41.09,39.73,40.62,21094688.0,1012055473.0,2002986332.0,0.010531618545263244
2021-01-04,42.95,44.39,42.34,43.08,31504832.0,1614806195.0,2002986332.0,0.01572893009636373
2021-01-05,43.96,43.96,42.32,43.12,30016826.0,1527886068.0,2002986332.0,0.014986036360032436
2021-01-06,43.11,44.18,42.27,43.03,23038675.0,1172876316.0,2002986332.0,0.011502162861488762
2021-01-07,42.46,43.57,42.46,43.08,25360907.0,1291825108.0,2002986332.0,0.01266154770745585
2021-01-08,43.38,44.81,42.88,43.52,21887824.0,1132491741.0,2002986332.0,0.010927595286256801
2021-01-11,44.62,47.88,44.62,47.88,50576396.0,2828960866.0,2002986332.0,0.02525049481965212
2021-01-12,47.35,47.85,45.02,47.53,39454396.0,2184960832.0,2002986332.0,0.019697785935765436
2021-01-13,47.94,49.94,46.64,47.86,39625660.0,2275809057.0,2002986332.0,0.019783290263610247
2021-01-14,47.77,47.77,44.46,46.02,33765234.0,1827985160.0,2002986332.0,0.0168574460347341
2021-01-15,46.5,46.53,42.36,44.57,37751172.0,1970223264.0,2002986332.0,0.018847443637972864
2021-01-18,44.89,46.67,44.7,46.07,29200813.0,1585907350.0,2002986332.0,0.014578638173153545
2021-01-19,46.06,47.48,45.04,45.27,21452989.0,1171292487.0,2002986332.0,0.010710501942656292
2021-01-20,45.84,47.99,45.49,47.45,26679992.0,1489598117.0,2002986332.0,0.013320106869306386
2021-01-21,47.46,50.99,47.18,50.94,41669266.0,2457191174.0,2002986332.0,0.020803569816870822
2021-01-22,50.94,53.54,50.05,52.89,38059709.0,2356226306.0,2002986332.0,0.0190014821329295
2021-01-25,52.88,55.64,51.07,53.92,41553102.0,2634920288.0,2002986332.0,0.02074557441363509
2021-01-26,53.77,53.77,50.22,50.3,35655761.0,2164517267.0,2002986332.0,0.017801300203779923
2021-01-27,50.98,52.94,49.87,52.93,35214810.0,2165092821.0,2002986332.0,0.01758115341947326
2021-01-28,51.57,52.38,49.71,50.05,31812704.0,1909814739.0,2002986332.0,0.01588263658705785
2021-01-29,51.05,51.26,48.44,49.88,25937498.0,1529177625.0,2002986332.0,0.012949413376226673
2021-02-01,49.08,50.35,48.34,49.89,23049761.0,1353199034.0,2002986332.0,0.011507697597209566
2021-02-02,49.89,52.5,49.89,52.12,32525326.0,1985380313.0,2002986332.0,0.016238416348814108
2021-02-03,52.08,52.25,50.73,51.16,19836504.0,1207835722.0,2002986332.0,0.009903464483550953
2021-02-04,50.73,50.73,48.61,49.87,25594498.0,1503443783.0,2002986332.0,0.012778169072398843
2021-02-05,49.89,50.21,47.35,48.57,28623663.0,1643453565.0,2002986332.0,0.014290493421100389
2021-02-08,49.05,49.86,47.56,49.04,22537544.0,1302309449.0,2002986332.0,0.011251970939560062
2021-02-09,49.37,51.57,48.7,50.73,28095171.0,1673953054.0,2002986332.0,0.01402664139597334
2021-02-10,51.15,51.34,49.04,50.71,28997979.0,1727084598.0,2002986332.0,0.014477372379793154
2021-02-18,52.06,52.42,49.12,49.3,28246235.0,1674771591.0,2002986332.0,0.014102060782309921
2021-02-19,49.39,49.39,46.08,47.34,38189586.0,2126290675.0,2002986332.0,0.019066323813536637
2021-02-22,48.61,48.67,44.07,44.14,45057595.0,2427352898.0,2002986332.0,0.022495208419624903
2021-02-23,43.12,44.68,42.21,43.86,36732031.0,1895815177.0,2002986332.0,0.01833863287690173
2021-02-24,43.86,44.23,41.12,41.54,36979083.0,1851696143.0,2002986332.0,0.018461974707074537
2021-02-25,42.26,43.06,41.55,42.32,30740499.0,1536161006.0,2002986332.0,0.015347333383600942
2021-02-26,41.08,41.29,39.8,40.03,36265777.0,1728719311.0,2002986332.0,0.018105853455219683
2021-03-01,40.41,41.91,40.06,41.91,34927052.0,1701140708.0,2002986332.0,0.017437488934397782
2021-03-02,42.32,42.94,41.64,42.43,30438148.0,1523443324.0,2002986332.0,0.015196383277167564
2021-03-03,42.36,44.6,42.01,44.05,38161378.0,1981756107.0,2002986332.0,0.019052240841751285
2021-03-04,43.78,43.79,41.26,41.68,32312783.0,1615527615.0,2002986332.0,0.016132303293220875
2021-03-05,40.47,41.84,39.11,41.5,24902768.0,1202710057.0,2002986332.0,0.01243281973628565
2021-03-08,41.43,42.26,38.5,38.75,36773265.0,1737017974.0,2002986332.0,0.018359219138196298
2021-03-09,38.26,39.3,36.86,37.78,30023678.0,1352811714.0,2002986332.0,0.014989457252072751
2021-03-10,39.06,40.23,38.72,39.8,32429506.0,1513781155.0,2002986332.0,0.016190577779738938
2021-03-11,40.12,41.8,39.58,41.46,22832621.0,1109130280.0,2002986332.0,0.011399289468541416
2021-03-12,41.78,42.12,40.39,41.21,16110193.0,786330824.0,2002986332.0,0.008043086836201137
2021-03-15,41.19,41.19,38.98,39.61,17791662.0,837542990.0,2002986332.0,0.008882567851691161
2021-03-16,40.22,40.5,39.33,39.91,11845438.0,558538362.0,2002986332.0,0.005913888582640613
2021-03-17,39.28,40.75,38.76,39.96,14760281.0,697143440.0,2002986332.0,0.00736913715495089
2021-03-18,40.21,40.84,39.97,40.48,13278012.0,634643357.0,2002986332.0,0.0066291076418588364
2021-03-19,39.31,39.73,38.73,38.89,15527297.0,719544738.0,2002986332.0,0.007752073367617967
2021-03-22,39.08,39.49,38.59,39.1,12352439.0,570966849.0,2002986332.0,0.006167011128661062
2021-03-23,39.1,39.11,37.28,37.69,23938140.0,1071807957.0,2002986332.0,0.011951224837414417
2021-03-24,37.69,38.04,34.51,35.26,48271240.0,2030678981.0,2002986332.0,0.024099635244041195
2021-03-25,34.99,35.16,34.22,34.87,21779236.0,892486621.0,2002986332.0,0.010873382235341185
2021-03-26,35.42,36.65,35.26,36.34,22154053.0,944965543.0,2002986332.0,0.011060511320553534
2021-03-29,36.85,36.99,35.53,36.05,23125174.0,987083806.0,2002986332.0,0.011545347879088773
2021-03-30,35.93,39.65,35.77,39.65,36542339.0,1660326020.0,2002986332.0,0.018243928286576047
2021-03-31,40.16,40.24,38.05,38.96,30200628.0,1391849681.0,2002986332.0,0.015077800341175769
2021-04-01,38.98,40.07,38.98,39.86,16562420.0,779403476.0,2002986332.0,0.008268863214589325
2021-04-02,39.9,41.0,39.24,40.68,17780563.0,851096975.0,2002986332.0,0.008877026625661467
2021-04-06,40.68,41.17,39.65,40.46,19133083.0,911792755.0,2002986332.0,0.009552278362726242
2021-04-07,40.95,40.99,38.74,39.06,23439752.0,1089110247.0,2002986332.0,0.01170240237066181
2021-04-08,38.89,39.31,38.22,39.16,19621823.0,901329785.0,2002986332.0,0.009796284021772347
2021-04-09,39.29,39.31,37.05,37.5,30370627.0,1345417417.0,2002986332.0,0.015162673112039988
2021-04-12,37.71,37.78,36.15,36.5,20026547.0,867066381.0,2002986332.0,0.009998344312216705
2021-04-13,36.75,37.11,36.28,36.57,13280609.0,576663307.0,2002986332.0,0.006630404205873533
2021-04-14,36.74,37.57,36.66,37.4,14681240.0,646703329.0,2002986332.0,0.007329675577636443
2021-04-15,37.19,37.96,36.82,37.45,12363656.0,545500422.0,2002986332.0,0.006172611266725309
2021-04-16,38.21,38.64,36.83,38.1,24942799.0,1116335070.0,2002986332.0,0.012452805394380494
2021-04-19,38.09,41.92,37.44,41.92,46914984.0,2272821329.0,2002986332.0,0.02342251829205193
2021-04-20,41.01,42.25,40.75,41.56,33461444.0,1649298225.0,2002986332.0,0.016705777501031895
2021-04-21,41.82,41.85,40.32,40.84,19843811.0,963865451.0,2002986332.0,0.00990711253640247
2021-04-22,41.41,41.42,40.27,41.2,17174681.0,831294293.0,2002986332.0,0.008574537292449183
2021-04-23,41.09,41.89,40.48,41.14,21278929.0,1040879629.0,2002986332.0,0.010623601699145294
2021-04-26,41.17,43.96,41.17,42.75,35167016.0,1785520071.0,2002986332.0,0.017557292048461168
2021-04-27,42.99,43.54,42.15,42.97,19611980.0,995680324.0,2002986332.0,0.00979136985943247
2021-04-28,42.95,43.41,41.78,43.2,17443075.0,885962558.0,2002986332.0,0.008708534212803605
2021-04-29,43.19,43.53,42.53,43.3,16518855.0,839313914.0,2002986332.0,0.00824711319098507
2021-04-30,43.33,44.81,42.62,43.4,18187022.0,936724251.0,2002986332.0,0.009079953122715567
2021-05-06,43.12,43.16,41.23,41.77,22358479.0,1108189281.0,2002986332.0,0.011162571927125862
2021-05-07,41.68,42.27,40.92,41.0,15667754.0,767400439.0,2002986332.0,0.007822197161153668
2021-05-10,41.0,41.54,40.06,41.4,14686148.0,711949549.0,2002986332.0,0.007332125918870224
2021-05-11,40.97,40.98,38.47,40.29,22883333.0,1072244870.0,2002986332.0,0.01142460766427237
2021-05-12,40.1,41.66,39.91,41.25,15736602.0,762903345.0,2002986332.0,0.007856569837042702
2021-05-13,40.95,41.16,40.0,40.11,11591919.0,554178221.0,2002986332.0,0.005787318073421582
2021-05-14,40.56,41.57,40.06,41.39,15378228.0,743496854.0,2002986332.0,0.007677649994068956
2021-05-17,41.4,43.36,41.39,43.03,21051297.0,1069030590.0,2002986332.0,0.010509955391947228
2021-05-18,43.04,43.12,41.94,42.78,13216421.0,663564973.0,2002986332.0,0.006598358056094813
2021-05-19,42.42,43.54,41.82,43.34,17596071.0,893445938.0,2002986332.0,0.008784918158892359
2021-05-20,43.04,43.71,42.43,42.48,15508763.0,785811721.0,2002986332.0,0.007742820184156903
2021-05-21,42.87,43.34,41.77,42.09,13594737.0,679240453.0,2002986332.0,0.006787234032908019
2021-05-24,42.09,42.31,41.24,42.19,13863219.0,684376561.0,2002986332.0,0.00692127488766109
2021-05-25,42.34,43.27,42.1,43.03,22280956.0,1125676473.0,2002986332.0,0.01112386821818812
2021-05-26,43.13,44.45,42.27,42.65,24408725.0,1251909751.0,2002986332.0,0.01218616653046637
2021-05-27,42.81,43.27,41.85,43.04,20055960.0,1017349100.0,2002986332.0,0.010013028885710838
2021-05-28,43.22,44.1,42.77,43.54,23740623.0,1221089564.0,2002986332.0,0.011852613580390622
2021-05-31,43.66,44.29,42.22,44.21,21409697.0,1099246276.0,2002986332.0,0.010688888215538758
2021-06-01,43.63,44.05,42.66,43.2,20614292.0,1054301944.0,2002986332.0,0.010291778666016379
2021-06-02,43.36,44.26,42.38,42.47,22107030.0,1130174625.0,2002986332.0,0.011037034874784158
2021-06-03,42.61,44.22,41.93,42.81,27600385.0,1409319662.0,2002986332.0,0.013779617244038188
2021-06-04,42.64,46.08,42.13,45.55,38919022.0,2060211781.0,2002986332.0,0.01943049804096217
2021-06-07,45.55,46.39,44.31,44.98,22539913.0,1202150155.0,2002986332.0,0.011253153673541893
2021-06-08,44.81,46.27,44.39,45.43,25989054.0,1394519236.0,2002986332.0,0.01297515294278104
2021-06-09,44.82,47.6,44.81,47.47,32929602.0,1825570180.0,2002986332.0,0.016440252973228976
2021-06-10,46.75,48.06,46.74,47.52,27040182.0,1520010974.0,2002986332.0,0.013499933358506811
2021-06-11,47.77,49.76,47.18,49.03,27494738.0,1579377241.0,2002986332.0,0.013726872500695627
2021-06-15,49.04,50.66,48.1,48.75,22516478.0,1310568619.0,2002986332.0,0.011241453643628758
2021-06-16,48.7,48.7,45.55,45.86,30159552.0,1661136764.0,2002986332.0,0.015057292962096958
2021-06-17,45.86,47.1,45.84,46.42,17013089.0,936430367.0,2002986332.0,0.0084938617544196
2021-06-18,47.03,47.71,46.16,47.34,19498975.0,1085675821.0,2002986332.0,0.009734951601257357
2021-06-21,47.3,49.99,46.16,49.81,30100340.0,1746464307.0,2002986332.0,0.015027731102860067
2021-06-22,50.21,50.31,48.36,49.7,21829523.0,1273678673.0,2002986332.0,0.010898488247896842
2021-06-23,49.37,51.18,49.04,50.69,22203749.0,1331226926.0,2002986332.0,0.011085322273681895
2021-06-24,50.7,50.9,48.78,49.27,20978068.0,1228586974.0,2002986332.0,0.010473395481961781
2021-06-25,49.54,49.54,47.77,48.46,24620271.0,1411425686.0,2002986332.0,0.012291781829293082
2021-06-28,48.47,49.3,47.94,48.72,25847202.0,1487423928.0,2002986332.0,0.012904332689175834
2021-06-29,48.72,48.72,47.18,47.94,20976565.0,1181981606.0,2002986332.0,0.010472645102403024
2021-06-30,47.94,48.12,46.92,47.22,17018063.0,952698558.0,2002986332.0,0.008496345046452369
2021-07-01,47.28,47.75,46.33,46.49,15800150.0,863815280.0,2002986332.0,0.007888296463922152
2021-07-02,46.7,46.99,45.99,46.62,16296342.0,886991944.0,2002986332.0,0.008136022567726638
2021-07-05,46.62,46.63,45.03,45.42,23302416.0,1236844607.0,2002986332.0,0.011633836750514581
2021-07-06,45.24,45.93,44.56,45.11,18271133.0,963617392.0,2002986332.0,0.009121945920497674
2021-07-07,45.11,47.34,44.44,47.08,22950591.0,1247374637.0,2002986332.0,0.011458186525458528
2021-07-08,46.79,47.25,45.73,45.97,18232646.0,981799677.0,2002986332.0,0.00910273111139732
2021-07-09,45.5,46.28,42.57,46.23,30812025.0,1601031770.0,2002986332.0,0.015383043063121611
2021-07-12,46.17,47.13,45.16,46.7,24775351.0,1347601741.0,2002986332.0,0.012369206221822585
2021-07-13,47.22,47.49,46.03,46.23,18830677.0,1023472991.0,2002986332.0,0.009401300797293708
2021-07-14,46.44,46.44,43.71,43.76,39624357.0,2045220398.0,2002986332.0,0.019782639734957513
2021-07-15,43.97,44.3,42.75,43.72,22900882.0,1161811096.0,2002986332.0,0.011433369082021274
2021-07-16,43.95,45.01,42.87,44.31,20622772.0,1065559995.0,2002986332.0,0.010296012344431714
2021-07-19,44.66,44.84,43.78,44.13,12747947.0,657161907.0,2002986332.0,0.0063644702893559234
2021-07-20,44.13,44.44,43.42,43.88,11895201.0,608563161.0,2002986332.0,0.005938732985822492
2021-07-21,43.99,44.73,43.66,44.25,22578840.0,1161547993.0,2002986332.0,0.011272588154635495
2021-07-22,44.55,44.56,43.02,43.46,24907088.0,1264799292.0,2002986332.0,0.012434976515855727
2021-07-23,43.82,43.83,41.63,42.15,33333385.0,1651947824.0,2002986332.0,0.0166418434651605
2021-07-26,42.15,42.16,39.42,41.14,23568538.0,1128391702.0,2002986332.0,0.011766699364576593
2021-07-27,41.22,41.6,39.42,39.52,24636773.0,1161837296.0,2002986332.0,0.012300020527548961
2021-07-28,38.31,41.09,38.31,40.67,31643901.0,1467837469.0,2002986332.0,0.01579836092461164
2021-07-29,40.96,43.06,40.96,42.82,32824693.0,1617106529.0,2002986332.0,0.016387876679729636
2021-07-30,42.76,42.76,41.29,41.39,15236576.0,740664480.0,2002986332.0,0.007606929591369773
2021-08-02,41.29,43.71,41.22,43.47,30563386.0,1524539747.0,2002986332.0,0.015258908916009518
2021-08-03,43.47,44.56,42.48,44.35,28007136.0,1425303353.0,2002986332.0,0.01398268952341508
2021-08-04,44.39,46.66,44.39,46.1,28814763.0,1545699143.0,2002986332.0,0.014385900961804466
2021-08-05,45.92,46.94,45.05,46.27,22006178.0,1185950371.0,2002986332.0,0.010986684056913474
2021-08-06,47.74,48.56,45.8,45.87,37071198.0,2034597781.0,2002986332.0,0.018507963538115645
2021-08-09,45.81,47.63,45.27,46.62,30867432.0,1692936130.0,2002986332.0,0.015410705258871431
2021-08-10,46.7,47.05,44.68,45.18,25010533.0,1318874361.0,2002986332.0,0.012486621900722986
2021-08-11,44.92,45.16,43.28,43.78,25094113.0,1284771841.0,2002986332.0,0.012528349594349604
2021-08-12,43.95,44.68,42.89,44.49,22933161.0,1172602909.0,2002986332.0,0.011449484518998704
2021-08-13,44.12,44.92,43.5,43.61,15036911.0,772008972.0,2002986332.0,0.0075072459356153014
2021-08-16,43.45,43.93,42.76,43.71,13707382.0,693230513.0,2002986332.0,0.006843472559452293
2021-08-17,43.19,43.95,41.63,41.92,20892269.0,1036191823.0,2002986332.0,0.010430559942532848
2021-08-18,42.25,42.4,40.28,40.84,25579653.0,1218940360.0,2002986332.0,0.012770757638899356
2021-08-19,40.58,41.82,40.28,41.47,18794697.0,906357811.0,2002986332.0,0.00938333761930034
2021-08-20,41.13,41.33,39.83,40.41,19455587.0,915921591.0,2002986332.0,0.009713289945704931
2021-08-23,40.45,41.07,39.93,41.05,24404345.0,1156846226.0,2002986332.0,0.012183979795624486
2021-08-24,41.06,41.89,40.89,41.5,23583629.0,1140618356.0,2002986332.0,0.011774233614690486
2021-08-25,41.51,41.56,40.42,40.84,20136983.0,958249482.0,2002986332.0,0.010053479985503965
2021-08-26,40.84,40.84,40.11,40.14,13703850.0,644737108.0,2002986332.0,0.006841709192451943
2021-08-27,40.02,40.63,39.55,40.03,16811518.0,784819379.0,2002986332.0,0.008393226519530738
2021-08-30,40.26,41.46,39.63,41.42,25128592.0,1200431153.0,2002986332.0,0.012545563391293276
2021-08-31,41.86,41.86,40.29,41.05,19287375.0,920770901.0,2002986332.0,0.00962930934268602
2021-09-01,40.95,41.48,39.94,41.24,20970687.0,998427566.0,2002986332.0,0.010469710484275037
2021-09-02,41.07,41.13,39.76,40.41,26103531.0,1228576406.0,2002986332.0,0.013032306103624476
2021-09-03,39.87,40.11,39.33,39.58,16762402.0,775642522.0,2002986332.0,0.008368705134029842
2021-09-06,39.59,40.21,38.98,39.88,17948528.0,833391929.0,2002986332.0,0.008960883912811444
2021-09-07,39.93,40.67,39.63,40.54,21392394.0,1002705120.0,2002986332.0,0.010680249614404258
2021-09-08,40.43,40.56,39.84,39.97,18290016.0,854790798.0,2002986332.0,0.009131373343789747
2021-09-09,39.97,40.11,39.25,39.67,17331182.0,800297975.0,2002986332.0,0.008652671125665973
2021-09-10,39.64,40.11,39.33,39.53,21623023.0,998609615.0,2002986332.0,0.010795392187429064
2021-09-13,39.51,39.51,38.13,38.68,33579450.0,1512661619.0,2002986332.0,0.01676469253111209
2021-09-14,38.63,41.12,38.31,40.19,42320142.0,1966443179.0,2002986332.0,0.021128522608410888
2021-09-15,40.27,40.27,39.0,39.58,18777698.0,862533824.0,2002986332.0,0.009374850791542995
2021-09-16,39.57,39.57,38.37,38.37,19882584.0,896644474.0,2002986332.0,0.009926470132298436
2021-09-17,38.37,38.73,37.47,38.2,24722472.0,1096861874.0,2002986332.0,0.012342806141524883
2021-09-22,37.64,37.71,36.79,37.29,18322163.0,794759273.0,2002986332.0,0.009147422879169203
2021-09-23,37.39,38.56,37.39,37.87,22616912.0,1004178711.0,2002986332.0,0.011291595773105855
2021-09-24,37.88,39.01,37.54,38.58,30213168.0,1361080146.0,2002986332.0,0.015084060992983352
2021-09-27,38.45,38.92,38.14,38.59,15543930.0,700162546.0,2002986332.0,0.007760377468217292
2021-09-28,38.44,38.52,37.49,37.6,14702734.0,648440938.0,2002986332.0,0.007340406554506633
2021-09-29,37.29,37.3,35.8,35.85,26875259.0,1134795149.0,2002986332.0,0.013417594803637432
2021-09-30,35.85,36.32,35.39,36.21,15454502.0,650020167.0,2002986332.0,0.007715730134098589
2021-10-08,35.86,37.66,35.82,36.94,21817987.0,940085187.0,2002986332.0,0.010892728847637489
2021-10-11,36.94,39.42,36.75,39.29,38466023.0,1745051266.0,2002986332.0,0.019204336238076734
2021-10-12,39.3,40.77,38.74,39.66,32334309.0,1508174581.0,2002986332.0,0.016143050246236027
2021-10-13,39.66,41.18,39.15,40.65,27093922.0,1286522855.0,2002986332.0,0.013526763296954939
2021-10-14,40.45,42.53,40.42,42.25,36184439.0,1769248195.0,2002986332.0,0.018065245090249572
2021-10-15,42.18,42.68,41.25,42.22,25943649.0,1272790310.0,2002986332.0,0.01295248429084138
2021-10-18,42.1,42.4,41.44,42.09,21646479.0,1059478538.0,2002986332.0,0.010807102701687332
2021-10-19,42.06,42.63,41.55,42.25,18515905.0,908862495.0,2002986332.0,0.009244149450341832
2021-10-20,42.25,43.28,41.9,42.3,18928238.0,937135112.0,2002986332.0,0.009450008568505799
2021-10-21,42.28,42.89,41.97,42.33,15192263.0,752993409.0,2002986332.0,0.007584806125376996
2021-10-22,42.33,42.92,41.8,42.46,15451695.0,765187436.0,2002986332.0,0.007714328726632569
2021-10-25,42.46,43.79,41.73,43.02,26299388.0,1318574181.0,2002986332.0,0.013130088598128286
2021-10-26,43.35,45.19,42.93,44.35,40122923.0,2069861908.0,2002986332.0,0.02003155106901648
2021-10-27,44.17,44.26,43.02,43.36,14698529.0,745558128.0,2002986332.0,0.00733830718920752
2021-10-28,42.82,43.62,42.34,42.85,13952738.0,698783709.0,2002986332.0,0.006965967653942034
2021-10-29,42.08,42.85,41.13,42.33,21222261.0,1043561659.0,2002986332.0,0.010595309943433004
2021-11-01,42.03,42.39,40.45,41.43,27604650.0,1332552811.0,2002986332.0,0.013781746564609109
2021-11-02,41.14,43.71,40.79,43.28,35498782.0,1780458255.0,2002986332.0,0.01772292772689774
2021-11-03,42.87,43.88,41.76,42.33,21632790.0,1077231361.0,2002986332.0,0.010800268406424653
2021-11-04,42.43,44.13,42.02,43.53,22669636.0,1147300126.0,2002986332.0,0.01131791846895139
2021-11-05,44.13,44.37,43.11,43.71,17575880.0,897770927.0,2002986332.0,0.008774837710674903
2021-11-08,43.7,43.99,42.06,42.21,22555442.0,1124098596.0,2002986332.0,0.011260906597139976
2021-11-09,42.38,42.38,39.74,40.42,36135744.0,1719691240.0,2002986332.0,0.01804093389090585
2021-11-10,40.17,40.92,39.21,39.74,25797864.0,1197827110.0,2002986332.0,0.012879700469169253
2021-11-11,39.74,41.47,39.39,40.34,22347900.0,1052148719.0,2002986332.0,0.011157290313451824
2021-11-12,40.55,40.74,39.85,40.54,13422947.0,632705497.0,2002986332.0,0.006701467097180371
2021-11-15,40.78,43.0,40.69,40.98,28617224.0,1389418909.0,2002986332.0,0.01428727872118101
2021-11-16,40.99,41.3,40.12,40.88,17586750.0,835000423.0,2002986332.0,0.008780264607417201
2021-11-17,40.88,41.14,39.98,41.03,13966364.0,660818904.0,2002986332.0,0.006972770496169317
2021-11-18,40.88,40.88,39.69,39.77,17073400.0,798922515.0,2002986332.0,0.008523972294385082
2021-11-19,39.76,40.16,39.47,39.93,9916185.0,460936293.0,2002986332.0,0.004950700282661739
2021-11-22,40.11,42.09,39.99,41.61,25698334.0,1237009720.0,2002986332.0,0.012830009665787375
2021-11-23,41.61,41.82,40.95,41.37,14969887.0,723789933.0,2002986332.0,0.0074737838999891885
2021-11-24,41.37,41.55,40.34,40.53,11852025.0,562412981.0,2002986332.0,0.0059171771722304495
2021-11-25,40.41,40.5,39.76,40.11,11460095.0,535018404.0,2002986332.0,0.005721504344244322
2021-11-26,40.11,40.11,39.27,39.55,17440708.0,802900501.0,2002986332.0,0.008707352477330834
2021-11-29,39.2,39.76,38.78,39.29,14015409.0,640198989.0,2002986332.0,0.006997256434598576
2021-11-30,39.09,39.8,38.86,39.41,18126487.0,834055709.0,2002986332.0,0.00904973074973534
2021-12-01,39.42,39.76,38.72,38.85,13179346.0,597521549.0,2002986332.0,0.006579848194390974
2021-12-02,38.68,39.48,38.65,39.01,12664136.0,578304337.0,2002986332.0,0.0063226272679328495
2021-12-03,39.01,39.21,38.56,38.82,13275922.0,599227830.0,2002986332.0,0.006628064199890905
2021-12-06,38.69,39.63,38.56,39.11,14277714.0,653005441.0,2002986332.0,0.007128213394119157
2021-12-07,39.21,39.46,38.24,38.65,18961241.0,853703419.0,2002986332.0,0.009466485465763029
2021-12-08,38.95,38.95,38.08,38.59,20855019.0,932597815.0,2002986332.0,0.01041196271128624
2021-12-09,38.6,40.58,38.58,40.16,36451691.0,1694216657.0,2002986332.0,0.01819867186193061
2021-12-10,39.99,40.0,38.9,39.59,29653424.0,1358782021.0,2002986332.0,0.014804606265281295
2021-12-13,39.39,40.11,39.32,39.65,22968070.0,1065542847.0,2002986332.0,0.011466912995390325
2021-12-14,39.42,39.59,38.9,39.03,18876118.0,861429990.0,2002986332.0,0.00942398742239645
2021-12-15,38.82,39.72,38.81,39.12,16271349.0,747351290.0,2002986332.0,0.00812354469925559
2021-12-16,38.98,39.55,38.38,39.51,23802978.0,1077502396.0,2002986332.0,0.01188374459661565
2021-12-17,39.33,39.4,38.51,38.68,18751463.0,849668058.0,2002986332.0,0.009361752848945552
2021-12-20,38.85,38.85,38.14,38.15,11448576.0,511959180.0,2002986332.0,0.005715753431311981
2021-12-21,38.14,38.55,38.09,38.38,8763677.0,391815956.0,2002986332.0,0.004375305442673385
2021-12-22,38.48,39.4,38.48,39.09,22506880.0,1026401857.0,2002986332.0,0.011236661798648758
2021-12-23,39.09,41.03,38.95,40.73,45251285.0,2129473790.0,2002986332.0,0.022591909029561964
2021-12-24,41.13,42.75,40.76,42.05,37394430.0,1830449397.0,2002986332.0,0.018669338578392255
2021-12-27,42.03,42.68,41.17,41.74,16783873.0,817109447.0,2002986332.0,0.00837942462804584
2021-12-28,41.43,41.84,41.04,41.19,15933146.0,768379477.0,2002986332.0,0.0079546953194087
2021-12-29,41.09,41.26,40.35,40.94,13708063.0,653703632.0,2002986332.0,0.006843812551787298
2021-12-30,40.94,41.46,40.4,40.71,12788508.0,609196353.0,2002986332.0,0.006384720552351727
2021-12-31,40.75,40.92,40.15,40.4,15136403.0,712817929.0,2002986332.0,0.007556917767325034
2022-01-04,40.68,41.42,40.02,40.19,16658863.0,787375410.0,2002986332.0,0.008317012819236752
2022-01-05,40.19,40.58,39.93,40.36,17273735.0,810806901.0,2002986332.0,0.008623990450674728
2022-01-06,39.93,40.28,38.99,39.45,21910052.0,1009589137.0,2002986332.0,0.010938692715952093
2022-01-07,39.51,40.56,39.48,40.25,16029631.0,750619947.0,2002986332.0,0.008002865892746392
2022-01-10,39.99,41.5,39.27,41.39,18052686.0,859362549.0,2002986332.0,0.009012885266158671
2022-01-11,41.26,41.37,40.05,40.36,13110089.0,619972019.0,2002986332.0,0.006545271323399125
2022-01-12,40.35,40.54,39.95,40.41,10443075.0,490559670.0,2002986332.0,0.005213752502031551
2022-01-13,40.39,40.69,39.71,39.99,8939339.0,417729529.0,2002986332.0,0.004463005491941619
2022-01-14,39.85,41.48,39.68,41.16,27108183.0,1296402565.0,2002986332.0,0.013533883165808842
2022-01-17,41.15,42.51,41.15,41.78,20954615.0,1025738982.0,2002986332.0,0.010461686465467104
2022-01-18,41.82,42.51,41.56,42.15,17411580.0,855084627.0,2002986332.0,0.00869281019137778
2022-01-19,41.62,41.91,40.71,41.02,11445904.0,550329456.0,2002986332.0,0.005714419423207527
2022-01-20,40.88,42.51,40.61,42.12,17766392.0,868007275.0,2002986332.0,0.008869951689715275
2022-01-21,41.9,42.0,41.19,41.66,11026651.0,535293354.0,2002986332.0,0.005505105463695196
2022-01-24,41.66,42.38,41.35,42.03,11540249.0,566057272.0,2002986332.0,0.005761521591850782
2022-01-25,41.65,42.49,41.39,41.66,15794609.0,777167227.0,2002986332.0,0.00788553009457081
2022-01-26,41.66,43.11,41.43,42.93,28096947.0,1395724242.0,2002986332.0,0.014027528072018815
2022-01-27,42.85,43.17,41.14,42.16,21444535.0,1057449023.0,2002986332.0,0.010706281244858739
2022-01-28,41.79,42.08,39.85,40.77,16683627.0,793730378.0,2002986332.0,0.008329376358420402
2022-02-07,40.83,41.8,40.83,41.37,6570403.0,317142252.0,2002986332.0,0.0032803034624002618
2022-02-08,41.13,41.25,39.98,40.69,10620494.0,500757071.0,2002986332.0,0.00530232974150919
2022-02-09,40.36,41.72,40.32,41.55,13607008.0,650643773.0,2002986332.0,0.006793360385247002
2022-02-10,41.55,41.55,40.53,41.46,11226181.0,537352318.0,2002986332.0,0.005604721720088103
2022-02-11,40.74,41.01,39.93,40.1,14231778.0,670432286.0,2002986332.0,0.00710527963802401
2022-02-14,40.0,40.11,39.27,39.47,9799952.0,452262957.0,2002986332.0,0.004892670430863429
2022-02-15,39.47,39.69,39.03,39.52,9349979.0,428543766.0,2002986332.0,0.004668019372186111
2022-02-16,39.68,40.18,39.68,40.04,8026075.0,374331113.0,2002986332.0,0.0040070543027549725
2022-02-17,39.86,40.23,39.5,40.23,7372826.0,344168372.0,2002986332.0,0.0036809167802149536
2022-02-18,39.85,39.99,39.61,39.88,4456863.0,206891102.0,2002986332.0,0.002225109042830952
2022-02-21,39.89,39.92,39.51,39.72,5459072.0,252193488.0,2002986332.0,0.002725466426198259
2022-02-22,39.32,39.55,38.78,38.82,10580173.0,480910201.0,2002986332.0,0.005282199299600612
2022-02-23,38.82,39.42,38.82,39.42,9210188.0,421494242.0,2002986332.0,0.004598228082167462
2022-02-24,39.23,39.23,37.71,38.08,19852358.0,886931125.0,2002986332.0,0.009911379664871323
2022-02-25,38.13,38.63,38.13,38.44,10813695.0,484908994.0,2002986332.0,0.005398786215981028
2022-02-28,38.44,38.46,37.52,37.71,14701087.0,646819971.0,2002986332.0,0.007339584282295542
2022-03-01,37.78,38.14,37.64,38.05,11489259.0,508688047.0,2002986332.0,0.005736064603360459
2022-03-02,37.8,38.05,37.54,37.62,10212799.0,449027449.0,2002986332.0,0.005098786165855873
2022-03-03,37.79,37.87,35.43,36.01,31927582.0,1351057538.0,2002986332.0,0.01593998994896786
2022-03-04,35.65,35.69,34.75,35.02,18539214.0,758892476.0,2002986332.0,0.009255786574184171
2022-03-07,35.02,35.02,32.74,33.14,23837148.0,928950038.0,2002986332.0,0.011900804123909519
2022-03-08,33.04,33.13,31.19,31.46,26617576.0,991622014.0,2002986332.0,0.01328894539855502
2022-03-09,31.37,32.22,29.14,32.09,28896603.0,1042488837.0,2002986332.0,0.014426759952548694
2022-03-10,32.95,33.42,32.29,32.81,26727517.0,1023263399.0,2002986332.0,0.013343833940849877
2022-03-11,32.38,32.47,31.5,32.11,15919358.0,593259016.0,2002986332.0,0.00794781159794754
2022-03-14,31.62,31.88,31.11,31.11,13062491.0,479971186.0,2002986332.0,0.006521507806274936
2022-03-15,30.85,31.49,29.7,29.73,17902654.0,637250931.0,2002986332.0,0.008937981110497163
2022-03-16,30.17,31.01,29.14,30.97,22031044.0,776810719.0,2002986332.0,0.010999098520059198
2022-03-17,31.71,32.68,31.2,32.5,28008149.0,1047191541.0,2002986332.0,0.013983195268254082
2022-03-18,32.22,32.22,30.29,30.6,52997276.0,1894676396.0,2002986332.0,0.026459130126505526
2022-03-21,30.55,30.82,29.91,30.26,28001849.0,990369934.0,2002986332.0,0.013980049964714388
2022-03-22,30.13,30.7,29.98,30.43,17806665.0,630450036.0,2002986332.0,0.008890058167406406
2022-03-23,30.49,31.02,30.25,30.43,15798891.0,561025408.0,2002986332.0,0.007887667902468743
2022-03-24,30.34,30.34,29.94,30.08,14609780.0,512537661.0,2002986332.0,0.007293998848914762
2022-03-25,30.09,30.51,29.84,29.91,17478586.0,614012838.0,2002986332.0,0.008726263240422352
2022-03-28,29.6,30.38,29.31,30.12,15875372.0,554222670.0,2002986332.0,0.007925851388186108
2022-03-29,30.21,30.33,30.0,30.1,10208551.0,358968700.0,2002986332.0,0.005096665332611965
2022-03-30,30.17,31.0,30.17,30.98,24678830.0,883829046.0,2002986332.0,0.01232101767532181
2022-03-31,30.97,31.21,30.38,30.49,16507508.0,591799871.0,2002986332.0,0.008241448149831907
2022-04-01,30.17,30.67,30.08,30.27,15630326.0,552698658.0,2002986332.0,0.007803511062600701
2022-04-06,30.27,30.27,29.51,29.63,18788648.0,651263442.0,2002986332.0,0.009380317628647702
2022-04-07,29.61,29.64,28.24,28.28,29948747.0,1004847130.0,2002986332.0,0.014952047610877057
2022-04-08,28.28,28.31,26.96,27.81,33974515.0,1092628794.0,2002986332.0,0.01696193052205011
2022-04-11,27.42,27.43,25.97,26.05,30467241.0,940272775.0,2002986332.0,0.015210908089212063
2022-04-12,25.94,26.76,25.91,26.72,19459678.0,598580314.0,2002986332.0,0.009715332395987613
2022-04-13,26.68,26.69,26.32,26.41,11494731.0,356022833.0,2002986332.0,0.005738796524149222
2022-04-14,26.61,27.49,26.57,27.33,20704313.0,656839078.0,2002986332.0,0.010336722058071438
2022-04-15,27.51,30.06,27.51,30.06,53615170.0,1839350697.0,2002986332.0,0.026767616505133495
2022-04-18,30.77,30.85,28.87,30.56,40800743.0,1438043933.0,2002986332.0,0.02036995577461584
2022-04-19,30.51,30.54,29.57,29.87,25378227.0,887798952.0,2002986332.0,0.012670194795917359
2022-04-20,29.63,30.32,29.63,29.81,19541418.0,684026268.0,2002986332.0,0.009756141461278829
2022-04-21,29.68,29.97,29.11,29.31,18320397.0,631318289.0,2002986332.0,0.009146541195669027
2022-04-22,29.12,29.37,28.54,29.02,15921210.0,537852569.0,2002986332.0,0.007948736217337304
2022-04-25,28.61,29.21,27.66,27.72,20514027.0,677927609.0,2002986332.0,0.01024172091055487
2022-04-26,27.72,29.18,27.34,28.18,23586836.0,779744587.0,2002986332.0,0.01177583472396855
2022-04-27,27.75,29.61,27.64,29.52,26871767.0,902811806.0,2002986332.0,0.013415851406818287
2022-04-28,29.14,29.72,29.02,29.3,17592819.0,602293795.0,2002986332.0,0.00878329458316044
2022-04-29,29.57,30.68,29.06,30.47,28416793.0,994497660.0,2002986332.0,0.014187212636456472
2022-05-05,30.5,31.24,30.42,30.81,22039126.0,796149527.0,2002986332.0,0.011003133495171548
2022-05-06,30.06,31.16,29.76,30.86,15459114.0,550385399.0,2002986332.0,0.007718032695991457
2022-05-09,30.68,30.73,29.72,30.01,13932911.0,489301433.0,2002986332.0,0.006956068934373537
2022-05-10,29.56,30.65,29.14,30.31,17862190.0,627067567.0,2002986332.0,0.00891777927519078
2022-05-11,30.46,32.35,30.35,31.51,34743744.0,1284935207.0,2002986332.0,0.017345971584992324
2022-05-12,31.72,32.13,31.37,31.64,14771630.0,546269752.0,2002986332.0,0.007374803194613112
2022-05-13,31.64,32.35,31.52,32.26,15638605.0,585728760.0,2002986332.0,0.007807644390855484
2022-05-16,32.52,32.65,31.99,32.22,14208984.0,535789837.0,2002986332.0,0.007093899630264676
2022-05-17,32.25,32.94,32.05,32.78,15292535.0,582403089.0,2002986332.0,0.007634867375620215
2022-05-18,32.8,32.96,32.39,32.56,11175908.0,425389497.0,2002986332.0,0.005579622697095868
2022-05-19,32.46,32.46,31.48,32.12,15020373.0,544292006.0,2002986332.0,0.007498989264196337
2022-05-20,32.27,33.0,32.15,32.46,13354214.0,493103134.0,2002986332.0,0.0066671518355623
2022-05-23,32.55,32.64,31.62,32.44,18241510.0,666241280.0,2002986332.0,0.009107156503552217
2022-05-24,34.94,35.69,34.02,34.04,63057847.0,2510652885.0,2002986332.0,0.03148191577375177
2022-05-25,33.0,34.54,32.95,34.33,25889244.0,996044855.0,2002986332.0,0.01292532234813073
2022-05-26,34.33,34.54,33.8,34.06,10879884.0,422550336.0,2002986332.0,0.005431831374074499
2022-05-27,34.13,34.47,33.28,33.44,13183051.0,505161261.0,2002986332.0,0.006581697932425032
2022-05-30,33.8,35.19,33.59,35.11,24584335.0,969861798.0,2002986332.0,0.012273840618499038
2022-05-31,35.1,35.56,34.77,35.33,18326904.0,734205728.0,2002986332.0,0.009149789844896455
2022-06-01,36.03,36.67,35.65,36.22,23098592.0,952332504.0,2002986332.0,0.011532076695169381
2022-06-02,36.17,36.96,35.79,36.82,15414861.0,638215474.0,2002986332.0,0.007695939185270486
2022-06-06,36.82,38.3,36.54,37.84,23484639.0,1006120817.0,2002986332.0,0.01172481240875487
2022-06-07,37.85,38.04,36.23,36.48,20249865.0,844582099.0,2002986332.0,0.010109836835371875
2022-06-08,36.39,36.9,35.86,36.84,18322107.0,756104758.0,2002986332.0,0.009147394920915517
2022-06-09,36.84,36.84,35.23,35.54,23900723.0,968435067.0,2002986332.0,0.01193254423066128
2022-06-10,35.51,37.41,35.06,37.32,34511997.0,1434286313.0,2002986332.0,0.017230270845402854
2022-06-13,37.14,38.2,36.98,37.95,19642615.0,845552271.0,2002986332.0,0.0098066645219624
2022-06-14,37.89,38.33,36.57,38.18,18643638.0,794754910.0,2002986332.0,0.009307920729236408
2022-06-15,37.89,38.73,37.76,37.84,14715166.0,638947383.0,2002986332.0,0.007346613286824965
2022-06-16,37.93,38.19,37.3,37.45,15089404.0,643467997.0,2002986332.0,0.007533453303664381
2022-06-17,36.99,37.71,36.88,37.36,13873237.0,588512286.0,2002986332.0,0.006926276419543735
2022-06-20,37.41,37.84,37.24,37.63,12024886.0,512723673.0,2002986332.0,0.006003478809559845
2022-06-21,37.63,37.85,36.67,37.1,13815966.0,582288290.0,2002986332.0,0.006897683613349789
2022-06-22,37.27,37.4,36.75,36.8,12234617.0,515198486.0,2002986332.0,0.006108187961414407
2022-06-23,36.94,38.81,36.94,38.65,29110821.0,1265998949.0,2002986332.0,0.01453370925947986
2022-06-24,38.57,39.1,38.25,38.8,15026736.0,660950893.0,2002986332.0,0.007502166020771429
2022-06-27,38.87,39.01,37.51,38.09,19863878.0,858507408.0,2002986332.0,0.009917131077058194
2022-06-28,38.27,38.31,37.54,38.2,12610593.0,544553262.0,2002986332.0,0.006295895682627155
2022-06-29,38.29,38.29,36.3,36.49,23942356.0,1005345946.0,2002986332.0,0.011953329694513362
2022-06-30,36.6,37.24,36.51,36.8,13332672.0,557336972.0,2002986332.0,0.006656396894474665
2022-07-01,36.85,36.96,35.54,35.94,20832924.0,850845362.0,2002986332.0,0.010400931682443453
2022-07-04,36.03,37.12,35.43,36.79,18388156.0,761923322.0,2002986332.0,0.00918037018337477
2022-07-05,36.79,36.95,35.5,36.17,20659111.0,845068232.0,2002986332.0,0.010314154754801392
2022-07-06,36.17,36.9,35.87,36.48,13454253.0,556526482.0,2002986332.0,0.006717096759500004
2022-07-07,36.48,38.46,36.31,37.87,23834227.0,1022605366.0,2002986332.0,0.011899345801427066
2022-07-08,37.85,38.44,37.07,37.1,12443977.0,530717394.0,2002986332.0,0.006212711889838298
2022-07-11,37.1,37.1,35.72,36.35,12720106.0,521790166.0,2002986332.0,0.006350570543983123
2022-07-12,36.97,38.02,35.92,36.51,19162412.0,807241597.0,2002986332.0,0.009566920998839845
2022-07-13,36.41,36.6,35.56,36.0,13349348.0,545481199.0,2002986332.0,0.006664722463018784
2022-07-14,36.0,37.67,35.95,36.53,16048521.0,671302492.0,2002986332.0,0.008012296810820175
2022-07-15,36.66,37.76,36.53,36.8,15635344.0,663016651.0,2002986332.0,0.007806016321832795
2022-07-18,36.79,37.23,36.01,36.83,12659859.0,525874017.0,2002986332.0,0.006320491956307568
2022-07-19,36.85,37.93,36.01,37.34,17411437.0,737948056.0,2002986332.0,0.008692738797979976
2022-07-20,37.36,37.36,36.54,36.79,9132645.0,381791016.0,2002986332.0,0.0045595143881391196
2022-07-21,36.53,37.7,36.44,36.71,11346713.0,477859613.0,2002986332.0,0.005664897867111357
2022-07-22,36.7,37.6,36.7,37.05,12259251.0,516619077.0,2002986332.0,0.006120486597509143
2022-07-25,37.04,37.04,35.87,36.07,17123499.0,703034342.0,2002986332.0,0.008548984447089078
2022-07-26,36.0,36.44,35.78,36.34,6859694.0,281693135.0,2002986332.0,0.0034247333046703984
2022-07-27,36.17,37.12,36.04,36.76,10761581.0,449362044.0,2002986332.0,0.005372768065398861
2022-07-28,36.79,37.01,36.38,36.79,9242268.0,385845972.0,2002986332.0,0.0046142441674934
2022-07-29,36.53,36.96,35.93,36.1,12481622.0,514310626.0,2002986332.0,0.0062315063266243
2022-08-01,36.1,36.47,35.39,36.21,13438082.0,548135822.0,2002986332.0,0.006709023314493591
2022-08-02,35.49,35.65,34.77,35.25,15279477.0,612030283.0,2002986332.0,0.007628348109966035
2022-08-03,35.25,36.01,34.39,34.65,15189501.0,610175830.0,2002986332.0,0.007583427184364831
2022-08-04,34.76,34.9,33.72,34.26,13539447.0,526008188.0,2002986332.0,0.006759630249938221
2022-08-05,34.39,34.74,33.91,34.48,11736788.0,457710320.0,2002986332.0,0.00585964457794413
2022-08-08,34.48,34.82,34.18,34.36,9333738.0,364659426.0,2002986332.0,0.004659910979362589
2022-08-09,34.38,34.62,33.89,33.97,12115077.0,469358088.0,2002986332.0,0.0060485070748850225
2022-08-10,33.89,34.03,32.88,33.16,19080620.0,720743462.0,2002986332.0,0.009526085972313065
2022-08-11,33.18,34.68,33.04,34.47,20826939.0,801896490.0,2002986332.0,0.010397943644080743
2022-08-12,34.32,34.58,34.11,34.36,8070760.0,315156591.0,2002986332.0,0.004029363491432951
2022-08-15,34.36,34.84,34.18,34.44,11960360.0,469395290.0,2002986332.0,0.005971263911749948
2022-08-16,34.65,34.81,34.33,34.41,7849426.0,307769530.0,2002986332.0,0.00391886148926552
2022-08-17,34.42,34.67,34.17,34.56,11118436.0,434900612.0,2002986332.0,0.00555092954074137
2022-08-18,34.39,34.81,34.37,34.61,7147580.0,281380734.0,2002986332.0,0.0035684616943257304
2022-08-19,34.62,35.1,34.25,34.32,12018323.0,472103610.0,2002986332.0,0.006000202202078731
2022-08-22,33.97,35.38,33.89,34.98,12145316.0,481295209.0,2002986332.0,0.006063604032621028
2022-08-23,34.78,35.18,34.33,34.43,9942290.0,390415044.0,2002986332.0,0.0049637333221702684
2022-08-24,34.37,34.63,33.6,33.73,9252474.0,356862768.0,2002986332.0,0.004619339559227706
2022-08-25,33.76,34.01,33.45,33.94,6504120.0,249565120.0,2002986332.0,0.003247211374380961
2022-08-26,33.98,34.27,33.36,33.55,14701463.0,562579844.0,2002986332.0,0.007339772001998863
2022-08-29,33.44,34.02,33.16,33.87,11872769.0,453677032.0,2002986332.0,0.005927533708203057
2022-08-30,33.98,34.68,33.7,34.06,10687957.0,415667850.0,2002986332.0,0.00533601094987402
2022-08-31,34.79,35.31,34.06,34.38,28384814.0,1116340184.0,2002986332.0,0.014171246975838075
2022-09-01,34.16,34.77,33.89,34.72,17189044.0,673359941.0,2002986332.0,0.008581708085265156
2022-09-02,34.65,35.29,34.43,35.01,14350112.0,570196464.0,2002986332.0,0.007164358423590081
2022-09-05,35.01,35.02,33.96,34.3,16721647.0,651236660.0,2002986332.0,0.008348358015655196
2022-09-06,34.4,35.54,34.27,35.47,28067230.0,1122666717.0,2002986332.0,0.014012691725147528
2022-09-07,35.38,35.82,34.98,35.68,11364057.0,458897733.0,2002986332.0,0.00567355693768159
2022-09-08,35.69,36.6,35.47,36.3,14463250.0,597156433.0,2002986332.0,0.0072208430826177
2022-09-09,36.53,36.53,35.82,35.99,10533885.0,431826942.0,2002986332.0,0.005259089805910867
2022-09-13,36.09,36.46,36.02,36.33,9272092.0,382189216.0,2002986332.0,0.00462913393459941
2022-09-14,36.0,36.25,35.21,35.27,12464910.0,503799882.0,2002986332.0,0.0062231627849170966
2022-09-15,35.35,35.51,34.5,34.76,8986902.0,356649566.0,2002986332.0,0.004486751535157255
2022-09-16,34.59,34.81,34.15,34.22,7883326.0,308644544.0,2002986332.0,0.003935786217836259
2022-09-19,34.23,34.77,33.98,34.34,8916960.0,347099471.0,2002986332.0,0.004451832674812281
2022-09-20,34.35,34.96,34.28,34.69,9023012.0,355686489.0,2002986332.0,0.004504779616239538
2022-09-21,34.47,34.59,33.91,34.06,8873391.0,344436574.0,2002986332.0,0.004430080654189906
2022-09-22,33.89,33.95,32.77,33.17,13251501.0,499421081.0,2002986332.0,0.006615871905011082
2022-09-23,33.17,33.4,32.39,33.06,11757021.0,439781690.0,2002986332.0,0.005869745994851851
2022-09-26,32.74,33.43,32.71,33.05,8374951.0,315728817.0,2002986332.0,0.004181232226201731
2022-09-27,32.99,33.09,32.04,32.98,12962005.0,480665905.0,2002986332.0,0.006471339715562273
2022-09-28,32.93,32.95,32.24,32.33,8109468.0,300016599.0,2002986332.0,0.004048688635784461
2022-09-29,32.56,32.61,31.82,32.17,8823288.0,322697265.0,2002986332.0,0.00440506650446779
2022-09-30,32.13,32.3,31.47,31.52,8892393.0,321810040.0,2002986332.0,0.004439567488771062
2022-10-10,31.51,31.6,30.95,31.02,9622132.0,341492134.0,2002986332.0,0.004803892990319217
2022-10-11,31.01,31.2,30.61,30.7,8372305.0,293115205.0,2002986332.0,0.00417991119871506
2022-10-12,30.72,31.6,30.25,31.59,9267882.0,325821906.0,2002986332.0,0.004627032073027645
2022-10-13,31.43,32.01,31.31,31.47,8451858.0,303462513.0,2002986332.0,0.004219628394348924
2022-10-14,31.52,33.4,31.52,32.86,15922349.0,591897622.0,2002986332.0,0.007949304868247098
2022-10-17,32.71,32.91,32.34,32.85,8484112.0,314773963.0,2002986332.0,0.004235731349963101
2022-10-18,33.03,33.29,32.42,32.43,10459598.0,387581497.0,2002986332.0,0.005222001684632564
2022-10-19,32.43,32.83,32.18,32.22,6351983.0,234160733.0,2002986332.0,0.0031712562879335714
2022-10-20,31.86,32.1,31.45,31.77,9050728.0,326006753.0,2002986332.0,0.004518616954796075
2022-10-21,31.74,32.22,31.08,31.24,15292398.0,547186579.0,2002986332.0,0.0076347989777495896
2022-10-24,31.39,31.63,30.25,30.43,16511812.0,575997483.0,2002986332.0,0.008243596941329503
2022-10-25,30.4,31.0,29.62,30.38,13350379.0,458133649.0,2002986332.0,0.0066652371944393276
2022-10-26,30.39,31.02,30.35,30.61,14207910.0,493905837.0,2002986332.0,0.007093363430899338
2022-10-27,30.85,31.11,30.4,30.43,10841497.0,377930620.0,2002986332.0,0.005412666490427155
2022-10-28,30.22,30.49,29.22,29.32,11831769.0,399731119.0,2002986332.0,0.005907064272468536
2022-10-31,29.3,29.74,29.13,29.42,11305655.0,378190197.0,2002986332.0,0.005644399474614088
2022-11-01,29.55,31.48,29.55,31.46,21030882.0,731586182.0,2002986332.0,0.010499763110715026
2022-11-02,31.46,32.56,30.95,32.14,21803302.0,794416646.0,2002986332.0,0.01088539729486282
2022-11-03,31.86,32.35,31.78,32.3,12294169.0,449369652.0,2002986332.0,0.0061379195671915346
2022-11-04,32.21,33.71,32.21,33.51,16971256.0,642517006.0,2002986332.0,0.008472976439661497
2022-11-07,33.43,33.71,33.03,33.57,12887711.0,489995114.0,2002986332.0,0.006434248099502259
2022-11-08,33.56,33.56,33.01,33.53,10704996.0,405038154.0,2002986332.0,0.00534451774781257
2022-11-09,33.4,33.43,32.83,32.84,9491444.0,355898412.0,2002986332.0,0.004738646414288163
2022-11-10,32.82,33.02,32.23,32.64,8945266.0,330418994.0,2002986332.0,0.004465964573541583
2022-11-11,33.28,33.43,32.63,32.83,12555952.0,469772902.0,2002986332.0,0.006268615915847398
2022-11-14,32.83,33.32,32.64,32.91,11506442.0,430455410.0,2002986332.0,0.005744643293951344
2022-11-15,32.93,33.43,32.46,33.28,10193231.0,383294783.0,2002986332.0,0.005089016753210675
2022-11-16,33.28,33.53,32.7,32.79,9529171.0,358216521.0,2002986332.0,0.004757481789945634
2022-11-17,32.83,32.83,32.23,32.48,6231350.0,229473619.0,2002986332.0,0.0031110297162027763
2022-11-18,32.61,32.77,32.26,32.28,6952738.0,256360953.0,2002986332.0,0.003471185943169981
2022-11-21,32.19,32.19,31.51,31.77,11281732.0,405760183.0,2002986332.0,0.00563245580849026
2022-11-22,31.81,31.95,31.6,31.89,9489249.0,342684267.0,2002986332.0,0.004737550550594571
2022-11-23,31.81,32.12,31.71,31.98,5969490.0,216700752.0,2002986332.0,0.0029802949249480948
2022-11-24,31.77,32.27,31.51,31.57,6009539.0,216415176.0,2002986332.0,0.0030002895696244823
2022-11-25,31.68,31.87,31.39,31.52,4769669.0,171321400.0,2002986332.0,0.0023812788553766325
2022-11-28,30.89,31.29,30.65,31.24,7629748.0,268541092.0,2002986332.0,0.0038091862525999505
2022-11-29,31.24,31.86,31.2,31.86,7796420.0,280324580.0,2002986332.0,0.003892398003642493
2022-11-30,32.01,32.91,31.86,32.68,16739268.0,617346784.0,2002986332.0,0.00835715537973027
2022-12-01,33.03,33.26,32.71,32.96,10317067.0,386160619.0,2002986332.0,0.005150842437201414
2022-12-02,32.96,32.96,32.29,32.39,7194811.0,265888674.0,2002986332.0,0.0035920419850373696
2022-12-05,32.71,32.92,32.51,32.74,7444133.0,276511406.0,2002986332.0,0.003716517122993528
2022-12-06,32.73,32.96,32.4,32.69,7482155.0,277296920.0,2002986332.0,0.0037354997787373816
2022-12-07,32.57,33.15,32.46,32.94,9615923.0,360007020.0,2002986332.0,0.004800793118941762
2022-12-08,32.73,33.0,32.56,32.8,8284560.0,308607356.0,2002986332.0,0.004136104109970532
2022-12-09,32.88,33.28,32.73,33.26,10724358.0,401862871.0,2002986332.0,0.005354184314024566
2022-12-12,33.27,33.27,32.04,32.08,14052332.0,518172007.0,2002986332.0,0.007015690409613838
2022-12-13,32.08,32.12,31.69,31.89,8270954.0,299507180.0,2002986332.0,0.004129311252833851
2022-12-14,31.69,31.9,31.51,31.8,9675107.0,348447309.0,2002986332.0,0.00483034099905181
2022-12-15,31.78,32.51,31.68,32.49,10201479.0,373349558.0,2002986332.0,0.0050931346045750255
2022-12-16,32.39,32.47,32.01,32.25,7831501.0,286309803.0,2002986332.0,0.003909912351813293
2022-12-19,32.39,32.65,31.68,31.8,7977734.0,290308382.0,2002986332.0,0.003982919839514911
2022-12-20,31.79,31.79,31.24,31.3,8891139.0,317499238.0,2002986332.0,0.0044389414235903035
2022-12-21,31.44,31.54,31.11,31.4,6226998.0,221824642.0,2002986332.0,0.0031088569604877363
2022-12-22,31.34,31.6,30.99,31.24,7126386.0,252923861.0,2002986332.0,0.003557880493814573
2022-12-23,30.96,31.12,30.74,30.88,5634436.0,197745680.0,2002986332.0,0.0028130176976165207
2022-12-26,30.83,31.08,30.68,31.05,8035585.0,281788393.0,2002986332.0,0.004011802213336322
2022-12-27,31.07,31.46,30.95,31.26,6341075.0,225048694.0,2002986332.0,0.0031658104195191284
2022-12-28,31.18,31.2,30.71,30.83,6418647.0,224774543.0,2002986332.0,0.003204538591928844
2022-12-29,30.71,31.02,30.6,30.82,5922553.0,207287822.0,2002986332.0,0.002956861415068308
2022-12-30,30.88,31.18,30.81,30.87,7623438.0,268114619.0,2002986332.0,0.003806035956514954
2023-01-03,30.88,31.39,30.63,31.24,9944690.0,350453912.0,2002986332.0,0.004964931533042533
2023-01-04,31.18,31.26,30.68,30.86,10160920.0,356551831.0,2002986332.0,0.005072885340088281
2023-01-05,30.91,31.37,30.91,31.23,10652065.0,377160646.0,2002986332.0,0.005318091706279302
2023-01-06,31.33,31.99,31.1,31.68,11291734.0,406694147.0,2002986332.0,0.005637449352300423
2023-01-09,31.83,32.08,31.36,31.42,12007922.0,431762338.0,2002986332.0,0.005995009455711054
2023-01-10,31.42,32.09,31.26,31.97,12370868.0,445714154.0,2002986332.0,0.006176211890396464
2023-01-11,32.0,32.12,31.73,31.84,7030498.0,255099195.0,2002986332.0,0.003510007975431357
2023-01-12,31.89,32.28,31.71,32.21,11948808.0,435906427.0,2002986332.0,0.005965496523418114
2023-01-13,32.34,32.42,31.67,31.67,16458443.0,597870500.0,2002986332.0,0.008216952226312047
2023-01-16,31.86,33.0,31.83,32.87,21737762.0,803435061.0,2002986332.0,0.01085267615295939
2023-01-17,32.92,32.96,32.17,32.4,11153338.0,411081897.0,2002986332.0,0.005568354522351279
2023-01-18,32.6,32.64,32.1,32.49,10167073.0,374388021.0,2002986332.0,0.00507595725321205
2023-01-19,32.66,32.88,32.56,32.85,9217871.0,343181144.0,2002986332.0,0.0046020638547223
2023-01-20,32.86,32.96,32.4,32.7,13630836.0,505323720.0,2002986332.0,0.00680525662219047
2023-01-30,33.54,34.64,33.02,34.26,33554984.0,1298426909.0,2002986332.0,0.01675247776977841
2023-01-31,34.19,34.8,34.1,34.36,20572439.0,804862026.0,2002986332.0,0.010270883366167672
2023-02-01,34.61,34.68,34.14,34.41,11120380.0,433849111.0,2002986332.0,0.005551900091547904
2023-02-02,34.59,34.81,34.28,34.59,11469966.0,450773213.0,2002986332.0,0.005726432485711041
2023-02-03,34.59,34.85,34.3,34.72,13459327.0,528299872.0,2002986332.0,0.006719629976985784
2023-02-06,34.55,34.62,33.83,33.96,10046845.0,389107109.0,2002986332.0,0.00501593287956595
2023-02-07,33.89,34.41,33.74,34.05,8102379.0,312601152.0,2002986332.0,0.004045149420420509
2023-02-08,33.89,34.24,33.81,33.94,4001762.0,154597806.0,2002986332.0,0.0019978978069232277
2023-02-09,33.87,34.24,33.7,34.03,8081976.0,312160559.0,2002986332.0,0.004034963130242668
2023-02-10,34.04,34.12,33.58,33.66,7329048.0,280744071.0,2002986332.0,0.003659060415395785
2023-02-13,33.67,33.74,33.34,33.57,10904171.0,414499131.0,2002986332.0,0.005443956768847288
2023-02-14,33.57,33.65,33.1,33.35,10279411.0,388933580.0,2002986332.0,0.005132042508615581
2023-02-15,33.36,33.44,33.0,33.1,8930918.0,336028547.0,2002986332.0,0.00445880126954356
2023-02-16,33.22,33.73,32.87,33.12,12380550.0,469732339.0,2002986332.0,0.006181045672756992
2023-02-17,33.19,33.4,33.0,33.04,9291968.0,350617469.0,2002986332.0,0.0046390571176398825
2023-02-20,32.94,33.21,32.58,33.14,11875724.0,443664948.0,2002986332.0,0.005929009005339533
2023-02-21,33.19,33.59,33.11,33.44,8339827.0,315940686.0,2002986332.0,0.0041636964100861375
2023-02-22,33.3,33.36,33.02,33.02,7212786.0,271566846.0,2002986332.0,0.0036010160852161023
2023-02-23,32.93,33.16,32.75,33.06,7508048.0,281501027.0,2002986332.0,0.0037484269762855277
2023-02-24,33.05,33.06,32.42,32.59,8942196.0,331325025.0,2002986332.0,0.004464431862134145
2023-02-27,32.55,32.65,32.35,32.64,5545544.0,204882896.0,2002986332.0,0.0027686379639259564
2023-02-28,32.69,32.73,32.35,32.63,7532671.0,278555628.0,2002986332.0,0.0037607201205804336
2023-03-01,32.63,32.99,32.56,32.93,8152011.0,304416391.0,2002986332.0,0.004069928421258942
2023-03-02,32.92,32.98,32.74,32.87,6148656.0,229480363.0,2002986332.0,0.0030697443620898357
2023-03-03,32.96,32.97,32.74,32.84,6082626.0,226897659.0,2002986332.0,0.003036778585466653
2023-03-06,32.93,32.95,32.39,32.49,11627694.0,429764396.0,2002986332.0,0.005805178904236277
2023-03-07,32.49,32.5,31.75,31.83,12826606.0,467851669.0,2002986332.0,0.0064037411514398694
2023-03-08,31.85,32.19,31.68,32.01,7979362.0,289629821.0,2002986332.0,0.00398373262588993
2023-03-09,31.94,32.0,31.68,31.76,6823610.0,246567721.0,2002986332.0,0.0034067182042058987
2023-03-10,31.59,31.59,30.75,30.8,17086770.0,601197989.0,2002986332.0,0.008530647327452658
2023-03-13,30.8,30.98,30.23,30.78,12840133.0,445921984.0,2002986332.0,0.006410494567468671
2023-03-14,30.77,30.98,30.43,30.81,8756479.0,305517809.0,2002986332.0,0.004371711808565651
2023-03-15,30.98,31.07,30.58,30.62,10442805.0,364792915.0,2002986332.0,0.005213617703308422
2023-03-16,30.43,30.65,29.92,30.03,13301494.0,457289229.0,2002986332.0,0.006640831136734886
2023-03-17,30.34,30.36,29.75,29.96,19927157.0,678109014.0,2002986332.0,0.009948723404469043
2023-03-20,29.94,30.52,29.81,30.2,18279712.0,627951782.0,2002986332.0,0.00912622902511149
2023-03-21,30.38,30.51,30.14,30.5,12729576.0,438944055.0,2002986332.0,0.0063552984843832675
2023-03-22,30.58,30.63,30.28,30.43,11673086.0,403389001.0,2002986332.0,0.005827841065867044
2023-03-23,30.47,30.48,30.14,30.36,8603386.0,295826322.0,2002986332.0,0.004295279434787476
2023-03-24,30.38,30.39,30.19,30.27,6666353.0,229093388.0,2002986332.0,0.003328206934564344
2023-03-27,30.33,30.51,30.2,30.37,9535035.0,328698004.0,2002986332.0,0.004760409418510201
2023-03-28,30.43,30.51,30.31,30.42,6874988.0,237404066.0,2002986332.0,0.0034323689034539053
2023-03-29,30.48,30.7,29.92,30.34,11714850.0,404447223.0,2002986332.0,0.00584869193206257
2023-03-30,30.32,30.37,29.97,30.37,9377729.0,321484992.0,2002986332.0,0.004681873685396671
2023-03-31,30.41,30.7,30.38,30.59,9251181.0,321242144.0,2002986332.0,0.0046186940231202735
2023-04-03,30.61,30.76,30.41,30.68,14093329.0,489879626.0,2002986332.0,0.00703615834758477
2023-04-04,30.69,30.74,29.79,29.85,27087678.0,925201953.0,2002986332.0,0.01352364595166893
2023-04-06,29.86,30.13,29.85,30.07,6716042.0,229016034.0,2002986332.0,0.0033530143929109946
2023-04-07,30.07,30.21,29.92,30.17,6411548.0,219633233.0,2002986332.0,0.003200994384019591
2023-04-10,30.21,30.25,30.01,30.08,6118670.0,209233439.0,2002986332.0,0.0030547737157499487
2023-04-11,30.09,30.11,29.56,29.74,14333052.0,483718355.0,2002986332.0,0.0071558411413064
2023-04-12,29.75,29.75,29.35,29.47,13420311.0,449881074.0,2002986332.0,0.006700151062239001
2023-04-13,29.48,29.5,29.19,29.33,10197296.0,339358739.0,2002986332.0,0.005091046222875574
2023-04-14,29.33,29.67,29.25,29.4,11864213.0,396880827.0,2002986332.0,0.0059232620864434335
2023-04-17,29.49,30.14,29.48,30.12,17381959.0,590506100.0,2002986332.0,0.008678021772941384
2023-04-18,30.12,30.52,30.06,30.18,15098088.0,519766747.0,2002986332.0,0.007537788830003858
2023-04-19,30.17,30.18,29.75,29.91,8148131.0,276588595.0,2002986332.0,0.004067991313682114
2023-04-20,29.98,29.98,29.68,29.77,6995492.0,236434461.0,2002986332.0,0.003492531071350316
2023-04-21,29.86,30.07,29.57,29.62,10017869.0,339637168.0,2002986332.0,0.005001466480301474
2023-04-24,29.61,29.83,29.31,29.47,9969233.0,334591132.0,2002986332.0,0.0049771847369750296
2023-04-25,29.48,29.63,28.96,29.11,10606908.0,351343651.0,2002986332.0,0.005295546869463111
2023-04-26,29.1,29.59,29.04,29.52,8149473.0,272418118.0,2002986332.0,0.004068661313261523
2023-04-27,29.75,30.03,29.53,29.96,8853535.0,300058453.0,2002986332.0,0.004420167456240036
2023-04-28,29.99,30.22,29.79,29.88,8409442.0,286561937.0,2002986332.0,0.004198452014199766
2023-05-04,29.79,29.87,29.56,29.67,6952344.0,234348891.0,2002986332.0,0.0034709892368851173
2023-05-05,29.59,29.66,29.18,29.24,7773127.0,258633473.0,2002986332.0,0.003880768867872634
2023-05-08,29.24,29.48,29.22,29.41,5290925.0,176489170.0,2002986332.0,0.002641518274723804
2023-05-09,29.52,29.52,29.16,29.19,7583182.0,252334364.0,2002986332.0,0.0037859379661508343
2023-05-10,29.13,29.89,29.05,29.71,10757373.0,361501656.0,2002986332.0,0.0053706672023361565
2023-05-11,29.84,30.09,29.59,30.09,9133321.0,310466633.0,2002986332.0,0.004559851884201474
2023-05-12,29.99,30.08,29.67,29.8,5049184.0,171177770.0,2002986332.0,0.0025208279853604115
2023-05-15,29.79,30.5,29.77,30.46,11606356.0,398398102.0,2002986332.0,0.005794525811072784
2023-05-16,30.61,30.61,30.29,30.4,8025459.0,277346532.0,2002986332.0,0.004006746761964425
2023-05-17,30.45,30.68,30.28,30.43,8972606.0,310512388.0,2002986332.0,0.004479614192394799
2023-05-18,30.59,30.59,30.21,30.25,7300997.0,242319764.0,2002986332.0,0.0036450558265716613
2023-05-19,30.25,30.55,30.09,30.37,5205082.0,172884139.0,2002986332.0,0.002598660768095546
2023-05-22,30.37,30.57,30.2,30.5,5780286.0,192714264.0,2002986332.0,0.002885833970833107
2023-05-23,30.59,30.76,30.42,30.45,6650804.0,222959307.0,2002986332.0,0.0033204440258756593
2023-05-24,30.42,30.59,30.22,30.26,4778624.0,158949991.0,2002986332.0,0.0023857496796937704
2023-05-25,30.31,30.32,29.54,30.16,8244609.0,270627253.0,2002986332.0,0.004116158392238095
2023-05-26,30.15,30.41,29.75,30.31,6926622.0,228914852.0,2002986332.0,0.0034581474118616203
2023-05-29,30.38,30.43,29.88,30.04,6055947.0,199077200.0,2002986332.0,0.0030234589738578404
2023-05-30,29.93,30.32,29.79,29.96,4813191.0,158268652.0,2002986332.0,0.0024030074110360927
2023-05-31,29.95,29.96,29.47,29.62,5814733.0,188505036.0,2002986332.0,0.0029030317916318165
2023-06-01,29.62,29.71,29.4,29.48,4533014.0,146572374.0,2002986332.0,0.0022631277745533813
2023-06-02,29.59,30.53,29.37,30.34,9802992.0,322246928.0,2002986332.0,0.004894188164634964
2023-06-05,30.5,30.51,30.09,30.34,5005313.0,166040772.0,2002986332.0,0.0024989251898699426
2023-06-06,30.3,30.38,29.86,29.96,6088973.0,200619417.0,2002986332.0,0.003039947353969263
2023-06-07,30.01,30.2,29.63,30.03,6755791.0,221560140.0,2002986332.0,0.0033728592612283486
2023-06-08,30.11,30.18,29.89,29.98,3280692.0,107820146.0,2002986332.0,0.0016379003428965986
2023-06-09,30.09,30.27,29.97,30.12,5482480.0,180958809.0,2002986332.0,0.002737152976239081
2023-06-12,30.22,30.82,30.12,30.64,13593594.0,454831898.0,2002986332.0,0.0067866633849801026
2023-06-13,30.59,30.73,30.48,30.68,5318693.0,178317527.0,2002986332.0,0.0026553815745159063
2023-06-14,30.73,30.89,30.59,30.65,5263365.0,177123179.0,2002986332.0,0.002627758819873964
2023-06-15,30.63,31.5,30.61,31.38,16867069.0,577332632.0,2002986332.0,0.008420960607932895
2023-06-16,31.59,31.63,31.19,31.3,7944098.0,272590201.0,2002986332.0,0.003966126914140121
2023-06-19,31.29,31.77,31.18,31.42,10294559.0,354343527.0,2002986332.0,0.005139605216237691
2023-06-20,31.32,31.58,31.25,31.49,6915384.0,238311807.0,2002986332.0,0.003452536789452241
2023-06-21,31.49,31.66,31.33,31.39,8194955.0,282837326.0,2002986332.0,0.004091368407799999
2023-06-26,31.01,31.76,30.91,31.52,13826975.0,477622436.0,2002986332.0,0.006903179906471773
2023-06-27,31.33,31.71,31.19,31.51,8406067.0,289644268.0,2002986332.0,0.004196767030160643
2023-06-28,31.5,32.37,31.44,31.88,11785061.0,413098510.0,2002986332.0,0.005883745091876144
2023-06-29,31.88,32.31,31.79,32.1,10405036.0,365869716.0,2002986332.0,0.005194761358960686
2023-06-30,32.03,32.81,31.97,32.74,18994413.0,677116366.0,2002986332.0,0.009483046737035847
2023-07-03,32.75,33.25,32.56,32.56,12156152.0,437347609.0,2002986332.0,0.006069013954709303
2023-07-04,32.56,33.07,32.36,32.93,10808356.0,389449840.0,2002986332.0,0.0053961206960447695
2023-07-05,32.96,33.06,32.57,32.64,6472931.0,232065122.0,2002986332.0,0.0032316401248413513
2023-07-06,32.48,32.83,32.28,32.62,10006187.0,357151175.0,2002986332.0,0.004995634188880726
2023-07-07,32.6,32.88,32.33,32.69,6802152.0,243238225.0,2002986332.0,0.003396005200498792
2023-07-10,32.66,33.04,32.46,32.57,6978164.0,249699723.0,2002986332.0,0.003483879988852565
2023-07-11,32.77,33.03,32.54,32.88,9092642.0,327155776.0,2002986332.0,0.004539542709171117
2023-07-12,32.88,33.51,32.85,33.38,19280713.0,705188086.0,2002986332.0,0.009625983309006424
2023-07-13,33.22,33.6,33.02,33.48,12855628.0,468510008.0,2002986332.0,0.00641823051641273
2023-07-14,33.48,33.48,32.87,33.06,13932646.0,504240554.0,2002986332.0,0.006955936631923058
2023-07-17,33.04,33.04,32.27,32.64,10600060.0,377161006.0,2002986332.0,0.005292127974440916
2023-07-18,32.64,33.38,32.42,33.06,9906849.0,357970087.0,2002986332.0,0.00494603924236863
2023-07-19,33.06,33.21,32.75,33.13,5767912.0,208661379.0,2002986332.0,0.0028796561952775224
2023-07-20,33.06,33.33,32.99,33.06,6728644.0,244635199.0,2002986332.0,0.0033593059984994445
2023-07-21,33.06,33.22,32.87,32.96,4533211.0,163825620.0,2002986332.0,0.002263226127695813
2023-07-24,32.87,33.48,32.74,33.23,7642272.0,278081080.0,2002986332.0,0.0038154389163350517
2023-07-25,33.57,33.97,33.38,33.84,12238323.0,452417631.0,2002986332.0,0.006110038198702996
2023-07-26,33.95,34.01,33.71,33.8,5637871.0,209127252.0,2002986332.0,0.0028147326369274495
2023-07-27,33.95,34.33,33.72,33.74,6405995.0,238351187.0,2002986332.0,0.0031982220236138888
2023-07-28,33.7,34.2,33.41,34.15,8149791.0,303320433.0,2002986332.0,0.0040688200762020975
2023-07-31,34.14,34.88,34.14,34.59,11477421.0,435771711.0,2002986332.0,0.005730154428233013
2023-08-01,34.6,34.7,33.97,34.32,8871369.0,333190182.0,2002986332.0,0.004429071161530023
2023-08-02,34.32,34.57,34.15,34.43,4376691.0,164730693.0,2002986332.0,0.00218508280864295
2023-08-03,34.32,34.52,34.08,34.32,6636497.0,248905266.0,2002986332.0,0.0033133011913133712
2023-08-04,34.49,35.12,34.43,34.84,13831804.0,528187331.0,2002986332.0,0.0069055908065976754
2023-08-07,34.94,34.95,34.13,34.39,11600017.0,436883475.0,2002986332.0,0.005791361036606414
2023-08-08,34.38,34.59,34.11,34.3,8847039.0,332261909.0,2002986332.0,0.004416924298812439
2023-08-09,34.15,34.33,33.97,34.32,5181888.0,193933881.0,2002986332.0,0.002587081058524168
2023-08-10,34.33,34.59,34.09,34.32,6185270.0,232507472.0,2002986332.0,0.003088024067455294
2023-08-11,34.42,34.48,33.9,33.98,7586279.0,283286123.0,2002986332.0,0.003787484157430586
2023-08-14,33.79,33.84,33.15,33.66,11818395.0,433085175.0,2002986332.0,0.00590038724238284
2023-08-15,33.79,34.08,33.27,33.45,11280675.0,414258785.0,2002986332.0,0.005631928096451933
2023-08-16,33.52,33.69,33.34,33.5,5546860.0,203638204.0,2002986332.0,0.0027692949828875815
2023-08-17,33.17,34.35,32.99,34.17,8226556.0,305786748.0,2002986332.0,0.004107145350206014
2023-08-18,34.63,34.87,34.36,34.36,17288053.0,656002723.0,2002986332.0,0.008631138777036846
2023-08-21,34.48,34.84,34.26,34.45,10717371.0,405865022.0,2002986332.0,0.005350696022622684
2023-08-22,34.45,34.76,34.3,34.63,11938103.0,452032605.0,2002986332.0,0.005960152003673283
2023-08-23,34.82,34.91,34.42,34.45,8981285.0,341103105.0,2002986332.0,0.004483947222461626
2023-08-24,34.5,35.16,34.46,34.79,13006257.0,496658617.0,2002986332.0,0.006493432727028714
2023-08-25,34.54,34.78,34.4,34.66,6900337.0,261686309.0,2002986332.0,0.0034450245065376713
2023-08-28,35.5,35.8,34.19,34.36,15994323.0,606992486.0,2002986332.0,0.007985238213797256
2023-08-29,34.36,34.66,34.09,34.2,10750754.0,403860253.0,2002986332.0,0.005367362636601356
2023-08-30,34.32,34.78,34.18,34.57,7125991.0,269312991.0,2002986332.0,0.003557683288275179
2023-08-31,34.54,34.92,34.38,34.7,7156477.0,272114252.0,2002986332.0,0.0035729035618801215
2023-09-01,34.72,34.87,34.56,34.82,4771664.0,181671677.0,2002986332.0,0.0023822748681642026
2023-09-04,34.87,35.4,34.78,35.32,11380089.0,439375222.0,2002986332.0,0.005681560986308318
2023-09-05,35.32,35.43,35.0,35.05,5813048.0,224105112.0,2002986332.0,0.0029021905477485802
2023-09-06,35.05,35.51,35.05,35.5,9136628.0,353530682.0,2002986332.0,0.004561502918932549
2023-09-07,35.37,35.43,35.06,35.25,6370700.0,245994135.0,2002986332.0,0.003180600834973646
2023-09-08,35.26,35.3,34.63,34.65,6259161.0,238557575.0,2002986332.0,0.003124914483939674
2023-09-11,34.65,35.23,34.65,35.06,8568992.0,328331174.0,2002986332.0,0.004278108074478862
2023-09-12,35.21,35.52,35.06,35.39,8468318.0,327627738.0,2002986332.0,0.004227846123914539
2023-09-13,35.39,35.52,34.92,35.07,8292249.0,318846857.0,2002986332.0,0.00413994287805255
2023-09-14,34.94,35.11,34.58,34.76,9605260.0,366580200.0,2002986332.0,0.004795469567887196
2023-09-15,34.76,34.79,34.29,34.47,8253147.0,311365732.0,2002986332.0,0.004120421027416177
2023-09-18,34.59,35.3,34.43,35.16,8846988.0,339813671.0,2002986332.0,0.0044168988368314035
2023-09-19,35.16,35.2,34.61,35.09,6356401.0,243490027.0,2002986332.0,0.0031734619944475987
2023-09-20,35.19,35.39,34.88,34.95,6053265.0,232441572.0,2002986332.0,0.0030221199732080846
2023-09-21,34.99,35.08,34.61,34.7,4900215.0,186348441.0,2002986332.0,0.002446454537264411
2023-09-22,34.73,35.14,34.73,35.07,4655273.0,178409854.0,2002986332.0,0.002324166134150136
2023-09-25,35.29,35.38,35.03,35.21,10023465.0,386620319.0,2002986332.0,0.005004260308651971
2023-09-26,34.98,35.28,34.45,34.57,8348856.0,317549106.0,2002986332.0,0.004168204179238503
2023-09-27,34.5,34.82,34.21,34.22,7259829.0,274393363.0,2002986332.0,0.0036245025160760807
2023-09-28,34.21,34.29,33.58,33.71,11949296.0,442047856.0,2002986332.0,0.005965740159628807
2023-10-09,33.68,35.14,33.65,34.98,14828425.0,562005993.0,2002986332.0,0.007403158355650727
2023-10-10,34.91,34.97,34.38,34.7,7900147.0,300253263.0,2002986332.0,0.003944184178287243
2023-10-11,35.04,35.33,34.65,34.77,5944172.0,226957011.0,2002986332.0,0.0029676547987547625
2023-10-12,34.77,35.41,34.65,35.29,8629872.0,332474143.0,2002986332.0,0.004308502690271977
2023-10-13,35.19,35.75,35.05,35.46,12758033.0,495886843.0,2002986332.0,0.006369505770546616
2023-10-16,35.61,35.76,35.34,35.57,9078495.0,352992872.0,2002986332.0,0.004532479755333648
2023-10-17,35.38,36.39,34.94,35.18,13772478.0,534665437.0,2002986332.0,0.006875972032344352
2023-10-18,35.39,35.76,35.18,35.57,12415313.0,482396199.0,2002986332.0,0.006198401257987216
2023-10-19,35.52,35.52,34.57,34.61,7925378.0,301780850.0,2002986332.0,0.003956780869336456
2023-10-20,34.45,34.53,33.6,33.85,8202121.0,304428735.0,2002986332.0,0.004094946065762769
2023-10-23,33.68,33.88,33.01,33.31,6151106.0,224844627.0,2002986332.0,0.003070967535688606
2023-10-24,33.31,33.62,33.17,33.42,9757241.0,356893658.0,2002986332.0,0.004871346770627888
2023-10-25,33.46,33.77,33.06,33.69,8872179.0,325286490.0,2002986332.0,0.004429475557699412
2023-10-26,33.47,34.33,33.4,34.27,7746493.0,288167454.0,2002986332.0,0.0038674717227176764
2023-10-27,34.26,35.5,33.97,35.17,11314302.0,434989077.0,2002986332.0,0.005648716528535952
2023-10-30,35.16,35.16,34.24,34.36,10024880.0,379425827.0,2002986332.0,0.0050049667538120774
2023-10-31,34.41,34.42,33.84,33.97,7449889.0,277855473.0,2002986332.0,0.003719390832068843
2023-11-01,34.08,34.12,33.77,33.79,5966763.0,221206019.0,2002986332.0,0.002978933457844484
2023-11-02,33.75,34.19,33.75,33.87,4522706.0,168193149.0,2002986332.0,0.0022579814588570045
2023-11-03,33.88,34.36,33.88,34.13,4989001.0,186761325.0,2002986332.0,0.0024907813499747836
2023-11-06,34.13,34.36,33.8,33.88,10564043.0,392452079.0,2002986332.0,0.0052741463240299335
2023-11-07,33.88,33.98,33.69,33.81,5751703.0,213219798.0,2002986332.0,0.0028715637785989645
2023-11-08,33.82,33.93,33.52,33.73,6277333.0,231288429.0,2002986332.0,0.003133986937260838
2023-11-09,33.6,33.88,33.33,33.73,4954551.0,182336515.0,2002986332.0,0.002473582031412484
2023-11-10,33.6,33.65,33.14,33.25,6661268.0,242519024.0,2002986332.0,0.0033256682252787335
2023-11-13,33.33,33.4,32.8,33.05,6339011.0,229249893.0,2002986332.0,0.0031647799581689807
2023-11-14,33.01,33.39,32.96,33.27,4322144.0,157202781.0,2002986332.0,0.0021578499717890237
2023-11-15,33.4,33.62,33.15,33.27,10100077.0,368916480.0,2002986332.0,0.005042509196712781
2023-11-16,33.4,33.72,33.25,33.6,8843136.0,324888987.0,2002986332.0,0.004414975708381419
2023-11-17,33.66,33.97,33.56,33.97,7009874.0,259761843.0,2002986332.0,0.0034997113500023626
2023-11-20,33.8,34.11,33.48,34.02,7922887.0,293889398.0,2002986332.0,0.003955537226301951
2023-11-21,34.01,34.47,33.97,34.17,9232597.0,346592722.0,2002986332.0,0.004609415876932704
2023-11-22,34.11,34.41,34.06,34.12,6951189.0,260764437.0,2002986332.0,0.0034704125979028396
2023-11-23,34.06,34.61,34.03,34.6,9425505.0,355995461.0,2002986332.0,0.004705726069827221
2023-11-24,34.59,34.59,34.15,34.29,6422166.0,241409850.0,2002986332.0,0.003206295468620302
2023-11-27,34.32,34.39,33.74,33.92,8239454.0,306349835.0,2002986332.0,0.004113584735135377
2023-11-28,33.92,34.34,33.74,34.33,8178072.0,306403169.0,2002986332.0,0.004082939493568147
2023-11-29,34.38,34.57,34.11,34.52,9342810.0,352098229.0,2002986332.0,0.00466444021645975
2023-11-30,34.52,34.61,34.26,34.39,7844862.0,296066496.0,2002986332.0,0.003916582891590096
2023-12-01,34.34,34.38,33.95,34.19,6546948.0,244822829.0,2002986332.0,0.0032685934473965245
2023-12-04,34.24,34.51,34.11,34.16,5555034.0,208503232.0,2002986332.0,0.0027733758894167033
2023-12-05,34.16,34.17,33.74,33.79,5548742.0,206031261.0,2002986332.0,0.0027702345799132493
2023-12-06,33.69,33.94,33.53,33.77,6009370.0,221922471.0,2002986332.0,0.0030002051956088934
2023-12-07,33.8,33.92,33.41,33.46,7124382.0,261531259.0,2002986332.0,0.003556879987736232
2023-12-08,33.45,33.61,33.17,33.28,8167044.0,298478844.0,2002986332.0,0.004077433714610091
2023-12-11,33.17,33.87,32.78,33.82,6895468.0,252601754.0,2002986332.0,0.003442593636230564
2023-12-12,33.85,34.37,33.51,34.28,6329826.0,235607264.0,2002986332.0,0.003160194305309918
2023-12-13,34.45,34.76,34.17,34.64,12710134.0,480271642.0,2002986332.0,0.006345591977808863
2023-12-14,34.64,34.84,34.45,34.46,5177504.0,196189098.0,2002986332.0,0.002584892326664164
2023-12-15,34.46,34.56,33.57,33.57,10062076.0,373700530.0,2002986332.0,0.00502353702531406
2023-12-18,33.82,33.95,33.35,33.53,7353304.0,270972979.0,2002986332.0,0.0036711703332781404
2023-12-19,33.58,33.74,33.34,33.72,4716472.0,173565034.0,2002986332.0,0.0023547200121383552
2023-12-20,33.69,33.88,33.57,33.57,4997848.0,184493706.0,2002986332.0,0.002495198254802669
2023-12-21,33.47,34.32,33.4,34.23,8921418.0,332154248.0,2002986332.0,0.004454058351507513
2023-12-22,34.23,34.38,34.08,34.24,4657838.0,174526039.0,2002986332.0,0.0023254467220198685
2023-12-25,34.24,34.24,33.44,33.79,6483499.0,239373063.0,2002986332.0,0.0032369162467155567
2023-12-26,33.72,33.91,33.51,33.73,3960002.0,146324780.0,2002986332.0,0.001977048937745822
2023-12-27,33.78,34.29,33.67,34.11,5819827.0,217266081.0,2002986332.0,0.002905574994208198
2023-12-28,34.11,34.32,33.24,33.69,11722502.0,432898608.0,2002986332.0,0.005852512227726974
2023-12-29,33.56,34.2,33.55,34.14,10070129.0,373324877.0,2002986332.0,0.0050275575220450385
2024-01-02,34.21,35.06,34.07,34.41,9507729.0,360433440.0,2002986332.0,0.004746776774311009
2024-01-03,34.33,34.86,34.2,34.71,10243336.0,388598498.0,2002986332.0,0.0051140319014418515
2024-01-04,34.61,35.01,34.53,34.79,9265749.0,352345166.0,2002986332.0,0.00462596716311492
2024-01-05,34.89,35.48,34.75,34.98,12288698.0,473399683.0,2002986332.0,0.006135188145657301
2024-01-08,35.05,35.47,34.84,35.28,14444837.0,556231834.0,2002986332.0,0.007211650308954779
2024-01-09,35.27,35.28,34.54,34.84,11546072.0,439652800.0,2002986332.0,0.005764428750979615
2024-01-10,34.79,35.61,34.7,35.5,14429078.0,559090159.0,2002986332.0,0.007203782556814771
2024-01-11,35.34,35.68,35.16,35.58,11018012.0,427852887.0,2002986332.0,0.0055007924038095735
2024-01-12,35.63,36.03,35.43,35.61,10890349.0,425479705.0,2002986332.0,0.0054370560727321025
2024-01-15,35.61,35.61,35.23,35.27,10516476.0,407068807.0,2002986332.0,0.005250398283796177
2024-01-16,35.27,35.96,35.17,35.91,12065343.0,471593059.0,2002986332.0,0.006023677150084517
2024-01-17,35.85,36.2,35.47,35.47,10638891.0,418500526.0,2002986332.0,0.0053115145270996285
2024-01-18,35.52,36.07,35.07,36.07,15997020.0,622540864.0,2002986332.0,0.007986584703264965
2024-01-19,35.98,36.23,35.41,35.62,9304245.0,363942495.0,2002986332.0,0.004645186465506046
2024-01-22,35.59,35.69,34.83,35.06,12493527.0,482995729.0,2002986332.0,0.006237449951805263
2024-01-23,35.06,35.06,34.2,34.26,12694114.0,479567452.0,2002986332.0,0.006337593920236496
2024-01-24,34.24,34.86,33.94,34.17,12392409.0,465574597.0,2002986332.0,0.00618696633222957
2024-01-25,34.21,34.53,33.88,34.22,15858148.0,594684189.0,2002986332.0,0.007917252228159487
2024-01-26,34.33,35.14,34.31,34.97,16019974.0,609010277.0,2002986332.0,0.007998044591749116
2024-01-29,34.98,35.75,34.97,35.37,12354700.0,477676138.0,2002986332.0,0.006168139943153641
2024-01-30,35.2,35.7,34.98,35.06,11900451.0,461726295.0,2002986332.0,0.00594135407210557
2024-01-31,35.06,35.66,34.74,34.8,16851580.0,649264491.0,2002986332.0,0.008413227654516017
2024-02-01,34.69,35.89,34.66,35.58,15987582.0,621880323.0,2002986332.0,0.007981872739009783
2024-02-02,35.58,35.98,34.97,35.75,13750974.0,537091765.0,2002986332.0,0.006865236062928861
2024-02-05,35.79,37.32,35.58,37.14,23803517.0,949567464.0,2002986332.0,0.011884013694807379
2024-02-06,37.13,37.93,36.7,37.13,16289864.0,663496547.0,2002986332.0,0.008132788396880584
2024-02-07,37.22,37.77,36.82,37.71,14921173.0,612463785.0,2002986332.0,0.007449463214809396
2024-02-08,37.77,38.12,36.9,37.59,14857386.0,606971745.0,2002986332.0,0.007417617266097251
2024-02-19,37.59,37.7,36.85,37.42,12880582.0,525206629.0,2002986332.0,0.006430688913957102
2024-02-20,37.19,37.9,37.09,37.52,9885849.0,405822415.0,2002986332.0,0.004935554897236313
2024-02-21,37.44,38.35,37.18,38.1,13274871.0,550968504.0,2002986332.0,0.00662753948337976
2024-02-22,37.9,38.33,37.7,38.06,7117519.0,296777706.0,2002986332.0,0.003553453603896085
2024-02-23,37.9,38.63,37.9,38.16,7804606.0,326997006.0,2002986332.0,0.003896484901225976
2024-02-26,38.34,38.81,37.99,38.11,11242787.0,472814957.0,2002986332.0,0.0056130123408151145
2024-02-27,38.1,38.53,38.0,38.23,8834743.0,370182511.0,2002986332.0,0.004410785465110203
2024-02-28,38.08,38.74,37.84,38.38,12547101.0,526544215.0,2002986332.0,0.006264197014001391
2024-02-29,38.26,39.66,38.25,39.53,15051054.0,645577269.0,2002986332.0,0.007514306892434651
2024-03-01,39.72,39.76,39.3,39.61,8085827.0,350557267.0,2002986332.0,0.004036885759438123
2024-03-04,39.59,40.18,39.46,40.15,8802402.0,384618170.0,2002986332.0,0.004394639074351906
2024-03-05,40.18,42.44,39.78,42.12,20090100.0,910449352.0,2002986332.0,0.010030073435368804
2024-03-06,42.1,42.1,41.28,41.38,13787124.0,628072151.0,2002986332.0,0.006883284114192348
2024-03-07,41.37,41.47,40.56,40.82,13283032.0,594574636.0,2002986332.0,0.00663161389959999
2024-03-08,40.77,41.05,40.6,40.84,9047240.0,403978694.0,2002986332.0,0.00451687555499505
2024-03-11,40.86,41.36,40.71,41.33,10547877.0,474591828.0,2002986332.0,0.00526607537529617
2024-03-12,41.27,41.32,40.46,40.62,10605210.0,473379556.0,2002986332.0,0.005294699135270984
2024-03-13,40.42,40.61,39.9,40.09,12254551.0,538720016.0,2002986332.0,0.006118140101217626
2024-03-14,39.82,40.32,39.82,40.07,6277324.0,275451021.0,2002986332.0,0.003133982443970067
2024-03-15,40.07,40.34,39.86,39.86,9082485.0,398539151.0,2002986332.0,0.004534471780908787
2024-03-18,40.13,40.29,38.9,39.43,23536418.0,1014917251.0,2002986332.0,0.01175066330906945
2024-03-19,39.35,39.35,38.64,38.67,20018379.0,853391681.0,2002986332.0,0.009994266401214764
2024-03-20,38.92,39.15,38.72,38.88,10463483.0,445681017.0,2002986332.0,0.005223941288482042
2024-03-21,38.81,38.94,37.81,38.1,18717522.0,782876759.0,2002986332.0,0.009344807650939077
2024-03-22,38.17,38.92,38.13,38.73,16167011.0,684789240.0,2002986332.0,0.008071453480092944
2024-03-25,38.9,39.72,38.52,38.62,19057820.0,815160454.0,2002986332.0,0.00951470296902655
2024-03-26,38.62,39.41,38.6,39.25,16652173.0,715386548.0,2002986332.0,0.008313672806430314
2024-03-27,39.27,39.65,39.02,39.08,14424109.0,621047902.0,2002986332.0,0.007201301761054653
2024-03-28,38.81,39.58,38.36,39.22,15794098.0,676878563.0,2002986332.0,0.007885274975505924
2024-03-29,39.09,39.5,38.97,39.5,6967032.0,299960952.0,2002986332.0,0.003478322287423377
2024-04-01,39.47,40.98,39.46,40.91,14064937.0,623774833.0,2002986332.0,0.007021983512965879
2024-04-02,40.71,40.74,39.9,40.21,16765201.0,737666474.0,2002986332.0,0.00837010254745962
2024-04-03,40.14,40.54,39.95,40.31,10810091.0,476848252.0,2002986332.0,0.005396986902654511
2024-04-08,40.32,41.53,40.32,41.0,14082910.0,633465968.0,2002986332.0,0.007030956614635551
2024-04-09,41.0,41.0,40.11,40.32,9970599.0,441227599.0,2002986332.0,0.00497786671866316
2024-04-10,40.25,40.86,40.16,40.53,7775691.0,345347445.0,2002986332.0,0.0038820489564878368
2024-04-11,40.45,41.06,40.0,40.96,9836420.0,438115616.0,2002986332.0,0.004910877245067492
2024-04-12,41.07,41.38,40.82,40.86,9603312.0,432376109.0,2002986332.0,0.004794497020062541
2024-04-15,40.94,41.64,40.74,41.47,11592384.0,524448133.0,2002986332.0,0.005787550226778083
2024-04-16,41.47,41.96,41.15,41.58,11912574.0,543308345.0,2002986332.0,0.005947406534774097
2024-04-17,41.56,41.58,40.76,41.37,12269692.0,551671734.0,2002986332.0,0.006125699314058025
2024-04-18,41.11,42.81,41.05,42.31,20294258.0,939740245.0,2002986332.0,0.01013200024172706
2024-04-19,42.15,42.48,41.91,42.0,10428372.0,481767069.0,2002986332.0,0.00520641196267534
2024-04-22,42.11,42.54,41.65,41.78,8372535.0,385148033.0,2002986332.0,0.004180026027256985
2024-04-23,41.75,41.84,41.0,41.16,8961911.0,404906365.0,2002986332.0,0.004474274665195269
2024-04-24,41.34,41.45,40.95,41.35,9185562.0,413613157.0,2002986332.0,0.004585933440108966
2024-04-25,41.28,41.49,40.82,40.86,7968523.0,358817848.0,2002986332.0,0.003978321206038065
2024-04-26,42.64,44.95,42.55,44.95,37615954.0,1834971196.0,2002986332.0,0.018779935438920408
2024-04-29,45.8,45.8,44.45,44.56,24216302.0,1190053905.0,2002986332.0,0.012090098476018957
2024-04-30,44.42,45.94,44.14,45.5,29963404.0,1481003759.0,2002986332.0,0.014959365184524884
2024-05-06,45.57,46.46,44.82,46.15,27083214.0,1354019576.0,2002986332.0,0.013521417279446517
2024-05-07,46.1,46.62,45.64,46.55,11613910.0,589075428.0,2002986332.0,0.005798297179793237
2024-05-08,46.28,46.45,45.17,45.57,12542879.0,626114501.0,2002986332.0,0.006262089161375266
2024-05-09,45.66,45.84,45.19,45.68,9414770.0,469897201.0,2002986332.0,0.004700366572446486
2024-05-10,45.98,46.57,45.7,46.34,12089511.0,613043951.0,2002986332.0,0.006035743133568222
2024-05-13,46.0,47.65,45.68,47.23,16461192.0,850683278.0,2002986332.0,0.00821832467701532
2024-05-14,47.17,47.44,46.5,46.68,12231533.0,627995986.0,2002986332.0,0.006106648260443546
2024-05-15,46.32,46.83,46.12,46.16,8123796.0,412797374.0,2002986332.0,0.00405584195469188
2024-05-16,46.16,46.37,45.55,45.92,8950162.0,449158426.0,2002986332.0,0.0044684089237210034
2024-05-17,46.12,46.12,44.27,44.84,18650907.0,891774739.0,2002986332.0,0.00931154981041578
2024-05-20,44.84,45.73,44.28,44.72,23198200.0,1110076320.0,2002986332.0,0.011581806440404607
2024-05-21,44.53,44.89,44.02,44.31,12133973.0,573340558.0,2002986332.0,0.006057940988485986
2024-05-22,44.31,44.48,43.39,43.68,15656137.0,729711135.0,2002986332.0,0.007816397321277377
2024-05-23,43.67,43.96,43.18,43.43,12122269.0,562390960.0,2002986332.0,0.006052097713465576
2024-05-24,43.4,43.57,42.88,42.88,9389208.0,432066156.0,2002986332.0,0.004687604628147807
2024-05-27,43.1,44.66,42.89,44.51,22430100.0,1054698958.0,2002986332.0,0.01119832903582689
2024-05-28,44.36,44.91,44.23,44.38,11687392.0,555733755.0,2002986332.0,0.005834983401174801
2024-05-29,44.38,44.69,43.82,43.96,8427797.0,395679838.0,2002986332.0,0.00420761583109994
2024-05-30,43.88,44.53,43.59,43.9,13174499.0,618832335.0,2002986332.0,0.0065774283076835294
2024-05-31,43.99,44.3,43.31,43.34,10563158.0,491878778.0,2002986332.0,0.005273704483770786
2024-06-03,43.23,43.58,42.85,43.3,9250936.0,426707651.0,2002986332.0,0.0046185717057603964
2024-06-04,43.4,43.54,42.99,43.31,11128623.0,513509035.0,2002986332.0,0.005556015446639603
2024-06-05,43.33,44.34,43.24,43.96,14461725.0,677645341.0,2002986332.0,0.007220081719459282
2024-06-06,43.96,45.59,43.7,44.71,18312602.0,876404571.0,2002986332.0,0.009142649506606818
2024-06-07,44.89,44.96,43.98,44.48,13504602.0,639689323.0,2002986332.0,0.006742233725836527
2024-06-11,44.27,44.99,44.18,44.78,10725515.0,512484136.0,2002986332.0,0.005354761951515903
2024-06-12,44.76,44.78,43.56,44.02,10625273.0,498160927.0,2002986332.0,0.005304715678908587
2024-06-13,43.84,44.53,43.81,44.0,8559244.0,402687279.0,2002986332.0,0.0042732413413193475
2024-06-14,43.96,43.96,42.98,43.78,11127637.0,517049028.0,2002986332.0,0.005555523181672914
2024-06-17,43.73,43.92,43.01,43.33,10025004.0,463939194.0,2002986332.0,0.0050050286613738115
2024-06-18,43.28,43.52,42.93,43.51,7365006.0,340065354.0,2002986332.0,0.003677012609789491
2024-06-19,43.49,43.62,42.46,42.7,11249176.0,513686440.0,2002986332.0,0.005616202078007989
2024-06-20,42.61,43.09,42.33,42.54,9364138.0,426962620.0,2002986332.0,0.004675088317077942
2024-06-21,42.37,42.57,41.81,42.34,10046983.0,452185342.0,2002986332.0,0.0050160017766911055
2024-06-24,42.34,42.98,42.28,42.6,9138913.0,416834168.0,2002986332.0,0.004562643715533851
2024-06-25,42.54,43.54,42.28,43.24,13336269.0,613386785.0,2002986332.0,0.006658192713019472
2024-06-26,43.24,44.76,43.03,44.56,16914779.0,793102905.0,2002986332.0,0.008444780041564457
2024-06-27,44.66,44.99,44.23,44.48,12550780.0,596903381.0,2002986332.0,0.0062660337714176674
2024-06-28,44.68,44.99,44.45,44.9,13091154.0,625825439.0,2002986332.0,0.006535817938871487
2024-07-01,44.88,45.11,44.23,44.75,7309010.0,348306858.0,2002986332.0,0.0036490563531214352
2024-07-02,44.74,45.09,44.04,44.09,9998992.0,473605263.0,2002986332.0,0.004992042052536582
2024-07-03,44.08,44.36,42.84,43.28,11310633.0,522442495.0,2002986332.0,0.005646884763664977
2024-07-04,43.27,44.48,43.21,44.15,9510973.0,448232408.0,2002986332.0,0.004748396356006687
2024-07-05,44.45,44.81,43.97,44.75,10429589.0,493834927.0,2002986332.0,0.0052070195554384845
2024-07-08,44.39,44.98,43.48,44.33,14327532.0,678757614.0,2002986332.0,0.007153085256300191
2024-07-09,43.87,45.79,43.78,45.68,12974277.0,624935723.0,2002986332.0,0.006477466567155786
2024-07-10,45.77,46.4,45.56,46.15,10762177.0,528577163.0,2002986332.0,0.005373065621098807
2024-07-11,46.5,46.62,45.76,46.09,10023283.0,492983736.0,2002986332.0,0.005004169444327492
2024-07-12,46.01,46.01,44.99,45.47,9298301.0,449536103.0,2002986332.0,0.004642218896579071
2024-07-15,45.56,46.3,45.1,46.17,10136065.0,497256348.0,2002986332.0,0.00506047636874239
2024-07-16,46.12,46.17,45.47,45.86,9818955.0,479854247.0,2002986332.0,0.0049021577646991155
2024-07-17,45.56,45.78,44.91,45.42,8444773.0,408445482.0,2002986332.0,0.004216091176003092
2024-07-18,44.98,46.09,44.96,45.97,8519438.0,415456618.0,2002986332.0,0.004253368015493777
2024-07-19,45.74,45.84,45.01,45.56,11400149.0,553117250.0,2002986332.0,0.005691576032182331
2024-07-22,45.56,46.46,45.32,46.12,10617495.0,522087365.0,2002986332.0,0.005300832477173389
2024-07-23,46.15,46.26,44.82,44.82,8833289.0,427692557.0,2002986332.0,0.004410059549023423
2024-07-24,44.86,45.47,44.59,44.72,8658103.0,414696422.0,2002986332.0,0.004322597144911521
2024-07-25,44.7,44.98,44.2,44.62,9622684.0,457653309.0,2002986332.0,0.004804168578819838
2024-07-26,44.62,44.78,43.92,44.3,9890033.0,467426051.0,2002986332.0,0.0049376437781902946
2024-07-29,42.47,43.35,40.96,41.68,36624591.0,1632159474.0,2002986332.0,0.018284992970186677
2024-07-30,42.65,43.39,41.9,42.58,28367248.0,1289655659.0,2002986332.0,0.014162477070762158
2024-07-31,42.36,42.56,41.36,42.19,23617830.0,1059545137.0,2002986332.0,0.011791308618874789
2024-08-01,42.09,42.11,40.4,40.45,27220806.0,1188548325.0,2002986332.0,0.013590110708753454
2024-08-02,40.07,40.92,39.67,40.64,20419352.0,880450623.0,2002986332.0,0.010194453987916678
2024-08-05,40.34,40.93,39.58,40.04,16364465.0,703185014.0,2002986332.0,0.008170033284081342
2024-08-06,39.98,40.44,39.74,40.19,12431563.0,531110570.0,2002986332.0,0.006206514144101508
2024-08-07,40.28,42.52,40.03,42.15,26124222.0,1160446592.0,2002986332.0,0.013042636179106988
2024-08-08,42.13,42.97,41.85,42.31,16224143.0,735773679.0,2002986332.0,0.008099976889907205
2024-08-09,42.56,42.93,42.36,42.61,10157404.0,462509958.0,2002986332.0,0.005071129961160414
2024-08-12,43.0,43.0,42.23,42.4,8551267.0,387373792.0,2002986332.0,0.004269258787932658
2024-08-13,42.23,42.64,41.74,42.2,7876714.0,353608952.0,2002986332.0,0.003932485146883169
2024-08-14,42.2,42.61,41.6,42.46,8518915.0,384126837.0,2002986332.0,0.004253106905374529
2024-08-15,42.37,42.98,42.05,42.89,10202836.0,464642617.0,2002986332.0,0.005093812092972385
2024-08-16,42.91,43.7,42.65,43.42,10057076.0,465898998.0,2002986332.0,0.005021040752663509
2024-08-19,43.31,43.7,42.35,42.47,11426945.0,522559307.0,2002986332.0,0.005704954056571166
2024-08-20,42.51,43.11,42.19,42.76,8864961.0,404136470.0,2002986332.0,0.004425871938501076
2024-08-21,42.64,43.45,42.37,43.03,10466447.0,481325385.0,2002986332.0,0.00522542107890929
2024-08-22,43.06,43.74,42.83,43.63,8163169.0,379017541.0,2002986332.0,0.004075499103305913
2024-08-23,43.41,44.53,43.4,44.32,9499044.0,448270624.0,2002986332.0,0.004742440748717001
2024-08-26,44.25,44.51,43.3,44.02,8409515.0,393006528.0,2002986332.0,0.004198488459780463
2024-08-27,43.79,44.37,43.33,44.14,8025047.0,376744242.0,2002986332.0,0.00400654106909802
2024-08-28,43.92,44.61,43.85,44.45,7256904.0,343086399.0,2002986332.0,0.003623042196575508
2024-08-29,44.38,45.54,44.38,45.23,10805231.0,520962643.0,2002986332.0,0.005394560525638175
2024-08-30,44.99,45.23,44.27,44.89,10612826.0,509346037.0,2002986332.0,0.005298501457772304
2024-09-02,44.85,45.31,44.18,44.54,11227218.0,535173911.0,2002986332.0,0.005605239447035827
2024-09-03,44.53,45.04,44.34,44.76,10370481.0,494680478.0,2002986332.0,0.005177509618672725
2024-09-04,44.83,45.55,44.53,45.1,9726402.0,468971295.0,2002986332.0,0.004855950260173817
2024-09-05,45.43,45.51,44.6,45.16,7533907.0,362010104.0,2002986332.0,0.00376133719917965
2024-09-06,45.09,46.12,45.09,45.49,7796153.0,380407191.0,2002986332.0,0.003892264702682954
2024-09-09,45.53,46.04,45.11,45.37,9248743.0,448561039.0,2002986332.0,0.004617476840575865
2024-09-10,45.46,45.79,44.71,45.22,8757957.0,421552140.0,2002986332.0,0.004372449706761154
2024-09-11,45.27,46.38,44.8,45.83,10049285.0,491171042.0,2002986332.0,0.005017151060619419
2024-09-12,45.68,46.15,44.99,45.24,7488076.0,362536203.0,2002986332.0,0.003738455864810165
2024-09-13,45.21,46.79,44.99,46.49,12442261.0,614748825.0,2002986332.0,0.006211855169064628
2024-09-18,46.77,48.71,46.77,48.51,14212242.0,730223247.0,2002986332.0,0.0070955262015237755
2024-09-19,47.58,49.68,47.44,48.93,16058519.0,834083667.0,2002986332.0,0.008017288357612217
2024-09-20,48.77,49.26,48.57,48.93,10477065.0,546306058.0,2002986332.0,0.005230722163510001
2024-09-23,49.11,49.32,48.47,49.02,9318683.0,485214195.0,2002986332.0,0.004652394702411779
2024-09-24,49.27,49.31,47.52,48.01,20939988.0,1073944580.0,2002986332.0,0.01045438386945518
2024-09-25,48.19,50.13,48.01,49.02,18931286.0,994492664.0,2002986332.0,0.009451530296313574
2024-09-26,48.73,49.52,47.9,49.44,18137803.0,942780211.0,2002986332.0,0.009055380313998069
2024-09-27,49.62,51.15,49.6,50.85,10907916.0,590328838.0,2002986332.0,0.00544582647706255
2024-09-30,51.37,54.68,51.37,54.55,33475742.0,1905615308.0,2002986332.0,0.016712915842303413
2024-10-08,59.99,60.01,52.57,54.62,55892020.0,3323622858.0,2002986332.0,0.027904344182015116
2024-10-09,54.23,55.21,51.84,53.06,38584364.0,2208077544.0,2002986332.0,0.01926341851842452
2024-10-10,52.96,55.55,52.81,54.7,29693178.0,1727620270.0,2002986332.0,0.014824453629871299
2024-10-11,54.65,55.48,53.9,54.22,17705776.0,1030569938.0,2002986332.0,0.008839688877118109
2024-10-14,54.23,55.27,53.49,54.6,16193423.0,942943754.0,2002986332.0,0.008084639790742216
2024-10-15,54.24,54.75,53.49,53.49,11557963.0,667688789.0,2002986332.0,0.005770365386597157
2024-10-16,53.35,53.65,52.02,52.22,13682259.0,769076489.0,2002986332.0,0.006830929787892332
2024-10-17,52.52,53.9,52.52,53.3,12808412.0,730141572.0,2002986332.0,0.006394657714519043
2024-10-18,53.3,55.66,52.59,54.93,21956651.0,1271660526.0,2002986332.0,0.010961957477800701
2024-10-21,54.93,55.4,54.28,55.01,15124272.0,885373432.0,2002986332.0,0.007550861310620266
2024-10-22,54.98,57.75,54.54,57.07,20161689.0,1224117643.0,2002986332.0,0.01006581456792487
2024-10-23,57.07,58.59,56.65,57.9,16120045.0,994879396.0,2002986332.0,0.008048005491831784
2024-10-24,57.91,58.36,56.74,56.88,11428927.0,699591302.0,2002986332.0,0.005705943579049844
2024-10-25,57.18,57.38,55.96,56.61,9674712.0,583312489.0,2002986332.0,0.004830143793512417
2024-10-28,56.61,56.61,54.41,54.69,22443365.0,1315108480.0,2002986332.0,0.011204951647168804
2024-10-29,54.97,55.97,54.15,55.3,14698236.0,867451692.0,2002986332.0,0.007338160907630197
2024-10-30,55.21,55.79,54.28,54.98,12230907.0,714815326.0,2002986332.0,0.006106335727107698
2024-10-31,55.1,55.1,53.3,53.44,15528678.0,888223388.0,2002986332.0,0.00775276283812405
2024-11-01,53.59,54.06,52.87,53.39,12863324.0,734056644.0,2002986332.0,0.0064220727792764585
2024-11-04,53.44,54.16,53.32,53.99,13324250.0,764460284.0,2002986332.0,0.006652192172822076
2024-11-05,54.15,54.64,53.34,54.51,14139075.0,818893975.0,2002986332.0,0.0070589972453191955
2024-11-06,54.51,54.51,53.32,53.95,16178065.0,930525208.0,2002986332.0,0.008076972239668783
2024-11-07,53.88,54.7,53.33,54.25,18032194.0,1036121734.0,2002986332.0,0.00900265454232765
2024-11-08,54.37,54.55,53.5,53.66,18003779.0,1035549370.0,2002986332.0,0.008988468224854567
2024-11-11,53.66,54.46,53.29,53.69,14404306.0,826048904.0,2002986332.0,0.007191415023594879
2024-11-12,53.81,55.42,53.43,53.69,19790089.0,1144846989.0,2002986332.0,0.009880291584535884
2024-11-13,53.52,54.32,53.34,53.98,11769469.0,677837126.0,2002986332.0,0.005875960715242664
2024-11-14,53.88,54.48,53.45,53.66,10368618.0,597019868.0,2002986332.0,0.005176579507483129
2024-11-15,53.52,54.65,53.11,53.79,13998918.0,805371033.0,2002986332.0,0.006989023228142527
2024-11-18,53.8,53.99,53.01,53.15,12411053.0,707848059.0,2002986332.0,0.006196274433688947
2024-11-19,53.17,53.89,53.06,53.77,9760763.0,558475358.0,2002986332.0,0.004873105145082937
2024-11-20,53.99,53.99,53.15,53.55,8522151.0,485835958.0,2002986332.0,0.004254722493033967
2024-11-21,53.55,53.71,53.17,53.5,7248760.0,413193873.0,2002986332.0,0.00361897626768229
2024-11-22,53.49,53.61,52.5,52.5,10435281.0,589795697.0,2002986332.0,0.005209861312223872
2024-11-25,52.5,52.79,51.17,51.37,14780166.0,818354999.0,2002986332.0,0.007379064831282134
2024-11-26,51.4,52.91,51.21,52.12,10883096.0,607413030.0,2002986332.0,0.0054334349796252126
2024-11-27,52.12,53.37,51.88,53.27,11336422.0,641155434.0,2002986332.0,0.005659760038741992
2024-11-28,53.37,53.59,52.84,53.06,7854267.0,445753384.0,2002986332.0,0.003921278380445784
2024-11-29,53.17,53.36,52.38,52.49,9864662.0,555034378.0,2002986332.0,0.0049249771915068664
2024-12-02,52.76,53.39,52.29,53.11,12208382.0,688582660.0,2002986332.0,0.006095090018816963
2024-12-03,53.09,53.87,52.97,53.62,9427263.0,538315065.0,2002986332.0,0.004706603759291154
2024-12-04,53.32,54.02,52.96,53.69,8519567.0,487648809.0,2002986332.0,0.004253432419328161
2024-12-05,53.47,53.9,52.41,52.54,9938351.0,559545879.0,2002986332.0,0.004961766758576164
2024-12-06,52.57,52.77,52.31,52.57,8149261.0,456678429.0,2002986332.0,0.004068555471301139
2024-12-09,52.49,53.39,52.06,52.81,9669909.0,545055464.0,2002986332.0,0.0048277458740042965
2024-12-10,53.9,53.9,52.96,53.06,12115752.0,689547271.0,2002986332.0,0.006048844071692846
2024-12-11,53.06,54.01,52.96,53.76,11187898.0,641136243.0,2002986332.0,0.0055856087589118905
2024-12-12,53.85,55.03,53.85,54.63,13339048.0,775659390.0,2002986332.0,0.006659580141358648
2024-12-13,54.46,54.72,54.09,54.22,10996005.0,637459444.0,2002986332.0,0.005489805309365436
2024-12-16,54.06,54.89,53.66,53.74,9829577.0,568586374.0,2002986332.0,0.004907460846317947
2024-12-17,53.74,55.57,53.47,55.12,15977175.0,935130392.0,2002986332.0,0.007976676997114926
2024-12-18,55.14,55.59,54.91,55.27,8339574.0,491121441.0,2002986332.0,0.00416357009869002
2024-12-19,54.89,57.18,54.84,56.76,15463548.0,929680345.0,2002986332.0,0.007720246390577966
2024-12-20,56.25,56.75,54.93,55.78,14683523.0,871345539.0,2002986332.0,0.007330815375728684
2024-12-23,55.77,56.68,55.54,56.06,14421157.0,863757871.0,2002986332.0,0.007199827961681768
2024-12-24,55.95,56.62,55.74,56.41,11388111.0,683406126.0,2002986332.0,0.005685566006148863
2024-12-25,56.04,58.08,56.04,57.64,12018353.0,738003901.0,2002986332.0,0.006000217179714634
2024-12-26,57.66,57.73,56.81,57.25,6984178.0,425896721.0,2002986332.0,0.0034868825055966485
2024-12-27,56.99,57.86,56.6,57.78,10346613.0,632987870.0,2002986332.0,0.005165593411548052
2024-12-30,57.74,58.82,57.35,58.25,8761472.0,543634782.0,2002986332.0,0.004374204586434492
2024-12-31,58.3,59.23,57.98,58.49,10604299.0,664667169.0,2002986332.0,0.005294244314394053
2025-01-02,58.5,58.68,56.23,56.66,14227311.0,868388402.0,2002986332.0,0.007103049468038008
2025-01-03,56.71,57.06,55.38,55.66,11820432.0,706671700.0,2002986332.0,0.005901404223860675
2025-01-06,55.33,56.06,55.22,55.78,8597400.0,510308700.0,2002986332.0,0.0042922908971702355
2025-01-07,55.78,56.5,55.45,56.22,8297984.0,496545459.0,2002986332.0,0.004142806102782733
2025-01-08,56.22,57.63,55.6,57.43,10891015.0,659774919.0,2002986332.0,0.0054373885762491565
2025-01-09,57.65,57.76,56.75,57.25,6513851.0,397952064.0,2002986332.0,0.003252069620213464
2025-01-10,57.09,57.46,56.24,56.24,7273220.0,440569189.0,2002986332.0,0.0036311880334887877
2025-01-13,56.37,57.46,55.73,55.96,10300500.0,618653834.0,2002986332.0,0.005142571287401076
2025-01-14,55.96,57.69,55.64,57.4,10381578.0,630391572.0,2002986332.0,0.005183049846193359
2025-01-15,57.18,57.51,56.63,56.77,7560144.0,459381385.0,2002986332.0,0.0037744361402861533
2025-01-16,56.96,57.72,56.25,56.99,7340845.0,446772132.0,2002986332.0,0.003664950121087496
2025-01-17,56.59,57.59,56.21,56.42,8188626.0,494885594.0,2002986332.0,0.004088208625878931
2025-01-20,56.73,56.95,55.54,55.77,9572349.0,572120325.0,2002986332.0,0.0047790386020467365
2025-01-21,55.76,56.17,55.35,55.82,8654427.0,515736028.0,2002986332.0,0.004320761885258835
2025-01-22,55.83,56.3,54.55,55.22,8344031.0,491825941.0,2002986332.0,0.004165795276130721
2025-01-23,55.25,55.61,54.55,54.76,10096893.0,592093250.0,2002986332.0,0.00504091957028891
2025-01-24,54.61,56.22,54.55,55.67,10941015.0,648870422.0,2002986332.0,0.005462351302754671
2025-01-27,55.62,56.47,55.51,55.86,10292610.0,614882510.0,2002986332.0,0.005138632169158506
2025-02-05,56.01,56.34,55.14,55.63,8086191.0,481917863.0,2002986332.0,0.004037067488087083
2025-02-06,55.3,55.81,54.7,54.93,12257180.0,718789305.0,2002986332.0,0.0061194526413772855
2025-02-07,54.95,54.96,53.01,54.85,16501485.0,956198129.0,2002986332.0,0.008238441139797053
2025-02-10,54.85,55.42,54.44,54.7,12159707.0,711096841.0,2002986332.0,0.006070788804563845
2025-02-11,54.7,54.82,53.44,53.62,13604866.0,784018050.0,2002986332.0,0.006792290982043506
2025-02-12,53.62,53.96,53.11,53.83,11839308.0,676610914.0,2002986332.0,0.005910828152371037
2025-02-13,53.52,53.71,53.17,53.34,15015163.0,855888344.0,2002986332.0,0.007496388148094463
2025-02-14,53.24,53.75,53.06,53.75,14919214.0,851775063.0,2002986332.0,0.0074484851751849095
2025-02-17,53.71,53.74,53.15,53.29,11005039.0,626020858.0,2002986332.0,0.005494315574790453
2025-02-18,53.16,54.35,53.15,53.82,13079554.0,752560758.0,2002986332.0,0.006530026586322207
2025-02-19,53.87,54.17,53.33,53.65,10995653.0,629151080.0,2002986332.0,0.0054896295717708375
2025-02-20,53.43,54.05,53.17,53.75,9135989.0,522148583.0,2002986332.0,0.004561183895287809
2025-02-21,53.87,54.56,53.34,54.15,14107482.0,814798909.0,2002986332.0,0.0070432242969494215
2025-02-24,53.97,53.97,53.13,53.25,14610091.0,832504459.0,2002986332.0,0.007294154117073626
2025-02-25,53.25,53.64,52.4,52.43,14091058.0,794963263.0,2002986332.0,0.007035024540546889
2025-02-26,52.43,53.44,52.33,53.32,13167935.0,746035871.0,2002986332.0,0.006574151200947885
2025-02-27,53.32,53.52,52.55,53.0,12757451.0,720397540.0,2002986332.0,0.006369215204410091
2025-02-28,53.2,53.75,52.49,52.74,11955615.0,676078503.0,2002986332.0,0.005968894949004574
2025-03-03,52.74,53.24,52.45,52.46,9439431.0,531190368.0,2002986332.0,0.004712678688413536
2025-03-04,52.35,52.61,52.21,52.24,10587480.0,592222448.0,2002986332.0,0.005285847352452129
2025-03-05,52.3,52.85,52.0,52.49,10062887.0,562581937.0,2002986332.0,0.005023941920737979
2025-03-06,52.43,52.74,52.13,52.3,12520688.0,699542665.0,2002986332.0,0.006251010204097588
2025-03-07,52.14,52.7,51.56,52.49,14148909.0,787950410.0,2002986332.0,0.007063906914368301
2025-03-10,52.59,53.07,52.38,53.06,12456850.0,701931463.0,2002986332.0,0.006219138793404407
2025-03-11,52.57,53.97,52.35,53.4,15810843.0,898970976.0,2002986332.0,0.00789363499261262
2025-03-12,53.4,55.59,53.24,55.3,22318920.0,1303604820.0,2002986332.0,0.011142821917169228
2025-03-13,55.3,55.8,54.77,55.22,10104104.0,595332174.0,2002986332.0,0.005044519694705535
2025-03-14,55.22,57.64,55.13,57.54,21854443.0,1326856397.0,2002986332.0,0.01091092967078719
2025-03-17,57.65,57.65,57.04,57.27,10586787.0,646926335.0,2002986332.0,0.005285501369062762
2025-03-18,57.34,57.56,55.97,56.66,11899072.0,717820125.0,2002986332.0,0.005940665600108548
2025-03-19,56.24,56.24,53.21,53.91,38187656.0,2196761304.0,2002986332.0,0.019065360252293523
2025-03-20,53.85,54.08,53.24,53.37,20526758.0,1171637428.0,2002986332.0,0.010248076919977705
2025-03-21,53.43,53.9,52.96,53.15,16903751.0,962169751.0,2002986332.0,0.0084392742626064
2025-03-24,53.43,55.1,53.15,54.16,22273178.0,1289066233.0,2002986332.0,0.011119985016452923
2025-03-25,54.47,54.51,53.9,54.21,9759461.0,564408601.0,2002986332.0,0.004872455115684734
2025-03-26,54.21,54.31,53.71,53.97,7985363.0,459404410.0,2002986332.0,0.003986728652325122
2025-03-27,53.99,55.12,53.75,54.58,12975227.0,756600152.0,2002986332.0,0.006477940858959391
2025-03-28,54.84,54.97,54.45,54.59,8394312.0,489476073.0,2002986332.0,0.004190898293159197
2025-03-31,54.59,55.76,54.45,54.9,13164420.0,776483550.0,2002986332.0,0.006572396321274548
2025-04-01,54.91,55.18,54.06,54.27,12976871.0,754685325.0,2002986332.0,0.0064787616334068925
2025-04-02,54.06,54.26,52.97,53.76,13183901.0,753306794.0,2002986332.0,0.006582122298775627
2025-04-03,53.24,53.75,52.7,53.34,11134282.0,633683120.0,2002986332.0,0.005558840728025497
2025-04-07,50.61,51.32,48.46,50.32,31574083.0,1674781654.0,2002986332.0,0.0157635039718284
2025-04-08,50.62,50.74,49.1,50.32,24380550.0,1294693502.0,2002986332.0,0.012172100034080513
2025-04-09,49.23,50.18,48.63,50.18,21830395.0,1151414919.0,2002986332.0,0.010898923597847098
2025-04-10,52.68,52.76,50.03,51.18,19392335.0,1052092014.0,2002986332.0,0.009681711098166396
2025-04-11,51.09,51.72,50.36,51.58,11417704.0,622804099.0,2002986332.0,0.005700340445458417
2025-04-14,52.02,52.02,50.63,50.73,14321593.0,781936263.0,2002986332.0,0.007150120183645866
2025-04-15,50.72,51.35,50.43,51.18,10017343.0,543776720.0,2002986332.0,0.0050012038724186365
2025-04-16,51.37,51.44,50.06,51.44,12725521.0,689338564.0,2002986332.0,0.0063532740072636705
2025-04-17,51.13,51.53,50.4,50.94,14497334.0,785936645.0,2002986332.0,0.007237859674021979
2025-04-18,51.18,52.26,50.18,50.72,17382072.0,946520222.0,2002986332.0,0.008678078188703286
2025-04-21,50.61,52.16,50.61,51.92,14785615.0,812077687.0,2002986332.0,0.007381785269216705
2025-04-22,51.74,52.63,51.21,52.44,14476640.0,804973596.0,2002986332.0,0.007227528100775877
2025-04-23,52.66,53.6,52.26,53.31,13183350.0,747087169.0,2002986332.0,0.006581847209529535
2025-04-24,53.17,53.76,53.11,53.41,7179764.0,409459166.0,2002986332.0,0.0035845297021228
2025-04-25,53.53,53.66,53.27,53.45,5827182.0,332058022.0,2002986332.0,0.002909247011277159
2025-04-28,53.45,53.9,53.11,53.41,5977955.0,341734145.0,2002986332.0,0.0029845211145454785
2025-04-29,53.64,54.65,53.39,54.49,10084447.0,584306849.0,2002986332.0,0.0050347058484071575
2025-04-30,54.62,55.1,54.33,54.48,9039682.0,527793446.0,2002986332.0,0.0045131021892564765
2025-05-06,54.17,54.6,53.52,54.37,10365606.0,599921322.0,2002986332.0,0.005175075752838437
2025-05-07,54.55,54.81,53.74,53.96,12185239.0,704069376.0,2002986332.0,0.006083535771226621
2025-05-08,53.74,54.63,53.55,54.59,8158893.0,472113411.0,2002986332.0,0.004073364290935162
2025-05-09,54.94,54.94,54.18,54.28,7671977.0,431508028.0,2002986332.0,0.003830269272151978
2025-05-12,54.45,55.38,54.45,55.02,8141606.0,463554284.0,2002986332.0,0.004064733677873145
2025-05-13,55.12,55.32,54.51,54.55,8387913.0,474990259.0,2002986332.0,0.004187703563421021
2025-05-14,54.56,54.71,53.73,54.4,8459895.0,473253206.0,2002986332.0,0.0042236409030074204
2025-05-15,54.22,55.12,54.15,54.81,9001613.0,509410984.0,2002986332.0,0.004494096068549708
2025-05-16,54.56,55.21,54.32,55.19,6955305.0,395177490.0,2002986332.0,0.0034724675295487737
2025-05-19,54.84,55.27,54.41,54.97,6638733.0,377135842.0,2002986332.0,0.003314417524442698
2025-05-20,55.11,55.78,54.84,55.55,7118376.0,407462153.0,2002986332.0,0.0035538814650283895
2025-05-21,55.6,56.08,55.16,55.3,9658974.0,553753182.0,2002986332.0,0.00482228652571754
2025-05-22,55.13,57.07,55.04,57.07,15865773.0,926477759.0,2002986332.0,0.00792105904395158
2025-05-23,56.88,58.89,56.68,58.33,16779013.0,1011215653.0,2002986332.0,0.008376998251029503
2025-05-26,58.22,58.66,57.47,57.83,9860344.0,591043030.0,2002986332.0,0.00492282141044585
2025-05-27,57.87,58.14,56.67,56.68,10392331.0,613237013.0,2002986332.0,0.005188418330155635
2025-05-28,56.92,57.37,56.69,56.73,6432472.0,378444878.0,2002986332.0,0.003211440785807619
2025-05-29,57.07,57.3,56.44,56.44,7422599.0,435715506.0,2002986332.0,0.0037057661759421334
2025-05-30,56.46,56.76,56.07,56.07,7185181.0,419311063.0,2002986332.0,0.0035872341639124074
2025-06-03,56.07,56.46,55.51,56.17,8740721.0,506362479.0,2002986332.0,0.004363844555680173
2025-06-04,56.25,56.56,55.03,55.13,11193145.0,642103800.0,2002986332.0,0.0055882283474313794
2025-06-05,55.19,56.23,55.09,56.04,10509373.0,607471231.0,2002986332.0,0.005246852078868804
2025-06-06,56.04,56.21,55.81,55.99,5271986.0,305356990.0,2002986332.0,0.002632062893178045
2025-06-09,55.99,56.07,55.6,55.67,5763105.0,332139206.0,2002986332.0,0.002877256278751282
2025-06-10,55.67,55.96,55.15,55.4,6100776.0,350126704.0,2002986332.0,0.003045840055188155
2025-06-11,55.58,57.22,55.58,56.5,11774450.0,689224616.0,2002986332.0,0.0058784475020571434
2025-06-12,56.28,56.49,55.94,56.08,5242952.0,304498121.0,2002986332.0,0.002617567537150823
2025-06-13,55.93,56.31,55.64,55.81,6104157.0,353054743.0,2002986332.0,0.003047528034754458
2025-06-16,56.07,56.21,55.57,56.05,5743751.0,331948447.0,2002986332.0,0.0028675937065755276
2025-06-17,55.93,56.2,55.24,55.33,5793919.0,332761472.0,2002986332.0,0.0028926403078421005
2025-06-18,55.34,55.74,55.14,55.59,4971053.0,284859043.0,2002986332.0,0.002481820729668364
2025-06-19,55.6,55.64,54.89,54.99,7659000.0,437087942.0,2002986332.0,0.003823790446114737
2025-06-20,55.17,56.05,54.99,55.76,8418505.0,485037218.0,2002986332.0,0.004202976758006155
2025-06-23,55.65,55.71,54.55,54.93,9042738.0,513373660.0,2002986332.0,0.004514627911100494
2025-06-24,55.04,55.99,55.02,55.59,9102580.0,523705851.0,2002986332.0,0.004544504300691354
2025-06-25,55.53,56.25,55.43,56.09,7337651.0,423713115.0,2002986332.0,0.003663355502118324
2025-06-26,56.07,56.25,55.11,55.11,9198086.0,527667386.0,2002986332.0,0.004592186103844068
2025-06-27,55.28,55.81,55.08,55.48,8184903.0,469378858.0,2002986332.0,0.00408634990126333
2025-06-30,55.58,55.59,54.75,55.14,9970855.0,568240837.0,2002986332.0,0.004977994527822869
2025-07-01,55.04,55.33,54.61,55.01,7341764.0,417194291.0,2002986332.0,0.003665408936000668
2025-07-02,54.84,55.62,54.84,55.26,5683740.0,324508415.0,2002986332.0,0.0028376329429690788
2025-07-03,55.22,55.81,55.05,55.34,7216149.0,414310553.0,2002986332.0,0.0036026950782008633
2025-07-04,55.37,56.85,55.16,56.23,14418775.0,838397914.0,2002986332.0,0.007198638737391045
2025-07-07,56.2,57.07,56.05,56.23,8751430.0,511408876.0,2002986332.0,0.004369191072443124
2025-07-08,56.23,56.31,55.63,55.75,7130296.0,411650608.0,2002986332.0,0.003559832579027304
2025-07-09,55.9,55.96,54.94,54.94,12008281.0,685504216.0,2002986332.0,0.005995188688087363
2025-07-10,54.93,55.07,54.56,54.56,13503139.0,764539047.0,2002986332.0,0.0067415033164589765
2025-07-11,54.66,55.61,54.65,54.91,15594510.0,891218953.0,2002986332.0,0.00778562976235027
2025-07-14,55.13,55.19,54.84,54.85,10016515.0,569188474.0,2002986332.0,0.005000790489667705
2025-07-15,54.88,55.32,54.7,54.91,7086197.0,402716159.0,2002986332.0,0.0035378159535039704
2025-07-16,54.92,55.31,54.8,54.9,6354253.0,361138686.0,2002986332.0,0.003172389595716922
2025-07-17,54.9,56.31,54.84,55.7,17077749.0,984141663.0,2002986332.0,0.008526143552336532
2025-07-18,55.88,56.16,55.48,56.1,11540314.0,665767969.0,2002986332.0,0.00576155404339524
2025-07-21,56.01,56.11,55.51,55.69,10371806.0,596839347.0,2002986332.0,0.005178171130925121
2025-07-22,55.62,55.81,55.31,55.47,10830337.0,620827836.0,2002986332.0,0.005407094809871124
2025-07-23,55.52,55.88,55.33,55.49,12030016.0,690895151.0,2002986332.0,0.00600603998529931
2025-07-24,55.5,55.54,55.23,55.5,10560582.0,604691984.0,2002986332.0,0.005272418404101222
2025-07-25,55.6,56.05,54.89,54.93,14787329.0,844799068.0,2002986332.0,0.007382640991481314
2025-07-28,54.84,55.07,53.59,53.75,24228832.0,1357727551.0,2002986332.0,0.01209635413528124
2025-07-29,53.8,53.84,53.22,53.23,16861077.0,931498364.0,2002986332.0,0.008417969074788475
2025-07-30,53.33,54.31,53.22,53.73,12842996.0,714467494.0,2002986332.0,0.006411923933188377
2025-07-31,53.49,53.65,52.76,52.87,13276500.0,727586968.0,2002986332.0,0.006628352769009309
2025-08-01,52.96,53.21,52.41,53.11,11641247.0,635864661.0,2002986332.0,0.005811945300882862
2025-08-04,52.87,53.07,52.67,52.96,7535615.0,411372065.0,2002986332.0,0.0037621899259170782
2025-08-05,52.97,54.12,52.97,53.96,15925828.0,885950166.0,2002986332.0,0.007951041774757353
2025-08-06,54.03,54.58,53.68,53.74,9201478.0,512557299.0,2002986332.0,0.004593879575210202
2025-08-07,53.66,53.9,53.48,53.7,6602844.0,366401125.0,2002986332.0,0.00329649977861157
2025-08-08,53.72,53.87,53.46,53.68,6536758.0,362810923.0,2002986332.0,0.003263506043734701
2025-08-11,53.68,53.87,53.49,53.64,8043790.0,446058830.0,2002986332.0,0.004015898596755876
2025-08-12,53.63,54.02,53.51,53.69,9457379.0,525587415.0,2002986332.0,0.0047216393087199555
2025-08-13,53.83,54.46,53.55,54.06,13147607.0,735303700.0,2002986332.0,0.006564002354859803
2025-08-14,54.12,54.42,53.41,53.76,16066020.0,894123868.0,2002986332.0,0.008021033265842576
2025-08-15,53.75,54.28,53.25,53.78,13231601.0,737329840.0,2002986332.0,0.006605936739861888
2025-08-18,54.14,56.02,54.12,54.82,31481803.0,1794230420.0,2002986332.0,0.015717432763789823
2025-08-19,55.04,55.57,53.83,53.94,27378212.0,1535854833.0,2002986332.0,0.013668696367319995
2025-08-20,56.2,59.34,56.2,59.34,57058711.0,3449240801.0,2002986332.0,0.028486819949004025
2025-08-21,60.56,63.05,59.97,62.58,75375508.0,4820465115.0,2002986332.0,0.037631563828364654
2025-08-22,61.91,62.49,60.82,61.1,30890392.0,1960054905.0,2002986332.0,0.015422168142882765
2025-08-25,61.28,61.41,60.0,60.77,28170381.0,1759903983.0,2002986332.0,0.014064190329182935
2025-08-26,60.59,62.2,60.29,61.47,26849848.0,1707387979.0,2002986332.0,0.013404908246772798
2025-08-27,61.53,63.5,61.49,62.12,28028952.0,1816954143.0,2002986332.0,0.013993581260243967
2025-08-28,62.08,62.48,61.14,62.36,16172930.0,1035123104.0,2002986332.0,0.008074408567656666
2025-08-29,62.75,63.91,62.39,63.51,17379363.0,1139482197.0,2002986332.0,0.008676725708181218
2025-09-01,63.49,64.3,63.05,63.66,17305124.0,1141413118.0,2002986332.0,0.00863966155112036
2025-09-02,63.66,64.93,63.38,64.28,17214753.0,1144725851.0,2002986332.0,0.008594543419979762
2025-09-03,64.68,66.62,64.3,66.48,28689827.0,1952109285.0,2002986332.0,0.014323526097830606
2025-09-04,66.31,66.43,64.27,65.14,27000504.0,1823581943.0,2002986332.0,0.013480123937261095
2025-09-05,65.15,66.98,64.84,66.2,17789116.0,1211821069.0,2002986332.0,0.008881296749657501
2025-09-08,65.72,67.82,65.66,66.99,18501313.0,1281291829.0,2002986332.0,0.009236864328238462
2025-09-09,67.2,69.5,66.99,67.95,20621493.0,1457786247.0,2002986332.0,0.010295373797887704
2025-09-10,67.91,68.41,66.81,67.43,17132669.0,1195826765.0,2002986332.0,0.008553562611130189
2025-09-11,67.72,69.72,67.43,69.63,16849906.0,1205430200.0,2002986332.0,0.008412391902432613
2025-09-12,69.28,70.1,68.37,68.72,13786741.0,980374348.0,2002986332.0,0.006883092899707316
2025-09-15,68.7,69.43,68.25,69.01,11338906.0,808316367.0,2002986332.0,0.005661000186994785
2025-09-16,69.26,70.28,69.12,69.98,12099315.0,872903355.0,2002986332.0,0.006040637824981424
2025-09-17,69.98,72.04,69.9,71.77,13063504.0,961927867.0,2002986332.0,0.006522013551113938
2025-09-18,72.12,72.14,69.66,70.67,17559141.0,1284847786.0,2002986332.0,0.008766480689095387
2025-09-19,69.96,70.34,69.07,69.98,15345487.0,1105949085.0,2002986332.0,0.007661303901498615
2025-09-22,70.12,70.57,68.68,69.63,17122778.0,1230586295.0,2002986332.0,0.008548624484572867
2025-09-23,69.63,70.25,68.7,69.73,11170930.0,802190630.0,2002986332.0,0.005577137408044979
2025-09-24,69.21,71.28,69.07,70.84,11491918.0,839534972.0,2002986332.0,0.005737392121156022
2025-09-25,70.71,71.24,69.65,70.14,13094763.0,950190152.0,2002986332.0,0.006537619748470655
2025-09-26,69.97,70.46,69.27,69.76,8741931.0,631927420.0,2002986332.0,0.0043644486536616066
2025-09-29,69.45,70.69,68.97,70.42,14811432.0,1070618192.0,2002986332.0,0.0073946745234205625
2025-09-30,70.7,71.05,69.16,71.01,12786419.0,927223761.0,2002986332.0,0.006383677609638327
2025-10-09,69.95,70.13,68.04,69.53,18516870.0,1324147866.0,2002986332.0,0.009244631230963387
2025-10-10,68.68,69.74,67.87,67.97,13483997.0,956309317.0,2002986332.0,0.006731946586243605
2025-10-13,67.17,68.58,66.71,68.15,11905800.0,826486539.0,2002986332.0,0.0059440245845871304
2025-10-14,68.64,68.83,64.94,65.29,23370972.0,1581007744.0,2002986332.0,0.011668063644080823
2025-10-15,66.46,66.72,64.06,65.23,19003007.0,1258802017.0,2002986332.0,0.009487337330467615
2025-10-16,65.48,65.99,65.22,65.53,15342942.0,1026217218.0,2002986332.0,0.007660033298719484
2025-10-17,63.56,63.75,62.02,62.2,28330700.0,1819619741.0,2002986332.0,0.014144230316195687
2025-10-20,63.29,64.49,62.38,64.25,24357454.0,1579139170.0,2002986332.0,0.012160569251453085
2025-10-21,64.67,65.21,63.76,64.47,15647209.0,1027839685.0,2002986332.0,0.007811939976832553
2025-10-22,63.98,64.32,63.04,63.46,11493762.0,744438743.0,2002986332.0,0.005738312746509545
2025-10-23,63.45,65.74,63.18,65.53,17137113.0,1133230405.0,2002986332.0,0.008555781298261999
2025-10-24,65.65,66.29,65.55,65.87,11820774.0,794648209.0,2002986332.0,0.005901574968909973
2025-10-27,65.88,67.67,65.45,67.0,15457584.0,1053356351.0,2002986332.0,0.007717268836560389
2025-10-28,66.71,66.83,65.4,66.17,16212620.0,1092551782.0,2002986332.0,0.008094223979956744
2025-10-29,65.88,66.28,65.52,66.0,7991943.0,536501538.0,2002986332.0,0.003990013747133248
2025-10-30,66.09,67.12,65.89,66.09,12382681.0,840615484.0,2002986332.0,0.006182109584160657
2025-10-31,66.12,67.03,65.81,66.14,10898599.0,738865611.0,2002986332.0,0.005441174922605513
2025-11-03,66.24,66.38,64.83,64.92,9052414.0,601318302.0,2002986332.0,0.0045194586979338406
2025-11-04,64.82,65.94,64.68,65.32,8963524.0,597357491.0,2002986332.0,0.004475079962752337
2025-11-05,64.96,66.03,64.49,65.82,6917937.0,463355227.0,2002986332.0,0.0034538113862676123
2025-11-06,65.85,66.32,65.5,66.15,7014019.0,472942181.0,2002986332.0,0.0035017807600296698
2025-11-07,66.49,67.34,66.04,66.66,9357387.0,637655607.0,2002986332.0,0.004671717849745167
2025-11-10,66.57,66.6,65.52,65.84,8117802.0,546226284.0,2002986332.0,0.004052849423038399
2025-11-11,65.94,66.0,65.26,65.73,6478408.0,433685195.0,2002986332.0,0.003234374541902765
2025-11-12,65.82,65.84,65.1,65.1,7834655.0,523073139.0,2002986332.0,0.00391148700060126
2025-11-13,65.1,65.43,64.29,65.29,8204682.0,542703008.0,2002986332.0,0.004096224656614382
2025-11-14,64.86,65.17,64.37,64.47,6998928.0,462060465.0,2002986332.0,0.0034942465099157753
2025-11-17,64.47,64.96,63.83,64.47,6466389.0,425979039.0,2002986332.0,0.00322837400170537
2025-11-18,64.47,64.57,63.71,63.83,5403811.0,353451167.0,2002986332.0,0.002697877121609834
2025-11-19,63.83,64.28,63.59,63.98,5594736.0,365155643.0,2002986332.0,0.0027931972927711423
2025-11-20,64.18,64.4,63.49,63.5,7199055.0,469419893.0,2002986332.0,0.0035941608212631576
2025-11-21,63.24,63.64,62.7,62.74,8577092.0,552711599.0,2002986332.0,0.004282152036172756
2025-11-24,62.97,63.1,62.23,62.38,8236488.0,526874415.0,2002986332.0,0.004112103946199069
2025-11-25,62.68,63.69,62.59,63.15,7019341.0,453732840.0,2002986332.0,0.0035044377926389163
2025-11-26,63.2,63.67,62.9,63.49,5665648.0,366734793.0,2002986332.0,0.002828600430010323
2025-11-27,63.3,63.95,63.07,63.25,5708247.0,370152550.0,2002986332.0,0.0028498681737384917
2025-11-28,63.49,64.78,63.2,64.55,10802301.0,706915160.0,2002986332.0,0.005393097709864952
2025-12-01,64.19,64.4,62.74,63.53,15869042.0,1022273804.0,2002986332.0,0.007922691107010509
2025-12-02,63.56,63.93,62.68,63.1,10114805.0,650732371.0,2002986332.0,0.005049862217432245
2025-12-03,63.25,63.89,62.74,63.33,10028906.0,649474845.0,2002986332.0,0.005006976752550301
2025-12-04,63.33,63.54,62.25,62.53,9307266.0,595095734.0,2002986332.0,0.00464669471344151
2025-12-05,62.4,62.91,62.0,62.64,9913398.0,631765807.0,2002986332.0,0.004949308860286322
2025-12-08,62.82,63.08,62.0,62.17,8996800.0,572170680.0,2002986332.0,0.004491693156496287
2025-12-09,62.17,62.18,60.75,60.87,15108640.0,944237224.0,2002986332.0,0.0075430569638055825
2025-12-10,60.87,61.12,60.31,60.55,10906595.0,674754238.0,2002986332.0,0.0054451669618282746
2025-12-11,60.56,61.23,60.26,60.26,9916618.0,614256276.0,2002986332.0,0.004950916459873277
2025-12-12,60.25,60.7,59.81,60.7,13501540.0,831299237.0,2002986332.0,0.00674070500846533
2025-12-15,60.7,61.26,60.46,60.84,9553993.0,594366170.0,2002986332.0,0.004769874285892032
2025-12-16,61.0,61.05,60.06,60.12,8309571.0,512737838.0,2002986332.0,0.00414859096502312
2025-12-17,60.12,61.09,59.85,60.83,9973283.0,616732751.0,2002986332.0,0.004979206717821976
2025-12-18,60.84,61.18,60.6,61.04,6326960.0,393408532.0,2002986332.0,0.0031587634418266215
2025-12-19,60.89,61.61,60.82,60.82,8455995.0,528651112.0,2002986332.0,0.00422169381033999
2025-12-22,59.67,62.19,59.62,61.55,17680484.0,1107972717.0,2002986332.0,0.00882706173154256
2025-12-23,61.56,61.97,60.46,61.41,11735455.0,731248652.0,2002986332.0,0.005858979071655493
2025-12-24,61.51,62.39,61.25,61.81,9578597.0,603355991.0,2002986332.0,0.004782157944350865
2025-12-25,61.79,62.7,61.51,62.24,6256270.0,397452709.0,2002986332.0,0.0031234711390931247
2025-12-26,62.47,62.54,61.93,62.42,6357572.0,403742254.0,2002986332.0,0.0031740466215023576
2025-12-29,62.37,63.01,61.78,61.9,9425057.0,599864203.0,2002986332.0,0.004705502403797731
2025-12-30,61.76,63.44,61.73,63.2,11280202.0,724419244.0,2002986332.0,0.005631691949059191
2025-12-31,63.14,63.7,62.82,63.46,8391073.0,542294949.0,2002986332.0,0.00418928120773617
2026-01-05,63.48,63.51,62.41,63.2,14359937.0,922827296.0,2002986332.0,0.007169263599348415
2026-01-06,63.1,63.37,62.4,63.08,14287950.0,916936383.0,2002986332.0,0.007133323763489366
2026-01-07,63.08,63.67,62.44,63.23,11614017.0,747682586.0,2002986332.0,0.005798350600027959
2026-01-08,63.06,63.06,61.84,61.88,16280492.0,1031430987.0,2002986332.0,0.00812810938342439
2026-01-09,62.23,62.7,61.85,62.25,9814482.0,623824096.0,2002986332.0,0.004899924599185932
2026-01-12,62.26,62.44,60.9,60.99,17082791.0,1066443037.0,2002986332.0,0.008528660793677348
2026-01-13,60.99,61.22,59.86,59.98,22209031.0,1370047384.0,2002986332.0,0.011087959336109938
2026-01-14,59.98,60.4,59.09,59.33,17684773.0,1078614600.0,2002986332.0,0.008829203034222202
2026-01-15,59.29,60.32,59.14,60.09,14947385.0,913705726.0,2002986332.0,0.007462549674552647
2026-01-16,59.91,60.68,59.89,59.96,14391504.0,884961957.0,2002986332.0,0.007185023567100407
2026-01-19,59.93,60.27,59.66,59.89,10657489.0,651476775.0,2002986332.0,0.00532079966285062
2026-01-20,59.93,60.63,59.78,60.4,12623473.0,776432324.0,2002986332.0,0.006302326080974975
2026-01-21,60.55,60.57,59.47,59.5,13871365.0,847361085.0,2002986332.0,0.006925341815063369
2026-01-22,59.75,60.65,59.63,59.9,16912554.0,1038063396.0,2002986332.0,0.008443669200234961
2026-01-23,60.01,60.77,59.9,60.05,23010228.0,1416347814.0,2002986332.0,0.011487960567870714
2026-01-26,60.1,60.47,59.13,59.26,23719135.0,1441241625.0,2002986332.0,0.011841885599047612
2026-01-27,59.93,62.15,59.46,61.09,40255916.0,2518688089.0,2002986332.0,0.02009794842673944
2026-01-28,61.24,61.48,60.37,60.86,22648053.0,1408475062.0,2002986332.0,0.01130714305842802
2026-01-29,60.9,61.27,60.13,60.89,18227497.0,1127354598.0,2002986332.0,0.009100160449821782
2026-01-30,60.56,61.55,60.43,60.49,13945414.0,866781761.0,2002986332.0,0.006962311113763506
2026-02-02,60.51,60.8,58.91,58.95,19441892.0,1181844750.0,2002986332.0,0.009706452654915071
2026-02-03,59.13,59.82,58.62,59.28,13127492.0,791642909.0,2002986332.0,0.006553959849986635
2026-02-04,59.28,61.59,59.16,61.38,27516759.0,1703169579.0,2002986332.0,0.013737866584703185
2026-02-05,61.41,62.09,61.1,61.39,14726872.0,924392344.0,2002986332.0,0.007352457560354436
2026-02-06,61.43,61.71,59.32,59.38,24350939.0,1483635873.0,2002986332.0,0.012157316608189417
2026-02-09,59.82,59.91,58.9,58.93,21918030.0,1323476002.0,2002986332.0,0.010942675768593313
2026-02-10,58.95,59.49,58.89,59.26,17255833.0,1043355197.0,2002986332.0,0.008615052796076694
2026-02-11,59.26,59.56,58.94,59.27,9414167.0,568345232.0,2002986332.0,0.00470006552196483
2026-02-12,59.03,59.17,57.79,58.22,27929831.0,1661693815.0,2002986332.0,0.013944094651964905
2026-02-13,57.93,58.8,57.82,58.18,15689005.0,935490236.0,2002986332.0,0.007832806819173043
2026-02-24,59.67,60.37,58.51,60.25,26907065.0,1640793861.0,2002986332.0,0.01343347409322212
2026-02-25,60.0,61.08,59.95,60.57,14780107.0,913555597.0,2002986332.0,0.007379035375264857
2026-02-26,60.58,61.0,59.95,60.29,10975235.0,676166577.0,2002986332.0,0.005479435792775046
2026-02-27,59.97,60.21,59.18,59.18,14246861.0,864997535.0,2002986332.0,0.007112809894101664
2026-03-02,59.13,59.95,58.84,59.25,13899577.0,842629380.0,2002986332.0,0.006939426783866841
2026-03-03,59.25,59.98,58.59,58.63,15712717.0,950595059.0,2002986332.0,0.007844645142591018
2026-03-04,58.3,58.5,57.33,57.59,14705089.0,867123937.0,2002986332.0,0.007341582298925044
2026-03-05,58.12,58.61,57.94,58.17,9735085.0,579075045.0,2002986332.0,0.004860285287258765
2026-03-06,58.12,58.17,57.62,57.83,10144191.0,598023673.0,2002986332.0,0.005064533311054067
2026-03-09,57.14,57.2,55.71,56.68,15859263.0,912810099.0,2002986332.0,0.007917808896960562
2026-03-10,56.97,58.0,56.95,57.81,10844286.0,637959297.0,2002986332.0,0.005414058911311632
2026-03-11,57.94,58.69,57.52,58.52,12844265.0,764211348.0,2002986332.0,0.006412557487187087
2026-03-12,58.49,58.89,58.1,58.69,11156286.0,666095955.0,2002986332.0,0.005569826324706044
2026-03-13,57.82,59.08,57.82,58.31,10243486.0,611523826.0,2002986332.0,0.0051141067896213685
2026-03-16,57.91,58.31,56.8,57.76,14809632.0,868530517.0,2002986332.0,0.007393775865266364
2026-03-17,57.99,59.27,57.81,57.94,18017059.0,1074201760.0,2002986332.0,0.008995098325014432
2026-03-18,57.36,57.81,55.6,56.58,40149093.0,2301085628.0,2002986332.0,0.020044616560069468
2026-03-19,56.03,56.06,55.26,55.33,19782337.0,1122773787.0,2002986332.0,0.00987642136341847
2026-03-20,55.33,56.51,55.33,55.81,19080739.0,1090127898.0,2002986332.0,0.009526145383602148
2026-03-23,55.07,55.27,53.64,54.06,21329569.0,1182088331.0,2002986332.0,0.01064888394855008
2026-03-24,54.96,55.01,53.9,54.58,15498834.0,859793154.0,2002986332.0,0.007737863085927438
2026-03-25,54.8,55.85,54.8,55.41,13728028.0,777563937.0,2002986332.0,0.00685378016848095
2026-03-26,55.51,56.13,55.22,55.51,10952946.0,622202233.0,2002986332.0,0.005468307908553417
2026-03-27,55.04,56.63,54.89,56.53,15216713.0,871482664.0,2002986332.0,0.007597012898638192
2026-03-30,55.55,56.41,55.48,56.05,9560430.0,546755537.0,2002986332.0,0.0047730879873023515
2026-03-31,55.86,56.91,55.85,55.85,10498992.0,604313303.0,2002986332.0,0.005241669317591729
2026-04-01,56.73,57.01,56.39,56.8,12855426.0,744644691.0,2002986332.0,0.006418129666997648
2026-04-02,56.45,57.32,56.35,57.16,10209614.0,593646229.0,2002986332.0,0.0050971960401774725
2026-04-03,57.2,57.3,56.41,56.92,7921376.0,458728736.0,2002986332.0,0.003954782852706955
2026-04-07,56.93,57.17,55.61,56.15,9074151.0,519308781.0,2002986332.0,0.004530310993654849
2026-04-08,56.93,57.03,56.33,56.88,10839802.0,627411284.0,2002986332.0,0.005411820253998618
2026-04-09,56.69,57.52,56.34,56.52,8388034.0,486122616.0,2002986332.0,0.004187763973219164
2026-04-10,56.52,56.69,56.12,56.25,9702068.0,558258670.0,2002986332.0,0.004843801400438113
2026-04-13,56.05,56.98,55.73,56.2,9165954.0,527391122.0,2002986332.0,0.004576144057282564
2026-04-14,56.54,57.59,56.29,57.39,13372303.0,777741065.0,2002986332.0,0.0066761828507574655
2026-04-15,57.69,58.01,57.39,57.84,10852643.0,639058734.0,2002986332.0,0.0054182311814197645
2026-04-16,57.78,58.48,57.62,57.96,10107560.0,598879055.0,2002986332.0,0.005046245118361596
2026-04-17,57.86,57.87,57.32,57.6,8382812.0,492155778.0,2002986332.0,0.004185156866062929
2026-04-20,57.8,59.74,57.61,58.95,18458819.0,1113613251.0,2002986332.0,0.009215649006235954
2026-04-21,58.95,59.87,58.79,58.98,12617113.0,763846137.0,2002986332.0,0.0062991508221634735
2026-04-22,57.33,59.28,57.04,59.17,23037616.0,1374695961.0,2002986332.0,0.011501634150941376
2026-04-23,59.37,59.51,58.45,58.73,11551212.0,693389012.0,2002986332.0,0.005766994919264382
2026-04-24,58.54,58.54,57.4,57.84,12613011.0,742991974.0,2002986332.0,0.006297102880080961
2026-04-27,57.73,59.85,57.46,58.25,16432271.0,989049109.0,2002986332.0,0.00820388573675
2026-04-28,58.26,58.62,57.91,58.22,9294297.0,552183011.0,2002986332.0,0.004640219881440509
2026-04-29,58.03,58.46,57.76,58.2,11028984.0,653436264.0,2002986332.0,0.005506270224513944
2026-04-30,58.2,58.29,57.61,57.68,9965645.0,588540302.0,2002986332.0,0.004975393411720994
2026-05-06,59.0,59.77,58.01,58.11,35471793.0,2136395905.0,2002986332.0,0.01770945334638459
2026-05-07,58.66,58.67,57.32,58.22,23233727.0,1374587168.0,2002986332.0,0.011599543456095835
2026-05-08,58.21,59.57,57.94,58.78,17737313.0,1062469213.0,2002986332.0,0.008855433867234197
2026-05-11,58.77,58.8,58.05,58.2,14878478.0,886155043.0,2002986332.0,0.007428147542646337
2026-05-12,58.21,58.43,57.92,58.25,12322204.0,731747841.0,2002986332.0,0.006151916167943177
2026-05-13,58.01,58.22,56.89,57.14,17903120.0,1024976507.0,2002986332.0,0.008938213763108195
2026-05-14,57.16,57.48,56.64,56.71,11412467.0,650311945.0,2002986332.0,0.005697725849484229
2026-05-15,57.41,57.45,55.91,56.0,15741620.0,887337195.0,2002986332.0,0.007859075096274796
2026-05-18,56.01,56.12,54.08,55.41,18359859.0,1007331077.0,2002986332.0,0.00916624277793624
2026-05-19,55.41,55.7,54.68,55.08,9865661.0,543202659.0,2002986332.0,0.004925475946782447
2026-05-20,55.18,55.2,54.04,54.29,11755641.0,639051994.0,2002986332.0,0.005869057023600299
2026-05-21,54.31,55.32,54.29,54.34,13222577.0,723202116.0,2002986332.0,0.006601431466982172
2026-05-22,54.6,55.45,53.8,55.27,17342797.0,948717519.0,2002986332.0,0.008658469967033205
2026-05-25,55.27,55.27,53.63,53.83,15068018.0,814502533.0,2002986332.0,0.007522776246283442
2026-05-26,53.83,54.21,53.11,53.49,14088499.0,755016411.0,2002986332.0,0.0070337469482043375
2026-05-27,53.3,53.38,52.22,52.75,15385439.0,808981603.0,2002986332.0,0.007681250118485581
2026-05-28,52.75,52.75,51.75,51.99,10449365.0,544201019.0,2002986332.0,0.005216892813025945
2026-05-29,52.09,53.29,51.41,52.66,16511831.0,869033061.0,2002986332.0,0.008243606427165574
2026-06-01,52.66,53.08,52.06,52.48,11324967.0,593692953.0,2002986332.0,0.005654041078099578
