date,open,high,low,close,volume,amount,outstanding_share,turnover
2015-01-21,6.7,7.38,6.7,7.38,94200.0,1229065.0,70000000.0,0.0013457142857142858
2015-01-22,8.12,8.12,8.12,8.12,22200.0,318792.0,70000000.0,0.00031714285714285715
2015-01-23,8.93,8.93,8.93,8.93,27400.0,432920.0,70000000.0,0.00039142857142857143
2015-01-26,9.82,9.82,9.82,9.82,57100.0,992398.0,70000000.0,0.0008157142857142857
2015-01-27,10.81,10.81,10.81,10.81,122950.0,2350804.0,70000000.0,0.0017564285714285713
2015-01-28,11.89,11.89,11.89,11.89,238799.0,5021943.0,70000000.0,0.0034114142857142858
2015-01-29,13.07,13.07,13.07,13.07,307756.0,7118397.0,70000000.0,0.004396514285714285
2015-01-30,14.38,14.38,14.38,14.38,391760.0,9966374.0,70000000.0,0.005596571428571428
2015-02-02,15.81,15.81,15.81,15.81,1150399.0,32188164.0,70000000.0,0.01643427142857143
2015-02-03,17.4,17.4,17.4,17.4,1062500.0,32703750.0,70000000.0,0.015178571428571428
2015-02-04,19.14,19.14,19.14,19.14,534450.0,18096476.0,70000000.0,0.007635
2015-02-05,21.05,21.05,21.05,21.05,610130.0,22727342.0,70000000.0,0.008716142857142856
2015-02-06,23.16,23.16,18.98,19.81,49110408.0,1767529472.0,70000000.0,0.7015772571428571
2015-02-09,18.47,19.37,17.83,17.86,26334820.0,854685504.0,70000000.0,0.37621171428571426
2015-02-10,17.8,18.46,16.97,18.22,21326374.0,675677120.0,70000000.0,0.3046624857142857
2015-02-11,18.45,20.04,17.85,19.44,29504350.0,996433088.0,70000000.0,0.4214907142857143
2015-02-12,19.25,19.58,18.66,19.22,21332316.0,722544960.0,70000000.0,0.30474737142857145
2015-02-13,18.93,20.85,18.8,19.93,24965300.0,869931648.0,70000000.0,0.3566471428571429
2015-02-16,20.18,21.93,19.61,21.93,18223906.0,675879488.0,70000000.0,0.2603415142857143
2015-02-17,22.48,23.12,21.01,21.08,25953244.0,1014753472.0,70000000.0,0.37076062857142855
2015-02-25,20.43,20.71,18.97,18.97,19743020.0,679258752.0,70000000.0,0.2820431428571429
2015-02-26,18.54,19.15,18.41,18.82,10829740.0,359403360.0,70000000.0,0.15471057142857142
2015-02-27,18.72,19.44,18.4,18.96,11240547.0,378453952.0,70000000.0,0.16057924285714287
2015-03-02,18.76,19.53,18.54,19.25,12461535.0,419307456.0,70000000.0,0.17802192857142857
2015-03-03,18.89,19.1,18.51,18.59,9774857.0,324787296.0,70000000.0,0.1396408142857143
2015-03-04,18.6,19.33,18.6,19.24,10785082.0,362275680.0,70000000.0,0.1540726
2015-03-05,19.22,19.92,18.99,19.11,12119721.0,416657056.0,70000000.0,0.17313887142857143
2015-03-06,18.96,18.96,17.86,18.06,12534635.0,407336256.0,70000000.0,0.1790662142857143
2015-03-09,17.75,18.3,17.53,18.14,5894289.0,187889792.0,70000000.0,0.08420412857142857
2015-03-10,18.09,18.88,18.0,18.65,11523726.0,379414400.0,70000000.0,0.16462465714285715
2015-03-11,18.58,19.9,18.43,19.44,15624992.0,530411200.0,70000000.0,0.22321417142857142
2015-03-12,19.43,19.78,18.05,18.91,9302207.0,310504832.0,70000000.0,0.13288867142857144
2015-03-13,18.72,20.53,18.44,20.33,14967315.0,520329120.0,70000000.0,0.21381878571428573
2015-03-16,20.62,22.33,20.29,20.83,21489228.0,805329600.0,70000000.0,0.30698897142857146
2015-03-17,20.63,21.29,20.36,20.85,10754975.0,395470944.0,70000000.0,0.1536425
2015-03-18,20.69,21.65,20.53,21.38,9954336.0,372005664.0,70000000.0,0.1422048
2015-03-19,21.2,21.39,20.69,20.99,7766691.0,288963488.0,70000000.0,0.11095272857142857
2015-03-20,20.87,21.58,20.66,20.86,9218525.0,343684992.0,70000000.0,0.1316932142857143
2015-03-23,20.8,22.02,20.63,21.59,11116886.0,419292288.0,70000000.0,0.15881265714285714
2015-03-24,21.59,23.75,20.71,23.75,20401456.0,812694592.0,70000000.0,0.2914493714285714
2015-03-25,23.74,24.98,23.46,23.88,16383316.0,700263360.0,70000000.0,0.23404737142857143
2015-03-26,22.83,23.4,21.49,21.49,12904501.0,510835296.0,70000000.0,0.1843500142857143
2015-03-27,21.48,22.02,21.03,21.53,7166785.0,272981664.0,70000000.0,0.10238264285714285
2015-03-30,21.36,21.45,20.25,21.08,11607925.0,427417856.0,70000000.0,0.1658275
2015-03-31,20.87,21.41,20.83,20.95,6729048.0,251198000.0,70000000.0,0.09612925714285714
2015-04-01,20.95,21.68,20.86,21.36,7849240.0,295447648.0,70000000.0,0.112132
2015-04-02,21.82,22.48,21.56,21.94,7836890.0,304216064.0,70000000.0,0.11195557142857143
2015-04-03,21.59,22.53,21.43,22.43,8309033.0,324114336.0,70000000.0,0.11870047142857143
2015-04-07,22.76,23.4,22.1,23.05,8587795.0,345291104.0,70000000.0,0.12268278571428572
2015-04-08,22.9,23.74,21.51,22.72,9121305.0,363140128.0,70000000.0,0.13030435714285715
2015-04-09,22.57,23.24,21.31,23.09,8976881.0,354647264.0,70000000.0,0.12824115714285714
2015-04-10,22.67,23.73,22.37,23.17,7668930.0,315475168.0,70000000.0,0.10955614285714285
2015-04-13,23.17,25.49,22.44,25.49,13519333.0,588113088.0,70000000.0,0.19313332857142856
2015-04-14,25.83,26.65,24.3,24.57,13773086.0,625974976.0,70000000.0,0.19675837142857142
2015-04-15,23.79,24.18,22.61,22.61,9124116.0,376616928.0,70000000.0,0.13034451428571428
2015-04-16,22.1,23.38,22.09,22.49,5977552.0,239677456.0,70000000.0,0.0853936
2015-04-17,22.65,23.12,22.04,22.09,6924050.0,274362208.0,70000000.0,0.098915
2015-04-20,21.97,22.1,21.19,21.39,5435734.0,208305024.0,70000000.0,0.07765334285714286
2015-04-21,21.31,22.81,21.3,22.62,6217886.0,245675872.0,70000000.0,0.08882694285714286
2015-04-22,22.62,23.42,22.51,22.89,4885466.0,198877392.0,70000000.0,0.06979237142857143
2015-04-23,22.89,24.3,22.41,23.81,7894692.0,328286976.0,70000000.0,0.11278131428571428
2015-04-24,23.34,24.24,22.71,23.43,6449938.0,266873088.0,70000000.0,0.09214197142857143
2015-04-27,23.62,24.3,23.19,23.86,7018023.0,295836896.0,70000000.0,0.10025747142857143
2015-04-28,23.74,23.99,21.76,21.99,7065261.0,283189888.0,70000000.0,0.1009323
2015-04-29,21.76,23.11,20.74,23.0,5385681.0,213243296.0,70000000.0,0.0769383
2015-04-30,22.99,24.64,22.72,23.96,10112382.0,429852512.0,70000000.0,0.1444626
2015-05-04,24.42,26.34,24.39,24.43,8652427.0,387086560.0,70000000.0,0.1236061
2015-05-05,24.23,26.87,23.72,26.87,17380248.0,809838336.0,70000000.0,0.24828925714285716
2015-05-06,27.24,28.72,25.39,25.55,17514944.0,851935040.0,70000000.0,0.2502134857142857
2015-05-07,25.26,28.1,25.26,28.1,6939537.0,332932064.0,70000000.0,0.09913624285714286
2015-05-08,29.67,30.91,29.4,30.91,1814828.0,97567416.0,70000000.0,0.025926114285714286
2015-05-11,34.0,34.0,34.0,34.0,376460.0,22647834.0,70000000.0,0.005378
2015-05-12,37.4,37.4,34.88,37.4,24022824.0,1560775168.0,70000000.0,0.3431832
2015-05-13,36.17,40.41,35.61,37.62,17911054.0,1195668096.0,70000000.0,0.2558722
2015-05-14,36.57,38.15,35.13,35.24,11348670.0,729544384.0,70000000.0,0.16212385714285715
2015-05-15,38.12,38.77,35.61,38.77,8039273.0,533519968.0,70000000.0,0.11484675714285714
2015-05-18,39.59,42.64,39.56,42.64,16591880.0,1233044864.0,70000000.0,0.23702685714285715
2015-05-19,42.67,45.08,38.72,43.9,17031930.0,1237997312.0,70000000.0,0.2433132857142857
2015-05-20,42.95,48.3,42.51,46.8,12775743.0,1048557120.0,70000000.0,0.18251061428571427
2015-05-21,45.64,49.62,45.22,45.87,9850831.0,822050048.0,70000000.0,0.14072615714285713
2015-05-22,45.6,48.11,42.43,44.85,9435276.0,745940352.0,70000000.0,0.13478965714285715
2015-05-25,41.82,44.65,41.26,42.21,7048159.0,534922240.0,70000000.0,0.10068798571428571
2015-05-26,43.23,46.43,42.73,46.43,7945260.0,631634432.0,70000000.0,0.11350371428571429
2015-05-27,48.29,51.08,44.08,51.08,10592578.0,897982656.0,70000000.0,0.15132254285714286
2015-05-28,50.3,56.19,49.18,49.62,12128555.0,1150708480.0,70000000.0,0.17326507142857142
2015-05-29,48.66,52.28,44.84,49.62,9988594.0,872603008.0,70000000.0,0.1426942
2015-06-01,49.74,51.38,48.13,50.78,6485440.0,577689728.0,70000000.0,0.09264914285714286
2015-06-02,51.32,55.38,50.3,52.56,6672668.0,624013184.0,70000000.0,0.09532382857142857
2015-06-03,52.56,55.66,48.07,55.43,9188006.0,843312064.0,70000000.0,0.13125722857142857
2015-06-04,55.37,55.37,49.89,51.15,7066417.0,644603264.0,70000000.0,0.10094881428571428
2015-06-05,52.49,52.49,46.03,46.03,13104589.0,1108268928.0,70000000.0,0.18720841428571428
2015-06-08,44.76,44.81,41.45,41.83,7523780.0,565346688.0,70000000.0,0.10748257142857143
2015-06-09,41.83,43.86,40.98,42.99,5289046.0,400836224.0,70000000.0,0.0755578
2015-06-10,42.39,45.22,41.82,44.32,4650819.0,360625280.0,70000000.0,0.06644027142857142
2015-06-11,45.33,46.25,43.75,43.97,5518943.0,440314464.0,70000000.0,0.07884204285714286
2015-06-12,43.1,44.15,41.82,43.21,6234614.0,470815936.0,70000000.0,0.08906591428571428
2015-06-15,42.51,43.01,38.89,38.89,5494968.0,389956960.0,70000000.0,0.07849954285714286
2015-06-16,36.74,38.6,35.03,36.74,6355072.0,409901312.0,70000000.0,0.09078674285714286
2015-06-17,36.68,38.82,35.05,38.07,5078787.0,332612832.0,70000000.0,0.0725541
2015-06-18,38.29,38.43,34.26,34.26,5266426.0,336193792.0,70000000.0,0.07523465714285714
2015-06-19,32.78,33.15,30.84,30.84,6398887.0,361560928.0,70000000.0,0.09141267142857143
2015-06-23,30.83,33.92,28.82,33.92,6970067.0,390625760.0,70000000.0,0.09957238571428571
2015-06-24,34.95,36.12,33.01,34.38,7312922.0,448463200.0,70000000.0,0.10447031428571428
2015-06-25,34.53,34.92,30.94,30.94,6175786.0,353378752.0,70000000.0,0.08822551428571429
2015-06-26,29.35,29.35,27.85,27.85,4848325.0,243279824.0,70000000.0,0.06926178571428572
2015-06-29,28.54,28.6,25.07,25.07,6118513.0,279733920.0,70000000.0,0.08740732857142858
2015-06-30,23.91,26.9,22.56,26.25,9038842.0,395367136.0,70000000.0,0.12912631428571428
2015-07-01,25.49,28.82,24.08,24.78,10466791.0,499249888.0,70000000.0,0.1495255857142857
2015-07-02,24.76,25.86,22.34,22.59,7907898.0,336880928.0,70000000.0,0.11296997142857143
2015-07-03,20.55,23.77,20.32,20.91,8541184.0,327829280.0,70000000.0,0.12201691428571429
2015-07-06,23.0,23.0,18.82,19.44,11742028.0,430310656.0,70000000.0,0.16774325714285715
2015-07-07,18.47,18.47,17.5,17.5,2688329.0,83885008.0,70000000.0,0.0384047
2015-07-08,15.75,16.12,15.75,15.75,15646658.0,436300480.0,70000000.0,0.2235236857142857
2015-07-09,14.75,17.32,14.75,17.32,11044589.0,330125024.0,70000000.0,0.15777984285714286
2015-07-10,18.09,19.06,17.89,19.06,4211372.0,139895776.0,70000000.0,0.060162457142857145
2015-07-13,20.96,20.96,20.42,20.96,2040305.0,75339472.0,70000000.0,0.029147214285714287
2015-07-14,22.68,23.06,21.83,23.06,14413528.0,581794752.0,70000000.0,0.20590754285714286
2015-07-15,22.11,22.6,20.75,20.75,7614997.0,285535968.0,70000000.0,0.10878567142857143
2015-07-16,18.68,21.86,18.68,20.45,11070490.0,393973984.0,70000000.0,0.15814985714285715
2015-07-17,20.42,22.39,20.25,22.03,8449815.0,319630112.0,70000000.0,0.12071164285714285
2015-07-20,21.63,22.87,21.09,22.09,11081965.0,430769216.0,70000000.0,0.15831378571428573
2015-07-21,21.83,23.82,21.14,23.0,10144934.0,401988384.0,70000000.0,0.14492762857142857
2015-07-22,22.94,23.79,22.11,23.48,9645010.0,390678560.0,70000000.0,0.13778585714285715
2015-07-23,23.19,25.83,23.07,25.83,8263660.0,357949824.0,70000000.0,0.11805228571428572
2015-07-24,26.66,28.41,25.77,26.65,16229047.0,786233024.0,70000000.0,0.23184352857142856
2015-07-27,25.52,27.67,23.99,23.99,9096748.0,416385696.0,70000000.0,0.12995354285714286
2015-07-28,21.93,24.38,21.59,21.59,10370761.0,404494240.0,70000000.0,0.14815372857142858
2015-07-29,22.39,22.97,19.45,22.89,12533341.0,468172384.0,70000000.0,0.17904772857142856
2015-07-30,22.11,23.53,21.38,21.39,9072511.0,361689184.0,70000000.0,0.1296073
2015-07-31,21.26,22.1,20.3,20.91,6323034.0,234873264.0,70000000.0,0.09032905714285715
2015-08-03,19.85,20.28,18.82,18.82,7063630.0,240319440.0,70000000.0,0.100909
2015-08-04,19.02,20.7,18.43,20.7,7977855.0,278081120.0,70000000.0,0.11396935714285714
2015-08-05,20.84,21.26,20.1,20.44,8527064.0,310999776.0,70000000.0,0.1218152
2015-08-06,19.85,20.42,19.34,19.78,4386471.0,154344432.0,70000000.0,0.06266387142857142
2015-08-07,20.19,21.43,20.19,21.08,6406807.0,236670704.0,70000000.0,0.09152581428571428
2015-08-10,21.27,23.19,21.14,23.01,7822279.0,308702656.0,70000000.0,0.11174684285714286
2015-08-11,23.08,25.23,22.7,24.78,12095442.0,517630816.0,70000000.0,0.17279202857142859
2015-08-12,23.82,24.49,22.85,23.14,8320210.0,346387520.0,70000000.0,0.11886014285714286
2015-08-13,22.51,23.82,22.11,23.59,6811755.0,277829856.0,70000000.0,0.09731078571428571
2015-08-14,23.99,24.1,23.25,23.31,6497098.0,271346848.0,70000000.0,0.09281568571428571
2015-08-17,22.59,23.08,21.68,22.65,6390254.0,252446576.0,70000000.0,0.09128934285714285
2015-08-18,22.66,23.07,20.39,20.39,6640375.0,255404112.0,70000000.0,0.0948625
2015-08-19,19.73,21.16,18.36,20.77,7868005.0,269951360.0,70000000.0,0.11240007142857143
2015-08-20,20.13,20.86,19.3,19.51,4331016.0,153380640.0,70000000.0,0.061871657142857146
2015-08-21,19.49,20.04,18.55,18.76,4897556.0,167087120.0,70000000.0,0.06996508571428571
2015-08-24,17.92,17.92,16.88,16.88,3716017.0,111839352.0,70000000.0,0.053085957142857146
2015-08-25,15.19,15.81,15.19,15.19,4707999.0,127118608.0,70000000.0,0.06725712857142857
2015-08-26,15.36,16.32,13.77,14.46,6361262.0,169324048.0,70000000.0,0.09087517142857143
2015-08-27,15.03,15.59,14.24,15.5,5690037.0,151525488.0,70000000.0,0.08128624285714285
2015-08-28,15.88,16.93,15.32,16.76,6316581.0,178317936.0,70000000.0,0.09023687142857142
2015-08-31,16.33,16.43,15.08,15.09,5324050.0,147584048.0,70000000.0,0.07605785714285715
2015-09-01,15.02,15.02,13.58,13.58,3786329.0,93422864.0,70000000.0,0.05409041428571429
2015-09-02,12.65,14.37,12.25,12.55,3926389.0,91011792.0,70000000.0,0.056091271428571426
2015-09-07,13.04,13.81,12.96,13.78,5215930.0,125757160.0,70000000.0,0.07451328571428571
2015-09-08,13.33,14.98,13.16,14.98,6339955.0,158606128.0,70000000.0,0.09057078571428571
2015-09-09,14.94,15.93,14.74,15.61,8138200.0,221871680.0,70000000.0,0.11626
2015-09-10,15.2,15.65,14.92,15.07,5235265.0,140932512.0,70000000.0,0.0747895
2015-09-11,14.95,15.59,14.95,15.21,3849489.0,103593480.0,70000000.0,0.0549927
2015-09-14,15.4,15.57,13.69,13.69,3965943.0,101169584.0,70000000.0,0.05665632857142857
2015-09-15,13.04,13.37,12.32,12.33,5589834.0,124872288.0,70000000.0,0.07985477142857143
2015-09-16,12.53,13.56,12.47,13.56,4796883.0,109388480.0,70000000.0,0.0685269
2015-09-17,14.05,14.46,13.41,13.52,6827188.0,167673936.0,70000000.0,0.09753125714285714
2015-09-18,13.72,14.18,13.17,13.95,5256392.0,126573304.0,70000000.0,0.07509131428571429
2015-09-21,13.55,15.35,13.43,15.35,8508559.0,222015216.0,70000000.0,0.12155084285714286
2015-09-22,15.88,16.33,15.09,15.6,10805144.0,300719328.0,70000000.0,0.1543592
2015-09-23,15.28,16.16,15.06,15.74,8628146.0,237389200.0,70000000.0,0.12325922857142857
2015-09-24,15.91,16.51,15.65,16.1,7564769.0,214596128.0,70000000.0,0.10806812857142857
2015-09-25,16.02,16.13,14.63,14.87,6257566.0,169490608.0,70000000.0,0.0893938
2015-09-28,15.13,15.88,14.73,15.78,4719694.0,128232192.0,70000000.0,0.0674242
2015-09-29,15.31,15.55,15.0,15.27,4548026.0,122827304.0,70000000.0,0.0649718
2015-09-30,15.48,15.99,15.2,15.48,4749080.0,130593656.0,70000000.0,0.067844
2015-10-08,16.16,16.63,15.88,16.5,6521665.0,188518400.0,70000000.0,0.09316664285714285
2015-10-09,16.5,16.71,16.22,16.51,4855128.0,141115920.0,70000000.0,0.06935897142857143
2015-10-12,16.51,18.16,16.51,17.86,7723874.0,240532512.0,70000000.0,0.11034105714285715
2015-10-13,17.58,19.65,17.52,19.65,9889558.0,324111712.0,70000000.0,0.1412794
2015-10-14,19.91,21.62,19.91,21.62,14586523.0,539379072.0,70000000.0,0.2083789
2015-10-15,21.72,23.65,21.09,22.85,14352130.0,566050368.0,70000000.0,0.20503042857142856
2015-10-16,22.62,23.25,22.14,23.11,11699604.0,469542144.0,70000000.0,0.1671372
2015-10-19,22.64,24.3,22.35,22.45,12507519.0,511786624.0,70000000.0,0.17867884285714286
2015-10-20,22.18,24.7,22.18,24.7,8301664.0,349036384.0,70000000.0,0.1185952
2015-10-21,26.65,27.17,23.82,25.01,24587890.0,1140439040.0,70000000.0,0.35125557142857144
2015-10-22,24.95,27.51,24.38,27.51,24451608.0,1143459712.0,70000000.0,0.3493086857142857
2015-10-23,28.36,28.58,26.57,27.26,24416652.0,1187476096.0,70000000.0,0.34880931428571427
2015-10-26,26.69,26.69,24.53,24.6,17598732.0,779101504.0,70000000.0,0.25141045714285715
2015-10-27,24.35,27.06,24.1,27.06,15736842.0,715854336.0,70000000.0,0.22481202857142857
2015-10-28,27.22,27.22,24.55,24.93,13015580.0,591269568.0,70000000.0,0.18593685714285715
2015-10-29,24.95,25.79,24.33,24.79,10034604.0,442816352.0,70000000.0,0.14335148571428571
2015-10-30,25.02,27.21,23.69,25.77,15037109.0,680337920.0,70000000.0,0.21481584285714286
2015-11-02,24.48,28.35,24.43,28.19,27189664.0,1331292416.0,70000000.0,0.38842377142857143
2015-11-03,28.18,29.25,26.7,27.5,19815136.0,980596864.0,70000000.0,0.2830733714285714
2015-11-04,27.3,30.25,26.96,30.25,19733110.0,1005213952.0,70000000.0,0.2819015714285714
2015-11-05,30.6,32.93,30.04,31.75,22836324.0,1254698624.0,70000000.0,0.3262332
2015-11-06,31.24,33.06,31.24,32.48,15946003.0,906531072.0,70000000.0,0.22780004285714286
2015-11-09,31.9,32.3,29.94,31.33,17602820.0,963840064.0,70000000.0,0.25146885714285716
2015-11-10,31.28,31.28,29.3,30.31,16170513.0,855609792.0,70000000.0,0.23100732857142858
2015-11-11,29.71,31.36,28.87,30.56,16810676.0,888187200.0,70000000.0,0.2401525142857143
2015-11-12,30.05,30.17,28.92,28.98,13873007.0,717792704.0,70000000.0,0.19818581428571427
2015-11-13,28.64,29.7,27.79,27.87,10430971.0,527179584.0,70000000.0,0.14901387142857142
2015-11-16,27.69,28.23,26.08,27.97,8246994.0,396799552.0,70000000.0,0.1178142
2015-11-17,28.44,29.17,27.05,27.1,9628123.0,479487712.0,70000000.0,0.1375446142857143
2015-11-18,27.22,28.35,26.66,27.2,7964829.0,387506336.0,70000000.0,0.11378327142857143
2015-11-19,27.33,28.35,26.88,28.35,9161331.0,447670560.0,70000000.0,0.13087615714285714
2015-11-20,28.46,28.81,27.46,27.72,8578685.0,423010080.0,70000000.0,0.12255264285714286
2015-11-23,27.51,28.3,26.8,27.3,7688470.0,370862016.0,70000000.0,0.10983528571428572
2015-11-24,27.46,28.47,27.05,28.47,9645369.0,476668128.0,70000000.0,0.13779098571428572
2015-11-25,28.11,30.0,27.82,29.31,12635378.0,649168064.0,70000000.0,0.1805054
2015-11-26,29.05,29.94,27.79,27.81,9424063.0,478546656.0,70000000.0,0.13462947142857143
2015-11-27,27.41,27.41,25.03,25.03,10593326.0,487847360.0,70000000.0,0.15133322857142859
2015-11-30,24.95,25.23,22.69,24.72,7679667.0,327170880.0,70000000.0,0.10970952857142857
2015-12-01,24.39,24.84,23.42,23.8,5047071.0,215079168.0,70000000.0,0.07210101428571429
2015-12-02,23.99,24.75,22.97,24.38,5641937.0,240753200.0,70000000.0,0.0805991
2015-12-03,24.38,25.22,24.1,24.89,5880438.0,257074480.0,70000000.0,0.08400625714285714
2015-12-04,24.97,25.11,23.58,23.99,8227685.0,352815008.0,70000000.0,0.11753835714285714
2015-12-07,24.09,24.66,23.83,24.5,5160269.0,221775024.0,70000000.0,0.07371812857142857
2015-12-08,24.16,24.16,23.25,23.69,5750439.0,240848720.0,70000000.0,0.08214912857142857
2015-12-09,23.43,23.88,23.14,23.31,4310865.0,178338176.0,70000000.0,0.061583785714285716
2015-12-10,23.31,24.54,23.26,24.18,7905720.0,335747168.0,70000000.0,0.11293885714285715
2015-12-11,24.04,24.04,23.35,23.51,4414090.0,183671920.0,70000000.0,0.06305842857142857
2015-12-14,22.68,23.73,22.4,23.61,5563262.0,224667920.0,70000000.0,0.07947517142857143
2015-12-15,23.57,24.1,23.37,23.8,4330451.0,182490592.0,70000000.0,0.06186358571428571
2015-12-16,23.93,24.64,23.87,23.89,4920220.0,210200672.0,70000000.0,0.07028885714285714
2015-12-17,24.16,25.86,24.16,25.62,9443178.0,418917120.0,70000000.0,0.13490254285714287
2015-12-18,25.38,25.54,24.61,24.88,6737919.0,296905888.0,70000000.0,0.09625598571428572
2015-12-21,24.72,25.18,24.41,24.98,4174179.0,182768240.0,70000000.0,0.05963112857142857
2015-12-22,25.0,25.45,24.89,25.06,4167160.0,184351952.0,70000000.0,0.05953085714285714
2015-12-23,25.53,26.23,25.12,25.23,8322520.0,377339520.0,70000000.0,0.11889314285714286
2015-12-24,24.46,24.89,23.57,24.25,5767873.0,245042480.0,70000000.0,0.08239818571428571
2015-12-25,24.13,24.5,23.76,23.93,3511248.0,149273712.0,70000000.0,0.05016068571428572
2015-12-28,23.95,24.55,23.59,23.59,4129936.0,175129040.0,70000000.0,0.058999085714285714
2015-12-29,23.31,23.53,22.68,23.39,4215973.0,171498672.0,70000000.0,0.06022818571428572
2015-12-30,23.47,23.53,23.01,23.36,3480915.0,143126832.0,70000000.0,0.04972735714285714
2015-12-31,23.37,23.48,22.45,22.45,4320566.0,174278832.0,70000000.0,0.061722371428571426
2016-01-04,22.4,22.4,20.21,20.21,4192719.0,153991280.0,70000000.0,0.05989598571428571
2016-01-05,18.32,19.97,18.19,18.86,5398663.0,179774144.0,70000000.0,0.07712375714285714
2016-01-06,19.05,19.78,18.6,19.65,5383051.0,182647312.0,70000000.0,0.07690072857142857
2016-01-07,19.22,19.22,17.69,17.69,1416100.0,45494172.0,70000000.0,0.02023
2016-01-08,17.98,18.33,16.25,17.44,4997160.0,154405872.0,70000000.0,0.071388
2016-01-11,16.47,17.29,15.7,15.7,4990384.0,144442336.0,70000000.0,0.0712912
2016-01-12,15.48,16.43,15.45,16.3,5057262.0,144031424.0,70000000.0,0.0722466
2016-01-13,16.5,16.61,15.31,15.31,4018771.0,114716880.0,70000000.0,0.05741101428571429
2016-01-14,14.74,16.84,14.63,16.84,5374738.0,151308688.0,70000000.0,0.07678197142857143
2016-01-15,16.98,17.79,16.5,17.01,8802324.0,266161824.0,70000000.0,0.1257474857142857
2016-01-18,16.53,18.09,16.52,17.78,6739960.0,208773424.0,70000000.0,0.09628514285714286
2016-01-19,17.69,18.15,17.17,18.11,7404863.0,230636672.0,70000000.0,0.10578375714285715
2016-01-20,17.58,17.95,17.18,17.35,5476076.0,170047040.0,70000000.0,0.07822965714285714
2016-01-21,16.98,17.94,16.73,16.82,5291415.0,162599296.0,70000000.0,0.07559164285714286
2016-01-22,17.12,17.28,16.44,17.08,4234211.0,126452936.0,70000000.0,0.06048872857142857
2016-01-25,17.35,17.64,17.05,17.35,3757331.0,114829608.0,70000000.0,0.053676157142857145
2016-01-26,17.01,17.01,15.62,15.62,4061714.0,116778560.0,70000000.0,0.058024485714285715
2016-01-27,15.62,15.97,14.35,15.74,4099507.0,109621152.0,70000000.0,0.05856438571428572
2016-01-28,15.42,15.62,14.59,14.63,2951394.0,78836704.0,70000000.0,0.04216277142857143
2016-01-29,14.74,15.74,14.74,15.48,3163651.0,85361208.0,70000000.0,0.045195014285714284
2016-02-01,15.42,15.48,14.85,15.2,2731964.0,73213024.0,70000000.0,0.03902805714285714
2016-02-02,15.23,16.02,15.23,15.81,3853590.0,107207776.0,70000000.0,0.05505128571428571
2016-02-03,15.53,15.98,15.08,15.88,3365438.0,91785104.0,70000000.0,0.048077685714285716
2016-02-04,15.76,16.72,15.76,16.25,4283764.0,123303040.0,124301212.0,0.03446276935738969
2016-02-05,16.25,16.44,15.78,15.92,2595590.0,73587024.0,124301212.0,0.020881453673999576
2016-02-15,15.13,15.88,15.04,15.65,2465123.0,67260264.0,124301212.0,0.019831850070778072
2016-02-16,15.87,17.22,15.71,17.22,5932759.0,173967488.0,124301212.0,0.047728891010330614
2016-02-17,17.12,17.26,16.76,17.2,5778998.0,173168432.0,124301212.0,0.046491887786259074
2016-02-18,17.29,17.79,16.9,16.95,5535722.0,169026800.0,124301212.0,0.044534738728050374
2016-02-19,16.78,17.39,16.78,17.21,3989590.0,120628848.0,124301212.0,0.032096147220189615
2016-02-22,17.41,17.69,17.24,17.49,4064981.0,124873256.0,124301212.0,0.03270266584367657
2016-02-23,17.3,17.4,16.83,17.08,4154867.0,124909304.0,124301212.0,0.03342579636311189
2016-02-24,17.35,17.58,16.84,17.57,5419777.0,165125632.0,198678568.0,0.027279122527196793
2016-02-25,17.52,17.52,15.81,15.81,5469060.0,158202288.0,198678568.0,0.02752717645921426
2016-02-26,16.16,16.16,14.52,15.14,3925985.0,106666736.0,198678568.0,0.01976048569063574
2016-02-29,14.94,15.04,13.63,13.67,3477126.0,85859736.0,198678568.0,0.017501263649131998
2016-03-01,13.61,14.4,13.04,13.67,2727688.0,66329152.0,198678568.0,0.013729150695308012
2016-03-02,13.89,14.63,13.86,14.53,3755357.0,94112152.0,198678568.0,0.018901671366989115
2016-03-03,14.37,15.08,14.35,14.43,4019504.0,103749304.0,198678568.0,0.020231190714038165
2016-03-04,14.16,14.44,13.36,13.72,3357977.0,82763464.0,198678568.0,0.0169015562866348
2016-03-07,13.89,14.6,13.84,14.22,2929718.0,74040960.0,198678568.0,0.014746019308937238
2016-03-08,14.09,14.46,13.2,14.42,3850903.0,94034816.0,198678568.0,0.019382578799339845
2016-03-09,13.89,14.29,13.72,13.92,2564039.0,63378888.0,198678568.0,0.012905463461967373
2016-03-10,13.75,14.17,13.75,13.79,2034956.0,50079248.0,198678568.0,0.010242453529260388
2016-03-11,13.61,15.17,13.33,15.17,9263979.0,243272080.0,198678568.0,0.04662797348126649
2016-03-14,15.31,16.22,15.12,15.76,10681022.0,295272736.0,198678568.0,0.05376031298957218
2016-03-15,15.61,15.63,15.17,15.2,5735497.0,155728112.0,198678568.0,0.02886822196141458
2016-03-16,15.5,15.65,14.66,14.83,4817326.0,128941096.0,198678568.0,0.02424683270316303
2016-03-17,14.18,16.05,14.18,15.77,10028706.0,268473024.0,198678568.0,0.05047703987880565
2016-03-18,15.59,16.72,15.51,16.42,10412388.0,295886560.0,198678568.0,0.05240820942498438
2016-03-21,16.56,16.88,16.22,16.87,9279805.0,270957152.0,198678568.0,0.046707629783198354
2016-03-22,16.57,16.88,16.38,16.48,6442792.0,188638928.0,198678568.0,0.03242821842766654
2016-03-23,16.5,17.57,16.45,16.94,11807874.0,353967584.0,198678568.0,0.05943204704394688
2016-03-24,16.5,16.71,16.16,16.22,10406182.0,302234688.0,198678568.0,0.052376973041198885
2016-03-25,16.09,16.37,15.77,16.04,6338296.0,179568592.0,198678568.0,0.031902263358370896
2016-03-28,16.26,16.44,15.81,15.93,8303353.0,237916848.0,198678568.0,0.04179289735971924
2016-03-29,15.85,15.93,14.95,15.25,6898156.0,187882400.0,198678568.0,0.03472018179635762
2016-03-30,15.47,16.02,15.4,15.95,8294994.0,229283232.0,198678568.0,0.04175082437678935
2016-03-31,16.21,16.8,15.92,16.22,15251121.0,440241600.0,198678568.0,0.07676278902916192
2016-04-01,16.05,17.11,16.05,16.9,18902444.0,554294464.0,198678568.0,0.09514083069090774
2016-04-05,16.79,17.36,16.43,17.22,16493415.0,493305376.0,198678568.0,0.08301557216780422
2016-04-06,17.01,17.41,16.73,17.18,10931514.0,329557408.0,198678568.0,0.055021103232433206
2016-04-07,17.38,17.95,16.78,16.91,13817288.0,424881280.0,198678568.0,0.06954594116059866
2016-04-08,16.63,17.24,16.46,17.15,9295835.0,274795648.0,198678568.0,0.04678831286925724
2016-04-11,17.36,17.58,16.95,17.24,14511403.0,440490656.0,198678568.0,0.07303959931903677
2016-04-12,17.02,17.08,16.33,16.67,8269932.0,244127440.0,198678568.0,0.04162468092683253
2016-04-13,16.74,17.69,16.74,17.26,13034025.0,395313664.0,198678568.0,0.06560357833865603
2016-04-14,17.91,18.98,17.69,18.98,10967849.0,360293472.0,198678568.0,0.055203986571918516
2016-04-15,19.85,20.13,18.47,18.51,27371032.0,925867328.0,198678568.0,0.1377653980272296
2016-04-18,18.12,18.12,17.46,17.6,13775405.0,429880704.0,198678568.0,0.06933513331946302
2016-04-19,17.66,17.85,17.24,17.41,9851162.0,303231616.0,198678568.0,0.049583415559951084
2016-04-20,17.35,17.69,15.67,15.87,16015754.0,463802688.0,198678568.0,0.08061138230068177
2016-04-21,15.92,15.98,15.37,15.39,8501113.0,236275904.0,198678568.0,0.042788273972258546
2016-04-22,15.3,15.71,15.03,15.71,8132399.0,221445216.0,198678568.0,0.04093244219477161
2016-04-25,15.61,15.61,15.05,15.38,6598847.0,177540336.0,198678568.0,0.033213683118553584
2016-04-26,15.41,15.71,15.27,15.69,5484315.0,149767648.0,198678568.0,0.027603958772241605
2016-04-27,15.59,15.7,15.26,15.34,8247942.0,224769584.0,198678568.0,0.0415139996378472
2016-04-28,15.41,15.65,14.77,15.52,7684173.0,205940944.0,198678568.0,0.03867640620401492
2016-04-29,15.34,15.44,15.15,15.19,4795798.0,129366880.0,198678568.0,0.02413847677823005
2016-05-03,15.21,15.74,14.85,15.72,7472335.0,204313104.0,198678568.0,0.03761017142020069
2016-05-04,15.64,16.05,15.59,15.72,7530269.0,210342816.0,198678568.0,0.03790176804576123
2016-05-05,15.61,15.99,15.61,15.91,5687742.0,158385040.0,198678568.0,0.028627858843838658
2016-05-06,15.99,16.3,15.2,15.23,10183470.0,283945568.0,198678568.0,0.051256006636810465
2016-05-09,14.94,14.99,14.07,14.18,6229205.0,158638192.0,198678568.0,0.03135318047993984
2016-05-10,14.2,14.36,14.1,14.23,3249967.0,81668008.0,198678568.0,0.01635791435742581
2016-05-11,14.47,14.54,14.07,14.15,3161081.0,79707098.0,198678568.0,0.015910528406868726
2016-05-12,13.88,14.48,13.52,14.27,4380554.0,108824141.0,198678568.0,0.022048447621184786
2016-05-13,14.18,14.41,13.99,14.08,3247434.0,81216246.0,198678568.0,0.01634516512118207
2016-05-16,14.0,15.49,13.99,14.77,6613977.0,172993054.0,198678568.0,0.033289836274640355
2016-05-17,14.78,14.86,14.46,14.69,6217023.0,161080747.0,198678568.0,0.03129186536113951
2016-05-18,14.62,14.62,13.67,13.89,6588963.0,163271146.0,198678568.0,0.03316393442094871
2016-05-19,13.78,14.45,13.75,14.11,8005311.0,200283801.0,198678568.0,0.040292775816664836
2016-05-20,13.79,14.03,13.57,14.02,8595241.0,209408457.0,198678568.0,0.043262044248275434
2016-05-23,14.13,14.45,14.07,14.36,10791025.0,271880507.0,198678568.0,0.05431398619704165
2016-05-24,14.35,14.35,13.83,13.98,9770444.0,241086350.0,198678568.0,0.0491771412405187
2016-05-25,14.16,14.68,14.09,14.34,19523455.0,494814691.0,198678568.0,0.09826653773747755
2016-05-26,14.11,14.14,13.51,14.1,18836812.0,460689916.0,198678568.0,0.09481048806431905
2016-05-27,13.89,14.49,13.85,14.32,23649760.0,593239440.0,198678568.0,0.1190352851747955
2016-05-30,14.03,14.21,13.72,13.98,17523860.0,431832888.0,198678568.0,0.08820206515682155
2016-05-31,14.04,15.05,13.98,14.96,26724431.0,689077805.0,198678568.0,0.13451088997178598
2016-06-01,15.03,15.34,14.83,15.02,23465235.0,622771740.0,198678568.0,0.1181065236991239
2016-06-02,15.08,15.38,14.98,15.31,18510262.0,496004911.0,198678568.0,0.09316687847277015
2016-06-03,15.31,15.87,15.23,15.78,28720198.0,785141925.0,198678568.0,0.14455609525029392
2016-06-06,15.81,15.87,15.34,15.44,18076989.0,494585681.0,198678568.0,0.09098610475187238
2016-06-07,15.41,15.49,15.08,15.35,12878957.0,346932790.0,198678568.0,0.06482308147097175
2016-06-08,15.25,15.56,15.14,15.32,13736329.0,371006278.0,198678568.0,0.06913845382658486
2016-06-13,14.98,15.03,13.79,13.79,19100408.0,490950339.0,198678568.0,0.09613723408757406
2016-06-14,13.55,13.75,13.26,13.5,14168567.0,337851894.0,198678568.0,0.07131401812801469
2016-06-15,13.23,14.12,13.22,13.94,12329717.0,301762932.0,198678568.0,0.06205861620665597
2016-06-16,14.15,14.16,13.61,13.69,12591463.0,306571564.0,198678568.0,0.06337605070719052
2016-06-17,13.78,14.07,13.7,13.81,9082029.0,222235040.0,198678568.0,0.04571217263857066
2016-11-07,15.19,15.19,15.19,15.19,2313419.0,61814556.0,198678568.0,0.011644028962399206
2016-11-08,15.69,16.48,15.49,16.27,50202738.0,1408669984.0,198678568.0,0.2526832083871271
2016-11-09,15.82,16.07,15.37,15.85,27704641.0,769472892.0,198678568.0,0.13944453736952644
2016-11-10,16.01,17.38,15.64,16.95,35861507.0,1040492120.0,198678568.0,0.18050012822721775
2016-11-11,16.88,16.88,16.09,16.37,23822520.0,690930326.0,198678568.0,0.11990483039922051
2016-11-14,16.2,16.54,15.96,16.05,14893727.0,425266685.0,198678568.0,0.07496393370421313
2016-11-15,15.99,16.41,15.97,16.32,11916356.0,338740141.0,198678568.0,0.05997806466976347
2016-11-16,16.34,16.71,16.17,16.18,12907829.0,372957280.0,198678568.0,0.06496840162447719
2016-11-17,15.99,16.09,15.72,15.74,10468637.0,292259195.0,198678568.0,0.05269132501498602
2016-11-18,15.78,15.95,15.7,15.75,6433818.0,178997074.0,198678568.0,0.032383049992589036
2016-11-21,15.35,15.51,15.15,15.2,13643332.0,366139621.0,198678568.0,0.06867037616256626
2016-11-22,15.24,15.49,15.24,15.38,9062270.0,244627402.0,198678568.0,0.04561272054266065
2016-11-23,15.4,15.9,15.4,15.5,11119091.0,305649278.0,198678568.0,0.055965226203965796
2016-11-24,15.42,15.44,15.16,15.17,6945624.0,186500952.0,198678568.0,0.03495910036959799
2016-11-25,15.17,15.18,14.5,15.04,8254102.0,215345782.0,198678568.0,0.04154500449187856
2016-11-28,14.99,15.17,14.89,14.99,4626626.0,122273461.0,198678568.0,0.0232869908746272
2016-11-29,14.89,14.92,13.99,14.21,21895875.0,556458783.0,198678568.0,0.11020753380908202
2016-11-30,14.13,14.49,14.11,14.3,8625607.0,217046073.0,198678568.0,0.04341488408553458
2016-12-01,14.2,14.38,14.1,14.34,5799389.0,145506976.0,198678568.0,0.029189806723390516
2016-12-02,14.27,14.3,13.64,13.85,8140047.0,200936717.0,198678568.0,0.040970936533023534
2016-12-05,13.76,14.21,13.69,14.01,6525493.0,161353995.0,198678568.0,0.032844473692804146
2016-12-06,13.96,14.18,13.66,13.89,5888628.0,144932713.0,198678568.0,0.029638969413147774
2016-12-07,13.87,15.28,13.85,15.28,19312346.0,501064970.0,198678568.0,0.09720397219694074
2016-12-08,15.69,15.85,14.87,14.93,41653641.0,1122766072.0,198678568.0,0.2096534186817775
2016-12-09,14.6,15.32,14.55,15.01,26971346.0,713531821.0,198678568.0,0.1357536762596356
2016-12-12,14.67,14.7,13.51,13.59,23258448.0,578212793.0,198678568.0,0.1170657118889643
2016-12-13,13.4,13.71,13.23,13.53,11300290.0,268746250.0,198678568.0,0.056877247071762664
2016-12-14,13.34,13.39,12.66,12.96,25658844.0,586190240.0,198678568.0,0.12914751831712418
2016-12-15,12.88,13.73,12.88,13.54,30746623.0,718116837.0,198678568.0,0.1547556100766742
2016-12-16,13.39,13.62,13.29,13.45,15809634.0,373091458.0,198678568.0,0.07957392767195705
2016-12-19,13.47,13.47,13.19,13.31,10040306.0,234768040.0,198678568.0,0.05053542564289068
2016-12-20,13.27,13.83,13.25,13.47,14181761.0,338057546.0,198678568.0,0.07138042690140589
2016-12-21,13.52,13.67,13.4,13.63,10867863.0,258622914.0,198678568.0,0.054700731485038685
2016-12-22,13.58,13.58,13.31,13.43,8460173.0,200383144.0,198678568.0,0.04258221249108258
2016-12-23,13.44,13.69,13.3,13.34,9898955.0,234854469.0,198678568.0,0.049823969941236945
2016-12-26,13.15,13.51,12.8,13.51,10685051.0,246340828.0,198678568.0,0.053780591976080684
2016-12-27,13.4,13.51,13.35,13.39,6729002.0,158990172.0,198678568.0,0.03386878649135422
2016-12-28,13.51,13.51,13.21,13.25,5634788.0,132303242.0,198678568.0,0.028361327830790487
2016-12-29,13.24,13.38,13.14,13.15,4685732.0,109140653.0,198678568.0,0.02358448647566254
2016-12-30,13.19,13.23,12.97,13.06,5243574.0,120660646.0,198678568.0,0.026392247804000683
2017-01-03,13.09,13.36,13.05,13.26,5299550.0,123399888.0,198678568.0,0.026673989315244107
2017-01-04,13.26,13.52,13.18,13.44,7593237.0,178474248.0,198678568.0,0.03821870207963247
2017-01-05,13.45,13.52,13.32,13.38,6073108.0,142950812.0,198678568.0,0.030567504392320765
2017-01-06,13.36,13.39,13.06,13.09,6881118.0,159508341.0,198678568.0,0.03463442518872997
2017-01-09,13.06,13.21,12.97,13.21,4719200.0,108823837.0,198678568.0,0.023752939471558904
2017-01-10,13.19,13.5,13.13,13.17,9804510.0,230124617.0,198678568.0,0.049348604123218766
2017-01-11,13.17,13.18,12.85,12.97,7704037.0,176242662.0,198678568.0,0.03877638679175501
2017-01-12,12.97,13.04,12.81,12.81,4634050.0,105157703.0,198678568.0,0.023324357763641623
2017-01-13,12.73,12.83,12.4,12.41,7367112.0,163784859.0,198678568.0,0.03708055717413868
2017-01-16,12.41,12.42,11.17,11.49,10368762.0,213646526.0,198678568.0,0.052188628619469414
2017-01-17,11.44,11.81,11.09,11.69,7688926.0,155608327.0,198678568.0,0.03870032926752321
2017-01-18,11.55,11.6,11.37,11.37,4493451.0,90734338.0,198678568.0,0.02261668707014236
2017-01-19,11.31,11.57,11.2,11.37,4985828.0,99919714.0,198678568.0,0.025094946325564416
2017-01-20,11.27,11.67,11.27,11.6,5950130.0,121103164.0,198678568.0,0.029948524694419984
2017-01-23,11.59,11.7,11.54,11.59,5385393.0,110049711.0,198678568.0,0.027106059069239918
2017-01-24,11.54,11.67,11.39,11.43,5383411.0,109168009.0,198678568.0,0.02709608315679022
2017-01-25,11.38,11.54,11.37,11.47,3464696.0,69808939.0,198678568.0,0.017438700282961572
2017-01-26,11.49,11.57,11.48,11.53,3406644.0,69069385.0,198678568.0,0.017146509733249136
2017-02-03,11.56,11.57,11.37,11.44,2656557.0,53488890.0,198678568.0,0.0133711301965897
2017-02-06,11.47,11.74,11.46,11.73,5591490.0,114451406.0,198678568.0,0.02814339793308758
2017-02-07,11.72,11.77,11.55,11.69,5402687.0,110797972.0,198678568.0,0.027193104190281862
2017-02-08,11.68,11.82,11.59,11.8,5209314.0,107517306.0,198678568.0,0.026219808469728854
2017-02-09,11.78,11.97,11.74,11.85,5825735.0,121419785.0,198678568.0,0.029322412873440885
2017-02-10,11.8,11.85,11.66,11.68,5438079.0,112273165.0,198678568.0,0.027371241169807506
2017-02-13,11.65,12.85,11.63,12.85,10526057.0,233227523.0,198678568.0,0.05298033454720692
2017-02-14,12.71,12.81,12.45,12.57,12518915.0,277251710.0,198678568.0,0.0630108980853939
2017-02-15,12.59,12.98,12.5,12.52,16289405.0,365433917.0,198678568.0,0.08198873770823635
2017-02-16,12.36,12.5,12.22,12.46,6580524.0,143330322.0,198678568.0,0.033121458777576857
2017-02-17,12.39,12.86,12.36,12.46,9701462.0,215007436.0,198678568.0,0.0488299372079227
2017-02-20,12.46,12.77,12.39,12.67,8061750.0,178569280.0,198678568.0,0.040576847725216136
2017-02-21,12.69,13.33,12.56,12.94,12153250.0,275742598.0,198678568.0,0.06117041270400137
2017-02-22,12.8,12.88,12.62,12.7,7578794.0,169681807.0,198678568.0,0.03814600677009108
2017-02-23,12.68,12.78,12.51,12.65,5504537.0,122035370.0,198678568.0,0.027705741265459494
2017-02-24,12.67,12.88,12.58,12.74,5334242.0,119377942.0,198678568.0,0.026848603015902552
2017-02-27,12.73,12.73,12.43,12.45,5634002.0,124625587.0,198678568.0,0.02835737169194817
2017-02-28,12.51,12.54,12.37,12.53,3543202.0,77681442.0,198678568.0,0.0178338410411736
2017-03-01,12.53,12.61,12.45,12.48,3517163.0,77568881.0,198678568.0,0.017702780100569276
2017-03-02,12.51,12.59,12.4,12.44,4202149.0,92224707.0,198678568.0,0.021150489669323567
2017-03-03,12.39,12.59,12.36,12.57,4769290.0,104960613.0,198678568.0,0.024005055240784702
2017-03-06,12.62,12.89,12.6,12.76,6360661.0,143035838.0,198678568.0,0.03201483211817794
2017-03-07,12.76,12.89,12.69,12.85,5371435.0,120800609.0,198678568.0,0.027035804888627946
2017-03-08,12.85,12.89,12.63,12.69,4512225.0,101194924.0,198678568.0,0.02271118140936067
2017-03-09,12.61,12.76,12.57,12.59,3831590.0,85180164.0,198678568.0,0.01928537153539379
2017-03-10,12.58,13.05,12.55,12.78,7045825.0,158667744.0,198678568.0,0.035463437606415606
2017-03-13,12.78,12.8,12.55,12.72,4239537.0,94522028.0,198678568.0,0.021338673026876257
2017-03-14,12.73,12.95,12.67,12.74,6051647.0,136180832.0,198678568.0,0.030459485695507934
2017-03-15,12.67,12.68,12.51,12.56,4399690.0,97446997.0,198678568.0,0.022144763998902993
2017-03-16,12.57,12.76,12.57,12.65,4293446.0,95543644.0,198678568.0,0.021610010798950394
2017-03-17,12.63,12.78,12.46,12.48,7678801.0,170919076.0,198678568.0,0.03864936755533692
2017-03-20,12.36,12.45,12.09,12.2,8326644.0,179052207.0,198678568.0,0.041910126914142046
2017-03-21,12.19,12.27,12.03,12.1,4527623.0,96433427.0,198678568.0,0.022788683477928028
2017-03-22,12.1,12.1,11.81,11.95,5082098.0,106820894.0,198678568.0,0.025579497834914935
2017-03-23,11.94,12.16,11.8,12.04,4945870.0,104512032.0,198678568.0,0.024893827501313578
2017-03-24,12.03,12.14,11.96,12.06,4224059.0,89510334.0,198678568.0,0.021260768297866935
2017-03-27,12.08,12.21,11.98,11.98,3509179.0,74484455.0,198678568.0,0.017662594588461096
2017-03-28,11.96,12.22,11.95,12.09,5274968.0,112296911.0,198678568.0,0.026550261827939087
2017-03-29,12.11,12.17,11.86,11.89,4680359.0,98815562.0,198678568.0,0.023557442793729014
2017-03-30,11.81,11.88,11.32,11.42,6521948.0,132167463.0,198678568.0,0.03282663080196954
2017-03-31,11.47,11.64,11.44,11.53,3804868.0,77194588.0,198678568.0,0.019150872881266188
2017-11-21,12.69,12.69,12.69,12.69,2995258.0,66734348.0,198678568.0,0.015075898876017669
2017-11-22,13.38,13.96,12.43,13.96,32333058.0,758641100.0,198678568.0,0.16274054280479816
2017-11-23,14.7,15.36,14.7,15.36,16324827.0,431077435.0,198678568.0,0.08216702568542773
2017-11-24,15.95,16.51,14.81,15.38,46071290.0,1258361098.0,198678568.0,0.23188857491664627
2017-11-27,15.38,16.02,14.43,14.58,27050360.0,722142205.0,198678568.0,0.13615137391165413
2017-11-28,14.57,15.37,14.14,15.12,23842502.0,614431946.0,198678568.0,0.1200054049111125
2017-11-29,14.87,14.93,14.06,14.21,19659614.0,497882755.0,198678568.0,0.09895186077644771
2017-11-30,13.96,15.47,13.96,14.93,26002372.0,676811349.0,198678568.0,0.13087658252096926
2017-12-01,14.94,15.95,14.64,15.5,26277915.0,710974351.0,198678568.0,0.13226346084797633
2017-12-04,15.61,16.34,15.53,16.06,28561999.0,803838756.0,198678568.0,0.1437598392595622
2017-12-05,15.87,17.66,15.86,17.09,42448320.0,1282052451.0,198678568.0,0.21365324114878864
2017-12-06,16.58,17.76,16.52,17.19,23872455.0,719123142.0,198678568.0,0.12015616601384001
2017-12-07,17.27,17.83,16.89,17.39,18565085.0,569512218.0,198678568.0,0.09344281664039375
2017-12-08,17.09,17.31,16.63,17.02,16591685.0,493403842.0,198678568.0,0.0835101901882039
2017-12-11,16.92,17.59,16.65,17.26,14890758.0,449365726.0,198678568.0,0.07494898996856067
2017-12-12,17.09,17.77,16.78,17.15,12483861.0,379614994.0,198678568.0,0.06283446234623555
2017-12-13,16.92,17.37,16.74,16.91,9543813.0,283954081.0,198678568.0,0.04803644950772949
2017-12-14,16.92,17.59,16.76,17.11,10736173.0,323202241.0,198678568.0,0.05403790206500784
2017-12-15,17.15,18.82,17.14,18.82,22991444.0,737509129.0,198678568.0,0.11572181253088154
2017-12-18,18.69,18.78,17.88,18.04,14186690.0,454439552.0,198678568.0,0.0714052358178865
2017-12-19,18.08,18.37,17.65,17.98,8669617.0,273087279.0,198678568.0,0.04363639766117098
2017-12-20,17.92,19.06,17.92,18.28,12290271.0,401047794.0,198678568.0,0.06186007440923371
2017-12-21,17.95,18.06,16.89,17.61,14482981.0,444372650.0,198678568.0,0.0728965441305174
2017-12-22,17.35,17.7,17.06,17.35,5768895.0,176476752.0,198678568.0,0.029036322629424228
2017-12-25,17.26,18.21,17.26,17.78,6582420.0,206563476.0,198678568.0,0.033131001830051444
2017-12-26,17.66,17.9,17.46,17.61,5103765.0,157662560.0,198678568.0,0.025688553382365833
2017-12-27,17.59,17.59,16.92,16.93,8233266.0,247458203.0,198678568.0,0.041440131579768585
2017-12-28,16.67,17.22,16.6,16.64,5764622.0,171071163.0,198678568.0,0.02901481552856773
2017-12-29,16.64,17.15,16.64,17.01,5121903.0,152755723.0,198678568.0,0.025779846571070516
2018-01-02,17.09,17.95,16.84,17.78,7571232.0,233985957.0,198678568.0,0.038107945291814264
2018-01-03,17.7,18.02,17.35,17.54,4794039.0,147842861.0,198678568.0,0.024129623281762328
2018-01-04,17.41,18.56,17.41,17.98,9813044.0,311679186.0,198678568.0,0.04939155792586546
2018-01-05,17.98,18.53,17.78,18.15,6563113.0,209982402.0,198678568.0,0.033033824765638535
2018-01-08,17.66,17.94,17.18,17.43,8355611.0,255740781.0,198678568.0,0.042055925226922315
2018-01-09,17.64,17.75,17.26,17.66,3475893.0,106786678.0,198678568.0,0.017495057645070203
2018-01-10,17.55,17.77,17.3,17.49,2861691.0,88064487.0,198678568.0,0.014403622035367197
2018-01-11,17.41,17.47,16.74,16.89,6138243.0,182598242.0,198678568.0,0.030895345490913745
2018-01-12,16.82,17.06,16.72,16.97,3606603.0,107131371.0,198678568.0,0.018152954474686973
2018-01-15,17.02,17.02,16.08,16.16,4885976.0,142623032.0,198678568.0,0.02459236569492488
2018-01-16,16.08,16.51,15.57,16.4,6637862.0,187729461.0,198678568.0,0.033410055582844746
2018-01-17,16.24,17.02,16.0,16.7,5318556.0,154551520.0,198678568.0,0.02676965136974412
2018-01-18,16.59,16.75,16.2,16.35,4479100.0,128982110.0,198678568.0,0.022544454820109232
2018-01-19,16.49,16.49,15.9,16.18,3594404.0,101848100.0,198678568.0,0.01809155379054272
2018-01-22,16.04,17.2,15.86,16.94,7186047.0,211332805.0,198678568.0,0.0361692107625821
2018-01-23,16.87,17.09,16.61,16.84,4522528.0,133880902.0,198678568.0,0.022763039041030334
2018-01-24,16.64,17.77,16.64,17.5,7948245.0,242180005.0,198678568.0,0.040005548056899626
2018-01-25,17.52,19.25,17.52,19.06,16624114.0,550870755.0,198678568.0,0.08367341363161022
2018-01-26,19.04,19.09,18.36,18.74,10208582.0,333970210.0,198678568.0,0.05138240174954351
2018-01-29,18.73,18.8,18.06,18.35,6242393.0,200613152.0,198678568.0,0.03141955905379789
2018-01-30,18.29,18.65,18.03,18.31,3431301.0,110530150.0,198678568.0,0.0172706147147185
2018-01-31,18.03,18.03,16.49,16.84,8280480.0,248029456.0,198678568.0,0.04167777170610571
2018-02-01,16.85,17.42,16.69,17.28,7319678.0,220131097.0,198678568.0,0.03684180973158615
2018-02-02,17.1,18.29,16.58,17.92,6945727.0,217021306.0,205678568.0,0.033769814072217776
2018-02-05,17.31,18.73,17.31,18.32,5429631.0,175295254.0,205678568.0,0.026398623117601636
2018-02-06,18.15,18.15,16.86,17.35,6150110.0,190979085.0,205678568.0,0.029901559796935186
2018-02-07,17.74,18.68,17.36,18.41,8383903.0,268655075.0,205678568.0,0.040762161471291455
2018-02-08,18.22,19.08,18.18,18.7,6870235.0,224867755.0,205678568.0,0.03340277534409905
2018-02-09,17.96,18.62,17.46,17.63,6492691.0,205521657.0,205678568.0,0.031567173299261786
2018-02-12,17.99,19.37,17.7,19.37,8050627.0,266332803.0,205678568.0,0.039141788462860164
2018-02-13,19.26,20.58,19.09,19.42,9358671.0,323971286.0,205678568.0,0.04550143989722838
2018-02-14,19.33,20.38,18.97,19.01,6260501.0,213888430.0,205678568.0,0.030438275902426547
2018-02-22,19.39,20.91,19.2,20.91,9448778.0,334546409.0,205678568.0,0.04593953610178772
2018-02-23,20.63,20.82,20.23,20.48,7141056.0,256662992.0,205678568.0,0.03471949493541787
2018-02-26,20.61,21.37,20.24,21.14,7822621.0,286242506.0,205678568.0,0.03803323348692315
2018-02-27,21.08,21.71,20.7,20.96,7263920.0,269490486.0,205678568.0,0.035316854209136654
2018-02-28,20.74,21.15,20.16,20.63,5584983.0,202346893.0,205678568.0,0.02715393759450912
2018-03-01,20.44,21.96,20.27,21.64,7200879.0,266703670.0,205678568.0,0.035010351686229166
2018-03-02,21.37,22.7,21.34,22.07,6675759.0,258934378.0,205678568.0,0.03245724172875416
2018-03-05,22.17,24.28,22.17,24.28,10955637.0,449109662.0,205678568.0,0.053265817175467696
2018-03-06,24.52,25.26,23.25,23.92,10606980.0,448799257.0,205678568.0,0.05157066243285008
2018-03-07,23.93,23.93,23.05,23.47,7664634.0,314772124.0,205678568.0,0.037265107757848644
2018-03-08,23.25,23.69,22.52,22.89,9556700.0,383664031.0,205678568.0,0.0464642480396888
2018-03-09,22.85,24.84,22.62,24.07,12914314.0,537217140.0,205678568.0,0.06278881716057066
2018-03-12,23.92,24.36,23.59,24.09,6579453.0,276592074.0,205678568.0,0.03198900626340417
2018-03-13,24.1,24.13,22.39,22.39,9134366.0,371057483.0,205678568.0,0.04441087901778857
2018-03-14,22.21,22.66,21.63,21.65,7907769.0,306805082.0,205678568.0,0.03844721925524102
2018-03-15,21.84,22.36,21.63,22.35,5668569.0,219100965.0,205678568.0,0.02756032898867713
2018-03-16,22.24,22.96,21.65,21.65,5470721.0,214801226.0,205678568.0,0.026598400860122676
2018-03-19,21.62,22.98,21.2,22.73,7494792.0,294253436.0,205678568.0,0.03643934354891074
2018-03-20,22.44,22.78,22.16,22.65,3448797.0,136196259.0,205678568.0,0.016767896789324204
2018-03-21,22.85,23.58,22.32,22.42,5310821.0,214945986.0,205678568.0,0.025820974210594465
2018-03-22,22.17,22.88,21.31,21.58,6646054.0,257625764.0,205678568.0,0.032312817347114164
2018-03-23,20.7,21.9,20.34,20.6,6727076.0,248117540.0,205678568.0,0.032706742687940146
2018-03-26,20.66,21.82,20.66,21.76,5760279.0,216131371.0,205678568.0,0.028006218907552876
2018-03-27,22.02,23.01,22.02,22.74,7617664.0,303397840.0,205678568.0,0.03703674171827179
2018-03-28,22.42,23.25,22.22,22.24,5792697.0,229482375.0,205678568.0,0.02816383377387186
2018-03-29,22.25,22.68,22.04,22.66,5338898.0,209120646.0,205678568.0,0.025957483329036014
2018-03-30,22.69,23.3,22.06,23.0,8708615.0,347116342.0,205678568.0,0.042340896694691106
2018-04-02,23.47,24.67,23.1,23.58,9396415.0,395759758.0,205678568.0,0.04568494953737717
2018-04-03,23.29,23.86,22.81,23.41,5231521.0,214317275.0,205678568.0,0.0254354211567634
2018-04-04,23.7,23.76,22.65,22.69,3986361.0,160702280.0,205678568.0,0.019381508918323468
2018-04-09,22.69,22.95,22.15,22.34,3706938.0,146797267.0,205678568.0,0.018022966787672307
2018-04-10,22.23,22.77,21.53,21.98,5388380.0,207180987.0,205678568.0,0.026198062600280257
2018-04-11,22.22,22.84,22.22,22.64,4866805.0,193228380.0,205678568.0,0.023662188274278535
2018-04-12,22.55,22.56,21.95,22.03,3722391.0,144934141.0,205678568.0,0.018098098582638906
2018-04-13,22.01,22.4,21.74,21.85,2855875.0,110113977.0,205678568.0,0.013885136539845999
2018-04-16,21.87,22.39,21.74,22.24,2641225.0,102383737.0,205678568.0,0.012841517838650063
2018-04-17,22.27,22.49,21.61,21.74,3179608.0,123003746.0,205678568.0,0.01545911190902496
2018-04-18,21.9,22.09,20.96,21.86,4705668.0,178334087.0,205678568.0,0.022878747386066982
2018-04-27,22.22,23.13,19.67,21.0,8641571.0,332396949.0,205678568.0,0.04201493176479136
2018-05-02,20.76,21.48,20.45,20.48,5379685.0,198057050.0,205678568.0,0.026155787899106726
2018-05-03,20.48,20.48,19.66,19.96,6692320.0,234400692.0,205678568.0,0.032537760570172776
2018-05-04,19.91,21.92,19.54,21.68,8163748.0,298713165.0,205678568.0,0.039691777706270304
2018-05-07,21.43,21.98,21.31,21.64,3980473.0,151445384.0,205678568.0,0.019352881725625395
2018-05-08,21.81,22.74,21.66,22.7,4609143.0,181782029.0,205678568.0,0.02240944715251032
2018-05-09,22.73,23.38,22.39,22.76,4662209.0,188692524.0,205678568.0,0.02266745167148383
2018-05-10,22.83,23.29,22.49,23.07,3244587.0,130317172.0,205678568.0,0.015775036901268195
2018-05-11,23.29,23.62,22.06,22.06,3517862.0,139582007.0,205678568.0,0.01710368773084807
2018-05-14,22.27,23.36,21.83,23.0,4306215.0,172564854.0,205678568.0,0.020936624762965095
2018-05-15,23.41,23.58,22.73,23.19,3013463.0,122493696.0,205678568.0,0.014651322348763145
2018-05-16,23.05,23.71,23.05,23.47,3842357.0,158192727.0,205678568.0,0.018681367909951608
2018-05-17,23.56,23.64,22.69,22.84,3112300.0,125409356.0,205678568.0,0.015131863422930871
2018-05-18,22.97,23.16,22.54,23.1,2391556.0,95747706.0,205678568.0,0.011627638325447696
2018-05-21,23.11,23.59,22.72,22.76,3044759.0,123000227.0,205678568.0,0.01480348210125617
2018-05-22,22.82,23.53,22.73,23.33,3346544.0,136153458.0,205678568.0,0.016270747275914522
2018-05-23,23.27,24.48,23.14,24.19,6654770.0,281936126.0,205678568.0,0.03235519414934861
2018-05-24,24.24,24.7,23.77,24.0,3695959.0,157101904.0,205678568.0,0.017969587380635595
2018-05-25,24.07,25.1,23.84,24.76,4967850.0,215118225.0,205678568.0,0.024153464545708037
2018-05-28,24.76,25.38,24.27,24.47,4650842.0,202323733.0,205678568.0,0.022612185825797854
2018-05-29,24.29,24.93,23.58,23.58,3668313.0,156445340.0,205678568.0,0.017835173764920418
2018-05-30,23.47,23.74,22.63,23.21,4800249.0,195214175.0,205678568.0,0.02333859597855621
2018-05-31,23.48,24.7,23.48,24.64,6205432.0,264038366.0,205678568.0,0.03017053288702399
2018-06-01,24.42,24.96,23.36,23.9,4139615.0,175536487.0,205678568.0,0.020126623013050148
2018-06-04,24.08,24.4,22.25,22.95,6431431.0,259126573.0,205678568.0,0.03126932991871083
2018-06-05,22.97,23.38,22.83,23.1,2385943.0,96989180.0,205678568.0,0.011600348170452062
2018-06-06,23.21,23.38,22.84,22.87,2387906.0,96770964.0,205678568.0,0.011609892188669847
2018-06-07,22.98,23.24,22.19,22.67,3170520.0,125380769.0,205678568.0,0.015414926459425759
2018-06-08,22.65,22.72,22.18,22.39,3001548.0,117520917.0,205678568.0,0.014593392151582852
2018-06-11,22.35,23.5,22.14,23.16,3581201.0,144594937.0,205678568.0,0.017411639116429477
2018-06-12,23.16,23.39,22.86,23.15,1856350.0,75379491.0,205678568.0,0.009025490687002449
2018-06-13,23.11,23.54,22.58,22.59,2149355.0,86994255.0,205678568.0,0.010450067894288335
2018-06-14,22.58,23.34,22.26,22.76,2065961.0,83053829.0,205678568.0,0.01004460999553439
2018-06-15,23.1,24.64,22.88,23.56,5117969.0,213018334.0,205678568.0,0.024883336410626896
2018-06-19,23.39,23.72,21.21,21.96,4937221.0,195562583.0,205678568.0,0.02400454771738784
2018-06-20,21.77,22.59,21.77,21.95,3463651.0,135216229.0,205678568.0,0.016840116273077126
2018-06-21,22.06,22.18,20.03,21.16,5445995.0,200358646.0,205678568.0,0.026478184153829777
2018-06-22,22.25,22.25,21.13,22.13,4466544.0,170210196.0,205678568.0,0.02171613719130911
2018-06-25,21.68,22.13,20.31,20.34,7127422.0,260598350.0,205678568.0,0.0346532070371085
2018-06-26,19.39,21.39,19.13,20.72,4737110.0,168787713.0,205678568.0,0.023031616984031122
2018-06-27,20.69,21.08,20.39,20.55,2689959.0,97659475.0,205678568.0,0.01307846036734367
2018-06-28,20.26,21.13,20.26,20.93,2742195.0,100278182.0,205678568.0,0.013332429463433448
2018-06-29,20.89,21.85,20.89,21.64,2571100.0,96740336.0,205678568.0,0.012500573224527701
2018-07-02,21.63,21.96,21.35,21.53,2011028.0,76242842.0,205678568.0,0.009777528206050132
2018-07-03,21.88,21.88,20.37,21.07,3297800.0,121131528.0,205678568.0,0.0160337561276681
2018-07-04,21.09,21.33,20.03,20.28,3307587.0,118652010.0,205678568.0,0.016081340084009143
2018-07-05,20.52,20.96,20.05,20.22,3868869.0,139644046.0,205678568.0,0.01881026806837745
2018-07-06,20.65,21.76,20.08,21.4,4371502.0,161155281.0,205678568.0,0.021254047237435063
2018-07-09,21.39,23.0,21.39,22.82,4796385.0,189652726.0,205678568.0,0.0233198093833481
2018-07-10,22.74,23.56,22.59,22.96,3093049.0,124763786.0,205678568.0,0.015038265921804746
2018-07-11,22.47,23.48,22.36,23.09,3644951.0,147188699.0,205678568.0,0.017721588765631624
2018-07-12,24.53,25.4,23.57,24.62,7545732.0,325351417.0,205678568.0,0.036687011550955564
2018-07-13,24.64,25.55,24.27,25.03,4915946.0,214661215.0,205678568.0,0.023901109618771753
2018-07-16,25.1,26.02,24.81,25.78,3776532.0,169977531.0,205678568.0,0.01836132970354014
2018-07-17,26.06,26.1,24.87,25.4,3630428.0,160917655.0,205678568.0,0.017650978589076913
2018-07-18,25.17,25.5,24.61,24.82,3482700.0,152698914.0,205678568.0,0.016932731659236366
2018-07-19,25.14,25.79,25.01,25.04,3228572.0,143082962.0,205678568.0,0.015697172687433335
2018-07-20,25.38,26.09,25.11,25.45,3592786.0,161092001.0,205678568.0,0.01746796486836684
2018-07-23,25.67,25.84,24.81,25.42,2676492.0,118402981.0,205678568.0,0.013012984415566331
2018-07-24,25.31,25.31,23.59,24.58,8557068.0,364449974.0,205678568.0,0.04160408195763012
2018-07-25,24.56,24.57,23.97,24.12,4037507.0,170858290.0,205678568.0,0.0196301784831563
2018-07-26,24.13,24.44,23.5,23.82,3567066.0,149395878.0,205678568.0,0.01734291537852403
2018-07-27,23.95,24.32,23.59,23.84,2931405.0,123121067.0,205678568.0,0.01425236002226542
2018-07-30,23.84,24.0,22.87,23.11,2677288.0,109311050.0,205678568.0,0.013016854531970486
2018-07-31,23.46,23.62,22.42,22.56,3429336.0,136716431.0,205678568.0,0.01667327827758894
2018-08-01,22.93,23.05,22.37,22.47,3336220.0,133285996.0,205678568.0,0.016220552449587262
2018-08-02,22.7,23.54,22.41,22.9,5132662.0,207075516.0,205678568.0,0.024954773119579478
2018-08-03,22.46,22.86,21.51,21.68,4756585.0,182562519.0,205678568.0,0.023126303563140327
2018-08-06,21.67,21.67,19.98,20.42,3965493.0,145887108.0,205678568.0,0.01928004963550699
2018-08-07,20.54,22.02,20.54,22.02,4513322.0,169396392.0,205678568.0,0.021943569735471905
2018-08-08,21.73,22.33,21.64,21.76,2815611.0,107959958.0,205678568.0,0.013689374772387564
2018-08-09,21.85,22.99,21.57,22.25,4342826.0,170846912.0,205678568.0,0.021114625807779838
2018-08-10,22.25,22.56,21.96,22.56,3177965.0,124016149.0,205678568.0,0.015451123716497287
2018-08-13,22.25,22.94,22.1,22.7,2336260.0,92659316.0,205678568.0,0.011358791646196215
2018-08-14,22.76,23.38,22.47,22.75,2940268.0,118398108.0,205678568.0,0.014295451531926262
2018-08-15,22.75,23.09,22.25,22.44,2522291.0,100470802.0,205678568.0,0.012263266049187973
2018-08-16,22.09,22.42,21.16,21.2,3347269.0,127296578.0,205678568.0,0.016274272193493686
2018-08-17,21.75,22.06,21.27,21.43,2953793.0,111712163.0,205678568.0,0.014361209477109935
2018-08-20,21.42,21.73,20.4,21.28,3381163.0,124467693.0,205678568.0,0.016439063305808313
2018-08-21,21.28,22.36,21.2,22.28,2937722.0,113504630.0,205678568.0,0.014283072993779303
2018-08-22,22.18,22.42,21.68,21.77,1718661.0,66390800.0,205678568.0,0.008356052926233908
2018-08-23,21.93,22.57,21.68,22.42,2452190.0,96171353.0,205678568.0,0.01192243812199237
2018-08-24,22.37,22.51,21.99,22.21,1717854.0,66940117.0,205678568.0,0.008352129328321656
2018-08-27,22.34,22.9,22.1,22.7,2632367.0,103941474.0,205678568.0,0.01279845063876563
2018-08-28,22.7,23.02,22.14,22.36,2375289.0,93207329.0,205678568.0,0.01154854889888187
2018-08-29,22.36,22.36,21.7,22.14,2605278.0,100226194.0,205678568.0,0.012666745132142304
2018-08-30,21.71,22.02,21.04,21.05,5419260.0,202254349.0,205678568.0,0.02634819977937614
2018-08-31,21.12,21.57,20.99,21.16,2684460.0,99999491.0,205678568.0,0.013051724475250139
2018-09-03,21.3,21.48,21.12,21.26,2056603.0,76632167.0,205678568.0,0.009999111818009157
2018-09-04,21.33,22.42,20.6,22.1,4772998.0,179186334.0,205678568.0,0.023206102835177267
2018-09-05,21.9,21.9,20.93,20.96,3769149.0,140845416.0,205678568.0,0.018325433887696068
2018-09-06,21.22,21.22,20.25,20.54,3040914.0,110125293.0,205678568.0,0.014784787883198409
2018-09-07,20.71,21.01,20.25,20.26,3395176.0,122355122.0,205678568.0,0.016507193885169406
2018-09-10,20.27,20.52,20.04,20.14,1898887.0,67676498.0,205678568.0,0.009232303678815968
2018-09-11,20.03,20.39,19.32,19.67,3140526.0,108881965.0,205678568.0,0.015269096972709378
2018-09-12,19.74,20.48,19.69,20.11,2332670.0,82237577.0,205678568.0,0.011341337226735262
2018-09-13,20.15,20.42,19.62,19.88,2315557.0,80906361.0,205678568.0,0.011258134586001202
2018-09-14,19.88,20.11,19.43,19.69,1903479.0,65787214.0,205678568.0,0.009254629777469084
2018-09-17,19.93,19.94,19.07,19.53,1747053.0,59798995.0,205678568.0,0.008494093560589161
2018-09-18,19.62,20.14,19.48,20.02,1926476.0,67341425.0,205678568.0,0.009366440163080093
2018-09-19,20.02,20.99,19.85,20.59,3085369.0,111575162.0,205678568.0,0.01500092610524204
2018-09-20,20.41,20.71,20.01,20.24,2374905.0,84402747.0,205678568.0,0.011546681908053736
2018-09-21,20.24,20.89,20.2,20.59,2704679.0,97690707.0,205678568.0,0.013150028349088856
2018-09-25,20.54,20.83,20.36,20.51,1111108.0,40165751.0,205678568.0,0.0054021574090305806
2018-09-26,20.62,20.62,19.51,20.11,4777412.0,166684947.0,205678568.0,0.023227563505790257
2018-09-27,20.0,20.02,19.39,19.42,3424260.0,117824377.0,205678568.0,0.01664859899257953
2018-09-28,19.57,19.78,18.03,19.24,6423322.0,212266661.0,205678568.0,0.03122990432333232
2018-10-15,17.32,17.39,17.32,17.32,2031500.0,61678938.0,205678568.0,0.009877062154575095
2018-10-16,15.97,16.92,15.62,15.83,8534587.0,243194703.0,205678568.0,0.04149478034094442
2018-10-17,15.99,16.74,15.97,16.71,4861372.0,140592154.0,205678568.0,0.023635773271233586
2018-10-18,16.54,17.3,16.32,16.97,3706473.0,110522908.0,205678568.0,0.01802070597846636
2018-10-19,17.14,18.3,16.97,18.05,3029727.0,93747311.0,205678568.0,0.014730397189463123
2018-10-22,18.24,19.43,18.24,19.15,3864963.0,129347090.0,205678568.0,0.018791277271047513
2018-10-23,19.09,19.39,18.48,18.66,2706354.0,90018920.0,205678568.0,0.01315817212418554
2018-10-24,18.85,19.01,18.19,18.35,1899000.0,61807130.0,205678568.0,0.009232853079762788
2018-10-25,17.94,18.2,17.0,17.95,3711118.0,115494736.0,205678568.0,0.018043289760749405
2018-10-26,18.81,18.81,17.91,17.93,2165712.0,69225343.0,205678568.0,0.010529594896829503
2018-10-29,18.18,18.24,17.14,17.23,2497033.0,76864147.0,205678568.0,0.012140462782685263
2018-10-30,17.54,18.14,17.2,17.73,2758309.0,85197479.0,205678568.0,0.013410775010841187
2018-10-31,17.95,18.01,17.52,17.74,2224052.0,69324823.0,205678568.0,0.010813241367958182
2018-11-01,17.95,18.34,17.45,18.09,4043581.0,127277167.0,205678568.0,0.019659709999536753
2018-11-02,18.51,19.68,18.51,19.66,5173791.0,174215830.0,205678568.0,0.025154740478356502
2018-11-05,19.62,20.21,19.28,19.37,4740047.0,164128267.0,205678568.0,0.023045896546693187
2018-11-06,19.53,19.78,19.24,19.48,2438011.0,83390743.0,205678568.0,0.011853500458054531
2018-11-07,19.68,19.77,19.34,19.47,1914663.0,65691039.0,205678568.0,0.009309005885338525
2018-11-08,19.62,19.9,19.23,19.41,2183790.0,74780506.0,205678568.0,0.01061748932441031
2018-11-09,19.17,19.96,19.0,19.7,2720085.0,93938963.0,205678568.0,0.013224931632157221
2018-11-12,19.74,19.77,18.76,19.69,4291821.0,145178641.0,205678568.0,0.020866641778641712
2018-11-13,19.58,21.47,18.84,21.01,5432514.0,194901354.0,205678568.0,0.026412640134678495
2018-11-14,20.7,21.0,20.3,20.3,3036583.0,109708845.0,205678568.0,0.01476373075487379
2018-11-15,20.3,20.76,20.17,20.47,2861859.0,103337327.0,205678568.0,0.013914230480251108
2018-11-16,20.82,21.45,20.71,21.25,3105833.0,114875254.0,205678568.0,0.015100421158124749
2018-11-19,21.11,21.39,20.79,20.92,2043088.0,75401877.0,205678568.0,0.009933402492378302
2018-11-20,20.92,21.07,20.48,20.88,1853248.0,67519194.0,205678568.0,0.00901040890171892
2018-11-21,21.04,21.04,20.19,20.36,2705514.0,96866708.0,205678568.0,0.013154088081748994
2018-11-22,20.54,20.79,20.18,20.39,1864599.0,67194085.0,205678568.0,0.009065596956120386
2018-11-23,20.26,21.09,20.26,21.05,3321122.0,120345056.0,205678568.0,0.016147146648745628
2018-11-26,21.08,21.16,19.38,20.25,5340690.0,187185199.0,205678568.0,0.025966195952900645
2018-11-27,20.08,20.75,19.37,19.58,3363549.0,118350387.0,205678568.0,0.01635342482547817
2018-11-28,19.58,20.82,19.54,20.59,2936087.0,104489584.0,205678568.0,0.014275123696893884
2018-11-29,20.68,21.05,19.66,19.9,2932268.0,103949100.0,205678568.0,0.014256555889673445
2018-11-30,19.96,20.31,19.58,20.22,2123812.0,74549612.0,205678568.0,0.010325878970530366
2018-12-03,20.78,21.07,20.54,20.74,3112073.0,113475437.0,205678568.0,0.015130759759081947
2018-12-04,20.72,21.21,20.61,21.09,1916419.0,70412081.0,205678568.0,0.009317543478813018
2018-12-05,20.99,22.35,20.71,22.05,4703367.0,179891433.0,205678568.0,0.022867560026964016
2018-12-06,21.84,22.3,21.22,21.99,1997361.0,77339814.0,205678568.0,0.009711079863216473
2018-12-07,22.42,22.63,21.94,22.08,2372966.0,92966858.0,205678568.0,0.011537254576762709
2018-12-10,20.85,23.13,20.85,22.28,4446530.0,175606758.0,205678568.0,0.02161883001830312
2018-12-11,22.82,23.09,22.39,22.7,3218505.0,128214695.0,205678568.0,0.015648227383613444
2018-12-12,22.98,23.33,22.46,22.82,2487538.0,100218428.0,205678568.0,0.012094298517286448
2018-12-13,22.87,23.44,22.82,23.2,2497205.0,101737963.0,205678568.0,0.012141299038993698
2018-12-14,23.2,23.43,22.33,22.33,3249392.0,129478319.0,205678568.0,0.015798398596396295
2018-12-17,22.33,22.85,21.82,22.08,4060559.0,158659101.0,205678568.0,0.019742256276307796
2018-12-18,22.3,22.7,21.79,21.88,2959413.0,114931825.0,205678568.0,0.01438853366579254
2018-12-19,22.09,22.65,21.68,21.74,3363610.0,129942317.0,205678568.0,0.01635372140475035
2018-12-20,22.01,22.04,21.47,21.68,2777688.0,105975065.0,205678568.0,0.01350499484224336
2018-12-21,21.52,22.25,21.36,21.53,2829406.0,106895925.0,205678568.0,0.013756445445497267
2018-12-24,21.67,22.02,20.83,21.41,4009984.0,151132727.0,205678568.0,0.01949636288794076
2018-12-25,21.39,21.65,20.76,21.28,4764640.0,176954635.0,205678568.0,0.023165466612933634
2018-12-26,21.5,21.61,20.68,20.75,4260069.0,157555908.0,205678568.0,0.020712264974540272
2018-12-27,21.09,21.77,20.99,21.11,5101585.0,191221080.0,205678568.0,0.024803678135293123
2018-12-28,21.45,21.5,20.64,21.11,3574528.0,130976540.0,205678568.0,0.017379195288835345
2019-01-02,21.04,21.12,20.31,20.55,3314125.0,119457323.0,205678568.0,0.016113127547640257
2019-01-03,20.71,20.89,20.24,20.54,2422185.0,87395170.0,205678568.0,0.011776555153767894
2019-01-04,20.71,20.95,20.28,20.83,2713806.0,98387886.0,205678568.0,0.01319440341494404
2019-01-07,20.87,22.1,20.74,21.88,4375709.0,164388884.0,205678568.0,0.021274501483304765
2019-01-08,21.68,22.1,21.56,21.68,2256001.0,86285898.0,205678568.0,0.010968575977250095
2019-01-09,21.73,22.22,21.49,21.56,1983600.0,75969918.0,205678568.0,0.009644174496586343
2019-01-10,21.91,22.22,21.62,21.76,2389441.0,91781118.0,205678568.0,0.011617355290027108
2019-01-11,21.79,21.99,21.56,21.65,1826084.0,69519196.0,205678568.0,0.008878338748449474
2019-01-14,21.84,21.84,20.83,21.02,2237208.0,82978419.0,205678568.0,0.010877205251642942
2019-01-15,21.01,21.27,20.75,20.97,2090889.0,76901099.0,205678568.0,0.010165808816794174
2019-01-16,20.97,21.25,20.88,21.02,2505049.0,92536534.0,205678568.0,0.012179436216222587
2019-01-17,21.02,21.31,20.23,20.47,3977787.0,143750271.0,205678568.0,0.01933982251373901
2019-01-18,20.59,20.59,19.39,19.88,6550610.0,227571526.0,205678568.0,0.031848772887216915
2019-01-21,19.93,20.4,19.61,19.75,4896041.0,171143810.0,205678568.0,0.02380433239889146
2019-01-22,19.96,20.05,19.5,19.9,3518529.0,122229764.0,205678568.0,0.017106930655020898
2019-01-23,19.68,20.1,19.61,19.71,1763223.0,61220090.0,205678568.0,0.008572711377492671
2019-01-24,19.71,19.94,19.41,19.74,1972891.0,68215575.0,205678568.0,0.009592107817475664
2019-01-25,19.85,19.9,19.19,19.33,4469192.0,152740835.0,205678568.0,0.021729011648894795
2019-01-28,19.35,20.5,19.35,20.22,4952340.0,175319364.0,205678568.0,0.024078055619290387
2019-01-29,20.27,20.27,19.66,19.97,2886236.0,100659083.0,205678568.0,0.014032750364150727
2019-01-30,20.0,20.02,19.27,19.27,2287372.0,78175115.0,205678568.0,0.011121100376389241
2019-01-31,19.37,19.38,18.26,18.37,6272887.0,204622884.0,205678568.0,0.030498496080544474
2019-02-01,18.6,19.39,18.6,19.38,3821311.0,127518866.0,205678568.0,0.018579043199095008
2019-02-11,19.61,20.09,19.51,20.02,2408506.0,83977554.0,205678568.0,0.011710048467470854
2019-02-12,19.97,20.25,19.62,19.81,2937803.0,102681815.0,205678568.0,0.014283466812157112
2019-02-13,19.81,20.68,19.62,20.55,4242043.0,151004107.0,205678568.0,0.02062462336863411
2019-02-14,20.5,21.74,20.14,21.48,5633469.0,208136127.0,205678568.0,0.027389674358292888
2019-02-15,21.27,21.89,21.11,21.19,2465034.0,92421385.0,205678568.0,0.011984885075629271
2019-02-18,21.42,21.85,21.21,21.73,2676918.0,101437434.0,205678568.0,0.013015055608516294
2019-02-19,21.96,21.96,21.27,21.54,2871459.0,108764323.0,205678568.0,0.013960905250954489
2019-02-20,21.66,21.89,21.17,21.65,2391958.0,90287939.0,205678568.0,0.0116295928314709
2019-02-21,21.56,22.13,21.37,21.47,3442842.0,131266166.0,205678568.0,0.016738943845622262
2019-02-22,21.68,22.7,21.47,22.67,4245374.0,165287606.0,205678568.0,0.02064081854167713
2019-02-25,23.55,24.93,23.55,24.93,6571378.0,282145662.0,205678568.0,0.03194974597450523
2019-02-26,24.7,25.31,23.67,23.84,6152458.0,261935765.0,205678568.0,0.029912975667936388
2019-02-27,24.05,24.05,22.49,22.57,6846910.0,275250696.0,205678568.0,0.033289370237155676
2019-02-28,22.79,23.38,22.53,23.3,5558479.0,224513888.0,205678568.0,0.02702507633172553
2019-03-01,23.61,24.24,23.11,23.82,4229812.0,176429744.0,205678568.0,0.020565156793584834
2019-03-04,23.87,24.98,23.39,23.84,6856744.0,291937138.0,205678568.0,0.03333718270539495
2019-03-05,23.76,24.41,22.85,23.5,8159084.0,332772197.0,205678568.0,0.03966910154683691
2019-03-06,23.5,23.55,22.75,23.2,8774335.0,355359411.0,205678568.0,0.04266042439579801
2019-03-07,23.16,23.19,22.56,22.87,6111796.0,244458944.0,205678568.0,0.029715278842275875
2019-03-08,22.53,24.16,22.25,23.25,8672407.0,353190075.0,205678568.0,0.04216485501785485
2019-03-11,23.26,25.58,23.26,25.58,8132355.0,354813026.0,205678568.0,0.039539146344114956
2019-03-12,26.71,27.97,25.62,27.2,14578220.0,697270636.0,205678568.0,0.07087865372536044
2019-03-13,27.03,28.06,26.68,27.25,11520196.0,554529940.0,205678568.0,0.056010677787293815
2019-03-14,27.25,27.77,26.05,27.39,5372166.0,252561658.0,205678568.0,0.02611923085734436
2019-03-15,27.44,27.49,25.95,26.81,6175928.0,288370276.0,205678568.0,0.030027085758395595
2019-03-18,26.81,27.78,26.22,27.73,6358863.0,302299652.0,205678568.0,0.030916507547835512
2019-03-19,27.67,29.01,27.26,28.86,7780908.0,385503341.0,205678568.0,0.03783042674626167
2019-03-20,28.46,28.49,26.3,27.15,8387292.0,398197254.0,205678568.0,0.04077863863774081
2019-03-21,26.72,28.41,26.72,26.99,5570543.0,267924651.0,205678568.0,0.02708373096024278
2019-03-22,26.98,27.29,26.2,26.78,3642021.0,170391794.0,205678568.0,0.017707343236656528
2019-03-25,26.38,26.97,25.9,26.14,4490461.0,206971324.0,205678568.0,0.021832420575779193
2019-03-26,26.38,26.58,25.04,25.1,4480094.0,201276389.0,205678568.0,0.02178201668537482
2019-03-27,25.46,26.13,25.18,25.54,4094158.0,183953857.0,205678568.0,0.019905613111814352
2019-03-28,25.93,25.93,24.73,24.9,3051531.0,134809241.0,205678568.0,0.01483640726242318
2019-03-29,25.16,25.93,24.87,25.27,3883033.0,173009146.0,205678568.0,0.018879132802986066
2019-04-01,25.37,26.74,25.37,26.54,5267091.0,242179226.0,205678568.0,0.025608360906129998
2019-04-02,27.15,27.15,25.83,26.05,4971864.0,228468888.0,205678568.0,0.02417298043420839
2019-04-03,25.84,26.01,24.87,25.38,6761674.0,299072087.0,205678568.0,0.032874956616773025
2019-04-04,24.73,26.23,24.59,25.7,6069726.0,273273016.0,205678568.0,0.029510736383578866
2019-04-08,25.7,26.11,24.14,24.19,7961989.0,344800846.0,205678568.0,0.0387108344706095
2019-04-09,24.23,25.95,24.08,25.32,5756408.0,254076134.0,205678568.0,0.027987398278657795
2019-04-10,25.41,26.05,24.56,24.84,4056300.0,177642608.0,205678568.0,0.019721549208763452
2019-04-11,25.06,25.06,24.36,24.45,4273207.0,184143842.0,205678568.0,0.020776141343029964
2019-04-12,24.32,24.49,23.79,23.9,3914162.0,164736216.0,205678568.0,0.019030480608947062
2019-04-15,24.33,24.53,23.58,23.84,4694078.0,196367984.0,205678568.0,0.022822397324353212
2019-04-16,23.78,23.84,23.2,23.84,4897868.0,201650748.0,205678568.0,0.023813215191190947
2019-04-17,23.89,24.44,23.74,23.93,3805396.0,160604700.0,205678568.0,0.018501665180788305
2019-04-18,23.93,24.57,23.84,24.13,4408349.0,186620582.0,205678568.0,0.021433195703696263
2019-04-19,24.21,24.21,23.68,23.9,2636476.0,110171057.0,205678568.0,0.012818428413017734
2019-04-22,24.0,24.95,23.72,24.61,5395692.0,232210036.0,205678568.0,0.026233613217299334
2019-04-23,24.76,25.16,24.45,24.87,3616140.0,157224627.0,205678568.0,0.01758151097201338
2019-04-24,24.86,25.07,24.16,24.93,3124365.0,134670652.0,205678568.0,0.015190522913403403
2019-04-25,25.08,25.08,23.78,23.79,4021580.0,170782690.0,205678568.0,0.019552742121386222
2019-04-26,23.96,24.41,23.39,23.6,2280993.0,95498583.0,205678568.0,0.011090085963647899
2019-04-29,23.68,24.15,23.28,23.57,3036092.0,126128310.0,205678568.0,0.014761343534830523
2019-04-30,23.42,24.41,23.42,24.19,2180133.0,92332725.0,205678568.0,0.01059970915394549
2019-05-06,23.84,23.84,22.29,22.75,3456719.0,140103085.0,205678568.0,0.01680641319906506
2019-05-07,23.01,23.76,22.83,23.56,2830964.0,116096706.0,205678568.0,0.013764020371826004
2019-05-08,23.09,23.71,22.85,22.93,2336910.0,95674368.0,205678568.0,0.011361951917129257
2019-05-09,22.87,23.23,21.39,21.99,5682139.0,220447071.0,205678568.0,0.02762630572184847
2019-05-10,22.42,23.58,22.31,23.47,5307481.0,214804158.0,205678568.0,0.025804735279953913
2019-05-13,23.5,23.67,22.84,23.66,3330531.0,135433516.0,205678568.0,0.016192892785990225
2019-05-14,24.3,24.3,23.43,23.56,3009918.0,125134411.0,205678568.0,0.014634086717289864
2019-05-15,23.44,25.03,23.44,24.65,4250747.0,182438201.0,205678568.0,0.020666941827405177
2019-05-16,24.41,24.93,24.35,24.54,2453298.0,105683055.0,205678568.0,0.011927825168444385
2019-05-17,24.6,24.76,23.85,24.01,2084872.0,88068176.0,205678568.0,0.010136554431864772
2019-05-20,24.03,24.3,23.05,23.3,3571022.0,146187074.0,205678568.0,0.017362149273618045
2019-05-21,23.39,24.52,23.31,23.9,2766591.0,117019129.0,205678568.0,0.013451041724483418
2019-05-22,24.2,24.47,23.73,24.0,2758971.0,116669368.0,205678568.0,0.013413993625237609
2019-05-23,23.67,24.04,23.17,23.54,2506862.0,103697348.0,205678568.0,0.012188250941148131
2019-05-24,23.62,24.58,23.58,24.41,3567539.0,151882752.0,205678568.0,0.017345215083372226
2019-05-27,24.48,25.1,24.12,24.76,3849878.0,166465421.0,205678568.0,0.01871793467562454
2019-05-28,25.61,25.61,24.1,24.81,6025383.0,261863574.0,205678568.0,0.029295142700526775
2019-05-29,24.53,24.56,23.96,24.24,2995181.0,126873969.0,205678568.0,0.01456243608230489
2019-05-30,24.18,24.19,23.43,23.67,2874458.0,119616330.0,205678568.0,0.013975486254844014
2019-05-31,23.8,23.85,23.16,23.39,2997486.0,122890008.0,205678568.0,0.014573642889228983
2019-06-03,23.1,23.56,22.59,23.4,3047009.0,122557100.0,205678568.0,0.014814421500639776
2019-06-04,23.34,23.38,22.62,22.7,1760591.0,70758667.0,205678568.0,0.008559914711191493
2019-06-05,23.36,23.36,22.47,22.67,2633573.0,104732638.0,205678568.0,0.012804314156835242
2019-06-06,22.66,22.69,21.78,21.81,2809300.0,108830407.0,205678568.0,0.01365869097260537
2019-06-10,21.92,22.13,21.57,21.73,2017220.0,77293698.0,205678568.0,0.009807633433153813
2019-06-11,21.68,22.52,21.49,22.29,2780314.0,107460689.0,205678568.0,0.013517762336812848
2019-06-12,22.29,22.43,22.02,22.27,2480284.0,96589697.0,205678568.0,0.012059029893673705
2019-06-13,21.9,22.36,21.79,22.17,3034587.0,117672560.0,205678568.0,0.014754026292131711
2019-06-14,22.13,22.25,21.62,22.25,4299287.0,165095048.0,205678568.0,0.020902941136774152
2019-06-17,22.19,22.19,21.56,21.68,2608789.0,99788523.0,205678568.0,0.01268381545713601
2019-06-18,21.55,21.94,21.33,21.77,2429921.0,92057462.0,205678568.0,0.011814167239826368
2019-06-19,22.43,22.65,22.13,22.35,3215395.0,126501258.0,205678568.0,0.015633106702687662
2019-06-20,22.52,23.15,22.16,22.82,2704547.0,107920866.0,205678568.0,0.013149386570991685
2019-06-21,23.9,23.9,22.93,23.16,3059689.0,124816294.0,205678568.0,0.014876071093610492
2019-06-24,23.27,23.54,23.17,23.36,2359267.0,96620595.0,205678568.0,0.01147065065136004
2019-06-25,23.33,23.36,22.9,23.21,2010700.0,81485994.0,205678568.0,0.009775933484717766
2019-06-26,23.24,23.66,22.92,23.25,2380455.0,97106619.0,205678568.0,0.011573665759866628
2019-06-27,23.23,23.67,23.23,23.48,2830621.0,116822392.0,205678568.0,0.013762352721164415
2019-06-28,23.72,23.93,23.22,23.42,2452100.0,101209018.0,205678568.0,0.011922000546017025
2019-07-01,23.96,24.17,23.55,23.84,3030161.0,127196011.0,205678568.0,0.01473250727805534
2019-07-02,23.8,23.94,23.33,23.39,2061640.0,85236352.0,205678568.0,0.010023601486762587
2019-07-03,23.56,23.56,22.31,22.59,4700292.0,186919695.0,205678568.0,0.02285260951447309
2019-07-04,22.73,22.73,21.88,21.96,3739063.0,145071857.0,205678568.0,0.01817915710109378
2019-07-05,21.93,22.08,21.69,21.81,3167766.0,121413107.0,205678568.0,0.015401536634580226
2019-07-08,21.85,21.89,20.82,20.96,5493554.0,203144410.0,205678568.0,0.0267094138850675
2019-07-09,20.56,21.45,20.56,20.98,4245107.0,156666189.0,205678568.0,0.02063952039961694
2019-07-10,20.98,21.19,20.82,20.91,2086712.0,76774174.0,205678568.0,0.010145500429582921
2019-07-11,21.12,21.59,20.83,21.52,4664473.0,174747666.0,205678568.0,0.022678459138241375
2019-07-12,21.59,22.22,21.4,22.17,4242124.0,162729486.0,205678568.0,0.02062501718701192
2019-07-15,22.42,22.81,21.88,22.16,4941434.0,193763007.0,205678568.0,0.024025031134989234
2019-07-16,22.07,22.7,21.8,22.13,2900630.0,112641541.0,205678568.0,0.01410273334847411
2019-07-17,22.03,22.85,21.85,22.14,6184056.0,243115780.0,441104592.0,0.014019477720603734
2019-07-18,22.22,22.22,21.42,21.53,2962808.0,112947114.0,441104592.0,0.006716792465402401
2019-07-19,21.76,22.53,21.51,22.18,4558281.0,177573739.0,441104592.0,0.010333787230217726
2019-07-22,22.13,22.13,21.18,21.48,5099437.0,192941517.0,441104592.0,0.011560607376311332
2019-07-23,21.73,21.88,21.16,21.64,2342392.0,88585149.0,441104592.0,0.005310287044121273
2019-07-24,21.78,22.0,21.37,21.67,3080594.0,117006226.0,441104592.0,0.0069838175704142295
2019-07-25,21.67,21.93,21.56,21.68,2462827.0,93756613.0,475709422.0,0.005177166745290994
2019-07-26,21.58,21.84,21.32,21.54,1832481.0,69147985.0,475709422.0,0.003852101546140913
2019-07-29,21.65,21.89,21.27,21.32,1933100.0,72872629.0,475709422.0,0.004063615120072185
2019-07-30,21.6,22.87,21.47,22.41,9925472.0,389521528.0,475709422.0,0.02086456887540899
2019-07-31,22.48,22.53,21.9,22.25,6094179.0,237185008.0,475709422.0,0.012810717463569599
2019-08-01,21.95,22.6,21.92,22.02,4424671.0,171896670.0,475709422.0,0.009301205305956711
2019-08-02,21.33,22.13,21.33,22.12,3174123.0,121549241.0,475709422.0,0.006672398849396765
2019-08-05,22.04,22.12,21.55,21.6,2994168.0,114726034.0,475709422.0,0.006294111197990945
2019-08-06,21.49,21.49,20.81,21.21,2764920.0,102552912.0,475709422.0,0.0058122035682530585
2019-08-07,21.26,21.44,20.88,21.08,2542788.0,94174812.0,475709422.0,0.005345254650011956
2019-08-08,21.08,21.38,21.05,21.29,1793738.0,66749875.0,475709422.0,0.0037706589717283337
2019-08-09,21.33,21.56,20.99,21.14,2553824.0,94893076.0,475709422.0,0.005368453685998256
2019-08-12,21.14,21.97,20.93,21.74,2741773.0,103428372.0,475709422.0,0.0057635457134166245
2019-08-13,21.62,22.13,21.62,21.99,2538999.0,97778302.0,475709422.0,0.005337289703713289
2019-08-14,22.27,22.28,21.78,21.94,2616829.0,101139068.0,475709422.0,0.005500897983054874
2019-08-15,21.39,22.45,21.39,22.45,4333475.0,168502487.0,475709422.0,0.00910950004265419
2019-08-16,22.41,22.62,22.28,22.5,2511423.0,98790076.0,475709422.0,0.005279321543477858
2019-08-19,22.71,23.47,22.59,23.33,6292113.0,254592312.0,475709422.0,0.013226799195076695
2019-08-20,23.44,24.33,23.43,23.73,5718389.0,240327622.0,475709422.0,0.012020760438081044
2019-08-21,23.62,24.3,23.39,23.86,3618067.0,151388059.0,475709422.0,0.007605624006328805
2019-08-22,23.86,24.06,23.48,23.79,2286610.0,94897578.0,475709422.0,0.004806736831880534
2019-08-23,23.67,23.99,23.57,23.92,2777257.0,116234948.0,475709422.0,0.005838137467035496
2019-08-26,23.65,23.84,23.23,23.56,2769761.0,114010112.0,475709422.0,0.005822379948572892
2019-08-27,23.7,24.12,23.53,23.74,4318809.0,180805999.0,475709422.0,0.009078670298020711
2019-08-28,23.74,23.84,23.39,23.66,2635841.0,109035634.0,475709422.0,0.005540863556829026
2019-08-29,23.68,24.33,23.32,23.95,3272188.0,137038091.0,475709422.0,0.006878543599668286
2019-08-30,25.6,25.6,24.7,24.92,10176571.0,445247153.0,475709422.0,0.021392410007805143
2019-09-02,25.16,27.31,24.72,26.81,10765014.0,496103833.0,475709422.0,0.02262938992198477
2019-09-03,26.81,27.06,26.53,26.84,5225180.0,245500199.0,475709422.0,0.010983974162277576
2019-09-04,26.84,27.61,26.7,27.33,7831402.0,374560500.0,475709422.0,0.01646257492036809
2019-09-05,27.38,28.87,27.27,28.68,7844580.0,385174450.0,475709422.0,0.016490276705093305
2019-09-06,28.92,28.92,27.37,27.83,6003389.0,294015124.0,475709422.0,0.012619865662446349
2019-09-09,27.71,28.41,27.56,27.9,6428999.0,315448459.0,475709422.0,0.013514550485401148
2019-09-10,27.92,28.35,27.54,27.72,4014107.0,195900148.0,475709422.0,0.008438149034601211
2019-09-11,27.89,27.95,27.14,27.55,5259414.0,253405155.0,475709422.0,0.011055938261403619
2019-09-12,27.63,27.75,27.12,27.57,4235529.0,203753629.0,475709422.0,0.008903605445090385
2019-09-16,27.59,28.04,26.78,27.15,4923991.0,235097446.0,475709422.0,0.010350837659044727
2019-09-17,27.32,27.52,26.36,26.54,5693530.0,267565102.0,490600146.0,0.011605235029832217
2019-09-18,26.72,27.04,26.35,26.6,4668714.0,219008734.0,490600146.0,0.009516332267866875
2019-09-19,26.9,27.49,26.48,26.98,5350261.0,252889083.0,490600146.0,0.010905543024440927
2019-09-20,27.1,27.31,26.61,26.94,4214522.0,198947058.0,490600146.0,0.008590543713372641
2019-09-23,26.81,27.15,26.19,27.11,3563013.0,167143391.0,490600146.0,0.00726256000747297
2019-09-24,26.87,27.8,26.52,27.67,5971672.0,286141656.0,490600146.0,0.012172177380477175
2019-09-25,27.65,27.81,26.82,27.11,4710532.0,224824643.0,490600146.0,0.00960157072598996
2019-09-26,27.12,27.61,26.35,26.58,6095537.0,288502340.0,490600146.0,0.012424653864656616
2019-09-27,26.78,26.95,26.01,26.54,5344035.0,247888272.0,490600146.0,0.010892852445257934
2019-09-30,26.74,27.31,26.08,26.1,3703500.0,172844084.0,490600146.0,0.007548917443656856
2019-10-08,26.24,26.45,25.58,25.6,6289182.0,168946170.0,834020248.0,0.007540802534568681
2019-10-09,25.89,26.13,25.35,25.66,7054705.0,186488983.0,834020248.0,0.008458673535705334
2019-10-10,25.83,26.28,25.5,26.1,7709152.0,205955020.0,834020248.0,0.009243363117965931
2019-10-11,26.1,26.18,24.83,25.74,11802735.0,309551441.0,834020248.0,0.014151616856189323
2019-10-14,25.76,26.44,25.39,25.5,7817775.0,208201175.0,834020248.0,0.009373603361245974
2019-10-15,24.73,26.45,24.58,25.42,12076466.0,319212069.0,834020248.0,0.01447982351622715
2019-10-16,25.58,25.87,24.78,24.93,7372718.0,191302923.0,834020248.0,0.0088399748299636
2019-10-17,24.93,26.51,24.93,26.1,10624013.0,285074707.0,834020248.0,0.01273831543715711
2019-10-18,26.25,26.79,25.89,26.15,8606386.0,233660887.0,834020248.0,0.010319157143532563
2019-10-21,26.15,26.46,25.46,25.89,7493727.0,199475650.0,834020248.0,0.008985066031634282
2019-10-22,25.77,27.05,25.77,26.54,9567204.0,261447735.0,834020248.0,0.011471189126334018
2019-10-23,26.38,26.96,25.99,26.44,6725181.0,183631192.0,834020248.0,0.0080635704182568
2019-10-24,26.38,26.66,26.05,26.53,6244849.0,170348441.0,834020248.0,0.007487646750753706
2019-10-25,26.47,27.36,26.2,27.13,5132459.0,142380428.0,834020248.0,0.006153878172991311
2019-10-28,27.01,27.78,26.68,27.68,9413504.0,264693847.0,834020248.0,0.01128690103456577
2019-10-29,27.41,27.59,26.43,27.02,12959467.0,360981995.0,834020248.0,0.015538552008871612
2019-10-30,26.96,27.01,26.0,26.31,8870338.0,240243091.0,834020248.0,0.01063563866857103
2019-10-31,26.25,26.56,25.89,26.18,5812364.0,156620481.0,834020248.0,0.006969092194030282
2019-11-01,26.04,26.37,25.62,26.1,5833901.0,156218848.0,834020248.0,0.006994915308099331
2019-11-04,26.12,26.18,25.55,25.94,7839584.0,208849702.0,834020248.0,0.00939975260648588
2019-11-05,26.12,26.15,25.79,26.09,4229922.0,113586206.0,834020248.0,0.005071725788604595
2019-11-06,26.1,26.42,25.56,26.23,6004300.0,161562191.0,834020248.0,0.00719922569553731
2019-11-07,26.44,28.76,26.25,28.37,20087296.0,576057145.0,834020248.0,0.02408490207302497
2019-11-08,28.7,28.84,28.17,28.34,9900409.0,290777977.0,834020248.0,0.01187070580569406
2019-11-11,28.08,28.77,27.46,27.55,6869218.0,197620020.0,834020248.0,0.008236272460377964
2019-11-12,27.79,27.81,27.06,27.56,6388213.0,181259519.0,834020248.0,0.007659541858029327
2019-11-13,27.61,28.51,27.31,28.11,10231974.0,295358190.0,834020248.0,0.012268256105935692
2019-11-14,27.81,30.13,27.81,29.78,13954670.0,423842437.0,834020248.0,0.01673181200751855
2019-11-15,29.72,31.97,29.31,30.44,17347028.0,546381257.0,834020248.0,0.020799288796163617
2019-11-18,30.26,31.61,29.58,30.93,14128456.0,446502878.0,834020248.0,0.016940183447440714
2019-11-19,30.64,33.12,30.55,32.5,19561329.0,648092534.0,834020248.0,0.023454261508528747
2019-11-20,32.29,32.95,31.87,32.28,9390828.0,312770508.0,834020248.0,0.011259712246218752
2019-11-21,31.87,32.16,31.25,31.69,7818756.0,255149536.0,834020248.0,0.009374779591682047
2019-11-22,31.68,32.13,30.7,31.54,9650448.0,311810636.0,834020248.0,0.011570999652756632
2019-11-25,31.52,31.52,29.34,30.27,14494162.0,447994350.0,834020248.0,0.017378669204683384
2019-11-26,30.57,30.82,29.68,30.6,10326886.0,321593915.0,834020248.0,0.012382056700378815
2019-11-27,30.19,30.19,29.29,29.77,8011063.0,245567680.0,834020248.0,0.009605357926514034
2019-11-28,29.94,30.31,29.59,29.96,4871067.0,150472480.0,834020248.0,0.005840466117796219
2019-11-29,30.01,30.14,28.97,29.54,6088301.0,185293898.0,834020248.0,0.007299943873784705
2019-12-02,29.84,30.53,29.48,29.97,6878008.0,212690801.0,834020248.0,0.00824681177284799
2019-12-03,29.72,30.56,29.53,30.27,6379270.0,198100501.0,834020248.0,0.007648819096775694
2019-12-04,29.97,31.49,29.87,30.54,11812589.0,374313643.0,834020248.0,0.014163431917063
2019-12-05,30.46,31.03,30.12,30.73,7166143.0,226118117.0,834020248.0,0.00859228899680143
2019-12-06,30.91,32.49,30.79,32.33,11793175.0,386564984.0,834020248.0,0.01414015430474297
2019-12-09,32.06,32.89,31.5,31.5,8818553.0,290344535.0,834020248.0,0.010573547849883855
2019-12-10,31.28,32.56,30.91,32.03,9283703.0,305855725.0,834020248.0,0.011131268122401748
2019-12-11,31.73,32.53,31.53,31.76,7893586.0,259999793.0,834020248.0,0.009464501634017883
2019-12-12,31.81,32.24,31.18,31.38,6339492.0,206291055.0,834020248.0,0.007601124811060942
2019-12-13,31.42,32.18,31.35,31.35,8711840.0,284654051.0,834020248.0,0.01044559771886977
2019-12-16,31.52,32.49,30.93,32.39,10842792.0,355897416.0,834020248.0,0.013000634008588242
2019-12-17,32.23,32.48,31.63,32.06,8363631.0,276116169.0,834020248.0,0.010028091068599572
2019-12-18,32.26,33.94,32.0,33.9,16551724.0,565597981.0,834020248.0,0.01984571002885292
2019-12-19,33.55,34.22,32.83,33.95,10580631.0,365292340.0,834020248.0,0.01268629991342848
2019-12-20,33.83,33.94,32.87,33.17,7424301.0,255094221.0,834020248.0,0.008901823448295945
2019-12-23,33.16,33.44,31.82,32.19,7886032.0,264122973.0,834020248.0,0.009455444299956612
2019-12-24,32.39,33.18,32.04,33.08,6753797.0,228270269.0,834020248.0,0.008097881335849775
2019-12-25,32.97,33.23,32.8,33.07,5689999.0,193817446.0,834020248.0,0.006822375132551938
2019-12-26,32.97,34.11,32.97,33.72,6858898.0,237768349.0,834020248.0,0.00822389866007186
2019-12-27,33.68,35.06,32.82,32.82,9636145.0,337972953.0,834020248.0,0.011553850189018432
2019-12-30,32.79,34.43,31.9,33.69,11069311.0,384021773.0,834020248.0,0.013272232930248954
2019-12-31,33.69,34.25,33.24,33.9,6798979.0,236366882.0,834020248.0,0.008152055080562024
2020-01-02,33.94,37.3,33.94,37.3,22690673.0,859119706.0,834020248.0,0.027206381445070146
2020-01-03,37.63,39.11,36.76,38.16,25143321.0,986185457.0,834020248.0,0.030147134988981708
2020-01-06,36.66,39.23,36.56,38.67,16104965.0,632092603.0,834020248.0,0.01931004077972937
2020-01-07,38.16,40.6,37.93,39.71,14193824.0,580789545.0,834020248.0,0.017018560441472638
2020-01-08,38.98,39.76,37.7,37.98,12761373.0,508225175.0,834020248.0,0.015301034993577278
2020-01-09,38.49,38.93,37.02,38.15,13107303.0,509209115.0,834020248.0,0.015715809096279877
2020-01-10,38.15,38.57,37.5,37.92,7642427.0,299603247.0,834020248.0,0.009163359065114687
2020-01-13,37.95,39.33,37.67,38.57,9580998.0,380964639.0,834020248.0,0.011487728293138514
2020-01-14,39.18,42.18,38.46,40.1,16710466.0,692690878.0,834020248.0,0.020036043537398626
2020-01-15,40.62,41.02,38.85,39.95,10883590.0,447208802.0,834020248.0,0.013049551286193714
2020-01-16,39.12,40.49,38.7,39.01,9064519.0,368658698.0,834020248.0,0.010868463951249298
2020-01-17,39.1,40.05,38.3,38.79,9773290.0,393837276.0,834020248.0,0.011718288642795636
2020-01-20,38.79,40.19,38.07,39.69,9334061.0,378531208.0,834020248.0,0.011191647951453571
2020-01-21,39.55,42.26,39.09,41.43,12267417.0,518535693.0,834020248.0,0.014708775991251474
2020-01-22,41.3,43.64,39.96,43.06,10605432.0,458769596.0,834020248.0,0.012716036601547832
2020-01-23,42.94,46.12,42.26,44.6,14334477.0,652202554.0,834020248.0,0.01718720502814459
2020-02-03,40.72,44.04,40.14,40.44,16295323.0,699757753.0,834020248.0,0.01953828224084075
2020-02-04,41.47,44.48,40.87,44.48,16406014.0,723723307.0,834020248.0,0.019671002040228643
2020-02-05,44.03,46.38,43.25,43.74,17799533.0,816330318.0,834020248.0,0.021341847566271558
2020-02-06,43.44,48.12,42.44,47.42,20941869.0,996677582.0,834020248.0,0.02510954506226808
2020-02-07,47.42,51.93,46.55,48.83,21269930.0,1066873360.0,834020248.0,0.025502894025661593
2020-02-10,48.58,49.95,47.18,49.21,15859642.0,796213231.0,834020248.0,0.01901589564285974
2020-02-11,48.8,49.44,46.36,47.7,14516113.0,712346064.0,834020248.0,0.017404988709578666
2020-02-12,47.91,50.91,47.12,50.2,13903092.0,705688774.0,834020248.0,0.016669969384244494
2020-02-13,50.23,50.23,48.07,49.55,12512155.0,634401623.0,834020248.0,0.015002219706301423
2020-02-14,48.7,49.63,47.11,47.86,14734099.0,728095126.0,834020248.0,0.01766635646476535
2020-02-17,48.33,50.21,47.39,49.26,12655103.0,639343472.0,834020248.0,0.015173616024727495
2020-02-18,50.1,50.8,48.37,50.04,12207583.0,625090819.0,834020248.0,0.014637034327732532
2020-02-19,49.34,49.82,46.65,47.66,13847458.0,683358312.0,834020248.0,0.01660326356968734
2020-02-20,47.9,48.15,46.93,47.86,13298381.0,652540725.0,834020248.0,0.01594491384578471
2020-02-21,47.81,48.75,46.76,48.31,11756402.0,583114423.0,834020248.0,0.014096063049059212
2020-02-24,48.29,48.29,46.35,47.46,15303826.0,745444950.0,834020248.0,0.01834946577939676
2020-02-25,46.58,47.26,44.18,46.15,19870230.0,937184014.0,834020248.0,0.023824637408563252
2020-02-26,46.6,47.0,43.54,44.04,21616474.0,996295826.0,834020248.0,0.02591840432152194
2020-02-27,45.0,45.07,43.17,43.92,12146697.0,552887374.0,834020248.0,0.014564031303949829
2020-02-28,42.58,45.23,42.27,42.74,19523604.0,878878291.0,834020248.0,0.023409028793746983
2020-03-02,43.74,44.16,41.32,43.06,20496146.0,901436524.0,834020248.0,0.024575117989221767
2020-03-03,43.93,44.9,43.1,43.77,12786012.0,580079914.0,834020248.0,0.015330577441808104
2020-03-04,43.65,45.05,42.71,44.88,12846002.0,586684820.0,834020248.0,0.015402506151145625
2020-03-05,45.42,47.99,45.25,46.83,17848375.0,863670966.0,834020248.0,0.021400409693650507
2020-03-06,46.07,46.82,45.13,45.54,7006211.0,331473475.0,834020248.0,0.008400528664383218
2020-03-09,44.17,44.92,41.67,41.76,11690584.0,513961705.0,834020248.0,0.014017146499781382
2020-03-10,41.09,44.04,41.09,43.3,11953987.0,528202695.0,834020248.0,0.014332969767419844
2020-03-11,43.62,44.09,42.02,42.46,8850065.0,390864614.0,834020248.0,0.010611331105237147
2020-03-12,42.67,42.86,39.81,40.63,12103019.0,509326779.0,834020248.0,0.014511660872770562
2020-03-13,38.09,41.7,38.09,41.12,13355873.0,558502348.0,834020248.0,0.01601384742400163
2020-03-16,41.7,41.99,39.0,39.18,8211458.0,340679444.0,834020248.0,0.009845633867632432
2020-03-17,39.87,41.29,38.59,41.21,10475814.0,435068080.0,834020248.0,0.012560623108517145
2020-03-18,41.69,43.4,40.73,41.9,10129281.0,443419489.0,834020248.0,0.012145126001785031
2020-03-19,42.43,43.05,40.3,41.21,9261465.0,393793209.0,834020248.0,0.011104604501160744
2020-03-20,41.79,43.23,41.39,42.55,8276526.0,362095732.0,834020248.0,0.009923651158167086
2020-03-23,41.13,42.3,40.47,41.12,5148987.0,219552452.0,834020248.0,0.0061736954376676
2020-03-24,42.18,42.67,40.68,42.57,7857078.0,338094232.0,834020248.0,0.00942072811642338
2020-03-25,43.19,44.32,42.75,43.64,7044764.0,315442036.0,834020248.0,0.008446754160817449
2020-03-26,43.18,45.96,43.18,45.07,8318475.0,386839355.0,834020248.0,0.009973948498190418
2020-03-27,45.5,45.68,43.2,43.81,6204093.0,281896485.0,834020248.0,0.007438779831637853
2020-03-30,42.67,43.15,39.48,42.47,12597427.0,534025139.0,834020248.0,0.015104461828365586
2020-03-31,42.21,42.92,41.33,42.27,6226537.0,269995628.0,834020248.0,0.007465690449280316
2020-04-01,42.11,42.91,40.14,40.39,7575957.0,322280644.0,834020248.0,0.009083660760236123
2020-04-02,39.72,40.92,39.52,40.83,6758139.0,281062935.0,834020248.0,0.008103087444466936
2020-04-03,41.12,41.26,39.27,39.86,8411443.0,347160273.0,834020248.0,0.010085418213971227
2020-04-07,40.73,42.6,40.3,42.3,7236385.0,311769738.0,834020248.0,0.008676509973652342
2020-04-08,42.18,42.25,40.0,40.17,8550132.0,358079824.0,834020248.0,0.010251707941747717
2020-04-09,40.62,41.13,38.59,40.06,10717466.0,440890637.0,834020248.0,0.012850366673591839
2020-04-10,40.13,40.33,38.09,38.77,9547391.0,382457344.0,834020248.0,0.011447433108362616
2020-04-13,38.79,39.06,38.27,38.79,4537577.0,180924392.0,834020248.0,0.005440607720113769
2020-04-14,39.06,40.32,38.8,40.32,6286851.0,257284491.0,834020248.0,0.007538007638394889
2020-04-15,40.32,40.99,39.75,40.07,4274022.0,177933831.0,834020248.0,0.0051246022027033565
2020-04-16,39.77,41.53,39.77,41.2,6095487.0,258021658.0,834020248.0,0.00730855997155599
2020-04-17,41.68,42.91,40.74,41.64,6114258.0,265897664.0,834020248.0,0.007331066619380205
2020-04-20,41.81,42.63,41.01,41.86,3708394.0,160337371.0,834020248.0,0.004446407636856318
2020-04-21,41.79,42.38,40.41,41.01,3805787.0,161056254.0,834020248.0,0.004563182979221867
2020-04-22,40.52,42.45,40.43,42.37,3739856.0,161221476.0,834020248.0,0.004484130941626732
2020-04-23,42.76,43.22,41.58,42.48,4178235.0,182169839.0,834020248.0,0.005009752473059863
2020-04-24,42.18,43.27,41.45,42.91,5935487.0,261235848.0,834020248.0,0.007116718106345063
2020-04-27,42.88,42.96,41.19,41.7,5637485.0,244466835.0,834020248.0,0.0067594102343663965
2020-04-28,41.96,43.33,40.34,42.5,8042451.0,349538909.0,834020248.0,0.009642992504421787
2020-04-29,42.3,45.82,42.3,45.16,8778501.0,406932742.0,834020248.0,0.01052552503497493
2020-04-30,45.57,46.06,44.52,45.05,5477211.0,255806373.0,834020248.0,0.006567239839961296
2020-05-06,45.19,45.87,44.49,45.58,6349675.0,297017251.0,834020248.0,0.00761333434676996
2020-05-07,45.58,45.85,44.19,45.45,6233995.0,289965618.0,834020248.0,0.007474632678222459
2020-05-08,45.44,47.27,45.09,46.06,7447188.0,353531256.0,834020248.0,0.00892926522810271
2020-05-11,46.76,47.31,45.9,46.44,5703046.0,273725431.0,834020248.0,0.0068380186376482315
2020-05-12,46.76,48.22,45.72,47.08,6412839.0,312083053.0,834020248.0,0.007689068719108604
2020-05-13,47.31,48.16,46.65,47.52,5227208.0,255823045.0,834020248.0,0.006267483328534249
2020-05-14,47.27,47.97,46.78,47.08,5500531.0,268732039.0,834020248.0,0.006595200791815788
2020-05-15,47.32,47.99,46.88,47.66,5336954.0,261656091.0,834020248.0,0.006399070061905739
2020-05-18,47.37,48.45,47.17,47.76,5120107.0,253013277.0,834020248.0,0.006139067980997027
2020-05-19,48.2,50.67,47.59,49.57,6798200.0,346058806.0,834020248.0,0.00815112105048078
2020-05-20,49.61,50.0,48.24,48.4,5481723.0,276177372.0,834020248.0,0.006572649780560244
2020-05-21,48.38,49.35,47.21,47.27,8256408.0,407112568.0,834020248.0,0.009899529441640126
2020-05-22,47.71,47.71,45.33,45.8,6191157.0,295673036.0,834020248.0,0.007423269416835549
2020-05-25,45.88,46.43,44.52,45.41,5836069.0,273209520.0,834020248.0,0.0069975147653729385
2020-05-26,45.95,47.73,45.59,46.88,6832943.0,329339180.0,834020248.0,0.008192778312499675
2020-05-27,46.81,49.81,46.73,48.58,8796878.0,440402558.0,834020248.0,0.010547559272206063
2020-05-28,48.48,48.9,47.27,48.74,4850147.0,239581651.0,834020248.0,0.005815382793919891
2020-05-29,48.55,51.4,48.0,51.4,7962512.0,415019704.0,834020248.0,0.009547144711527435
2020-06-01,52.03,55.76,50.94,55.74,9553104.0,529213856.0,834020248.0,0.011454283061962304
2020-06-02,55.4,55.4,51.91,52.32,9344481.0,514073754.0,834020248.0,0.011204141652925433
2020-06-03,53.03,53.26,50.93,51.23,9604982.0,512973280.0,834020248.0,0.011516485388733632
2020-06-04,51.57,51.84,50.29,51.01,7017015.0,367979834.0,834020248.0,0.008413482786331585
2020-06-05,50.8,52.79,50.8,51.91,5452552.0,289777470.0,834020248.0,0.006537673411497319
2020-06-08,52.16,52.17,49.49,49.94,6839428.0,355092346.0,834020248.0,0.008200553903099005
2020-06-09,50.32,50.81,49.46,50.21,6079425.0,313544836.0,834020248.0,0.0072893014463121285
2020-06-10,50.29,51.93,49.64,51.66,8047526.0,424035419.0,834020248.0,0.009649077488583947
2020-06-11,51.67,53.69,50.62,51.19,8020095.0,429463939.0,834020248.0,0.00961618739980519
2020-06-12,49.94,56.31,49.46,54.68,13714523.0,752311359.0,834020248.0,0.0164438729549885
2020-06-15,59.06,60.03,56.53,58.24,21800155.0,1315715770.0,834020248.0,0.02613863998179574
2020-06-16,59.27,59.7,56.73,58.38,11210934.0,672092858.0,834020248.0,0.013442040558228749
2020-06-17,60.08,62.26,59.25,60.74,12650714.0,788427937.0,834020248.0,0.015168353562562428
2020-06-18,60.32,65.24,59.3,64.12,11940767.0,763141825.0,834020248.0,0.01431711883330679
2020-06-19,63.03,65.25,62.09,63.17,10179837.0,662620542.0,834020248.0,0.012205743235145054
2020-06-22,63.13,63.13,60.12,61.82,10628197.0,671690747.0,834020248.0,0.012743332101932374
2020-06-23,61.81,63.03,60.88,61.9,9392763.0,598511001.0,834020248.0,0.011262032333776146
2020-06-24,62.06,62.5,60.43,61.0,7900775.0,499040254.0,834020248.0,0.00947312132882414
2020-06-29,60.7,62.82,60.46,61.37,8184004.0,518790631.0,834020248.0,0.009812716201585551
2020-06-30,61.58,65.53,61.58,63.23,10503855.0,690639733.0,834020248.0,0.012594244594407018
2020-07-01,64.4,64.48,59.75,60.62,12439112.0,783951471.0,834020248.0,0.014914640297797661
2020-07-02,60.59,61.32,58.96,59.55,11734930.0,728705932.0,834020248.0,0.014070317870747905
2020-07-03,59.47,60.49,57.77,59.73,9935347.0,607035437.0,931357779.0,0.010667594370304819
2020-07-06,59.64,59.64,55.82,58.74,19261892.0,1149531486.0,931357779.0,0.020681517279730586
2020-07-07,57.48,62.49,57.48,61.09,17488801.0,1094319105.0,931357779.0,0.01877774727857832
2020-07-08,61.15,62.72,59.74,61.97,13945464.0,878092417.0,931357779.0,0.014973261956294885
2020-07-09,61.67,64.96,61.48,64.89,14211359.0,932951970.0,931357779.0,0.015258753746877761
2020-07-10,64.32,71.37,64.0,70.64,21615156.0,1515741395.0,931357779.0,0.023208219749029445
2020-07-13,69.82,74.15,66.84,71.65,17597445.0,1259128457.0,931357779.0,0.01889439847584072
2020-07-14,70.77,73.02,68.05,70.36,15101950.0,1092757318.0,931357779.0,0.016214982405810773
2020-07-15,69.79,71.74,67.06,67.87,9668768.0,690835190.0,931357779.0,0.010381368168075396
2020-07-16,67.88,71.16,66.18,66.52,11209645.0,797173712.0,931357779.0,0.012035809710029812
2020-07-17,67.04,68.85,65.94,67.81,10681534.0,742681766.0,931357779.0,0.011468776275717346
2020-07-20,67.88,68.78,64.21,67.89,10925768.0,748722743.0,931357779.0,0.011731010623791654
2020-07-21,66.91,68.01,65.17,67.59,10479115.0,721625350.0,931357779.0,0.01125143874489505
2020-07-22,66.91,69.78,66.25,68.24,10854379.0,764751817.0,931357779.0,0.011654360166137615
2020-07-23,68.06,69.7,65.65,67.4,10229507.0,710617061.0,931357779.0,0.010983434326369652
2020-07-24,67.29,68.74,62.26,62.7,14332912.0,964480314.0,931357779.0,0.015389265353416885
2020-07-27,62.73,65.53,61.57,62.06,12569340.0,818877593.0,931357779.0,0.013495715914345736
2020-07-28,62.91,63.59,60.87,63.36,9237381.0,593240138.0,931357779.0,0.009918187412272636
2020-07-29,63.36,68.03,63.35,66.83,13381446.0,915836946.0,931357779.0,0.014367675131642402
2020-07-30,67.1,67.42,64.64,64.64,10230392.0,697179794.0,931357779.0,0.010984384551964965
2020-07-31,65.25,67.25,64.58,66.02,8305228.0,564981639.0,931357779.0,0.008917333582500738
2020-08-03,66.47,68.41,64.78,67.88,10910717.0,755687823.0,931357779.0,0.011714850346463902
2020-08-04,68.22,68.32,64.85,65.24,11062456.0,753253587.0,931357779.0,0.011877772698562493
2020-08-05,65.26,66.6,63.67,66.41,9686643.0,654615540.0,931357779.0,0.010400560577698252
2020-08-06,66.36,66.36,62.05,62.64,14492326.0,945511140.0,931357779.0,0.01556042836251438
2020-08-07,62.03,65.13,61.97,63.57,10833540.0,709751865.0,931357779.0,0.011631985306046389
2020-08-10,63.88,65.34,62.08,62.37,6832705.0,443112758.0,931357779.0,0.007336283814944117
2020-08-11,62.69,63.25,60.55,60.69,10053131.0,639783074.0,931357779.0,0.01079405919687927
2020-08-12,60.66,61.09,57.99,59.54,11849560.0,721652684.0,931357779.0,0.012722887237515627
2020-08-13,60.12,61.7,59.64,61.18,8645164.0,544140990.0,931357779.0,0.00928232328641988
2020-08-14,61.12,62.8,60.7,62.08,6778120.0,431766040.0,931357779.0,0.007277675832887417
2020-08-17,62.04,62.55,60.57,61.79,10408845.0,661521616.0,931357779.0,0.01117598975892593
2020-08-18,62.33,62.7,61.48,62.02,6003908.0,383409464.0,931357779.0,0.006446403450289967
2020-08-19,62.04,62.16,59.28,59.28,9550721.0,591201409.0,931357779.0,0.010254620958075446
2020-08-20,59.28,59.49,57.43,57.87,8950567.0,537791432.0,931357779.0,0.009610234865499523
2020-08-21,58.1,60.93,57.79,59.54,13910907.0,851599487.0,931357779.0,0.014936158062625684
2020-08-24,60.62,63.22,58.67,61.63,13583405.0,859962026.0,931357779.0,0.014584518759895386
2020-08-25,62.18,62.53,60.93,61.24,5659049.0,359047190.0,931357779.0,0.0060761279151779115
2020-08-26,61.24,65.27,60.78,64.59,14916630.0,976590002.0,931357779.0,0.01601600409245092
2020-08-27,64.69,65.94,62.18,64.39,13942339.0,921517367.0,931357779.0,0.014969906639927253
2020-08-28,64.91,68.77,64.39,68.7,14428065.0,988209042.0,931357779.0,0.015491431247282254
2020-08-31,67.02,70.76,67.02,68.96,15619498.0,1107935367.0,931357779.0,0.016770674333950027
2020-09-01,68.22,71.68,67.81,71.29,11798536.0,853186958.0,931357779.0,0.01266810270556617
2020-09-02,71.97,72.61,69.06,70.81,10733378.0,782430414.0,931357779.0,0.01152444124268167
2020-09-03,70.81,72.75,70.28,70.92,8830044.0,648560448.0,931357779.0,0.009480829171235172
2020-09-04,69.47,71.36,68.92,71.13,7369116.0,533820799.0,931357779.0,0.007912228969529013
2020-09-07,69.97,70.86,64.9,64.98,15339672.0,1062138442.0,931357779.0,0.016470224811425557
2020-09-08,65.02,67.98,65.01,65.64,9537970.0,649981435.0,931357779.0,0.010240930193594271
2020-09-09,65.54,65.95,61.78,62.35,8992784.0,582027671.0,931357779.0,0.009655563310649064
2020-09-10,62.77,63.81,62.16,62.35,6444508.0,418112209.0,931357779.0,0.006919476215595124
2020-09-11,63.52,65.83,61.98,65.21,7204157.0,476434653.0,931357779.0,0.007735112287068791
2020-09-14,65.94,65.94,63.23,64.93,6151197.0,408822715.0,931357779.0,0.00660454783188105
2020-09-15,65.37,65.86,64.16,64.69,5440503.0,364511289.0,931357779.0,0.005841474804496157
2020-09-16,64.1,65.46,63.62,65.37,4904701.0,326958366.0,931357779.0,0.005266183533964986
2020-09-17,65.35,65.56,63.41,63.49,4326918.0,286054297.0,931357779.0,0.004645817211776357
2020-09-18,63.13,64.96,62.94,64.69,4130585.0,272438065.0,931357779.0,0.004435014226686349
2020-09-21,64.71,65.35,62.16,62.21,6242139.0,406452388.0,931357779.0,0.006702192369834708
2020-09-22,61.99,63.49,61.26,61.81,5384815.0,345921660.0,931357779.0,0.005781682529974338
2020-09-23,62.39,63.86,61.87,62.89,4696706.0,303616407.0,931357779.0,0.005042859045041594
2020-09-24,62.5,63.19,60.65,61.0,4412162.0,280370816.0,931357779.0,0.004737343800077929
2020-09-25,61.92,63.49,61.73,62.84,4503864.0,290424756.0,931357779.0,0.004835804350972195
2020-09-28,64.4,65.93,62.96,65.01,7001035.0,465482491.0,931357779.0,0.00751701994427643
2020-09-29,65.43,67.75,64.83,67.22,6634406.0,456986338.0,931357779.0,0.007123369933220904
2020-09-30,67.62,67.67,64.75,65.46,7596748.0,515105118.0,931357779.0,0.008156637729655985
2020-10-09,66.68,67.11,65.07,66.92,6630049.0,452417147.0,931357779.0,0.007118691816928498
2020-10-12,66.73,72.84,66.27,72.84,10439176.0,750460208.0,931357779.0,0.011208556191164856
2020-10-13,72.84,74.98,70.75,72.11,6172375.0,461235056.0,931357779.0,0.006627286676691837
2020-10-14,73.35,77.05,73.35,74.33,8617192.0,663746111.0,931357779.0,0.009252289715400552
2020-10-15,76.14,79.38,75.62,76.14,10743481.0,854393562.0,931357779.0,0.011535288846285569
2020-10-16,75.65,76.14,72.94,73.49,8289402.0,634758644.0,931357779.0,0.008900341186713812
2020-10-19,74.78,75.21,73.17,73.96,6784075.0,518265875.0,931357779.0,0.007284069723757576
2020-10-20,74.79,75.98,74.03,75.66,5173299.0,401500061.0,931357779.0,0.0055545775389932075
2020-10-21,75.74,76.88,74.75,75.28,4512993.0,351288090.0,931357779.0,0.004845606169570631
2020-10-22,76.26,76.26,71.65,72.56,8509013.0,640599472.0,931357779.0,0.009136137789213655
2020-10-23,72.87,73.28,69.93,70.19,6664726.0,487309725.0,931357779.0,0.007155924554746216
2020-10-26,70.57,70.85,68.01,69.74,7086913.0,505046895.0,931357779.0,0.007609227259162668
2020-10-27,69.93,71.66,68.96,70.51,8612245.0,628289852.0,931357779.0,0.009246978115377936
2020-10-28,70.71,72.95,69.75,71.1,7854688.0,577833754.0,931357779.0,0.008433588226893416
2020-10-29,70.77,74.47,69.62,74.01,7752954.0,579544509.0,931357779.0,0.008324356305183123
2020-10-30,73.71,73.88,71.1,71.87,5729630.0,425333483.0,931357779.0,0.006151910822231936
2020-11-02,73.33,78.02,72.88,76.47,10940242.0,854868764.0,931357779.0,0.011746551375505287
2020-11-03,77.63,77.63,74.18,76.52,6908937.0,540282751.0,931357779.0,0.007418134207692058
2020-11-04,76.95,77.66,74.68,77.22,5858979.0,458309158.0,931357779.0,0.0062907930036197185
2020-11-05,78.17,78.98,76.34,77.53,5370353.0,429259817.0,931357779.0,0.005766154662675556
2020-11-06,77.04,78.09,75.04,76.88,5189227.0,409936890.0,931357779.0,0.005571679452306373
2020-11-09,77.22,79.1,75.53,76.54,7832572.0,618663698.0,931357779.0,0.00840984225032172
2020-11-10,76.08,76.08,70.66,71.55,16474036.0,1223395263.0,931357779.0,0.017688192842162324
2020-11-11,71.18,71.83,68.28,68.67,12900499.0,924850300.0,931357779.0,0.013851281742502095
2020-11-12,69.27,69.93,68.31,69.52,5620345.0,400170914.0,931357779.0,0.006034571382476208
2020-11-13,69.52,69.52,67.03,67.85,8413652.0,589864544.0,931357779.0,0.009033748565490857
2020-11-16,68.57,69.06,67.31,68.18,6222868.0,436152230.0,931357779.0,0.006681501073284105
2020-11-17,69.74,69.93,64.69,67.51,12836955.0,881036470.0,931357779.0,0.013783054471057357
2020-11-18,68.42,69.79,66.24,67.64,10839847.0,758068456.0,931357779.0,0.011638757139752199
2020-11-19,67.02,68.77,65.63,68.31,6514289.0,453765011.0,931357779.0,0.0069944001616590356
2020-11-20,68.47,71.05,68.39,69.11,8111659.0,580963870.0,931357779.0,0.008709498307631573
2020-11-23,68.49,70.09,66.93,68.77,7259947.0,512523735.0,931357779.0,0.0077950140791168505
2020-11-24,67.64,68.96,64.62,64.88,20096800.0,1355134184.0,931357779.0,0.02157795903264797
2020-11-25,63.66,65.06,60.65,60.67,22757876.0,1452267877.0,931357779.0,0.02443515962730795
2020-11-26,60.87,63.01,59.65,62.96,15784298.0,998926036.0,931357779.0,0.01694762029791346
2020-11-27,62.74,63.33,61.54,62.16,7396981.0,474727901.0,931357779.0,0.007942147654515914
2020-11-30,62.38,66.59,61.68,66.59,13731580.0,917215390.0,931357779.0,0.01474361444078302
2020-12-01,65.09,66.82,64.2,66.63,9716001.0,660459187.0,931357779.0,0.01043208229863295
2020-12-02,66.24,66.68,63.84,64.21,7430363.0,494712130.0,931357779.0,0.007977989949230884
2020-12-03,64.88,64.88,63.52,64.34,4638319.0,306386373.0,931357779.0,0.004980168850879378
2020-12-04,65.07,66.05,64.39,65.56,6664985.0,448178445.0,931357779.0,0.007156202643366766
2020-12-07,65.32,65.62,64.12,65.06,5154388.0,343826655.0,931357779.0,0.005534272774888156
2020-12-08,65.37,65.75,63.91,64.05,6903150.0,459928844.0,931357779.0,0.007411920698629823
2020-12-09,64.47,65.36,63.35,63.35,5872636.0,388480570.0,931357779.0,0.006305456541422198
2020-12-10,63.13,66.19,63.02,65.57,7473192.0,499130506.0,931357779.0,0.008023975499537863
2020-12-11,65.57,67.01,64.49,65.7,7240563.0,488619172.0,931357779.0,0.007774201454326394
2020-12-14,66.12,66.12,63.47,64.77,8997071.0,598193580.0,931357779.0,0.009660166267854837
2020-12-15,64.73,65.25,63.11,63.96,6948544.0,458113399.0,931357779.0,0.007460660292611354
2020-12-16,64.55,64.55,61.19,63.06,10776152.0,691109071.0,931357779.0,0.011570367739420578
2020-12-17,63.06,63.96,62.35,63.4,5938853.0,387390856.0,931357779.0,0.006376553816275153
2020-12-18,63.47,64.66,63.14,63.81,5882624.0,387742256.0,931357779.0,0.006316180669383768
2020-12-21,64.4,67.97,63.89,67.41,11092632.0,765905741.0,931357779.0,0.011910172707109585
2020-12-22,67.23,68.42,66.05,66.39,7691470.0,531724265.0,931357779.0,0.00825834085828793
2020-12-23,66.69,67.68,65.3,67.43,6629365.0,454022110.0,931357779.0,0.00711795740528195
2020-12-24,67.02,67.43,65.56,66.28,6169676.0,422405145.0,931357779.0,0.00662438875705144
2020-12-25,65.37,65.77,62.0,62.16,12180400.0,794238055.0,931357779.0,0.013078110554977176
2020-12-28,61.97,67.6,61.48,65.08,15579565.0,1045183295.0,931357779.0,0.01672779822242726
2020-12-29,65.82,68.31,65.66,67.35,7676848.0,529108489.0,931357779.0,0.008242641198791126
2020-12-30,67.24,69.04,66.74,68.17,6170223.0,433322613.0,931357779.0,0.006624976071628431
2020-12-31,67.8,70.57,67.79,70.42,10106162.0,725639757.0,931356654.0,0.010851011754300517
2021-01-04,70.6,71.28,68.1,70.79,10699034.0,769001897.0,931356654.0,0.011487579923383465
2021-01-05,68.92,70.42,64.6,67.21,20654619.0,1416596177.0,931356654.0,0.022176916771134165
2021-01-06,67.21,67.53,64.3,67.49,14688842.0,995241624.0,931356654.0,0.015771446885480673
2021-01-07,67.03,68.15,65.83,66.62,9061692.0,623655518.0,931356654.0,0.00972956166800522
2021-01-08,66.05,68.53,64.47,68.38,11067537.0,760182341.0,931356654.0,0.011883242528484689
2021-01-11,72.36,76.61,71.43,75.76,20906503.0,1593233136.0,931356654.0,0.022447365260354922
2021-01-12,76.56,78.84,73.72,77.46,14355430.0,1132977138.0,931356654.0,0.01541346157602048
2021-01-13,77.69,83.64,77.69,81.49,16607784.0,1386634855.0,931356654.0,0.017831819774597326
2021-01-14,79.51,83.12,77.87,81.37,11465533.0,950649634.0,931356654.0,0.012310571842438353
2021-01-15,81.4,81.47,77.44,78.8,8073295.0,655178455.0,931356654.0,0.00866831730393156
2021-01-18,80.11,81.4,75.76,80.39,8591176.0,704439577.0,931356654.0,0.009224367446243638
2021-01-19,80.13,81.39,78.28,80.23,10458861.0,859719481.0,931356654.0,0.011229705564545202
2021-01-20,80.13,84.3,78.83,83.03,9435516.0,799393693.0,931356654.0,0.010130937444292958
2021-01-21,83.76,89.39,83.76,87.91,13515347.0,1217094730.0,931356654.0,0.014511462329660878
2021-01-22,89.34,90.34,85.34,89.34,11750210.0,1060204670.0,931356654.0,0.012616230258875672
2021-01-25,87.41,88.83,83.45,85.99,13815958.0,1222156960.0,931356654.0,0.014834229122284232
2021-01-26,84.99,85.99,80.42,81.3,11071076.0,938956474.0,931356654.0,0.011887042361754576
2021-01-27,82.88,83.88,80.52,81.73,9643009.0,815961528.0,931356654.0,0.010353723204301066
2021-01-28,82.01,83.5,78.19,78.48,9809503.0,807722871.0,931356654.0,0.010532488234093832
2021-01-29,79.02,81.86,77.51,78.67,8297314.0,680942902.0,931356654.0,0.00890884707202618
2021-02-01,80.6,80.6,77.06,79.59,9012495.0,731782497.0,931356654.0,0.009676738724411368
2021-02-02,80.12,83.41,79.25,82.72,10487757.0,885559514.0,931356654.0,0.011260731272984496
2021-02-03,81.88,83.79,80.62,82.29,9366120.0,793895421.0,931356654.0,0.010056426783203076
2021-02-04,81.59,81.81,76.92,78.9,12079557.0,978931706.0,931356654.0,0.012969850967532788
2021-02-05,80.08,80.7,77.63,79.25,8120365.0,661648377.0,931356654.0,0.008718856482234355
2021-02-08,79.3,79.85,76.73,78.73,7821650.0,629597105.0,931356654.0,0.008398125429616569
2021-02-09,79.86,81.08,77.4,80.65,11222596.0,916788195.0,931356654.0,0.012049729769794505
2021-02-10,80.96,81.0,76.72,77.22,14980712.0,1202227594.0,931356654.0,0.016084828444249244
2021-02-18,78.38,79.16,69.41,70.01,27044910.0,2000753186.0,931356654.0,0.02903818841455338
2021-02-19,69.96,71.39,68.78,70.33,22593670.0,1631005925.0,931356654.0,0.02425888074451874
2021-02-22,70.45,70.79,66.72,67.32,16274631.0,1137677371.0,931356654.0,0.01747411255409359
2021-02-23,66.63,67.69,66.14,67.02,11757722.0,809394388.0,931356654.0,0.012624295912315455
2021-02-24,66.9,67.19,64.23,65.19,13365772.0,897122667.0,931356654.0,0.014350863273050712
2021-02-25,65.37,65.56,63.99,64.12,9742550.0,648476477.0,931356654.0,0.010460600628295935
2021-02-26,63.16,63.91,61.87,62.31,12540168.0,808865012.0,931356654.0,0.01346441016568933
2021-03-01,63.33,64.69,63.33,64.3,11482082.0,758959814.0,931356654.0,0.012328340545683159
2021-03-02,64.65,64.78,62.65,62.75,6801219.0,444578790.0,931356654.0,0.007302486078550097
2021-03-03,63.16,64.22,62.3,64.12,6679840.0,436243010.0,931356654.0,0.007172161138605018
2021-03-04,63.15,63.89,60.81,62.09,10209000.0,653407754.0,931356654.0,0.010961429175551905
2021-03-05,60.66,64.65,60.3,64.52,11366203.0,737826495.0,931356654.0,0.012203920969678282
2021-03-08,64.0,64.08,61.74,61.92,12250742.0,788495756.0,931356654.0,0.013153652735915278
2021-03-09,61.54,61.92,59.13,59.34,11238959.0,697594166.0,931356654.0,0.012067298764367877
2021-03-10,60.22,60.86,58.28,58.48,7855856.0,483059100.0,931356654.0,0.008434852498514495
2021-03-11,58.68,60.22,58.09,58.76,10394472.0,631410630.0,931356654.0,0.011160570932045975
2021-03-12,58.94,59.05,56.97,58.17,9853997.0,587377233.0,931356654.0,0.010580261554667542
2021-03-15,57.85,57.85,54.58,55.77,13629148.0,781487830.0,931356654.0,0.014633650751798892
2021-03-16,55.78,57.29,54.92,55.14,9616613.0,555197859.0,931356654.0,0.010325381752198229
2021-03-17,55.56,57.22,54.39,57.01,10704040.0,620040733.0,931356654.0,0.011492954878271584
2021-03-18,56.78,57.21,56.01,56.79,6658648.0,387066894.0,931356654.0,0.007149407234492148
2021-03-19,55.84,56.37,54.58,54.79,7016377.0,399768352.0,931356654.0,0.007533501768485782
2021-03-22,54.63,55.83,53.45,54.0,8659397.0,483002253.0,931356654.0,0.009297616506855386
2021-03-23,54.35,54.84,53.61,54.24,5354764.0,299352666.0,931356654.0,0.005749423678890686
2021-03-24,53.81,55.6,52.98,54.92,9712671.0,546090046.0,931356654.0,0.010428519470265147
2021-03-25,53.98,56.14,53.82,55.36,5770717.0,327728575.0,931356654.0,0.006196033469257847
2021-03-26,55.37,57.95,55.36,56.76,10624782.0,623915345.0,931356654.0,0.01140785536278565
2021-03-29,56.96,57.4,55.8,56.72,7208598.0,419969001.0,931356654.0,0.007739889943385749
2021-03-30,56.24,57.48,56.03,56.34,6369441.0,371903249.0,931356654.0,0.00683888494557317
2021-03-31,56.45,57.38,56.24,56.45,6518812.0,380632318.0,931356654.0,0.0069992649668662804
2021-04-01,56.82,60.24,56.19,60.13,13619431.0,831308977.0,931356654.0,0.014623217584270353
2021-04-02,59.57,61.08,58.65,60.5,8551210.0,529802766.0,931356654.0,0.009181455850746518
2021-04-06,61.19,62.91,61.19,62.08,11563272.0,740372318.0,931356654.0,0.012415514454465905
2021-04-07,61.86,61.99,59.34,60.5,8154042.0,506285248.0,931356654.0,0.008755015562491487
2021-04-08,60.13,60.73,59.72,60.44,3690757.0,229385926.0,931356654.0,0.003962775145427801
2021-04-09,60.04,61.15,59.83,60.79,5323385.0,332777982.0,931356654.0,0.005715731967058025
2021-04-12,60.8,60.8,58.76,59.05,4676040.0,285924822.0,931356654.0,0.005020675999808769
2021-04-13,58.68,59.62,57.34,57.85,5127631.0,307253487.0,931356654.0,0.005505550401103378
2021-04-14,57.48,59.59,57.47,59.13,3583891.0,217630047.0,931356654.0,0.003848032850367116
2021-04-15,58.67,59.0,57.67,58.63,3366291.0,201829258.0,931356654.0,0.003614395178841982
2021-04-16,58.56,58.71,56.77,57.1,3438680.0,203127526.0,931356654.0,0.003692119431617869
2021-04-19,57.02,59.31,56.5,59.19,6473060.0,390617091.0,931356654.0,0.006950140928504066
2021-04-20,58.76,61.97,58.64,61.05,7395038.0,464841080.0,931356654.0,0.007940071043933294
2021-04-21,61.19,61.6,60.48,61.41,5364768.0,337418302.0,931356654.0,0.005760164999046649
2021-04-22,61.22,62.54,60.62,61.77,4501920.0,284807965.0,931356654.0,0.004833722914487279
2021-04-23,62.29,62.29,60.02,61.07,6055624.0,379290986.0,931356654.0,0.00650193883727812
2021-04-26,65.08,66.8,63.37,64.01,18795951.0,1251365257.0,931356654.0,0.020181260228586934
2021-04-27,63.96,66.94,63.96,66.07,12293571.0,835512123.0,931356654.0,0.01319963834176891
2021-04-28,67.02,69.52,66.83,68.51,10914379.0,765342625.0,931356654.0,0.011718796395693116
2021-04-29,68.28,68.28,65.56,66.37,8113800.0,555867642.0,931356654.0,0.008711807625094822
2021-04-30,66.32,66.68,65.25,66.09,6189995.0,419487749.0,931356654.0,0.006646213320552494
2021-05-06,66.24,66.24,63.61,64.49,9220444.0,613933393.0,931356654.0,0.009900014092775248
2021-05-07,64.98,65.71,62.86,63.11,6359882.0,419699748.0,931356654.0,0.006828621423045097
2021-05-10,63.28,66.04,62.33,65.23,7744198.0,517492843.0,931356654.0,0.008314965020908092
2021-05-11,64.58,64.58,62.76,63.03,5616511.0,366065710.0,931356654.0,0.006030462096210031
2021-05-12,63.03,64.0,61.72,63.43,5106905.0,331275805.0,931356654.0,0.0054832968423716225
2021-05-13,62.84,64.2,61.57,63.52,4594349.0,298362228.0,931356654.0,0.004932964166056197
2021-05-14,63.78,64.43,62.89,63.29,6861003.0,448135475.0,931356654.0,0.007366676310877573
2021-05-17,63.91,70.91,63.71,68.69,17894778.0,1267531551.0,931356654.0,0.019213668494389692
2021-05-18,68.67,71.48,68.52,70.12,10645734.0,767314349.0,931356654.0,0.011430351578290221
2021-05-19,71.17,71.36,67.99,68.37,4644869.0,329826587.0,931356654.0,0.004987207618103301
2021-05-20,68.12,69.39,67.8,68.9,7150117.0,506235386.0,931356654.0,0.007677098745460834
2021-05-21,69.17,69.86,67.38,68.08,4916160.0,345374813.0,931356654.0,0.0052784934524127
2021-05-24,68.96,72.52,68.96,72.18,11299348.0,832821585.0,931356654.0,0.012132138586728774
2021-05-25,71.87,74.22,70.9,73.7,8673272.0,653419258.0,931356654.0,0.009312514129522716
2021-05-26,72.85,73.7,71.05,71.45,5920409.0,437455770.0,931356654.0,0.006356758149064558
2021-05-27,70.98,74.18,70.98,73.55,6498685.0,489729072.0,931356654.0,0.00697765455595274
2021-05-28,72.86,73.82,71.06,71.42,5882877.0,434787334.0,931356654.0,0.006316459945536611
2021-05-31,71.11,72.3,70.56,71.68,5664683.0,415329085.0,931356654.0,0.006082184494705934
2021-06-01,71.68,72.49,69.08,70.76,7704808.0,560309044.0,931356654.0,0.008272671878070889
2021-06-02,71.03,71.24,68.12,68.89,8407649.0,594552351.0,931356654.0,0.00902731404117933
2021-06-03,68.59,69.38,66.17,66.48,8867697.0,609929286.0,931356654.0,0.009521268744808903
2021-06-04,66.06,68.78,65.74,67.74,6279050.0,437427888.0,931356654.0,0.006741831899769731
2021-06-07,68.11,69.05,66.82,68.3,5323377.0,372138820.0,931356654.0,0.0057157233774377475
2021-06-08,68.54,69.18,67.5,68.73,5396030.0,380127474.0,931356654.0,0.005793731087682765
2021-06-09,68.73,69.02,67.19,67.71,5555818.0,387156496.0,931356654.0,0.00596529586827862
2021-06-10,67.14,70.43,67.11,69.18,8417871.0,600164388.0,931356654.0,0.009038289428487832
2021-06-11,68.96,69.56,66.37,67.92,10077819.0,701435123.0,931356654.0,0.010820579803362849
2021-06-15,67.32,72.64,66.6,71.51,14959983.0,1081999604.0,931356654.0,0.016062571664409882
2021-06-16,71.6,71.85,67.14,68.01,6573205.0,464155616.0,931356654.0,0.007057666868829822
2021-06-17,68.08,68.94,67.34,68.36,4689003.0,328581114.0,931356654.0,0.005034594405764562
2021-06-18,68.79,69.04,66.36,66.48,4780345.0,329597489.0,931356654.0,0.005132668542678388
2021-06-21,66.48,68.21,65.36,68.11,5135419.0,354808585.0,931356654.0,0.005513912396442706
2021-06-22,68.54,69.08,65.51,66.06,5992942.0,407915699.0,931356654.0,0.006434637015005425
2021-06-23,66.46,66.92,64.24,64.51,7126540.0,475622342.0,931356654.0,0.007651784060802984
2021-06-24,64.7,65.29,63.28,64.36,5075563.0,334571169.0,931356654.0,0.005449644857532741
2021-06-25,64.27,65.28,63.26,64.1,6413555.0,420854473.0,931356654.0,0.006886250259183739
2021-06-28,63.65,67.62,63.64,66.06,9100968.0,619308409.0,931356654.0,0.009771732408753479
2021-06-29,65.7,68.23,65.7,67.46,6632427.0,459329243.0,931356654.0,0.007121253680332862
2021-06-30,67.32,68.08,65.64,66.75,5279812.0,362052965.0,931356654.0,0.005668947526518665
2021-07-01,66.7,68.33,65.72,66.97,4992345.0,343852205.0,931356654.0,0.005360293480009861
2021-07-02,67.09,67.62,62.12,63.16,10395816.0,681912064.0,931356654.0,0.011162013988252452
2021-07-05,64.68,64.99,58.0,59.55,15559756.0,956198074.0,931356654.0,0.016706549454683983
2021-07-06,59.4,59.98,57.58,58.38,12084969.0,725126577.0,931356654.0,0.012975661845649949
2021-07-07,58.67,59.14,56.2,57.8,12614040.0,745538915.0,931356654.0,0.013543726719324002
2021-07-08,57.0,58.36,55.61,56.02,14029581.0,814809693.0,931356654.0,0.015063596678829333
2021-07-09,55.62,56.75,54.7,55.73,11685111.0,665607319.0,931356654.0,0.012546333297576892
2021-07-12,55.76,57.96,55.76,56.38,13004478.0,761635580.0,931356654.0,0.013962940989521293
2021-07-13,56.86,60.06,56.34,59.18,10858282.0,656638646.0,931356654.0,0.011658564904610645
2021-07-14,59.18,59.18,56.31,56.82,8137133.0,478435769.0,931356654.0,0.008736860326334233
2021-07-15,57.28,58.58,56.37,58.36,6511939.0,386545652.0,931356654.0,0.006991885409346096
2021-07-16,58.17,58.53,57.07,58.09,7123608.0,421967424.0,931356654.0,0.007648635964971589
2021-07-19,57.63,58.02,56.14,57.01,7196424.0,418684735.0,931356654.0,0.007726818688729742
2021-07-20,56.24,58.18,56.02,57.94,5109323.0,300876237.0,931356654.0,0.005485893055100243
2021-07-21,57.94,58.68,56.84,57.07,7250571.0,430389584.0,931356654.0,0.007784956459869776
2021-07-22,57.17,57.5,55.93,56.59,6253349.0,363771232.0,931356654.0,0.006714236670928428
2021-07-23,56.48,57.55,55.66,56.11,6688652.0,387704012.0,931356654.0,0.007181622605339759
2021-07-26,55.56,55.94,52.19,52.52,9802111.0,537533046.0,931356654.0,0.010524551424958199
2021-07-27,52.83,52.83,48.66,48.66,19926917.0,1018097113.0,931356654.0,0.02139558128931347
2021-07-28,48.84,52.18,47.73,51.28,21780813.0,1133397945.0,931356654.0,0.02338611412336568
2021-07-29,51.1,54.88,51.1,54.17,12297987.0,680191523.0,931356654.0,0.013204379812161625
2021-07-30,54.17,55.24,52.52,53.6,10015932.0,551748629.0,931356654.0,0.010754131574605147
2021-08-02,52.91,54.86,51.9,54.17,9308464.0,513584383.0,931356654.0,0.009994521389869192
2021-08-03,54.22,55.12,53.4,54.18,7333523.0,410417190.0,931356654.0,0.007874022232518457
2021-08-04,54.04,54.04,50.79,51.47,17223440.0,915545577.0,931356654.0,0.0184928511822282
2021-08-05,52.53,52.53,48.37,48.85,15959849.0,811013597.0,931356654.0,0.017136130322852668
2021-08-06,49.33,52.03,49.14,51.28,13157393.0,690626611.0,931356654.0,0.014127126212596963
2021-08-09,51.28,54.05,51.25,52.74,9815977.0,532469558.0,931356654.0,0.01053943938430272
2021-08-10,53.46,58.15,52.55,56.68,15510947.0,885181706.0,931356654.0,0.01665414310767355
2021-08-11,57.41,57.97,55.75,56.21,10197914.0,593375971.0,931356654.0,0.010949526109253524
2021-08-12,57.71,58.01,55.05,55.56,11120842.0,643922288.0,931356654.0,0.011940476242090605
2021-08-13,56.3,57.75,53.83,54.49,13173290.0,751219662.0,931356654.0,0.01414419486178922
2021-08-16,55.46,55.46,52.78,53.88,10323056.0,571976937.0,931356654.0,0.011083891391836236
2021-08-17,53.62,54.26,51.54,51.86,9158876.0,494284024.0,931356654.0,0.009833908375126077
2021-08-18,52.29,52.43,49.14,50.16,14306900.0,738136955.0,931356654.0,0.015361354792017194
2021-08-19,50.41,54.33,50.41,53.81,15345955.0,841593171.0,931356654.0,0.01647699077908773
2021-08-20,54.17,54.17,51.18,51.82,11110136.0,593453067.0,931356654.0,0.011928981182755366
2021-08-23,51.57,54.39,50.77,53.92,10943796.0,597483446.0,931356654.0,0.011750381503152926
2021-08-24,53.71,54.1,52.62,53.22,6928941.0,378450223.0,931356654.0,0.007439621513672033
2021-08-25,51.65,54.15,51.17,52.7,8585849.0,465566272.0,931356654.0,0.009218647832841919
2021-08-26,52.27,52.65,50.42,50.89,10165753.0,532377392.0,931356654.0,0.010914994762038818
2021-08-27,50.53,50.88,43.78,46.51,38880314.0,1870322070.0,931356654.0,0.041745891687160266
2021-08-30,45.73,45.83,41.56,43.96,41838617.0,1846740374.0,931356654.0,0.044922229116323036
2021-08-31,43.11,46.0,43.11,44.56,16387693.0,750445728.0,931356654.0,0.017595507510058547
2021-09-01,44.17,44.23,42.65,43.01,21196218.0,939878133.0,931356654.0,0.02275843299016147
2021-09-02,43.59,46.21,43.45,44.99,22600211.0,1053046395.0,931356654.0,0.02426590383279744
2021-09-03,44.95,45.55,42.63,43.39,20885535.0,933221771.0,931356654.0,0.022424851865609798
2021-09-06,42.93,43.9,42.66,43.5,12510181.0,555877339.0,931356654.0,0.013432213047784807
2021-09-07,43.4,43.78,42.88,43.38,11169930.0,496441627.0,931356654.0,0.011993182152108187
2021-09-08,43.12,43.77,42.83,43.76,12263455.0,545292524.0,931356654.0,0.013167302716237426
2021-09-09,43.3,43.42,40.87,41.99,20841751.0,898319289.0,931356654.0,0.022377840873835642
2021-09-10,41.8,42.51,40.7,42.3,13216670.0,567760318.0,931356654.0,0.014190772077739404
2021-09-13,41.84,42.13,40.72,41.29,15329561.0,647130282.0,931356654.0,0.016459388499735786
2021-09-14,41.82,43.02,41.35,41.91,14512869.0,629769124.0,931356654.0,0.0155825042293626
2021-09-15,41.9,42.32,40.93,41.97,9785615.0,419663351.0,931356654.0,0.010506839627947727
2021-09-16,42.18,42.18,40.39,40.67,12291585.0,516698766.0,931356654.0,0.01319750596853523
2021-09-17,40.46,41.25,39.56,41.14,8186936.0,340007482.0,931356654.0,0.008790333933664041
2021-09-22,39.91,41.11,39.9,40.29,6307126.0,262445046.0,931356654.0,0.006771977172130667
2021-09-23,40.54,41.32,39.73,40.19,9619469.0,398158149.0,931356654.0,0.010328448246636996
2021-09-24,40.15,43.69,40.15,42.97,21810769.0,956335863.0,931356654.0,0.023418277956491627
2021-09-27,42.41,43.1,41.02,41.29,13869406.0,597678137.0,931356654.0,0.014891616375352594
2021-09-28,41.35,42.32,40.4,41.06,12428683.0,525116098.0,931356654.0,0.013344708438621409
2021-09-29,40.78,43.02,40.49,42.42,13436718.0,582407390.0,931356654.0,0.014427038173069198
2021-09-30,42.42,44.76,42.23,42.41,16424339.0,728145634.0,931356654.0,0.017634854413140853
2021-10-08,43.14,46.62,42.41,46.27,19964308.0,923344531.0,931356654.0,0.021435728100784042
2021-10-11,46.28,46.9,44.47,44.66,13673000.0,636184553.0,931356654.0,0.0146807347553454
2021-10-12,44.21,44.71,37.74,38.12,32918168.0,1359739135.0,931356654.0,0.035344320415409844
2021-10-13,38.72,38.77,36.02,37.51,22998218.0,873934251.0,931356654.0,0.024693244957478985
2021-10-14,37.22,39.23,36.72,38.32,18348505.0,722487063.0,931356654.0,0.019700836324298168
2021-10-15,38.21,38.9,37.88,38.52,10850929.0,428363646.0,931356654.0,0.01165066996987386
2021-10-18,38.7,38.7,36.87,37.35,14899153.0,571993842.0,931356654.0,0.015997258339231234
2021-10-19,37.67,37.8,36.8,37.24,8643738.0,330520124.0,931356654.0,0.009280803398866359
2021-10-20,37.75,38.91,37.54,37.96,16238404.0,637940789.0,931356654.0,0.017435215532373274
2021-10-21,37.98,38.43,37.47,38.12,6668405.0,260499136.0,931356654.0,0.007159883350122068
2021-10-22,39.51,41.4,39.12,40.25,21235056.0,879419880.0,931356654.0,0.02280013344919958
2021-10-25,39.98,41.25,38.77,39.04,15114565.0,615797027.0,931356654.0,0.016228546749610703
2021-10-26,38.93,39.4,37.82,38.09,12997514.0,511823070.0,931356654.0,0.01395546372507046
2021-10-27,38.09,38.37,37.65,38.06,7909266.0,308978786.0,931356654.0,0.008492198950886543
2021-10-28,38.34,38.58,36.79,37.1,11944952.0,458077413.0,931356654.0,0.012825325237865321
2021-10-29,37.19,38.35,36.78,38.23,14043475.0,545205387.0,931356654.0,0.015078514701844821
2021-11-01,38.08,39.09,37.78,38.14,11239224.0,442536745.0,931356654.0,0.01206758329553954
2021-11-02,38.34,39.98,38.04,38.69,14859407.0,593490101.0,931356654.0,0.015954582958291722
2021-11-03,38.68,42.71,38.49,41.35,24578523.0,1046215474.0,931356654.0,0.02639002244139225
2021-11-04,42.03,42.78,40.55,42.47,19286679.0,827405165.0,931356654.0,0.020708156125977494
2021-11-05,41.74,46.07,41.38,44.56,29287672.0,1336897015.0,931356654.0,0.03144624765841851
2021-11-08,44.07,44.61,42.85,43.74,13557525.0,609587373.0,931356654.0,0.014556748955164496
2021-11-09,43.58,43.9,42.23,42.77,13350727.0,588930725.0,931356654.0,0.01433470941841792
2021-11-10,42.72,43.24,41.14,41.84,16610422.0,715481286.0,931356654.0,0.017834652201883554
2021-11-11,41.45,42.48,41.21,42.05,14173320.0,609645245.0,931356654.0,0.015217929607447675
2021-11-12,42.28,42.3,41.01,41.14,11843451.0,505205437.0,931356654.0,0.012716343356902672
2021-11-15,41.51,47.34,41.28,46.0,33006500.0,1534475658.0,931356654.0,0.03543916270769457
2021-11-16,46.19,48.3,45.68,47.72,31683089.0,1543131118.0,931356654.0,0.03401821296270032
2021-11-17,47.66,48.03,46.26,46.63,20285208.0,979460407.0,931356654.0,0.02178027924413154
2021-11-18,47.18,47.25,44.46,45.11,20945447.0,973621585.0,931356654.0,0.022489179531861702
2021-11-19,44.85,46.83,44.72,44.97,16047400.0,749533581.0,931356654.0,0.017230134053457892
2021-11-22,44.78,47.07,44.45,45.91,17921479.0,845470662.0,931356654.0,0.019242337425765577
2021-11-23,45.47,45.71,44.51,45.45,14875171.0,688932464.0,931356654.0,0.01597150880504688
2021-11-24,45.73,48.16,45.43,47.34,22571778.0,1088381207.0,931356654.0,0.02423537524863166
2021-11-25,47.29,47.46,43.88,44.37,22712566.0,1063708654.0,931356654.0,0.02438653968107045
2021-11-26,43.61,45.61,43.56,44.58,12064444.0,552645874.0,931356654.0,0.012953624101127643
2021-11-29,43.88,44.56,42.23,42.53,21892161.0,968145979.0,931356654.0,0.02350566875318636
2021-11-30,43.36,43.89,42.14,42.33,13014183.0,569586389.0,931356654.0,0.013973361272619415
2021-12-01,42.42,42.75,41.64,42.66,10968435.0,476935718.0,931356654.0,0.011776836459902502
2021-12-02,42.11,42.66,41.64,42.22,11283652.0,487039180.0,931356654.0,0.01211528575174597
2021-12-03,42.39,43.74,42.23,42.7,11313747.0,498734294.0,931356654.0,0.012147598829524226
2021-12-06,42.47,43.78,41.94,43.33,11486653.0,508927966.0,931356654.0,0.012333248439968735
2021-12-07,43.54,44.1,43.02,43.97,11383837.0,511312026.0,931356654.0,0.012222854640173109
2021-12-08,43.78,44.76,42.86,44.21,11464400.0,517028576.0,931356654.0,0.012309355337466672
2021-12-09,44.34,46.5,43.91,45.52,20682722.0,963615620.0,931356654.0,0.022207091033463536
2021-12-10,45.01,46.15,44.54,44.86,20896345.0,972675231.0,931356654.0,0.022436458590008635
2021-12-13,44.9,48.19,44.9,47.71,31511355.0,1520577075.0,931356654.0,0.03383382173162635
2021-12-14,47.55,50.82,47.27,48.73,33815613.0,1698493120.0,931356654.0,0.03630790938655816
2021-12-15,49.33,50.72,47.77,48.78,26918386.0,1370308252.0,931356654.0,0.028902339275067874
2021-12-16,49.67,52.89,48.66,52.06,34347516.0,1809374543.0,931356654.0,0.03687901498581015
2021-12-17,51.75,52.8,50.58,50.79,18723038.0,988151597.0,931356654.0,0.020102973355682924
2021-12-20,51.08,51.08,47.87,48.16,22080453.0,1110204013.0,931356654.0,0.023707838350827952
2021-12-21,48.4,49.73,48.05,48.71,12832806.0,643302413.0,931356654.0,0.01377861632800446
2021-12-22,49.08,52.93,49.06,51.75,23660312.0,1247333635.0,931356654.0,0.025404136963410796
2021-12-23,51.35,52.78,50.6,51.51,15244243.0,808937787.0,931356654.0,0.01636778234689028
2021-12-24,51.57,53.69,51.57,52.25,16289162.0,881399558.0,931356654.0,0.017489714525623607
2021-12-27,51.96,52.43,50.29,51.73,11123621.0,588631006.0,931356654.0,0.01194346006143421
2021-12-28,52.2,52.2,50.22,50.85,10327235.0,541868076.0,931356654.0,0.011088378394728256
2021-12-29,50.07,50.49,48.67,49.28,16442803.0,833427029.0,931356654.0,0.017654679256739383
2021-12-30,49.44,53.66,48.9,53.51,23620893.0,1271107224.0,931356654.0,0.02536181268320009
2021-12-31,53.42,56.51,52.74,55.67,25694114.0,1458799907.0,931356654.0,0.02758783532564959
2022-01-04,55.36,58.18,55.36,57.03,23380946.0,1369024052.0,931356654.0,0.025104180981134646
2022-01-05,56.43,57.41,53.22,54.58,26835362.0,1509697029.0,931356654.0,0.028813196195836704
2022-01-06,53.77,54.05,51.07,53.24,19930829.0,1074982105.0,931356654.0,0.02139978161362876
2022-01-07,52.78,55.8,52.44,53.43,18841748.0,1048435100.0,931356654.0,0.020230432583563204
2022-01-10,52.74,53.42,50.69,51.3,18084638.0,960333566.0,931356654.0,0.01941752165760551
2022-01-11,51.56,51.57,46.98,47.81,28422232.0,1409292011.0,931356654.0,0.030517022536889503
2022-01-12,47.69,47.97,46.87,47.21,19414474.0,945539666.0,931356654.0,0.020845369941384452
2022-01-13,47.02,47.41,44.42,44.82,29283668.0,1372851816.0,931356654.0,0.031441948553470045
2022-01-14,44.46,44.81,43.72,43.75,23154606.0,1049957744.0,931356654.0,0.02486115914945726
2022-01-17,43.91,45.44,43.35,44.96,21374786.0,978775109.0,931356654.0,0.02295016190435678
2022-01-18,44.97,45.72,43.88,44.45,18319803.0,840313384.0,931356654.0,0.019670018914150583
2022-01-19,44.45,45.4,43.44,43.91,17295202.0,789179223.0,931356654.0,0.018569902223514904
2022-01-20,43.93,44.17,41.85,42.43,28091921.0,1225281390.0,931356654.0,0.03016236677898905
2022-01-21,40.4,40.47,38.08,38.21,54416695.0,2182807569.0,931356654.0,0.05842734334509839
2022-01-24,38.21,38.44,37.46,37.96,21710327.0,847039679.0,931356654.0,0.0233104331265131
2022-01-25,37.96,38.04,36.15,36.18,28168564.0,1059530766.0,931356654.0,0.03024465856234705
2022-01-26,36.39,36.55,34.44,35.2,28953725.0,1047042282.0,931356654.0,0.031087687918102316
2022-01-27,35.36,36.09,34.59,34.7,21338593.0,772390480.0,931356654.0,0.02291130138852264
2022-01-28,34.97,35.41,33.81,33.82,20255836.0,715613106.0,931356654.0,0.021748742453285785
2022-02-07,34.11,34.3,33.1,33.47,19120560.0,659487209.0,931356654.0,0.020529793734635197
2022-02-08,33.28,33.69,32.81,33.62,13967542.0,477764731.0,931356654.0,0.014996985247286375
2022-02-09,33.59,34.88,33.2,34.71,23665296.0,830122028.0,931356654.0,0.025409488296843155
2022-02-10,34.71,36.09,34.29,35.45,23114661.0,838159138.0,931356654.0,0.024818270101713367
2022-02-11,35.04,35.81,34.5,35.1,14295398.0,515797023.0,931356654.0,0.015349005065464428
2022-02-14,34.72,36.57,34.44,36.15,18489755.0,681690743.0,931356654.0,0.019852496807307933
2022-02-15,35.99,36.65,35.76,36.47,10751745.0,399607083.0,931356654.0,0.01154417585768384
2022-02-16,36.66,36.9,35.98,36.11,8560928.0,320339667.0,931356654.0,0.00919189009197759
2022-02-17,35.82,36.1,35.42,35.61,9721707.0,357011803.0,931356654.0,0.010438221446367633
2022-02-18,35.24,36.31,35.18,35.9,7579365.0,279182174.0,931356654.0,0.008137983411025267
2022-02-21,35.66,36.18,35.2,35.48,8441402.0,308746519.0,931356654.0,0.009063554722829091
2022-02-22,35.03,35.03,32.59,33.46,28987788.0,995564128.0,931356654.0,0.0311242614475378
2022-02-23,33.26,34.57,33.22,34.29,15885193.0,554790789.0,931356654.0,0.01705597198643088
2022-02-24,33.96,34.13,32.0,32.5,21290933.0,721902160.0,1021699958.0,0.020838733361286877
2022-02-25,32.89,34.27,32.89,33.34,17155145.0,592520865.0,1021699958.0,0.01679078565646765
2022-02-28,33.71,33.84,32.25,33.21,16902029.0,569062411.0,1021699958.0,0.016543045605175603
2022-03-01,32.9,33.57,32.88,33.16,11138090.0,379411593.0,1021699958.0,0.010901527315125914
2022-03-02,33.08,33.22,32.63,33.15,9397912.0,317896731.0,1021699958.0,0.009198309079307998
2022-03-03,33.3,33.47,32.23,32.38,12482263.0,418262808.0,1021699958.0,0.012217151329275087
2022-03-04,32.01,33.06,31.82,32.91,14735960.0,495182855.0,1021699958.0,0.01442298189856635
2022-03-07,32.4,32.64,31.28,31.65,14992318.0,488865313.0,1021699958.0,0.01467389509279005
2022-03-08,31.57,32.07,30.29,30.57,12309945.0,391712310.0,1021699958.0,0.012048493203520324
2022-03-09,30.69,30.79,28.36,29.73,15971349.0,485033268.0,1021699958.0,0.015632132383820652
2022-03-10,30.59,31.0,29.69,29.75,15160482.0,472827009.0,1021699958.0,0.014838487445645955
2022-03-11,28.68,29.85,28.55,29.63,17749373.0,533166795.0,1021699958.0,0.0173723928057556
2022-03-14,29.34,29.69,28.56,28.64,11060330.0,328747112.0,1021699958.0,0.010825418865290782
2022-03-15,28.2,28.65,27.06,27.06,15048517.0,432439919.0,1021699958.0,0.014728900478236096
2022-03-16,27.73,28.7,26.28,28.38,20085751.0,569279547.0,1021699958.0,0.01965914830741336
2022-03-17,29.53,30.47,29.0,29.6,20122371.0,613128170.0,1021699958.0,0.0196949905326315
2022-03-18,29.45,29.86,28.88,29.65,11424488.0,345069525.0,1021699958.0,0.011181842487655266
2022-03-21,29.65,30.35,29.51,29.68,11825956.0,363148980.0,1021699958.0,0.011574783680278863
2022-03-22,29.55,30.72,29.16,30.52,14081869.0,437195153.0,1021699958.0,0.013782783183788679
2022-03-23,30.66,31.28,30.23,30.9,11159452.0,353269217.0,1021699958.0,0.01092243560609014
2022-03-24,30.5,30.58,29.83,30.26,9548422.0,296172145.0,1021699958.0,0.009345622386724225
2022-03-25,30.13,30.53,29.79,29.88,7646387.0,236628864.0,1021699958.0,0.0074839848432292876
2022-03-28,30.03,31.01,29.91,30.84,14812485.0,466314536.0,1021699958.0,0.01449788157865423
2022-03-29,30.83,30.93,30.08,30.78,9928390.0,311212782.0,1021699958.0,0.009717520219375404
2022-03-30,30.74,31.45,30.29,31.38,11120431.0,354685810.0,1021699958.0,0.010884243375881592
2022-03-31,30.95,31.14,30.29,30.32,8957679.0,282181938.0,1021699958.0,0.008767426219273664
2022-04-01,29.97,31.4,29.73,31.04,13083372.0,415300544.0,1021699958.0,0.012805493332515142
2022-04-06,31.04,31.9,30.59,31.01,9748883.0,311209223.0,1021699958.0,0.00954182578130242
2022-04-07,30.66,31.04,29.99,30.55,10331913.0,324586466.0,1021699958.0,0.010112472765707993
2022-04-08,30.27,30.54,29.34,29.69,9256759.0,282963615.0,1021699958.0,0.009060154037903953
2022-04-11,29.48,29.7,28.46,28.85,8973362.0,266869521.0,1021699958.0,0.008782776126922381
2022-04-12,28.9,29.68,28.56,29.54,8101039.0,243746496.0,1021699958.0,0.00792898045709815
2022-04-13,29.19,29.63,28.56,28.59,6477502.0,193008290.0,1021699958.0,0.00633992587479386
2022-04-14,28.71,29.77,28.53,29.34,7133281.0,215084731.0,1021699958.0,0.006981776738019598
2022-04-15,29.2,29.21,28.1,28.49,8948207.0,262705049.0,1021699958.0,0.008758155395754651
2022-04-18,28.07,28.58,27.45,27.98,8802478.0,253553596.0,1021699958.0,0.008615521544339732
2022-04-19,27.98,28.36,27.35,28.26,8275229.0,237037241.0,1021699958.0,0.008099470823311906
2022-04-20,28.17,29.47,28.11,28.88,11553746.0,343661274.0,1021699958.0,0.011308355167809451
2022-04-21,28.6,28.85,27.61,27.97,8624276.0,250413838.0,1021699958.0,0.008441104389279029
2022-04-22,27.63,27.79,26.65,27.56,10064785.0,281114904.0,1021699958.0,0.009851018316279504
2022-04-25,27.56,29.38,27.37,28.14,19642911.0,575481771.0,1021699958.0,0.01922571381763725
2022-04-26,28.51,30.61,28.5,29.63,25682955.0,788269206.0,1021699958.0,0.025137472893974614
2022-04-27,29.95,31.7,28.8,31.35,23137202.0,724283209.0,1021699958.0,0.022645789322818
2022-04-28,31.04,31.57,30.03,30.81,14034850.0,441531472.0,1021699958.0,0.013736762823670392
2022-04-29,31.12,35.95,30.85,34.83,36147816.0,1265571355.0,1021699958.0,0.035380069967664615
2022-05-05,34.05,34.83,33.5,34.15,18114293.0,635053518.0,1021699958.0,0.017729562243947943
2022-05-06,33.22,33.23,32.11,32.67,14283470.0,479335224.0,1021699958.0,0.013980102365825878
2022-05-09,32.28,33.65,32.22,33.26,11905966.0,405305467.0,1021699958.0,0.011653094342204132
2022-05-10,32.68,33.43,32.3,32.98,9629142.0,325542070.0,1021699958.0,0.009424627968909048
2022-05-11,33.57,35.35,33.01,33.18,20588055.0,726865327.0,1021699958.0,0.020150783837068535
2022-05-12,32.82,34.22,32.43,34.02,12020674.0,412478824.0,1021699958.0,0.0117653660508421
2022-05-13,34.02,34.14,33.28,33.75,7873587.0,272545498.0,1021699958.0,0.007706359326286671
2022-05-16,33.75,35.22,33.61,34.24,10169585.0,361764730.0,1021699958.0,0.009953592461633437
2022-05-17,34.52,35.57,34.31,35.32,13966722.0,503569581.0,1021699958.0,0.013670081799102902
2022-05-18,35.77,35.81,34.21,34.57,9956740.0,355366933.0,1021699958.0,0.009745268091711128
2022-05-19,33.97,34.3,32.75,34.01,13709536.0,472528322.0,1021699958.0,0.013418358190830032
2022-05-20,34.05,35.2,34.05,34.93,9068479.0,324087140.0,1021699958.0,0.008875872930201294
2022-05-23,35.99,36.29,34.36,34.54,10892851.0,394014628.0,1021699958.0,0.010661496963671207
2022-05-24,35.17,37.99,35.17,36.43,27952586.0,1053982066.0,1021699958.0,0.02735889903990776
2022-05-25,36.49,37.85,35.81,36.69,20664213.0,778215824.0,1021699958.0,0.020225324311895488
2022-05-26,36.51,37.43,35.51,37.26,14226366.0,537279126.0,1021699958.0,0.013924211201739131
2022-05-27,37.32,37.41,36.04,36.32,11297304.0,425207280.0,1021699958.0,0.01105735975766772
2022-05-30,36.29,36.34,35.02,35.36,11310171.0,413637634.0,1021699958.0,0.011069953474540517
2022-05-31,35.13,35.42,34.23,35.23,13696409.0,489524017.0,1021699958.0,0.013405509996115708
2022-06-01,34.89,35.56,33.92,34.1,14507890.0,515966131.0,1021699958.0,0.01419975589350078
2022-06-02,34.05,34.22,33.44,33.65,11943618.0,413271784.0,1021699958.0,0.011689946648700949
2022-06-06,33.4,34.25,33.18,34.14,10748936.0,374690594.0,1021699958.0,0.010520638584581405
2022-06-07,33.99,35.2,33.73,34.52,13975380.0,496431362.0,1021699958.0,0.01367855591122575
2022-06-08,34.65,34.72,33.45,33.96,10548789.0,368601914.0,1021699958.0,0.010324742520934899
2022-06-09,33.95,34.91,33.36,33.73,12764161.0,446937834.0,1021699958.0,0.012493062077624163
2022-06-10,33.39,35.64,32.92,35.28,18000834.0,640301062.0,1021699958.0,0.017618513007710234
2022-06-13,34.82,35.1,33.81,34.24,13558219.0,478065093.0,1021699958.0,0.013270255023344142
2022-06-14,33.78,34.34,33.18,34.3,10816350.0,375894988.0,1021699958.0,0.010586620773845623
2022-06-15,34.38,35.0,33.85,33.94,15536593.0,547354845.0,1021699958.0,0.015206610197394175
2022-06-16,33.88,35.86,33.81,34.96,15937530.0,574394182.0,1021699958.0,0.0155990316679645
2022-06-17,34.97,35.11,33.99,34.68,12486016.0,443228590.0,1021699958.0,0.012220824619041434
2022-06-20,34.69,36.18,34.19,35.83,16645886.0,604040980.0,1021699958.0,0.016292342844551628
2022-06-21,35.67,35.82,35.05,35.43,9018660.0,327791422.0,1021699958.0,0.008827112039481947
2022-06-22,35.43,35.56,32.79,33.05,19590273.0,682786404.0,1021699958.0,0.019174193799859195
2022-06-23,33.02,33.36,31.47,32.26,17591422.0,581910945.0,1021699958.0,0.01721779653826706
2022-06-24,32.11,33.03,32.1,32.64,9788691.0,327141525.0,1021699958.0,0.009580788296362053
2022-06-27,32.86,35.1,32.79,33.66,20234555.0,709090054.0,1021699958.0,0.019804791848684798
2022-06-28,33.52,33.66,32.59,32.97,19055298.0,644691098.0,1021699958.0,0.018650581171894304
2022-06-29,32.7,33.22,32.13,32.14,15576380.0,521160437.0,1021699958.0,0.015245552158474299
2022-06-30,32.13,32.85,32.1,32.46,11381192.0,380484372.0,1021699958.0,0.011139466054475456
2022-07-01,32.35,32.97,31.97,32.01,15476579.0,514505478.0,1021699958.0,0.015147870839004185
2022-07-04,31.68,32.29,31.33,32.11,11967076.0,393911855.0,1021699958.0,0.011712906422572252
2022-07-05,32.11,32.39,30.8,31.14,14752367.0,474575436.0,1021699958.0,0.014439040429127628
2022-07-06,31.09,31.28,30.38,30.72,10338989.0,325051915.0,1021699958.0,0.010119398478041242
2022-07-07,30.83,30.84,29.79,30.46,9784685.0,303024341.0,1021699958.0,0.00957686738008068
2022-07-08,30.65,31.39,30.53,31.06,10715908.0,340184611.0,1021699958.0,0.010488312068620052
2022-07-11,30.87,30.87,29.98,30.17,7477590.0,231319165.0,1021699958.0,0.007318772934705357
2022-07-12,30.39,30.47,29.65,30.01,7466541.0,230012205.0,1021699958.0,0.007307958605201391
2022-07-13,30.09,30.58,29.48,29.64,9460732.0,289625582.0,1021699958.0,0.009259794840864621
2022-07-14,29.68,30.14,29.33,29.58,7017278.0,213563663.0,1021699958.0,0.00686823753397864
2022-07-15,29.6,29.6,28.74,28.75,13738106.0,409535929.0,1021699958.0,0.013446321390570127
2022-07-18,28.75,29.43,28.51,29.21,8566409.0,254386545.0,1021699958.0,0.008384466430603494
2022-07-19,29.21,29.64,29.02,29.6,6987115.0,209890154.0,1021699958.0,0.0068387151680787284
2022-07-20,29.72,30.48,29.61,29.79,13115965.0,402711466.0,1021699958.0,0.012837394087472401
2022-07-21,29.8,30.85,29.69,30.63,16998755.0,529522232.0,1021699958.0,0.0166377172347892
2022-07-22,30.5,30.56,30.02,30.28,9502937.0,294332887.0,1021699958.0,0.009301103445870946
2022-07-25,30.11,30.25,29.71,30.08,5151676.0,157709003.0,1021699958.0,0.005042259187408129
2022-07-26,30.09,30.95,30.0,30.63,8121304.0,254456417.0,1021699958.0,0.007948815047323317
2022-07-27,30.56,31.74,30.39,31.17,11186608.0,357408058.0,1021699958.0,0.010949014837876699
2022-07-28,31.14,31.22,30.73,30.87,6259393.0,198558676.0,1021699958.0,0.006126449307341559
2022-07-29,31.13,31.16,30.36,30.64,7486127.0,235613876.0,1021699958.0,0.007327128616755801
2022-08-01,30.72,31.69,30.37,30.9,7710672.0,245036259.0,1021699958.0,0.0075469044895468225
2022-08-02,30.38,30.38,28.92,29.48,10549760.0,318541834.0,1021699958.0,0.010325692897796909
2022-08-03,29.45,30.18,29.18,29.22,6973469.0,212229022.0,1021699958.0,0.00682535899644228
2022-08-04,29.46,29.84,29.19,29.43,6801160.0,205023047.0,1021699958.0,0.006656709679535878
2022-08-05,29.52,31.1,29.4,31.05,12103603.0,377601214.0,1021699958.0,0.011846533715918975
2022-08-08,31.07,31.23,30.82,30.97,6785119.0,215303806.0,1021699958.0,0.006641009375474595
2022-08-09,31.11,31.12,30.5,30.89,5140871.0,161848596.0,1021699958.0,0.005031683675570827
2022-08-10,30.68,30.77,29.64,29.99,9944176.0,305833701.0,1021699958.0,0.009732970939399803
2022-08-11,30.17,31.38,30.01,31.29,14669886.0,464990877.0,1021699958.0,0.014358311248946924
2022-08-12,31.25,31.51,30.99,31.27,7151502.0,228628255.0,1021699958.0,0.006999610740905991
2022-08-15,31.32,31.36,30.5,31.27,10730491.0,340082856.0,1021699958.0,0.010502585339246926
2022-08-16,31.27,31.54,29.8,30.01,14941702.0,465157241.0,1021699958.0,0.014624354129610329
2022-08-17,30.02,30.05,29.32,29.88,10438836.0,316886645.0,1021699958.0,0.010217124820514087
2022-08-18,30.16,30.29,28.78,28.83,24650871.0,736360109.0,1021699958.0,0.024127309399380438
2022-08-19,28.75,29.71,28.66,28.86,17522366.0,522881539.0,1021699958.0,0.017150207223557506
2022-08-22,28.84,28.95,28.2,28.92,12712059.0,372307163.0,1021699958.0,0.012442066675704024
2022-08-23,28.65,28.77,28.24,28.36,11372035.0,330711776.0,1021699958.0,0.011130503540649064
2022-08-24,28.36,28.36,27.14,27.26,15037912.0,425062804.0,1021699958.0,0.014718520718584585
2022-08-25,27.39,27.81,26.96,27.64,10374326.0,290148046.0,1021699958.0,0.01015398495298754
2022-08-26,27.58,28.31,27.39,27.4,10851242.0,309165401.0,1021699958.0,0.010620771700178538
2022-08-29,26.93,27.24,26.45,27.2,10390188.0,285515360.0,1021699958.0,0.01016951005884254
2022-08-30,27.1,27.6,27.06,27.29,8147289.0,227558056.0,1021699958.0,0.007974248150062075
2022-08-31,27.07,27.63,26.75,27.16,11345522.0,315797603.0,1021699958.0,0.01110455365213982
2022-09-01,27.11,27.6,26.91,26.99,8258617.0,230341730.0,1021699958.0,0.008083211646760192
2022-09-02,27.06,27.56,27.0,27.38,7778129.0,217625922.0,1021699958.0,0.0076129287655309855
2022-09-05,27.35,27.38,26.69,26.89,8600694.0,237161921.0,1021699958.0,0.008418023249052536
2022-09-06,27.02,27.19,26.72,27.17,5995693.0,165490646.0,1021699958.0,0.00586835005037751
2022-09-07,26.99,27.11,26.47,26.55,9941505.0,271901174.0,1021699958.0,0.009730356668958579
2022-09-08,26.66,26.72,26.12,26.13,10543074.0,284085980.0,1021699958.0,0.01031914890222595
2022-09-09,26.12,26.46,25.91,26.43,7696022.0,207096836.0,1021699958.0,0.0075325656419377085
2022-09-13,26.42,26.94,26.31,26.77,7457935.0,204135198.0,1021699958.0,0.007299535388646849
2022-09-14,26.23,26.85,26.19,26.61,6269274.0,170607037.0,1021699958.0,0.006136120444080511
2022-09-15,26.77,27.4,26.38,26.56,13537480.0,373291487.0,1021699958.0,0.013249956500438654
2022-09-16,26.4,26.73,25.51,25.57,9840825.0,262486432.0,1021699958.0,0.009631815018631917
2022-09-19,25.35,25.6,24.94,25.28,9795584.0,252967296.0,1021699958.0,0.009587534895445303
2022-09-20,25.34,25.49,24.83,25.07,9333585.0,240072078.0,1021699958.0,0.009135348325031448
2022-09-21,24.91,25.54,24.5,25.31,8477256.0,217675121.0,1021699958.0,0.008297206957504837
2022-09-22,25.31,25.44,24.89,24.93,6171390.0,158582401.0,1021699958.0,0.006040315409311194
2022-09-23,24.82,24.98,24.15,24.41,7576051.0,190371490.0,1021699958.0,0.007415142714530678
2022-09-26,24.4,24.67,24.12,24.21,5826296.0,145525605.0,1021699958.0,0.005702550885296209
2022-09-27,24.22,25.28,24.22,25.22,9701884.0,246855264.0,1021699958.0,0.00949582499640271
2022-09-28,25.06,25.32,24.83,24.85,6537814.0,167579240.0,1021699958.0,0.006398956903940677
2022-09-29,25.11,25.38,24.17,24.23,9909784.0,249926322.0,1021699958.0,0.009699309393531363
2022-09-30,24.14,24.53,24.04,24.36,6765247.0,168446959.0,1021699958.0,0.006621559438294506
2022-10-10,24.14,24.2,23.09,23.09,11191290.0,268689902.0,1021699958.0,0.010953597396546041
2022-10-11,23.14,23.31,22.52,23.13,7964729.0,186606186.0,1021699958.0,0.007795565554873009
2022-10-12,22.97,23.56,22.66,23.54,7530186.0,177511684.0,1021699958.0,0.007370251844524398
2022-10-13,23.54,24.35,23.35,23.9,8717488.0,213200113.0,1021699958.0,0.008532336652988293
2022-10-14,24.02,25.16,23.94,24.72,13362797.0,337485033.0,1021699958.0,0.013078983605086926
2022-10-17,24.52,25.19,24.49,24.79,6451671.0,164414462.0,1021699958.0,0.006314643501238159
2022-10-18,24.98,25.06,24.49,24.63,8583419.0,217307615.0,1021699958.0,0.00840111515400493
2022-10-19,24.49,24.76,24.14,24.39,5943830.0,148666965.0,1021699958.0,0.005817588572319389
2022-10-20,24.79,24.99,24.04,24.35,10858921.0,272933736.0,1021699958.0,0.010628287605351942
2022-10-21,24.47,24.58,23.65,23.65,8888839.0,217435729.0,1021699958.0,0.008700048316924763
2022-10-24,23.66,24.18,22.65,22.65,10767269.0,256688322.0,1021699958.0,0.01053858220869184
2022-10-25,22.4,22.47,20.2,20.36,29857147.0,641199804.0,1021699958.0,0.029223008933509226
2022-10-26,20.5,21.74,20.5,21.26,26239998.0,569664851.0,1021699958.0,0.02568268481811957
2022-10-27,21.35,21.92,21.33,21.55,14025477.0,310741875.0,1021699958.0,0.013727588897483345
2022-10-28,21.56,21.72,20.71,20.81,11990884.0,260083020.0,1021699958.0,0.011736208762768688
2022-10-31,20.74,21.67,20.7,21.42,10106525.0,220558375.0,1021699958.0,0.009891871797453867
2022-11-01,21.4,22.29,21.17,22.29,13211965.0,294735886.0,1021699958.0,0.012931355136651576
2022-11-02,22.76,24.37,22.47,23.51,35059324.0,848445492.0,1021699958.0,0.03431469652659024
2022-11-03,22.96,23.73,22.86,23.07,14501752.0,343764869.0,1021699958.0,0.014193748258918887
2022-11-04,23.15,24.08,22.97,23.72,16979355.0,409669129.0,1021699958.0,0.016618729272767575
2022-11-07,23.54,24.9,23.44,24.8,22932241.0,571211653.0,1021699958.0,0.022445181504059532
2022-11-08,24.99,24.99,23.94,24.5,20381061.0,508524512.0,1021699958.0,0.01994818619734151
2022-11-09,24.18,24.42,23.94,23.94,9932349.0,245102857.0,1021699958.0,0.009721395133893114
2022-11-10,23.67,24.46,23.64,24.26,10212507.0,252444296.0,1021699958.0,0.00999560283822582
2022-11-11,25.01,25.25,24.37,24.85,18858315.0,479074358.0,1021699958.0,0.018457781907826994
2022-11-14,24.89,25.21,24.35,24.46,10760609.0,271647514.0,1021699958.0,0.010532063660905035
2022-11-15,24.28,26.01,24.28,25.81,19271101.0,501815820.0,1021699958.0,0.018861800716644447
2022-11-16,25.91,26.8,25.49,25.53,19337251.0,516262743.0,1021699958.0,0.018926545752094473
2022-11-17,25.69,26.67,25.5,25.92,22466419.0,598650160.0,1021699958.0,0.0219892531306143
2022-11-18,26.03,27.28,26.03,26.13,24205404.0,658835255.0,1021699958.0,0.023691303704643982
2022-11-21,25.79,25.84,24.98,25.18,13690952.0,353558763.0,1021699958.0,0.01340016889772643
2022-11-22,25.02,25.41,24.47,24.7,13591239.0,345561896.0,1021699958.0,0.013302573709218064
2022-11-23,24.79,24.91,24.2,24.59,10657065.0,267525504.0,1021699958.0,0.010430718839277861
2022-11-24,24.79,24.86,24.13,24.22,9144209.0,228078192.0,1021699958.0,0.008949994495350659
2022-11-25,24.27,24.44,23.94,24.07,9486451.0,234412270.0,1021699958.0,0.00928496759319628
2022-11-28,23.64,24.23,23.42,24.19,9320061.0,227098106.0,1021699958.0,0.00912211156222833
2022-11-29,24.13,25.21,24.13,24.96,12121183.0,308255717.0,1021699958.0,0.011863740333049912
2022-11-30,24.89,25.01,24.41,24.6,9214287.0,232616466.0,1021699958.0,0.0090185841037296
2022-12-01,25.19,26.2,25.02,25.91,20252555.0,534088543.0,1021699958.0,0.019822409545405893
2022-12-02,25.61,25.91,25.49,25.66,8917193.0,234336239.0,1021699958.0,0.008727800104304203
2022-12-05,25.99,26.58,25.78,26.38,16173610.0,435068556.0,1021699958.0,0.015830097548070958
2022-12-06,26.09,27.31,26.01,26.38,18964081.0,517098331.0,1021699958.0,0.018561301536238292
2022-12-07,26.38,26.78,25.7,26.12,14171683.0,380143608.0,1021699958.0,0.013870689617861372
2022-12-08,25.98,26.46,25.8,26.03,13711715.0,365546448.0,1021699958.0,0.013420490910894214
2022-12-09,26.02,26.08,25.28,25.9,12424285.0,326456586.0,1021699958.0,0.012160404728136438
2022-12-12,25.91,26.26,25.6,25.69,10951760.0,289167925.0,1021699958.0,0.010719154791234708
2022-12-13,25.55,26.96,25.41,26.38,21724160.0,588025511.0,1021699958.0,0.02126275902225299
2022-12-14,26.37,27.11,25.62,26.72,20117176.0,545091235.0,1021699958.0,0.019689905869605603
2022-12-15,26.51,27.3,26.48,27.02,17852830.0,492902591.0,1021699958.0,0.017473652475181956
2022-12-16,26.78,27.03,26.31,26.9,12049959.0,329863343.0,1021699958.0,0.011794029064646393
2022-12-19,26.64,27.87,26.63,27.01,19732703.0,552928812.0,1021699958.0,0.019313598718969507
2022-12-20,27.09,27.32,26.03,26.25,11349623.0,308098846.0,1021699958.0,0.011108567550709443
2022-12-21,26.16,27.34,26.13,26.82,13350859.0,367707423.0,1021699958.0,0.013067299157117122
2022-12-22,26.9,29.49,26.9,29.26,40876600.0,1201461404.0,1021699958.0,0.04000841898830733
2022-12-23,28.96,30.14,28.6,29.76,32819344.0,991840208.0,1021699958.0,0.032122291620961384
2022-12-26,29.26,30.64,29.22,29.95,18704441.0,576690864.0,1021699958.0,0.01830717604864578
2022-12-27,29.95,30.89,29.41,30.49,19150190.0,597797582.0,1021699958.0,0.0187434577539642
2022-12-28,30.29,30.74,29.77,29.89,14651334.0,452947851.0,1021699958.0,0.014340153276193049
2022-12-29,29.66,30.16,29.18,29.27,15827597.0,478274811.0,1021699958.0,0.015491433542762268
2022-12-30,29.75,30.15,29.12,29.33,16892261.0,510768526.0,1021699958.0,0.016533485068421623
2023-01-03,29.41,31.39,29.14,31.06,26764475.0,839672184.0,1021699958.0,0.026196022413852344
2023-01-04,30.77,31.51,30.5,30.87,19915570.0,630448183.0,1021699958.0,0.01949258179376376
2023-01-05,30.74,32.73,30.74,32.57,32663350.0,1075306571.0,1021699958.0,0.0319696107886108
2023-01-06,32.24,33.21,32.14,32.42,18692428.0,624839999.0,1021699958.0,0.01829541819360631
2023-01-09,32.26,32.65,31.66,31.7,13072891.0,429726284.0,1021699958.0,0.01279523493921882
2023-01-10,31.74,32.04,31.24,31.72,10389985.0,336061239.0,1021699958.0,0.010169311370373963
2023-01-11,31.65,31.65,30.93,31.05,9973182.0,318341047.0,1021699958.0,0.00976136087890492
2023-01-12,30.87,31.12,30.36,30.68,11204184.0,351093105.0,1021699958.0,0.01096621753996392
2023-01-13,30.69,31.21,30.48,31.15,12758661.0,403971715.0,1021699958.0,0.012487678892514939
2023-01-16,31.16,31.68,30.51,31.31,15423504.0,491413224.0,1021699958.0,0.015095923102700177
2023-01-17,31.31,31.41,30.36,30.87,13913343.0,438716591.0,1021699958.0,0.013617836519476494
2023-01-18,30.63,32.59,30.56,32.44,18493177.0,605457650.0,1021699958.0,0.01810039909975214
2023-01-19,32.07,32.22,31.65,32.14,12609176.0,411645984.0,1021699958.0,0.012341368815050886
2023-01-20,32.19,32.34,30.97,31.34,16978966.0,545554125.0,1021699958.0,0.016618348534766212
2023-01-30,31.65,31.79,30.04,30.37,19207361.0,598940627.0,1021699958.0,0.01879941449503319
2023-01-31,30.37,30.65,29.56,29.78,14032425.0,429313282.0,1021699958.0,0.013734389328417689
2023-02-01,29.79,30.68,29.45,30.48,17200406.0,528957262.0,1021699958.0,0.016835085354872843
2023-02-02,30.52,33.63,30.26,32.55,37185291.0,1227630158.0,1021699958.0,0.036395509962426756
2023-02-03,32.55,33.79,32.55,33.66,20543070.0,698615602.0,1021699958.0,0.02010675427667973
2023-02-06,33.25,34.14,32.74,33.95,19992600.0,689158531.0,1021699958.0,0.01956797574812076
2023-02-07,33.88,34.67,33.33,34.16,13432009.0,468699980.0,1021699958.0,0.013146725606501396
2023-02-08,34.07,34.07,32.74,33.26,14012014.0,476436615.0,1021699958.0,0.013714411839096895
2023-02-09,33.08,33.38,32.63,33.21,7780264.0,263104908.0,1021699958.0,0.0076150184201142935
2023-02-10,33.19,34.18,33.0,33.75,10746974.0,371720885.0,1021699958.0,0.010518718255638805
2023-02-13,33.7,34.53,33.32,34.22,11943705.0,415447795.0,1021699958.0,0.011690031800901767
2023-02-14,34.19,34.51,33.41,33.53,7264731.0,251470173.0,1021699958.0,0.007110434862130042
2023-02-15,33.36,33.74,33.2,33.51,7697606.0,263391374.0,1021699958.0,0.007534115999249165
2023-02-16,33.32,35.32,33.31,34.13,15646181.0,554719738.0,1021699958.0,0.01531387065007592
2023-02-17,34.02,34.51,32.77,32.88,10723502.0,365613902.0,1021699958.0,0.010495744779114496
2023-02-20,32.86,34.28,32.34,33.9,15752595.0,542121693.0,1021699958.0,0.015418024515569178
2023-02-21,33.61,33.9,32.27,32.6,13934161.0,466463778.0,1021699958.0,0.01363821236449537
2023-02-22,32.22,32.74,31.97,32.14,9978347.0,329261191.0,1021699958.0,0.009766416179102946
2023-02-23,32.52,32.53,31.68,32.16,7163256.0,234733584.0,1021699958.0,0.007011115096864867
2023-02-24,32.04,32.1,31.57,31.9,5714945.0,186070931.0,1021699958.0,0.005593564877096726
2023-02-27,31.59,31.82,31.34,31.54,6017169.0,194142666.0,1021699958.0,0.005889369920087635
2023-02-28,31.75,33.32,31.75,32.75,12896132.0,432229647.0,1021699958.0,0.012622230136178591
2023-03-01,32.91,34.19,32.54,34.0,14773210.0,509372818.0,1021699958.0,0.014459440743169728
2023-03-02,33.73,35.37,33.69,35.04,15154963.0,540202589.0,1021699958.0,0.014833085664079081
2023-03-03,35.04,35.37,34.41,35.07,7145758.0,255598171.0,1021699958.0,0.0069939887381301035
2023-03-06,34.9,35.32,34.15,34.4,11164081.0,396280237.0,1021699958.0,0.010926966290430247
2023-03-07,34.44,36.23,33.85,34.1,13458673.0,480888733.0,1021699958.0,0.01317282328791091
2023-03-08,34.1,34.95,33.7,34.8,9236761.0,327198590.0,1021699958.0,0.009040580776846817
2023-03-09,34.97,36.22,34.71,35.27,12031726.0,438268405.0,1021699958.0,0.011776183316628852
2023-03-10,34.99,35.25,34.2,34.3,11376736.0,402685625.0,1021699958.0,0.011135104695776056
2023-03-13,34.17,35.49,34.12,35.27,10987993.0,393734923.0,1021699958.0,0.010754618235973344
2023-03-14,35.08,36.07,34.39,34.52,8105934.0,290883175.0,1021699958.0,0.007933771491845359
2023-03-15,34.7,34.97,33.8,33.96,7521498.0,262793486.0,1021699958.0,0.007361748369573683
2023-03-16,33.95,34.86,33.76,34.39,8955466.0,315226357.0,1021699958.0,0.008765260221337896
2023-03-17,34.66,36.14,34.55,35.86,19433822.0,708584025.0,1021699958.0,0.01902106567376408
2023-03-20,36.15,38.59,36.1,36.99,22077655.0,846712877.0,1021699958.0,0.02160874611683208
2023-03-21,37.0,37.42,35.88,36.15,16361622.0,612590004.0,1021699958.0,0.016014116347844658
2023-03-22,36.24,36.59,35.22,35.95,16431110.0,603497688.0,1021699958.0,0.016082128487275516
2023-03-23,35.66,36.85,35.52,35.83,11587269.0,428311743.0,1021699958.0,0.011341166170430635
2023-03-24,35.9,37.42,35.89,37.21,18259312.0,688765583.0,1021699958.0,0.01787150117510331
2023-03-27,37.09,39.94,37.03,39.25,35452940.0,1406831022.0,1021699958.0,0.03469995248839973
2023-03-28,38.52,39.27,37.33,38.31,15923321.0,622836402.0,1021699958.0,0.015585124453925053
2023-03-29,38.31,38.77,36.05,36.34,21875772.0,825671980.0,1021699958.0,0.02141115092421292
2023-03-30,36.05,36.57,35.23,35.84,13804887.0,506195339.0,1021699958.0,0.01351168402416632
2023-03-31,35.78,36.53,34.91,36.38,12521499.0,459626216.0,1021699958.0,0.01225555399308336
2023-04-03,36.54,42.99,36.54,40.84,52008761.0,2113105363.0,1021699958.0,0.0509041432298855
2023-04-04,41.13,41.52,39.1,39.75,26856362.0,1106175171.0,1021699958.0,0.02628595781933075
2023-04-06,38.55,39.27,37.91,38.57,18932829.0,747563028.0,1021699958.0,0.018530713299686755
2023-04-07,38.65,39.47,37.2,37.61,28838630.0,1127200366.0,1021699958.0,0.028226124288438112
2023-04-10,37.91,39.25,37.25,37.4,24892073.0,973895317.0,1021699958.0,0.024363388492964978
2023-04-11,37.28,39.86,36.93,38.34,29285563.0,1151067947.0,1021699958.0,0.02866356484669641
2023-04-12,37.85,40.28,37.85,39.22,32651038.0,1308275180.0,1021699958.0,0.03195756028405357
2023-04-13,39.08,41.1,38.31,38.69,33123509.0,1350930673.0,1021699958.0,0.03241999643891539
2023-04-14,38.37,38.58,35.96,37.5,29612561.0,1120866464.0,1021699958.0,0.028983617712941123
2023-04-17,36.66,36.66,33.68,34.07,57952686.0,2057339880.0,1021699958.0,0.05672182478449314
2023-04-18,33.9,34.13,32.81,33.53,25956361.0,887508259.0,1021699958.0,0.02540507200451505
2023-04-19,33.26,34.71,33.22,33.31,23447411.0,814550420.0,1021699958.0,0.022949409771826575
2023-04-20,33.22,34.01,33.05,33.51,17295843.0,592637447.0,1021699958.0,0.01692849536164902
2023-04-21,33.22,33.51,31.73,31.89,21367288.0,705623095.0,1021699958.0,0.020913466652016835
2023-04-24,31.91,34.78,31.72,34.07,38857258.0,1346573287.0,1021699958.0,0.038031965936520085
2023-04-25,34.08,34.35,32.55,33.03,27762652.0,946908831.0,1021699958.0,0.02717299906162862
2023-04-26,32.79,33.78,31.93,33.32,35747688.0,1208334850.0,1021699958.0,0.03498844031468581
2023-04-27,32.73,34.5,32.53,33.67,28364353.0,969188998.0,1021699958.0,0.02776192049133861
2023-04-28,33.31,35.05,32.98,35.05,32181589.0,1129349848.0,1021699958.0,0.031498081944719036
2023-05-04,34.53,37.51,33.91,36.47,37153213.0,1359832792.0,1021699958.0,0.03636411326934791
2023-05-05,35.93,36.52,34.78,34.82,24437888.0,887476697.0,1021699958.0,0.023918849960449934
2023-05-08,34.95,35.03,32.96,33.27,26900350.0,923964789.0,1021699958.0,0.026329011555073393
2023-05-09,33.28,33.79,32.24,32.34,19602106.0,659499421.0,1021699958.0,0.019185775477931457
2023-05-10,32.24,33.27,31.75,32.16,17027470.0,565102381.0,1021699958.0,0.01666582235486399
2023-05-11,32.34,34.92,32.23,34.02,32447245.0,1117969376.0,1021699958.0,0.03175809565806011
2023-05-12,34.34,34.34,32.24,32.36,23325986.0,790976813.0,1021699958.0,0.02283056372602885
2023-05-15,31.9,32.18,29.24,30.45,42418132.0,1315447312.0,1021699958.0,0.04151721028063309
2023-05-16,30.53,30.76,29.2,29.4,24884384.0,757296824.0,1021699958.0,0.02435586280018228
2023-05-17,29.12,29.77,28.99,29.45,14585702.0,439440974.0,1021699958.0,0.014275915238904218
2023-05-18,29.34,29.65,29.04,29.41,17395605.0,522025559.0,1021699958.0,0.017026138509442908
2023-05-19,29.26,29.42,28.53,28.84,15798501.0,467726497.0,1021699958.0,0.015462955514773545
2023-05-22,28.68,28.95,27.97,28.61,20860227.0,606822649.0,1021699958.0,0.020417175156622645
2023-05-23,28.57,29.21,28.44,28.6,12861308.0,378881647.0,1021699958.0,0.012588145765588844
2023-05-24,28.56,28.66,28.07,28.17,9945572.0,287994986.0,1021699958.0,0.009734337289656617
2023-05-25,28.11,28.29,27.26,27.89,14536204.0,412113037.0,1021699958.0,0.014227468530443065
2023-05-26,27.89,28.27,27.49,28.21,11620267.0,332715994.0,1021699958.0,0.011373463323564119
2023-05-29,28.15,28.41,27.37,27.58,12954833.0,368400804.0,1021699958.0,0.012679684381468869
2023-05-30,27.46,28.43,27.06,28.33,19492418.0,552023301.0,1021699958.0,0.019078417149156816
2023-05-31,28.14,28.86,27.9,28.59,21692284.0,631399500.0,1021699958.0,0.021231560038881787
2023-06-01,28.3,29.57,28.06,29.19,25022250.0,744442856.0,1021699958.0,0.024490800654412868
2023-06-02,29.24,29.56,28.94,29.37,16669059.0,500250576.0,1021699958.0,0.016315023671558182
2023-06-05,29.26,31.98,29.26,31.21,39017162.0,1243269029.0,1021699958.0,0.03818847372410286
2023-06-06,30.76,31.48,30.48,30.78,24905420.0,788588716.0,1021699958.0,0.02437645201508367
2023-06-07,30.9,31.88,30.6,31.14,20028176.0,640278678.0,1021699958.0,0.01960279614692908
2023-06-08,31.13,31.13,29.81,30.39,17435171.0,540266524.0,1021699958.0,0.01706486416435773
2023-06-09,30.49,31.46,30.09,31.12,21886927.0,690165811.0,1021699958.0,0.021422069002375352
2023-06-12,31.42,33.95,31.22,33.51,38666690.0,1296649120.0,1021699958.0,0.03784544542381199
2023-06-13,33.5,38.08,33.45,37.18,63991017.0,2351472247.0,1021699958.0,0.06263190724335921
2023-06-14,37.0,38.59,36.8,37.48,47009081.0,1807772463.0,1021699958.0,0.04601065178863402
2023-06-15,37.84,39.01,37.51,37.88,35995718.0,1402905462.0,1021699958.0,0.03523120238789322
2023-06-16,37.57,38.25,36.59,37.55,30230903.0,1157924847.0,1021699958.0,0.029588826703269767
2023-06-19,37.92,39.52,37.25,39.38,35375684.0,1400813405.0,1021699958.0,0.03462433733407279
2023-06-20,39.06,39.91,38.11,39.27,26263614.0,1044147791.0,1021699958.0,0.025705799236217644
2023-06-21,39.05,39.08,36.54,36.63,31233445.0,1194615095.0,1021699958.0,0.03057007564250091
2023-06-26,36.65,37.24,34.87,35.22,27601611.0,1014944175.0,1021699958.0,0.027015378422869624
2023-06-27,35.35,35.58,34.45,35.41,20435696.0,737496218.0,1021699958.0,0.020001660800694678
2023-06-28,35.22,35.22,33.03,34.1,23688130.0,819865673.0,1021699958.0,0.023185016123882428
2023-06-29,34.47,34.56,33.23,33.85,17899537.0,618870414.0,1021699958.0,0.017519367461890412
2023-06-30,33.84,34.22,32.84,33.42,14559893.0,497121491.0,1021699958.0,0.014250654398088954
2023-07-03,33.65,33.84,32.11,33.08,24738582.0,829807658.0,1021699958.0,0.02421315749921955
2023-07-04,32.89,33.25,32.33,33.01,16722502.0,561160807.0,1021699958.0,0.016367331591884044
2023-07-05,32.8,33.61,32.47,32.59,13887927.0,468015422.0,1021699958.0,0.013592960331706308
2023-07-06,32.51,33.95,32.15,32.89,18166386.0,617493034.0,1021699958.0,0.017780548837019725
2023-07-07,32.44,33.02,31.76,32.54,10792876.0,357431506.0,1021699958.0,0.010563645339799456
2023-07-10,32.54,33.08,32.33,32.91,9239551.0,310480714.0,1021699958.0,0.009043311519838587
2023-07-11,32.95,33.24,32.34,32.46,9520339.0,317371461.0,1021699958.0,0.009318135843556528
2023-07-12,32.34,32.68,31.69,32.03,11103750.0,363613674.0,1021699958.0,0.010867916664825781
2023-07-13,32.05,34.76,31.83,34.42,25337921.0,867957068.0,1021699958.0,0.024799767095615363
2023-07-14,34.43,34.76,33.66,34.1,15332926.0,532986103.0,1021699958.0,0.015007268895277766
2023-07-17,33.83,34.57,32.76,32.96,12179371.0,414680249.0,1021699958.0,0.011920692473983639
2023-07-18,33.23,33.23,32.49,32.76,7254565.0,242834689.0,1021699958.0,0.0071004847785263395
2023-07-19,32.78,33.95,32.61,33.51,9963057.0,339234859.0,1021699958.0,0.009751450924499304
2023-07-20,33.5,33.54,32.28,32.41,9044275.0,302139023.0,1021699958.0,0.008852183000676994
2023-07-21,32.41,32.75,31.67,32.02,7873701.0,257659893.0,1021699958.0,0.0077064709050325714
2023-07-24,31.75,32.67,31.48,32.5,8665639.0,284628346.0,1021699958.0,0.008481588877583178
2023-07-25,32.85,34.42,32.66,33.82,20570903.0,705820164.0,1021699958.0,0.020133996129615188
2023-07-26,34.33,34.42,32.12,34.11,17010134.0,574180173.0,1021699958.0,0.016648854555399717
2023-07-27,33.34,33.69,32.46,32.89,14354025.0,481853349.0,1021699958.0,0.014049158843167927
2023-07-28,32.75,33.63,32.23,32.98,13661862.0,461453276.0,1021699958.0,0.013371696742303282
2023-07-31,33.08,35.18,32.82,33.7,20744176.0,719181656.0,1021699958.0,0.0203035889720571
2023-08-01,33.93,34.38,33.13,33.27,10955493.0,374517653.0,1021699958.0,0.010722808505782477
2023-08-02,33.05,33.29,31.49,31.78,21827569.0,714261306.0,1021699958.0,0.021363971711154752
2023-08-03,31.82,32.47,31.73,31.89,8384374.0,273291981.0,1021699958.0,0.008206297684902126
2023-08-04,32.17,34.13,31.89,33.84,25144919.0,856438359.0,1021699958.0,0.024610864278806203
2023-08-07,33.64,34.35,33.16,34.22,15665450.0,541643535.0,1021699958.0,0.015332730394415853
2023-08-08,34.03,34.49,33.51,33.66,9734696.0,337087132.0,1021699958.0,0.00952794010000341
2023-08-09,33.64,33.81,32.8,32.93,8807369.0,298223259.0,1021699958.0,0.008620308664043225
2023-08-10,32.93,33.29,32.58,32.83,5102342.0,171185442.0,1021699958.0,0.004993972995739323
2023-08-11,32.83,33.33,32.27,32.28,5608229.0,186816552.0,1021699958.0,0.005489115425802924
2023-08-14,31.87,32.68,31.75,32.63,6601139.0,217379321.0,1021699958.0,0.0064609369397664205
2023-08-15,32.63,32.66,31.39,31.63,10558410.0,341755402.0,1021699958.0,0.010334159179832323
2023-08-16,31.45,31.58,29.67,30.02,22926112.0,707964298.0,1021699958.0,0.022439182678325998
2023-08-17,30.24,30.69,29.6,30.51,12506479.0,385934248.0,1021699958.0,0.012240853003930534
2023-08-18,30.1,30.25,28.64,28.66,25069543.0,744868082.0,1021699958.0,0.024537089195025688
2023-08-21,28.58,29.18,28.36,28.36,10046176.0,294318883.0,1021699958.0,0.009832804554152677
2023-08-22,28.62,28.93,27.89,28.75,14921483.0,431676832.0,1021699958.0,0.014604564562387894
2023-08-23,28.73,28.73,28.15,28.2,8019375.0,232499243.0,1021699958.0,0.007849050924596397
2023-08-24,28.44,29.16,28.21,28.64,10838854.0,317352222.0,1021699958.0,0.010608646809790708
2023-08-25,28.34,28.59,27.94,28.11,9158652.0,263198294.0,1021699958.0,0.008964130739447481
2023-08-28,29.79,30.2,28.16,28.23,14205920.0,418099461.0,1021699958.0,0.013904199455785825
2023-08-29,28.12,29.21,28.0,28.96,11490554.0,337741915.0,1021699958.0,0.011246505307187259
2023-08-30,29.18,29.62,28.91,29.36,10190591.0,305109283.0,1021699958.0,0.009974152313706956
2023-08-31,29.18,29.48,28.93,28.97,7073709.0,210006506.0,1021699958.0,0.006923469991960203
2023-09-01,28.84,29.17,28.66,28.9,5900448.0,173588208.0,1021699958.0,0.005775127965699691
2023-09-04,28.9,29.26,28.75,29.13,8181742.0,242233684.0,1021699958.0,0.008007969400347181
2023-09-05,29.07,29.08,28.65,28.79,7247975.0,213042829.0,1021699958.0,0.00709403474400456
2023-09-06,28.59,28.65,28.2,28.32,7328400.0,211912895.0,1021699958.0,0.007172751591715344
2023-09-07,28.29,28.34,27.62,27.68,9457516.0,269076334.0,1021699958.0,0.009256647145717119
2023-09-08,27.64,27.75,27.11,27.46,6889502.0,192297482.0,1021699958.0,0.006743175377521156
2023-09-11,27.71,28.64,27.65,28.44,11387245.0,327564022.0,1021699958.0,0.01114539049437839
2023-09-12,28.43,28.47,27.82,27.93,7751818.0,222347076.0,1021699958.0,0.007587176586729389
2023-09-13,27.87,27.95,27.18,27.39,6204370.0,173652768.0,1021699958.0,0.006072594944747957
2023-09-14,27.27,27.46,27.04,27.28,5971312.0,165765509.0,1021699958.0,0.005844486880168786
2023-09-15,27.29,27.65,27.01,27.12,8456867.0,235929713.0,1021699958.0,0.00827725100092448
2023-09-18,27.12,27.51,26.76,27.14,5995956.0,166421221.0,1021699958.0,0.005868607464501824
2023-09-19,27.28,27.28,26.41,26.48,10637841.0,288960710.0,1021699958.0,0.010411903139179732
2023-09-20,26.36,26.68,26.29,26.29,5264446.0,142074097.0,1021699958.0,0.005152634057365792
2023-09-21,26.3,26.43,25.94,25.97,7438300.0,198370382.0,1021699958.0,0.0072803174178069216
2023-09-22,26.01,27.04,25.9,26.86,8223671.0,223533205.0,1021699958.0,0.008049007867337116
2023-09-25,26.97,27.0,26.09,26.4,8281200.0,223005914.0,1021699958.0,0.008105315004818665
2023-09-26,26.45,27.46,26.38,27.25,14511250.0,401296368.0,1021699958.0,0.014203044530222052
2023-09-27,27.18,27.95,26.97,27.73,10674931.0,300039719.0,1021699958.0,0.010448205382034477
2023-09-28,27.84,27.87,27.42,27.76,7952414.0,224568380.0,1021699958.0,0.0077835121140329925
2023-10-09,27.62,27.72,26.92,27.16,10521324.0,291873638.0,1021699958.0,0.010297860852021294
2023-10-10,27.25,27.6,27.18,27.36,5720430.0,159787154.0,1021699958.0,0.0055989333807920155
2023-10-11,27.49,28.38,27.29,28.15,10553471.0,301698495.0,1021699958.0,0.010329325079604242
2023-10-12,28.24,28.34,27.62,27.78,5246712.0,148828492.0,1021699958.0,0.0051352767110517976
2023-10-13,27.62,27.73,26.77,26.94,9627955.0,265322981.0,1021699958.0,0.009423466179686386
2023-10-16,26.99,27.09,26.28,26.48,5953200.0,161398506.0,1021699958.0,0.005826759562223649
2023-10-17,26.48,26.76,26.35,26.43,4652109.0,125823091.0,1021699958.0,0.00455330252641549
2023-10-18,26.4,26.47,25.68,25.98,4930700.0,130632284.0,1021699958.0,0.00482597651237253
2023-10-19,25.88,26.21,25.72,25.79,4179424.0,110840356.0,1021699958.0,0.004090656916714877
2023-10-20,25.77,25.92,25.29,25.39,6541841.0,170129263.0,1021699958.0,0.0064028983742015575
2023-10-23,25.3,25.38,24.58,24.85,6544500.0,165997014.0,1021699958.0,0.006405500899511635
2023-10-24,25.01,25.69,24.85,25.4,9249983.0,239042545.0,1021699958.0,0.00905352195384939
2023-10-25,25.7,25.71,23.85,23.96,27448049.0,680884962.0,1021699958.0,0.02686507793709824
2023-10-26,23.9,24.37,23.76,24.08,12877827.0,316139663.0,1021699958.0,0.012604313917374165
2023-10-27,23.93,24.86,23.59,24.64,12523855.0,310043290.0,1021699958.0,0.012257859953831964
2023-10-30,24.52,24.96,24.29,24.87,11774496.0,296290810.0,1021699958.0,0.01152441664287511
2023-10-31,25.11,25.47,24.52,24.8,11741331.0,297547739.0,1021699958.0,0.01149195603666649
2023-11-01,24.81,25.38,24.54,24.76,10323623.0,262157726.0,1021699958.0,0.010104358837606998
2023-11-02,24.83,25.7,24.68,25.06,17408746.0,448598959.0,1021699958.0,0.017039000406810233
2023-11-03,24.72,25.59,24.32,25.24,11059473.0,282436582.0,1021699958.0,0.010824580067174672
2023-11-06,25.5,27.91,25.42,27.75,35679822.0,982636946.0,1021699958.0,0.03492201572548171
2023-11-07,27.75,28.13,27.32,27.66,17662669.0,499208449.0,1021699958.0,0.017287530318171943
2023-11-08,27.35,29.46,27.35,28.69,38042995.0,1116918342.0,1021699958.0,0.03723499712623067
2023-11-09,28.34,28.76,28.04,28.49,18597808.0,538121198.0,1021699958.0,0.01820280783450908
2023-11-10,28.26,28.69,27.67,28.2,12772582.0,365883457.0,1021699958.0,0.012501304223406848
2023-11-13,28.52,28.73,27.96,28.19,12489159.0,360419264.0,1021699958.0,0.012223900864641124
2023-11-14,27.95,28.33,27.75,27.92,9678136.0,275909724.0,1021699958.0,0.009472581381862012
2023-11-15,28.19,28.2,27.54,27.81,10702938.0,302867365.0,1021699958.0,0.010475617539371573
2023-11-16,27.72,28.04,27.27,27.58,12496125.0,351569691.0,1021699958.0,0.012230718913272189
2023-11-17,27.41,27.83,27.2,27.43,10373200.0,289607024.0,1021699958.0,0.01015288286818154
2023-11-20,27.34,27.64,27.04,27.18,14114580.0,391628933.0,1021699958.0,0.013814799432535555
2023-11-21,27.24,27.82,27.08,27.36,20374805.0,570480756.0,1021699958.0,0.01994206306897
2023-11-22,27.15,27.88,27.08,27.53,21024391.0,590152380.0,1021699958.0,0.020577852465762752
2023-11-23,27.12,27.2,26.31,26.98,17553915.0,478779038.0,1021699958.0,0.01718108615210494
2023-11-24,26.92,27.26,26.25,26.42,15340724.0,416837001.0,1021699958.0,0.015014901273001716
2023-11-27,26.07,26.1,25.43,25.77,15551789.0,407191444.0,1021699958.0,0.015221483448470494
2023-11-28,25.74,25.74,25.25,25.51,14074629.0,364722810.0,1021699958.0,0.013775696954663083
2023-11-29,25.6,25.67,25.2,25.34,9426330.0,244653605.0,1021699958.0,0.009226123507386892
2023-11-30,25.25,25.65,25.16,25.31,7884278.0,203786011.0,1021699958.0,0.007716823259378073
2023-12-01,25.34,26.63,25.23,26.38,23974016.0,636029349.0,1021699958.0,0.023464830170816155
2023-12-04,26.23,26.97,25.98,26.54,16487978.0,446051458.0,1021699958.0,0.016137788663783032
2023-12-05,26.44,28.69,25.8,27.06,33593095.0,920524578.0,1021699958.0,0.03287960886849718
2023-12-06,26.58,28.49,26.2,28.15,41189589.0,1159420905.0,1021699958.0,0.04031476039269838
2023-12-07,28.01,29.4,27.51,29.19,38377638.0,1115242485.0,1021699958.0,0.037562532619777204
2023-12-08,28.9,30.35,28.74,29.68,36167930.0,1085830243.0,1021699958.0,0.035399756764989514
2023-12-11,29.4,30.72,29.18,29.66,30556003.0,930999022.0,1021699958.0,0.029907021881271333
2023-12-12,29.75,30.13,29.25,29.62,23256142.0,700465426.0,1021699958.0,0.022762203147707286
2023-12-13,29.51,30.71,29.43,30.1,27810691.0,855723731.0,1021699958.0,0.027220017757894437
2023-12-14,29.85,30.01,28.34,28.54,39080268.0,1159846650.0,1021699958.0,0.038250239411285164
2023-12-15,28.96,29.41,27.81,28.72,33581924.0,982973462.0,1021699958.0,0.03286867513015988
2023-12-18,28.22,28.76,27.9,27.99,15954945.0,457668510.0,1021699958.0,0.01561607678954216
2023-12-19,27.98,28.49,27.61,28.1,16244567.0,464534840.0,1021699958.0,0.015899547487306445
2023-12-20,28.13,28.33,27.08,27.18,14437720.0,403301347.0,1021699958.0,0.014131076239116377
2023-12-21,26.87,27.4,26.68,27.17,13798974.0,380718757.0,1021699958.0,0.01350589661079344
2023-12-22,27.06,27.12,24.81,25.11,39502424.0,1038092531.0,1021699958.0,0.03866342921000688
2023-12-25,25.11,25.77,24.69,25.29,22223899.0,571075869.0,1021699958.0,0.021751884030125408
2023-12-26,25.52,25.69,24.47,24.55,17372862.0,439888283.0,1021699958.0,0.017003878549635802
2023-12-27,24.69,24.85,23.93,24.03,17154731.0,422202488.0,1021699958.0,0.016790380449443063
2023-12-28,23.93,24.55,23.74,24.33,30980062.0,765844429.0,1021699958.0,0.030322074262040834
2023-12-29,24.23,25.16,24.17,24.71,32015585.0,808243936.0,1021699958.0,0.031335603715469666
2024-01-02,24.89,25.11,24.43,24.49,21644915.0,544225276.0,1021699958.0,0.021185197112438367
2024-01-03,24.35,25.2,24.15,25.0,27790231.0,702397795.0,1021699958.0,0.027199992309288126
2024-01-04,24.87,24.87,24.34,24.53,15766638.0,394196113.0,1021699958.0,0.015431769255294419
2024-01-05,24.43,24.44,23.55,23.69,18234558.0,445874411.0,1021699958.0,0.017847272927068086
2024-01-08,23.54,23.75,22.97,23.09,16858466.0,399405363.0,1021699958.0,0.016500407842827768
2024-01-09,23.17,23.28,22.32,22.67,24594478.0,570382193.0,1021699958.0,0.024072114134314176
2024-01-10,22.56,22.56,21.89,22.06,17564462.0,396746705.0,1021699958.0,0.017191409143622573
2024-01-11,22.1,22.7,21.87,22.53,21878637.0,498646959.0,1021699958.0,0.02141395507427436
2024-01-12,22.46,22.51,21.91,22.01,21253035.0,479549111.0,1021699958.0,0.02080164027960154
2024-01-15,21.97,22.23,21.58,21.61,19946080.0,444291802.0,1021699958.0,0.01952244378970602
2024-01-16,21.52,21.7,21.19,21.68,17438041.0,380676837.0,1021699958.0,0.01706767320822382
2024-01-17,21.58,21.67,21.12,21.13,10240324.0,223711489.0,1021699958.0,0.010022829030986414
2024-01-18,21.03,21.41,20.53,21.31,19904919.0,424353952.0,1021699958.0,0.01948215701110952
2024-01-19,21.79,22.31,21.41,21.82,29635206.0,662653400.0,1021699958.0,0.029005781754177187
2024-01-22,21.6,21.85,20.55,20.72,19329363.0,417157200.0,1021699958.0,0.018918825285886915
2024-01-23,20.61,21.61,20.55,21.45,20859401.0,450486819.0,1021699958.0,0.020416366700095334
2024-01-24,22.31,22.51,21.5,22.16,32019571.0,715679527.0,1021699958.0,0.031339505056532456
2024-01-25,21.94,22.83,21.72,22.77,29697568.0,677280616.0,1021699958.0,0.02906681924322835
2024-01-26,22.63,22.96,22.31,22.38,22091441.0,507907115.0,1021699958.0,0.02162223931499858
2024-01-29,22.33,22.57,21.8,21.97,16970698.0,381805085.0,1021699958.0,0.016610256139405654
2024-01-30,21.9,22.04,21.2,21.27,15047068.0,330946914.0,1021699958.0,0.014727482253650049
2024-01-31,21.16,21.71,20.99,20.99,18061014.0,393704381.0,1021699958.0,0.01767741484041443
2024-02-01,20.93,21.82,20.21,21.32,18894957.0,407420234.0,1021699958.0,0.018493645665785572
2024-02-02,21.3,21.77,19.61,20.56,23018371.0,488500160.0,1021699958.0,0.022529482182869973
2024-02-05,20.31,20.48,18.85,20.01,23824030.0,479958990.0,1021699958.0,0.0233180297341267
2024-02-06,19.64,21.94,19.48,21.93,24633993.0,527480284.0,1021699958.0,0.024110789872421625
2024-02-07,21.9,22.38,21.67,22.35,25109563.0,565368356.0,1021699958.0,0.024576259207402258
2024-02-08,22.56,23.08,22.03,23.07,24204549.0,558953807.0,1021699958.0,0.023690466864049728
2024-02-19,23.71,23.81,23.05,23.49,26087780.0,623819655.0,1021699958.0,0.025533699787036696
2024-02-20,23.49,23.56,22.82,23.26,20621713.0,487155352.0,1021699958.0,0.020183726972415123
2024-02-21,22.76,23.74,22.61,23.12,25883521.0,612747426.0,1021699958.0,0.02533377905845035
2024-02-22,22.82,23.56,22.77,23.43,18217002.0,432704576.0,1021699958.0,0.017830089800199445
2024-02-23,23.54,23.68,23.01,23.68,24784633.0,592367750.0,1021699958.0,0.024258230418758617
2024-02-26,23.55,23.71,23.01,23.33,24893253.0,592188824.0,1021699958.0,0.024364543430861137
2024-02-27,23.16,24.4,23.11,24.34,27930975.0,679650273.0,1021699958.0,0.02733774703747223
2024-02-28,24.34,24.61,22.86,22.87,38491399.0,935949910.0,1021699958.0,0.037673877441815454
2024-02-29,23.05,24.31,22.95,24.3,36030555.0,875354287.0,1021699958.0,0.03526529948237504
2024-03-01,24.39,25.31,24.08,25.14,36614966.0,920592310.0,1021699958.0,0.035837298135623495
2024-03-04,25.01,25.15,24.31,24.71,28373130.0,713278713.0,1021699958.0,0.027770511076012003
2024-03-05,24.52,24.81,24.16,24.4,20177071.0,503335082.0,1021699958.0,0.01974852875544505
2024-03-06,24.25,24.67,24.05,24.33,15823769.0,393431719.0,1021699958.0,0.015487686845926248
2024-03-07,24.37,24.5,23.41,23.49,22106007.0,538018063.0,1021699958.0,0.021636495946689663
2024-03-08,23.49,23.84,23.34,23.7,14134397.0,339975749.0,1021699958.0,0.013834195537864552
2024-03-11,23.67,24.17,23.48,24.05,20068749.0,488392317.0,1021699958.0,0.019642507414099356
2024-03-12,24.17,24.43,23.84,24.39,21135793.0,521613902.0,1021699958.0,0.02068688839076961
2024-03-13,24.39,24.89,24.19,24.48,27681127.0,693067317.0,1021699958.0,0.02709320557689599
2024-03-14,24.17,24.36,23.72,24.04,18888989.0,463161014.0,1021699958.0,0.0184878044205616
2024-03-15,23.93,24.07,23.54,23.94,14585499.0,354037744.0,1021699958.0,0.014275716550435642
2024-03-18,24.06,24.71,23.87,24.62,23136012.0,573403150.0,1021699958.0,0.022644624597312552
2024-03-19,24.76,25.41,24.5,24.51,37215018.0,948922268.0,1021699958.0,0.03642460558856165
2024-03-20,24.51,26.07,24.51,26.07,52519032.0,1366750053.0,1021699958.0,0.05140357654786162
2024-03-21,26.36,26.6,25.68,25.7,37907477.0,1003621359.0,1021699958.0,0.03710235740266126
2024-03-22,25.71,26.57,25.25,26.27,41866525.0,1106866350.0,1021699958.0,0.04097731890089791
2024-03-25,26.91,26.97,24.9,24.93,40651442.0,1067240496.0,1021699958.0,0.03978804313506686
2024-03-26,24.71,24.97,24.06,24.62,25063044.0,625027619.0,1021699958.0,0.024530728227748443
2024-03-27,24.52,24.69,23.65,23.68,21004189.0,515643692.0,1021699958.0,0.02055807953747611
2024-03-28,23.64,24.32,23.62,24.0,18483288.0,453098239.0,1021699958.0,0.01809072013292576
2024-03-29,23.93,24.08,23.29,23.84,14593613.0,351326878.0,1021699958.0,0.01428365821661314
2024-04-01,23.97,24.84,23.87,24.79,18149144.0,452394839.0,1021699958.0,0.017763673041082773
2024-04-02,24.7,24.79,24.06,24.36,13966626.0,346357318.0,1021699958.0,0.013669987838053723
2024-04-03,24.18,24.22,23.51,23.66,14870700.0,359622249.0,1021699958.0,0.014554860146133039
2024-04-08,23.6,23.6,23.1,23.1,12104451.0,287401029.0,1021699958.0,0.011847363705186723
2024-04-09,23.24,23.68,23.03,23.58,9645814.0,229945950.0,1021699958.0,0.0094409458711165
2024-04-10,23.54,23.54,22.56,22.69,12916930.0,301837056.0,1021699958.0,0.012642586405978887
2024-04-11,22.55,23.22,22.5,22.82,10987070.0,257516415.0,1021699958.0,0.010753714839635924
2024-04-12,22.75,22.91,22.44,22.5,10148659.0,233992725.0,1021699958.0,0.009933110910434235
2024-04-15,22.41,23.3,22.41,22.85,13893475.0,324051273.0,1021699958.0,0.01359839049734012
2024-04-16,22.64,23.02,22.09,22.19,12647343.0,290500848.0,1021699958.0,0.012378725183426111
2024-04-17,22.39,22.97,22.39,22.97,13006861.0,302612256.0,1021699958.0,0.012730607355080267
2024-04-18,22.86,23.29,22.47,22.89,13326152.0,311493332.0,1021699958.0,0.01304311691084556
2024-04-19,22.71,23.19,22.64,23.09,12587918.0,294981562.0,1021699958.0,0.012320562315223273
2024-04-22,22.31,22.31,21.38,21.77,26969937.0,600044022.0,1021699958.0,0.02639712059183622
2024-04-23,21.81,22.02,21.58,21.6,11517348.0,255039314.0,1021699958.0,0.01127273022751754
2024-04-24,21.62,21.95,21.32,21.92,11349209.0,251110849.0,1021699958.0,0.011108162343684858
2024-04-25,21.82,22.23,21.68,22.04,10440822.0,234048899.0,1021699958.0,0.01021906863971898
2024-04-26,21.96,22.75,21.93,22.6,14469793.0,330840280.0,1021699958.0,0.014162468038390582
2024-04-29,22.83,23.37,22.81,23.19,17483734.0,413066260.0,1021699958.0,0.01711239573135032
2024-04-30,23.09,23.28,22.75,22.99,13104328.0,307076469.0,1021699958.0,0.012826004246542212
2024-05-06,23.43,23.62,23.03,23.15,15117580.0,359124671.0,1021699958.0,0.014796496644272154
2024-05-07,23.05,23.53,23.05,23.15,14040290.0,333369346.0,1021699958.0,0.013742087283123879
2024-05-08,23.0,23.0,22.39,22.48,13595277.0,312970371.0,1021699958.0,0.013306525945849162
2024-05-09,22.44,22.68,22.33,22.47,16967950.0,388901328.0,1021699958.0,0.016607566504372902
2024-05-10,22.45,22.85,22.0,22.07,17197849.0,389077014.0,1021699958.0,0.01683258266317752
2024-05-13,23.64,24.89,23.48,24.65,84716678.0,2088185488.0,1021699958.0,0.08291737445681681
2024-05-14,24.84,25.2,24.28,24.43,47714221.0,1199008776.0,1021699958.0,0.046700815270073644
2024-05-15,24.83,25.81,24.53,25.69,62143383.0,1597487040.0,1021699958.0,0.060823515273160066
2024-05-16,25.69,26.01,25.41,25.7,42892041.0,1123908100.0,1021699958.0,0.04198105389371074
2024-05-17,25.64,26.3,25.26,25.71,44578983.0,1168890817.0,1021699958.0,0.04363216681271509
2024-05-20,24.81,25.89,24.32,25.4,44836943.0,1151447349.0,1021699958.0,0.04388464798194697
2024-05-21,25.39,25.39,24.69,24.81,24150821.0,615642137.0,1021699958.0,0.023637879996859117
2024-05-22,24.79,25.3,24.63,25.21,22529127.0,574200862.0,1021699958.0,0.02205062927094688
2024-05-23,25.01,25.36,24.32,24.62,21544099.0,541443260.0,1021699958.0,0.02108652235062537
2024-05-24,24.51,24.76,24.23,24.25,18259515.0,454333673.0,1021699958.0,0.017871699863571885
2024-05-27,24.14,24.28,22.88,23.21,32872605.0,781030079.0,1021699958.0,0.03217442140679818
2024-05-28,23.21,23.22,22.57,22.78,17360558.0,403061342.0,1021699958.0,0.016991835875166006
2024-05-29,22.64,23.0,22.58,22.75,14002277.0,324842064.0,1021699958.0,0.01370488164393171
2024-05-30,22.56,22.83,22.31,22.61,12457622.0,286587347.0,1021699958.0,0.012193033681224836
2024-05-31,22.67,22.86,22.59,22.67,12703006.0,294526747.0,1021699958.0,0.012433205953014241
2024-06-03,22.75,23.13,22.48,22.95,17045422.0,397488368.0,1021699958.0,0.016683393071060496
2024-06-04,22.85,23.04,22.48,23.03,13529200.0,314237783.0,1021699958.0,0.01324185235994695
2024-06-05,22.88,23.19,22.37,22.42,15160900.0,351415003.0,1021699958.0,0.014838896567714257
2024-06-06,22.36,22.61,21.65,21.83,22107922.0,493944432.0,1021699958.0,0.021638370273868602
2024-06-07,21.93,22.13,21.57,21.88,13752916.0,305833615.0,1021699958.0,0.013460816839927872
2024-06-11,21.68,21.99,21.23,21.97,12180362.0,269158928.0,1021699958.0,0.011921662426064229
2024-06-12,21.81,22.35,21.79,22.2,14394207.0,325255495.0,1021699958.0,0.014088487414814986
2024-06-13,22.06,22.22,21.92,22.0,8748900.0,196542047.0,1021699958.0,0.008563081491288463
2024-06-14,21.92,22.14,21.8,22.08,9244470.0,207135814.0,1021699958.0,0.00904812604484809
2024-06-17,21.9,21.9,21.56,21.6,14603070.0,322619568.0,1021699958.0,0.014292914358718217
2024-06-18,21.58,21.7,21.5,21.64,10028074.0,220865489.0,1021699958.0,0.00981508702381683
2024-06-19,21.62,21.65,20.94,20.98,20140653.0,434630347.0,1021699958.0,0.01971288423993456
2024-06-20,20.97,20.97,20.27,20.29,17082615.0,357305053.0,1021699958.0,0.016719796126290924
2024-06-21,20.29,20.56,20.11,20.29,10287546.0,213187750.0,1021699958.0,0.010069048079573279
2024-06-24,20.05,20.18,19.71,19.72,11941729.0,242044694.0,1021699958.0,0.011688097769306162
2024-06-25,19.79,19.93,19.59,19.73,10525201.0,211855491.0,1021699958.0,0.010301655508142831
2024-06-26,19.73,20.89,19.5,20.73,21510115.0,446201498.0,1021699958.0,0.02105326013921594
2024-06-27,20.61,20.94,20.3,20.36,11427416.0,239991441.0,1021699958.0,0.01118470829965523
2024-06-28,20.28,20.71,20.2,20.5,10502800.0,220248033.0,1021699958.0,0.010279730284573428
2024-07-01,20.39,20.58,19.97,20.4,9925092.0,204999540.0,1021699958.0,0.009714292265831728
2024-07-02,20.35,20.55,19.88,20.01,13992908.0,286985555.0,1021699958.0,0.01369571163278838
2024-07-03,19.94,19.97,19.68,19.84,9470652.0,191285566.0,1021699958.0,0.009269504149279803
2024-07-04,19.94,19.98,19.23,19.57,14853746.0,296064869.0,1021699958.0,0.014538266233343625
2024-07-05,19.52,19.69,18.87,19.56,13791216.0,271373701.0,1021699958.0,0.013498303383506648
2024-07-08,19.5,19.6,19.08,19.15,11246794.0,220314535.0,1021699958.0,0.011007922543146469
2024-07-09,19.24,19.59,18.73,19.46,13370737.0,261261658.0,1021699958.0,0.013086754966862787
2024-07-10,19.45,19.91,19.35,19.49,9220315.0,182985527.0,1021699958.0,0.00902448407460931
2024-07-11,19.89,20.21,19.65,20.07,12002232.0,241849362.0,1021699958.0,0.01174731574179041
2024-07-12,19.99,20.12,19.82,19.87,8359862.0,168594074.0,1021699958.0,0.00818230629701171
2024-07-15,19.73,19.89,19.5,19.71,7195782.0,143180566.0,1021699958.0,0.007042950274839886
2024-07-16,19.64,19.91,19.54,19.88,7034431.0,140487897.0,1021699958.0,0.006885026220192915
2024-07-17,19.79,20.53,19.77,20.27,14296965.0,292781216.0,1021699958.0,0.013993310744562054
2024-07-18,20.28,20.3,19.62,19.88,14672484.0,294275888.0,1021699958.0,0.014360854069840336
2024-07-19,19.74,19.99,19.72,19.93,8934649.0,179597446.0,1021699958.0,0.00874488535507995
2024-07-22,19.87,19.97,19.6,19.8,8336970.0,166359077.0,1021699958.0,0.008159900501826193
2024-07-23,19.79,19.82,19.14,19.14,11309404.0,222132829.0,1021699958.0,0.011069202764908012
2024-07-24,19.1,19.24,18.71,18.8,9297038.0,177623390.0,1021699958.0,0.00909957754936112
2024-07-25,18.7,19.31,18.54,19.01,8587526.0,164734466.0,1021699958.0,0.008405134925140126
2024-07-26,19.05,19.31,18.96,19.23,6350420.0,123002849.0,1021699958.0,0.006215542978421068
2024-07-29,19.17,19.22,18.92,19.11,6335867.0,121999418.0,1021699958.0,0.006201299070622062
2024-07-30,19.02,19.18,18.83,19.17,6108460.0,117290207.0,1021699958.0,0.005978721984052387
2024-07-31,19.16,20.44,19.12,20.36,18587819.0,374876794.0,1021699958.0,0.018193030991589802
2024-08-01,20.39,20.44,20.07,20.13,8729614.0,178215511.0,1021699958.0,0.008544205108012739
2024-08-02,20.0,20.31,19.81,19.84,7223085.0,146439431.0,1021699958.0,0.007069673384483001
2024-08-05,19.74,20.56,19.7,19.91,16999510.0,346522278.0,1021699958.0,0.016638456199290556
2024-08-06,20.14,20.41,20.0,20.28,9187952.0,187698361.0,1021699958.0,0.008992808434665708
2024-08-07,20.17,20.41,20.01,20.25,7366086.0,150691194.0,1021699958.0,0.0072096371760837445
2024-08-08,20.11,20.63,19.94,20.52,10439616.0,214767040.0,1021699958.0,0.010217888254038668
2024-08-09,20.58,20.66,20.14,20.14,8145688.0,167836794.0,1021699958.0,0.007972681153814826
2024-08-12,20.1,20.39,19.86,20.21,6594856.0,134543109.0,1021699958.0,0.006454787384849829
2024-08-13,20.22,20.31,19.9,20.16,4601526.0,93426139.0,1021699958.0,0.004503793862346425
2024-08-14,20.09,20.68,19.91,20.42,12093727.0,250454249.0,1021699958.0,0.011836867472984666
2024-08-15,20.34,20.85,20.24,20.63,9369810.0,194927246.0,1021699958.0,0.009170803939682651
2024-08-16,20.69,20.72,20.33,20.38,7059500.0,145667879.0,1021699958.0,0.006909562777920757
2024-08-19,20.39,20.58,20.19,20.22,5925439.0,121713192.0,1021699958.0,0.005799588180075074
2024-08-20,20.22,20.39,19.89,19.96,6918362.0,140428402.0,1021699958.0,0.006771422417930647
2024-08-21,19.92,20.24,19.62,19.7,7898467.0,158425429.0,1021699958.0,0.007730710898198941
2024-08-22,19.7,19.77,18.61,18.71,17031480.0,325813124.0,1021699958.0,0.01666974718618908
2024-08-23,18.71,18.76,18.3,18.39,8711173.0,162698225.0,1021699958.0,0.008526155777721976
2024-08-26,18.42,18.57,18.22,18.46,6312754.0,117339520.0,1021699958.0,0.006178676969271247
2024-08-27,18.36,18.47,18.06,18.12,6338754.0,116509803.0,1021699958.0,0.0062041247534239405
2024-08-28,18.06,18.4,17.92,18.2,7657280.0,140374083.0,1021699958.0,0.007494646486028337
2024-08-29,18.14,18.69,18.09,18.53,9077656.0,169505353.0,1021699958.0,0.008884855019246267
2024-08-30,18.53,19.45,18.4,19.16,16877636.0,324228749.0,1021699958.0,0.016519170689835733
2024-09-02,19.08,19.09,18.31,18.32,10818360.0,203594442.0,1021699958.0,0.010588588083312811
2024-09-03,18.33,18.7,18.25,18.52,6042282.0,112837232.0,1021699958.0,0.00591394954329635
2024-09-04,18.31,18.59,18.22,18.43,4724200.0,88062897.0,1021699958.0,0.004623862380544406
2024-09-05,18.49,18.91,18.49,18.77,7046143.0,133360799.0,1021699958.0,0.006896489468192774
2024-09-06,18.94,18.96,18.49,18.53,4169129.0,78526889.0,1021699958.0,0.00408058057295134
2024-09-09,18.41,18.66,18.31,18.62,5230000.0,97686290.0,1021699958.0,0.005118919658407189
2024-09-10,18.59,18.84,18.26,18.62,6382996.0,119377967.0,1021699958.0,0.006247427094442535
2024-09-11,18.61,18.71,18.44,18.49,5269851.0,98874004.0,1021699958.0,0.005157924260186766
2024-09-12,18.49,18.75,18.19,18.23,7522242.0,139591589.0,1021699958.0,0.007362476567704821
2024-09-13,18.25,18.36,18.11,18.19,5254044.0,96742692.0,1021699958.0,0.005142452986182857
2024-09-18,18.21,18.21,17.88,18.07,4195448.0,76427835.0,1021699958.0,0.004106340581840368
2024-09-19,18.23,19.0,18.03,18.67,12531599.0,235846504.0,1021699958.0,0.012265439478465751
2024-09-20,18.63,18.88,18.33,18.81,9741252.0,182892693.0,1021699958.0,0.009534356856653605
2024-09-23,18.75,18.9,18.64,18.68,6525042.0,123700084.0,1021699958.0,0.006386456169356131
2024-09-24,18.85,19.46,18.59,19.45,14066544.0,271623295.0,1021699958.0,0.013767783672552525
2024-09-25,19.7,20.45,19.7,19.9,18580567.0,376594238.0,1021699958.0,0.01818593301733306
2024-09-26,19.81,21.31,19.78,21.22,23429915.0,488209429.0,1021699958.0,0.02293228537061367
2024-09-27,21.75,23.19,21.48,22.71,36522625.0,820893375.0,1021699958.0,0.035746918372683345
2024-09-30,23.75,26.23,23.29,26.05,52886695.0,1324618078.0,1021699958.0,0.05176343072728207
2024-10-08,31.24,31.24,26.6,29.26,62525540.0,1835609381.0,1021699958.0,0.061197555613484715
2024-10-09,27.37,27.59,24.61,24.61,50550371.0,1332518144.0,1021699958.0,0.04947672807871448
2024-10-10,24.99,25.73,24.29,24.64,27686864.0,699359101.0,1021699958.0,0.027098820728345376
2024-10-11,24.59,24.59,22.96,23.42,22394885.0,534839225.0,1021699958.0,0.02191923844632281
2024-10-14,23.37,23.75,22.76,23.65,29368694.0,692293588.0,1021699958.0,0.028744930221480933
2024-10-15,23.58,24.08,22.98,23.2,24323844.0,579777400.0,1021699958.0,0.02380722814906879
2024-10-16,22.76,23.44,22.62,22.93,17414017.0,404972721.0,1021699958.0,0.01704415945566673
2024-10-17,23.01,23.5,22.88,22.95,20444487.0,478193806.0,1021699958.0,0.020010265088021076
2024-10-18,22.84,24.71,22.56,24.11,32434998.0,770624352.0,1021699958.0,0.031746108772963265
2024-10-21,24.11,25.19,23.9,24.73,31252035.0,777340496.0,1021699958.0,0.030588270808170084
2024-10-22,24.69,26.81,24.56,26.12,54425982.0,1417027063.0,1021699958.0,0.05327002470132234
2024-10-23,25.64,25.65,24.69,24.99,42092242.0,1065982195.0,1021699958.0,0.04119824188149766
2024-10-24,24.64,25.96,24.32,25.35,35916519.0,914935330.0,1021699958.0,0.035153685501081326
2024-10-25,25.38,27.02,24.84,26.52,43114796.0,1143541138.0,1021699958.0,0.04219907778443894
2024-10-28,26.44,27.22,25.44,26.31,40864711.0,1085722061.0,1021699958.0,0.039996782499623046
2024-10-29,26.31,26.62,24.99,25.02,40116980.0,1033373970.0,1021699958.0,0.03926493261145852
2024-10-30,24.76,25.23,24.51,24.74,21581243.0,542285380.0,1021699958.0,0.02112287744657028
2024-10-31,24.74,25.48,24.65,24.82,28346452.0,717685641.0,1021699958.0,0.027744399691949483
2024-11-01,24.91,24.97,24.15,24.27,22639563.0,562468510.0,1021699958.0,0.022158719712896378
2024-11-04,24.27,25.53,24.26,25.46,22205382.0,564650700.0,1021699958.0,0.021733760314004046
2024-11-05,25.36,26.72,25.33,26.6,34360468.0,911469713.0,1021699958.0,0.03363068357882814
2024-11-06,26.56,27.9,26.53,27.0,39352997.0,1084372179.0,1021699958.0,0.0385171759006767
2024-11-07,26.75,27.78,26.64,27.69,25814097.0,714760482.0,1021699958.0,0.02526582955971894
2024-11-08,28.07,28.75,27.41,27.6,25924333.0,734895691.0,1021699958.0,0.025373724249482647
2024-11-11,27.46,28.73,27.3,28.7,27994905.0,797115116.0,1021699958.0,0.027400319223659986
2024-11-12,28.7,28.86,27.54,27.81,22867654.0,654040812.0,1021699958.0,0.022381966271941455
2024-11-13,27.78,28.85,27.57,28.72,25314342.0,721935964.0,1021699958.0,0.024776688891671658
2024-11-14,28.49,29.45,27.33,27.41,21311530.0,608617812.0,1021699958.0,0.020858892900140456
2024-11-15,27.7,28.94,27.32,27.35,30884052.0,879825310.0,1021699958.0,0.030228103425252367
2024-11-18,27.8,27.89,25.94,26.43,23104940.0,622022806.0,1021699958.0,0.022614212537728225
2024-11-19,26.54,27.16,26.18,27.12,13777639.0,370529895.0,1021699958.0,0.013485014746374297
2024-11-20,27.02,28.25,26.94,27.86,17390377.0,486031071.0,1021699958.0,0.017021021547306357
2024-11-21,27.88,28.75,27.62,28.01,14647834.0,415884820.0,1021699958.0,0.014336727612941724
2024-11-22,27.88,28.75,27.2,27.21,18729796.0,531152739.0,1021699958.0,0.0183319925319993
2024-11-25,27.47,28.2,26.66,27.9,17363261.0,482553029.0,1021699958.0,0.016994481465956956
2024-11-26,27.72,29.03,27.41,28.5,29503001.0,852519769.0,1021699958.0,0.028876384665565386
2024-11-27,28.06,28.97,27.24,28.92,24825801.0,702820754.0,1021699958.0,0.02429852404868162
2024-11-28,29.26,29.76,28.24,28.35,21495478.0,627338813.0,1021699958.0,0.021038934015498903
2024-11-29,28.01,29.03,27.86,28.52,17383270.0,500911315.0,1021699958.0,0.01701406549338431
2024-12-02,28.31,28.95,28.24,28.73,17634370.0,510274686.0,1021699958.0,0.017259832362643595
2024-12-03,28.55,28.79,28.21,28.6,13472493.0,388129917.0,1021699958.0,0.013186349763948996
2024-12-04,28.43,28.54,27.32,27.53,20142938.0,565341320.0,1021699958.0,0.01971512070865721
2024-12-05,27.45,28.41,27.45,28.2,15182622.0,431463432.0,1021699958.0,0.014860157212612904
2024-12-06,28.18,29.25,28.0,28.99,21609602.0,628322248.0,1021699958.0,0.021150634127754364
2024-12-09,29.51,30.67,29.05,30.33,34725842.0,1053801134.0,1021699958.0,0.033988297374482224
2024-12-10,31.57,31.77,30.07,30.28,35996915.0,1119993961.0,1021699958.0,0.03523237396472517
2024-12-11,29.99,30.47,29.02,29.55,26584321.0,796291744.0,1021699958.0,0.026019694717458332
2024-12-12,29.72,29.82,29.05,29.6,18232184.0,540736412.0,1021699958.0,0.017844949348622758
2024-12-13,29.32,30.28,29.19,29.71,27296127.0,824603992.0,1021699958.0,0.02671638261925034
2024-12-16,29.65,30.51,29.08,30.1,24887385.0,750485867.0,1021699958.0,0.024358800061730062
2024-12-17,29.9,29.99,28.96,29.23,16309821.0,482192907.0,1021699958.0,0.01596341555296413
2024-12-18,29.36,29.62,28.97,29.3,13846052.0,409711549.0,1021699958.0,0.013551974717806536
2024-12-19,28.92,29.3,28.55,29.19,13526187.0,394922407.0,1021699958.0,0.013238903353268024
2024-12-20,29.18,30.21,29.09,29.62,13717117.0,412391674.0,1021699958.0,0.0134257781774324
2024-12-23,29.48,29.59,28.04,28.09,17702681.0,511114623.0,1021699958.0,0.01732669250046108
2024-12-24,28.21,28.36,27.97,28.21,8725201.0,248152542.0,1021699958.0,0.008539885836033283
2024-12-25,28.19,28.23,27.41,27.88,10154397.0,284929983.0,1021699958.0,0.00993872704064455
2024-12-26,27.82,28.11,27.36,27.44,12049959.0,336270832.0,1021699958.0,0.011794029064646393
2024-12-27,27.44,27.88,27.12,27.7,9968742.0,278684888.0,1021699958.0,0.009757015180380383
2024-12-30,27.56,27.99,27.13,27.36,11920847.0,331677521.0,1021699958.0,0.011667659283587834
2024-12-31,27.42,27.5,26.59,26.61,12238119.0,332788063.0,1021699958.0,0.011978192721037579
2025-01-02,26.48,26.61,25.3,25.55,14413915.0,378400904.0,1021699958.0,0.014107776835202727
2025-01-03,25.65,25.79,24.64,24.76,13806134.0,350739570.0,1021699958.0,0.01351290453904472
2025-01-06,24.74,24.89,24.19,24.49,9048445.0,224274978.0,1021699958.0,0.008856264433750715
2025-01-07,24.55,24.73,24.2,24.66,12037094.0,297621805.0,1021699958.0,0.011781437305295456
2025-01-08,24.62,25.47,24.2,25.21,13678498.0,343669635.0,1021699958.0,0.01338797940911729
2025-01-09,25.03,25.56,24.97,25.29,8500525.0,217458133.0,1021699958.0,0.008319981745560569
2025-01-10,25.25,25.49,24.99,25.01,7124923.0,181597455.0,1021699958.0,0.006973596254175435
2025-01-13,24.8,25.25,24.69,24.93,6116054.0,154133845.0,1021699958.0,0.005986154694546831
2025-01-14,25.19,26.13,24.87,26.12,14003056.0,361635912.0,1021699958.0,0.013705644098695362
2025-01-15,26.12,26.48,25.93,26.21,9197660.0,243470469.0,1021699958.0,0.009002310245763952
2025-01-16,26.33,27.05,26.08,26.25,9523440.0,254823059.0,1021699958.0,0.009321170981197202
2025-01-17,26.07,26.81,26.06,26.38,7116954.0,190583992.0,1021699958.0,0.006965796508332635
2025-01-20,26.78,27.0,26.3,26.35,8850758.0,238081598.0,1021699958.0,0.008662776121989426
2025-01-21,26.43,26.72,25.98,26.68,8183022.0,218027239.0,1021699958.0,0.008009222214336236
2025-01-22,26.53,26.62,26.18,26.27,5477990.0,145663061.0,1021699958.0,0.0053616425811774384
2025-01-23,26.59,27.22,26.21,26.87,11971038.0,324050650.0,1021699958.0,0.01171678427337275
2025-01-24,26.73,27.76,26.63,27.68,11026416.0,304847130.0,1021699958.0,0.01079222516714638
2025-01-27,27.84,28.05,27.47,27.49,7199870.0,201581992.0,1021699958.0,0.007046951449517433
2025-02-05,27.7,28.1,27.26,27.98,8531038.0,239240704.0,1021699958.0,0.008349846677785613
2025-02-06,27.82,28.38,27.62,28.29,8558772.0,243161599.0,1021699958.0,0.008376991633389105
2025-02-07,28.29,28.4,27.75,28.17,14306458.0,406344964.0,1021699958.0,0.014002602122060575
2025-02-10,28.19,28.3,27.79,28.2,11044157.0,313508618.0,1021699958.0,0.010809589364786877
2025-02-11,28.19,29.05,27.87,28.71,13195916.0,380690860.0,1021699958.0,0.012915647002502861
2025-02-12,28.61,29.74,28.45,29.11,15335285.0,454564586.0,1021699958.0,0.015009577792309159
2025-02-13,29.2,29.84,28.75,29.59,15473946.0,460521859.0,1021699958.0,0.01514529376147826
2025-02-14,29.43,29.43,28.41,29.14,17016787.0,496196390.0,1021699958.0,0.01665536625186002
2025-02-17,29.2,29.33,28.27,28.57,15324657.0,444624992.0,1021699958.0,0.014999175521156281
2025-02-18,28.31,28.57,26.45,26.61,26546733.0,734887526.0,1021699958.0,0.025982905051660968
2025-02-19,26.61,27.12,26.36,27.05,15152388.0,410852479.0,1021699958.0,0.014830565354687035
2025-02-20,27.05,27.4,26.73,26.88,10109183.0,275361890.0,1021699958.0,0.009894473344003014
2025-02-21,27.05,27.21,26.28,27.08,14505965.0,392069698.0,1021699958.0,0.014197871778712552
2025-02-24,27.07,27.26,26.68,26.83,9165895.0,249419913.0,1021699958.0,0.008971219904855865
2025-02-25,26.51,26.7,26.13,26.25,11925035.0,317272825.0,1021699958.0,0.011671758334358276
2025-02-26,26.33,26.47,25.73,26.08,12731442.0,334023533.0,1021699958.0,0.012461037998789856
2025-02-27,26.08,26.58,25.78,26.31,12840424.0,341201783.0,1021699958.0,0.012567705322348658
2025-02-28,26.13,26.34,25.2,25.24,11959002.0,309879228.0,1021699958.0,0.011705003906831912
2025-03-03,25.36,26.28,25.15,25.75,11847051.0,309693150.0,1021699958.0,0.011595430642075058
2025-03-04,25.75,26.01,25.52,25.79,8961562.0,233119037.0,1021699958.0,0.008771226747960775
2025-03-05,25.94,26.9,25.65,26.75,17450320.0,465022501.0,1021699958.0,0.01707969141367039
2025-03-06,27.03,27.75,26.7,27.59,16323607.0,450614007.0,1021699958.0,0.01597690875113063
2025-03-07,27.56,27.88,27.28,27.43,8858251.0,246421289.0,1021699958.0,0.008670109977630047
2025-03-10,27.34,27.61,26.72,27.19,11805718.0,323557654.0,1021699958.0,0.011554975516598778
2025-03-11,26.92,27.73,26.76,27.59,9404542.0,259857837.0,1021699958.0,0.009204798264266935
2025-03-12,27.59,27.79,27.44,27.52,7062143.0,197058686.0,1021699958.0,0.006912149643055971
2025-03-13,27.41,27.41,26.71,26.97,6744228.0,183866635.0,1021699958.0,0.006600986862328911
2025-03-14,26.98,28.2,26.83,28.01,10976582.0,307061104.0,1021699958.0,0.010743449595013098
2025-03-17,28.1,28.17,27.4,27.44,7889779.0,219793639.0,1021699958.0,0.0077222074232482256
2025-03-18,27.51,27.81,27.37,27.65,7512740.0,209519580.0,1021699958.0,0.00735317638135794
2025-03-19,27.44,27.55,27.11,27.21,6172830.0,170084964.0,1021699958.0,0.006041724825048882
2025-03-20,27.12,27.22,26.62,26.71,7806207.0,211939314.0,1021699958.0,0.007640410414894037
2025-03-21,26.67,26.87,26.14,26.27,6408819.0,171146896.0,1021699958.0,0.006272701637910804
2025-03-24,26.26,26.58,26.0,26.37,9608202.0,255110602.0,1021699958.0,0.009404132715056841
2025-03-25,26.38,26.81,26.0,26.62,8246515.0,220486203.0,1021699958.0,0.008071366681998043
2025-03-26,26.62,26.95,26.44,26.59,5369470.0,145273858.0,1021699958.0,0.0052554274451678115
2025-03-27,26.54,26.81,26.28,26.62,3611817.0,97076227.0,1021699958.0,0.003535105362116497
2025-03-28,26.69,27.7,26.62,27.5,14296569.0,395275005.0,1021699958.0,0.013992923155234191
2025-03-31,27.23,27.55,26.86,27.37,8154720.0,223948847.0,1021699958.0,0.0079815213225251
2025-04-01,27.36,28.0,27.13,27.75,8217499.0,230284431.0,1021699958.0,0.008042966954883638
2025-04-02,27.85,28.55,27.56,27.65,7159817.0,201885619.0,1021699958.0,0.0070077491380302085
2025-04-03,27.39,28.36,27.32,28.09,10015071.0,283865924.0,1021699958.0,0.009802360195457696
2025-04-07,26.72,27.64,24.98,25.67,18996796.0,509131125.0,1021699958.0,0.018593321700028885
2025-04-08,26.08,27.0,25.7,26.9,13804298.0,367192848.0,1021699958.0,0.013511107533979168
2025-04-09,26.5,27.83,25.84,27.59,10785111.0,296439057.0,1021699958.0,0.010556045261186161
2025-04-10,27.71,28.34,27.27,27.79,11947930.0,336088674.0,1021699958.0,0.01169416706582658
2025-04-11,27.65,27.97,27.41,27.52,8385041.0,234488798.0,1021699958.0,0.008206950518441737
2025-04-14,27.69,27.99,27.39,27.97,9327054.0,260938771.0,1021699958.0,0.009128956037404476
2025-04-15,27.99,28.33,27.62,28.2,7931157.0,224563272.0,1021699958.0,0.007762706592966308
2025-04-16,28.01,29.22,27.98,28.38,13428893.0,387453242.0,1021699958.0,0.013143675787446787
2025-04-17,28.09,28.5,27.89,28.0,6989094.0,198816232.0,1021699958.0,0.006840652135957121
2025-04-18,27.97,28.11,27.41,28.11,7129500.0,199391637.0,1021699958.0,0.006978076042947238
2025-04-21,27.71,28.14,27.62,28.01,5500290.0,155580716.0,1021699958.0,0.005383468949893017
2025-04-22,28.01,28.01,27.54,27.56,4491160.0,125717105.0,1021699958.0,0.0043957719336619565
2025-04-23,27.71,27.78,26.62,26.62,10632254.0,289383453.0,1021699958.0,0.01040643480186969
2025-04-24,26.62,26.7,25.52,25.57,12961031.0,339988025.0,1021699958.0,0.012685750741706501
2025-04-25,25.63,25.75,25.35,25.39,9355300.0,241383481.0,1021699958.0,0.00915660211860359
2025-04-28,25.14,25.14,22.38,22.69,41579380.0,962224758.0,1021699958.0,0.040696272593954634
2025-04-29,22.59,22.65,22.26,22.28,21136627.0,478686181.0,1021699958.0,0.020687704677384355
2025-04-30,22.3,22.68,22.29,22.5,11316832.0,257269489.0,1021699958.0,0.011076473001088251
2025-05-06,22.58,22.94,22.58,22.93,16134758.0,371781788.0,1021699958.0,0.015792070728459402
2025-05-07,23.16,23.52,23.02,23.23,18096805.0,425216376.0,1021699958.0,0.01771244567282247
2025-05-08,23.23,23.45,23.09,23.32,11145632.0,261802724.0,1021699958.0,0.010908909130052054
2025-05-09,23.25,23.31,22.83,23.03,9578300.0,222544363.0,1021699958.0,0.009374865805759386
2025-05-12,23.28,23.35,23.07,23.32,9410515.0,221038638.0,1021699958.0,0.009210644403295552
2025-05-13,23.48,23.54,23.11,23.2,10514552.0,247070162.0,1021699958.0,0.010291232683010446
2025-05-14,23.26,23.36,23.06,23.27,10566886.0,247473007.0,1021699958.0,0.010342455157466103
2025-05-15,23.24,23.45,23.04,23.35,12014808.0,282706110.0,1021699958.0,0.011759624639232882
2025-05-16,23.42,24.62,23.23,23.96,22254082.0,537624751.0,1021699958.0,0.021781425971243898
2025-05-19,23.51,23.61,22.72,23.31,19910928.0,465581642.0,1021699958.0,0.019488038385531578
2025-05-20,23.16,23.43,22.87,23.2,16107186.0,376528301.0,1021699958.0,0.015765084332126398
2025-05-21,23.2,23.24,23.03,23.04,9348117.0,218132475.0,1021699958.0,0.009149571678850945
2025-05-22,23.02,23.06,22.65,22.73,9790500.0,226107160.0,1021699958.0,0.009582558874882522
2025-05-23,22.66,22.83,22.42,22.44,9641702.0,220472948.0,1021699958.0,0.009436921206176657
2025-05-26,22.53,22.53,21.69,22.17,18697342.0,417691322.0,1021699958.0,0.018300227824811166
2025-05-27,22.12,22.22,21.89,22.04,9001569.0,200449163.0,1021699958.0,0.008810384036445268
2025-05-28,22.04,22.15,21.73,21.77,10664088.0,235239540.0,1021699958.0,0.010437592677281875
2025-05-29,21.93,22.38,21.79,22.37,14101440.0,315533933.0,1021699958.0,0.013801938513929154
2025-05-30,22.27,22.28,21.92,22.13,10545914.0,235441496.0,1021699958.0,0.010321928583264169
2025-06-03,21.97,22.36,21.9,22.09,8857576.0,198124204.0,1021699958.0,0.008669449314003005
2025-06-04,22.1,22.24,22.03,22.14,8613700.0,192773870.0,1021699958.0,0.008430753013694456
2025-06-05,22.07,22.34,22.02,22.28,8563998.0,192395431.0,1021699958.0,0.008382106638003796
2025-06-06,22.31,22.33,21.87,22.06,12101974.0,269669806.0,1021699958.0,0.011844939314365715
2025-06-09,22.19,22.55,22.1,22.45,13834484.0,312606672.0,1021699958.0,0.013540652411380446
2025-06-10,22.37,22.49,21.9,22.13,12782064.0,286088848.0,1021699958.0,0.012510584834535151
2025-06-11,22.12,22.45,22.1,22.31,11024475.0,248702828.0,1021699958.0,0.01079032539218329
2025-06-12,22.22,22.64,22.08,22.39,14291724.0,323268780.0,1021699958.0,0.013988181058533429
2025-06-13,22.3,22.32,21.8,21.83,14177745.0,314691655.0,1021699958.0,0.013876622866612665
2025-06-16,21.68,22.55,21.67,22.13,18009708.0,405067710.0,1021699958.0,0.017627198532193734
2025-06-17,22.09,22.12,21.79,21.85,12221310.0,270155925.0,1021699958.0,0.011961740728582863
2025-06-18,21.79,21.85,21.18,21.32,18228491.0,393753982.0,1021699958.0,0.017841334784512147
2025-06-19,21.28,21.41,20.99,21.08,14131595.0,302155805.0,1021699958.0,0.013831453049741635
2025-06-20,21.13,21.2,20.79,20.92,11541842.0,244123816.0,1021699958.0,0.011296703997711235
2025-06-23,20.78,21.08,20.72,20.97,10010718.0,211591022.0,1021699958.0,0.009798099649133979
2025-06-24,21.04,21.37,20.95,21.36,13956586.0,299503156.0,1021699958.0,0.013660161078327068
2025-06-25,21.34,21.56,21.15,21.55,16251923.0,350488747.0,1021699958.0,0.015906747252699797
2025-06-26,21.53,21.55,21.24,21.28,14155285.0,305354203.0,1021699958.0,0.013854639896148454
2025-06-27,21.33,21.44,21.13,21.28,13208815.0,284403799.0,1021699958.0,0.012928272039725386
2025-06-30,21.29,21.63,21.28,21.6,14191763.0,308568314.0,1021699958.0,0.013890343137314683
2025-07-01,21.63,21.65,21.26,21.38,12527209.0,270686738.0,1021699958.0,0.012261142717987662
2025-07-02,21.37,21.4,21.16,21.25,9701662.0,208241782.0,1021699958.0,0.009495607711476485
2025-07-03,21.26,21.4,21.24,21.38,9233007.0,198926679.0,1021699958.0,0.00903690650831954
2025-07-04,21.38,21.38,20.98,21.02,18258103.0,389788257.0,1021699958.0,0.017870317853140208
2025-07-07,20.99,21.08,20.89,20.91,10217080.0,216166030.0,1021699958.0,0.010000078711953906
2025-07-08,20.91,21.33,20.9,21.24,16670295.0,356433753.0,1021699958.0,0.016316233420066363
2025-07-09,21.25,21.65,21.19,21.42,21524759.0,466406551.0,1021699958.0,0.02106759311425948
2025-07-10,21.36,21.53,21.24,21.5,15461122.0,333678651.0,1021699958.0,0.015132742131325408
2025-07-11,21.48,21.87,21.37,21.7,20571704.0,450392491.0,1021699958.0,0.020134780117119278
2025-07-14,21.87,21.87,21.35,21.41,18846953.0,408791608.0,1021699958.0,0.018446661226152267
2025-07-15,21.42,21.48,20.99,21.15,16298377.0,348570695.0,1021699958.0,0.015952214612893232
2025-07-16,21.25,22.18,21.25,21.65,32580368.0,710586880.0,1021699958.0,0.031888391249204694
2025-07-17,21.67,21.87,21.45,21.83,19873679.0,431114246.0,1021699958.0,0.019451580519689128
2025-07-18,21.85,22.03,21.65,21.75,18032008.0,393415747.0,1021699958.0,0.017649024900909315
2025-07-21,21.7,22.07,21.64,22.05,20035259.0,438869136.0,1021699958.0,0.019609728710588827
2025-07-22,22.05,22.2,21.88,22.15,18109889.0,399508908.0,1021699958.0,0.01772525178081685
2025-07-23,22.2,22.46,21.95,21.98,22533962.0,500287652.0,1021699958.0,0.022055361580038353
2025-07-24,22.0,22.65,21.96,22.65,26823522.0,600319453.0,1021699958.0,0.02625381531042404
2025-07-25,22.68,22.93,22.48,22.54,23482640.0,532201946.0,1021699958.0,0.022983890540592543
2025-07-28,22.59,22.63,22.35,22.57,15048420.0,338805850.0,1021699958.0,0.014728805538425989
2025-07-29,22.47,22.54,22.23,22.5,14751346.0,330339554.0,1021699958.0,0.014438041114219171
2025-07-30,22.47,22.84,22.22,22.46,21113127.0,475913932.0,1021699958.0,0.020664703795554035
2025-07-31,22.46,22.46,21.95,22.03,19510054.0,433508711.0,1021699958.0,0.019095678576899776
2025-08-01,22.25,22.27,21.74,22.0,16126234.0,354945179.0,1021699958.0,0.015783727770301036
2025-08-04,21.85,22.02,21.72,21.98,12585164.0,275172939.0,1021699958.0,0.012317866807624945
2025-08-05,21.98,22.14,21.93,22.13,14611720.0,322269642.0,1021699958.0,0.014301380640753633
2025-08-06,22.17,22.19,21.92,22.12,12560915.0,276846359.0,1021699958.0,0.012294132833858842
2025-08-07,22.12,22.18,21.94,22.02,13341039.0,293999328.0,1021699958.0,0.013057687724794837
2025-08-08,21.97,21.99,21.68,21.72,15127843.0,329056378.0,1021699958.0,0.014806541667685965
2025-08-11,21.73,22.9,21.69,22.48,34150466.0,764156107.0,1021699958.0,0.033425141826226835
2025-08-12,22.43,22.61,22.2,22.23,18075152.0,403171053.0,1021699958.0,0.01769125256242792
2025-08-13,22.3,22.93,22.18,22.66,35250334.0,797563836.0,1021699958.0,0.03450164965162894
2025-08-14,22.77,22.8,22.12,22.23,24427620.0,547678368.0,1021699958.0,0.02390880004323148
2025-08-15,22.2,22.88,22.08,22.61,24366956.0,547827690.0,1021699958.0,0.02384942449023767
2025-08-18,24.06,27.13,24.06,26.45,141109812.0,3711312449.0,1021699958.0,0.1381127706770445
2025-08-19,26.44,26.94,25.45,26.38,76021119.0,1994833564.0,1021699958.0,0.07440650105223945
2025-08-20,25.86,26.21,25.56,25.84,33833296.0,872984342.0,1021699958.0,0.03311470822239184
2025-08-21,26.0,26.26,25.37,25.54,28215007.0,724078135.0,1021699958.0,0.027615746461643685
2025-08-22,25.44,25.8,25.35,25.53,27998265.0,714461212.0,1021699958.0,0.027403607860381256
2025-08-25,25.53,27.13,25.08,27.09,58348176.0,1522587934.0,1021699958.0,0.057108914944283475
2025-08-26,26.5,27.14,26.42,26.99,29079430.0,782789449.0,1021699958.0,0.028461809920129214
2025-08-27,27.08,27.14,25.6,25.6,35157309.0,930403675.0,1021699958.0,0.03441060041621339
2025-08-28,25.65,26.07,25.1,25.9,28354786.0,726906984.0,1021699958.0,0.02775255668553135
2025-08-29,25.92,26.6,25.8,26.08,26416793.0,694151039.0,1021699958.0,0.025855724856553238
2025-09-01,26.03,26.58,25.81,25.96,22370888.0,585333648.0,1021699958.0,0.0218957511203108
2025-09-02,25.99,26.2,25.2,25.38,20866500.0,532273247.0,1021699958.0,0.020423314923929948
2025-09-03,25.5,26.55,25.44,26.1,33871695.0,886152655.0,1021699958.0,0.03315229166330259
2025-09-04,26.09,26.17,25.12,25.43,23494541.0,600287380.0,1021699958.0,0.022995538774407975
2025-09-05,25.61,27.45,25.26,27.33,39186323.0,1042165829.0,1021699958.0,0.038354041901604935
2025-09-08,27.28,28.66,26.96,28.21,46024706.0,1278935543.0,1021699958.0,0.04504718399919911
2025-09-09,28.0,29.77,27.91,28.46,39893563.0,1147348865.0,1021699958.0,0.03904626078099535
2025-09-10,28.33,30.25,28.28,30.03,44271174.0,1308774766.0,1021699958.0,0.043330895389935994
2025-09-11,29.58,30.15,29.0,30.08,27034039.0,803471986.0,1021699958.0,0.026459861124903755
2025-09-12,30.28,30.39,29.23,29.31,19520595.0,577249574.0,1021699958.0,0.019105995695851835
2025-09-15,29.44,32.03,29.11,31.91,40786692.0,1254963942.0,1021699958.0,0.03992042055070731
2025-09-16,31.38,34.0,31.3,31.99,44955416.0,1448061288.0,1021699958.0,0.04400060472548243
2025-09-17,32.42,32.79,31.5,31.95,29141805.0,934289745.0,1021699958.0,0.028522860133072453
2025-09-18,31.86,32.78,31.42,31.74,26130153.0,837866362.0,1021699958.0,0.025575172823879083
2025-09-19,31.79,33.95,31.79,33.01,30756171.0,1015987447.0,1021699958.0,0.030102938498897346
2025-09-22,32.71,33.0,31.81,32.19,24886211.0,805915842.0,1021699958.0,0.024357650996399475
2025-09-23,32.2,32.56,30.88,31.75,25783122.0,810978765.0,1021699958.0,0.02523551243994472
2025-09-24,31.52,32.66,31.26,32.48,17917384.0,577596120.0,1021699958.0,0.01753683540818938
2025-09-25,32.48,35.5,32.27,35.23,39185248.0,1339760485.0,1021699958.0,0.03835298973360631
2025-09-26,35.21,36.42,34.65,35.38,26705169.0,945465943.0,1021699958.0,0.026137976018200053
2025-09-29,35.0,35.49,34.68,35.05,13643555.0,477556912.0,1021699958.0,0.013353778565976998
2025-09-30,35.35,35.9,34.7,35.76,24508146.0,864963844.0,1021699958.0,0.023987615745796085
2025-10-09,34.66,35.3,32.46,33.37,35042306.0,1176443897.0,1021699958.0,0.03429803997310138
2025-10-10,33.3,33.4,31.51,31.66,24016842.0,774846478.0,1021699958.0,0.02350674658635936
2025-10-13,30.23,32.18,30.2,31.76,23286300.0,731673616.0,1021699958.0,0.02279172061980255
2025-10-14,31.52,32.07,30.36,30.6,20160615.0,624629866.0,1021699958.0,0.019732422265598255
2025-10-15,30.63,30.88,29.42,30.28,22791590.0,684603033.0,1021699958.0,0.02230751780064182
2025-10-16,30.23,31.27,30.01,30.66,16528467.0,510907957.0,1021699958.0,0.016177417715035277
2025-10-17,30.66,30.97,29.39,29.46,14406942.0,431445923.0,1021699958.0,0.014100951935245161
2025-10-20,29.77,30.2,29.41,29.65,10174931.0,302797136.0,1021699958.0,0.009958824917559603
2025-10-21,29.69,30.63,29.66,30.58,15787276.0,478196839.0,1021699958.0,0.015451968923346085
2025-10-22,30.4,30.75,28.86,28.96,20241645.0,595148125.0,1021699958.0,0.019811731263671053
2025-10-23,29.08,29.62,28.82,29.41,12228870.0,357363517.0,1021699958.0,0.011969140161205722
2025-10-24,29.3,29.8,28.51,28.88,21723521.0,629344415.0,1021699958.0,0.021262133594019392
2025-10-27,29.05,29.61,28.23,28.82,21352222.0,613791250.0,1021699958.0,0.020898720639861278
2025-10-28,28.88,29.05,28.25,28.73,13785665.0,395104860.0,1021699958.0,0.013492870281590047
2025-10-29,28.62,28.88,28.4,28.88,12033258.0,344965366.0,1021699958.0,0.011777682778372003
2025-10-30,28.96,29.12,28.15,28.34,15673633.0,445466204.0,1021699958.0,0.015340739595097448
2025-10-31,28.46,29.94,28.43,29.38,27562433.0,811905156.0,1021699958.0,0.02697703252719523
2025-11-03,29.7,29.94,28.8,29.62,22885300.0,671213594.0,1021699958.0,0.0223992374872937
2025-11-04,29.55,30.62,29.36,29.89,27128258.0,813881725.0,1021699958.0,0.02655207900086847
2025-11-05,29.49,29.86,28.59,28.76,19345679.0,560038186.0,1021699958.0,0.01893479474920366
2025-11-06,28.66,28.77,27.15,27.24,34630206.0,957414569.0,1021699958.0,0.033894692594281184
2025-11-07,27.01,27.63,26.85,27.3,16587302.0,452729225.0,1021699958.0,0.016235003114290037
2025-11-10,27.33,27.63,26.9,27.15,16268249.0,440988674.0,1021699958.0,0.015922726503625834
2025-11-11,27.15,27.22,26.73,26.87,14279300.0,384179473.0,1021699958.0,0.013976020932752157
2025-11-12,26.91,27.27,26.63,26.92,12026547.0,324281006.0,1021699958.0,0.011771114313777822
2025-11-13,26.88,27.1,26.69,27.06,12869789.0,346178628.0,1021699958.0,0.012596446637027267
2025-11-14,27.07,27.35,26.76,26.76,15606695.0,422231524.0,1021699958.0,0.01527522329603541
2025-11-17,26.76,27.06,26.61,26.8,10512582.0,281914742.0,1021699958.0,0.010289304523980415
2025-11-18,26.76,27.19,26.62,26.87,13251997.0,356442017.0,1021699958.0,0.012970536894159293
2025-11-19,26.87,26.91,25.91,26.03,15516267.0,406753231.0,1021699958.0,0.015186715902752342
2025-11-20,26.16,26.18,25.63,25.71,12530920.0,324323067.0,1021699958.0,0.012264774899794995
2025-11-21,25.62,26.2,25.2,25.71,18405668.0,473534125.0,1021699958.0,0.01801474870962068
2025-11-24,25.84,26.16,25.57,25.78,21724110.0,562900521.0,1021699958.0,0.02126271008420654
2025-11-25,25.8,26.87,25.7,26.35,20688900.0,548666116.0,1021699958.0,0.020249486982948473
2025-11-26,26.3,26.69,25.84,26.05,14058114.0,367228112.0,1021699958.0,0.013759532717921479
2025-11-27,25.9,26.08,25.64,25.68,12039498.0,311393042.0,1021699958.0,0.011783790246568651
2025-11-28,25.58,25.92,25.42,25.92,12270693.0,315772514.0,1021699958.0,0.012010074879537189
2025-12-01,25.8,25.89,25.25,25.47,25528606.0,650811202.0,1021699958.0,0.02498640212335215
2025-12-02,25.4,25.6,24.59,24.73,24283831.0,603363049.0,1021699958.0,0.023768064988018724
2025-12-03,24.78,24.85,24.04,24.21,16812171.0,408771553.0,1021699958.0,0.016455096105622038
2025-12-04,24.23,24.33,23.7,23.93,15366800.0,367333906.0,1021699958.0,0.01504042344298501
2025-12-05,23.89,24.16,23.56,23.99,17650130.0,421389207.0,1021699958.0,0.017275257634883842
2025-12-08,23.94,24.21,23.86,23.99,19141167.0,459381944.0,1021699958.0,0.01873462639410229
2025-12-09,23.99,24.64,23.89,24.2,23907423.0,580684990.0,1021699958.0,0.023399651544274605
2025-12-10,24.09,24.44,23.8,24.3,14976780.0,361035629.0,1021699958.0,0.014658687105476029
2025-12-11,24.2,24.4,23.73,23.76,13203293.0,317132981.0,1021699958.0,0.012922867321875725
2025-12-12,23.77,24.05,23.66,23.97,15495359.0,370291112.0,1021699958.0,0.015166251969249861
2025-12-15,23.64,23.73,23.13,23.23,18319076.0,426109052.0,1021699958.0,0.01792999584326106
2025-12-16,23.14,23.41,22.9,23.36,16687481.0,386804680.0,1021699958.0,0.016333054405391293
2025-12-17,23.28,23.66,23.17,23.6,11984407.0,280638328.0,1021699958.0,0.01172986932823188
2025-12-18,23.49,23.89,23.41,23.52,10065771.0,238312268.0,1021699958.0,0.009851983374555449
2025-12-19,23.55,23.89,23.47,23.77,12246616.0,290194412.0,1021699958.0,0.011986509252650865
2025-12-22,23.81,23.87,23.62,23.75,12745423.0,302503601.0,1021699958.0,0.012474722055337503
2025-12-23,23.74,23.74,23.29,23.38,14504049.0,340591300.0,1021699958.0,0.014195996472772685
2025-12-24,23.42,23.7,23.15,23.68,13154646.0,308896643.0,1021699958.0,0.012875253538965107
2025-12-25,23.71,24.5,23.67,24.28,20247403.0,490474031.0,1021699958.0,0.019817366969099946
2025-12-26,24.25,24.49,23.87,23.98,18043184.0,435092392.0,1021699958.0,0.017659963533051257
2025-12-29,23.98,24.17,23.55,23.66,19471451.0,464010940.0,1021699958.0,0.01905789546875953
2025-12-30,23.59,24.24,23.53,23.82,21420791.0,512849761.0,1021699958.0,0.02096583329799843
2025-12-31,23.85,24.42,23.57,24.42,28234622.0,682352623.0,1021699958.0,0.02763494485726503
2026-01-05,24.42,24.88,24.17,24.75,35684309.0,875082762.0,1021699958.0,0.034926407425769905
2026-01-06,24.7,25.43,24.58,25.37,35439702.0,888165517.0,1021699958.0,0.0346869956512223
2026-01-07,25.2,25.46,24.88,24.98,30758581.0,771932000.0,1021699958.0,0.030105297312736114
2026-01-08,24.85,25.46,24.72,25.05,23348823.0,585935344.0,1021699958.0,0.022852915689363276
2026-01-09,24.99,26.49,24.91,26.34,43029423.0,1106663208.0,1021699958.0,0.04211551802765171
2026-01-12,26.76,29.98,26.76,29.65,81075649.0,2305791245.0,1021699958.0,0.07935367753044383
2026-01-13,29.79,29.85,27.7,28.1,67791652.0,1933292066.0,1021699958.0,0.06635182028655814
2026-01-14,27.81,29.3,27.68,28.23,65477746.0,1871838842.0,1021699958.0,0.06408705950049574
2026-01-15,27.87,29.0,27.34,27.57,44663599.0,1252677064.0,1021699958.0,0.0437149856474791
2026-01-16,27.41,27.5,26.28,26.34,41953741.0,1119734436.0,1021699958.0,0.041062682514077194
2026-01-19,26.22,26.53,25.92,26.31,21391142.0,561575811.0,1021699958.0,0.020936814015216
2026-01-20,26.45,26.6,25.88,26.2,24682788.0,645755844.0,1021699958.0,0.024158548511949728
2026-01-21,26.0,26.44,25.83,25.92,21667665.0,565170089.0,1021699958.0,0.02120746392357197
2026-01-22,25.92,26.19,25.85,26.03,20383709.0,530580695.0,1021699958.0,0.01995077795628137
2026-01-23,26.14,26.85,25.84,26.57,33567522.0,888995290.0,1021699958.0,0.03285457901526115
2026-01-26,26.59,26.69,25.38,25.61,32878007.0,848834720.0,1021699958.0,0.03217970867333637
2026-01-27,25.55,25.89,24.89,25.61,24527976.0,621920264.0,1021699958.0,0.02400702457501716
2026-01-28,25.5,25.74,25.11,25.12,19760706.0,501723815.0,1021699958.0,0.019341006961262886
2026-01-29,24.96,26.38,24.68,25.83,36202561.0,936019576.0,1021699958.0,0.03543365223471997
2026-01-30,25.8,25.82,25.16,25.47,23897764.0,608989255.0,1021699958.0,0.02339019769246188
2026-02-02,25.66,26.18,25.45,25.46,27292492.0,704545165.0,1021699958.0,0.026712824823273605
2026-02-03,25.75,27.02,25.71,26.84,46610734.0,1231677471.0,1021699958.0,0.045620765308869674
2026-02-04,26.56,26.6,26.05,26.43,24792560.0,651650974.0,1021699958.0,0.0242659890566424
2026-02-05,26.15,26.95,26.15,26.65,27262268.0,727190218.0,1021699958.0,0.02668324275295703
2026-02-06,26.34,26.46,25.38,25.93,21028554.0,546147888.0,1021699958.0,0.020581927047509968
2026-02-09,26.42,27.2,26.19,27.18,35283575.0,946078928.0,1021699958.0,0.034534184643668156
2026-02-10,27.7,29.7,27.5,28.5,84365952.0,2398312885.0,1021699958.0,0.08257409755124998
2026-02-11,28.0,28.0,26.8,26.84,52436990.0,1431796839.0,1021699958.0,0.05132327704372872
2026-02-12,26.7,27.21,26.33,26.89,34686999.0,926300747.0,1021699958.0,0.03395027936371903
2026-02-13,26.69,27.11,26.23,26.25,25704145.0,685858187.0,1021699958.0,0.02515821283805906
2026-02-24,26.15,26.25,24.79,24.99,31983918.0,805358903.0,1021699958.0,0.03130460929313261
2026-02-25,25.14,25.2,24.82,25.04,19889785.0,497404362.0,1021699958.0,0.019467344443210792
2026-02-26,25.13,25.15,24.33,24.44,24549482.0,603871291.0,1021699958.0,0.02402807380755515
2026-02-27,24.33,24.64,24.24,24.38,16354610.0,400239681.0,1021699958.0,0.016007253276210862
2026-03-02,23.8,23.9,23.36,23.55,26823460.0,632673879.0,1021699958.0,0.026253754627246446
2026-03-03,23.55,23.7,22.58,22.63,24891093.0,573008179.0,1021699958.0,0.024362429307254605
2026-03-04,22.39,22.6,21.98,22.18,20326467.0,453041631.0,1021699958.0,0.019894751723186426
2026-03-05,22.58,22.67,22.27,22.41,14535129.0,326581797.0,1021699958.0,0.014226416362444443
2026-03-06,22.26,22.68,22.2,22.65,11155504.0,251759347.0,1021699958.0,0.010918571457942646
2026-03-09,22.3,22.48,22.01,22.29,16049571.0,356700297.0,1021699958.0,0.01570869302120496
2026-03-10,22.63,22.87,22.3,22.43,21087481.0,475235318.0,1021699958.0,0.020639602492770193
2026-03-11,22.46,22.54,22.26,22.4,13285998.0,297681635.0,1021699958.0,0.013003815744504514
2026-03-12,22.32,22.43,22.13,22.29,11654054.0,259450129.0,1021699958.0,0.011406532719070543
2026-03-13,22.21,22.45,22.13,22.18,11025684.0,245818822.0,1021699958.0,0.01079150871414639
2026-03-16,22.05,22.34,22.0,22.34,10165268.0,225226228.0,1021699958.0,0.009949367150703162
2026-03-17,22.4,22.63,22.2,22.2,13227269.0,296586031.0,1021699958.0,0.012946334093908224
2026-03-18,22.25,22.3,21.9,22.25,11578040.0,255754737.0,1021699958.0,0.011332133185817357
2026-03-19,21.93,22.09,21.9,21.99,10634994.0,233807540.0,1021699958.0,0.010409116606815011
2026-03-20,22.0,22.07,21.32,21.32,16240391.0,350913410.0,1021699958.0,0.01589546018166715
2026-03-23,20.92,20.99,20.31,20.42,15837192.0,327816842.0,1021699958.0,0.01550082475387554
2026-03-24,20.77,21.05,20.53,21.01,12977910.0,269965853.0,1021699958.0,0.012702271247426244
2026-03-25,21.19,21.35,20.74,20.85,21983469.0,461247811.0,1021699958.0,0.02151656053997802
2026-03-26,20.77,20.96,20.36,20.43,14511069.0,298966119.0,1021699958.0,0.014202867374493913
2026-03-27,20.2,20.74,20.15,20.63,11779100.0,242467056.0,1021699958.0,0.011528922858191994
2026-03-30,20.35,20.7,20.25,20.7,9055387.0,185709536.0,1021699958.0,0.008863058992119486
2026-03-31,20.7,21.07,20.6,20.6,11133804.0,231851737.0,1021699958.0,0.010897332345784437
2026-04-01,21.0,21.09,20.73,20.99,10212056.0,213303971.0,1021699958.0,0.009995161417046863
2026-04-02,20.88,20.93,20.59,20.77,9772497.0,202647359.0,1021699958.0,0.009564938241878639
2026-04-03,20.81,20.85,20.24,20.28,8886716.0,181682810.0,1021699958.0,0.008697970407472602
2026-04-07,20.6,20.79,20.38,20.61,6595565.0,135712239.0,1021699958.0,0.006455481326348454
2026-04-08,21.19,21.48,20.96,21.46,19487763.0,414162692.0,1021699958.0,0.019073861017032557
2026-04-09,21.16,21.2,20.91,20.93,14634526.0,307759221.0,1021699958.0,0.01432370226249926
2026-04-10,21.1,21.48,21.0,21.29,14806779.0,315084983.0,1021699958.0,0.014492296768793642
2026-04-13,21.1,21.15,20.91,20.98,11481265.0,241317802.0,1021699958.0,0.011237413596918246
2026-04-14,21.21,21.29,20.87,21.2,14139838.0,297312897.0,1021699958.0,0.013839520976078967
2026-04-15,21.32,21.37,20.92,20.96,11384641.0,240225133.0,1021699958.0,0.011142841800919404
2026-04-16,20.97,21.23,20.97,21.17,13281633.0,280705218.0,1021699958.0,0.012999543453049647
2026-04-17,21.1,21.15,20.86,21.05,14146961.0,296814415.0,1021699958.0,0.013846492690175877
2026-04-20,20.99,21.31,20.93,21.21,14460980.0,306147081.0,1021699958.0,0.014153842218323748
2026-04-21,21.19,21.31,21.03,21.14,9411604.0,198846673.0,1021699958.0,0.009211710273947177
2026-04-22,21.06,21.1,20.92,21.07,11544400.0,242531982.0,1021699958.0,0.011299207668167487
2026-04-23,21.05,21.37,21.0,21.0,16835479.0,356107966.0,1021699958.0,0.016477909065354
2026-04-24,20.9,20.9,20.39,20.62,15767303.0,324651649.0,1021699958.0,0.015432420131312172
2026-04-27,20.18,20.51,19.97,20.34,20196470.0,408716263.0,1021699958.0,0.019767515738705745
2026-04-28,20.28,20.39,19.4,19.54,27468478.0,544325841.0,1021699958.0,0.026885073044115755
2026-04-29,19.44,19.9,19.44,19.82,13046490.0,257945541.0,1021699958.0,0.012769394671933616
2026-04-30,19.77,19.83,19.37,19.44,20604244.0,402962452.0,1021699958.0,0.0201666289977473
2026-05-06,19.58,19.92,19.5,19.77,14046251.0,277399438.0,1021699958.0,0.013747921677021347
2026-05-07,19.85,20.07,19.61,20.07,18812990.0,373595469.0,1021699958.0,0.018413419568722347
2026-05-08,19.96,20.42,19.96,20.22,17312510.0,349819510.0,1021699958.0,0.016944808370051828
2026-05-11,20.5,20.5,20.07,20.22,16147928.0,326205214.0,1021699958.0,0.01580496100989367
2026-05-12,20.18,20.21,19.78,19.91,14013880.0,279782046.0,1021699958.0,0.013716238206990314
2026-05-13,19.89,20.02,19.73,20.0,13655461.0,271545919.0,1021699958.0,0.013365431693597074
2026-05-14,20.13,20.28,19.39,19.4,18052264.0,354583079.0,1021699958.0,0.01766885068228612
2026-05-15,19.41,19.68,19.19,19.33,14556191.0,282701282.0,1021699958.0,0.014247031025129982
2026-05-18,19.18,19.31,18.94,19.09,12863986.0,245569929.0,1021699958.0,0.012590766887356572
2026-05-19,19.03,19.53,19.03,19.38,13411124.0,259444491.0,1021699958.0,0.01312628418450028
2026-05-20,19.3,19.3,18.74,18.81,15532401.0,293313611.0,1021699958.0,0.015202507231580018
2026-05-21,18.92,19.06,18.42,18.42,16888522.0,317353602.0,1021699958.0,0.01652982548130828
2026-05-22,18.48,18.58,18.04,18.19,15695040.0,285440622.0,1021699958.0,0.015361691930303475
2026-05-25,18.18,18.29,17.66,17.86,22719996.0,405473471.0,1021699958.0,0.022237444390694593
2026-05-26,17.8,17.85,17.5,17.72,14132355.0,249611173.0,1021699958.0,0.013832196908047637
2026-05-27,17.72,18.07,17.58,17.74,17404870.0,310210753.0,1021699958.0,0.017035206729449626
2026-05-28,17.57,17.71,17.07,17.38,17995079.0,312441756.0,1021699958.0,0.017612880238564128
2026-05-29,17.44,17.87,17.3,17.45,18327161.0,322189826.0,1021699958.0,0.017937909125371618
2026-06-01,17.5,18.11,17.45,17.9,18697208.0,334412135.0,1021699958.0,0.018300096670846686
