date,open,high,low,close,volume,amount,outstanding_share,turnover
2015-01-05,7.74,8.02,7.55,7.97,66189840.0,616502784.0,2185405286.0,0.03028721511017705
2015-01-06,8.23,8.72,8.08,8.31,105084824.0,1045093376.0,2185405286.0,0.04808482191984595
2015-01-07,8.31,8.38,8.01,8.13,54811576.0,530577600.0,2185405286.0,0.02508073735848006
2015-01-08,8.08,8.32,7.7,7.79,44442480.0,422021760.0,2185405286.0,0.020336035738864777
2015-01-09,7.69,7.94,7.6,7.68,37043012.0,343360320.0,2185405286.0,0.016950179555848297
2015-01-12,7.56,7.56,7.14,7.3,41992636.0,365495296.0,2185405286.0,0.01921503359995076
2015-01-13,7.33,7.51,7.18,7.28,32924380.0,286412512.0,2185405286.0,0.015065571686367744
2015-01-14,7.25,7.25,7.0,7.06,40837696.0,345302816.0,2185405286.0,0.01868655496607964
2015-01-15,7.02,7.34,6.99,7.33,44556836.0,380133536.0,2185405286.0,0.02038836287504065
2015-01-16,7.25,7.29,7.1,7.22,51576040.0,442171840.0,2185405286.0,0.02360021746556716
2015-01-19,6.72,6.91,6.49,6.49,53685544.0,426439840.0,2185405286.0,0.024565486477001228
2015-01-20,6.51,6.71,6.51,6.65,44730816.0,352557120.0,2185405286.0,0.020467972822501904
2015-01-21,6.71,7.07,6.7,6.96,66676932.0,546716864.0,2185405286.0,0.030510099168855036
2015-01-22,6.89,7.05,6.81,7.02,52631540.0,435823808.0,2185405286.0,0.02408319424189404
2015-01-23,7.03,7.1,6.88,6.91,55562548.0,462244480.0,2185405286.0,0.02542436789914491
2015-01-26,6.92,7.15,6.82,7.13,57834560.0,480621984.0,2185405286.0,0.026463997488473175
2015-01-27,7.06,7.08,6.86,7.0,61570256.0,511330976.0,2185405286.0,0.02817338110895372
2015-01-28,6.92,7.01,6.85,6.89,39202996.0,323061472.0,2185405286.0,0.01793854725763668
2015-01-29,6.86,7.12,6.81,7.0,69168736.0,572906496.0,2185405286.0,0.03165030140775454
2015-01-30,7.06,7.07,6.73,6.76,50121744.0,410325472.0,2378535737.0,0.021072520887669133
2015-02-02,6.6,6.76,6.5,6.55,50325820.0,393682912.0,2378535737.0,0.021158319892840862
2015-02-03,6.55,6.62,6.36,6.55,62891808.0,482542592.0,2378535737.0,0.02644139712583179
2015-02-04,6.49,6.65,6.45,6.47,58103680.0,452305024.0,2466991999.0,0.0235524395796794
2015-02-05,6.56,6.6,6.36,6.42,83328344.0,640284544.0,2466991999.0,0.03377730614196451
2015-02-06,6.5,6.5,6.02,6.09,71311304.0,531259584.0,2466991999.0,0.028906175629635676
2015-02-09,5.81,6.07,5.81,6.03,43980304.0,312440288.0,2736032861.0000005,0.016074479450486394
2015-02-10,6.04,6.18,6.03,6.14,32453844.0,236196000.0,2736032861.0000005,0.011861642622281354
2015-02-11,6.15,6.2,6.05,6.16,45854864.0,334730208.0,2736032861.0000005,0.016759617420399102
2015-02-12,6.14,6.27,6.1,6.26,41823056.0,308916192.0,2736032861.0000005,0.015286021084086677
2015-02-13,6.28,6.42,6.23,6.29,60836784.0,459082208.0,2736032861.0000005,0.022235399606189157
2015-02-16,6.3,6.43,6.23,6.35,75196784.0,567116160.0,2736032861.0000005,0.027483874580554603
2015-02-17,6.35,6.58,6.34,6.47,110893720.0,854468736.0,2736032861.0000005,0.04053084360963016
2015-02-25,6.48,6.5,6.35,6.39,37036344.0,282808800.0,2736032861.0000005,0.013536512856963084
2015-02-26,6.38,6.67,6.25,6.64,84770336.0,658137536.0,2736032861.0000005,0.030982937817865625
2015-02-27,6.67,6.7,6.55,6.61,59363156.0,467727392.0,2736032861.0000005,0.02169679934995488
2015-03-02,6.67,6.71,6.53,6.71,74387032.0,587414976.0,2736032861.0000005,0.027187916146888702
2015-03-03,6.67,6.87,6.59,6.72,108596520.0,869623808.0,2736032861.0000005,0.039691233810806185
2015-03-04,6.72,6.74,6.6,6.67,50331312.0,399258240.0,2736032861.0000005,0.01839572642472001
2015-03-05,6.62,6.63,6.43,6.48,56473660.0,438127264.0,2736032861.0000005,0.020640709695043384
2015-03-06,6.46,6.72,6.46,6.6,57054540.0,449034464.0,2736032861.0000005,0.02085301708662482
2015-03-09,6.54,6.86,6.44,6.74,74943368.0,594539072.0,2736032861.0000005,0.02739125288597913
2015-03-10,6.7,7.0,6.67,6.91,111947240.0,915115904.0,2736032861.0000005,0.04091589746443472
2015-03-11,6.92,7.05,6.82,6.86,82377752.0,680422720.0,2736032861.0000005,0.030108465864657603
2015-03-12,6.87,6.96,6.81,6.92,67702008.0,555250496.0,2736032861.0000005,0.024744588767568895
2015-03-13,6.94,7.18,6.88,7.06,95938584.0,804915456.0,2736032861.0000005,0.03506485077994828
2015-03-16,7.14,7.24,7.09,7.22,76381200.0,651927680.0,2736032861.0000005,0.02791676996601686
2015-03-17,7.31,7.94,7.18,7.91,203817344.0,1877748352.0,2736032861.0000005,0.07449374856028089
2015-03-18,7.9,7.91,7.66,7.8,158592528.0,1464848256.0,2736032861.0000005,0.05796440907586013
2015-03-19,7.69,7.75,7.59,7.71,100248448.0,913166464.0,2736032861.0000005,0.03664007455062506
2015-03-20,7.72,7.78,7.6,7.74,78700808.0,721230400.0,2736032861.0000005,0.02876456972495404
2015-03-23,7.75,7.8,7.63,7.72,108820728.0,997073600.0,2736032861.0000005,0.03977318019500205
2015-03-24,7.71,7.81,7.41,7.68,111848392.0,1016702080.0,2736032861.0000005,0.04087976924338555
2015-03-25,7.67,7.67,7.53,7.57,64846780.0,585684352.0,2736032861.0000005,0.023701023816029374
2015-03-26,7.53,7.71,7.45,7.67,80342632.0,727315776.0,2736032861.0000005,0.02936464438904266
2015-03-27,7.67,7.7,7.51,7.61,56749700.0,514935072.0,2736032861.0000005,0.020741600296152286
2015-03-30,7.7,7.98,7.67,7.88,144670144.0,1351773824.0,2736032861.0000005,0.05287587954887504
2015-03-31,7.89,8.02,7.57,7.63,128440720.0,1188833792.0,2736032861.0000005,0.0469441437750334
2015-04-01,7.59,7.72,7.59,7.67,66128000.0,602223872.0,2736032861.0000005,0.024169300355490135
2015-04-02,7.67,7.72,7.64,7.72,75805320.0,691726848.0,2736032861.0000005,0.027706290037866614
2015-04-03,7.69,7.96,7.66,7.83,106102024.0,986143744.0,2736032861.0000005,0.038779513766958366
2015-04-07,7.85,8.29,7.81,8.18,155077504.0,1484475264.0,2736032861.0000005,0.05667969351191209
2015-04-08,8.18,8.18,7.78,8.04,125750784.0,1200941184.0,2736032861.0000005,0.04596099184058739
2015-04-09,8.04,8.21,7.8,8.17,128083312.0,1221683968.0,2736032861.0000005,0.046813513765030755
2015-04-10,8.1,8.83,8.06,8.5,202775232.0,2047924352.0,2736032861.0000005,0.07411286424604092
2015-04-13,8.49,8.6,8.33,8.55,121034520.0,1221103488.0,2736032861.0000005,0.044237231842223834
2015-04-14,8.55,8.81,8.42,8.67,116782960.0,1198472576.0,2736032861.0000005,0.04268331775712542
2015-04-15,8.55,9.12,8.38,8.7,177236624.0,1849563904.0,2736032861.0000005,0.0647786898053634
2015-04-16,8.4,9.08,8.3,8.86,138374240.0,1434643200.0,2736032861.0000005,0.050574772683623835
2015-04-17,9.06,9.74,8.95,9.74,329601888.0,3784034560.0,2736032861.0000005,0.12046707943395565
2015-04-20,9.78,10.71,9.49,10.08,388351584.0,4687887872.0,2736032861.0000005,0.1419396636406115
2015-04-21,9.83,10.63,9.38,9.67,241492864.0,2820269312.0,2736032861.0000005,0.0882638755704623
2015-04-22,9.49,10.24,9.37,9.78,195829616.0,2277828096.0,2736032861.0000005,0.07157429239662921
2015-04-23,9.78,9.79,9.41,9.57,124290040.0,1418612864.0,2736032861.0000005,0.04542710059212259
2015-04-24,9.46,10.07,9.37,9.9,201782528.0,2367926272.0,2736032861.0000005,0.07375003819444256
2015-04-27,10.16,10.89,9.93,10.89,319361248.0,4027320320.0,2736032861.0000005,0.11672420041156806
2015-04-28,10.94,11.98,10.55,11.98,354333152.0,4814834688.0,2736032861.0000005,0.12950617554735572
2015-04-29,11.85,11.85,10.78,11.03,260311872.0,3459749120.0,2736032861.0000005,0.09514208535670067
2015-04-30,10.92,11.25,10.51,10.71,160839920.0,2073132160.0,2736032861.0000005,0.05878581441496801
2015-05-04,10.66,10.68,10.09,10.39,121195648.0,1501390720.0,2736032861.0000005,0.044296122947771854
2015-05-05,10.4,10.74,9.88,9.9,124147072.0,1532119936.0,2736032861.0000005,0.045374846833756644
2015-05-06,9.89,10.08,9.08,9.34,135964992.0,1550659968.0,2736032861.0000005,0.04969421016029236
2015-05-07,9.33,9.33,8.76,8.77,108450752.0,1156519424.0,2736032861.0000005,0.03963795667291877
2015-05-08,8.87,9.12,8.73,9.11,104777392.0,1111692416.0,2736032861.0000005,0.03829537045900268
2015-05-11,9.2,9.43,8.91,9.41,118476960.0,1295032960.0,2736032861.0000005,0.04330246236761116
2015-05-12,9.4,9.62,9.29,9.58,127316520.0,1435655808.0,2736032861.0000005,0.0465332568971656
2015-05-13,9.54,9.54,9.12,9.19,119035080.0,1320278528.0,2736032861.0000005,0.04350645114565383
2015-05-14,9.2,9.39,9.03,9.27,83887592.0,919310784.0,2736032861.0000005,0.0306603013420459
2015-05-15,9.27,9.28,8.89,8.97,74434304.0,800101248.0,2736032861.0000005,0.027205193717152503
2015-05-18,8.99,9.81,8.91,9.42,153330976.0,1720184320.0,2736032861.0000005,0.0560413503016037
2015-05-19,9.33,9.75,9.28,9.69,118210560.0,1345163008.0,2736032861.0000005,0.04320509511599758
2015-05-21,10.65,10.65,10.08,10.65,62444440.0,787554176.0,2736032861.0000005,0.022822986116174424
2015-05-22,11.72,11.72,10.71,10.76,312093920.0,4178292992.0,2736032861.0000005,0.11406804517908162
2015-05-25,10.5,11.03,10.25,10.89,171493824.0,2194102016.0,2736032861.0000005,0.06267973840684071
2015-05-26,10.9,11.01,10.55,10.86,152650048.0,1959323264.0,2736032861.0000005,0.05579247609774961
2015-05-27,10.86,10.86,10.44,10.5,138462224.0,1742317568.0,2736032861.0000005,0.05060693019212973
2015-05-28,10.49,10.75,9.98,10.07,157661056.0,1965764608.0,2736032861.0000005,0.057623962872425445
2015-05-29,9.91,10.17,9.24,9.59,116563904.0,1335812096.0,2736032861.0000005,0.04260325439124906
2015-06-01,9.49,10.15,9.49,10.09,97439056.0,1142061312.0,2736032861.0000005,0.03561326232185191
2015-06-02,10.12,10.31,10.01,10.26,105976888.0,1280717696.0,2736032861.0000005,0.03873377747417339
2015-06-03,10.26,10.65,10.18,10.54,122373528.0,1517945344.0,2736032861.0000005,0.044726629473036864
2015-06-04,10.54,10.56,9.66,10.25,98100592.0,1183919872.0,2736032861.0000005,0.035855048891534486
2015-06-05,10.4,10.81,10.36,10.8,168926256.0,2134902400.0,2736032861.0000005,0.061741311081424166
2015-06-08,11.01,11.76,10.94,11.22,252895424.0,3396887808.0,2736032861.0000005,0.09243142785484255
2015-06-09,11.19,11.19,10.74,10.9,135972720.0,1765395456.0,2736032861.0000005,0.049697034687771605
2015-06-10,10.74,11.11,10.56,10.95,110267960.0,1432350080.0,2736032861.0000005,0.0403021329062904
2015-06-11,10.92,10.92,10.6,10.72,96369296.0,1229620736.0,2736032861.0000005,0.03522227286582286
2015-06-12,10.76,11.01,10.5,10.84,128185064.0,1648245120.0,2736032861.0000005,0.04685070337684076
2015-06-15,10.9,11.56,10.88,11.07,189050544.0,2531746560.0,2736032861.0000005,0.06909659116115417
2015-06-16,10.84,10.91,10.09,10.25,107496752.0,1348626560.0,2736032861.0000005,0.03928927665024853
2015-06-17,10.21,10.59,9.75,10.5,85264768.0,1032921536.0,2736032861.0000005,0.031163649097707233
2015-06-18,10.56,11.37,10.29,10.64,156481760.0,2039078272.0,2736032861.0000005,0.05719293880951672
2015-06-19,10.12,10.41,9.57,9.6,94546808.0,1134712320.0,2736032861.0000005,0.03455616683106789
2015-06-23,9.61,9.91,8.7,9.83,91171456.0,1018488768.0,2736032861.0000005,0.03332250036159196
2015-06-24,9.93,10.52,9.83,10.48,126583232.0,1531326336.0,2736032861.0000005,0.046265245496260134
2015-06-25,10.59,11.43,10.32,10.78,262318944.0,3430641408.0,2736032861.0000005,0.09587565549345205
2015-06-26,10.23,10.5,9.7,9.7,145456192.0,1741328896.0,2736032861.0000005,0.05316317434390638
2015-06-29,10.01,10.39,8.91,10.18,176984464.0,2089182080.0,2736032861.0000005,0.06468652716960184
2015-06-30,10.2,10.92,9.16,10.79,201425008.0,2419393536.0,2736032861.0000005,0.07361936724925906
2015-07-01,10.8,11.83,10.52,10.96,337472256.0,4508987904.0,2736032861.0000005,0.12334364137595054
2015-07-02,10.92,11.44,9.87,9.87,282684992.0,3619756032.0,2736032861.0000005,0.10331929708500674
2015-07-03,8.89,9.39,8.89,8.89,125019512.0,1327271168.0,2736032861.0000005,0.04569371727293738
2015-07-06,9.56,9.56,8.0,8.0,198499680.0,1991997312.0,2736032861.0000005,0.07255018126041432
2015-07-07,7.2,7.46,7.2,7.2,69992072.0,600018688.0,2736032861.0000005,0.025581590410583884
2015-07-08,6.49,7.12,6.49,6.49,331205184.0,2611135232.0,2736032861.0000005,0.12105307239582892
2015-07-09,6.05,7.13,6.05,7.13,91947176.0,752224320.0,2736032861.0000005,0.03360602034815984
2015-07-10,7.35,7.85,7.35,7.85,87682504.0,806259648.0,2736032861.0000005,0.03204731392295949
2015-07-13,8.09,8.63,7.85,8.63,139234496.0,1377429376.0,2736032861.0000005,0.05088918995991546
2015-07-14,8.34,8.99,8.15,8.24,113409216.0,1140978688.0,2736032861.0000005,0.041450238999888964
2015-07-15,7.92,8.17,7.41,7.41,76222432.0,692449536.0,2736032861.0000005,0.027858741423208364
2015-07-16,7.41,7.87,6.95,7.51,61535808.0,547634240.0,2736032861.0000005,0.02249088776569339
2015-07-17,7.66,8.09,7.52,7.94,58516016.0,545081728.0,2736032861.0000005,0.021387175875735943
2015-07-20,7.92,8.63,7.83,8.35,94464960.0,928331584.0,2736032861.0000005,0.03452625198568475
2015-07-21,8.15,8.47,8.02,8.24,71690576.0,704599936.0,2736032861.0000005,0.026202381200128425
2015-07-22,8.24,8.8,8.15,8.59,126104224.0,1287815040.0,2736032861.0000005,0.04609017157561105
2015-07-23,8.58,9.35,8.58,9.15,145389920.0,1545058304.0,2736032861.0000005,0.05313895241260407
2015-07-24,9.11,9.54,8.6,8.88,148638400.0,1608183680.0,2736032861.0000005,0.054326248093991725
2015-07-27,8.58,9.0,7.99,7.99,85262504.0,864362752.0,2736032861.0000005,0.03116282162226559
2015-07-28,7.56,8.13,7.19,7.57,96754096.0,869742912.0,2736032861.0000005,0.03536291445148691
2015-07-29,7.88,8.33,7.63,8.33,76013304.0,720277312.0,2736032861.0000005,0.02778230666872096
2015-07-30,8.26,8.74,7.9,8.02,81917656.0,820243840.0,2736032861.0000005,0.02994030414169064
2015-07-31,7.94,8.3,7.85,8.15,59284604.0,569912896.0,2736032861.0000005,0.02166808916846558
2015-08-03,8.07,8.31,7.48,8.02,61192460.0,578275456.0,2736032861.0000005,0.02236539658285924
2015-08-04,8.15,8.69,8.04,8.61,61849644.0,616416320.0,2736032861.0000005,0.022605592528371313
2015-08-05,8.62,8.67,8.26,8.36,51843612.0,521717344.0,2736032861.0000005,0.01894846101411645
2015-08-06,8.13,8.89,8.04,8.48,63936640.0,650013312.0,2736032861.0000005,0.0233683743025775
2015-08-07,8.68,9.33,8.68,9.33,130324136.0,1415730944.0,2736032861.0000005,0.04763251854817543
2015-12-25,9.11,10.27,8.41,9.91,269321321.0,3039247008.0,2736032861.0000005,0.09843497307322727
2015-12-28,9.49,9.68,8.92,8.92,175215653.0,1909616520.0,2736032861.0000005,0.06404003968576603
2015-12-29,8.76,9.09,8.55,8.96,87917340.0,925287384.0,2736032861.0000005,0.03213314476342467
2015-12-30,8.83,8.84,8.2,8.27,116874636.0,1175857018.0,2736032861.0000005,0.0427168246646289
2015-12-31,8.21,8.41,7.75,7.78,98243436.0,941709269.0,2736032861.0000005,0.03590725732880735
2016-01-04,7.77,7.83,7.01,7.01,56882095.0,500036131.0,2736032861.0000005,0.020789989700346654
2016-01-05,6.87,7.31,6.65,7.24,76014733.0,639468736.0,2736032861.0000005,0.027782828957769592
2016-01-06,7.24,7.3,7.07,7.29,66618658.0,570173455.0,2736032861.0000005,0.02434863226593388
2016-01-07,7.18,7.18,6.56,6.57,13068200.0,105990177.0,2736032861.0000005,0.0047763315222843
2016-01-08,6.75,6.95,6.37,6.78,58901840.0,470251760.0,2736032861.0000005,0.021528191725910705
2016-01-11,6.56,7.1,6.47,6.53,57918491.0,465418543.0,2736032861.0000005,0.02116878485839209
2016-01-12,6.57,6.74,6.43,6.61,36035017.0,281297361.0,2736032861.0000005,0.0131705351619313
2016-01-13,6.6,6.71,6.3,6.31,40588270.0,316955344.0,2736032861.0000005,0.014834715832018654
2016-01-14,6.07,6.45,5.8,6.35,49015362.0,357535047.0,2736032861.0000005,0.017914756324266236
2016-01-15,6.27,6.28,5.72,5.79,52673243.0,373035417.0,2736032861.0000005,0.01925168507689206
2016-01-18,5.65,6.32,5.64,6.04,56646117.0,404556878.0,2736032861.0000005,0.020703741467233784
2016-01-19,5.96,6.27,5.9,6.15,54387244.0,393303782.0,2736032861.0000005,0.01987813990659522
2016-01-20,6.11,6.33,6.02,6.08,49665125.0,363449050.0,2736032861.0000005,0.018152239948553743
2016-01-21,5.96,6.11,5.73,5.74,38835872.0,274476649.0,2736032861.0000005,0.014194227179642048
2016-01-22,5.83,5.89,5.64,5.85,28541061.0,196304407.0,2736032861.0000005,0.010431549052948305
2016-01-25,5.89,5.94,5.83,5.88,20480968.0,142950036.0,2736032861.0000005,0.007485644011057072
2016-01-26,5.83,5.84,5.29,5.31,33975967.0,224615004.0,2736032861.0000005,0.0124179674463347
2016-01-27,5.31,5.39,4.94,5.16,29182461.0,179488438.0,2736032861.0000005,0.010665976061900813
2016-01-28,5.07,5.23,4.81,4.83,21913449.0,131517138.0,2736032861.0000005,0.008009205339730749
2016-01-29,4.82,5.22,4.82,5.14,34734003.0,208430834.0,2736032861.0000005,0.012695024060239164
2016-02-01,5.12,5.16,4.89,5.0,20994616.0,125715120.0,2736032861.0000005,0.00767337859835741
2016-02-02,5.05,5.22,5.05,5.19,25003484.0,153252415.0,2736032861.0000005,0.009138590532447555
2016-02-03,5.12,5.18,5.05,5.14,18210466.0,110240394.0,2736032861.0000005,0.006655792135970255
2016-02-04,5.18,5.29,5.16,5.24,21523189.0,133675416.0,2736032861.0000005,0.007866568163999839
2016-02-05,5.25,5.28,5.11,5.13,20861862.0,128858971.0,2736032861.0000005,0.007624857982288684
2016-02-15,4.89,5.05,4.87,5.02,14365100.0,84856872.0,2736032861.0000005,0.005250338987065257
2016-02-16,5.1,5.53,5.09,5.53,46439128.0,298974276.0,2736032861.0000005,0.016973161639230763
2016-02-17,5.63,5.64,5.46,5.58,47972784.0,316465067.0,2736032861.0000005,0.017533701690434483
2016-02-18,5.61,5.94,5.5,5.65,45864010.0,309130440.0,2736032861.0000005,0.016762960216507427
2016-02-19,5.65,5.68,5.5,5.58,24438388.0,161886685.0,2736032861.0000005,0.008932052077425687
2016-02-22,5.64,5.74,5.62,5.67,27869586.0,187722685.0,2736032861.0000005,0.010186129851457218
2016-02-23,5.68,5.76,5.57,5.68,24648291.0,165608273.0,2736032861.0000005,0.009008770088744924
2016-02-24,5.7,5.92,5.64,5.89,39495087.0,271019679.0,2736032861.0000005,0.01443516544079987
2016-02-25,5.83,5.84,5.3,5.3,40508658.0,266970222.0,2736032861.0000005,0.014805618228281942
2016-02-26,5.39,5.6,5.12,5.43,27251826.0,173990844.0,2736032861.0000005,0.009960343089607356
2016-02-29,5.37,5.45,4.89,5.05,35286890.0,212128650.0,2736032861.0000005,0.012897100215054762
2016-03-01,5.05,5.16,4.92,5.1,28486220.0,170731199.0,2736032861.0000005,0.010411505068542375
2016-03-02,5.1,5.49,5.08,5.42,38625589.0,243419667.0,2736032861.0000005,0.014117370281102042
2016-03-03,5.37,5.8,5.35,5.64,59291199.0,393974199.0,2736032861.0000005,0.021670499592731315
2016-03-04,5.56,5.78,5.4,5.53,38633727.0,257030469.0,2736032861.0000005,0.014120344660582639
2016-03-07,5.64,5.81,5.64,5.74,36237129.0,246832577.0,2736032861.0000005,0.013244405619732063
2016-03-08,5.86,6.27,5.64,6.17,77415115.0,548576368.0,2736032861.0000005,0.028294658336707742
2016-03-09,5.9,5.96,5.69,5.74,42537804.0,293260231.0,2736032861.0000005,0.015547256250589307
2016-03-10,5.79,5.82,5.57,5.61,23848857.0,161288920.0,2736032861.0000005,0.008716582808615614
2016-03-11,5.51,5.59,5.37,5.49,21900300.0,142659742.0,2736032861.0000005,0.008004399476399415
2016-03-14,5.57,5.76,5.53,5.69,27621131.0,186383106.0,2736032861.0000005,0.010095321366098167
2016-03-15,5.69,5.69,5.5,5.58,18779093.0,124207534.0,2736032861.0000005,0.006863621145667225
2016-03-16,5.6,5.62,5.41,5.48,17530561.0,115160495.0,2736032861.0000005,0.0064072918311341865
2016-03-17,5.53,5.7,5.52,5.65,21160387.0,141420897.0,2736032861.0000005,0.007733966686447629
2016-03-18,5.66,5.94,5.66,5.83,30020323.0,206935377.0,2736032861.0000005,0.010972208494976843
2016-03-21,5.86,6.07,5.86,5.96,35079817.0,247465693.0,2736032861.0000005,0.012821416548037576
2016-03-22,5.96,5.96,5.82,5.91,27121083.0,189432893.0,2736032861.0000005,0.009912557479330654
2016-03-23,5.86,5.94,5.82,5.89,17801485.0,124075796.0,2736032861.0000005,0.006506312571660299
2016-03-24,5.84,5.84,5.67,5.69,25184869.0,172410978.0,2736032861.0000005,0.00920488542334068
2016-03-25,5.71,5.78,5.64,5.72,16040606.0,108737005.0,2736032861.0000005,0.0058627241758117165
2016-03-28,5.75,5.83,5.58,5.62,29880499.0,203292478.0,2736032861.0000005,0.01092110384561642
2016-03-29,5.58,5.63,5.35,5.41,32624032.0,211118122.0,2736032861.0000005,0.011923845091566682
2016-03-30,5.48,5.55,5.43,5.55,31788004.0,207062805.0,2736032861.0000005,0.011618282972077211
2016-03-31,5.57,5.66,5.53,5.59,31499389.0,209703056.0,2736032861.0000005,0.011512796300438876
2016-04-01,5.63,5.69,5.52,5.61,27280934.0,181600397.0,2736032861.0000005,0.009970981850718347
2016-04-05,5.69,6.02,5.62,5.89,68291902.0,473136820.0,2736032861.0000005,0.02496019071022407
2016-04-06,5.83,5.85,5.72,5.8,36472980.0,250673959.0,2736032861.0000005,0.01333060743527378
2016-04-07,5.84,5.87,5.72,5.75,34197764.0,234985420.0,2736032861.0000005,0.01249903262766404
2016-04-08,5.68,5.73,5.58,5.65,28078533.0,188996325.0,2736032861.0000005,0.010262498451768411
2016-04-11,5.72,5.85,5.69,5.8,28699926.0,197705274.0,2736032861.0000005,0.010489613048547371
2016-04-12,5.8,6.18,5.77,5.96,64429944.0,455474895.0,2736032861.0000005,0.023548673306669026
2016-04-13,6.0,6.38,6.0,6.1,87248390.0,643056206.0,2736032861.0000005,0.03188864843096634
2016-04-14,6.07,6.19,6.02,6.08,43132659.0,312143206.0,2736032861.0000005,0.015764671402460906
2016-04-15,6.15,6.28,6.07,6.12,45294656.0,331733241.0,2736032861.0000005,0.01655486549362756
2016-04-18,6.07,6.22,5.96,6.01,44477777.0,320322404.0,2736032861.0000005,0.016256302193586845
2016-04-19,6.07,6.14,5.91,5.98,25358673.0,180761779.0,2736032861.0000005,0.00926840951417944
2016-04-20,6.08,6.12,5.54,5.68,53618768.0,369914410.0,2736032861.0000005,0.019597267549046442
2016-04-21,5.67,5.77,5.61,5.63,27821473.0,187719390.0,2736032861.0000005,0.01016854490184429
2016-04-22,5.57,5.64,5.47,5.57,23615748.0,155968377.0,2736032861.0000005,0.008631383174019559
2016-04-25,5.53,5.57,5.35,5.45,28212205.0,181796512.0,2736032861.0000005,0.010311354590123103
2016-04-26,5.46,5.53,5.45,5.53,19042385.0,124189777.0,2736032861.0000005,0.006959852446011976
2016-04-27,5.54,5.56,5.43,5.46,16264398.0,106010277.0,2736032861.0000005,0.0059445185150501
2016-04-28,5.45,5.48,5.31,5.39,22442728.0,143449218.0,2736032861.0000005,0.00820265294320966
2016-04-29,5.41,5.42,5.37,5.4,15341394.0,98224335.0,2736032861.0000005,0.005607167303682468
2016-05-03,5.42,5.53,5.38,5.53,24482026.0,159568566.0,2736032861.0000005,0.008948001447267704
2016-05-04,5.49,5.65,5.47,5.6,30811422.0,203253571.0,2736032861.0000005,0.011261349393566364
2016-05-05,5.58,5.63,5.55,5.59,20925287.0,138955655.0,2736032861.0000005,0.007648039355913275
2016-05-06,5.61,5.63,5.31,5.32,26990283.0,174866114.0,2736032861.0000005,0.009864751035970834
2016-05-09,5.28,5.28,5.06,5.1,24827245.0,151534652.0,2736032861.0000005,0.009074176466917806
2016-05-10,5.06,5.53,5.06,5.32,29884280.0,187881966.0,2736032861.0000005,0.010922485773463083
2016-05-11,5.27,5.36,5.16,5.22,19847101.0,123530868.0,2736032861.0000005,0.00725397025850999
2016-05-12,5.15,5.21,5.05,5.17,13376118.0,81614782.0,2736032861.0000005,0.00488887329924507
2016-05-13,5.17,5.24,5.12,5.16,12875230.0,79270911.0,2736032861.0000005,0.004705802398621117
2016-05-16,5.16,5.22,5.11,5.2,12060941.0,74034343.0,2736032861.0000005,0.004408185724637756
2016-05-17,5.24,5.25,5.16,5.18,12784403.0,78872827.0,2736032861.0000005,0.004672605794408256
2016-05-18,5.15,5.17,5.08,5.14,16122979.0,98133876.0,2736032861.0000005,0.005892830904855129
2016-05-19,5.16,5.21,5.11,5.14,8870153.0,54402146.0,2736032861.0000005,0.0032419760473044986
2016-05-20,5.1,5.2,5.07,5.17,10220545.0,62531413.0,2736032861.0000005,0.0037355344468576537
2016-05-23,5.19,5.29,5.17,5.23,16659200.0,103106496.0,2736032861.0000005,0.006088815758561899
2016-05-24,5.19,5.21,5.12,5.14,11301162.0,69083494.0,2736032861.0000005,0.004130492056981182
2016-05-25,5.18,5.18,5.1,5.11,8450942.0,51596578.0,2736032861.0000005,0.003088757492814337
2016-05-26,5.11,5.15,4.99,5.1,13549036.0,81422307.0,2736032861.0000005,0.004952073563563825
2016-05-27,5.1,5.16,5.05,5.11,12323598.0,74743402.0,2736032861.0000005,0.0045041849371267465
2016-05-30,5.07,5.11,5.04,5.05,12992974.0,78156908.0,2736032861.0000005,0.004748836969469424
2016-05-31,5.08,5.27,5.08,5.26,26234685.0,162193946.0,2736032861.0000005,0.009588585493235418
2016-06-01,5.26,5.3,5.21,5.26,22170288.0,138273549.0,2736032861.0000005,0.008103078115771212
2016-06-02,5.23,5.27,5.21,5.24,16274172.0,101121612.0,2736032861.0000005,0.005948090840565382
2016-06-03,5.25,5.32,5.21,5.26,22865044.0,142755018.0,2736032861.0000005,0.008357006352490587
2016-06-06,5.26,5.31,5.25,5.27,13722415.0,85969990.0,2736032861.0000005,0.0050154423200109354
2016-06-07,5.29,5.31,5.25,5.28,13830768.0,86708553.0,2736032861.0000005,0.005055044549042789
2016-06-08,5.29,5.42,5.21,5.32,24710195.0,155788939.0,2736032861.0000005,0.009031395547993747
2016-06-13,5.23,5.24,5.1,5.12,16935040.0,104417047.0,2736032861.0000005,0.006189633261133554
2016-06-14,5.14,5.17,5.09,5.15,10056504.0,60331310.0,2736032861.0000005,0.0036755786611146254
2016-06-15,5.09,5.23,5.06,5.19,15613749.0,94206815.0,2736032861.0000005,0.005706711064242586
2016-06-16,5.19,5.21,5.05,5.09,20958757.0,125115837.0,2736032861.0000005,0.007660272396121633
2016-06-17,5.1,5.16,5.09,5.1,13779141.0,82342103.0,2736032861.0000005,0.005036175258130424
2016-06-20,5.11,5.12,4.99,5.05,13208266.0,77699265.0,2736032861.0000005,0.004827524620874792
2016-06-21,5.07,5.12,5.0,5.02,13265021.0,78438263.0,2736032861.0000005,0.004848268158282182
2016-06-22,5.01,5.06,5.01,5.06,8222701.0,48383838.0,2736032861.0000005,0.0030053370766148844
2016-06-23,5.06,5.06,5.01,5.02,9116120.0,53521990.0,2736032861.0000005,0.003331875186860191
2016-06-24,5.03,5.05,4.86,4.94,19583711.0,113637859.0,2736032861.0000005,0.007157703139881988
2016-06-27,4.97,5.03,4.94,5.02,11190678.0,65359719.0,2736032861.0000005,0.004090110963034957
2016-06-28,4.98,5.07,4.96,5.05,17579769.0,102999671.0,2736032861.0000005,0.006425276995238544
2016-06-29,5.07,5.14,5.03,5.08,18698046.0,111138638.0,2736032861.0000005,0.0068339990599257635
2016-06-30,5.07,5.1,5.04,5.05,11101413.0,65560402.0,2736032861.0000005,0.004057485258397998
2016-07-01,5.05,5.09,5.04,5.05,9700030.0,57323661.0,2736032861.0000005,0.0035452900212809245
2016-07-04,5.04,5.22,5.03,5.19,28628474.0,171947651.0,2736032861.0000005,0.010463497865130355
2016-07-05,5.4,5.49,5.28,5.31,53225771.0,334555385.0,2736032861.0000005,0.0194536300198333
2016-07-06,5.25,5.3,5.24,5.28,24427909.0,150212229.0,2736032861.0000005,0.008928222079566608
2016-07-07,5.28,5.34,5.22,5.28,26702160.0,164258035.0,2736032861.0000005,0.009759444186734129
2016-07-08,5.26,5.27,5.21,5.24,19458545.0,118918645.0,2736032861.0000005,0.007111955882316428
2016-07-11,5.25,5.29,5.21,5.23,16566328.0,101548308.0,2736032861.0000005,0.006054871721805682
2016-07-12,5.22,5.43,5.22,5.41,44266961.0,275393276.0,2736032861.0000005,0.016179250487445073
2016-07-13,5.43,5.5,5.39,5.46,44268370.0,281160388.0,2736032861.0000005,0.016179765466639982
2016-07-14,5.46,5.61,5.43,5.47,43427518.0,280023619.0,2736032861.0000005,0.015872440210432104
2016-07-15,5.55,5.58,5.42,5.48,22523359.0,144240846.0,2736032861.0000005,0.008232122983993647
2016-07-18,5.47,5.48,5.4,5.44,19813850.0,125729997.0,2736032861.0000005,0.007241817261199918
2016-07-19,5.44,5.49,5.4,5.45,14776948.0,93884911.0,2736032861.0000005,0.005400866418906654
2016-07-20,5.45,5.46,5.37,5.38,16488892.0,104070812.0,2736032861.0000005,0.006026569430154223
2016-07-21,5.38,5.43,5.36,5.39,10561174.0,66535444.0,2736032861.0000005,0.003860031855077927
2016-07-22,5.39,5.39,5.3,5.34,13305464.0,82906107.0,2736032861.0000005,0.00486304977899167
2016-07-25,5.3,5.35,5.26,5.28,18719884.0,115873875.0,2736032861.0000005,0.00684198068920781
2016-07-26,5.28,5.34,5.27,5.34,12505871.0,77553343.0,2736032861.0000005,0.00457080438552525
2016-07-27,5.34,5.41,5.14,5.19,27335013.0,168724595.0,2736032861.0000005,0.009990747329697366
2016-07-28,5.18,5.34,5.16,5.31,23103847.0,141909348.0,2736032861.0000005,0.008444287102442077
2016-07-29,5.27,5.32,5.18,5.22,13209922.0,80825072.0,2736032861.0000005,0.004828129876763201
2016-08-01,5.34,5.46,5.32,5.34,35945041.0,225590677.0,2736032861.0000005,0.013137649591994427
2016-08-02,5.3,5.4,5.28,5.39,19639674.0,122217853.0,2736032861.0000005,0.007178157207081877
2016-08-03,5.39,5.46,5.37,5.46,26938514.0,170489989.0,2736032861.0000005,0.009845829845097024
2016-08-04,5.46,5.46,5.34,5.4,16773887.0,105496414.0,2736032861.0000005,0.006130733018268378
2016-08-05,5.4,5.42,5.36,5.37,14854242.0,93460034.0,2736032861.0000005,0.005429116810596668
2016-08-08,5.36,5.54,5.36,5.52,30275502.0,193516471.0,2736032861.0000005,0.011065474553158152
2016-08-09,5.51,5.53,5.46,5.52,17800940.0,114247331.0,2736032861.0000005,0.006506113378146301
2016-08-10,5.52,5.52,5.42,5.43,16573676.0,105785160.0,2736032861.0000005,0.006057557362064153
2016-08-11,5.43,5.5,5.4,5.4,13852156.0,88176817.0,2736032861.0000005,0.00506286170661603
2016-08-12,5.41,5.56,5.38,5.52,18956316.0,120819325.0,2736032861.0000005,0.006928394856000232
2016-08-15,5.54,5.71,5.51,5.64,42596619.0,279346528.0,2736032861.0000005,0.015568752702930344
2016-08-16,5.65,5.81,5.64,5.67,50163864.0,334871509.0,2736032861.0000005,0.018334525405394972
2016-08-17,5.64,5.7,5.63,5.65,18547794.0,122427144.0,2736032861.0000005,0.0067790830528332595
2016-08-18,5.65,5.7,5.62,5.64,16570880.0,109589825.0,2736032861.0000005,0.006056535444513434
2016-08-19,5.6,5.81,5.6,5.8,32253652.0,215585120.0,2736032861.0000005,0.011788473910438167
2016-08-22,5.79,5.94,5.67,5.69,28613878.0,193529701.0,2736032861.0000005,0.010458163133882037
2016-08-23,5.69,5.75,5.64,5.69,16852706.0,111975674.0,2736032861.0000005,0.006159540786304905
2016-08-24,5.7,5.7,5.6,5.61,12199819.0,80372579.0,2736032861.0000005,0.004458944617916999
2016-08-25,5.58,5.62,5.47,5.55,15263209.0,98505259.0,2736032861.0000005,0.005578591258009016
2016-08-26,5.55,5.59,5.5,5.52,13028048.0,84379938.0,2736032861.0000005,0.004761656259946506
2016-08-29,5.52,5.58,5.5,5.57,11434953.0,74012932.0,2736032861.0000005,0.004179391688965536
2016-08-30,5.64,5.65,5.54,5.55,21547381.0,140397622.0,2736032861.0000005,0.007875410163065288
2016-08-31,5.56,5.59,5.52,5.57,11323755.0,73488297.0,2736032861.0000005,0.0041387496332413376
2016-09-01,5.55,5.68,5.54,5.58,27945755.0,183342569.0,2736032861.0000005,0.010213969063875214
2016-09-02,5.57,5.61,5.52,5.58,15707461.0,102228737.0,2736032861.0000005,0.005740962114855241
2016-09-05,5.59,5.62,5.57,5.58,13789763.0,90008865.0,2736032861.0000005,0.005040057521443635
2016-09-06,5.6,5.66,5.52,5.64,15711488.0,102711687.0,2736032861.0000005,0.005742433953902719
2016-09-07,5.65,5.7,5.64,5.67,25197870.0,167111845.0,2736032861.0000005,0.009209637193754448
2016-09-08,5.69,5.76,5.64,5.74,21202700.0,140944058.0,2736032861.0000005,0.007749431778480381
2016-09-09,5.79,5.94,5.74,5.76,57251234.0,390710194.0,2736032861.0000005,0.02092490730505155
2016-09-12,5.64,5.67,5.52,5.65,31911588.0,208733725.0,2736032861.0000005,0.011663452020213143
2016-09-13,5.65,5.67,5.56,5.61,14199305.0,92999935.0,2736032861.0000005,0.005189742127150569
2016-09-14,5.57,5.58,5.51,5.53,13736332.0,88724772.0,2736032861.0000005,0.005020528881725298
2016-09-19,5.54,5.6,5.53,5.57,9189050.0,59693642.0,2736032861.0000005,0.0033585305684674664
2016-09-20,5.6,5.6,5.5,5.53,13598367.0,87769681.0,2736032861.0000005,0.00497010368326859
2016-09-21,5.53,5.6,5.51,5.56,13818554.0,89619440.0,2736032861.0000005,0.005050580421373089
2016-09-22,5.59,5.62,5.55,5.57,14733821.0,95980515.0,2736032861.0000005,0.005385103815827305
2016-09-23,5.58,5.77,5.58,5.69,37064368.0,245787301.0,2736032861.0000005,0.013546755424002195
2016-09-26,5.66,5.67,5.55,5.56,19670156.0,128516425.0,2736032861.0000005,0.007189298155143757
2016-09-27,5.52,5.58,5.48,5.57,14893349.0,96216047.0,2736032861.0000005,0.005443410133077344
2016-09-28,5.58,5.59,5.55,5.57,10268000.0,66786114.0,2736032861.0000005,0.003752878902283037
2016-09-29,5.56,5.62,5.55,5.58,11759365.0,76754868.0,2736032861.0000005,0.004297961902293102
2016-09-30,5.56,5.6,5.55,5.57,9024298.0,58716554.0,2736032861.0000005,0.0032983149174245236
2016-10-10,5.6,5.75,5.58,5.73,26801771.0,178588737.0,2736032861.0000005,0.009795851278702897
2016-10-11,5.72,5.78,5.69,5.75,23219620.0,155688836.0,2736032861.0000005,0.008486601287205811
2016-10-12,5.74,5.76,5.69,5.72,12109849.0,80865910.0,2736032861.0000005,0.0044260612409362425
2016-10-13,5.73,5.87,5.7,5.8,24087754.0,162594348.0,2736032861.0000005,0.008803897914879611
2016-10-14,5.78,5.8,5.72,5.8,16489862.0,110779049.0,2736032861.0000005,0.006026923958059873
2016-10-17,5.79,5.87,5.73,5.76,19832750.0,134432182.0,2736032861.0000005,0.0072487250729698005
2016-10-18,5.75,5.99,5.72,5.95,46256399.0,317684204.0,2736032861.0000005,0.016906375526167333
2016-10-19,5.93,6.11,5.89,5.92,47954600.0,335309836.0,2736032861.0000005,0.017527055571427946
2016-10-20,5.9,5.93,5.82,5.87,23987125.0,164295716.0,2736032861.0000005,0.008767118751356252
2016-10-21,5.83,6.05,5.83,5.96,33292551.0,230736797.0,2736032861.0000005,0.012168183896677254
2016-10-24,6.0,6.24,5.98,6.12,60472822.0,432266479.0,2736032861.0000005,0.02210237415712091
2016-10-25,6.11,6.15,6.03,6.07,28580436.0,202237986.0,2736032861.0000005,0.010445940327468895
2016-10-26,6.06,6.09,6.0,6.02,21763455.0,153253274.0,2736032861.0000005,0.007954383629751293
2016-10-27,6.03,6.05,5.85,5.95,29344715.0,204068346.0,2736032861.0000005,0.010725278712213536
2016-10-28,5.92,5.97,5.82,5.84,19697027.0,135622005.0,2736032861.0000005,0.007199119309115636
2016-10-31,5.86,5.86,5.77,5.82,21585755.0,146137393.0,2736032861.0000005,0.007889435579406951
2016-11-01,5.83,5.89,5.8,5.88,19996968.0,136662212.0,2736032861.0000005,0.007308745550918292
2016-11-02,5.87,5.87,5.76,5.77,20691459.0,140015748.0,2736032861.0000005,0.0075625769320758155
2016-11-03,5.76,5.89,5.74,5.84,22279408.0,151472633.0,2736032861.0000005,0.00814296067769341
2016-11-04,5.84,5.86,5.78,5.81,12841410.0,87173552.0,2736032861.0000005,0.004693441435972577
2016-11-07,5.8,5.83,5.75,5.81,15466512.0,104448030.0,2736032861.0000005,0.005652897017599087
2016-11-08,5.85,5.87,5.79,5.82,19399814.0,132062642.0,2736032861.0000005,0.0070904901313610345
2016-11-09,5.84,5.88,5.7,5.74,29476702.0,198923697.0,2736032861.0000005,0.010773518995391917
2016-11-10,5.8,6.06,5.8,5.94,52037110.0,359570933.0,2736032861.0000005,0.019019183117917966
2016-11-11,5.96,6.24,5.92,6.14,75009084.0,533222149.0,2736032861.0000005,0.02741527160334789
2016-11-14,6.18,6.45,6.18,6.23,78410769.0,575841345.0,2736032861.0000005,0.028658562591730503
2016-11-15,6.34,6.41,6.15,6.22,59061929.0,430963097.0,2736032861.0000005,0.02158670308455772
2016-11-16,6.42,6.54,6.27,6.39,59682413.0,443081486.0,2736032861.0000005,0.021813485448484892
2016-11-17,6.56,6.8,6.46,6.64,99824298.0,772290790.0,2736032861.0000005,0.036485050827757576
2016-11-18,6.47,6.55,6.34,6.35,66707778.0,501946402.0,2736032861.0000005,0.024381204974131335
2016-11-21,6.31,6.5,6.31,6.41,42837231.0,320219682.0,2736032861.0000005,0.015656694629151237
2016-11-22,6.41,6.45,6.32,6.42,38338278.0,285929746.0,2736032861.0000005,0.014012360211926561
2016-11-23,6.41,6.42,6.24,6.28,34719579.0,256862383.0,2736032861.0000005,0.012689752193732879
2016-11-24,6.31,6.37,6.25,6.35,32861544.0,242202018.0,2736032861.0000005,0.01201065399046024
2016-11-25,6.33,6.35,6.18,6.34,33928681.0,249110359.0,2736032861.0000005,0.01240068475917329
2016-11-28,6.37,6.57,6.32,6.53,58097306.0,438930358.0,2736032861.0000005,0.021234140433081587
2016-11-29,6.5,6.65,6.37,6.52,59258585.0,449126882.0,2736032861.0000005,0.021658579414262375
2016-11-30,6.48,6.53,6.27,6.33,39182442.0,291203525.0,2736032861.0000005,0.014320895979911256
2016-12-01,6.34,6.5,6.29,6.39,41890701.0,313138622.0,2736032861.0000005,0.015310744836847188
2016-12-02,6.38,6.45,6.2,6.21,37920201.0,279440406.0,2736032861.0000005,0.013859556126142591
2016-12-05,6.14,6.29,6.12,6.19,25793486.0,186078745.0,2736032861.0000005,0.009427330485560274
2016-12-06,6.23,6.24,6.15,6.16,12855446.0,92817025.0,2736032861.0000005,0.0046985714913166015
2016-12-07,6.16,6.2,6.12,6.2,17107721.0,123001906.0,2736032861.0000005,0.0062527469036856706
2016-12-08,6.19,6.2,6.1,6.12,19495095.0,139935686.0,2736032861.0000005,0.007125314639998396
2016-12-09,6.12,6.16,6.06,6.15,18952982.0,135402947.0,2736032861.0000005,0.006927176303384317
2016-12-12,6.14,6.17,5.88,5.98,37036417.0,259161998.0,2736032861.0000005,0.01353653953792918
2016-12-13,5.98,6.05,5.88,6.02,15389464.0,107333243.0,2736032861.0000005,0.005624736537109887
2016-12-14,6.0,6.02,5.89,5.93,17578012.0,122368398.0,2736032861.0000005,0.006424634824588825
2016-12-15,5.89,5.98,5.88,5.92,14192659.0,98172667.0,2736032861.0000005,0.005187313062757837
2016-12-16,5.92,5.95,5.88,5.93,13319107.0,92031763.0,2736032861.0000005,0.004868036195710004
2016-12-19,5.93,5.96,5.88,5.9,14645930.0,101171585.0,2736032861.0000005,0.005352980298141236
2016-12-20,5.91,5.93,5.86,5.88,13697212.0,94038447.0,2736032861.0000005,0.005006230807839701
2016-12-21,5.9,6.07,5.9,6.04,29795233.0,208216311.0,2736032861.0000005,0.010889939746231724
2016-12-22,6.02,6.05,5.97,6.0,15021698.0,105181492.0,2736032861.0000005,0.005490320753863196
2016-12-23,6.0,6.02,5.89,5.91,13769308.0,95456913.0,2736032861.0000005,0.0050325813685466545
2016-12-26,5.9,5.91,5.79,5.9,19454614.0,132745763.0,2736032861.0000005,0.00711051913056683
2016-12-27,5.89,5.91,5.86,5.88,11204844.0,76965341.0,2736032861.0000005,0.0040952885324281926
2016-12-28,5.88,5.9,5.84,5.85,8849221.0,60683433.0,2736032861.0000005,0.0032343255543961827
2016-12-29,5.88,5.88,5.79,5.83,7285695.0,49714568.0,2736032861.0000005,0.0026628682366545593
2016-12-30,5.82,5.87,5.82,5.83,6589646.0,44917150.0,2736032861.0000005,0.0024084674178918783
2017-01-03,5.84,5.9,5.81,5.9,11092625.0,76031991.0,2736032861.0000005,0.004054273308671346
2017-01-04,5.9,6.0,5.88,5.97,17639801.0,122555208.0,2736032861.0000005,0.006447218252178732
2017-01-05,5.98,6.09,5.95,5.98,16660591.0,116458060.0,2736032861.0000005,0.006089324158888455
2017-01-06,5.99,6.06,5.94,6.03,22255609.0,156115940.0,2736032861.0000005,0.00813426231725365
2017-01-09,6.01,6.05,5.97,6.04,12588785.0,88364092.0,2736032861.0000005,0.004601108846111917
2017-01-10,6.04,6.11,5.98,6.06,23115205.0,163435188.0,2736032861.0000005,0.008448438368372358
2017-01-11,6.04,6.09,5.97,5.98,15934624.0,111914500.0,2736032861.0000005,0.005823988529938931
2017-01-12,5.96,6.0,5.88,5.88,15081951.0,104493244.0,2736032861.0000005,0.005512342784687043
2017-01-13,5.91,5.98,5.84,5.95,14069667.0,96784577.0,2736032861.0000005,0.0051423603862921574
2017-01-16,5.91,6.08,5.82,6.02,48862255.0,340764126.0,2736032861.0000005,0.017858796835554525
2017-01-17,6.0,6.02,5.94,6.0,12742787.0,89028949.0,2736032861.0000005,0.004657395450777811
2017-01-18,6.0,6.13,5.97,6.11,24968743.0,177230605.0,2736032861.0000005,0.00912589295103499
2017-01-19,6.12,6.18,6.09,6.12,20405604.0,146029419.0,2736032861.0000005,0.007458099020251496
2017-01-20,6.12,6.17,6.1,6.13,17802583.0,127397187.0,2736032861.0000005,0.006506713882629788
2017-01-23,6.14,6.16,6.09,6.12,19000556.0,135825111.0,2736032861.0000005,0.006944564252439363
2017-01-24,6.11,6.14,6.06,6.13,15336157.0,109134662.0,2736032861.0000005,0.005605253218484644
2017-01-25,6.12,6.13,6.08,6.11,11838209.0,84504729.0,2736032861.0000005,0.0043267788076467835
2017-01-26,6.11,6.14,6.1,6.1,16949366.0,120989308.0,2736032861.0000005,0.006194869309356587
2017-02-03,6.12,6.13,6.04,6.06,11031390.0,78256221.0,2736032861.0000005,0.004031892364029614
2017-02-06,6.06,6.07,5.98,6.02,16138732.0,113722382.0,2736032861.0000005,0.005898588511141422
2017-02-07,6.03,6.12,6.0,6.12,19455244.0,137727885.0,2736032861.0000005,0.0071107493909591596
2017-02-08,6.1,6.16,6.03,6.14,24688607.0,176094901.0,2736032861.0000005,0.00902350529188326
2017-02-09,6.13,6.18,6.11,6.16,27555121.0,197482026.0,2736032861.0000005,0.010071195193879652
2017-02-10,6.18,6.27,6.15,6.22,39921932.0,289685826.0,2736032861.0000005,0.014591174166456765
2017-02-13,6.21,6.32,6.21,6.23,45674514.0,333706766.0,2736032861.0000005,0.016693700814436233
2017-02-14,6.24,6.28,6.19,6.28,28801079.0,209853835.0,2736032861.0000005,0.010526583730238317
2017-02-15,6.28,6.36,6.15,6.21,40002751.0,292559145.0,2736032861.0000005,0.014620712919865764
2017-02-16,6.19,6.3,6.18,6.29,27775512.0,202717792.0,2736032861.0000005,0.010151746492492144
2017-02-17,6.29,6.31,6.15,6.16,24215396.0,176047316.0,2736032861.0000005,0.008850550132336293
2017-02-20,6.15,6.39,6.15,6.34,63289139.0,465534752.0,2736032861.0000005,0.023131717422746258
2017-02-21,6.34,6.36,6.27,6.32,32858198.0,241890429.0,2736032861.0000005,0.01200943105193209
2017-02-22,6.33,6.41,6.29,6.35,35063959.0,260026041.0,2736032861.0000005,0.012815620565019227
2017-02-23,6.35,6.37,6.23,6.26,29411369.0,216079569.0,2736032861.0000005,0.010749640261721986
2017-02-24,6.25,6.33,6.2,6.29,27458599.0,200384701.0,2736032861.0000005,0.010035917108818671
2017-02-27,6.27,6.28,6.17,6.18,28601672.0,207376142.0,2736032861.0000005,0.010453701930153826
2017-02-28,6.16,6.24,6.16,6.21,21997417.0,159294924.0,2736032861.0000005,0.00803989502960871
2017-03-01,6.21,6.23,6.18,6.19,24349168.0,176673137.0,2736032861.0000005,0.00889944281995961
2017-03-02,6.22,6.29,6.14,6.16,27062445.0,196509750.0,2736032861.0000005,0.009891125719195079
2017-03-03,6.11,6.13,6.04,6.06,28812118.0,204193896.0,2736032861.0000005,0.010530618404001688
2017-03-06,6.06,6.11,6.05,6.1,15694482.0,111341404.0,2736032861.0000005,0.00573621838528057
2017-03-07,6.1,6.11,6.07,6.1,12358318.0,87819187.0,2736032861.0000005,0.004516874843192901
2017-03-08,6.12,6.13,6.06,6.11,18882559.0,134415031.0,2736032861.0000005,0.006901437211941438
2017-03-09,6.11,6.11,6.0,6.02,16740811.0,118095184.0,2736032861.0000005,0.0061186439821783985
2017-03-10,6.01,6.04,6.0,6.01,16210530.0,113785131.0,2736032861.0000005,0.0059248301550278775
2017-03-13,6.02,6.07,5.94,6.06,16126076.0,113245562.0,2736032861.0000005,0.005893962835704405
2017-03-14,6.06,6.07,6.02,6.05,13534062.0,95625487.0,2736032861.0000005,0.00494660067608011
2017-03-15,6.04,6.07,6.0,6.06,13090690.0,92268109.0,2736032861.0000005,0.004784551452797773
2017-03-16,6.07,6.12,6.07,6.12,17788090.0,126684941.0,2736032861.0000005,0.006501416797128153
2017-03-17,6.13,6.14,5.99,6.01,20063676.0,142170793.0,2736032861.0000005,0.0073331268370318
2017-03-20,6.01,6.11,6.01,6.08,13944223.0,98732404.0,2736032861.0000005,0.005096511521759825
2017-03-21,6.09,6.12,6.06,6.09,12850602.0,91437291.0,2736032861.0000005,0.004696801044744469
2017-03-22,6.06,6.22,6.04,6.19,36368806.0,261112748.0,2736032861.0000005,0.013292532600177712
2017-03-23,6.18,6.19,6.07,6.18,22456093.0,161202164.0,2736032861.0000005,0.008207537752961219
2017-03-24,6.15,6.31,6.15,6.3,50752906.0,370579055.0,2736032861.0000005,0.018549815948281475
2017-03-27,6.34,6.35,6.22,6.24,37341076.0,274343205.0,2736032861.0000005,0.013647890174225503
2017-03-28,6.24,6.29,6.17,6.27,31270362.0,227307733.0,2736032861.0000005,0.011429088606988042
2017-03-29,6.32,6.63,6.28,6.4,94129787.0,707504479.0,2736032861.0000005,0.03440374870556059
2017-03-30,6.41,6.5,6.21,6.3,62860037.0,466891619.0,2736032861.0000005,0.022974883780096524
2017-03-31,6.27,6.3,6.08,6.13,49358865.0,354906909.0,2736032861.0000005,0.018040304158466754
2017-04-05,6.1,6.2,6.1,6.18,31758039.0,228530616.0,2736032861.0000005,0.011607330983734114
2017-04-06,6.16,6.3,6.13,6.27,45374771.0,329391504.0,2736032861.0000005,0.01658414694018545
2017-04-07,6.25,6.28,6.17,6.19,29917138.0,217356584.0,2736032861.0000005,0.010934495132147462
2017-04-10,6.18,6.26,6.16,6.25,27888740.0,202649976.0,2736032861.0000005,0.010193130498369403
2017-04-11,6.23,6.34,6.12,6.33,45003888.0,327518452.0,2736032861.0000005,0.016448591916235756
2017-04-12,6.31,6.4,6.25,6.26,40068135.0,296079805.0,2736032861.0000005,0.014644610293662695
2017-04-13,6.22,6.35,6.21,6.32,23183630.0,170103619.0,2736032861.0000005,0.008473447205428135
2017-04-14,6.29,6.33,6.17,6.19,24997645.0,181690975.0,2736032861.0000005,0.009136456420652616
2017-04-17,6.18,6.27,6.11,6.17,20998313.0,151830507.0,2736032861.0000005,0.00767472982481843
2017-04-18,6.17,6.21,6.08,6.11,20207009.0,145200432.0,2736032861.0000005,0.007385514000228229
2017-04-19,6.08,6.11,5.88,5.94,29964454.0,208709629.0,2736032861.0000005,0.010951788784089459
2017-04-20,5.94,5.99,5.87,5.93,15199595.0,105230336.0,2736032861.0000005,0.005555340806266726
2017-04-21,5.94,5.96,5.88,5.91,12435700.0,85927730.0,2736032861.0000005,0.004545157398239304
2017-04-24,5.91,5.92,5.66,5.68,22698565.0,151964918.0,2736032861.0000005,0.008296159495578513
2017-04-25,5.68,5.75,5.67,5.7,10080674.0,67241859.0,2736032861.0000005,0.0036844126193409776
2017-04-26,5.7,5.75,5.66,5.69,12002712.0,79930014.0,2736032861.0000005,0.004386903451010853
2017-04-27,5.7,5.74,5.52,5.73,19945559.0,131369461.0,2736032861.0000005,0.007289955937411527
2017-04-28,5.71,5.73,5.67,5.71,14315366.0,95209548.0,2736032861.0000005,0.005232161573807939
2017-05-02,5.72,5.75,5.65,5.72,11468439.0,76530488.0,2736032861.0000005,0.004191630577056874
2017-05-03,5.72,5.75,5.68,5.72,10784589.0,71932616.0,2736032861.0000005,0.0039416884035735995
2017-05-04,5.72,5.74,5.66,5.7,11831608.0,78825674.0,2736032861.0000005,0.004324366190424932
2017-05-05,5.68,5.7,5.55,5.56,14868569.0,97703203.0,2736032861.0000005,0.0054343532243123875
2017-05-08,5.52,5.59,5.4,5.43,15386636.0,98801293.0,2736032861.0000005,0.005623702923793208
2017-05-09,5.41,5.5,5.37,5.48,12459071.0,79049212.0,2736032861.0000005,0.004553699327809352
2017-05-10,5.46,5.49,5.27,5.28,14349856.0,90633493.0,2736032861.0000005,0.005244767416556258
2017-05-11,5.25,5.3,5.1,5.24,20328138.0,123552621.0,2736032861.0000005,0.007429785763819449
2017-05-12,5.22,5.33,5.17,5.29,17858567.0,109670405.0,2736032861.0000005,0.0065271756251760885
2017-05-15,5.36,5.39,5.28,5.28,13732971.0,85295140.0,2736032861.0000005,0.005019300460806855
2017-05-16,5.28,5.35,5.21,5.34,13700436.0,84447032.0,2736032861.0000005,0.005007409156260129
2017-05-17,5.35,5.42,5.34,5.39,15961046.0,100479536.0,2736032861.0000005,0.005833645577694689
2017-05-18,5.35,5.36,5.31,5.32,10543918.0,65659102.0,2736032861.0000005,0.003853724913284219
2017-05-19,5.3,5.37,5.29,5.34,7240923.0,45136989.0,2736032861.0000005,0.0026465043981063496
2017-05-22,5.36,5.37,5.25,5.26,10108413.0,62724700.0,2736032861.0000005,0.0036945510209645096
2017-05-23,5.26,5.28,5.21,5.22,10749709.0,65716706.0,2736032861.0000005,0.003928940018677648
2017-05-24,5.21,5.25,5.14,5.24,9349658.0,56761510.0,2736032861.0000005,0.0034172316178186423
2017-05-25,5.25,5.39,5.2,5.35,16036382.0,99224833.0,2736032861.0000005,0.005861180334705051
2017-05-26,5.35,5.39,5.33,5.34,9190858.0,57427645.0,2736032861.0000005,0.003359191379244183
2017-05-31,5.38,5.4,5.34,5.34,9970676.0,62528651.0,2736032861.0000005,0.0036442091548402637
2017-06-01,5.34,5.38,5.31,5.31,9087510.0,56712101.0,2736032861.0000005,0.003321418441106946
2017-06-02,5.31,5.38,5.26,5.38,9864319.0,61257398.0,2736032861.0000005,0.0036053364492101394
2017-06-05,5.37,5.4,5.35,5.38,11443462.0,71829959.0,2736032861.0000005,0.004182501666232728
2017-06-06,5.36,5.4,5.36,5.4,6650537.0,41771735.0,2736032861.0000005,0.002430722633049545
2017-06-07,5.4,5.47,5.39,5.46,14739613.0,93610766.0,2736032861.0000005,0.00538722074946599
2017-06-08,5.46,5.46,5.42,5.45,10721970.0,68103199.0,2736032861.0000005,0.003918801617054116
2017-06-09,5.43,5.45,5.39,5.42,11716704.0,74099845.0,2736032861.0000005,0.004282369618805539
2017-06-12,5.4,5.4,5.34,5.34,11759525.0,73693827.0,2736032861.0000005,0.0042980203811229
2017-06-13,5.34,5.41,5.34,5.41,9296565.0,58459742.0,2736032861.0000005,0.0033978265146282533
2017-06-14,5.4,5.48,5.4,5.43,15291563.0,97192741.0,2736032861.0000005,0.005588954437634584
2017-06-15,5.42,5.46,5.4,5.45,11699596.0,74298389.0,2736032861.0000005,0.004276116769929394
2017-06-16,5.45,5.46,5.41,5.44,7199482.0,45666181.0,2736032861.0000005,0.002631358015695996
2017-06-19,5.44,5.5,5.42,5.49,12516973.0,79836238.0,2736032861.0000005,0.004574862085327855
2017-06-20,5.48,5.5,5.45,5.48,8763000.0,55947863.0,2736032861.0000005,0.0032028124094961295
2017-06-21,5.52,5.54,5.46,5.49,15694725.0,100739707.0,2736032861.0000005,0.005736307200003325
2017-06-22,5.49,5.55,5.46,5.47,16941348.0,109106957.0,2736032861.0000005,0.006191938788998337
2017-06-23,5.47,5.51,5.39,5.47,13489431.0,85847692.0,2736032861.0000005,0.00493028837200066
2017-06-26,5.46,5.63,5.46,5.62,29051791.0,189006387.0,2736032861.0000005,0.010618217132590205
2017-06-27,5.64,5.65,5.58,5.63,14864725.0,97324288.0,2736032861.0000005,0.005432948270426492
2017-06-28,5.61,5.64,5.58,5.61,12498331.0,81953866.0,2736032861.0000005,0.0045680485706710225
2017-06-29,5.58,5.67,5.58,5.66,13144512.0,86592348.0,2736032861.0000005,0.0048042230001564285
2017-06-30,5.64,5.69,5.62,5.68,14886425.0,98283389.0,2736032861.0000005,0.0054408794617178385
2017-07-03,5.68,5.68,5.61,5.66,15883039.0,101589113.0,2736032861.0000005,0.005805134589719388
2017-07-04,5.66,5.67,5.55,5.57,17566451.0,111608198.0,2736032861.0000005,0.006420409363643237
2017-07-05,5.58,5.63,5.55,5.62,12534437.0,79580037.0,2736032861.0000005,0.004581245049600301
2017-07-06,5.63,5.64,5.59,5.62,12149987.0,77356282.0,2736032861.0000005,0.004440731386376429
2017-07-07,5.62,5.7,5.61,5.69,20152804.0,129364888.0,2736032861.0000005,0.007365702469170745
2017-07-10,5.7,5.81,5.68,5.72,21358287.0,139017715.0,2736032861.0000005,0.007806297689053961
2017-07-11,5.74,5.78,5.67,5.68,16660823.0,107986072.0,2736032861.0000005,0.006089408953191662
2017-07-12,5.7,5.7,5.59,5.63,17955496.0,114679725.0,2736032861.0000005,0.006562602465760369
2017-07-13,5.63,5.75,5.6,5.74,21722796.0,140145438.0,2736032861.0000005,0.007939523062621577
2017-07-14,5.74,5.78,5.71,5.73,15438285.0,100571345.0,2736032861.0000005,0.005642580255544671
2017-07-17,5.74,5.75,5.51,5.56,23645478.0,150922140.0,2736032861.0000005,0.00864224927158139
2017-07-18,5.54,5.7,5.54,5.69,16361081.0,104343213.0,2736032861.0000005,0.005979855444433566
2017-07-19,5.61,5.85,5.59,5.85,52780307.0,343622266.0,2736032861.0000005,0.019290816185851354
2017-07-20,5.82,5.87,5.78,5.81,26390656.0,174216242.0,2736032861.0000005,0.009645591753000511
2017-07-21,5.81,5.91,5.78,5.88,33021515.0,219685644.0,2736032861.0000005,0.012069122220970282
2017-07-24,5.87,6.08,5.85,6.01,49289366.0,335739003.0,2736032861.0000005,0.01801490278226596
2017-07-25,6.0,6.0,5.89,5.92,26711512.0,179417791.0,2736032861.0000005,0.009762862274335819
2017-07-26,5.95,6.04,5.84,5.92,29988768.0,201229133.0,2736032861.0000005,0.010960675373262629
2017-07-27,5.92,5.99,5.82,5.93,26880191.0,180115428.0,2736032861.0000005,0.009824513215157614
2017-07-28,5.93,5.98,5.87,5.94,23140395.0,155511770.0,2736032861.0000005,0.008457645129138672
2017-07-31,5.9,6.04,5.89,6.03,36207024.0,246410663.0,2736032861.0000005,0.013233402462412893
2017-08-01,6.03,6.07,5.94,6.0,23325251.0,158504994.0,2736032861.0000005,0.008525208645145726
2017-08-02,6.0,6.0,5.91,5.94,20514195.0,138434940.0,2736032861.0000005,0.0074977882365426735
2017-08-03,5.93,5.97,5.86,5.95,16995108.0,114103946.0,2736032861.0000005,0.006211587675810447
2017-08-04,5.97,6.22,5.96,6.06,61145643.0,424077171.0,2736032861.0000005,0.022348285311767677
2017-08-07,6.06,6.19,5.91,6.15,48162126.0,330560534.0,2736032861.0000005,0.017602904806631996
2017-08-08,6.1,6.3,6.09,6.16,49414426.0,347094247.0,2736032861.0000005,0.018060611297606777
2017-08-09,6.11,6.14,6.01,6.11,28171151.0,194118315.0,2736032861.0000005,0.010296349653382322
2017-08-10,6.11,6.3,6.11,6.23,62770104.0,443174901.0,2736032861.0000005,0.022942013926345158
2017-08-11,6.13,6.18,5.92,5.94,42375836.0,291052953.0,2736032861.0000005,0.015488058131184848
2017-08-14,5.94,6.02,5.93,6.01,19173520.0,130086589.0,2736032861.0000005,0.0070077813294216855
2017-08-15,6.0,6.0,5.89,5.94,28929973.0,194594311.0,2736032861.0000005,0.010573693544538168
2017-08-16,5.92,5.93,5.85,5.92,22719887.0,151676901.0,2736032861.0000005,0.008303952530634462
2017-08-17,5.93,6.0,5.93,5.97,20420111.0,138103530.0,2736032861.0000005,0.007463401222650738
2017-08-18,5.93,5.98,5.9,5.94,14308736.0,96436707.0,2736032861.0000005,0.005229738357298186
2017-08-21,5.94,6.02,5.94,5.98,16625909.0,112785763.0,2736032861.0000005,0.006076648141544378
2017-08-22,5.98,6.01,5.91,5.93,15383350.0,103998004.0,2736032861.0000005,0.005622501914826233
2017-08-23,5.92,5.93,5.82,5.85,17168843.0,114237434.0,2736032861.0000005,0.006275086547653858
2017-08-24,5.85,5.85,5.76,5.78,16584813.0,108958209.0,2736032861.0000005,0.006061627854110776
2017-08-25,5.77,5.85,5.76,5.85,11950649.0,78930308.0,2736032861.0000005,0.004367874805287288
2017-08-28,5.85,5.92,5.85,5.9,14589070.0,97602673.0,2736032861.0000005,0.005332198384001791
2017-08-29,5.92,5.93,5.86,5.88,12211353.0,81640853.0,2736032861.0000005,0.004463160210560058
2017-08-30,5.88,5.93,5.85,5.92,14045153.0,94065340.0,2736032861.0000005,0.00513340069858174
2017-08-31,5.91,5.92,5.85,5.87,11955718.0,79658459.0,2736032861.0000005,0.0043697274877138245
2017-09-01,5.88,5.95,5.85,5.94,19442975.0,130487591.0,2736032861.0000005,0.007106265161191716
2017-09-04,5.93,5.93,5.85,5.86,18388168.0,122676001.0,2736032861.0000005,0.006720740917299968
2017-09-05,5.87,5.89,5.82,5.84,15101274.0,100084343.0,2736032861.0000005,0.005519405199863203
2017-09-06,5.83,5.85,5.77,5.85,19614443.0,129170926.0,2736032861.0000005,0.0071689354611154275
2017-09-07,5.83,5.85,5.78,5.79,12266315.0,80894087.0,2736032861.0000005,0.004483248419581024
2017-09-08,5.82,5.85,5.78,5.82,13694800.0,90270419.0,2736032861.0000005,0.005005349239480497
2017-09-11,5.82,5.85,5.78,5.84,12632267.0,83279989.0,2736032861.0000005,0.004617001199094881
2017-09-12,5.85,5.91,5.83,5.85,25487025.0,169868674.0,2736032861.0000005,0.009315321231443352
2017-09-13,5.84,5.85,5.78,5.81,16236234.0,106808671.0,2736032861.0000005,0.005934224779034917
2017-09-14,5.81,5.86,5.78,5.81,15378797.0,101341135.0,2736032861.0000005,0.005620837826625796
2017-09-15,5.82,5.83,5.74,5.75,13517790.0,88411123.0,2736032861.0000005,0.0049406533790896595
2017-09-18,5.73,5.77,5.7,5.76,11802988.0,76791314.0,2736032861.0000005,0.004313905789744825
2017-09-19,5.75,5.76,5.69,5.7,10940270.0,70974127.0,2736032861.0000005,0.003998588670459685
2017-09-20,5.71,5.76,5.7,5.76,9676953.0,62958657.0,2736032861.0000005,0.00353685554656063
2017-09-21,5.78,5.8,5.73,5.73,11753480.0,76868093.0,2736032861.0000005,0.004295810977834596
2017-09-22,5.74,5.74,5.63,5.64,14371305.0,92538939.0,2736032861.0000005,0.005252606869183359
2017-09-25,5.63,5.67,5.57,5.58,8965666.0,57154851.0,2736032861.0000005,0.003276885350245067
2017-09-26,5.59,5.68,5.58,5.64,10912217.0,69867069.0,2736032861.0000005,0.003988335504132674
2017-09-27,5.64,5.65,5.62,5.63,5177641.0,33103154.0,2736032861.0000005,0.001892389917461594
2017-09-28,5.63,5.65,5.56,5.58,8400208.0,53364623.0,2736032861.0000005,0.003070214586870782
2017-09-29,5.58,5.62,5.57,5.6,6937664.0,44043051.0,2736032861.0000005,0.002535665451570758
2017-10-09,5.66,5.72,5.64,5.67,11879735.0,76424853.0,2736032861.0000005,0.004341956256935468
2017-10-10,5.67,5.71,5.65,5.7,9136811.0,58836643.0,2736032861.0000005,0.003339437596031124
2017-10-11,5.7,5.71,5.66,5.68,8422449.0,54289861.0,2736032861.0000005,0.0030783435097053824
2017-10-12,5.68,5.69,5.62,5.65,9091301.0,58263229.0,2736032861.0000005,0.0033228040238804713
2017-10-13,5.65,5.68,5.63,5.67,6056213.0,38822977.0,2736032861.0000005,0.0022135015577943377
2017-10-16,5.67,5.7,5.63,5.64,11180451.0,71846968.0,2736032861.0000005,0.004086373069332809
2017-10-17,5.64,5.67,5.63,5.64,6323800.0,40502212.0,2736032861.0000005,0.0023113026492264776
2017-10-18,5.64,5.68,5.58,5.6,8104591.0,51829930.0,2736032861.0000005,0.0029621687354434148
2017-10-19,5.59,5.61,5.51,5.52,10491729.0,66096397.0,2736032861.0000005,0.0038346502154821883
2017-10-20,5.55,5.78,5.55,5.72,26806406.0,172929579.0,2736032861.0000005,0.009797545337303606
2017-10-23,5.72,5.75,5.65,5.71,17615352.0,113775182.0,2736032861.0000005,0.006438282321492921
2017-10-24,5.68,5.71,5.63,5.69,10744059.0,69054739.0,2736032861.0000005,0.003926874985000408
2017-10-25,5.69,5.7,5.64,5.68,9890998.0,63582485.0,2736032861.0000005,0.00361508742858626
2017-10-26,5.67,5.72,5.64,5.69,14569676.0,94009300.0,2736032861.0000005,0.005325110018844908
2017-11-01,5.68,5.71,5.62,5.66,16174104.0,103744039.0,2736032861.0000005,0.005911516718439003
2017-11-02,5.64,5.66,5.54,5.55,12893067.0,81724456.0,2736032861.0000005,0.004712321691665529
2017-11-03,5.58,5.58,5.36,5.4,17313082.0,107015509.0,2736032861.0000005,0.006327804847224018
2017-11-06,5.4,5.42,5.33,5.41,9111411.0,55514831.0,2736032861.0000005,0.0033301540818007004
2017-11-07,5.41,5.5,5.4,5.48,16844267.0,103885605.0,2736032861.0000005,0.006156456393525749
2017-11-08,5.47,5.52,5.42,5.46,9086096.0,56328550.0,2736032861.0000005,0.003320901634448607
2017-11-09,5.46,5.51,5.44,5.47,8435570.0,52339713.0,2736032861.0000005,0.0030831391392414998
2017-11-10,5.44,5.46,5.41,5.43,8994692.0,55409110.0,2736032861.0000005,0.0032874941409557867
2017-11-13,5.43,5.46,5.4,5.42,7717068.0,47450398.0,2736032861.0000005,0.0028205319131947367
2017-11-14,5.43,5.46,5.4,5.42,7478151.0,46082290.0,2736032861.0000005,0.0027332094970770157
2017-11-15,5.43,5.43,5.37,5.38,6783829.0,41492822.0,2736032861.0000005,0.0024794398841834664
2017-11-16,5.37,5.39,5.32,5.33,7531371.0,45722427.0,2736032861.0000005,0.002752661017838557
2017-11-17,5.33,5.34,5.16,5.2,18138164.0,107719385.0,2736032861.0000005,0.006629366283769937
2017-11-20,5.19,5.23,5.13,5.22,8265536.0,48529082.0,2736032861.0000005,0.003020992955829853
2017-11-21,5.22,5.31,5.2,5.28,11309295.0,67370875.0,2736032861.0000005,0.004133464608998348
2017-11-22,5.28,5.33,5.27,5.31,8677471.0,52176178.0,2736032861.0000005,0.003171552185534952
2017-11-23,5.31,5.33,5.2,5.21,9053433.0,54260871.0,2736032861.0000005,0.003308963546838043
2017-11-24,5.21,5.26,5.16,5.24,6025960.0,35649592.0,2736032861.0000005,0.0022024443075576053
2017-11-27,5.26,5.3,5.23,5.24,6603471.0,39485019.0,2736032861.0000005,0.002413520354279107
2017-11-28,5.24,5.33,5.23,5.33,8226470.0,49371650.0,2736032861.0000005,0.003006714618549312
2017-11-29,5.33,5.35,5.3,5.35,7804842.0,47203418.0,2736032861.0000005,0.002852612668236516
2017-11-30,5.35,5.36,5.3,5.3,5287339.0,31936573.0,2736032861.0000005,0.0019324837341564368
2017-12-01,5.31,5.4,5.31,5.38,9806778.0,59688245.0,2736032861.0000005,0.0035843056345513675
2017-12-04,5.4,5.56,5.38,5.43,20536023.0,127412603.0,2736032861.0000005,0.007505766210897858
2017-12-05,5.4,5.42,5.29,5.33,13214850.0,80202469.0,2736032861.0000005,0.004829931024720978
2017-12-06,5.33,5.36,5.23,5.31,8784397.0,52631814.0,2736032861.0000005,0.0032106328565035458
2017-12-07,5.31,5.32,5.25,5.26,6693989.0,40037633.0,2736032861.0000005,0.002446604021251921
2017-12-08,5.26,5.31,5.25,5.3,5302773.0,31798765.0,2736032861.0000005,0.001938124748275821
2017-12-11,5.3,5.39,5.3,5.37,8487053.0,51525614.0,2736032861.0000005,0.003101955799207047
2017-12-12,5.36,5.4,5.27,5.28,8794332.0,53186956.0,2736032861.0000005,0.0032142640263413116
2017-12-13,5.3,5.37,5.27,5.36,7586878.0,45830090.0,2736032861.0000005,0.0027729484203735224
2017-12-14,5.36,5.38,5.32,5.37,6959876.0,42232019.0,2736032861.0000005,0.002543783775117458
2017-12-15,5.36,5.38,5.29,5.32,7298792.0,44026996.0,2736032861.0000005,0.0026676550943662072
2017-12-18,5.34,5.35,5.28,5.3,5372866.0,32360765.0,2736032861.0000005,0.0019637432271322414
2017-12-19,5.3,5.33,5.27,5.3,5322692.0,31994424.0,2736032861.0000005,0.0019454049970929787
2017-12-20,5.27,5.37,5.27,5.31,12888301.0,77852483.0,2736032861.0000005,0.004710579753522923
2017-12-21,5.27,5.3,5.2,5.26,12133172.0,72197409.0,2736032861.0000005,0.004434585626857351
2017-12-22,5.26,5.39,5.25,5.34,14648263.0,88754600.0,2736032861.0000005,0.005353832992578226
2017-12-25,5.33,5.41,5.32,5.33,10315784.0,62812632.0,2736032861.0000005,0.0037703436048021934
2017-12-26,5.35,5.4,5.31,5.39,8269158.0,50234438.0,2736032861.0000005,0.0030223167703394035
2017-12-27,5.38,5.41,5.35,5.35,7245410.0,44205156.0,2736032861.0000005,0.0026481443637894958
2017-12-28,5.35,5.38,5.33,5.35,8619159.0,52372823.0,2736032861.0000005,0.003150239576015092
2017-12-29,5.37,5.42,5.35,5.4,8293457.0,50739862.0,2736032861.0000005,0.00303119787712228
2018-01-02,5.39,5.49,5.38,5.47,12479999.0,77256686.0,2736032861.0000005,0.004561348358746923
2018-01-03,5.47,5.58,5.47,5.49,19407984.0,121717016.0,2736032861.0000005,0.007093476206607592
2018-01-04,5.48,5.55,5.48,5.54,11748889.0,73564070.0,2736032861.0000005,0.0042941330009120815
2018-01-05,5.55,5.62,5.49,5.6,18510344.0,116657001.0,2736032861.0000005,0.006765395351733678
2018-01-08,5.55,5.6,5.55,5.57,12014057.0,75919994.0,2736032861.0000005,0.004391049965536214
2018-01-09,5.57,5.57,5.49,5.53,10309229.0,64514745.0,2736032861.0000005,0.0037679478002439087
2018-01-10,5.52,5.53,5.46,5.51,11461563.0,71496247.0,2736032861.0000005,0.004189117449346307
2018-01-11,5.5,5.51,5.47,5.49,7350856.0,45742285.0,2736032861.0000005,0.002686684105582458
2018-01-12,5.48,5.52,5.46,5.48,8384771.0,52152841.0,2736032861.0000005,0.003064572476273339
2018-01-15,5.48,5.48,5.36,5.37,12407325.0,76209581.0,2736032861.0000005,0.004534786543267324
2018-01-16,5.37,5.4,5.36,5.4,7887029.0,48132960.0,2736032861.0000005,0.0028826514156402886
2018-01-17,5.39,5.48,5.34,5.46,15051554.0,92505530.0,2736032861.0000005,0.0055012329035034925
2018-01-18,5.45,5.55,5.42,5.51,14200689.0,88465482.0,2736032861.0000005,0.005190247969028321
2018-01-19,5.51,5.54,5.48,5.5,10734553.0,67089281.0,2736032861.0000005,0.003923400611525038
2018-01-22,5.51,5.57,5.49,5.55,12187337.0,76671009.0,2736032861.0000005,0.004454382538207386
2018-01-23,5.55,5.61,5.52,5.56,11561059.0,72904581.0,2736032861.0000005,0.004225482509656158
2018-01-24,5.55,5.62,5.54,5.62,18741801.0,118662017.0,2736032861.0000005,0.0068499911924120695
2018-01-25,5.61,5.63,5.56,5.57,14238790.0,90358593.0,2736032861.0000005,0.005204173605866643
2018-01-26,5.55,5.67,5.55,5.61,21567194.0,137405701.0,2736032861.0000005,0.007882651669657705
2018-01-29,5.6,5.66,5.48,5.51,22790282.0,144149988.0,2736032861.0000005,0.008329681388282125
2018-01-30,5.5,5.55,5.5,5.54,10619590.0,66614760.0,2736032861.0000005,0.003881382475837156
2018-01-31,5.52,5.54,5.46,5.48,10495733.0,65334629.0,2736032861.0000005,0.003836113648197882
2018-02-01,5.48,5.49,5.31,5.32,17550727.0,107313278.0,2736032861.0000005,0.0064146623566448445
2018-02-02,5.32,5.36,5.2,5.34,10660801.0,64025905.0,2736032861.0000005,0.0038964447949296752
2018-02-05,5.33,5.36,5.26,5.34,8842712.0,53330378.0,2736032861.0000005,0.003231946562501465
2018-02-06,5.29,5.33,5.18,5.18,14299470.0,85228277.0,2736032861.0000005,0.005226351702067513
2018-02-07,5.25,5.29,5.18,5.19,11607947.0,68886877.0,2736032861.0000005,0.004242619730728445
2018-02-08,5.2,5.23,5.17,5.2,10178909.0,59990353.0,2736032861.0000005,0.0037203167933734837
2018-02-09,5.12,5.14,4.79,4.87,17328147.0,97546429.0,2736032861.0000005,0.00633331099454218
2018-02-12,4.89,4.95,4.83,4.92,6945802.0,38620503.0,2736032861.0000005,0.0025386398310513563
2018-02-13,4.95,4.97,4.9,4.92,5903346.0,33104230.0,2736032861.0000005,0.002157629787327324
2018-02-14,4.91,4.94,4.83,4.85,9400200.0,51914736.0,2736032861.0000005,0.00343570434916644
2018-02-22,4.89,4.96,4.87,4.93,8865156.0,49380066.0,2736032861.0000005,0.0032401496803513715
2018-02-23,4.92,4.99,4.92,4.95,7824300.0,43931726.0,2736032861.0000005,0.0028597244249253186
2018-02-26,4.96,5.03,4.93,5.02,10140172.0,57255235.0,2736032861.0000005,0.003706158703186715
2018-02-27,5.01,5.02,4.96,4.98,7479185.0,42275668.0,2736032861.0000005,0.002733587416514585
2018-02-28,4.96,5.01,4.94,4.98,7808740.0,44042282.0,2736032861.0000005,0.0028540373587274685
2018-03-01,4.96,5.01,4.96,4.99,8014469.0,45294820.0,2736032861.0000005,0.0029292298035743505
2018-03-02,4.98,4.98,4.96,4.97,6253955.0,35216825.0,2736032861.0000005,0.002285774812556244
2018-03-05,4.97,4.98,4.95,4.96,5207401.0,29282172.0,2736032861.0000005,0.0019032669798040116
2018-03-06,4.96,5.03,4.96,5.03,8381332.0,47548773.0,2736032861.0000005,0.0030633155469253696
2018-03-07,5.03,5.06,5.0,5.01,7988830.0,45505283.0,2736032861.0000005,0.0029198589365919164
2018-03-08,4.99,5.08,4.99,5.06,7793573.0,44591817.0,2736032861.0000005,0.0028484939311553097
2018-03-09,5.07,5.11,5.05,5.09,8038428.0,46275024.0,2736032861.0000005,0.0029379866428439066
2018-03-12,5.1,5.11,5.05,5.1,9052588.0,52117214.0,2736032861.0000005,0.003308654705518173
2018-03-13,5.08,5.09,5.05,5.05,7015621.0,40320013.0,2736032861.0000005,0.002564158164911748
2018-03-14,5.04,5.07,5.03,5.04,5056867.0,28932351.0,2736032861.0000005,0.0018482479037739887
2018-03-15,5.03,5.04,4.98,5.01,5895074.0,33473495.0,2736032861.0000005,0.00215460643182677
2018-03-16,5.01,5.04,4.99,5.0,5555640.0,31599348.0,2736032861.0000005,0.00203054578736655
2018-03-19,5.0,5.03,4.96,4.97,5764213.0,32556821.0,2736032861.0000005,0.0021067776934130906
2018-03-20,4.95,4.95,4.89,4.94,6352997.0,35445995.0,2736032861.0000005,0.0023219739391865434
2018-03-21,4.94,4.97,4.92,4.92,6947214.0,39021923.0,2736032861.0000005,0.002539155906724323
2018-03-22,4.93,4.96,4.89,4.93,4480843.0,25031312.0,2736032861.0000005,0.0016377153446769216
2018-03-23,4.85,4.85,4.56,4.65,16008482.0,85981746.0,2736032861.0000005,0.0058509830887590345
2018-03-26,4.58,4.66,4.51,4.65,7651075.0,39847054.0,2736032861.0000005,0.0027964119543518883
2018-03-27,4.68,4.73,4.66,4.7,6906160.0,36768040.0,2736032861.0000005,0.0025241509699835433
2018-03-28,4.67,4.67,4.63,4.66,4646717.0,24528628.0,2736032861.0000005,0.0016983410785138225
2018-03-29,4.7,4.74,4.68,4.73,5879054.0,31443145.0,2736032861.0000005,0.002148751238993251
2018-03-30,4.74,4.77,4.72,4.76,5751744.0,30985244.0,2736032861.0000005,0.0021022203651083994
2018-04-02,4.77,4.82,4.76,4.78,5491985.0,29863827.0,2736032861.0000005,0.0020072803504241244
2018-04-03,4.75,4.77,4.72,4.75,5812294.0,31270070.0,2736032861.0000005,0.0021243509472600587
2018-04-04,4.76,4.8,4.73,4.75,6109690.0,33064832.0,2736032861.0000005,0.002233047010176242
2018-04-09,4.73,4.74,4.66,4.71,6890476.0,36754295.0,2736032861.0000005,0.0025184185826925996
2018-04-10,4.71,4.96,4.69,4.86,14065827.0,76875093.0,2736032861.0000005,0.005140956894377007
2018-04-11,4.87,4.89,4.81,4.84,7525136.0,41308144.0,2736032861.0000005,0.002750382170939868
2018-04-12,4.84,4.86,4.81,4.81,3908801.0,21401061.0,2736032861.0000005,0.001428638177456451
2018-04-13,4.85,4.85,4.78,4.79,3457301.0,18890341.0,2736032861.0000005,0.0012636182296203787
2018-04-16,4.76,4.81,4.7,4.73,5263091.0,28417151.0,2736032861.0000005,0.0019236212675005583
2018-04-17,4.73,4.75,4.66,4.66,5505364.0,29353208.0,2736032861.0000005,0.002012170277073291
2018-04-18,4.69,4.72,4.65,4.69,4907700.0,26081477.0,2736032861.0000005,0.001793728456246052
2018-04-19,4.7,4.76,4.7,4.73,5189066.0,27899147.0,2736032861.0000005,0.0018965656714018534
2018-04-20,4.73,4.81,4.65,4.65,6785685.0,36381786.0,2736032861.0000005,0.002480118238609123
2018-04-23,4.66,4.71,4.6,4.66,5957545.0,31423955.0,2736032861.0000005,0.002177439125428691
2018-04-24,4.66,4.81,4.66,4.77,8109263.0,43584842.0,2736032861.0000005,0.002963876317273515
2018-04-25,4.76,4.76,4.72,4.73,4372821.0,23492460.0,2736032861.0000005,0.0015982340937242124
2018-04-26,4.74,4.75,4.58,4.62,6399318.0,33906064.0,2736032861.0000005,0.0023389039259057347
2018-04-27,4.65,4.74,4.64,4.73,6164536.0,32828939.0,2736032861.0000005,0.0022530928220456043
2018-05-02,4.54,4.58,4.29,4.34,27399840.0,136744286.0,2736032861.0000005,0.010014441124068062
2018-05-03,4.33,4.36,4.27,4.32,11160411.0,54454834.0,2736032861.0000005,0.004079048595900617
2018-05-04,4.33,4.34,4.29,4.32,9183167.0,44969177.0,2736032861.0000005,0.0033563803749943333
2018-05-07,4.32,4.36,4.31,4.35,8818793.0,43363879.0,2736032861.0000005,0.0032232043429393587
2018-05-08,4.34,4.35,4.32,4.34,9489775.0,46615266.0,2736032861.0000005,0.003468443356536133
2018-05-09,4.34,4.35,4.32,4.32,8114215.0,39898997.0,2736032861.0000005,0.0029656862370557612
2018-05-10,4.34,4.37,4.33,4.35,8296702.0,40906672.0,2736032861.0000005,0.00303238390088912
2018-05-11,4.36,4.36,4.32,4.33,7416541.0,36441682.0,2736032861.0000005,0.002710691492677945
2018-05-14,4.34,4.36,4.32,4.33,6149830.0,30236388.0,2736032861.0000005,0.002247717886601801
2018-05-15,4.33,4.33,4.22,4.28,15836514.0,76582782.0,2736032861.0000005,0.005788130042492204
2018-05-16,4.28,4.28,4.23,4.25,7343610.0,35436381.0,2736032861.0000005,0.0026840357455779834
2018-05-17,4.25,4.28,4.24,4.25,5793685.0,27973719.0,2736032861.0000005,0.002117549493861872
2018-05-18,4.26,4.36,4.23,4.36,13620662.0,66603000.0,2736032861.0000005,0.004978252342708247
2018-05-21,4.79,4.79,4.79,4.79,25595704.0,138984673.0,2736032861.0000005,0.009355042611090918
2018-05-22,4.94,4.99,4.8,4.81,63263402.0,350793164.0,2736032861.0000005,0.023122310737480573
2018-05-23,4.75,4.79,4.6,4.62,32790565.0,175002458.0,2736032861.0000005,0.011984711685083813
2018-05-24,4.64,4.69,4.58,4.62,18322869.0,96131146.0,2736032861.0000005,0.006696874610381369
2018-05-25,4.61,4.71,4.6,4.64,17649988.0,93429807.0,2736032861.0000005,0.00645094152617343
2018-05-28,4.66,4.74,4.58,4.68,10739528.0,56711596.0,2736032861.0000005,0.003925218937639067
2018-05-29,4.66,4.73,4.6,4.61,9903459.0,52454052.0,2736032861.0000005,0.003619641832949461
2018-05-30,4.45,4.48,4.36,4.39,13488689.0,67596517.0,2736032861.0000005,0.004930017176427472
2018-05-31,4.44,4.47,4.41,4.44,9340084.0,47063560.0,2736032861.0000005,0.0034137323908406078
2018-06-01,4.41,4.48,4.39,4.44,8433414.0,42367776.0,2736032861.0000005,0.0030823511370099725
2018-06-04,4.46,4.48,4.39,4.44,8660432.0,43539146.0,2736032861.0000005,0.0031653245556541574
2018-06-05,4.41,4.44,4.38,4.44,6662964.0,33409000.0,2736032861.0000005,0.0024352646106614137
2018-06-06,4.44,4.51,4.4,4.5,7775058.0,39371073.0,2736032861.0000005,0.0028417268340696286
2018-06-07,4.53,4.53,4.42,4.43,7032800.0,35539067.0,2736032861.0000005,0.0025704369637686154
2018-06-08,4.45,4.46,4.29,4.35,8571638.0,42378948.0,2736032861.0000005,0.0031328709980724162
2018-06-11,4.35,4.35,4.28,4.3,6126663.0,29877388.0,2736032861.0000005,0.002239250517539745
2018-06-12,4.3,4.36,4.25,4.35,5139557.0,25141519.0,2736032861.0000005,0.0018784704939989385
2018-06-13,4.33,4.36,4.19,4.23,6693325.0,32411016.0,2736032861.0000005,0.00244636133410826
2018-06-14,4.21,4.25,4.17,4.18,7056432.0,33606403.0,2736032861.0000005,0.002579074286929772
2018-06-15,4.19,4.21,4.1,4.14,7942192.0,37371739.0,2736032861.0000005,0.0029028130886911883
2018-06-19,4.01,4.01,3.73,3.79,19617774.0,85822478.0,2736032861.0000005,0.007170152917253283
2018-06-20,3.79,3.81,3.67,3.77,9868117.0,41995058.0,2736032861.0000005,0.003606724590432468
2018-06-21,3.77,3.81,3.69,3.7,7055206.0,30055703.0,2736032861.0000005,0.002578626192896445
2018-06-22,3.69,3.77,3.63,3.76,8080666.0,34214998.0,2736032861.0000005,0.002953424322925191
2018-06-25,3.78,3.82,3.74,3.75,5406600.0,23189499.0,2736032861.0000005,0.0019760727574097653
2018-06-26,3.69,3.74,3.66,3.71,5542262.0,23249086.0,2736032861.0000005,0.002025656226210069
2018-06-27,3.69,3.74,3.66,3.67,5902500.0,24732265.0,2736032861.0000005,0.0021573205805147672
2018-06-28,3.69,3.72,3.63,3.64,5929747.0,24721840.0,2736032861.0000005,0.0021672791597366708
2018-06-29,3.64,3.75,3.63,3.74,6615483.0,27730826.0,2736032861.0000005,0.002417910652426188
2018-07-02,3.76,3.76,3.65,3.67,5767709.0,24158984.0,2736032861.0000005,0.0021080554558441755
2018-07-03,3.65,3.69,3.62,3.69,7222393.0,29943155.0,2736032861.0000005,0.002639731818630375
2018-07-04,3.68,3.68,3.63,3.65,5160131.0,21389727.0,2736032861.0000005,0.0018859901405255816
2018-07-05,3.65,3.68,3.54,3.55,7345224.0,29916679.0,2736032861.0000005,0.0026846256507735704
2018-07-06,3.54,3.61,3.49,3.56,6925683.0,27952087.0,2736032861.0000005,0.002531286483696951
2018-07-09,3.57,3.65,3.56,3.63,5025831.0,20630086.0,2736032861.0000005,0.0018369044727639327
2018-07-10,3.63,3.66,3.59,3.64,5850703.0,24056895.0,2736032861.0000005,0.0021383891558457413
2018-07-11,3.6,3.6,3.52,3.55,5553463.0,22398126.0,2736032861.0000005,0.0020297501097886117
2018-07-12,3.54,3.64,3.54,3.63,5376321.0,21988063.0,2736032861.0000005,0.001965006004363191
2018-07-13,3.63,3.65,3.61,3.64,3396500.0,13829350.0,2736032861.0000005,0.0012413959088044737
2018-07-16,3.67,3.68,3.61,3.64,3393100.0,13846662.0,2736032861.0000005,0.0012401532336712674
2018-07-17,3.64,3.66,3.61,3.65,2949400.0,12005329.0,2736032861.0000005,0.001077984128787845
2018-07-18,3.64,3.69,3.64,3.64,3768101.0,15463892.0,2736032861.0000005,0.0013772133565028842
2018-07-19,3.63,3.66,3.61,3.65,4072098.0,16579309.0,2736032861.0000005,0.0014883220366409186
2018-07-20,3.64,3.69,3.58,3.69,7580126.0,30907406.0,2736032861.0000005,0.002770480613756049
2018-07-23,3.67,3.76,3.64,3.74,8748462.0,36386675.0,2736032861.0000005,0.0031974988768236137
2018-07-24,3.69,3.93,3.67,3.86,21055802.0,89759849.0,2736032861.0000005,0.007695741633857517
2018-07-25,3.81,3.83,3.78,3.78,11013240.0,46856178.0,2736032861.0000005,0.00402525867177441
2018-07-26,3.78,3.87,3.78,3.78,11262200.0,48072722.0,2736032861.0000005,0.00411625173094001
2018-07-27,3.78,3.82,3.73,3.74,7258600.0,30726119.0,2736032861.0000005,0.0026529652123209635
2018-07-30,3.73,3.76,3.69,3.7,6873085.0,28689141.0,2736032861.0000005,0.0025120622993862495
2018-07-31,3.71,3.81,3.69,3.76,7435915.0,31206549.0,2736032861.0000005,0.0027177725479811034
2018-08-01,3.76,3.99,3.74,3.77,21753964.0,93431013.0,2736032861.0000005,0.007950914738666217
2018-08-02,3.75,3.75,3.6,3.65,10615030.0,43573241.0,2736032861.0000005,0.003879715829187915
2018-08-03,3.66,3.78,3.61,3.71,8345510.0,34653424.0,2736032861.0000005,0.0030502228679189823
2018-08-06,3.71,3.72,3.62,3.65,8428543.0,34661116.0,2736032861.0000005,0.0030805708221353116
2018-08-07,3.66,3.75,3.62,3.74,7784430.0,32263464.0,2736032861.0000005,0.002845152231525043
2018-08-08,3.73,3.83,3.73,3.79,13323792.0,56580600.0,2736032861.0000005,0.004869748528945025
2018-08-09,3.78,3.86,3.77,3.84,10527010.0,45192512.0,2736032861.0000005,0.0038475451629453213
2018-08-10,3.85,3.9,3.81,3.89,9934268.0,43109817.0,2736032861.0000005,0.0036309022971197417
2018-08-13,3.83,3.87,3.8,3.85,7357947.0,31522164.0,2736032861.0000005,0.0026892758142205656
2018-08-14,3.85,3.88,3.83,3.86,4620500.0,19952645.0,2736032861.0000005,0.001688758956758743
2018-08-15,3.88,3.91,3.76,3.79,7212510.0,30670781.0,2736032861.0000005,0.0026361196544122936
2018-08-16,3.75,3.78,3.68,3.73,5918347.0,24724234.0,2736032861.0000005,0.002163112543113567
2018-08-17,3.76,3.77,3.69,3.7,6100246.0,25444149.0,2736032861.0000005,0.002229595297247418
2018-08-20,3.7,3.73,3.62,3.68,5989297.0,24603063.0,2736032861.0000005,0.002189044249202093
2018-08-21,3.68,3.79,3.66,3.78,11389977.0,47528208.0,2736032861.0000005,0.004162953289909334
2018-08-22,3.77,3.78,3.73,3.75,5112854.0,21482082.0,2736032861.0000005,0.001868710742798348
2018-08-23,3.74,3.82,3.72,3.78,5162439.0,21880335.0,2736032861.0000005,0.001886833697645417
2018-08-24,3.78,3.8,3.75,3.78,3310400.0,13989067.0,2736032861.0000005,0.0012099269885194554
2018-08-27,3.78,3.81,3.78,3.81,4404342.0,18746121.0,2736032861.0000005,0.0016097547886870936
2018-08-28,3.81,3.83,3.78,3.8,3084301.0,13162750.0,2736032861.0000005,0.0011272894576539224
2018-08-29,3.78,3.78,3.72,3.73,6153562.0,25818358.0,2736032861.0000005,0.0022490819053068377
2018-08-30,3.72,3.74,3.69,3.7,4360680.0,18106918.0,2736032861.0000005,0.0015937966470206072
2018-08-31,3.69,3.7,3.63,3.66,5121300.0,21045493.0,2736032861.0000005,0.0018717976940263068
2018-09-03,3.66,3.68,3.59,3.66,4601601.0,18704829.0,2736032861.0000005,0.0016818515104815473
2018-09-04,3.66,3.73,3.63,3.7,5021623.0,20749023.0,2736032861.0000005,0.0018353664795402467
2018-09-05,3.7,3.72,3.67,3.68,3228101.0,13342103.0,2736032861.0000005,0.0011798473059348243
2018-09-06,3.68,3.7,3.66,3.66,2165900.0,8926043.0,2736032861.0000005,0.0007916206091210392
2018-09-07,3.66,3.7,3.64,3.69,2563417.0,10574644.0,2736032861.0000005,0.0009369101652759716
2018-09-10,3.7,3.7,3.61,3.62,3033501.0,12371814.0,2736032861.0000005,0.001108722429193075
2018-09-11,3.63,3.66,3.61,3.62,2253304.0,9161263.0,2736032861.0000005,0.0008235661318689109
2018-09-12,3.59,3.65,3.59,3.62,2112524.0,8593042.0,2736032861.0000005,0.0007721120715004452
2018-09-13,3.66,3.77,3.65,3.76,13946927.0,58043027.0,2736032861.0000005,0.00509749981398341
2018-09-14,3.78,3.86,3.75,3.86,24434636.0,104765983.0,2736032861.0000005,0.008930680748866925
2018-09-17,3.84,3.88,3.79,3.84,10809662.0,46490669.0,2736032861.0000005,0.003950852401695623
2018-09-18,3.86,3.86,3.79,3.85,11570111.0,49640048.0,2736032861.0000005,0.004228790949451977
2018-09-19,3.85,3.88,3.79,3.85,13571411.0,58587262.0,2736032861.0000005,0.004960251462418381
2018-09-20,3.87,3.93,3.84,3.9,10352717.0,45204874.0,2736032861.0000005,0.0037838423461829898
2018-09-21,3.92,3.95,3.87,3.95,10592395.0,46459085.0,2736032861.0000005,0.003871442902234937
2018-09-25,3.93,3.97,3.9,3.95,8645577.0,38216802.0,2736032861.0000005,0.003159895161800105
2018-09-26,3.96,3.98,3.9,3.92,11258758.0,49767025.0,2736032861.0000005,0.004114993705113982
2018-09-27,3.97,3.97,3.89,3.92,7325800.0,32221685.0,2736032861.0000005,0.0026775263208361003
2018-09-28,3.86,4.0,3.86,3.97,18812036.0,83094002.0,2736032861.0000005,0.006875661571229936
2018-10-08,4.28,4.37,4.28,4.34,76562550.0,374425749.0,2736032861.0000005,0.02798305206466597
2018-10-09,4.28,4.78,4.28,4.62,107122597.0,549743402.0,2736032861.0000005,0.03915252573422947
2018-10-10,4.61,4.67,4.47,4.58,44641726.0,227420653.0,2736032861.0000005,0.01631622435400274
2018-10-11,4.45,4.52,4.25,4.33,45197880.0,222741263.0,2736032861.0000005,0.016519494573424276
2018-10-12,4.34,4.44,4.21,4.31,37377568.0,181579694.0,2736032861.0000005,0.01366122773333167
2018-10-15,4.34,4.53,4.32,4.43,36236171.0,180347252.0,2736032861.0000005,0.013244055477738648
2018-10-16,4.42,4.47,4.31,4.37,18644994.0,91528713.0,2736032861.0000005,0.00681460894193551
2018-10-17,4.36,4.56,4.3,4.45,28300314.0,141064241.0,2736032861.0000005,0.010343557785214771
2018-10-18,4.42,4.46,4.01,4.2,26837452.0,126759832.0,2736032861.0000005,0.009808892423240524
2018-10-19,4.07,4.23,3.97,4.16,22709188.0,105183974.0,2736032861.0000005,0.00830004212438441
2018-10-22,4.23,4.44,4.2,4.29,24545405.0,118474962.0,2736032861.0000005,0.008971166008228728
2018-10-23,4.3,4.55,4.21,4.28,22849226.0,111078301.0,2736032861.0000005,0.008351224989179689
2018-10-24,4.28,4.53,4.28,4.44,24424684.0,120946351.0,2736032861.0000005,0.008927043365653493
2018-10-25,4.29,4.67,4.28,4.61,33258307.0,168799820.0,2736032861.0000005,0.012155667965129749
2018-10-26,4.64,4.82,4.55,4.65,33774808.0,177764311.0,2736032861.0000005,0.012344445303063922
2018-10-29,4.75,4.91,4.56,4.6,27684013.0,146180241.0,2736032861.0000005,0.01011830427719413
2018-10-30,4.67,4.7,4.48,4.66,18251957.0,94338890.0,2736032861.0000005,0.00667095679301492
2018-10-31,4.63,4.67,4.54,4.61,15393916.0,79373730.0,2736032861.0000005,0.005626363710549015
2018-11-01,4.57,4.77,4.5,4.73,22340982.0,117125936.0,2736032861.0000005,0.008165465524355774
2018-11-02,4.86,4.91,4.63,4.72,31043573.0,164740765.0,2736032861.0000005,0.011346198886169005
2018-11-05,4.68,4.68,4.4,4.56,36807803.0,186907675.0,2736032861.0000005,0.01345298279295776
2018-11-06,4.53,4.6,4.42,4.56,12933442.0,65634215.0,2736032861.0000005,0.004727078458872354
2018-11-07,4.54,4.59,4.45,4.45,17122571.0,86437293.0,2736032861.0000005,0.006258174470076292
2018-11-08,4.43,4.44,4.33,4.39,18056558.0,88833473.0,2736032861.0000005,0.006599539887616868
2018-11-09,4.37,4.37,4.2,4.21,18274824.0,87386768.0,2736032861.0000005,0.006679314514271105
2018-11-12,4.27,4.36,4.23,4.33,16066484.0,77624855.0,2736032861.0000005,0.005872182395546161
2018-11-13,4.28,4.47,4.25,4.45,20083287.0,98727008.0,2736032861.0000005,0.007340294514101597
2018-11-14,4.45,4.53,4.33,4.34,18125220.0,89053537.0,2736032861.0000005,0.006624635346439283
2018-11-15,4.33,4.36,4.28,4.36,15445428.0,74623178.0,2736032861.0000005,0.005645190969802463
2018-11-16,4.35,4.41,4.29,4.36,17853398.0,86768839.0,2736032861.0000005,0.006525286393480928
2018-11-19,4.34,4.36,4.28,4.36,14085407.0,68233546.0,2736032861.0000005,0.00514811324117353
2018-11-20,4.31,4.35,4.2,4.2,13860997.0,66118949.0,2736032861.0000005,0.005066093027455052
2018-11-21,4.15,4.23,4.15,4.2,10234711.0,48023187.0,2736032861.0000005,0.003740712016250889
2018-11-22,4.22,4.25,4.2,4.23,7749938.0,36651039.0,2736032861.0000005,0.0028325456577913515
2018-11-23,4.22,4.23,4.04,4.08,12163584.0,56124636.0,2736032861.0000005,0.004445700990431196
2018-11-26,4.09,4.28,4.09,4.26,13054956.0,61798419.0,2736032861.0000005,0.004771490937147775
2018-11-27,4.28,4.29,4.22,4.27,11064931.0,52786606.0,2736032861.0000005,0.0040441513542186945
2018-11-28,4.32,4.44,4.25,4.44,20003536.0,97759111.0,2736032861.0000005,0.007311146106881498
2018-11-29,4.47,4.47,4.34,4.35,10548887.0,52049923.0,2736032861.0000005,0.003855541046442131
2018-11-30,4.33,4.6,4.33,4.56,27940332.0,141232682.0,2736032861.0000005,0.01021198699703775
2018-12-03,4.82,5.02,4.76,4.92,57672591.0,318373380.0,2736032861.0000005,0.021078910206846376
2018-12-04,4.86,4.96,4.82,4.91,31964700.0,175819945.0,2736032861.0000005,0.01168286406776457
2018-12-05,4.82,4.95,4.82,4.93,25109352.0,138187363.0,2736032861.0000005,0.009177284512154108
2018-12-06,4.92,4.94,4.57,4.63,38138165.0,201760282.0,2736032861.0000005,0.013939220374005586
2018-12-07,4.78,4.89,4.71,4.86,31085401.0,168057632.0,2736032861.0000005,0.011361486714248931
2018-12-10,4.72,4.91,4.67,4.69,24523805.0,130758825.0,2736032861.0000005,0.008963271366206005
2018-12-11,4.8,4.86,4.68,4.7,20792055.0,110723178.0,2736032861.0000005,0.007599344034340528
2018-12-12,4.81,4.84,4.64,4.66,18116593.0,95649111.0,2736032861.0000005,0.006621482241035115
2018-12-13,4.67,4.77,4.61,4.65,15731155.0,82571342.0,2736032861.0000005,0.0057496220985629445
2018-12-14,4.64,4.67,4.48,4.48,16714756.0,85267399.0,2736032861.0000005,0.00610912107023849
2018-12-17,4.48,4.59,4.45,4.51,15579010.0,78819373.0,2736032861.0000005,0.005694014213815394
2018-12-18,4.49,4.51,4.39,4.41,13768800.0,68607980.0,2736032861.0000005,0.005032395698262046
2018-12-19,4.43,4.46,4.28,4.33,18942689.0,92064399.0,2736032861.0000005,0.006923414287164878
2018-12-20,4.32,4.37,4.23,4.28,13455091.0,64771590.0,2736032861.0000005,0.004917737353155276
2018-12-21,4.25,4.27,4.16,4.2,11405163.0,53832157.0,2736032861.0000005,0.004168503661842532
2018-12-24,4.2,4.26,4.13,4.23,10785135.0,50666363.0,2736032861.0000005,0.003941887962580285
2018-12-25,4.16,4.16,3.87,4.03,19958594.0,89727745.0,2736032861.0000005,0.007294720134576628
2018-12-26,4.03,4.05,3.99,4.02,7485451.0,33739387.0,2736032861.0000005,0.002735877593686547
2018-12-27,4.13,4.13,3.94,3.96,11229298.0,50515375.0,2736032861.0000005,0.004104226290577435
2018-12-28,3.97,4.03,3.86,3.96,15039201.0,66339236.0,2736032861.0000005,0.005496717972350405
2019-01-02,3.99,4.0,3.89,3.93,5701109.0,25226295.0,2736032861.0000005,0.0020837136429407814
2019-01-03,3.93,4.0,3.9,3.95,7039464.0,31214889.0,2736032861.0000005,0.0025728726070297
2019-01-04,3.9,4.05,3.84,4.05,14184738.0,63086031.0,2736032861.0000005,0.005184417995190153
2019-01-07,4.1,4.22,4.0,4.22,20007666.0,92271888.0,2736032861.0000005,0.007312655591675658
2019-01-08,4.15,4.26,4.11,4.2,13324674.0,62772489.0,2736032861.0000005,0.004870070893494286
2019-01-09,4.2,4.31,4.2,4.24,15025955.0,71938755.0,2736032861.0000005,0.005491876656228508
2019-01-10,4.2,4.27,4.2,4.22,8961100.0,42509659.0,2736032861.0000005,0.0032752165106397085
2019-01-11,4.22,4.35,4.13,4.32,13663858.0,65142566.0,2736032861.0000005,0.004994040164782947
2019-01-14,4.3,4.31,4.16,4.18,11126438.0,52596966.0,2736032861.0000005,0.004066631712871083
2019-01-15,4.16,4.26,4.16,4.24,8316512.0,39376621.0,2736032861.0000005,0.0030396243110034776
2019-01-16,4.27,4.27,4.2,4.22,8754710.0,41398749.0,2736032861.0000005,0.0031997824751272236
2019-01-17,4.2,4.24,4.1,4.17,12092000.0,56504183.0,2736032861.0000005,0.004419537561979596
2019-01-18,4.18,4.24,4.14,4.21,7179698.0,33779724.0,2736032861.0000005,0.0026241271083914802
2019-01-21,4.28,4.58,4.28,4.48,31789274.0,158860895.0,2736032861.0000005,0.011618747147788731
2019-01-22,4.52,4.53,4.33,4.37,15060333.0,74518332.0,2736032861.0000005,0.005504441563795969
2019-01-23,4.37,4.41,4.31,4.36,10343558.0,50469613.0,2736032861.0000005,0.0037804947986697438
2019-01-24,4.36,4.39,4.31,4.35,8383907.0,40933460.0,2736032861.0000005,0.00306425669059243
2019-01-25,4.33,4.4,4.33,4.37,7559257.0,37053572.0,2736032861.0000005,0.002762853146886966
2019-01-28,4.41,4.44,4.32,4.4,8474585.0,41571964.0,2736032861.0000005,0.003097398836395042
2019-01-29,4.37,4.37,4.24,4.32,8825250.0,42652141.0,2736032861.0000005,0.003225564329214392
2019-01-30,4.3,4.49,4.28,4.45,16035700.0,79276413.0,2736032861.0000005,0.005860931068693037
2019-01-31,4.44,4.51,4.39,4.46,13708194.0,68175440.0,2736032861.0000005,0.005010244648519957
2019-02-01,4.45,4.48,4.26,4.4,18332035.0,89599890.0,2736032861.0000005,0.006700224716343419
2019-02-11,4.36,4.43,4.33,4.43,13316889.0,65297181.0,2736032861.0000005,0.00486722553293193
2019-02-12,4.4,4.46,4.36,4.44,10426406.0,51679694.0,2736032861.0000005,0.003810775136739119
2019-02-13,4.44,4.56,4.41,4.55,15232665.0,76493683.0,2736032861.0000005,0.005567427649400589
2019-02-14,4.52,4.64,4.49,4.59,12737903.0,65047497.0,2736032861.0000005,0.0046556103844982285
2019-02-15,4.56,4.56,4.48,4.5,14121558.0,71264928.0,2736032861.0000005,0.00516132616727369
2019-02-18,4.5,4.61,4.48,4.59,16790488.0,85503160.0,2736032861.0000005,0.0061368005623526015
2019-02-19,4.64,4.64,4.48,4.52,14726528.0,75202418.0,2736032861.0000005,0.005382438277666577
2019-02-20,4.52,4.53,4.44,4.47,14112071.0,70857069.0,2736032861.0000005,0.005157858738159358
2019-02-21,4.49,4.76,4.46,4.62,32503789.0,168380074.0,2736032861.0000005,0.011879897154495467
2019-02-22,4.62,4.85,4.61,4.82,35890810.0,190189565.0,2736032861.0000005,0.0131178285581271
2019-02-25,4.86,5.27,4.85,5.25,54607960.0,313668280.0,2736032861.0000005,0.01995880999033074
2019-02-26,5.17,5.34,5.13,5.2,34845315.0,204510591.0,2736032861.0000005,0.012735707782129593
2019-02-27,5.19,5.43,5.16,5.23,32503324.0,193050856.0,2736032861.0000005,0.011879727200396368
2019-02-28,5.28,5.37,5.19,5.27,23423344.0,138761483.0,2736032861.0000005,0.008561060919216787
2019-03-01,5.3,5.44,5.21,5.34,21247291.0,126401076.0,2736032861.0000005,0.007765729462852382
2019-03-04,5.41,5.43,5.24,5.28,27822188.0,166688528.0,2736032861.0000005,0.010168806229114948
2019-03-05,5.28,5.35,5.22,5.28,28976832.0,170779256.0,2736032861.0000005,0.010590820166322555
2019-03-06,5.32,5.37,5.17,5.28,32364540.0,190687534.0,2736032861.0000005,0.01182900266342963
2019-03-07,5.27,5.4,5.23,5.31,33370817.0,198421470.0,2736032861.0000005,0.01219678954725829
2019-03-08,5.17,5.26,4.97,4.97,37293453.0,213948138.0,2736032861.0000005,0.013630484316028832
2019-03-11,4.96,5.36,4.95,5.36,35231523.0,206109027.0,2736032861.0000005,0.01287686398149587
2019-03-12,5.4,5.44,5.23,5.28,24683226.0,147217176.0,2736032861.0000005,0.009021538575738617
2019-03-13,5.28,5.37,5.19,5.24,19873169.0,117440267.0,2736032861.0000005,0.00726349792185482
2019-03-14,5.24,5.28,5.04,5.11,20850128.0,119754344.0,2736032861.0000005,0.007620569291108378
2019-03-15,5.09,5.61,5.09,5.49,50134260.0,306459137.0,2736032861.0000005,0.018323705359911607
2019-03-18,5.52,5.68,5.44,5.56,33164460.0,207130755.0,2736032861.0000005,0.01212136757300445
2019-03-19,5.61,5.64,5.5,5.5,16378867.0,102047423.0,2736032861.0000005,0.0059863560973509805
2019-03-20,5.5,5.61,5.41,5.53,16276733.0,100297583.0,2736032861.0000005,0.0059490268673348355
2019-03-21,5.53,5.62,5.47,5.47,22737091.0,141196816.0,2736032861.0000005,0.008310240466808486
2019-03-22,5.46,5.6,5.46,5.58,20169209.0,125582406.0,2736032861.0000005,0.007371698376688465
2019-03-25,5.47,5.56,5.37,5.37,27194558.0,165570466.0,2736032861.0000005,0.009939412054451927
2019-03-26,5.44,5.44,5.18,5.25,20006822.0,118131406.0,2736032861.0000005,0.0073123471158484735
2019-03-27,5.25,5.32,5.14,5.29,13370229.0,78238906.0,2736032861.0000005,0.004886720912815819
2019-03-28,5.29,5.57,5.23,5.53,34878965.0,214159376.0,2736032861.0000005,0.012748006611021472
2019-03-29,5.52,5.85,5.46,5.77,45073364.0,289359674.0,2736032861.0000005,0.01647398488610477
2019-04-01,5.87,5.96,5.73,5.89,37566509.0,247087116.0,2736032861.0000005,0.013730284286962003
2019-04-02,5.89,6.11,5.85,5.91,36564485.0,244818353.0,2736032861.0000005,0.01336405184352791
2019-04-03,5.82,6.47,5.81,6.39,60501788.0,422817788.0,2736032861.0000005,0.022112961018270455
2019-04-04,6.47,6.53,6.09,6.26,46247516.0,324814679.0,2736032861.0000005,0.01690312885463549
2019-04-08,6.25,6.33,6.09,6.11,44724877.0,309041725.0,2736032861.0000005,0.016346615436356043
2019-04-09,6.2,6.33,6.08,6.18,30810868.0,214353295.0,2736032861.0000005,0.011261146910618188
2019-04-10,6.12,6.4,6.12,6.29,27911224.0,196005788.0,2736032861.0000005,0.01020134823592676
2019-04-11,6.41,6.41,6.1,6.15,26005507.0,181048448.0,2736032861.0000005,0.009504822610388961
2019-04-12,6.19,6.3,6.07,6.2,18725295.0,129671500.0,2736032861.0000005,0.0068439583701330395
2019-04-15,6.35,6.37,6.14,6.15,17390033.0,121649577.0,2736032861.0000005,0.006355929874922652
2019-04-16,6.12,6.19,6.02,6.18,17168463.0,117460668.0,2736032861.0000005,0.006274947660433088
2019-04-17,6.22,6.22,6.06,6.07,19226225.0,131595048.0,2736032861.0000005,0.007027044621449814
2019-04-18,6.08,6.13,6.02,6.04,10344452.0,70318263.0,2736032861.0000005,0.00378082154913124
2019-04-19,6.04,6.15,5.96,6.13,16218022.0,110252499.0,2736032861.0000005,0.005927568426233166
2019-04-22,6.12,6.15,5.98,6.02,13546887.0,91547051.0,2736032861.0000005,0.004951288119781102
2019-04-23,6.03,6.2,5.94,6.11,17762202.0,121569814.0,2736032861.0000005,0.006491954922466845
2019-04-24,6.05,6.2,5.99,6.19,18009189.0,123798566.0,2736032861.0000005,0.0065822268645625
2019-04-25,6.19,6.21,5.7,5.72,29136098.0,193254434.0,2736032861.0000005,0.0106490307244888
2019-04-26,5.71,5.94,5.71,5.88,19132394.0,125583662.0,2736032861.0000005,0.006992750077207496
2019-04-29,5.85,5.94,5.67,5.7,17374066.0,112744903.0,2736032861.0000005,0.006350094053201504
2019-04-30,5.79,6.24,5.78,6.15,28135457.0,192293161.0,2736032861.0000005,0.010283303757439775
2019-05-06,5.76,5.94,5.53,5.54,34547998.0,221890107.0,2736032861.0000005,0.012627040593135623
2019-05-07,5.61,5.89,5.6,5.8,31932927.0,205825887.0,2736032861.0000005,0.011671251268644756
2019-05-08,5.73,5.78,5.5,5.56,26281942.0,165373677.0,2736032861.0000005,0.009605857581108927
2019-05-09,5.53,5.56,5.29,5.37,18673889.0,113113043.0,2736032861.0000005,0.006825169853104333
2019-05-10,5.44,5.86,5.44,5.67,36204170.0,229023739.0,2736032861.0000005,0.013232359346286372
2019-05-13,5.67,5.84,5.58,5.77,20948934.0,134968815.0,2736032861.0000005,0.007656682161464725
2019-05-14,5.68,5.85,5.49,5.5,22757827.0,143391878.0,2736032861.0000005,0.008317819323150299
2019-05-15,5.57,5.77,5.57,5.69,18811359.0,119575110.0,2736032861.0000005,0.006875414132681354
2019-05-16,5.77,5.77,5.47,5.51,23499591.0,145909551.0,2736032861.0000005,0.008588928640064311
2019-05-17,5.5,5.55,5.34,5.38,12957489.0,79008440.0,2736032861.0000005,0.004735867461498299
2019-05-20,5.38,5.43,5.12,5.28,13263463.0,78056401.0,2736032861.0000005,0.004847698720677024
2019-05-21,5.32,5.46,5.31,5.41,10700523.0,64607855.0,2736032861.0000005,0.003910962895412387
2019-05-22,5.41,5.42,5.27,5.32,8489814.0,50921141.0,2736032861.0000005,0.003102964924513748
2019-05-23,5.31,5.35,5.11,5.17,16876755.0,97998989.0,2736032861.0000005,0.006168330519916222
2019-05-24,5.17,5.36,5.16,5.3,12314579.0,72676209.0,2736032861.0000005,0.004500888558589574
2019-05-27,5.29,5.52,5.24,5.49,14979841.0,90924306.0,2736032861.0000005,0.005475022326495368
2019-05-28,5.46,5.58,5.46,5.52,11178073.0,69248052.0,2736032861.0000005,0.0040855039277249375
2019-05-29,5.54,5.55,5.44,5.51,10651300.0,65625259.0,2736032861.0000005,0.0038929722489177364
2019-05-30,5.51,5.61,5.43,5.57,10222057.0,63209364.0,2736032861.0000005,0.003736087071799244
2019-05-31,5.6,5.61,5.5,5.55,8207781.0,51145808.0,2736032861.0000005,0.002999883925736226
2019-06-03,5.55,5.71,5.49,5.63,17234904.0,108972585.0,2736032861.0000005,0.0062992313599993695
2019-06-04,5.63,5.73,5.55,5.62,12696400.0,80086127.0,2736032861.0000005,0.004640441341541328
2019-06-05,5.69,5.78,5.52,5.58,11634900.0,73108404.0,2736032861.0000005,0.004252470855100595
2019-06-06,5.62,5.62,5.44,5.57,9994707.0,61931074.0,2736032861.0000005,0.0036529923095832283
2019-06-10,5.53,5.62,5.47,5.52,9233132.0,57265396.0,2736032861.0000005,0.0033746422170621722
2019-06-11,5.57,5.75,5.54,5.73,13923103.0,88780304.0,2736032861.0000005,0.005088792316226496
2019-06-12,5.74,5.74,5.58,5.63,10447460.0,65962744.0,2736032861.0000005,0.003818470219755156
2019-06-13,5.59,5.61,5.4,5.47,12844555.0,78784870.0,2736032861.0000005,0.004694590910470793
2019-06-14,5.49,5.53,5.39,5.42,6582023.0,40195983.0,2736032861.0000005,0.002405681267144693
2019-06-17,5.39,5.43,5.3,5.37,7450038.0,44751181.0,2736032861.0000005,0.002722934401188831
2019-06-18,5.34,5.45,5.32,5.4,5674372.0,34280991.0,2736032861.0000005,0.0020739414649888588
2019-06-19,5.64,5.69,5.43,5.52,14696389.0,91092235.0,2736032861.0000005,0.005371422693596075
2019-06-20,5.52,5.67,5.46,5.63,13922821.0,87318234.0,2736032861.0000005,0.005088689247288978
2019-06-21,5.65,5.86,5.64,5.83,19073063.0,123313377.0,2736032861.0000005,0.00697106503064036
2019-06-24,5.81,5.93,5.77,5.84,12211645.0,79928517.0,2736032861.0000005,0.004463266934424439
2019-06-25,5.85,5.87,5.73,5.82,12753248.0,82845009.0,2736032861.0000005,0.0046612188697685375
2019-06-26,5.82,5.86,5.74,5.75,8374926.0,54240139.0,2736032861.0000005,0.003060974200777334
2019-06-27,5.76,5.97,5.76,5.93,17740236.0,117089436.0,2736032861.0000005,0.00648392651012096
2019-06-28,5.98,5.98,5.68,5.81,12586376.0,81137152.0,2736032861.0000005,0.004600228374230772
2019-07-01,5.96,5.98,5.84,5.86,14153938.0,93186773.0,2736032861.0000005,0.005173160820454049
2019-07-02,5.85,5.86,5.68,5.71,14579009.0,93490218.0,2736032861.0000005,0.0053285211620855595
2019-07-03,5.7,5.71,5.62,5.68,8346771.0,52783088.0,2736032861.0000005,0.0030506837541963276
2019-07-04,5.69,5.95,5.68,5.85,19057445.0,124739038.0,2736032861.0000005,0.006965356765866708
2019-07-05,6.01,6.13,5.77,5.87,21915194.0,144685728.0,2736032861.0000005,0.008009843124468232
2019-07-08,5.83,5.86,5.54,5.59,17225414.0,108782924.0,2736032861.0000005,0.006295762834406979
2019-07-09,5.54,5.59,5.49,5.57,7595526.0,46935397.0,2736032861.0000005,0.002776109201124101
2019-07-10,5.6,5.6,5.49,5.51,5463184.0,33695214.0,2736032861.0000005,0.0019967537955678082
2019-07-11,5.51,5.58,5.44,5.47,6114700.0,37571325.0,2736032861.0000005,0.00223487812853429
2019-07-12,5.47,5.54,5.47,5.5,5966795.0,36670848.0,2736032861.0000005,0.0021808199327763844
2019-07-15,5.5,5.67,5.43,5.63,10580249.0,65898795.0,2736032861.0000005,0.0038670036280679006
2019-07-16,5.63,5.77,5.63,5.77,14062101.0,89578333.0,2736032861.0000005,0.005139595068628088
2019-07-17,5.77,5.86,5.67,5.77,13237768.0,84845510.0,2736032861.0000005,0.004838307386104161
2019-07-18,5.76,5.76,5.6,5.64,9741730.0,61626101.0,2736032861.0000005,0.0035605310662970135
2019-07-19,5.68,5.86,5.63,5.76,22174040.0,142949568.0,2736032861.0000005,0.008104449444329974
2019-07-22,5.78,5.78,5.58,5.59,13507107.0,85176077.0,2736032861.0000005,0.0049367488207225875
2019-07-23,5.61,5.86,5.6,5.85,24799503.0,160048021.0,2736032861.0000005,0.009064036968816214
2019-07-24,5.85,5.93,5.76,5.8,18512710.0,120440402.0,2736032861.0000005,0.006766260107429315
2019-07-25,5.8,5.8,5.68,5.76,13010780.0,83389293.0,2736032861.0000005,0.004755344932240562
2019-07-26,5.72,5.82,5.68,5.77,9137896.0,58584495.0,2736032861.0000005,0.003339834155595691
2019-07-29,5.73,5.77,5.6,5.65,16479256.0,103873825.0,2736032861.0000005,0.006023047542629641
2019-07-30,5.67,5.85,5.66,5.81,21768764.0,140833940.0,2736032861.0000005,0.007956324030422526
2019-07-31,5.85,5.85,5.62,5.69,15800315.0,101156583.0,2736032861.0000005,0.0057748995727431056
2019-08-01,5.69,5.8,5.63,5.68,14926486.0,95322198.0,2736032861.0000005,0.0054555214642211846
2019-08-02,5.58,5.59,5.44,5.49,14662492.0,90275196.0,2736032861.0000005,0.005359033588010695
2019-08-05,5.46,5.47,5.34,5.37,10810949.0,65217532.0,2736032861.0000005,0.003951322790782811
2019-08-06,5.28,5.33,4.99,5.04,20810984.0,118546687.0,2736032861.0000005,0.007606262445398311
2019-08-07,5.1,5.3,5.1,5.25,16846372.0,97852855.0,2736032861.0000005,0.0061572257556302785
2019-08-08,5.21,5.31,5.16,5.17,8070811.0,46867355.0,2736032861.0000005,0.002949822392502324
2019-08-09,5.21,5.35,5.2,5.25,12343125.0,72805118.0,2736032861.0000005,0.004511321912810899
2019-08-12,5.26,5.32,5.2,5.31,7199045.0,42446840.0,2736032861.0000005,0.0026311982953921105
2019-08-13,5.3,5.35,5.25,5.31,7196938.0,42581740.0,2736032861.0000005,0.0026304282023022086
2019-08-14,5.43,5.52,5.41,5.46,13367352.0,81602668.0,2736032861.0000005,0.004885669390357515
2019-08-15,5.34,5.41,5.3,5.36,10822208.0,64621841.0,2736032861.0000005,0.003955437872937155
2019-08-16,5.33,5.39,5.28,5.28,6348421.0,37813694.0,2736032861.0000005,0.0023203014446543224
2019-08-19,5.42,5.59,5.36,5.57,15590142.0,95851317.0,2736032861.0000005,0.005698082878398586
2019-08-20,5.62,5.77,5.6,5.63,20312891.0,128964306.0,2736032861.0000005,0.007424213096832391
2019-08-21,5.64,6.18,5.64,6.07,55043777.0,369019317.0,2736032861.0000005,0.020118097916368552
2019-08-22,6.1,6.22,6.03,6.16,30995582.0,212010258.0,2736032861.0000005,0.011328658526663798
2019-08-23,6.22,6.29,6.18,6.23,33823800.0,236352072.0,2736032861.0000005,0.012362351520748053
2019-08-26,6.07,6.47,6.04,6.3,35255725.0,247715958.0,2736032861.0000005,0.01288570963548818
2019-08-27,6.3,6.52,6.3,6.4,22854785.0,164053630.0,2736032861.0000005,0.00835325676302248
2019-08-28,6.37,6.47,6.33,6.39,15258195.0,108909967.0,2736032861.0000005,0.005576758677680223
2019-08-29,6.42,6.5,6.36,6.43,15380675.0,110410776.0,2736032861.0000005,0.005621524221890549
2019-08-30,6.48,6.54,6.27,6.38,21823335.0,156033147.0,2736032861.0000005,0.007976269331803175
2019-09-02,6.38,6.51,6.33,6.44,25120150.0,180656533.0,2736032861.0000005,0.009181231102180097
2019-09-03,6.46,6.46,6.34,6.38,14998207.0,107100732.0,2736032861.0000005,0.0054817349651707994
2019-09-04,6.36,6.63,6.34,6.54,28901458.0,209834876.0,2736032861.0000005,0.010563271520590115
2019-09-05,6.55,6.62,6.36,6.37,30694613.0,220496700.0,2736032861.0000005,0.011218656558379688
2019-09-06,6.4,6.45,6.34,6.38,10086747.0,71926621.0,2736032861.0000005,0.0036866322564244954
2019-09-09,6.45,6.51,6.32,6.49,19299988.0,138708445.0,2736032861.0000005,0.0070540044584647245
2019-09-10,6.52,6.54,6.3,6.37,14512362.0,103177542.0,2736032861.0000005,0.0053041621710259125
2019-09-11,6.37,6.45,6.3,6.32,11309029.0,80168855.0,2736032861.0000005,0.00413336738794381
2019-09-12,6.36,6.44,6.3,6.39,11919075.0,84866080.0,2736032861.0000005,0.004356334739212037
2019-09-16,6.38,6.4,6.08,6.28,39038508.0,269586937.0,2736032861.0000005,0.014268289155610398
2019-09-17,6.37,6.9,6.37,6.81,74575019.0,561546411.0,2736032861.0000005,0.02725662402049636
2019-09-18,6.71,6.72,6.32,6.44,54904775.0,397622151.0,2736032861.0000005,0.020067293701996218
2019-09-19,6.35,6.41,6.07,6.16,39866452.0,274369845.0,2736032861.0000005,0.014570896632224328
2019-09-20,6.18,6.31,6.12,6.21,18669848.0,129821565.0,2736032861.0000005,0.006823692897159248
2019-09-23,6.18,6.54,6.17,6.29,36351853.0,257664301.0,2736032861.0000005,0.013286336402667933
2019-09-24,6.28,6.46,6.28,6.37,21126992.0,150059649.0,2736032861.0000005,0.007721761058190739
2019-09-25,6.36,6.73,6.3,6.69,36155862.0,265744685.0,2736032861.0000005,0.01321470312559963
2019-09-30,6.02,6.02,6.02,6.02,5045900.0,33908448.0,2736032861.0000005,0.001844239545484026
2019-10-08,5.47,5.68,5.42,5.42,66466043.0,404442308.0,2736032861.0000005,0.0242928525996238
2019-10-09,5.26,5.43,5.26,5.42,28623831.0,172027371.0,2736032861.0000005,0.010461800882588156
2019-10-10,5.43,5.94,5.42,5.82,46741989.0,299514025.0,2736032861.0000005,0.017083855119677232
2019-10-11,6.06,6.4,5.86,6.4,63252995.0,437380084.0,2736032861.0000005,0.0231185070550949
2019-10-14,6.89,7.05,6.51,6.58,110739112.0,850516240.0,2736032861.0000005,0.04047433551639641
2019-10-15,6.45,6.62,6.16,6.25,73789347.0,525677531.0,2736032861.0000005,0.02696946665071505
2019-10-16,6.16,6.37,5.98,6.01,51596535.0,353082143.0,2736032861.0000005,0.018858156177679032
2019-10-17,6.0,6.18,5.77,5.85,46934555.0,309338886.0,2736032861.0000005,0.017154236584295175
2019-10-18,5.84,5.9,5.52,5.59,44146330.0,279373959.0,2736032861.0000005,0.0161351607392116
2019-10-21,5.58,5.68,5.44,5.58,33619487.0,208650680.0,2736032861.0000005,0.012287676613544882
2019-10-22,5.58,5.64,5.5,5.62,18438042.0,114758310.0,2736032861.0000005,0.00673896949953336
2019-10-23,5.64,5.67,5.51,5.56,16347081.0,101587384.0,2736032861.0000005,0.005974738546826246
2019-10-24,5.62,5.66,5.51,5.55,16640431.0,103566019.0,2736032861.0000005,0.006081955826333914
2019-10-25,5.48,5.58,5.4,5.55,19292012.0,118592959.0,2736032861.0000005,0.007051089288799297
2019-10-28,5.5,5.6,5.49,5.59,17306770.0,107312387.0,2736032861.0000005,0.006325497857388489
2019-10-29,5.6,5.6,5.45,5.55,14700797.0,90423017.0,2736032861.0000005,0.005373033785357009
2019-10-30,5.48,5.51,5.4,5.48,15012157.0,91315483.0,2736032861.0000005,0.005486833588143808
2019-10-31,5.49,5.5,5.2,5.24,41604899.0,246218028.0,2736032861.0000005,0.015206286296135239
2019-11-01,5.19,5.34,5.12,5.29,21723080.0,127957959.0,2736032861.0000005,0.007939626862544468
2019-11-04,5.32,5.35,5.18,5.21,24621660.0,144449422.0,2736032861.0000005,0.00899903665301774
2019-11-05,5.21,5.29,5.15,5.26,18502225.0,108309820.0,2736032861.0000005,0.0067624279166141185
2019-11-06,5.27,5.3,5.17,5.2,15335356.0,89708696.0,2736032861.0000005,0.005604960458842968
2019-11-07,5.19,5.25,5.15,5.19,11698122.0,67906258.0,2736032861.0000005,0.00427557803370988
2019-11-08,5.25,5.38,5.24,5.26,21655761.0,128397409.0,2736032861.0000005,0.00791502226039967
2019-11-11,5.24,5.25,5.04,5.07,26086849.0,148791117.0,2736032861.0000005,0.009534552516472863
2019-11-12,5.08,5.11,4.97,5.0,17152204.0,96175269.0,2736032861.0000005,0.006269005114847558
2019-11-13,5.0,5.06,4.96,5.03,12263753.0,68669600.0,2736032861.0000005,0.004482312027318885
2019-11-14,5.07,5.09,5.02,5.03,7916119.0,44636027.0,2736032861.0000005,0.002893283597882927
2019-11-15,5.05,5.11,5.0,5.04,14217883.0,80357688.0,2736032861.0000005,0.005196532250275483
2019-11-18,5.01,5.07,4.98,5.05,12145788.0,68065551.0,2736032861.0000005,0.00443919668258692
2019-11-19,5.03,5.09,5.0,5.08,8938982.0,50433417.0,2736032861.0000005,0.0032671325434055153
2019-11-20,5.09,5.24,5.08,5.1,17273996.0,99606764.0,2736032861.0000005,0.006313519200089752
2019-11-21,5.07,5.21,5.05,5.2,13097901.0,75239603.0,2736032861.0000005,0.00478718702055823
2019-11-22,5.22,5.34,5.17,5.24,17321622.0,101601317.0,2736032861.0000005,0.006330926154764483
2019-11-25,5.22,5.33,5.21,5.32,14945384.0,88349826.0,2736032861.0000005,0.005462428545005694
2019-11-26,5.33,5.33,5.23,5.29,22223328.0,130912587.0,2736032861.0000005,0.00812246384784923
2019-11-27,5.25,5.25,5.07,5.13,16243623.0,93647498.0,2736032861.0000005,0.005936925404493524
2019-11-28,5.14,5.17,5.1,5.13,7354540.0,42153612.0,2736032861.0000005,0.0026880305806385556
2019-11-29,5.1,5.16,5.08,5.15,6948649.0,39749818.0,2736032861.0000005,0.0025396803887290736
2019-12-02,5.15,5.19,5.1,5.11,7155506.0,41083943.0,2736032861.0000005,0.002615285109326031
2019-12-03,5.09,5.11,5.03,5.07,7014217.0,39650378.0,2736032861.0000005,0.002563645013180271
2019-12-04,5.05,5.05,4.96,5.0,10837772.0,60483666.0,2736032861.0000005,0.00396112640110575
2019-12-05,5.01,5.05,4.99,5.01,9113158.0,51044997.0,2736032861.0000005,0.0033307925975235566
2019-12-06,5.06,5.51,5.06,5.42,31246358.0,183484164.0,2736032861.0000005,0.011420315320547604
2019-12-09,5.36,5.43,5.28,5.32,23753401.0,141734382.0,2736032861.0000005,0.008681694338758162
2019-12-10,5.33,5.33,5.2,5.26,14029868.0,82365735.0,2736032861.0000005,0.005127814142872606
2019-12-11,5.26,5.4,5.22,5.31,18531342.0,109787381.0,2736032861.0000005,0.0067730699671592854
2019-12-12,5.28,5.38,5.22,5.34,17218925.0,102031419.0,2736032861.0000005,0.006293391152365987
2019-12-13,5.51,5.58,5.34,5.44,30277204.0,183905194.0,2736032861.0000005,0.011066096621710127
2019-12-16,5.45,5.54,5.39,5.53,36149422.0,221204534.0,2736032861.0000005,0.013212349352700261
2019-12-17,5.5,5.54,5.46,5.51,27992265.0,172163811.0,2736032861.0000005,0.010230968128712105
2019-12-18,5.51,5.58,5.48,5.53,22286438.0,137726558.0,2736032861.0000005,0.008145530091277655
2019-12-19,5.51,5.78,5.45,5.57,35719118.0,224059320.0,2736032861.0000005,0.01305507638784167
2019-12-20,5.7,5.8,5.55,5.55,30602488.0,193751126.0,2736032861.0000005,0.011184985544660093
2019-12-23,5.55,5.65,5.36,5.37,23754676.0,145643527.0,2736032861.0000005,0.008682160341933113
2019-12-24,5.38,5.43,5.32,5.36,14291038.0,85764879.0,2736032861.0000005,0.005223269867737162
2019-12-25,5.38,5.39,5.31,5.34,15366160.0,91719303.0,2736032861.0000005,0.005616219095549817
2019-12-26,5.34,5.6,5.32,5.57,24273809.0,148225303.0,2736032861.0000005,0.008871899656617463
2019-12-27,5.58,5.58,5.46,5.49,22181780.0,136755952.0,2736032861.0000005,0.008107278357721449
2019-12-30,5.41,5.65,5.4,5.63,24516702.0,152631062.0,2736032861.0000005,0.008960675271655663
2019-12-31,5.63,5.75,5.6,5.71,28435632.0,180888047.0,2736032861.0000005,0.010393015524531011
2020-01-02,5.75,6.28,5.72,6.2,69564797.0,470963714.0,2736032861.0000005,0.025425424523071907
2020-01-03,6.02,6.11,5.94,5.95,45399442.0,304380338.0,2736032861.0000005,0.016593164010247605
2020-01-06,5.88,6.11,5.88,5.95,29122040.0,194608813.0,2736032861.0000005,0.010643892628305679
2020-01-07,5.94,5.94,5.79,5.89,25737382.0,167952443.0,2736032861.0000005,0.009406824883891624
2020-01-08,5.86,5.86,5.66,5.68,27868786.0,178730067.0,2736032861.0000005,0.010185837457308227
2020-01-09,5.74,5.77,5.69,5.77,14777028.0,94760816.0,2736032861.0000005,0.005400895658321553
2020-01-10,5.79,5.82,5.73,5.78,11444529.0,73789494.0,2736032861.0000005,0.004182891646928943
2020-01-13,5.78,5.78,5.66,5.77,14979341.0,95563714.0,2736032861.0000005,0.00547483958015225
2020-01-14,5.77,6.09,5.75,5.94,29954882.0,196904771.0,2736032861.0000005,0.010948290288096798
2020-01-15,5.92,5.92,5.77,5.85,18122767.0,118039501.0,2736032861.0000005,0.006623738792879943
2020-01-16,5.91,5.94,5.75,5.77,22013133.0,143219437.0,2736032861.0000005,0.008045639112665611
2020-01-17,5.77,5.77,5.61,5.62,16460198.0,104670843.0,2736032861.0000005,0.006016081983015334
2020-01-20,5.62,5.7,5.6,5.65,12673913.0,80079146.0,2736032861.0000005,0.004632222507505913
2020-01-21,5.64,5.64,5.46,5.46,15927713.0,98170518.0,2736032861.0000005,0.005821462609984346
2020-01-22,5.45,5.54,5.32,5.5,16164804.0,97446340.0,2736032861.0000005,0.005908117636456997
2020-01-23,5.37,5.48,5.22,5.3,18540326.0,110793517.0,2736032861.0000005,0.006776353553452441
2020-02-03,4.91,5.58,4.91,5.05,50511303.0,295210145.0,2736032861.0000005,0.01846151181880852
2020-02-04,5.07,5.3,5.07,5.26,22779523.0,133062593.0,2736032861.0000005,0.0083257490524709
2020-02-05,5.26,5.32,5.19,5.23,28094287.0,164754010.0,2736032861.0000005,0.010268256423547392
2020-02-06,5.24,5.29,5.11,5.25,20493820.0,118705281.0,2736032861.0000005,0.0074903413230605915
2020-02-07,5.18,5.18,5.1,5.14,18195749.0,104334007.0,2736032861.0000005,0.0066504131801069025
2020-02-10,5.14,5.23,5.09,5.17,19153277.0,110216567.0,2736032861.0000005,0.007000382660974186
2020-02-11,5.17,5.27,5.09,5.22,26674745.0,155279623.0,2736032861.0000005,0.009749424204740937
2020-02-12,5.22,5.26,5.16,5.22,17842168.0,103499491.0,2736032861.0000005,0.006521181910614486
2020-02-13,5.17,5.22,5.09,5.11,17674366.0,101527699.0,2736032861.0000005,0.006459851506878519
2020-02-14,5.08,5.15,5.01,5.09,16811665.0,95643668.0,2736032861.0000005,0.006144540600969046
2020-02-17,5.09,5.25,5.07,5.23,24661269.0,142616841.0,2736032861.0000005,0.009013513452826909
2020-02-18,5.26,5.29,5.21,5.26,21440467.0,125556577.0,2736032861.0000005,0.007836333878008929
2020-02-19,5.26,5.3,5.18,5.28,23348509.0,137013390.0,2736032861.0000005,0.00853370927404223
2020-02-20,5.3,5.51,5.26,5.5,28661777.0,173696293.0,2736032861.0000005,0.01047566986806011
2020-02-21,5.47,5.5,5.41,5.45,18142010.0,110415256.0,2736032861.0000005,0.006630771968641204
2020-02-24,5.43,5.43,5.11,5.2,41106994.0,239701465.0,2736032861.0000005,0.015024305660194331
2020-02-25,5.13,5.13,5.03,5.12,30858675.0,175233151.0,2736032861.0000005,0.011278620019469129
2020-02-26,5.06,5.19,5.04,5.13,19098826.0,109388904.0,2736032861.0000005,0.006980481218715888
2020-02-27,5.13,5.17,5.06,5.07,19125305.0,108934451.0,2736032861.0000005,0.006990159099554761
2020-02-28,5.05,5.11,4.97,5.0,26876109.0,151038376.0,2736032861.0000005,0.009823021274012394
2020-03-02,5.11,5.26,5.06,5.25,28553802.0,165601311.0,2736032861.0000005,0.010436205795263654
2020-03-03,5.35,5.44,5.21,5.3,31144098.0,185213307.0,2736032861.0000005,0.011382940038452994
2020-03-04,5.28,5.33,5.2,5.26,17361870.0,101765271.0,2736032861.0000005,0.006345636504400155
2020-03-05,5.34,5.39,5.26,5.34,23398991.0,139130748.0,2736032861.0000005,0.008552160075828853
2020-03-06,5.28,5.34,5.25,5.26,18166408.0,107206308.0,2736032861.0000005,0.006639689259200018
2020-03-09,5.69,5.78,5.54,5.75,111878315.0,713555691.0,2736032861.0000005,0.04089070588103583
2020-03-10,5.91,5.91,5.51,5.66,76968920.0,488821323.0,2736032861.0000005,0.028131577327572158
2020-03-11,6.04,6.22,5.96,6.22,68842566.0,472752815.0,2736032861.0000005,0.025161454374798164
2020-03-12,6.27,6.85,6.14,6.56,151164734.0,1098308640.0,2736032861.0000005,0.05524960469398396
2020-03-13,6.38,7.05,6.36,6.48,107065984.0,791950378.0,2736032861.0000005,0.03913183409678352
2020-03-16,6.8,6.89,6.22,6.31,104950402.0,774667886.0,2736032861.0000005,0.038358604348648566
2020-03-17,6.54,6.9,6.11,6.9,86587666.0,633415825.0,2736032861.0000005,0.031647158641344986
2020-03-18,7.12,7.21,6.62,6.8,95191096.0,732549949.0,2736032861.0000005,0.03479164938289825
2020-03-19,6.88,6.94,6.25,6.48,90363479.0,659546968.0,2736032861.0000005,0.033027190677444127
2020-03-20,6.44,6.54,6.18,6.19,69671129.0,492561252.0,2736032861.0000005,0.025464288091384873
2020-03-23,5.96,6.04,5.57,5.57,88437477.0,566631742.0,2736032861.0000005,0.03232325103276601
2020-03-24,5.73,5.77,5.43,5.54,52203581.0,325894054.0,2736032861.0000005,0.01908002705088855
2020-03-25,5.68,5.68,5.48,5.59,44915264.0,279749117.0,2736032861.0000005,0.016416200492410677
2020-03-26,5.66,6.13,5.6,5.88,68530562.0,451884980.0,2736032861.0000005,0.025047419194721428
2020-03-27,6.0,6.23,5.94,6.06,54311916.0,368910548.0,2736032861.0000005,0.019850608073526347
2020-03-30,6.26,6.41,6.18,6.33,42879584.0,301638283.0,2736032861.0000005,0.015672174340891437
2020-03-31,6.67,6.96,6.39,6.71,78599167.0,584712051.0,2736032861.0000005,0.02872742068283221
2020-04-01,6.61,6.71,6.33,6.52,52681856.0,383957138.0,2736032861.0000005,0.019254833065398623
2020-04-02,6.51,6.96,6.37,6.85,62316175.0,467946975.0,2736032861.0000005,0.022776106196774216
2020-04-03,6.53,6.79,6.4,6.4,81856823.0,601660500.0,2736032861.0000005,0.029918070125108772
2020-04-07,6.66,7.01,6.4,6.92,86087702.0,646747783.0,2736032861.0000005,0.03146442545596311
2020-04-08,6.82,7.61,6.81,7.48,88561847.0,726569940.0,2736032861.0000005,0.03236870735815332
2020-04-09,7.47,7.64,7.18,7.48,53411156.0,441363856.0,2736032861.0000005,0.019521386881471373
2020-04-10,7.65,7.99,7.28,7.54,59906999.0,509401595.0,2736032861.0000005,0.02189556998891615
2020-04-13,7.39,7.99,7.31,7.66,42144364.0,362017833.0,2736032861.0000005,0.015403456808116162
2020-04-14,7.65,7.88,7.52,7.76,36204319.0,309961863.0,2736032861.0000005,0.013232413804696622
2020-04-15,7.73,7.83,7.5,7.52,32351660.0,275457698.0,2736032861.0000005,0.011824295117630897
2020-04-16,7.52,7.8,7.47,7.58,26972151.0,229684878.0,2736032861.0000005,0.009858123922583983
2020-04-17,7.56,7.84,7.51,7.55,29797696.0,255190651.0,2736032861.0000005,0.010890839954717926
2020-04-20,7.6,8.04,7.59,7.96,36552901.0,321904284.0,2736032861.0000005,0.01335981797625054
2020-04-21,8.58,8.67,8.12,8.29,55092543.0,514448922.0,2736032861.0000005,0.020135921532705593
2020-04-22,8.67,8.73,7.86,7.91,65465175.0,591995069.0,2736032861.0000005,0.023927042665734997
2020-04-23,7.7,8.39,7.61,8.21,57429142.0,520969086.0,2736032861.0000005,0.020989931377874627
2020-04-24,8.06,8.12,7.76,7.94,36300275.0,322571138.0,2736032861.0000005,0.013267485020897194
2020-04-27,8.01,8.05,7.78,7.9,24024981.0,211906425.0,2736032861.0000005,0.008780954842486446
2020-04-28,8.07,8.14,7.65,7.89,30670541.0,268693142.0,2736032861.0000005,0.011209858418436589
2020-04-29,7.81,8.02,7.48,7.71,31568103.0,273023574.0,2736032861.0000005,0.011537910764880976
2020-04-30,7.73,7.73,7.33,7.59,47103482.0,395816911.0,2736032861.0000005,0.017215978167303157
2020-05-06,6.98,7.12,6.86,7.03,70501411.0,551871057.0,2736032861.0000005,0.025767750089899226
2020-05-07,7.03,7.08,6.74,6.81,58336764.0,447343493.0,2736032861.0000005,0.02132166058074256
2020-05-08,6.83,6.85,6.67,6.71,53857201.0,406671217.0,2736032861.0000005,0.019684413066704022
2020-05-11,6.73,6.93,6.68,6.81,44831246.0,341830279.0,2736032861.0000005,0.016385492527898404
2020-05-12,6.79,6.85,6.59,6.65,35119477.0,261743496.0,2736032861.0000005,0.012835911987973741
2020-05-13,6.68,6.72,6.51,6.67,30439646.0,225795819.0,2736032861.0000005,0.011125467984647862
2020-05-14,6.63,6.65,6.39,6.42,50738761.0,367014121.0,2736032861.0000005,0.01854464605423465
2020-05-15,6.48,6.49,6.31,6.33,43595393.0,311220948.0,2736032861.0000005,0.015933797295134167
2020-05-18,6.29,6.38,6.23,6.28,43193945.0,303892537.0,2736032861.0000005,0.015787070987229635
2020-05-19,6.34,6.42,6.21,6.23,33463285.0,234647738.0,2736032861.0000005,0.012230585924969267
2020-05-20,6.23,6.24,6.09,6.14,38147905.0,262251434.0,2736032861.0000005,0.013942780272769536
2020-05-21,6.16,6.18,6.0,6.01,28637228.0,193686096.0,2736032861.0000005,0.010466697388105675
2020-05-22,6.03,6.09,5.9,5.94,32017395.0,214137186.0,2736032861.0000005,0.011702123704865836
2020-05-25,5.91,5.98,5.81,5.87,26223154.0,172414608.0,2736032861.0000005,0.009584370997070418
2020-05-26,5.92,5.99,5.77,5.89,43493626.0,284859559.0,2736032861.0000005,0.01589660220093387
2020-05-27,5.88,5.88,5.69,5.71,31692621.0,203809740.0,2736032861.0000005,0.011583421183185854
2020-05-28,5.89,6.09,5.78,5.85,71432304.0,473835636.0,2736032861.0000005,0.026107984673068584
2020-05-29,5.77,5.83,5.68,5.81,40894295.0,262460228.0,2736032861.0000005,0.014946565731324378
2020-06-01,5.77,6.04,5.77,6.0,39223565.0,260176126.0,2736032861.0000005,0.014335926135647386
2020-06-02,5.95,6.05,5.95,6.03,27163664.0,181983997.0,2736032861.0000005,0.009928120523403318
2020-06-03,6.03,6.05,5.96,5.97,24447219.0,163851383.0,2736032861.0000005,0.008935279743337847
2020-06-04,5.99,6.01,5.8,5.85,32815623.0,214965629.0,2736032861.0000005,0.011993870200815543
2020-06-05,5.82,5.95,5.77,5.88,27915942.0,182458900.0,2736032861.0000005,0.010203072630420426
2020-06-08,5.91,6.02,5.78,5.81,33501396.0,220568756.0,2736032861.0000005,0.01224451521673445
2020-06-09,5.9,6.31,5.85,6.16,71546773.0,486853725.0,2736032861.0000005,0.026149822255369465
2020-06-10,6.14,6.2,6.02,6.17,41265036.0,281352015.0,2736032861.0000005,0.015082068855312623
2020-06-11,6.11,6.14,6.01,6.03,45869171.0,310369876.0,2736032861.0000005,0.016764846524261096
2020-06-12,5.88,6.12,5.85,6.03,33013871.0,222201253.0,2736032861.0000005,0.012066328394876685
2020-06-15,6.0,6.02,5.86,5.89,40912029.0,271097177.0,2736032861.0000005,0.014953047378622106
2020-06-16,5.92,5.96,5.86,5.93,28846021.0,190357772.0,2736032861.0000005,0.010543009702543188
2020-06-17,5.91,5.91,5.77,5.87,36613589.0,238423381.0,2736032861.0000005,0.0133819989963929
2020-06-18,5.85,6.03,5.83,5.99,35687955.0,237809317.0,2736032861.0000005,0.013043686539260463
2020-06-19,6.03,6.26,6.01,6.08,53559545.0,368022223.0,2736032861.0000005,0.01957562197568942
2020-06-22,6.05,6.07,5.91,5.92,40746902.0,271922990.0,2736032861.0000005,0.014892694667821825
2020-06-23,5.9,5.9,5.8,5.86,31290665.0,204112456.0,2736032861.0000005,0.011436509204996713
2020-06-24,5.85,5.94,5.82,5.85,21470037.0,140654322.0,2736032861.0000005,0.007847141496740963
2020-06-29,5.81,5.81,5.6,5.68,36181607.0,230180407.0,2736032861.0000005,0.013224112734806804
2020-06-30,5.67,5.8,5.67,5.78,26047949.0,166746098.0,2736032861.0000005,0.009520334850978238
2020-07-01,5.77,5.79,5.68,5.77,22857529.0,146617677.0,2736032861.0000005,0.008354259674953516
2020-07-02,5.77,5.91,5.75,5.88,42954506.0,280406898.0,2736032861.0000005,0.0156995577839297
2020-07-03,5.85,6.17,5.85,6.14,69326394.0,468812308.0,2736032861.0000005,0.02533828997019491
2020-07-06,6.27,6.58,6.2,6.56,81122180.0,578951768.0,2736032861.0000005,0.029649563481613458
2020-07-07,7.12,7.16,6.62,6.69,124171986.0,950636814.0,2736032861.0000005,0.04538395271854156
2020-07-08,6.7,6.8,6.62,6.74,69790963.0,522885746.0,2736032861.0000005,0.025508086541947417
2020-07-09,6.76,6.8,6.56,6.79,85607004.0,639393164.0,2736032861.0000005,0.03128873385267429
2020-07-10,6.82,6.88,6.61,6.62,62059677.0,466487845.0,2736032861.0000005,0.022682358053739762
2020-07-13,6.72,7.29,6.66,7.27,108469072.0,851715112.0,2736032861.0000005,0.039644652498930635
2020-07-14,7.2,7.47,7.08,7.42,97418679.0,788510630.0,2736032861.0000005,0.035605814677384454
2020-07-15,7.42,7.46,6.83,6.88,83592247.0,655546453.0,2736032861.0000005,0.03055235490462919
2020-07-16,6.86,6.92,6.29,6.32,81524160.0,598527088.0,2736032861.0000005,0.029796484231627066
2020-07-17,6.66,6.88,6.52,6.69,110679746.0,823556554.0,2736032861.0000005,0.04045263767758526
2020-07-20,6.72,7.13,6.62,7.09,88432100.0,678109372.0,2736032861.0000005,0.03232128577859211
2020-07-21,7.09,7.11,6.88,6.93,56707698.0,438134564.0,2736032861.0000005,0.020726248872344956
2020-07-22,6.9,7.06,6.76,6.88,56812739.0,436858255.0,2736032861.0000005,0.02076464058959999
2020-07-23,6.8,6.83,6.57,6.75,47218215.0,352029630.0,2736032861.0000005,0.0172579122396732
2020-07-24,6.67,6.8,6.36,6.41,46075715.0,336281071.0,2736032861.0000005,0.01684033684564726
2020-07-27,6.42,6.47,6.22,6.31,36136424.0,254372972.0,2736032861.0000005,0.01320759867876455
2020-07-28,6.35,6.49,6.33,6.4,28977827.0,205808006.0,2736032861.0000005,0.010591183831545361
2020-07-29,6.39,6.49,6.25,6.47,34196701.0,243552945.0,2736032861.0000005,0.012498644108938571
2020-07-30,6.48,6.59,6.44,6.52,35306560.0,255139599.0,2736032861.0000005,0.012904289456193046
2020-07-31,6.46,6.55,6.36,6.45,35824861.0,256910756.0,2736032861.0000005,0.013093724680962445
2020-08-03,6.51,6.86,6.47,6.8,56955128.0,424016296.0,2736032861.0000005,0.02081668272770061
2020-08-04,6.75,6.79,6.64,6.7,40215321.0,299495630.0,2736032861.0000005,0.014698405700179195
2020-08-05,6.67,6.76,6.54,6.71,36050222.0,266647083.0,2736032861.0000005,0.013176092478225536
2020-08-06,6.73,6.85,6.61,6.74,34491276.0,257565894.0,2736032861.0000005,0.012606309116986878
2020-08-07,6.74,6.74,6.52,6.67,36983781.0,271656489.0,2736032861.0000005,0.013517301464896402
2020-08-10,6.6,6.93,6.6,6.84,50402666.0,381799345.0,2736032861.0000005,0.018421805789853776
2020-08-11,6.9,7.18,6.86,6.89,78276382.0,611220567.0,2736032861.0000005,0.02860944512610515
2020-08-12,6.82,7.09,6.81,7.01,48803871.0,377321877.0,2736032861.0000005,0.017837457910561256
2020-08-13,7.04,7.05,6.84,6.88,40040361.0,307103097.0,2736032861.0000005,0.014634459099795145
2020-08-14,6.84,6.93,6.69,6.91,32718648.0,247183794.0,2736032861.0000005,0.011958426547567695
2020-08-17,6.93,7.05,6.89,7.0,41577377.0,322348492.0,2736032861.0000005,0.01519622720642462
2020-08-18,6.98,6.99,6.84,6.88,33526037.0,256887984.0,2736032861.0000005,0.01225352132201602
2020-08-19,6.88,6.96,6.75,6.81,31323851.0,237951966.0,2736032861.0000005,0.01144863844528218
2020-08-20,6.79,6.91,6.74,6.8,27512535.0,208856964.0,2736032861.0000005,0.010055630322343558
2020-08-21,6.79,6.86,6.77,6.84,23629813.0,178909072.0,2736032861.0000005,0.008636523828651484
2020-08-24,6.85,7.15,6.85,7.02,50833230.0,397057281.0,2736032861.0000005,0.018579173782810786
2020-08-25,7.04,7.06,6.86,6.88,28535590.0,220095095.0,2736032861.0000005,0.010429549442461904
2020-08-26,6.89,6.96,6.79,6.95,30461012.0,232583165.0,2736032861.0000005,0.011133277101382006
2020-08-27,6.93,7.02,6.81,7.0,36568934.0,281711780.0,2736032861.0000005,0.01336567792048898
2020-08-28,6.99,6.99,6.82,6.92,55135423.0,422921661.0,2736032861.0000005,0.020151593859091443
2020-08-31,6.98,7.05,6.84,6.85,45542244.0,351918516.0,2736032861.0000005,0.016645357096827643
2020-09-01,6.82,6.82,6.63,6.68,38319334.0,284717673.0,2736032861.0000005,0.014005436318478484
2020-09-02,6.67,6.75,6.62,6.65,27977747.0,207778181.0,2736032861.0000005,0.010225661905893314
2020-09-03,6.69,6.73,6.55,6.6,26804701.0,197266686.0,2736032861.0000005,0.009796922172273572
2020-09-04,6.46,6.52,6.44,6.5,17715706.0,127694031.0,2736032861.0000005,0.006474960974527563
2020-09-07,6.51,6.65,6.44,6.5,23374946.0,170382766.0,2736032861.0000005,0.008543371804188281
2020-09-08,6.51,6.58,6.44,6.58,19375359.0,140501056.0,2736032861.0000005,0.0070815520077191045
2020-09-09,6.56,6.77,6.55,6.71,38183444.0,284087452.0,2736032861.0000005,0.013955769517345718
2020-09-10,6.7,6.7,6.42,6.43,27076480.0,197253470.0,2736032861.0000005,0.009896255409046418
2020-09-11,6.42,6.46,6.36,6.43,16030640.0,114274569.0,2736032861.0000005,0.005859081675700677
2020-09-14,6.45,6.48,6.38,6.42,15043648.0,107422218.0,2736032861.0000005,0.005498343318326102
2020-09-15,6.43,6.52,6.38,6.52,12270600.0,87849316.0,2736032861.0000005,0.00448481455574155
2020-09-16,6.46,6.56,6.43,6.5,13843685.0,99824177.0,2736032861.0000005,0.005059765618070915
2020-09-17,6.46,6.52,6.39,6.46,12789327.0,91592958.0,2736032861.0000005,0.004674405480395287
2020-09-18,6.49,6.59,6.43,6.59,17770819.0,128964695.0,2736032861.0000005,0.006495104372944151
2020-09-21,6.61,6.67,6.54,6.58,16559728.0,121159505.0,2736032861.0000005,0.006052459470076517
2020-09-22,6.55,6.62,6.45,6.45,13962692.0,101528550.0,2736032861.0000005,0.0051032618061819385
2020-09-23,6.5,6.54,6.43,6.46,10091075.0,72729087.0,2736032861.0000005,0.00368821410877053
2020-09-24,6.43,6.44,6.22,6.26,20063070.0,140166815.0,2736032861.0000005,0.007332905348463941
2020-09-25,6.27,6.37,6.27,6.36,12374017.0,87074149.0,2736032861.0000005,0.004522612712874138
2020-09-28,6.41,6.47,6.35,6.45,12447936.0,88940227.0,2736032861.0000005,0.004549629566748101
2020-09-29,6.48,6.55,6.42,6.5,14112105.0,101855404.0,2736032861.0000005,0.00515787116491069
2020-09-30,6.52,6.52,6.3,6.36,14241911.0,101383339.0,2736032861.0000005,0.005205314308540389
2020-10-09,6.43,6.68,6.43,6.63,24674658.0,180973680.0,2736032861.0000005,0.009018407034402938
2020-10-12,6.7,6.74,6.63,6.73,23236665.0,172773734.0,2736032861.0000005,0.008492831110042722
2020-10-13,6.71,6.72,6.55,6.65,19025613.0,139910692.0,2736032861.0000005,0.006953722402678407
2020-10-14,6.62,6.69,6.57,6.65,17073324.0,125687629.0,2736032861.0000005,0.006240175051757171
2020-10-15,6.63,6.7,6.58,6.63,13967395.0,102979767.0,2736032861.0000005,0.005104980718285312
2020-10-16,6.61,6.69,6.58,6.64,12185309.0,89976179.0,2736032861.0000005,0.004453641319039698
2020-10-19,6.64,6.79,6.59,6.62,21723297.0,161355861.0,2736032861.0000005,0.007939706174457382
2020-10-20,6.59,6.66,6.52,6.61,11588618.0,84780970.0,2736032861.0000005,0.004235555122596168
2020-10-21,6.58,6.62,6.49,6.57,14597352.0,106121157.0,2736032861.0000005,0.005335225394429207
2020-10-22,6.66,6.81,6.61,6.61,33656176.0,250468525.0,2736032861.0000005,0.012301086174710237
2020-10-23,6.63,6.63,6.52,6.52,18636040.0,136122072.0,2736032861.0000005,0.006811336320422943
2020-10-26,6.51,6.53,6.41,6.49,13061353.0,93786616.0,2736032861.0000005,0.0047738289938616335
2020-10-27,6.43,6.45,6.33,6.39,14653309.0,103951540.0,2736032861.0000005,0.005355677268672979
2020-10-28,6.34,6.43,6.27,6.43,15077546.0,106407284.0,2736032861.0000005,0.005510732789404169
2020-10-29,6.34,6.52,6.33,6.51,17800249.0,127421934.0,2736032861.0000005,0.006505860822700111
2020-10-30,6.43,6.46,5.86,5.92,70450822.0,477727559.0,2736032861.0000005,0.025749260180395174
2020-11-02,5.85,5.89,5.42,5.6,71787543.0,445001026.0,2736032861.0000005,0.02623782192943478
2020-11-03,5.58,5.65,5.52,5.62,38941485.0,241175370.0,2736032861.0000005,0.014232827958713612
2020-11-04,5.6,5.61,5.47,5.57,34402813.0,211630112.0,2736032861.0000005,0.012573976537484282
2020-11-05,5.58,5.7,5.52,5.64,36861624.0,229451602.0,2736032861.0000005,0.01347265397482373
2020-11-06,5.63,5.97,5.58,5.87,57463830.0,370471841.0,2736032861.0000005,0.021002609588174823
2020-11-09,5.94,6.19,5.88,6.13,101631177.0,683477941.0,2736032861.0000005,0.03714545188717307
2020-11-10,6.21,6.26,5.93,5.99,55514934.0,373634701.0,2736032861.0000005,0.02029030235393799
2020-11-11,5.97,5.98,5.69,5.71,50013251.0,320083212.0,2736032861.0000005,0.018279477455442738
2020-11-12,5.7,5.81,5.65,5.74,25234890.0,160558809.0,2736032861.0000005,0.009223167732998947
2020-11-13,5.71,5.73,5.61,5.69,21386169.0,134677798.0,2736032861.0000005,0.007816488356131624
2020-11-16,5.78,5.9,5.73,5.82,30817581.0,199085687.0,2736032861.0000005,0.011263600463020898
2020-11-17,5.78,6.3,5.74,6.18,83029787.0,559927574.0,2736032861.0000005,0.030346779888328245
2020-11-18,6.18,6.29,6.02,6.16,76455790.0,524681598.0,2736032861.0000005,0.02794403206548329
2020-11-19,6.11,6.23,6.03,6.06,36921854.0,249599357.0,2736032861.0000005,0.013494667599315793
2020-11-20,6.03,6.64,5.98,6.51,102685520.0,726405366.0,2736032861.0000005,0.037530806542458404
2020-11-23,6.55,6.72,6.49,6.51,97475188.0,714236718.0,2736032861.0000005,0.03562646830359103
2020-11-24,6.56,6.92,6.44,6.7,89436928.0,666825729.0,2736032861.0000005,0.03268854306351841
2020-11-25,6.69,6.82,6.55,6.57,52069936.0,385215130.0,2736032861.0000005,0.019031180780836387
2020-11-26,6.57,6.61,6.46,6.53,31986553.0,231690588.0,2736032861.0000005,0.01169085117943691
2020-11-27,6.52,6.6,6.4,6.52,30051465.0,216688925.0,2736032861.0000005,0.01098359066821164
2020-11-30,6.52,6.66,6.37,6.37,48199771.0,348624619.0,2736032861.0000005,0.017616663778805393
2020-12-01,6.3,6.4,6.24,6.36,39842926.0,280452476.0,2736032861.0000005,0.014562298051287913
2020-12-02,6.38,6.52,6.28,6.34,37987142.0,269799608.0,2736032861.0000005,0.013884022572051994
2020-12-03,6.38,6.43,6.26,6.27,28527510.0,200348526.0,2736032861.0000005,0.010426596261557107
2020-12-04,6.26,6.41,6.24,6.31,26989884.0,189310271.0,2736032861.0000005,0.009864605204389025
2020-12-07,6.32,6.35,6.05,6.06,38733232.0,264076654.0,2736032861.0000005,0.014156713010326666
2020-12-08,6.04,6.07,5.94,6.03,22310914.0,148836987.0,2736032861.0000005,0.008154475890265996
2020-12-09,6.02,6.05,5.86,5.88,20086682.0,132688277.0,2736032861.0000005,0.007341535361771372
2020-12-10,5.85,5.96,5.82,5.88,16316359.0,106603697.0,2736032861.0000005,0.005963509880519669
2020-12-11,5.88,5.9,5.73,5.76,22521584.0,145218827.0,2736032861.0000005,0.008231474234475577
2020-12-14,5.78,5.85,5.68,5.85,14263382.0,91529268.0,2736032861.0000005,0.005213161802006587
2020-12-15,5.8,5.96,5.8,5.89,17619645.0,115296129.0,2736032861.0000005,0.006439851381594936
2020-12-16,5.89,5.94,5.8,5.94,13891189.0,90291819.0,2736032861.0000005,0.005077127982637924
2020-12-17,5.87,6.14,5.81,6.08,43109709.0,289509823.0,2736032861.0000005,0.01575628334531176
2020-12-18,6.03,6.05,5.96,5.98,25481437.0,169673009.0,2736032861.0000005,0.009313278858312658
2020-12-21,5.96,6.08,5.87,6.04,24463490.0,162702321.0,2736032861.0000005,0.008941226674835611
2020-12-22,5.99,5.99,5.76,5.77,27814469.0,181125235.0,2736032861.0000005,0.010165984991069884
2020-12-23,5.75,5.8,5.72,5.75,17685361.0,113128035.0,2736032861.0000005,0.006463870098963697
2020-12-24,5.73,5.89,5.7,5.78,23199703.0,150100172.0,2736032861.0000005,0.008479321769374024
2020-12-25,5.8,6.01,5.7,5.96,33170756.0,217830820.0,2736032861.0000005,0.012123668714957
2020-12-28,5.94,6.02,5.82,5.86,25345163.0,166294299.0,2736032861.0000005,0.009263471707988377
2020-12-29,5.87,6.07,5.78,6.02,42630786.0,282271005.0,2736032861.0000005,0.015581240491541009
2020-12-30,5.96,6.13,5.95,5.98,27577901.0,184192562.0,2736032861.0000005,0.010079521117272134
2020-12-31,6.0,6.08,5.96,6.01,31217505.0,208837332.0,2736032861.0000005,0.011409769760071605
2021-01-04,6.0,6.16,5.97,6.08,39659055.0,267978133.0,2736032861.0000005,0.014495094545576803
2021-01-05,6.05,6.21,5.9,6.09,45622717.0,305333122.0,2736032861.0000005,0.016674769389767207
2021-01-06,6.03,6.07,5.96,6.0,24299888.0,161848367.0,2736032861.0000005,0.008881431340381841
2021-01-07,6.0,6.46,5.96,6.24,63480989.0,440615992.0,2736032861.0000005,0.023201837194600856
2021-01-08,6.14,6.41,6.12,6.29,47991196.0,333771172.0,2736032861.0000005,0.01754043114177348
2021-01-11,6.31,6.34,5.99,6.03,37647394.0,257594495.0,2736032861.0000005,0.013759847162888295
2021-01-12,6.03,6.33,6.02,6.24,42931445.0,295547211.0,2736032861.0000005,0.015691129157092382
2021-01-13,6.19,6.7,6.19,6.61,90259736.0,653410676.0,2736032861.0000005,0.03298927336969583
2021-01-14,6.66,6.85,6.47,6.53,77577454.0,569855850.0,2736032861.0000005,0.028353992053898797
2021-01-15,6.49,6.52,6.31,6.35,43352107.0,308213239.0,2736032861.0000005,0.015844878041470275
2021-01-18,6.35,6.7,6.32,6.6,54139052.0,393136872.0,2736032861.0000005,0.01978742754581265
2021-01-19,6.53,6.57,6.34,6.43,46850980.0,334314399.0,2736032861.0000005,0.017123690533042905
2021-01-20,6.39,6.39,6.27,6.34,26407603.0,185230015.0,2736032861.0000005,0.009651785757554173
2021-01-21,6.35,6.4,6.24,6.38,29522419.0,207731563.0,2736032861.0000005,0.010790228224528622
2021-01-22,6.34,6.52,6.21,6.5,48421610.0,343661392.0,2736032861.0000005,0.017697744310827556
2021-01-25,6.43,6.44,6.26,6.35,32629619.0,229860295.0,2736032861.0000005,0.01192588709920469
2021-01-26,6.37,6.62,6.33,6.46,53151716.0,382888374.0,2736032861.0000005,0.019426563458954008
2021-01-27,6.39,6.4,6.16,6.33,39709648.0,276738821.0,2736032861.0000005,0.014513585917051599
2021-01-28,6.21,6.21,5.77,5.85,48640615.0,321029128.0,2736032861.0000005,0.017777789036576924
2021-01-29,5.85,5.88,5.63,5.72,27402914.0,174318687.0,2736032861.0000005,0.010015564648585554
2021-02-01,5.69,5.71,5.52,5.67,21970473.0,137081480.0,2736032861.0000005,0.008030047194670735
2021-02-02,5.7,5.72,5.62,5.68,16548821.0,104213829.0,2736032861.0000005,0.006048473041347729
2021-02-03,5.65,5.67,5.54,5.56,15843572.0,98414661.0,2736032861.0000005,0.005790709689871666
2021-02-04,5.56,5.57,5.42,5.43,20455655.0,124147865.0,2736032861.0000005,0.007476392294690351
2021-02-05,5.43,5.52,5.42,5.44,11136826.0,67483493.0,2736032861.0000005,0.004070428450895714
2021-02-08,5.44,5.53,5.43,5.46,12300191.0,74898542.0,2736032861.0000005,0.004495629849819994
2021-02-09,5.49,5.62,5.44,5.61,14461669.0,89349859.0,2736032861.0000005,0.005285634250282493
2021-02-10,5.62,5.62,5.49,5.55,15588633.0,95919292.0,2736032861.0000005,0.005697531349935054
2021-02-18,5.67,5.83,5.63,5.77,25817539.0,164919638.0,2736032861.0000005,0.009436121681142336
2021-02-19,5.75,5.85,5.69,5.85,21566331.0,138669243.0,2736032861.0000005,0.007882336249469482
2021-02-22,5.85,6.02,5.81,5.91,30741252.0,202385592.0,2736032861.0000005,0.011235702771773104
2021-02-23,5.93,5.93,5.8,5.8,17730515.0,115397381.0,2736032861.0000005,0.006480373555718049
2021-02-24,5.82,5.88,5.77,5.83,16772486.0,108700430.0,2736032861.0000005,0.00613022096301496
2021-02-25,5.83,5.92,5.83,5.87,15845388.0,103511103.0,2736032861.0000005,0.005791373424589873
2021-02-26,5.82,5.82,5.67,5.7,16921453.0,107545422.0,2736032861.0000005,0.006184667312005649
2021-03-01,5.7,5.73,5.67,5.7,13846165.0,87600662.0,2736032861.0000005,0.005060672039932782
2021-03-02,5.72,5.72,5.58,5.62,15732802.0,98486541.0,2736032861.0000005,0.005750224065017177
2021-03-03,5.61,5.71,5.6,5.71,11332584.0,71408963.0,2736032861.0000005,0.004141976568168126
2021-03-04,5.71,5.89,5.69,5.83,26079482.0,168971989.0,2736032861.0000005,0.009531859931853353
2021-03-05,5.8,5.89,5.79,5.87,16866651.0,109754973.0,2736032861.0000005,0.006164637581814482
2021-03-08,5.87,5.95,5.8,5.8,15776536.0,102486065.0,2736032861.0000005,0.005766208522157073
2021-03-09,5.83,6.09,5.83,6.0,45378540.0,302276281.0,2736032861.0000005,0.016585524482119876
2021-03-10,5.96,5.98,5.79,5.8,26309430.0,171075476.0,2736032861.0000005,0.009615904244068213
2021-03-11,5.78,6.03,5.71,6.01,29447751.0,192264128.0,2736032861.0000005,0.010762937616632667
2021-03-12,5.98,6.02,5.88,5.95,20092127.0,132793042.0,2736032861.0000005,0.007343525469447933
2021-03-15,5.93,6.07,5.89,5.98,20830496.0,138415352.0,2736032861.0000005,0.0076133939386921696
2021-03-16,5.98,5.99,5.89,5.95,13478383.0,88964093.0,2736032861.0000005,0.004926250408803112
2021-03-17,5.96,6.11,5.89,6.02,25197727.0,168596306.0,2736032861.0000005,0.009209584928300317
2021-03-18,5.98,6.01,5.93,5.98,15230393.0,100889853.0,2864972688.0,0.0053160691771313665
2021-03-19,5.98,6.04,5.91,5.94,14621699.0,97019342.0,2864972688.0,0.0051036085130037375
2021-03-22,5.9,6.02,5.9,5.97,14361658.0,95236220.0,2864972688.0,0.0050128429007906825
2021-03-23,5.98,5.98,5.8,5.83,18273286.0,118879319.0,2864972688.0,0.0063781710996890315
2021-03-24,5.82,5.83,5.65,5.7,14278001.0,90926467.0,2864972688.0,0.0049836429714683545
2021-03-25,5.71,5.78,5.68,5.73,7839537.0,49951979.0,2864972688.0,0.0027363391744836068
2021-03-26,5.74,5.81,5.74,5.77,7577866.0,48709125.0,2864972688.0,0.002645004621419274
2021-03-29,5.86,5.86,5.77,5.81,11382687.0,73360614.0,2864972688.0,0.003973052534733274
2021-03-30,5.78,5.84,5.73,5.82,8910258.0,57219786.0,2864972688.0,0.003110067344558225
2021-03-31,5.86,5.98,5.77,5.98,22070130.0,143978807.0,2864972688.0,0.007703434693266437
2021-04-01,5.98,5.98,5.89,5.92,13167829.0,86636911.0,2864972688.0,0.004596144687575465
2021-04-02,5.9,5.92,5.8,5.81,12657766.0,82013938.0,2864972688.0,0.00441811052964565
2021-04-06,5.78,5.85,5.76,5.79,10119798.0,65176939.0,2864972688.0,0.003532249379684139
2021-04-07,6.18,6.36,6.12,6.3,97065981.0,674488489.0,2864972688.0,0.03388024654006754
2021-04-08,6.15,6.15,5.94,5.96,63293281.0,421928048.0,2864972688.0,0.02209210624070005
2021-04-09,5.88,6.07,5.86,5.97,31314587.0,207416046.0,2864972688.0,0.010930152015466613
2021-04-12,5.93,5.93,5.8,5.83,21168531.0,137408769.0,2864972688.0,0.007388737452424887
2021-04-13,5.83,5.88,5.77,5.8,13305152.0,85756102.0,2864972688.0,0.004644076383600066
2021-04-14,5.81,5.84,5.73,5.82,12142675.0,78094857.0,2864972688.0,0.004238321381163547
2021-04-15,5.77,5.79,5.73,5.75,8986458.0,57487236.0,2864972688.0,0.0031366644567468213
2021-04-16,5.77,5.88,5.76,5.86,12973110.0,83964568.0,2864972688.0,0.004528179292716525
2021-04-19,5.84,5.88,5.81,5.86,13421575.0,87216566.0,2864972688.0,0.00468471307116349
2021-04-20,5.87,5.89,5.8,5.8,12448714.0,80727841.0,2864972688.0,0.004345142294773597
2021-04-21,5.78,5.78,5.68,5.71,15613910.0,99052161.0,2864972688.0,0.0054499332804808925
2021-04-22,5.71,5.77,5.71,5.72,9513317.0,60625339.0,2864972688.0,0.003320561148749073
2021-04-23,5.73,5.73,5.62,5.66,12728336.0,79966272.0,2864972688.0,0.004442742527114799
2021-04-26,5.65,5.7,5.61,5.62,10402203.0,65321952.0,2864972688.0,0.0036308209999941195
2021-04-27,5.61,5.67,5.55,5.66,12492662.0,77855753.0,2864972688.0,0.004360482057063156
2021-04-28,5.65,5.65,5.6,5.62,7380733.0,46044876.0,2864972688.0,0.0025761966356308945
2021-04-29,5.64,5.73,5.6,5.71,11795410.0,74452525.0,2864972688.0,0.004117110801581226
2021-04-30,5.53,5.53,5.44,5.48,22209106.0,135173074.0,2864972688.0,0.007751943358142058
2021-05-06,5.53,5.7,5.53,5.56,16688300.0,104178567.0,2864972688.0,0.005824942091036087
2021-05-07,5.53,5.77,5.51,5.67,25274783.0,159721666.0,2864972688.0,0.008821997887052806
2021-05-10,5.65,5.75,5.62,5.74,18309904.0,116041144.0,2864972688.0,0.006390952373365173
2021-05-11,5.73,5.73,5.61,5.69,12058700.0,76086857.0,2864972688.0,0.004209010456018699
2021-05-12,5.68,5.72,5.63,5.68,9689940.0,61006771.0,2864972688.0,0.0033822102530284225
2021-05-13,5.63,5.69,5.62,5.63,9643100.0,60539278.0,2864972688.0,0.003365861057032178
2021-05-14,5.63,5.65,5.58,5.64,11204112.0,69972761.0,2864972688.0,0.003910722097606258
2021-05-17,5.63,5.71,5.62,5.68,12134561.0,76604604.0,2864972688.0,0.004235489242471969
2021-05-18,5.66,5.68,5.62,5.65,6395500.0,40172223.0,2864972688.0,0.002232307493466758
2021-05-19,5.64,5.65,5.6,5.62,8752600.0,54657398.0,2864972688.0,0.0030550378496313263
2021-05-20,5.62,5.62,5.47,5.52,13858398.0,85044947.0,2864972688.0,0.004837183285567153
2021-05-21,5.5,5.62,5.49,5.61,13962785.0,86319507.0,2864972688.0,0.0048736188859612615
2021-05-24,5.58,5.62,5.54,5.56,10148758.0,62795368.0,2864972688.0,0.0035423576784896736
2021-05-25,5.56,5.6,5.53,5.58,7935886.0,49144201.0,2864972688.0,0.0027699691634896313
2021-05-26,5.59,5.61,5.56,5.58,8678725.0,53824317.0,2864972688.0,0.0030292522635036023
2021-05-27,5.6,5.63,5.53,5.53,14079319.0,87253735.0,2864972688.0,0.004914294317349527
2021-05-28,5.57,5.59,5.52,5.56,10992133.0,67700035.0,2864972688.0,0.003836732212506174
2021-05-31,5.55,5.55,5.48,5.5,12906633.0,78894393.0,2864972688.0,0.004504975930157977
2021-06-01,5.48,5.53,5.46,5.52,9360522.0,57149167.0,2864972688.0,0.003267229052202399
2021-06-02,5.52,5.58,5.5,5.53,15851379.0,97520288.0,2864972688.0,0.005532820283555876
2021-06-03,5.52,5.53,5.48,5.5,8845049.0,54029049.0,2864972688.0,0.003087306569115887
2021-06-04,5.49,5.5,5.44,5.46,9727199.0,59119054.0,2864972688.0,0.0033952152635669383
2021-06-07,5.46,5.5,5.45,5.46,7106321.0,43179983.0,2864972688.0,0.00248041491975298
2021-06-08,5.45,5.47,5.44,5.46,7774499.0,47085883.0,2864972688.0,0.002713638085474133
2021-06-09,5.45,5.46,5.42,5.44,8954138.0,54031908.0,2864972688.0,0.0031253833718920257
2021-06-10,5.44,5.62,5.43,5.6,34616225.0,214146342.0,2864972688.0,0.012082567189904046
2021-06-11,5.59,5.59,5.49,5.52,17359884.0,106623726.0,2864972688.0,0.0060593540988059845
2021-06-15,5.5,5.51,5.43,5.45,10343429.0,62696355.0,2864972688.0,0.003610306319262196
2021-06-16,5.43,5.46,5.38,5.39,11410908.0,68512909.0,2864972688.0,0.003982902890416664
2021-06-17,5.38,5.63,5.37,5.53,27277022.0,168179173.0,2864972688.0,0.009520866329459404
2021-06-18,5.47,5.51,5.44,5.51,16268132.0,98908553.0,2864972688.0,0.005678285195576008
2021-06-21,5.47,5.48,5.41,5.43,12043400.0,72737709.0,2864972688.0,0.004203670090972958
2021-06-22,5.44,5.6,5.42,5.55,20107285.0,123788113.0,2864972688.0,0.007018316469200491
2021-06-23,5.54,5.85,5.52,5.71,51520428.0,328728145.0,2864972688.0,0.01798286881260489
2021-06-24,5.62,5.73,5.61,5.65,22430262.0,141051811.0,2864972688.0,0.007829136415139187
2021-06-25,5.65,5.72,5.61,5.65,18523415.0,116421426.0,2864972688.0,0.006465476993056766
2021-06-28,5.67,5.67,5.53,5.57,15758723.0,97473556.0,2864972688.0,0.005500479312073638
2021-06-29,5.55,5.55,5.47,5.52,13662238.0,83514426.0,2864972688.0,0.004768714919072206
2021-06-30,5.51,5.62,5.48,5.54,12824001.0,79279334.0,2864972688.0,0.004476133770389367
2021-07-01,5.57,5.58,5.47,5.48,11574795.0,70769585.0,2864972688.0,0.004040106577099767
2021-07-02,5.49,5.76,5.46,5.71,44359728.0,278693083.0,2864972688.0,0.015483473258157635
2021-07-05,5.69,6.01,5.64,5.79,53148067.0,345830906.0,2864972688.0,0.018550985572257574
2021-07-06,5.8,5.81,5.67,5.71,26895398.0,170827580.0,2864972688.0,0.009387662965392988
2021-07-07,5.7,5.71,5.64,5.69,16452455.0,103841443.0,2864972688.0,0.00574262193455158
2021-07-08,5.67,5.69,5.55,5.56,22214379.0,138005056.0,2864972688.0,0.00775378386434377
2021-07-09,5.6,5.67,5.55,5.63,15396523.0,96013740.0,2864972688.0,0.005374055768311045
2021-07-12,5.64,5.76,5.62,5.69,17573873.0,111175591.0,2864972688.0,0.006134045561274824
2021-07-13,5.7,5.77,5.64,5.74,15881604.0,100923048.0,2864972688.0,0.005543370122347219
2021-07-14,5.76,5.83,5.71,5.77,24415298.0,156442880.0,2864972688.0,0.008522000262782261
2021-07-15,5.76,5.76,5.62,5.69,13510705.0,85111607.0,2864972688.0,0.0047158233153809384
2021-07-16,5.75,5.76,5.64,5.67,13342801.0,81657689.0,2864972688.0,0.004657217521090728
2021-07-19,5.67,5.71,5.59,5.69,13288711.0,80795394.0,2864972688.0,0.00463833775995843
2021-07-20,5.62,5.66,5.52,5.58,16057687.0,96356035.0,2864972688.0,0.005604830743154365
2021-07-21,5.47,5.47,5.21,5.28,45682081.0,261761470.0,2864972688.0,0.015945031933930952
2021-07-22,5.27,5.32,5.25,5.29,16430689.0,93441999.0,2864972688.0,0.005735024654447945
2021-07-23,5.28,5.29,5.1,5.14,30393832.0,168688801.0,2864972688.0,0.010608768497970407
2021-07-26,5.15,5.16,4.98,5.03,12897127.0,70109657.0,2864972688.0,0.004501657922960276
2021-07-27,5.02,5.06,4.93,5.0,12246135.0,65689649.0,2864972688.0,0.004274433418263707
2021-07-28,4.99,5.02,4.94,5.01,12335401.0,66225882.0,2864972688.0,0.004305591132392673
2021-07-29,5.01,5.08,4.94,4.97,11132096.0,59678487.0,2864972688.0,0.0038855853832837654
2021-07-30,4.97,4.99,4.67,4.72,22573650.0,116007882.0,2864972688.0,0.007879185059791398
2021-08-02,4.72,4.84,4.58,4.81,22670031.0,115015207.0,2864972688.0,0.007912826218188366
2021-08-03,4.79,4.86,4.74,4.83,15266519.0,78940054.0,2864972688.0,0.005328678721421724
2021-08-04,4.85,4.85,4.75,4.77,10837977.0,55604647.0,2864972688.0,0.0037829250678008556
2021-08-05,4.74,4.77,4.69,4.7,8495300.0,43161647.0,2864972688.0,0.0029652289655614336
2021-08-06,4.7,4.75,4.66,4.73,6750308.0,34274453.0,2864972688.0,0.0023561509079209762
2021-08-09,4.73,4.79,4.71,4.77,9720669.0,49714198.0,2864972688.0,0.0033929360097271545
2021-08-10,4.76,4.78,4.71,4.74,8448502.0,42962971.0,2864972688.0,0.0029488944293908047
2021-08-11,4.73,4.81,4.72,4.81,13960762.0,71824472.0,2864972688.0,0.0048729127710274356
2021-08-12,4.81,4.94,4.8,4.9,16743991.0,87972814.0,2864972688.0,0.005844380670759121
2021-08-13,4.92,4.96,4.85,4.91,15269071.0,80630370.0,2864972688.0,0.005329569480349615
2021-08-16,4.89,4.92,4.85,4.9,9918729.0,52039721.0,2864972688.0,0.0034620675588094823
2021-08-17,4.87,4.91,4.81,4.82,9666228.0,50504482.0,2864972688.0,0.003373933734337924
2021-08-18,4.82,4.85,4.77,4.82,8637195.0,44618677.0,2864972688.0,0.0030147564883173505
2021-08-19,4.81,4.82,4.75,4.75,8218208.0,42213159.0,2864972688.0,0.002868511813191847
2021-08-20,4.77,4.84,4.67,4.83,12017437.0,61358959.0,2864972688.0,0.004194607875438148
2021-08-23,4.83,4.85,4.79,4.81,7933845.0,41090454.0,2864972688.0,0.0027692567657733986
2021-08-24,4.82,4.85,4.8,4.81,8379270.0,43447549.0,2864972688.0,0.0029247294520805566
2021-08-25,4.81,4.87,4.8,4.87,11428729.0,59510351.0,2864972688.0,0.003989123194042819
2021-08-26,4.86,4.96,4.84,4.93,16869929.0,89444986.0,2864972688.0,0.0058883385069114485
2021-08-27,4.91,4.94,4.84,4.93,10170329.0,53502446.0,2864972688.0,0.0035498868951172355
2021-08-30,4.95,4.96,4.87,4.88,9894139.0,52203884.0,2864972688.0,0.0034534845799549206
2021-08-31,4.86,4.93,4.83,4.93,13876081.0,72943553.0,2864972688.0,0.0048433554211948565
2021-09-01,4.94,5.0,4.92,5.0,16759496.0,89635562.0,2864972688.0,0.005849792589715606
2021-09-02,5.02,5.06,4.96,5.02,15455847.0,83226905.0,2864972688.0,0.005394762422949842
2021-09-03,5.02,5.29,5.01,5.22,40453824.0,224757564.0,2864972688.0,0.014120142984064636
2021-09-06,5.22,5.23,5.1,5.16,19283890.0,106858240.0,2864972688.0,0.006730915823655489
2021-09-07,5.15,5.35,5.13,5.33,30938484.0,176827215.0,2864972688.0,0.010798875720381736
2021-09-08,5.33,5.37,5.27,5.34,18783626.0,107761305.0,2864972688.0,0.006556301942659218
2021-09-09,5.33,5.48,5.29,5.46,26665954.0,155241742.0,2864972688.0,0.009307577036141016
2021-09-10,5.46,5.69,5.46,5.49,43676230.0,262021007.0,2864972688.0,0.015244902746521401
2021-09-13,5.53,5.85,5.51,5.79,66825747.0,411773989.0,2864972688.0,0.023325090420547843
2021-09-14,5.73,5.75,5.59,5.61,33323026.0,202888534.0,2864972688.0,0.01163118452736887
2021-09-15,5.64,5.71,5.57,5.61,22394187.0,135521280.0,2864972688.0,0.007816544672065648
2021-09-16,5.66,5.84,5.61,5.68,36778173.0,227170753.0,2864972688.0,0.012837181015388444
2021-09-17,5.64,5.8,5.61,5.65,20993549.0,128423339.0,2864972688.0,0.007327661128474953
2021-09-22,5.6,5.76,5.46,5.74,26726700.0,162735538.0,2864972688.0,0.009328780030589946
2021-09-23,5.8,5.97,5.73,5.92,43601369.0,274504671.0,2864972688.0,0.015218773003535174
2021-09-24,5.89,5.92,5.7,5.77,24311610.0,151533648.0,2864972688.0,0.008485808643771615
2021-09-27,5.74,5.88,5.54,5.8,36830321.0,227207414.0,2864972688.0,0.012855382934107748
2021-09-28,5.85,6.38,5.82,6.38,67011846.0,453153656.0,2864972688.0,0.02339004706072088
2021-09-29,6.13,6.57,6.13,6.53,81691390.0,566486775.0,2864972688.0,0.02851384599307566
2021-09-30,6.51,6.65,6.29,6.37,48046334.0,332660534.0,2864972688.0,0.01677025899801527
2021-10-08,6.87,7.01,6.43,6.71,79106121.0,574328454.0,2864972688.0,0.027611474738079598
2021-10-11,6.56,6.88,6.16,6.21,70024925.0,483956113.0,2864972688.0,0.024441742601352158
2021-10-12,6.32,6.35,6.1,6.15,56376938.0,377122989.0,2864972688.0,0.019678001900728766
2021-10-13,6.17,6.2,5.85,6.07,33924876.0,218462483.0,2864972688.0,0.011841256338008064
2021-10-14,6.06,6.24,5.86,6.13,25998997.0,169281320.0,2864972688.0,0.009074780052493122
2021-10-15,6.07,6.13,5.78,5.82,26801790.0,169724678.0,2864972688.0,0.009354989704530126
2021-10-18,5.77,6.4,5.76,6.4,43148210.0,290751618.0,2864972688.0,0.015060600815053914
2021-10-19,6.39,6.46,6.12,6.19,47228168.0,316277220.0,2864972688.0,0.01648468350075943
2021-10-20,6.16,6.17,5.95,6.0,28238491.0,183714380.0,2864972688.0,0.009856460802672756
2021-10-21,5.99,6.08,5.86,5.91,19378867.0,124008097.0,2864972688.0,0.006764066925024731
2021-10-22,5.95,6.04,5.88,5.91,21019271.0,134836970.0,2864972688.0,0.007336639224534206
2021-10-25,5.89,5.99,5.77,5.89,15862790.0,100521568.0,2864972688.0,0.005536803218558291
2021-10-26,5.89,5.97,5.81,5.85,12972900.0,81933977.0,2864972688.0,0.004528105993588446
2021-10-27,5.76,5.81,5.5,5.55,29535789.0,178390833.0,2864972688.0,0.010309274194379336
2021-10-28,5.49,5.64,5.38,5.43,20369673.0,120090286.0,2864972688.0,0.007109901286430693
2021-10-29,5.39,5.53,5.39,5.51,13241154.0,78244754.0,2864972688.0,0.004621738299796316
2021-11-01,5.44,5.48,5.07,5.12,42705826.0,239306471.0,2864972688.0,0.014906189569930029
2021-11-02,5.12,5.15,4.91,4.95,30271249.0,163001629.0,2864972688.0,0.010565981702650004
2021-11-03,4.95,5.04,4.92,4.98,18740780.0,100599350.0,2864972688.0,0.006541346826270339
2021-11-04,4.94,5.16,4.93,5.11,20165202.0,110046310.0,2864972688.0,0.00703853201968116
2021-11-05,5.11,5.12,5.0,5.02,14575934.0,79100205.0,2864972688.0,0.005087634538734563
2021-11-08,5.03,5.25,5.02,5.2,18621515.0,103388966.0,2864972688.0,0.00649971815717358
2021-11-09,5.2,5.2,5.11,5.14,10307861.0,57162699.0,2864972688.0,0.003597891541226448
2021-11-10,5.11,5.15,5.02,5.08,15573692.0,84972558.0,2864972688.0,0.0054358954503234
2021-11-11,5.07,5.2,5.07,5.16,10504802.0,58266633.0,2864972688.0,0.003666632510669156
2021-11-12,5.13,5.41,5.13,5.34,20823410.0,118873658.0,2864972688.0,0.007268275222035904
2021-11-15,5.34,5.39,5.22,5.28,11044286.0,62698469.0,2864972688.0,0.0038549358764428123
2021-11-16,5.31,5.34,5.22,5.24,8112556.0,45884288.0,2864972688.0,0.0028316346728119316
2021-11-17,5.22,5.28,5.2,5.25,7788073.0,43934659.0,2864972688.0,0.0027183760014957603
2021-11-18,5.25,5.32,5.2,5.25,6435662.0,36299158.0,2864972688.0,0.0022463257771900965
2021-11-19,5.24,5.28,5.2,5.25,10319275.0,58231030.0,2864972688.0,0.003601875523359265
2021-11-22,5.23,5.36,5.21,5.21,21549807.0,122144982.0,2864972688.0,0.007521819349364771
2021-11-23,5.2,5.33,5.17,5.32,11149618.0,63114378.0,2864972688.0,0.0038917013229132747
2021-11-24,5.28,5.36,5.27,5.35,7916533.0,45417184.0,2864972688.0,0.0027632141252719685
2021-11-25,5.34,5.34,5.11,5.13,21647907.0,120840652.0,2864972688.0,0.007556060513481586
2021-11-26,5.11,5.12,5.02,5.05,12747300.0,69322856.0,2864972688.0,0.004449361787423783
2021-11-29,4.97,5.13,4.79,4.99,32138147.0,170721370.0,2864972688.0,0.011217610253183677
2021-11-30,5.01,5.49,4.99,5.49,70940571.0,409289965.0,2864972688.0,0.024761342855775244
2021-12-01,5.56,5.59,5.36,5.45,54886146.0,323332521.0,2864972688.0,0.01915765069241037
2021-12-02,5.45,5.46,5.3,5.31,23904191.0,137473647.0,2864972688.0,0.008343601703472854
2021-12-03,5.36,5.55,5.33,5.44,27561649.0,161219858.0,2864972688.0,0.00962021352435315
2021-12-06,5.35,5.54,5.34,5.35,28360067.0,165110898.0,2864972688.0,0.009898896111221847
2021-12-07,5.44,5.48,5.28,5.33,17672312.0,101738540.0,2864972688.0,0.006168405051126966
2021-12-08,5.37,5.55,5.37,5.41,27057843.0,158291196.0,2864972688.0,0.009444363331396618
2021-12-09,5.53,5.77,5.46,5.54,53136759.0,321462418.0,2864972688.0,0.018547038588732263
2021-12-10,5.52,5.64,5.39,5.46,29574007.0,175461370.0,2864972688.0,0.010322613937602745
2021-12-13,5.47,5.55,5.4,5.44,21063365.0,123550929.0,2864972688.0,0.007352029947169954
2021-12-14,5.38,5.41,5.32,5.34,16091730.0,92799695.0,2864972688.0,0.005616713229902874
2021-12-15,5.31,5.39,5.31,5.34,10964852.0,63184374.0,2864972688.0,0.0038272099576818026
2021-12-16,5.34,5.38,5.32,5.36,10674584.0,61495479.0,2864972688.0,0.003725893808590471
2021-12-17,5.37,5.52,5.37,5.41,20793152.0,121905305.0,2864972688.0,0.007257713864810149
2021-12-20,5.42,5.42,5.3,5.31,15764921.0,90463452.0,2864972688.0,0.005502642683482363
2021-12-21,5.29,5.4,5.27,5.39,12895260.0,74410370.0,2864972688.0,0.004501006258807309
2021-12-22,5.41,5.42,5.3,5.32,14069354.0,80737983.0,2864972688.0,0.004910816099200454
2021-12-23,5.32,5.33,5.24,5.29,14862914.0,84530227.0,2864972688.0,0.00518780303290626
2021-12-24,5.25,5.31,5.2,5.28,14229200.0,80306024.0,2864972688.0,0.004966609301233241
2021-12-27,5.28,5.32,5.2,5.3,9970098.0,56703401.0,2864972688.0,0.00347999757266796
2021-12-28,5.31,5.41,5.28,5.38,13572376.0,78064783.0,2864972688.0,0.004737349175036883
2021-12-29,5.38,5.43,5.32,5.4,11488501.0,66546286.0,2864972688.0,0.00400998622015485
2021-12-30,5.39,5.42,5.37,5.4,10256503.0,59534555.0,2864972688.0,0.003579965366846108
2021-12-31,5.4,5.51,5.37,5.5,14726952.0,86675133.0,2864972688.0,0.005140346385040303
2022-01-04,5.58,5.72,5.54,5.68,29779362.0,181025746.0,2864972688.0,0.010394291758777143
2022-01-05,5.67,5.73,5.6,5.62,19479457.0,118684702.0,2864972688.0,0.006799177207374481
2022-01-06,5.64,5.64,5.53,5.57,15113597.0,90680676.0,2864972688.0,0.005275302296354736
2022-01-07,5.58,5.63,5.53,5.57,13261576.0,79623880.0,2864972688.0,0.004628866465480246
2022-01-10,5.57,5.6,5.52,5.59,10448820.0,62572791.0,2864972688.0,0.0036470923592972137
2022-01-11,5.58,5.71,5.58,5.67,15097045.0,91764352.0,2864972688.0,0.005269524928888257
2022-01-12,5.69,5.69,5.53,5.56,13294085.0,79721959.0,2864972688.0,0.004640213519550312
2022-01-13,5.55,5.61,5.52,5.54,9002800.0,53831281.0,2864972688.0,0.0031423685250852205
2022-01-14,5.52,5.54,5.37,5.39,13469603.0,78425069.0,2864972688.0,0.004701476930798581
2022-01-17,5.38,5.39,5.32,5.35,10942849.0,63034388.0,2864972688.0,0.0038195299542764785
2022-01-18,5.35,5.43,5.3,5.42,11692599.0,67440911.0,2864972688.0,0.004081225293691176
2022-01-19,5.39,5.47,5.36,5.42,9762909.0,56947861.0,2864972688.0,0.0034076796057750064
2022-01-20,5.41,5.46,5.34,5.37,7804153.0,45326416.0,2864972688.0,0.0027239886204457947
2022-01-21,5.37,5.39,5.18,5.25,15458642.0,87572322.0,2864972688.0,0.0053957379994402236
2022-01-24,4.73,4.83,4.73,4.74,38283572.0,195054576.0,2864972688.0,0.013362630701629921
2022-01-25,4.74,4.74,4.51,4.56,26298783.0,129513713.0,2864972688.0,0.009179418397303758
2022-01-26,4.56,4.7,4.54,4.65,14336257.0,71287749.0,2864972688.0,0.00500397684768435
2022-01-27,4.64,4.69,4.56,4.6,15085955.0,74968823.0,2864972688.0,0.005265654036838763
2022-01-28,4.68,4.83,4.58,4.77,21040389.0,107043332.0,2864972688.0,0.007344010324471198
2022-02-07,4.94,4.94,4.78,4.87,16641736.0,86805559.0,2864972688.0,0.005808689231036746
2022-02-08,4.88,5.35,4.88,5.35,44742134.0,253061924.0,2864972688.0,0.015616949574215278
2022-02-09,5.46,5.46,5.27,5.35,38328770.0,219929883.0,2864972688.0,0.013378406768253283
2022-02-10,5.39,5.6,5.31,5.56,28043719.0,165298164.0,2864972688.0,0.009788476908510061
2022-02-11,5.55,5.66,5.49,5.51,20515596.0,122566982.0,2864972688.0,0.007160834756271855
2022-02-14,5.46,5.54,5.35,5.38,23693920.0,138486595.0,2864972688.0,0.008270207984614477
2022-02-15,5.41,5.42,5.28,5.3,12709596.0,72809043.0,2864972688.0,0.004436201452542433
2022-02-16,5.32,5.62,5.26,5.54,20999607.0,123770240.0,2864972688.0,0.0073297756337982935
2022-02-17,5.55,5.59,5.48,5.51,13553265.0,80716417.0,2864972688.0,0.004730678605338244
2022-02-18,5.55,5.85,5.52,5.81,30001522.0,184668976.0,2864972688.0,0.010471835255415183
2022-02-21,5.81,5.95,5.72,5.9,23286313.0,146160993.0,2864972688.0,0.00812793542414391
2022-02-22,5.9,5.97,5.69,5.76,16336218.0,102103841.0,2864972688.0,0.005702050169073026
2022-02-23,5.76,6.33,5.76,6.08,47763277.0,314495344.0,2864972688.0,0.01667145980136478
2022-02-24,6.11,6.36,5.95,6.17,42568899.0,282559443.0,2864972688.0,0.014858396095118376
2022-02-25,6.1,6.25,5.86,5.93,29601283.0,191623237.0,2864972688.0,0.010332134447209781
2022-02-28,6.19,6.25,5.82,5.93,46998287.0,301298725.0,2864972688.0,0.016404445039512362
2022-03-01,5.93,6.12,5.64,5.68,47872475.0,297482487.0,2864972688.0,0.016709574649878826
2022-03-02,5.79,6.12,5.68,6.03,69063170.0,442921463.0,2864972688.0,0.02410604830170723
2022-03-03,6.06,6.52,6.0,6.47,96237363.0,649635532.0,2864972688.0,0.03359102284049418
2022-03-04,6.32,6.63,6.19,6.31,69490780.0,475958409.0,2864972688.0,0.024255302778649037
2022-03-07,6.47,6.62,6.02,6.11,44149783.0,297166723.0,2864972688.0,0.015410193327469514
2022-03-08,6.23,6.35,5.72,5.83,45859783.0,294570802.0,2864972688.0,0.01600705765611124
2022-03-09,5.81,5.86,5.24,5.59,41430296.0,248556866.0,2864972688.0,0.014460974156414017
2022-03-10,5.63,5.71,5.42,5.58,23801637.0,142684790.0,2864972688.0,0.008307805899753834
2022-03-11,5.46,5.95,5.33,5.94,37088121.0,228928332.0,2864972688.0,0.012945366339911162
2022-03-14,5.91,5.99,5.62,5.65,30841340.0,192056872.0,2864972688.0,0.010764968241819413
2022-03-15,5.67,5.7,5.22,5.24,34887253.0,202777309.0,2864972688.0,0.01217716774268949
2022-03-16,5.4,5.57,5.16,5.52,24749254.0,142947238.0,2864972688.0,0.00863856542286172
2022-03-17,5.54,5.56,5.29,5.31,31317234.0,181047427.0,2864972688.0,0.010931075933523873
2022-03-18,5.3,5.45,5.23,5.39,20252830.0,117032887.0,2864972688.0,0.007069118000611111
2022-03-21,5.37,5.4,5.04,5.16,34841411.0,194398184.0,2864972688.0,0.012161166892073354
2022-03-22,5.12,5.23,5.09,5.2,16523037.0,92093129.0,2864972688.0,0.005767258120542335
2022-03-23,5.2,5.21,5.06,5.12,16182365.0,89350214.0,2864972688.0,0.005648348784538221
2022-03-24,5.15,5.2,5.06,5.12,18836626.0,103828363.0,2864972688.0,0.006574801246412441
2022-03-25,5.15,5.48,5.07,5.28,40913677.0,234516488.0,2864972688.0,0.014280651669514276
2022-03-28,5.35,5.81,5.23,5.81,33137485.0,200375976.0,2864972688.0,0.01156642265345044
2022-03-29,5.86,6.39,5.74,6.23,105524175.0,694790655.0,2864972688.0,0.036832523898740914
2022-03-30,6.12,6.12,5.76,5.86,64145251.0,407786507.0,2864972688.0,0.02238948080331578
2022-03-31,5.93,6.12,5.8,5.95,53985144.0,346540044.0,2864972688.0,0.018843161830518644
2022-04-01,5.96,6.18,5.92,6.07,43735656.0,286206743.0,2864972688.0,0.015265645003593835
2022-04-06,6.12,6.12,5.91,6.06,36848825.0,238860159.0,2864972688.0,0.012861841634421892
2022-04-07,6.02,6.65,6.01,6.37,80822984.0,558988784.0,2864972688.0,0.02821073455203563
2022-04-08,6.33,6.45,6.07,6.2,51631760.0,344604868.0,2864972688.0,0.018021728519877604
2022-04-11,6.21,6.58,6.21,6.37,70698963.0,486586086.0,2864972688.0,0.024677011161790174
2022-04-12,6.15,6.6,6.12,6.52,50671103.0,352656453.0,2864972688.0,0.01768641746995949
2022-04-13,6.47,6.79,6.39,6.64,56029416.0,400040562.0,2864972688.0,0.019556701616975414
2022-04-14,6.55,7.08,6.52,7.04,79529766.0,593730265.0,2864972688.0,0.02775934525767458
2022-04-15,6.97,7.31,6.82,6.92,55211893.0,416149189.0,2864972688.0,0.019271350554668883
2022-04-18,6.89,6.89,6.58,6.7,48714295.0,349842250.0,2864972688.0,0.017003406421304077
2022-04-19,6.69,7.08,6.65,7.07,50962158.0,379147274.0,2864972688.0,0.017788008316259384
2022-04-20,6.94,7.32,6.9,7.18,64453093.0,496709031.0,2864972688.0,0.022496931042296903
2022-04-21,7.04,7.54,7.01,7.31,54348189.0,429917486.0,2864972688.0,0.018969880316010886
2022-04-22,7.23,8.05,7.23,7.58,93014307.0,776812129.0,2864972688.0,0.03246603619978383
2022-04-25,7.44,7.44,6.82,6.82,62408279.0,470841079.0,2864972688.0,0.021783202074280996
2022-04-26,6.65,6.82,6.4,6.43,61209064.0,432923583.0,2864972688.0,0.02136462391295229
2022-04-27,6.41,7.01,6.39,6.91,51635938.0,376806377.0,2864972688.0,0.018023186823482903
2022-04-28,6.97,7.49,6.91,7.26,50617348.0,391467160.0,2864972688.0,0.01766765463838865
2022-04-29,7.27,7.49,6.99,7.33,41709782.0,323863142.0,2864972688.0,0.014558526918843703
2022-05-05,6.95,7.51,6.75,7.44,57407208.0,434356226.0,2864972688.0,0.02003761091351807
2022-05-06,7.24,7.96,7.12,7.73,53170608.0,441921854.0,2864972688.0,0.018558853361048167
2022-05-09,7.7,7.81,7.27,7.47,47796558.0,385422412.0,2864972688.0,0.016683076316991403
2022-05-10,7.03,7.14,6.73,6.84,74085083.0,544804400.0,2864972688.0,0.025858914226410245
2022-05-11,6.84,7.08,6.79,6.86,52421576.0,390400661.0,2864972688.0,0.018297408634842804
2022-05-12,6.8,7.05,6.56,7.02,48697069.0,359382409.0,2864972688.0,0.016997393798540813
2022-05-13,6.94,7.71,6.85,7.53,62508896.0,491360438.0,2864972688.0,0.021818321780804353
2022-05-16,7.46,8.12,7.44,8.0,74235835.0,626307187.0,2864972688.0,0.02591153322715375
2022-05-17,7.97,8.54,7.72,8.28,62472189.0,548591027.0,2864972688.0,0.021805509442259646
2022-05-18,8.04,8.15,7.72,7.75,53027600.0,448016062.0,2864972688.0,0.01850893735291343
2022-05-19,7.49,8.29,7.46,8.09,59126102.0,509868224.0,2864972688.0,0.020637579634755668
2022-05-20,8.07,8.24,7.88,7.92,41315740.0,357630735.0,2864972688.0,0.01442098913300356
2022-05-23,7.73,8.01,7.7,7.88,36644022.0,308930184.0,2864972688.0,0.0127903564852413
2022-05-24,7.87,8.67,7.76,8.37,104366160.0,954792954.0,2864972688.0,0.03642832632825434
2022-05-25,8.37,8.94,8.19,8.62,92934392.0,861731972.0,2864972688.0,0.03243814239111518
2022-05-26,8.5,8.74,8.27,8.57,52294210.0,478488536.0,2864972688.0,0.01825295236461954
2022-05-27,8.48,9.26,8.38,9.07,80105981.0,766272840.0,2864972688.0,0.027960469339036155
2022-05-30,8.93,9.15,8.54,8.91,61105422.0,581870469.0,2864972688.0,0.021328448349941128
2022-05-31,9.06,9.62,9.04,9.46,66696106.0,671122357.0,2864972688.0,0.023279840076437058
2022-06-01,9.34,10.41,9.28,10.41,89815037.0,970833853.0,2864972688.0,0.03134935190698055
2022-06-02,10.18,10.73,9.89,10.33,78449278.0,866245046.0,2873057198.0,0.027305157048251708
2022-06-06,10.39,10.86,9.95,10.22,90777741.0,1017865085.0,2873057198.0,0.03159621780700796
2022-06-07,10.34,11.13,10.23,10.96,92677351.0,1073602930.0,2873057198.0,0.03225739851768868
2022-06-08,10.99,11.17,10.43,10.86,75446397.0,875433111.0,2873057198.0,0.026259970408009956
2022-06-09,10.77,10.77,9.96,10.05,85678453.0,946444485.0,2873057198.0,0.02982135303802608
2022-06-10,9.81,10.47,9.76,10.24,83709517.0,918270194.0,2873057198.0,0.02913604263022403
2022-06-13,10.09,10.22,9.37,9.66,91850297.0,954253137.0,2873057198.0,0.031969533033988695
2022-06-14,9.48,9.71,9.28,9.67,63608782.0,652424401.0,2873057198.0,0.02213975483825366
2022-06-15,9.72,9.88,9.43,9.47,55705350.0,579843991.0,2873057198.0,0.019388876085995696
2022-06-16,9.31,9.5,8.82,9.25,94418606.0,926326076.0,2873057198.0,0.0328634619824927
2022-06-17,9.11,9.46,8.91,9.15,71707896.0,702942053.0,2873057198.0,0.02495874292023058
2022-06-20,8.92,9.07,8.55,8.7,83897589.0,787003658.0,2873057198.0,0.02920150321351173
2022-06-21,8.73,9.27,8.72,9.15,77980939.0,758877192.0,2873057198.0,0.027142146370870826
2022-06-22,9.43,10.07,9.41,9.49,98791661.0,1037083093.0,2873057198.0,0.034385553155283896
2022-06-23,9.29,9.62,9.02,9.46,68091763.0,683460339.0,2873057198.0,0.02370010699661678
2022-06-24,9.37,9.41,8.85,8.93,59012138.0,574311303.0,2873057198.0,0.020539840989270832
2022-06-27,9.03,9.77,8.94,9.71,86106801.0,872735123.0,2873057198.0,0.029970444396283127
2022-06-28,9.74,10.45,9.74,10.27,89998687.0,974550789.0,2873057198.0,0.03132505926531853
2022-06-29,10.11,10.34,9.67,9.78,57104787.0,612886513.0,2873057198.0,0.019875965936129617
2022-06-30,9.68,9.75,9.28,9.6,55012819.0,563776150.0,2873057198.0,0.01914783285146417
2022-07-01,9.56,9.57,9.11,9.18,39778962.0,395925644.0,2873057198.0,0.013845516903628313
2022-07-04,9.18,9.59,8.96,9.43,43988516.0,442802301.0,2873057198.0,0.015310699707134756
2022-07-05,9.56,9.89,9.36,9.73,59185858.0,613346537.0,2873057198.0,0.020600306196897372
2022-07-06,9.34,9.34,8.76,8.76,75572803.0,724349901.0,2873057198.0,0.026303967443672173
2022-07-07,8.36,8.59,8.11,8.23,106079089.0,947356126.0,2873057198.0,0.036922024759494534
2022-07-08,8.45,8.61,8.21,8.25,62683694.0,565722095.0,2873057198.0,0.02181776751386486
2022-07-11,8.23,8.42,7.97,8.41,44356999.0,391001990.0,2873057198.0,0.015438954376153008
2022-07-12,8.27,8.39,8.04,8.07,31935884.0,280596033.0,2873057198.0,0.011115645042580875
2022-07-13,8.08,8.62,8.02,8.5,53535279.0,482867810.0,2873057198.0,0.01863355837025003
2022-07-14,8.69,8.81,8.37,8.4,39004437.0,360181535.0,2873057198.0,0.013575934731529838
2022-07-15,8.4,8.57,8.22,8.23,30875594.0,277371995.0,2873057198.0,0.010746599135406423
2022-07-18,8.36,9.05,8.36,9.05,57843907.0,550805487.0,2873057198.0,0.020133224998188846
2022-07-19,9.39,9.85,9.34,9.65,109649756.0,1135470587.0,2873057198.0,0.038164835728411416
2022-07-20,9.95,10.39,9.87,10.28,76278488.0,835293105.0,2873057198.0,0.026549589076437174
2022-07-21,10.52,11.13,10.21,10.73,78345126.0,895838207.0,2873057198.0,0.027268905768579134
2022-07-22,10.54,11.34,10.51,11.16,69986918.0,830099709.0,2873057198.0,0.024359737094242145
2022-07-25,10.97,12.14,10.95,11.58,88612383.0,1116260482.0,2873057198.0,0.030842540504130957
2022-07-26,11.74,11.9,11.23,11.79,63409199.0,792181342.0,2873057198.0,0.022070287721435055
2022-07-27,11.52,12.09,11.49,11.8,37970791.0,482060240.0,2873057198.0,0.013216162569416413
2022-07-28,11.73,11.99,11.24,11.75,61232775.0,762260323.0,2873057198.0,0.021312758772302032
2022-07-29,11.49,11.86,11.43,11.78,37318142.0,468589782.0,2873057198.0,0.01298900071532791
2022-08-01,11.62,12.92,11.59,12.6,69527451.0,925741127.0,2873057198.0,0.02419981441664288
2022-08-02,12.59,12.92,11.9,12.21,61089985.0,810360004.0,2873057198.0,0.021263059100433544
2022-08-03,12.08,12.55,11.24,11.64,73484216.0,930841575.0,2873057198.0,0.025577011154234598
2022-08-04,11.68,11.91,11.22,11.39,48272347.0,594528751.0,2873057198.0,0.016801735459218658
2022-08-05,11.34,11.58,10.83,11.15,57381721.0,684545467.0,2873057198.0,0.019972355941936942
2022-08-08,11.15,11.57,10.74,11.39,42282205.0,511683547.0,2873057198.0,0.014716798896114424
2022-08-09,11.43,12.53,11.22,12.31,78973820.0,1023743971.0,2873057198.0,0.027487729814420492
2022-08-10,12.55,12.74,11.65,11.87,76013573.0,983071252.0,2873057198.0,0.026457382419297036
2022-08-11,11.73,12.33,11.64,11.8,43151952.0,553736101.0,2873057198.0,0.015019524160548926
2022-08-12,12.0,12.72,11.92,12.05,66570489.0,877770899.0,2873057198.0,0.02317061040286327
2022-08-15,12.26,12.84,12.08,12.21,76434850.0,1026366985.0,2873057198.0,0.02660401263615915
2022-08-16,12.22,13.43,12.15,13.43,110007303.0,1566062899.0,2873057198.0,0.0382892839991416
2022-08-17,13.52,14.24,13.3,13.9,91398274.0,1349839356.0,2873057198.0,0.03181220132464623
2022-08-18,14.23,14.65,13.87,14.03,69541631.0,1069186326.0,2873057198.0,0.024204749925761833
2022-08-19,14.17,14.27,13.22,13.35,52565980.0,767261958.0,2873057198.0,0.018296182908085632
2022-08-22,13.49,14.68,13.42,14.68,60063758.0,923288426.0,2873057198.0,0.020905869205044624
2022-08-23,15.12,15.35,14.62,15.12,83134457.0,1338494904.0,2873057198.0,0.028935886503711716
2022-08-24,14.8,15.19,14.25,14.33,69104862.0,1089059340.0,2873057198.0,0.02405272754336581
2022-08-25,14.55,15.76,14.13,15.76,59873723.0,991459141.0,2873057198.0,0.020839725377440953
2022-08-26,15.89,15.99,14.18,14.28,106978888.0,1710478959.0,2873057198.0,0.037235209961872816
2022-08-29,14.07,14.79,13.91,14.32,64791825.0,999919591.0,2873057198.0,0.02255152631319107
2022-08-30,14.6,14.96,14.03,14.13,63699238.0,994352658.0,2873057198.0,0.022171239070472554
2022-08-31,13.48,13.96,12.99,13.1,75822829.0,1086554397.0,2873057198.0,0.026390991816237417
2022-09-01,13.19,13.34,12.57,12.96,61055485.0,850353486.0,2873057198.0,0.021251050985863457
2022-09-02,13.28,14.25,13.2,14.13,84741616.0,1263694515.0,2873057198.0,0.029495276341518908
2022-09-05,14.58,15.53,14.21,15.43,80242120.0,1302445491.0,2873057198.0,0.027929175950920277
2022-09-06,15.43,16.8,14.9,16.29,88082463.0,1499629180.0,2873057198.0,0.030658095864334406
2022-09-07,16.3,16.62,15.89,16.29,70893091.0,1237610461.0,2873057198.0,0.02467514083929491
2022-09-08,15.71,16.08,15.06,15.92,90259771.0,1513106412.0,2873057198.0,0.031415932499649454
2022-09-09,15.91,16.22,14.99,15.18,64484111.0,1067729639.0,2873057198.0,0.022444422980819473
2022-09-13,15.8,16.5,15.05,15.37,74483975.0,1252088406.0,2873057198.0,0.025924988563349863
2022-09-14,15.21,16.56,15.11,16.4,76792148.0,1329496971.0,2873057198.0,0.02672837423962765
2022-09-15,16.64,16.71,15.33,15.46,66770763.0,1135651801.0,2873057198.0,0.023240318030034568
2022-09-16,15.34,15.73,14.69,14.78,58980476.0,960609422.0,2873057198.0,0.02052882067264712
2022-09-19,15.34,16.03,15.34,15.97,68587559.0,1162247498.0,2873057198.0,0.023872674392888992
2022-09-20,16.53,16.53,15.71,16.03,60179115.0,1042654697.0,2873057198.0,0.02094602051149279
2022-09-21,16.1,17.64,15.8,17.64,78735026.0,1451718586.0,2873057198.0,0.02740461486628572
2022-09-22,17.7,19.12,17.13,18.2,107022994.0,2102367261.0,2873057198.0,0.03725056155321277
2022-09-23,18.18,18.3,17.29,17.38,71921316.0,1372011770.0,2873057198.0,0.025033026161145017
2022-09-26,16.73,17.77,16.65,17.0,53317898.0,988202790.0,2873057198.0,0.018557896458558428
2022-09-27,17.1,17.18,16.07,17.06,66880621.0,1195166721.0,2873057198.0,0.02327855534743865
2022-09-28,17.66,18.03,16.27,17.39,76406897.0,1404888288.0,2873057198.0,0.026594283278867044
2022-09-29,16.7,17.19,15.73,16.15,88726574.0,1552009019.0,2873057198.0,0.030882285971112783
2022-09-30,15.81,16.9,15.71,16.81,62412891.0,1103784444.0,2873057198.0,0.02172351147183809
2022-10-10,16.08,16.63,15.32,15.7,66143254.0,1134398301.0,2873057198.0,0.023021906436824096
2022-10-11,15.59,16.08,14.82,15.98,51266502.0,860318137.0,2873057198.0,0.017843884916627407
2022-10-12,15.68,15.97,14.8,15.15,63115066.0,1032067373.0,2873057198.0,0.02196791140946857
2022-10-13,15.29,15.6,14.33,14.5,71933081.0,1147064404.0,2873057198.0,0.025037121102244063
2022-10-14,15.0,15.95,15.0,15.85,91442014.0,1523760882.0,2873057198.0,0.03182742552555336
2022-10-17,15.94,17.23,15.41,17.11,82390146.0,1445598922.0,2873057198.0,0.028676820655486303
2022-10-18,17.46,17.55,16.87,17.1,62937983.0,1165746981.0,2873057198.0,0.021906275671717414
2022-10-19,17.76,18.81,17.71,18.81,60093156.0,1197213260.0,2873057198.0,0.02091610151090351
2022-10-20,19.55,19.55,17.69,18.4,81694366.0,1624886208.0,2873057198.0,0.028434646569817437
2022-10-21,18.2,18.92,17.88,18.66,49981312.0,997203392.0,2873057198.0,0.017396560024907654
2022-10-24,18.4,18.51,16.97,17.25,60131539.0,1130412450.0,2873057198.0,0.02092946114746999
2022-10-25,17.39,18.4,17.19,18.21,62507293.0,1204029673.0,2873057198.0,0.02175636915391477
2022-10-26,17.82,18.01,16.62,17.13,75979235.0,1395144273.0,2873057198.0,0.026445430690656233
2022-10-27,16.68,17.28,16.26,16.52,64276100.0,1153740510.0,2873057198.0,0.022372022403432848
2022-10-28,16.45,16.96,15.99,16.14,43648667.0,772480205.0,2873057198.0,0.015192411425148383
2022-10-31,15.34,16.07,15.2,15.72,60592895.0,1023253328.0,2873057198.0,0.02109004131284963
2022-11-01,15.87,16.41,14.83,15.6,81730983.0,1370431784.0,2873057198.0,0.02844739153014245
2022-11-02,16.38,17.17,16.38,17.17,72467861.0,1315376771.0,2873057198.0,0.025223257319919184
2022-11-03,17.17,17.71,16.92,17.38,68161544.0,1265965693.0,2873057198.0,0.02372439506162592
2022-11-04,17.93,18.87,17.58,18.61,77024239.0,1520988491.0,2873057198.0,0.026809156132922906
2022-11-07,18.4,18.97,17.99,18.17,50412376.0,998286444.0,2873057198.0,0.017546596717633464
2022-11-08,18.2,18.36,16.83,17.42,64076685.0,1196254371.0,2873057198.0,0.022302613760911277
2022-11-09,18.08,18.17,16.92,17.11,47760311.0,894045008.0,2873057198.0,0.016623515547566206
2022-11-10,16.44,16.87,16.0,16.67,39816729.0,709998891.0,2873057198.0,0.013858662134438995
2022-11-11,16.73,17.18,15.51,17.18,99259958.0,1732814159.0,2873057198.0,0.034548549214090514
2022-11-14,16.45,16.64,15.94,16.19,59624283.0,1044756936.0,2873057198.0,0.020752904968792757
2022-11-15,16.0,16.66,15.77,16.03,67597061.0,1171865241.0,2873057198.0,0.02352792037939789
2022-11-16,16.74,17.52,16.65,17.21,109648738.0,2010757260.0,2873057198.0,0.03816448140201628
2022-11-17,16.85,18.29,16.76,18.06,103030047.0,1947274068.0,2873057198.0,0.03586077126195801
2022-11-18,18.73,18.93,16.85,17.06,94038631.0,1810169893.0,2873057198.0,0.032731207393108086
2022-11-21,16.73,17.73,16.39,17.43,54773459.0,1014818291.0,2873057198.0,0.01906452090063819
2022-11-22,17.66,18.76,17.49,17.88,80884038.0,1585810788.0,2873057198.0,0.028152602759285546
2022-11-23,17.48,17.83,17.04,17.55,60000242.0,1124915242.0,2873057198.0,0.020883761744029155
2022-11-24,16.8,17.29,16.53,16.93,55942196.0,1016975547.0,2873057198.0,0.019471313010733873
2022-11-25,16.72,16.96,16.06,16.86,45657450.0,815325658.0,2873057198.0,0.01589159103124824
2022-11-28,16.43,16.8,16.15,16.65,34363302.0,609759072.0,2873057198.0,0.011960535287609682
2022-11-29,16.32,16.42,15.32,15.57,113594140.0,1918832214.0,2873057198.0,0.039537723119148285
2022-11-30,15.33,15.33,14.02,14.29,134623686.0,2077389030.0,2873057198.0,0.046857294067697154
2022-12-01,14.0,14.3,13.63,14.17,92055977.0,1389643263.0,2873057198.0,0.03204112228050393
2022-12-02,14.03,14.03,12.76,12.81,153844139.0,2166348113.0,2873057198.0,0.053547189769522996
2022-12-05,12.91,13.58,12.91,13.18,124416524.0,1783563758.0,2873057198.0,0.04330457607548125
2022-12-06,12.95,13.13,12.57,12.72,90298030.0,1243010514.0,2873057198.0,0.031429248976615747
2022-12-07,12.55,12.73,12.39,12.6,69868722.0,943684587.0,2873057198.0,0.024318597641786316
2022-12-08,12.52,12.59,12.29,12.4,56015710.0,748526955.0,2873057198.0,0.019496900388545624
2022-12-09,12.64,12.8,12.47,12.69,92907464.0,1262121154.0,2873057198.0,0.03233749194574859
2022-12-12,12.76,13.01,11.96,12.96,95824041.0,1296367854.0,2873057198.0,0.033352639504255356
2022-12-13,13.29,13.93,13.29,13.76,123415918.0,1818470859.0,2873057198.0,0.04295630385845176
2022-12-14,13.38,13.63,13.09,13.12,71048848.0,1016788912.0,2873057198.0,0.024729353821935293
2022-12-15,12.96,13.22,12.82,12.97,49068098.0,684939780.0,2873057198.0,0.01707870558029872
2022-12-16,12.88,13.16,12.61,12.8,40932488.0,563522029.0,2873057198.0,0.014247014653413105
2022-12-19,12.58,12.81,12.18,12.27,64348515.0,857210569.0,2873057198.0,0.022397227261884815
2022-12-20,12.2,12.47,12.05,12.34,41651150.0,552939304.0,2873057198.0,0.01449715307756292
2022-12-21,12.25,12.39,12.02,12.25,32500771.0,426749243.0,2873057198.0,0.011312260341570827
2022-12-22,12.26,12.32,11.52,11.56,80078507.0,1011387162.0,2873057198.0,0.027872228598770834
2022-12-23,11.47,11.66,10.95,11.18,67962827.0,820883073.0,2873057198.0,0.02365522936588609
2022-12-26,11.25,11.46,11.02,11.38,40940554.0,498022009.0,2873057198.0,0.014249822115793464
2022-12-27,11.39,11.46,11.2,11.39,32160695.0,391586692.0,2873057198.0,0.011193893049671196
2022-12-28,11.36,11.55,11.19,11.29,39439316.0,480707783.0,2873057198.0,0.013727299278084195
2022-12-29,11.11,11.29,11.11,11.16,31420679.0,378215947.0,2873057198.0,0.010936322124694435
2022-12-30,11.17,11.47,11.08,11.2,43632817.0,528660306.0,2873057198.0,0.01518689465367198
2023-01-03,11.17,11.79,11.04,11.69,62573064.0,778087599.0,2873057198.0,0.021779261493143444
2023-01-04,11.5,11.56,11.06,11.2,68716918.0,834309639.0,2873057198.0,0.023917699253546153
2023-01-05,11.04,11.19,10.98,11.05,48807044.0,579995043.0,2873057198.0,0.016987842787806552
2023-01-06,10.98,11.27,10.79,11.15,62017106.0,741594189.0,2873057198.0,0.021585754033428748
2023-01-09,11.1,11.37,11.08,11.15,41472556.0,500611764.0,2873057198.0,0.014434991419199723
2023-01-10,11.19,11.26,10.9,10.95,45955478.0,545114028.0,2873057198.0,0.015995323041946622
2023-01-11,11.05,11.67,10.99,11.39,104970713.0,1286216638.0,2873057198.0,0.036536241977038426
2023-01-12,11.27,12.25,11.05,12.14,133904433.0,1699554175.0,2873057198.0,0.046606949939323836
2023-01-13,12.19,12.79,12.02,12.47,114887988.0,1546171988.0,2873057198.0,0.03998806152553319
2023-01-16,12.39,12.85,12.14,12.7,82353005.0,1119318755.0,2873057198.0,0.028663893311044342
2023-01-17,12.68,12.73,12.41,12.69,44070723.0,595919920.0,2873057198.0,0.015339312781756877
2023-01-18,12.78,13.42,12.78,13.18,68318563.0,971016560.0,2873057198.0,0.02377904729761666
2023-01-19,13.15,13.22,12.89,13.18,35924178.0,505250051.0,2873057198.0,0.012503815804644484
2023-01-20,13.15,13.57,13.12,13.31,38161688.0,547945854.0,2873057198.0,0.013282606425853691
2023-01-30,13.51,13.59,12.67,12.72,63517460.0,879246597.0,2873057198.0,0.02210796918495599
2023-01-31,12.79,13.64,12.73,13.27,69771893.0,996008212.0,2873057198.0,0.02428489521495423
2023-02-01,13.36,13.89,13.01,13.84,67982428.0,988680597.0,2873057198.0,0.02366205171526836
2023-02-02,13.85,14.5,13.68,13.87,71147641.0,1075762319.0,2873057198.0,0.024763739841144647
2023-02-03,13.72,14.2,13.65,14.02,51488528.0,776756504.0,2873057198.0,0.017921163573019823
2023-02-06,14.02,14.27,13.66,13.87,37801766.0,566034725.0,2873057198.0,0.01315733150955528
2023-02-07,14.22,14.68,14.09,14.48,70831958.0,1102768443.0,2873057198.0,0.024653862808338006
2023-02-08,14.58,14.96,14.27,14.46,58566155.0,919490129.0,2873057198.0,0.020384611570131366
2023-02-09,14.46,14.49,14.19,14.34,36173430.0,557177215.0,2873057198.0,0.012590570777769806
2023-02-10,14.58,14.82,14.13,14.36,44038453.0,685994839.0,2873057198.0,0.015328080843867697
2023-02-13,14.36,14.42,13.9,14.08,47932420.0,725723911.0,2873057198.0,0.01668342002845152
2023-02-14,14.43,14.75,14.28,14.42,46712515.0,726731765.0,2873057198.0,0.016258818318172587
2023-02-15,14.42,14.62,14.09,14.26,35520373.0,546397642.0,2873057198.0,0.012363266914674213
2023-02-16,14.3,14.3,13.74,13.86,31268431.0,471893388.0,2873057198.0,0.010883330489127282
2023-02-17,13.88,14.54,13.88,14.42,52215305.0,805499519.0,2873057198.0,0.018174126514553298
2023-02-20,14.57,14.89,13.94,14.3,69332540.0,1071612155.0,2873057198.0,0.02413197344217997
2023-02-21,14.31,14.36,13.9,14.11,34818423.0,529258915.0,2873057198.0,0.012118945290834408
2023-02-22,14.12,14.4,13.97,14.15,29108324.0,445344447.0,2873057198.0,0.010131480856093975
2023-02-23,14.15,14.15,13.35,13.6,62467155.0,912157286.0,2873057198.0,0.021742398669781025
2023-02-24,13.94,14.11,13.7,13.84,44674380.0,665560385.0,2873057198.0,0.015549422417033273
2023-02-27,13.55,13.81,13.27,13.42,44592577.0,648074345.0,2873057198.0,0.015520949959173072
2023-02-28,13.42,13.49,13.2,13.46,30116236.0,434146442.0,2873057198.0,0.010482296008921992
2023-03-01,13.49,14.13,13.4,13.98,53506166.0,800184040.0,2873057198.0,0.018623425261859335
2023-03-02,13.93,14.08,13.73,13.85,26177594.0,390579528.0,2873057198.0,0.009111407186123136
2023-03-03,13.97,14.42,13.72,14.32,52455039.0,801724136.0,2873057198.0,0.01825756864030244
2023-03-06,14.3,14.56,13.94,14.0,44596850.0,682441826.0,2873057198.0,0.015522437225073304
2023-03-07,14.0,14.02,13.47,13.51,55957432.0,824606617.0,2873057198.0,0.019476616072577054
2023-03-08,13.6,13.61,13.35,13.59,22450795.0,326129695.0,2873057198.0,0.007814252711581414
2023-03-09,14.0,14.76,13.97,14.75,96074800.0,1482500799.0,2873057198.0,0.03343991900574755
2023-03-10,14.94,15.22,14.5,14.6,96455275.0,1549215242.0,2873057198.0,0.033572347625778105
2023-03-13,14.73,15.07,14.24,15.03,65453355.0,1036555426.0,2873057198.0,0.022781779299612816
2023-03-14,14.55,14.73,13.52,13.52,96919925.0,1449599535.0,2873057198.0,0.03373407430505322
2023-03-15,13.53,14.17,13.34,13.99,65172997.0,971616292.0,2873057198.0,0.02268419753194207
2023-03-16,13.43,13.55,12.61,13.02,102412287.0,1422271853.0,2873057198.0,0.03564575291828214
2023-03-17,12.74,13.03,12.68,12.95,52404197.0,724293439.0,2873057198.0,0.01823987250810034
2023-03-20,12.86,13.38,12.86,13.13,48091269.0,683865021.0,3474776395.0,0.01384010466664863
2023-03-21,13.46,13.87,13.46,13.68,52547237.0,774475732.0,3474776395.0,0.0151224801329986
2023-03-22,13.94,14.02,13.36,13.44,42551863.0,622854783.0,3474776395.0,0.01224592841750325
2023-03-23,13.08,13.32,12.96,13.13,41147677.0,578188419.0,3474776395.0,0.011841820112283801
2023-03-24,13.0,13.0,12.59,12.7,48534202.0,662648918.0,3474776395.0,0.013967575602803645
2023-03-27,12.8,13.06,12.54,12.91,33559612.0,462414364.0,3474776395.0,0.009658063767294585
2023-03-28,13.14,13.15,12.7,12.73,28829552.0,399561562.0,3474776395.0,0.008296807829558194
2023-03-29,12.69,12.88,12.45,12.53,31392567.0,425801221.0,3474776395.0,0.009034413565480664
2023-03-30,12.45,12.73,12.33,12.73,29853699.0,403707163.0,3474776395.0,0.008591545356114921
2023-03-31,12.82,12.82,12.48,12.58,21673532.0,293455434.0,3474776395.0,0.006237388981687266
2023-04-03,11.99,12.07,11.35,11.61,117087041.0,1462231062.0,3474776395.0,0.03369628076456413
2023-04-04,11.52,11.59,11.25,11.46,65246325.0,799965708.0,3474776395.0,0.018777129110778366
2023-04-06,11.45,11.8,11.25,11.77,48943901.0,612998453.0,3474776395.0,0.014085482182516092
2023-04-07,11.65,12.13,11.52,11.84,40629803.0,522299383.0,3474776395.0,0.01169278203295726
2023-04-10,11.84,12.21,11.83,12.07,38128224.0,494923883.0,3474776395.0,0.010972856859182157
2023-04-11,11.97,12.05,11.69,11.9,34942474.0,444301136.0,3474776395.0,0.01005603527475327
2023-04-12,11.85,12.36,11.8,12.16,43354662.0,567188653.0,3474776395.0,0.012476964578896306
2023-04-13,12.14,12.84,12.08,12.61,51509364.0,699929221.0,3474776395.0,0.014823792424202882
2023-04-14,12.63,12.87,12.42,12.83,38255314.0,523032459.0,3474776395.0,0.01100943187453649
2023-04-17,12.81,13.28,12.68,13.16,43770546.0,613274702.0,3474776395.0,0.012596651129259211
2023-04-18,13.29,13.38,12.85,13.12,29125471.0,408959231.0,3474776395.0,0.008381969856221496
2023-04-19,13.16,13.24,13.01,13.09,21728637.0,306520488.0,3474776395.0,0.006253247556092023
2023-04-20,13.04,13.12,12.83,12.97,17537572.0,244307630.0,3474776395.0,0.005047108074417548
2023-04-21,12.76,12.91,12.55,12.62,28287081.0,386890817.0,3474776395.0,0.008140691021357074
2023-04-24,12.66,12.75,12.44,12.47,23130578.0,313057848.0,3474776395.0,0.006656709776572544
2023-04-25,12.66,12.72,12.09,12.26,22169959.0,295763569.0,3474776395.0,0.006380254865291843
2023-04-26,12.27,12.32,11.9,12.05,30300600.0,393422725.0,3474776395.0,0.008720158236253934
2023-04-27,11.97,12.28,11.65,12.18,40557159.0,523523112.0,3474776395.0,0.01167187593951639
2023-04-28,12.23,12.35,11.97,12.19,24102700.0,315047521.0,3474776395.0,0.006936475116695962
2023-05-04,12.19,12.23,11.8,12.0,38359085.0,494723979.0,3474776395.0,0.011039295954466734
2023-05-05,11.9,12.01,11.52,11.65,27197075.0,341906831.0,3474776395.0,0.007827000044991385
2023-05-08,11.67,12.01,11.58,11.66,36477171.0,460802513.0,3474776395.0,0.010497703119109626
2023-05-09,11.69,11.86,11.39,11.43,47940919.0,596662434.0,3474776395.0,0.013796835695380047
2023-05-10,11.33,11.34,10.97,11.26,41270426.0,495436023.0,3474776395.0,0.011877145838617336
2023-05-11,11.27,11.47,11.14,11.27,25547765.0,310463465.0,3474776395.0,0.007352347919929967
2023-05-12,11.37,11.57,11.06,11.07,40182778.0,489435470.0,3474776395.0,0.011564133467068749
2023-05-15,11.1,11.39,10.89,11.34,33970475.0,407007244.0,3474776395.0,0.00977630533259105
2023-05-16,11.37,11.55,11.15,11.19,29218374.0,355702854.0,3474776395.0,0.008408706252881058
2023-05-17,11.15,11.3,11.08,11.24,16357642.0,197086717.0,3474776395.0,0.004707538022745201
2023-05-18,11.22,11.23,10.97,11.02,24922931.0,296428591.0,3474776395.0,0.007172528003776772
2023-05-19,11.02,11.02,10.86,10.95,19094350.0,224627406.0,3474776395.0,0.005495130572279601
2023-05-22,11.01,11.2,10.97,11.13,22938393.0,273997065.0,3474776395.0,0.006601401181672296
2023-05-23,11.11,11.13,10.91,10.94,15127564.0,178896705.0,3474776395.0,0.004353535963283185
2023-05-24,10.86,10.99,10.77,10.77,18370748.0,214218687.0,3474776395.0,0.005286886381073163
2023-05-25,10.69,10.73,10.38,10.56,39589264.0,448168367.0,3474776395.0,0.011393327080547294
2023-05-26,10.6,10.63,10.39,10.58,20084014.0,227206960.0,3474776395.0,0.00577994429480404
2023-05-29,10.63,10.63,10.33,10.53,26958492.0,303803911.0,3474776395.0,0.0077583386484355345
2023-05-30,10.58,10.69,10.39,10.49,25172742.0,284548610.0,3474776395.0,0.007244420687392174
2023-05-31,10.39,10.47,10.2,10.4,31834812.0,353702433.0,3474776395.0,0.009161686503283617
2023-06-01,10.32,10.36,10.09,10.11,34420892.0,377119554.0,3474776395.0,0.009905930076401363
2023-06-02,10.19,10.75,10.14,10.62,51578232.0,584540550.0,3474776395.0,0.01484361182901382
2023-06-05,10.5,10.6,10.32,10.36,28781149.0,321859571.0,3474776395.0,0.008282878012356245
2023-06-06,10.4,10.41,10.15,10.18,22644070.0,250318026.0,3474776395.0,0.006516698465139654
2023-06-07,10.17,10.28,9.99,10.25,23053651.0,251398541.0,3474776395.0,0.006634571085832416
2023-06-08,10.22,10.49,10.17,10.44,30106038.0,336644099.0,3474776395.0,0.008664165568558837
2023-06-09,10.49,11.48,10.45,11.26,96481628.0,1157997511.0,3474776395.0,0.027766283936667528
2023-06-12,11.29,11.83,11.22,11.62,70098611.0,876291990.0,3474776395.0,0.020173560261566127
2023-06-13,11.84,12.18,11.61,11.75,56707875.0,723555313.0,3474776395.0,0.016319863079995396
2023-06-14,11.74,12.11,11.61,12.06,53084856.0,680913440.0,3474776395.0,0.015277200592356389
2023-06-15,12.23,12.35,11.83,11.94,50062181.0,648842800.0,3474776395.0,0.014407310085344354
2023-06-16,12.04,12.55,12.04,12.49,48574196.0,648686246.0,3474776395.0,0.013979085408170559
2023-06-19,12.46,12.76,12.36,12.43,41710768.0,562451805.0,3474776395.0,0.012003871115280786
2023-06-20,12.45,12.46,11.91,11.93,34197020.0,443018036.0,3474776395.0,0.009841502333562388
2023-06-21,11.9,12.15,11.74,11.74,20351227.0,260609867.0,3474776395.0,0.005856845070458124
2023-06-26,11.25,11.73,11.16,11.52,35714296.0,442820894.0,3474776395.0,0.010278156617902316
2023-06-27,11.47,11.56,11.11,11.39,36619007.0,445074382.0,3474776395.0,0.010538521860771418
2023-06-28,11.46,11.46,10.99,11.29,23705931.0,285329655.0,3474776395.0,0.006822289639733782
2023-06-29,11.35,11.36,11.1,11.27,20641711.0,250566673.0,3474776395.0,0.005940442967697782
2023-06-30,11.36,11.94,11.26,11.75,31763249.0,401350246.0,3474776395.0,0.00914109150899766
2023-07-03,11.85,12.8,11.71,12.78,65197201.0,875113564.0,3474776395.0,0.018762991798210372
2023-07-04,12.64,12.97,12.44,12.77,40387129.0,553597085.0,3474776395.0,0.011622943294456218
2023-07-05,12.66,12.85,12.41,12.46,22819995.0,309265541.0,3474776395.0,0.006567327622242582
2023-07-06,12.58,12.97,12.58,12.91,46163765.0,638040248.0,3474776395.0,0.013285391562584273
2023-07-07,13.37,13.81,12.62,13.05,93460205.0,1318536741.0,3474776395.0,0.02689675374061012
2023-07-10,13.06,13.06,12.66,12.81,43770904.0,603452177.0,3474776395.0,0.012596754157471477
2023-07-11,12.71,12.79,12.51,12.65,26422125.0,359412989.0,3474776395.0,0.007603978500032374
2023-07-12,12.78,13.12,12.69,12.72,32722054.0,453439090.0,3474776395.0,0.009417024372297775
2023-07-13,12.86,13.55,12.85,13.08,41772621.0,591264354.0,3474776395.0,0.01202167168515026
2023-07-14,13.16,13.83,12.83,13.63,59612714.0,867085747.0,3474776395.0,0.017155841764603677
2023-07-17,13.39,13.85,13.27,13.56,26335844.0,384522483.0,3474776395.0,0.007579147837511426
2023-07-18,13.43,13.53,13.18,13.33,29401220.0,417604898.0,3474776395.0,0.008461327192825023
2023-07-19,13.41,13.79,13.33,13.62,30851818.0,448103578.0,3474776395.0,0.008878792328736307
2023-07-20,13.63,13.7,13.18,13.19,24059311.0,342181021.0,3474776395.0,0.006923988270042337
2023-07-21,13.17,13.33,13.02,13.17,20629936.0,288617400.0,3474776395.0,0.005937054260436807
2023-07-24,13.05,13.62,12.97,13.19,18313534.0,260265407.0,3474776395.0,0.005270420861138605
2023-07-25,13.41,13.66,13.33,13.46,20115374.0,289260141.0,3474776395.0,0.005788969335967876
2023-07-26,13.61,13.66,13.29,13.33,12172451.0,173717184.0,3474776395.0,0.0035030890095591317
2023-07-27,13.43,13.43,13.1,13.18,13596589.0,191620569.0,3474776395.0,0.00391293926698843
2023-07-28,13.21,13.21,12.89,12.98,24036922.0,332756551.0,3474776395.0,0.006917544977739496
2023-07-31,13.05,13.85,13.01,13.79,38565696.0,552647809.0,3474776395.0,0.011098756183417668
2023-08-01,13.8,14.04,13.5,13.62,28072142.0,411318572.0,3474776395.0,0.008078834091423601
2023-08-02,13.45,13.57,13.12,13.18,25279773.0,356862996.0,3474776395.0,0.0072752229571883
2023-08-03,13.09,13.18,12.77,13.13,22823389.0,315102922.0,3474776395.0,0.006568304375740989
2023-08-04,13.2,13.4,12.96,13.14,25075708.0,351190302.0,3474776395.0,0.007216495437255323
2023-08-07,13.01,13.08,12.83,12.92,13361579.0,183891025.0,3474776395.0,0.003845306138037121
2023-08-08,12.88,13.06,12.78,12.83,10722752.0,146887066.0,3474776395.0,0.0030858825953317204
2023-08-09,12.78,12.96,12.72,12.74,11187357.0,152539672.0,3474776395.0,0.0032195904795767442
2023-08-10,12.89,13.79,12.89,13.72,59146189.0,851289515.0,3474776395.0,0.01702158132681801
2023-08-11,13.52,13.6,13.1,13.21,31724465.0,450292369.0,3474776395.0,0.009129929927476672
2023-08-14,13.05,13.41,12.94,13.18,18769558.0,263345277.0,3474776395.0,0.005401659233960578
2023-08-15,13.1,13.18,12.85,12.95,14523889.0,200878668.0,3474776395.0,0.004179805359820858
2023-08-16,12.96,13.05,12.69,12.75,15484704.0,211597829.0,3474776395.0,0.004456316677608834
2023-08-17,12.87,13.0,12.51,12.97,14824092.0,202386446.0,3474776395.0,0.0042662002715717195
2023-08-18,13.02,13.56,13.02,13.18,28359695.0,402758272.0,3474776395.0,0.008161588481148872
2023-08-21,13.22,13.23,12.54,12.54,23255687.0,315731647.0,3474776395.0,0.006692714683299787
2023-08-22,12.63,12.84,12.46,12.74,15064607.0,202092722.0,3474776395.0,0.004335417675127841
2023-08-23,12.69,12.71,12.36,12.36,12157187.0,162149534.0,3474776395.0,0.00349869620891102
2023-08-24,12.41,12.52,12.21,12.27,14492652.0,189878631.0,3474776395.0,0.00417081571661822
2023-08-25,12.29,12.39,11.99,12.17,10947416.0,142200502.0,3474776395.0,0.003150538266506211
2023-08-28,12.79,12.87,12.41,12.55,17918606.0,240182060.0,3474776395.0,0.005156765202441177
2023-08-29,12.56,12.83,12.11,12.81,25947194.0,345435126.0,3474776395.0,0.00746729891377658
2023-08-30,12.78,13.05,12.56,12.75,22697052.0,309557698.0,3474776395.0,0.006531946064978377
2023-08-31,13.0,13.05,12.3,12.44,21120862.0,281961878.0,3474776395.0,0.006078337020589781
2023-09-01,12.49,12.95,12.24,12.84,26673122.0,357731514.0,3474776395.0,0.007676212500574444
2023-09-04,12.8,13.19,12.69,13.12,25460011.0,353711743.0,3474776395.0,0.007327093345239557
2023-09-05,13.05,13.16,12.69,12.73,15142361.0,207226535.0,3474776395.0,0.004357794366794068
2023-09-06,12.4,12.4,11.47,11.83,59372987.0,740799007.0,3474776395.0,0.01708685113822986
2023-09-07,11.66,11.91,11.55,11.75,22929374.0,286871262.0,3474776395.0,0.0065988056189727855
2023-09-08,11.69,11.82,11.56,11.77,12008699.0,149514540.0,3474776395.0,0.003455963099461541
2023-09-11,11.83,12.12,11.77,11.98,20085229.0,255192992.0,3474776395.0,0.005780293957591478
2023-09-12,11.93,11.97,11.76,11.79,11908701.0,149984596.0,3474776395.0,0.0034271848447963225
2023-09-13,11.79,11.85,11.62,11.69,11974486.0,149673944.0,3474776395.0,0.003446116998270906
2023-09-14,11.63,11.91,11.62,11.74,14004039.0,175117799.0,3474776395.0,0.004030198610808739
2023-09-15,11.83,11.94,11.73,11.74,14811399.0,186500703.0,3474776395.0,0.0042625473746491244
2023-09-18,11.76,11.92,11.6,11.86,17476122.0,218629946.0,3474776395.0,0.0050294234832339475
2023-09-19,12.07,12.23,11.88,11.97,25368933.0,325968333.0,3474776395.0,0.007300882162231909
2023-09-20,11.93,12.15,11.82,12.04,17913355.0,229841296.0,3474776395.0,0.005155254026065179
2023-09-21,12.19,12.84,12.19,12.75,42170609.0,565845731.0,3474776395.0,0.012136207976053089
2023-09-22,12.96,13.19,12.87,13.17,46768815.0,651069163.0,3474776395.0,0.013459517874962426
2023-09-25,13.05,13.57,13.02,13.32,39563521.0,562903165.0,3474776395.0,0.01138591854627814
2023-09-26,13.47,13.51,13.18,13.21,23527250.0,333250675.0,3474776395.0,0.00677086733806939
2023-09-27,13.22,13.4,13.02,13.04,26129825.0,365904682.0,3474776395.0,0.007519857979235525
2023-09-28,13.1,13.15,12.55,12.7,30367537.0,410875881.0,3474776395.0,0.008739421921852902
2023-10-09,12.64,12.81,12.5,12.66,20018600.0,269731452.0,3474776395.0,0.005761118910789654
2023-10-10,12.66,12.74,12.24,12.25,23753505.0,313288717.0,3474776395.0,0.006835980880433027
2023-10-11,12.33,12.35,11.83,12.07,30830752.0,394554514.0,3474776395.0,0.008872729780357564
2023-10-12,12.05,12.12,11.91,11.93,22330545.0,285089416.0,3474776395.0,0.006426469637623977
2023-10-13,11.96,12.11,11.87,11.94,18133978.0,231349944.0,3474776395.0,0.005218746744709598
2023-10-16,12.2,13.13,12.2,13.13,52810585.0,716846212.0,3474776395.0,0.015198268606863838
2023-10-17,13.09,13.15,12.77,12.99,44087534.0,608451548.0,3474776395.0,0.012687876567666161
2023-10-18,13.04,13.61,13.02,13.18,43795313.0,622808224.0,3474776395.0,0.012603778782145204
2023-10-19,13.13,13.2,12.85,12.98,23502995.0,326475545.0,3474776395.0,0.006763887032794236
2023-10-20,12.83,13.12,12.66,12.71,17025700.0,232681274.0,3474776395.0,0.004899797300482122
2023-10-23,12.51,12.61,12.22,12.31,18391905.0,242005975.0,3474776395.0,0.005292975118187425
2023-10-24,12.39,12.45,12.09,12.4,20637384.0,270284268.0,3474776395.0,0.005939197707713218
2023-10-25,12.56,12.76,12.28,12.36,20157435.0,267283944.0,3474776395.0,0.0058010739997558895
2023-10-26,12.3,12.31,11.94,12.21,18186200.0,234733330.0,3474776395.0,0.005233775625438483
2023-10-27,12.35,12.77,12.33,12.71,31199755.0,418385119.0,3474776395.0,0.0089789245273148
2023-10-30,12.95,13.38,12.94,13.31,36315849.0,511419177.0,3474776395.0,0.010451276534586912
2023-10-31,13.05,13.66,12.96,13.54,36883432.0,525802952.0,3474776395.0,0.010614620282638359
2023-11-01,13.55,13.66,13.28,13.45,18471342.0,265594695.0,3474776395.0,0.005315836157566622
2023-11-02,13.69,13.86,13.34,13.59,25425421.0,368394165.0,3474776395.0,0.007317138747858911
2023-11-03,13.45,13.66,13.32,13.61,17472783.0,251621189.0,3474776395.0,0.005028462558092173
2023-11-06,13.61,13.67,13.05,13.65,23959112.0,342572759.0,3474776395.0,0.006895152169928333
2023-11-07,13.64,13.64,13.29,13.42,16839262.0,240823771.0,3474776395.0,0.004846142624955871
2023-11-08,13.15,13.22,12.88,13.0,26730638.0,370601313.0,3474776395.0,0.007692764932576331
2023-11-09,12.87,13.16,12.85,13.08,17772838.0,247202559.0,3474776395.0,0.0051148148771742764
2023-11-10,13.15,13.38,13.01,13.29,17223933.0,242303273.0,3474776395.0,0.004956846439035396
2023-11-13,13.23,13.28,12.75,12.84,24577607.0,336895222.0,3474776395.0,0.007073147796032499
2023-11-14,12.85,13.08,12.8,13.01,16870635.0,233124189.0,3474776395.0,0.004855171407367639
2023-11-15,12.8,13.0,12.76,12.96,15472594.0,212322482.0,3474776395.0,0.004452831561266549
2023-11-16,12.89,13.0,12.79,12.98,12137954.0,166764461.0,3474776395.0,0.0034931611764906097
2023-11-17,13.12,13.48,12.81,13.01,21091422.0,292765181.0,3474776395.0,0.006069864532966588
2023-11-20,12.87,12.92,12.57,12.71,30607054.0,412685144.0,3474776395.0,0.00880835211268321
2023-11-21,12.68,13.04,12.64,12.99,28193932.0,387437594.0,3474776395.0,0.008113883828775117
2023-11-22,12.87,13.19,12.64,13.08,26385044.0,364820567.0,3474776395.0,0.007593307021990403
2023-11-23,13.04,13.19,12.88,13.15,18193841.0,253254594.0,3474776395.0,0.00523597461585726
2023-11-24,13.2,13.2,12.73,12.78,18789748.0,256547906.0,3474776395.0,0.005407469679786402
2023-11-27,12.71,12.87,12.58,12.8,9916865.0,134387113.0,3474776395.0,0.0028539577436607973
2023-11-28,12.76,12.8,12.44,12.56,16231799.0,217271140.0,3474776395.0,0.004671321879403984
2023-11-29,12.5,12.62,12.4,12.53,15836651.0,210221728.0,3474776395.0,0.004557602907280024
2023-11-30,12.53,12.68,12.33,12.38,16326756.0,216530064.0,3474776395.0,0.004698649393236712
2023-12-01,12.44,12.5,12.22,12.38,13371329.0,175460098.0,3474776395.0,0.003848112073985699
2023-12-04,12.39,12.52,12.2,12.24,17085015.0,224184710.0,3474776395.0,0.00491686746364006
2023-12-05,12.25,12.29,12.07,12.08,12997199.0,168559961.0,3474776395.0,0.003740441836401965
2023-12-06,12.08,12.15,11.91,12.12,15085328.0,193004330.0,3474776395.0,0.004341380936542249
2023-12-07,12.02,12.06,11.74,11.85,17439645.0,220331394.0,3474776395.0,0.005018925829326638
2023-12-08,11.83,11.9,11.72,11.79,13829087.0,173649553.0,3474776395.0,0.003979849471724065
2023-12-11,11.65,11.83,11.59,11.79,12311690.0,153935160.0,3474776395.0,0.003543160364999544
2023-12-12,11.74,11.8,11.27,11.5,33187175.0,404803522.0,3474776395.0,0.009550880755306846
2023-12-13,11.42,11.42,10.88,10.93,34983051.0,412466540.0,3474776395.0,0.010067712860700495
2023-12-14,10.93,11.08,10.92,10.94,18912612.0,221035796.0,3474776395.0,0.005442828501774717
2023-12-15,10.86,11.11,10.79,10.86,21522694.0,250517504.0,3474776395.0,0.0061939795697271045
2023-12-18,11.59,11.94,11.3,11.94,115578586.0,1441219911.0,3474776395.0,0.033262165060839836
2023-12-19,11.94,12.1,11.6,11.73,65967681.0,828111681.0,3474776395.0,0.01898472692945757
2023-12-20,11.72,12.49,11.67,12.15,68245390.0,887900635.0,3474776395.0,0.019640224935970306
2023-12-21,12.04,12.16,11.69,11.91,45392584.0,575158732.0,3474776395.0,0.013063454691737078
2023-12-22,11.9,12.32,11.71,11.93,58993485.0,757746918.0,3474776395.0,0.016977634901885537
2023-12-25,11.74,11.74,11.04,11.48,45625318.0,550233307.0,3474776395.0,0.013130432814512084
2023-12-26,11.53,11.82,11.53,11.61,30290601.0,376915456.0,3474776395.0,0.008717280641018054
2023-12-27,11.73,12.02,11.68,11.8,25640600.0,323362607.0,3474776395.0,0.007379064746984964
2023-12-28,11.73,11.74,11.34,11.45,45777797.0,557633370.0,3474776395.0,0.013174314487076512
2023-12-29,11.37,11.51,11.29,11.49,33534934.0,407294928.0,3474776395.0,0.00965096172756751
2024-01-02,11.65,12.1,11.64,12.01,47823616.0,607857091.0,3474776395.0,0.013763077264141482
2024-01-03,12.03,12.43,11.97,12.25,42517020.0,556280735.0,3474776395.0,0.012235901009682092
2024-01-04,12.39,12.58,12.12,12.24,41838801.0,550104706.0,3474776395.0,0.0120407175150043
2024-01-05,12.1,12.43,11.91,12.0,24470205.0,317385027.0,3474776395.0,0.007042238756776175
2024-01-08,12.24,12.27,11.93,12.21,26447999.0,341633388.0,3474776395.0,0.007611424734569144
2024-01-09,11.88,12.0,11.63,11.75,27620423.0,346998505.0,3474776395.0,0.007948834647243538
2024-01-10,11.74,11.83,11.5,11.58,20044582.0,247642903.0,3474776395.0,0.005768596226463084
2024-01-11,11.53,11.72,11.45,11.7,13320987.0,164978777.0,3474776395.0,0.00383362423526536
2024-01-12,12.0,12.34,11.87,12.25,33310087.0,430287664.0,3474776395.0,0.009586253391133675
2024-01-15,12.37,13.47,12.37,13.23,65049617.0,901981104.0,3474776395.0,0.01872051884938628
2024-01-16,13.09,13.41,12.96,13.18,28597637.0,399773380.0,3474776395.0,0.008230065405402871
2024-01-17,13.05,13.15,12.56,12.57,21254299.0,289509168.0,3474776395.0,0.006116738628299563
2024-01-18,12.5,12.99,12.4,12.91,30426180.0,410851553.0,3474776395.0,0.008756298691271616
2024-01-19,12.72,12.81,12.39,12.48,17995852.0,240562244.0,3474776395.0,0.005178995697649776
2024-01-22,12.41,12.41,11.9,11.98,21999915.0,284591569.0,3474776395.0,0.006331318191195437
2024-01-23,11.88,12.26,11.71,12.09,17700142.0,226669304.0,3474776395.0,0.005093893818741681
2024-01-24,11.88,12.47,11.77,12.41,27174000.0,353663359.0,3474776395.0,0.007820359329913084
2024-01-25,12.53,12.85,12.31,12.79,29179356.0,390780208.0,3474776395.0,0.008397477328897304
2024-01-26,12.61,12.83,12.42,12.77,22522536.0,303575800.0,3474776395.0,0.006481722401593557
2024-01-29,12.77,13.24,12.71,12.9,26551992.0,366565168.0,3474776395.0,0.007641352703502522
2024-01-30,12.76,13.05,12.56,12.61,15225420.0,207086193.0,3474776395.0,0.0043816977754046246
2024-01-31,12.53,12.72,12.33,12.38,14487978.0,193458220.0,3474776395.0,0.0041694705940927175
2024-02-01,12.25,12.36,12.02,12.14,17494501.0,226801636.0,3474776395.0,0.0050347127444440925
2024-02-02,11.93,12.05,11.44,11.96,36132477.0,447833179.0,3474776395.0,0.010398504217995874
2024-02-05,11.69,11.85,11.27,11.42,24618470.0,301363958.0,3474776395.0,0.007084907689434214
2024-02-06,11.44,11.79,11.08,11.67,26942551.0,330453281.0,3474776395.0,0.007753751015106686
2024-02-07,11.67,12.11,11.6,12.11,21986395.0,278258489.0,3474776395.0,0.006327427293346742
2024-02-08,12.12,12.31,11.93,12.25,17255608.0,223109676.0,3474776395.0,0.004965962133514494
2024-02-19,12.59,13.18,12.59,13.18,29265449.0,403504962.0,3474776395.0,0.008422253887217396
2024-02-20,13.09,13.46,12.99,13.26,27526889.0,388111371.0,3474776395.0,0.007921916656165151
2024-02-21,13.02,13.49,13.01,13.15,24652376.0,349356308.0,3474776395.0,0.007094665439616008
2024-02-22,13.05,13.29,13.0,13.28,19204076.0,269318223.0,3474776395.0,0.005526708431550745
2024-02-23,13.18,13.26,12.83,12.87,25784619.0,356082439.0,3474776395.0,0.007420511730510936
2024-02-26,12.89,12.96,12.66,12.81,16910311.0,231088141.0,3474776395.0,0.004866589696054384
2024-02-27,12.71,12.84,12.54,12.84,18828051.0,254776280.0,3474776395.0,0.005418492835133928
2024-02-28,12.73,12.81,12.44,12.5,18862566.0,253963153.0,3474776395.0,0.005428425848391894
2024-02-29,12.34,12.94,12.34,12.94,27745200.0,375563226.0,3474776395.0,0.007984744008254378
2024-03-01,12.94,12.96,12.48,12.7,32429971.0,437374601.0,3474776395.0,0.009332966301562549
2024-03-04,12.59,13.33,12.59,13.3,39544121.0,551493877.0,3474776395.0,0.011380335453211227
2024-03-05,13.33,13.38,12.9,13.25,28057879.0,392552097.0,3474776395.0,0.00807472936686621
2024-03-06,13.26,13.77,13.26,13.38,37001216.0,533609747.0,3474776395.0,0.01064851714005039
2024-03-07,13.35,13.85,13.3,13.65,34912854.0,506506613.0,3474776395.0,0.010047510985235642
2024-03-08,13.65,13.95,13.45,13.71,28751886.0,420801505.0,3474776395.0,0.00827445646326258
2024-03-11,13.71,13.82,13.5,13.81,19646770.0,286540100.0,3474776395.0,0.005654110586301482
2024-03-12,13.72,13.79,13.31,13.31,24727651.0,354359116.0,3474776395.0,0.007116328704080539
2024-03-13,13.29,13.46,13.2,13.26,10356899.0,146705893.0,3474776395.0,0.0029805943815271025
2024-03-14,13.4,13.53,13.29,13.48,17294047.0,247354025.0,3474776395.0,0.004977024428071148
2024-03-15,13.51,13.68,13.18,13.41,16772401.0,239484302.0,3474776395.0,0.004826900811267886
2024-03-18,13.42,14.04,13.36,14.01,25475152.0,373530471.0,3474776395.0,0.007331450747926472
2024-03-19,14.27,14.67,14.09,14.21,28168136.0,429413427.0,3474776395.0,0.008106460041725936
2024-03-20,14.12,15.07,14.11,14.97,35301439.0,554415142.0,3474776395.0,0.010159341202730831
2024-03-21,15.17,15.35,14.56,15.2,34385141.0,548305071.0,3474776395.0,0.009895641356801608
2024-03-22,15.06,15.33,14.99,15.21,20729748.0,335283074.0,3474776395.0,0.005965778986477776
2024-03-25,15.11,15.83,14.77,15.35,29745935.0,485013665.0,3474776395.0,0.008560532137493124
2024-03-26,15.38,15.56,15.12,15.33,14224673.0,231786733.0,3474776395.0,0.004093694495124484
2024-03-27,15.33,15.78,15.01,15.02,19813372.0,324248006.0,3474776395.0,0.005702056693060965
2024-03-28,15.02,15.15,14.73,14.98,24366863.0,387800670.0,3474776395.0,0.00701249813802767
2024-03-29,14.93,15.99,14.86,15.8,28297080.0,468616544.0,3474776395.0,0.008143568616592954
2024-04-01,15.98,16.05,15.59,15.71,17731952.0,297996606.0,3474776395.0,0.005103048364641605
2024-04-02,15.63,16.26,15.61,15.98,30347244.0,514453426.0,3474776395.0,0.00873358183383193
2024-04-03,16.12,16.7,15.93,16.45,28296498.0,492311218.0,3474776395.0,0.008143401123800947
2024-04-08,16.23,16.28,15.61,16.04,36242367.0,617660379.0,3474776395.0,0.010430129274548615
2024-04-09,15.88,15.92,15.02,15.21,44387986.0,723971857.0,3474776395.0,0.012774343138704325
2024-04-10,15.02,15.31,14.81,15.13,34771743.0,555630617.0,3474776395.0,0.010006900890093103
2024-04-11,15.13,15.21,14.53,14.84,44341428.0,698742850.0,3474776395.0,0.012760944290920336
2024-04-12,14.94,15.49,14.86,15.18,40901373.0,662544730.0,3474776395.0,0.01177093670224498
2024-04-15,15.22,15.85,14.98,15.7,40946917.0,677165934.0,3474776395.0,0.011784043732690316
2024-04-16,15.7,15.93,14.73,14.86,39264638.0,639282427.0,3474776395.0,0.011299903515086472
2024-04-17,14.84,15.23,14.57,15.23,24618715.0,394182060.0,3474776395.0,0.007084978197568307
2024-04-18,15.02,15.13,14.55,15.03,31831358.0,503749934.0,3474776395.0,0.009160692482487064
2024-04-19,15.01,16.48,14.9,15.91,57194768.0,969137669.0,3474776395.0,0.016459985189924718
2024-04-22,15.52,15.98,15.45,15.5,33746464.0,564212921.0,3474776395.0,0.009711837587178038
2024-04-23,15.52,15.64,14.75,14.95,27375739.0,437350400.0,3474776395.0,0.007878417454254636
2024-04-24,14.95,15.2,14.85,15.18,21280848.0,341500838.0,3474776395.0,0.006124379119940465
2024-04-25,15.18,15.46,14.89,15.09,22465610.0,361592380.0,3474776395.0,0.006465339764690096
2024-04-26,15.12,15.22,14.66,14.8,36008244.0,569713073.0,3474776395.0,0.01036275141382155
2024-04-29,14.9,14.98,14.56,14.88,36471400.0,573108726.0,3474776395.0,0.01049604229281637
2024-04-30,14.81,15.26,14.67,14.96,34917218.0,556193182.0,3474776395.0,0.010048766893387394
2024-05-06,15.09,15.43,14.78,15.39,36867776.0,597587276.0,3474776395.0,0.0106101146689757
2024-05-07,15.4,15.68,15.02,15.08,26451027.0,430970690.0,3474776395.0,0.007612296157548866
2024-05-08,15.02,15.49,14.99,15.34,24584836.0,400526728.0,3474776395.0,0.0070752282176706795
2024-05-09,15.51,16.13,15.4,15.97,35923302.0,605612289.0,3474776395.0,0.010338306099837541
2024-05-10,16.13,16.2,15.82,16.1,24487696.0,418551507.0,3474776395.0,0.007047272461973773
2024-05-13,16.03,17.09,15.95,17.02,39476578.0,701227354.0,3474776395.0,0.011360897367900993
2024-05-14,17.03,17.03,16.5,16.87,25736241.0,459573822.0,3474776395.0,0.007406589108016546
2024-05-15,16.72,16.99,16.57,16.78,17514131.0,312965475.0,3474776395.0,0.005040362028820563
2024-05-16,16.79,16.91,15.92,15.96,37736646.0,653051225.0,3474776395.0,0.010860165291297831
2024-05-17,15.97,16.14,15.78,15.98,16731045.0,283936101.0,3474776395.0,0.004814999038233078
2024-05-20,16.06,16.62,16.0,16.57,26386394.0,459706798.0,3474776395.0,0.007593695536198668
2024-05-21,16.41,16.8,16.39,16.72,15686060.0,278074877.0,3474776395.0,0.004514264579030559
2024-05-22,16.64,16.71,15.99,16.25,23024931.0,398567440.0,3474776395.0,0.006626305805786965
2024-05-23,16.1,16.47,16.06,16.15,16259430.0,282077067.0,3474776395.0,0.004679273757988102
2024-05-24,16.25,16.37,16.06,16.17,15437473.0,266892939.0,3474776395.0,0.004442724148297318
2024-05-27,16.34,16.88,16.3,16.77,20952925.0,372936169.0,3474776395.0,0.00603000671644657
2024-05-28,16.58,17.32,16.57,17.1,22736862.0,412484586.0,3474776395.0,0.006543402917297647
2024-05-29,17.04,17.26,16.67,17.04,13640376.0,247116534.0,3474776395.0,0.003925540653386418
2024-05-30,16.95,17.32,16.86,17.02,17755454.0,322096617.0,3474776395.0,0.0051098119653250375
2024-05-31,17.18,17.21,16.33,16.55,20159302.0,355323537.0,3474776395.0,0.005801611300516504
2024-06-03,16.81,16.9,16.36,16.49,29154914.0,517140175.0,3474776395.0,0.008390443207209596
2024-06-04,16.45,16.67,16.1,16.55,20416470.0,356838160.0,3474776395.0,0.005875621242672797
2024-06-05,16.55,16.61,16.27,16.43,12620481.0,221356305.0,3474776395.0,0.003632026802691573
2024-06-06,16.38,17.32,16.38,16.82,24387055.0,440124121.0,3474776395.0,0.007018309159430099
2024-06-07,16.73,17.49,16.62,17.28,25442002.0,466059877.0,3474776395.0,0.007321910565701308
2024-06-11,17.34,17.36,15.73,16.09,39961065.0,691100694.0,3474776395.0,0.011500327059174696
2024-06-12,16.02,16.24,15.75,16.07,24610381.0,420298464.0,3474776395.0,0.007082579769855954
2024-06-13,16.06,16.49,15.7,15.93,26528589.0,453604946.0,3474776395.0,0.007634617593861029
2024-06-14,15.9,16.26,15.26,15.37,62943263.0,1044411504.0,3474776395.0,0.01811433480743442
2024-06-17,15.19,15.43,14.82,14.89,40943524.0,654256154.0,3474776395.0,0.011783067266980212
2024-06-18,14.94,15.21,14.85,15.05,22535071.0,361012445.0,3474776395.0,0.006485329827964369
2024-06-19,15.12,15.18,14.84,14.93,17202121.0,274009706.0,3474776395.0,0.0049505692005830495
2024-06-20,15.02,15.54,14.95,15.42,25246856.0,413029897.0,3474776395.0,0.007265749829637599
2024-06-21,15.55,15.57,14.94,15.18,18708014.0,301290502.0,3474776395.0,0.00538394759067655
2024-06-24,14.99,15.15,14.67,14.88,18035774.0,285858589.0,3474776395.0,0.005190484782258917
2024-06-25,14.88,15.0,14.68,14.83,15821843.0,249805748.0,3474776395.0,0.004553341338097814
2024-06-26,14.84,14.84,14.27,14.54,27898967.0,430647104.0,3474776395.0,0.008028996352152323
2024-06-27,14.51,14.61,14.28,14.29,17797474.0,272780569.0,3474776395.0,0.005121904829792652
2024-06-28,14.31,14.77,14.31,14.66,21482399.0,333465973.0,3474776395.0,0.006182383140081162
2024-07-01,14.74,15.12,14.74,15.03,14731751.0,234793449.0,3474776395.0,0.004239625611938117
2024-07-02,15.12,15.24,14.78,14.85,17779052.0,283336867.0,3474776395.0,0.005116603193685503
2024-07-03,14.88,14.93,14.45,14.51,14388870.0,223382781.0,3474776395.0,0.004140948471016651
2024-07-04,14.65,14.83,14.56,14.68,13912703.0,217803610.0,3474776395.0,0.004003913178419068
2024-07-05,14.6,14.76,14.38,14.65,12096245.0,187439982.0,3474776395.0,0.003481157814185048
2024-07-08,14.58,14.59,13.81,14.23,26233932.0,394136936.0,3474776395.0,0.007549818756035379
2024-07-09,14.27,14.27,13.93,14.0,21205147.0,316682993.0,3474776395.0,0.006102593257659101
2024-07-10,14.03,14.06,13.58,13.67,26128667.0,383458826.0,3474776395.0,0.007519524720381324
2024-07-11,13.68,13.93,13.56,13.68,20663373.0,303036922.0,3474776395.0,0.005946677037904765
2024-07-12,13.71,13.72,13.19,13.33,25699854.0,366157737.0,3474776395.0,0.007396117355056454
2024-07-15,13.24,13.37,13.03,13.11,24589275.0,344870008.0,3474776395.0,0.007076505709945114
2024-07-16,13.13,13.46,12.98,13.39,21054166.0,297941524.0,3474776395.0,0.006059142691971694
2024-07-17,13.38,13.55,13.19,13.42,21598199.0,300440603.0,3474776395.0,0.006215709025501194
2024-07-18,13.33,13.72,13.23,13.71,18796698.0,264097499.0,3474776395.0,0.00540946980848821
2024-07-19,13.67,13.73,13.38,13.73,14736838.0,207878714.0,3474776395.0,0.004241089591032519
2024-07-22,13.73,13.92,13.58,13.82,19203605.0,274881292.0,3474776395.0,0.005526572883260306
2024-07-23,14.1,14.74,14.1,14.39,33444855.0,502225273.0,3474776395.0,0.009625038045073976
2024-07-24,14.34,14.57,13.98,14.18,20903201.0,308799670.0,3474776395.0,0.006015696730897126
2024-07-25,14.24,14.33,13.98,14.21,15796154.0,232169506.0,3474776395.0,0.004545948344396993
2024-07-26,14.2,14.29,14.0,14.17,11652980.0,171099164.0,3474776395.0,0.0033535913323136293
2024-07-29,14.21,14.34,13.86,14.13,19471812.0,284112898.0,3474776395.0,0.005603759720486993
2024-07-30,14.09,14.32,13.94,14.19,13512835.0,198521770.0,3474776395.0,0.0038888358455076936
2024-07-31,14.23,14.88,14.06,14.83,21409636.0,323561059.0,3474776395.0,0.006161442799832304
2024-08-01,14.83,14.86,14.17,14.33,27551171.0,413019754.0,3474776395.0,0.007928904731724471
2024-08-02,14.25,14.42,14.01,14.33,10944381.0,162310509.0,3474776395.0,0.0031496648290083714
2024-08-05,14.36,14.36,13.58,13.81,21642104.0,311412711.0,3474776395.0,0.006228344370918866
2024-08-06,13.8,14.24,13.8,14.22,14664803.0,213675137.0,3474776395.0,0.004220358760667822
2024-08-07,14.15,14.39,14.06,14.25,10551357.0,155887218.0,3474776395.0,0.0030365571192387474
2024-08-08,14.19,14.29,13.63,13.86,24769904.0,355655748.0,3474776395.0,0.007128488623222617
2024-08-09,13.82,14.01,13.75,13.95,12216717.0,176205315.0,3474776395.0,0.0035158282465539772
2024-08-12,13.81,14.41,13.81,14.24,12611404.0,186672249.0,3474776395.0,0.003629414548270523
2024-08-13,14.41,14.46,14.08,14.2,6514779.0,96192956.0,3474776395.0,0.0018748771890399584
2024-08-14,14.14,14.32,13.62,13.74,13874254.0,198701067.0,3474776395.0,0.003992848005979389
2024-08-15,13.79,14.02,13.64,13.96,9311776.0,134601366.0,3474776395.0,0.002679820207538851
2024-08-16,14.1,14.57,14.1,14.31,14582816.0,218114408.0,3474776395.0,0.004196763861117458
2024-08-19,14.31,14.76,14.25,14.63,12177067.0,185127201.0,3474776395.0,0.003504417440363094
2024-08-20,14.54,14.61,14.2,14.34,8953083.0,133322320.0,3474776395.0,0.0025765925579795475
2024-08-21,14.25,14.39,13.89,14.34,12022231.0,176971902.0,3474776395.0,0.003459857450769865
2024-08-22,14.31,14.47,14.09,14.42,12507646.0,186724011.0,3474776395.0,0.0035995542095882114
2024-08-23,14.38,14.47,14.01,14.14,6699246.0,98874974.0,3474776395.0,0.0019279646338221427
2024-08-26,14.25,14.37,13.97,14.05,9732424.0,142873762.0,3474776395.0,0.002800877781374476
2024-08-27,14.05,14.55,13.96,14.42,10878703.0,162725834.0,3474776395.0,0.0031307634688821466
2024-08-28,14.42,14.55,13.98,14.13,10485671.0,154547775.0,3474776395.0,0.0030176534568061033
2024-08-29,13.67,14.15,13.49,14.12,23567484.0,339658325.0,3474776395.0,0.006782446212628885
2024-08-30,14.12,14.29,13.77,14.06,23296887.0,339947222.0,3474776395.0,0.0067045715613594185
2024-09-02,13.96,14.32,13.84,13.88,12076621.0,176554643.0,3474776395.0,0.0034755102565383923
2024-09-03,13.89,14.02,13.8,13.93,7498500.0,108209334.0,3474776395.0,0.0021579805856831256
2024-09-04,13.81,13.95,13.27,13.33,14043989.0,195830091.0,3474776395.0,0.004041695753490348
2024-09-05,13.25,13.34,12.85,13.11,15481514.0,211052156.0,3474776395.0,0.0044553986329241195
2024-09-06,13.15,13.2,12.58,12.9,24228913.0,323284048.0,3474776395.0,0.0069727977417090746
2024-09-09,12.72,12.85,12.47,12.6,17196966.0,224864113.0,3474776395.0,0.004949085651884083
2024-09-10,12.68,12.72,12.08,12.28,23724590.0,302746000.0,3474776395.0,0.006827659481668604
2024-09-11,12.17,12.21,11.67,12.17,31641103.0,392201176.0,3474776395.0,0.009105939319010483
2024-09-12,12.17,12.42,12.12,12.25,16736138.0,213656435.0,3474776395.0,0.0048164647440572935
2024-09-13,12.29,12.51,12.14,12.14,11901752.0,152482629.0,3474776395.0,0.0034251850038828184
2024-09-18,12.26,12.4,12.13,12.34,9443037.0,120677819.0,3474776395.0,0.0027175955879025705
2024-09-19,12.37,12.47,12.04,12.2,16131279.0,204668909.0,3474776395.0,0.0046423933992449035
2024-09-20,12.33,12.71,12.21,12.71,23260015.0,302875039.0,3474776395.0,0.006693960231072653
2024-09-23,12.61,12.79,12.43,12.58,19546174.0,256918556.0,3474776395.0,0.005625160234231417
2024-09-24,12.66,13.14,12.53,13.14,22226609.0,297323680.0,3474776395.0,0.006396558072623836
2024-09-25,13.15,13.62,13.15,13.22,22383538.0,310833710.0,3474776395.0,0.006441720403134027
2024-09-26,13.17,13.67,12.78,13.66,33217885.0,455667618.0,3474776395.0,0.00955971873407411
2024-09-27,13.8,14.25,13.72,14.14,23293795.0,338778518.0,3474776395.0,0.006703681719928341
2024-09-30,14.44,15.26,14.34,15.26,36664093.0,568264996.0,3474776395.0,0.010551497084174247
2024-10-08,16.76,16.76,14.39,15.17,68875984.0,1103747083.0,3474776395.0,0.01982170251274543
2024-10-09,14.94,14.94,13.86,13.96,32300820.0,480507535.0,3474776395.0,0.009295798154516933
2024-10-10,13.91,14.63,13.9,14.25,37947415.0,560540231.0,3474776395.0,0.010920822144010219
2024-10-11,14.2,14.2,13.48,13.55,28135942.0,399650516.0,3474776395.0,0.008097194985117883
2024-10-14,13.57,13.75,13.33,13.71,39572216.0,556367808.0,3474776395.0,0.011388420865567668
2024-10-15,13.71,13.71,13.15,13.16,35621177.0,491335950.0,3474776395.0,0.010251358058969432
2024-10-16,13.02,13.33,12.88,13.16,31811260.0,435911196.0,3474776395.0,0.009154908513185062
2024-10-17,13.2,13.3,12.4,12.42,48831220.0,647815129.0,3474776395.0,0.014053053908811303
2024-10-18,12.48,12.66,12.28,12.51,54284147.0,702989118.0,3474776395.0,0.015622342513351855
2024-10-21,13.29,13.29,12.67,12.8,92070487.0,1230995873.0,3474776395.0,0.026496809156550057
2024-10-22,12.81,13.22,12.78,12.93,56927921.0,764527268.0,3474776395.0,0.01638318974478932
2024-10-23,12.95,13.0,12.68,12.88,43896613.0,585804295.0,3474776395.0,0.012632931737180171
2024-10-24,12.73,12.74,12.55,12.67,32301438.0,423728566.0,3474776395.0,0.009295976007687827
2024-10-25,12.61,12.87,12.57,12.83,29760091.0,394022695.0,3474776395.0,0.008564606068702156
2024-10-28,12.85,13.06,12.73,13.04,34978884.0,469326668.0,3474776395.0,0.010066513646844317
2024-10-29,13.01,13.05,12.64,12.67,39121698.0,519275329.0,3474776395.0,0.01125876705513881
2024-10-30,12.62,12.73,12.52,12.7,29133523.0,381350767.0,3474776395.0,0.008384287127632568
2024-10-31,12.66,12.71,12.5,12.6,30820198.0,403447556.0,3474776395.0,0.008869692462613843
2024-11-01,12.63,12.93,12.6,12.73,42573673.0,565086150.0,3474776395.0,0.012252205080378992
2024-11-04,12.73,12.77,12.52,12.58,36615672.0,479248542.0,3474776395.0,0.010537562086782854
2024-11-05,12.59,12.72,12.5,12.68,37377959.0,490223218.0,3474776395.0,0.010756939368468341
2024-11-06,12.66,12.79,12.56,12.58,39984076.0,524413021.0,3474776395.0,0.011506949355801642
2024-11-07,12.52,12.69,12.34,12.66,55769316.0,722715848.0,3474776395.0,0.01604975677866604
2024-11-08,12.73,12.78,12.54,12.58,47546415.0,624516908.0,3474776395.0,0.013683302058922845
2024-11-11,12.51,12.53,12.25,12.43,45391214.0,583402472.0,3474776395.0,0.013063060421762765
2024-11-12,12.4,12.77,12.39,12.54,53508667.0,700247521.0,3474776395.0,0.015399168440592564
2024-11-13,12.57,12.59,12.38,12.55,29481387.0,382190048.0,3474776395.0,0.008484398317664985
2024-11-14,12.55,12.71,12.39,12.41,35455474.0,461789539.0,3474776395.0,0.010203670673893824
2024-11-15,12.41,12.6,12.32,12.43,30481780.0,394998254.0,3474776395.0,0.008772299720886069
2024-11-18,12.48,12.61,12.35,12.47,34839020.0,452131612.0,3474776395.0,0.010026262423714894
2024-11-19,12.46,12.46,12.24,12.35,29472709.0,377607044.0,3474776395.0,0.008481900890776599
2024-11-20,12.29,12.36,12.24,12.36,24024440.0,306665934.0,3474776395.0,0.006913952804148711
2024-11-21,12.31,12.39,12.26,12.28,18210244.0,232621967.0,3474776395.0,0.005240695207381826
2024-11-22,12.29,12.29,11.9,11.9,31887600.0,400137994.0,3474776395.0,0.00917687827219167
2024-11-25,11.78,12.04,11.77,12.02,19357545.0,239945221.0,3474776395.0,0.005570875014534568
2024-11-26,12.03,12.16,11.93,12.12,18323658.0,230112219.0,3474776395.0,0.005273334429912288
2024-11-27,12.15,12.15,11.92,12.11,18845409.0,235575570.0,3474776395.0,0.005423488264487304
2024-11-28,12.11,12.11,11.97,12.0,16293837.0,203172256.0,3474776395.0,0.0046891756901094065
2024-11-29,11.95,12.13,11.95,12.05,20718918.0,259477005.0,3474776395.0,0.005962662239162586
2024-12-02,12.02,12.08,11.96,12.02,25082983.0,312912242.0,3474776395.0,0.007218589097155416
2024-12-03,12.03,12.13,11.94,12.13,27612017.0,344952117.0,3474776395.0,0.007946415498773412
2024-12-04,12.13,12.26,12.04,12.1,22039790.0,278508948.0,3474776395.0,0.006342793749754364
2024-12-05,12.11,12.11,11.97,12.03,17959305.0,224191970.0,3474776395.0,0.005168477898561297
2024-12-06,12.03,12.18,12.0,12.18,21368246.0,268888852.0,3474776395.0,0.0061495312419952135
2024-12-09,12.18,12.39,12.12,12.25,28184374.0,358966836.0,3474776395.0,0.008111133148180604
2024-12-10,12.44,12.52,12.19,12.22,33983280.0,434332432.0,3474776395.0,0.009779990461803514
2024-12-11,12.18,12.27,12.16,12.27,19856873.0,252153424.0,3474776395.0,0.00571457577200446
2024-12-12,12.27,12.34,12.21,12.33,25770222.0,328631123.0,3474776395.0,0.0074163684423210205
2024-12-13,12.34,12.34,11.87,11.92,44210861.0,542310362.0,3474776395.0,0.012723368635638495
2024-12-16,11.95,11.99,11.73,11.79,27550789.0,332942872.0,3474776395.0,0.007928794796592947
2024-12-17,11.8,11.84,11.58,11.6,25940515.0,308741673.0,3474776395.0,0.007465376775704729
2024-12-18,11.62,11.68,11.58,11.63,24894804.0,294973249.0,3474776395.0,0.007164433382194655
2024-12-19,11.53,11.53,11.28,11.36,27911675.0,323962377.0,3474776395.0,0.008032653565899455
2024-12-20,11.33,11.34,11.04,11.09,38885851.0,443437495.0,3474776395.0,0.011190893047378376
2024-12-23,11.09,11.96,11.09,11.84,66431304.0,782797065.0,3474776395.0,0.01911815220558962
2024-12-24,11.77,11.94,11.61,11.92,43669750.0,527585166.0,3474776395.0,0.012567643219528662
2024-12-25,11.9,11.92,11.73,11.78,30358757.0,365569452.0,3474776395.0,0.008736895140557671
2024-12-26,11.74,11.78,11.56,11.68,26634562.0,316712286.0,3474776395.0,0.0076651153836331965
2024-12-27,11.67,11.86,11.64,11.8,25925669.0,311758853.0,3474776395.0,0.007461104270567028
2024-12-30,11.8,11.84,11.61,11.71,25077902.0,299466941.0,3474776395.0,0.007217126844790828
2024-12-31,11.72,11.73,11.29,11.36,33689145.0,395406943.0,3474776395.0,0.009695341849471727
2025-01-02,11.47,11.6,11.04,11.11,28802187.0,330604885.0,3474776395.0,0.00828893250266252
2025-01-03,11.19,11.8,11.12,11.38,45828110.0,535101975.0,3474776395.0,0.013188793979936081
2025-01-06,11.31,11.61,11.2,11.45,28193600.0,328310110.0,3474776395.0,0.008113788283058714
2025-01-07,11.37,11.49,11.22,11.35,20089105.0,232241548.0,3474776395.0,0.005781409425051651
2025-01-08,11.85,12.49,11.85,12.38,149668806.0,1881421384.0,3474776395.0,0.04307293160370396
2025-01-09,11.97,12.08,11.66,11.7,93930736.0,1135449636.0,3474776395.0,0.027032167058335273
2025-01-10,11.75,12.5,11.73,11.87,77115445.0,954166099.0,3474776395.0,0.02219292300677667
2025-01-13,12.4,12.96,12.36,12.47,101804946.0,1306349547.0,3474776395.0,0.029298272587119954
2025-01-14,12.58,13.22,12.56,12.99,94946836.0,1259753598.0,3474776395.0,0.02732458875242244
2025-01-15,13.11,13.49,12.64,12.88,95041820.0,1270151882.0,3474776395.0,0.027351924036539334
2025-01-16,12.89,13.16,12.64,12.9,66716799.0,875561475.0,3474776395.0,0.019200314326988516
2025-01-17,12.68,13.28,12.68,13.12,72554934.0,965404586.0,3474776395.0,0.02088046128792699
2025-01-20,13.12,13.18,12.65,12.68,65017885.0,848320033.0,3474776395.0,0.018711386750973943
2025-01-21,12.61,12.86,12.34,12.83,44703356.0,576449561.0,3474776395.0,0.012865102935637963
2025-01-22,12.55,12.82,12.51,12.68,27581661.0,357071519.0,3474776395.0,0.007937679397065203
2025-01-23,12.83,12.85,12.55,12.59,31573220.0,408695966.0,3474776395.0,0.009086403385677426
2025-01-24,12.54,12.59,12.41,12.44,28764362.0,366448709.0,3474776395.0,0.00827804691012355
2025-01-27,12.26,12.26,11.79,12.0,60683697.0,742891679.0,3474776395.0,0.017464058144092465
2025-02-05,12.34,12.67,12.34,12.56,62848172.0,804154072.0,3474776395.0,0.01808696872996917
2025-02-06,12.53,12.67,12.38,12.41,33963240.0,432160853.0,3474776395.0,0.009774223184223052
2025-02-07,12.31,12.49,12.19,12.43,31592062.0,398393896.0,3474776395.0,0.00909182589287159
2025-02-10,12.37,12.47,12.22,12.41,39554424.0,497941707.0,3474776395.0,0.011383300536091042
2025-02-11,12.44,12.86,12.4,12.54,55102412.0,711476818.0,3474776395.0,0.015857829608630112
2025-02-12,12.43,12.52,12.24,12.31,35663066.0,448625542.0,3474776395.0,0.01026341322316943
2025-02-13,12.26,12.34,12.09,12.09,35976612.0,446828847.0,3474776395.0,0.010353648094239457
2025-02-14,12.03,12.15,11.79,11.89,40807202.0,496507974.0,3474776395.0,0.011743835390017953
2025-02-17,11.76,11.85,11.63,11.79,43659683.0,521539687.0,3474776395.0,0.012564746054688219
2025-02-18,11.8,11.9,11.63,11.67,30666627.0,368440366.0,3474776395.0,0.008825496525223173
2025-02-19,11.68,11.78,11.63,11.69,25940892.0,309106113.0,3474776395.0,0.00746548527189474
2025-02-20,11.66,11.68,11.44,11.49,35023069.0,411504036.0,3474776395.0,0.010079229572986667
2025-02-21,11.46,11.47,11.26,11.32,41062244.0,474484194.0,3474776395.0,0.011817233494243304
2025-02-24,11.26,11.32,11.12,11.19,39983453.0,456861697.0,3474776395.0,0.011506770063689236
2025-02-25,11.12,11.31,11.08,11.17,33962592.0,387679110.0,3474776395.0,0.009774036697403087
2025-02-26,11.12,11.16,11.05,11.12,35608529.0,403074658.0,3474776395.0,0.010247718112520445
2025-02-27,11.14,11.17,11.06,11.16,31889600.0,361539131.0,3474776395.0,0.009177453848796506
2025-02-28,11.13,11.13,10.95,10.95,36463479.0,410343686.0,3474776395.0,0.010493762721672914
2025-03-03,10.95,11.01,10.88,10.97,19527278.0,218254781.0,3474776395.0,0.0056197221864689225
2025-03-04,10.97,11.01,10.91,11.0,20207364.0,225953362.0,3474776395.0,0.005815442981907329
2025-03-05,10.96,11.02,10.89,10.94,18866477.0,210532393.0,3474776395.0,0.005429551388442651
2025-03-06,10.94,10.99,10.86,10.99,24867291.0,277618535.0,3474776395.0,0.007156515462630222
2025-03-07,10.95,11.37,10.92,11.29,59503414.0,679145021.0,3474776395.0,0.017124386503149364
2025-03-10,11.3,11.31,11.08,11.13,33019896.0,375902798.0,3474776395.0,0.009502739815866626
2025-03-11,11.0,11.08,10.97,11.08,22054597.0,248034329.0,3474776395.0,0.0063470550311482705
2025-03-12,11.04,11.08,10.99,11.03,27467046.0,309194791.0,3474776395.0,0.007904694540783538
2025-03-13,11.03,11.03,10.9,10.93,25471597.0,284471030.0,3474776395.0,0.007330427660511375
2025-03-14,10.93,11.08,10.92,11.08,29741017.0,334678325.0,3474776395.0,0.00855911679462183
2025-03-17,11.12,11.21,11.1,11.14,27367283.0,311265175.0,3474776395.0,0.007875983916369386
2025-03-18,11.14,11.31,11.06,11.27,42542147.0,486740108.0,3474776395.0,0.012243132266356954
2025-03-19,11.25,11.25,11.14,11.16,23003297.0,262226109.0,3474776395.0,0.0066200797936524485
2025-03-20,11.28,11.61,11.28,11.49,82934078.0,972842281.0,3474776395.0,0.023867457520241386
2025-03-21,11.43,11.65,11.36,11.4,46772874.0,548615205.0,3474776395.0,0.013460686007681941
2025-03-24,11.4,11.46,11.19,11.3,33866073.0,390359004.0,3474776395.0,0.00974625965824198
2025-03-25,11.32,11.33,11.18,11.23,22513442.0,257929223.0,3474776395.0,0.006479105254771365
2025-03-26,11.24,11.25,11.09,11.2,25968900.0,295791387.0,3474776395.0,0.00747354564666887
2025-03-27,11.2,11.22,11.07,11.18,20742132.0,235991429.0,3474776395.0,0.005969342956814923
2025-03-28,11.18,11.23,11.03,11.04,26759699.0,303660390.0,3474776395.0,0.0077011283484329065
2025-03-31,10.99,11.04,10.89,10.99,17748949.0,198761407.0,3474776395.0,0.005107939902417807
2025-04-01,10.99,11.04,10.94,10.99,19650000.0,220415575.0,3474776395.0,0.005655040142518293
2025-04-02,10.97,11.01,10.94,10.95,14458800.0,161835733.0,3474776395.0,0.004161073507004758
2025-04-03,10.87,10.87,10.76,10.76,29941822.0,329889430.0,3474776395.0,0.008616906124688925
2025-04-07,9.89,10.11,9.69,9.69,35480000.0,354262909.0,3474776395.0,0.010210728969798933
2025-04-08,9.69,9.91,9.62,9.79,35519498.0,353303167.0,3474776395.0,0.010222096032167848
2025-04-09,9.68,9.87,9.54,9.87,34109268.0,340475031.0,3474776395.0,0.009816248334448583
2025-04-10,10.1,10.14,9.98,10.04,27335126.0,280211766.0,3474776395.0,0.007866729507928523
2025-04-11,10.02,10.06,9.89,9.96,22237510.0,226207570.0,3474776395.0,0.006399695252908497
2025-04-14,9.99,10.08,9.93,10.0,23131860.0,236363716.0,3474776395.0,0.006657078721176244
2025-04-15,9.99,10.0,9.79,9.84,23337308.0,234852831.0,3474776395.0,0.0067162042523314655
2025-04-16,9.81,10.03,9.75,10.0,25877980.0,260631803.0,3474776395.0,0.007447379934213004
2025-04-17,9.93,9.95,9.83,9.88,14889211.0,150246619.0,3474776395.0,0.004284940758036892
2025-04-18,9.86,9.86,9.78,9.8,11259389.0,112701492.0,3474776395.0,0.0032403204465765345
2025-04-21,9.8,9.8,9.75,9.77,16845982.0,167872024.0,3474776395.0,0.004848076562348122
2025-04-22,9.77,9.84,9.76,9.81,13021100.0,130419150.0,3474776395.0,0.0037473202646180633
2025-04-23,9.83,9.91,9.8,9.85,14654323.0,147473022.0,3474776395.0,0.004217342739258478
2025-04-24,9.94,10.11,9.87,9.98,33431974.0,341632960.0,3474776395.0,0.009621331043950528
2025-04-25,9.95,10.14,9.92,10.1,26450139.0,271747227.0,3474776395.0,0.007612040601536319
2025-04-28,10.15,10.45,10.11,10.35,37449668.0,393408754.0,3474776395.0,0.01077757637984645
2025-04-29,10.26,10.4,10.19,10.23,21568518.0,226068272.0,3474776395.0,0.006207167180897118
2025-04-30,10.08,10.47,10.01,10.08,27484133.0,285992393.0,3474776395.0,0.007909611979506957
2025-05-06,10.28,10.52,10.16,10.51,56120025.0,596815382.0,3474776395.0,0.01615068672641884
2025-05-07,10.62,10.63,10.34,10.46,26072882.0,277279419.0,3474776395.0,0.007503470449930923
2025-05-08,10.38,10.38,10.27,10.28,24962180.0,262249291.0,3474776395.0,0.007183823406858386
2025-05-09,10.25,10.27,10.13,10.21,19479829.0,202455622.0,3474776395.0,0.00560606691930748
2025-05-12,10.27,10.39,10.21,10.31,25095967.0,263687731.0,3474776395.0,0.007222325740474014
2025-05-13,10.56,10.6,10.27,10.36,37920200.0,402584568.0,3474776395.0,0.010912989985359906
2025-05-14,10.35,10.87,10.29,10.79,82377702.0,895454534.0,3474776395.0,0.023707339015695137
2025-05-15,10.89,10.94,10.48,10.51,55785415.0,607053207.0,3474776395.0,0.016054389882546673
2025-05-16,10.44,10.49,10.29,10.33,29578388.0,312522106.0,3474776395.0,0.008512314070787856
2025-05-19,10.29,10.46,10.26,10.34,26827987.0,283367192.0,3474776395.0,0.0077207808360284435
2025-05-20,10.34,10.36,10.13,10.2,32217250.0,334804070.0,3474776395.0,0.009271747686083841
2025-05-21,10.16,10.22,10.11,10.16,20891868.0,216515907.0,3474776395.0,0.00601243522606582
2025-05-22,10.12,10.12,9.97,10.01,26111202.0,266769898.0,3474776395.0,0.00751449849767959
2025-05-23,9.98,10.05,9.89,9.89,18264246.0,186025061.0,3474776395.0,0.005256236351289016
2025-05-26,9.9,9.99,9.87,9.99,12995927.0,131738244.0,3474776395.0,0.003740075769681289
2025-05-27,9.99,9.99,9.9,9.92,8517391.0,86261988.0,3474776395.0,0.0024512054969223424
2025-05-28,9.9,9.99,9.87,9.92,11853293.0,120176440.0,3474776395.0,0.003411239070535933
2025-05-29,9.91,9.96,9.89,9.95,15130989.0,153429813.0,3474776395.0,0.004354521638218968
2025-05-30,9.93,9.93,9.82,9.89,19034366.0,191719384.0,3474776395.0,0.005477867878747346
2025-06-03,9.85,9.93,9.82,9.87,12101188.0,121924943.0,3474776395.0,0.003482580351763901
2025-06-04,9.87,9.88,9.83,9.86,13009473.0,130834853.0,3474776395.0,0.0037439741500258465
2025-06-05,9.85,9.87,9.81,9.84,10663956.0,107028504.0,3474776395.0,0.003068961794302738
2025-06-06,9.83,9.92,9.83,9.87,10200348.0,102846800.0,3474776395.0,0.0029355408349952257
2025-06-09,9.87,9.93,9.83,9.92,13494843.0,136338519.0,3474776395.0,0.0038836579583705847
2025-06-10,9.92,9.94,9.83,9.9,17620730.0,178008762.0,3474776395.0,0.005071039974070044
2025-06-11,9.9,9.92,9.87,9.91,20653271.0,208720111.0,3474776395.0,0.0059437698004737366
2025-06-12,9.94,9.94,9.84,9.86,13926173.0,140368507.0,3474776395.0,0.004007789686852641
2025-06-13,10.28,10.78,10.18,10.53,142446598.0,1523314361.0,3474776395.0,0.040994464623672566
2025-06-16,10.58,10.76,10.36,10.59,94951483.0,1026803417.0,3474776395.0,0.027325926104663778
2025-06-17,10.43,11.08,10.24,10.92,139886785.0,1527991387.0,3474776395.0,0.04025778038589444
2025-06-18,11.17,11.26,10.73,10.76,87127529.0,971075472.0,3474776395.0,0.02507428366480543
2025-06-19,10.55,10.77,10.4,10.73,71705999.0,774467549.0,3474776395.0,0.020636147725413567
2025-06-20,10.58,10.92,10.5,10.81,70968762.0,780699487.0,3474776395.0,0.020423979540703654
2025-06-23,11.26,11.64,11.02,11.15,133541266.0,1542070747.0,3474776395.0,0.038431614244921794
2025-06-24,10.52,10.6,10.09,10.28,129070023.0,1358918909.0,3474776395.0,0.03714484281225238
2025-06-25,10.19,10.23,10.11,10.19,57785426.0,599605417.0,3474776395.0,0.016629969653054466
2025-06-26,10.19,10.22,10.13,10.14,43795755.0,454100490.0,3474776395.0,0.012603905984574872
2025-06-27,10.11,10.12,10.02,10.09,31811428.0,327052630.0,3474776395.0,0.009154956861619868
2025-06-30,10.06,10.12,10.05,10.12,25872479.0,266492566.0,3474776395.0,0.007445796810761402
2025-07-01,10.09,10.12,10.06,10.1,19300403.0,198635204.0,3474776395.0,0.005554430215357785
2025-07-02,10.11,10.18,10.11,10.14,28224400.0,292246303.0,3474776395.0,0.008122652162773197
2025-07-03,10.18,10.18,10.07,10.11,23256199.0,239773157.0,3474776395.0,0.006692862030910625
2025-07-04,10.09,10.1,10.07,10.08,18074701.0,186019524.0,3474776395.0,0.005201687517507152
2025-07-07,10.07,10.08,10.01,10.05,15625545.0,159993972.0,3474776395.0,0.00449684906990972
2025-07-08,10.06,10.09,10.01,10.06,24863771.0,255015826.0,3474776395.0,0.007155502447805709
2025-07-09,10.05,10.09,10.04,10.05,19098401.0,196251741.0,3474776395.0,0.005496296402692697
2025-07-10,10.05,10.09,10.03,10.07,22435405.0,230358426.0,3474776395.0,0.006456647119015553
2025-07-11,10.07,10.16,10.05,10.11,31622721.0,326846903.0,3474776395.0,0.00910064919443543
2025-07-14,10.13,10.14,10.09,10.1,18000690.0,185776500.0,3474776395.0,0.0051803880174568755
2025-07-15,10.12,10.12,10.01,10.06,24093823.0,247211601.0,3474776395.0,0.006933920419935395
2025-07-16,10.03,10.07,10.03,10.04,12086107.0,123925887.0,3474776395.0,0.003478240216375132
2025-07-17,10.09,10.1,10.03,10.06,17505900.0,175954179.0,3474776395.0,0.005037993243303358
2025-07-18,10.04,10.08,10.04,10.06,18582862.0,186754967.0,3474776395.0,0.005347930309052304
2025-07-21,10.05,10.19,9.99,10.19,35446096.0,358129367.0,3474776395.0,0.010200971795193746
2025-07-22,10.18,10.26,10.11,10.25,34340468.0,350247506.0,3474776395.0,0.009882784989967678
2025-07-23,10.26,10.36,10.22,10.25,39457379.0,405975540.0,3474776395.0,0.011355372120282864
2025-07-24,10.3,10.38,10.25,10.37,38699831.0,400143500.0,3474776395.0,0.011137358667362537
2025-07-25,10.38,10.46,10.34,10.38,37875027.0,393469506.0,3474776395.0,0.010899989724374767
2025-07-28,10.38,10.39,10.17,10.18,40870000.0,418271408.0,3474776395.0,0.011761907919833213
2025-07-29,10.17,10.22,10.14,10.16,21124800.0,214859176.0,3474776395.0,0.006079470330924704
2025-07-30,10.15,10.26,10.14,10.22,27567470.0,281611336.0,3474776395.0,0.007933595393265587
2025-07-31,10.19,10.2,10.06,10.07,31069564.0,313592459.0,3474776395.0,0.008941457080434667
2025-08-01,10.08,10.11,10.06,10.07,19822134.0,199827350.0,3474776395.0,0.0057045782941667535
2025-08-04,10.07,10.1,10.03,10.1,15027713.0,151264841.0,3474776395.0,0.004324800013498422
2025-08-05,10.12,10.16,10.09,10.14,14638997.0,148299697.0,3474776395.0,0.0042129320957356164
2025-08-06,10.15,10.31,10.11,10.3,39619384.0,406451730.0,3474776395.0,0.011401995264216131
2025-08-07,10.32,10.33,10.2,10.25,19182164.0,196506695.0,3474776395.0,0.005520402414268156
2025-08-08,10.26,10.34,10.22,10.22,26616886.0,273382382.0,3474776395.0,0.007660028437599652
2025-08-11,10.21,10.24,10.13,10.17,24294722.0,246944012.0,3474776395.0,0.006991736802102916
2025-08-12,10.17,10.24,10.16,10.19,20184867.0,205906548.0,3474776395.0,0.005808968608467826
2025-08-13,10.2,10.2,10.12,10.13,29280676.0,296928878.0,3474776395.0,0.008426636039698319
2025-08-14,10.15,10.17,10.06,10.07,23412176.0,236663035.0,3474776395.0,0.006737750386956914
2025-08-15,10.07,10.1,10.05,10.08,20824432.0,209902547.0,3474776395.0,0.005993027934103944
2025-08-18,10.08,10.12,10.07,10.09,25441834.0,256820450.0,3474776395.0,0.007321862217266501
2025-08-19,10.09,10.11,10.06,10.11,23608491.0,237977804.0,3474776395.0,0.00679424754754615
2025-08-20,10.07,10.18,10.07,10.18,31662546.0,320627775.0,3474776395.0,0.009112110363579238
2025-08-21,10.18,10.23,10.16,10.22,28617131.0,292035042.0,3474776395.0,0.008235675550570212
2025-08-22,10.4,10.9,10.4,10.79,138991673.0,1495516088.0,3474776395.0,0.04000017762294025
2025-08-25,10.79,10.83,10.59,10.8,76090755.0,815939389.0,3474776395.0,0.021898029211171732
2025-08-26,10.76,10.91,10.7,10.78,47449987.0,512487625.0,3474776395.0,0.01365555120849726
2025-08-27,10.75,10.77,10.44,10.45,51417455.0,544547879.0,3474776395.0,0.014797342089115924
2025-08-28,10.45,10.66,10.4,10.55,49835560.0,526233435.0,3474776395.0,0.014342091212462032
2025-08-29,10.51,10.6,10.33,10.35,50784414.0,530632224.0,3474776395.0,0.014615160294364783
2025-09-01,10.49,10.8,10.42,10.65,75549421.0,803906702.0,3474776395.0,0.02174223961827046
2025-09-02,10.69,10.86,10.52,10.64,43030430.0,458934417.0,3474776395.0,0.012383654402026637
2025-09-03,10.63,10.73,10.4,10.46,29523280.0,310032120.0,3474776395.0,0.008496454633018192
2025-09-04,10.6,10.78,10.51,10.58,50003572.0,531142773.0,3474776395.0,0.014390443100727925
2025-09-05,10.78,11.09,10.78,11.08,110216233.0,1206095762.0,3474776395.0,0.031718942594002514
2025-09-08,11.56,12.19,11.39,12.19,187733848.0,2246357457.0,3474776395.0,0.05402760542236273
2025-09-09,12.0,12.63,11.87,12.1,158247388.0,1943652941.0,3474776395.0,0.04554174715463957
2025-09-10,11.93,12.2,11.8,12.05,78557221.0,942680296.0,3474776395.0,0.022607849274284022
2025-09-11,12.01,12.12,11.87,11.93,60597708.0,725717497.0,3474776395.0,0.017439311515755822
2025-09-12,12.3,12.5,12.0,12.09,81899901.0,1002423207.0,3474776395.0,0.023569833477011404
2025-09-15,12.37,12.87,12.36,12.52,89872526.0,1134515769.0,3474776395.0,0.025864261691578575
2025-09-16,12.59,12.85,12.19,12.3,62705960.0,780397048.0,3474776395.0,0.018046041779905667
2025-09-17,12.7,13.12,12.55,12.73,75870863.0,971846441.0,3474776395.0,0.02183474686577638
2025-09-18,12.58,12.73,12.3,12.48,60399785.0,756939694.0,3474776395.0,0.0173823515915763
2025-09-19,12.42,12.83,12.35,12.77,62764561.0,795586579.0,3474776395.0,0.01806290646221568
2025-09-22,12.75,12.75,12.04,12.23,76496240.0,934867776.0,3474776395.0,0.022014723050977788
2025-09-23,12.0,12.36,11.84,12.09,66809651.0,805732207.0,3474776395.0,0.019227036046444653
2025-09-24,12.33,12.46,12.01,12.27,53385528.0,654345103.0,3474776395.0,0.015363730476821085
2025-09-25,12.2,12.28,12.03,12.1,36098750.0,438191551.0,3474776395.0,0.010388797981920215
2025-09-26,12.05,12.15,11.9,12.08,33545134.0,404395099.0,3474776395.0,0.009653897168252174
2025-09-29,12.12,12.13,11.78,12.07,45762542.0,546837299.0,3474776395.0,0.013169924276523123
2025-09-30,11.9,12.17,11.89,12.12,32782360.0,394487529.0,3474776395.0,0.00943437973366341
2025-10-09,11.62,11.74,11.27,11.73,68427021.0,790331468.0,3474776395.0,0.01969249621312683
2025-10-10,11.74,12.29,11.73,12.22,61333031.0,742181047.0,3474776395.0,0.017650928873654905
2025-10-13,12.3,12.84,12.25,12.77,94778925.0,1191951750.0,3474776395.0,0.027276265930775093
2025-10-14,12.81,12.85,12.3,12.38,77742428.0,967245576.0,3474776395.0,0.02237336137999176
2025-10-15,12.2,12.4,12.06,12.32,38668486.0,471769791.0,3474776395.0,0.011128337943023238
2025-10-16,12.75,12.77,12.46,12.52,47106382.0,593648253.0,3474776395.0,0.013556665708844843
2025-10-17,12.47,12.57,12.07,12.12,40760501.0,500606769.0,3474776395.0,0.01173039538850672
2025-10-20,12.28,12.66,12.21,12.6,55180770.0,688279685.0,3474776395.0,0.015880380124431
2025-10-21,12.5,12.67,12.4,12.59,39397633.0,494284818.0,3474776395.0,0.011338177920366585
2025-10-22,12.47,12.52,12.17,12.2,40167069.0,492914680.0,3474776395.0,0.011559612600626061
2025-10-23,12.3,12.41,11.92,12.34,34866362.0,425163168.0,3474776395.0,0.010034131131479614
2025-10-24,12.53,12.89,12.12,12.26,57808195.0,717127547.0,3474776395.0,0.016636522304912228
2025-10-27,12.36,12.37,11.9,12.08,52984553.0,644679768.0,3474776395.0,0.015248334562258933
2025-10-28,12.11,12.44,12.08,12.13,50545879.0,618810872.0,3474776395.0,0.01454651271164745
2025-10-29,12.3,12.48,12.2,12.44,38356103.0,474739578.0,3474776395.0,0.011038437769748922
2025-10-30,12.99,13.68,12.99,13.53,154054215.0,2084648922.0,3474776395.0,0.0443350010152236
2025-10-31,13.31,13.75,13.11,13.49,101696910.0,1368615135.0,3474776395.0,0.029267181090079898
2025-11-03,13.5,13.63,13.15,13.3,60747206.0,810538307.0,3474776395.0,0.017482335291390743
2025-11-04,13.23,13.31,12.38,12.48,74655115.0,951388292.0,3474776395.0,0.02148486881268802
2025-11-05,12.26,12.58,12.22,12.41,39012127.0,483944273.0,3474776395.0,0.011227233803054541
2025-11-06,12.41,12.62,12.35,12.51,32271811.0,403920426.0,3474776395.0,0.009287449703652082
2025-11-07,12.67,12.99,12.63,12.68,60078318.0,769489884.0,3474776395.0,0.017289837149362816
2025-11-10,12.55,12.72,12.39,12.41,44213237.0,551799069.0,3474776395.0,0.012724052420645041
2025-11-11,12.42,12.64,12.36,12.41,31236685.0,389897815.0,3474776395.0,0.008989552549323106
2025-11-12,12.41,12.46,12.25,12.38,26899015.0,332696914.0,3474776395.0,0.007741221863572605
2025-11-13,12.8,13.4,12.8,13.26,98396052.0,1295205555.0,3474776395.0,0.02831723276973625
2025-11-14,13.31,13.72,13.2,13.2,73506940.0,985008464.0,3474776395.0,0.02115443747855896
2025-11-17,13.45,13.57,13.15,13.35,54805444.0,733216468.0,3474776395.0,0.015772365692037573
2025-11-18,13.32,13.37,12.8,12.94,39345600.0,512770414.0,3474776395.0,0.011323203431626858
2025-11-19,13.09,13.34,12.99,13.24,47039537.0,621463309.0,3474776395.0,0.013537428499769695
2025-11-20,13.01,13.14,12.66,12.69,43760290.0,562305053.0,3474776395.0,0.012593699572429609
2025-11-21,12.79,12.91,12.38,12.39,43696157.0,550788070.0,3474776395.0,0.01257524284523062
2025-11-24,12.67,12.92,12.51,12.68,50357969.0,640063478.0,3474776395.0,0.01449243441174004
2025-11-25,12.45,12.74,12.31,12.59,42743500.0,535754321.0,3474776395.0,0.012301079304413773
2025-11-26,12.48,12.53,12.23,12.32,38781196.0,478506830.0,3474776395.0,0.011160774562588797
2025-11-27,12.33,12.33,12.06,12.1,45209903.0,550756872.0,3474776395.0,0.013010881236863012
2025-11-28,12.3,12.52,12.04,12.08,63688122.0,776860877.0,3474776395.0,0.018328696514585366
2025-12-01,12.13,13.05,12.09,12.89,104764849.0,1327837754.0,3474776395.0,0.030150098046812592
2025-12-02,12.61,12.67,11.66,11.8,115517174.0,1393559995.0,3474776395.0,0.033244491405611726
2025-12-03,11.8,11.98,11.62,11.85,53971631.0,636987915.0,3474776395.0,0.015532404064233318
2025-12-04,11.86,12.05,11.66,11.67,36814731.0,435362696.0,3474776395.0,0.010594848938473924
2025-12-05,11.58,11.58,11.21,11.44,54714144.0,621376018.0,3474776395.0,0.015746090620026788
2025-12-08,11.4,11.45,11.29,11.34,37504462.0,425319280.0,3474776395.0,0.010793345452089155
2025-12-09,11.4,11.46,11.34,11.42,33772493.0,384817018.0,3474776395.0,0.009719328428901683
2025-12-10,11.34,11.42,11.28,11.35,24811674.0,281347202.0,3474776395.0,0.0071405095406146275
2025-12-11,11.45,11.48,11.19,11.24,27165810.0,307117179.0,3474776395.0,0.007818002343716279
2025-12-12,11.3,11.6,11.24,11.41,47138683.0,536800478.0,3474776395.0,0.013565961558801253
2025-12-15,11.38,11.79,11.36,11.62,41522231.0,483028685.0,3474776395.0,0.01194961237210776
2025-12-16,11.55,11.58,11.26,11.32,32687606.0,371202351.0,3474776395.0,0.009407110640856071
2025-12-17,11.41,12.0,11.36,11.94,65551313.0,770211839.0,3474776395.0,0.018864901089556296
2025-12-18,11.94,12.06,11.84,11.85,29470000.0,351046388.0,3474776395.0,0.008481121272265349
2025-12-19,11.52,11.69,11.44,11.61,37914523.0,439498275.0,3474776395.0,0.01091135621116708
2025-12-22,11.71,12.04,11.62,11.94,35680790.0,424172053.0,3474776395.0,0.01026851398304149
2025-12-23,11.69,11.99,11.69,11.86,23922604.0,283251066.0,3474776395.0,0.006884645594583648
2025-12-24,11.7,11.72,11.52,11.68,28863378.0,336134732.0,3474776395.0,0.008306542556675794
2025-12-25,11.68,11.84,11.56,11.78,22906900.0,268592631.0,3474776395.0,0.006592337864664238
2025-12-26,11.78,11.9,11.7,11.73,29927016.0,351555276.0,3474776395.0,0.00861264513108332
2025-12-29,11.73,11.95,11.55,11.89,34739330.0,409713352.0,3474776395.0,0.00999757280784682
2025-12-30,11.83,11.86,11.68,11.71,27022472.0,317407381.0,3474776395.0,0.007776751344024254
2025-12-31,11.67,11.78,11.57,11.68,27125000.0,316053670.0,3474776395.0,0.00780625770309459
2026-01-05,11.88,12.07,11.59,11.69,65173372.0,767808863.0,3474776395.0,0.018756134090752045
2026-01-06,11.64,12.03,11.63,12.0,51975242.0,619985449.0,3474776395.0,0.014957866662956884
2026-01-07,12.18,12.55,11.94,11.99,50992778.0,622686046.0,3474776395.0,0.014675125016209855
2026-01-08,12.59,12.88,12.41,12.54,76986908.0,971241658.0,3474776395.0,0.022155931561748738
2026-01-09,12.96,12.97,12.52,12.71,63872274.0,813429293.0,3474776395.0,0.01838169330605229
2026-01-12,12.85,13.87,12.84,13.63,95322738.0,1278221696.0,3474776395.0,0.02743276895087806
2026-01-13,13.74,14.0,13.43,13.81,73355539.0,1008600493.0,3474776395.0,0.02111086604178454
2026-01-14,14.2,14.59,13.83,14.0,77770627.0,1097209826.0,3474776395.0,0.022381476722331654
2026-01-15,13.92,14.85,13.8,14.29,63993037.0,922941351.0,3474776395.0,0.01841644748481722
2026-01-16,14.0,14.2,13.85,14.03,57323715.0,801708122.0,3474776395.0,0.01649709462815664
2026-01-19,14.07,14.75,14.07,14.57,50692125.0,737280033.0,3474776395.0,0.014588600599722907
2026-01-20,14.71,14.85,14.15,14.54,45040353.0,651853733.0,3474776395.0,0.012962086730188001
2026-01-21,14.35,14.68,14.2,14.42,35273720.0,509972144.0,3474776395.0,0.0101513639987761
2026-01-22,14.42,14.91,14.39,14.42,35501823.0,517330054.0,3474776395.0,0.010217009373922606
2026-01-23,14.39,14.78,14.16,14.28,57357209.0,827462097.0,3474776395.0,0.016506733809557837
2026-01-26,14.6,15.25,14.51,15.17,84680703.0,1271286406.0,3474776395.0,0.02437011576395263
2026-01-27,15.13,15.69,14.92,15.28,66833025.0,1026133180.0,3474776395.0,0.019233762810225374
2026-01-28,15.51,15.71,15.11,15.45,71661916.0,1106013430.0,3474776395.0,0.020623461153678063
2026-01-29,15.74,16.23,15.61,15.72,77734213.0,1235674499.0,3474776395.0,0.022370997199087396
2026-01-30,15.8,16.44,15.3,15.8,68452518.0,1080951161.0,3474776395.0,0.019699833951473587
2026-02-02,15.65,15.86,14.98,15.03,70485766.0,1080265048.0,3474776395.0,0.020284978941788857
2026-02-03,15.46,15.89,15.12,15.87,64928915.0,1008354289.0,3474776395.0,0.018685782225707794
2026-02-04,16.0,16.8,15.88,16.76,72939676.0,1193489844.0,3474776395.0,0.020991185534975986
2026-02-05,16.69,16.95,15.95,16.16,58554538.0,956539784.0,3474776395.0,0.01685131108990396
2026-02-06,15.95,16.11,15.7,15.97,41108645.0,654117933.0,3474776395.0,0.011830587159263812
2026-02-09,16.35,16.73,16.22,16.43,52002962.0,860189121.0,3474776395.0,0.014965844154699917
2026-02-10,16.45,17.3,16.08,17.14,58006339.0,976222345.0,3474776395.0,0.016693545830306585
2026-02-11,17.13,17.3,16.86,17.03,34853121.0,593430361.0,3474776395.0,0.010030320526567294
2026-02-12,17.48,18.73,17.2,18.73,87687085.0,1615505166.0,3474776395.0,0.025235317336153366
2026-02-13,18.41,18.45,16.9,16.95,104227261.0,1801994852.0,3474776395.0,0.029995386508892177
2026-02-24,18.65,18.65,18.3,18.65,86532560.0,1607830303.0,3474776395.0,0.024903058546303956
2026-02-25,19.47,20.52,19.34,20.15,150881386.0,3063061927.0,3474776395.0,0.043421897943450256
2026-02-26,20.22,20.94,19.86,20.44,111852709.0,2290629208.0,3474776395.0,0.032189901243990696
2026-02-27,20.5,21.28,19.99,20.58,94315108.0,1929007044.0,3474776395.0,0.027142784823712376
2026-03-02,22.64,22.64,20.82,22.64,218533817.0,4788336441.0,3474776395.0,0.06289147621540694
2026-03-03,24.45,24.9,23.5,24.9,133193468.0,3256713339.0,3474776395.0,0.038331522048917335
2026-03-04,24.99,24.99,22.41,23.79,252802204.0,5880382459.0,3474776395.0,0.07275351713674802
2026-03-05,23.07,26.04,22.41,24.98,221033448.0,5381331235.0,3474776395.0,0.06361084077756894
2026-03-06,24.49,26.18,24.01,25.24,192767550.0,4814137405.0,3474776395.0,0.05547624597582199
2026-03-09,26.12,26.65,22.72,22.72,208014025.0,5003102181.0,3474776395.0,0.05986400313393403
2026-03-10,21.6,24.99,21.6,23.26,197066406.0,4694713442.0,3474776395.0,0.05671340644640243
2026-03-11,23.17,23.2,21.95,22.76,139385702.0,3142135871.0,3474776395.0,0.040113574559953805
2026-03-12,22.56,22.89,21.68,22.47,118941222.0,2643662594.0,3474776395.0,0.034229892366930276
2026-03-13,22.56,22.94,21.82,22.11,85828696.0,1920295295.0,3474776395.0,0.024700494720610647
2026-03-16,21.98,24.08,21.8,23.77,128074152.0,2935400090.0,3474776395.0,0.036858242787734835
2026-03-17,23.97,24.49,23.1,23.22,104197452.0,2470397091.0,3474776395.0,0.029986807827385394
2026-03-18,23.11,25.54,22.67,24.88,141391590.0,3482161766.0,3474776395.0,0.040690845662314915
2026-03-19,24.97,25.28,23.22,23.73,122147247.0,2907036625.0,3474776395.0,0.035152548859190696
2026-03-20,23.88,24.66,22.88,23.46,95483297.0,2266722030.0,3474776395.0,0.02747897595292603
2026-03-23,23.49,24.64,23.32,23.52,105716033.0,2521883416.0,3474776395.0,0.03042383767545998
2026-03-24,23.9,25.87,23.32,25.87,145817964.0,3657522986.0,3474776395.0,0.04196470432164312
2026-03-25,26.7,27.17,24.68,25.33,144301253.0,3744678712.0,3474776395.0,0.04152821263769406
2026-03-26,25.33,25.33,23.66,23.9,114811616.0,2782224089.0,3474776395.0,0.033041440066534124
2026-03-27,23.49,24.29,22.7,23.69,93787881.0,2209666708.0,3474776395.0,0.02699105506039332
2026-03-30,23.23,23.74,22.2,22.6,108389023.0,2470419421.0,3474776395.0,0.03119309292994089
2026-03-31,22.92,23.09,21.66,22.0,95743341.0,2121221251.0,3474776395.0,0.027553813574240076
2026-04-01,22.38,24.15,22.2,23.65,114321924.0,2707940393.0,3474776395.0,0.03290051243714633
2026-04-02,23.14,25.82,23.14,24.27,120764082.0,2984177499.0,3474776395.0,0.03475449015187638
2026-04-03,25.5,26.0,24.79,24.85,92666591.0,2342815899.0,3474776395.0,0.026668360914774775
2026-04-07,25.76,26.45,25.02,25.95,87794017.0,2271370908.0,3474776395.0,0.025266091114907553
2026-04-08,25.5,27.0,24.33,26.07,131724810.0,3444526129.0,3474776395.0,0.03790885945626438
2026-04-09,26.53,26.81,24.96,25.56,75604041.0,1945485446.0,3474776395.0,0.021757958615348544
2026-04-10,25.66,25.76,23.8,24.11,102702864.0,2512978949.0,3474776395.0,0.02955668288405073
2026-04-13,24.07,24.08,22.7,22.93,83695492.0,1936084001.0,3474776395.0,0.02408658356273886
2026-04-14,22.87,23.19,22.3,22.75,86360639.0,1952914634.0,3474776395.0,0.02485358169356391
2026-04-15,22.5,23.02,22.35,22.42,66786774.0,1508905610.0,3474776395.0,0.01922045231345023
2026-04-16,22.45,22.65,21.89,21.99,64366202.0,1423500355.0,3474776395.0,0.01852384000668912
2026-04-17,21.88,22.02,21.2,21.95,86552346.0,1873834385.0,3474776395.0,0.024908752725655604
2026-04-20,22.13,22.53,21.66,22.28,59103114.0,1310998735.0,3474776395.0,0.017009184845691343
2026-04-21,22.2,22.78,22.06,22.39,61263744.0,1372173052.0,3474776395.0,0.017630988885545252
2026-04-22,22.2,22.43,21.14,21.9,96218026.0,2085157953.0,3821998617.0,0.02517479351563041
2026-04-23,21.55,21.68,21.15,21.45,61825567.0,1323616862.0,3821998617.0,0.016176240024003127
2026-04-24,21.35,21.57,21.07,21.26,46727023.0,994991660.0,3821998617.0,0.012225808453242566
2026-04-27,21.57,21.84,21.05,21.5,50097749.0,1075235433.0,3821998617.0,0.013107736035583186
2026-04-28,21.66,21.7,20.6,21.05,72797210.0,1529598084.0,3821998617.0,0.019046895955483284
2026-04-29,21.3,21.8,21.2,21.74,67707579.0,1459354190.0,3821998617.0,0.017715228545306404
2026-04-30,21.33,21.75,20.9,21.59,54784392.0,1174109898.0,3821998617.0,0.014333964370453355
2026-05-06,22.0,22.48,21.01,22.32,105078972.0,2297955664.0,3821998617.0,0.02749319990138552
2026-05-07,22.2,23.62,22.11,22.69,100910566.0,2298940017.0,3821998617.0,0.026402564760530368
2026-05-08,22.25,23.66,22.25,23.42,102748603.0,2384266781.0,3821998617.0,0.026883474667672807
2026-05-11,23.0,23.0,21.74,22.38,88874630.0,1975337582.0,3821998617.0,0.023253443788464875
2026-05-12,22.22,22.9,22.05,22.15,47365287.0,1057395716.0,3821998617.0,0.01239280589723981
2026-05-13,22.05,22.82,22.05,22.45,53167769.0,1196012520.0,3821998617.0,0.013910985933776439
2026-05-14,22.1,23.46,21.81,22.81,89715267.0,2048732812.0,3821998617.0,0.02347339075450011
2026-05-15,22.6,23.0,21.62,21.87,61732477.0,1367621537.0,3821998617.0,0.01615188365726193
2026-05-18,21.41,21.7,20.82,21.48,52419554.0,1115454908.0,3821998617.0,0.01371522055681581
2026-05-19,21.8,22.22,21.46,21.69,44240758.0,963549783.0,3821998617.0,0.011575294089123948
2026-05-20,21.49,22.8,21.49,22.64,57562449.0,1278908934.0,3821998617.0,0.01506082413111454
2026-05-21,22.63,23.85,22.47,22.62,81155842.0,1885418621.0,3821998617.0,0.021233875292111338
2026-05-22,23.2,23.2,22.26,22.8,59960796.0,1359833776.0,3821998617.0,0.015688335347191988
2026-05-25,23.1,23.99,21.83,21.88,97816342.0,2209800825.0,3821998617.0,0.025592982049998474
2026-05-26,21.57,22.0,20.62,21.23,76796554.0,1633133393.0,3821998617.0,0.02009329717138409
2026-05-27,21.16,21.38,20.0,20.3,70051895.0,1429374805.0,3821998617.0,0.018328602916917278
2026-05-28,20.1,20.29,19.74,19.85,50346523.0,1003727950.0,3821998617.0,0.013172826064369033
2026-05-29,19.64,19.95,19.25,19.48,67040563.0,1308574423.0,3821998617.0,0.017540708335635695
2026-06-01,19.66,19.68,18.68,18.8,64503992.0,1229260550.0,3821998617.0,0.016877031748020646
