date,open,high,low,close,volume,amount,outstanding_share,turnover
2015-01-05,11.15,12.15,11.06,12.01,11717403.0,512867168.0,2009243000.0,0.0058317500670650585
2015-01-06,11.75,13.03,11.72,11.95,11223663.0,515204832.0,2009243000.0,0.005586015728311608
2015-01-07,12.08,12.08,11.25,11.52,8307256.0,356356928.0,2009243000.0,0.004134520314367152
2015-01-08,11.41,11.81,11.18,11.42,7468440.0,319257664.0,2009243000.0,0.003717041691821248
2015-01-09,11.45,11.97,11.45,11.49,8389501.0,365635200.0,2009243000.0,0.004175453640998127
2015-01-12,11.51,11.81,11.39,11.71,6577347.0,284496000.0,2009243000.0,0.0032735448126483455
2015-01-13,11.73,12.16,11.73,12.02,5472247.0,244716080.0,2009243000.0,0.0027235366752553078
2015-01-14,11.89,12.16,11.68,11.69,3803790.0,168084240.0,2009243000.0,0.0018931458265625412
2015-01-15,11.54,11.76,11.17,11.57,4876945.0,207791632.0,2009243000.0,0.0024272549412888336
2015-01-16,11.61,11.76,11.27,11.35,5382463.0,228332944.0,2009243000.0,0.0026788511892289783
2015-01-19,11.01,11.24,10.47,10.58,6961835.0,280851264.0,2009243000.0,0.0034649044441115383
2015-01-20,10.68,11.52,10.62,11.32,8904109.0,370874976.0,2009243000.0,0.004431573980847513
2015-01-21,11.4,11.77,11.12,11.65,5697998.0,245211376.0,2009243000.0,0.0028358929208662166
2015-01-22,11.62,11.93,11.51,11.76,5305339.0,232555712.0,2009243000.0,0.0026404665836835066
2015-01-23,11.81,12.12,11.73,11.84,5449245.0,243370768.0,2009243000.0,0.0027120885826154425
2015-01-26,11.9,12.07,11.62,11.84,3489334.0,153392352.0,2009243000.0,0.0017366411130958275
2015-01-27,12.21,12.89,12.07,12.38,7402897.0,342581344.0,2009243000.0,0.0036844209485861093
2015-01-28,12.4,12.6,12.04,12.15,4373121.0,200647280.0,2009243000.0,0.0021765017969454167
2015-01-29,12.03,12.08,11.76,12.01,3784755.0,167838000.0,2009243000.0,0.0018836721093466544
2015-01-30,11.95,12.4,11.86,11.89,3538361.0,159131504.0,2009243000.0,0.0017610418451128112
2015-02-02,11.76,12.13,11.76,12.02,3125547.0,139748624.0,2009243000.0,0.001555584366848609
2015-02-03,12.38,12.7,12.22,12.63,6695295.0,309637568.0,2009243000.0,0.003332247518095123
2015-02-04,12.89,13.25,12.59,12.61,4649930.0,222048080.0,2009243000.0,0.002314269603029599
2015-02-05,12.75,12.94,12.3,12.33,4883976.0,227655232.0,2009243000.0,0.0024307542691451457
2015-02-06,12.82,13.29,12.8,12.98,10433670.0,507431904.0,2009243000.0,0.005192836307007166
2015-02-09,12.97,13.63,12.96,13.47,7642242.0,381058368.0,2009243000.0,0.0038035429263658005
2015-02-10,13.29,13.69,13.22,13.52,5928868.0,298250528.0,2009243000.0,0.0029507968921628695
2015-02-11,13.32,14.04,13.29,13.6,4461997.0,227744608.0,2009243000.0,0.002220735371480702
2015-02-12,13.6,13.69,13.29,13.6,3256392.0,163608864.0,2009243000.0,0.0016207059076478057
2015-02-13,13.61,13.74,13.28,13.41,4769529.0,239078688.0,2009243000.0,0.002373794010978264
2015-02-16,13.15,13.56,12.92,13.4,3760382.0,185157680.0,2009243000.0,0.0018715416701713032
2015-02-17,13.4,14.04,13.37,13.72,3013658.0,154224448.0,2009243000.0,0.001499897224974779
2015-02-25,13.83,13.83,13.04,13.43,3954352.0,196384608.0,2009243000.0,0.0019680805158957876
2015-02-26,13.56,13.56,13.1,13.3,3682023.0,181320624.0,2009243000.0,0.001832542405274026
2015-02-27,13.32,13.42,13.1,13.15,3749758.0,183957328.0,2009243000.0,0.001866254106646135
2015-03-02,13.15,13.18,12.92,13.12,4396548.0,213685424.0,2009243000.0,0.0021881614120342835
2015-03-03,13.13,13.19,12.93,12.96,4823972.0,234107440.0,2009243000.0,0.0024008902855453523
2015-03-04,12.96,13.45,12.73,13.44,8869488.0,431821664.0,2009243000.0,0.004414343113301875
2015-03-05,13.47,13.47,12.72,12.88,8283537.0,398593056.0,2009243000.0,0.004122715370913324
2015-03-06,12.82,13.12,12.63,12.86,5095925.0,244018896.0,2009243000.0,0.002536241261012232
2015-03-09,12.93,13.07,12.64,13.01,5395214.0,258160368.0,2009243000.0,0.0026851973603989163
2015-03-10,13.01,13.01,12.8,12.9,3105227.0,148970240.0,2009243000.0,0.0015454711052869164
2015-03-11,12.9,13.01,12.7,12.85,3558181.0,170659456.0,2009243000.0,0.0017709062567345015
2015-03-12,12.82,12.96,12.63,12.89,3868706.0,184311744.0,2009243000.0,0.0019254545119729172
2015-03-13,12.89,13.35,12.78,13.23,6762646.0,331739424.0,2009243000.0,0.0033657681027133104
2015-03-16,13.23,13.39,12.94,13.36,6312697.0,310098560.0,2009243000.0,0.003141828539405139
2015-03-17,13.37,13.48,13.24,13.46,4524343.0,225572512.0,2009243000.0,0.002251764968199466
2015-03-18,13.46,13.46,13.29,13.41,4548607.0,226250560.0,2009243000.0,0.002263841158087897
2015-03-19,13.58,13.66,13.39,13.44,5346997.0,268529344.0,2009243000.0,0.0026611997652847366
2015-03-20,13.44,13.48,13.02,13.12,8872187.0,434586880.0,2009243000.0,0.004415686405278008
2015-03-23,13.47,13.91,13.42,13.87,12513955.0,638233472.0,2009243000.0,0.006228193901882451
2015-03-24,13.93,14.73,13.69,14.33,10594688.0,556881280.0,2009243000.0,0.0052729749462857405
2015-03-25,14.11,14.36,13.93,14.18,7037737.0,370131808.0,2009243000.0,0.0035026808604036444
2015-03-26,14.18,14.5,13.91,14.05,6221797.0,326934368.0,2009243000.0,0.003096587620312725
2015-03-27,14.04,14.11,13.76,13.94,3560699.0,184843456.0,2009243000.0,0.001772159465032353
2015-03-30,14.02,14.43,13.94,14.26,5547702.0,292901024.0,2009243000.0,0.0027610906197010517
2015-03-31,14.38,14.62,13.91,13.96,6729724.0,358146848.0,2009243000.0,0.0033493828272638
2015-04-01,13.96,14.23,13.83,14.09,6134814.0,320439456.0,2009243000.0,0.003053296191650288
2015-04-02,14.09,14.21,13.64,13.8,9318806.0,477651872.0,2009243000.0,0.004637968627985764
2015-04-03,13.75,13.87,13.54,13.81,7525441.0,384008192.0,2009243000.0,0.003745411082681388
2015-04-07,13.83,15.0,13.83,14.98,14213906.0,768038464.0,2009243000.0,0.00707425931059608
2015-04-08,14.93,15.11,14.5,14.84,11064452.0,610255936.0,2009243000.0,0.005506776432716202
2015-04-09,14.85,14.91,14.04,14.63,6864053.0,368981824.0,2009243000.0,0.003416238354444933
2015-04-10,14.49,14.73,14.34,14.51,7975782.0,431002688.0,2009243000.0,0.003969545744342521
2015-04-13,14.45,14.76,14.12,14.73,9080461.0,487009408.0,2009243000.0,0.004519344350086077
2015-04-14,14.66,14.66,14.28,14.34,5639740.0,302241888.0,2009243000.0,0.002806897921256911
2015-04-15,14.26,14.86,14.15,14.42,6334274.0,340951584.0,2009243000.0,0.0031525674097159975
2015-04-16,14.42,14.9,14.31,14.89,7119202.0,390920928.0,2009243000.0,0.003543225981128216
2015-04-17,14.98,15.67,14.98,15.18,8629128.0,489943200.0,2009243000.0,0.004294715970143979
2015-04-20,15.19,15.3,14.25,14.27,11430847.0,620325312.0,2009243000.0,0.005689131180250473
2015-04-21,14.26,14.87,14.23,14.77,8163145.0,443498464.0,2009243000.0,0.004062796286959815
2015-04-22,14.77,15.02,14.53,14.96,10357409.0,571149888.0,2009243000.0,0.005154881216458139
2015-04-23,14.95,15.97,14.77,15.62,16211534.0,940717184.0,2009243000.0,0.008068478526489828
2015-04-24,15.3,15.3,14.79,15.17,9230568.0,518321248.0,2009243000.0,0.004594052585973922
2015-04-27,15.14,15.32,14.78,15.22,11778516.0,658206528.0,2009243000.0,0.005862165999831777
2015-04-28,14.9,15.03,14.26,14.48,13336139.0,723285312.0,2009243000.0,0.006637394780024119
2015-04-29,14.49,14.66,14.23,14.57,7446282.0,401287168.0,2009243000.0,0.003706013657880107
2015-04-30,14.6,14.7,13.96,14.12,11133853.0,589888512.0,2009243000.0,0.005541317302088398
2015-05-04,13.99,14.4,13.99,14.19,5885748.0,311066784.0,2009243000.0,0.002929336073337073
2015-05-05,14.09,14.17,13.42,13.47,9328263.0,478391648.0,2009243000.0,0.0046426753757509666
2015-05-06,13.69,13.81,13.37,13.44,8720514.0,439817568.0,2009243000.0,0.004340198771378076
2015-05-07,13.41,13.43,13.12,13.18,7392765.0,365586464.0,2009243000.0,0.0036793782534019033
2015-05-08,13.31,13.47,13.18,13.39,8502050.0,421027552.0,2009243000.0,0.0042314692647927605
2015-05-11,13.42,13.73,13.13,13.72,20959346.0,1037773184.0,2009243000.0,0.010431463989174033
2015-05-12,13.65,13.71,13.39,13.43,17905080.0,898412800.0,2009243000.0,0.008911356167472028
2015-05-13,13.42,13.42,12.94,13.04,21016152.0,1024167936.0,2009243000.0,0.01045973632855757
2015-05-14,12.96,13.21,12.78,12.88,18304300.0,883811072.0,2009243000.0,0.009110047913567449
2015-05-15,12.96,13.02,12.48,12.64,20252514.0,954508864.0,2009243000.0,0.01007967378759065
2015-05-18,12.66,13.07,12.65,12.79,19618964.0,940991168.0,2009243000.0,0.00976435602861376
2015-05-19,12.85,13.21,12.85,13.19,19943500.0,973404352.0,2009243000.0,0.00992587755687092
2015-05-20,13.32,13.4,13.05,13.1,20714656.0,1017525440.0,2009243000.0,0.010309681805535717
2015-05-21,13.08,13.26,12.93,13.25,19267882.0,935489664.0,2009243000.0,0.009589622559342
2015-05-22,13.41,13.83,13.26,13.8,25468660.0,1279340800.0,2009243000.0,0.01267574902587691
2015-05-25,13.81,14.18,13.81,14.05,22662528.0,1180680192.0,2009243000.0,0.011279137466199957
2015-05-26,14.17,14.17,13.63,13.84,26559544.0,1342865408.0,2009243000.0,0.013218681861775803
2015-05-27,13.84,13.9,13.44,13.48,24175244.0,1205026048.0,2009243000.0,0.012032016037880934
2015-05-28,13.47,13.47,12.79,12.83,24848262.0,1195499392.0,2009243000.0,0.012366977015721842
2015-05-29,12.82,12.94,12.21,12.62,17054280.0,788572288.0,2009243000.0,0.008487913109564149
2015-06-01,12.6,13.07,12.47,13.05,22098024.0,1037337856.0,2009243000.0,0.010998183893137864
2015-06-02,12.98,13.02,12.58,12.84,23585140.0,1107589120.0,2009243000.0,0.011738321347890723
2015-06-03,12.83,13.23,12.68,13.03,21605100.0,1030252800.0,2009243000.0,0.010752855677486496
2015-06-04,13.03,13.24,12.43,12.88,27414752.0,1287274624.0,2009243000.0,0.013644318780754741
2015-06-05,12.97,13.18,12.87,13.08,30374536.0,1450674944.0,2009243000.0,0.015117402922394156
2015-06-08,13.22,13.66,13.19,13.61,40191292.0,1987177088.0,2009243000.0,0.02000320120562819
2015-06-09,13.71,13.71,13.25,13.35,25389294.0,1249181440.0,2009243000.0,0.012636248577200467
2015-06-10,13.22,13.38,12.95,13.26,20239062.0,978666560.0,2009243000.0,0.010072978728804829
2015-06-11,13.3,13.3,12.99,13.08,18224674.0,874126912.0,2009243000.0,0.009070418062922206
2015-06-12,13.14,13.21,12.99,13.08,16021232.0,769082816.0,2009243000.0,0.0079737652439252
2015-06-15,13.08,13.11,12.63,12.67,19057232.0,896229248.0,2009243000.0,0.009484782079619041
2015-06-16,12.52,12.64,12.41,12.58,12357750.0,568153984.0,2009243000.0,0.006150450692126338
2015-06-17,12.58,12.65,12.17,12.55,14730913.0,671899392.0,2009243000.0,0.007331573632457597
2015-06-18,12.59,12.59,11.64,11.66,16857672.0,750745088.0,2009243000.0,0.008390061331556214
2015-07-13,10.5,12.78,10.5,12.24,68492936.0,2952629504.0,2009243000.0,0.03408892602835994
2015-07-14,11.63,11.85,11.01,11.01,48082720.0,1994822528.0,2009243000.0,0.023930763974292807
2015-07-15,10.14,10.47,9.91,9.91,25436456.0,935632704.0,2009243000.0,0.012659721098941243
2015-07-16,9.91,9.91,8.92,9.34,29899028.0,1034107456.0,2009243000.0,0.014880742647852947
2015-07-17,9.35,10.07,9.34,9.87,25159072.0,892359296.0,2009243000.0,0.012521667115426058
2015-07-20,9.88,9.95,9.43,9.57,27426696.0,973223936.0,2009243000.0,0.013650263308121517
2015-07-21,9.41,9.75,9.27,9.71,21121168.0,736856832.0,2009243000.0,0.01051200277915613
2015-07-22,9.77,9.95,9.48,9.7,22518856.0,802906368.0,2009243000.0,0.011207631929039941
2015-07-23,9.7,10.67,9.55,10.5,37446276.0,1372844416.0,2009243000.0,0.018637007071817594
2015-07-24,10.3,10.81,10.16,10.5,42026888.0,1613352192.0,2009243000.0,0.02091677711456504
2015-07-27,10.18,10.43,9.45,9.45,24501780.0,896898368.0,2009243000.0,0.012194532965898102
2015-07-28,9.16,9.3,8.5,9.05,29930908.0,981739840.0,2009243000.0,0.014896609320027492
2015-07-29,9.21,9.3,8.67,9.27,27910648.0,919061440.0,2009243000.0,0.013891126160449482
2015-07-30,9.26,9.26,8.53,8.75,16270118.0,540816896.0,2009243000.0,0.008097635776260015
2015-07-31,8.61,9.06,8.57,8.99,20710160.0,671141440.0,2009243000.0,0.010307444146875216
2015-08-03,8.82,9.35,8.81,9.34,17470732.0,585862080.0,2009243000.0,0.008695181219991808
2015-08-04,9.35,9.53,9.08,9.49,15810370.0,542826880.0,2009243000.0,0.007868819251827678
2015-08-05,9.37,9.45,9.11,9.11,11259612.0,382928800.0,2009243000.0,0.005603907541297892
2015-08-06,8.94,9.32,8.84,9.01,9335319.0,312583968.0,2009243000.0,0.004646187146104279
2015-08-07,8.87,9.26,8.87,9.11,11008403.0,368100096.0,2009243000.0,0.005478880852141827
2015-08-10,9.12,9.51,9.12,9.44,16364167.0,559896000.0,2009243000.0,0.008144443952274562
2015-08-11,9.51,9.53,9.3,9.36,16022104.0,554665152.0,2009243000.0,0.007974199238220564
2015-08-12,9.27,9.35,9.08,9.1,11196142.0,378481216.0,2009243000.0,0.005572318529914002
2015-08-13,9.02,9.19,8.97,9.17,8566917.0,285499008.0,2009243000.0,0.004263753562909016
2015-08-14,9.17,9.23,9.03,9.14,11533251.0,386887488.0,2009243000.0,0.005740097638762459
2015-08-17,9.12,9.12,8.95,9.06,9607981.0,318525856.0,2009243000.0,0.004781890990786082
2015-08-18,9.07,9.29,8.18,8.35,15641606.0,509648320.0,2009243000.0,0.007784825429278589
2015-08-19,8.18,8.45,7.88,8.42,14110470.0,426338656.0,2009243000.0,0.007022779225807929
2015-08-20,8.33,8.39,8.03,8.08,9510983.0,286812288.0,2009243000.0,0.0047336150978254
2015-08-21,7.91,8.06,7.45,7.49,13490449.0,383510464.0,2009243000.0,0.006714194848507622
2015-08-24,7.09,7.25,6.74,6.74,21608752.0,539987584.0,2009243000.0,0.010754673277448272
2015-08-25,6.27,6.58,6.07,6.07,16956850.0,388704928.0,2009243000.0,0.008439422210255305
2015-08-26,6.17,6.5,5.83,6.21,17007532.0,388440192.0,2009243000.0,0.008464646635573695
2015-08-27,6.32,6.76,6.2,6.74,14959437.0,352738880.0,2009243000.0,0.007445309999835759
2015-08-28,6.8,7.14,6.76,7.01,17777564.0,451135392.0,2009243000.0,0.008847891469573366
2015-08-31,7.36,7.71,7.21,7.71,24685516.0,673353408.0,2009243000.0,0.01228597835105062
2015-09-01,7.61,7.76,7.07,7.73,26331684.0,724730496.0,2009243000.0,0.013105275967117965
2015-09-02,7.29,8.0,7.26,7.97,23724152.0,674474432.0,2009243000.0,0.011807507603609917
2015-09-07,7.87,8.04,7.28,7.34,17321484.0,490589088.0,2009243000.0,0.008620900508300888
2015-09-08,7.25,7.72,7.15,7.63,12320299.0,337757344.0,2009243000.0,0.006131811333920287
2015-09-09,7.64,7.95,7.57,7.75,14352396.0,409730880.0,2009243000.0,0.0071431857669779115
2015-09-10,7.63,7.99,7.61,7.77,10165156.0,292563616.0,2009243000.0,0.005059196921427622
2015-09-11,7.77,7.91,7.67,7.78,6635720.0,189709920.0,2009243000.0,0.003302597047743852
2015-09-14,7.85,7.91,7.17,7.47,12575712.0,347576352.0,2009243000.0,0.006258930353371892
2015-09-15,7.38,7.38,6.8,6.82,8446424.0,220205792.0,2009243000.0,0.004203784211267627
2015-09-16,6.86,7.49,6.81,7.37,7687616.0,200110656.0,2009243000.0,0.003826125560721127
2015-09-17,7.36,7.63,7.24,7.28,8655406.0,236603264.0,2009243000.0,0.0043077945275907395
2015-09-18,7.36,7.45,7.07,7.17,7477231.0,198170816.0,2009243000.0,0.0037214169714663682
2015-09-21,7.09,7.63,7.02,7.6,8183774.0,220766064.0,2009243000.0,0.004073063337784429
2015-09-22,7.62,7.66,7.5,7.6,7131901.0,198756256.0,2009243000.0,0.0035495462719043937
2015-09-23,7.52,7.65,7.31,7.58,8724334.0,239846592.0,2009243000.0,0.004342099984919694
2015-09-24,7.58,8.03,7.58,7.94,13758007.0,396299872.0,2009243000.0,0.006847358433001882
2015-09-25,7.85,7.91,7.52,7.63,9334576.0,264721216.0,2009243000.0,0.0046458173550934356
2015-09-28,7.61,8.28,7.61,8.15,16113790.0,473206080.0,2009243000.0,0.008019831349418662
2015-09-29,7.96,8.18,7.87,8.11,11692435.0,343964416.0,2009243000.0,0.005819323496461105
2015-09-30,8.58,8.92,8.29,8.92,24748616.0,782864448.0,2009243000.0,0.012317383213478908
2015-10-08,9.81,9.81,9.54,9.7,27763646.0,991069696.0,2009243000.0,0.013817963282689052
2015-10-09,9.66,9.76,9.44,9.63,15959356.0,560803008.0,2009243000.0,0.007942969566150038
2015-10-12,9.76,10.41,9.62,10.16,25339534.0,925133760.0,2009243000.0,0.012611483031171442
2015-10-13,10.23,11.11,10.16,10.86,33079696.0,432888544.0,2009243000.0,0.016463760729787287
2015-10-14,10.1,10.48,10.05,10.05,72772032.0,903005568.0,6027729000.0,0.012072877198029307
2015-10-15,9.93,10.17,9.68,10.1,51840564.0,625879808.0,6027729000.0,0.008600347494056219
2015-10-16,10.13,10.17,9.77,9.93,47390964.0,571457152.0,6027729000.0,0.007862159032033458
2015-10-19,9.93,10.49,9.77,10.4,66616616.0,819506112.0,6027729000.0,0.011051693929836593
2015-10-20,10.33,10.33,10.0,10.2,49995704.0,614965888.0,6027729000.0,0.008294285293847816
2015-10-21,10.12,10.14,9.26,9.35,60191112.0,713314816.0,6027729000.0,0.009985703073246989
2015-10-22,9.33,9.67,9.27,9.63,34378656.0,397663520.0,6027729000.0,0.005703417655306004
2015-10-23,9.72,9.95,9.72,9.9,37921692.0,454031616.0,6027729000.0,0.0062912071859899475
2015-10-26,10.08,10.28,9.9,10.12,49966296.0,612914560.0,6027729000.0,0.008289406507824091
2015-10-27,10.01,10.01,9.64,9.94,32335348.0,386543360.0,6027729000.0,0.005364432939835218
2015-10-28,9.95,9.99,9.63,9.69,29172900.0,346721920.0,6027729000.0,0.004839782943128332
2015-10-29,9.8,9.86,9.68,9.78,19499954.0,231637120.0,6027729000.0,0.003235041588631473
2015-10-30,9.77,9.77,9.53,9.63,19835432.0,231888224.0,6027729000.0,0.0032906973754128627
2015-11-02,9.41,9.83,9.35,9.63,24406158.0,287422336.0,6027729000.0,0.0040489806359907685
2015-11-03,9.6,9.73,9.55,9.65,15860570.0,185226160.0,6027729000.0,0.0026312679286013023
2015-11-04,9.67,9.94,9.63,9.92,35519256.0,423809920.0,6027729000.0,0.005892643149683736
2015-11-05,9.94,10.28,9.9,10.07,61932776.0,759777472.0,6027729000.0,0.010274645061183075
2015-11-06,10.05,10.24,9.9,10.13,40299192.0,494822240.0,6027729000.0,0.00668563434089356
2015-11-09,10.13,10.28,9.98,10.11,47772820.0,586814592.0,6027729000.0,0.007925508927159798
2015-11-10,10.08,10.09,9.87,10.0,42479384.0,513709440.0,6027729000.0,0.007047328106489194
2015-11-11,10.0,10.09,9.91,10.02,28635302.0,347474464.0,6027729000.0,0.004750595456431436
2015-11-12,10.07,10.09,9.91,9.95,27859592.0,337271296.0,6027729000.0,0.0046219051984586566
2015-11-13,9.92,10.6,9.91,10.33,77651760.0,970624640.0,6027729000.0,0.012882423878047604
2015-11-16,10.18,10.19,9.97,10.18,38448960.0,471000384.0,6027729000.0,0.0063786809261000285
2015-11-17,10.2,10.28,10.05,10.08,41424456.0,511439584.0,6027729000.0,0.0068723155934847105
2015-11-18,10.23,10.23,9.99,10.05,22995912.0,281574912.0,6027729000.0,0.0038150208809984657
2015-11-19,10.08,10.33,10.02,10.3,37450352.0,462497216.0,6027729000.0,0.006213011898842831
2015-11-20,10.3,11.11,10.13,10.98,90231096.0,1177917056.0,6027729000.0,0.01496933521729328
2015-11-23,10.89,11.84,10.83,11.45,80647200.0,1118288000.0,6027729000.0,0.013379367254234555
2015-11-24,11.47,11.68,11.03,11.24,41741768.0,567712576.0,6027729000.0,0.006924957641592713
2015-11-25,11.18,11.18,11.03,11.15,33104868.0,446249984.0,6027729000.0,0.005492096277055588
2015-11-26,11.24,11.26,10.79,10.81,41764048.0,555233728.0,6027729000.0,0.006928653892701546
2015-11-27,10.7,11.07,10.0,10.11,43933012.0,564734080.0,6027729000.0,0.007288484933546282
2015-11-30,10.0,10.2,9.47,10.05,34337952.0,413473152.0,6027729000.0,0.005696664863334102
2015-12-01,10.05,10.13,9.87,10.02,21864895.0,264658770.0,6027729000.0,0.0036273852059374267
2015-12-02,10.02,10.82,9.93,10.56,40801988.0,518465408.0,6027729000.0,0.0067690481771824846
2015-12-03,10.56,10.6,10.33,10.54,27288088.0,345862912.0,6027729000.0,0.004527092707717948
2015-12-04,10.5,10.5,10.24,10.31,23583498.0,295829888.0,6027729000.0,0.003912501374895919
2015-12-07,10.33,10.42,10.17,10.33,19439246.0,242814195.0,6027729000.0,0.003224970133859701
2015-12-08,10.26,10.26,10.0,10.04,17881476.0,219212672.0,6027729000.0,0.0029665361531681336
2015-12-09,9.95,10.46,9.94,10.26,28296871.0,351240380.0,6027729000.0,0.0046944497670681614
2015-12-10,10.21,10.29,9.96,10.0,26442952.0,324007456.0,6027729000.0,0.004386884679122104
2015-12-11,9.99,10.13,9.91,9.95,16470428.0,199441200.0,6027729000.0,0.002732443346407909
2015-12-14,9.88,10.1,9.8,10.09,22093080.0,267705344.0,6027729000.0,0.0036652410883103734
2015-12-15,10.09,10.18,9.94,10.02,21917860.0,266666480.0,6027729000.0,0.0036361720973189073
2015-12-16,10.04,10.07,9.9,9.95,26532120.0,320613344.0,6027729000.0,0.0044016776467555195
2015-12-17,9.97,10.09,9.95,10.06,31567790.0,384676768.0,6027729000.0,0.005237095098336372
2015-12-18,10.06,10.1,9.94,10.01,26121084.0,317733824.0,6027729000.0,0.004333486790796335
2015-12-21,10.01,10.28,9.97,10.17,37108896.0,457288064.0,6027729000.0,0.006156364362100552
2015-12-22,10.18,10.33,10.06,10.15,29902989.0,369487729.0,6027729000.0,0.004960904679025882
2015-12-23,10.16,10.33,10.05,10.23,42140392.0,520137856.0,6027729000.0,0.006991089347248358
2015-12-24,10.15,10.21,9.96,10.01,28284712.0,345102944.0,6027729000.0,0.004692432589454502
2015-12-25,10.03,10.09,9.92,10.0,22119974.0,268156842.0,6027729000.0,0.0036697028018346546
2015-12-28,10.03,10.08,9.89,9.92,24284481.0,294007598.0,6027729000.0,0.004028794426557664
2015-12-29,9.88,9.97,9.86,9.95,13324426.0,160462770.0,6027729000.0,0.0022105217404432085
2015-12-30,9.95,10.0,9.89,9.96,15047062.0,181946019.0,6027729000.0,0.002496306983940386
2015-12-31,9.96,9.99,9.9,9.91,12811531.0,154695198.0,6027729000.0,0.0021254324804582288
2016-01-04,9.88,9.94,8.98,9.03,20254385.0,233992706.0,6027729000.0,0.0033602016613553795
2016-01-05,8.88,9.39,8.52,9.24,28101994.0,306789005.0,6027729000.0,0.004662119680562945
2016-01-06,9.24,9.43,9.2,9.4,17155007.0,195034712.0,6027729000.0,0.0028460149751257896
2016-01-07,9.3,9.3,8.57,8.65,4577714.0,49540435.0,6027729000.0,0.0007594425694983965
2016-01-08,8.85,9.1,8.21,8.79,22011546.0,234272610.0,6027729000.0,0.0036517146009716096
2016-01-11,8.62,8.7,8.15,8.18,23423939.0,238535484.0,6027729000.0,0.003886030543178036
2016-01-12,8.23,8.35,8.0,8.19,15356276.0,152573691.0,6027729000.0,0.002547605574172296
2016-01-13,8.23,8.35,8.0,8.0,14414964.0,143426520.0,6027729000.0,0.002391441951023346
2016-01-14,7.84,8.21,7.78,8.19,15372564.0,149338614.0,6027729000.0,0.002550307752720801
2016-01-15,8.19,8.19,7.82,7.86,12466837.0,120758705.0,6027729000.0,0.002068247759645465
2016-01-18,7.78,7.98,7.72,7.89,12302345.0,117661557.0,6027729000.0,0.002040958543424895
2016-01-19,7.91,8.11,7.83,8.09,14878741.0,144537313.0,6027729000.0,0.0024683825367729706
2016-01-20,8.1,8.11,7.9,7.93,14831601.0,143929535.0,6027729000.0,0.0024605620126584987
2016-01-21,7.82,8.01,7.61,7.62,13158065.0,124847106.0,6027729000.0,0.0021829224571973957
2016-01-22,7.71,7.79,7.54,7.69,9214654.0,85787064.0,6027729000.0,0.001528710730027843
2016-01-25,7.76,7.79,7.66,7.72,9240637.0,86719149.0,6027729000.0,0.0015330213086885624
2016-01-26,7.66,7.66,6.94,6.96,22386864.0,198509174.0,6027729000.0,0.00371397984215946
2016-01-27,6.98,7.08,6.49,6.88,20767153.0,170177365.0,6027729000.0,0.0034452698520454385
2016-01-28,6.8,6.88,6.59,6.6,11578845.0,94528115.0,6027729000.0,0.0019209299223637956
2016-01-29,6.54,6.97,6.26,6.87,32936773.0,264524674.0,6027729000.0,0.005464209323279132
2016-02-01,6.79,6.8,6.47,6.58,21624597.0,174045040.0,6027729000.0,0.0035875197773489816
2016-02-02,6.59,6.75,6.5,6.7,16868505.0,136778761.0,6027729000.0,0.0027984843047854343
2016-02-03,6.62,6.66,6.5,6.62,12263181.0,97916428.0,6027729000.0,0.0020344612373913956
2016-02-04,6.66,6.77,6.64,6.69,17345853.0,141113276.0,6027729000.0,0.0028776763188922395
2016-02-05,6.7,6.71,6.6,6.64,12246465.0,98952578.0,6027729000.0,0.0020316880536600103
2016-02-15,6.41,6.6,6.33,6.54,11615299.0,91441207.0,6027729000.0,0.001926977639505691
2016-02-16,6.59,6.79,6.59,6.79,17418860.0,142524581.0,6027729000.0,0.0028897881772720706
2016-02-17,6.78,7.16,6.72,7.08,27892167.0,234258341.0,6027729000.0,0.004627309389655706
2016-02-18,7.11,7.13,6.97,6.97,23162481.0,197642095.0,6027729000.0,0.0038426546714359585
2016-02-19,6.98,7.16,6.94,7.03,15265695.0,130549954.0,6027729000.0,0.0025325781898953986
2016-02-22,7.13,7.73,7.13,7.57,40146750.0,365795409.0,6027729000.0,0.0066603442191910086
2016-02-23,7.58,7.65,7.33,7.43,22948566.0,207190349.0,6027729000.0,0.003807166181492234
2016-02-24,7.41,7.53,7.34,7.49,17879533.0,161651545.0,6027729000.0,0.0029662138095458506
2016-02-25,7.53,7.65,6.78,6.88,33644001.0,296623776.0,6027729000.0,0.005581538420191087
2016-02-26,6.92,7.05,6.77,7.0,17585170.0,148052134.0,6027729000.0,0.0029173789996199233
2016-02-29,6.82,6.96,6.46,6.76,21334605.0,172129901.0,6027729000.0,0.003539410116148221
2016-03-01,6.79,6.85,6.6,6.74,18002083.0,146928211.0,6027729000.0,0.002986544849644037
2016-03-02,6.76,7.05,6.74,7.04,22664904.0,190704817.0,6027729000.0,0.0037601066670382827
2016-03-03,7.05,7.2,7.01,7.16,23038968.0,198676393.0,6027729000.0,0.003822163869676291
2016-03-04,7.19,7.38,6.93,7.26,36824796.0,323386001.0,6027729000.0,0.006109232183464121
2016-03-07,7.48,7.48,7.19,7.29,22030434.0,195630482.0,6027729000.0,0.0036548481194161185
2016-03-08,7.33,7.34,6.96,7.29,18589188.0,160709242.0,6027729000.0,0.003083945545660729
2016-03-09,7.12,7.2,7.0,7.17,13842415.0,119413409.0,6027729000.0,0.0022964560948244357
2016-03-10,7.16,7.21,6.98,7.0,11045348.0,94885036.0,6027729000.0,0.001832422791402865
2016-03-11,6.97,7.06,6.85,7.01,9207026.0,77907351.0,6027729000.0,0.0015274452451329514
2016-03-14,7.08,7.3,7.07,7.22,18275213.0,160424576.0,6027729000.0,0.0030318571057192517
2016-03-15,7.22,7.55,7.14,7.53,27617497.0,245721739.0,6027729000.0,0.004581741647642089
2016-03-16,7.44,7.61,7.35,7.48,24317653.0,221014493.0,6027729000.0,0.004034297660030834
2016-03-17,7.48,7.59,7.41,7.52,18820306.0,171884489.0,6027729000.0,0.00312228801261636
2016-03-18,7.53,7.69,7.49,7.55,37265832.0,343181514.0,6027729000.0,0.006182400038223351
2016-03-21,7.58,7.69,7.53,7.63,34164970.0,315253853.0,6027729000.0,0.005667967156453119
2016-03-22,7.61,7.61,7.46,7.49,22249473.0,203384469.0,6027729000.0,0.003691186680754891
2016-03-23,7.45,7.72,7.44,7.6,24603457.0,226611832.0,6027729000.0,0.004081712532199108
2016-03-24,7.58,7.72,7.42,7.57,31539555.0,291049632.0,6027729000.0,0.005232410912965729
2016-03-25,7.56,7.58,7.43,7.49,19262629.0,175518771.0,6027729000.0,0.0031956693806241125
2016-03-28,7.45,7.54,7.37,7.4,18047957.0,163582528.0,6027729000.0,0.0029941553444091462
2016-03-29,7.38,7.42,7.25,7.32,14511648.0,129025055.0,6027729000.0,0.0024074818227561327
2016-03-30,7.39,7.52,7.37,7.52,16911740.0,153612533.0,6027729000.0,0.0028056569895561
2016-03-31,7.54,7.58,7.48,7.51,14300460.0,130769743.0,6027729000.0,0.0023724457420033315
2016-04-01,7.44,7.49,7.34,7.48,13487869.0,121440099.0,6027729000.0,0.002237636927605737
2016-04-05,7.48,7.57,7.44,7.56,26835294.0,244947327.0,6027729000.0,0.0044519742012290205
2016-04-06,7.53,7.58,7.48,7.52,17200217.0,157126384.0,6027729000.0,0.0028535153123174584
2016-04-07,7.56,7.57,7.41,7.43,16565964.0,150247270.0,6027729000.0,0.0027482927649866143
2016-04-08,7.37,7.39,7.19,7.29,15666397.0,139014961.0,6027729000.0,0.0025990546356679275
2016-04-11,7.3,7.43,7.3,7.39,12346101.0,110663625.0,6027729000.0,0.0020482176620747216
2016-04-12,7.39,7.41,7.28,7.34,10680671.0,94970242.0,6027729000.0,0.0017719228916893907
2016-04-13,7.37,7.48,7.34,7.45,20635896.0,186754022.0,6027729000.0,0.0034234943209955192
2016-04-14,7.5,7.58,7.47,7.5,16100589.0,146910928.0,6027729000.0,0.0026710870711009072
2016-04-15,7.54,7.57,7.42,7.48,13094825.0,119214078.0,6027729000.0,0.0021724309437268995
2016-04-18,7.48,7.48,7.32,7.36,10750149.0,96023833.0,6027729000.0,0.0017834492891103764
2016-04-19,7.36,7.42,7.33,7.37,7186288.0,64244188.0,6027729000.0,0.0011922048917594006
2016-04-20,7.38,7.39,6.79,7.14,22235765.0,191623023.0,6027729000.0,0.0036889125241031905
2016-04-21,7.11,7.12,6.98,7.01,8903453.0,76308915.0,6027729000.0,0.0014770824965754101
2016-04-22,6.97,7.07,6.92,7.07,6703600.0,57088693.0,6027729000.0,0.001112126971866187
2016-04-25,7.05,7.14,6.93,7.09,10068453.0,85971294.0,6027729000.0,0.0016703559499771804
2016-04-26,7.09,7.11,7.02,7.09,6700917.0,57532705.0,6027729000.0,0.001111681862273503
2016-04-27,7.1,7.18,7.04,7.08,9894338.0,85564012.0,6027729000.0,0.0016414702784415158
2016-04-28,7.09,7.12,6.95,7.02,7683563.0,65402458.0,6027729000.0,0.0012747027943691563
2016-04-29,7.01,7.02,6.96,6.97,7192425.0,60983316.0,6027729000.0,0.00119322301981393
2016-05-03,6.97,7.11,6.93,7.11,10595645.0,90812885.0,6027729000.0,0.0017578170816903015
2016-05-04,7.11,7.53,7.11,7.4,30141063.0,270857277.0,6027729000.0,0.005000401146103284
2016-05-05,7.33,7.39,7.27,7.36,13286421.0,118064056.0,6027729000.0,0.0022042167124633506
2016-05-06,7.4,7.41,7.06,7.08,16362367.0,143398875.0,6027729000.0,0.002714516030830185
2016-05-09,7.08,7.08,6.83,6.88,14332870.0,120005352.0,6027729000.0,0.0023778225597069808
2016-05-10,6.83,6.92,6.82,6.87,7402781.0,61714587.0,6027729000.0,0.0012281210718000095
2016-05-11,6.89,7.14,6.81,6.99,17310502.0,147134749.0,6027729000.0,0.002871811589406226
2016-05-12,6.92,7.06,6.82,7.03,11783989.0,99730070.0,6027729000.0,0.0019549633037583476
2016-05-13,6.94,7.06,6.92,6.95,7053009.0,59764848.0,6027729000.0,0.001170093910990358
2016-05-16,6.9,6.97,6.85,6.97,6007349.0,50537492.0,6027729000.0,0.000996618958815169
2016-05-17,6.97,6.98,6.88,6.92,5336427.0,44873481.0,6027729000.0,0.0008853130258510294
2016-05-18,6.9,6.91,6.76,6.87,9507964.0,78848334.0,6027729000.0,0.0015773708472958886
2016-05-19,6.87,6.9,6.8,6.83,6540595.0,54482557.0,6027729000.0,0.0010850844488861395
2016-05-20,6.82,6.84,6.75,6.83,5756597.0,47553305.0,6027729000.0,0.000955019212044868
2016-05-23,6.85,6.91,6.83,6.88,6249888.0,52228584.0,6027729000.0,0.0010368561692139775
2016-05-24,6.91,6.99,6.81,6.89,9432156.0,78969182.0,6027729000.0,0.0015647943031280936
2016-05-25,6.93,6.94,6.82,6.83,7527244.0,62749820.0,6027729000.0,0.0012487694785216787
2016-05-26,6.88,6.91,6.78,6.87,7175337.0,59597690.0,6027729000.0,0.001190388121297424
2016-05-27,6.86,6.88,6.8,6.87,5713408.0,47581432.0,6027729000.0,0.0009478541586723624
2016-05-30,6.88,7.05,6.78,6.99,11978357.0,100739886.0,6027729000.0,0.0019872089471839227
2016-05-31,7.0,7.23,6.97,7.21,22440271.0,189993248.0,6027729000.0,0.0037228400613232614
2016-06-01,7.22,7.29,7.15,7.15,12620164.0,108129418.0,6027729000.0,0.002093684702812618
2016-06-02,7.14,7.26,7.13,7.21,9492095.0,81239764.0,6027729000.0,0.0015747381808306246
2016-06-03,7.2,7.38,7.18,7.29,14827007.0,128833260.0,6027729000.0,0.002459799868242252
2016-06-06,7.31,7.33,7.25,7.29,7689430.0,66531291.0,6027729000.0,0.0012756761294344852
2016-06-07,7.33,7.38,7.28,7.34,10221125.0,89157208.0,6027729000.0,0.0016956842286705324
2016-06-08,7.34,7.34,7.2,7.28,6493437.0,56015459.0,6027729000.0,0.0010772609385723878
2016-06-13,7.23,7.23,7.02,7.02,8576161.0,72872951.0,6027729000.0,0.0014227847668665927
2016-06-14,7.01,7.14,7.0,7.07,6356650.0,53363045.0,6027729000.0,0.0010545679807436599
2016-06-15,7.06,7.39,7.0,7.32,14666342.0,126913665.0,6027729000.0,0.0024331455511686076
2016-06-16,7.29,7.36,7.18,7.19,9479499.0,81601118.0,6027729000.0,0.0015726485049344454
2016-06-17,7.22,7.45,7.19,7.32,21133882.0,184589437.0,6027729000.0,0.003506110178476836
2016-06-20,7.33,7.37,7.23,7.26,8369822.0,72227699.0,6027729000.0,0.0013885531350198391
2016-06-21,7.29,7.38,7.26,7.28,10654279.0,92540296.0,6027729000.0,0.0017675444599450306
2016-06-22,7.26,7.36,7.24,7.33,6780352.0,58765878.0,6027729000.0,0.0011248601255962236
2016-06-23,7.3,7.36,7.13,7.21,11810887.0,101474504.0,6027729000.0,0.0019594256808824683
2016-06-24,7.21,7.27,6.97,7.07,11792736.0,99374093.0,6027729000.0,0.0019564144307084807
2016-06-27,7.04,7.13,7.02,7.13,6988352.0,58904637.0,6027729000.0,0.0011593673172765398
2016-06-28,7.13,7.14,7.06,7.11,10450931.0,88058383.0,6027729000.0,0.0017338090348786416
2016-06-29,7.12,7.15,7.1,7.13,8866913.0,74956893.0,6027729000.0,0.0014710205120369545
2016-06-30,7.16,7.16,7.08,7.11,6522763.0,55064994.0,6027729000.0,0.0010821261207993923
2016-07-01,7.12,7.18,7.08,7.17,10316888.0,87594266.0,6027729000.0,0.001711571306540158
2016-07-04,7.16,7.88,7.11,7.88,73073378.0,668115875.0,6027729000.0,0.012122870487375925
2016-07-05,7.9,7.93,7.78,7.83,29286535.0,273076193.0,6027729000.0,0.004858634985083105
2016-07-06,7.88,7.88,7.66,7.78,20822991.0,191779756.0,6027729000.0,0.0034545333740120037
2016-07-07,7.83,8.25,7.75,7.88,36674094.0,348782066.0,6027729000.0,0.006084230727691971
2016-07-08,7.88,7.96,7.75,7.8,14831463.0,137879133.0,6027729000.0,0.0024605391184640184
2016-07-11,7.72,7.89,7.7,7.74,21000642.0,193687729.0,6027729000.0,0.0034840056678062336
2016-07-12,7.73,8.24,7.64,8.15,38809946.0,366056716.0,6027729000.0,0.0064385684890611375
2016-07-13,8.19,8.39,8.09,8.11,32278766.0,314290952.0,6027729000.0,0.005355045988298412
2016-07-14,8.0,8.15,7.98,8.11,16092299.0,154058212.0,6027729000.0,0.0026697117604324947
2016-07-15,8.09,8.17,8.04,8.09,11820525.0,113698180.0,6027729000.0,0.001961024624696963
2016-07-18,8.09,8.63,8.03,8.46,43626347.0,436719641.0,6027729000.0,0.007237609222312417
2016-07-19,8.51,8.55,8.27,8.33,18923033.0,187748733.0,6027729000.0,0.0031393304178074363
2016-07-20,8.34,8.5,8.3,8.46,15585401.0,155719292.0,6027729000.0,0.002585617402507644
2016-07-21,8.45,8.57,8.34,8.46,15519450.0,155808823.0,6027729000.0,0.002574676134245584
2016-07-22,8.46,8.51,8.17,8.19,22110325.0,217558897.0,6027729000.0,0.0036681020331206
2016-07-25,8.17,8.32,8.01,8.04,13254960.0,128420645.0,6027729000.0,0.0021989973338217427
2016-07-26,8.05,8.51,8.05,8.43,23067311.0,228352025.0,6027729000.0,0.003826865972242614
2016-07-27,8.46,8.54,8.02,8.41,33743550.0,334359580.0,6027729000.0,0.005598053595309278
2016-07-28,8.34,9.18,8.23,8.81,43559240.0,455761121.0,6027729000.0,0.007226476173696594
2016-07-29,9.0,9.6,9.0,9.24,55749437.0,613847524.0,6027729000.0,0.009248829368407239
2016-08-01,9.08,9.21,8.75,8.98,29523744.0,312129705.0,6027729000.0,0.0048979879486951055
2016-08-02,8.84,9.17,8.73,9.14,18522618.0,195864516.0,6027729000.0,0.0030729015853234276
2016-08-03,8.97,9.35,8.94,9.03,26575122.0,288903389.0,6027729000.0,0.004408811676835505
2016-08-04,8.95,9.04,8.73,9.0,19503726.0,205710333.0,6027729000.0,0.0032356673632805985
2016-08-05,9.01,9.01,8.77,8.81,20013974.0,211060008.0,6027729000.0,0.003320317486071454
2016-08-08,8.82,8.89,8.59,8.85,17197991.0,178233557.0,6027729000.0,0.0028531460190064947
2016-08-09,8.93,9.1,8.82,8.94,22751110.0,241822909.0,6027729000.0,0.0037744082389901735
2016-08-10,8.85,9.02,8.83,8.94,19640092.0,207909075.0,6027729000.0,0.0032582904772261658
2016-08-11,8.95,9.27,8.9,8.91,18443421.0,198707729.0,6027729000.0,0.0030597628061911873
2016-08-12,8.86,9.1,8.72,9.01,20443391.0,215599473.0,6027729000.0,0.0033915577491954265
2016-08-15,9.03,9.25,9.03,9.18,24954031.0,271674972.0,6027729000.0,0.0041398727447766815
2016-08-16,9.19,9.34,9.02,9.11,22809067.0,246787741.0,6027729000.0,0.0037840233029719818
2016-08-17,9.1,9.12,9.01,9.04,11407786.0,122508175.0,6027729000.0,0.0018925512411058958
2016-08-18,9.01,9.09,8.89,8.92,13444635.0,143009382.0,6027729000.0,0.002230464408735031
2016-08-19,8.87,8.95,8.76,8.83,11771383.0,123541646.0,6027729000.0,0.0019528719688625682
2016-08-22,8.83,8.89,8.8,8.81,7738099.0,81289493.0,6027729000.0,0.0012837503145877991
2016-08-23,8.85,8.87,8.76,8.78,6382870.0,66760160.0,6027729000.0,0.0010589178776948998
2016-08-24,8.79,8.84,8.75,8.8,6156908.0,64304253.0,6027729000.0,0.0010214307909330363
2016-08-25,8.76,8.8,8.49,8.63,15380047.0,156909658.0,6027729000.0,0.002551549182121492
2016-08-26,8.64,8.7,8.6,8.62,7995491.0,82045003.0,6027729000.0,0.0013264516370925102
2016-08-29,8.61,8.68,8.53,8.68,16113584.0,164660150.0,6027729000.0,0.002673242941081127
2016-08-30,8.68,8.89,8.65,8.77,12212673.0,127226127.0,6027729000.0,0.002026081962211639
2016-08-31,8.78,8.85,8.72,8.84,8230539.0,85983275.0,6027729000.0,0.0013654460908909475
2016-09-01,8.86,8.89,8.78,8.79,10958027.0,114842181.0,6027729000.0,0.0018179362409955723
2016-09-02,8.74,8.8,8.58,8.73,17331632.0,178626865.0,6027729000.0,0.002875317055561058
2016-09-05,8.74,8.81,8.68,8.75,6604200.0,68587652.0,6027729000.0,0.001095636515842036
2016-09-06,8.84,9.01,8.8,8.92,18902386.0,199835004.0,6027729000.0,0.0031359050813332848
2016-09-07,8.92,8.96,8.83,8.84,8388034.0,88490539.0,6027729000.0,0.001391574505091387
2016-09-08,8.84,8.89,8.75,8.84,7319537.0,76666937.0,6027729000.0,0.0012143108955296432
2016-09-09,8.83,8.86,8.68,8.68,8564329.0,89170710.0,6027729000.0,0.0014208218385398548
2016-09-12,8.58,8.6,8.28,8.59,18693343.0,187568925.0,6027729000.0,0.003101224855994687
2016-09-13,8.57,8.6,8.44,8.58,5871364.0,59373659.0,6027729000.0,0.0009740590527543624
2016-09-14,8.5,8.72,8.45,8.57,6489528.0,66110231.0,6027729000.0,0.0010766124356287419
2016-09-19,8.57,8.62,8.53,8.58,6570463.0,66878307.0,6027729000.0,0.0010900395488914647
2016-09-20,8.59,8.59,8.48,8.53,6889654.0,69722200.0,6027729000.0,0.00114299332302431
2016-09-21,8.52,8.56,8.47,8.5,5483046.0,55461529.0,6027729000.0,0.0009096371120864922
2016-09-22,8.5,8.73,8.5,8.68,13338461.0,136621877.0,6027729000.0,0.0022128501463818295
2016-09-23,8.68,8.73,8.58,8.61,4831320.0,49687435.0,6027729000.0,0.0008015157947545418
2016-09-26,8.62,8.73,8.58,8.58,8662558.0,89136432.0,6027729000.0,0.001437118025710844
2016-09-27,8.58,8.74,8.55,8.71,8832149.0,90981507.0,6027729000.0,0.0014652531658274617
2016-09-28,8.84,9.05,8.83,9.02,21192344.0,225259425.0,6027729000.0,0.003515809021938445
2016-09-29,8.99,9.08,8.9,8.91,11788612.0,125461007.0,6027729000.0,0.0019557302592734345
2016-09-30,8.93,9.05,8.87,9.0,8924757.0,95034973.0,6027729000.0,0.0014806168293232825
2016-10-10,9.1,9.56,9.1,9.41,23094352.0,257983030.0,6027729000.0,0.0038313520730610152
2016-10-11,9.48,9.53,9.26,9.27,22524985.0,251455632.0,6027729000.0,0.00373689411053483
2016-10-12,9.32,9.33,9.18,9.32,8112832.0,89006722.0,6027729000.0,0.0013459185042990487
2016-10-13,9.31,9.35,9.18,9.2,6590775.0,72196649.0,6027729000.0,0.0010934093088790157
2016-10-14,9.12,9.29,9.05,9.26,7150154.0,77636505.0,6027729000.0,0.0011862102626047056
2016-10-17,9.26,9.3,9.1,9.16,7232123.0,79106069.0,6027729000.0,0.0011998089164260704
2016-10-18,9.16,9.56,9.16,9.5,22695900.0,255319326.0,6027729000.0,0.0037652489021984896
2016-10-19,9.5,9.58,9.34,9.5,10587231.0,119408339.0,6027729000.0,0.0017564211994268487
2016-10-20,9.5,9.6,9.42,9.49,10836511.0,122450044.0,6027729000.0,0.0017977767414560277
2016-10-21,9.49,9.58,9.41,9.46,8429774.0,94981230.0,6027729000.0,0.0013984991694218503
2016-10-24,9.49,9.53,9.33,9.41,13938837.0,155739283.0,6027729000.0,0.002312452500767702
2016-10-25,9.44,9.46,9.22,9.36,14898147.0,165124682.0,6027729000.0,0.0024716019913967597
2016-10-26,9.26,9.26,8.78,8.93,56072500.0,592837024.0,6027729000.0,0.00930242550718521
2016-10-27,8.93,8.93,8.78,8.87,14778177.0,155043008.0,6027729000.0,0.0024516989731953776
2016-10-28,8.87,8.91,8.83,8.88,9134343.0,96211601.0,6027729000.0,0.001515387138340161
2016-10-31,8.83,8.93,8.77,8.9,12081767.0,127025356.0,6027729000.0,0.00200436466204768
2016-11-01,8.9,8.96,8.86,8.95,8657110.0,91754795.0,6027729000.0,0.0014362142027287558
2016-11-02,8.95,8.95,8.79,8.8,8496310.0,89288859.0,6027729000.0,0.0014095374891605113
2016-11-03,8.78,8.93,8.74,8.86,8996957.0,94545336.0,6027729000.0,0.001492594806435392
2016-11-04,8.91,8.99,8.8,8.83,8935051.0,94049686.0,6027729000.0,0.0014823246035115382
2016-11-07,8.83,8.85,8.76,8.79,7638737.0,79807576.0,6027729000.0,0.0012672661627621282
2016-11-08,8.79,8.91,8.78,8.84,13265992.0,139061229.0,6027729000.0,0.0022008275421804796
2016-11-09,8.84,8.87,8.63,8.75,10630823.0,110328374.0,6027729000.0,0.001763653110483235
2016-11-10,8.79,8.87,8.76,8.83,9224000.0,96718097.0,6027729000.0,0.0015302612310540173
2016-11-11,8.84,8.89,8.75,8.84,8730283.0,91391933.0,6027729000.0,0.0014483536005019469
2016-11-14,8.84,8.91,8.82,8.88,11531661.0,121425775.0,6027729000.0,0.0019131020986510841
2016-11-15,8.89,8.97,8.89,8.94,10564115.0,112123829.0,6027729000.0,0.0017525862559514536
2016-11-16,8.93,8.94,8.84,8.92,9904401.0,104404941.0,6027729000.0,0.0016431397297390112
2016-11-17,8.92,8.93,8.85,8.9,7805943.0,82351098.0,6027729000.0,0.0012950056314741422
2016-11-18,8.91,8.91,8.85,8.88,5372544.0,56585627.0,6027729000.0,0.0008913048347064044
2016-11-21,8.86,8.99,8.82,8.86,12269484.0,129559763.0,6027729000.0,0.0020355069048392854
2016-11-22,8.82,8.89,8.82,8.86,10596674.0,111387068.0,6027729000.0,0.0017579877927491432
2016-11-23,8.87,8.91,8.68,8.82,13379232.0,140251786.0,6027729000.0,0.002219614053651052
2016-11-24,8.8,9.18,8.77,9.1,27165351.0,290249890.0,6027729000.0,0.004506730644327241
2016-11-25,9.1,9.34,9.02,9.31,27597951.0,301464825.0,6027729000.0,0.004578498967023899
2016-11-28,9.35,9.38,9.16,9.21,15860471.0,173522374.0,6027729000.0,0.0026312515045052625
2016-11-29,9.21,9.58,9.16,9.4,26358982.0,294083322.0,6027729000.0,0.004372954059480776
2016-11-30,9.32,9.32,9.09,9.13,14402048.0,156654406.0,6027729000.0,0.002389299187139966
2016-12-01,9.16,9.37,9.1,9.27,12973571.0,142838159.0,6027729000.0,0.0021523149099768753
2016-12-02,9.3,9.31,9.01,9.07,13010025.0,140701395.0,6027729000.0,0.0021583626271187706
2016-12-05,8.94,9.2,8.94,9.14,11055803.0,119716570.0,6027729000.0,0.001834157275484681
2016-12-06,9.1,9.16,9.01,9.07,10799881.0,116049276.0,6027729000.0,0.001791699825921172
2016-12-07,9.16,9.39,9.16,9.31,21605626.0,238832483.0,6027729000.0,0.003584372489207793
2016-12-08,9.34,9.42,9.25,9.35,12817354.0,142185424.0,6027729000.0,0.002126398515925318
2016-12-09,9.4,9.42,9.19,9.34,14302975.0,158111915.0,6027729000.0,0.0023728629804027354
2016-12-12,9.22,9.36,9.05,9.32,16428824.0,179773292.0,6027729000.0,0.002725541244472006
2016-12-13,9.28,9.73,9.16,9.68,33490113.0,378731433.0,6027729000.0,0.005556008407146373
2016-12-14,9.66,9.66,9.45,9.5,17569827.0,198808255.0,6027729000.0,0.0029148335965336197
2016-12-15,9.46,9.53,9.21,9.35,17999474.0,199650066.0,6027729000.0,0.0029861120166483927
2016-12-16,9.37,9.48,9.25,9.27,14484859.0,160601728.0,6027729000.0,0.0024030375287276517
2016-12-19,9.22,9.26,9.01,9.09,13316750.0,144267105.0,6027729000.0,0.002209248292350237
2016-12-20,9.08,9.15,8.94,9.08,9729003.0,104439911.0,6027729000.0,0.0016140412085546645
2016-12-21,9.05,9.14,9.02,9.08,10174904.0,109608407.0,6027729000.0,0.0016880161666193022
2016-12-22,9.01,9.08,8.9,9.06,10921962.0,116600459.0,6027729000.0,0.0018119530589381175
2016-12-23,9.03,9.05,8.93,9.03,8305986.0,88528375.0,6027729000.0,0.0013779627451731822
2016-12-26,9.0,9.19,8.89,9.16,9316327.0,100428193.0,6027729000.0,0.0015455782766610774
2016-12-27,9.13,9.26,9.12,9.15,8393888.0,91572321.0,6027729000.0,0.0013925456834572357
2016-12-28,9.15,9.16,9.04,9.1,4966855.0,53574861.0,6027729000.0,0.0008240010458333478
2016-12-29,9.1,9.24,9.03,9.22,8273980.0,90173811.0,6027729000.0,0.0013726529510533735
2016-12-30,9.23,9.33,9.19,9.32,8053874.0,88742764.0,6027729000.0,0.001336137374457279
2017-01-03,9.35,9.37,9.21,9.26,8622414.0,95038443.0,6027729000.0,0.001430458137716543
2017-01-04,9.26,9.32,9.19,9.26,10548173.0,115757652.0,6027729000.0,0.0017499414787891096
2017-01-05,9.3,9.32,9.16,9.18,8177777.0,89420275.0,6027729000.0,0.0013566928772013472
2017-01-06,9.12,9.22,9.1,9.21,8428701.0,91752134.0,6027729000.0,0.0013983211587647686
2017-01-09,9.32,9.52,9.26,9.42,20867033.0,233542120.0,6027729000.0,0.0034618399400503904
2017-01-10,9.43,9.48,9.36,9.4,9301589.0,104031820.0,6027729000.0,0.001543133243050575
2017-01-11,9.44,9.48,9.26,9.26,8701264.0,96532561.0,6027729000.0,0.0014435393495626629
2017-01-12,9.25,9.26,9.1,9.15,8344445.0,90846035.0,6027729000.0,0.0013843430917348807
2017-01-13,9.21,9.26,9.15,9.21,13356462.0,145823612.0,6027729000.0,0.002215836511561817
2017-01-16,9.27,9.4,9.15,9.39,22570462.0,248984401.0,6027729000.0,0.003744438743015819
2017-01-17,9.35,9.42,9.25,9.37,9854453.0,108991080.0,6027729000.0,0.0016348533585368553
2017-01-18,9.37,9.65,9.32,9.57,23095418.0,261814445.0,6027729000.0,0.0038315289224183768
2017-01-19,9.53,9.69,9.46,9.63,14727698.0,167966241.0,6027729000.0,0.002443324509114461
2017-01-20,9.64,9.66,9.54,9.64,12824962.0,146391308.0,6027729000.0,0.0021276606828210093
2017-01-23,9.64,9.69,9.48,9.63,12608174.0,143418164.0,6027729000.0,0.0020916955622922
2017-01-24,9.61,9.95,9.53,9.76,22623497.0,262102891.0,6027729000.0,0.0037532372473945
2017-01-25,9.76,9.78,9.64,9.74,9141435.0,105424574.0,6027729000.0,0.0015165637008564916
2017-01-26,9.79,9.85,9.69,9.74,10884551.0,126361771.0,6027729000.0,0.0018057465755345007
2017-02-03,9.69,9.75,9.59,9.61,8048753.0,92251129.0,6027729000.0,0.0013352878007621112
2017-02-06,9.6,10.19,9.54,10.12,31151049.0,370506460.0,6027729000.0,0.005167957783105378
2017-02-07,10.1,10.58,10.06,10.33,34379714.0,422111219.0,6027729000.0,0.005703593177463685
2017-02-08,10.3,10.45,10.21,10.4,17690688.0,217620178.0,6027729000.0,0.0029348844315993635
2017-02-09,10.36,10.76,10.24,10.38,30675350.0,381450608.0,6027729000.0,0.005089039338032616
2017-02-10,10.35,10.49,10.23,10.33,18883762.0,232263009.0,6027729000.0,0.0031328153604782165
2017-02-13,10.39,10.42,10.21,10.35,17848433.0,218219127.0,6027729000.0,0.0029610543207898034
2017-02-14,10.33,10.72,10.28,10.71,27132466.0,340013942.0,6027729000.0,0.0045012750241425915
2017-02-15,10.63,10.7,10.3,10.32,27594330.0,342930673.0,6027729000.0,0.004577898243268734
2017-02-16,10.32,10.41,10.18,10.32,17069286.0,207620355.0,6027729000.0,0.002831793864654499
2017-02-17,10.32,10.34,10.07,10.13,15806244.0,190869859.0,6027729000.0,0.00262225524737426
2017-02-20,10.13,10.51,10.12,10.49,27274475.0,335687343.0,6027729000.0,0.004524834311562448
2017-02-21,10.5,10.72,10.42,10.45,31915498.0,401445382.0,6027729000.0,0.0052947798416285805
2017-02-22,10.46,10.99,10.41,10.94,40742578.0,521990678.0,6027729000.0,0.006759192060558794
2017-02-23,10.87,11.11,10.77,10.96,24141094.0,313519349.0,6027729000.0,0.004005006528992926
2017-02-24,10.96,11.0,10.75,10.84,16223635.0,208358510.0,6027729000.0,0.002691500397579254
2017-02-27,10.87,11.22,10.85,10.95,21848985.0,286441721.0,6027729000.0,0.0036247457375738028
2017-02-28,10.92,11.17,10.85,11.03,17265739.0,225882631.0,6027729000.0,0.0028643854094966776
2017-03-01,11.03,11.09,10.88,10.93,18402609.0,239597135.0,6027729000.0,0.0030529920970236053
2017-03-02,10.95,10.97,10.65,10.79,17858909.0,228508041.0,6027729000.0,0.002962792288770779
2017-03-03,10.74,10.92,10.71,10.88,11929545.0,153495144.0,6027729000.0,0.0019791110383363284
2017-03-06,10.92,10.92,10.64,10.76,21561913.0,274936077.0,6027729000.0,0.0035771205042562466
2017-03-07,10.76,10.78,10.64,10.76,18190573.0,230929507.0,6027729000.0,0.003017815333104723
2017-03-08,10.77,10.77,10.57,10.63,13453864.0,169934444.0,6027729000.0,0.002231995499465885
2017-03-09,10.63,10.71,10.49,10.7,13135966.0,165126418.0,6027729000.0,0.002179256233981322
2017-03-10,10.69,10.76,10.56,10.71,12645487.0,160303943.0,6027729000.0,0.0020978857874997367
2017-03-13,10.7,11.08,10.66,10.93,25859853.0,335765477.0,6027729000.0,0.004290148578345178
2017-03-14,10.93,11.12,10.85,11.05,16959532.0,221096110.0,6027729000.0,0.0028135856804444924
2017-03-15,10.97,11.08,10.88,10.97,15479682.0,201700768.0,6027729000.0,0.0025680786246362435
2017-03-16,11.04,11.08,10.76,10.85,20324692.0,262842124.0,6027729000.0,0.0033718655898432063
2017-03-17,10.86,10.9,10.22,10.43,51997900.0,649622481.0,6027729000.0,0.008626449530163019
2017-03-20,10.36,10.54,10.22,10.5,21506150.0,265185194.0,6027729000.0,0.0035678694247866815
2017-03-21,10.45,10.5,10.36,10.4,11647916.0,143878179.0,6027729000.0,0.0019323887985010608
2017-03-22,10.38,10.47,10.29,10.43,10147582.0,125143355.0,6027729000.0,0.0016834834479121407
2017-03-23,10.34,10.51,10.34,10.48,15771637.0,195589740.0,6027729000.0,0.002616513947458487
2017-03-24,10.48,10.65,10.38,10.54,20273608.0,254115008.0,6027729000.0,0.0033633907562864887
2017-03-27,10.59,10.81,10.53,10.56,18388620.0,231960917.0,6027729000.0,0.003050671322483144
2017-03-28,10.6,10.6,10.43,10.54,10564703.0,131793022.0,6027729000.0,0.0017526838051279345
2017-03-29,10.54,10.61,10.49,10.5,9385087.0,117506726.0,6027729000.0,0.001556985557910782
2017-03-30,10.46,10.6,10.28,10.54,15814287.0,195998919.0,6027729000.0,0.002623589580752552
2017-03-31,10.53,10.64,10.44,10.6,13495079.0,169424693.0,6027729000.0,0.002238833066317348
2017-04-05,11.66,11.66,11.45,11.66,197636695.0,2734271595.0,6027729000.0,0.032787919795332535
2017-04-06,11.79,11.79,11.04,11.13,136352041.0,1843939558.0,6027729000.0,0.022620798148025565
2017-04-07,11.02,11.34,10.78,11.17,88003728.0,1160101103.0,6027729000.0,0.014599814955184615
2017-04-10,11.25,12.17,11.22,11.69,140597224.0,1946998033.0,6027729000.0,0.023325073837924697
2017-04-11,11.67,12.78,11.53,12.57,150545518.0,2200703870.0,6027729000.0,0.024975495414608057
2017-04-12,12.12,12.25,11.45,11.55,107989024.0,1515914825.0,6027729000.0,0.017915374762203146
2017-04-13,11.38,12.03,11.33,11.72,60671034.0,849831550.0,6027729000.0,0.010065322113850838
2017-04-14,11.84,12.0,11.44,11.55,51960862.0,718904849.0,6027729000.0,0.008620304927444483
2017-04-17,11.45,11.45,11.1,11.24,40222671.0,536939235.0,6027729000.0,0.0066729395100542845
2017-04-18,11.24,11.42,11.14,11.15,29147674.0,390015973.0,6027729000.0,0.004835597950737334
2017-04-19,11.12,11.28,10.8,11.27,40703431.0,532638155.0,6027729000.0,0.006752697574824614
2017-04-20,11.23,11.4,11.13,11.32,38033813.0,508692228.0,6027729000.0,0.006309808055405278
2017-04-21,11.24,11.4,11.12,11.24,25285157.0,337163283.0,6027729000.0,0.004194806534932144
2017-04-24,11.25,11.31,10.78,11.24,33861944.0,444847697.0,6027729000.0,0.005617695155173698
2017-04-25,11.24,11.45,11.05,11.22,32971608.0,441792178.0,6027729000.0,0.005469988448385785
2017-04-26,11.12,11.43,11.05,11.34,39755355.0,533404283.0,6027729000.0,0.006595411804346214
2017-04-27,11.29,11.33,10.97,11.03,34133334.0,451910509.0,6027729000.0,0.005662718745318511
2017-04-28,10.69,10.84,10.43,10.63,64429405.0,812791524.0,6027729000.0,0.010688835712421709
2017-05-02,10.52,10.52,10.21,10.32,43410725.0,530952660.0,6027729000.0,0.0072018375411369686
2017-05-03,10.28,10.34,10.19,10.28,24786990.0,301658717.0,6027729000.0,0.004112160649558067
2017-05-04,10.22,10.47,10.18,10.34,31646487.0,388865059.0,6027729000.0,0.005250150927488611
2017-05-05,10.28,10.34,10.2,10.33,22621692.0,275728832.0,6027729000.0,0.003752937797966697
2017-05-08,10.3,10.3,9.86,10.19,36957433.0,441593432.0,6027729000.0,0.006131236656458842
2017-05-09,10.04,10.11,9.9,10.03,15960357.0,189722197.0,6027729000.0,0.002647822587909974
2017-05-10,10.03,10.16,9.85,9.93,16938173.0,201138796.0,6027729000.0,0.00281004222319882
2017-05-11,9.9,10.06,9.74,10.02,20091426.0,236628882.0,6027729000.0,0.0033331667697734917
2017-05-12,9.95,10.05,9.9,9.96,11297371.0,133830905.0,6027729000.0,0.0018742333970223279
2017-05-15,9.98,10.14,9.98,10.06,11486957.0,137137766.0,6027729000.0,0.001905685706839176
2017-05-16,10.11,10.38,9.99,10.33,18547823.0,224493981.0,6027729000.0,0.003077083093815266
2017-05-17,10.34,10.49,10.28,10.39,19952503.0,246206805.0,6027729000.0,0.0033101194496302005
2017-05-18,10.28,10.38,10.17,10.22,12251692.0,149004776.0,6027729000.0,0.002032555212750938
2017-05-19,10.22,10.3,10.12,10.24,7290669.0,88372380.0,6027729000.0,0.0012095216954843193
2017-05-22,10.23,10.28,10.01,10.22,11587792.0,139599259.0,6027729000.0,0.0019224142293059294
2017-05-23,10.17,10.37,10.03,10.35,16092259.0,195450628.0,6027729000.0,0.0026697051244340946
2017-05-24,10.28,10.39,10.2,10.37,14034770.0,171898044.0,6027729000.0,0.0023283677816305277
2017-05-25,10.47,10.47,10.12,10.28,15472115.0,183335428.0,6027729000.0,0.002566823259638912
2017-05-26,10.3,10.39,10.26,10.32,9027401.0,107291568.0,6027729000.0,0.0014976454648176784
2017-05-31,10.33,10.47,10.32,10.46,15455900.0,185424092.0,6027729000.0,0.0025641331917874875
2017-06-01,10.45,10.69,10.38,10.62,19249294.0,234209368.0,6027729000.0,0.003193457104657492
2017-06-02,10.62,10.62,10.45,10.55,12747795.0,155019164.0,6027729000.0,0.0021148586806075723
2017-06-05,10.58,10.65,10.5,10.58,10977667.0,133860139.0,6027729000.0,0.0018211945162100022
2017-06-06,10.57,10.59,10.46,10.56,8733969.0,106120724.0,6027729000.0,0.0014489651077545125
2017-06-07,10.49,10.62,10.46,10.59,13796080.0,168113273.0,6027729000.0,0.0022887691201777653
2017-06-08,10.57,10.69,10.53,10.58,14479754.0,177189198.0,6027729000.0,0.002402190609431844
2017-06-09,10.58,11.16,10.55,11.05,39055113.0,495302177.0,6027729000.0,0.00647924168455483
2017-06-12,11.23,12.13,11.23,12.02,72956740.0,991612679.0,6027729000.0,0.012103520247841268
2017-06-13,11.96,12.07,11.55,11.85,44872844.0,609049469.0,6027729000.0,0.007444403024754431
2017-06-14,11.74,12.04,11.47,11.55,33914208.0,457539355.0,6027729000.0,0.005626365750683217
2017-06-15,11.49,11.63,11.25,11.51,29652798.0,390405531.0,6027729000.0,0.004919398002133142
2017-06-16,11.43,11.46,11.26,11.34,19679797.0,257396659.0,6027729000.0,0.003264877535138026
2017-06-19,11.36,11.62,11.3,11.39,27088783.0,358264168.0,6027729000.0,0.004494028016189845
2017-06-20,11.44,11.56,11.3,11.41,21248708.0,280011929.0,6027729000.0,0.0035251598072839705
2017-06-21,11.43,11.48,11.27,11.44,19592182.0,256462154.0,6027729000.0,0.003250342210142493
2017-06-22,11.39,11.58,11.38,11.5,28035755.0,372000680.0,6027729000.0,0.004651130633112404
2017-06-23,11.4,11.43,11.1,11.31,28169611.0,365647862.0,6027729000.0,0.004673337338158368
2017-06-26,11.29,11.55,11.2,11.53,23378181.0,309257176.0,6027729000.0,0.0038784392928082863
2017-06-27,11.53,11.82,11.48,11.8,34175126.0,460594905.0,6027729000.0,0.005669652036446894
2017-06-28,11.68,11.72,11.47,11.54,27549378.0,368513426.0,6027729000.0,0.004570440708266745
2017-06-29,11.55,11.59,11.43,11.46,12238233.0,162439761.0,6027729000.0,0.002030322365189278
2017-06-30,11.45,11.57,11.38,11.52,11239323.0,148751180.0,6027729000.0,0.0018646032361441598
2017-07-03,11.44,11.57,11.41,11.51,10173294.0,134944882.0,6027729000.0,0.0016877490676836997
2017-07-04,11.5,11.73,11.44,11.54,24513774.0,327579070.0,6027729000.0,0.0040668341260862925
2017-07-05,11.5,11.58,11.21,11.54,23961922.0,314443357.0,6027729000.0,0.003975281901359534
2017-07-06,11.53,11.76,11.53,11.69,33526400.0,451740058.0,6027729000.0,0.005562028418994948
2017-07-07,11.69,12.03,11.57,11.92,35314074.0,482087267.0,6027729000.0,0.005858603464090705
2017-07-10,11.73,11.84,11.63,11.66,23307255.0,315096440.0,6027729000.0,0.0038666726722452185
2017-07-11,11.62,11.9,11.59,11.75,20626561.0,280049874.0,6027729000.0,0.003421945644868905
2017-07-12,11.66,11.73,11.28,11.39,27732171.0,366573263.0,6027729000.0,0.004600766059655303
2017-07-13,11.41,11.46,11.31,11.37,16608830.0,218078053.0,6027729000.0,0.0027554042326720395
2017-07-14,11.37,11.47,11.36,11.39,13374897.0,176126587.0,6027729000.0,0.002218894877324445
2017-07-17,11.43,11.47,10.78,11.05,24151028.0,308061458.0,6027729000.0,0.004006654579195581
2017-07-18,11.0,11.05,10.67,10.88,19835585.0,247751796.0,6027729000.0,0.003290722758106743
2017-07-19,10.84,10.89,10.65,10.81,27780044.0,344568907.0,6027729000.0,0.0046087081884404555
2017-07-20,10.76,10.97,10.76,10.91,18069212.0,226781502.0,6027729000.0,0.0029976815480589787
2017-07-21,10.92,11.49,10.84,11.39,35620784.0,463369078.0,6027729000.0,0.005909486640822771
2017-07-24,10.76,11.79,10.71,11.49,48812675.0,636545626.0,6027729000.0,0.008098020830067177
2017-07-25,11.4,11.69,11.29,11.47,18780451.0,248616968.0,6027729000.0,0.0031156760697104995
2017-07-26,11.42,11.6,11.24,11.54,18127645.0,239498777.0,6027729000.0,0.0030073755804217476
2017-07-27,11.5,11.61,11.3,11.55,14290335.0,189024302.0,6027729000.0,0.0023707660049083162
2017-07-28,11.54,11.55,11.4,11.4,8029616.0,106034462.0,6027729000.0,0.0013321129732275622
2017-07-31,11.4,11.4,11.19,11.27,15815777.0,205554809.0,6027729000.0,0.0026238367716929544
2017-08-01,11.27,11.35,11.17,11.25,14574543.0,188872903.0,6027729000.0,0.002417916100740428
2017-08-02,11.24,11.34,11.21,11.31,10258178.0,133508386.0,6027729000.0,0.0017018313198884688
2017-08-03,11.3,11.38,11.19,11.28,8512089.0,110677273.0,6027729000.0,0.0014121552246293754
2017-08-04,11.26,11.3,11.13,11.16,9076505.0,117108737.0,6027729000.0,0.0015057918164535931
2017-08-07,11.14,11.16,10.88,11.03,13111358.0,166175559.0,6027729000.0,0.0021751737677656044
2017-08-08,11.03,11.36,11.03,11.32,15263611.0,197522905.0,6027729000.0,0.0025322324543787553
2017-08-09,11.24,11.47,11.17,11.35,13390762.0,175372695.0,6027729000.0,0.002221526880189869
2017-08-10,11.37,11.42,11.06,11.28,17832853.0,231394231.0,6027729000.0,0.00295846959941298
2017-08-11,11.21,11.27,11.01,11.26,13640806.0,175805970.0,6027729000.0,0.002263009169788489
2017-08-14,11.21,11.33,11.1,11.27,10360840.0,134163022.0,6027729000.0,0.0017188629415821448
2017-08-15,11.28,11.42,11.23,11.31,8885383.0,116005058.0,6027729000.0,0.0014740846842981826
2017-08-16,11.32,11.39,11.26,11.3,6365691.0,83052344.0,6027729000.0,0.0010560678822820336
2017-08-17,11.3,11.36,11.23,11.24,6680261.0,86812138.0,6027729000.0,0.0011082550326997117
2017-08-18,11.24,11.31,11.14,11.17,8595622.0,111011266.0,6027729000.0,0.0014260133459881822
2017-08-21,11.17,11.56,11.04,11.49,24747587.0,322494202.0,6027729000.0,0.004105623693434128
2017-08-23,11.27,11.48,11.18,11.3,19582383.0,256210673.0,6027729000.0,0.003248716556434438
2017-08-24,11.26,11.26,11.1,11.11,13490820.0,173789756.0,6027729000.0,0.0022381264983877013
2017-08-25,11.08,11.3,11.05,11.28,10430915.0,135180366.0,6027729000.0,0.0017304883812792513
2017-08-28,11.18,11.26,11.09,11.13,20372080.0,262083710.0,6027729000.0,0.0033797272571477583
2017-08-29,11.1,11.1,10.92,10.94,14707380.0,186228121.0,6027729000.0,0.00243995375372715
2017-08-30,11.01,11.04,10.84,10.86,12274275.0,154440391.0,6027729000.0,0.0020363017315476527
2017-08-31,10.87,10.93,10.66,10.91,15924688.0,198187686.0,6027729000.0,0.00264190510223668
2017-09-01,10.89,10.89,10.76,10.82,8401719.0,104850219.0,6027729000.0,0.0013938448460440076
2017-09-04,10.85,11.29,10.84,11.08,24941893.0,319798454.0,6027729000.0,0.004137859051062183
2017-09-05,11.17,11.22,10.98,11.0,8882022.0,113193985.0,6027729000.0,0.0014735270945326175
2017-09-06,11.03,11.03,10.88,10.94,6138033.0,77406308.0,6027729000.0,0.0010182994291880077
2017-09-07,10.93,10.98,10.84,10.87,6971282.0,87431981.0,6027729000.0,0.001156535404959314
2017-09-08,10.84,10.88,10.75,10.84,7879155.0,98314706.0,6027729000.0,0.0013071514993457736
2017-09-11,10.84,10.91,10.71,10.8,12397959.0,154257343.0,6027729000.0,0.0020568209022004806
2017-09-12,10.79,11.04,10.75,10.9,16174773.0,203710797.0,6027729000.0,0.0026833941937336597
2017-09-13,10.84,10.86,10.76,10.85,8470183.0,105547401.0,6027729000.0,0.0014052030209055516
2017-09-14,10.79,10.85,10.76,10.78,7301646.0,90847034.0,6027729000.0,0.0012113427793452559
2017-09-15,10.79,10.91,10.78,10.87,7885137.0,98584782.0,6027729000.0,0.0013081439129065027
2017-09-18,10.85,11.0,10.85,10.97,13540030.0,171093229.0,6027729000.0,0.002246290435419376
2017-09-19,11.01,11.31,10.93,11.01,30944607.0,396115433.0,6027729000.0,0.005133709063562745
2017-09-20,10.95,10.97,10.75,10.84,19420435.0,242714403.0,6027729000.0,0.003221849389712112
2017-09-21,10.84,10.88,10.68,10.72,15677308.0,194426641.0,6027729000.0,0.0026008647701315037
2017-09-22,10.73,10.79,10.66,10.74,10142714.0,125508088.0,6027729000.0,0.0016826758469068533
2017-09-25,10.74,10.75,10.42,10.72,22623599.0,275852108.0,6027729000.0,0.0037532541691904196
2017-09-26,10.63,10.75,10.54,10.66,6245094.0,76623875.0,6027729000.0,0.0010360608448057303
2017-09-27,10.58,10.76,10.56,10.71,8247821.0,101595292.0,6027729000.0,0.0013683131739996937
2017-09-28,10.65,10.72,10.58,10.63,6225287.0,76338746.0,6027729000.0,0.0010327748642979802
2017-10-16,11.69,11.69,11.17,11.19,56241716.0,736880027.0,6027729000.0,0.009330498434816828
2017-10-17,11.18,11.25,10.89,11.12,22177940.0,282889457.0,6027729000.0,0.0036793193589161025
2017-10-18,11.03,11.31,11.01,11.24,20637572.0,266331749.0,6027729000.0,0.0034237723693284817
2017-10-19,11.17,11.34,11.12,11.32,16781971.0,217782304.0,6027729000.0,0.0027841283176466627
2017-10-20,11.31,11.31,11.06,11.23,9703661.0,125116755.0,6027729000.0,0.0016098369717683061
2017-10-23,11.23,11.28,11.04,11.1,8620956.0,110484181.0,6027729000.0,0.0014302162555748607
2017-10-24,11.1,11.33,11.05,11.23,17809909.0,230833704.0,6027729000.0,0.002954663190730705
2017-10-25,11.18,11.26,11.1,11.2,12019090.0,155182648.0,6027729000.0,0.0019939665502546645
2017-10-26,11.19,11.19,10.97,11.04,18333714.0,233962864.0,6027729000.0,0.0030415624192793008
2017-10-27,10.59,10.91,10.58,10.72,20845916.0,258572459.0,6027729000.0,0.003458336630595038
2017-10-30,10.67,10.71,10.32,10.53,19325153.0,233281690.0,6027729000.0,0.0032060421097232475
2017-10-31,10.52,10.52,10.06,10.09,28799574.0,337425275.0,6027729000.0,0.004777848174660805
2017-11-01,10.12,10.17,9.83,9.87,24670319.0,282463455.0,6027729000.0,0.00409280493532473
2017-11-02,9.89,9.93,9.74,9.92,14361764.0,162752025.0,6027729000.0,0.0023826160731512647
2017-11-03,9.9,10.0,9.8,9.96,11036051.0,126204274.0,6027729000.0,0.0018308804194747308
2017-11-06,9.93,9.93,9.63,9.78,13383415.0,150280104.0,6027729000.0,0.0022203080131837382
2017-11-07,9.8,9.88,9.73,9.83,11406189.0,129005125.0,6027729000.0,0.0018922862988697733
2017-11-08,9.83,9.89,9.76,9.84,10810108.0,122530989.0,6027729000.0,0.0017933964848121076
2017-11-09,9.84,10.0,9.82,9.93,9089270.0,103994449.0,6027729000.0,0.0015079095294430124
2017-11-10,9.97,9.99,9.87,9.93,8746047.0,99905049.0,6027729000.0,0.001450968847471411
2017-11-13,9.93,10.0,9.8,9.82,10174239.0,115487947.0,6027729000.0,0.0016879058431459011
2017-11-14,9.82,9.87,9.67,9.71,8197840.0,91924974.0,6027729000.0,0.0013600213280988579
2017-11-15,9.71,9.76,9.65,9.71,6686872.0,74820288.0,6027729000.0,0.0011093517973352817
2017-11-16,9.75,9.79,9.64,9.72,6556250.0,73566871.0,6027729000.0,0.001087681612759963
2017-11-17,9.69,10.0,9.65,9.96,19065097.0,217011874.0,6027729000.0,0.003162898829725092
2017-11-20,9.88,10.16,9.71,10.09,14870128.0,172129151.0,6027729000.0,0.0024669536404174773
2017-11-21,10.06,10.16,9.94,10.04,11103296.0,128662472.0,6027729000.0,0.0018420363622850332
2017-11-22,10.05,10.13,9.88,9.92,9657618.0,111635769.0,6027729000.0,0.0016021984399099561
2017-11-23,9.93,10.03,9.73,9.84,9027851.0,102515040.0,6027729000.0,0.0014977201197996792
2017-11-24,9.84,9.92,9.75,9.87,4590889.0,52204952.0,6027729000.0,0.0007616283014714165
2017-11-27,9.87,9.93,9.8,9.92,9626330.0,109592473.0,6027729000.0,0.0015970077619614285
2017-11-28,9.92,10.01,9.87,9.97,5193169.0,59665435.0,6027729000.0,0.0008615465293811317
2017-11-29,9.99,10.02,9.8,9.87,6407003.0,72944571.0,6027729000.0,0.0010629215414296163
2017-11-30,9.84,9.88,9.76,9.87,5253124.0,59488875.0,6027729000.0,0.0008714930614830229
2017-12-01,9.83,9.93,9.76,9.89,4646594.0,52892365.0,6027729000.0,0.0007708697587433011
2017-12-04,9.87,9.94,9.81,9.91,5690496.0,64715920.0,6027729000.0,0.0009440530587888075
2017-12-05,9.91,10.21,9.88,10.18,20190726.0,234839367.0,6027729000.0,0.0033496406358016428
2017-12-06,10.13,10.23,10.02,10.21,9575410.0,111917179.0,6027729000.0,0.0015885601359981513
2017-12-07,10.27,10.29,10.14,10.23,9793431.0,115387589.0,6027729000.0,0.0016247298111776425
2017-12-08,10.26,10.33,10.14,10.32,7805778.0,92330567.0,6027729000.0,0.001294978257980742
2017-12-11,10.3,10.45,10.21,10.38,8248321.0,98711263.0,6027729000.0,0.0013683961239796946
2017-12-12,10.38,10.39,10.24,10.31,6470846.0,77112586.0,6027729000.0,0.0010735130925759934
2017-12-13,10.3,10.41,10.06,10.39,9603604.0,113843538.0,6027729000.0,0.001593237519470434
2017-12-14,10.39,10.41,10.27,10.39,5766987.0,68902292.0,6027729000.0,0.0009567429126292838
2017-12-15,10.32,10.36,10.2,10.25,4965043.0,58784338.0,6027729000.0,0.0008237004351058251
2017-12-18,10.23,10.29,10.12,10.26,4549784.0,53519505.0,6027729000.0,0.0007548089836155541
2017-12-19,10.3,10.3,10.13,10.13,4229094.0,49698939.0,6027729000.0,0.0007016065254426667
2017-12-20,10.1,10.19,10.03,10.17,5350669.0,62411806.0,6027729000.0,0.0008876757730813712
2017-12-21,10.18,10.18,9.98,10.0,6356623.0,73681894.0,6027729000.0,0.0010545635014447398
2017-12-22,9.97,10.02,9.8,9.85,6132839.0,69915990.0,6027729000.0,0.0010174377447957597
2017-12-25,9.83,9.9,9.74,9.87,5575863.0,63163004.0,6027729000.0,0.0009250354486739533
2017-12-26,9.88,9.92,9.75,9.85,3930137.0,44530751.0,6027729000.0,0.0006520095711004924
2017-12-27,9.88,10.16,9.8,10.0,9150235.0,105171104.0,6027729000.0,0.001518023620504505
2017-12-28,9.88,10.07,9.88,9.98,6114749.0,70261117.0,6027729000.0,0.0010144366145193322
2017-12-29,9.95,10.0,9.88,9.96,3778035.0,43334471.0,6027729000.0,0.0006267758553843413
2018-01-02,10.06,10.68,9.99,10.62,26588018.0,321018648.0,6027729000.0,0.004410951122719684
2018-01-03,10.55,10.75,10.51,10.7,19954871.0,245645453.0,6027729000.0,0.003310512300735484
2018-01-04,10.66,10.73,10.52,10.69,14156115.0,173789585.0,6027729000.0,0.002348498912276912
2018-01-05,10.69,10.79,10.52,10.76,12596454.0,155064050.0,6027729000.0,0.002089751214760982
2018-01-08,10.76,11.22,10.76,11.1,23757258.0,303751644.0,6027729000.0,0.003941328151945782
2018-01-09,11.09,11.18,10.93,11.1,16395581.0,209182233.0,6027729000.0,0.0027200262321016755
2018-01-10,10.68,10.78,10.44,10.65,28642692.0,349792354.0,6027729000.0,0.004751821457135846
2018-01-11,10.57,10.65,10.4,10.59,9625979.0,117022949.0,6027729000.0,0.001596949531075468
2018-01-12,10.58,10.73,10.56,10.61,9916382.0,121831744.0,6027729000.0,0.0016451273771597894
2018-01-15,10.62,10.66,10.47,10.51,7999513.0,97545525.0,6027729000.0,0.0013271188867316364
2018-01-16,10.51,10.58,10.43,10.52,8548926.0,103450051.0,6027729000.0,0.0014182664814559513
2018-01-17,10.51,10.7,10.37,10.68,9098711.0,110616036.0,6027729000.0,0.0015094757909653869
2018-01-18,10.65,10.65,10.42,10.46,12542089.0,151716429.0,6027729000.0,0.0020807320634354995
2018-01-19,10.44,10.58,10.4,10.45,8424800.0,101812454.0,6027729000.0,0.0013976739830208027
2018-01-22,10.45,10.64,10.43,10.56,7248246.0,88375664.0,6027729000.0,0.0012024837214811748
2018-01-23,10.56,10.76,10.53,10.74,7249887.0,88993468.0,6027729000.0,0.0012027559633155372
2018-01-24,10.75,10.78,10.58,10.66,5218136.0,64215458.0,6027729000.0,0.0008656885536824897
2018-01-25,10.69,10.88,10.61,10.78,9139311.0,113435549.0,6027729000.0,0.0015162113293414486
2018-01-26,10.79,10.99,10.75,10.85,6310837.0,79114492.0,6027729000.0,0.0010469676058761101
2018-01-29,10.84,11.08,10.71,10.84,14794601.0,187132091.0,6027729000.0,0.0024544237141384427
2018-01-30,10.76,10.89,10.49,10.55,9846011.0,120339351.0,6027729000.0,0.0016334528310745224
2018-01-31,10.58,10.64,10.32,10.58,8781369.0,105900439.0,6027729000.0,0.0014568287658585845
2018-02-01,10.57,10.73,10.26,10.7,19994708.0,242214131.0,6027729000.0,0.0033171212574420648
2018-02-02,10.65,10.76,10.41,10.72,7741189.0,94978817.0,6027729000.0,0.0012842629454642039
2018-02-05,10.64,10.8,10.53,10.68,7571919.0,93138232.0,6027729000.0,0.0012561810592347465
2018-02-06,10.56,10.71,10.48,10.68,13523169.0,165880808.0,6027729000.0,0.0022434931961937904
2018-02-07,10.68,10.9,10.49,10.69,9333476.0,114766493.0,6027729000.0,0.0015484232950751435
2018-02-08,10.65,10.8,10.49,10.68,7555374.0,92681600.0,6027729000.0,0.0012534362443965214
2018-02-09,10.5,10.7,10.07,10.68,12265078.0,147257887.0,6027729000.0,0.0020347759496155185
2018-02-12,10.62,10.63,10.32,10.47,4639031.0,56282004.0,6027729000.0,0.0007696150573458097
2018-02-13,10.47,10.58,10.32,10.32,6227500.0,74944613.0,6027729000.0,0.0010331420009094636
2018-02-14,10.23,10.37,10.22,10.31,2203911.0,26232598.0,6027729000.0,0.00036562874674690916
2018-02-22,10.39,10.41,10.31,10.38,2802274.0,33454096.0,6027729000.0,0.00046489714451329844
2018-02-23,10.39,10.58,10.34,10.58,4396785.0,53259170.0,6027729000.0,0.0007294264556352816
2018-02-26,11.27,11.62,10.84,11.04,27524837.0,353463734.0,6027729000.0,0.004566369357348348
2018-02-27,10.97,11.27,10.88,11.09,14770387.0,188852177.0,6027729000.0,0.0024504066125069657
2018-02-28,11.1,11.17,10.89,11.13,12048693.0,153502722.0,6027729000.0,0.0019988776867705896
2018-03-01,11.01,11.14,10.93,11.09,8442261.0,107603497.0,6027729000.0,0.0014005707622223892
2018-03-02,11.09,11.09,10.88,10.93,6930689.0,87615068.0,6027729000.0,0.0011498010278829722
2018-03-05,10.95,11.0,10.84,10.99,5764379.0,72710211.0,6027729000.0,0.0009563102455335998
2018-03-06,10.97,11.03,10.89,10.92,5996229.0,75594813.0,6027729000.0,0.0009947741512599522
2018-03-07,10.92,10.97,10.69,10.78,7739601.0,96719495.0,6027729000.0,0.0012839994963277214
2018-03-08,10.71,10.78,10.6,10.73,5974800.0,73697956.0,6027729000.0,0.0009912190810170795
2018-03-09,10.62,10.73,10.58,10.71,7936247.0,97566658.0,6027729000.0,0.0013166230598621804
2018-03-12,10.65,10.89,10.65,10.85,10537502.0,131018624.0,6027729000.0,0.0017481711603159332
2018-03-13,10.83,10.91,10.78,10.83,6829066.0,85341207.0,6027729000.0,0.0011329417762477377
2018-03-14,10.72,10.77,10.61,10.72,5730156.0,70576875.0,6027729000.0,0.0009506326512024678
2018-03-15,10.65,10.79,10.63,10.71,4590701.0,56790914.0,6027729000.0,0.0007615971122789362
2018-03-16,10.7,10.79,10.58,10.65,4528903.0,55757183.0,6027729000.0,0.0007513448265507623
2018-03-19,10.65,10.68,10.58,10.63,3372403.0,41316162.0,6027729000.0,0.0005594815228090049
2018-03-20,10.65,10.65,10.4,10.47,7763163.0,93759479.0,6027729000.0,0.0012879084311852773
2018-03-21,10.47,10.52,10.39,10.39,5934529.0,71438673.0,6027729000.0,0.0009845381237278583
2018-03-22,10.36,10.45,10.27,10.33,4472106.0,53287550.0,6027729000.0,0.000741922206522556
2018-03-23,10.19,10.19,9.65,9.79,8617882.0,98412424.0,6027729000.0,0.001429706279097816
2018-03-26,9.63,9.99,9.49,9.95,8455265.0,94386270.0,6027729000.0,0.001402728125302249
2018-03-27,9.95,10.01,9.9,9.92,5636423.0,64588471.0,6027729000.0,0.0009350823502516453
2018-03-28,9.88,9.98,9.65,9.97,6175789.0,69785952.0,6027729000.0,0.001024563148077825
2018-03-29,9.94,9.95,9.78,9.87,5885944.0,66950517.0,6027729000.0,0.0009764778741711846
2018-03-30,9.91,9.94,9.83,9.87,2834799.0,32292880.0,6027729000.0,0.00047029304071234787
2018-04-02,9.87,10.0,9.81,9.88,4821376.0,55101480.0,6027729000.0,0.0007998660855522868
2018-04-03,9.8,9.96,9.71,9.85,4001026.0,45230297.0,6027729000.0,0.0006637700533650401
2018-04-04,9.88,9.92,9.8,9.82,2357874.0,26813535.0,6027729000.0,0.00039117120228862313
2018-04-09,9.82,9.96,9.82,9.85,3314905.0,37741931.0,6027729000.0,0.0005499426069088375
2018-04-10,9.83,10.06,9.83,9.91,5313362.0,60791976.0,6027729000.0,0.0008814865432735944
2018-04-11,9.9,9.96,9.79,9.84,6197003.0,70495301.0,6027729000.0,0.0010280825498292972
2018-04-12,9.85,9.87,9.75,9.78,3761600.0,42481286.0,6027729000.0,0.0006240492895417163
2018-04-13,9.71,9.84,9.71,9.73,2724500.0,30709912.0,6027729000.0,0.00045199444102414027
2018-04-16,9.74,9.74,9.49,9.54,6106336.0,67373719.0,6027729000.0,0.0010130408981558394
2018-04-17,9.54,9.61,9.4,9.54,4315289.0,47288874.0,6027729000.0,0.0007159062724949977
2018-04-18,9.54,9.58,9.24,9.54,4935124.0,53716327.0,6027729000.0,0.0008187368742025396
2018-04-19,9.56,9.57,9.38,9.42,5882524.0,64169810.0,6027729000.0,0.0009759104963079794
2018-04-20,9.41,9.41,9.09,9.12,5255300.0,56016548.0,6027729000.0,0.0008718540597959862
2018-04-23,9.12,9.21,8.97,9.15,3810189.0,39823886.0,6027729000.0,0.0006321102026982301
2018-04-24,9.15,9.35,9.1,9.33,3801703.0,40579587.0,6027729000.0,0.0006307023756376573
2018-04-25,9.53,9.69,9.47,9.49,6601772.0,73053828.0,6027729000.0,0.0010952337107391524
2018-04-26,9.54,9.59,9.45,9.45,3709700.0,40684849.0,6027729000.0,0.0006154390816176374
2018-04-27,9.45,9.54,9.34,9.47,3048773.0,33085004.0,6027729000.0,0.000505791318753713
2018-05-02,9.47,9.53,9.38,9.39,2872709.0,31287045.0,6027729000.0,0.00047658230819600547
2018-05-03,9.44,9.55,9.37,9.55,3344596.0,36582239.0,6027729000.0,0.0005548683426212426
2018-05-04,9.55,9.61,9.48,9.54,2153722.0,23685225.0,6027729000.0,0.00035730239365439287
2018-05-07,9.54,9.62,9.5,9.61,2634743.0,29145578.0,6027729000.0,0.00043710375831428386
2018-05-08,9.61,9.66,9.54,9.61,2798445.0,30941312.0,6027729000.0,0.0004642619135664526
2018-05-09,9.61,9.61,9.26,9.44,4751970.0,51669211.0,6027729000.0,0.0007883516329284213
2018-05-10,9.47,9.5,9.37,9.5,4007779.0,43600258.0,6027729000.0,0.0006648903757949303
2018-05-11,9.5,9.84,9.48,9.77,8103011.0,90654265.0,6027729000.0,0.0013442892007918736
2018-05-14,9.76,9.81,9.63,9.74,5959079.0,66805286.0,6027729000.0,0.0009886109677458956
2018-05-15,9.8,9.8,9.67,9.72,2652484.0,29713599.0,6027729000.0,0.00044004698950467084
2018-05-16,9.74,9.74,9.64,9.67,2668673.0,29788343.0,6027729000.0,0.0004427327439571354
2018-05-17,9.67,9.7,9.45,9.54,4233785.0,46587013.0,6027729000.0,0.0007023847621550339
2018-05-18,9.6,9.61,9.43,9.56,2218050.0,24351554.0,6027729000.0,0.00036797440628137066
2018-05-21,9.62,9.78,9.55,9.74,4175140.0,46629877.0,6027729000.0,0.0006926555590007447
2018-05-22,9.74,9.74,9.61,9.69,2720153.0,30313377.0,6027729000.0,0.00045127327389801367
2018-05-23,9.62,9.62,9.54,9.54,3163236.0,34903571.0,6027729000.0,0.000524780725875367
2018-05-24,9.53,9.53,9.38,9.39,3551634.0,38590434.0,6027729000.0,0.0005892159385400372
2018-05-25,9.37,9.52,9.34,9.47,2851409.0,31159374.0,6027729000.0,0.0004730486390479731
2018-05-28,9.57,9.57,9.34,9.48,2557900.0,27455179.0,6027729000.0,0.0004243555076878871
2018-05-29,9.5,9.59,9.43,9.51,2638136.0,28558567.0,6027729000.0,0.00043766665687856903
2018-05-30,9.43,9.68,9.29,9.48,3800115.0,40722219.0,6027729000.0,0.0006304389265011748
2018-05-31,9.5,9.64,9.46,9.63,2785432.0,30257935.0,6027729000.0,0.0004621030573869529
2018-06-01,9.56,9.73,9.52,9.67,2809261.0,30783202.0,6027729000.0,0.00046605628753382906
2018-06-04,9.67,9.7,9.6,9.69,2288169.0,25067794.0,6027729000.0,0.0003796071455767172
2018-06-05,9.7,9.74,9.61,9.69,2137158.0,23406663.0,6027729000.0,0.0003545544267169277
2018-06-06,9.69,9.72,9.61,9.69,2498086.0,27415953.0,6027729000.0,0.0004144323674803562
2018-06-07,9.69,9.7,9.61,9.62,2393813.0,26245763.0,6027729000.0,0.0003971334809511177
2018-06-08,9.55,9.55,9.34,9.43,4446755.0,47653913.0,6027729000.0,0.0007377164766365575
2018-06-11,9.48,9.48,9.25,9.37,3542406.0,37560385.0,6027729000.0,0.0005876850137091432
2018-06-12,9.36,9.42,9.28,9.39,2242728.0,23849336.0,6027729000.0,0.00037206848549428814
2018-06-13,9.41,9.44,9.27,9.29,2760720.0,29254904.0,6027729000.0,0.00045800333757539533
2018-06-14,9.28,9.33,9.21,9.24,2383384.0,25067091.0,6027729000.0,0.0003954033102682619
2018-06-15,9.24,9.27,9.05,9.06,2829349.0,29288542.0,6027729000.0,0.0004693888859303396
2018-06-19,8.98,9.23,8.68,9.07,6783177.0,68435111.0,6027729000.0,0.001125328792983228
2018-06-20,9.03,9.07,8.89,8.91,3039640.0,30930826.0,6027729000.0,0.0005042761544190191
2018-06-21,8.91,8.99,8.73,8.83,3824417.0,38391913.0,6027729000.0,0.0006344706273291317
2018-06-22,8.81,8.81,8.55,8.77,3268069.0,32248004.0,6027729000.0,0.0005421725163822063
2018-06-25,8.77,8.89,8.72,8.72,2240152.0,22304023.0,6027729000.0,0.0003716411271973242
2018-06-26,8.67,8.8,8.59,8.75,2092279.0,20634199.0,6027729000.0,0.00034710900241201955
2018-06-27,8.75,8.79,8.54,8.64,3022570.0,29696259.0,6027729000.0,0.0005014442421017932
2018-06-28,8.61,8.67,8.55,8.58,2557447.0,24998501.0,6027729000.0,0.0004242803550060064
2018-06-29,8.58,8.67,8.49,8.65,2059954.0,20166001.0,6027729000.0,0.0003417462862049704
2018-07-02,8.64,8.92,8.63,8.71,3710168.0,36954199.0,6027729000.0,0.0006155167227989181
2018-07-03,8.67,8.75,8.53,8.65,3276248.0,32128183.0,6027729000.0,0.0005435294121550587
2018-07-04,8.68,8.76,8.55,8.59,2853952.0,27998801.0,6027729000.0,0.000473470522646257
2018-07-05,8.59,8.65,7.84,8.34,7024751.0,65582691.0,6027729000.0,0.0011654059099206351
2018-07-06,8.32,8.32,7.84,8.17,5788300.0,53245640.0,6027729000.0,0.0009602787384767962
2018-07-09,8.18,8.42,8.16,8.2,4540474.0,42391696.0,6027729000.0,0.0007532644549879399
2018-07-10,8.01,8.15,7.95,8.03,5272504.0,47915181.0,6027729000.0,0.0008747082027078523
2018-07-11,8.79,8.79,8.27,8.43,20782523.0,200140039.0,6027729000.0,0.003447819734430662
2018-07-12,8.44,8.51,8.21,8.48,16078046.0,152477485.0,6027729000.0,0.0026673471883025927
2018-07-13,8.33,8.43,8.24,8.25,10570993.0,99491829.0,6027729000.0,0.0017537273158763442
2018-07-16,8.24,8.24,8.0,8.04,7267141.0,66470476.0,6027729000.0,0.0012056184012254035
2018-07-17,8.02,8.02,7.89,7.95,6432699.0,57959434.0,6027729000.0,0.0010671845068018155
2018-07-18,8.1,8.31,8.1,8.16,13287378.0,124142718.0,6027729000.0,0.002204375478725072
2018-07-19,8.1,8.22,8.03,8.08,8359245.0,76925286.0,6027729000.0,0.001386798411142903
2018-07-20,8.15,8.15,7.98,8.08,6556609.0,59894685.0,6027729000.0,0.0010877411708456036
2018-07-23,8.08,8.08,8.0,8.08,6894073.0,62977758.0,6027729000.0,0.0011437264349475566
2018-07-24,8.12,8.18,8.02,8.17,14452596.0,133537766.0,6027729000.0,0.002397685098318123
2018-07-25,8.2,8.23,8.07,8.11,12506299.0,115249509.0,6027729000.0,0.002074794503867045
2018-07-26,8.11,8.13,8.0,8.0,10982958.0,100110305.0,6027729000.0,0.0018220722928983702
2018-07-27,8.01,8.03,7.97,7.99,7660626.0,69571474.0,6027729000.0,0.0012708975469866014
2018-07-30,7.98,8.01,7.83,7.84,9570011.0,85878548.0,6027729000.0,0.001587664442114103
2018-07-31,7.82,7.82,7.65,7.71,9857435.0,86265789.0,6027729000.0,0.0016353480722175798
2018-08-01,7.74,7.78,7.5,7.51,9581339.0,82938825.0,6027729000.0,0.0015895437568610002
2018-08-02,7.46,7.54,7.06,7.32,15468772.0,127629760.0,6027729000.0,0.0025662686560726272
2018-08-03,7.27,7.3,7.12,7.14,6268954.0,51143346.0,6027729000.0,0.0010400192178513666
2018-08-06,7.14,7.14,6.82,6.84,9462971.0,74631836.0,6027729000.0,0.0015699065103955403
2018-08-07,6.85,7.0,6.84,6.98,5923372.0,46601948.0,6027729000.0,0.0009826871778741213
2018-08-08,6.89,6.89,6.58,6.6,14863414.0,113579885.0,6027729000.0,0.002465839788086027
2018-08-09,6.51,6.67,6.47,6.62,16757047.0,126079353.0,6027729000.0,0.0027799934270435847
2018-08-10,6.61,6.69,6.58,6.67,9447100.0,71315782.0,6027729000.0,0.0015672735121303562
2018-08-13,6.63,6.64,6.5,6.63,9341154.0,69605789.0,6027729000.0,0.0015496970749680353
2018-08-14,6.68,6.69,6.56,6.58,8110862.0,60791606.0,6027729000.0,0.0013455916813778456
2018-08-15,6.61,6.64,6.23,6.24,23163290.0,167260065.0,6027729000.0,0.0038427888845036
2018-08-16,6.13,6.3,6.05,6.24,11809264.0,82987867.0,6027729000.0,0.001959156425247386
2018-08-17,6.24,6.29,6.08,6.12,7548339.0,52917060.0,6027729000.0,0.0012522691381779108
2018-08-20,6.12,6.16,6.01,6.1,7160500.0,49531633.0,6027729000.0,0.0011879266635908814
2018-08-21,6.14,6.31,6.1,6.28,9985818.0,70851926.0,6027729000.0,0.001656646806782455
2018-08-22,6.29,6.3,6.14,6.16,8297685.0,58219449.0,6027729000.0,0.0013765856096052095
2018-08-23,6.17,6.22,6.14,6.16,7586422.0,53223614.0,6027729000.0,0.0012585871063546486
2018-08-24,6.14,6.23,6.09,6.19,6421810.0,44932832.0,6027729000.0,0.0010653780221373589
2018-08-27,6.22,6.31,6.2,6.3,8965803.0,63854942.0,6027729000.0,0.0014874263590815048
2018-08-28,6.31,6.38,6.27,6.37,8878082.0,63772607.0,6027729000.0,0.0014728734486902115
2018-08-29,6.37,6.38,6.24,6.27,8562870.0,61145535.0,6027729000.0,0.0014205797904982126
2018-08-30,6.25,6.31,6.22,6.23,7927947.0,56371941.0,6027729000.0,0.0013152460901941676
2018-08-31,6.34,6.34,6.18,6.26,8297389.0,58906195.0,6027729000.0,0.001376536503217049
2018-09-03,6.25,6.3,6.17,6.23,10313069.0,73028120.0,6027729000.0,0.0017109377345929122
2018-09-04,6.23,6.36,6.21,6.32,10437517.0,74529945.0,6027729000.0,0.0017315836528151813
2018-09-05,6.31,6.38,6.23,6.26,9768007.0,69803546.0,6027729000.0,0.001620511970594564
2018-09-06,6.2,6.22,6.03,6.04,14821266.0,103000278.0,6027729000.0,0.002458847436571883
2018-09-07,6.07,6.16,6.07,6.12,11376868.0,79006507.0,6027729000.0,0.0018874219461425688
2018-09-10,6.09,6.22,6.09,6.13,10098976.0,70666599.0,6027729000.0,0.0016754197144563069
2018-09-11,6.14,6.19,5.94,6.09,11540804.0,79311414.0,6027729000.0,0.001914618921985378
2018-09-12,6.08,6.2,6.04,6.16,10391329.0,72539338.0,6027729000.0,0.0017239210654626312
2018-09-13,6.23,6.25,6.1,6.18,6942192.0,48653310.0,6027729000.0,0.0011517093751228697
2018-09-14,6.21,6.45,6.2,6.39,19726446.0,142935649.0,6027729000.0,0.0032726166023721373
2018-09-17,6.39,6.39,6.23,6.31,10718574.0,76719050.0,6027729000.0,0.0017782109978733284
2018-09-18,6.31,6.38,6.23,6.36,8530900.0,61117944.0,6027729000.0,0.001415275968776964
2018-09-19,6.36,6.65,6.33,6.55,17277246.0,128156595.0,6027729000.0,0.002866294420336415
2018-09-20,6.55,6.63,6.46,6.53,9677579.0,71967791.0,6027729000.0,0.0016055099690115465
2018-09-21,6.55,7.15,6.53,7.07,32467876.0,255045043.0,6027729000.0,0.0053864193297343
2018-09-25,6.87,7.08,6.85,6.95,19767154.0,156568879.0,6027729000.0,0.003279370057943879
2018-09-26,7.02,7.03,6.9,6.94,12655076.0,100004354.0,6027729000.0,0.0020994766022161913
2018-09-27,6.96,6.97,6.77,6.77,12811882.0,99294277.0,6027729000.0,0.0021254907113441896
2018-09-28,6.78,7.09,6.78,6.93,21401537.0,169407219.0,6027729000.0,0.003550514132271043
2018-10-08,6.69,6.89,6.65,6.75,14089364.0,108304285.0,6027729000.0,0.002337424924046851
2018-10-09,6.75,6.92,6.64,6.69,12826599.0,98450517.0,6027729000.0,0.0021279322610555317
2018-10-10,6.77,6.77,6.42,6.52,13415311.0,99764498.0,6027729000.0,0.0022255995583079463
2018-10-11,6.25,6.41,5.96,6.13,16534624.0,116023473.0,6027729000.0,0.0027430934602401666
2018-10-12,6.09,6.12,5.9,6.0,22050683.0,150350235.0,6027729000.0,0.003658207427706189
2018-10-15,6.01,6.03,5.4,5.43,38764572.0,246537577.0,6027729000.0,0.006431040944276029
2018-10-16,5.43,5.51,5.23,5.28,19702007.0,119843393.0,6027729000.0,0.00326856217324966
2018-10-17,5.32,5.39,5.13,5.29,13556736.0,81023965.0,6027729000.0,0.0022490619601511614
2018-10-18,5.3,5.39,5.21,5.32,16818424.0,101428877.0,6027729000.0,0.002790175868888598
2018-10-19,5.27,5.4,4.98,5.35,15979613.0,95080628.0,6027729000.0,0.0026510171575397632
2018-10-22,5.41,5.59,5.35,5.49,28249062.0,176211324.0,6027729000.0,0.0046865182558804485
2018-10-23,5.49,5.52,5.34,5.37,16999713.0,104836424.0,6027729000.0,0.0028202517067373134
2018-10-24,5.35,5.42,5.16,5.27,19846408.0,119118632.0,6027729000.0,0.0032925182933738395
2018-10-25,5.12,5.42,5.03,5.41,22205406.0,134037368.0,6027729000.0,0.003683875967217504
2018-10-26,5.42,5.51,5.35,5.41,14406822.0,88747022.0,6027729000.0,0.002390091193549013
2018-10-29,5.35,5.35,5.07,5.11,24281165.0,142302412.0,6027729000.0,0.004028244302290299
2018-10-30,5.2,5.42,5.17,5.39,29027484.0,174615325.0,6027729000.0,0.004815658434544751
2018-10-31,5.28,5.57,5.28,5.4,24762124.0,152571002.0,6027729000.0,0.00410803538115267
2018-11-01,5.42,5.5,5.37,5.4,20214458.0,124762741.0,6027729000.0,0.0033535777736523986
2018-11-02,5.49,5.53,5.42,5.52,23203402.0,144752276.0,6027729000.0,0.0038494434636991808
2018-11-05,5.5,5.63,5.44,5.58,19091866.0,119848659.0,6027729000.0,0.003167339805754373
2018-11-06,5.58,5.66,5.44,5.54,24322599.0,153006521.0,6027729000.0,0.0040351182012330015
2018-11-07,5.52,5.57,5.44,5.47,19168310.0,119751773.0,6027729000.0,0.003180021862296729
2018-11-08,5.53,5.58,5.47,5.48,18553525.0,116485015.0,6027729000.0,0.0030780290553871948
2018-11-09,5.47,5.52,5.42,5.47,13184362.0,82142639.0,6027729000.0,0.0021872851284455556
2018-11-12,5.47,5.67,5.44,5.63,20957119.0,132807123.0,6027729000.0,0.0034767852038470872
2018-11-13,5.54,5.71,5.49,5.67,19621211.0,125346537.0,6027729000.0,0.0032551581200813773
2018-11-14,5.66,5.72,5.58,5.62,17995489.0,115372363.0,6027729000.0,0.002985450905307787
2018-11-15,5.62,5.66,5.57,5.64,17835871.0,113655611.0,6027729000.0,0.0029589702854922644
2018-11-16,5.64,5.66,5.57,5.62,30120685.0,191869698.0,6027729000.0,0.004997020436718373
2018-11-19,5.61,5.66,5.5,5.64,28058028.0,177976933.0,6027729000.0,0.004654825722921518
2018-11-20,5.58,5.66,5.5,5.53,23267438.0,147864648.0,6027729000.0,0.0038600670335378383
2018-11-21,5.48,5.61,5.45,5.6,17571200.0,110800381.0,6027729000.0,0.002915061377178702
2018-11-22,5.6,5.75,5.57,5.66,21084944.0,135231344.0,6027729000.0,0.0034979913662342814
2018-11-23,5.65,5.65,5.41,5.42,18554378.0,116181056.0,6027729000.0,0.0030781705680530762
2018-11-26,5.42,5.46,5.35,5.39,11754954.0,72164429.0,6027729000.0,0.0019501463984197033
2018-11-27,5.42,5.47,5.39,5.42,9648535.0,59535674.0,6027729000.0,0.0016006915705732623
2018-11-28,5.42,5.49,5.35,5.47,9902780.0,61049998.0,6027729000.0,0.0016428708059038487
2018-11-29,5.49,5.62,5.47,5.48,16066882.0,100897367.0,6027729000.0,0.002665495081149136
2018-11-30,5.49,5.49,5.33,5.42,13489120.0,82500289.0,6027729000.0,0.002237844468455699
2018-12-03,5.53,5.58,5.49,5.55,21673371.0,136280645.0,6027729000.0,0.0035956113819980958
2018-12-04,5.53,5.61,5.51,5.57,17496908.0,110497430.0,6027729000.0,0.002902736337350269
2018-12-05,5.48,5.5,5.35,5.42,32610381.0,200929203.0,6027729000.0,0.005410060903534316
2018-12-06,5.4,5.4,5.32,5.32,16548435.0,100340310.0,6027729000.0,0.0027453847045877475
2018-12-07,5.34,5.35,5.27,5.28,13496606.0,81122946.0,6027729000.0,0.00223908639555627
2018-12-10,5.27,5.27,5.16,5.2,16568926.0,97848127.0,6027729000.0,0.0027487841606681387
2018-12-11,5.21,5.21,5.15,5.2,11285859.0,66316985.0,6027729000.0,0.0018723235566827905
2018-12-12,5.21,5.23,5.17,5.2,12885372.0,76079307.0,6027729000.0,0.0021376826994047014
2018-12-13,5.24,5.29,5.17,5.27,21397467.0,127613725.0,6027729000.0,0.0035498389194338364
2018-12-14,5.27,5.27,5.16,5.18,15483939.0,91586565.0,6027729000.0,0.00256878486076597
2018-12-17,5.18,5.18,5.05,5.12,11466495.0,66439147.0,6027729000.0,0.0019022910618576249
2018-12-18,5.08,5.13,5.05,5.08,11242463.0,64895466.0,6027729000.0,0.0018651241620185645
2018-12-19,5.09,5.1,5.01,5.02,9239937.0,52888304.0,6027729000.0,0.0015329051787165615
2018-12-20,4.99,5.04,4.98,5.01,8895977.0,50569797.0,6027729000.0,0.0014758422284744388
2018-12-21,4.99,5.0,4.9,4.94,10556601.0,59192806.0,6027729000.0,0.0017513396836520022
2018-12-24,4.93,5.0,4.9,4.98,9079015.0,51099757.0,6027729000.0,0.0015062082253531968
2018-12-25,4.93,4.93,4.84,4.91,12587472.0,69760542.0,6027729000.0,0.0020882611013202483
2018-12-26,4.92,4.94,4.89,4.9,7545025.0,42072135.0,6027729000.0,0.0012517193457104658
2018-12-27,4.97,4.99,4.89,4.9,9937395.0,55730318.0,6027729000.0,0.0016486134330193014
2018-12-28,4.9,4.95,4.88,4.93,7623712.0,42522987.0,6027729000.0,0.0012647735158631053
2019-01-02,4.95,4.96,4.88,4.94,7983649.0,44674578.0,6027729000.0,0.0013244870497661724
2019-01-03,4.94,4.98,4.87,4.91,10235998.0,57137006.0,6027729000.0,0.0016981516587756351
2019-01-04,4.87,4.98,4.84,4.98,14667706.0,82126478.0,6027729000.0,0.0024333718387140497
2019-01-07,5.0,5.05,4.97,5.05,14176603.0,80815077.0,6027729000.0,0.0023518978706574233
2019-01-08,5.05,5.05,4.99,5.0,9664391.0,54915465.0,6027729000.0,0.0016033220803390465
2019-01-09,5.38,5.5,5.38,5.5,57580227.0,359218646.0,6027729000.0,0.009552557356178422
2019-01-10,5.47,5.51,5.29,5.37,50386763.0,307705193.0,6027729000.0,0.00835916196630605
2019-01-11,5.32,5.49,5.3,5.44,33747095.0,206947242.0,6027729000.0,0.005598641710667484
2019-01-14,5.42,5.43,5.29,5.3,20283444.0,123073787.0,6027729000.0,0.003365022548293064
2019-01-15,5.35,5.36,5.27,5.33,21091860.0,127352565.0,6027729000.0,0.003499138730357652
2019-01-16,5.33,5.45,5.31,5.39,30412085.0,186177507.0,6027729000.0,0.005045363685062815
2019-01-17,5.37,5.43,5.35,5.35,20182417.0,123190459.0,6027729000.0,0.00334826217303399
2019-01-18,5.35,5.49,5.31,5.46,27157146.0,166885186.0,6027729000.0,0.0045053694351554294
2019-01-21,5.47,5.64,5.47,5.55,29212693.0,184211825.0,6027729000.0,0.0048463846002366725
2019-01-22,5.55,5.55,5.37,5.42,14904738.0,92156142.0,6027729000.0,0.0024726954380331297
2019-01-23,5.38,5.76,5.35,5.64,33443568.0,212766520.0,6027729000.0,0.005548286593508102
2019-01-24,5.64,5.76,5.59,5.66,21052930.0,135767007.0,6027729000.0,0.003492680244914793
2019-01-25,5.72,5.87,5.63,5.83,26786206.0,175221935.0,6027729000.0,0.004443830503992465
2019-01-28,5.83,5.94,5.71,5.84,28987043.0,191747443.0,6027729000.0,0.00480894927426233
2019-01-29,5.86,5.89,5.57,5.71,29955106.0,194012015.0,6027729000.0,0.004969550887241281
2019-01-30,5.75,5.83,5.65,5.77,15908313.0,104444935.0,6027729000.0,0.002639188490391655
2019-01-31,5.78,6.0,5.75,5.81,23526498.0,157098643.0,6027729000.0,0.003903045077175832
2019-02-01,5.88,6.09,5.77,6.07,22365353.0,151694009.0,6027729000.0,0.0037104111681198673
2019-02-11,6.07,6.18,6.0,6.11,15299172.0,106176080.0,6027729000.0,0.0025381320228563694
2019-02-12,6.12,6.42,6.08,6.42,23990830.0,171782937.0,6027729000.0,0.003980077737403258
2019-02-13,6.38,6.84,6.29,6.57,31390799.0,230665355.0,6027729000.0,0.005207732298515743
2019-02-14,6.46,6.53,6.35,6.43,20388129.0,148847903.0,6027729000.0,0.0033823897856058226
2019-02-15,6.37,6.37,6.22,6.25,19795012.0,140874890.0,6027729000.0,0.0032839916990296016
2019-02-18,6.28,6.52,6.19,6.48,37922455.0,273046128.0,6027729000.0,0.006291333767659429
2019-02-19,6.44,6.54,6.34,6.41,19037888.0,139339706.0,6027729000.0,0.003158384857713411
2019-02-20,6.41,6.79,6.35,6.64,30420637.0,228229452.0,6027729000.0,0.005046782461520748
2019-02-21,6.64,7.14,6.62,6.95,31838025.0,251502125.0,6027729000.0,0.005281927074027383
2019-02-22,6.83,7.28,6.78,7.23,26545782.0,214668909.0,6027729000.0,0.0044039441720090606
2019-02-25,7.27,7.43,7.12,7.33,37094802.0,306340507.0,6027729000.0,0.006154026168064291
2019-02-26,7.34,7.34,7.12,7.14,34762114.0,284007823.0,6027729000.0,0.005767033322168266
2019-02-27,7.11,7.16,6.88,6.96,24655347.0,196900206.0,6027729000.0,0.004090321081123587
2019-02-28,6.96,7.1,6.85,6.93,17609716.0,139223361.0,6027729000.0,0.0029214511800381205
2019-03-01,6.94,7.22,6.86,7.19,21382887.0,170701514.0,6027729000.0,0.0035474200980170146
2019-03-04,7.26,7.31,7.09,7.14,29961150.0,244232149.0,6027729000.0,0.00497055358659953
2019-03-05,7.16,7.2,7.07,7.15,16228761.0,131391465.0,6027729000.0,0.002692350800774222
2019-03-06,7.15,7.27,7.03,7.24,27217697.0,221844414.0,6027729000.0,0.004515414843633481
2019-03-07,7.27,7.27,7.04,7.08,25434540.0,204976030.0,6027729000.0,0.004219589168657051
2019-03-08,7.04,7.04,6.46,6.5,42312756.0,322596033.0,6027729000.0,0.007019684527954061
2019-03-11,6.5,6.73,6.45,6.71,22551770.0,169778729.0,6027729000.0,0.0037413377409634707
2019-03-12,6.72,6.89,6.69,6.78,24729952.0,191150421.0,6027729000.0,0.004102698047639501
2019-03-13,6.82,6.85,6.57,6.61,19021260.0,144017218.0,6027729000.0,0.0031556262731785053
2019-03-14,6.6,6.65,6.37,6.45,17669672.0,130002304.0,6027729000.0,0.0029313978780399715
2019-03-15,6.49,6.72,6.45,6.63,20565155.0,154428859.0,6027729000.0,0.003411758391925052
2019-03-18,6.71,6.81,6.6,6.78,26671779.0,203624472.0,6027729000.0,0.0044248470692693715
2019-03-19,6.78,6.8,6.69,6.71,15308582.0,116996794.0,6027729000.0,0.0025396931414799835
2019-03-20,6.73,6.76,6.63,6.7,13211446.0,100457924.0,6027729000.0,0.002191778362962237
2019-03-21,6.69,6.91,6.68,6.83,21388727.0,165450680.0,6027729000.0,0.0035483889537834233
2019-03-22,6.82,7.2,6.76,7.03,36450403.0,289476197.0,6027729000.0,0.006047120399739272
2019-03-25,6.91,7.03,6.78,6.84,25830362.0,202300553.0,6027729000.0,0.004285256022624773
2019-03-26,6.88,6.89,6.56,6.75,18775691.0,143701143.0,6027729000.0,0.0031148863859008923
2019-03-27,6.77,6.8,6.6,6.65,10959042.0,83042544.0,6027729000.0,0.001818104629454974
2019-03-28,6.61,6.72,6.51,6.68,11040484.0,83206468.0,6027729000.0,0.0018316158539974177
2019-03-29,6.66,6.94,6.61,6.9,18011757.0,139725775.0,6027729000.0,0.0029881497658570916
2019-04-01,6.92,7.17,6.92,7.09,37161977.0,298341241.0,6027729000.0,0.006165170497877393
2019-04-02,7.11,7.72,7.03,7.54,59131231.0,498490733.0,6027729000.0,0.00980986885774062
2019-04-03,7.57,8.22,7.46,8.09,66146009.0,593664142.0,6027729000.0,0.010973620247360158
2019-04-04,8.06,8.78,7.99,8.38,49108722.0,471373561.0,6027729000.0,0.008147135015525747
2019-04-08,8.59,8.66,7.96,8.15,39313952.0,366168964.0,6027729000.0,0.006522183064301663
2019-04-09,8.27,8.57,8.19,8.28,30383210.0,288846558.0,6027729000.0,0.005040573323717772
2019-04-10,8.3,9.04,8.16,8.81,43014299.0,424702076.0,6027729000.0,0.007136070483593406
2019-04-11,8.82,9.54,8.81,9.12,45377589.0,472042211.0,6027729000.0,0.007528140200065397
2019-04-12,9.07,9.2,8.63,8.73,34767621.0,347661290.0,6027729000.0,0.005767946933247994
2019-04-15,8.76,9.14,8.39,8.46,33113538.0,327578474.0,6027729000.0,0.005493534629708801
2019-04-16,8.47,8.54,8.05,8.41,35276567.0,332670790.0,6027729000.0,0.005852381054290928
2019-04-17,8.47,9.26,8.44,9.26,50189387.0,512470909.0,6027729000.0,0.00832641729580079
2019-04-18,9.69,9.79,8.98,9.19,46309991.0,494843955.0,6027729000.0,0.007682825654570734
2019-04-19,9.21,9.64,8.86,9.29,36910514.0,387783958.0,6027729000.0,0.006123452796235531
2019-04-22,9.29,9.33,8.83,8.96,26586546.0,271824387.0,6027729000.0,0.0044107069179785624
2019-04-23,8.87,9.03,8.55,8.81,21860823.0,219127426.0,6027729000.0,0.0036267096613003006
2019-04-24,8.82,9.07,8.67,8.79,21924090.0,220008382.0,6027729000.0,0.003637205654069717
2019-04-25,8.73,8.9,8.58,8.62,22104986.0,219573858.0,6027729000.0,0.003667216293234152
2019-04-26,8.54,8.68,8.21,8.29,19337102.0,185624896.0,6027729000.0,0.0032080244483453056
2019-04-29,8.32,8.48,8.11,8.19,18691394.0,176454438.0,6027729000.0,0.0031009015169726445
2019-04-30,8.0,8.02,7.64,7.94,25172368.0,224704525.0,6027729000.0,0.0041760948443435334
2019-05-06,7.72,7.72,7.17,7.27,27853606.0,234855049.0,6027729000.0,0.0046209121212980875
2019-05-07,7.27,7.61,7.25,7.43,24738064.0,208092876.0,6027729000.0,0.004104043828115033
2019-05-08,7.19,7.78,7.16,7.48,19258557.0,163668748.0,6027729000.0,0.003194993835986986
2019-05-09,7.44,7.57,7.3,7.39,17271066.0,145508051.0,6027729000.0,0.002865269158583606
2019-05-10,7.41,7.9,7.41,7.77,25176277.0,219796671.0,6027729000.0,0.004176743347287179
2019-05-13,7.76,7.76,7.32,7.45,16630466.0,142374704.0,6027729000.0,0.0027589936442066324
2019-05-14,7.26,7.53,7.25,7.44,10889258.0,91820544.0,6027729000.0,0.0018065274666462278
2019-05-15,7.51,7.72,7.47,7.71,13301725.0,114698502.0,6027729000.0,0.002206755645451214
2019-05-16,7.63,7.96,7.63,7.84,21038595.0,187040257.0,6027729000.0,0.0034903020689881713
2019-05-17,7.83,7.83,7.36,7.41,15147234.0,130049236.0,6027729000.0,0.0025129255147336585
2019-05-20,7.41,7.44,7.05,7.22,15628419.0,128326874.0,6027729000.0,0.0025927540869869897
2019-05-21,7.27,7.44,7.22,7.35,12311917.0,102790238.0,6027729000.0,0.0020425465378420297
2019-05-22,7.35,7.46,7.19,7.35,13769174.0,114613330.0,6027729000.0,0.002284305415853964
2019-05-23,7.31,7.33,6.92,7.02,18738752.0,150487663.0,6027729000.0,0.0031087582072783964
2019-05-24,7.05,7.39,6.96,7.17,18421133.0,150037984.0,6027729000.0,0.0030560652278826734
2019-05-27,7.12,7.29,6.83,7.2,21242070.0,170594930.0,6027729000.0,0.0035240585633494804
2019-05-28,7.13,7.82,6.96,7.61,36474041.0,313306743.0,6027729000.0,0.006051041942993787
2019-05-29,7.56,7.78,7.53,7.68,18924944.0,164159372.0,6027729000.0,0.0031396474526309993
2019-05-30,7.62,7.63,7.41,7.53,15326682.0,130465704.0,6027729000.0,0.002542695930756011
2019-05-31,7.53,7.58,7.34,7.53,12909293.0,105992364.0,6027729000.0,0.0021416511923478977
2019-06-03,7.78,7.96,7.53,7.88,25420805.0,217780757.0,6027729000.0,0.00421731053270643
2019-06-04,7.8,8.05,7.7,8.02,14576730.0,125982912.0,6027729000.0,0.0024182789239529513
2019-06-05,8.2,8.26,7.89,8.0,19454263.0,171576688.0,6027729000.0,0.0032274614535590437
2019-06-06,8.16,8.19,7.76,7.78,30205020.0,264233443.0,6027729000.0,0.005011011609845101
2019-06-10,7.99,8.4,7.93,8.25,29395852.0,264236306.0,6027729000.0,0.004876770671010592
2019-06-11,8.16,8.39,7.98,8.33,29507233.0,266110660.0,6027729000.0,0.00489524877445552
2019-06-12,8.33,8.34,7.98,8.03,22729832.0,201523021.0,6027729000.0,0.0037708782196412614
2019-06-13,7.95,7.97,7.66,7.87,22522463.0,192246260.0,6027729000.0,0.0037364757108357062
2019-06-14,7.87,7.87,7.66,7.68,10670138.0,90440755.0,6027729000.0,0.0017701754674106947
2019-06-17,7.68,7.79,7.59,7.66,7247001.0,61111541.0,6027729000.0,0.0012022771760309729
2019-06-18,7.63,7.74,7.57,7.58,7650681.0,64187360.0,6027729000.0,0.0012692476718843863
2019-06-19,7.75,7.81,7.57,7.61,14230937.0,120118084.0,6027729000.0,0.002360911879084146
2019-06-20,7.57,7.79,7.48,7.73,19068707.0,159797749.0,6027729000.0,0.0031634977285806974
2019-06-21,7.72,7.9,7.69,7.89,22928023.0,196092820.0,6027729000.0,0.0038037580986139225
2019-06-24,7.88,7.93,7.7,7.85,17255463.0,148212460.0,6027729000.0,0.0028626806215077023
2019-06-25,7.85,7.86,7.58,7.59,15795496.0,132424375.0,6027729000.0,0.0026204721546041637
2019-06-26,7.55,7.65,7.48,7.55,11428727.0,94891421.0,6027729000.0,0.0018960253521682876
2019-06-27,7.59,7.6,7.46,7.55,12379987.0,102265796.0,6027729000.0,0.0020538393481193333
2019-06-28,7.55,7.58,7.47,7.54,7021713.0,58017623.0,6027729000.0,0.0011649019058421505
2019-07-01,7.65,7.83,7.63,7.8,17069767.0,144923166.0,6027729000.0,0.00283187366253526
2019-07-02,7.79,8.56,7.75,8.45,44323475.0,402895177.0,6027729000.0,0.007353262729628356
2019-07-03,8.3,8.77,8.13,8.47,25093706.0,231031080.0,6027729000.0,0.0041630448216898935
2019-07-04,8.34,8.65,8.2,8.33,20855846.0,192862471.0,6027729000.0,0.0034599840171978535
2019-07-05,8.32,8.42,8.25,8.37,11496218.0,105003957.0,6027729000.0,0.00190722210636875
2019-07-08,8.29,8.37,7.94,8.05,18217571.0,161299173.0,6027729000.0,0.003022294300224844
2019-07-09,8.05,8.64,7.98,8.49,31922636.0,292873761.0,6027729000.0,0.005295964035543071
2019-07-10,8.49,8.53,8.22,8.38,21069729.0,193345200.0,6027729000.0,0.0034954671983428586
2019-07-11,8.38,8.42,7.98,8.1,19772036.0,177029009.0,6027729000.0,0.0032801799815486065
2019-07-12,8.09,8.11,7.85,8.03,17102266.0,149663437.0,6027729000.0,0.0028372652453353495
2019-07-15,7.98,8.08,7.76,7.92,21885815.0,189810536.0,6027729000.0,0.0036308558331006584
2019-07-16,7.92,7.95,7.7,7.83,21083582.0,180002877.0,6027729000.0,0.0034977654104887596
2019-07-17,7.75,7.9,7.71,7.78,16990699.0,145422338.0,6027729000.0,0.0028187562844978597
2019-07-18,7.75,7.75,7.53,7.54,16293396.0,135988519.0,6027729000.0,0.00270307374468892
2019-07-19,7.55,7.68,7.55,7.56,12721422.0,106186108.0,6027729000.0,0.002110483400962452
2019-07-22,7.44,7.46,7.22,7.34,13514343.0,108952579.0,6027729000.0,0.002242028963146817
2019-07-23,7.3,7.68,7.21,7.67,22375254.0,184217950.0,6027729000.0,0.0037120537436238425
2019-07-24,7.63,7.78,7.58,7.61,13041266.0,109999468.0,6027729000.0,0.002163545507769178
2019-07-25,7.66,7.66,7.57,7.6,6311682.0,52691591.0,6027729000.0,0.0010471077913423116
2019-07-26,7.57,7.75,7.55,7.7,12542699.0,105885445.0,6027729000.0,0.0020808332624111005
2019-07-29,7.7,7.73,7.61,7.73,5708427.0,48006140.0,6027729000.0,0.0009470278109715948
2019-07-30,7.73,7.84,7.66,7.76,8145306.0,69391827.0,6027729000.0,0.001351305939600138
2019-07-31,7.78,7.81,7.6,7.64,6374691.0,53655889.0,6027729000.0,0.0010575609819220473
2019-08-01,7.6,7.68,7.45,7.51,8680644.0,71839590.0,6027729000.0,0.0014401184923874314
2019-08-02,7.31,7.43,7.25,7.37,9593432.0,77154469.0,6027729000.0,0.0015915499850772986
2019-08-05,7.37,7.4,7.25,7.25,7470533.0,59803121.0,6027729000.0,0.0012393611258900326
2019-08-06,7.12,7.15,6.77,6.84,23330535.0,176821115.0,6027729000.0,0.003870534823314054
2019-08-07,6.87,6.99,6.81,6.89,9536545.0,72207086.0,6027729000.0,0.0015821124340526921
2019-08-08,6.97,7.18,6.96,7.12,9600889.0,74780545.0,6027729000.0,0.00159278710107903
2019-08-09,7.27,7.52,7.2,7.25,20816803.0,168508840.0,6027729000.0,0.003453506785059514
2019-08-12,7.26,7.37,7.16,7.27,9189263.0,73029051.0,6027729000.0,0.0015244983641434443
2019-08-13,7.19,7.27,6.91,7.21,18410943.0,143139039.0,6027729000.0,0.003054374707290258
2019-08-14,7.29,7.41,7.2,7.31,11884799.0,95170707.0,6027729000.0,0.0019716876787261007
2019-08-15,7.09,7.59,7.05,7.51,21730991.0,177204351.0,6027729000.0,0.0036051705376933833
2019-08-16,7.56,7.6,7.43,7.45,11392391.0,93991667.0,6027729000.0,0.0018899972112216723
2019-08-19,7.57,7.77,7.46,7.67,17549298.0,147218596.0,6027729000.0,0.002911427836254749
2019-08-20,7.72,7.77,7.62,7.66,10357859.0,87353392.0,6027729000.0,0.0017183683938013802
2019-08-21,7.67,7.68,7.57,7.58,8598621.0,71855626.0,6027729000.0,0.0014265108799682267
2019-08-22,7.64,7.66,7.52,7.57,10629904.0,88511617.0,6027729000.0,0.0017635006484199936
2019-08-23,7.58,7.7,7.52,7.57,8399775.0,70101266.0,6027729000.0,0.0013935223365217646
2019-08-26,7.37,7.75,7.35,7.51,14420816.0,119416754.0,6027729000.0,0.0023924127975892746
2019-08-27,7.57,7.72,7.53,7.62,15013918.0,125513278.0,6027729000.0,0.002490808395666096
2019-08-28,7.84,8.13,7.68,7.79,22783075.0,196767417.0,6027729000.0,0.003779711231211622
2019-08-29,7.78,7.78,7.55,7.56,12377292.0,103547627.0,6027729000.0,0.002053392247727129
2019-08-30,7.6,7.65,7.41,7.45,9232785.0,76011080.0,6027729000.0,0.0015317186622026305
2019-09-02,7.41,7.54,7.39,7.48,9580127.0,78504946.0,6027729000.0,0.0015893426861094784
2019-09-03,7.51,7.52,7.35,7.37,14053313.0,113979769.0,6027729000.0,0.0023314440645888362
2019-09-04,7.35,7.39,7.31,7.37,10146688.0,81713541.0,6027729000.0,0.0016833351333478993
2019-09-05,7.4,7.52,7.37,7.42,20291842.0,165750086.0,6027729000.0,0.0033664157761571565
2019-09-06,7.46,7.72,7.46,7.65,24937762.0,207792013.0,6027729000.0,0.004137173718327417
2019-09-09,7.86,7.95,7.67,7.75,24868207.0,212064128.0,6027729000.0,0.004125634546609511
2019-09-10,7.8,7.8,7.66,7.7,16847483.0,142470816.0,6027729000.0,0.0027949967558262823
2019-09-11,7.75,7.77,7.66,7.68,13069565.0,110339650.0,6027729000.0,0.002168240310737261
2019-09-12,7.7,7.75,7.63,7.72,12496915.0,105592012.0,6027729000.0,0.002073237698642391
2019-09-16,7.86,7.93,7.72,7.73,16826149.0,144032876.0,6027729000.0,0.0027914574460796097
2019-09-17,7.74,7.74,7.41,7.44,24062549.0,198661472.0,6027729000.0,0.003991975916634607
2019-09-18,7.44,7.49,7.39,7.46,10945816.0,89445435.0,6027729000.0,0.0018159104365839938
2019-09-19,7.44,7.48,7.38,7.45,9633615.0,78427382.0,6027729000.0,0.0015982163431700397
2019-09-20,7.48,7.49,7.39,7.41,12605877.0,102648877.0,6027729000.0,0.0020913144900840766
2019-09-23,7.38,7.38,7.18,7.3,17875506.0,142198209.0,6027729000.0,0.0029655457304069246
2019-09-24,7.27,7.39,7.22,7.26,11777791.0,94294292.0,6027729000.0,0.001953935055806258
2019-09-25,7.27,7.37,7.16,7.33,13090511.0,104490441.0,6027729000.0,0.002171715251299453
2019-09-26,7.29,7.34,7.04,7.08,17702073.0,138771317.0,6027729000.0,0.0029367732026439807
2019-09-27,7.12,7.16,7.02,7.07,6869408.0,53428113.0,6027729000.0,0.001139634512434119
2019-09-30,7.07,7.16,7.02,7.02,6940473.0,53897794.0,6027729000.0,0.001151424193091627
2019-10-08,7.02,7.14,7.02,7.05,7345352.0,56884174.0,6027729000.0,0.0012185936029970824
2019-10-09,7.01,7.02,6.93,6.97,11273463.0,86091396.0,6027729000.0,0.0018702670607786116
2019-10-10,6.96,7.1,6.94,7.08,8127527.0,62701219.0,6027729000.0,0.001348356404211271
2019-10-11,7.1,7.12,7.04,7.08,7287094.0,56556859.0,6027729000.0,0.0012089286031273139
2019-10-14,7.22,7.32,7.16,7.2,14920095.0,118396068.0,6027729000.0,0.0024752431637188733
2019-10-15,7.18,7.26,7.09,7.21,8157213.0,64220040.0,6027729000.0,0.001353281310423876
2019-10-16,7.21,7.26,7.15,7.17,5608094.0,44219597.0,6027729000.0,0.0009303825702847623
2019-10-17,7.17,7.17,7.06,7.07,7006730.0,54645952.0,6027729000.0,0.0011624162267414478
2019-10-18,7.1,7.11,6.86,6.94,12081976.0,92399921.0,6027729000.0,0.0020043993351393204
2019-10-21,6.91,6.95,6.79,6.94,5669366.0,42797942.0,6027729000.0,0.0009405475926339754
2019-10-22,6.94,7.1,6.92,7.1,7947172.0,61314608.0,6027729000.0,0.0013184355169251968
2019-10-23,7.1,7.16,7.01,7.03,7341336.0,56976870.0,6027729000.0,0.0012179273487577162
2019-10-24,7.07,7.11,7.0,7.05,5010835.0,38767050.0,6027729000.0,0.0008312973260742147
2019-10-25,7.06,7.21,7.0,7.2,12958106.0,101743163.0,6027729000.0,0.0021497492670954515
2019-10-28,7.84,7.92,7.57,7.92,70276505.0,603096414.0,6027729000.0,0.011658869368546595
2019-10-29,7.93,8.3,7.92,8.21,56868886.0,510428921.0,6027729000.0,0.00943454591273098
2019-10-30,8.21,8.36,8.08,8.32,34111159.0,309066128.0,6027729000.0,0.005659039913705477
2019-10-31,8.32,8.5,8.04,8.19,38571394.0,350614133.0,6027729000.0,0.0063989927218028545
2019-11-01,8.24,8.52,8.14,8.37,27475105.0,252081163.0,6027729000.0,0.004558118820537553
2019-11-04,8.37,8.55,8.31,8.45,22476898.0,208916795.0,6027729000.0,0.003728916479158237
2019-11-05,8.45,8.68,8.41,8.51,20843813.0,195138772.0,6027729000.0,0.0034579877429791552
2019-11-06,8.59,8.59,8.37,8.44,16868030.0,156609932.0,6027729000.0,0.002798405502304433
2019-11-07,8.43,8.66,8.4,8.52,16016910.0,149704580.0,6027729000.0,0.00265720472834794
2019-11-08,8.64,9.19,8.58,9.01,35494808.0,350062294.0,6027729000.0,0.00588858722746162
2019-11-11,8.97,9.19,8.71,8.74,20998125.0,204545230.0,6027729000.0,0.0034835880976069097
2019-11-12,8.71,9.0,8.57,8.82,19550442.0,189320441.0,6027729000.0,0.00324341754581203
2019-11-13,8.91,8.91,8.66,8.76,10631603.0,101889400.0,6027729000.0,0.0017637825124520363
2019-11-14,8.71,8.77,8.62,8.68,12134480.0,115621116.0,6027729000.0,0.00201310974663924
2019-11-15,8.67,8.93,8.5,8.63,19771099.0,189299163.0,6027729000.0,0.003280024533286085
2019-11-18,8.68,8.8,8.55,8.71,9362971.0,89157475.0,6027729000.0,0.0015533165143953884
2019-11-19,8.84,8.84,8.7,8.73,12370744.0,118657045.0,6027729000.0,0.002052305934789039
2019-11-20,8.75,9.0,8.55,8.62,16870533.0,162321663.0,6027729000.0,0.002798820749904317
2019-11-21,8.51,8.67,8.4,8.57,12286930.0,115253157.0,6027729000.0,0.002038401195541472
2019-11-22,8.59,8.64,8.35,8.46,14646334.0,136342288.0,6027729000.0,0.002429826224768897
2019-11-25,8.58,8.61,8.42,8.5,13331009.0,124886712.0,6027729000.0,0.0022116138598798985
2019-11-26,8.55,8.62,8.44,8.48,9148991.0,85506321.0,6027729000.0,0.0015178172409542631
2019-11-27,8.54,8.67,8.37,8.45,10506634.0,97976249.0,6027729000.0,0.0017430501603506064
2019-11-28,8.42,8.47,8.13,8.3,19268122.0,174656536.0,6027729000.0,0.003196580669104401
2019-11-29,8.39,8.7,8.36,8.5,21597152.0,201986655.0,6027729000.0,0.00358296665294674
2019-12-02,8.51,8.61,8.28,8.33,16385871.0,151351423.0,6027729000.0,0.0027184153434900607
2019-12-03,8.29,8.5,8.27,8.5,16364487.0,150584129.0,6027729000.0,0.0027148677387453884
2019-12-04,8.41,8.56,8.3,8.33,12359548.0,113838909.0,6027729000.0,0.002050448518836862
2019-12-05,8.38,8.45,8.29,8.44,9546662.0,87843755.0,6027729000.0,0.0015837908439480276
2019-12-06,8.4,8.41,7.96,8.18,27570649.0,245976676.0,6027729000.0,0.0045739695663159375
2019-12-09,8.15,8.25,8.07,8.15,16170383.0,144523279.0,6027729000.0,0.0026826658929092534
2019-12-10,8.03,8.09,7.89,8.04,15069991.0,132560107.0,6027729000.0,0.002500110904123261
2019-12-11,8.12,8.37,7.98,8.23,26063746.0,234614241.0,6027729000.0,0.004323974418889768
2019-12-12,8.29,8.32,8.06,8.09,12590618.0,112449220.0,6027729000.0,0.002088783022594413
2019-12-13,8.18,8.25,8.08,8.11,13226423.0,118269954.0,6027729000.0,0.0021942630466631795
2019-12-16,8.24,8.27,8.14,8.23,14596690.0,131426929.0,6027729000.0,0.0024215902871545817
2019-12-17,8.25,8.53,8.12,8.33,24420140.0,222309915.0,6027729000.0,0.00405130024923151
2019-12-18,8.35,8.39,8.22,8.25,15035845.0,136507663.0,6027729000.0,0.002494446084089049
2019-12-19,8.2,8.23,8.03,8.09,20590608.0,182880303.0,6027729000.0,0.0034159810436069703
2019-12-20,8.11,8.19,7.98,8.04,13668249.0,121158148.0,6027729000.0,0.0022675619623908107
2019-12-23,8.02,8.1,7.88,7.91,13546881.0,118456361.0,6027729000.0,0.0022474270160453462
2019-12-24,7.91,7.97,7.88,7.97,8589758.0,74695781.0,6027729000.0,0.0014250405086227334
2019-12-25,8.02,8.19,8.02,8.05,13158400.0,116843411.0,6027729000.0,0.002182978033683996
2019-12-26,8.0,8.07,7.93,8.0,10248058.0,89613685.0,6027729000.0,0.0017001524122932535
2019-12-27,8.0,8.09,7.96,7.98,13328581.0,117147793.0,6027729000.0,0.0022112110547770148
2019-12-30,8.03,8.07,7.83,8.06,16342779.0,143066384.0,6027729000.0,0.0027112663824136753
2019-12-31,8.04,8.09,7.97,8.07,12583066.0,110765259.0,6027729000.0,0.002087530146096482
2020-01-02,8.11,8.54,8.09,8.39,26672554.0,243837877.0,6027729000.0,0.004424975641738373
2020-01-03,8.43,8.49,8.28,8.36,16730362.0,153405789.0,6027729000.0,0.0027755663866109444
2020-01-06,8.29,8.38,8.14,8.17,22184912.0,200848247.0,6027729000.0,0.0036804760134372333
2020-01-07,8.19,8.34,8.16,8.34,18868124.0,171042491.0,6027729000.0,0.0031302210169037127
2020-01-08,8.32,8.32,8.13,8.19,15659666.0,140951200.0,6027729000.0,0.002597937963037157
2020-01-09,8.21,8.32,8.21,8.29,12998243.0,118098185.0,6027729000.0,0.002156407993790033
2020-01-10,8.25,8.36,8.12,8.32,18101757.0,164164241.0,6027729000.0,0.0030030807622572282
2020-01-13,8.38,8.55,8.21,8.28,25147830.0,229210600.0,6027729000.0,0.004172023991125016
2020-01-14,8.27,8.35,8.14,8.15,23151894.0,209260027.0,6027729000.0,0.0038408982885594226
2020-01-15,8.14,8.14,7.98,8.02,20862943.0,183616980.0,6027729000.0,0.0034611614092139842
2020-01-16,8.08,8.08,7.91,7.91,18366196.0,160105389.0,6027729000.0,0.00304695118178007
2020-01-17,7.97,8.01,7.9,7.97,13260357.0,115780953.0,6027729000.0,0.002199892695905871
2020-01-20,8.03,8.15,8.02,8.08,16096862.0,142987994.0,6027729000.0,0.0026704687619499815
2020-01-21,8.1,8.1,7.84,7.84,18033553.0,155885297.0,6027729000.0,0.0029917657213852844
2020-01-22,7.84,7.99,7.66,7.93,13787234.0,118799395.0,6027729000.0,0.0022873015691315915
2020-01-23,7.88,7.93,7.47,7.61,17722720.0,149638737.0,6027729000.0,0.0029401985391181323
2020-02-03,6.85,6.95,6.85,6.85,20989779.0,157992142.0,6027729000.0,0.003482203496540737
2020-02-04,6.82,7.0,6.75,6.89,30722171.0,231105980.0,6027729000.0,0.0050968069400598465
2020-02-05,6.89,7.2,6.89,6.96,31005698.0,238871402.0,6027729000.0,0.005143844058019198
2020-02-06,6.98,7.12,6.89,7.06,17029015.0,131196054.0,6027729000.0,0.0028251129073652782
2020-02-07,7.04,7.09,6.88,7.04,22817766.0,174247102.0,6027729000.0,0.0037854664667240348
2020-02-10,6.94,7.13,6.9,7.11,20630327.0,159870077.0,6027729000.0,0.0034225704241182707
2020-02-11,7.11,7.21,7.07,7.13,16609121.0,129958696.0,6027729000.0,0.0027554525095603998
2020-02-12,7.15,7.16,7.06,7.16,10525101.0,82253785.0,6027729000.0,0.0017461138349119543
2020-02-13,7.13,7.33,7.13,7.27,21505156.0,171350366.0,6027729000.0,0.00356770452022644
2020-02-14,7.25,7.31,7.17,7.26,14535279.0,115422279.0,6027729000.0,0.0024114022047109283
2020-02-17,7.38,7.9,7.38,7.89,40501961.0,343072654.0,6027729000.0,0.0067192737098831085
2020-02-18,7.89,7.99,7.76,7.94,29326909.0,253838645.0,6027729000.0,0.004865333030068206
2020-02-19,7.91,8.05,7.79,7.8,18393350.0,159475711.0,6027729000.0,0.0030514560292939515
2020-02-20,7.85,7.86,7.71,7.84,20326358.0,173880182.0,6027729000.0,0.0033721419791765688
2020-02-21,8.04,8.15,7.89,8.08,32033467.0,281990906.0,6027729000.0,0.0053143508940099995
2020-02-24,8.09,8.57,8.0,8.38,40312110.0,367679119.0,6027729000.0,0.00668777743657686
2020-02-25,8.17,8.88,8.11,8.71,48784772.0,453624599.0,6027729000.0,0.008093391723483256
2020-02-26,8.53,8.82,8.4,8.41,38462891.0,363169255.0,6027729000.0,0.00638099207844281
2020-02-27,8.44,8.49,8.16,8.32,28078667.0,256125227.0,6027729000.0,0.004658249732195989
2020-02-28,8.11,8.32,7.68,8.07,43821252.0,382819891.0,6027729000.0,0.0072699439540165126
2020-03-02,8.02,8.5,7.98,8.43,34406137.0,313619097.0,6027729000.0,0.005707976752106805
2020-03-03,8.56,8.61,8.17,8.24,27220588.0,249392055.0,6027729000.0,0.004515894460417846
2020-03-04,8.34,8.34,8.07,8.25,19833870.0,177513096.0,6027729000.0,0.0032904382396753405
2020-03-05,8.32,8.46,8.2,8.37,32029010.0,294064879.0,6027729000.0,0.0053136114778882726
2020-03-06,8.27,8.44,8.25,8.3,18021196.0,165253808.0,6027729000.0,0.0029897156955795458
2020-03-09,8.2,8.24,7.82,7.92,27747888.0,243609554.0,6027729000.0,0.004603373509326647
2020-03-10,7.74,8.22,7.73,8.16,23450580.0,206889817.0,6027729000.0,0.0038904502840124366
2020-03-11,8.17,8.52,8.13,8.35,31432447.0,288949835.0,6027729000.0,0.005214641700049886
2020-03-12,8.26,8.46,8.09,8.38,25432246.0,230917861.0,6027729000.0,0.004219208594148808
2020-03-13,8.02,8.46,7.93,8.45,28542990.0,258730180.0,6027729000.0,0.004735280899323775
2020-03-16,8.44,8.45,7.73,7.83,32476820.0,286694509.0,6027729000.0,0.005387903138976553
2020-03-17,7.79,7.97,7.39,7.48,20739070.0,172108212.0,6027729000.0,0.003440610883468716
2020-03-18,7.51,7.77,7.34,7.37,33793363.0,281590407.0,6027729000.0,0.005606317570016834
2020-03-19,7.48,7.51,7.01,7.48,41177794.0,328141947.0,6027729000.0,0.0068313943775508154
2020-03-20,7.53,7.73,7.42,7.65,23257052.0,194284538.0,6027729000.0,0.0038583439965532624
2020-03-23,7.46,7.47,7.11,7.11,19034622.0,151514611.0,6027729000.0,0.0031578430284440458
2020-03-24,7.24,7.82,7.19,7.82,29015214.0,238410603.0,6027729000.0,0.0048136228420355325
2020-03-25,8.05,8.4,7.89,8.26,43450548.0,390150200.0,6027729000.0,0.00720844417524411
2020-03-26,8.2,8.23,7.98,8.11,22837893.0,202461052.0,6027729000.0,0.0037888055352189856
2020-03-27,8.22,8.31,8.03,8.16,16474760.0,147690296.0,6027729000.0,0.0027331620250346357
2020-03-30,8.13,8.29,7.76,8.23,17615770.0,158190900.0,6027729000.0,0.0029224555383959698
2020-03-31,8.24,8.29,8.09,8.1,21250322.0,190742391.0,6027729000.0,0.003525427569819413
2020-04-01,8.1,8.39,7.68,7.73,37336546.0,326870570.0,6027729000.0,0.006194131487994898
2020-04-02,7.57,7.62,7.36,7.57,26259042.0,215209297.0,6027729000.0,0.004356374017478224
2020-04-03,7.61,7.66,7.42,7.44,15295169.0,125923880.0,6027729000.0,0.002537467925316483
2020-04-07,7.57,7.63,7.45,7.58,19907747.0,164374007.0,6027729000.0,0.0033026944310203727
2020-04-08,7.53,7.55,7.41,7.48,12815735.0,105024046.0,6027729000.0,0.002126129923890075
2020-04-09,7.53,7.6,7.48,7.54,16261500.0,134346084.0,6027729000.0,0.0026977821995647117
2020-04-10,7.56,7.56,7.32,7.37,16406640.0,133152519.0,6027729000.0,0.002721860919759332
2020-04-13,7.37,7.39,7.22,7.37,10269161.0,82373112.0,6027729000.0,0.0017036533991491654
2020-04-14,7.31,7.45,7.31,7.41,13627275.0,110376773.0,6027729000.0,0.0022607643774297088
2020-04-15,7.41,7.47,7.37,7.37,10850950.0,88253298.0,6027729000.0,0.0018001721709784897
2020-04-16,7.35,7.42,7.26,7.31,14891703.0,119523236.0,6027729000.0,0.00247053293205451
2020-04-17,7.35,7.44,7.33,7.37,11637951.0,94244515.0,6027729000.0,0.0019307356053996456
2020-04-20,7.42,7.42,7.33,7.39,7855156.0,63587253.0,6027729000.0,0.001303170066205697
2020-04-21,7.37,7.37,7.21,7.26,9843887.0,78637762.0,6027729000.0,0.0016331004595594792
2020-04-22,7.22,7.35,7.15,7.33,7296521.0,58176520.0,6027729000.0,0.001210492542050248
2020-04-23,7.37,7.38,7.25,7.28,8543688.0,68482525.0,6027729000.0,0.0014173974974654633
2020-04-24,7.37,7.44,7.17,7.21,10967441.0,87525685.0,6027729000.0,0.0018194980232190267
2020-04-27,7.2,7.21,6.99,7.17,10677761.0,83453355.0,6027729000.0,0.0017714401228057864
2020-04-28,7.16,7.21,6.97,7.06,10660179.0,82659705.0,6027729000.0,0.0017685232697090398
2020-04-29,7.06,7.2,7.02,7.13,9299872.0,72635525.0,6027729000.0,0.0015428483928192525
2020-04-30,7.16,7.43,7.16,7.35,14858921.0,119704066.0,6027729000.0,0.0024650943995657404
2020-05-06,7.28,7.58,7.26,7.53,19706106.0,162113581.0,6027729000.0,0.0032692421971857065
2020-05-07,7.52,7.52,7.38,7.47,10675321.0,87245109.0,6027729000.0,0.0017710353269033826
2020-05-08,7.45,7.7,7.45,7.65,18830981.0,156790266.0,6027729000.0,0.0031240589946893763
2020-05-11,7.72,8.11,7.72,7.88,25329454.0,220617978.0,6027729000.0,0.004202155405460332
2020-05-12,7.88,7.95,7.76,7.85,10123099.0,87103789.0,6027729000.0,0.0016794217191914236
2020-05-13,7.81,7.98,7.71,7.86,8393555.0,72321177.0,6027729000.0,0.0013924904387705552
2020-05-14,7.81,7.85,7.61,7.66,13224411.0,112008160.0,6027729000.0,0.0021939292559436563
2020-05-15,7.66,7.74,7.46,7.52,9809206.0,81302158.0,6027729000.0,0.0016273468830466666
2020-05-18,7.55,7.56,7.39,7.47,6377292.0,52356120.0,6027729000.0,0.0010579924877180112
2020-05-19,7.65,7.68,7.47,7.49,7834108.0,64990031.0,6027729000.0,0.0012996782038475852
2020-05-20,7.47,7.57,7.4,7.43,7548821.0,61866919.0,6027729000.0,0.0012523491019586315
2020-05-21,7.43,7.49,7.35,7.38,5808200.0,47304311.0,6027729000.0,0.0009635801476808263
2020-05-22,7.38,7.47,7.26,7.31,8418604.0,67869990.0,6027729000.0,0.0013966460668686333
2020-05-25,7.32,7.34,7.14,7.18,11556827.0,91348984.0,6027729000.0,0.0019172771370444823
2020-05-26,7.21,7.32,7.21,7.25,9472673.0,75362419.0,6027729000.0,0.0015715160718074751
2020-05-27,7.26,7.52,7.18,7.31,14006443.0,112847744.0,6027729000.0,0.002323668333463565
2020-05-28,7.33,7.38,7.21,7.29,9060676.0,72542682.0,6027729000.0,0.001503165785986729
2020-05-29,7.28,7.33,7.24,7.28,6233024.0,49785019.0,6027729000.0,0.0010340584322885119
2020-06-01,7.34,7.51,7.31,7.44,11540600.0,94147478.0,6027729000.0,0.0019145850783935377
2020-06-02,7.47,7.48,7.34,7.38,8083501.0,65666370.0,6027729000.0,0.001341052492572244
2020-06-03,7.45,7.73,7.41,7.66,24332620.0,203045415.0,6027729000.0,0.004036780684732177
2020-06-04,7.66,7.7,7.48,7.52,15773574.0,130870688.0,6027729000.0,0.00261683529568101
2020-06-05,7.52,7.6,7.4,7.46,8762404.0,71678776.0,6027729000.0,0.0014536824731171557
2020-06-08,7.49,7.79,7.44,7.79,26875395.0,226124305.0,6027729000.0,0.004458626955525041
2020-06-09,7.75,7.81,7.65,7.69,13121436.0,111152601.0,6027729000.0,0.0021768457075625
2020-06-10,7.68,7.84,7.61,7.74,14578178.0,123426791.0,6027729000.0,0.0024185191470950337
2020-06-11,7.78,7.86,7.59,7.62,13611347.0,115254963.0,6027729000.0,0.0022581219228668043
2020-06-12,7.49,7.65,7.42,7.58,10602344.0,87608546.0,6027729000.0,0.0017589284455223517
2020-06-15,7.54,7.57,7.45,7.47,8886288.0,72977921.0,6027729000.0,0.001474234823761984
2020-06-16,7.54,7.62,7.46,7.51,12927044.0,106511088.0,6027729000.0,0.0021445960825378844
2020-06-17,7.5,7.5,7.37,7.41,12511760.0,101785384.0,6027729000.0,0.0020757004835486132
2020-06-18,7.44,7.47,7.38,7.42,10278033.0,83769247.0,6027729000.0,0.001705125263594299
2020-06-19,7.43,7.53,7.39,7.52,13729255.0,112404539.0,6027729000.0,0.0022776828553506636
2020-06-22,7.62,7.64,7.43,7.46,12800265.0,105240152.0,6027729000.0,0.0021235634515088518
2020-06-23,7.42,7.44,7.32,7.36,11124522.0,89756633.0,6027729000.0,0.0018455577548360253
2020-06-24,7.4,7.45,7.28,7.43,13619798.0,110045652.0,6027729000.0,0.002259523943428777
2020-06-29,7.43,7.43,7.18,7.22,26330602.0,209047183.0,6027729000.0,0.0043682458186159335
2020-06-30,7.33,7.33,7.22,7.27,11279987.0,87207055.0,6027729000.0,0.0018713493921176615
2020-07-01,7.31,7.47,7.28,7.47,15954290.0,125294411.0,6027729000.0,0.0026468160728526447
2020-07-02,7.5,7.61,7.44,7.57,24352410.0,194697933.0,6027729000.0,0.004040063844940607
2020-07-03,7.59,7.98,7.58,7.93,40771011.0,339626711.0,6027729000.0,0.006763909094121517
2020-07-06,8.06,8.53,8.05,8.42,42196179.0,371946893.0,6027729000.0,0.007000344408316963
2020-07-07,8.52,8.71,8.35,8.41,28081079.0,254700179.0,6027729000.0,0.004658649882899513
2020-07-08,8.34,8.83,8.26,8.61,33126747.0,300168078.0,6027729000.0,0.005495726002280461
2020-07-09,8.62,9.08,8.61,8.96,31245270.0,297933984.0,6027729000.0,0.005183589043236681
2020-07-10,9.04,9.47,8.83,9.18,36931680.0,363660376.0,6027729000.0,0.006126964234788923
2020-07-13,9.07,10.01,9.07,9.78,31276915.0,319990072.0,6027729000.0,0.00518883894747093
2020-07-14,9.79,10.16,9.41,9.9,29509726.0,305480979.0,6027729000.0,0.0048956623630558044
2020-07-15,9.82,10.17,9.47,9.85,33896688.0,353340762.0,6027729000.0,0.005623459183383991
2020-07-16,9.79,10.23,9.51,9.51,24124999.0,252878334.0,6027729000.0,0.004002336369136702
2020-07-17,9.41,10.14,9.41,10.05,24888315.0,259397541.0,6027729000.0,0.004128970463005221
2020-07-20,10.05,10.45,9.86,10.34,23625536.0,256909459.0,6027729000.0,0.0039194754774144625
2020-07-21,10.49,11.38,10.37,11.27,31922339.0,376563220.0,6027729000.0,0.00529591476325495
2020-07-22,11.28,12.22,10.79,11.18,36630660.0,440653215.0,6027729000.0,0.006077025028829265
2020-07-23,11.16,11.65,11.01,11.63,33435451.0,406548276.0,6027729000.0,0.00554693998353277
2020-07-24,12.16,12.71,12.06,12.29,55875413.0,735696828.0,6027729000.0,0.009269728781768391
2020-07-27,12.35,13.36,12.12,13.27,42878063.0,586847453.0,6027729000.0,0.00711346893664264
2020-07-28,13.56,13.91,11.95,12.33,67358371.0,911103920.0,6027729000.0,0.01117475105466752
2020-07-29,12.0,12.92,11.62,12.85,43686759.0,582206242.0,6027729000.0,0.007247631570696029
2020-07-30,12.71,13.07,12.25,12.42,33450996.0,445512307.0,6027729000.0,0.005549518898410994
2020-07-31,12.25,12.89,12.11,12.57,32281642.0,425822891.0,6027729000.0,0.005355523116583377
2020-08-03,12.61,13.46,12.38,13.26,34824832.0,478803429.0,6027729000.0,0.005777438235859641
2020-08-04,13.18,13.54,12.75,13.14,26134659.0,364131565.0,6027729000.0,0.004335738882753355
2020-08-05,12.93,13.4,12.84,13.25,17590513.0,246627804.0,6027729000.0,0.0029182654031062114
2020-08-06,13.25,13.44,13.06,13.3,17760156.0,250379529.0,6027729000.0,0.0029464091700207493
2020-08-07,13.16,14.34,12.9,13.74,26933317.0,385438571.0,6027729000.0,0.004468236213008249
2020-08-10,13.72,14.48,13.55,14.48,32791799.0,494621588.0,6027729000.0,0.005440158142477872
2020-08-11,14.44,14.82,13.82,13.85,23074476.0,349206114.0,6027729000.0,0.003828054645456025
2020-08-12,13.77,13.91,12.71,13.22,29875196.0,416294515.0,6027729000.0,0.00495629382143756
2020-08-13,13.17,13.79,13.06,13.5,20551296.0,295312769.0,6027729000.0,0.0034094591843793908
2020-08-14,13.49,13.69,12.99,13.35,15056924.0,212696079.0,6027729000.0,0.002497943089345921
2020-08-17,13.21,13.88,13.11,13.84,20982708.0,301342587.0,6027729000.0,0.0034810304179235664
2020-08-18,13.74,14.17,13.55,13.73,16464149.0,241233207.0,6027729000.0,0.0027314016605590598
2020-08-19,13.7,13.73,13.35,13.35,11186815.0,160218097.0,6027729000.0,0.0018558921610443999
2020-08-20,13.3,13.3,12.61,12.9,22942254.0,314637965.0,6027729000.0,0.003806119020944704
2020-08-21,13.02,13.46,12.89,13.01,11885420.0,165721957.0,6027729000.0,0.0019717907026012616
2020-08-24,13.08,13.18,12.86,13.05,11104091.0,153265633.0,6027729000.0,0.0018421682527532343
2020-08-25,13.16,13.16,12.81,12.95,10506217.0,144283963.0,6027729000.0,0.0017429809800672857
2020-08-26,13.03,13.07,12.54,12.71,10021641.0,135670177.0,6027729000.0,0.0016625898410495893
2020-08-27,12.93,12.93,12.45,12.71,9607378.0,129398678.0,6027729000.0,0.0015938636259194797
2020-08-28,12.74,12.95,12.57,12.88,11900936.0,161668770.0,6027729000.0,0.001974364806380645
2020-08-31,13.2,13.67,12.83,13.13,28994278.0,406447096.0,6027729000.0,0.004810149560472941
2020-09-01,12.99,14.45,12.94,14.45,33090965.0,493640663.0,6027729000.0,0.005489789769911687
2020-09-02,15.06,15.3,14.26,15.01,60089607.0,946810364.0,6027729000.0,0.009968863397807035
2020-09-03,14.68,15.01,14.13,14.64,28629168.0,445734741.0,6027729000.0,0.0047495778260767865
2020-09-04,14.31,15.46,14.21,14.96,33947393.0,536807507.0,6027729000.0,0.005631871140855868
2020-09-07,14.87,15.79,14.86,15.39,37910983.0,620290557.0,6027729000.0,0.006289430563318291
2020-09-08,15.44,16.93,15.35,15.79,48315222.0,825160494.0,6027729000.0,0.008015493397264543
2020-09-09,15.72,16.52,14.88,15.95,37148925.0,620440213.0,6027729000.0,0.0061630051715994534
2020-09-10,16.19,16.47,15.72,16.04,24563548.0,419742617.0,6027729000.0,0.004075091630695408
2020-09-11,15.72,16.28,15.46,16.26,19748478.0,335865103.0,6027729000.0,0.0032762717102908906
2020-09-14,16.29,16.74,15.69,16.04,21451235.0,366651465.0,6027729000.0,0.0035587590284831983
2020-09-15,16.04,16.33,15.61,16.22,27059474.0,458515484.0,6027729000.0,0.004489165654262161
2020-09-16,16.18,17.36,15.92,17.15,30572133.0,547506411.0,6027729000.0,0.005071915641861139
2020-09-17,17.11,18.38,16.84,18.02,39676455.0,747998986.0,6027729000.0,0.006582322297502094
2020-09-18,17.84,18.07,16.94,18.07,41014432.0,758112863.0,6027729000.0,0.006804292628285047
2020-09-21,17.58,17.83,16.94,17.13,33931446.0,627383990.0,6027729000.0,0.005629225534193724
2020-09-22,16.98,17.07,16.38,16.66,20668161.0,365962892.0,6027729000.0,0.003428847083204968
2020-09-23,16.5,17.13,16.5,16.69,22903471.0,409792866.0,6027729000.0,0.0037996849227959653
2020-09-24,16.46,16.67,15.91,16.1,28787619.0,496585062.0,6027729000.0,0.004775864840638987
2020-09-25,16.47,16.94,16.11,16.29,19619351.0,343405252.0,6027729000.0,0.0032548495461557744
2020-09-28,16.58,17.25,16.53,17.23,31601588.0,571129772.0,6027729000.0,0.005242702185184503
2020-09-29,17.41,17.51,16.38,16.95,31817869.0,567751136.0,6027729000.0,0.0052785831944335915
2020-09-30,16.94,18.45,16.68,18.0,34813447.0,656758742.0,6027729000.0,0.005775549464815024
2020-10-09,18.9,19.62,18.45,18.72,36496122.0,736418233.0,6027729000.0,0.006054705180010581
2020-10-12,19.45,20.59,18.92,20.59,37966004.0,805040643.0,6027729000.0,0.006298558545017535
2020-10-13,21.17,22.66,20.13,22.66,50416373.0,1160179359.0,6027729000.0,0.008364074264121694
2020-10-14,22.63,22.63,21.38,21.82,42652560.0,995592664.0,6027729000.0,0.007076057997962417
2020-10-15,22.54,23.02,21.37,21.38,43180163.0,1018143064.0,6027729000.0,0.007163587314559098
2020-10-16,21.65,21.84,20.77,21.2,32003679.0,719881059.0,6027729000.0,0.005309409066001474
2020-10-19,21.06,22.31,20.59,21.57,40605659.0,926556294.0,6027729000.0,0.006736477203935346
2020-10-20,21.57,23.73,21.04,23.72,57987859.0,1375412387.0,6027729000.0,0.00962018348867376
2020-10-21,23.15,24.19,22.87,23.13,44246843.0,1097064019.0,6027729000.0,0.007340549483893519
2020-10-22,22.97,24.18,21.79,23.31,43728327.0,1071295205.0,6027729000.0,0.0072545277002333715
2020-10-23,23.31,24.18,22.48,23.48,40058173.0,996408012.0,6027729000.0,0.006645649298433954
2020-10-26,22.12,23.66,21.84,22.56,45045645.0,1089661503.0,6027729000.0,0.007473070703742654
2020-10-27,22.11,22.38,21.55,21.89,34517875.0,801788081.0,6027729000.0,0.005726514081837455
2020-10-28,22.24,23.7,21.89,23.18,46816739.0,1137771195.0,6027729000.0,0.007766895127501585
2020-10-29,22.59,24.03,22.38,22.95,52311966.0,1290006216.0,6027729000.0,0.008678553067000855
2020-10-30,23.11,23.67,22.12,22.33,47299781.0,1145225332.0,6027729000.0,0.007847031775980638
2020-11-02,22.34,23.41,22.19,23.01,44204967.0,1079995686.0,6027729000.0,0.0073336022571684955
2020-11-03,23.11,24.94,22.34,24.19,61356172.0,1513014878.0,6027729000.0,0.010178986480646359
2020-11-04,24.19,26.52,23.71,26.09,74627089.0,2024207607.0,6027729000.0,0.012380631080129847
2020-11-05,26.35,27.18,25.79,27.01,64315815.0,1805193107.0,6027729000.0,0.010669991135965137
2020-11-06,26.83,28.14,25.8,26.69,60542716.0,1719971978.0,6027729000.0,0.010044034162783363
2020-11-09,26.36,26.67,25.43,26.07,49317089.0,1360886703.0,6027729000.0,0.008181703092491385
2020-11-10,25.75,25.75,23.58,24.94,57761655.0,1507490764.0,6027729000.0,0.009582656254121576
2020-11-11,24.36,24.84,23.02,23.25,48531655.0,1226496363.0,6027729000.0,0.00805139962330755
2020-11-12,23.39,24.48,23.3,24.17,36726915.0,934870139.0,6027729000.0,0.006092993729479212
2020-11-13,24.47,24.91,24.0,24.38,35046390.0,915302511.0,6027729000.0,0.005814194699197658
2020-11-16,24.24,24.24,22.68,23.48,42689915.0,1056584570.0,6027729000.0,0.007082255190968273
2020-11-17,23.88,24.62,23.58,23.81,41596279.0,1066430268.0,6027729000.0,0.006900821022312051
2020-11-18,23.53,24.24,23.06,23.87,31527648.0,793625464.0,6027729000.0,0.0052304355421419904
2020-11-19,24.25,24.46,22.97,23.46,30608342.0,768770909.0,6027729000.0,0.005077922713512833
2020-11-20,23.67,25.4,23.48,25.04,56144292.0,1467830163.0,6027729000.0,0.009314335797113639
2020-11-23,25.23,26.14,24.47,25.67,50727691.0,1360483059.0,6027729000.0,0.008415721907869447
2020-11-24,26.35,26.51,24.8,24.9,43463637.0,1180394141.0,6027729000.0,0.007210615639820569
2020-11-25,24.83,26.83,24.43,26.12,55057917.0,1518590407.0,6027729000.0,0.009134106228066988
2020-11-26,25.38,25.61,24.56,25.2,35332657.0,938849970.0,6027729000.0,0.005861686383047413
2020-11-27,25.32,26.33,24.82,25.71,36233447.0,989146423.0,6027729000.0,0.006011127408017182
2020-11-30,25.7,26.38,24.94,26.25,43357480.0,1185800699.0,6027729000.0,0.007193004197766688
2020-12-01,26.25,26.5,25.42,26.31,37275736.0,1034427579.0,6027729000.0,0.006184043111427206
2020-12-02,25.9,26.04,24.43,24.79,44272658.0,1179004826.0,6027729000.0,0.007344832191360958
2020-12-03,24.57,24.66,23.53,23.64,39779959.0,1005396793.0,6027729000.0,0.006599493606962091
2020-12-04,23.61,24.17,23.11,23.9,21021248.0,533426476.0,6027729000.0,0.003487424202382025
2020-12-07,23.54,23.79,23.28,23.57,19131515.0,478300060.0,6027729000.0,0.003173917573268473
2020-12-08,24.0,24.71,23.95,24.37,37519371.0,972025109.0,6027729000.0,0.006224462148182176
2020-12-09,24.55,24.55,23.59,23.67,21061787.0,537262111.0,6027729000.0,0.0034941496208605264
2020-12-10,23.34,23.53,22.66,22.97,26677724.0,653523792.0,6027729000.0,0.004425833344531581
2020-12-11,23.16,23.67,22.98,23.46,23935619.0,591707210.0,6027729000.0,0.003970918234711613
2020-12-14,23.46,25.32,22.87,25.11,44067192.0,1142562617.0,6027729000.0,0.007310745390179286
2020-12-15,25.13,26.41,24.91,25.85,42676535.0,1163321434.0,6027729000.0,0.007080035449503453
2020-12-16,25.86,26.07,24.96,25.55,27623108.0,748851911.0,6027729000.0,0.004582672512317657
2020-12-17,25.38,25.86,24.75,24.79,26858443.0,713661255.0,6027729000.0,0.0044558146194030954
2020-12-18,24.84,27.27,24.59,27.27,66085387.0,1849054511.0,6027729000.0,0.010963563059984947
2020-12-21,27.86,29.88,27.43,29.37,90316487.0,2750026913.0,6027729000.0,0.01498350158077777
2020-12-22,29.05,31.3,28.43,28.52,61119028.0,1914826999.0,6027729000.0,0.010139644300531759
2020-12-23,29.18,31.37,28.8,31.37,58420500.0,1885703819.0,6027729000.0,0.009691958613268778
2020-12-24,31.06,31.08,29.65,30.56,42349809.0,1360398377.0,6027729000.0,0.007025831619171996
2020-12-25,29.18,32.19,28.44,31.46,36177654.0,1163152526.0,6027729000.0,0.006001871351548817
2020-12-28,31.39,34.04,30.61,33.24,49511273.0,1706850821.0,6027729000.0,0.00821391821032432
2020-12-29,32.57,34.83,31.53,31.99,52978693.0,1843020038.0,6027729000.0,0.008789163049632788
2020-12-30,32.38,35.16,31.99,35.0,51179314.0,1860045437.0,6027729000.0,0.008490646145505215
2020-12-31,35.01,35.95,34.29,35.59,44402448.0,1662347940.0,6027729000.0,0.0073663643471695555
2021-01-04,34.0,36.99,33.89,35.87,41672249.0,1580853502.0,6027729000.0,0.006913424442273367
2021-01-05,35.87,36.48,34.84,36.04,38343056.0,1454445505.0,6027729000.0,0.0063611114567360275
2021-01-06,35.95,36.78,34.4,35.41,32366117.0,1219106957.0,6027729000.0,0.005369537515704505
2021-01-07,35.2,38.95,34.82,38.95,45645138.0,1804699592.0,6027729000.0,0.007572526568463844
2021-01-08,39.73,40.51,37.65,40.0,39151455.0,1627189101.0,6027729000.0,0.006495224818501296
2021-01-11,40.28,43.92,40.28,43.41,44396931.0,2006672475.0,6027729000.0,0.007365449077090228
2021-01-12,42.36,46.91,41.04,45.9,49524090.0,2290214382.0,6027729000.0,0.00821604455011166
2021-01-13,45.9,48.68,44.71,46.88,55754438.0,2765360655.0,6027729000.0,0.009249659034107207
2021-01-14,45.66,46.59,42.2,42.2,50443327.0,2361102148.0,6027729000.0,0.008368545931643576
2021-01-15,39.6,45.18,37.98,40.95,86876198.0,3678170164.0,6027729000.0,0.014412757773284102
2021-01-18,39.53,39.71,37.85,38.78,55114884.0,2279295946.0,6027729000.0,0.009143557051088396
2021-01-19,38.98,39.37,37.08,37.61,48771908.0,1960147972.0,6027729000.0,0.008091257586397796
2021-01-20,37.88,39.18,37.29,38.12,44720080.0,1816338234.0,6027729000.0,0.0074190594832647585
2021-01-21,37.91,39.59,35.98,38.45,67013883.0,2684732045.0,6027729000.0,0.011117600509246517
2021-01-22,37.81,38.7,36.12,37.06,59743431.0,2359588911.0,6027729000.0,0.009911432813253549
2021-01-25,37.18,40.76,37.14,40.76,80400312.0,3345109178.0,6027729000.0,0.0133384085449097
2021-01-26,41.41,43.49,39.55,41.64,66037556.0,2907296788.0,6027729000.0,0.010955627898998113
2021-01-27,40.94,41.41,38.06,39.73,47647062.0,2007914875.0,6027729000.0,0.007904645679989927
2021-01-28,38.21,40.67,37.46,38.57,36351781.0,1517406278.0,6027729000.0,0.006030759013884002
2021-01-29,39.06,40.27,38.19,39.46,31165111.0,1296477595.0,6027729000.0,0.00517029066834292
2021-02-01,38.59,39.63,37.38,37.54,37629111.0,1523846908.0,6027729000.0,0.006242668009792743
2021-02-02,38.04,41.29,37.67,41.29,55237907.0,2343056370.0,6027729000.0,0.009163966561867663
2021-02-03,41.58,41.88,38.4,38.92,60678518.0,2550964114.0,6027729000.0,0.01006656370915149
2021-02-04,38.46,38.54,37.18,37.69,33726601.0,1350131850.0,6027729000.0,0.0055952417568872126
2021-02-05,37.56,38.21,35.8,35.89,37665818.0,1470166062.0,6027729000.0,0.006248757699624519
2021-02-08,36.9,38.47,36.61,37.88,36991311.0,1478826785.0,6027729000.0,0.006136857015303774
2021-02-09,38.47,39.2,37.08,38.5,35976566.0,1466362645.0,6027729000.0,0.005968510860392032
2021-02-10,39.46,40.69,37.9,39.96,43149818.0,1811204675.0,6027729000.0,0.007158553080272852
2021-02-18,40.56,40.92,38.63,39.16,35907923.0,1511280982.0,6027729000.0,0.005957122989437647
2021-02-19,38.12,38.6,36.82,38.36,29969854.0,1200538834.0,6027729000.0,0.004971997579851384
2021-02-22,38.59,38.59,36.06,36.17,47751960.0,1854758212.0,6027729000.0,0.007922048253994165
2021-02-23,35.11,35.11,33.05,33.4,61397262.0,2200713675.0,6027729000.0,0.010185803310002822
2021-02-24,33.24,33.96,30.99,31.43,60959363.0,2085886631.0,6027729000.0,0.010113155883418117
2021-02-25,32.25,32.38,30.06,30.45,50893949.0,1672287672.0,6027729000.0,0.008443304103419381
2021-02-26,28.94,29.91,28.15,29.53,44672147.0,1384045869.0,6027729000.0,0.007411107400482006
2021-03-01,29.74,30.09,28.48,29.96,38942154.0,1220970031.0,6027729000.0,0.006460501790973018
2021-03-02,30.13,30.44,28.89,29.52,34520005.0,1085503991.0,6027729000.0,0.0057268674487522585
2021-03-03,29.18,30.03,28.85,30.0,25853781.0,812761165.0,6027729000.0,0.004289141233788049
2021-03-04,29.46,29.47,28.41,28.62,26993769.0,829071446.0,6027729000.0,0.004478265197390261
2021-03-05,27.84,30.0,27.48,29.65,37821225.0,1173474881.0,6027729000.0,0.006274539714708475
2021-03-08,29.65,29.93,27.01,27.08,46477637.0,1390435576.0,6027729000.0,0.0077106381192651495
2021-03-09,27.35,28.51,25.77,27.99,52214844.0,1510457196.0,6027729000.0,0.008662440531085587
2021-03-10,29.03,29.72,28.64,29.21,42190104.0,1300277754.0,6027729000.0,0.006999336566059954
2021-03-11,29.01,30.11,28.61,29.35,36363796.0,1125613436.0,6027729000.0,0.00603275230190342
2021-03-12,29.66,29.86,28.51,29.08,26015894.0,795047009.0,6027729000.0,0.004316035774003775
2021-03-15,28.51,28.82,27.74,28.09,23270845.0,690170420.0,6027729000.0,0.0038606322547015634
2021-03-16,28.09,29.03,28.09,28.33,21030452.0,631008715.0,6027729000.0,0.0034889511456138787
2021-03-17,28.2,28.67,27.56,28.42,19047060.0,567736922.0,6027729000.0,0.003159906492146545
2021-03-18,28.8,29.42,28.52,28.69,18858499.0,573474465.0,6027729000.0,0.003128624229788698
2021-03-19,27.94,28.42,27.37,27.37,22414532.0,653701520.0,6027729000.0,0.003718569962252782
2021-03-22,27.58,28.16,27.28,27.93,18058232.0,529637342.0,6027729000.0,0.002995859966498162
2021-03-23,27.92,28.04,26.75,26.96,19951528.0,571716135.0,6027729000.0,0.003309957697169199
2021-03-24,26.97,27.22,25.83,26.39,21868997.0,606593436.0,6027729000.0,0.003628065727573353
2021-03-25,26.03,27.37,25.91,26.75,17758027.0,495319709.0,6027729000.0,0.002946055969005906
2021-03-26,26.85,29.42,26.85,29.42,43939114.0,1321163607.0,6027729000.0,0.007289497255102212
2021-03-29,28.23,28.61,27.53,27.7,48180907.0,1412340071.0,6027729000.0,0.007993210544136937
2021-03-30,27.24,28.38,27.19,28.22,29800862.0,877293068.0,6027729000.0,0.004943961813810806
2021-03-31,29.71,30.75,28.46,28.64,48022732.0,1483610893.0,6027729000.0,0.007966969317963698
2021-04-01,28.96,31.2,28.95,30.82,55994282.0,1794044471.0,6027729000.0,0.009289449144113811
2021-04-02,30.94,33.55,29.85,32.68,59694841.0,2002504149.0,6027729000.0,0.009903371734197074
2021-04-06,32.88,33.86,31.98,32.72,41789288.0,1439093872.0,6027729000.0,0.006932841207691985
2021-04-07,32.73,32.73,31.05,31.37,37335827.0,1236295266.0,6027729000.0,0.006194012205923657
2021-04-08,30.58,31.37,30.23,30.85,26916484.0,873924613.0,6027729000.0,0.0044654436189815435
2021-04-09,31.21,31.34,29.57,30.05,28426202.0,902251324.0,6027729000.0,0.004715905774795118
2021-04-12,30.05,30.25,28.74,28.89,24569946.0,756356160.0,6027729000.0,0.004076153058639498
2021-04-13,29.18,29.66,28.67,29.07,21557281.0,659749282.0,6027729000.0,0.0035763520556415193
2021-04-14,29.16,30.3,29.16,30.19,29188139.0,918174434.0,6027729000.0,0.004842311092618796
2021-04-15,29.48,29.94,28.75,29.48,25734775.0,792509007.0,6027729000.0,0.004269398143148108
2021-04-16,29.48,31.63,29.16,31.16,47945350.0,1536800330.0,6027729000.0,0.007954131647258859
2021-04-19,32.03,34.27,31.27,34.24,74258745.0,2578000988.0,6027729000.0,0.012319522825263047
2021-04-20,34.25,36.1,32.89,33.45,74255659.0,2655045989.0,6027729000.0,0.012319010857986482
2021-04-21,32.79,34.2,32.53,33.78,45862212.0,1609029734.0,6027729000.0,0.007608539136381215
2021-04-22,32.9,33.25,31.48,32.32,54102003.0,1841469018.0,6027729000.0,0.008975520133702095
2021-04-23,31.93,33.08,31.84,32.05,29881961.0,1019514622.0,6027729000.0,0.00495741613466697
2021-04-26,31.37,32.49,31.37,31.59,32809631.0,1103012958.0,6027729000.0,0.005443116470564619
2021-04-27,31.27,31.84,30.65,31.62,24431066.0,802412087.0,6051727700.0,0.004037039868796476
2021-04-28,31.56,32.7,30.99,32.47,33162546.0,1122496938.0,6051727700.0,0.0054798476805227045
2021-04-29,32.23,33.02,31.73,32.48,30962999.0,1054936831.0,6051727700.0,0.005116389985623445
2021-04-30,32.21,32.55,31.37,31.77,24592877.0,825182123.0,6051727700.0,0.0040637778530583915
2021-05-06,31.77,32.1,30.73,31.39,23007543.0,761578986.0,6051727700.0,0.003801813984459347
2021-05-07,31.39,31.39,28.94,29.69,35994415.0,1139767717.0,6051727700.0,0.005947791570331229
2021-05-10,29.18,30.68,28.56,30.13,28515901.0,890904837.0,6051727700.0,0.004712026451553661
2021-05-11,29.27,29.81,28.75,29.31,28415111.0,873201088.0,6051727700.0,0.0046953717035219545
2021-05-12,29.11,30.87,28.89,30.25,30736419.0,978244106.0,6064863342.0,0.005067949146874611
2021-05-13,29.75,29.8,29.08,29.2,21359504.0,659393735.0,6064863342.0,0.0035218442354805492
2021-05-14,28.99,29.68,28.9,29.22,21797855.0,672163739.0,6064863342.0,0.0035941213792975188
2021-05-17,29.32,31.68,29.25,31.47,48068344.0,1549542682.0,6064863342.0,0.007925709334144465
2021-05-18,31.42,31.42,30.51,30.88,25428275.0,824180027.0,6064863342.0,0.004192720192705044
2021-05-19,30.68,33.5,30.53,32.75,54366496.0,1858229383.0,6064863342.0,0.008964174942492876
2021-05-20,32.89,34.06,32.2,32.67,47991501.0,1677436108.0,6064863342.0,0.007913039139340924
2021-05-21,32.68,33.27,31.56,32.45,41262518.0,1409092494.0,6064863342.0,0.006803536316185638
2021-05-24,31.9,32.57,31.23,32.27,26146217.0,877436746.0,6064863342.0,0.00431109746841844
2021-05-25,32.22,33.98,31.81,33.55,40715103.0,1418037048.0,6064863342.0,0.006713276244502064
2021-05-26,34.34,36.91,34.34,35.2,64408479.0,2442652483.0,6064863342.0,0.010619939043632287
2021-05-27,35.68,35.74,34.29,34.55,33616735.0,1228253202.0,6064863342.0,0.005542867679672114
2021-05-28,34.22,36.12,33.8,34.93,35412050.0,1309353618.0,6064863342.0,0.0058388867156769645
2021-05-31,34.9,35.26,33.45,35.16,27955794.0,1013969083.0,6074398819.0,0.004602232226266999
2021-06-01,35.07,36.36,34.39,35.8,31294833.0,1173946132.0,6074398819.0,0.005151922672925833
2021-06-02,35.94,37.59,35.94,36.31,39941554.0,1543864212.0,6074398819.0,0.006575392098896692
2021-06-03,37.07,37.64,35.71,35.75,29645635.0,1139992041.0,6074398819.0,0.0048804228835406666
2021-06-04,35.63,36.98,34.99,36.69,30254779.0,1154641866.0,6074398819.0,0.00498070342457045
2021-06-07,36.69,37.26,36.02,36.3,21254590.0,815842098.0,6074398819.0,0.003499044207225604
2021-06-08,36.48,38.05,36.48,37.76,34869007.0,1378158779.0,6074398819.0,0.00574032230003303
2021-06-09,36.78,38.44,36.32,38.11,29332769.0,1156765735.0,6074398819.0,0.004828917210416045
2021-06-10,37.8,41.02,37.55,40.36,39997825.0,1674412481.0,6074398819.0,0.00658465573167365
2021-06-11,39.93,43.25,39.54,42.11,45595279.0,1997015135.0,6074398819.0,0.007506138526397603
2021-06-15,42.39,44.01,41.18,41.87,39449653.0,1764789345.0,6074398819.0,0.006494412727166705
2021-06-16,41.3,41.35,37.69,37.69,38956334.0,1601647061.0,6074398819.0,0.006413199916697797
2021-06-17,36.57,39.21,36.29,38.21,35390307.0,1411435174.0,6074398819.0,0.005826141492274645
2021-06-18,38.7,42.01,38.26,40.85,43172693.0,1819723364.0,6074398819.0,0.007107319470852149
2021-06-21,40.4,43.06,39.34,42.04,34590961.0,1519247539.0,6074398819.0,0.005694548881414169
2021-06-22,42.07,43.5,40.98,41.85,27825999.0,1235096054.0,6074398819.0,0.004580864679639337
2021-06-23,41.94,44.67,41.94,43.05,43235441.0,1966379296.0,6074398819.0,0.007117649381987344
2021-06-24,43.07,44.2,42.14,42.63,32321290.0,1470019291.0,6074398819.0,0.005320903510468038
2021-06-25,43.36,43.59,41.35,41.71,38625245.0,1702226231.0,6074398819.0,0.006358694275914977
2021-06-28,41.8,43.04,41.09,42.13,30940692.0,1368925745.0,6074398819.0,0.005093622088694799
2021-06-29,42.77,43.37,40.87,41.65,29820066.0,1320115192.0,6074398819.0,0.004909138647058597
2021-06-30,41.63,41.63,40.07,41.43,24099866.0,1033652509.0,6074398819.0,0.0039674487497624415
2021-07-01,41.42,41.76,40.15,40.27,17563154.0,754522620.0,6074398819.0,0.0028913402829370597
2021-07-02,40.14,40.61,39.07,39.81,21626423.0,907709986.0,6074398819.0,0.00356025734305675
2021-07-05,39.54,42.93,39.19,42.58,41850948.0,1844876847.0,6074398819.0,0.0068897267444961285
2021-07-06,42.91,44.67,42.58,43.78,43508611.0,2001748135.0,6074398819.0,0.007162620087424984
2021-07-07,42.88,44.84,41.94,44.06,31451158.0,1448561172.0,6074398819.0,0.005177657729950906
2021-07-08,44.65,44.81,43.1,43.14,25610626.0,1176578264.0,6074398819.0,0.0042161581356648815
2021-07-09,43.49,47.33,43.08,46.7,54215370.0,2600588760.0,6074398819.0,0.008925223979436573
2021-07-12,46.57,48.95,45.32,46.48,46357143.0,2302624923.0,6074398819.0,0.007631560650084474
2021-07-13,46.1,47.19,45.08,45.62,28270818.0,1362200649.0,6074398819.0,0.004654093160885688
2021-07-14,45.32,45.32,42.77,42.82,37128497.0,1697043213.0,6074398819.0,0.006112291620343804
2021-07-15,42.55,43.17,40.4,41.59,38931480.0,1697704371.0,6074398819.0,0.006409108318378263
2021-07-16,41.35,43.63,40.87,42.47,30972992.0,1393202481.0,6074398819.0,0.005098939487331676
2021-07-19,40.87,43.49,39.26,43.06,28237517.0,1246562175.0,6074398819.0,0.004648610972278671
2021-07-20,42.3,44.01,42.01,43.27,16333098.0,742169937.0,6078191029.000001,0.002687164309590178
2021-07-21,45.62,47.59,45.62,47.59,33537287.0,1658955268.0,6078191029.000001,0.005517642805234049
2021-07-22,49.22,49.22,46.76,48.5,49604595.0,2502056247.0,6078191029.000001,0.008161078643847934
2021-07-23,47.52,52.28,47.33,52.23,47394406.0,2551173801.0,6078191029.000001,0.007797452527219672
2021-07-26,51.57,53.23,50.19,51.73,42055760.0,2278016542.0,6078191029.000001,0.006919124423590076
2021-07-27,51.61,53.51,48.71,49.58,36114592.0,1959865050.0,6078191029.000001,0.005941667813283858
2021-07-28,47.71,50.38,47.36,48.48,30709700.0,1573881741.0,6078191029.000001,0.005052440743221003
2021-07-29,50.48,53.33,48.53,53.33,43497382.0,2351922633.0,6078191029.000001,0.007156303872725813
2021-07-30,53.23,58.45,52.45,57.7,50164728.0,2967761743.0,6078191029.000001,0.008253233200578303
2021-08-02,58.64,61.87,56.8,60.56,52360431.0,3282330156.0,6078191029.000001,0.008614476042325781
2021-08-03,58.93,60.55,55.52,56.19,40936742.0,2454926240.0,6078191029.000001,0.006735020634376971
2021-08-04,56.06,59.98,55.13,58.26,37285351.0,2291124420.0,6078191029.000001,0.0061342841681193885
2021-08-05,57.5,61.02,55.24,60.25,38498933.0,2366024192.0,6078191029.000001,0.006333945875724466
2021-08-06,60.88,61.99,58.91,59.42,24771807.0,1564443387.0,6078191029.000001,0.004075522944542189
2021-08-09,57.68,57.82,55.6,57.05,27295184.0,1626152799.0,6078191029.000001,0.004490675575968311
2021-08-10,57.11,58.35,52.9,55.32,47011556.0,2715174825.0,6078191029.000001,0.007734465036669711
2021-08-11,55.32,55.49,53.06,54.56,28996291.0,1655580634.0,6078191029.000001,0.004770546180870946
2021-08-12,54.14,59.08,53.42,57.64,45248940.0,2696102853.0,6078191029.000001,0.007444474809052599
2021-08-13,56.41,57.5,55.27,55.56,24314265.0,1432338425.0,6078191029.000001,0.0040002469293894906
2021-08-16,54.82,56.6,53.99,54.85,24755649.0,1435459933.0,6078191029.000001,0.004072864587816823
2021-08-17,54.28,55.56,51.8,52.84,31146797.0,1749388801.0,6078191029.000001,0.005124353093115
2021-08-18,52.47,53.08,51.07,51.69,25890590.0,1411875118.0,6078191029.000001,0.004259588070936228
2021-08-19,52.47,55.6,51.8,54.38,36355793.0,2068517475.0,6078191029.000001,0.005981350837204823
2021-08-20,53.99,55.94,52.67,55.38,33631555.0,1921448318.0,6078191029.000001,0.005533152024926263
2021-08-23,55.41,57.98,54.17,57.72,36820392.0,2183300405.0,6078191029.000001,0.0060577878885879274
2021-08-24,57.47,58.93,55.98,56.56,32110249.0,1946831767.0,6078191029.000001,0.005282862754197256
2021-08-25,56.66,60.02,56.11,58.2,30212207.0,1851275779.0,6078191029.000001,0.004970591884304529
2021-08-26,57.97,58.9,54.54,55.39,33616348.0,1984954004.0,6078191029.000001,0.0055306501292261365
2021-08-27,55.11,60.83,54.83,59.85,46796678.0,2905041588.0,6078191029.000001,0.0076991127420519894
2021-08-30,60.81,64.41,59.56,61.88,40558291.0,2649419213.0,6078191029.000001,0.006672756878895389
2021-08-31,61.87,63.87,60.55,62.85,26564185.0,1734801942.0,6078296011.0,0.004370334210760108
2021-09-01,62.82,63.4,57.6,61.71,30323018.0,1934302178.0,6078296011.0,0.004988736636900193
2021-09-02,61.59,63.38,59.98,60.53,22865931.0,1479755833.0,6078296011.0,0.0037618982291449973
2021-09-03,60.41,60.41,56.65,58.55,28485071.0,1739321466.0,6078296011.0,0.0046863579773755775
2021-09-06,58.49,59.85,57.5,59.05,23471006.0,1451042398.0,6078296011.0,0.0038614450427429175
2021-09-07,59.06,59.67,58.17,59.47,19803354.0,1227591125.0,6078766377.0,0.003257791593197134
2021-09-08,59.41,59.55,57.79,58.29,18028244.0,1110351345.0,6078766377.0,0.0029657734615715437
2021-09-09,57.68,58.62,56.35,58.18,20921130.0,1265500285.0,6078766377.0,0.003441673639434227
2021-09-10,57.95,57.97,56.71,57.05,21981482.0,1321750894.0,6078766377.0,0.003616109032117192
2021-09-13,57.03,58.93,56.47,57.32,21253723.0,1294587299.0,6078766377.0,0.0034963875368556542
2021-09-14,57.39,60.36,55.89,59.69,31662284.0,1965028632.0,6078766377.0,0.005208669331297119
2021-09-15,58.93,59.62,57.69,57.98,19400193.0,1190508882.0,6078766377.0,0.003191468761392736
2021-09-16,58.1,58.26,52.61,52.61,43012378.0,2469557131.0,6078766377.0,0.0070758399537683035
2021-09-17,53.09,55.02,53.09,54.0,18582797.0,1059429495.0,6078766377.0,0.003057001346574369
2021-09-22,53.13,55.13,51.31,52.99,16806908.0,937832232.0,6078766377.0,0.0027648550639471302
2021-09-23,52.99,54.27,51.57,51.84,21705855.0,1199229112.0,6078766377.0,0.00357076644401529
2021-09-24,51.99,52.68,51.33,51.71,16254545.0,889637993.0,6078766377.0,0.00267398744941107
2021-09-27,51.71,52.47,49.94,50.88,23103719.0,1240958258.0,6078766377.0,0.0038007249443598743
2021-09-28,50.9,51.31,48.65,48.97,28547235.0,1489822000.0,6078766377.0,0.00469622177091936
2021-09-29,48.05,50.69,47.7,48.88,25351684.0,1317391874.0,6078766377.0,0.004170531063000252
2021-09-30,48.87,51.38,48.25,50.0,22528232.0,1187073701.0,6079353682.0,0.0037056952397263076
2021-10-08,51.33,51.8,49.43,50.76,18594332.0,989821824.0,6079353682.0,0.0030586034260607115
2021-10-11,50.76,53.88,50.24,52.45,26884406.0,1480767883.0,6079353682.0,0.004422247397712763
2021-10-12,52.19,55.77,51.61,54.25,31978175.0,1831771961.0,6079353682.0,0.005260127420235854
2021-10-13,54.08,57.44,53.42,56.84,30346576.0,1805706162.0,6079353682.0,0.004991743791753947
2021-10-14,56.85,60.36,56.85,59.53,30837438.0,1905748240.0,6079353682.0,0.005072486256442811
2021-10-15,59.88,60.81,58.07,59.83,25027148.0,1572165001.0,6079353682.0,0.0041167448562996764
2021-10-18,59.79,61.74,59.45,60.26,23440385.0,1490997291.0,6079353682.0,0.0038557363539159194
2021-10-19,60.26,61.48,58.71,58.89,24064938.0,1508331422.0,6079353682.0,0.003958469807613342
2021-10-20,59.66,61.07,58.64,60.26,27078756.0,1705370985.0,6079353682.0,0.004454216256602391
2021-10-21,59.78,59.8,57.49,58.14,19335726.0,1179607845.0,6079353682.0,0.0031805561925521805
2021-10-22,58.72,60.17,58.31,59.64,18014179.0,1120017546.0,6079353682.0,0.0029631733803113184
2021-10-25,59.59,64.28,58.93,63.87,30453974.0,1984358832.0,6079353682.0,0.0050094098144296785
2021-10-26,65.23,66.66,62.87,63.5,28719331.0,1934822110.0,6079353682.0,0.004724076357826223
2021-10-27,63.02,65.85,62.81,64.16,22744929.0,1534613390.0,6079353682.0,0.0037413399827919405
2021-10-28,63.77,64.71,62.61,62.98,13350178.0,885214115.0,6079353682.0,0.0021959863989370705
2021-10-29,62.77,65.62,61.6,64.94,20006782.0,1331480311.0,6079353682.0,0.0032909389791281433
2021-11-01,63.95,64.75,60.17,62.65,23874378.0,1554636330.0,6079353682.0,0.003927124370258016
2021-11-02,62.64,64.53,60.17,62.08,22857414.0,1498013304.0,6079353682.0,0.0037598427720494645
2021-11-03,61.51,61.87,57.3,58.73,28894044.0,1786318163.0,6079353682.0,0.004752815103610549
2021-11-04,59.59,61.45,58.51,60.18,18867033.0,1188773937.0,6079402276.0,0.00310343552596979
2021-11-05,60.12,61.26,59.07,60.02,11385106.0,719035503.0,6079402276.0,0.0018727344372234795
2021-11-08,60.01,61.55,59.1,60.35,14005049.0,884539512.0,6079402276.0,0.0023036884818904853
2021-11-09,60.17,61.19,59.1,60.18,9743540.0,613853759.0,6079423238.0,0.0016027079574090347
2021-11-10,59.34,60.01,57.3,58.75,17234918.0,1053939208.0,6079423238.0,0.0028349593909289855
2021-11-11,58.73,59.81,57.78,58.97,16037924.0,987260160.0,6079423238.0,0.0026380667001029744
2021-11-12,59.21,59.77,58.45,58.97,12477271.0,771650670.0,6079423238.0,0.002052377423241346
2021-11-15,58.97,58.97,55.24,56.52,23769729.0,1405085409.0,6079423238.0,0.003909865799674071
2021-11-16,56.54,56.95,54.63,55.8,16343462.0,955278649.0,6079423238.0,0.0026883244281864886
2021-11-17,56.71,56.82,55.39,56.06,18516170.0,1085960201.0,6079423238.0,0.003045711620185112
2021-11-18,55.94,57.09,54.91,56.41,14181198.0,833799807.0,6079423238.0,0.0023326551623119615
2021-11-19,56.87,57.08,54.91,56.55,19358444.0,1134266054.0,6079423238.0,0.0031842566707641355
2021-11-22,56.9,61.98,56.9,61.21,40566372.0,2557900904.0,6079423238.0,0.006672733647895432
2021-11-23,61.12,61.12,58.38,59.19,27149419.0,1678578276.0,6079423238.0,0.0044657886015074645
2021-11-24,58.47,58.9,57.4,58.58,15502909.0,945140183.0,6079423238.0,0.0025500624636721502
2021-11-25,58.16,58.48,55.87,56.25,19897184.0,1182390476.0,6079423238.0,0.0032728736297928398
2021-11-26,55.72,57.49,55.47,56.3,13142850.0,777278464.0,6079423238.0,0.00216185803907341
2021-11-29,55.32,56.78,53.9,56.1,13380767.0,783143352.0,6079423238.0,0.0022009928370116216
2021-11-30,56.47,57.29,55.2,57.17,20404588.0,1207480356.0,6079604440.0,0.0033562361172300216
2021-12-01,57.06,57.09,54.89,55.27,20568486.0,1196536168.0,6079604440.0,0.003383194779034012
2021-12-02,55.1,56.27,54.59,55.86,16238231.0,948253692.0,6079604440.0,0.0026709354465831005
2021-12-03,55.39,55.81,53.73,54.63,23506625.0,1338280000.0,6079604440.0,0.0038664727667709906
2021-12-06,54.44,55.77,53.86,54.12,18727722.0,1072993965.0,6079604440.0,0.003080417843763533
2021-12-07,54.72,54.91,52.33,53.38,20247120.0,1126906502.0,6079604440.0,0.0033303350900243766
2021-12-08,53.29,53.95,52.21,53.76,19477087.0,1088549935.0,6079604440.0,0.0032036766852548714
2021-12-09,54.38,54.79,53.12,54.06,25038956.0,1413877693.0,6079604440.0,0.0041185172895886624
2021-12-10,53.39,54.63,53.16,54.2,25246984.0,1429447722.0,6079604440.0,0.0041527346473218905
2021-12-13,53.96,54.39,52.53,52.69,28044306.0,1559318638.0,6079604440.0,0.004612850437355099
2021-12-14,52.25,52.48,50.23,50.75,36133383.0,1934423801.0,6079604440.0,0.005943377296434766
2021-12-15,50.14,51.25,49.66,49.98,27982886.0,1471569950.0,6079604440.0,0.0046027478064016945
2021-12-16,50.0,51.51,49.55,50.89,31076715.0,1640192548.0,6079655958.0,0.005111591052962014
2021-12-17,50.81,51.01,49.66,49.66,18909163.0,989881596.0,6079655958.0,0.003110235699294483
2021-12-20,49.28,49.85,48.15,48.32,21858865.0,1114359526.0,6079655958.0,0.003595411508645766
2021-12-21,48.15,49.28,48.07,48.99,16663790.0,853705795.0,6079655958.0,0.002740910030948827
2021-12-22,49.52,50.19,49.52,49.91,20339387.0,1061805282.0,6079655958.0,0.0033454832215030414
2021-12-23,50.35,51.04,49.71,50.5,24343478.0,1289154192.0,6079655958.0,0.004004088087906898
2021-12-24,50.5,50.62,46.99,47.86,28924463.0,1463810507.0,6079655958.0,0.004757582205279123
2021-12-27,47.53,47.65,45.58,46.47,23033565.0,1122019689.0,6079655958.0,0.0037886296789032877
2021-12-28,46.6,47.26,46.15,46.8,21182648.0,1033120508.0,6079655958.0,0.0034841853135005965
2021-12-29,46.8,46.9,45.8,46.38,16693944.0,807419467.0,6079655958.0,0.002745869851078175
2021-12-30,46.39,47.15,46.03,46.41,15443230.0,754042238.0,6079655958.0,0.0025401486706955532
2021-12-31,47.01,47.52,45.85,46.36,19944174.0,969179367.0,6079850428.000001,0.0032803724756368296
2022-01-04,46.8,47.27,45.37,45.63,23978339.0,1157398746.0,6079850428.000001,0.003943902779181987
2022-01-05,45.08,45.46,43.67,43.91,29536445.0,1371426306.0,6079850428.000001,0.004858087439778707
2022-01-06,43.91,44.0,41.92,42.6,37864212.0,1690846670.0,6079850428.000001,0.006227819655829203
2022-01-07,43.74,44.89,42.16,43.14,40570886.0,1843607965.0,6079850428.000001,0.006673007252473809
2022-01-10,42.77,44.88,42.21,44.79,36602535.0,1687202291.0,6079850428.000001,0.0060203018862818635
2022-01-11,44.46,44.46,41.55,42.13,40574104.0,1811683258.0,6079850428.000001,0.006673536541810464
2022-01-12,42.57,44.99,42.39,44.93,47556094.0,2183255436.0,6079850428.000001,0.007821918411181019
2022-01-13,45.01,45.15,42.86,42.97,35285807.0,1604829695.0,6079850428.000001,0.00580372945319437
2022-01-14,42.38,43.45,41.78,42.99,22108877.0,990555974.0,6079850428.000001,0.0036364179122203885
2022-01-17,42.86,44.29,42.63,43.46,22727245.0,1034708377.0,6079850428.000001,0.003738125677456221
2022-01-18,43.08,44.22,42.85,43.78,19830615.0,907610725.0,6079850428.000001,0.0032616945490422837
2022-01-19,43.45,44.06,41.78,42.37,23975742.0,1067772690.0,6079850428.000001,0.003943475630515955
2022-01-20,42.34,43.26,41.39,42.44,17499248.0,779142441.0,6079850428.000001,0.0028782365959875216
2022-01-21,42.13,42.78,41.73,42.02,12757214.0,563949194.0,6079850428.000001,0.002098277605851655
2022-01-24,41.07,41.63,39.36,41.31,37365854.0,1595364610.0,6079850428.000001,0.006145850863027184
2022-01-25,41.55,42.39,40.92,41.0,23323941.0,1019512646.0,6079850428.000001,0.003836268881317288
2022-01-26,40.93,41.86,40.2,40.73,21726643.0,930682906.0,6079850428.000001,0.003573548931391573
2022-01-27,40.66,40.72,38.56,38.63,27352129.0,1130652975.0,6079850428.000001,0.004498816101467421
2022-01-28,38.84,39.16,37.68,38.16,26415585.0,1060620191.0,6079987742.0,0.004344677344910344
2022-02-07,39.17,40.4,38.71,39.25,20008233.0,827657603.0,6079987742.0,0.003290834430764548
2022-02-08,39.37,39.53,38.02,38.49,18138390.0,730923829.0,6079987742.0,0.002983293843621042
2022-02-09,38.79,39.86,38.1,39.49,21843589.0,894081663.0,6079987742.0,0.003592702802524828
2022-02-10,39.56,39.65,38.25,38.49,16214543.0,657194432.0,6079987742.0,0.0026668710017277533
2022-02-11,38.2,38.37,36.84,36.97,20190584.0,793848110.0,6079987742.0,0.003320826432021448
2022-02-14,36.66,37.13,35.92,36.39,17959927.0,685044669.0,6079987742.0,0.00295394131733761
2022-02-15,36.09,37.15,35.97,36.91,24178928.0,930865860.0,6079987742.0,0.003976805386131648
2022-02-16,37.32,37.71,37.06,37.49,14690299.0,575695424.0,6079987742.0,0.0024161724699740357
2022-02-17,37.53,37.68,36.77,37.13,19301208.0,751578082.0,6079987742.0,0.003174547189736752
2022-02-18,36.93,36.93,36.21,36.53,15190855.0,580105843.0,6079987742.0,0.0024985009254316357
2022-02-21,36.4,36.66,36.01,36.4,13043639.0,495713618.0,6079990492.0,0.002145338716756664
2022-02-22,36.18,36.19,34.86,35.26,21949659.0,809332645.0,6079990492.0,0.003610146928499506
2022-02-23,35.28,36.91,35.28,36.74,29359097.0,1119932917.0,6079990492.0,0.004828806400047903
2022-02-24,36.29,36.56,34.48,34.94,32736805.0,1216272532.0,6079990492.0,0.005384351347765232
2022-02-25,35.34,36.35,35.1,35.34,25417357.0,946329060.0,6079990492.0,0.004180492886204994
2022-02-28,35.22,35.32,34.52,34.87,25744094.0,937154266.0,6079991752.000001,0.004234231730911729
2022-03-01,35.42,35.64,34.95,35.14,23238386.0,859700047.0,6079991752.000001,0.00382210814551776
2022-03-02,34.76,34.93,34.09,34.39,21859312.0,787404078.0,6079991752.000001,0.003595286456237284
2022-03-03,34.62,34.65,32.19,32.32,50600163.0,1748319342.0,6079991752.000001,0.008322406520264633
2022-03-04,31.78,32.33,31.25,31.74,25834708.0,858972158.0,6079991752.000001,0.004249135369550744
2022-03-07,31.23,31.23,30.24,30.48,26718214.0,856496188.0,6079991752.000001,0.004394449053522334
2022-03-08,30.54,30.72,28.65,29.02,34601267.0,1068751380.0,6079991752.000001,0.005691005582140467
2022-03-09,29.0,29.32,27.2,28.37,34243451.0,1016071615.0,6079991752.000001,0.005632154186514428
2022-03-10,29.13,29.22,28.12,28.36,34877046.0,1044945555.0,6079991752.000001,0.0057363640318306795
2022-03-11,27.7,28.54,27.29,28.45,31859067.0,930665251.0,6079991752.000001,0.005239985233453651
2022-03-14,28.04,28.06,27.09,27.09,31690573.0,910426582.0,6079991752.000001,0.005212272366911592
2022-03-15,26.88,27.41,26.0,26.03,35646500.0,997551068.0,6079991752.000001,0.005862919137723198
2022-03-16,26.57,27.14,25.37,27.07,41210439.0,1139034168.0,6079991752.000001,0.006778041925212137
2022-03-17,27.49,27.91,27.09,27.09,44438499.0,1274348790.0,6079991752.000001,0.007308973566515456
2022-03-18,26.84,27.4,26.55,27.19,32253111.0,911367755.0,6079991752.000001,0.005304795189794527
2022-03-21,27.46,27.88,26.78,27.23,33375888.0,955921060.0,6079991752.000001,0.005489462710047439
2022-03-22,27.11,28.33,26.85,27.58,48163861.0,1390543174.0,6079991752.000001,0.007921698410882975
2022-03-23,27.88,28.17,27.27,27.5,40169041.0,1163631520.0,6079991752.000001,0.006606759127064025
2022-03-24,27.26,27.55,26.82,27.31,26613788.0,757298375.0,6079991752.000001,0.004377273701275244
2022-03-25,27.55,27.58,26.37,26.41,32240969.0,901410908.0,6079994292.0,0.005302795932295918
2022-03-28,26.21,26.6,25.59,26.07,24418263.0,665394059.0,6079994292.0,0.004016165448071114
2022-03-29,26.45,27.03,25.8,25.83,27026379.0,747768578.0,6079994292.0,0.004445132298160388
2022-03-30,26.26,27.27,26.0,27.26,42087538.0,1179492445.0,6079994292.0,0.006922298932974064
2022-03-31,26.98,27.17,26.07,26.17,37030167.0,1023170624.0,6079994318.0,0.006090493685227816
2022-04-01,25.9,26.88,25.81,26.51,28601987.0,791827287.0,6079994318.0,0.004704278573965602
2022-04-06,26.64,26.64,25.25,25.51,39789374.0,1065917820.0,6079994318.0,0.00654431105012753
2022-04-07,25.32,26.02,25.0,25.06,29485340.0,786679203.0,6079994318.0,0.004849567032111822
2022-04-08,25.07,25.36,24.37,25.15,25822830.0,673270052.0,6079994318.0,0.004247179955999426
2022-04-11,24.9,24.91,23.35,23.35,35592776.0,883947833.0,6079994370.0,0.0058540804208014425
2022-04-12,23.44,24.03,23.05,23.96,25150036.0,620870197.0,6079994370.0,0.004136522909313154
2022-04-13,23.76,24.39,23.55,24.02,20303365.0,509942705.0,6079994370.0,0.0033393723356358964
2022-04-14,24.5,25.12,24.45,24.65,26035794.0,674553827.0,6079994370.0,0.004282206925793584
2022-04-15,24.4,24.73,23.83,24.52,24495114.0,621009938.0,6079994370.0,0.0040288053753576095
2022-04-18,24.85,25.24,24.3,25.16,28765856.0,749409898.0,6079994370.0,0.004731230696846846
2022-04-19,25.28,25.67,24.11,24.27,36678510.0,948024188.0,6079994370.0,0.006032655257212023
2022-04-20,24.27,25.07,24.08,24.31,31417536.0,808907595.0,6079995368.0,0.005167361831450659
2022-04-21,23.88,24.3,23.07,23.14,26711533.0,660950447.0,6079995368.0,0.00439334759045823
2022-04-22,22.92,23.68,22.73,23.26,26067095.0,635823084.0,6079995368.0,0.004287354417602905
2022-04-25,23.08,23.64,21.49,21.56,35490337.0,839804023.0,6079995368.0,0.0058372309273114565
2022-04-26,21.67,22.11,21.2,21.31,29766221.0,676865678.0,6079995368.0,0.0048957637626937086
2022-04-27,20.99,21.95,20.39,21.79,34147002.0,757962925.0,6093809973.0,0.005603555435974537
2022-04-28,21.58,22.24,21.49,21.95,23528409.0,538410271.0,6093809973.0,0.0038610342469239975
2022-04-29,22.6,23.86,22.09,23.7,41730770.0,1005261810.0,6093810865.0,0.006848057959869091
2022-05-05,23.21,24.04,22.95,23.65,37691200.0,927626444.0,6093810865.0,0.006185160786082257
2022-05-06,22.87,22.98,22.6,22.74,22797849.0,544080521.0,6093810865.0,0.003741148109952047
2022-05-09,22.44,22.8,22.03,22.28,16721101.0,390822373.0,6093810865.0,0.002743948141882477
2022-05-10,21.49,22.18,21.2,22.01,25281828.0,574889646.0,6093810865.0,0.004148771361646125
2022-05-11,22.01,24.22,22.01,24.22,31291235.0,770334450.0,6093810865.0,0.005134920609322193
2022-05-12,24.64,26.34,24.3,25.67,104939534.0,2777063170.0,6093810865.0,0.017220674603264045
2022-05-13,25.36,28.24,25.12,28.24,113328669.0,3169086473.0,6093810865.0,0.018597339417097253
2022-05-16,29.01,29.01,27.29,27.7,92932724.0,2710805031.0,6109700433.0,0.015210684225702363
2022-05-17,27.47,30.46,27.33,30.46,85740512.0,2633159103.0,6109700433.0,0.014033505069560257
2022-05-18,30.56,33.51,29.84,32.16,137097218.0,4593804484.0,6109700433.0,0.022439270059707687
2022-05-19,31.4,35.34,31.07,34.15,112752877.0,3805122945.0,6109700433.0,0.0184547308393377
2022-05-20,33.4,34.3,32.94,33.04,86656533.0,3026872497.0,6109700433.0,0.014183434024350306
2022-05-23,32.91,34.08,31.73,32.54,103348710.0,3530852856.0,6109700433.0,0.016915511837828922
2022-05-24,33.68,34.42,32.23,32.89,115464895.0,4062426732.0,6109700433.0,0.01889861806911933
2022-05-25,32.08,36.07,31.39,35.5,114998227.0,4056564929.0,6109700433.0,0.018822236582806285
2022-05-26,34.56,35.02,33.51,33.71,84358802.0,3010855738.0,6109700433.0,0.013807354865445987
2022-05-27,33.52,35.08,32.57,33.35,77832146.0,2748631008.0,6109700433.0,0.012739110019144207
2022-05-30,33.41,33.78,32.06,32.55,68572584.0,2339470648.0,6109700433.0,0.011223559117501497
2022-05-31,32.56,32.57,30.75,31.77,76301382.0,2518375766.0,6116644314.999999,0.012474385965664903
2022-06-01,32.53,33.3,32.24,32.33,76676194.0,2619704685.0,6116644314.999999,0.012535663355798712
2022-06-02,31.81,34.92,31.79,33.94,90701654.0,3196874468.0,6116644314.999999,0.014828662470624632
2022-06-06,33.32,35.63,33.3,34.79,89116906.0,3198770206.0,6116644314.999999,0.014569574657374861
2022-06-07,34.45,34.6,33.09,33.58,57987120.0,2045914414.0,6116644314.999999,0.009480217749100883
2022-06-08,33.54,35.88,33.35,35.78,87376634.0,3183634937.0,6116644314.999999,0.014285060484181515
2022-06-09,35.64,35.64,34.02,34.05,63881597.0,2302870364.0,6116644314.999999,0.01044389598449293
2022-06-10,33.66,35.6,33.44,34.95,72006672.0,2617492454.0,6117517444.0,0.011770570768150964
2022-06-13,34.35,37.29,33.97,36.78,86449114.0,3286654568.0,6117517444.0,0.014131404575689184
2022-06-14,35.98,40.18,35.39,39.45,92358490.0,3606184652.0,6117642008.0,0.015097073329760619
2022-06-15,39.23,42.6,37.7,37.74,112211477.0,4677419539.0,6117642008.0,0.018342275807126635
2022-06-16,37.45,38.52,36.71,36.95,59175133.0,2318071822.0,6117642008.0,0.009672866264913356
2022-06-17,36.47,38.07,36.36,37.41,50697999.0,1981230766.0,6117642008.0,0.008287179755484639
2022-06-20,37.41,38.0,36.74,37.26,41009372.0,1600731789.0,6117642008.0,0.006703460572941718
2022-06-21,37.09,37.24,35.48,36.67,51451357.0,1956043991.0,6118405893.0,0.008409274882999333
2022-06-22,36.66,37.59,36.26,36.35,38294407.0,1475721830.0,6118405893.0,0.006258886329168224
2022-06-23,36.84,38.74,36.84,38.67,73753129.0,2922807528.0,6118600331.0,0.01205392165040237
2022-06-24,39.04,39.41,37.79,38.19,59448788.0,2390130687.0,6118600331.0,0.009716076354718191
2022-06-27,38.23,40.5,37.38,39.18,72211337.0,2927615901.0,6118600331.0,0.011801937223148887
2022-06-28,38.47,41.72,38.08,40.36,82397444.0,3432845173.0,6118767275.0,0.013466347108290698
2022-06-29,39.63,40.32,36.36,36.37,83560732.0,3322780481.0,6118788203.0,0.013656418432497916
2022-06-30,35.5,36.95,34.97,35.44,63684176.0,2376847445.0,6118945537.0,0.010407704336460415
2022-07-01,35.45,36.18,33.51,35.62,59817301.0,2173486497.0,6118945537.0,0.009775753132348889
2022-07-04,35.6,35.6,34.45,34.58,42822767.0,1556335908.0,6118945537.0,0.006998389958050709
2022-07-05,34.44,35.37,33.11,33.62,55579419.0,1966747590.0,6118945537.0,0.009083169422561899
2022-07-06,33.62,34.77,33.49,34.09,40067797.0,1429729229.0,6118945537.0,0.006548153886599955
2022-07-07,33.91,35.96,33.91,35.73,62311961.0,2302481755.0,6119509957.0,0.010182508311588323
2022-07-08,35.94,36.07,34.33,34.4,39483863.0,1439485221.0,6119509957.0,0.0064521282386075865
2022-07-11,33.97,33.97,32.15,32.67,52360561.0,1789740365.0,6119509957.0,0.008556332348165505
2022-07-12,32.67,33.68,31.84,32.25,31826626.0,1084788108.0,6119509957.0,0.005200845529076079
2022-07-13,32.25,32.82,31.65,32.38,29079233.0,981049992.0,6119509957.0,0.004751889155231584
2022-07-14,32.25,32.71,32.06,32.31,23521540.0,796502080.0,6119509957.0,0.0038436966628502866
2022-07-15,32.71,34.3,32.63,33.01,55803764.0,1962211815.0,6119509957.0,0.009118992270968863
2022-07-18,33.31,35.02,32.99,34.41,55062225.0,1958275123.0,6120141220.0,0.008996887983574993
2022-07-19,34.28,34.82,33.55,34.08,33460223.0,1194469746.0,6120141220.0,0.005467230542108308
2022-07-20,34.19,34.28,33.49,33.58,23600882.0,829192668.0,6120141220.0,0.0038562642840453934
2022-07-21,33.49,33.73,32.54,32.8,24464913.0,844237878.0,6120141220.0,0.003997442562281267
2022-07-22,33.06,34.24,32.93,33.67,35340115.0,1245141225.0,6120141220.0,0.00577439534965502
2022-07-25,33.4,33.49,32.13,32.44,25396707.0,864563042.0,6120141298.0,0.004149692917759821
2022-07-26,32.43,33.18,32.34,32.6,20533109.0,703750767.0,6120141403.0,0.0033550056523097625
2022-07-27,32.32,32.86,32.06,32.27,19953312.0,674279539.0,6130884595.999999,0.0032545567752193917
2022-07-28,32.34,33.07,32.07,32.37,25477156.0,865569256.0,6130884859.0,0.004155543055518342
2022-07-29,32.37,33.63,31.86,32.98,40141326.0,1376953314.0,6130884859.0,0.006547395184085612
2022-08-01,33.01,34.89,32.56,34.59,55464984.0,1972400367.0,6130884859.0,0.009046815472089426
2022-08-02,33.87,33.97,32.61,32.91,40781523.0,1417004240.0,6130884859.0,0.006651816815664651
2022-08-03,32.91,34.01,32.06,32.35,35280312.0,1223934611.0,6130884859.0,0.005754522032526724
2022-08-04,32.39,32.73,30.62,31.07,48071406.0,1566523229.0,6130884859.0,0.007840859371128503
2022-08-05,31.08,31.18,29.76,30.36,42549923.0,1347469418.0,6130884859.0,0.0069402580506038505
2022-08-08,30.42,31.04,30.12,30.94,23698275.0,762622364.0,6130884859.0,0.003865392279421374
2022-08-09,30.94,31.57,30.61,30.88,20622375.0,667535173.0,6130884859.0,0.0033636865598163732
2022-08-10,30.88,31.18,30.15,30.27,24376148.0,777439983.0,6130884859.0,0.003975959190330637
2022-08-11,30.27,30.62,29.78,30.49,25344920.0,802611702.0,6130884859.0,0.004133974227683339
2022-08-12,30.5,30.65,30.15,30.19,19465742.0,616632319.0,6130884859.0,0.0031750297791720444
2022-08-15,29.76,30.45,29.52,29.96,18879895.0,592073125.0,6130884859.0,0.0030794730995942197
2022-08-16,30.03,30.81,29.91,30.08,28014085.0,888457930.0,6130884859.0,0.004569337973926547
2022-08-17,30.18,30.72,29.47,30.52,32155851.0,1012671334.0,6130884859.0,0.005244895596562369
2022-08-18,30.48,30.84,29.84,29.93,26354636.0,832054829.0,6130884859.0,0.004298667583246486
2022-08-19,29.95,30.02,29.21,29.27,20752197.0,640687659.0,6130884859.0,0.003384861643509133
2022-08-22,29.37,32.2,29.32,32.2,80453689.0,2637354755.0,6130884859.0,0.013122687972502992
2022-08-23,32.44,33.16,31.95,32.87,73364650.0,2489458920.0,6130884859.0,0.011966404799186916
2022-08-24,32.83,32.84,31.95,31.99,36654693.0,1236252496.0,6130884859.0,0.0059786953829660885
2022-08-25,32.22,33.62,31.67,33.48,60718688.0,2090577595.0,6130884859.0,0.009903739736828746
2022-08-26,33.39,34.18,32.78,33.83,56350505.0,1973221949.0,6130884859.0,0.00919125155600969
2022-08-29,32.98,33.62,32.17,32.5,37145570.0,1270385947.0,6130884859.0,0.006058761639516219
2022-08-30,32.5,33.63,32.26,32.73,30427431.0,1051331541.0,6130884859.0,0.004962975443150465
2022-08-31,32.16,32.4,30.8,32.02,38003118.0,1248418913.0,6130885120.0,0.006198634822894871
2022-09-01,31.38,31.58,30.81,30.86,24039526.0,783201916.0,6130885120.0,0.003921053082788803
2022-09-02,30.92,31.07,29.9,30.29,23869710.0,757107256.0,6130885120.0,0.003893354635227613
2022-09-05,30.29,30.32,28.87,29.85,28664654.0,884438056.0,6130885120.0,0.004675451168786539
2022-09-06,29.98,30.65,29.95,30.47,22116149.0,702448934.0,6130885120.0,0.0036073337808684956
2022-09-07,30.17,31.29,30.03,30.71,23398195.0,752523899.0,6130885120.0,0.0038164464905191373
2022-09-08,30.71,31.12,29.52,29.64,25871632.0,817219638.0,6130885120.0,0.004219885300998757
2022-09-09,29.75,30.12,29.38,29.96,21071622.0,655913675.0,6131216862.0,0.003436776495478003
2022-09-13,30.2,31.02,30.07,30.62,22123141.0,706900546.0,6131244001.0,0.003608263020749417
2022-09-14,30.09,30.86,29.85,30.37,23606134.0,747163010.0,6131246875.0,0.0038501359480815228
2022-09-15,30.47,30.62,28.9,29.25,26257070.0,811738814.0,6131277633.0,0.004282479374066863
2022-09-16,28.99,29.25,27.63,27.63,31702532.0,932547823.0,6131328040.999999,0.005170581607770153
2022-09-19,27.74,29.18,27.74,28.69,31876126.0,953326191.0,6131328040.999999,0.005198894234143947
2022-09-20,29.04,29.49,28.42,28.54,20999613.0,634012740.0,6131328040.999999,0.003424969738949905
2022-09-21,28.29,28.51,27.77,28.17,17218183.0,506438004.0,6131328040.999999,0.0028082305961877343
2022-09-22,27.75,27.75,27.11,27.4,19252812.0,552756584.0,6131328040.999999,0.0031400720808374707
2022-09-23,27.51,27.96,26.84,27.26,17118954.0,488556835.0,6131328040.999999,0.002792046663549249
2022-09-26,27.19,27.87,26.9,27.46,17882692.0,514455156.0,6131431139.0,0.002916560847638674
2022-09-27,27.51,28.13,27.51,28.12,18049888.0,524907309.0,6131442021.0,0.002943824297478422
2022-09-28,28.1,28.11,26.89,26.9,18366454.0,523921098.0,6131442021.0,0.0029954542401437476
2022-09-29,27.41,27.56,26.81,26.89,17104455.0,484287368.0,6131442021.0,0.002789630064415152
2022-09-30,26.84,27.13,26.49,26.6,15108185.0,422627392.0,6131459534.999999,0.0024640438241104695
2022-10-10,25.85,26.18,24.88,24.99,23456705.0,619552786.0,6131459534.999999,0.0038256315427188095
2022-10-11,24.95,25.22,24.39,24.96,16890543.0,436241075.0,6131459534.999999,0.0027547344810129296
2022-10-12,24.91,25.8,24.41,25.78,18980500.0,497424008.0,6131459534.999999,0.0030955924754382325
2022-10-13,25.69,26.04,25.26,25.29,16127301.0,430530830.0,6131460452.000001,0.0026302544273509075
2022-10-14,25.62,26.09,25.37,25.81,18760052.0,504572924.0,6131460452.000001,0.003059638424949919
2022-10-17,26.31,26.6,25.81,26.3,24114506.0,660594182.0,6131460452.000001,0.003932913893644078
2022-10-18,26.79,27.24,26.25,26.33,24653573.0,686378439.0,6131460452.000001,0.004020832099138523
2022-10-19,26.1,26.51,25.64,25.67,16953100.0,460528247.0,6131460452.000001,0.0027649366953790143
2022-10-20,25.28,25.84,25.08,25.32,17408714.0,461187492.0,6131460452.000001,0.002839244277327355
2022-10-21,25.62,25.7,25.08,25.15,12810293.0,338973759.0,6131460452.000001,0.002089272710846802
2022-10-24,25.84,26.84,25.45,25.88,36832351.0,1008044748.0,6131460452.000001,0.006007108956885757
2022-10-25,25.88,26.39,24.76,26.04,25618187.0,685286513.0,6131460477.999999,0.00417815414319629
2022-10-26,26.08,26.98,25.81,26.69,30883745.0,857597318.0,6131460477.999999,0.005036931267976446
2022-10-27,26.94,28.79,26.7,28.04,45997359.0,1340366061.0,6131460477.999999,0.007501860146541094
2022-10-28,28.04,28.47,27.28,27.7,33364552.0,968179561.0,6131460477.999999,0.005441534218431931
2022-10-31,27.27,28.32,27.23,27.9,24509408.0,713294646.0,6131460477.999999,0.003997319739390157
2022-11-01,27.96,28.37,27.46,28.2,23665701.0,691104376.0,6131460477.999999,0.0038597167974765184
2022-11-02,27.77,29.18,27.72,28.72,33505768.0,997987222.0,6131460477.999999,0.005464565599047804
2022-11-03,28.41,28.95,27.85,27.98,23994266.0,710388902.0,6131460477.999999,0.003913303540990386
2022-11-04,27.87,30.62,27.86,29.85,44480246.0,1354055415.0,6131460477.999999,0.007254429211375895
2022-11-07,29.4,30.06,29.19,29.59,23670874.0,732619251.0,6131545256.000001,0.003860507100854708
2022-11-08,29.55,29.86,29.14,29.39,17442048.0,535371525.0,6131555256.000001,0.002844636845265673
2022-11-09,29.47,29.6,28.9,28.93,13910642.0,424074663.0,6131582942.0,0.0022686869168343383
2022-11-10,28.68,29.28,28.25,28.94,21018562.0,632429661.0,6131585542.0,0.003427916296042437
2022-11-11,29.96,30.12,28.99,29.3,23667480.0,727916735.0,6131585542.0,0.0038599282090876845
2022-11-14,29.44,29.76,28.79,28.88,16140536.0,493523571.0,6131585542.0,0.0026323592632673735
2022-11-15,28.71,29.62,28.4,29.47,16358888.0,499289396.0,6131585542.0,0.002667970280761028
2022-11-16,29.33,29.71,28.8,28.81,13953352.0,425004212.0,6131616299.000001,0.0022756401117721013
2022-11-17,28.47,28.47,27.44,27.98,26449817.0,769257462.0,6131622066.0,0.0043136737253694915
2022-11-18,28.29,28.39,27.76,27.78,15001282.0,439905748.0,6131622066.0,0.0024465438082334674
2022-11-21,27.68,28.16,27.13,27.92,12892459.0,374079448.0,6131622066.0,0.0021026180122041462
2022-11-22,27.99,28.21,27.52,27.67,10686618.0,310082675.0,6131622066.0,0.0017428696493310585
2022-11-23,27.56,27.93,27.48,27.62,9360069.0,270567096.0,6131622066.0,0.0015265241235107787
2022-11-24,27.85,27.99,27.47,27.64,11068687.0,320090678.0,6131667588.0,0.001805167491737812
2022-11-25,27.51,27.58,27.09,27.25,13496241.0,384937776.0,6131668588.0,0.00220107150383386
2022-11-28,26.94,27.61,26.4,27.48,14921403.0,422386802.0,6131669588.0,0.0024334975630784105
2022-11-29,27.48,28.18,27.28,28.03,16384227.0,475848005.0,6131669588.0,0.002672066190922093
2022-11-30,28.04,30.83,27.98,30.6,71678888.0,2249576889.0,6131675657.0,0.011689934694795942
2022-12-01,31.08,32.44,30.55,30.7,54430810.0,1773880171.0,6131675657.0,0.00887698779987834
2022-12-02,30.68,30.69,29.85,29.86,23645407.0,744761482.0,6131675657.0,0.0038562716494970014
2022-12-05,30.16,30.41,29.61,29.81,21984953.0,688170050.0,6131675657.0,0.00358547226399715
2022-12-06,29.52,31.19,29.31,30.29,28899025.0,915360784.0,6131675657.0,0.004713071371772331
2022-12-07,30.3,31.03,30.3,30.47,24058375.0,769361014.0,6131675657.0,0.003923621591519546
2022-12-08,30.14,30.72,30.0,30.19,15889690.0,503784103.0,6131675657.0,0.0025914107152520574
2022-12-09,29.78,30.42,29.67,30.19,18146348.0,569405527.0,6131675657.0,0.002959443554272786
2022-12-12,29.82,30.14,29.42,29.62,14408318.0,446525044.0,6131675657.0,0.0023498173755409383
2022-12-13,29.47,30.57,29.44,29.66,13660244.0,428955405.0,6131675657.0,0.0022278158148181385
2022-12-14,29.55,29.67,29.09,29.42,11911601.0,365832527.0,6131675657.0,0.0019426339008002751
2022-12-15,29.42,30.0,29.14,29.77,17419062.0,538538581.0,6131675657.0,0.0028408322576739973
2022-12-16,29.36,29.74,29.04,29.21,14309360.0,437395995.0,6131675657.0,0.002333678557127243
2022-12-19,29.43,30.32,28.8,28.91,20577587.0,635153841.0,6131675657.0,0.0033559483819905513
2022-12-20,28.74,28.9,27.85,28.52,17759629.0,526038119.0,6131675657.0,0.0028963744975201646
2022-12-21,28.63,28.8,27.88,28.01,14281679.0,420629048.0,6132070558.0,0.002329014133956415
2022-12-22,28.38,29.85,28.09,29.19,31327970.0,948624936.0,6132070558.0,0.005108873047641145
2022-12-23,29.0,29.06,28.08,28.28,16918536.0,504470900.0,6132106414.0,0.0027590088719553
2022-12-26,28.06,28.9,27.74,28.75,13987686.0,417376722.0,6132106414.0,0.0022810572836872494
2022-12-27,28.73,28.99,28.4,28.92,13050222.0,391681450.0,6132106414.0,0.0021281793104903544
2022-12-28,28.52,28.57,27.54,27.96,18950036.0,552937259.0,6132106414.0,0.0030902979695094377
2022-12-29,27.83,28.51,27.63,28.04,11816347.0,347111461.0,6132106414.0,0.0019269637873573927
2022-12-30,28.52,29.12,28.29,28.34,20647557.0,619760616.0,6132295772.000001,0.003367019101439388
2023-01-03,27.63,28.08,27.32,27.85,24496090.0,708545595.0,6132295772.000001,0.003994603474908842
2023-01-04,27.57,27.75,27.18,27.4,15819849.0,453634884.0,6132295772.000001,0.002579759618287374
2023-01-05,27.75,28.32,27.63,27.84,20388126.0,595200682.0,6132295772.000001,0.0033247134120783887
2023-01-06,27.75,28.47,27.65,28.06,15847743.0,466704720.0,6132295772.000001,0.002584308322563408
2023-01-09,28.06,28.4,27.85,27.93,17194325.0,503502079.0,6132295772.000001,0.0028038968828785313
2023-01-10,28.1,29.18,27.57,28.94,34106288.0,1015048427.0,6132295772.000001,0.005561748693813654
2023-01-11,28.42,28.94,28.24,28.35,24448015.0,729379083.0,6132295772.000001,0.0039867638334780565
2023-01-12,28.41,29.34,28.37,28.63,22557092.0,679992704.0,6132295772.000001,0.0036784090067859166
2023-01-13,28.57,29.16,27.86,28.14,27459461.0,812423818.0,6132295772.000001,0.004477843538692248
2023-01-16,28.29,28.59,27.94,28.36,18768384.0,555384677.0,6132295772.000001,0.0030605803597563326
2023-01-17,28.51,28.79,28.25,28.5,13526678.0,403607134.0,6132295772.000001,0.002205809782000841
2023-01-18,28.56,29.2,28.51,28.65,19284491.0,581691273.0,6132295772.000001,0.0031447424776953497
2023-01-19,28.48,28.88,28.41,28.57,12359700.0,369433579.0,6132295772.000001,0.002015509437172659
2023-01-20,28.57,29.17,28.57,29.09,17895666.0,540663157.0,6132295772.000001,0.002918265306398205
2023-01-30,30.17,31.04,29.54,29.71,37891262.0,1200835364.0,6132295772.000001,0.006178968433488011
2023-01-31,29.67,30.03,29.5,29.61,17994382.0,559019490.0,6132498304.0,0.0029342661192850125
2023-02-01,29.61,30.99,29.61,30.95,33499489.0,1067097163.0,6132498304.0,0.005462616920439999
2023-02-02,31.0,31.73,30.76,31.06,31210832.0,1021568215.0,6132498304.0,0.0050894155127026025
2023-02-03,30.96,31.19,30.32,30.72,16348749.0,523857326.0,6132498304.0,0.0026659198567305464
2023-02-06,30.72,30.95,30.09,30.14,13690047.0,433499922.0,6132498304.0,0.0022323768098020495
2023-02-07,30.1,30.38,29.85,30.1,10224913.0,320725739.0,6132498304.0,0.0016673323812141409
2023-02-08,29.76,30.39,29.4,29.96,14543939.0,453904135.0,6132498304.0,0.0023716172885875127
2023-02-09,29.71,30.43,29.61,30.27,13424435.0,421839401.0,6132498304.0,0.0021890646086675214
2023-02-10,30.22,30.62,29.85,29.94,12429486.0,392293189.0,6132498304.0,0.0020268225743972417
2023-02-13,29.66,30.45,29.24,30.26,19247423.0,605684386.0,6132498304.0,0.0031385941007836273
2023-02-14,30.4,31.46,30.13,31.37,28257788.0,911834610.0,6132498304.0,0.004607875387681477
2023-02-15,31.77,31.96,31.24,31.44,24789027.0,818244363.0,6132498304.0,0.004042239519875781
2023-02-16,31.67,32.34,31.11,31.29,28285726.0,941254513.0,6132500767.0,0.0046124292641282925
2023-02-17,31.31,32.02,31.12,31.18,17886835.0,588088899.0,6132500767.0,0.002916727723256394
2023-02-20,31.26,31.4,30.31,31.2,20920961.0,675446248.0,6132500767.0,0.0034114893409519244
2023-02-21,31.29,33.01,31.2,32.67,37052451.0,1257276771.0,6132500767.0,0.006041980654839109
2023-02-22,32.48,33.07,32.15,32.83,22457077.0,767755183.0,6132500767.0,0.0036619770389341396
2023-02-23,32.95,34.42,32.87,34.1,33679169.0,1196140064.0,6132500767.0,0.005491914355923635
2023-02-24,33.97,34.33,32.71,32.85,29951565.0,1039429295.0,6132500767.0,0.004884070322693528
2023-02-27,32.44,33.48,32.37,33.06,20089089.0,695109267.0,6132500767.0,0.0032758396228994716
2023-02-28,32.95,33.4,32.32,33.0,24297566.0,830665263.0,6132500792.0,0.003962097490749088
2023-03-01,32.79,34.19,32.39,33.88,24650213.0,864677233.0,6132500792.0,0.004019602089926644
2023-03-02,33.67,34.12,33.31,33.35,15559637.0,546645481.0,6132500792.0,0.0025372417432539
2023-03-03,33.39,33.68,32.98,33.31,11162539.0,388059459.0,6132500792.0,0.001820226263086963
2023-03-06,33.11,33.28,32.38,33.22,15584971.0,533229303.0,6132500792.0,0.0025413728474900457
2023-03-07,33.03,33.4,32.44,32.49,15901294.0,544995885.0,6132500792.0,0.0025929542513461446
2023-03-08,32.23,32.53,32.08,32.51,12715381.0,429202055.0,6132500792.0,0.002073441395488694
2023-03-09,32.6,32.7,31.78,32.15,23484811.0,786113294.0,6132501118.0,0.0038295648949933057
2023-03-10,31.78,31.78,28.94,28.94,65493676.0,2024893017.0,6132501118.0,0.010679765847537184
2023-03-13,27.81,28.19,27.08,27.26,44319422.0,1270233395.0,6132501118.0,0.007226973325763363
2023-03-14,27.18,27.37,25.94,26.09,53231005.0,1467676498.0,6132501118.0,0.008680145991944032
2023-03-15,26.21,26.34,25.65,25.74,34627946.0,937725707.0,6132501118.0,0.005646626936334461
2023-03-16,25.5,26.05,25.3,25.63,23120399.0,621946040.0,6132501118.0,0.003770141832039369
2023-03-17,25.8,25.98,25.24,25.35,26129527.0,698708717.0,6132501118.0,0.0042608271074431785
2023-03-20,25.35,25.5,24.85,24.98,20664837.0,542935468.0,6132501118.0,0.003369724130884374
2023-03-21,25.22,25.84,24.92,25.77,24433730.0,651404107.0,6132501118.0,0.003984300945055286
2023-03-22,26.03,26.19,25.55,25.89,26470465.0,716283886.0,6132501118.0,0.004316422368404369
2023-03-23,25.82,26.0,25.47,25.97,14485696.0,390766503.0,6132501118.0,0.0023621187703467125
2023-03-24,26.03,26.17,25.74,25.86,12530342.0,339288202.0,6132501118.0,0.002043267788932183
2023-03-27,25.84,25.98,25.61,25.91,11251988.0,303605941.0,6132501118.0,0.001834812221554005
2023-03-28,25.91,27.3,25.82,27.14,31879441.0,886697256.0,6132501118.0,0.005198440307891355
2023-03-29,27.06,27.3,26.61,26.63,19414927.0,544940780.0,6132501118.0,0.0031659068015517646
2023-03-30,26.63,27.18,26.22,27.02,19091492.0,533600301.0,6132501167.0,0.003113165652985843
2023-03-31,27.34,27.37,26.64,26.73,18842088.0,529674220.0,6132501191.0,0.003072496427339055
2023-04-03,26.73,26.79,26.02,26.14,26692689.0,731094045.0,6132501191.0,0.004352659407416657
2023-04-04,26.02,26.07,25.42,25.8,26324979.0,706689836.0,6132501191.0,0.004292698554813864
2023-04-06,25.75,25.9,25.48,25.65,12449785.0,333253231.0,6132501191.0,0.0020301316888892227
2023-04-07,25.57,26.16,25.53,26.09,15508057.0,419754594.0,6132501191.0,0.0025288306544089183
2023-04-10,26.04,26.29,25.64,25.85,15376736.0,416552745.0,6132501191.0,0.002507416716456044
2023-04-11,25.7,25.93,25.3,25.66,20296252.0,542070952.0,6132501191.0,0.003309620555767129
2023-04-12,25.68,25.72,25.23,25.28,12107603.0,320959686.0,6132501191.0,0.00197433357498063
2023-04-13,25.19,25.28,24.7,24.74,22076490.0,574153135.0,6132501191.0,0.003599916137382777
2023-04-14,25.56,27.03,25.19,26.49,60411384.0,1667446026.0,6132501265.0,0.009851018595754012
2023-04-17,26.1,27.94,26.09,27.85,47148561.0,1347963448.0,6132501265.0,0.00768830840184099
2023-04-18,27.85,28.78,27.85,28.37,40624218.0,1207934330.0,6132501265.0,0.006624412494108145
2023-04-19,28.32,28.32,27.39,27.81,34203793.0,993385205.0,6132501265.0,0.005577462037425279
2023-04-20,27.55,27.55,26.79,26.96,21610235.0,611557179.0,6132501265.0,0.003523885942484188
2023-04-21,26.77,27.1,26.18,26.19,19993342.0,555166896.0,6132501265.0,0.003260226314849362
2023-04-24,25.52,27.41,24.59,26.74,34836836.0,958083680.0,6132501265.0,0.005680689574223839
2023-04-25,26.74,26.74,25.21,25.45,21826293.0,584831144.0,6132501265.0,0.0035591175699496574
2023-04-26,25.41,26.37,25.26,25.76,15136811.0,410292332.0,6132501265.0,0.0024682931720520405
2023-04-27,25.63,26.47,25.47,26.07,16050417.0,437694172.0,6141436860.0,0.0026134628370990043
2023-04-28,26.05,26.51,25.56,25.7,16563823.0,446985675.0,6141436909.0,0.0026970598648870694
2023-05-04,25.7,25.9,25.28,25.4,13344949.0,355921836.0,6141436909.0,0.0021729359427992458
2023-05-05,25.4,25.59,24.83,24.94,14034911.0,367408970.0,6141436909.0,0.0022852813124942255
2023-05-08,25.07,25.68,24.96,25.1,13120799.0,346244657.0,6141436909.0,0.0021364379695527048
2023-05-09,25.19,25.79,24.89,25.38,18406233.0,488049107.0,6141436909.0,0.0029970564336542303
2023-05-10,25.36,27.13,25.17,27.09,38968758.0,1070501773.0,6141436909.0,0.006345218322261527
2023-05-11,26.75,27.86,26.33,27.1,30489370.0,865055646.0,6141436909.0,0.00496453361839787
2023-05-12,27.01,27.39,26.53,26.57,14104070.0,395828588.0,6141436909.0,0.0022965423579180823
2023-05-15,26.57,27.08,26.55,26.93,12172204.0,340894127.0,6141436909.0,0.0019819798168344257
2023-05-16,27.25,27.25,25.9,26.04,17276966.0,473538564.0,6141436909.0,0.0028131797584179984
2023-05-17,26.03,26.26,25.45,25.79,12708428.0,342285606.0,6141436909.0,0.0020692922826214123
2023-05-18,25.82,26.07,25.38,25.63,11186403.0,300294151.0,6141436909.0,0.001821463472759417
2023-05-19,25.63,25.79,25.36,25.72,8431711.0,226022085.0,6141436909.0,0.0013729215369197567
2023-05-22,25.72,26.25,25.45,26.03,13156159.0,356714654.0,6141436909.0,0.002142195579786913
2023-05-23,25.98,26.29,25.52,25.55,11214093.0,302700578.0,6141436909.0,0.001825972189597234
2023-05-24,25.37,25.72,25.18,25.29,9530485.0,252898047.0,6141436909.0,0.0015518330874707028
2023-05-25,25.2,25.26,23.44,23.73,35031558.0,885743157.0,6141436909.0,0.0057041305673372344
2023-05-26,23.51,23.51,22.16,22.72,42490246.0,1007111393.0,6141436909.0,0.006918616380758134
2023-05-29,22.7,22.7,21.67,21.72,45843900.0,1049763097.0,6141436909.0,0.007464686307013563
2023-05-30,21.6,22.44,21.45,22.01,32061642.0,736062614.0,6141436909.0,0.005220544064047146
2023-05-31,21.92,22.01,21.49,21.62,18533722.0,420331156.0,6162626343.0,0.0030074388691522847
2023-06-01,21.72,22.18,21.58,21.84,18244225.0,417569762.0,6162626343.0,0.002960462631443368
2023-06-02,21.84,22.58,21.75,22.56,26396870.0,614856683.0,6162626343.0,0.004283379931023022
2023-06-05,22.67,22.76,22.01,22.39,17085990.0,399112138.0,6162626343.0,0.0027725176002935214
2023-06-06,22.58,22.93,22.23,22.34,17504214.0,412569648.0,6162626343.0,0.0028403821724292395
2023-06-07,22.37,22.45,21.8,22.09,16847653.0,387880538.0,6163319997.0,0.0027335353361825454
2023-06-08,22.08,22.29,21.86,22.03,11066144.0,255095973.0,6163319997.0,0.0017954842528680082
2023-06-09,22.3,22.55,22.05,22.23,19466307.0,452966413.0,6163319997.0,0.0031584125129759996
2023-06-12,22.15,22.83,22.04,22.69,23622397.0,557287314.0,6163319997.0,0.0038327390126584727
2023-06-13,22.68,23.15,22.63,23.02,19889656.0,476319254.0,6163319997.0,0.0032271009796150944
2023-06-14,23.16,23.39,22.97,23.09,17828844.0,432335838.0,6163319997.0,0.0028927337877439757
2023-06-15,23.07,24.16,23.01,23.75,27691113.0,686905698.0,6163319997.0,0.004492889061979366
2023-06-16,23.84,24.27,23.61,23.78,21322822.0,530396147.0,6163319997.0,0.0034596324724951643
2023-06-19,23.78,24.52,23.72,24.27,27953268.0,706259404.0,6163319997.0,0.004535423767321228
2023-06-20,24.26,24.26,23.8,23.98,16595272.0,415720939.0,6163319997.0,0.002692586464450614
2023-06-21,23.86,24.46,23.78,24.0,20660604.0,521712174.0,6163319997.0,0.003352187459040998
2023-06-26,23.87,24.88,23.73,24.09,25495800.0,648274670.0,6163319997.0,0.00413669905382328
2023-06-27,23.94,24.15,23.37,24.02,19993189.0,496042277.0,6163319997.0,0.0032438992312149454
2023-06-28,24.04,24.45,23.64,23.85,13882231.0,346990622.0,6163319997.0,0.002252394976531672
2023-06-29,23.87,24.3,23.78,24.04,15274715.0,384224734.0,6163319997.0,0.0024783258061296474
2023-06-30,24.02,24.36,23.79,24.08,10581340.0,266635078.0,6164684057.0,0.0017164448173114218
2023-07-03,24.3,25.09,24.26,25.03,31767181.0,825057781.0,6164684057.0,0.005153091497678354
2023-07-04,25.07,25.36,24.66,25.09,24835033.0,650996231.0,6164684057.0,0.0040285978600638605
2023-07-05,25.05,25.06,24.62,24.63,15831545.0,409750346.0,6164684155.999999,0.002568103182478762
2023-07-06,24.56,25.04,24.36,24.86,14848808.0,384683801.0,6164684155.999999,0.002408689175997422
2023-07-07,24.77,25.05,24.61,24.79,11137707.0,288571211.0,6164684155.999999,0.0018066954799557458
2023-07-10,24.79,25.17,24.41,24.52,9849102.0,254018204.0,6164684155.999999,0.0015976653062450912
2023-07-11,24.69,25.22,24.5,25.09,16324830.0,425997563.0,6164684155.999999,0.002648121069448672
2023-07-12,25.11,25.61,24.81,24.89,17066954.0,449188504.0,6164684155.999999,0.002768504203640178
2023-07-13,24.88,25.12,24.58,24.85,10498155.0,268718096.0,6164684155.999999,0.0017029509921902967
2023-07-14,24.81,24.84,24.39,24.59,8828693.0,224116392.0,6164684155.999999,0.0014321403621963599
2023-07-17,24.49,24.49,23.91,24.24,10589220.0,263575520.0,6164684155.999999,0.0017177230385264203
2023-07-18,24.26,24.85,24.01,24.68,12429233.0,314529527.0,6164684155.999999,0.0020161994816721963
2023-07-19,24.5,24.77,24.42,24.52,8776661.0,222950394.0,6164684155.999999,0.001423700027106466
2023-07-20,24.68,24.86,24.09,24.13,10002917.0,252884450.0,6164684155.999999,0.0016226163006687543
2023-07-21,24.14,24.53,23.9,24.27,7778959.0,194539663.0,6164684155.999999,0.0012618584834437707
2023-07-24,24.03,24.52,23.79,24.09,7993860.0,199235027.0,6164684155.999999,0.001296718501339552
2023-07-25,24.4,26.08,24.4,25.8,40056473.0,1058393416.0,6164684155.999999,0.006497733214930988
2023-07-26,25.8,25.8,25.18,25.27,14271721.0,374755016.0,6164684155.999999,0.0023150774052405486
2023-07-27,25.65,26.2,25.06,25.14,20559056.0,542784939.0,6164684155.999999,0.0033349731275348735
2023-07-28,25.04,27.47,24.64,27.27,53404688.0,1466955006.0,6164684155.999999,0.008663004729613273
2023-07-31,27.55,29.2,27.55,28.62,48851136.0,1447216205.0,6165325398.0,0.007923529229429975
2023-08-01,28.28,29.89,28.12,28.61,40615522.0,1217159468.0,6165325398.0,0.006587733716889537
2023-08-02,28.61,30.54,28.61,29.25,37198659.0,1135377760.0,6165325398.0,0.006033527283420767
2023-08-03,29.05,29.23,28.54,28.9,19882738.0,591346603.0,6165325398.0,0.0032249292156501354
2023-08-04,29.07,29.62,28.8,28.88,18532053.0,556703809.0,6165325398.0,0.003005851565598095
2023-08-07,28.82,29.31,28.46,28.78,15870164.0,472900655.0,6165325398.0,0.002574099982646204
2023-08-08,28.61,28.85,28.18,28.52,13259084.0,390521136.0,6165325398.0,0.0021505894894535784
2023-08-09,28.52,28.55,27.88,28.17,14261138.0,415286226.0,6165325398.0,0.0023131200835930315
2023-08-10,28.07,28.37,27.54,27.8,18210457.0,522120286.0,6165325398.0,0.0029536895174920334
2023-08-11,27.79,27.97,27.01,27.1,20133039.0,568002794.0,6165325398.0,0.003265527397228872
2023-08-14,26.71,26.73,25.24,25.87,27743435.0,740076053.0,6165325398.0,0.004499914150354469
2023-08-15,26.12,26.29,25.52,25.77,15473857.0,412299691.0,6165325398.0,0.0025098200015557393
2023-08-16,25.65,25.75,25.17,25.27,14211374.0,372599544.0,6165325398.0,0.002305048490159189
2023-08-17,25.13,25.7,24.88,25.56,16114012.0,421954429.0,6165325398.0,0.0026136515041407715
2023-08-18,25.49,25.56,25.05,25.06,12651255.0,329895365.0,6165325398.0,0.0020520011813332678
2023-08-21,25.05,25.17,24.54,24.55,9719688.0,249024902.0,6165325398.0,0.0015765085169962023
2023-08-22,24.76,25.05,24.23,24.9,13309350.0,339561403.0,6165325398.0,0.0021587425060026004
2023-08-23,24.69,24.8,24.17,24.2,9848755.0,248663677.0,6165325398.0,0.0015974428540616666
2023-08-24,24.36,25.21,24.16,24.81,13640307.0,347758911.0,6165325398.0,0.0022124228843500857
2023-08-25,24.82,25.14,24.57,24.78,11670878.0,300009216.0,6165325398.0,0.0018929865411136245
2023-08-28,26.51,26.52,24.97,25.07,21368438.0,562201816.0,6165325398.0,0.003465905953144308
2023-08-29,25.17,25.99,24.94,25.78,18454861.0,487857976.0,6165325398.0,0.002993331220763573
2023-08-30,25.78,25.86,25.36,25.68,13557870.0,358816277.0,6165325398.0,0.0021990518139396345
2023-08-31,25.64,25.64,25.15,25.28,13636399.0,357359971.0,6165325694.0,0.0022117889105632707
2023-09-01,25.33,26.14,25.33,25.78,15140288.0,402964093.0,6165325694.0,0.002455715845593412
2023-09-04,26.11,26.51,25.76,26.39,19783797.0,535693944.0,6165325694.0,0.0032088810846202798
2023-09-05,26.39,26.56,26.02,26.07,12503844.0,338791875.0,6165325694.0,0.0020280913970479367
2023-09-06,26.0,26.55,25.89,25.98,10459171.0,282055431.0,6165325694.0,0.0016964506855134522
2023-09-07,25.83,25.89,25.51,25.7,10343149.0,274347855.0,6165325694.0,0.0016776322149640518
2023-09-08,25.51,25.72,25.34,25.46,6588179.0,173384935.0,6165325694.0,0.0010685857206881243
2023-09-11,25.36,26.55,25.29,26.33,15915863.0,429217097.0,6165325694.0,0.002581512119544483
2023-09-12,26.34,27.46,26.31,26.86,18672546.0,518536792.0,6165325694.0,0.0030286390252135154
2023-09-13,26.91,27.0,26.2,26.4,10609553.0,290596443.0,6165325694.0,0.0017208422598541798
2023-09-14,26.14,26.4,25.85,26.02,10550995.0,283863554.0,6165325694.0,0.001711344302583733
2023-09-15,26.14,26.26,25.79,25.87,11806522.0,316657695.0,6165325694.0,0.001914987558806492
2023-09-18,25.86,27.35,25.7,27.1,25629324.0,711922083.0,6165325694.0,0.004157010557437714
2023-09-19,26.95,26.97,26.07,26.36,15096306.0,412035285.0,6165325694.0,0.0024485820781035934
2023-09-20,26.36,26.48,25.9,25.93,8706700.0,234577677.0,6165325694.0,0.0014122043882407098
2023-09-21,25.75,25.93,25.11,25.2,16290599.0,426442377.0,6165325694.0,0.0026422933367257076
2023-09-22,25.36,25.61,25.02,25.59,13577497.0,356253479.0,6165325694.0,0.0022022351573759372
2023-09-25,25.71,25.71,24.93,25.04,15557600.0,404204730.0,6165816896.0,0.0025232017528922742
2023-09-26,24.98,25.32,24.78,24.85,9568448.0,246920935.0,6165816896.0,0.001551854062712666
2023-09-27,24.93,25.21,24.69,24.69,9675964.0,248351052.0,6165816896.0,0.0015692914926288464
2023-09-28,24.83,25.27,24.69,24.85,12678911.0,326218740.0,6166061539.0,0.0020562413981447614
2023-10-09,24.88,25.43,24.88,25.03,15660935.0,406429625.0,6166061539.0,0.002539860314553374
2023-10-10,25.02,25.2,24.69,25.0,13679411.0,352440166.0,6166061539.0,0.0022185005636869625
2023-10-11,25.2,25.33,24.69,24.76,12596427.0,324444010.0,6166061539.0,0.0020428643016824097
2023-10-12,24.96,27.24,24.96,27.24,55126890.0,1512734661.0,6166061539.0,0.008940372983844785
2023-10-13,27.01,27.44,26.74,27.31,39295185.0,1104105707.0,6166061539.0,0.006372817519166832
2023-10-16,27.11,28.41,27.06,27.96,49892692.0,1433670983.0,6166061539.0,0.008091500820163968
2023-10-17,28.56,29.53,28.27,28.92,45152202.0,1347270953.0,6166061539.0,0.007322697270277762
2023-10-18,28.5,30.3,28.5,29.99,54447706.0,1669059839.0,6166061539.0,0.008830224229132527
2023-10-19,29.65,29.65,28.59,28.72,34744406.0,1040455357.0,6166061539.0,0.005634780934352267
2023-10-20,28.65,29.27,28.3,28.37,19120186.0,565393778.0,6166061539.0,0.003100874987877736
2023-10-23,28.93,29.39,28.67,29.02,23121936.0,694265916.0,6166061539.0,0.003749871105527414
2023-10-24,28.93,29.29,28.47,28.83,19482412.0,579668887.0,6166061539.0,0.0031596201038174556
2023-10-25,28.85,29.6,28.85,29.14,23546309.0,710875382.0,6166061539.0,0.003818695102387625
2023-10-26,29.14,29.45,28.73,29.28,17773607.0,534620074.0,6166061539.0,0.002882489395797125
2023-10-27,29.33,30.15,28.65,28.84,30906064.0,933919932.0,6166061539.0,0.005012286011827946
2023-10-30,29.7,29.96,27.96,29.05,44609760.0,1338879590.0,6166061539.0,0.007234725070102807
2023-10-31,29.21,29.32,28.05,28.44,26941867.0,792758353.0,6166161072.0,0.0043693096377810615
2023-11-01,28.34,29.27,27.97,29.02,24366651.0,728974359.0,6166161072.0,0.003951672801842112
2023-11-02,29.2,29.38,28.75,28.96,16107457.0,484099689.0,6166161072.0,0.002612234226761049
2023-11-03,28.91,29.28,28.78,29.01,12716690.0,381552901.0,6166161072.0,0.002062335033339525
2023-11-06,29.14,29.19,28.29,28.74,25709436.0,760310594.0,6166161072.0,0.004169439575093863
2023-11-07,28.73,29.33,28.47,28.84,20068050.0,600136896.0,6166161072.0,0.003254545213086837
2023-11-08,28.65,28.73,28.08,28.26,21579375.0,630401547.0,6166161072.0,0.003499645038140515
2023-11-09,28.18,28.5,27.69,28.07,21999027.0,637065940.0,6166161072.0,0.0035677022937165336
2023-11-10,27.88,27.88,26.93,27.19,25662676.0,720800146.0,6166161072.0,0.004161856250647096
2023-11-13,27.3,27.33,26.68,26.81,16661187.0,462277958.0,6166161072.0,0.002702035643482782
2023-11-14,26.85,27.21,26.7,27.11,16104959.0,448891087.0,6166161072.0,0.0026118291124653257
2023-11-15,27.39,27.46,26.77,27.22,17987991.0,504746896.0,6166161072.0,0.0029172106907297476
2023-11-16,27.22,27.32,26.88,26.89,11293609.0,314918246.0,6166161072.0,0.0018315462194595101
2023-11-17,26.89,27.15,26.76,27.05,11427795.0,318322251.0,6166161072.0,0.0018533078955547595
2023-11-20,27.18,27.24,26.89,27.05,12324710.0,344526222.0,6166161072.0,0.0019987654970554424
2023-11-21,27.05,27.45,26.97,27.05,15670295.0,440681440.0,6166161072.0,0.0025413372789039592
2023-11-22,26.93,26.95,26.42,26.42,11842523.0,325898949.0,6166161072.0,0.0019205665991723546
2023-11-23,26.42,27.38,26.42,27.1,22030340.0,614557277.0,6166161072.0,0.003572780493853437
2023-11-24,26.85,27.02,26.38,26.44,17635025.0,485239834.0,6166161072.0,0.0028599682677896807
2023-11-27,26.75,27.2,26.43,26.96,22074467.0,611060852.0,6166161072.0,0.0035799368103175623
2023-11-28,26.85,26.91,26.44,26.87,18787841.0,517637239.0,6166161072.0,0.0030469267313359603
2023-11-29,26.81,26.81,26.15,26.47,12167041.0,332363741.0,6166161072.0,0.001973195454664568
2023-11-30,26.28,26.39,25.83,26.04,14034824.0,377373688.0,6166522447.0,0.0022759706334690975
2023-12-01,26.04,26.13,25.52,25.66,14596895.0,387386188.0,6166522447.0,0.0023671194138118086
2023-12-04,25.66,25.96,25.39,25.53,12694789.0,335518300.0,6166522447.0,0.002058662578318512
2023-12-05,25.4,25.68,24.99,25.03,14604336.0,382437926.0,6166522447.0,0.0023683260906809766
2023-12-06,24.97,25.46,24.93,25.15,11230411.0,292598919.0,6166522447.0,0.0018211903218585657
2023-12-07,25.17,25.39,24.74,25.32,14952233.0,387796236.0,6166522447.0,0.0024247431398347103
2023-12-08,25.33,25.34,25.04,25.15,11325538.0,294439149.0,6166522447.0,0.0018366166826344482
2023-12-11,25.17,25.59,24.75,25.46,17793197.0,463215435.0,6166522447.0,0.0028854507792566864
2023-12-12,25.46,26.06,25.32,26.02,18821007.0,502183833.0,6166522447.0,0.003052126569190773
2023-12-13,25.88,25.88,25.23,25.27,15320634.0,403244424.0,6166522447.0,0.0024844852397242884
2023-12-14,25.35,25.64,25.09,25.12,9981862.0,260941751.0,6166522447.0,0.0016187181812426798
2023-12-15,25.18,25.3,24.79,24.82,11847007.0,306145453.0,6166522447.0,0.0019211812008830915
2023-12-18,24.83,25.02,24.54,24.78,10038051.0,257454995.0,6166522447.0,0.0016278301240731704
2023-12-19,24.69,24.77,24.28,24.61,10501161.0,265666364.0,6166522447.0,0.0017029307993695526
2023-12-20,24.64,24.74,24.21,24.21,8135392.0,205391772.0,6166522447.0,0.0013192836108069064
2023-12-21,24.15,24.47,24.05,24.24,11695590.0,293085493.0,6166522447.0,0.0018966265185152906
2023-12-22,24.21,24.39,23.84,24.1,12004301.0,298675580.0,6166522447.0,0.0019466889325668582
2023-12-25,24.15,24.49,23.91,24.1,11720477.0,291881761.0,6166522447.0,0.0019006623426307298
2023-12-26,24.08,24.1,23.55,23.72,12335052.0,302620831.0,6166522447.0,0.0020003254842607403
2023-12-27,23.81,24.08,23.67,23.78,10559571.0,259815438.0,6166522447.0,0.001712402912785505
2023-12-28,23.63,24.43,23.57,24.42,13617861.0,339588254.0,6166522447.0,0.0022083534304857774
2023-12-29,24.44,24.61,24.3,24.41,12232371.0,308943902.0,6167313637.0,0.0019834196410270875
2024-01-02,24.5,24.54,23.86,23.86,13285381.0,329740977.0,6167313637.0,0.002154160106321831
2024-01-03,23.75,23.8,23.18,23.38,16160733.0,390917014.0,6167313637.0,0.0026203844901037257
2024-01-04,23.33,23.33,22.81,23.08,16436261.0,390628600.0,6167313637.0,0.0026650600192266497
2024-01-05,23.08,23.46,22.7,22.88,15142455.0,360513572.0,6167733355.0,0.002455108567189348
2024-01-08,22.88,22.9,22.19,22.26,19931145.0,460993910.0,6167733355.0,0.003231518590835709
2024-01-09,22.26,22.77,22.26,22.5,12322951.0,286256104.0,6167733355.0,0.001997970776413372
2024-01-10,22.49,22.63,22.24,22.39,8994500.0,208466546.0,6167733355.0,0.001458315313308482
2024-01-11,22.39,22.94,22.17,22.75,13001495.0,304261031.0,6168273074.000001,0.0021078014614500187
2024-01-12,22.74,22.92,22.57,22.66,9299699.0,218724057.0,6168273074.000001,0.0015076665524422596
2024-01-15,22.57,22.84,22.39,22.62,9108501.0,213234566.0,6168273074.000001,0.0014766695460344333
2024-01-16,22.46,22.87,22.46,22.78,11656109.0,273262579.0,6168273074.000001,0.0018896875770840749
2024-01-17,22.7,22.84,22.07,22.07,14116275.0,325658860.0,6168273074.000001,0.002288529517200165
2024-01-18,22.07,22.41,21.62,22.35,15852205.0,359349211.0,6168273074.000001,0.0025699583675727515
2024-01-19,22.26,22.58,22.13,22.32,11403321.0,263536389.0,6168273074.000001,0.0018487056041773416
2024-01-22,22.32,22.37,21.49,21.68,14364165.0,325976053.0,6168273074.000001,0.0023287174266889464
2024-01-23,21.63,21.93,21.31,21.79,13456079.0,300541092.0,6168273074.000001,0.0021814985877844743
2024-01-24,21.93,21.97,20.91,21.44,19999576.0,439777675.0,6168273074.000001,0.003242329864464103
2024-01-25,21.49,21.68,21.1,21.59,21350321.0,473881425.0,6168273074.000001,0.003461312549535805
2024-01-26,21.49,21.51,21.17,21.26,16504772.0,362876700.0,6168273074.000001,0.0026757524840412077
2024-01-29,21.24,21.37,20.45,20.47,19287666.0,413954105.0,6168273074.000001,0.003126915064979822
2024-01-30,20.34,20.78,20.24,20.37,13848837.0,294531541.0,6168273074.000001,0.002245172487316504
2024-01-31,20.34,20.57,19.67,19.78,14784284.0,305412675.0,6168457352.0,0.002396755486232954
2024-02-01,19.77,20.31,19.62,20.05,16728601.0,346655377.0,6168457352.0,0.0027119586057567672
2024-02-02,20.13,20.24,18.88,19.36,19545196.0,395627539.0,6168457376.0,0.003168571136771684
2024-02-05,19.37,19.55,18.5,19.24,22993994.0,454664022.0,6168457376.0,0.0037276733222578727
2024-02-06,19.2,20.84,18.94,20.75,26790494.0,558475145.0,6168457376.0,0.004343143247489306
2024-02-07,20.91,21.57,20.59,21.11,25048351.0,548135636.0,6168457376.0,0.0040607155846544675
2024-02-08,21.29,21.61,21.16,21.47,20412107.0,451967391.0,6168457376.0,0.0033091104883724498
2024-02-19,21.49,21.91,21.1,21.37,21194839.0,470606035.0,6168457376.0,0.003436003154121495
2024-02-20,21.3,21.3,20.69,20.93,15916494.0,343172366.0,6168457376.0,0.0025803037987953505
2024-02-21,20.8,21.64,20.6,21.28,24671574.0,543741494.0,6168457376.0,0.003999634348774334
2024-02-22,21.27,21.39,21.12,21.36,12371290.0,271995874.0,6168457376.0,0.00200557274629695
2024-02-23,21.34,21.83,21.27,21.72,20649791.0,461101844.0,6168457376.0,0.0033476426505504317
2024-02-26,21.88,22.99,21.88,22.46,33023017.0,771373439.0,6168457376.0,0.005353529251654506
2024-02-27,22.36,22.89,22.25,22.74,24943033.0,582935418.0,6168457376.0,0.00404364194799293
2024-02-28,22.75,22.8,21.9,21.9,26841507.0,618351870.0,6168457376.0,0.004351413224387983
2024-02-29,21.66,22.69,21.59,22.65,23550689.0,544327769.0,6168457376.0,0.003817921980239359
2024-03-01,22.7,23.22,22.47,23.16,24510584.0,582233564.0,6168457376.0,0.003973535441026933
2024-03-04,23.16,23.16,22.36,22.51,21452031.0,500129410.0,6168457376.0,0.0034776978574034972
2024-03-05,22.36,23.25,22.07,22.84,23564103.0,551555919.0,6168457376.0,0.0038200965920073176
2024-03-06,22.83,23.63,22.78,23.13,25394535.0,609990689.0,6168457376.0,0.004116837233698671
2024-03-07,23.14,23.39,22.61,22.63,16134690.0,382343342.0,6168457376.0,0.002615676662171038
2024-03-08,22.57,22.78,22.36,22.51,9409851.0,219185189.0,6168457376.0,0.0015254788071668438
2024-03-11,22.54,23.11,22.51,22.97,15868836.0,375133274.0,6168457376.0,0.002572577718011292
2024-03-12,23.16,23.49,22.84,23.19,22375358.0,537187897.0,6168457376.0,0.003627383093714353
2024-03-13,23.17,24.01,22.97,23.55,26322300.0,642825561.0,6168457376.0,0.004267241936762635
2024-03-14,23.46,23.66,23.18,23.33,15358288.0,370577931.0,6168457376.0,0.0024898101849184276
2024-03-15,23.33,23.59,22.97,23.59,15715382.0,379097021.0,6168457376.0,0.002547700509554433
2024-03-18,23.61,24.06,23.61,23.78,23551167.0,579963842.0,6168457376.0,0.003817999471250622
2024-03-19,23.54,23.57,23.24,23.26,18186558.0,438434284.0,6168457376.0,0.0029483154201177704
2024-03-20,23.23,23.49,22.92,23.09,16802267.0,401317971.0,6168457376.0,0.0027239009651543714
2024-03-21,23.25,23.25,22.75,22.86,18611840.0,440385245.0,6168457376.0,0.003017260048260079
2024-03-22,22.97,23.01,22.36,22.6,14140318.0,330425169.0,6168457376.0,0.002292358873227626
2024-03-25,22.59,22.84,22.28,22.37,14010344.0,325505311.0,6168457376.0,0.0022712881269976695
2024-03-26,22.26,22.7,22.23,22.63,12164996.0,282781309.0,6168457376.0,0.0019721293766786986
2024-03-27,22.63,22.67,22.16,22.17,11116319.0,257067248.0,6168457376.0,0.0018021230142970513
2024-03-28,22.12,22.51,21.81,22.09,16744203.0,382565265.0,6168457376.0,0.002714487914782018
2024-03-29,22.21,22.33,21.93,22.11,8545878.0,195177458.0,6168457376.0,0.0013854157496897002
2024-04-01,22.15,23.18,22.15,23.04,19637127.0,465717262.0,6168457376.0,0.0031834745387725933
2024-04-02,23.12,23.3,22.93,23.15,16981389.0,405616172.0,6168457376.0,0.0027529393436470104
2024-04-03,23.15,23.17,22.83,23.1,12332096.0,293220573.0,6168457376.0,0.001999218807603543
2024-04-08,23.19,24.01,23.12,23.53,24922071.0,608907169.0,6168457376.0,0.004040243691553393
2024-04-09,23.57,24.08,23.44,23.91,25606421.0,630194159.0,6168457376.0,0.00415118715087965
2024-04-10,24.1,24.58,24.1,24.39,31253707.0,786906708.0,6168457376.0,0.005066697408269487
2024-04-11,24.12,25.48,23.87,25.14,37245653.0,957136645.0,6168457376.0,0.006038082251311969
2024-04-12,24.78,25.31,24.49,24.62,21039508.0,539721213.0,6168457376.0,0.003410821655647605
2024-04-15,24.62,25.17,24.62,24.86,24841352.0,637673621.0,6168457376.0,0.004027157923900356
2024-04-16,24.86,24.87,24.29,24.42,19179136.0,486467866.0,6168457376.0,0.0031092272882716925
2024-04-17,24.67,24.81,24.3,24.77,16037936.0,406246626.0,6168457376.0,0.0025999913791087854
2024-04-18,24.54,25.29,24.11,24.68,19774402.0,506631078.0,6168457376.0,0.0032057288872478057
2024-04-19,24.68,25.01,24.31,24.89,19050541.0,485641498.0,6168457376.0,0.0030883800987457776
2024-04-22,24.59,24.72,23.62,23.67,30819188.0,763619831.0,6168457376.0,0.004996255323074798
2024-04-23,23.7,23.88,23.43,23.74,13865294.0,339238809.0,6168457376.0,0.002247773333726283
2024-04-24,23.95,24.11,23.7,23.96,13775035.0,340482982.0,6168457376.0,0.002233140988149709
2024-04-25,26.36,26.36,25.3,25.74,70726754.0,1881636403.0,6168457376.0,0.011465873830170404
2024-04-26,25.31,25.68,25.17,25.48,46633061.0,1225277576.0,6168506326.0,0.007559862718052759
2024-04-29,25.56,25.73,25.12,25.46,37418713.0,982696333.0,6168506326.0,0.006066089750493027
2024-04-30,25.46,25.63,25.07,25.36,27765715.0,724620975.0,6168506326.0,0.004501205564622452
2024-05-06,25.65,25.81,25.36,25.41,32863083.0,865604638.0,6168506326.0,0.0053275592604134095
2024-05-07,25.26,25.9,24.79,25.67,30174391.0,793355244.0,6168506326.0,0.004891685183626413
2024-05-08,25.51,25.51,24.99,25.09,17905892.0,465847691.0,6168506326.0,0.0029027921920947706
2024-05-09,24.97,25.5,24.78,25.41,23313063.0,606137060.0,6168506326.0,0.003779369229425347
2024-05-10,25.41,25.44,24.98,25.17,13597012.0,353302413.0,6168506326.0,0.002204263282131876
2024-05-13,24.86,25.58,24.58,25.33,19154443.0,500267035.0,6168506326.0,0.0031051995390301884
2024-05-14,25.44,27.54,25.38,27.44,60994502.0,1690018730.0,6168506326.0,0.009888050490101743
2024-05-15,27.11,27.34,26.73,26.82,27810303.0,773559642.0,6168506451.0,0.004508433803370922
2024-05-16,26.72,26.88,26.46,26.62,20115317.0,553748327.0,6168506451.0,0.0032609704082807644
2024-05-17,26.59,27.2,26.53,26.73,20159393.0,559412213.0,6168506451.0,0.003268115735978826
2024-05-20,26.73,26.97,26.34,26.52,19480198.0,535391217.0,6168506451.0,0.0031580088559106543
2024-05-21,26.4,26.52,26.01,26.22,18684712.0,506048206.0,6168506451.0,0.0030290496003243946
2024-05-22,26.14,26.29,25.89,26.18,13183080.0,355794146.0,6168506451.0,0.002137159149418226
2024-05-23,26.03,26.14,25.81,26.04,13241991.0,354996361.0,6168506451.0,0.002146709435288552
2024-05-24,26.0,26.0,25.19,25.2,18483431.0,486464016.0,6168506451.0,0.0029964191732349704
2024-05-27,25.23,25.65,24.93,25.6,17001418.0,444366101.0,6168506451.0,0.002756164419224014
2024-05-28,25.42,25.6,25.14,25.17,11930233.0,312114279.0,6168506451.0,0.0019340553657143287
2024-05-29,25.17,25.59,25.0,25.43,13966232.0,364922918.0,6168506451.0,0.0022641188934374675
2024-05-30,25.4,25.86,25.3,25.56,16748303.0,443665271.0,6168506451.0,0.0027151309856026607
2024-05-31,25.54,26.09,25.14,25.14,18866781.0,497877603.0,6168506451.0,0.0030585654971539236
2024-06-03,25.14,25.61,24.97,25.15,14563916.0,379952190.0,6168506451.0,0.0023610117158326047
2024-06-04,24.72,24.96,24.12,24.28,36990486.0,931586926.0,6168506451.0,0.005996668122800347
2024-06-05,24.47,24.88,24.4,24.64,21227100.0,540855229.0,6168506451.0,0.003441205771383897
2024-06-06,24.64,24.97,24.54,24.67,18873847.0,481997832.0,6168506451.0,0.003059710993240558
2024-06-07,24.73,24.88,24.09,24.21,16155571.0,405857755.0,6168506451.0,0.002619040950728188
2024-06-11,24.15,24.42,23.83,24.35,16239960.0,404917630.0,6168506451.0,0.0026327215719077796
2024-06-12,24.15,24.44,24.1,24.16,10669809.0,263977174.0,6168506451.0,0.0017297232457737443
2024-06-13,24.1,24.38,24.0,24.25,11779305.0,291209688.0,6168506451.0,0.0019095878546240982
2024-06-14,24.25,24.3,23.71,24.24,14526232.0,355788569.0,6168506451.0,0.0023549026195222827
2024-06-17,24.18,24.98,24.13,24.87,17741048.0,447043261.0,6168506451.0,0.0028760686465884996
2024-06-18,24.79,25.32,24.74,25.28,16807724.0,431836320.0,6170387616.0,0.002723933251197553
2024-06-19,25.28,25.7,25.1,25.3,15597200.0,404752326.0,6170387616.0,0.0025277504381663145
2024-06-20,25.3,25.37,24.78,24.85,11531312.0,294451364.0,6170387616.0,0.0018688148488595695
2024-06-21,24.84,25.75,24.74,25.45,18699167.0,485281845.0,6170387616.0,0.0030304687750105845
2024-06-24,25.47,25.58,24.85,24.89,12489053.0,320275727.0,6170387616.0,0.0020240305434970586
2024-06-25,25.01,25.69,24.99,25.08,19992017.0,516947920.0,6170387616.0,0.0032399936996113667
2024-06-26,25.14,25.19,24.5,24.96,12669603.0,321155281.0,6170387616.0,0.0020532912660377023
2024-06-27,25.01,25.02,24.44,24.62,14278089.0,359438154.0,6170387616.0,0.0023139695410668345
2024-06-28,24.54,25.2,24.41,24.79,11536996.0,293512379.0,6170400464.0,0.0018697321295935907
2024-07-01,24.79,24.95,24.3,24.77,10812857.0,271944736.0,6170400464.0,0.0017523752409726904
2024-07-02,24.8,25.07,24.11,24.22,15551906.0,388215444.0,6170400464.0,0.0025204046464625054
2024-07-03,24.22,24.5,23.85,23.89,13634331.0,333912296.0,6170400464.0,0.0022096347035410182
2024-07-04,23.94,24.19,23.51,23.52,13581683.0,329361660.0,6170418064.0,0.0022010960779528794
2024-07-05,23.56,23.61,22.73,23.24,18840360.0,442763406.0,6170418064.0,0.003053336063227239
2024-07-08,23.25,23.65,23.06,23.39,14809776.0,354390775.0,6170418064.0,0.0024001252178364554
2024-07-09,23.54,23.93,23.0,23.91,17515867.0,420761036.0,6170418064.0,0.002838683994880772
2024-07-10,23.84,24.84,23.76,24.7,23081630.0,578600111.0,6170418064.0,0.003740691434615248
2024-07-11,25.49,25.72,25.11,25.69,33809058.0,880104275.0,6170418064.0,0.005479216748254353
2024-07-12,25.61,25.92,25.17,25.82,25298006.0,660091627.0,6170418064.0,0.004099885248877361
2024-07-15,25.81,26.28,25.62,25.71,22324359.0,590811450.0,6170418064.0,0.003617965390424152
2024-07-16,25.57,26.16,25.48,26.07,17649655.0,467469617.0,6170418064.0,0.0028603661562209507
2024-07-17,25.97,26.1,25.7,25.86,12258228.0,323704120.0,6170418064.0,0.0019866122315954637
2024-07-18,25.8,26.05,25.49,25.73,13579871.0,357199522.0,6170418064.0,0.0022008024187581206
2024-07-19,25.59,25.95,25.57,25.8,13813591.0,363704438.0,6170418064.0,0.002238679917101967
2024-07-22,25.69,25.98,25.38,25.56,16222852.0,424034198.0,6177274861.0,0.0026262150163371208
2024-07-23,25.62,25.65,24.79,24.79,14838146.0,380075330.0,6177274861.0,0.0024020537103958406
2024-07-24,24.84,24.84,23.25,23.32,30482638.0,738067740.0,6177274861.0,0.004934641680338854
2024-07-25,23.34,23.42,22.83,23.08,18960141.0,447384825.0,6177274861.0,0.0030693374386987636
2024-07-26,23.46,24.05,23.4,23.68,21233135.0,512773813.0,6177274861.0,0.003437298076867945
2024-07-29,23.61,23.69,23.28,23.32,13723359.0,328140589.0,6177274861.0,0.0022215878860501947
2024-07-30,23.16,23.17,22.32,22.52,23119978.0,531984638.0,6177274861.0,0.0037427471693006796
2024-07-31,22.53,23.24,22.39,23.14,19050208.0,446048482.0,6177578443.0,0.0030837662646900684
2024-08-01,23.14,23.17,22.66,22.93,17039913.0,397654150.0,6177578443.0,0.0027583483005883054
2024-08-02,22.68,22.78,22.39,22.43,16759300.0,385303765.0,6177578443.0,0.0027129238672785236
2024-08-05,22.34,22.53,22.01,22.03,16154243.0,366634529.0,6177578443.0,0.0026149798256798924
2024-08-06,22.14,22.31,21.77,21.95,14774442.0,330477638.0,6177578443.0,0.0023916235360380354
2024-08-07,21.85,22.13,21.73,21.99,11990419.0,268998446.0,6177578443.0,0.0019409577896314218
2024-08-08,21.96,22.04,21.58,21.84,12196033.0,271184282.0,6177578443.0,0.0019742417053108716
2024-08-09,21.93,22.13,21.72,21.83,11921902.0,266470619.0,6177578443.0,0.0019298665504618668
2024-08-12,21.85,21.95,21.72,21.76,9185857.0,204546162.0,6177578443.0,0.0014869672776731424
2024-08-13,21.77,21.87,21.44,21.85,11692632.0,257895788.0,6177578443.0,0.0018927533025904792
2024-08-14,21.84,21.84,21.51,21.57,8308175.0,183413680.0,6177578443.0,0.0013448918660699878
2024-08-15,21.62,21.9,21.47,21.83,13268734.0,294546371.0,6177578443.0,0.0021478859592685873
2024-08-16,21.87,22.18,21.81,21.88,13776917.0,308842743.0,6177578443.0,0.002230148451714286
2024-08-19,22.0,22.52,22.0,22.11,20403140.0,463828619.0,6177578443.0,0.0033027731154299483
2024-08-20,22.11,22.2,21.62,21.8,12267261.0,272758309.0,6177578443.0,0.001985771789575639
2024-08-21,21.43,22.08,21.11,21.99,15907091.0,353784587.0,6177578443.0,0.002574971916062807
2024-08-22,21.99,22.1,21.68,21.7,9787300.0,217927421.0,6177578443.0,0.0015843263003953085
2024-08-23,21.72,22.08,21.58,22.01,8561563.0,191273900.0,6177578443.0,0.0013859092327190704
2024-08-26,22.0,22.2,21.8,21.91,8327205.0,186599890.0,6177578443.0,0.0013479723611499919
2024-08-27,21.71,21.99,21.51,21.77,8561093.0,190089598.0,6177578443.0,0.0013858331511274991
2024-08-28,21.7,21.83,21.26,21.39,10247171.0,223985718.0,6177578443.0,0.0016587682527303847
2024-08-29,21.22,21.91,21.16,21.86,10958155.0,241792196.0,6177578443.0,0.001773859304436193
2024-08-30,22.3,22.88,22.11,22.69,28776254.0,663480454.0,6177578443.0,0.004658177029319189
2024-09-02,22.46,22.46,21.63,21.63,24303024.0,543793135.0,6177578443.0,0.003934069672160697
2024-09-03,21.61,22.15,21.53,21.97,16996165.0,380771868.0,6177578443.0,0.002751266561294558
2024-09-04,21.98,22.48,21.88,22.43,16195621.0,367927324.0,6177578443.0,0.0026216779195012484
2024-09-05,22.53,22.95,22.49,22.8,15950543.0,371001939.0,6177578443.0,0.002582005740141437
2024-09-06,22.86,23.17,22.68,22.8,13186971.0,308664584.0,6177578443.0,0.0021346505142225353
2024-09-09,22.73,22.91,22.44,22.49,11966970.0,277011123.0,6177578443.0,0.0019371619657149208
2024-09-10,22.57,22.72,22.32,22.53,8564766.0,196904961.0,6177578443.0,0.0013864277206718425
2024-09-11,22.53,23.15,22.36,23.04,15566511.0,364788431.0,6177578443.0,0.0025198402810471606
2024-09-12,22.96,23.24,22.75,22.86,11376077.0,266043254.0,6177578443.0,0.0018415107319099404
2024-09-13,22.85,22.93,22.55,22.66,7371917.0,171311505.0,6177578443.0,0.0011933344218968747
2024-09-18,22.64,23.47,22.56,23.4,13468560.0,316994346.0,6177578443.0,0.002180232938241623
2024-09-19,23.4,23.65,23.19,23.43,14139527.0,337754444.0,6177578443.0,0.0022888462089901787
2024-09-20,23.43,23.72,23.3,23.6,12279733.0,294804082.0,6177578443.0,0.0019877907036396332
2024-09-23,23.6,23.94,23.42,23.61,9932244.0,240041449.0,6177578443.0,0.0016077892157329908
2024-09-24,23.91,23.93,23.3,23.81,18947145.0,458122553.0,6177578443.0,0.0030670828666642964
2024-09-25,24.15,24.96,23.91,24.26,23654776.0,590811431.0,6177578443.0,0.0038291340560481168
2024-09-26,24.28,25.69,24.19,25.67,28619456.0,731803463.0,6177578443.0,0.004632795239116643
2024-09-27,26.18,27.04,26.18,26.99,19699795.0,536502163.0,6177578443.0,0.003188918632400764
2024-09-30,28.1,29.7,27.81,29.7,52488644.0,1547457014.0,6178308761.0,0.008495633033319683
2024-10-08,32.66,32.66,29.7,31.38,55859869.0,1799630136.0,6178308761.0,0.009041288022477969
2024-10-09,31.36,31.36,28.41,28.78,46572256.0,1403008511.0,6178308761.0,0.007538026635053113
2024-10-10,28.77,30.12,28.77,29.59,33474443.0,1009285371.0,6178308761.0,0.005418059261023714
2024-10-11,29.58,29.58,27.98,28.31,20315120.0,594490828.0,6178308761.0,0.0032881360880241705
2024-10-14,28.36,28.69,27.94,28.48,22410640.0,648137388.0,6178308761.0,0.003627309813563395
2024-10-15,28.36,28.45,27.43,27.59,22203112.0,633383658.0,6178308761.0,0.003593720038751556
2024-10-16,27.19,27.43,26.45,26.67,25251125.0,689903596.0,6178308761.0,0.004087061035116176
2024-10-17,26.68,26.97,25.88,25.89,21148240.0,568931751.0,6178308761.0,0.0034229820519000764
2024-10-18,25.83,26.97,25.53,26.43,31407453.0,840674696.0,6178308761.0,0.005083503304052499
2024-10-21,26.43,26.52,25.91,26.11,33729538.0,898279801.0,6178308761.0,0.005459348068344297
2024-10-22,26.11,27.16,26.02,26.76,36611187.0,999979895.0,6178308761.0,0.00592576195464764
2024-10-23,26.93,27.71,26.49,27.68,42741341.0,1191065684.0,6178308761.0,0.006917967789146561
2024-10-24,27.92,27.92,26.65,26.75,34490779.0,949262361.0,6178308761.0,0.005582559942248247
2024-10-25,26.76,27.45,26.75,27.26,27963292.0,773665547.0,6178308761.0,0.004526043142504577
2024-10-28,27.25,27.26,26.08,26.72,44300555.0,1198153320.0,6178308761.0,0.00717033685328955
2024-10-29,26.78,26.94,26.19,26.2,32592834.0,882189322.0,6178308761.0,0.005275365032861297
2024-10-30,26.32,26.34,25.75,25.9,26344458.0,698633419.0,6178308761.0,0.004264024188350207
2024-10-31,25.89,25.95,25.37,25.66,28893142.0,756118179.0,6181830030.0,0.00467388165960299
2024-11-01,25.5,25.92,25.4,25.63,25590181.0,669210386.0,6181830030.0,0.004139580168948773
2024-11-04,25.63,26.42,25.63,26.42,37973170.0,1015233539.0,6181830030.0,0.0061427069032501365
2024-11-05,26.26,26.74,25.8,26.63,43913036.0,1183960683.0,6181830030.0,0.007103565738121726
2024-11-06,26.63,26.93,26.24,26.34,38652449.0,1048415484.0,6181830030.0,0.006252590060293198
2024-11-07,26.11,26.8,25.77,26.78,38123413.0,1024270226.0,6181830030.0,0.006167010871374605
2024-11-08,26.91,27.37,26.56,26.68,37940073.0,1043378320.0,6181830030.0,0.006137352987040959
2024-11-11,26.45,28.12,26.34,28.0,61026551.0,1705573877.0,6181830030.0,0.009871923152827287
2024-11-12,28.08,28.63,27.45,27.74,59015178.0,1692477212.0,6181830030.0,0.009546554614669663
2024-11-13,27.49,27.71,26.97,27.69,32547522.0,908758019.0,6181830030.0,0.005265030232479556
2024-11-14,27.7,27.87,26.85,26.92,26442001.0,737060372.0,6181830030.0,0.004277374316614784
2024-11-15,26.93,28.85,26.69,28.12,73759416.0,2106089341.0,6181830030.0,0.011931647366888216
2024-11-18,28.19,28.39,26.97,27.21,47735000.0,1342372283.0,6181830030.0,0.0077218234355110535
2024-11-19,27.2,27.45,26.27,26.99,37957031.0,1040450148.0,6181830030.0,0.0061400961876656454
2024-11-20,26.96,26.96,26.34,26.74,27937413.0,758434604.0,6181830030.0,0.004519278735329447
2024-11-21,26.52,27.02,26.36,26.71,30231596.0,822177111.0,6181830030.0,0.004890395862275107
2024-11-22,26.57,26.59,25.46,25.47,33626251.0,892815469.0,6181830030.0,0.005439530177441647
2024-11-25,25.8,26.4,25.6,26.01,31595653.0,839093033.0,6181830030.0,0.005111051718773963
2024-11-26,25.78,25.9,25.54,25.57,16957585.0,444267751.0,6181830030.0,0.00274313349246194
2024-11-27,25.57,26.0,25.26,26.0,17930018.0,469679908.0,6181830030.0,0.002900438529203625
2024-11-28,26.25,26.26,25.53,25.57,16660246.0,437600553.0,6181830030.0,0.002695034628766718
2024-11-29,25.68,25.88,25.47,25.65,21816709.0,572576068.0,6184447116.0,0.0035276733054369932
2024-12-02,25.75,26.5,25.72,26.42,33872024.0,906097582.0,6184447116.0,0.005476968816237186
2024-12-03,26.42,27.56,25.99,27.21,48537385.0,1331185989.0,6184447116.0,0.007848298172754559
2024-12-04,26.89,27.16,26.4,26.57,30339891.0,827489050.0,6184447116.0,0.004905837244772715
2024-12-05,26.46,27.03,26.21,26.4,19939823.0,539675639.0,6184447116.0,0.003224188456299187
2024-12-06,26.24,26.75,26.06,26.51,22789891.0,614450962.0,6184447116.0,0.0036850328853228406
2024-12-09,26.52,26.77,26.3,26.41,17918340.0,485138341.0,6184447116.0,0.002897322859086762
2024-12-10,26.98,27.35,26.65,26.67,34516708.0,951162332.0,6184447116.0,0.005581211602683224
2024-12-11,26.75,26.83,26.46,26.67,15639841.0,425648883.0,6184447116.0,0.0025288988177354804
2024-12-12,26.67,27.0,26.48,26.93,22639037.0,619009502.0,6186905677.0,0.003659185735473756
2024-12-13,26.75,26.76,26.21,26.21,22389859.0,604088023.0,6186905677.0,0.0036189106750463234
2024-12-16,26.31,26.32,25.82,25.89,14428704.0,383255446.0,6186905677.0,0.0023321357643513335
2024-12-17,25.94,26.94,25.86,26.62,30252722.0,819864340.0,6186905677.0,0.004889798483992631
2024-12-18,26.73,26.94,26.63,26.76,17829008.0,487209905.0,6186905677.0,0.002881732635149078
2024-12-19,26.53,26.72,26.3,26.59,13301626.0,359925361.0,6186905677.0,0.0021499642461738472
2024-12-20,26.59,26.7,26.16,26.21,15370099.0,412786540.0,6186905677.0,0.002484295026048124
2024-12-23,26.23,26.66,26.11,26.11,13993914.0,376242458.0,6186905677.0,0.00226185992329296
2024-12-24,26.12,26.48,26.06,26.41,14461875.0,388615942.0,6186905677.0,0.0023374972490307127
2024-12-25,26.4,26.51,26.12,26.19,11191769.0,300606498.0,6186905677.0,0.0018089445005773602
2024-12-26,26.19,26.31,25.91,26.1,11267674.0,299983384.0,6186905677.0,0.0018212131537559885
2024-12-27,26.1,26.14,25.68,25.86,14980217.0,396543170.0,6186905677.0,0.002421277740775876
2024-12-30,25.87,26.04,25.69,25.87,13440831.0,354743043.0,6186905677.0,0.002172464185120306
2024-12-31,25.84,26.13,25.59,25.8,17826996.0,470270873.0,6192958879.0,0.002878591049659705
2025-01-02,25.76,25.81,24.56,24.75,23298043.0,597013486.0,6192958879.0,0.003762021265634824
2025-01-03,24.75,25.33,24.65,24.74,17246041.0,439319210.0,6192958879.0,0.0027847820947883932
2025-01-06,24.74,24.93,24.5,24.74,12701778.0,320394455.0,6192958879.0,0.0020510031227675457
2025-01-07,24.72,25.02,24.44,24.59,14013202.0,352543871.0,6192958879.0,0.002262763611674871
2025-01-08,24.58,24.65,23.94,24.39,17216502.0,426305968.0,6192958879.0,0.0027800123230884446
2025-01-09,24.32,24.68,24.32,24.52,9950890.0,248862504.0,6192958879.0,0.0016068070520769884
2025-01-10,24.55,24.68,24.1,24.1,13286682.0,330475775.0,6192958879.0,0.0021454497372902707
2025-01-13,23.93,24.58,23.87,24.26,12018209.0,297931952.0,6192958879.0,0.0019406247053816422
2025-01-14,24.28,25.42,24.18,25.4,18770205.0,477877259.0,6192958879.0,0.00303089449917854
2025-01-15,25.77,25.83,24.91,24.99,17103921.0,439312271.0,6192958879.0,0.0027618334521804276
2025-01-16,25.02,25.27,24.63,24.76,17309873.0,439468414.0,6192958879.0,0.0027950892841702656
2025-01-17,24.67,25.05,24.51,24.93,11590851.0,293780752.0,6192958879.0,0.0018716176268025887
2025-01-20,25.21,25.33,24.67,24.77,17046842.0,434296676.0,6192958879.0,0.0027526166947119497
2025-01-21,24.84,24.91,24.53,24.72,12451258.0,313888277.0,6192958879.0,0.00201055073080197
2025-01-22,24.67,24.72,24.14,24.24,14254881.0,353455845.0,6192958879.0,0.002301788414636105
2025-01-23,24.4,24.63,24.09,24.25,16898248.0,419693534.0,6192958879.0,0.0027286226713536038
2025-01-24,24.15,24.59,24.09,24.25,24363788.0,604161878.0,6192958879.0,0.003934111056770671
2025-01-27,24.35,24.61,24.18,24.38,14314662.0,356976769.0,6193874072.0,0.0023110999406188767
2025-02-05,24.38,24.4,24.01,24.07,19581203.0,482944970.0,6193874072.0,0.003161382161209686
2025-02-06,24.01,24.58,23.57,24.57,31715551.0,779572080.0,6193874072.0,0.005120470747600954
2025-02-07,24.58,25.47,24.49,25.33,36938368.0,946178626.0,6193874072.0,0.0059636937352316255
2025-02-10,25.77,25.81,25.18,25.29,23598671.0,611347023.0,6193874072.0,0.003810001741346349
2025-02-11,25.29,25.39,24.42,24.6,23795345.0,599652269.0,6193874072.0,0.0038417547278801053
2025-02-12,24.46,24.84,24.26,24.81,16484138.0,413078974.0,6193874072.0,0.002661361501441904
2025-02-13,24.82,24.84,24.41,24.41,16625920.0,417795732.0,6193874172.0,0.002684252139825355
2025-02-14,24.34,25.79,24.34,25.3,35347707.0,905302967.0,6193874172.0,0.005706881673475494
2025-02-17,25.47,25.52,24.82,24.92,19619486.0,500708854.0,6193874172.0,0.00316756289443072
2025-02-18,24.83,25.18,24.6,24.78,16588873.0,421763438.0,6193874172.0,0.002678270907567284
2025-02-19,24.78,24.93,24.62,24.84,14507426.0,366543202.0,6193874172.0,0.0023422216204491537
2025-02-20,24.69,24.76,24.19,24.48,22651969.0,564803397.0,6193874172.0,0.0036571567924967526
2025-02-21,24.48,24.71,24.31,24.68,20537462.0,514626318.0,6193874172.0,0.0033157699736364615
2025-02-24,24.67,24.97,24.41,24.67,17203699.0,433515688.0,6193874172.0,0.0027775344674857887
2025-02-25,24.44,24.91,24.35,24.65,17039087.0,428862484.0,6193874172.0,0.0027509578862655658
2025-02-26,24.79,24.81,24.49,24.61,15207032.0,381935880.0,6193874172.0,0.0024551728978843067
2025-02-27,24.61,25.27,24.56,25.22,31774011.0,810574950.0,6193874172.0,0.005129909022633597
2025-02-28,25.1,25.36,24.4,24.4,24938711.0,632410267.0,6193874575.0,0.00402635066274328
2025-03-03,24.59,25.38,24.47,24.93,29622281.0,757840389.0,6193874575.0,0.004782512245172481
2025-03-04,24.74,24.76,24.44,24.57,17345838.0,434991758.0,6193874575.0,0.002800482604218701
2025-03-05,24.64,24.7,24.25,24.47,15601984.0,389123032.0,6193874575.0,0.002518937671578537
2025-03-06,24.54,24.73,24.41,24.59,17816377.0,447638100.0,6193874575.0,0.0028764510459916765
2025-03-07,24.49,24.87,24.26,24.57,19686151.0,493502498.0,6193874575.0,0.0031783257412828707
2025-03-10,24.58,24.65,24.28,24.36,19423052.0,483639727.0,6193874575.0,0.0031358484523397053
2025-03-11,24.2,24.52,23.96,24.52,18747379.0,465586898.0,6193874575.0,0.0030267611610459515
2025-03-12,25.05,26.45,25.04,26.21,70605415.0,1867534581.0,6193874575.0,0.011399232281031457
2025-03-13,25.97,26.45,25.55,25.65,30563994.0,807508378.0,6193874575.0,0.004934551649360772
2025-03-14,25.67,26.26,25.64,26.03,24415036.0,648475365.0,6193874575.0,0.00394180342277919
2025-03-17,26.11,26.41,25.77,25.86,19786739.0,525307479.0,6193874575.0,0.003194565656828787
2025-03-18,25.86,26.08,25.67,25.99,15493247.0,409863323.0,6193874575.0,0.0025013821013642338
2025-03-19,25.96,26.43,25.86,26.27,21165968.0,566552659.0,6193874575.0,0.0034172419450389014
2025-03-20,26.27,27.23,25.93,26.96,35424119.0,966141941.0,6193874575.0,0.005719218006606148
2025-03-21,26.8,27.0,25.79,25.82,25978044.0,696486703.0,6193874575.0,0.004194150799380693
2025-03-24,25.82,26.13,25.59,25.95,17720000.0,467428883.0,6193874575.0,0.0028608909956818105
2025-03-25,26.06,26.06,25.42,25.52,15862077.0,414946369.0,6193874575.0,0.0025609296423313513
2025-03-26,25.47,25.93,25.42,25.76,14042768.0,367749493.0,6193874575.0,0.0022672025127341232
2025-03-27,25.71,26.27,25.58,26.14,19740355.0,524971764.0,6193874575.0,0.003187076967892912
2025-03-28,26.02,26.16,25.79,25.88,11158920.0,295284192.0,6193874650.0,0.0018016057202578358
2025-03-31,26.08,26.26,25.42,25.57,18550630.0,486859881.0,6193874650.0,0.0029949960320879276
2025-04-01,25.47,25.57,24.98,25.18,23388856.0,600734853.0,6193874650.0,0.003776126790037638
2025-04-02,25.14,25.19,24.79,25.06,12665927.0,323182201.0,6193874650.0,0.002044911741957839
2025-04-03,24.79,24.93,24.41,24.51,17646631.0,443461331.0,6193874650.0,0.002849045548572734
2025-04-07,23.5,23.5,22.06,22.06,30482345.0,697003918.0,6193874650.0,0.0049213693725622945
2025-04-08,22.29,22.71,21.7,22.48,35073832.0,791518134.0,6193874650.0,0.005662664161277465
2025-04-09,22.04,22.53,21.72,22.53,35216606.0,790877219.0,6193874650.0,0.005685714999091885
2025-04-10,22.98,23.12,22.66,22.83,28289721.0,659748322.0,6193874650.0,0.004567370603794831
2025-04-11,22.83,22.97,22.6,22.86,19653339.0,457173245.0,6193874650.0,0.0031730282110245807
2025-04-14,23.22,23.32,22.95,23.11,19166601.0,452126307.0,6193874650.0,0.0030944444443995974
2025-04-15,23.12,23.13,22.61,22.78,18755445.0,435871877.0,6193874650.0,0.0030280633787123866
2025-04-16,22.85,22.87,22.41,22.87,17145150.0,394587225.0,6193874650.0,0.0027680815271261586
2025-04-17,22.63,22.82,22.53,22.82,13347060.0,308981634.0,6193874650.0,0.0021548805479942993
2025-04-18,22.67,22.81,22.54,22.73,9046400.0,209455086.0,6193874650.0,0.0014605397285526274
2025-04-21,22.72,22.8,22.6,22.78,11347437.0,263150192.0,6193874650.0,0.0018320417575773834
2025-04-22,22.77,22.93,22.61,22.8,12329504.0,287086870.0,6193874650.0,0.0019905963063040033
2025-04-23,22.93,23.02,22.65,22.81,15993396.0,372047943.0,6193876593.000001,0.0025821302313441164
2025-04-24,22.87,22.91,22.55,22.59,14104690.0,326899391.0,6193876593.000001,0.0022771990672110567
2025-04-25,22.58,22.82,22.54,22.69,12623332.0,292346517.0,6193876593.000001,0.002038034147187601
2025-04-28,22.0,22.56,21.79,22.45,20863512.0,473193759.0,6209231877.0,0.0033600793807172552
2025-04-29,22.43,22.43,21.99,22.03,16601426.0,374552160.0,6209231877.0,0.002673668229639542
2025-04-30,22.03,22.19,21.99,22.12,11258118.0,254229224.0,6209241326.0,0.0018131229580107965
2025-05-06,22.34,22.57,22.2,22.56,15468004.0,353913601.0,6209241326.0,0.002491126240371866
2025-05-07,23.01,23.02,22.57,22.81,17566811.0,407938596.0,6209241326.0,0.002829139677087822
2025-05-08,22.64,22.96,22.53,22.92,13445134.0,313298129.0,6209241326.0,0.002165342478106157
2025-05-09,22.93,23.06,22.73,22.81,14378009.0,335783030.0,6209241326.0,0.002315582249927195
2025-05-12,22.93,23.09,22.83,23.03,15103509.0,354212549.0,6209241326.0,0.0024324242217413855
2025-05-13,23.15,23.25,22.97,23.02,12669434.0,298290963.0,6209241326.0,0.0020404157826736723
2025-05-14,23.14,23.24,22.93,23.18,14168057.0,333983777.0,6209241326.0,0.0022817694233712572
2025-05-15,23.14,23.23,23.0,23.08,11772253.0,277565611.0,6209241326.0,0.0018959245392357294
2025-05-16,23.02,23.25,22.93,23.14,11956815.0,282102214.0,6209241326.0,0.001925648299403849
2025-05-19,23.16,23.17,22.74,22.81,12687648.0,295651506.0,6209241326.0,0.00204334915231478
2025-05-20,22.82,23.01,22.63,22.97,14315414.0,333916681.0,6209241326.0,0.002305501308196376
2025-05-21,22.96,23.07,22.87,22.93,11973433.0,280754700.0,6209241326.0,0.0019283246328119926
2025-05-22,22.93,23.11,22.79,22.88,15667462.0,366945822.0,6209241326.0,0.002523249005380984
2025-05-23,22.83,23.39,22.79,22.95,24934975.0,589229756.0,6209241326.0,0.004015784488128945
2025-05-26,22.91,22.94,22.22,22.33,25498592.0,584005444.0,6209241326.0,0.004106555158877393
2025-05-27,22.34,22.41,22.11,22.25,13067574.0,296383601.0,6209241326.0,0.0021045363376813934
2025-05-28,22.25,22.62,22.22,22.46,12950677.0,295829830.0,6209241326.0,0.002085710044119487
2025-05-29,22.44,22.58,22.35,22.43,15805226.0,362374028.0,6209241326.0,0.002545435934953706
2025-05-30,22.36,22.39,22.04,22.07,13744187.0,310279778.0,6209241356.0,0.002213505034188914
2025-06-03,21.95,22.03,21.71,22.0,13037920.0,291362861.0,6209241356.0,0.0020997605427918236
2025-06-04,22.06,22.16,21.99,22.07,10534745.0,237274822.0,6209241356.0,0.0016966235319263695
2025-06-05,22.07,22.12,21.92,22.09,11699322.0,263119225.0,6209241356.0,0.0018841789727975264
2025-06-06,22.11,22.11,21.92,22.01,12937690.0,290051512.0,6209241356.0,0.002083618474179344
2025-06-09,22.04,22.21,21.91,22.13,16335407.0,368056715.0,6209241356.0,0.0026308217161207736
2025-06-10,22.07,22.12,21.62,21.76,23225857.0,517922921.0,6209241633.0,0.0037405303856371925
2025-06-11,21.77,21.99,21.77,21.82,16695595.0,372465843.0,6209241633.0,0.002688829971001388
2025-06-12,21.7,21.77,21.57,21.67,14687313.0,324786775.0,6209241633.0,0.0023653956260845034
2025-06-13,21.63,21.63,21.11,21.55,31755055.0,691015393.0,6209241633.0,0.0051141599694289105
2025-06-16,21.34,21.34,20.89,21.03,29255399.0,626778278.0,6209241633.0,0.004711589712424387
2025-06-17,20.95,21.09,20.87,21.02,14111089.0,301951835.0,6209241633.0,0.002272594599154328
2025-06-18,20.97,21.01,20.8,20.83,14237374.0,303170408.0,6209241633.0,0.002292932831657447
2025-06-19,20.83,20.92,20.65,20.68,15136435.0,320593063.0,6209241633.0,0.0024377268424464293
2025-06-20,20.68,20.75,20.53,20.53,18201813.0,383175878.0,6209241633.0,0.002931406776515763
2025-06-23,20.39,20.62,20.18,20.6,13401561.0,279440801.0,6209241633.0,0.0021583249279228042
2025-06-24,20.65,20.95,20.65,20.93,15718715.0,334681141.0,6209241633.0,0.0025315031897712587
2025-06-25,20.93,21.18,20.89,21.18,19349860.0,415507548.0,6209241633.0,0.003116300048167251
2025-06-26,21.18,21.18,20.9,20.9,15440835.0,331029883.0,6209241633.0,0.0024867505426004414
2025-06-27,20.9,21.07,20.85,20.9,14388502.0,307783441.0,6209241633.0,0.002317272035852176
2025-06-30,20.91,21.06,20.87,21.04,11119662.0,237959758.0,6209241633.0,0.001790824493107627
2025-07-01,21.05,21.09,20.94,21.0,8510678.0,182435043.0,6209241633.0,0.0013706469329150682
2025-07-02,21.03,21.38,20.94,21.38,21037960.0,455079320.0,6209241633.0,0.003388168997674438
2025-07-03,21.28,21.47,21.27,21.37,11901039.0,259532176.0,6209241633.0,0.001916665464708289
2025-07-04,21.37,21.68,21.29,21.39,19990075.0,438759844.0,6209241633.0,0.0032194068424974114
2025-07-07,21.44,21.71,21.27,21.54,14657297.0,322022240.0,6209241633.0,0.002360561541380749
2025-07-08,21.53,21.55,21.38,21.51,12463027.0,273142595.0,6209241633.0,0.0020071737800898687
2025-07-09,21.5,21.64,21.42,21.44,13988721.0,307698089.0,6209241633.0,0.002252887200532626
2025-07-10,21.45,21.49,21.35,21.37,12845497.0,280577424.0,6209241633.0,0.0020687706743011203
2025-07-11,21.37,21.53,21.23,21.23,18296255.0,399812449.0,6209241633.0,0.002946616685484045
2025-07-14,21.24,21.29,21.16,21.22,12422101.0,269121517.0,6209241633.0,0.002000582637013315
2025-07-15,21.24,22.02,21.23,21.75,35557192.0,787949867.0,6209241633.0,0.005726495134450182
2025-07-16,21.88,21.91,21.56,21.62,15278417.0,331280091.0,6209241633.0,0.0024605930809328516
2025-07-17,21.69,21.92,21.63,21.87,17527224.0,382703049.0,6209241633.0,0.002822764040434308
2025-07-18,21.93,21.98,21.76,21.93,12931756.0,282515160.0,6209241633.0,0.0020826627089646716
2025-07-21,22.1,22.45,22.06,22.44,30924743.0,689527569.0,6209241633.0,0.0049804380031927805
2025-07-22,22.45,22.48,22.15,22.32,24773885.0,552659978.0,6209241633.0,0.0039898407026608945
2025-07-23,22.33,22.62,22.32,22.37,25928849.0,583010608.0,6209241633.0,0.004175847958983753
2025-07-24,22.42,22.66,22.39,22.59,20166706.0,454576067.0,6209241633.0,0.0032478533115575404
2025-07-25,22.69,22.85,22.54,22.71,20712343.0,470073922.0,6209241633.0,0.003335728294083607
2025-07-28,22.7,22.72,22.34,22.47,19939437.0,448375195.0,6209241633.0,0.003211251579263512
2025-07-29,22.45,22.45,22.13,22.28,15650848.0,348330443.0,6209241633.0,0.0025205731915506533
2025-07-30,22.25,22.41,22.0,22.12,14634249.0,324991694.0,6209241633.0,0.0023568496549117948
2025-07-31,22.12,22.14,21.58,21.63,20571462.0,448600631.0,6209241963.0,0.0033130391958603725
2025-08-01,21.7,21.9,21.55,21.7,13216135.0,287025724.0,6209241963.0,0.0021284619086763073
2025-08-04,21.63,22.22,21.5,22.22,17695172.0,387739681.0,6209241963.0,0.0028498119586002676
2025-08-05,22.2,22.39,22.12,22.26,12463329.0,277381292.0,6209241963.0,0.002007222310592376
2025-08-06,22.23,22.93,22.15,22.61,24320088.0,549398351.0,6209241963.0,0.003916756368155724
2025-08-07,22.63,22.74,22.47,22.6,12099275.0,273428609.0,6209241963.0,0.0019485913211464265
2025-08-08,22.57,22.59,22.34,22.35,9770632.0,218864275.0,6209241963.0,0.001573562772754198
2025-08-11,22.42,22.66,22.36,22.52,14757480.0,332591892.0,6209241963.0,0.002376695913597465
2025-08-12,22.52,23.3,22.45,22.93,38723495.0,893085152.0,6209241963.0,0.006236428734899987
2025-08-13,22.98,23.59,22.82,23.24,32951216.0,764703059.0,6209241963.0,0.005306801731411284
2025-08-14,23.0,23.3,22.88,22.95,21904300.0,505307147.0,6209241963.0,0.0035276930953125427
2025-08-15,22.92,23.72,22.88,23.45,29418191.0,688033198.0,6209241963.0,0.004737807155092178
2025-08-18,23.9,25.44,23.88,25.0,75443011.0,1872632012.0,6209241963.0,0.012150116141318747
2025-08-19,25.0,25.01,24.37,24.44,32381641.0,796719215.0,6209241963.0,0.005215071532557057
2025-08-20,24.45,25.14,24.32,25.14,32553951.0,806797318.0,6209241963.0,0.005242822101954541
2025-08-21,25.01,26.15,25.01,25.84,50282171.0,1292463769.0,6209241963.0,0.008097956449374076
2025-08-22,25.87,26.04,25.61,25.85,25533375.0,659036919.0,6209241963.0,0.004112156548601229
2025-08-25,26.11,26.15,25.46,25.66,32096262.0,823655157.0,6209241963.0,0.0051691111719042535
2025-08-26,25.66,26.36,25.28,26.2,46585356.0,1212293035.0,6209241963.0,0.007502583451828031
2025-08-27,26.1,26.13,25.16,25.16,33310206.0,853585451.0,6209241963.0,0.005364617162367135
2025-08-28,25.16,25.67,24.93,25.51,27172360.0,688778392.0,6209241963.0,0.004376115500397033
2025-08-29,25.1,25.96,25.1,25.85,23217991.0,598036941.0,6209241988.0,0.0037392633504816143
2025-09-01,25.95,26.39,25.75,26.08,27682182.0,720769335.0,6209241988.0,0.0044582224454287125
2025-09-02,26.07,26.87,26.05,26.28,33032296.0,874128208.0,6209241988.0,0.0053198596646480065
2025-09-03,26.37,26.54,25.7,25.98,25869548.0,671649829.0,6209241988.0,0.004166297279119669
2025-09-04,25.87,26.09,25.23,25.71,25614474.0,656929804.0,6209241988.0,0.004125217546602727
2025-09-05,25.68,26.12,25.68,26.07,19380023.0,503059036.0,6209241988.0,0.0031211576288142566
2025-09-08,26.07,26.31,25.52,25.95,20691616.0,534790995.0,6209241988.0,0.0033323900147536013
2025-09-09,25.87,26.34,25.75,26.19,22524016.0,589054032.0,6209241988.0,0.0036274985003853905
2025-09-10,26.24,26.29,25.64,25.74,20332996.0,525662171.0,6209242294.0,0.003274634011246075
2025-09-11,25.6,25.73,25.22,25.61,25354955.0,645814268.0,6209242295.0,0.00408342174381198
2025-09-12,25.61,25.74,25.03,25.13,25041950.0,632589617.0,6209242295.0,0.004033012211516542
2025-09-15,25.15,25.48,25.04,25.09,17179803.0,433459578.0,6209242295.0,0.002766811501917723
2025-09-16,25.1,25.2,24.7,25.05,18385420.0,459132849.0,6209242295.0,0.0029609764165274854
2025-09-17,25.05,25.49,25.0,25.35,17871928.0,451854231.0,6209242295.0,0.002878278403532649
2025-09-18,25.31,25.61,24.76,24.99,20154018.0,507686029.0,6209242295.0,0.0032458095597636843
2025-09-19,24.99,25.15,24.7,24.94,12738122.0,317591424.0,6209242295.0,0.0020514776835584897
2025-09-22,24.9,25.02,24.5,24.66,17163619.0,423121501.0,6209242295.0,0.00276420506473407
2025-09-23,24.66,24.88,24.15,24.5,16367410.0,400033409.0,6209242295.0,0.0026359754092991146
2025-09-24,24.38,24.66,24.29,24.5,11886126.0,291070006.0,6209242295.0,0.0019142635180416968
2025-09-25,24.51,24.64,24.24,24.4,14449524.0,352522368.0,6209242295.0,0.002327099396916029
2025-09-26,24.3,24.93,24.21,24.22,18469205.0,452161746.0,6209242295.0,0.0029744700114009643
2025-09-29,24.24,24.48,23.91,24.4,17905277.0,433210070.0,6209242295.0,0.002883649268191426
2025-09-30,24.5,24.8,24.19,24.6,16419858.0,401956236.0,6209243061.0,0.002644421846381317
2025-10-09,24.7,24.77,24.41,24.75,20903343.0,514427962.0,6209243061.0,0.003366488120153169
2025-10-10,24.62,24.97,24.4,24.58,17227187.0,424741657.0,6209243061.0,0.002774442364513519
2025-10-13,24.06,24.14,23.66,23.84,22326534.0,532567133.0,6209243061.0,0.003595693352742469
2025-10-14,23.67,24.09,23.4,23.44,22386399.0,530558878.0,6209243061.0,0.003605334624538706
2025-10-15,23.44,23.64,23.27,23.63,18871950.0,443148203.0,6209243061.0,0.003039331817840075
2025-10-16,23.63,24.14,23.5,23.62,22441559.0,532667983.0,6209243061.0,0.0036142181550202967
2025-10-17,23.52,23.6,22.8,22.85,22177114.0,512083914.0,6209243061.0,0.003571629227931749
2025-10-20,22.99,23.1,22.83,22.98,12741310.0,292634352.0,6209243061.0,0.0020519908586004057
2025-10-21,22.98,23.17,22.95,23.17,13171266.0,304321577.0,6209243061.0,0.0021212353696907407
2025-10-22,23.17,23.18,22.78,22.84,12735897.0,291751666.0,6209243061.0,0.002051119093725553
2025-10-23,22.84,23.22,22.7,23.21,12738372.0,293183808.0,6209243061.0,0.0020515176930355956
2025-10-24,23.22,23.27,23.03,23.19,11168228.0,258732298.0,6209243061.0,0.0017986456465438083
2025-10-27,23.1,23.1,22.76,22.91,22584709.0,516992903.0,6209243061.0,0.0036372724949122427
2025-10-28,22.98,23.05,22.71,22.9,17058681.0,390130496.0,6209243061.0,0.002747304435084024
2025-10-29,22.81,22.86,22.62,22.77,14556665.0,330412419.0,6209243061.0,0.0023443541921284758
2025-10-30,22.77,22.99,22.7,22.71,16313794.0,372682239.0,6209243061.0,0.0026273402151811816
2025-10-31,22.72,22.91,22.61,22.79,12810018.0,292097229.0,6209243112.0,0.0020630562806025947
2025-11-03,22.84,22.92,22.55,22.69,15654585.0,354897737.0,6209243112.0,0.0025211744358577147
2025-11-04,22.64,22.72,22.36,22.47,13406487.0,302243701.0,6209243112.0,0.0021591177472324425
2025-11-05,22.33,22.5,22.15,22.45,9992211.0,223491377.0,6209243112.0,0.0016092478293673227
2025-11-06,22.49,22.9,22.46,22.81,16382557.0,373029937.0,6209243112.0,0.0026384144902200763
2025-11-07,22.82,23.0,22.69,22.78,12169413.0,278015490.0,6209243112.0,0.001959886701244047
2025-11-10,22.85,23.81,22.78,23.73,37817369.0,889033236.0,6209243112.0,0.006090495784730034
2025-11-11,23.77,23.77,23.3,23.39,19792492.0,463656952.0,6209243112.0,0.003187585289058658
2025-11-12,23.36,23.37,22.85,22.97,22417627.0,516479529.0,6209243112.0,0.003610363871351024
2025-11-13,22.97,23.15,22.8,23.09,17232945.0,396415271.0,6209243112.0,0.002775369668920768
2025-11-14,22.97,23.12,22.68,22.7,18903440.0,432638530.0,6209243112.0,0.0030444032644602304
2025-11-17,22.7,22.75,22.32,22.42,18761249.0,420983831.0,6209243112.0,0.0030215033719233767
2025-11-18,22.42,22.51,22.1,22.13,17465303.0,388760568.0,6209243112.0,0.0028127909770913153
2025-11-19,22.18,22.32,21.86,21.97,18995471.0,418254377.0,6209243112.0,0.0030592248777132434
2025-11-20,22.0,22.12,21.86,21.9,12631422.0,277661505.0,6209243112.0,0.002034293354626183
2025-11-21,21.77,21.85,21.52,21.62,16997158.0,368259535.0,6209243112.0,0.0027373961195288434
2025-11-24,21.7,21.74,21.55,21.64,12348626.0,267306241.0,6209243112.0,0.001988748995209257
2025-11-25,21.72,21.9,21.61,21.7,14680303.0,319981850.0,6209243112.0,0.0023642661005862063
2025-11-26,21.71,21.83,21.68,21.78,9290431.0,202165616.0,6209243112.0,0.0014962260024970334
2025-11-27,21.78,21.88,21.6,21.76,10677815.0,232185713.0,6209243112.0,0.0017196645077987083
2025-11-28,21.75,21.92,21.58,21.9,10968730.0,238958150.0,6209243112.0,0.0017665164339920598
2025-12-01,21.91,22.18,21.86,22.12,14833197.0,327061995.0,6209243112.0,0.002388889713680774
2025-12-02,22.18,22.25,21.95,22.01,10442230.0,230261067.0,6209243112.0,0.001681723490552225
2025-12-03,22.02,22.05,21.77,21.83,8458655.0,184915592.0,6209243112.0,0.0013622682905832404
2025-12-04,21.8,21.95,21.72,21.8,10279377.0,224580944.0,6209243112.0,0.0016554959782673106
2025-12-05,21.84,21.98,21.72,21.92,9087545.0,198509608.0,6209243112.0,0.0014635511665564175
2025-12-08,21.92,21.96,21.74,21.77,12744505.0,277992306.0,6209243112.0,0.00205250539721499
2025-12-09,21.7,21.79,21.62,21.74,12026821.0,260715556.0,6209243112.0,0.0019369222275669852
2025-12-10,21.63,22.0,21.4,22.0,16188355.0,352309047.0,6209243112.0,0.0026071382144329863
2025-12-11,22.01,22.15,21.85,22.04,16184889.0,356393634.0,6209243112.0,0.0026065800143532858
2025-12-12,21.89,22.85,21.7,22.69,44193154.0,990990384.0,6209243112.0,0.00711731739325719
2025-12-15,22.5,22.87,22.46,22.56,16238732.0,368603797.0,6209243112.0,0.002615251441615643
2025-12-16,22.7,22.78,22.41,22.55,13695448.0,309180176.0,6209243112.0,0.002205654981286228
2025-12-17,22.46,22.55,22.15,22.35,13643380.0,304803592.0,6209243112.0,0.0021972694181731697
2025-12-18,22.45,22.45,22.03,22.06,10899742.0,241485093.0,6209243112.0,0.0017554059010727297
2025-12-19,22.09,22.36,22.05,22.21,10082327.0,224205216.0,6209243112.0,0.0016237610314395433
2025-12-22,22.34,22.5,22.26,22.33,8588367.0,192027939.0,6209243112.0,0.0013831584373628564
2025-12-23,22.33,22.33,22.07,22.09,8815589.0,195052103.0,6209243112.0,0.0014197525915780249
2025-12-24,22.03,22.14,21.94,22.02,9889466.0,217484295.0,6209243112.0,0.0015927007240041208
2025-12-25,22.02,22.19,21.91,22.17,9136187.0,201381433.0,6209243112.0,0.0014713849715987735
2025-12-26,22.28,23.29,22.28,22.78,36311003.0,834862581.0,6209243112.0,0.005847895201562531
2025-12-29,22.77,23.05,22.61,22.61,15358161.0,350273893.0,6209243112.0,0.002473435283975075
2025-12-30,22.6,22.67,22.44,22.5,12464329.0,280989710.0,6209243112.0,0.002007382989387451
2025-12-31,22.6,22.81,22.4,22.63,15242797.0,343997315.0,6209243186.999999,0.00245485585617151
2026-01-05,22.6,22.61,22.15,22.3,23117243.0,514280993.0,6209243186.999999,0.003723037140564809
2026-01-06,22.27,22.53,22.16,22.51,20158478.0,451259150.0,6209243186.999999,0.0032465273774757056
2026-01-07,22.5,22.5,22.16,22.3,15926283.0,354791454.0,6209243186.999999,0.0025649314288968598
2026-01-08,22.24,22.24,22.01,22.1,17364178.0,383708703.0,6209243186.999999,0.0027965047393142153
2026-01-09,22.09,22.18,22.0,22.13,15593057.0,344465431.0,6209243186.999999,0.0025112653072835753
2026-01-12,22.13,22.19,22.01,22.17,19377163.0,428401874.0,6209243186.999999,0.0031206964224833483
2026-01-13,22.18,22.31,21.9,21.93,24968307.0,551474151.0,6209243186.999999,0.00402115141057367
2026-01-14,21.9,22.0,21.63,21.75,23981347.0,523711145.0,6209243186.999999,0.0038622012824700794
2026-01-15,21.75,21.82,21.66,21.7,12527494.0,272211983.0,6209243186.999999,0.0020175557024772724
2026-01-16,21.75,21.82,21.68,21.76,13161306.0,286091901.0,6209243186.999999,0.0021196312664247406
2026-01-19,21.88,22.02,21.84,21.99,16300218.0,357890947.0,6209243186.999999,0.0026251537440387263
2026-01-20,21.99,21.99,21.74,21.79,14788643.0,322878640.0,6209243186.999999,0.0023817142531898715
2026-01-21,21.72,21.73,21.56,21.6,13928702.0,301564940.0,6209243186.999999,0.002243220563362999
2026-01-22,21.65,21.67,21.46,21.5,15865024.0,341356217.0,6209243186.999999,0.0025550656532853885
2026-01-23,21.51,21.7,21.38,21.59,18597935.0,399858132.0,6209243186.999999,0.002995201579306416
2026-01-26,21.57,21.57,21.24,21.27,18084768.0,385658933.0,6209243186.999999,0.00291255591951419
2026-01-27,21.25,21.29,21.01,21.09,13104035.0,277073171.0,6209243186.999999,0.0021104077591026396
2026-01-28,21.1,21.15,20.85,20.87,20358703.0,426250656.0,6209243186.999999,0.003278773658378216
2026-01-29,20.85,21.1,20.58,21.1,26632496.0,553265583.0,6209243186.999999,0.004289169420157227
2026-01-30,21.14,21.15,20.68,20.69,17743277.0,369356637.0,6209243340.0,0.0028575586473955136
2026-02-02,20.52,20.85,20.41,20.44,17445204.0,358852357.0,6209243340.0,0.0028095539254546272
2026-02-03,20.48,20.6,20.37,20.51,13908448.0,284837023.0,6209243340.0,0.002239958596952008
2026-02-04,20.49,20.84,20.41,20.81,15500257.0,320179894.0,6209243340.0,0.0024963197850770653
2026-02-05,20.73,21.28,20.7,21.16,20995814.0,442105446.0,6209243340.0,0.0033813804436918717
2026-02-06,21.07,21.15,20.92,20.93,11173762.0,234509758.0,6209243340.0,0.001799536817637429
2026-02-09,20.96,21.13,20.87,20.99,11983584.0,251468102.0,6209243340.0,0.0019299588281234924
2026-02-10,21.0,21.03,20.85,20.92,6616863.0,138369535.0,6209243340.0,0.0010656472355293455
2026-02-11,20.95,21.12,20.88,20.98,9164400.0,192604293.0,6209243340.0,0.0014759286274001946
2026-02-12,21.04,21.04,20.75,20.76,10167475.0,211572765.0,6209243340.0,0.0016374740758670282
2026-02-13,20.77,20.85,20.66,20.67,9040310.0,187539562.0,6209243340.0,0.0014559439057191146
2026-02-24,20.73,21.15,20.73,21.04,16512919.0,346021182.0,6209243340.0,0.002659409221993867
2026-02-25,20.93,21.22,20.92,20.97,15164781.0,319602580.0,6209243340.0,0.0024422913017933035
2026-02-26,20.97,20.99,20.75,20.8,9582055.0,199432587.0,6209243340.0,0.001543192056634714
2026-02-27,20.72,20.82,20.5,20.5,22338604.0,460891349.0,6209243340.0,0.003597637067320992
2026-03-02,20.4,20.58,20.26,20.42,22543437.0,459779544.0,6209243340.0,0.003630625466838283
2026-03-03,20.43,20.6,20.17,20.17,20851403.0,424618392.0,6209243340.0,0.0033581230205096133
2026-03-04,20.01,20.09,19.73,19.84,19204950.0,382080051.0,6209243340.0,0.0030929614042151552
2026-03-05,19.99,20.12,19.89,19.96,11933776.0,238668215.0,6209243340.0,0.001921937238813385
2026-03-06,19.97,20.2,19.88,20.19,9248555.0,185613445.0,6209243340.0,0.0014894818085837815
2026-03-09,20.1,20.1,19.9,20.02,11645125.0,232869485.0,6209243340.0,0.0018754499320363244
2026-03-10,20.04,20.14,20.02,20.07,8989301.0,180323839.0,6209243340.0,0.001447728895095936
2026-03-11,20.07,20.68,20.07,20.52,19822268.0,404713981.0,6209243340.0,0.003192380603334512
2026-03-12,20.45,20.66,20.35,20.61,12956265.0,265814982.0,6209243340.0,0.0020866093162327246
2026-03-13,20.6,21.18,20.48,21.07,29205807.0,612375677.0,6209243340.0,0.004703601614685631
2026-03-16,21.0,21.49,20.95,21.15,18855183.0,399248820.0,6209243340.0,0.0030366313522510457
2026-03-17,21.16,21.45,21.14,21.14,19881908.0,423144682.0,6209243340.0,0.0032019856383982527
2026-03-18,21.15,21.18,20.95,21.07,14419080.0,303395490.0,6209243340.0,0.002322195992402514
2026-03-19,20.91,21.18,20.81,20.94,19911989.0,418017376.0,6209243340.0,0.0032068301900372936
2026-03-20,21.01,21.45,20.73,21.29,30321752.0,644145474.0,6209243340.0,0.004883324801375879
2026-03-23,21.14,21.5,20.72,20.83,25836451.0,543606894.0,6209243340.0,0.004160966092850856
2026-03-24,20.95,21.03,20.42,20.72,19109660.0,394009844.0,6209243340.0,0.0030776149288425213
2026-03-25,20.7,20.95,20.55,20.9,12899621.0,268710597.0,6209243340.0,0.0020774867876252375
2026-03-26,20.87,21.09,20.7,20.73,10546924.0,220299439.0,6209243340.0,0.0016985844204327801
2026-03-27,20.63,20.9,20.58,20.88,10633628.0,221111542.0,6209243365.0,0.0017125481117295522
2026-03-30,20.75,20.83,20.28,20.31,15610114.0,318762457.0,6209243365.0,0.002514012268868447
2026-03-31,20.3,20.92,20.25,20.63,14964926.0,309506333.0,6209243365.0,0.002410104600562713
2026-04-01,20.78,20.83,20.4,20.64,11659510.0,239755841.0,6209243365.0,0.0018777666318768938
2026-04-02,20.7,21.04,20.66,20.87,16708703.0,348466667.0,6209243365.0,0.0026909402672446224
2026-04-03,21.0,21.23,20.68,20.76,12746010.0,266339907.0,6209243365.0,0.002052747694162894
2026-04-07,20.91,20.92,20.55,20.71,9607708.0,198745742.0,6209243365.0,0.0015473234716739115
2026-04-08,20.81,21.02,20.8,21.01,14779402.0,309089015.0,6209243365.0,0.0023802259198452275
2026-04-09,20.88,20.94,20.66,20.7,10573091.0,219620164.0,6209243365.0,0.0017027986146585833
2026-04-10,20.76,21.35,20.71,21.27,22983210.0,485459902.0,6209243365.0,0.003701450989914614
2026-04-13,21.2,21.55,21.08,21.36,16761400.0,357999177.0,6209243365.0,0.0026994271306033757
2026-04-14,21.45,21.49,21.1,21.21,11826900.0,250923060.0,6209243365.0,0.0019047248279340072
2026-04-15,21.21,21.3,20.91,20.93,11586543.0,243266338.0,6209243365.0,0.001866015280591277
2026-04-16,21.04,21.2,20.84,20.94,14149792.0,296718043.0,6209243365.0,0.002278827091841648
2026-04-17,20.93,20.93,20.61,20.73,11436037.0,236735916.0,6209243365.0,0.0018417762564215422
2026-04-20,20.71,20.97,20.65,20.7,13976433.0,290089517.0,6209243365.0,0.002250907587030936
2026-04-21,20.66,20.73,20.52,20.66,8323394.0,171637861.0,6209243365.0,0.0013404844214863528
2026-04-22,20.7,20.75,20.43,20.45,15092539.0,310129618.0,6209243365.0,0.002430656702082734
2026-04-23,20.45,20.51,20.31,20.45,11203287.0,228783358.0,6209243365.0,0.0018042918180901418
2026-04-24,20.4,20.4,20.21,20.23,11581118.0,234786572.0,6209243365.0,0.001865141583156485
2026-04-27,20.05,20.35,19.76,20.22,16725299.0,336579168.0,6209243365.0,0.0026936130566691035
2026-04-28,20.15,20.2,19.95,20.01,11799491.0,236169722.0,6209243365.0,0.0019003106024980227
2026-04-29,20.0,20.1,19.9,19.95,16167951.0,323110510.0,6209243365.0,0.0026038520395471726
2026-04-30,19.95,20.0,19.87,19.89,10431437.0,207644415.0,6209243466.000001,0.0016799851796953195
2026-05-06,19.9,20.0,19.68,19.91,22889198.0,454264372.0,6209243466.000001,0.0036863102768210886
2026-05-07,19.92,19.96,19.78,19.85,13297910.0,263902877.0,6209243466.000001,0.002141631274859081
2026-05-08,19.87,19.92,19.78,19.8,13515381.0,267955109.0,6209243466.000001,0.0021766550263339277
2026-05-11,19.81,19.87,19.65,19.8,16358603.0,322532274.0,6209243466.000001,0.0026345565429307
2026-05-12,19.8,19.8,19.7,19.71,10297862.0,203152613.0,6209243466.000001,0.0016584728971231481
2026-05-13,19.69,19.7,19.44,19.54,15205042.0,296673730.0,6209243466.000001,0.002448775294970854
2026-05-14,19.53,19.55,19.11,19.15,16909303.0,325973955.0,6209243466.000001,0.0027232468967580982
2026-05-15,19.2,19.32,19.0,19.09,13493251.0,258373263.0,6209243466.000001,0.0021730909850588226
2026-05-18,19.05,19.06,18.36,18.44,25070406.0,466293984.0,6209243466.000001,0.004037594295871663
2026-05-19,18.48,18.85,18.42,18.45,18210988.0,337846290.0,6209243466.000001,0.0029328835468794287
2026-05-20,18.46,18.46,18.07,18.13,14444275.0,262620564.0,6209243466.000001,0.0023262536054662088
2026-05-21,18.13,18.24,17.76,17.83,23311262.0,420364182.0,6209243466.000001,0.0037542837750920294
2026-05-22,17.8,17.92,17.57,17.71,16984055.0,301125096.0,6209243466.000001,0.002735285722487725
2026-05-25,17.74,17.85,17.48,17.58,16365726.0,288706123.0,6209243466.000001,0.002635703703617667
2026-05-26,17.58,17.9,17.36,17.45,22114456.0,388195625.0,6209243466.000001,0.003561537910550985
2026-05-27,17.45,17.54,17.09,17.25,21337832.0,367868400.0,6209243491.0,0.003436462433938718
2026-05-28,17.2,17.23,16.71,16.87,22734211.0,384104476.0,6209243491.0,0.003661349572287211
2026-05-29,16.86,17.0,16.75,16.89,31728071.0,535466195.0,6209243491.0,0.0051098126601071955
2026-06-01,16.88,17.3,16.7,16.99,39606207.0,673109067.0,6209243491.0,0.006378588157705088
