date,open,high,low,close,volume,amount,outstanding_share,turnover
2015-01-05,16.56,18.19,16.55,18.19,202308064.0,5572489216.0,1479469854.0,0.1367436203265822
2015-01-06,18.41,18.41,17.53,17.69,145668128.0,4077940736.0,1479469854.0,0.09845967973335941
2015-01-07,17.63,18.37,17.45,17.76,94918608.0,2663349504.0,1479469854.0,0.06415717612857828
2015-01-08,17.77,17.85,17.06,17.18,70331632.0,1907737216.0,1479469854.0,0.04753840154961346
2015-01-09,17.2,17.53,16.81,16.84,63854408.0,1719419776.0,1479469854.0,0.04316033059231229
2015-01-12,16.68,17.1,16.55,16.87,48690640.0,1280157312.0,1479469854.0,0.032910869977077616
2015-01-13,16.81,17.06,16.68,16.93,33992888.0,897719040.0,1479469854.0,0.022976397868530007
2015-01-14,16.97,17.03,15.99,16.09,58310940.0,1499743360.0,1479469854.0,0.03941340193066212
2015-01-15,16.17,16.36,15.83,16.35,46574888.0,1172697472.0,1479469854.0,0.031480795552593935
2015-01-16,16.55,16.74,16.37,16.43,44550548.0,1151139200.0,1479469854.0,0.030112508125495065
2015-01-19,15.66,16.07,15.15,15.31,61051756.0,1492375808.0,1479469854.0,0.04126596823513242
2015-01-20,15.36,15.77,15.36,15.67,42329368.0,1034623360.0,1479469854.0,0.028611173039825927
2015-01-21,15.68,16.67,15.68,16.39,69952728.0,1776867840.0,1479469854.0,0.047282293593797015
2015-01-22,16.3,17.11,16.2,16.69,80716608.0,2118083712.0,1479469854.0,0.05455779161824003
2015-01-23,16.94,17.14,16.36,16.58,66399920.0,1739612160.0,1479469854.0,0.044880887447943905
2015-01-26,16.69,17.56,16.58,17.33,111088112.0,2989483008.0,1479469854.0,0.07508643160227582
2015-01-27,17.37,17.38,16.76,17.11,73868984.0,1969416704.0,1479469854.0,0.04992936071004256
2015-01-28,17.0,17.22,16.69,16.78,45191660.0,1195160576.0,1479469854.0,0.03054584713423975
2015-01-29,16.74,17.22,16.63,16.79,53555428.0,1419802368.0,1479469854.0,0.03619906675029825
2015-01-30,16.83,17.33,16.81,16.84,54473820.0,1451335936.0,1479469854.0,0.036819824244962274
2015-02-02,16.62,16.62,16.11,16.16,49794220.0,1271742976.0,1479469854.0,0.03365679933617627
2015-02-03,16.22,16.41,15.91,16.35,47160724.0,1189306112.0,1479469854.0,0.031876772529357666
2015-02-04,16.46,16.49,16.04,16.07,34986280.0,890076480.0,1479469854.0,0.023647849197743775
2015-02-05,16.3,16.36,15.77,15.79,42503336.0,1066524928.0,1479469854.0,0.02872876110661191
2015-02-06,15.8,15.93,15.34,15.43,35962860.0,873652480.0,1479469854.0,0.024307936997004873
2015-02-09,15.47,15.69,15.4,15.57,26122792.0,635151744.0,1479469854.0,0.017656859941669347
2015-02-10,15.59,15.75,15.55,15.74,21382862.0,524700992.0,1479469854.0,0.014453056912371531
2015-02-11,15.78,16.02,15.72,15.84,26084296.0,647555328.0,1479469854.0,0.01763083981027166
2015-02-12,15.84,15.84,15.53,15.6,26783880.0,655454848.0,1479469854.0,0.018103701084266906
2015-02-13,15.67,16.04,15.67,15.77,33304188.0,826386624.0,1479469854.0,0.02251089328380462
2015-02-16,15.79,15.93,15.73,15.89,27082258.0,671506496.0,1479469854.0,0.01830538008380399
2015-02-17,15.91,16.0,15.75,15.79,29986144.0,742671232.0,1479469854.0,0.020268168302941304
2015-02-25,15.75,15.75,15.48,15.55,25368024.0,618507328.0,1479469854.0,0.017146698820130202
2015-02-26,15.55,16.04,15.55,16.03,40389968.0,1001463360.0,1479469854.0,0.02730029807014912
2015-02-27,16.07,16.7,15.93,16.42,70413632.0,1797139200.0,1479469854.0,0.04759382680872117
2015-03-02,16.54,16.67,16.33,16.52,48922520.0,1263667456.0,1479469854.0,0.033067601795149525
2015-03-03,16.45,16.79,16.17,16.6,68843968.0,1774269696.0,1479469854.0,0.046532862980525454
2015-03-04,16.57,16.78,16.4,16.51,37706912.0,975771520.0,1479469854.0,0.025486772777460052
2015-03-05,16.49,16.49,16.12,16.25,37094964.0,943997632.0,1479469854.0,0.025073146235259487
2015-03-06,16.3,16.67,16.17,16.49,53060540.0,1366598656.0,1479469854.0,0.03586456314506291
2015-03-09,16.3,16.49,16.01,16.44,34636984.0,881425536.0,1479469854.0,0.023411753815971974
2015-03-10,16.48,16.62,16.36,16.4,35028732.0,903694080.0,1479469854.0,0.023676543259934513
2015-03-11,16.3,16.48,16.1,16.16,33556416.0,853247296.0,1479469854.0,0.022681378677148766
2015-03-12,16.23,16.48,16.14,16.39,37297312.0,950157632.0,1479469854.0,0.025209916849039088
2015-03-13,16.44,16.74,16.33,16.64,57350200.0,1488022912.0,1479469854.0,0.03876402066925792
2015-03-16,16.67,16.92,16.5,16.87,73897624.0,1935652864.0,1479469854.0,0.04994871899566262
2015-03-17,16.9,17.31,16.79,17.01,87190792.0,2324159232.0,1479469854.0,0.05893380778544745
2015-03-18,17.01,17.23,16.9,17.15,69709392.0,1863538304.0,1479469854.0,0.04711781846147708
2015-03-19,17.16,17.47,16.99,17.23,77986192.0,2103067776.0,1479469854.0,0.05271225485882729
2015-03-20,17.24,17.42,17.03,17.08,66783448.0,1794124160.0,1479469854.0,0.04514012084763979
2015-03-23,17.26,17.56,17.18,17.33,85475496.0,2322431232.0,1479469854.0,0.05777440869707643
2015-03-24,17.33,17.38,16.83,17.15,85831432.0,2296867328.0,1479469854.0,0.05801499217300037
2015-03-25,17.13,17.13,16.74,16.82,61603176.0,1626859904.0,1479469854.0,0.04163868282509797
2015-03-26,16.74,17.15,16.68,17.03,61899424.0,1644083072.0,1479469854.0,0.04183892211973384
2015-03-27,17.06,17.28,17.03,17.12,54239288.0,1455738112.0,1479469854.0,0.03666129989290069
2015-03-30,17.12,17.52,16.95,17.43,96948784.0,2617359360.0,1479469854.0,0.06552940821192292
2015-03-31,17.51,17.68,17.23,17.37,100241096.0,2739559936.0,1479469854.0,0.06775474047611112
2015-04-01,17.37,18.13,17.24,17.91,123277272.0,3427209216.0,1479469854.0,0.08332530174014617
2015-04-02,18.0,18.05,17.64,17.9,91091768.0,2539384832.0,1479469854.0,0.06157054687780073
2015-04-03,17.98,18.41,17.73,17.98,101059352.0,2856794368.0,1479469854.0,0.06830781426655551
2015-04-07,17.99,18.32,17.84,18.22,101986384.0,2886244608.0,1479469854.0,0.06893441169095968
2015-04-08,18.31,18.32,17.57,17.82,107067648.0,2992037888.0,1479469854.0,0.07236892844455349
2015-04-09,17.82,18.02,17.27,17.42,84500552.0,2319973120.0,1479469854.0,0.05711542669932631
2015-04-10,17.45,18.53,17.4,18.51,141768112.0,4004267008.0,1479469854.0,0.09582358952208836
2015-04-13,18.64,18.78,18.32,18.52,110606432.0,3203787520.0,1479469854.0,0.07476085551926359
2015-04-14,18.53,18.73,18.04,18.34,88587592.0,2550220800.0,1479469854.0,0.059877929760101756
2015-04-15,18.36,18.41,17.61,17.62,72503800.0,2032282240.0,1479469854.0,0.049006608552363246
2015-04-16,17.57,18.0,17.27,17.86,66990912.0,1855488000.0,1479469854.0,0.04528034945685348
2015-04-17,17.99,18.74,17.99,18.4,121561968.0,3507408640.0,1479469854.0,0.08216589724443281
2015-04-20,18.27,19.48,17.96,18.74,187194896.0,5551417856.0,1479469854.0,0.12652836115172375
2015-04-21,18.73,19.14,18.28,19.04,115417200.0,3393414400.0,1479469854.0,0.07801253921325253
2015-04-22,19.17,19.49,18.98,19.18,116177088.0,3495000320.0,1479469854.0,0.07852616103389694
2015-04-23,19.23,21.1,18.98,21.1,195095952.0,6217509888.0,1479469854.0,0.13186882549348652
2015-04-24,21.3,22.59,21.11,21.75,269929344.0,9147831296.0,1479469854.0,0.18245004673140167
2015-04-27,21.66,21.84,21.11,21.43,148407888.0,4975894016.0,1479469854.0,0.10031153226863924
2015-04-28,21.27,21.91,20.07,20.33,149445360.0,4915234304.0,1479469854.0,0.10101277805421238
2015-04-29,21.09,21.82,20.64,21.24,152802768.0,5126474752.0,1479469854.0,0.10328210986311857
2015-04-30,21.22,21.22,20.51,20.65,95932432.0,3111025920.0,1479469854.0,0.06484243781015898
2015-05-04,20.74,20.76,20.07,20.43,60812044.0,1940978688.0,1479469854.0,0.04110394262889793
2015-05-05,20.6,21.17,19.94,20.0,82048432.0,2646674688.0,1479469854.0,0.055457995158311624
2015-05-06,20.26,20.57,19.49,19.81,68169296.0,2147243520.0,1479469854.0,0.04607684017061425
2015-05-07,19.77,20.23,19.65,19.98,54222408.0,1690946304.0,1479469854.0,0.03664989040053803
2015-05-08,20.32,20.44,19.72,20.27,56955264.0,1786276480.0,1479469854.0,0.03849707639936812
2015-05-11,20.48,21.34,20.32,21.15,74482536.0,1625858176.0,1479469854.0,0.0503440714243847
2015-05-12,20.7,20.91,20.49,20.84,134773632.0,2896153344.0,2219204781.0,0.06073059735355716
2015-05-13,20.69,22.3,20.4,21.52,184646656.0,4080088576.0,2219204781.0,0.08320397359490007
2015-05-14,21.17,23.68,21.1,23.68,285321920.0,6654034944.0,2219204781.0,0.1285694418301634
2015-05-15,25.02,25.75,23.26,23.36,413676128.0,10625180672.0,2219204781.0,0.18640737057784845
2015-05-18,22.53,23.08,22.14,22.22,185288624.0,4326860800.0,2219204781.0,0.08349325199115097
2015-05-19,22.22,23.03,22.14,22.75,127338304.0,2989890816.0,2219204781.0,0.0573801503539569
2015-05-20,22.85,23.44,22.33,22.77,153291136.0,3639012608.0,2219204781.0,0.06907480432289137
2015-05-21,22.71,22.72,22.36,22.66,119840264.0,2804701440.0,2219204781.0,0.054001444583225235
2015-05-22,22.82,23.94,22.6,23.46,182449520.0,4418183168.0,2219204781.0,0.08221391804941322
2015-05-25,23.24,24.22,23.1,23.92,181486352.0,4474580992.0,2219204781.0,0.08177990312287453
2015-05-26,23.98,24.47,23.39,24.17,195005680.0,4855318528.0,2219204781.0,0.0878718726949246
2015-05-27,24.11,25.5,23.77,25.14,247830496.0,6320910848.0,2219204781.0,0.11167536142758518
2015-05-28,24.97,25.14,22.63,22.63,238501872.0,5950844928.0,2219204781.0,0.10747177279084999
2015-05-29,22.47,23.0,20.69,21.95,179072752.0,4092463104.0,2219204781.0,0.0806923063311479
2015-06-01,22.15,23.04,21.75,22.96,138640752.0,3252339456.0,2219204781.0,0.06247316749990365
2015-06-02,22.99,23.39,22.58,23.2,149926752.0,3575215360.0,2219204781.0,0.0675587729819333
2015-06-03,23.22,23.76,22.31,23.49,183422752.0,4410676736.0,2219204781.0,0.08265246793373775
2015-06-04,23.47,23.48,21.37,23.09,140654880.0,3315202304.0,2219204781.0,0.06338075746962804
2015-06-05,23.21,24.62,23.19,24.05,260032736.0,6488861184.0,2219204781.0,0.11717383552266239
2015-06-08,24.08,24.52,23.26,24.48,214495040.0,5348752384.0,2219204781.0,0.09665400950666031
2015-06-09,24.49,25.5,24.06,24.95,271536576.0,7004783104.0,2219204781.0,0.12235760229285483
2015-06-10,24.07,24.72,24.06,24.2,170657200.0,4324409344.0,2219204781.0,0.07690015876907937
2015-06-11,24.2,25.02,24.06,24.37,162999632.0,4151080448.0,2219204781.0,0.07344956778912058
2015-06-12,24.46,24.88,23.82,24.58,211648176.0,5372151296.0,2219204781.0,0.09537117881686827
2015-06-15,24.88,25.01,23.96,24.14,164316528.0,4169248768.0,2219204781.0,0.07404297674861579
2015-06-16,23.75,23.76,22.31,22.66,141251312.0,3401013504.0,2219204781.0,0.06364951680410065
2015-06-17,22.61,23.04,21.73,22.9,115071424.0,2692127744.0,2219204781.0,0.05185254870807707
2015-06-18,22.81,22.98,21.34,21.54,108087568.0,2505035520.0,2219204781.0,0.0487055403473376
2015-06-19,21.33,21.93,19.68,19.84,109962128.0,2409157120.0,2219204781.0,0.04955023932061365
2015-06-23,19.88,20.21,18.25,20.2,103178192.0,2104043136.0,2219204781.0,0.046493317283458034
2015-06-24,20.4,20.76,20.1,20.69,113162912.0,2406330112.0,2219204781.0,0.05099255056083984
2015-06-25,20.65,20.69,19.08,19.27,108560320.0,2266859520.0,2219204781.0,0.04891856800663589
2015-06-26,18.96,18.96,17.34,17.34,125237856.0,2352095232.0,2219204781.0,0.05643366356824733
2015-06-29,17.9,17.98,15.61,16.16,150732528.0,2638430464.0,2219204781.0,0.06792186520618351
2015-06-30,16.26,17.64,15.12,17.46,157726128.0,2705285888.0,2219204781.0,0.07107326432891278
2015-07-01,17.29,17.8,16.16,16.41,125095992.0,2231306496.0,2219204781.0,0.05636973796696232
2015-07-02,16.75,16.84,15.01,15.24,119020856.0,1979387008.0,2219204781.0,0.053632209618063184
2015-07-03,15.01,15.58,13.72,13.92,127897560.0,1924463488.0,2219204781.0,0.057632157741823106
2015-07-06,15.31,15.31,13.86,14.6,159230256.0,2405198848.0,2219204781.0,0.07175104224867836
2015-07-07,14.32,14.98,13.36,13.88,169283360.0,2480342784.0,2219204781.0,0.0762810901676766
2015-07-08,12.49,13.47,12.49,12.51,190430320.0,2529025280.0,2219204781.0,0.08581016120296471
2015-07-09,12.51,13.76,12.05,13.76,140878464.0,1930667904.0,2219204781.0,0.06348150707232998
2015-07-10,14.24,15.14,13.91,15.14,129319664.0,2007189120.0,2219204781.0,0.0582729746741655
2015-07-13,15.4,16.65,15.3,16.65,193672432.0,3223815936.0,2219204781.0,0.0872710953302511
2015-07-14,15.94,17.03,15.48,15.72,162850208.0,2744900096.0,2219204781.0,0.07338223556215383
2015-07-15,15.3,15.48,14.15,14.81,115548800.0,1764480640.0,2219204781.0,0.05206765999662832
2015-07-16,14.81,15.46,14.05,15.03,80476184.0,1250585984.0,2219204781.0,0.036263523172357474
2015-07-17,15.14,16.15,15.03,15.79,94112544.0,1519799680.0,2219204781.0,0.04240822875191886
2015-07-20,15.68,16.06,15.3,15.66,95315280.0,1555034496.0,2219204781.0,0.04295019586117231
2015-07-21,15.39,16.02,15.19,15.79,82946464.0,1346146176.0,2219204781.0,0.03737666064445992
2015-07-22,15.61,15.96,15.24,15.59,77960128.0,1266692736.0,2219204781.0,0.035129758491629706
2015-07-23,15.58,16.52,15.41,16.25,121528800.0,2014878720.0,2219204781.0,0.054762318935361015
2015-07-24,16.17,17.21,15.86,16.3,184555168.0,3173637888.0,2219204781.0,0.08316274801680863
2015-07-27,15.69,16.09,14.68,14.68,103677896.0,1669740928.0,2219204781.0,0.04671848983367885
2015-07-28,14.01,14.38,13.21,13.59,107879016.0,1535248512.0,2219204781.0,0.048611564342155224
2015-07-29,13.86,14.38,13.53,14.3,70113568.0,1010178368.0,2219204781.0,0.03159400547452227
2015-07-30,14.24,14.53,13.57,13.72,71328112.0,1055193664.0,2219204781.0,0.03214129340865006
2015-07-31,13.46,13.81,13.44,13.64,51829092.0,732564032.0,2219204781.0,0.023354803686321007
2015-08-03,13.5,13.67,13.05,13.63,55258936.0,767402752.0,2219204781.0,0.024900332079809087
2015-08-04,13.71,14.51,13.67,14.5,58167824.0,852963904.0,2219204781.0,0.02621111151977101
2015-08-05,14.43,14.63,14.08,14.17,55476240.0,826523904.0,2219204781.0,0.0249982518400135
2015-08-06,13.84,14.87,13.7,14.52,72035304.0,1085277696.0,2219204781.0,0.032459962513031376
2015-08-07,14.72,15.6,14.46,15.12,95747312.0,1491429120.0,2219204781.0,0.043144874605422906
2015-08-10,15.28,16.38,15.02,16.18,137428624.0,2250928640.0,2219204781.0,0.06192696824403606
2015-08-11,16.48,16.83,15.88,16.17,172811472.0,2960192768.0,2219204781.0,0.07787089928768498
2015-08-12,15.94,16.45,15.78,15.87,88349168.0,1480171136.0,2219204781.0,0.03981118315732396
2015-08-13,15.7,17.46,15.7,17.46,161409872.0,2793585408.0,2219204781.0,0.07273320307433134
2015-08-14,17.8,18.0,17.03,17.06,195766656.0,3564950784.0,2219204781.0,0.08821477750772744
2015-08-17,17.16,18.05,16.94,17.6,127316144.0,2319652864.0,2219204781.0,0.05737016479508026
2015-08-18,17.71,17.9,15.84,15.84,139022016.0,2416836864.0,2219204781.0,0.0626449695811105
2015-08-19,15.25,16.17,14.34,15.89,103963864.0,1650814464.0,2219204781.0,0.046847350406821246
2015-08-20,15.49,16.22,15.22,15.29,73551192.0,1195817472.0,2219204781.0,0.03314303962830188
2015-08-21,15.11,15.76,14.4,14.91,75050904.0,1181794304.0,2219204781.0,0.033818827646081934
2015-08-24,14.1,14.44,13.42,13.42,71511560.0,1011361408.0,2219204781.0,0.032223957253632106
2015-08-25,12.14,12.7,12.08,12.08,60056496.0,760538176.0,2219204781.0,0.027062169527652977
2015-08-26,12.17,12.51,11.12,11.2,81277808.0,1005889792.0,2219204781.0,0.03662474445615391
2015-08-27,11.6,11.91,11.07,11.85,62422140.0,747900224.0,2219204781.0,0.02812815677689368
2015-08-28,12.11,12.99,11.93,12.89,81273016.0,1043293824.0,2219204781.0,0.03662258512410802
2015-08-31,12.7,12.83,12.13,12.78,65845344.0,850252608.0,2219204781.0,0.02967069310761367
2015-09-01,12.56,12.61,11.82,12.58,73027600.0,935463936.0,2219204781.0,0.03290710286190574
2015-09-02,12.03,12.95,11.94,12.66,85085800.0,1106796800.0,2219204781.0,0.03834067082428478
2015-09-07,12.68,13.34,12.4,12.48,42513280.0,569386944.0,2219204781.0,0.019156988288770275
2015-09-08,12.61,13.02,12.22,12.94,39240316.0,513747552.0,2219204781.0,0.017682151884296973
2015-09-09,13.07,13.4,12.87,13.35,58940020.0,808462912.0,2219204781.0,0.026559072197672954
2015-09-10,13.12,13.22,12.76,12.93,37609232.0,509115712.0,2219204781.0,0.016947166084894983
2015-09-11,12.83,13.07,12.71,12.89,24445638.0,327634912.0,2219204781.0,0.011015494473197964
2015-09-14,13.02,13.14,11.65,12.97,76533872.0,994778560.0,2219204781.0,0.03448707061883353
2015-09-15,12.5,12.66,11.67,12.35,40008212.0,507752128.0,2219204781.0,0.018028174931189463
2015-09-16,12.14,13.53,12.14,13.24,43555976.0,581165120.0,2219204781.0,0.019626839475522923
2015-09-17,12.99,13.45,12.61,12.64,48153584.0,657171008.0,2219204781.0,0.021698576180203353
2015-09-18,12.76,12.86,12.47,12.57,25953228.0,341033600.0,2219204781.0,0.011694832411232085
2015-09-21,12.5,12.93,12.35,12.86,28426240.0,373899040.0,2219204781.0,0.012809200954943329
2015-09-22,12.86,13.33,12.79,13.02,41364364.0,560002816.0,2219204781.0,0.01863927310996542
2015-09-23,12.77,12.89,12.55,12.58,28289312.0,373075040.0,2219204781.0,0.012747499573812427
2015-09-24,12.65,12.78,12.54,12.69,20226730.0,266048704.0,2219204781.0,0.009114404480908516
2015-09-25,12.66,12.97,12.32,12.53,30591060.0,401549120.0,2219204781.0,0.013784694527476327
2015-09-28,12.58,12.58,12.17,12.5,16236686.0,209417696.0,2219204781.0,0.007316443321955875
2015-09-29,12.32,12.32,12.06,12.08,17304544.0,219148496.0,2219204781.0,0.007797632804396883
2015-09-30,12.16,12.3,12.08,12.17,13868578.0,175925568.0,2219204781.0,0.00624934576508557
2015-10-08,12.6,12.69,12.44,12.66,26351108.0,345159840.0,2219204781.0,0.011874121859148969
2015-10-09,12.6,13.22,12.53,13.03,48554348.0,653915136.0,2219204781.0,0.021879165192732163
2015-10-12,13.05,13.84,13.05,13.7,71122072.0,995828544.0,2219204781.0,0.0320484493404667
2015-10-13,13.9,14.06,13.5,13.7,57436848.0,820933248.0,2219204781.0,0.025881725062848086
2015-10-14,13.57,14.91,13.53,14.14,96940648.0,1443839488.0,2219204781.0,0.04368260596316731
2015-10-15,14.04,14.41,13.73,14.34,73357376.0,1072952704.0,2219204781.0,0.03305570383952773
2015-10-16,14.44,14.62,14.09,14.42,76904944.0,1147377152.0,2219204781.0,0.03465428006393611
2015-10-19,14.42,14.61,14.01,14.11,67175552.0,997275776.0,2219204781.0,0.030270100612224664
2015-10-20,14.06,14.06,13.49,13.97,78200168.0,1119100800.0,2219204781.0,0.03523792336314366
2015-10-21,13.96,14.31,12.83,13.71,99950248.0,1425730944.0,2219204781.0,0.04503876742504188
2015-10-22,13.47,15.09,13.37,15.04,159816608.0,2409122816.0,2219204781.0,0.07201525941557531
2015-10-23,15.11,15.28,14.44,15.02,144701728.0,2238049024.0,2219204781.0,0.06520431518482746
2015-10-26,15.05,15.11,14.45,14.65,92224720.0,1410207744.0,2219204781.0,0.04155755286289643
2015-10-27,14.65,14.79,13.84,14.62,65739740.0,979254080.0,2219204781.0,0.029623106692468863
2015-10-28,14.44,14.62,14.06,14.17,48595260.0,725665152.0,2219204781.0,0.021897600625257484
2015-10-29,14.34,14.52,14.2,14.24,40271752.0,600664064.0,2219204781.0,0.01814692918147602
2015-10-30,14.12,14.32,13.87,14.07,34648624.0,508396192.0,2219204781.0,0.015613080999396062
2015-11-02,13.85,14.8,13.76,14.17,52527840.0,784415808.0,2219204781.0,0.02366966782413398
2015-11-03,14.12,14.45,14.05,14.21,36876912.0,546072000.0,2219204781.0,0.016617174005628642
2015-11-04,14.34,14.96,14.26,14.9,90120928.0,1379746176.0,2219204781.0,0.040609559231118114
2015-11-05,14.73,15.35,14.65,14.85,163606688.0,2553480192.0,2219204781.0,0.07372311442402214
2015-11-06,14.74,15.57,14.72,15.28,138947712.0,2200280320.0,2219204781.0,0.0626114873172671
2015-11-09,15.01,15.71,14.82,15.18,141368000.0,2237522688.0,2219204781.0,0.06370209780113123
2015-11-10,15.16,15.9,14.93,15.61,165013872.0,2630481664.0,2219204781.0,0.07435720822737359
2015-11-11,15.61,16.18,15.41,15.48,148951712.0,2434851328.0,2219204781.0,0.06711940839136107
2015-11-12,15.73,17.03,15.22,16.32,254082944.0,4351504384.0,2219204781.0,0.11449278866707704
2015-11-13,16.03,16.03,15.17,15.35,142355392.0,2303470592.0,2219204781.0,0.06414702834943109
2015-11-16,14.82,15.38,14.72,15.24,73895440.0,1158751872.0,2219204781.0,0.033298161860800354
2015-11-17,15.37,15.74,15.12,15.23,117753176.0,1877004032.0,2219204781.0,0.053060977972000864
2015-11-18,15.27,15.27,14.54,14.67,69432336.0,1076732544.0,2219204781.0,0.03128703425409572
2015-11-19,14.74,14.89,14.44,14.83,58005144.0,886558208.0,2219204781.0,0.026137805981952776
2015-11-20,14.84,15.14,14.72,14.98,73241016.0,1135580288.0,2219204781.0,0.03300327064318811
2015-11-23,15.01,15.08,14.49,14.57,61369888.0,941273664.0,2219204781.0,0.027653999543181408
2015-11-24,14.6,14.71,14.25,14.53,40509160.0,607911296.0,2219204781.0,0.018253908042567435
2015-11-25,14.55,14.85,14.54,14.76,48608876.0,743765376.0,2219204781.0,0.021903736156379524
2015-11-26,14.85,15.38,14.73,14.99,92487760.0,1447052928.0,2219204781.0,0.04167608180725166
2015-11-27,14.92,14.92,13.54,13.62,83828640.0,1243053568.0,2219204781.0,0.037774179615017695
2015-11-30,13.72,13.8,12.7,13.36,61420288.0,847485568.0,2219204781.0,0.02767671038105969
2015-12-01,13.35,13.62,13.17,13.44,38550320.0,538179981.0,2219204781.0,0.017371231501506035
2015-12-02,13.45,13.82,13.23,13.79,45194708.0,634451008.0,2219204781.0,0.020365271554450566
2015-12-03,13.7,13.95,13.59,13.85,39116559.0,560761065.0,2219204781.0,0.01762638551200922
2015-12-04,13.74,13.83,13.38,13.48,38298564.0,541345472.0,2219204781.0,0.017257787261409113
2015-12-07,13.55,13.72,13.38,13.58,34452329.0,485209199.0,2219204781.0,0.015524628143814367
2015-12-08,13.47,13.56,13.02,13.18,40001024.0,552777216.0,2219204781.0,0.01802493593312063
2015-12-09,13.26,13.39,12.93,13.0,34512646.0,470605186.0,2219204781.0,0.015551807699534691
2015-12-10,13.01,13.11,12.86,13.07,28281756.0,382354944.0,2219204781.0,0.012744094750578135
2015-12-11,13.01,13.44,12.9,13.24,41876640.0,573919680.0,2219204781.0,0.018870110752523653
2015-12-14,12.98,13.82,12.93,13.74,60515356.0,852212480.0,2219204781.0,0.027268937286955133
2015-12-15,13.68,13.78,13.56,13.58,33657424.0,476778624.0,2219204781.0,0.015166434521123177
2015-12-16,13.62,13.9,13.55,13.67,37244936.0,530906368.0,2219204781.0,0.016783009985773818
2015-12-17,13.73,14.06,13.7,13.83,47303080.0,679912576.0,2219204781.0,0.021315328988559888
2015-12-18,13.78,13.83,13.47,13.61,40209292.0,569382784.0,2219204781.0,0.018118783964534004
2015-12-21,13.63,14.05,13.59,13.99,55416108.0,798119872.0,2219204781.0,0.024971155647487767
2015-12-22,14.09,14.76,14.03,14.48,101560010.0,1512920580.0,2219204781.0,0.04576414527830814
2015-12-23,14.34,14.38,13.99,14.04,51349488.0,757561152.0,2219204781.0,0.023138688434539742
2015-12-24,14.06,14.36,13.89,14.26,49541556.0,730544896.0,2219204781.0,0.022324012828449293
2015-12-25,14.28,14.38,14.02,14.11,29104698.0,427224102.0,2219204781.0,0.013114922178062845
2015-12-28,14.15,14.21,13.47,13.48,44834709.0,642176345.0,2219204781.0,0.02020305173450327
2015-12-29,13.47,13.63,13.38,13.59,27445648.0,384965211.0,2219204781.0,0.012367334567309585
2015-12-30,13.64,13.73,13.44,13.63,29944669.0,422901003.0,2219204781.0,0.013493423074956866
2015-12-31,13.62,13.7,13.45,13.49,24676926.0,348655930.0,2219204781.0,0.011119715589689872
2016-01-04,13.55,13.58,12.16,12.18,33810031.0,455642979.0,2219204781.0,0.015235201045648792
2016-01-05,11.75,12.57,11.63,12.36,46693828.0,591201241.0,2219204781.0,0.02104079281000792
2016-01-06,12.37,13.29,12.23,13.08,52595229.0,701363469.0,2219204781.0,0.023700034106947068
2016-01-07,12.88,12.9,11.84,11.89,14610372.0,187748849.0,2219204781.0,0.006583606941138795
2016-01-08,12.3,12.75,11.45,12.42,51803195.0,665222996.0,2219204781.0,0.02334313419091359
2016-01-11,12.14,12.8,12.03,12.22,53155821.0,687643466.0,2219204781.0,0.02395264351226179
2016-01-12,12.37,12.46,11.94,12.12,38059459.0,481142426.0,2219204781.0,0.017150043711986758
2016-01-13,12.15,12.39,11.91,11.99,37210613.0,469188498.0,2219204781.0,0.01676754363481159
2016-01-14,11.56,12.39,11.56,12.37,38337245.0,480965078.0,2219204781.0,0.01727521737886883
2016-01-15,12.2,12.4,11.65,11.77,32127982.0,401094932.0,2219204781.0,0.014477249812666116
2016-01-18,11.55,11.96,11.45,11.78,22745447.0,277608897.0,2219204781.0,0.010249368239802832
2016-01-19,11.8,12.11,11.71,12.09,32004746.0,397752522.0,2219204781.0,0.014421718209158815
2016-01-20,12.01,12.48,11.91,12.03,42016192.0,530820305.0,2219204781.0,0.018932994539182187
2016-01-21,11.8,12.07,11.55,11.56,31253918.0,383302895.0,2219204781.0,0.01408338620553828
2016-01-22,11.7,11.81,11.43,11.7,20808538.0,251744265.0,2219204781.0,0.009376574067501524
2016-01-25,11.75,12.08,11.7,11.97,22248952.0,274921514.0,2219204781.0,0.010025641703049305
2016-01-26,11.88,12.26,11.08,11.26,50381433.0,621307524.0,2219204781.0,0.02270247136782822
2016-01-27,11.4,11.83,11.08,11.65,51163755.0,611379999.0,2219204781.0,0.023054994941451506
2016-01-28,11.54,11.54,10.69,10.72,39224486.0,452001728.0,2219204781.0,0.017675018698510996
2016-01-29,10.68,11.19,10.61,11.03,33707270.0,382757046.0,2219204781.0,0.015188895720029544
2016-02-01,11.05,11.24,10.61,10.74,25928635.0,294576226.0,2219204781.0,0.01168375051369358
2016-02-02,10.63,11.1,10.63,11.0,23909567.0,271982299.0,2219204781.0,0.010773934521367634
2016-02-03,10.84,10.95,10.7,10.88,19538725.0,219455175.0,2219204781.0,0.008804381266336142
2016-02-04,11.0,11.48,11.0,11.23,39196731.0,458683810.0,2219204781.0,0.01766251196626275
2016-02-05,11.26,11.38,10.88,10.96,24644290.0,285388044.0,2219204781.0,0.011105009420939959
2016-02-15,10.63,11.4,10.59,11.27,30842637.0,354855401.0,2219204781.0,0.01389805810804983
2016-02-16,11.25,11.67,11.2,11.53,39624736.0,472426718.0,2219204781.0,0.017855376096542395
2016-02-17,11.5,11.62,11.3,11.54,38178115.0,454442752.0,2219204781.0,0.01720351151316306
2016-02-18,11.64,11.78,11.45,11.47,45497779.0,548778959.0,2219204781.0,0.02050183894228011
2016-02-19,11.5,11.51,11.28,11.38,24509809.0,289811638.0,2219204781.0,0.011044410687036998
2016-02-22,11.55,12.27,11.55,12.07,81100681.0,1010684564.0,2219204781.0,0.036544928928755764
2016-02-23,11.93,12.31,11.88,11.99,59074129.0,740714057.0,2219204781.0,0.026619503303963007
2016-02-24,11.93,12.0,11.75,11.99,36387763.0,449389999.0,2219204781.0,0.016396757663618245
2016-02-25,11.98,12.01,10.79,10.88,57694348.0,681071182.0,2219204781.0,0.025997757617484154
2016-02-26,10.89,11.36,10.84,11.16,44226740.0,509088705.0,2219204781.0,0.019929093690971098
2016-02-29,11.07,11.12,10.41,10.71,38712448.0,428465874.0,2219204781.0,0.017444288301576075
2016-03-01,10.76,11.1,10.7,11.03,33692148.0,382845365.0,2219204781.0,0.015182081567442333
2016-03-02,11.05,12.14,10.94,12.14,90271168.0,1096384967.0,2219204781.0,0.0406772591573648
2016-03-03,12.21,12.65,11.91,11.96,105530358.0,1345301969.0,2219204781.0,0.04755323118601374
2016-03-04,12.12,12.59,11.76,12.24,93448980.0,1189210261.0,2219204781.0,0.04210921894188187
2016-03-07,12.68,13.14,12.33,12.99,119973488.0,1578115634.0,2219204781.0,0.05406147689801683
2016-03-08,12.9,12.94,12.37,12.62,101194362.0,1324037767.0,2219204781.0,0.045599379951948654
2016-03-09,12.03,12.18,11.72,11.77,66203907.0,821706642.0,2219204781.0,0.02983226584892618
2016-03-10,11.88,12.06,11.55,11.61,41657466.0,510898373.0,2219204781.0,0.018771348348136062
2016-03-11,11.45,11.68,11.35,11.47,30992017.0,370168114.0,2219204781.0,0.013965370508094628
2016-03-14,11.62,11.96,11.56,11.79,37835430.0,464066247.0,2219204781.0,0.01704909358700593
2016-03-15,11.7,12.25,11.41,12.19,71547993.0,879173827.0,2219204781.0,0.032240374395624556
2016-03-16,11.98,12.45,11.89,11.9,49702399.0,626875739.0,2219204781.0,0.02239649059227581
2016-03-17,12.01,12.29,11.79,12.14,40707431.0,511463521.0,2219204781.0,0.018343251307189754
2016-03-18,12.27,12.8,12.11,12.35,112305876.0,1448959904.0,2219204781.0,0.05060635997250945
2016-03-21,12.31,12.78,12.25,12.65,96494162.0,1255167113.0,2219204781.0,0.043481414075053765
2016-03-22,12.5,12.57,12.33,12.39,52056577.0,672555213.0,2219204781.0,0.023457311125899202
2016-03-23,12.32,12.88,12.32,12.71,91542117.0,1206364026.0,2219204781.0,0.04124996385360617
2016-03-24,12.51,12.51,12.15,12.16,66019473.0,845056055.0,2219204781.0,0.029749157700647545
2016-03-25,12.13,12.28,12.0,12.18,32620887.0,410788367.0,2219204781.0,0.01469935865283268
2016-03-28,12.21,12.37,12.05,12.12,40076357.0,510136401.0,2219204781.0,0.01805888187657072
2016-03-29,12.11,12.37,11.89,11.98,42335350.0,533687422.0,2219204781.0,0.01907681092004641
2016-03-30,12.12,12.29,12.01,12.27,38337141.0,485386605.0,2219204781.0,0.017275170515235114
2016-03-31,12.25,12.33,12.15,12.2,33997381.0,431511143.0,2219204781.0,0.015319623178118955
2016-04-01,12.18,12.59,12.14,12.49,71690044.0,923216773.0,2219204781.0,0.03230438426132789
2016-04-05,12.49,12.73,12.26,12.62,68663358.0,893574515.0,2219204781.0,0.030940523645167833
2016-04-06,12.52,12.62,12.34,12.46,39642575.0,513960109.0,2219204781.0,0.017863414561560462
2016-04-07,12.48,12.56,12.22,12.23,34926027.0,447050753.0,2219204781.0,0.015738082081934737
2016-04-08,12.12,12.21,11.89,12.06,28938662.0,362344844.0,2219204781.0,0.01304010438683351
2016-04-11,12.14,12.62,12.14,12.47,59983377.0,778028956.0,2219204781.0,0.027029221238866825
2016-04-12,12.45,12.61,12.29,12.42,43755624.0,565272802.0,2219204781.0,0.01971680323268013
2016-04-13,12.61,13.62,12.61,12.96,156400811.0,2129327865.0,2219204781.0,0.07047606076692207
2016-04-14,12.98,13.09,12.69,12.9,77212579.0,1033547733.0,2219204781.0,0.03479290404430685
2016-04-15,12.9,13.28,12.79,13.09,84711185.0,1152676885.0,2219204781.0,0.03817186486135278
2016-04-18,12.97,12.97,12.6,12.68,52744802.0,697571601.0,2219204781.0,0.02376743347508136
2016-04-19,12.94,13.58,12.92,13.13,99480707.0,1369932965.0,2219204781.0,0.04482718668043461
2016-04-20,13.24,13.96,13.0,13.78,243425817.0,3427036579.0,2219204781.0,0.1096905608189567
2016-04-21,13.47,14.72,13.36,14.03,278489190.0,4066395526.0,2219204781.0,0.12549053263778093
2016-04-22,13.54,13.7,13.16,13.38,118373039.0,1645795380.0,2219204781.0,0.05334029559302756
2016-04-25,13.19,13.44,12.98,13.22,72700106.0,997902348.0,2219204781.0,0.032759530180554344
2016-04-26,13.11,13.3,12.83,13.21,76885057.0,1041740522.0,2219204781.0,0.03464531874582331
2016-04-27,13.28,13.29,12.81,12.87,64371913.0,871772277.0,2219204781.0,0.0290067476201963
2016-04-28,12.9,13.07,12.64,12.78,53641984.0,714452412.0,2219204781.0,0.024171714327250272
2016-04-29,12.77,13.07,12.75,12.93,49374145.0,662852061.0,2219204781.0,0.022248575445908792
2016-05-03,12.92,13.45,12.8,13.35,73401329.0,1006626952.0,2219204781.0,0.03307550958272742
2016-05-04,13.2,13.36,13.08,13.18,53627299.0,734804670.0,2219204781.0,0.024165097092047044
2016-05-05,13.2,13.38,13.13,13.35,52915826.0,730059227.0,2219204781.0,0.023844498918281665
2016-05-06,13.41,13.73,12.84,12.88,90973420.0,1260841125.0,2219204781.0,0.04099370223914455
2016-05-09,12.7,12.71,11.64,11.8,88264045.0,1109277565.0,2219204781.0,0.03977282572373838
2016-05-10,11.7,11.76,11.28,11.62,49626714.0,595216336.0,2219204781.0,0.02236238603345006
2016-05-11,11.72,11.91,11.63,11.67,46788146.0,572254403.0,2219204781.0,0.021083293619670693
2016-05-12,11.65,12.17,11.4,12.13,62847946.0,776282745.0,2219204781.0,0.028320030011687328
2016-05-13,12.0,12.22,11.79,11.9,48503069.0,603535843.0,2219204781.0,0.021856058267026596
2016-05-16,11.82,12.59,11.73,12.39,76566319.0,973449471.0,2219204781.0,0.0345016916219414
2016-05-17,12.32,13.23,12.28,12.7,143090183.0,1912472612.0,2219204781.0,0.06447813389061006
2016-05-18,12.4,12.54,11.97,12.25,71199803.0,909127790.0,2219204781.0,0.03208347585116346
2016-05-19,12.21,13.17,12.17,13.14,127287708.0,1691428941.0,2219204781.0,0.05735735119615354
2016-05-20,12.85,13.45,12.83,13.09,115943477.0,1581857400.0,2219204781.0,0.052245506134749084
2016-05-23,12.94,13.21,12.77,13.11,76496784.0,1030318788.0,2219204781.0,0.03447035832607104
2016-05-24,12.96,13.12,12.54,12.75,61371203.0,818972794.0,2219204781.0,0.027654592097780813
2016-05-25,12.9,13.04,12.19,12.36,68013632.0,891255887.0,3633066000.0,0.01872072569009206
2016-05-26,12.22,13.11,11.98,13.05,95338846.0,1245560365.0,3633066000.0,0.026241980189735063
2016-05-27,12.99,13.28,12.8,12.87,81735599.0,1104958188.0,3633066000.0,0.022497691756769626
2016-05-30,12.7,13.52,12.46,13.16,106938273.0,1453968145.0,3633066000.0,0.029434717948972025
2016-05-31,13.18,14.47,13.17,14.47,225658284.0,3253647137.0,3633066000.0,0.06211235468884958
2016-06-01,14.56,14.91,14.3,14.36,235144260.0,3560057139.0,3633066000.0,0.06472336588435222
2016-06-02,14.21,14.58,14.13,14.5,122515675.0,1829489703.0,3633066000.0,0.03372239177598205
2016-06-03,14.49,14.62,14.22,14.36,108849786.0,1628499998.0,3633066000.0,0.02996086115694017
2016-06-06,14.36,14.46,14.01,14.24,74285355.0,1099210714.0,3633066000.0,0.02044701500055325
2016-06-07,14.24,14.44,14.04,14.15,90210229.0,1332983251.0,3633066000.0,0.024830330360087045
2016-06-08,13.96,14.0,13.42,13.53,114000112.0,1614391561.0,3633066000.0,0.03137848638037404
2016-06-13,13.28,13.58,12.99,13.01,82589801.0,1143919509.0,3633066000.0,0.022732810524223893
2016-06-14,13.03,13.27,12.95,13.19,56295772.0,767934401.0,3633066000.0,0.015495389293781065
2016-06-15,12.99,13.76,12.94,13.59,86918757.0,1219734949.0,3633066000.0,0.023924353975402594
2016-06-16,13.52,13.82,13.28,13.39,83608450.0,1176722758.0,3633066000.0,0.02301319326431174
2016-06-17,13.37,13.83,13.33,13.48,83429778.0,1175019285.0,3633066000.0,0.02296401386597436
2016-06-20,13.45,13.5,13.09,13.27,50864755.0,699827206.0,3633066000.0,0.01400050398203611
2016-06-21,13.34,13.47,12.93,13.22,63940375.0,879041549.0,3633066000.0,0.0175995632889686
2016-06-22,13.12,13.46,13.05,13.41,48831951.0,673230310.0,3633066000.0,0.013440975473608242
2016-06-23,13.31,13.38,12.86,12.95,64389938.0,870760185.0,3633066000.0,0.017723305329438
2016-06-24,12.92,13.05,12.28,12.64,56762073.0,747417838.0,3633066000.0,0.015623738462224469
2016-06-27,12.64,12.88,12.57,12.86,39078362.0,517387039.0,3633066000.0,0.010756303904195519
2016-06-28,12.78,12.92,12.68,12.91,46050961.0,610397914.0,3633066000.0,0.012675509060391416
2016-06-29,12.83,13.26,12.79,13.09,80090649.0,1081873702.0,3633066000.0,0.022044919910620946
2016-06-30,13.02,13.07,12.76,12.84,45812654.0,611606060.0,3633066000.0,0.012609915151555188
2016-07-01,12.88,12.93,12.79,12.83,33096617.0,441254989.0,3633066000.0,0.009109830925174494
2016-07-04,12.78,13.41,12.75,13.23,82260669.0,1126787378.0,3633066000.0,0.02264221706954952
2016-07-05,13.2,13.35,13.08,13.34,67772590.0,929863063.0,3633066000.0,0.018654378973572184
2016-07-06,13.27,13.67,13.22,13.45,81110470.0,1130852842.0,3633066000.0,0.022325625243251844
2016-07-07,13.41,14.27,13.37,13.74,138268386.0,1986943311.0,3633066000.0,0.03805831933689066
2016-07-08,13.65,13.84,13.53,13.79,72957927.0,1036147513.0,3633066000.0,0.02008164096110558
2016-07-11,14.13,15.17,13.87,14.59,257638588.0,3934852250.0,3633066000.0,0.07091492089601455
2016-07-12,14.47,14.87,14.4,14.7,176870186.0,2683104626.0,3633066000.0,0.04868344973639345
2016-07-13,14.8,14.83,14.26,14.42,134236843.0,2006498612.0,3633066000.0,0.036948638698003286
2016-07-14,14.27,14.34,13.96,14.16,83253179.0,1217685570.0,3633066000.0,0.022915405060078733
2016-07-15,14.16,14.34,14.01,14.21,65849704.0,968380846.0,3633066000.0,0.018125105351788268
2016-07-18,14.3,14.44,14.11,14.21,80093904.0,1186297444.0,3633066000.0,0.022045815848101852
2016-07-19,14.11,14.13,13.88,14.06,58383544.0,847294209.0,3633066000.0,0.0160700477227774
2016-07-20,14.05,14.32,13.94,14.1,55397788.0,813059408.0,3633066000.0,0.015248219547897011
2016-07-21,14.08,14.16,13.9,14.03,46901727.0,681691907.0,3633066000.0,0.012909682070185348
2016-07-22,14.03,14.28,13.97,14.19,67162869.0,985074409.0,3633066000.0,0.018486553506046957
2016-07-25,14.09,14.2,13.91,13.98,46735409.0,679977577.0,3633066000.0,0.012863903105531252
2016-07-26,13.99,14.13,13.95,14.1,36885666.0,536835663.0,3633066000.0,0.010152765185108116
2016-07-27,14.13,14.13,13.02,13.14,103593027.0,1448278253.0,3633066000.0,0.028513940291753578
2016-07-28,13.17,13.38,13.02,13.25,46305567.0,634433979.0,3633066000.0,0.012745589262622809
2016-07-29,13.25,13.28,13.05,13.06,27505985.0,374073094.0,3633066000.0,0.007571011646912002
2016-08-01,12.88,12.88,12.46,12.69,49287496.0,645660244.0,3633066000.0,0.013566364057245314
2016-08-02,12.67,12.77,12.64,12.75,20820375.0,274392127.0,3633066000.0,0.0057308001010716566
2016-08-03,12.75,12.92,12.64,12.71,33890116.0,448429889.0,3633066000.0,0.009328241215546318
2016-08-04,12.72,12.86,12.58,12.81,33162982.0,438106243.0,3633066000.0,0.009128097865549373
2016-08-05,12.78,12.8,12.64,12.69,28583947.0,376890264.0,3633066000.0,0.007867720267124241
2016-08-08,12.67,12.88,12.54,12.87,37141821.0,490925090.0,3633066000.0,0.010223271748985567
2016-08-09,13.15,13.35,13.0,13.09,69084403.0,942794994.0,3633066000.0,0.019015454990358005
2016-08-10,12.97,13.45,12.94,13.18,62920826.0,862364123.0,3633066000.0,0.017318932824231654
2016-08-11,13.08,13.12,12.89,12.9,39101730.0,526469001.0,3633066000.0,0.010762735937084544
2016-08-12,12.9,13.02,12.8,12.99,29691406.0,397646715.0,3633066000.0,0.008172547925085864
2016-08-15,13.02,13.28,12.93,13.21,56450813.0,770157486.0,3633066000.0,0.015538064268581963
2016-08-16,13.24,13.42,13.19,13.35,45678098.0,629447584.0,3633066000.0,0.01257287866501737
2016-08-17,13.31,13.34,13.14,13.25,31893994.0,437260633.0,3633066000.0,0.008778809413316466
2016-08-18,13.25,13.28,13.07,13.21,37864134.0,516770726.0,3633066000.0,0.010422088120612178
2016-08-19,13.18,13.45,13.14,13.32,56510797.0,780245772.0,3633066000.0,0.015554574841194737
2016-08-22,13.3,13.3,12.91,12.92,41635257.0,563778280.0,3633066000.0,0.011460088256034985
2016-08-23,12.9,13.0,12.85,12.92,20497078.0,274771813.0,3633066000.0,0.005641812727872271
2016-08-24,12.94,12.97,12.88,12.9,16697006.0,223547222.0,3633066000.0,0.00459584439148642
2016-08-25,12.8,12.8,12.6,12.7,29286576.0,385119396.0,3633066000.0,0.008061118625425467
2016-08-26,12.72,12.96,12.72,12.8,26029651.0,346517004.0,3633066000.0,0.007164651289021449
2016-08-29,12.75,12.83,12.69,12.82,17792829.0,235594695.0,3633066000.0,0.004897469244984814
2016-08-30,12.81,12.95,12.77,12.8,20971960.0,279438676.0,3633066000.0,0.005772523813220019
2016-08-31,12.8,12.96,12.66,12.89,22533232.0,299675681.0,3633066000.0,0.006202263322494004
2016-09-01,12.88,12.89,12.68,12.75,18623487.0,246968487.0,3633066000.0,0.005126107535618676
2016-09-02,12.73,12.87,12.65,12.72,20966252.0,277188536.0,3633066000.0,0.005770952688445517
2016-09-05,12.77,12.97,12.73,12.82,26916719.0,358892169.0,3633066000.0,0.007408816410161555
2016-09-06,12.86,12.97,12.75,12.97,29309913.0,392147749.0,3633066000.0,0.008067542125576579
2016-09-07,13.0,13.15,12.92,13.01,39568332.0,534455249.0,3633066000.0,0.01089116795566059
2016-09-08,13.02,13.1,12.89,12.93,24989211.0,336305474.0,3633066000.0,0.006878270584679717
2016-09-09,12.91,12.95,12.71,12.72,27758926.0,368744959.0,3633066000.0,0.007640633558542565
2016-09-12,12.5,12.5,12.06,12.11,50334973.0,640393791.0,3633066000.0,0.013854681693093382
2016-09-13,12.2,12.25,12.06,12.15,18685064.0,235263685.0,3633066000.0,0.005143056580860353
2016-09-14,12.07,12.34,12.02,12.22,20253705.0,255919933.0,3633066000.0,0.005574824404511231
2016-09-19,12.34,12.51,12.31,12.37,22104166.0,284398018.0,3633066000.0,0.0060841630732830065
2016-09-20,12.37,12.37,12.26,12.33,10513939.0,134115815.0,3633066000.0,0.002893957610459045
2016-09-21,12.33,12.41,12.31,12.35,11159124.0,142787074.0,3633066000.0,0.003071544530157173
2016-09-22,12.43,12.44,12.31,12.32,14946043.0,191581245.0,3633066000.0,0.004113892508421262
2016-09-23,12.35,12.37,12.14,12.15,16211548.0,205514508.0,3633066000.0,0.00446222226626216
2016-09-26,12.15,12.15,11.83,11.85,19292315.0,239873458.0,3633066000.0,0.005310202181848609
2016-09-27,11.79,11.92,11.73,11.87,17011063.0,208617642.0,3633066000.0,0.004682288458288399
2016-09-28,11.9,11.9,11.78,11.79,10204631.0,124903207.0,3633066000.0,0.002808820704055473
2016-09-29,11.83,11.94,11.8,11.83,13601859.0,167210946.0,3633066000.0,0.0037439063865066036
2016-09-30,11.83,11.95,11.8,11.92,14417593.0,177700944.0,3633066000.0,0.003968436851959199
2016-10-10,11.94,12.1,11.93,12.09,15581644.0,194200898.0,3633066000.0,0.004288841435856106
2016-10-11,12.13,12.13,12.02,12.09,16017307.0,200402184.0,3633066000.0,0.004408757506744992
2016-10-12,12.07,12.07,11.98,12.03,13455243.0,167562483.0,3633066000.0,0.003703550389670873
2016-10-13,12.05,12.06,12.01,12.05,12551433.0,156563099.0,3633066000.0,0.0034547770395583237
2016-10-14,12.04,12.04,11.92,11.99,12083614.0,149965566.0,3633066000.0,0.0033260100422067753
2016-10-17,12.01,12.09,11.92,11.93,15739407.0,196095061.0,3633066000.0,0.00433226564009572
2016-10-18,11.91,12.3,11.88,12.22,25359223.0,317544749.0,3633066000.0,0.0069801162434153415
2016-10-19,12.3,12.41,12.18,12.23,43026190.0,550191116.0,3633066000.0,0.011842942021972626
2016-10-20,12.27,12.29,12.16,12.19,15757377.0,199544767.0,3633066000.0,0.0043372118755893785
2016-10-21,12.22,12.27,12.04,12.15,19776309.0,249127147.0,3633066000.0,0.0054434213416436695
2016-10-24,12.13,12.39,12.1,12.32,30978713.0,394761451.0,3633066000.0,0.008526878674926358
2016-10-25,12.32,12.47,12.25,12.45,27650555.0,354330814.0,3633066000.0,0.00761080448304545
2016-10-26,12.42,12.42,12.23,12.27,21371921.0,272741204.0,3633066000.0,0.005882612922528795
2016-10-27,12.23,12.32,12.22,12.25,13369926.0,170039921.0,3633066000.0,0.0036800669186852096
2016-10-28,12.27,12.3,12.06,12.08,19234625.0,242418790.0,3633066000.0,0.005294323031841425
2016-10-31,12.07,12.15,12.01,12.11,11201467.0,140435689.0,3633066000.0,0.0030831994243980154
2016-11-01,12.06,12.27,12.06,12.22,16119114.0,204027345.0,3633066000.0,0.004436779843801351
2016-11-02,12.17,12.3,12.15,12.22,20943474.0,265613225.0,3633066000.0,0.0057646830528264555
2016-11-03,12.16,12.3,12.06,12.21,23953575.0,303419514.0,3633066000.0,0.0065932121794649474
2016-11-04,12.23,12.67,12.2,12.43,67264055.0,868604275.0,3633066000.0,0.01851440491309544
2016-11-07,12.35,12.64,12.27,12.54,42854913.0,554173245.0,3633066000.0,0.011795798094502
2016-11-08,12.54,12.79,12.41,12.64,47483570.0,620065340.0,3633066000.0,0.013069834129079956
2016-11-09,12.7,12.76,12.36,12.63,58632418.0,765806306.0,3633066000.0,0.01613855019424365
2016-11-10,12.77,12.99,12.71,12.72,64491818.0,858107111.0,3633066000.0,0.0177513477597159
2016-11-11,12.74,13.36,12.67,13.21,121207400.0,1644489686.0,3633066000.0,0.03336228959231679
2016-11-14,13.0,13.19,12.88,13.14,78983893.0,1067243552.0,3633066000.0,0.02174028575313523
2016-11-15,13.17,13.43,12.95,13.03,50443956.0,687576744.0,3633066000.0,0.013884679221351883
2016-11-16,12.98,13.1,12.83,13.02,45819168.0,614572966.0,3633066000.0,0.012611708127515437
2016-11-17,12.92,13.19,12.83,13.06,40462409.0,546263673.0,3633066000.0,0.01113726230131795
2016-11-18,13.0,13.02,12.72,12.77,34593210.0,461318280.0,3633066000.0,0.009521767564916244
2016-11-21,12.71,12.89,12.65,12.73,28055808.0,371345501.0,3633066000.0,0.0077223502132909225
2016-11-22,12.76,12.95,12.74,12.89,30290471.0,403846696.0,3633066000.0,0.008337440332765768
2016-11-23,12.91,12.96,12.69,12.73,27271323.0,362203787.0,3633066000.0,0.007506421022904621
2016-11-24,12.81,13.05,12.78,12.85,42278885.0,566559677.0,3633066000.0,0.011637246612090174
2016-11-25,12.82,12.85,12.55,12.79,29604303.0,389899118.0,3633066000.0,0.008148572858296546
2016-11-28,12.86,13.05,12.76,13.02,49709945.0,667137296.0,3633066000.0,0.01368264297978622
2016-11-29,12.95,12.97,12.8,12.8,37699509.0,502742528.0,3633066000.0,0.010376775153547995
2016-11-30,12.73,12.75,12.44,12.53,38202026.0,498309231.0,3633066000.0,0.010515092761871103
2016-12-01,12.53,12.67,12.53,12.61,18173366.0,237559754.0,3633066000.0,0.005002211905866835
2016-12-02,12.62,12.62,12.3,12.31,24532438.0,316055442.0,3633066000.0,0.006752543994521432
2016-12-05,12.21,12.38,12.16,12.25,15526431.0,197494890.0,3633066000.0,0.004273644079133162
2016-12-06,12.29,12.54,12.25,12.47,17719383.0,227467970.0,3633066000.0,0.004877253262120755
2016-12-07,12.52,12.59,12.43,12.55,19916251.0,258639176.0,3633066000.0,0.005481940322581533
2016-12-08,12.56,12.68,12.46,12.5,17877554.0,232697289.0,3633066000.0,0.0049207897682012934
2016-12-09,12.43,12.64,12.4,12.52,16687624.0,216784125.0,3633066000.0,0.004593261999644377
2016-12-12,12.78,12.85,12.1,12.2,45448539.0,589170225.0,3633066000.0,0.012509692639770375
2016-12-13,12.1,12.61,11.97,12.39,32298348.0,411419564.0,3633066000.0,0.008890107694162451
2016-12-14,12.26,12.36,11.93,12.1,27901518.0,351355893.0,3633066000.0,0.007679881950947216
2016-12-15,12.05,12.3,12.02,12.17,14251011.0,179537459.0,3633066000.0,0.0039225852214080335
2016-12-16,12.19,12.19,12.03,12.09,16128234.0,201974479.0,3633066000.0,0.004439290120245545
2016-12-19,12.17,12.42,12.09,12.3,25866415.0,329830901.0,3633066000.0,0.007119720643665708
2016-12-20,12.3,12.36,12.1,12.24,16163980.0,204891480.0,3633066000.0,0.004449129192808499
2016-12-21,12.26,12.39,12.23,12.32,15952333.0,203413560.0,3633066000.0,0.004390873438577774
2016-12-22,12.32,12.32,12.12,12.22,12931273.0,163658487.0,3633066000.0,0.0035593278514620985
2016-12-23,12.22,12.23,12.03,12.09,14021441.0,175799962.0,3633066000.0,0.0038593961684153274
2016-12-26,12.06,12.09,11.91,12.08,13005990.0,161596319.0,3633066000.0,0.0035798936765806073
2016-12-27,12.05,12.15,12.03,12.07,9273999.0,116313510.0,3633066000.0,0.0025526646089005815
2016-12-28,12.05,12.12,11.95,11.96,10072883.0,125556764.0,3633066000.0,0.0027725571184228416
2016-12-29,11.97,12.03,11.82,11.84,12646367.0,156526581.0,3633066000.0,0.0034809075860444045
2016-12-30,11.86,11.92,11.75,11.83,11385313.0,139757117.0,3633066000.0,0.0031338029642181014
2017-01-03,11.91,12.02,11.89,11.99,12895901.0,160200554.0,3633066000.0,0.0035495917222533252
2017-01-04,11.98,12.11,11.95,12.1,13007630.0,162560270.0,3633066000.0,0.0035803450859411856
2017-01-05,12.12,12.12,12.02,12.07,12527447.0,156586432.0,3633066000.0,0.0034481749024102507
2017-01-06,12.1,12.1,11.95,12.0,12254499.0,152521370.0,3633066000.0,0.0033730460718302394
2017-01-09,12.0,12.05,11.94,12.02,9798895.0,121804238.0,3633066000.0,0.002697142028248317
2017-01-10,12.01,12.12,11.96,12.06,16257491.0,202987898.0,3633066000.0,0.0044748680590993946
2017-01-11,12.06,12.12,11.96,12.01,14557642.0,181676746.0,3633066000.0,0.004006985284605345
2017-01-12,11.99,12.02,11.73,11.78,16253589.0,199985177.0,3633066000.0,0.004473794035120749
2017-01-13,11.78,11.82,11.58,11.64,15890801.0,192765102.0,3633066000.0,0.004373936779568551
2017-01-16,11.57,11.84,11.24,11.75,39201340.0,467375559.0,3633066000.0,0.010790153550747495
2017-01-17,11.69,11.69,11.47,11.64,9585140.0,115224008.0,3633066000.0,0.0026383060478394832
2017-01-18,11.64,11.68,11.56,11.57,7306801.0,87915590.0,3633066000.0,0.00201119412639352
2017-01-19,11.57,11.61,11.49,11.51,7910625.0,94593957.0,3633066000.0,0.002177396446967933
2017-01-20,11.51,11.6,11.49,11.59,8162681.0,97948432.0,3633066000.0,0.0022467747626935485
2017-01-23,11.63,11.82,11.61,11.7,12567741.0,152563776.0,3633066000.0,0.00345926581019998
2017-01-24,11.71,11.72,11.6,11.65,7480534.0,90396891.0,3633066000.0,0.002059014066906574
2017-01-25,11.64,11.74,11.62,11.71,8195582.0,99441439.0,3633066000.0,0.0022558307501157424
2017-01-26,11.72,12.12,11.7,12.06,30598709.0,379864492.0,3633066000.0,0.008422282722086524
2017-02-03,12.02,12.13,11.94,11.98,15364977.0,191461414.0,3633066000.0,0.004229203928582635
2017-02-06,11.99,12.02,11.86,11.96,12406319.0,153514810.0,3633066000.0,0.0034148344676369767
2017-02-07,11.98,12.08,11.93,12.02,13263043.0,165053361.0,3633066000.0,0.0036506474146079373
2017-02-08,12.02,12.04,11.9,12.02,11281511.0,140052176.0,3633066000.0,0.003105231504189574
2017-02-09,12.03,12.09,11.98,12.08,21627273.0,269909601.0,3633066000.0,0.00595289846096933
2017-02-10,12.07,12.19,12.02,12.11,24664486.0,309481739.0,3633066000.0,0.006788890155037096
2017-02-13,12.15,12.39,12.13,12.18,38053047.0,483600778.0,3633066000.0,0.010474086350206685
2017-02-14,12.17,12.19,12.06,12.19,21169992.0,266283255.0,3633066000.0,0.00582703204400911
2017-02-15,12.16,12.23,11.98,12.0,24232659.0,304143660.0,3633066000.0,0.0066700299416525876
2017-02-16,12.1,12.71,12.1,12.52,84608466.0,1092926173.0,3633066000.0,0.02328844727841443
2017-02-17,12.42,12.43,12.27,12.31,37871074.0,484204084.0,3633066000.0,0.010423998352906333
2017-02-20,12.29,12.42,12.25,12.37,22476154.0,287451083.0,3633066000.0,0.006186552625248206
2017-02-21,12.37,12.54,12.31,12.44,32504641.0,418473605.0,3633066000.0,0.008946889761980652
2017-02-22,12.46,12.56,12.39,12.44,22989302.0,297012820.0,3633066000.0,0.0063277964121763825
2017-02-23,12.44,12.6,12.34,12.44,29953381.0,387084033.0,3633066000.0,0.00824465644169415
2017-02-24,12.38,12.39,12.26,12.37,20765590.0,265040987.0,3633066000.0,0.005715720551181839
2017-02-27,12.37,12.43,12.26,12.33,15537838.0,198599518.0,3633066000.0,0.004276783851435675
2017-02-28,12.33,12.52,12.29,12.42,21568908.0,277761617.0,3633066000.0,0.005936833517475323
2017-03-01,12.42,12.59,12.36,12.46,32274620.0,418147532.0,3633066000.0,0.008883576571413787
2017-03-02,12.48,12.8,12.45,12.51,50403455.0,660356307.0,3633066000.0,0.01387353133689286
2017-03-03,12.36,12.45,12.31,12.43,23454583.0,301118850.0,3633066000.0,0.0064558648260174736
2017-03-06,12.5,12.6,12.43,12.49,20418770.0,264599023.0,3633066000.0,0.005620258481403861
2017-03-07,12.48,12.51,12.32,12.37,21350031.0,273982147.0,3633066000.0,0.005876587708563511
2017-03-08,12.37,12.38,12.23,12.26,16401209.0,208778087.0,3633066000.0,0.004514426382565029
2017-03-09,12.23,12.26,12.15,12.18,13909358.0,175827315.0,3633066000.0,0.0038285453663654883
2017-03-10,12.16,12.25,12.14,12.2,10104403.0,127828525.0,3633066000.0,0.002781232986133475
2017-03-13,12.18,12.37,12.13,12.37,19457833.0,247881161.0,3633066000.0,0.005355760946814619
2017-03-14,12.45,12.48,12.35,12.37,19396036.0,249249528.0,3633066000.0,0.0053387513466587174
2017-03-15,12.33,12.41,12.25,12.29,14640278.0,186915638.0,3633066000.0,0.004029730811386306
2017-03-16,12.34,12.47,12.3,12.44,24618287.0,316506511.0,3633066000.0,0.006776173898299673
2017-03-17,12.46,12.58,12.35,12.36,30563475.0,395271037.0,3633066000.0,0.008412584577323946
2017-03-20,12.39,12.47,12.27,12.36,20462275.0,262454857.0,3633066000.0,0.00563223321569165
2017-03-21,12.37,12.37,12.22,12.25,16009542.0,203607370.0,3633066000.0,0.004406620193522496
2017-03-22,12.2,12.29,12.11,12.21,12585338.0,159151894.0,3633066000.0,0.0034641093775890667
2017-03-23,12.18,12.26,12.06,12.09,17265543.0,217077827.0,3633066000.0,0.004752333979068919
2017-03-24,12.12,12.13,11.89,12.01,22073469.0,274694187.0,3633066000.0,0.006075713736001493
2017-03-27,11.96,12.06,11.86,11.93,13226507.0,163708699.0,3633066000.0,0.0036405908948529972
2017-03-28,11.91,12.0,11.89,11.98,8741040.0,108436102.0,3633066000.0,0.002405967851946538
2017-03-29,11.99,12.04,11.92,11.93,10793966.0,134012339.0,3633066000.0,0.0029710349330290173
2017-03-30,11.93,11.94,11.6,11.64,21885531.0,265613510.0,3633066000.0,0.006023983874776841
2017-03-31,11.67,11.74,11.62,11.68,11512511.0,139470286.0,3633066000.0,0.0031688141641247366
2017-04-05,11.68,12.03,11.66,11.92,20130370.0,248659969.0,3633066000.0,0.005540876493848447
2017-04-06,11.93,11.99,11.87,11.91,9194920.0,113613786.0,3633066000.0,0.0025308981449827777
2017-04-07,11.97,12.09,11.91,11.94,17068271.0,212230073.0,3633066000.0,0.0046980349379835105
2017-04-10,11.96,11.96,11.75,11.78,13758885.0,168318207.0,3633066000.0,0.003787127731783568
2017-04-11,11.79,11.86,11.66,11.86,16115720.0,196181458.0,3633066000.0,0.004435845646624642
2017-04-12,11.84,12.18,11.76,12.04,32326017.0,402103502.0,3633066000.0,0.008897723575624555
2017-04-13,12.06,12.11,11.94,12.09,21604785.0,269353602.0,3633066000.0,0.005946708647737201
2017-04-14,12.14,12.42,12.06,12.18,48653942.0,619225292.0,3633066000.0,0.013391978565762361
2017-04-17,12.15,12.3,11.96,12.28,29599892.0,371488134.0,3633066000.0,0.008147358732266356
2017-04-18,12.27,12.27,12.02,12.04,19624537.0,246589706.0,3633066000.0,0.005401646157818217
2017-04-19,11.94,11.94,11.64,11.71,23368736.0,284948930.0,3633066000.0,0.006432235472738453
2017-04-20,11.72,11.82,11.69,11.71,13021013.0,158490935.0,3633066000.0,0.0035840287514732738
2017-04-21,11.73,11.78,11.55,11.56,15249509.0,183976203.0,3633066000.0,0.004197421406602578
2017-04-24,11.57,11.6,10.61,10.89,27789078.0,315710365.0,3633066000.0,0.0076489328847865684
2017-04-25,10.87,10.99,10.8,10.83,12153199.0,137074234.0,3633066000.0,0.003345163286326205
2017-04-26,10.88,10.93,10.79,10.85,7234514.0,81422404.0,3633066000.0,0.001991297157827576
2017-04-27,10.87,10.92,10.52,10.91,15474782.0,172116239.0,3633066000.0,0.004259427712020646
2017-04-28,10.92,11.04,10.89,10.99,11656356.0,132626436.0,3633066000.0,0.0032084074442908553
2017-05-02,11.05,11.06,10.93,11.02,9427171.0,107424213.0,3633066000.0,0.0025948251421801863
2017-05-03,11.01,11.21,10.98,11.03,11980938.0,137705495.0,3633066000.0,0.003297748513239231
2017-05-04,10.98,11.01,10.8,11.0,10642244.0,120451537.0,3633066000.0,0.0029292735116840706
2017-05-05,11.04,11.14,10.93,11.04,15179293.0,173521789.0,3633066000.0,0.0041780944799791695
2017-05-08,10.98,11.11,10.9,11.09,14242429.0,162628199.0,3633066000.0,0.003920223029254079
2017-05-09,11.1,11.28,11.05,11.19,19970915.0,231422568.0,3633066000.0,0.005496986567268528
2017-05-10,11.24,11.26,10.69,10.7,19349951.0,220443288.0,3633066000.0,0.005326066468376848
2017-05-11,10.7,10.73,10.33,10.63,20263449.0,221856043.0,3633066000.0,0.005577506436712132
2017-05-12,10.62,10.68,10.43,10.54,11978110.0,130978739.0,3633066000.0,0.003296970107341843
2017-05-15,10.56,10.66,10.47,10.49,7721621.0,84489458.0,3633066000.0,0.0021253731696589053
2017-05-16,10.49,10.68,10.33,10.67,12191109.0,132816355.0,3633066000.0,0.003355597999045434
2017-05-17,10.66,10.75,10.59,10.63,10988427.0,121568132.0,3633066000.0,0.0030245602474604093
2017-05-18,10.54,10.61,10.48,10.52,8890741.0,97200464.0,3633066000.0,0.002447172993829454
2017-05-19,10.5,10.75,10.49,10.69,11855708.0,130904366.0,3633066000.0,0.00326327900456529
2017-05-22,10.71,10.87,10.51,10.58,15431541.0,171481056.0,3633066000.0,0.004247525643629926
2017-05-23,10.47,10.55,10.22,10.54,20562056.0,221451576.0,3633066000.0,0.005659697897037929
2017-05-24,10.43,10.6,10.36,10.59,11117299.0,121003563.0,3633066000.0,0.003060032215214367
2017-05-25,10.61,10.75,10.5,10.71,13556423.0,149692758.0,3633066000.0,0.003731400145221694
2017-05-26,10.71,10.74,10.56,10.58,11379866.0,125314840.0,3633066000.0,0.003132303679591838
2017-05-31,10.59,10.72,10.56,10.57,8994991.0,99284225.0,3633066000.0,0.00247586776568331
2017-06-01,10.55,10.6,10.36,10.46,12262983.0,132825432.0,3633066000.0,0.0033753812895224032
2017-06-02,10.39,10.45,10.2,10.38,10932591.0,116915568.0,3633066000.0,0.0030091914102303675
2017-06-05,10.38,10.47,10.38,10.44,6449712.0,69678628.0,3633066000.0,0.0017752807133148696
2017-06-06,10.52,10.52,10.37,10.42,5303495.0,57219133.0,3633066000.0,0.0014597849309646452
2017-06-07,10.43,10.65,10.42,10.64,13156707.0,143909314.0,3633066000.0,0.0036213784720673945
2017-06-08,10.66,10.68,10.57,10.59,8793844.0,96674404.0,3633066000.0,0.0024205021323587296
2017-06-09,10.59,10.69,10.54,10.68,10773090.0,118372406.0,3633066000.0,0.0029652888221683832
2017-06-12,10.59,10.62,10.39,10.4,9818912.0,106661254.0,3633066000.0,0.0027026516996938674
2017-06-13,10.4,10.66,10.4,10.58,11883074.0,130048523.0,3633066000.0,0.003270811485395531
2017-06-14,10.62,10.89,10.59,10.72,21516000.0,239558730.0,3633066000.0,0.005922270611103679
2017-06-15,10.74,10.79,10.63,10.79,16674716.0,185200553.0,3633066000.0,0.004589709077677091
2017-06-16,10.8,10.91,10.73,10.83,17397414.0,195134593.0,3633066000.0,0.004788631420403593
2017-06-19,10.81,10.89,10.75,10.82,12349748.0,138191581.0,3633066000.0,0.0033992633219435044
2017-06-20,10.82,10.99,10.79,10.85,16927813.0,191037648.0,3633066000.0,0.004659373928246831
2017-06-21,10.96,10.96,10.72,10.79,12563562.0,140560080.0,3633066000.0,0.0034581155420793344
2017-06-22,10.81,10.88,10.75,10.8,17938347.0,201086292.0,3633066000.0,0.0049375230177486455
2017-06-23,10.86,10.93,10.67,10.84,17852695.0,199875047.0,3633066000.0,0.004913947338143596
2017-06-26,10.8,11.04,10.79,11.03,26394772.0,299818025.0,3633066000.0,0.007265150701914031
2017-06-27,11.08,11.13,10.93,11.02,17867431.0,204102932.0,3633066000.0,0.0049180034163981605
2017-06-28,10.99,11.14,10.95,11.01,21337316.0,244493522.0,3633066000.0,0.0058730879097709755
2017-06-29,11.0,11.09,10.98,11.03,14287660.0,163341845.0,3633066000.0,0.003932672844368916
2017-06-30,11.01,11.02,10.82,10.94,12059612.0,136410304.0,3633066000.0,0.0033194035010649407
2017-07-03,10.93,11.11,10.93,11.1,17143555.0,196220389.0,3633066000.0,0.004718756829630951
2017-07-04,11.18,11.26,11.04,11.07,21784313.0,251354949.0,3633066000.0,0.005996123659740836
2017-07-05,11.06,11.33,10.99,11.29,28695504.0,332705343.0,3633066000.0,0.007898426287879163
2017-07-06,11.28,11.83,11.2,11.72,68485477.0,818557349.0,3633066000.0,0.018850600842373905
2017-07-07,11.69,12.89,11.58,12.89,176990206.0,2276088188.0,3633066000.0,0.04871648519459872
2017-07-10,12.92,13.15,12.56,12.66,152608579.0,2032851622.0,3633066000.0,0.042005451869027426
2017-07-11,12.55,12.63,12.13,12.23,85543872.0,1094899944.0,3633066000.0,0.023545917415207982
2017-07-12,12.29,12.81,12.23,12.67,89071060.0,1155812612.0,3633066000.0,0.024516774536988868
2017-07-13,12.94,13.93,12.68,13.7,320418177.0,4532573788.0,3633066000.0,0.08819497829106325
2017-07-14,13.32,13.49,13.1,13.28,160077522.0,2202788663.0,3633066000.0,0.04406127551770323
2017-07-17,13.25,13.53,12.65,13.02,159655936.0,2174404583.0,3633066000.0,0.04394523413557585
2017-07-18,13.03,13.75,12.95,13.52,186758579.0,2589670936.0,3633066000.0,0.05140522605424729
2017-07-19,13.61,14.01,13.43,13.86,215185129.0,3071863310.0,3633066000.0,0.05922962285848922
2017-07-20,13.6,14.37,13.45,13.94,243302661.0,3494982462.0,3633066000.0,0.06696896257871451
2017-07-21,13.81,14.04,13.52,13.64,117694054.0,1673994327.0,3633066000.0,0.03239524247563903
2017-07-24,13.54,13.81,13.35,13.64,89067977.0,1251290148.0,3633066000.0,0.024515925942440904
2017-07-25,13.65,13.98,13.32,13.45,134488606.0,1905115634.0,3633066000.0,0.03701793636559314
2017-07-26,13.89,14.79,13.54,14.62,294237925.0,4344950973.0,3633066000.0,0.08098887413550979
2017-07-27,14.46,15.84,14.44,15.21,308025786.0,4855764647.0,3633066000.0,0.08478397749999587
2017-07-28,15.01,16.7,14.87,16.33,263066750.0,4275536455.0,3633066000.0,0.07240902037012265
2017-07-31,16.51,17.97,16.46,17.97,313060583.0,5624833379.0,3633066000.0,0.08616980341122346
2017-08-01,17.86,17.86,17.1,17.48,260127620.0,4688714589.0,3633066000.0,0.0716000259835632
2017-08-02,17.38,18.72,17.15,17.33,330458029.0,6086858574.0,3633066000.0,0.09095844363961458
2017-08-03,17.01,17.78,16.83,17.73,227742250.0,4112195553.0,3633066000.0,0.06268596551782984
2017-08-04,17.68,18.44,16.79,16.81,259641925.0,4748338470.0,3633066000.0,0.07146633862418134
2017-08-07,16.89,18.49,16.89,18.49,369014134.0,6848688749.0,3633066000.0,0.10157099650818345
2017-08-08,18.63,19.68,18.35,18.89,379977818.0,7435077175.0,3633066000.0,0.10458874625454093
2017-08-09,18.58,19.49,18.23,19.16,244485657.0,4747832703.0,3633066000.0,0.06729458176647493
2017-08-10,18.92,19.97,18.49,19.33,295447518.0,5905767135.0,3633066000.0,0.08132181413715027
2017-08-11,18.76,18.88,17.54,17.72,266314677.0,5026559809.0,3633066000.0,0.07330301101053491
2017-08-14,17.76,19.4,17.27,19.31,273761733.0,5221427861.0,3633066000.0,0.07535281027099425
2017-08-15,19.12,19.68,18.95,19.39,230885769.0,4609594112.0,3633066000.0,0.06355121789694985
2017-08-16,19.02,19.02,17.63,17.97,252666695.0,4751885660.0,3633066000.0,0.06954640928626124
2017-08-17,18.24,18.47,17.29,18.22,200457558.0,3734583005.0,3633066000.0,0.055175864682887675
2017-08-18,17.56,18.06,17.47,17.73,136680870.0,2505953375.0,3633066000.0,0.037621356176848975
2017-08-21,17.67,18.11,17.38,17.81,157769462.0,2905456899.0,3633066000.0,0.043425982902595216
2017-08-22,17.55,18.0,17.14,17.5,196085482.0,3559460918.0,3633066000.0,0.05397245246852108
2017-08-23,17.23,17.24,16.53,16.61,179465480.0,3130008510.0,3633066000.0,0.04939780339801149
2017-08-24,16.76,16.96,16.33,16.64,115054123.0,1985983369.0,3633066000.0,0.03166860249717456
2017-08-25,16.75,17.38,16.52,17.04,157580109.0,2778630219.0,3633066000.0,0.043373863563172264
2017-08-28,16.88,17.64,16.73,17.38,189589902.0,3378442588.0,3633066000.0,0.05218454660608973
2017-08-29,17.36,17.71,17.04,17.09,136604856.0,2454558288.0,3633066000.0,0.03760043335298616
2017-08-30,16.99,17.72,16.92,17.58,174169734.0,3141755010.0,3633066000.0,0.047940151376275573
2017-08-31,17.56,17.66,17.19,17.46,128797882.0,2325575991.0,3633066000.0,0.03545156680335562
2017-09-01,17.55,18.58,17.54,18.13,236552464.0,4434872385.0,3633066000.0,0.06511097348630605
2017-09-04,18.04,18.77,17.86,18.68,217364138.0,4121614063.0,3633066000.0,0.05982939423616306
2017-09-05,18.58,18.58,18.01,18.27,131507411.0,2487625976.0,3633066000.0,0.036197363604184456
2017-09-06,17.96,18.82,17.89,18.13,181556978.0,3462266164.0,3633066000.0,0.04997348740705509
2017-09-07,17.98,18.13,17.43,17.53,145042794.0,2662278439.0,3633066000.0,0.039922972497609455
2017-09-08,17.49,17.82,17.39,17.51,98717477.0,1799417429.0,3633066000.0,0.027171947055186996
2017-09-11,17.44,18.15,17.27,18.0,157830888.0,2913601468.0,3633066000.0,0.04344289038514577
2017-09-12,17.93,19.6,17.9,18.58,329284653.0,6401660379.0,3633066000.0,0.09063547235310342
2017-09-13,18.54,19.09,18.23,18.91,198897444.0,3845614231.0,3633066000.0,0.054746443912662195
2017-09-14,18.91,18.97,18.0,18.16,174838106.0,3328271349.0,3633066000.0,0.048124120508683296
2017-09-15,18.03,18.03,16.81,17.01,179209349.0,3213872847.0,3633066000.0,0.049327303440124676
2017-09-18,16.97,17.42,16.9,17.04,95875787.0,1701811753.0,3633066000.0,0.026389772990636558
2017-09-19,17.11,17.22,16.65,16.93,77868170.0,1360733548.0,3633066000.0,0.02143318343239567
2017-09-20,16.91,17.34,16.75,17.23,111539714.0,1978779416.0,3633066000.0,0.03070126279016126
2017-09-21,17.09,17.15,16.38,16.55,114769995.0,1986656966.0,3633066000.0,0.03159039637595353
2017-09-22,16.53,17.03,16.34,16.66,85194230.0,1474969475.0,3633066000.0,0.023449678591030275
2017-09-25,16.61,16.61,15.2,15.37,140100619.0,2308772741.0,3633066000.0,0.03856264075576937
2017-09-26,15.39,15.65,15.24,15.56,59788254.0,959865593.0,3633066000.0,0.01645669360259351
2017-09-27,15.55,15.85,15.42,15.69,63540215.0,1032532386.0,3633066000.0,0.017489419404987414
2017-09-28,15.6,15.76,15.34,15.38,57505132.0,924886238.0,3633066000.0,0.0158282651622624
2017-09-29,15.49,15.71,15.32,15.57,54604459.0,877869971.0,3633066000.0,0.015029856049958904
2017-10-09,15.88,15.88,15.41,15.51,60515289.0,978509376.0,3633066000.0,0.016656809702879055
2017-10-10,15.51,15.51,14.71,15.01,120147853.0,1862589142.0,3633066000.0,0.03307064969367471
2017-10-11,14.98,15.19,14.75,14.96,80038769.0,1242427525.0,3633066000.0,0.022030639960848496
2017-10-12,14.82,14.84,14.43,14.75,95534313.0,1445778620.0,3633066000.0,0.026295782405274224
2017-10-13,14.75,14.89,14.67,14.76,52921590.0,808756668.0,3633066000.0,0.014566647013844506
2017-10-16,14.76,15.0,14.5,14.85,81924528.0,1254030742.0,3633066000.0,0.022549694390357897
2017-10-17,14.67,14.67,14.29,14.46,67914860.0,1019373266.0,3633066000.0,0.01869353873560238
2017-10-18,14.45,14.6,14.08,14.14,65927576.0,979948679.0,3633066000.0,0.01814653958942667
2017-10-19,14.02,14.34,13.98,14.19,63090646.0,925211534.0,3633066000.0,0.01736567571302035
2017-10-20,14.16,14.67,14.1,14.62,97372949.0,1459585662.0,3633066000.0,0.02680186624740646
2017-10-23,14.48,14.65,14.36,14.53,49786010.0,747225556.0,3633066000.0,0.013703579841379154
2017-10-24,14.52,14.74,14.42,14.65,54365131.0,821344847.0,3633066000.0,0.014963981111270756
2017-10-25,14.67,14.67,14.39,14.58,49255690.0,741551803.0,3633066000.0,0.013557609468146188
2017-10-26,14.53,14.9,14.38,14.79,90155085.0,1371033458.0,3633066000.0,0.024815151995587197
2017-10-27,14.67,14.72,14.33,14.37,70029352.0,1052343797.0,3633066000.0,0.019275551834180827
2017-10-30,14.29,14.47,13.71,13.73,75973393.0,1100505079.0,3633066000.0,0.020911646801902304
2017-10-31,13.73,14.06,13.65,14.02,52577818.0,757982876.0,3633066000.0,0.014472023904878138
2017-11-01,14.0,14.15,13.9,14.0,48770229.0,708828996.0,3633066000.0,0.013423986517173098
2017-11-02,14.07,14.13,13.8,13.82,50519052.0,730789629.0,3633066000.0,0.013905349366072623
2017-11-03,13.73,13.78,13.19,13.32,74125186.0,1032194871.0,3633066000.0,0.020402928545751715
2017-11-06,13.4,13.66,13.34,13.65,55075590.0,771356507.0,3633066000.0,0.015159534674019134
2017-11-07,13.65,13.98,13.47,13.82,74397649.0,1059888965.0,3633066000.0,0.020477923880270824
2017-11-08,13.71,14.14,13.66,13.89,73047547.0,1052534773.0,3633066000.0,0.02010630883116354
2017-11-09,13.85,14.09,13.78,13.89,43532371.0,626993949.0,3633066000.0,0.011982268144867173
2017-11-10,13.86,13.94,13.65,13.82,46222572.0,658629603.0,3633066000.0,0.01272274492123182
2017-11-13,13.82,14.35,13.74,14.32,107703935.0,1577479051.0,3633066000.0,0.029645466115947247
2017-11-14,14.32,14.55,14.17,14.41,115262128.0,1715024150.0,3633066000.0,0.03172585579232527
2017-11-15,14.29,14.29,13.61,13.62,98192922.0,1410292328.0,3633066000.0,0.027027563495956308
2017-11-16,13.42,13.75,13.39,13.48,46208160.0,648551950.0,3633066000.0,0.01271877802385093
2017-11-17,13.45,13.59,12.59,12.69,81461676.0,1099885796.0,3633066000.0,0.022422294557819758
2017-11-20,12.72,12.86,12.36,12.83,48539465.0,634966969.0,3633066000.0,0.013360468816145922
2017-11-21,12.83,12.86,12.59,12.7,40228885.0,529138789.0,3633066000.0,0.011072984911366874
2017-11-22,12.84,13.1,12.74,13.02,62756701.0,840916105.0,3633066000.0,0.017273757481972525
2017-11-23,12.99,13.4,12.7,12.76,79509893.0,1081458546.0,3633066000.0,0.021885067048052525
2017-11-24,12.65,13.75,12.57,13.51,103595319.0,1417261080.0,3633066000.0,0.028514571163859945
2017-11-27,13.32,13.76,13.17,13.29,84127924.0,1175056828.0,3633066000.0,0.023156178280273467
2017-11-28,13.18,13.71,13.11,13.68,76567110.0,1067338482.0,3633066000.0,0.021075067174667346
2017-11-29,13.61,14.23,13.52,13.99,125761314.0,1806601107.0,3633066000.0,0.03461575264528638
2017-11-30,13.89,14.03,13.62,13.7,74681282.0,1066689592.0,3633066000.0,0.020555993752934848
2017-12-01,13.66,13.78,13.52,13.66,49731081.0,702303149.0,3633066000.0,0.013688460655545482
2017-12-04,13.55,14.0,13.55,13.61,60929572.0,869875521.0,3633066000.0,0.016770840937103813
2017-12-05,13.52,13.57,12.65,12.84,92150178.0,1240203557.0,3633066000.0,0.025364300565968247
2017-12-06,12.71,12.94,12.55,12.93,51606821.0,681501632.0,3633066000.0,0.0142047573592112
2017-12-07,12.86,13.06,12.75,12.76,43780359.0,586400066.0,3633066000.0,0.012050526745178865
2017-12-08,12.78,13.02,12.72,12.95,38084717.0,509256325.0,3633066000.0,0.010482803505358835
2017-12-11,12.98,13.11,12.79,13.09,46755085.0,628731726.0,3633066000.0,0.012869318916859754
2017-12-12,13.07,13.26,12.91,12.94,58546491.0,793845034.0,3633066000.0,0.01611489882099582
2017-12-13,12.86,13.02,12.8,13.0,35160221.0,470062709.0,3633066000.0,0.009677837121593718
2017-12-14,13.0,13.07,12.67,12.76,45744718.0,606210421.0,3633066000.0,0.012591215794042827
2017-12-15,12.76,12.78,12.5,12.73,42577164.0,557321536.0,3633066000.0,0.011719347790543854
2017-12-18,12.74,12.95,12.64,12.93,45211275.0,599400520.0,3633066000.0,0.01244438581627749
2017-12-19,12.95,12.96,12.8,12.93,30703541.0,409573568.0,3633066000.0,0.008451137689213463
2017-12-20,12.89,12.98,12.56,12.59,42696338.0,561232713.0,3633066000.0,0.011752150387578975
2017-12-21,12.58,12.82,12.5,12.72,38689767.0,509000841.0,3633066000.0,0.01064934328195524
2017-12-22,12.71,13.23,12.7,12.98,75795814.0,1022794919.0,3633066000.0,0.02086276825138877
2017-12-25,13.03,13.18,12.85,13.02,66045405.0,892189980.0,3633066000.0,0.018178971975736195
2017-12-26,12.97,13.26,12.78,13.24,64270474.0,869724889.0,3633066000.0,0.01769042291001595
2017-12-27,13.22,13.72,13.15,13.41,126345243.0,1767844468.0,3633066000.0,0.03477647887486767
2017-12-28,13.33,14.38,13.3,14.3,191042562.0,2765772177.0,3633066000.0,0.05258439070471057
2017-12-29,14.2,14.26,13.91,14.09,111037358.0,1618873714.0,3633066000.0,0.030562989497025378
2018-01-02,14.1,14.47,13.9,14.3,101723978.0,1499858104.0,3633066000.0,0.027999485283229097
2018-01-03,14.2,14.56,14.12,14.26,93802789.0,1388632634.0,3633066000.0,0.025819181099379973
2018-01-04,14.13,14.47,13.89,14.43,107477907.0,1578238573.0,3633066000.0,0.029583251997073547
2018-01-05,14.35,14.35,14.08,14.12,79663942.0,1170824695.0,3633066000.0,0.021927468975240196
2018-01-08,14.08,14.66,14.03,14.57,138963060.0,2076593196.0,3633066000.0,0.03824952808454347
2018-01-09,14.61,15.16,14.34,14.77,151693576.0,2310020846.0,3633066000.0,0.04175359765002893
2018-01-10,15.21,15.34,14.49,14.67,170515837.0,2632289349.0,3633066000.0,0.046934417651647395
2018-01-11,14.55,14.81,14.31,14.58,105653591.0,1589946259.0,3633066000.0,0.029081109729358068
2018-01-12,14.39,14.57,14.21,14.32,70627460.0,1050094975.0,3633066000.0,0.019440180827983856
2018-01-15,14.33,14.36,13.32,13.53,108843836.0,1551326958.0,3633066000.0,0.029959223421760023
2018-01-16,13.52,13.7,13.43,13.64,58928392.0,827742583.0,3633066000.0,0.01622001692234603
2018-01-17,13.55,13.57,13.06,13.41,65834166.0,906324860.0,3633066000.0,0.018120828523346396
2018-01-18,13.52,13.87,13.46,13.69,63157583.0,894901551.0,3633066000.0,0.017384100096172212
2018-01-19,13.77,13.86,13.49,13.74,49231549.0,697384668.0,3633066000.0,0.013550964667308549
2018-01-22,13.56,13.97,13.54,13.95,63643384.0,910664359.0,3633066000.0,0.01751781663201274
2018-01-23,13.95,14.28,13.81,14.18,103180776.0,1506180164.0,3633066000.0,0.028400468364736562
2018-01-24,14.17,14.17,13.81,14.0,69815207.0,1008738775.0,3633066000.0,0.01921660850642405
2018-01-25,14.09,14.32,14.0,14.02,75101424.0,1100300045.0,3633066000.0,0.020671637674625234
2018-01-26,13.92,13.93,13.64,13.73,59001781.0,841327736.0,3633066000.0,0.016240217215982313
2018-01-29,13.69,13.92,13.6,13.73,49349053.0,703163254.0,3633066000.0,0.013583307597494787
2018-01-30,13.69,13.85,13.55,13.65,40445888.0,573251303.0,3633066000.0,0.01113271490250934
2018-01-31,13.52,13.53,12.87,12.98,73235319.0,993662480.0,3633066000.0,0.020157993000952914
2018-02-01,12.98,13.12,12.39,12.47,59184649.0,779539769.0,3633066000.0,0.016290551561683714
2018-02-02,12.45,12.95,12.08,12.81,57086079.0,741503210.0,3633066000.0,0.015712920987397423
2018-02-05,12.45,12.89,12.41,12.71,33737646.0,442954067.0,3633066000.0,0.00928627390749301
2018-02-06,12.41,12.68,11.59,11.72,64374259.0,813866267.0,3633066000.0,0.0177189896908011
2018-02-07,12.03,12.14,11.58,11.76,47642223.0,588286203.0,3633066000.0,0.013113503305472568
2018-02-08,11.77,12.21,11.74,12.09,39419882.0,489872669.0,3633066000.0,0.01085030715103992
2018-02-09,11.66,11.85,11.2,11.4,55180006.0,660264510.0,3633066000.0,0.015188275137308268
2018-02-12,11.41,11.82,11.41,11.72,33610054.0,405913319.0,3633066000.0,0.009251154259239992
2018-02-13,11.81,11.9,11.69,11.72,30090278.0,368220812.0,3633066000.0,0.008282337287569231
2018-02-14,11.85,11.85,11.68,11.75,17579217.0,214193053.0,3633066000.0,0.004838672625270227
2018-02-22,11.9,12.68,11.84,12.4,64762496.0,828654529.0,3633066000.0,0.017825851773680963
2018-02-23,12.3,12.4,12.14,12.39,39236759.0,499341371.0,3633066000.0,0.010799902616687944
2018-02-26,12.42,12.71,12.3,12.55,61165137.0,793391459.0,3633066000.0,0.016835680111509124
2018-02-27,12.55,12.55,12.24,12.31,45637985.0,584769107.0,3633066000.0,0.012561837577407071
2018-02-28,12.16,12.82,12.04,12.64,82669171.0,1071487002.0,3633066000.0,0.02275465708577824
2018-03-01,12.46,12.7,12.41,12.61,52276011.0,679875899.0,3633066000.0,0.014388951645799994
2018-03-02,12.44,13.19,12.42,12.85,93054344.0,1243718465.0,3633066000.0,0.025613171904941997
2018-03-05,12.85,13.08,12.75,12.87,52028251.0,695961435.0,3633066000.0,0.014320755802399407
2018-03-06,12.99,13.26,12.88,13.18,92081928.0,1248519177.0,3633066000.0,0.025345514780078314
2018-03-07,13.12,13.29,12.9,12.91,57947688.0,783553938.0,3633066000.0,0.015950078528713763
2018-03-08,13.03,13.26,12.96,13.05,53941816.0,731092601.0,3633066000.0,0.014847463822567495
2018-03-09,13.06,13.07,12.77,13.03,55633887.0,744513967.0,3633066000.0,0.015313205705594118
2018-03-12,13.0,13.31,12.98,13.24,79459352.0,1084584681.0,3633066000.0,0.02187115565750801
2018-03-13,13.15,13.19,12.91,12.92,56780319.0,765579721.0,3633066000.0,0.015628760666610515
2018-03-14,13.0,13.7,13.0,13.32,142462379.0,1976500492.0,3633066000.0,0.03921271427494023
2018-03-15,13.32,13.43,13.13,13.4,74596856.0,1026443505.0,3633066000.0,0.02053275552935179
2018-03-16,13.32,13.35,13.03,13.04,57868578.0,787917435.0,3633066000.0,0.015928303532058048
2018-03-19,12.89,12.98,12.75,12.86,43474066.0,578383615.0,3633066000.0,0.011966219716349771
2018-03-20,12.75,12.79,12.55,12.73,45791373.0,601158779.0,3633066000.0,0.01260405756460246
2018-03-21,12.74,12.9,12.42,12.45,46403577.0,609680606.0,3633066000.0,0.012772566476909586
2018-03-22,12.49,12.65,12.43,12.5,32505729.0,421533595.0,3633066000.0,0.008947189233556451
2018-03-23,12.06,12.24,11.28,11.65,81008741.0,991841173.0,3633066000.0,0.02229762437566507
2018-03-26,11.44,12.54,11.34,12.35,89144617.0,1126845338.0,3633066000.0,0.024537021072559652
2018-03-27,12.38,12.63,12.26,12.51,68426806.0,882024288.0,3633066000.0,0.018834451672499204
2018-03-28,12.33,12.38,12.23,12.28,37781995.0,481144978.0,3633066000.0,0.01039947939288744
2018-03-29,12.33,12.63,12.28,12.51,54775879.0,709126665.0,3633066000.0,0.015077039338123778
2018-03-30,12.48,12.59,12.42,12.56,39453505.0,510332766.0,3633066000.0,0.010859561868680614
2018-04-02,12.56,12.73,12.42,12.62,61955568.0,808089365.0,3633066000.0,0.01705324593607713
2018-04-03,12.39,12.45,12.21,12.29,38983449.0,497678867.0,3633066000.0,0.01073017913795125
2018-04-04,12.35,12.56,12.27,12.3,36840429.0,473410579.0,3633066000.0,0.010140313718495617
2018-04-09,12.31,13.29,12.31,13.01,120572619.0,1613305497.0,3633066000.0,0.03318756636956224
2018-04-10,12.9,13.0,12.74,12.99,63943439.0,853706288.0,3633066000.0,0.017600406653773975
2018-04-11,13.0,13.26,12.91,13.16,73840517.0,1000670955.0,3633066000.0,0.020324573514491618
2018-04-12,13.03,13.05,12.79,12.81,52824617.0,707397297.0,3633066000.0,0.014539955233403411
2018-04-13,12.87,12.94,12.6,12.62,37140117.0,491281755.0,3633066000.0,0.010222802723649942
2018-04-16,12.62,12.84,12.35,12.49,41578895.0,541687506.0,3633066000.0,0.011444574637510026
2018-04-17,12.57,12.83,12.42,12.43,46990773.0,613711427.0,3633066000.0,0.012934191946967107
2018-04-18,12.47,12.6,12.01,12.59,55208396.0,704668390.0,3633066000.0,0.01519608947373926
2018-04-19,12.58,13.16,12.51,12.98,103873551.0,1387566401.0,3633066000.0,0.028591154413379772
2018-04-20,12.85,12.88,12.45,12.49,63136766.0,828422405.0,3633066000.0,0.017378370225038575
2018-04-23,12.44,12.45,12.1,12.31,41926584.0,532415297.0,3633066000.0,0.011540275899199188
2018-04-24,12.31,12.52,12.26,12.48,30555791.0,393679340.0,3633066000.0,0.008410469559319868
2018-04-25,12.42,12.66,12.39,12.43,26743809.0,345975325.0,3633066000.0,0.00736122300007762
2018-04-26,12.38,12.48,11.99,12.02,35475305.0,448674572.0,3633066000.0,0.009764563869745278
2018-04-27,12.12,12.21,11.99,12.12,24655247.0,309247861.0,3633066000.0,0.006786347123889299
2018-05-02,12.14,12.2,12.01,12.14,21830778.0,273649476.0,3633066000.0,0.006008913132874548
2018-05-03,12.15,12.16,11.82,12.13,25592306.0,318293293.0,3633066000.0,0.00704427224828836
2018-05-04,12.22,12.46,12.16,12.22,35306669.0,450604058.0,3633066000.0,0.00971814687649495
2018-05-07,12.24,12.46,12.17,12.42,39645420.0,507666909.0,3633066000.0,0.010912386397604668
2018-05-08,12.43,12.58,12.33,12.49,37139708.0,479814253.0,3633066000.0,0.010222690146559408
2018-05-09,12.45,12.49,12.35,12.41,21194569.0,272148589.0,3633066000.0,0.0058337968536767565
2018-05-10,12.43,12.5,12.27,12.36,22054922.0,282929010.0,3633066000.0,0.006070608681482802
2018-05-11,12.38,12.61,12.33,12.5,47753408.0,619053897.0,3633066000.0,0.01314410693337253
2018-05-14,12.48,12.67,12.4,12.57,36764123.0,477448276.0,3633066000.0,0.010119310521746645
2018-05-15,12.66,12.67,12.41,12.54,28125811.0,364181005.0,3633066000.0,0.0077416185117473784
2018-05-16,12.46,12.47,12.24,12.25,37540740.0,479151093.0,3633066000.0,0.010333074048200611
2018-05-17,12.25,12.33,12.17,12.22,18488617.0,234061067.0,3633066000.0,0.005088984620703285
2018-05-18,12.18,12.31,12.13,12.29,18442768.0,233678025.0,3633066000.0,0.005076364701329401
2018-05-21,12.41,12.45,12.31,12.36,23707310.0,303704305.0,3633066000.0,0.006525427834231472
2018-05-22,12.38,12.39,12.17,12.3,23908458.0,303224062.0,3633066000.0,0.006580793742805663
2018-05-23,12.25,12.26,11.98,11.99,34659749.0,433506529.0,3633066000.0,0.009540082398723282
2018-05-24,11.99,12.1,11.94,11.96,17288276.0,215200391.0,3633066000.0,0.004758591228455525
2018-05-25,11.91,12.02,11.68,11.73,26609787.0,325660628.0,3633066000.0,0.007324333496831602
2018-05-28,11.73,11.78,11.57,11.63,21785683.0,263290079.0,3633066000.0,0.005996500751706685
2018-05-29,11.66,11.74,11.53,11.57,18596001.0,223809335.0,3633066000.0,0.005118542024835222
2018-05-30,11.44,11.85,11.34,11.46,34584496.0,415601478.0,3633066000.0,0.009519369039813754
2018-05-31,11.56,11.72,11.51,11.67,24707792.0,297450549.0,3633066000.0,0.006800810114652472
2018-06-01,11.59,11.8,11.57,11.65,22124982.0,267720775.0,3633066000.0,0.006089892669167034
2018-06-04,11.66,11.73,11.5,11.54,17689883.0,212066448.0,3633066000.0,0.004869133398622541
2018-06-05,11.49,11.62,11.37,11.6,24577189.0,292719527.0,3633066000.0,0.006764861689823417
2018-06-06,11.57,11.7,11.54,11.59,20553474.0,247512050.0,3633066000.0,0.005657335704883974
2018-06-07,11.66,11.71,11.51,11.54,16983584.0,203944765.0,3633066000.0,0.004674724874252216
2018-06-08,11.52,11.53,11.22,11.31,26710397.0,313511933.0,3633066000.0,0.007352026360104661
2018-06-11,11.28,11.38,11.23,11.34,14299969.0,167709047.0,3633066000.0,0.003936060891819746
2018-06-12,11.31,11.62,11.24,11.5,23443311.0,277643048.0,3633066000.0,0.006452762212412326
2018-06-13,11.5,11.61,11.41,11.49,22976259.0,273964035.0,3633066000.0,0.006324206331511731
2018-06-14,11.65,12.04,11.63,11.84,67151048.0,824104751.0,3633066000.0,0.01848329978040586
2018-06-15,11.73,11.87,11.64,11.76,42357734.0,515906300.0,3633066000.0,0.011658949768597653
2018-06-19,11.58,11.75,10.62,11.07,58499042.0,682360042.0,3633066000.0,0.016101838502245763
2018-06-20,10.83,11.17,10.83,10.98,27941459.0,318598546.0,3633066000.0,0.007690875695624577
2018-06-21,11.02,11.36,10.95,10.98,35610952.0,410325044.0,3633066000.0,0.009801900653607724
2018-06-22,10.89,11.06,10.5,11.03,26212514.0,293784888.0,3633066000.0,0.007214984258474798
2018-06-25,11.12,11.23,10.83,10.85,25170954.0,287022649.0,3633066000.0,0.006928295274569744
2018-06-26,10.62,11.06,10.57,10.95,22830310.0,256625094.0,3633066000.0,0.006284033926165944
2018-06-27,10.94,11.18,10.87,11.05,31900436.0,363032182.0,3633066000.0,0.008780582571304789
2018-06-28,10.97,11.06,10.75,10.86,25445521.0,286842884.0,3633066000.0,0.007003869734268521
2018-06-29,10.89,11.04,10.81,11.02,26027359.0,294707001.0,3633066000.0,0.00716402041691508
2018-07-02,10.98,11.08,10.73,10.82,28303544.0,319485174.0,3633066000.0,0.007790539450700868
2018-07-03,10.77,10.83,10.46,10.82,33524816.0,369365916.0,3633066000.0,0.009227692532973527
2018-07-04,10.76,10.98,10.7,10.82,23841341.0,266984595.0,3633066000.0,0.006562319814723982
2018-07-05,10.75,10.82,10.33,10.42,33816072.0,368758041.0,3633066000.0,0.009307860633415413
2018-07-06,10.43,10.5,9.96,10.34,34687855.0,368393607.0,3633066000.0,0.009547818564265004
2018-07-09,10.27,10.5,10.27,10.46,22297316.0,240208933.0,3633066000.0,0.006137327535475546
2018-07-10,10.46,10.67,10.41,10.6,27476892.0,299221394.0,3633066000.0,0.007563003810005103
2018-07-11,10.45,10.46,10.19,10.31,23548969.0,250964057.0,3633066000.0,0.006481844535717215
2018-07-12,10.36,10.61,10.36,10.56,29623141.0,321704422.0,3633066000.0,0.008153758010451779
2018-07-13,10.56,10.69,10.48,10.62,29887706.0,326789523.0,3633066000.0,0.008226579423550246
2018-07-16,10.63,10.67,10.45,10.54,17890645.0,194434172.0,3633066000.0,0.004924393060847229
2018-07-17,10.46,10.56,10.43,10.54,14610603.0,158264302.0,3633066000.0,0.004021562779206323
2018-07-18,10.54,10.61,10.44,10.46,16961115.0,184512675.0,3633066000.0,0.004668540290762678
2018-07-19,10.46,10.5,10.27,10.4,18871647.0,202080737.0,3633066000.0,0.005194413478863307
2018-07-20,10.39,10.59,10.23,10.48,22736217.0,244715407.0,3633066000.0,0.006258134864601964
2018-07-23,10.43,10.71,10.36,10.67,35990044.0,392246057.0,3633066000.0,0.009906245578803138
2018-07-24,10.61,11.07,10.61,11.03,67031657.0,756183173.0,3633066000.0,0.018450437454205347
2018-07-25,10.97,11.0,10.86,10.89,34884614.0,393321029.0,3633066000.0,0.009601976402300426
2018-07-26,10.93,10.99,10.85,10.91,22511610.0,253282673.0,3633066000.0,0.006196311875424228
2018-07-27,10.93,10.94,10.71,10.81,19551506.0,218228573.0,3633066000.0,0.005381544403542353
2018-07-30,10.79,10.98,10.76,10.83,21015121.0,235730567.0,3633066000.0,0.00578440386164193
2018-07-31,10.81,10.85,10.68,10.76,15592487.0,173197593.0,3633066000.0,0.0042918259673785175
2018-08-01,10.79,10.84,10.48,10.49,22856455.0,251868373.0,3633066000.0,0.006291230327222242
2018-08-02,10.51,10.55,10.02,10.25,27693486.0,294002567.0,3633066000.0,0.007622621224057036
2018-08-03,10.26,10.39,10.17,10.18,15364871.0,163001787.0,3633066000.0,0.004229174752123963
2018-08-06,10.24,10.24,9.91,9.96,17655662.0,183113524.0,3633066000.0,0.004859714081715003
2018-08-07,10.01,10.3,9.92,10.27,21947784.0,229764919.0,3633066000.0,0.006041118988754953
2018-08-08,10.21,10.27,10.09,10.11,16276175.0,170946065.0,3633066000.0,0.004480010822814669
2018-08-09,10.08,10.33,10.05,10.27,22077580.0,233920847.0,3633066000.0,0.00607684528714865
2018-08-10,10.27,10.3,10.17,10.25,14307655.0,151039461.0,3633066000.0,0.003938176460323044
2018-08-13,10.12,10.2,10.0,10.17,16472372.0,171532216.0,3633066000.0,0.004534013970569211
2018-08-14,10.14,10.44,10.1,10.29,22544612.0,239431707.0,3633066000.0,0.006205395663057043
2018-08-15,10.22,10.29,10.08,10.1,14653541.0,154102406.0,3633066000.0,0.00403338144696518
2018-08-16,9.96,10.12,9.93,9.98,12314854.0,127344800.0,3633066000.0,0.0033896587620483635
2018-08-17,10.08,10.1,9.83,9.86,13496796.0,138612123.0,3633066000.0,0.0037149878367197294
2018-08-20,9.86,9.96,9.7,9.9,13492172.0,136994936.0,3633066000.0,0.003713715082522586
2018-08-21,9.88,9.98,9.79,9.94,13561380.0,138894700.0,3633066000.0,0.003732764557539004
2018-08-22,9.94,9.94,9.76,9.78,11544947.0,117059719.0,3633066000.0,0.0031777421604782296
2018-08-23,9.78,9.85,9.74,9.78,12105408.0,122333079.0,3633066000.0,0.0033320088322094893
2018-08-24,9.82,9.9,9.79,9.84,15437440.0,156882677.0,3633066000.0,0.004249149341079958
2018-08-27,9.87,10.01,9.84,9.98,18865503.0,193725658.0,3633066000.0,0.0051927223452587976
2018-08-28,10.0,10.15,9.97,10.07,28275156.0,293969858.0,3633066000.0,0.0077827256647690956
2018-08-29,10.03,10.07,9.91,9.94,15297669.0,157539404.0,3633066000.0,0.004210677427825424
2018-08-30,9.92,9.98,9.82,9.84,12868885.0,131146134.0,3633066000.0,0.0035421555787866228
2018-08-31,9.82,9.93,9.77,9.92,11466539.0,116422453.0,3633066000.0,0.003156160389048809
2018-09-03,9.87,9.9,9.76,9.84,8404941.0,85164703.0,3633066000.0,0.0023134567332385374
2018-09-04,9.85,9.96,9.82,9.9,13475818.0,137586847.0,3633066000.0,0.0037092136503988644
2018-09-05,9.92,9.95,9.76,9.76,12868747.0,130851339.0,3633066000.0,0.0035421175943404276
2018-09-06,9.73,9.83,9.71,9.73,10311606.0,103974400.0,3633066000.0,0.0028382655310968752
2018-09-07,9.74,9.84,9.61,9.66,12593092.0,126365873.0,3633066000.0,0.0034662436630658513
2018-09-10,9.66,9.69,9.0,9.11,34369937.0,330453313.0,3633066000.0,0.009460311758718394
2018-09-11,9.15,9.17,8.98,9.04,16423068.0,153503255.0,3633066000.0,0.0045204430637924
2018-09-12,9.02,9.12,9.02,9.05,10223773.0,95834972.0,3633066000.0,0.0028140895320921777
2018-09-13,9.15,9.19,9.05,9.12,10003462.0,94034802.0,3633066000.0,0.00275344901523947
2018-09-14,9.13,9.54,9.1,9.32,30915798.0,299507842.0,3633066000.0,0.008509561345706353
2018-09-17,9.16,9.24,9.07,9.08,12140071.0,114368654.0,3633066000.0,0.003341549809444695
2018-09-18,9.08,9.22,9.04,9.2,12930628.0,122072961.0,3633066000.0,0.003559150315463578
2018-09-19,9.21,9.43,9.2,9.31,24010625.0,231922353.0,3633066000.0,0.006608915169721662
2018-09-20,9.59,9.83,9.5,9.51,53194224.0,530589000.0,3633066000.0,0.014641689416046943
2018-09-21,9.52,9.62,9.37,9.57,31725256.0,311194827.0,3633066000.0,0.008732364344605906
2018-09-25,9.57,9.7,9.5,9.59,20726827.0,205843278.0,3633066000.0,0.005705051050545187
2018-09-26,9.59,9.81,9.53,9.65,28628173.0,285528448.0,3633066000.0,0.00787989345638092
2018-09-27,9.65,9.72,9.51,9.52,17330922.0,171433302.0,3633066000.0,0.00477032952332823
2018-09-28,9.51,9.94,9.47,9.91,54927457.0,556212342.0,3633066000.0,0.015118761123524869
2018-10-08,9.68,10.18,9.67,9.84,59774396.0,616177402.0,3633066000.0,0.01645287919349662
2018-10-09,9.84,10.0,9.8,9.95,28949373.0,296221835.0,3633066000.0,0.007968303631147906
2018-10-10,9.95,10.12,9.81,9.88,26933457.0,276733655.0,3633066000.0,0.007413423538135558
2018-10-11,9.59,9.66,8.98,9.28,48987969.0,472236498.0,3633066000.0,0.013483919367278217
2018-10-12,9.24,9.42,9.0,9.38,28783442.0,275283671.0,3633066000.0,0.007922631188092923
2018-10-15,9.39,9.45,9.24,9.24,17967115.0,173392721.0,3633066000.0,0.004945441398532259
2018-10-16,9.3,9.37,9.02,9.18,21018789.0,198967119.0,3633066000.0,0.00578541347721181
2018-10-17,9.31,9.37,8.99,9.26,16633119.0,157841593.0,3633066000.0,0.00457825951964539
2018-10-18,9.21,9.23,8.92,8.97,17643636.0,164688715.0,3633066000.0,0.004856403929903833
2018-10-19,8.72,9.06,8.63,9.05,26402135.0,241009676.0,3633066000.0,0.007267177364793263
2018-10-22,9.06,9.53,9.06,9.4,38377994.0,369818264.0,3633066000.0,0.01056352788526275
2018-10-23,9.35,9.42,9.1,9.13,29630674.0,282438891.0,3633066000.0,0.00815583146576473
2018-10-24,9.05,9.23,9.01,9.09,18689296.0,176033119.0,3633066000.0,0.005144221437210334
2018-10-25,8.8,9.25,8.74,9.19,27193851.0,250934355.0,3633066000.0,0.007485096885110262
2018-10-26,9.4,9.49,9.15,9.2,32409442.0,311796725.0,3633066000.0,0.008920686274347892
2018-10-29,9.15,9.23,9.01,9.09,16346904.0,153732884.0,3633066000.0,0.004499478952488064
2018-10-30,9.08,9.42,9.05,9.28,30830029.0,294571798.0,3633066000.0,0.008485953461896921
2018-10-31,9.45,10.21,9.45,10.17,119166396.0,1221907391.0,3633066000.0,0.03280050403708603
2018-11-01,10.02,10.32,9.96,10.03,86489954.0,901966921.0,3633066000.0,0.023806326116839055
2018-11-02,10.13,10.17,9.92,10.09,66875594.0,694159301.0,3633066000.0,0.018407481174302916
2018-11-05,10.06,10.26,9.96,10.11,45710037.0,475620960.0,3633066000.0,0.01258166986231464
2018-11-06,10.05,10.2,9.96,10.15,38866403.0,405115591.0,3633066000.0,0.010697962272086442
2018-11-07,10.13,10.36,9.96,9.96,56604234.0,594007712.0,3633066000.0,0.015580293339014485
2018-11-08,10.04,10.12,9.83,9.87,35586310.0,366222028.0,3633066000.0,0.00979511795271542
2018-11-09,9.88,10.01,9.73,9.74,25174921.0,255816180.0,3633066000.0,0.006929387189773046
2018-11-12,9.73,9.98,9.71,9.97,28619451.0,291007307.0,3633066000.0,0.007877492729281548
2018-11-13,9.86,10.02,9.77,9.96,41183261.0,420813914.0,3633066000.0,0.011335676533264191
2018-11-14,9.94,10.14,9.85,9.87,33866796.0,348944689.0,3633066000.0,0.009321822394638577
2018-11-15,9.85,10.03,9.82,10.03,31789781.0,326696214.0,3633066000.0,0.008750124825698185
2018-11-16,10.06,10.11,9.91,9.97,37731615.0,389447498.0,3633066000.0,0.010385612317530152
2018-11-19,10.01,10.31,9.89,10.29,63116768.0,661016641.0,3633066000.0,0.017372865783335616
2018-11-20,10.19,10.23,10.0,10.06,40816223.0,426313494.0,3633066000.0,0.01123464946686903
2018-11-21,10.01,10.01,9.84,9.95,29366476.0,301034976.0,3633066000.0,0.008083111069273171
2018-11-22,9.99,9.99,9.89,9.94,17556900.0,180159272.0,3633066000.0,0.004832529879721425
2018-11-23,9.91,9.94,9.33,9.36,53138681.0,524448751.0,3633066000.0,0.014626401226952662
2018-11-26,9.39,9.41,9.2,9.23,20403171.0,196117045.0,3633066000.0,0.005615964862735772
2018-11-27,9.3,9.38,9.26,9.31,13601303.0,130948635.0,3633066000.0,0.003743753347723383
2018-11-28,9.32,9.48,9.23,9.48,20117658.0,194826092.0,3633066000.0,0.005537377520804742
2018-11-29,9.59,9.68,9.37,9.37,27918836.0,275513998.0,3633066000.0,0.007684648723695083
2018-11-30,9.38,9.52,9.26,9.42,17804945.0,172863810.0,3633066000.0,0.004900804169260894
2018-12-03,9.59,9.77,9.54,9.7,34561962.0,344399924.0,3633066000.0,0.009513166565099561
2018-12-04,9.59,9.7,9.58,9.65,19670669.0,195649376.0,3633066000.0,0.0054143439728317625
2018-12-05,9.51,9.72,9.45,9.58,28149575.0,279114527.0,3633066000.0,0.007748159543482007
2018-12-06,9.53,9.62,9.44,9.47,16890947.0,165996586.0,3633066000.0,0.004649226576120555
2018-12-07,9.48,9.56,9.42,9.45,9903729.0,96937003.0,3633066000.0,0.0027259975458744762
2018-12-10,9.42,9.42,9.2,9.26,15886642.0,152519198.0,3633066000.0,0.004372792016440108
2018-12-11,9.3,9.37,9.28,9.34,9317816.0,89713004.0,3633066000.0,0.0025647252210667243
2018-12-12,9.37,9.4,9.31,9.35,12447834.0,120203742.0,3633066000.0,0.0034262614552006488
2018-12-13,9.36,9.37,9.12,9.3,34824031.0,333438158.0,3633066000.0,0.009585300955171197
2018-12-14,9.23,9.25,8.92,9.04,51507746.0,481625454.0,3633066000.0,0.014177487004089658
2018-12-17,9.02,9.07,8.91,9.03,13716467.0,127505527.0,3633066000.0,0.0037754521938219675
2018-12-18,9.01,9.06,8.92,8.98,10913001.0,101181482.0,3633066000.0,0.0030037992703683333
2018-12-19,8.98,9.04,8.89,8.9,9862774.0,91171029.0,3633066000.0,0.0027147246980924653
2018-12-20,8.87,8.97,8.87,8.91,9984973.0,91797084.0,3633066000.0,0.002748359925198166
2018-12-21,8.9,8.91,8.78,8.82,11985094.0,109151885.0,3633066000.0,0.0032988924506188438
2018-12-24,8.83,8.87,8.78,8.83,12000071.0,109350587.0,3633066000.0,0.003303014864029445
2018-12-25,8.76,8.76,8.46,8.58,25625179.0,226716167.0,3633066000.0,0.007053320528721471
2018-12-26,8.52,8.65,8.52,8.56,10351322.0,91712655.0,3633066000.0,0.0028491973446119613
2018-12-27,8.72,8.72,8.47,8.48,13787236.0,122171874.0,3633066000.0,0.003794931333479766
2018-12-28,8.49,8.56,8.46,8.49,11223189.0,98587109.0,3633066000.0,0.0030891783964288014
2019-01-02,8.51,8.52,8.39,8.42,9241109.0,80535092.0,3633066000.0,0.002543611649224099
2019-01-03,8.43,8.57,8.39,8.54,12515368.0,109832412.0,3633066000.0,0.003444850162369745
2019-01-04,8.45,8.89,8.42,8.89,32427875.0,291657923.0,3633066000.0,0.00892575995041103
2019-01-07,8.89,9.04,8.83,8.99,33198703.0,306471398.0,3633066000.0,0.009137930056872074
2019-01-08,8.91,9.01,8.83,8.87,17874194.0,164300567.0,3633066000.0,0.004919864929511328
2019-01-09,8.91,8.96,8.81,8.81,21979960.0,201929379.0,3633066000.0,0.0060499754202098174
2019-01-10,8.82,8.83,8.66,8.68,18355664.0,165697639.0,3633066000.0,0.005052389359290472
2019-01-11,8.74,8.82,8.72,8.77,18902615.0,171153586.0,3633066000.0,0.005202937408789161
2019-01-14,8.79,8.85,8.71,8.72,15208107.0,137812242.0,3633066000.0,0.0041860255222448475
2019-01-15,8.61,8.77,8.61,8.75,15675154.0,140995431.0,3633066000.0,0.004314580026897392
2019-01-16,8.75,8.78,8.59,8.63,18124557.0,162313203.0,3633066000.0,0.0049887772476470285
2019-01-17,8.65,8.8,8.59,8.63,32245316.0,289266383.0,3633066000.0,0.008875510656839154
2019-01-18,8.61,8.8,8.58,8.77,35697690.0,321823508.0,3633066000.0,0.009825775254289352
2019-01-21,8.79,8.82,8.7,8.76,22845299.0,206640014.0,3633066000.0,0.006288159642571866
2019-01-22,8.75,8.76,8.59,8.63,17577736.0,157361292.0,3633066000.0,0.004838264980597655
2019-01-23,8.6,8.7,8.59,8.62,11655255.0,103927444.0,3633066000.0,0.0032081043944701252
2019-01-24,8.62,8.65,8.55,8.6,16731456.0,148554587.0,3633066000.0,0.004605326740554672
2019-01-25,8.6,8.66,8.57,8.58,15135079.0,134564747.0,3633066000.0,0.004165924593717813
2019-01-28,8.62,8.66,8.54,8.56,13404390.0,119031772.0,3633066000.0,0.0036895531212480038
2019-01-29,8.52,8.55,8.25,8.42,22345716.0,193880230.0,3633066000.0,0.006150649616604818
2019-01-30,8.43,8.46,8.34,8.37,9835205.0,85314726.0,3633066000.0,0.002707136341591372
2019-01-31,8.46,8.46,8.24,8.28,15608218.0,134492138.0,3633066000.0,0.004296155918995141
2019-02-01,8.33,8.43,8.31,8.43,13634252.0,117997085.0,3633066000.0,0.003752822547126862
2019-02-11,8.5,8.69,8.45,8.68,22142611.0,196493414.0,3633066000.0,0.006094745044543644
2019-02-12,8.72,8.75,8.63,8.7,23612296.0,211842793.0,3633066000.0,0.0064992752677765836
2019-02-13,8.7,8.99,8.68,8.9,52023584.0,475658128.0,3633066000.0,0.014319471212469027
2019-02-14,8.87,8.93,8.82,8.87,23842124.0,218209307.0,3633066000.0,0.006562535335168698
2019-02-15,8.88,8.94,8.79,8.8,24125289.0,220871644.0,3633066000.0,0.006640476391015192
2019-02-18,8.86,9.05,8.84,9.03,45536533.0,421322042.0,3633066000.0,0.012533912953962301
2019-02-19,9.04,9.07,8.9,8.98,38625297.0,358482694.0,3633066000.0,0.010631597939591519
2019-02-20,8.97,9.24,8.95,9.05,49646969.0,467007821.0,3633066000.0,0.01366530886034
2019-02-21,9.01,9.14,8.96,8.99,39676830.0,370445292.0,3633066000.0,0.010921031987858189
2019-02-22,8.97,9.09,8.87,9.08,37165124.0,344436139.0,3633066000.0,0.010229685890649936
2019-02-25,9.2,9.99,9.13,9.99,146278206.0,1475168464.0,3633066000.0,0.04026301916893335
2019-02-26,10.41,10.99,10.12,10.92,277759876.0,3033685441.0,3633066000.0,0.07645329757290399
2019-02-27,10.6,10.92,10.41,10.61,140994556.0,1552540888.0,3633066000.0,0.03880869656648132
2019-02-28,10.62,10.7,10.29,10.32,83204199.0,897802358.0,3633066000.0,0.022901923334175598
2019-03-01,10.43,10.44,10.15,10.44,80833209.0,859173687.0,3633066000.0,0.022249309261103432
2019-03-04,10.59,10.85,10.44,10.57,129388866.0,1420546395.0,3633066000.0,0.035614234918936234
2019-03-05,10.46,10.78,10.39,10.78,91945945.0,1008747858.0,3633066000.0,0.02530808551234687
2019-03-06,10.93,11.46,10.82,11.03,150304981.0,1721632774.0,3633066000.0,0.04137138741767972
2019-03-07,10.89,11.91,10.78,11.43,165198997.0,1945863810.0,3633066000.0,0.045470959514635846
2019-03-08,11.04,11.23,10.46,10.51,122597394.0,1381390093.0,3633066000.0,0.03374488489887054
2019-03-11,10.43,10.89,10.43,10.84,68293033.0,757489080.0,3633066000.0,0.018797630706406103
2019-03-12,10.89,11.16,10.72,10.94,93246147.0,1056501986.0,3633066000.0,0.02566596560590972
2019-03-13,11.03,11.42,10.83,11.12,114456700.0,1309318502.0,3633066000.0,0.03150416204935446
2019-03-14,10.98,11.51,10.79,10.93,130032894.0,1507329414.0,3633066000.0,0.03579150337483547
2019-03-15,10.99,11.32,10.81,11.32,106703464.0,1218936479.0,3633066000.0,0.029370086863271958
2019-03-18,11.81,12.08,11.4,11.49,148650075.0,1790837754.0,3633066000.0,0.0409158751864128
2019-03-19,11.43,11.63,11.25,11.51,84817366.0,1002450437.0,3633066000.0,0.023345946921966183
2019-03-20,11.43,11.46,10.96,11.18,87373201.0,1007792959.0,3633066000.0,0.024049439509218937
2019-03-21,11.18,11.4,11.06,11.19,73199524.0,850011479.0,3633066000.0,0.020148140441159066
2019-03-22,11.12,11.32,11.01,11.19,55069088.0,635470396.0,3633066000.0,0.015157745001054206
2019-03-25,10.94,11.04,10.75,10.75,66788625.0,751975694.0,3633066000.0,0.018383542990961354
2019-03-26,10.8,10.9,10.45,10.56,55493214.0,610054755.0,3633066000.0,0.015274485517191265
2019-03-27,10.64,10.68,10.42,10.56,35297795.0,383756786.0,3633066000.0,0.009715704311454843
2019-03-28,10.47,10.58,10.37,10.44,34362182.0,372222892.0,3633066000.0,0.009458177197992
2019-03-29,10.46,10.8,10.42,10.8,54006501.0,594338652.0,3633066000.0,0.014865268343597391
2019-04-01,10.84,11.28,10.84,11.14,83903500.0,962635386.0,3633066000.0,0.02309440566177438
2019-04-02,11.19,11.59,11.03,11.43,117563381.0,1367737129.0,3633066000.0,0.03235927478333727
2019-04-03,11.23,11.39,11.16,11.27,69514839.0,808135101.0,3633066000.0,0.01913393233153485
2019-04-04,11.29,11.49,11.16,11.41,90411830.0,1059362003.0,3633066000.0,0.024885820956734615
2019-04-08,11.5,11.75,11.24,11.43,110438486.0,1314067578.0,3633066000.0,0.030398150212520222
2019-04-09,11.32,11.32,11.08,11.16,59802549.0,690165062.0,3633066000.0,0.016460628295770018
2019-04-10,11.17,11.22,10.94,11.13,47629727.0,543695794.0,3633066000.0,0.013110063786344647
2019-04-11,11.11,11.24,10.92,10.93,44123067.0,505655228.0,3633066000.0,0.012144856988560077
2019-04-12,10.89,10.99,10.76,10.87,30629662.0,343846302.0,3633066000.0,0.008430802523268225
2019-04-15,11.04,11.12,10.73,10.74,35622154.0,403808550.0,3633066000.0,0.009804983999740164
2019-04-16,10.67,11.14,10.64,11.12,48989652.0,555746595.0,3633066000.0,0.01348438261237203
2019-04-17,11.14,11.25,11.03,11.11,41212838.0,473454851.0,3633066000.0,0.011343817590982382
2019-04-18,11.04,11.16,10.88,10.9,35598303.0,404542983.0,3633066000.0,0.009798419021289455
2019-04-19,10.9,11.02,10.73,11.01,35059980.0,394013817.0,3633066000.0,0.009650245825426788
2019-04-22,11.09,11.2,10.85,10.85,33961599.0,386077822.0,3633066000.0,0.009347916883425735
2019-04-23,10.87,11.4,10.7,11.16,71828439.0,822050181.0,3633066000.0,0.019770749829482865
2019-04-24,11.09,11.19,10.94,11.18,44621573.0,510608948.0,3633066000.0,0.012282070570697037
2019-04-25,11.16,11.69,11.03,11.28,142715876.0,1687325675.0,3633066000.0,0.03928248922535401
2019-04-26,11.22,11.22,10.44,10.62,84462770.0,939468850.0,3633066000.0,0.02324834451122
2019-04-29,10.39,10.55,9.74,9.85,71025473.0,742595393.0,3633066000.0,0.01954973375105214
2019-04-30,9.9,10.08,9.88,9.95,25041251.0,258137849.0,3633066000.0,0.006892594574389785
2019-05-06,9.66,9.76,9.1,9.23,50245329.0,490226241.0,3633066000.0,0.013830007217044776
2019-05-07,9.34,9.47,9.16,9.38,27538765.0,265748516.0,3633066000.0,0.007580034329131373
2019-05-08,9.19,9.56,9.15,9.42,27663609.0,267951530.0,3633066000.0,0.007614397591455812
2019-05-09,9.32,9.66,9.26,9.53,31946299.0,313148804.0,3633066000.0,0.008793206344173214
2019-05-10,9.62,9.92,9.46,9.88,53298607.0,535480378.0,3633066000.0,0.014670420796098942
2019-05-13,9.73,9.84,9.65,9.7,30100598.0,302866034.0,3633066000.0,0.008285177863545556
2019-05-14,9.93,10.16,9.79,9.81,46396447.0,476430400.0,3633066000.0,0.01277060394718951
2019-05-15,9.89,9.96,9.7,9.87,40299019.0,409843759.0,3633066000.0,0.011092289267522253
2019-05-16,9.97,10.86,9.97,10.86,86684975.0,945672084.0,3633066000.0,0.02386000557105211
2019-05-17,11.51,11.51,10.64,10.64,180806381.0,2069947601.0,3633066000.0,0.049766885875456156
2019-05-20,10.39,11.37,10.05,11.23,158934641.0,1778100716.0,3633066000.0,0.04374669796805233
2019-05-21,11.28,12.36,10.92,12.36,226152797.0,2746574654.0,3633066000.0,0.06224846919929338
2019-05-22,13.07,13.07,12.26,12.33,342566030.0,4489115532.0,3633066000.0,0.09429116619406308
2019-05-23,12.41,12.83,12.15,12.6,215611232.0,2792366464.0,3633066000.0,0.05934690754310547
2019-05-24,12.19,12.78,11.57,11.67,196881873.0,2466668533.0,3633066000.0,0.05419165878076534
2019-05-27,11.77,12.25,11.7,12.06,142575285.0,1762485024.0,3633066000.0,0.03924379160741919
2019-05-28,11.91,12.36,11.74,12.05,146358674.0,1817434591.0,3633066000.0,0.040285167954559595
2019-05-29,12.59,13.17,12.41,13.09,300161630.0,3978435000.0,3633066000.0,0.08261937162716008
2019-05-30,12.84,12.92,12.05,12.55,209890914.0,2719794384.0,3633066000.0,0.05777239224390639
2019-05-31,12.4,13.3,12.28,12.72,214229253.0,2847164403.0,3633066000.0,0.05896651836217674
2019-06-03,12.72,13.03,12.24,12.42,151146918.0,1969889651.0,3633066000.0,0.041603130248666
2019-06-04,12.4,12.61,11.8,12.0,122085745.0,1525253775.0,3633066000.0,0.03360405371110792
2019-06-05,12.45,12.54,12.04,12.07,103169574.0,1309595382.0,3633066000.0,0.028397385018604122
2019-06-06,12.1,12.67,11.98,12.41,135425328.0,1736444640.0,3633066000.0,0.03727576873087359
2019-06-10,12.64,12.66,11.94,12.33,114628156.0,1459534715.0,3633066000.0,0.03155135524650529
2019-06-11,12.34,13.49,12.29,13.28,228430388.0,3064532552.0,3633066000.0,0.06287537523403099
2019-06-12,13.36,14.6,13.25,13.87,393586267.0,5735350722.0,3633066000.0,0.10833446653597816
2019-06-13,13.56,13.83,13.13,13.55,216266821.0,3009013913.0,3633066000.0,0.05952735815974717
2019-06-14,13.56,13.61,13.13,13.19,134414424.0,1842174453.0,3633066000.0,0.036997517799016034
2019-06-17,13.3,13.71,13.18,13.36,126492829.0,1757156975.0,3633066000.0,0.03481710186382521
2019-06-18,13.18,13.27,12.64,12.91,104462048.0,1393512453.0,3633066000.0,0.028753137983180046
2019-06-19,12.87,13.07,12.66,12.76,123614967.0,1632540256.0,3633066000.0,0.03402497147037791
2019-06-20,12.77,12.8,12.28,12.58,126235999.0,1621611635.0,3633066000.0,0.034746409506460935
2019-06-21,12.58,12.79,12.47,12.62,111290654.0,1448738586.0,3633066000.0,0.030632709122267527
2019-06-24,12.62,13.01,12.53,12.83,106325647.0,1402689817.0,3633066000.0,0.029266092881329434
2019-06-25,12.73,12.73,12.08,12.3,110207823.0,1397356513.0,3633066000.0,0.03033466031170367
2019-06-26,12.17,12.37,12.09,12.15,45621726.0,573428152.0,3633066000.0,0.01255736229399631
2019-06-27,12.25,12.28,12.03,12.2,47524542.0,595418246.0,3633066000.0,0.01308111165610534
2019-06-28,12.2,12.59,12.11,12.48,87834230.0,1117422168.0,3633066000.0,0.024176337561717845
2019-07-01,12.13,12.29,11.69,12.24,104147969.0,1288916428.0,3633066000.0,0.028666687860886646
2019-07-02,12.13,12.3,12.05,12.14,53455942.0,669691158.0,3633066000.0,0.01471372719350543
2019-07-03,12.1,12.2,11.8,11.85,64973899.0,799066789.0,3633066000.0,0.01788404036700682
2019-07-04,11.85,12.14,11.7,11.88,55916444.0,682240158.0,3633066000.0,0.015390979409677666
2019-07-05,11.88,12.0,11.73,11.86,36420412.0,443610925.0,3633066000.0,0.010024704203006496
2019-07-08,11.81,11.82,11.18,11.28,67726452.0,796138969.0,3633066000.0,0.018641679507060978
2019-07-09,11.27,11.52,11.14,11.34,42936977.0,500562263.0,3633066000.0,0.011818386178505978
2019-07-10,11.27,11.37,11.01,11.07,38621946.0,443885864.0,3633066000.0,0.010630675578148044
2019-07-11,11.17,11.29,10.92,11.02,37054519.0,423857146.0,3633066000.0,0.010199241907523839
2019-07-12,11.08,11.1,10.93,10.97,24049843.0,272318971.0,3633066000.0,0.006619709908930914
2019-07-15,11.08,11.34,11.0,11.26,52642410.0,607160537.0,3633066000.0,0.014489802827694295
2019-07-16,11.32,11.52,11.25,11.39,44723095.0,524766311.0,3633066000.0,0.012310014461614515
2019-07-17,11.33,11.53,11.23,11.38,42069641.0,492213232.0,3633066000.0,0.011579652282672541
2019-07-18,11.49,11.88,11.48,11.6,77634178.0,932809090.0,3633066000.0,0.02136877722562706
2019-07-19,11.57,11.71,11.48,11.52,39759049.0,473090477.0,3633066000.0,0.010943662735551736
2019-07-22,11.46,11.47,10.7,10.73,75029540.0,840109134.0,3633066000.0,0.020651851631652163
2019-07-23,10.75,10.87,10.72,10.8,23738772.0,263716947.0,3633066000.0,0.0065340877374647196
2019-07-24,10.81,10.96,10.81,10.88,26413359.0,296087159.0,3633066000.0,0.007270266766417125
2019-07-25,10.88,10.99,10.79,10.92,30640566.0,343566280.0,3633066000.0,0.008433803845016853
2019-07-26,10.92,10.93,10.82,10.88,20812078.0,232677183.0,3633066000.0,0.005728516355056583
2019-07-29,10.9,10.99,10.87,10.91,18919244.0,212400574.0,3633066000.0,0.005207514534555662
2019-07-30,10.88,11.0,10.87,10.88,31538984.0,354352602.0,3633066000.0,0.008681093049231696
2019-07-31,10.85,10.96,10.71,10.92,30501130.0,340106176.0,3633066000.0,0.008395424140381705
2019-08-01,10.87,10.91,10.75,10.76,24355811.0,270800314.0,3633066000.0,0.006703927481636722
2019-08-02,11.27,11.81,11.09,11.73,158085515.0,1861259492.0,3633066000.0,0.04351297636761897
2019-08-05,11.74,12.23,11.56,11.83,136142493.0,1670849201.0,3633066000.0,0.03747316811750736
2019-08-06,11.63,12.09,11.36,11.6,113170977.0,1364439878.0,3633066000.0,0.031150267294896377
2019-08-07,11.54,12.13,11.49,11.96,127375520.0,1548870119.0,3633066000.0,0.03506006221742187
2019-08-08,11.82,11.87,11.5,11.62,76733877.0,922377482.0,3633066000.0,0.021120969726396384
2019-08-09,11.65,11.76,11.42,11.45,58598549.0,700656239.0,3633066000.0,0.01612922776519887
2019-08-12,11.5,11.53,10.83,11.08,77079700.0,875249159.0,3633066000.0,0.021216157372313083
2019-08-13,10.98,11.24,10.93,11.08,46081401.0,526471082.0,3633066000.0,0.012683887658523131
2019-08-14,10.75,10.96,10.7,10.92,49005208.0,547527483.0,3633066000.0,0.013488664395306884
2019-08-15,10.77,10.94,10.73,10.84,39036384.0,434171275.0,3633066000.0,0.010744749476062368
2019-08-16,11.03,11.23,10.99,11.13,71977895.0,824798963.0,3633066000.0,0.019811887535211306
2019-08-19,10.95,11.28,10.91,11.25,62425963.0,712647339.0,3633066000.0,0.01718272197642432
2019-08-20,11.19,11.42,11.13,11.29,59351096.0,688897433.0,3633066000.0,0.016336366033537515
2019-08-21,11.27,11.27,11.04,11.06,40744647.0,466093260.0,3633066000.0,0.011214948200775874
2019-08-22,11.06,11.13,10.97,11.07,28810379.0,327659110.0,3633066000.0,0.007930045586840427
2019-08-23,11.08,11.4,11.07,11.25,70402186.0,816395510.0,3633066000.0,0.01937817424731618
2019-08-26,11.58,11.72,11.28,11.31,82497571.0,973782305.0,3633066000.0,0.022707424252683545
2019-08-27,11.24,11.38,11.06,11.37,61323657.0,708251401.0,3633066000.0,0.01687931267970359
2019-08-28,11.27,11.27,11.09,11.13,44347025.0,509666272.0,3633066000.0,0.01220650134074085
2019-08-29,11.1,11.16,11.0,11.07,31306024.0,356711354.0,3633066000.0,0.00861697090006072
2019-08-30,11.07,11.51,10.96,11.29,71376065.0,823350421.0,3633066000.0,0.01964623406235945
2019-09-02,11.26,11.31,11.12,11.31,45302552.0,523453398.0,3633066000.0,0.012469509774939404
2019-09-03,11.35,11.5,11.26,11.32,41115731.0,479786453.0,3633066000.0,0.011317088927093535
2019-09-04,11.3,11.41,11.2,11.35,42421449.0,493880872.0,3633066000.0,0.011676487297505743
2019-09-05,11.36,11.66,11.3,11.49,86191804.0,1017888071.0,3633066000.0,0.02372426044558508
2019-09-06,11.51,11.53,11.26,11.34,52035230.0,609108771.0,3633066000.0,0.014322676769428356
2019-09-09,11.41,11.57,11.32,11.57,61682693.0,727031831.0,3633066000.0,0.016978137198718657
2019-09-10,11.57,11.78,11.52,11.6,78394222.0,939982752.0,3633066000.0,0.02157797904029269
2019-09-11,11.64,11.76,11.47,11.6,59251591.0,707942261.0,3633066000.0,0.016308977321083624
2019-09-12,11.6,11.63,11.42,11.51,36964159.0,437414948.0,3633066000.0,0.010174370352754395
2019-09-16,11.48,11.54,11.41,11.46,32562974.0,383649730.0,3633066000.0,0.008962945897487137
2019-09-17,11.46,11.6,11.19,11.21,53739206.0,631786968.0,3633066000.0,0.014791695499063326
2019-09-18,11.18,11.26,11.13,11.15,30164630.0,346815680.0,3633066000.0,0.008302802646580051
2019-09-19,11.15,11.27,11.12,11.24,23287395.0,267958269.0,3633066000.0,0.006409846394202582
2019-09-20,11.22,11.41,11.18,11.35,30859884.0,358405829.0,3633066000.0,0.008494171039006723
2019-09-23,11.26,11.26,11.0,11.05,34821851.0,397490433.0,3633066000.0,0.00958470091102116
2019-09-24,11.05,11.1,10.92,10.97,24585201.0,278187631.0,3633066000.0,0.006767066989699609
2019-09-25,10.96,10.96,10.83,10.84,25434546.0,284463648.0,3633066000.0,0.007000848869797576
2019-09-26,10.82,10.9,10.36,10.43,46228757.0,503586123.0,3633066000.0,0.012724447340070343
2019-09-27,10.42,10.55,10.37,10.45,15085753.0,162604027.0,3633066000.0,0.00415234763144958
2019-09-30,10.46,10.61,10.45,10.56,17845105.0,193369321.0,3633066000.0,0.004911858193602869
2019-10-08,10.56,10.64,10.44,10.62,20326667.0,220572406.0,3633066000.0,0.005594907166563998
2019-10-09,10.56,10.8,10.51,10.72,31228195.0,343524795.0,3633066000.0,0.008595548498155553
2019-10-10,10.67,10.72,10.56,10.65,19044345.0,208181544.0,3633066000.0,0.005241948536029899
2019-10-11,10.57,10.65,10.56,10.61,14227829.0,155215205.0,3633066000.0,0.003916204384946489
2019-10-14,10.58,10.71,10.56,10.62,24004185.0,262524755.0,3633066000.0,0.006607142562232561
2019-10-15,10.63,10.65,10.4,10.4,21719999.0,234481567.0,3633066000.0,0.0059784212563162905
2019-10-16,10.4,10.49,10.11,10.15,26539433.0,281339164.0,3633066000.0,0.007304968585761998
2019-10-17,10.19,10.24,10.11,10.13,15849896.0,165954114.0,3633066000.0,0.004362677694267046
2019-10-18,10.16,10.2,9.82,9.88,24372058.0,250021997.0,3633066000.0,0.006708399462052162
2019-10-21,9.85,9.93,9.65,9.93,20681013.0,208687355.0,3633066000.0,0.005692440764907656
2019-10-22,9.91,10.01,9.88,9.95,12796993.0,131069305.0,3633066000.0,0.0035223673338166716
2019-10-23,9.92,9.98,9.76,9.83,13535613.0,137449110.0,3633066000.0,0.0037256722008353277
2019-10-24,9.77,9.87,9.77,9.79,11918297.0,120231476.0,3633066000.0,0.0032805066024123976
2019-10-25,9.78,9.86,9.72,9.82,11947508.0,120290278.0,3633066000.0,0.0032885469187732895
2019-10-28,9.84,10.06,9.84,10.02,24722774.0,253059780.0,3633066000.0,0.006804933904311124
2019-10-29,10.03,10.06,9.87,9.87,15887442.0,162370620.0,3633066000.0,0.004373012216128196
2019-10-30,9.87,9.87,9.66,9.68,21541514.0,215385825.0,3633066000.0,0.005929293329655998
2019-10-31,9.68,9.77,9.67,9.77,13247610.0,132768221.0,3633066000.0,0.003646399487375126
2019-11-01,9.73,10.04,9.67,10.0,36562734.0,374529166.0,3633066000.0,0.010063878278016419
2019-11-04,10.0,10.0,9.88,9.88,18543510.0,189550444.0,3633066000.0,0.005104093897550994
2019-11-05,9.9,10.0,9.83,9.95,17696389.0,180795366.0,3633066000.0,0.0048709241725859095
2019-11-06,9.9,10.09,9.87,9.98,22690874.0,233444388.0,3633066000.0,0.006245654221530795
2019-11-07,9.93,9.97,9.84,9.87,15314161.0,155600808.0,3633066000.0,0.00421521684439534
2019-11-08,9.87,9.91,9.76,9.77,19041195.0,192332802.0,3633066000.0,0.005241081499758056
2019-11-11,9.74,9.9,9.58,9.62,24853576.0,249064193.0,3633066000.0,0.006840937103812592
2019-11-12,9.57,9.65,9.17,9.39,27143297.0,261551794.0,3633066000.0,0.007471181916320816
2019-11-13,9.39,9.39,9.21,9.23,19397656.0,185011867.0,3633066000.0,0.005339197251027094
2019-11-14,9.22,9.3,9.18,9.28,16021785.0,152392636.0,3633066000.0,0.00440999007449906
2019-11-15,9.29,9.76,9.26,9.46,34961151.0,343590197.0,3633066000.0,0.009623043181709333
2019-11-18,9.46,9.52,9.28,9.45,16043280.0,155158813.0,3633066000.0,0.004415906564868351
2019-11-19,9.45,9.61,9.37,9.61,18897062.0,185301436.0,3633066000.0,0.005201408947704225
2019-11-20,9.57,10.0,9.51,9.89,52643094.0,528928363.0,3633066000.0,0.014489991098427609
2019-11-21,9.8,9.88,9.68,9.7,27749216.0,278248443.0,3633066000.0,0.007637960884828407
2019-11-22,9.71,9.82,9.54,9.59,24388754.0,243077168.0,3633066000.0,0.0067129950295425405
2019-11-25,9.57,9.75,9.52,9.67,21632588.0,215340637.0,3633066000.0,0.005954361412647059
2019-11-26,9.67,9.78,9.59,9.77,22526137.0,224794326.0,3633066000.0,0.006200310426510281
2019-11-27,9.72,9.88,9.69,9.76,21693589.0,218399613.0,3633066000.0,0.005971151914113314
2019-11-28,9.91,9.96,9.76,9.79,29001071.0,293972039.0,3633066000.0,0.007982533485491317
2019-11-29,9.78,9.81,9.62,9.66,16717388.0,166298467.0,3633066000.0,0.00460145452903966
2019-12-02,9.62,9.66,9.45,9.47,21674149.0,212962355.0,3633066000.0,0.0059658010616927964
2019-12-03,9.5,9.66,9.5,9.62,18530785.0,183231590.0,3633066000.0,0.005100591346262358
2019-12-04,9.63,10.03,9.62,9.95,71165676.0,723187972.0,3633066000.0,0.019588324572138244
2019-12-05,9.87,9.93,9.82,9.89,34579080.0,351054904.0,3633066000.0,0.009517878287925404
2019-12-06,9.87,10.05,9.84,9.92,35709654.0,365303544.0,3633066000.0,0.009829068340624695
2019-12-09,9.92,10.04,9.86,9.94,29007136.0,296574020.0,3633066000.0,0.007984202874376628
2019-12-10,9.89,10.0,9.82,9.91,27289255.0,278119636.0,3633066000.0,0.007511356798913094
2019-12-11,9.9,9.91,9.8,9.82,20443680.0,206997150.0,3633066000.0,0.005627114949191675
2019-12-12,9.86,10.06,9.86,9.98,42931553.0,440139596.0,3633066000.0,0.011816893224620748
2019-12-13,9.91,10.03,9.88,10.01,40531080.0,415597267.0,3633066000.0,0.01115616396729374
2019-12-16,9.96,10.15,9.91,10.15,45097852.0,465269598.0,3633066000.0,0.012413166179750107
2019-12-17,10.19,10.51,10.15,10.39,81104112.0,862650413.0,3633066000.0,0.022323875206230772
2019-12-18,10.4,10.53,10.28,10.31,57294901.0,611873179.0,3633066000.0,0.015770399161479588
2019-12-19,10.35,10.35,10.22,10.27,29272272.0,309308271.0,3633066000.0,0.00805718145500247
2019-12-20,10.3,10.31,10.1,10.1,31837067.0,333554881.0,3633066000.0,0.008763140278761796
2019-12-23,10.09,10.21,9.96,9.99,28501133.0,296092165.0,3633066000.0,0.007844925745912681
2019-12-24,10.0,10.35,10.0,10.27,41586862.0,436088601.0,3633066000.0,0.011446767551153763
2019-12-25,10.27,10.3,10.16,10.19,26255837.0,276020652.0,3633066000.0,0.007226908897333547
2019-12-26,10.2,10.28,10.11,10.23,21241838.0,223071819.0,3633066000.0,0.005846807627496996
2019-12-27,10.24,10.87,10.24,10.54,108871029.0,1184150401.0,3633066000.0,0.029966708284407714
2019-12-30,10.51,10.63,10.31,10.6,55589235.0,601390352.0,3633066000.0,0.015300915260003534
2019-12-31,10.58,10.67,10.46,10.54,35095236.0,380717840.0,3633066000.0,0.009659950025680788
2020-01-02,10.57,10.81,10.55,10.76,57561327.0,632313184.0,3633066000.0,0.01584373281410247
2020-01-03,10.78,10.91,10.69,10.75,58416609.0,648384741.0,3633066000.0,0.016079148851135653
2020-01-06,10.7,11.03,10.64,10.95,83079419.0,931187551.0,3633066000.0,0.022867577687826206
2020-01-07,10.91,11.0,10.73,10.87,57361175.0,639459889.0,3633066000.0,0.015788641054139945
2020-01-08,10.86,10.91,10.58,10.59,50315990.0,555180964.0,3633066000.0,0.013849456629744685
2020-01-09,10.67,10.74,10.57,10.65,31310515.0,343039250.0,3633066000.0,0.00861820704605972
2020-01-10,10.67,10.72,10.6,10.64,24412307.0,267785942.0,3633066000.0,0.006719477983609436
2020-01-13,10.64,10.75,10.5,10.74,28912617.0,316311329.0,3633066000.0,0.007958186556478742
2020-01-14,10.74,10.92,10.73,10.77,39167467.0,436835959.0,3633066000.0,0.010780830020704275
2020-01-15,10.76,10.76,10.54,10.55,27540271.0,300158391.0,3633066000.0,0.007580448855044197
2020-01-16,10.57,10.72,10.44,10.49,22898167.0,248781424.0,3633066000.0,0.006302711538959105
2020-01-17,10.5,10.56,10.37,10.4,21844087.0,234464368.0,3633066000.0,0.006012576429935487
2020-01-20,10.42,10.64,10.36,10.57,24975894.0,270670288.0,3633066000.0,0.0068746050856218965
2020-01-21,10.56,10.56,10.25,10.27,27121346.0,289181814.0,3633066000.0,0.007465139912129315
2020-01-22,10.25,10.34,10.05,10.26,23896086.0,250614657.0,3633066000.0,0.006577388354629395
2020-01-23,10.21,10.24,9.77,9.86,33882052.0,347705776.0,3633066000.0,0.0093260216026904
2020-02-03,8.87,8.87,8.87,8.87,13364600.0,122018798.0,3633066000.0,0.0036786009392617697
2020-02-04,8.05,8.8,8.05,8.65,60274915.0,530583815.0,3633066000.0,0.01659064685309873
2020-02-05,8.71,9.16,8.71,9.02,47885557.0,443409238.0,3633066000.0,0.013180480894098814
2020-02-06,9.13,9.16,8.95,9.1,33456915.0,311763071.0,3633066000.0,0.00920900280919752
2020-02-07,9.02,9.22,8.94,9.14,33206541.0,310330033.0,3633066000.0,0.009140087463316108
2020-02-10,9.11,9.34,9.04,9.31,32876305.0,312238201.0,3633066000.0,0.009049190133072177
2020-02-11,9.41,9.42,9.25,9.28,26205402.0,251605776.0,3633066000.0,0.007213026683247703
2020-02-12,9.28,9.58,9.24,9.55,42494025.0,413534241.0,3633066000.0,0.011696463813209008
2020-02-13,9.55,9.76,9.39,9.52,43457870.0,427355428.0,3633066000.0,0.011961761773664448
2020-02-14,9.48,9.69,9.42,9.53,35723824.0,351273628.0,3633066000.0,0.009832968627599938
2020-02-17,9.6,9.77,9.56,9.73,64451089.0,641002560.0,3633066000.0,0.01774013711834577
2020-02-18,9.89,10.18,9.76,9.98,87417404.0,898024776.0,3633066000.0,0.02406160636773458
2020-02-19,9.91,9.91,9.69,9.72,65076745.0,653481799.0,3633066000.0,0.017912348688408082
2020-02-20,9.76,9.85,9.55,9.83,52461169.0,524127828.0,3633066000.0,0.014439916313108543
2020-02-21,9.79,9.99,9.73,9.91,63597155.0,647177517.0,3633066000.0,0.017505092117787016
2020-02-24,9.86,9.86,9.65,9.76,66142288.0,662383404.0,3633066000.0,0.01820563898371238
2020-02-25,9.53,9.65,9.23,9.52,76989779.0,748927593.0,3633066000.0,0.021191406652122477
2020-02-26,9.39,9.64,9.28,9.41,52985615.0,516655655.0,3633066000.0,0.01458426987013173
2020-02-27,9.45,9.51,9.34,9.4,29053808.0,281382301.0,3633066000.0,0.007997049324179632
2020-02-28,9.17,9.23,8.81,8.84,64378364.0,596621525.0,3633066000.0,0.0177201195904506
2020-03-02,8.83,9.17,8.83,9.14,36121796.0,337604739.0,3633066000.0,0.00994251026543421
2020-03-03,9.25,9.39,9.14,9.21,37473841.0,357951390.0,3633066000.0,0.010314660124533933
2020-03-04,9.19,9.36,9.18,9.33,29832084.0,285026622.0,3633066000.0,0.008211269489736767
2020-03-05,9.41,9.55,9.32,9.54,53815417.0,523465379.0,3633066000.0,0.014812672547099337
2020-03-06,9.43,9.49,9.33,9.39,36469450.0,352740005.0,3633066000.0,0.010038201893387017
2020-03-09,9.24,9.25,8.99,9.03,42472555.0,397056738.0,3633066000.0,0.01169055420407997
2020-03-10,8.88,9.14,8.82,9.11,37813124.0,349762201.0,3633066000.0,0.01040804763800052
2020-03-11,9.13,9.17,9.01,9.01,25966690.0,242990061.0,3633066000.0,0.007147321298319381
2020-03-12,8.88,8.92,8.83,8.87,25638608.0,233853658.0,3633066000.0,0.007057016855735624
2020-03-13,8.55,8.83,8.46,8.78,35907410.0,318960225.0,3633066000.0,0.009883500602521397
2020-03-16,8.84,8.91,8.55,8.55,29808761.0,268013284.0,3633066000.0,0.008204849843080198
2020-03-17,8.56,8.7,8.26,8.46,27831107.0,241778794.0,3633066000.0,0.0076605013506498365
2020-03-18,8.5,8.63,8.36,8.36,23641524.0,207276474.0,3633066000.0,0.006507320263380847
2020-03-19,8.32,8.42,8.18,8.36,23131245.0,197126838.0,3633066000.0,0.006366866167584074
2020-03-20,8.44,8.53,8.33,8.48,19322316.0,167584911.0,3633066000.0,0.005318459945401487
2020-03-23,8.27,8.34,8.13,8.19,24146151.0,204525753.0,3633066000.0,0.006646218648381284
2020-03-24,8.36,8.4,8.21,8.4,24285537.0,208209925.0,3633066000.0,0.006684584590535928
2020-03-25,8.55,8.6,8.48,8.55,25830491.0,227185072.0,3633066000.0,0.007109832576672155
2020-03-26,8.52,8.75,8.46,8.61,32063147.0,284610388.0,3633066000.0,0.008825368710615221
2020-03-27,8.66,8.67,8.47,8.48,20865644.0,183479359.0,3633066000.0,0.005743260375671678
2020-03-30,8.4,8.4,8.22,8.27,17413343.0,148347685.0,3633066000.0,0.004793015871443018
2020-03-31,8.36,8.83,8.29,8.74,52427194.0,466167153.0,3633066000.0,0.014430564707605092
2020-04-01,8.75,8.98,8.64,8.77,50687334.0,459224097.0,3633066000.0,0.013951668920960973
2020-04-02,8.78,8.78,8.62,8.76,24407396.0,218233027.0,3633066000.0,0.006718126232774191
2020-04-03,8.81,8.92,8.7,8.79,36280622.0,329334657.0,3633066000.0,0.00998622706000937
2020-04-07,8.84,8.97,8.8,8.9,34439998.0,314931541.0,3633066000.0,0.009479596021652235
2020-04-08,8.99,9.06,8.87,8.91,36863130.0,339564937.0,3633066000.0,0.010146562159894701
2020-04-09,8.94,8.95,8.81,8.83,26688630.0,242908484.0,3633066000.0,0.00734603500184142
2020-04-10,8.83,9.05,8.79,8.85,37918636.0,347657132.0,3633066000.0,0.010437089774862334
2020-04-13,8.82,9.01,8.77,8.9,30782343.0,282452006.0,3633066000.0,0.008472827908989266
2020-04-14,8.9,9.04,8.83,9.0,38635732.0,356158378.0,3633066000.0,0.010634470169273005
2020-04-15,9.03,9.03,8.84,8.87,25877962.0,237467776.0,3633066000.0,0.007122898950913636
2020-04-16,8.83,8.84,8.73,8.79,22835648.0,206213623.0,3633066000.0,0.006285503208584705
2020-04-17,8.79,8.92,8.79,8.83,25236217.0,229375236.0,3633066000.0,0.006946258889874282
2020-04-20,8.83,8.85,8.75,8.79,16359387.0,147789523.0,3633066000.0,0.004502914893371054
2020-04-21,8.76,8.78,8.53,8.6,25223347.0,223562325.0,3633066000.0,0.0069427164273921805
2020-04-22,8.62,8.96,8.55,8.87,40336067.0,365980182.0,3633066000.0,0.011102486715077568
2020-04-23,8.86,8.87,8.76,8.79,24313944.0,220471470.0,3633066000.0,0.006692403606210292
2020-04-24,8.81,8.83,8.63,8.64,19138118.0,171305463.0,3633066000.0,0.0052677595177186435
2020-04-27,8.63,8.7,8.52,8.57,15566483.0,137575940.0,3633066000.0,0.004284668376517245
2020-04-28,8.58,8.6,8.23,8.39,24254438.0,209352705.0,3633066000.0,0.00667602460291115
2020-04-29,8.38,8.48,8.36,8.4,12936223.0,112181956.0,3633066000.0,0.0035606903370321375
2020-04-30,8.48,8.83,8.48,8.78,36307181.0,325245958.0,3633066000.0,0.009993537414404252
2020-05-06,8.78,9.52,8.78,9.3,91456039.0,865127280.0,3633066000.0,0.025173239076856847
2020-05-07,9.11,9.22,8.99,9.02,60550968.0,566141678.0,3633066000.0,0.01666663033371813
2020-05-08,9.09,9.13,8.97,9.07,38353160.0,357250085.0,3633066000.0,0.010556692336445305
2020-05-11,9.07,9.13,8.94,8.99,33272704.0,309070428.0,3633066000.0,0.009158298803269745
2020-05-12,8.98,9.06,8.83,8.91,26889771.0,246217911.0,3633066000.0,0.0074013989836683395
2020-05-13,8.93,8.99,8.88,8.94,22739388.0,208867356.0,3633066000.0,0.00625900768111562
2020-05-14,9.04,9.27,9.03,9.12,70351747.0,663875587.0,3633066000.0,0.019364290932231895
2020-05-15,9.08,9.2,9.02,9.13,36846406.0,345392788.0,3633066000.0,0.010141958885415239
2020-05-18,9.38,9.91,9.23,9.6,132715406.0,1312840620.0,3633066000.0,0.036529863756947986
2020-05-19,9.6,9.72,9.39,9.53,83170838.0,815664311.0,3633066000.0,0.022892740731932752
2020-05-20,9.52,9.65,9.35,9.37,61207191.0,595573319.0,3633066000.0,0.016847255458612643
2020-05-21,9.41,9.76,9.4,9.57,89495856.0,883796740.0,3633066000.0,0.0246336994703647
2020-05-22,9.45,9.97,9.26,9.74,119267666.0,1181624356.0,3633066000.0,0.03282837856510176
2020-05-25,9.81,9.93,9.5,9.56,72805034.0,725141347.0,3633066000.0,0.020039557222467193
2020-05-26,9.52,9.66,9.45,9.62,53681118.0,528143809.0,3633066000.0,0.014775706799711318
2020-05-27,9.56,9.81,9.52,9.76,82302448.0,821844768.0,3633066000.0,0.02265371672301026
2020-05-28,9.71,10.04,9.59,9.8,119723950.0,1212534998.0,3633066000.0,0.03295397055820071
2020-05-29,9.78,9.88,9.65,9.87,78563345.0,790103942.0,3633066000.0,0.021624530080103142
2020-06-01,9.7,9.85,9.57,9.82,76343862.0,763104520.0,3633066000.0,0.02101361824970975
2020-06-02,9.78,9.83,9.67,9.8,58261489.0,584507332.0,3633066000.0,0.016036452131615555
2020-06-03,9.77,9.78,9.52,9.52,71393297.0,705734717.0,3633066000.0,0.019650977163640847
2020-06-04,9.54,9.61,9.46,9.5,38594262.0,378571234.0,3633066000.0,0.010623055567941788
2020-06-05,9.5,9.54,9.3,9.41,40518282.0,392186540.0,3633066000.0,0.011152641322783567
2020-06-08,9.41,9.52,9.35,9.46,28437297.0,276254673.0,3633066000.0,0.007827354911801768
2020-06-09,9.47,9.5,9.31,9.33,31878560.0,307568481.0,3633066000.0,0.008774561210834045
2020-06-10,9.33,9.41,9.33,9.4,21387372.0,206075846.0,3633066000.0,0.005886865804254588
2020-06-11,9.43,9.61,9.4,9.61,61619579.0,602937256.0,3633066000.0,0.016960765094826243
2020-06-12,9.48,9.49,9.35,9.42,36318745.0,352292989.0,3633066000.0,0.009996720400895552
2020-06-15,9.35,9.36,9.1,9.13,49015689.0,463701048.0,3633066000.0,0.013491549286470436
2020-06-16,9.18,9.32,9.16,9.24,28359262.0,269306210.0,3633066000.0,0.007805875808476918
2020-06-17,9.27,9.33,9.16,9.19,24758406.0,234940338.0,3633066000.0,0.006814741598418526
2020-06-18,9.18,9.32,9.11,9.21,24360772.0,231420457.0,3633066000.0,0.006705292994952473
2020-06-19,9.23,9.28,9.18,9.28,21877333.0,208095753.0,3633066000.0,0.006021727378473169
2020-06-22,9.28,9.41,9.26,9.32,30796614.0,295908475.0,3633066000.0,0.008476755996175131
2020-06-23,9.31,9.44,9.3,9.33,31561214.0,304288478.0,3633066000.0,0.008687211848064418
2020-06-24,9.3,9.32,9.14,9.15,29600820.0,279368105.0,3633066000.0,0.008147614163904537
2020-06-29,9.13,9.13,8.94,8.96,27881337.0,258676542.0,3633066000.0,0.0076743271385656085
2020-06-30,9.0,9.09,9.0,9.06,19850348.0,184825558.0,3633066000.0,0.0054638005475265245
2020-07-01,9.06,9.2,9.04,9.2,30830490.0,289772927.0,3633066000.0,0.008486080351967181
2020-07-02,9.19,9.37,9.14,9.37,47297274.0,451008353.0,3633066000.0,0.013018556227715104
2020-07-03,9.42,9.71,9.36,9.58,73887110.0,725969493.0,3633066000.0,0.020337398219575423
2020-07-06,9.63,10.3,9.61,10.27,151989424.0,1563867913.0,3633066000.0,0.04183502969668043
2020-07-07,10.39,10.48,10.11,10.16,139239479.0,1473702383.0,3633066000.0,0.038325612306520165
2020-07-08,10.16,11.18,10.12,11.18,148441435.0,1641929628.0,3633066000.0,0.040858447107759675
2020-07-09,11.66,12.17,11.48,11.96,308294865.0,3747386181.0,3633066000.0,0.08485804138983437
2020-07-10,11.89,12.91,11.65,12.29,276219463.0,3497754595.0,3633066000.0,0.07602929949524727
2020-07-13,12.31,12.83,12.01,12.64,237877939.0,3061260407.0,3633066000.0,0.06547580996326519
2020-07-14,12.55,13.04,12.3,12.66,174554873.0,2264299039.0,3633066000.0,0.04804616073586332
2020-07-15,13.01,13.12,11.76,11.79,194379116.0,2445414408.0,3633066000.0,0.05350277589231795
2020-07-16,12.17,12.42,11.46,11.61,174545280.0,2161416270.0,3633066000.0,0.04804352026635354
2020-07-17,11.61,11.73,11.04,11.39,112597536.0,1319046127.0,3633066000.0,0.030992427883225905
2020-07-20,11.5,12.53,11.46,12.53,191865271.0,2400304351.0,3633066000.0,0.05281084103619367
2020-07-21,12.49,12.49,12.1,12.28,131147146.0,1652120780.0,3633066000.0,0.03609820080339856
2020-07-22,12.43,12.62,12.2,12.59,155551514.0,1987696922.0,3633066000.0,0.042815493580353345
2020-07-23,12.9,13.49,12.45,12.66,282349605.0,3748193179.0,3633066000.0,0.07771661869065963
2020-07-24,12.44,12.98,11.94,11.99,212356346.0,2713215781.0,3633066000.0,0.05845100144065646
2020-07-27,11.98,12.29,11.53,12.11,116575058.0,1429770971.0,3633066000.0,0.03208723926292558
2020-07-28,12.24,12.61,11.98,12.05,132549768.0,1676400962.0,3633066000.0,0.03648427196202877
2020-07-29,11.98,12.44,11.76,12.38,124052798.0,1550843524.0,3633066000.0,0.034145484282421514
2020-07-30,12.37,12.52,12.11,12.17,96535439.0,1222322420.0,3633066000.0,0.026571341946444133
2020-07-31,12.04,12.33,11.87,12.06,109264822.0,1353668031.0,3633066000.0,0.03007509965412134
2020-08-03,12.06,12.73,12.0,12.73,170271810.0,2177087168.0,3633066000.0,0.04686724931504135
2020-08-04,12.72,12.72,12.36,12.54,118359664.0,1521394658.0,3633066000.0,0.03257845136862363
2020-08-05,12.59,13.79,12.48,13.79,361761293.0,4964974993.0,3633066000.0,0.0995746548507514
2020-08-06,13.59,14.14,13.44,13.68,314971310.0,4468519165.0,3633066000.0,0.08669573027299807
2020-08-07,13.61,14.46,13.46,14.2,259564399.0,3709614951.0,3633066000.0,0.07144499962290804
2020-08-10,13.95,13.98,13.28,13.33,201289635.0,2817953699.0,3633066000.0,0.055404893552718285
2020-08-11,13.36,13.87,13.31,13.48,168499348.0,2356718622.0,3633066000.0,0.046379379840608456
2020-08-12,13.17,13.18,12.7,12.89,137520429.0,1823377191.0,3633066000.0,0.03785244446426242
2020-08-13,12.99,13.18,12.76,13.02,88865887.0,1186400033.0,3633066000.0,0.02446030074873399
2020-08-14,13.03,13.19,12.86,13.09,77270891.0,1036362184.0,3633066000.0,0.021268782620519417
2020-08-17,13.1,13.55,12.96,13.54,115334624.0,1574586234.0,3633066000.0,0.03174581028805973
2020-08-18,13.65,13.85,13.33,13.41,112761903.0,1572126086.0,3633066000.0,0.031037669835890676
2020-08-19,13.8,14.08,13.39,13.47,158930985.0,2249150615.0,3633066000.0,0.04374569165547777
2020-08-20,13.16,13.17,12.7,12.83,113662473.0,1517062584.0,3633066000.0,0.03128555137726648
2020-08-21,12.87,12.95,12.34,12.57,101252011.0,1313376829.0,3633066000.0,0.027869576550494816
2020-08-24,12.59,12.76,12.21,12.73,67423211.0,865686648.0,3633066000.0,0.018558212540041936
2020-08-25,12.78,12.82,12.22,12.29,96787450.0,1241631231.0,3633066000.0,0.026640707875937295
2020-08-26,12.21,12.37,11.74,11.83,89972436.0,1110189438.0,3633066000.0,0.024764877929550413
2020-08-27,11.9,12.0,11.76,11.95,62174001.0,760270085.0,3633066000.0,0.017113369534162055
2020-08-28,11.86,12.19,11.66,12.12,64704048.0,799314932.0,3633066000.0,0.017809763984469314
2020-08-31,12.14,12.41,12.0,12.0,67591969.0,847756218.0,3633066000.0,0.018604663113744698
2020-09-01,11.94,12.24,11.9,12.17,48614467.0,605314752.0,3633066000.0,0.013381113087403312
2020-09-02,12.09,12.12,11.78,11.89,62993277.0,771665811.0,3633066000.0,0.017338874933733657
2020-09-03,11.85,11.95,11.67,11.74,48095960.0,583113228.0,3633066000.0,0.013238394237814562
2020-09-04,11.55,11.65,11.48,11.61,43233486.0,514388483.0,3633066000.0,0.011900000165149766
2020-09-07,11.59,11.84,11.33,11.36,51786531.0,617815460.0,3633066000.0,0.014254222466643877
2020-09-08,11.38,11.54,11.29,11.46,44163708.0,519114652.0,3633066000.0,0.012156043407964513
2020-09-09,11.25,11.36,11.0,11.04,55960224.0,641812049.0,3633066000.0,0.015403029837608235
2020-09-10,11.14,11.21,10.84,11.01,57009536.0,648472993.0,3633066000.0,0.015691852556490853
2020-09-11,10.98,11.14,10.9,11.11,38761911.0,440208256.0,3633066000.0,0.01066920088982694
2020-09-14,11.12,11.39,11.09,11.28,51626693.0,597616387.0,3633066000.0,0.014210227119463285
2020-09-15,11.27,11.27,11.04,11.18,30338656.0,347722625.0,3633066000.0,0.008350703235228867
2020-09-16,11.15,11.15,10.96,11.04,27327993.0,310287641.0,3633066000.0,0.007522019418309494
2020-09-17,11.0,11.15,10.91,11.07,28464624.0,323057034.0,3633066000.0,0.007834876657897213
2020-09-18,11.01,11.44,11.0,11.36,53018732.0,612659021.0,3633066000.0,0.014593385311469706
2020-09-21,11.34,11.45,11.23,11.25,40392089.0,470969573.0,3633066000.0,0.01111790674873509
2020-09-22,11.08,11.12,10.89,10.92,36409140.0,412339461.0,3633066000.0,0.010021601589401349
2020-09-23,11.02,11.21,10.98,11.03,34115949.0,389112643.0,3633066000.0,0.009390401660746048
2020-09-24,10.88,10.91,10.65,10.7,39832068.0,440920617.0,3633066000.0,0.01096376118683228
2020-09-25,10.69,10.79,10.46,10.51,33325642.0,362226029.0,3633066000.0,0.00917286996712969
2020-09-28,10.53,10.56,10.41,10.44,20881796.0,225122185.0,3633066000.0,0.005747706207374157
2020-09-29,10.5,10.58,10.48,10.5,19624091.0,212595333.0,3633066000.0,0.005401523396492109
2020-09-30,10.53,10.55,10.38,10.44,21007870.0,225906571.0,3633066000.0,0.00578240802671903
2020-10-09,10.56,10.82,10.55,10.77,34385708.0,379306769.0,3633066000.0,0.009464652720319421
2020-10-12,10.84,11.17,10.81,11.14,47654840.0,541244656.0,3633066000.0,0.013116976129803313
2020-10-13,11.14,11.21,10.98,11.16,32199314.0,367107343.0,3633066000.0,0.008862848624274923
2020-10-14,11.16,11.16,10.88,10.93,27387046.0,309125942.0,3633066000.0,0.007538273733535257
2020-10-15,10.91,11.12,10.88,10.92,23520911.0,266155094.0,3633066000.0,0.006474121582156779
2020-10-16,10.91,10.97,10.76,10.82,21132898.0,235691799.0,3633066000.0,0.005816821934971729
2020-10-19,10.83,11.05,10.8,10.85,21149960.0,237476673.0,3633066000.0,0.005821518243819408
2020-10-20,10.85,10.85,10.67,10.82,20605374.0,227526279.0,3633066000.0,0.005671621159648628
2020-10-21,10.81,10.93,10.64,10.68,22087630.0,244724481.0,3633066000.0,0.006079611545730245
2020-10-22,10.6,10.6,10.39,10.55,23593290.0,255297811.0,3633066000.0,0.006494043873686853
2020-10-23,10.55,10.64,10.45,10.48,18350307.0,198823810.0,3633066000.0,0.005050914847129119
2020-10-26,10.4,10.47,10.32,10.46,16104621.0,172331718.0,3633066000.0,0.004432790651202043
2020-10-27,10.48,10.63,10.2,10.44,26106199.0,281206208.0,3633066000.0,0.007185721096176067
2020-10-28,10.36,10.49,10.2,10.49,36866774.0,392779516.0,3633066000.0,0.010147565169473937
2020-10-29,10.31,10.4,10.24,10.27,37143187.0,393393352.0,3633066000.0,0.010223647739952976
2020-10-30,10.29,10.31,9.78,9.79,47949268.0,493920274.0,3633066000.0,0.013198017322008463
2020-11-02,9.78,9.85,9.66,9.76,26445017.0,265350486.0,3633066000.0,0.007278980618573954
2020-11-03,9.8,10.73,9.8,10.73,116319473.0,1256604076.0,3633066000.0,0.03201688959132589
2020-11-04,10.69,10.85,10.48,10.81,89387211.0,981805381.0,3633066000.0,0.024603794976474417
2020-11-05,10.8,11.02,10.65,10.94,76883727.0,857957169.0,3633066000.0,0.021162215880471204
2020-11-06,10.94,11.11,10.76,10.9,61639253.0,692034317.0,3633066000.0,0.016966180355655527
2020-11-09,11.01,11.29,10.84,11.15,90282920.0,1026804034.0,3633066000.0,0.02485033852949547
2020-11-10,11.2,11.32,11.06,11.19,77820012.0,896112517.0,3633066000.0,0.021419927961672042
2020-11-11,11.08,11.52,10.96,11.28,91298928.0,1057202070.0,3633066000.0,0.025129994335363025
2020-11-12,11.15,11.41,11.05,11.1,58502179.0,673252056.0,3633066000.0,0.016102701960272674
2020-11-13,11.08,11.74,11.05,11.4,104813590.0,1232963261.0,3633066000.0,0.02884989978161696
2020-11-16,11.32,11.95,11.25,11.91,124887427.0,1510744036.0,3633066000.0,0.034375215589257116
2020-11-17,11.86,11.93,11.5,11.59,91591660.0,1103290116.0,3633066000.0,0.02521056870422943
2020-11-18,11.62,12.12,11.58,12.04,115157607.0,1406367406.0,3633066000.0,0.03169708642782707
2020-11-19,12.04,12.18,11.71,11.93,87482466.0,1073030097.0,3633066000.0,0.024079514657867486
2020-11-20,11.93,12.21,11.63,12.06,108580833.0,1331368107.0,3633066000.0,0.029886831948552545
2020-11-23,12.07,12.64,11.91,12.36,159280171.0,2020527354.0,3633066000.0,0.043841804965833266
2020-11-24,12.32,13.6,12.22,13.3,296605714.0,3987357193.0,3633066000.0,0.08164060713457999
2020-11-25,13.45,14.16,13.36,13.59,349134324.0,4925961957.0,3633066000.0,0.0960990865566439
2020-11-26,13.95,14.09,13.26,13.9,284805394.0,4013253457.0,3633066000.0,0.07839257365541942
2020-11-27,13.68,13.68,13.03,13.36,204377535.0,2807087105.0,3633066000.0,0.05625483682377364
2020-11-30,13.28,13.78,13.16,13.16,198731444.0,2753457408.0,3633066000.0,0.05470075247738412
2020-12-01,13.19,13.56,12.95,13.48,165551952.0,2266240927.0,3633066000.0,0.04556811024077184
2020-12-02,13.34,13.47,13.07,13.15,120256437.0,1634190693.0,3633066000.0,0.03310053739733878
2020-12-03,13.12,13.14,12.51,12.75,135282197.0,1771624845.0,3633066000.0,0.037236371978929095
2020-12-04,12.76,13.14,12.65,12.96,123625149.0,1642891762.0,3633066000.0,0.03402777406190804
2020-12-07,12.88,13.22,12.83,12.97,93237669.0,1248818385.0,3633066000.0,0.025663632039715216
2020-12-08,13.02,13.1,12.61,12.67,79262466.0,1041039295.0,3633066000.0,0.021816962862772106
2020-12-09,12.66,12.85,12.2,12.28,104269985.0,1338898154.0,3633066000.0,0.028700272717313697
2020-12-10,12.31,12.33,11.98,12.1,82526816.0,1029320456.0,3633066000.0,0.02271547392753118
2020-12-11,12.32,12.46,11.38,11.57,143693649.0,1750502211.0,3633066000.0,0.039551620862379046
2020-12-14,11.57,11.66,11.28,11.66,75361551.0,888977967.0,3633066000.0,0.02074323752995404
2020-12-15,11.51,11.64,11.38,11.53,51076376.0,603773179.0,3633066000.0,0.01405875257977697
2020-12-16,11.53,11.71,11.34,11.42,65403606.0,774778652.0,3633066000.0,0.0180023170512179
2020-12-17,11.35,12.1,11.21,12.01,122848817.0,1485411286.0,3633066000.0,0.03381408898159296
2020-12-18,11.94,12.42,11.87,12.09,115021740.0,1431906937.0,3633066000.0,0.031659689089050404
2020-12-21,12.04,12.37,11.94,12.25,87285698.0,1091650505.0,3633066000.0,0.024025354342585573
2020-12-22,12.13,12.17,11.43,11.49,108438494.0,1316714203.0,3633066000.0,0.02984765319429925
2020-12-23,11.5,12.55,11.47,12.27,130831371.0,1622577671.0,3633066000.0,0.03601128385776642
2020-12-24,12.22,12.6,12.15,12.29,94650184.0,1202787081.0,3633066000.0,0.02605242624273823
2020-12-25,12.23,13.01,11.96,12.89,144061731.0,1865894716.0,3633066000.0,0.03965293528936716
2020-12-28,12.8,12.94,12.46,12.68,102584357.0,1335533486.0,3633066000.0,0.028236304267525006
2020-12-29,12.71,12.71,11.94,11.95,106445916.0,1332408275.0,3633066000.0,0.029299196876687625
2020-12-30,11.97,12.47,11.94,12.23,88759882.0,1115120095.0,3633066000.0,0.024431122913814392
2020-12-31,12.37,12.83,12.32,12.72,114763169.0,1493815756.0,3633066000.0,0.03158851752211493
2021-01-04,12.64,13.25,12.64,13.07,145668544.0,1947594249.0,3633066000.0,0.04009520994113512
2021-01-05,12.92,13.4,12.76,13.18,131889151.0,1772620893.0,3633066000.0,0.036302437390347435
2021-01-06,13.23,13.36,12.84,13.13,112072474.0,1509347142.0,3633066000.0,0.03084790477244289
2021-01-07,12.98,13.61,12.92,13.56,187454874.0,2583172965.0,3633066000.0,0.05159688098151809
2021-01-08,13.75,13.84,12.95,13.42,123702135.0,1688418233.0,3633066000.0,0.034048964428391885
2021-01-11,13.46,14.7,13.38,13.89,255336386.0,3700568371.0,3633066000.0,0.07028124069312255
2021-01-12,13.79,14.14,13.34,14.14,161915804.0,2294612550.0,3633066000.0,0.04456726192147349
2021-01-13,14.19,15.31,14.19,14.9,251586577.0,3862499417.0,3633066000.0,0.06924910722788961
2021-01-14,14.93,15.21,14.38,14.87,158616622.0,2403845914.0,3633066000.0,0.0436591633622951
2021-01-15,14.77,15.12,13.38,13.45,250361392.0,3634098179.0,3633066000.0,0.0689118755343283
2021-01-18,14.58,14.79,14.12,14.79,235950535.0,3562736014.0,3633066000.0,0.0649452927637428
2021-01-19,14.77,14.89,13.83,14.05,214881071.0,3184637373.0,3633066000.0,0.05914593101253872
2021-01-20,14.1,15.46,13.9,15.46,248450559.0,3822385468.0,3633066000.0,0.06838591949609503
2021-01-21,16.13,17.01,16.09,17.01,165821709.0,2846385942.0,3633066000.0,0.045642360749846
2021-01-22,17.97,18.66,17.61,17.79,461237716.0,8567861977.0,3633066000.0,0.12695550149653212
2021-01-25,18.08,18.99,17.48,17.5,392386245.0,7366451343.0,3633066000.0,0.10800416094835602
2021-01-26,17.03,18.82,17.02,18.36,350605546.0,6491500685.0,3633066000.0,0.09650403983852757
2021-01-27,17.87,17.87,16.52,17.49,285718176.0,5019358893.0,3633066000.0,0.07864381654503387
2021-01-28,16.93,18.05,16.93,17.14,226438050.0,4081659921.0,3633066000.0,0.06232698497632578
2021-01-29,17.88,18.03,16.85,17.3,221329060.0,3984075486.0,3633066000.0,0.06092073747077537
2021-02-01,16.77,17.15,15.84,16.53,174683773.0,2967326903.0,3633066000.0,0.048081640410606356
2021-02-02,17.01,17.97,16.05,17.68,228583586.0,3987346310.0,3633066000.0,0.06291754292380045
2021-02-03,17.3,19.39,17.14,18.8,292575941.0,5621895147.0,3633066000.0,0.08053141368750251
2021-02-04,18.47,18.68,17.16,17.55,229505444.0,4235930169.0,3633066000.0,0.06317128397887624
2021-02-05,17.45,17.54,15.79,15.86,212408236.0,3613851694.0,3633066000.0,0.05846528414292501
2021-02-08,15.86,16.62,15.23,16.29,151950391.0,2502008113.0,3633066000.0,0.04182428587864905
2021-02-09,16.32,17.86,16.24,17.59,183043396.0,3258684416.0,3633066000.0,0.05038262338201398
2021-02-10,17.67,18.65,17.26,18.24,210002156.0,3895591975.0,3633066000.0,0.05780301156103412
2021-02-18,19.62,19.91,18.83,19.58,242680566.0,4843324101.0,3633066000.0,0.0667977311725138
2021-02-19,18.98,19.66,18.35,19.14,207896508.0,4069721383.0,3633066000.0,0.05722343277000748
2021-02-22,19.81,21.05,19.8,21.05,211587816.0,4544738796.0,3633066000.0,0.05823946385779945
2021-02-23,20.85,21.86,20.08,20.78,356280008.0,7673121637.0,3633066000.0,0.0980659332916055
2021-02-24,20.22,20.34,19.21,19.49,242506179.0,4920441120.0,3633066000.0,0.06674973121875573
2021-02-25,20.2,20.27,18.87,19.44,186175176.0,3751403307.0,3633066000.0,0.05124464460596091
2021-02-26,18.56,20.96,18.44,20.11,242365903.0,4971819923.0,3633066000.0,0.06671112030444809
2021-03-01,20.22,22.12,19.57,22.12,350346409.0,7679912277.0,3633066000.0,0.09643271248031277
2021-03-02,22.35,23.89,21.19,21.63,401109609.0,9197731921.0,3633066000.0,0.11040526348819427
2021-03-03,21.28,23.33,21.11,23.15,311364792.0,7185574235.0,3633066000.0,0.08570303759964724
2021-03-04,22.45,24.06,22.26,22.6,342404109.0,8099957705.0,3633066000.0,0.09424659750194464
2021-03-05,21.38,21.97,20.6,20.98,230221173.0,5054037199.0,3633066000.0,0.06336828810706989
2021-03-08,22.07,22.72,21.27,21.71,282503384.0,6413197381.0,3633066000.0,0.07775894630045256
2021-03-09,20.56,20.75,19.55,19.55,272493650.0,5632095382.0,3633066000.0,0.07500377091965849
2021-03-10,19.55,20.37,18.74,19.85,207561995.0,4181354864.0,3633066000.0,0.05713135819718111
2021-03-11,20.26,21.62,19.98,21.62,240822095.0,5172472795.0,3633066000.0,0.06628618775436504
2021-03-12,21.53,22.55,21.18,21.75,233629612.0,5231997423.0,3633066000.0,0.06430645961289996
2021-03-15,21.12,22.29,20.99,21.59,154330704.0,3457763488.0,3633066000.0,0.042479466103836266
2021-03-16,21.87,21.93,19.93,20.55,205181480.0,4385498711.0,3633066000.0,0.05647612237157266
2021-03-17,20.04,20.76,19.73,20.44,116827183.0,2443029518.0,3633066000.0,0.032156636570874295
2021-03-18,20.54,20.71,19.42,19.47,170065192.0,3478601519.0,3633066000.0,0.04681037779109986
2021-03-19,18.95,19.89,18.84,19.31,151523244.0,3039736855.0,3633066000.0,0.04170671383343986
2021-03-22,19.39,19.79,18.87,19.17,123879917.0,2461325432.0,3633066000.0,0.03409789885457627
2021-03-23,19.21,19.32,17.67,17.94,189377484.0,3557780535.0,3633066000.0,0.052126078634409614
2021-03-24,17.92,18.15,16.89,16.96,163932285.0,2929956523.0,3633066000.0,0.04512229753051555
2021-03-25,17.22,17.83,17.13,17.39,143592567.0,2584674711.0,3633066000.0,0.039523798081290015
2021-03-26,17.5,18.46,17.2,18.19,164909531.0,3018776485.0,3633066000.0,0.04539128411099606
2021-03-29,18.18,18.66,17.71,18.06,124363883.0,2325148280.0,3633066000.0,0.03423111030738225
2021-03-30,18.01,19.8,17.89,19.3,196585492.0,3836842289.0,3633066000.0,0.05411008002607164
2021-03-31,18.93,19.11,18.29,18.58,116076744.0,2230993395.0,3633066000.0,0.03195007852871377
2021-04-01,18.52,19.2,18.37,18.7,88688081.0,1716176771.0,3633066000.0,0.024411359716558962
2021-04-02,18.65,18.89,18.19,18.46,80063605.0,1520393533.0,3633066000.0,0.02203747606016516
2021-04-06,18.46,18.9,18.37,18.62,66276148.0,1274772417.0,3633066000.0,0.018242483896521562
2021-04-07,18.56,19.68,18.12,19.39,156718003.0,3084947617.0,3633066000.0,0.043136569222799695
2021-04-08,19.28,19.79,18.91,19.39,133560589.0,2672146869.0,3633066000.0,0.03676250004816868
2021-04-09,19.4,20.1,19.15,19.75,146004145.0,2960815250.0,3633066000.0,0.04018758398553728
2021-04-12,19.56,20.22,18.95,18.97,123259557.0,2468890898.0,3633066000.0,0.0339271450064491
2021-04-13,18.88,19.1,17.97,18.18,117867395.0,2216518563.0,3633066000.0,0.03244295451830492
2021-04-14,18.11,18.51,18.11,18.41,66654013.0,1257163662.0,3633066000.0,0.01834649109044537
2021-04-15,18.09,18.9,17.69,18.75,101805517.0,1930416558.0,3633066000.0,0.02802192886118777
2021-04-16,18.79,18.87,18.18,18.52,76349927.0,1454747120.0,3633066000.0,0.02101528763859506
2021-04-19,18.42,19.57,18.13,19.39,131427826.0,2584006646.0,3633066000.0,0.036175457863963936
2021-04-20,19.39,20.8,19.35,20.02,186374505.0,3844144600.0,3633066000.0,0.05129950983549432
2021-04-21,19.83,20.8,19.78,20.29,144980170.0,3036447031.0,3633066000.0,0.039905735266026
2021-04-22,20.15,20.4,19.66,20.12,106289255.0,2190562215.0,3633066000.0,0.02925607599751835
2021-04-23,20.14,20.46,19.56,20.11,116484078.0,2401094626.0,3633066000.0,0.03206219705339788
2021-04-26,20.1,20.75,19.65,19.76,113043008.0,2349498577.0,3633066000.0,0.031115043877540348
2021-04-27,19.76,20.29,19.45,20.02,90406529.0,1851774105.0,3633066000.0,0.02488436185855143
2021-04-28,20.03,20.76,19.73,20.75,147613116.0,3106183263.0,3633066000.0,0.040630452625963855
2021-04-29,20.2,20.3,19.76,19.91,152525340.0,3134680932.0,3633066000.0,0.04198254036673157
2021-04-30,19.92,20.19,19.47,19.78,96479156.0,1975063022.0,3633066000.0,0.026555850072638373
2021-05-06,19.73,19.98,19.13,19.92,138108125.0,2781323680.0,3633066000.0,0.03801420755912499
2021-05-07,19.89,21.53,19.73,21.01,236113407.0,5068565046.0,3633066000.0,0.06499012321824046
2021-05-10,21.13,21.86,20.71,21.64,198808308.0,4363839999.0,3633066000.0,0.05472190926341553
2021-05-11,21.06,21.14,20.29,20.61,127762994.0,2722340266.0,3633066000.0,0.035166714284849215
2021-05-12,20.49,21.09,20.43,20.79,82125060.0,1756626397.0,3633066000.0,0.02260489074517226
2021-05-13,20.22,20.49,19.46,19.58,116316459.0,2382593097.0,3633066000.0,0.032016059989001026
2021-05-14,19.57,19.82,18.96,19.58,93994812.0,1872190214.0,3633066000.0,0.02587203535526192
2021-05-17,19.53,20.0,19.34,20.0,85847538.0,1743712107.0,3633066000.0,0.02362950136331132
2021-05-18,20.05,20.45,19.87,20.03,87982947.0,1823675601.0,3633066000.0,0.024217271857984415
2021-05-19,19.77,20.49,19.32,20.41,113840537.0,2344702929.0,3633066000.0,0.03133456342384091
2021-05-20,19.92,20.07,19.55,19.59,96174872.0,1951546640.0,3633066000.0,0.026472096020275986
2021-05-21,19.58,19.79,19.29,19.34,81679980.0,1635786608.0,3633066000.0,0.022482382648704977
2021-05-24,19.21,19.21,18.32,18.55,118092772.0,2265463975.0,3633066000.0,0.03250498944968244
2021-05-25,18.52,18.9,18.43,18.84,70308070.0,1353859087.0,3633066000.0,0.01935226885501117
2021-05-26,18.84,19.97,18.64,19.72,143329045.0,2867346251.0,3633066000.0,0.039451263753534895
2021-05-27,19.47,19.94,19.44,19.73,94327506.0,1911493753.0,3633066000.0,0.0259636092490475
2021-05-28,20.02,20.35,19.72,19.87,112774336.0,2322080353.0,3633066000.0,0.031041092014293163
2021-05-31,20.12,21.58,20.1,21.35,216701638.0,4717817915.0,3633066000.0,0.0596470413694659
2021-06-01,21.1,21.48,20.75,21.4,145283779.0,3169899074.0,3633066000.0,0.03998930352490156
2021-06-02,21.32,21.88,21.06,21.27,151043689.0,3333639331.0,3633066000.0,0.04157471650666407
2021-06-03,21.27,22.77,21.19,22.05,206963131.0,4708016077.0,3633066000.0,0.05696652111467284
2021-06-04,21.61,22.26,21.53,21.87,112266161.0,2526088283.0,3633066000.0,0.030901217043676057
2021-06-07,21.8,22.15,21.29,21.79,88180151.0,1971185373.0,3633066000.0,0.024271552182096333
2021-06-08,21.62,22.1,20.83,20.97,101574769.0,2224649413.0,3633066000.0,0.027958415564154352
2021-06-09,20.94,21.23,20.65,20.76,62098584.0,1335282297.0,3633066000.0,0.01709261103431647
2021-06-10,20.72,21.18,20.6,20.83,72916186.0,1565171244.0,3633066000.0,0.02007015176713002
2021-06-11,20.83,20.9,19.73,20.26,94812182.0,1972090060.0,3633066000.0,0.026097016129076653
2021-06-15,20.32,20.54,19.38,19.42,96490721.0,1956766326.0,3633066000.0,0.02655903333437928
2021-06-16,19.37,19.73,18.5,18.63,118469512.0,2320567652.0,3633066000.0,0.03260868698779488
2021-06-17,18.66,18.88,18.45,18.69,76113373.0,1462866824.0,3633066000.0,0.02095017624232535
2021-06-18,18.47,19.19,18.03,18.96,108180416.0,2077781869.0,3633066000.0,0.02977661732542156
2021-06-21,18.75,19.29,18.59,19.12,79505644.0,1555949090.0,3633066000.0,0.021883897512459175
2021-06-22,19.18,20.39,18.91,19.91,144543757.0,2936048295.0,3633066000.0,0.03978561275792953
2021-06-23,19.63,19.81,19.35,19.62,91941342.0,1850739583.0,3633066000.0,0.02530681853839154
2021-06-24,19.62,20.31,19.4,19.86,106887239.0,2183519312.0,3633066000.0,0.029420670860369726
2021-06-25,19.87,19.95,19.53,19.84,73827786.0,1494889669.0,3633066000.0,0.02032106931170532
2021-06-28,19.71,19.87,19.35,19.46,69442426.0,1390679502.0,3633066000.0,0.019114000681518035
2021-06-29,19.45,20.1,19.43,19.64,102559876.0,2086808359.0,3633066000.0,0.028229565881819928
2021-06-30,19.6,20.36,19.52,20.19,106017920.0,2189637395.0,3633066000.0,0.029181391144559445
2021-07-01,20.38,20.44,19.46,19.55,80419309.0,1640654605.0,3633066000.0,0.022135383447479347
2021-07-02,19.55,20.93,19.33,20.11,165102431.0,3439896311.0,3633066000.0,0.045444379760786066
2021-07-05,20.29,22.12,20.28,22.12,318908190.0,7072183525.0,3633066000.0,0.0877793549580437
2021-07-06,22.07,23.07,21.67,22.76,322354323.0,7409099645.0,3633066000.0,0.08872790172267721
2021-07-07,22.33,24.96,22.03,24.51,305407682.0,7451339218.0,3633066000.0,0.08406334539477126
2021-07-08,25.34,26.96,25.3,26.33,415909387.0,11376414665.0,3633066000.0,0.11447889661239295
2021-07-09,26.53,28.97,26.19,28.97,299214252.0,8491630912.0,3633066000.0,0.08235860620203432
2021-07-12,31.01,31.86,30.21,31.86,355202981.0,11482762110.0,3633066000.0,0.0977694820297787
2021-07-13,31.99,32.83,31.01,32.25,304747815.0,9993808501.0,3633066000.0,0.0838817172602975
2021-07-14,31.7,33.65,31.09,31.5,251590129.0,8283497338.0,3633066000.0,0.06925008491450473
2021-07-15,31.58,34.65,29.76,34.65,324648766.0,10683203590.0,3633066000.0,0.08935944626384437
2021-07-16,33.65,35.31,32.82,33.06,326030709.0,11305416998.0,3633066000.0,0.08973982553578713
2021-07-19,32.67,35.7,32.48,33.84,273461741.0,9631130116.0,3633066000.0,0.07527023758995845
2021-07-20,33.16,35.75,33.09,35.1,193802871.0,6893387646.0,3633066000.0,0.05334416468074073
2021-07-21,35.15,38.61,34.46,38.61,254207126.0,9634507992.0,3633066000.0,0.06997041231841095
2021-07-22,39.37,40.66,37.74,39.59,248513539.0,9973532445.0,3633066000.0,0.0684032547165397
2021-07-23,38.92,40.43,37.58,38.43,199849320.0,7994555032.0,3633066000.0,0.05500844741053424
2021-07-26,38.11,40.18,36.28,39.99,213621985.0,8422216260.0,3633066000.0,0.058799368081945115
2021-07-27,39.89,43.89,37.23,39.36,275924010.0,11633166136.0,3633066000.0,0.07594797617219175
2021-07-28,38.51,40.89,36.75,38.45,204643753.0,8143129355.0,3633066000.0,0.056328113224477616
2021-07-29,39.9,42.29,39.59,42.29,194915484.0,8269432084.0,3633066000.0,0.05365041097519285
2021-07-30,43.26,46.52,42.58,46.52,226176661.0,10239288953.0,3633066000.0,0.06225503775598902
2021-08-02,48.88,50.19,44.06,47.59,318253056.0,15409787024.0,3633066000.0,0.0875990295799746
2021-08-03,46.26,47.76,42.84,43.75,259887271.0,11866417601.0,3633066000.0,0.07153387001502312
2021-08-04,43.7,48.08,42.47,47.46,264858580.0,12427438353.0,3633066000.0,0.07290222087900412
2021-08-05,45.94,50.0,44.2,46.41,257427820.0,12306082033.0,3633066000.0,0.0708569070861911
2021-08-06,46.81,48.5,45.46,46.79,212781517.0,10248103452.0,3633066000.0,0.05856802959263608
2021-08-09,45.35,45.42,42.85,44.51,229841194.0,10393359681.0,3633066000.0,0.06326369903547031
2021-08-10,43.21,46.08,42.04,43.77,236494394.0,10663267408.0,3633066000.0,0.06509498974144703
2021-08-11,43.77,46.43,42.73,45.05,245740435.0,11249537798.0,3633066000.0,0.06763995892174819
2021-08-12,44.06,45.45,42.91,43.6,171070039.0,7704864066.0,3633066000.0,0.047086961536068984
2021-08-13,43.01,45.71,42.52,44.05,223411462.0,10188160463.0,3633066000.0,0.061493917809365424
2021-08-16,41.35,41.35,39.65,39.65,282326239.0,11605031573.0,3633066000.0,0.07771018720826982
2021-08-17,39.99,40.36,37.28,38.51,278099611.0,11069524211.0,3633066000.0,0.07654680949919435
2021-08-18,38.51,40.14,37.97,39.19,213385372.0,8544676299.0,3633066000.0,0.05873424044594841
2021-08-19,38.43,41.26,38.07,40.26,222524165.0,9153814046.0,3633066000.0,0.0612496896560646
2021-08-20,39.9,42.86,39.69,41.84,231753589.0,9758360619.0,3633066000.0,0.06379008501359458
2021-08-23,42.03,46.02,40.56,45.83,287011247.0,12827468910.0,3633066000.0,0.07899973383362703
2021-08-24,45.23,48.88,44.91,46.27,237020504.0,11479071561.0,3633066000.0,0.06523980131382144
2021-08-25,45.73,47.24,44.69,46.26,169790898.0,8015945899.0,3633066000.0,0.04673487847454464
2021-08-26,45.29,48.13,44.69,46.85,186209712.0,8860889492.0,3633066000.0,0.05125415062649564
2021-08-27,48.54,50.13,47.16,47.86,259971050.0,13037023145.0,3633066000.0,0.07155693015210844
2021-08-30,47.67,52.29,47.47,51.45,215091406.0,11093414834.0,3633066000.0,0.059203825639280984
2021-08-31,51.44,56.6,50.81,56.6,224793128.0,12384639044.0,3633066000.0,0.061874220837166184
2021-09-01,58.03,59.97,51.17,52.26,311348508.0,17661625871.0,3633066000.0,0.08569855543499623
2021-09-02,51.69,55.44,50.91,54.01,187532806.0,10208298567.0,3633066000.0,0.0516183317341331
2021-09-03,52.37,54.62,48.61,50.16,237078904.0,12322856439.0,3633066000.0,0.0652558758910518
2021-09-06,49.55,52.47,46.91,51.45,207799704.0,10508401031.0,3633066000.0,0.057196787506750495
2021-09-07,50.91,56.37,50.13,55.9,217335683.0,11884077930.0,3633066000.0,0.05982156200850741
2021-09-08,55.45,57.16,54.23,54.72,167883739.0,9595041328.0,3633066000.0,0.04620993370337891
2021-09-09,54.67,58.36,54.62,58.09,167636437.0,9731172878.0,3633066000.0,0.04614186392429975
2021-09-10,58.09,59.88,57.0,59.5,163846317.0,9838532074.0,3633066000.0,0.0450986348720337
2021-09-13,58.98,60.57,55.1,57.17,160584942.0,9523573452.0,3633066000.0,0.0442009426748647
2021-09-14,56.36,58.02,54.53,56.05,123333072.0,7136506845.0,3633066000.0,0.033947379981536255
2021-09-15,56.08,57.23,53.64,54.13,125518215.0,7082716904.0,3633066000.0,0.034548839740318506
2021-09-16,54.62,55.18,51.84,51.84,147376662.0,8041724769.0,3633066000.0,0.04056536875465516
2021-09-17,52.15,52.66,46.66,48.56,219870360.0,11065609268.0,3633066000.0,0.06051923086450948
2021-09-22,48.52,50.47,48.1,48.91,113461085.0,5719112311.0,3633066000.0,0.031230119408785856
2021-09-23,49.17,51.55,48.24,49.69,162083843.0,8286466910.0,3633066000.0,0.04461351459070658
2021-09-24,50.98,52.67,47.2,47.9,214664447.0,10970102934.0,3633066000.0,0.059086305340998485
2021-09-27,46.72,46.77,43.11,43.11,211263160.0,9559981011.0,3633066000.0,0.05815010242037992
2021-09-28,42.9,43.57,41.74,43.18,137317130.0,6000512600.0,3633066000.0,0.037796486493776885
2021-09-29,42.43,43.48,39.91,40.43,147612985.0,6283256084.0,3633066000.0,0.04063041656826493
2021-09-30,41.62,43.55,40.88,43.18,122445679.0,5332105966.0,3633066000.0,0.033703125404272866
2021-10-08,44.89,45.25,42.82,43.14,111602457.0,5012639678.0,3633066000.0,0.030718532776448322
2021-10-11,43.16,44.27,40.57,43.6,98134744.0,4287874074.0,3633066000.0,0.02701155002413939
2021-10-12,43.21,43.56,40.14,41.3,110071375.0,4687271438.0,3633066000.0,0.030297103052903524
2021-10-13,42.28,44.79,41.36,43.9,114114751.0,5022759605.0,3633066000.0,0.03141004072042732
2021-10-14,43.28,44.28,42.74,42.98,82399851.0,3670426151.0,3633066000.0,0.0226805268607837
2021-10-15,43.32,44.34,42.38,44.05,93864762.0,4194206187.0,3633066000.0,0.025836239143467252
2021-10-18,44.38,44.62,42.51,44.16,108986057.0,4873234969.0,3633066000.0,0.029998369696559325
2021-10-19,43.66,43.66,41.74,42.85,126226537.0,5528934952.0,3633066000.0,0.03474380509465008
2021-10-20,41.94,45.55,41.45,44.77,172368564.0,7820391685.0,3633066000.0,0.047444380036035676
2021-10-21,45.35,48.73,44.43,48.18,242430187.0,11688820820.0,3633066000.0,0.06672881445038432
2021-10-22,48.18,49.25,46.46,46.74,170493997.0,8366532820.0,3633066000.0,0.046928406200162615
2021-10-25,47.36,51.2,46.04,50.77,187758589.0,9378505880.0,3633066000.0,0.051680478416852325
2021-10-26,50.81,53.59,49.94,52.62,198247843.0,10566127298.0,3633066000.0,0.054567641490685825
2021-10-27,52.04,53.64,51.69,52.92,139431482.0,7527291313.0,3633066000.0,0.03837846105740991
2021-10-28,52.73,53.54,48.75,49.59,194986294.0,10126495964.0,3633066000.0,0.053669901400084666
2021-10-29,49.68,50.81,48.51,49.35,135742458.0,6916846595.0,3633066000.0,0.037363058639727435
2021-11-01,49.09,49.33,44.61,44.81,247937693.0,11701187184.0,3633066000.0,0.06824475332955691
2021-11-02,44.84,45.28,42.92,43.79,161481645.0,7310171547.0,3633066000.0,0.044447759825998204
2021-11-03,43.79,45.31,42.46,44.5,162815095.0,7312060832.0,3633066000.0,0.044814791418597955
2021-11-04,44.55,46.02,43.79,45.84,135671397.0,6248379570.0,3633066000.0,0.03734349912718349
2021-11-05,45.83,47.01,45.22,45.34,141220406.0,6662921727.0,3633066000.0,0.038870861690924415
2021-11-08,45.35,49.73,44.77,49.48,188806496.0,9301408207.0,3633066000.0,0.051968914410032735
2021-11-09,49.47,49.89,48.57,49.0,110042440.0,5546836586.0,3633066000.0,0.030289138705435023
2021-11-10,48.72,49.78,46.3,47.77,142134319.0,6975420126.0,3633066000.0,0.03912241588784789
2021-11-11,47.11,47.58,45.43,47.01,118140087.0,5647145087.0,3633066000.0,0.03251801288498475
2021-11-12,46.91,49.12,46.9,47.4,121427570.0,5977002889.0,3633066000.0,0.03342289129897447
2021-11-15,46.81,46.91,44.15,44.87,132220361.0,6102535249.0,3633066000.0,0.036393602813711616
2021-11-16,44.33,45.3,43.87,44.14,87429397.0,3988842655.0,3633066000.0,0.024064907436308618
2021-11-17,44.21,46.75,44.21,46.43,124135041.0,5833982936.0,3633066000.0,0.034168121636105706
2021-11-18,45.89,48.55,45.09,47.06,140561714.0,6763016393.0,3633066000.0,0.038689556974742544
2021-11-19,46.74,47.28,45.86,46.32,99056836.0,4714609639.0,3633066000.0,0.027265355487623953
2021-11-22,45.84,49.71,45.84,49.11,178566559.0,8854609906.0,3633066000.0,0.04915037574324276
2021-11-23,51.56,52.33,49.22,49.33,216760011.0,11290053119.0,3633066000.0,0.05966310851495679
2021-11-24,49.64,52.97,49.35,52.86,240792045.0,12803158520.0,3633066000.0,0.06627791650358127
2021-11-25,52.85,54.76,51.74,52.81,187056275.0,10199533148.0,3633066000.0,0.05148716676217828
2021-11-26,52.1,55.92,52.02,55.07,170624517.0,9588926071.0,3633066000.0,0.04696433177927403
2021-11-29,53.93,55.01,52.69,54.66,134523355.0,7466764442.0,3633066000.0,0.03702750101429481
2021-11-30,54.91,55.1,52.33,52.49,137715358.0,7508235625.0,3633066000.0,0.03790609859551134
2021-12-01,52.08,53.09,51.01,51.51,99315885.0,5281936700.0,3633066000.0,0.02733665862387306
2021-12-02,51.69,55.06,51.0,54.28,163560381.0,8888366672.0,3633066000.0,0.045019931099517595
2021-12-03,53.33,53.52,51.79,52.63,109217374.0,5903003141.0,3633066000.0,0.030062039610620893
2021-12-06,51.83,53.05,50.72,50.77,114260721.0,6071430696.0,3633066000.0,0.03145021890601492
2021-12-07,51.11,51.88,48.58,50.58,113079965.0,5817847936.0,3633066000.0,0.031125216277381143
2021-12-08,50.22,51.35,49.91,51.17,75313220.0,3923337778.0,3633066000.0,0.020729934441047863
2021-12-09,51.14,52.17,50.47,51.01,73451162.0,3863565451.0,3633066000.0,0.020217403702547654
2021-12-10,50.48,51.79,50.33,50.96,74353061.0,3894149223.0,3633066000.0,0.020465651050655287
2021-12-13,51.01,52.17,49.47,52.16,113963475.0,5927154748.0,3633066000.0,0.03136840206040848
2021-12-14,51.71,52.04,49.27,49.66,117638571.0,6071590442.0,3633066000.0,0.03237997080152136
2021-12-15,48.96,50.16,47.12,47.91,146719701.0,7283295088.0,3633066000.0,0.04038454049554839
2021-12-16,47.84,48.96,46.93,48.92,93052915.0,4594506585.0,3633066000.0,0.025612778573249152
2021-12-17,48.48,48.86,46.96,47.06,88961801.0,4352751378.0,3633066000.0,0.024486701039837976
2021-12-20,47.77,49.18,47.01,47.5,103347680.0,5090918336.0,3633066000.0,0.02844640862566218
2021-12-21,47.36,47.36,45.84,46.1,92919308.0,4413713679.0,3633066000.0,0.02557600329859133
2021-12-22,46.36,46.68,45.21,45.65,87225025.0,4088362673.0,3633066000.0,0.024008654122991434
2021-12-23,46.33,46.79,45.7,45.85,84263568.0,3983724054.0,3633066000.0,0.023193514238387083
2021-12-24,45.85,45.85,42.62,43.11,135091794.0,6072855775.0,3633066000.0,0.03718396362741552
2021-12-27,43.08,43.65,41.63,42.73,90330038.0,3953797116.0,3633066000.0,0.024863307740624587
2021-12-28,42.91,45.14,42.54,45.08,127188434.0,5744484151.0,3633066000.0,0.03500856686886503
2021-12-29,44.86,45.55,44.47,44.53,79707334.0,3672049004.0,3633066000.0,0.021939412606322043
2021-12-30,44.85,45.79,44.52,44.65,71824684.0,3326453139.0,3633066000.0,0.019769716267196907
2021-12-31,44.55,45.21,44.13,44.67,58344293.0,2678424865.0,3633066000.0,0.016059243900331015
2022-01-04,45.24,45.43,43.01,43.23,74009048.0,3314069826.0,3633066000.0,0.020370961606532883
2022-01-05,43.35,43.4,41.35,41.65,78984856.0,3413795225.0,3633066000.0,0.021740550818509764
2022-01-06,41.84,42.84,41.62,42.3,63339259.0,2742832126.0,3633066000.0,0.017434106344338365
2022-01-07,42.04,42.29,39.99,40.96,94932681.0,3993997181.0,3633066000.0,0.02613018343184517
2022-01-10,40.96,42.12,40.28,40.91,80444923.0,3400658509.0,3633066000.0,0.022142433690992676
2022-01-11,40.94,41.33,40.11,40.98,60469671.0,2530315256.0,3633066000.0,0.016644253366165106
2022-01-12,41.68,42.02,40.98,41.99,72689576.0,3099133356.0,3633066000.0,0.02000777745298324
2022-01-13,42.0,42.01,40.0,40.02,92652252.0,3849284136.0,3633066000.0,0.02550249623871408
2022-01-14,40.13,43.6,40.03,42.83,160153293.0,6914418982.0,3633066000.0,0.04408213145591079
2022-01-17,42.49,42.52,41.16,41.36,94903883.0,4051091584.0,3633066000.0,0.026122256793573252
2022-01-18,41.16,41.72,40.54,41.28,49757837.0,2098458533.0,3633066000.0,0.013695825234113557
2022-01-19,40.96,40.96,40.03,40.26,57788897.0,2391468556.0,3633066000.0,0.01590637136787496
2022-01-20,40.04,40.77,38.42,38.51,84367938.0,3389595965.0,3633066000.0,0.02322224204019415
2022-01-21,38.44,39.29,37.72,38.87,54440438.0,2166135751.0,3633066000.0,0.01498470933365923
2022-01-24,38.43,40.57,38.11,40.07,71440840.0,2908862824.0,3633066000.0,0.019664063355854255
2022-01-25,39.94,40.7,39.29,39.31,53765575.0,2206078054.0,3633066000.0,0.014798953556032288
2022-01-26,39.98,40.05,38.62,39.47,41280036.0,1667280310.0,3633066000.0,0.011362313814282482
2022-01-27,39.75,39.98,37.8,37.87,54206417.0,2151533564.0,3633066000.0,0.014920295144651928
2022-01-28,38.13,38.23,36.15,36.26,81303419.0,3087785757.0,3633066000.0,0.02237873438027275
2022-02-07,37.59,39.89,37.24,39.89,139851505.0,5659168404.0,3633066000.0,0.03849407222439669
2022-02-08,40.09,40.34,38.55,39.99,108545938.0,4408195894.0,3633066000.0,0.029877227113407793
2022-02-09,39.92,42.13,39.36,41.55,133479194.0,5611420921.0,3633066000.0,0.03674009610615386
2022-02-10,41.94,42.8,41.17,41.92,107410748.0,4619985634.0,3633066000.0,0.02956476650850824
2022-02-11,41.55,42.97,41.27,41.71,100758045.0,4362068671.0,3633066000.0,0.02773361260158775
2022-02-14,41.71,43.34,41.71,42.9,96668164.0,4226539026.0,3633066000.0,0.02660787445094584
2022-02-15,43.71,43.9,42.52,43.59,91090465.0,4046237748.0,3633066000.0,0.025072614975890885
2022-02-16,43.89,46.13,43.51,45.01,136410068.0,6309575022.0,3633066000.0,0.03754681803193226
2022-02-17,44.87,46.92,44.67,46.9,161286169.0,7632456809.0,3633066000.0,0.04439395513321255
2022-02-18,46.34,46.61,45.57,46.34,100231814.0,4733559337.0,3633066000.0,0.02758876772401052
2022-02-21,46.33,46.89,44.21,45.92,114444079.0,5336103652.0,3633066000.0,0.031500688124025275
2022-02-22,45.09,46.32,45.08,45.96,89534252.0,4201564007.0,3633066000.0,0.024644267954394443
2022-02-23,45.76,47.11,45.3,46.65,95730648.0,4558627877.0,3633066000.0,0.02634982353747496
2022-02-24,46.14,47.39,44.47,45.29,122518808.0,5771076443.0,3633066000.0,0.03372325413301052
2022-02-25,46.05,47.8,45.92,46.74,138569408.0,6684254531.0,3633066000.0,0.03814117552502487
2022-02-28,46.88,48.08,46.33,47.99,115597955.0,5610842160.0,3633066000.0,0.03181829204313932
2022-03-01,47.99,48.01,45.82,45.98,126767228.0,6054393567.0,3633066000.0,0.034892630081589486
2022-03-02,45.45,46.66,45.16,45.79,69338943.0,3269894605.0,3633066000.0,0.019085517026115134
2022-03-03,45.94,46.13,44.51,44.78,84762312.0,3914726623.0,3633066000.0,0.023330793329931248
2022-03-04,44.46,45.28,43.43,43.89,78079624.0,3553047212.0,3633066000.0,0.02149138606345164
2022-03-07,41.68,42.8,41.57,42.13,108508752.0,4689932097.0,3633066000.0,0.029866991681406285
2022-03-08,42.26,43.01,40.43,40.56,99719953.0,4256877679.0,3633066000.0,0.027447878183330554
2022-03-09,41.06,41.17,38.0,40.2,86335071.0,3521297381.0,3633066000.0,0.023763694631476553
2022-03-10,41.16,41.93,40.29,41.07,83603892.0,3519566616.0,3633066000.0,0.023011938676588864
2022-03-11,40.18,40.94,39.26,40.77,65012339.0,2673839758.0,3633066000.0,0.01789462096201941
2022-03-14,40.11,40.68,39.2,39.24,51202566.0,2100171107.0,3633066000.0,0.014093486328076617
2022-03-15,39.0,40.33,38.28,38.33,76879994.0,3091303124.0,3633066000.0,0.02116118837367667
2022-03-16,39.11,40.09,36.96,39.95,99396733.0,3956076763.0,3633066000.0,0.027358912004351147
2022-03-17,40.96,42.12,40.48,40.66,111953412.0,4752310105.0,3633066000.0,0.030815133003364102
2022-03-18,40.09,40.66,39.5,40.27,58582854.0,2409415522.0,3633066000.0,0.01612490772256821
2022-03-21,40.18,41.7,39.85,41.11,68728432.0,2890794408.0,3633066000.0,0.018917474111397922
2022-03-22,41.01,41.31,40.49,40.74,42612107.0,1782312432.0,3633066000.0,0.011728965837669891
2022-03-23,40.96,41.09,40.03,40.27,39077629.0,1618935601.0,3633066000.0,0.01075610214623131
2022-03-24,40.04,40.41,38.8,40.39,62163309.0,2520164473.0,3633066000.0,0.01711042656533077
2022-03-25,40.38,40.63,39.23,39.23,46103326.0,1882793609.0,3633066000.0,0.01268992250622477
2022-03-28,38.84,38.99,37.93,38.51,40940265.0,1613079375.0,3633066000.0,0.011268791979006161
2022-03-29,38.51,38.67,37.06,37.34,77510253.0,2989316799.0,3633066000.0,0.02133466691769431
2022-03-30,37.84,38.87,37.65,38.87,72686602.0,2864725870.0,3633066000.0,0.020006958860642774
2022-03-31,38.73,38.73,37.6,37.77,50695721.0,1975811053.0,3633066000.0,0.013953977439440957
2022-04-01,37.36,38.33,37.27,37.67,43986231.0,1705215628.0,3633066000.0,0.012107192932911211
2022-04-06,37.64,37.64,36.93,37.26,42048022.0,1600692062.0,3633066000.0,0.011573701661351597
2022-04-07,37.05,38.2,36.96,37.25,52948687.0,2033337889.0,3633066000.0,0.014574105452529627
2022-04-08,37.25,37.38,36.19,37.08,45876659.0,1734895597.0,3633066000.0,0.01262753250285021
2022-04-11,36.81,36.84,33.73,34.14,90405118.0,3224568551.0,3633066000.0,0.024883973481351563
2022-04-12,34.13,35.09,33.84,35.0,57301583.0,2026901398.0,3633066000.0,0.015772238379374335
2022-04-13,34.75,35.69,34.56,34.87,50042850.0,1803456850.0,3633066000.0,0.013774274951239531
2022-04-14,35.22,35.32,34.48,34.55,53563882.0,1908436969.0,3633066000.0,0.014743437636420588
2022-04-15,34.72,34.99,33.61,33.86,46472771.0,1624369136.0,3633066000.0,0.012791612098431462
2022-04-18,33.65,33.92,32.5,33.82,48246067.0,1644838479.0,3633066000.0,0.013279711131039183
2022-04-19,34.02,35.26,33.89,34.38,73212822.0,2597060043.0,3633066000.0,0.020151800710474295
2022-04-20,34.82,34.92,33.05,33.06,58274542.0,2015267310.0,3633066000.0,0.016040044964776307
2022-04-21,33.06,33.47,31.33,31.51,71015992.0,2348725747.0,3633066000.0,0.019547124109498697
2022-04-22,31.5,31.62,30.59,30.7,60812627.0,1936840217.0,3633066000.0,0.016738651871449624
2022-04-25,29.75,30.23,27.79,27.81,103041052.0,3061197098.0,3633066000.0,0.0283620093882137
2022-04-26,28.07,28.33,27.2,27.28,82751465.0,2356800567.0,3633066000.0,0.022777308477192542
2022-04-27,26.94,30.01,26.82,29.99,134347882.0,3947034657.0,3633066000.0,0.03697920213946017
2022-04-28,29.26,30.21,28.69,29.05,109332080.0,3273327813.0,3633066000.0,0.030093612392398047
2022-04-29,29.43,31.27,28.78,30.9,124210805.0,3823458736.0,3633066000.0,0.034188975647566
2022-05-05,30.43,31.69,30.29,30.88,89146697.0,2833005148.0,3633066000.0,0.024537593591748678
2022-05-06,29.94,30.09,29.26,29.36,70939687.0,2154693136.0,3633066000.0,0.01952612118799934
2022-05-09,29.16,31.62,29.06,31.22,100040908.0,3178060208.0,3633066000.0,0.027536220921943064
2022-05-10,30.57,32.01,30.43,31.25,93119923.0,2992552188.0,3633066000.0,0.02563122249912333
2022-05-11,31.36,34.23,31.09,32.81,164022525.0,5500995601.0,3633066000.0,0.04514713605533178
2022-05-12,32.48,33.18,32.19,32.52,79227415.0,2650905033.0,3633066000.0,0.021807315088688176
2022-05-13,32.75,32.9,31.94,32.49,55683486.0,1850432476.0,3633066000.0,0.015326857811005911
2022-05-16,32.71,33.14,31.98,32.12,51126211.0,1700644853.0,3633066000.0,0.014072469644096749
2022-05-17,32.19,33.6,32.07,33.24,93687232.0,3176677350.0,3633066000.0,0.025787374080184614
2022-05-18,33.27,33.46,32.84,32.86,56940189.0,1930358325.0,3633066000.0,0.01567276482177863
2022-05-19,32.29,33.02,31.66,33.02,81964166.0,2721589892.0,3633066000.0,0.022560604734403394
2022-05-20,33.45,33.89,32.67,33.77,99174875.0,3400132923.0,3633066000.0,0.0272978456763516
2022-05-23,33.82,35.55,33.43,35.35,132771655.0,4716399502.0,3633066000.0,0.03654534627226701
2022-05-24,35.07,35.29,33.28,33.29,114825448.0,4051226578.0,3633066000.0,0.0316056597925829
2022-05-25,33.26,33.57,32.53,33.34,64063069.0,2174620033.0,3633066000.0,0.017633334764631307
2022-05-26,33.16,33.73,32.34,33.25,58144426.0,1972877260.0,3633066000.0,0.016004230586507375
2022-05-27,33.67,34.35,32.98,33.22,64334859.0,2225222663.0,3633066000.0,0.017708144856162813
2022-05-30,33.41,34.0,32.97,33.34,54977356.0,1884241433.0,3633066000.0,0.015132495803819694
2022-05-31,33.16,34.09,32.67,33.97,70870176.0,2433319630.0,3633066000.0,0.019506988312351054
2022-06-01,33.77,33.94,33.22,33.4,50082148.0,1719074254.0,3633066000.0,0.013785091710417592
2022-06-02,33.29,35.58,33.18,34.97,136783951.0,4871046183.0,3633066000.0,0.03764972918190861
2022-06-06,34.84,37.16,34.79,36.93,148570410.0,5522727566.0,3633066000.0,0.04089394742622347
2022-06-07,36.93,37.24,36.03,36.35,88637614.0,3326495168.0,3633066000.0,0.024397468694485593
2022-06-08,36.14,38.87,36.13,38.35,153771756.0,5928727851.0,3633066000.0,0.0423256158847651
2022-06-09,38.05,38.45,37.17,37.6,84539279.0,3277163682.0,3633066000.0,0.023269403583639825
2022-06-10,37.06,39.0,36.93,38.61,122479123.0,4818622436.0,3633066000.0,0.033712330852233345
2022-06-13,38.04,41.25,37.89,40.48,144471357.0,5921045986.0,3633066000.0,0.03976568468615764
2022-06-14,39.87,41.15,39.6,40.54,117766684.0,4871129675.0,3633066000.0,0.03241523385482124
2022-06-15,40.28,40.73,39.31,39.31,92921730.0,3794573885.0,3633066000.0,0.025576669953147012
2022-06-16,39.24,40.63,39.03,39.24,71698350.0,2921693376.0,3633066000.0,0.019734942882953407
2022-06-17,38.97,40.48,38.73,39.92,85573024.0,3500262780.0,3633066000.0,0.023553941491841878
2022-06-20,39.89,40.67,39.27,39.56,79089454.0,3223235504.0,3633066000.0,0.021769341377227937
2022-06-21,39.57,39.6,35.96,36.29,210026386.0,8003682552.0,3633066000.0,0.05780968085908706
2022-06-22,36.1,36.36,34.59,34.75,201421896.0,7266464770.0,3633066000.0,0.0554412983414009
2022-06-23,33.16,34.03,32.48,33.98,230952919.0,7865594649.0,3633066000.0,0.06356970090826866
2022-06-24,33.47,34.7,33.2,34.34,133109066.0,4655927686.0,3633066000.0,0.03663821851846347
2022-06-27,34.6,35.74,33.57,35.02,144272504.0,5149034818.0,3633066000.0,0.03971095047543865
2022-06-28,35.05,35.45,34.36,34.86,104963626.0,3699540215.0,3633066000.0,0.028891197132119264
2022-06-29,34.83,35.08,33.7,33.76,95776060.0,3331474939.0,3633066000.0,0.026362323172769226
2022-06-30,34.07,35.21,34.07,34.72,94619311.0,3312156648.0,3633066000.0,0.026043928461525333
2022-07-01,34.71,35.11,34.08,34.56,73199477.0,2563191856.0,3633066000.0,0.02014812750442739
2022-07-04,34.38,34.92,33.88,34.58,76405971.0,2658267137.0,3633066000.0,0.021030713727744003
2022-07-05,34.07,34.35,32.91,33.58,133568243.0,4533159784.0,3633066000.0,0.03676460680868446
2022-07-06,33.55,33.55,32.15,32.68,87530943.0,2914392687.0,3633066000.0,0.02409285793321674
2022-07-07,32.34,33.0,32.3,32.69,66606453.0,2207662805.0,3633066000.0,0.01833340021898859
2022-07-08,32.69,34.8,32.69,33.59,138788336.0,4771219323.0,3633066000.0,0.03820143537166679
2022-07-11,33.72,33.89,32.29,32.65,73814764.0,2446498595.0,3633066000.0,0.02031748501128248
2022-07-12,32.18,32.21,30.9,30.98,104333916.0,3311591402.0,3633066000.0,0.02871786970013757
2022-07-13,31.2,31.75,30.72,31.51,53363297.0,1693749592.0,3633066000.0,0.01468822669337689
2022-07-14,31.3,31.77,31.14,31.57,45238541.0,1444159758.0,3633066000.0,0.012451890772146722
2022-07-15,31.3,32.06,30.86,30.88,55878789.0,1782697996.0,3633066000.0,0.015380614885609014
2022-07-18,31.48,32.85,31.48,32.04,96484478.0,3136628434.0,3633066000.0,0.026557314951063372
2022-07-19,32.03,32.55,31.46,32.08,59662938.0,1937290668.0,3633066000.0,0.0164222004224531
2022-07-20,32.22,32.26,31.7,31.86,42333500.0,1365911047.0,3633066000.0,0.011652279369546274
2022-07-21,31.7,32.32,31.33,32.05,53609521.0,1733651534.0,3633066000.0,0.01475599975337635
2022-07-22,32.36,32.36,31.3,31.56,47757450.0,1533904385.0,3633066000.0,0.013145219492296589
2022-07-25,31.4,31.45,30.69,30.77,44608945.0,1398052132.0,3633066000.0,0.012278594718620582
2022-07-26,30.77,31.26,30.33,31.04,41700487.0,1306716310.0,3633066000.0,0.011478042788102391
2022-07-27,31.0,31.03,30.51,30.81,33919832.0,1055774220.0,3633066000.0,0.009336420532960315
2022-07-28,31.07,31.9,30.87,31.64,68029389.0,2166136105.0,3633066000.0,0.018725062798198546
2022-07-29,31.69,31.7,30.98,30.99,46758509.0,1476965161.0,3633066000.0,0.012870261371524767
2022-08-01,30.64,30.79,30.32,30.74,39543107.0,1223020453.0,3633066000.0,0.010884224784245593
2022-08-02,30.39,30.39,29.13,29.28,68610257.0,2050841870.0,3633066000.0,0.018884946488723298
2022-08-03,29.28,31.86,29.28,31.1,115412956.0,3591889245.0,3633066000.0,0.03176737114051878
2022-08-04,31.31,31.84,30.61,31.24,62823494.0,1981840269.0,3633066000.0,0.017292142229180532
2022-08-05,31.25,32.74,30.93,32.58,115120994.0,3742609529.0,3633066000.0,0.031687008713852154
2022-08-08,32.45,32.93,32.09,32.58,64399648.0,2121968226.0,3633066000.0,0.01772597800315216
2022-08-09,32.59,32.87,32.21,32.44,45674070.0,1500481027.0,3633066000.0,0.012571769959587852
2022-08-10,32.49,32.7,31.84,32.03,57312672.0,1873282456.0,3633066000.0,0.015775290622300833
2022-08-11,32.15,32.78,31.75,32.65,70556022.0,2310434283.0,3633066000.0,0.019420517546336894
2022-08-12,32.66,33.38,32.45,32.59,60839523.0,2026363689.0,3633066000.0,0.016746054984963114
2022-08-15,32.29,33.43,32.19,33.18,73403428.0,2463073759.0,3633066000.0,0.020204264937658714
2022-08-16,33.1,33.14,32.04,32.17,87563248.0,2873865697.0,3633066000.0,0.024101749871871306
2022-08-17,32.28,32.37,31.41,31.88,49464808.0,1590498576.0,3633066000.0,0.013615169116112947
2022-08-18,31.62,32.2,31.6,31.9,36061462.0,1165401795.0,3633066000.0,0.009925903355457897
2022-08-19,31.95,31.96,30.93,30.94,52131713.0,1653076729.0,3633066000.0,0.014349233677560495
2022-08-22,30.74,31.4,30.44,31.19,37295218.0,1171957252.0,3633066000.0,0.010265494213427446
2022-08-23,31.11,31.35,30.76,30.95,30938182.0,968676605.0,3633066000.0,0.008515722532979032
2022-08-24,31.04,31.29,30.01,30.03,49239475.0,1518866999.0,3633066000.0,0.013553146295718271
2022-08-25,30.04,30.25,29.43,30.22,45508288.0,1377136095.0,3633066000.0,0.012526138528724773
2022-08-26,30.22,30.96,30.11,30.45,43184641.0,1336534491.0,3633066000.0,0.011886555597943995
2022-08-29,29.92,30.56,29.79,30.21,29482259.0,901074819.0,3633066000.0,0.008114980294880413
2022-08-30,30.21,30.42,29.83,29.99,25075435.0,762483629.0,3633066000.0,0.006902003707061749
2022-08-31,29.89,30.16,29.49,29.76,33911287.0,1020953002.0,3633066000.0,0.009334068525041934
2022-09-01,29.77,30.04,29.63,29.71,23963044.0,723952863.0,3633066000.0,0.00659581851802307
2022-09-02,29.74,29.88,29.54,29.78,22043677.0,663129705.0,3633066000.0,0.006067513499617128
2022-09-05,29.89,30.07,29.53,29.7,25291782.0,761136075.0,3633066000.0,0.006961553134459985
2022-09-06,29.75,30.56,29.72,30.46,45433029.0,1391040140.0,3633066000.0,0.012505423518317587
2022-09-07,30.35,30.71,30.25,30.4,36711690.0,1133742290.0,3633066000.0,0.010104878358939804
2022-09-08,30.46,30.58,29.88,29.91,31040926.0,947255323.0,3633066000.0,0.008544002778920064
2022-09-09,29.97,30.38,29.91,30.3,32824065.0,1004335977.0,3633066000.0,0.009034811093440086
2022-09-13,30.35,31.21,30.35,31.08,64497205.0,2019188455.0,3633066000.0,0.017752830529365556
2022-09-14,30.6,30.86,30.17,30.32,45722643.0,1410287874.0,3633066000.0,0.012585139658899673
2022-09-15,30.29,30.56,29.3,29.63,52858139.0,1594310843.0,3633066000.0,0.014549182150833484
2022-09-16,29.58,29.59,28.44,28.44,52368518.0,1522404494.0,3633066000.0,0.01441441416148234
2022-09-19,28.44,28.72,27.88,27.99,33093419.0,948130044.0,3633066000.0,0.009108950676921366
2022-09-20,28.09,29.23,28.09,28.65,39057581.0,1134296490.0,3633066000.0,0.010750583942047845
2022-09-21,28.83,30.61,28.81,30.1,96500557.0,2897336884.0,3633066000.0,0.026561740689544314
2022-09-22,29.53,29.85,28.99,29.02,54953589.0,1637349597.0,3633066000.0,0.015125953946336234
2022-09-23,29.03,29.13,28.15,28.37,40406843.0,1167285008.0,3633066000.0,0.011121967781482637
2022-09-26,28.24,28.28,27.66,27.75,38143057.0,1080562007.0,3633066000.0,0.010498861567612589
2022-09-27,27.7,27.95,26.99,27.95,48631447.0,1352341073.0,3633066000.0,0.013385786825782961
2022-09-28,27.65,27.65,26.67,26.67,40112421.0,1101202652.0,3633066000.0,0.011040928240775147
2022-09-29,26.97,27.3,26.41,26.63,32908680.0,895040969.0,3633066000.0,0.009058101339199452
2022-09-30,26.66,26.89,26.21,26.23,27054490.0,726635532.0,3633066000.0,0.007446737824195872
2022-10-10,26.23,26.46,25.08,25.24,35800758.0,933160189.0,3633066000.0,0.009854144681104059
2022-10-11,25.32,25.64,25.18,25.45,30946819.0,797039769.0,3633066000.0,0.008518099863861543
2022-10-12,25.38,25.65,24.05,25.64,59212549.0,1493227199.0,3633066000.0,0.016298231025805753
2022-10-13,25.38,27.11,25.28,26.51,81285293.0,2188730968.0,3633066000.0,0.022373745205839915
2022-10-14,26.66,27.06,26.41,26.75,54275843.0,1469565203.0,3633066000.0,0.01493940462408335
2022-10-17,26.66,26.91,26.39,26.86,32876922.0,890098168.0,3633066000.0,0.009049359962081614
2022-10-18,27.05,27.09,26.67,26.73,27250481.0,739049132.0,3633066000.0,0.007500684270530731
2022-10-19,26.59,26.97,26.27,26.32,30113316.0,809820276.0,3633066000.0,0.008288678488086922
2022-10-20,26.17,26.6,25.73,26.35,32105626.0,852077544.0,3633066000.0,0.008837061038803039
2022-10-21,26.54,26.81,25.87,25.87,31328668.0,833850355.0,3633066000.0,0.008623203652232026
2022-10-24,26.17,26.52,24.98,25.18,45432300.0,1185425897.0,3633066000.0,0.012505222861351816
2022-10-25,25.18,25.58,24.45,25.26,33431661.0,848383600.0,3633066000.0,0.00920205165554383
2022-10-26,25.13,25.85,24.98,25.45,51609869.0,1328615176.0,3633066000.0,0.014205596320022813
2022-10-27,25.58,26.22,25.46,25.82,60858738.0,1596102005.0,3633066000.0,0.016751343906221357
2022-10-28,25.58,25.59,24.39,24.46,51724002.0,1305973070.0,3633066000.0,0.014237011383773375
2022-10-31,24.08,24.27,23.33,23.9,46751424.0,1130593890.0,3633066000.0,0.012868311228037145
2022-11-01,23.99,26.29,23.99,26.29,125830185.0,3269862570.0,3633066000.0,0.03463470936118419
2022-11-02,26.37,28.46,26.18,27.46,162406499.0,4486804717.0,3633066000.0,0.044702325528905885
2022-11-03,27.09,27.73,26.91,27.15,83647652.0,2313455944.0,3633066000.0,0.02302398359952723
2022-11-04,27.15,28.14,26.96,27.94,87374597.0,2457583236.0,3633066000.0,0.024049823757674647
2022-11-07,27.97,29.23,27.9,28.33,120479303.0,3491472350.0,3633066000.0,0.03316188117694531
2022-11-08,28.3,28.54,27.83,28.06,63622763.0,1810387391.0,3633066000.0,0.017512140709802684
2022-11-09,28.29,28.49,27.59,27.66,47993379.0,1353884369.0,3633066000.0,0.013210158857559978
2022-11-10,26.91,27.21,26.4,26.46,105455836.0,2855936871.0,3633066000.0,0.029026677742710977
2022-11-11,27.01,27.22,26.15,26.51,106166120.0,2855276031.0,3633066000.0,0.029222183136777588
2022-11-14,26.44,26.79,25.94,26.0,59049207.0,1574897420.0,3633066000.0,0.01625327120399134
2022-11-15,26.01,26.92,25.9,26.91,72100194.0,1937385900.0,3633066000.0,0.019845550287278017
2022-11-16,26.95,27.0,26.34,26.41,50580675.0,1359971595.0,3633066000.0,0.013922311072796366
2022-11-17,26.2,26.31,25.72,26.1,53595519.0,1409194504.0,3633066000.0,0.014752145708335605
2022-11-18,26.1,26.27,25.63,25.65,46924937.0,1230046157.0,3633066000.0,0.012916070613635975
2022-11-21,25.46,25.57,25.13,25.4,40231918.0,1032494713.0,3633066000.0,0.011073819743434334
2022-11-22,25.42,25.74,25.18,25.26,47688144.0,1227334350.0,3633066000.0,0.01312614304281838
2022-11-23,25.23,25.45,25.05,25.38,36315433.0,930196583.0,3633066000.0,0.009995808774186871
2022-11-24,25.45,25.65,25.28,25.29,36795287.0,947574859.0,3633066000.0,0.01012788840059608
2022-11-25,25.2,25.33,24.92,25.09,28115326.0,714944334.0,3633066000.0,0.007738732519585386
2022-11-28,24.86,24.93,24.42,24.93,34418756.0,861052956.0,3633066000.0,0.009473749169434302
2022-11-29,24.93,25.66,24.9,25.62,49012428.0,1258483893.0,3633066000.0,0.013490651697491871
2022-11-30,25.62,26.08,25.5,25.84,55010135.0,1437205015.0,3633066000.0,0.015141518210789455
2022-12-01,26.03,26.48,25.87,25.97,58775364.0,1553791789.0,3633066000.0,0.01617789602501028
2022-12-02,25.96,26.01,25.5,25.58,41544632.0,1081081810.0,3633066000.0,0.011435143760118864
2022-12-05,25.67,26.66,25.54,26.44,82551727.0,2192794222.0,3633066000.0,0.022722330670568607
2022-12-06,26.22,26.43,26.01,26.32,43627273.0,1157620576.0,3633066000.0,0.01200838988336573
2022-12-07,26.23,26.62,26.18,26.29,42161807.0,1127229033.0,3633066000.0,0.01160502093823784
2022-12-08,26.25,26.55,25.97,26.07,36469675.0,968696473.0,3633066000.0,0.010038263824549292
2022-12-09,25.94,26.59,25.88,26.48,48993127.0,1306626662.0,3633066000.0,0.013485339104767157
2022-12-12,26.46,26.46,25.67,25.69,50021917.0,1314379570.0,3633066000.0,0.01376851315115112
2022-12-13,25.69,27.48,25.65,26.95,132938711.0,3615778902.0,3633066000.0,0.03659132837113336
2022-12-14,26.95,26.95,26.49,26.67,55072408.0,1487168270.0,3633066000.0,0.015158658829759768
2022-12-15,26.68,26.72,26.03,26.48,45830532.0,1220260882.0,3633066000.0,0.012614836064084716
2022-12-16,26.22,26.33,25.8,25.94,40679659.0,1071677405.0,3633066000.0,0.011197060279114115
2022-12-19,25.79,26.23,25.13,25.27,46561311.0,1211368711.0,3633066000.0,0.012815982698910508
2022-12-20,25.23,25.52,24.99,25.38,24874060.0,637380420.0,3633066000.0,0.006846575316826063
2022-12-21,25.29,25.48,24.8,24.99,25997295.0,660392791.0,3633066000.0,0.007155745312636764
2022-12-22,25.19,25.28,24.53,24.54,29177449.0,734592776.0,3633066000.0,0.00803108146122311
2022-12-23,24.35,24.79,24.14,24.74,22948844.0,571341422.0,3633066000.0,0.006316660363450595
2022-12-26,24.61,25.17,24.59,25.11,21457847.0,542877530.0,3633066000.0,0.005906264020527015
2022-12-27,25.24,25.44,24.98,25.38,29165777.0,745471183.0,3615065842.0,0.008067841161051805
2022-12-28,25.18,25.33,24.83,24.97,21813094.0,553390254.0,3615065842.0,0.006033940999517762
2022-12-29,24.76,25.26,24.75,24.99,21231344.0,537517404.0,3615065842.0,0.005873017236182334
2022-12-30,25.06,25.16,24.73,24.74,24151416.0,608027236.0,3615065842.0,0.006680767946024038
2023-01-03,24.8,25.65,24.8,25.45,43595181.0,1119470629.0,3615065842.0,0.012059304838520283
2023-01-04,25.44,25.5,25.03,25.18,26395342.0,674226693.0,3615065842.0,0.00730148305829944
2023-01-05,25.29,25.65,25.16,25.51,35625368.0,918259935.0,3615065842.0,0.009854694093286724
2023-01-06,25.52,26.31,25.42,26.05,62479335.0,1645678829.0,3615065842.0,0.017283042060842222
2023-01-09,26.24,26.55,26.06,26.32,49134474.0,1310939724.0,3615065842.0,0.013591584814072662
2023-01-10,26.32,26.34,25.93,26.18,35620481.0,941618648.0,3615065842.0,0.009853342250688667
2023-01-11,26.37,26.78,26.18,26.2,49068873.0,1314752431.0,3615065842.0,0.013573438256619172
2023-01-12,26.2,26.54,25.97,26.19,35106216.0,932228587.0,3615065842.0,0.009711086197140418
2023-01-13,26.31,26.58,26.03,26.35,31922274.0,850158838.0,3615065842.0,0.008830343732367352
2023-01-16,26.36,26.84,26.36,26.67,58323719.0,1574088678.0,3615065842.0,0.01613351500334859
2023-01-17,26.75,27.15,26.53,26.83,48813383.0,1324239864.0,3615065842.0,0.013502764578416218
2023-01-18,26.83,26.96,26.68,26.77,29166396.0,791926348.0,3615065842.0,0.008068012388915156
2023-01-19,26.74,27.09,26.53,27.06,41556032.0,1130896716.0,3615065842.0,0.011495235167559086
2023-01-20,27.17,28.78,27.07,28.35,125954681.0,3592950158.0,3615065842.0,0.0348416008186221
2023-01-30,28.86,29.36,28.56,28.77,110230521.0,3228583235.0,3615065842.0,0.030491981562088516
2023-01-31,28.58,28.98,28.52,28.67,61519598.0,1792247514.0,3615065842.0,0.01701755948266903
2023-02-01,28.82,30.9,28.82,30.41,161280006.0,4904386918.0,3615065842.0,0.0446132969768466
2023-02-02,30.27,30.43,29.95,30.01,82592332.0,2522114542.0,3615065842.0,0.022846701999293766
2023-02-03,29.8,29.81,28.77,29.18,94950508.0,2803826951.0,3615065842.0,0.026265222308501455
2023-02-06,28.79,29.08,28.55,29.01,46065459.0,1346707803.0,3615065842.0,0.012742633471515068
2023-02-07,29.1,29.17,28.44,28.76,57541227.0,1670941960.0,3615065842.0,0.015917061960942287
2023-02-08,28.81,28.84,28.23,28.29,45121498.0,1301375228.0,3615065842.0,0.01248151485258619
2023-02-09,28.14,28.69,28.05,28.63,40730317.0,1175515698.0,3615065842.0,0.0112668257730726
2023-02-10,28.52,28.52,27.98,28.2,40408256.0,1155924151.0,3615065842.0,0.01117773721588554
2023-02-13,28.19,28.59,28.14,28.44,36925808.0,1062099435.0,3615065842.0,0.01021442198119721
2023-02-14,28.67,28.97,28.44,28.85,59153429.0,1722939831.0,3615065842.0,0.01636302949527302
2023-02-15,28.83,28.83,28.31,28.35,41651618.0,1201738336.0,3615065842.0,0.0115216761797502
2023-02-16,28.24,28.52,27.25,27.56,62690780.0,1775440412.0,3615065842.0,0.017341532005214304
2023-02-17,27.56,28.28,27.55,27.69,49597303.0,1402607142.0,3615065842.0,0.013719612634374807
2023-02-20,27.91,28.23,27.36,28.17,41881681.0,1183597386.0,3615065842.0,0.011585316237789287
2023-02-21,28.06,29.56,28.06,29.42,118810007.0,3495356837.0,3615065842.0,0.03286524013467747
2023-02-22,29.15,29.38,28.93,29.06,53095975.0,1564249451.0,3615065842.0,0.014687415754127778
2023-02-23,29.08,29.28,28.83,29.19,44566792.0,1311100250.0,3615065842.0,0.012328072004172366
2023-02-24,29.21,29.24,28.56,28.96,47437238.0,1387024223.0,3615065842.0,0.013122095163211691
2023-02-27,28.79,28.79,28.35,28.45,33475552.0,967495428.0,3615065842.0,0.009260011701883685
2023-02-28,28.45,28.75,28.25,28.69,27855132.0,805181518.0,3615065842.0,0.007705290364667167
2023-03-01,28.62,28.98,28.52,28.98,36684516.0,1072119618.0,3615065842.0,0.010147675755666084
2023-03-02,27.77,28.16,27.65,27.74,107135519.0,3017117040.0,3615065842.0,0.029635841692091647
2023-03-03,27.74,27.88,27.4,27.72,52088019.0,1457169096.0,3615065842.0,0.014408594829681666
2023-03-06,27.71,27.71,26.76,27.17,61875435.0,1699753038.0,3615065842.0,0.01711599116152419
2023-03-07,27.12,27.26,26.56,26.59,45448896.0,1238404407.0,3615065842.0,0.012572079731431901
2023-03-08,26.48,26.84,26.24,26.81,31472492.0,845828326.0,3615065842.0,0.008705924974962047
2023-03-09,26.91,26.97,26.59,26.71,21931659.0,595130865.0,3615065842.0,0.006066738465783108
2023-03-10,26.66,26.66,26.2,26.24,27047102.0,721932323.0,3615065842.0,0.007481772997262051
2023-03-13,26.17,26.57,26.12,26.38,22284646.0,594246250.0,3615065842.0,0.006164381777254501
2023-03-14,26.32,26.35,25.41,25.79,40358713.0,1054722376.0,3615065842.0,0.011164032624554338
2023-03-15,25.97,26.14,25.78,25.8,22598520.0,593732608.0,3615065842.0,0.006251205645399141
2023-03-16,25.59,25.66,25.18,25.21,29945709.0,770524840.0,3615065842.0,0.008283586055913391
2023-03-17,25.58,25.79,25.43,25.58,32688198.0,847371237.0,3615065842.0,0.009042213732382693
2023-03-20,25.58,25.89,25.45,25.75,26538153.0,690614246.0,3615065842.0,0.007340987456349627
2023-03-21,25.83,26.17,25.74,26.17,30100079.0,792779405.0,3615065842.0,0.00832628790610005
2023-03-22,26.33,26.37,25.97,26.12,24857407.0,658399293.0,3615065842.0,0.006876059271509113
2023-03-23,26.07,26.11,25.88,26.09,22691511.0,597314733.0,3615065842.0,0.006276928828340826
2023-03-24,26.1,26.12,25.79,25.81,23770094.0,622375027.0,3615065842.0,0.006575286603037201
2023-03-27,25.95,26.35,25.84,26.05,35872399.0,946939693.0,3615065842.0,0.009923027841770633
2023-03-28,25.98,26.05,25.53,25.58,30258193.0,787742654.0,3615065842.0,0.00837002542207086
2023-03-29,25.58,25.76,25.48,25.52,18817694.0,487555244.0,3615065842.0,0.005205353048172781
2023-03-30,25.48,25.6,25.19,25.58,24270399.0,623384016.0,3615065842.0,0.0067136810395056696
2023-03-31,25.58,25.89,25.54,25.76,20598889.0,537384269.0,3615065842.0,0.005698067448919234
2023-04-03,25.66,26.25,25.6,26.2,38705394.0,1021403253.0,3615065842.0,0.010706691300147004
2023-04-04,26.19,26.28,25.9,26.02,32795764.0,864762233.0,3615065842.0,0.00907196865378697
2023-04-06,26.06,26.75,25.77,26.66,56515891.0,1508054821.0,3615065842.0,0.015633433378555876
2023-04-07,26.56,26.63,26.37,26.45,29570373.0,792637853.0,3615065842.0,0.008179760561052598
2023-04-10,26.46,26.58,26.15,26.17,26675972.0,710195617.0,3615065842.0,0.007379110966687616
2023-04-11,26.17,26.61,26.0,26.61,36735715.0,982398755.0,3615065842.0,0.010161838429940276
2023-04-12,26.53,26.83,26.42,26.59,38106144.0,1028000190.0,3615065842.0,0.010540926684455115
2023-04-13,26.48,27.16,26.43,26.5,49754478.0,1351421321.0,3615065842.0,0.013763090404039174
2023-04-14,26.45,26.85,26.42,26.6,33574594.0,906141977.0,3615065842.0,0.009287408713260167
2023-04-17,26.6,27.11,26.27,27.01,54312690.0,1471525728.0,3615065842.0,0.01502398362126429
2023-04-18,26.99,27.16,26.46,26.75,45622659.0,1239569146.0,3615065842.0,0.012620146075889923
2023-04-19,26.62,26.65,26.17,26.17,40864581.0,1088108925.0,3615065842.0,0.011303965898831892
2023-04-20,26.1,26.1,25.51,25.79,34673698.0,903237411.0,3615065842.0,0.009591443009739794
2023-04-21,25.78,25.79,25.13,25.16,36026022.0,927203198.0,3615065842.0,0.009965523056716708
2023-04-24,25.15,25.28,24.79,24.87,27889286.0,705654363.0,3615065842.0,0.007714738048746167
2023-04-25,24.87,25.06,24.33,24.53,29558698.0,735900795.0,3615065842.0,0.008176531020980503
2023-04-26,24.53,24.93,24.49,24.77,23318243.0,585151421.0,3615065842.0,0.006450295518573296
2023-04-27,24.81,24.87,24.49,24.63,19050565.0,475050919.0,3615065842.0,0.005269769855549978
2023-04-28,24.67,24.95,24.67,24.85,21100352.0,529867361.0,3615065842.0,0.005836782211503632
2023-05-04,24.54,24.69,24.22,24.44,27584834.0,682508665.0,3615065842.0,0.007630520495510245
2023-05-05,24.43,24.44,23.78,23.82,34120806.0,828245960.0,3615065842.0,0.009438501950250233
2023-05-08,23.82,24.12,23.79,24.03,26778026.0,649915227.0,3615065842.0,0.007407341157909676
2023-05-09,23.98,25.16,23.55,24.68,65770679.0,1628984113.0,3615065842.0,0.01819349408131748
2023-05-10,24.49,24.74,24.28,24.51,25264504.0,627946995.0,3615065842.0,0.0069886704984666774
2023-05-11,24.54,24.83,24.54,24.56,17422358.0,434602891.0,3615065842.0,0.004819375015964094
2023-05-12,24.58,24.59,24.05,24.11,17475185.0,429201254.0,3615065842.0,0.004833988027817503
2023-05-15,23.99,24.77,23.99,24.72,26383940.0,655566038.0,3615065842.0,0.007298329035524106
2023-05-16,24.81,24.86,24.52,24.62,14331845.0,357618311.0,3615065842.0,0.0039644768937516905
2023-05-17,24.54,24.78,24.52,24.63,13764206.0,343538423.0,3615065842.0,0.0038074565171363757
2023-05-18,24.63,24.73,24.15,24.41,19929688.0,492423806.0,3615065842.0,0.0055129529781881076
2023-05-19,24.3,24.41,24.07,24.12,14542749.0,355958373.0,3615065842.0,0.004022817186630926
2023-05-22,24.11,24.29,24.0,24.17,13292356.0,324834238.0,3615065842.0,0.0036769333065995095
2023-05-23,24.19,24.35,24.09,24.11,13897080.0,340667985.0,3615065842.0,0.0038442121409084976
2023-05-24,24.0,24.21,23.84,23.9,14651579.0,355770271.0,3615065842.0,0.004052921755885407
2023-05-25,23.77,23.96,23.6,23.81,18350204.0,441297762.0,3615065842.0,0.00507603590142301
2023-05-26,23.81,23.87,23.31,23.6,18451175.0,439446275.0,3615065842.0,0.005103966513039239
2023-05-29,23.85,23.86,23.36,23.38,15093622.0,358725657.0,3615065842.0,0.004175199750068618
2023-05-30,23.28,23.51,22.85,23.31,22554483.0,529486056.0,3615065842.0,0.006239024124529348
2023-05-31,23.28,23.62,23.08,23.56,20218265.0,478805583.0,3615065842.0,0.005592779186786386
2023-06-01,23.58,23.9,23.5,23.67,19351846.0,465345234.0,3615065842.0,0.0053531102463389105
2023-06-02,23.68,24.03,23.67,23.98,20627367.0,499930707.0,3615065842.0,0.005705945037113932
2023-06-05,24.04,24.04,23.63,23.78,14855027.0,357365230.0,3615065842.0,0.004109199569040657
2023-06-06,23.76,23.76,23.21,23.21,19113917.0,453920363.0,3615065842.0,0.005287294294320629
2023-06-07,23.22,23.33,22.97,23.13,16650193.0,389977229.0,3615065842.0,0.004605778629688372
2023-06-08,23.05,23.26,22.97,23.08,13866235.0,324691322.0,3615065842.0,0.00383567979285507
2023-06-09,23.1,23.6,23.09,23.6,23378641.0,551948464.0,3615065842.0,0.006467002821466177
2023-06-12,23.38,23.72,23.33,23.53,15289886.0,365021799.0,3615065842.0,0.0042294903241765075
2023-06-13,23.47,23.62,23.37,23.45,12067939.0,286628116.0,3615065842.0,0.003338234911185886
2023-06-14,23.49,23.68,23.41,23.51,14939014.0,356232420.0,3615065842.0,0.0041324320642899095
2023-06-15,23.59,24.0,23.4,23.95,32768357.0,788928583.0,3615065842.0,0.009064387325756486
2023-06-16,23.95,23.99,23.78,23.97,20988232.0,507619800.0,3615065842.0,0.005805767562006136
2023-06-19,23.97,24.07,23.7,23.72,19751643.0,477210833.0,3615065842.0,0.005463702146313494
2023-06-20,23.72,23.87,23.46,23.67,18908447.0,452465617.0,3615065842.0,0.005230457155253107
2023-06-21,23.55,23.79,23.26,23.27,17173262.0,408715339.0,3615065842.0,0.0047504700469021225
2023-06-26,23.18,23.5,23.1,23.25,15344625.0,361600149.0,3615065842.0,0.004244632233727377
2023-06-27,23.32,23.57,23.25,23.47,13460643.0,319331282.0,3615065842.0,0.0037234848792001615
2023-06-28,23.5,23.57,23.01,23.38,16721401.0,393238493.0,3615065842.0,0.00462547619623687
2023-06-29,23.26,23.94,23.24,23.77,25330748.0,607863949.0,3615065842.0,0.00700699492266675
2023-06-30,23.85,23.92,23.66,23.85,18428788.0,441796614.0,3615065842.0,0.005097773818084722
2023-07-03,23.84,24.13,23.82,24.01,24360600.0,588402245.0,3615065842.0,0.006738632452271668
2023-07-04,24.52,24.94,24.16,24.19,46666342.0,1150439028.0,3615065842.0,0.012908849807886846
2023-07-05,24.02,26.53,23.97,26.34,174318804.0,4481892749.0,3615065842.0,0.048220091035343304
2023-07-06,25.86,25.86,25.08,25.12,104410348.0,2661625745.0,3615065842.0,0.028882004523114298
2023-07-07,24.97,25.34,24.64,25.06,57580182.0,1448967649.0,3615065842.0,0.015927837698287765
2023-07-10,25.21,25.35,24.78,24.81,34325697.0,861424233.0,3615065842.0,0.00949517892625979
2023-07-11,24.77,25.01,24.57,24.94,35028753.0,872509806.0,3615065842.0,0.009689658371649652
2023-07-12,24.86,25.11,24.64,24.81,35938605.0,897379952.0,3615065842.0,0.00994134175440559
2023-07-13,24.84,25.03,24.81,24.92,26813169.0,671980440.0,3615065842.0,0.0074170624193018505
2023-07-14,24.87,25.04,24.62,24.63,24547139.0,611003281.0,3615065842.0,0.0067902328955700385
2023-07-17,24.22,24.23,23.74,23.74,38359459.0,919353896.0,3615065842.0,0.010610998713865196
2023-07-18,23.77,23.96,23.67,23.89,16836625.0,403304959.0,3615065842.0,0.004657349474632335
2023-07-19,23.87,23.93,23.67,23.86,14520918.0,347224224.0,3615065842.0,0.004016778292471278
2023-07-20,23.87,24.06,23.77,23.79,17693517.0,425110417.0,3615065842.0,0.004894383055056954
2023-07-21,23.72,23.87,23.61,23.68,12956515.0,308999157.0,3615065842.0,0.0035840329239569075
2023-07-24,23.63,23.76,23.48,23.51,14075294.0,333916278.0,3615065842.0,0.0038935097215858677
2023-07-25,23.63,24.02,23.63,23.99,24606849.0,591071543.0,3615065842.0,0.006806749883810277
2023-07-26,23.99,24.02,23.84,23.96,14309046.0,343939430.0,3615065842.0,0.003958170231301696
2023-07-27,23.97,24.05,23.76,23.79,15502905.0,372840799.0,3615065842.0,0.004288415668640538
2023-07-28,23.68,24.25,23.64,24.12,29529816.0,713986227.0,3615065842.0,0.008168541678251403
2023-07-31,24.22,24.74,24.2,24.54,34548284.0,851815957.0,3615065842.0,0.009556750972172196
2023-08-01,24.51,24.67,24.38,24.61,24972388.0,616355462.0,3615065842.0,0.0069078653312118566
2023-08-02,24.61,24.74,24.43,24.47,18519465.0,456991760.0,3615065842.0,0.005122856902034815
2023-08-03,24.39,24.54,24.31,24.52,13111488.0,322319699.0,3615065842.0,0.0036269015760847655
2023-08-04,24.56,24.76,24.4,24.51,25546639.0,631289189.0,3615065842.0,0.007066714720157509
2023-08-07,24.47,25.36,24.37,24.86,51891664.0,1301677905.0,3615065842.0,0.014354279083141524
2023-08-08,24.76,25.06,24.47,24.78,27972568.0,695757496.0,3615065842.0,0.007737775526800488
2023-08-09,24.68,25.19,24.62,24.78,26040602.0,652848786.0,3615065842.0,0.007203354831731997
2023-08-10,24.78,24.91,24.56,24.66,14962940.0,371630798.0,3615065842.0,0.00413905047763166
2023-08-11,24.67,24.79,24.13,24.13,19480211.0,477134219.0,3615065842.0,0.005388618589923873
2023-08-14,23.96,24.07,23.72,23.94,16265408.0,390594931.0,3615065842.0,0.004499339351175226
2023-08-15,23.94,24.06,23.57,23.77,15474322.0,369916075.0,3615065842.0,0.0042805090353317
2023-08-16,23.68,23.83,23.39,23.39,20646847.0,489244517.0,3615065842.0,0.005711333597337008
2023-08-17,23.39,23.67,23.17,23.6,14384019.0,339399765.0,3615065842.0,0.00397890927265717
2023-08-18,23.64,23.65,23.25,23.26,15072531.0,355257266.0,3615065842.0,0.004169365554808614
2023-08-21,23.17,23.35,22.91,22.91,16042494.0,373110075.0,3615065842.0,0.004437676850478786
2023-08-22,22.93,23.11,22.1,22.62,29012823.0,657664114.0,3615065842.0,0.008025531004975816
2023-08-23,22.6,22.6,21.8,21.85,22886960.0,509717438.0,3615065842.0,0.0063309939570389715
2023-08-24,21.88,22.25,21.73,21.92,17646034.0,390125581.0,3615065842.0,0.00488124830120314
2023-08-25,21.88,22.02,21.29,21.41,22702881.0,493696062.0,3615065842.0,0.006280073999271851
2023-08-28,22.73,22.82,21.75,21.9,34107022.0,762854447.0,3615065842.0,0.009434689018314152
2023-08-29,21.89,22.45,21.84,22.31,22794426.0,509728762.0,3615065842.0,0.006305397189498824
2023-08-30,22.32,22.52,22.14,22.21,17157982.0,385090227.0,3615065842.0,0.004746243291244597
2023-08-31,22.2,22.23,21.83,21.96,14321071.0,316526656.0,3615065842.0,0.00396149658842092
2023-09-01,21.98,22.33,21.94,22.24,14705814.0,327793944.0,3615065842.0,0.00406792424888841
2023-09-04,22.28,23.01,22.28,22.85,43906402.0,1003840532.0,3615065842.0,0.012145394833447683
2023-09-05,22.78,23.0,22.59,22.84,26881224.0,616920561.0,3615065842.0,0.0074358878025657825
2023-09-06,22.67,22.75,22.6,22.74,15509287.0,353602305.0,3615065842.0,0.004290181058339905
2023-09-07,22.75,22.8,22.33,22.33,15461764.0,349475172.0,3615065842.0,0.004277035239680705
2023-09-08,22.31,22.42,21.98,22.05,15107433.0,336162028.0,3615065842.0,0.004179020150748336
2023-09-11,22.1,22.43,22.05,22.29,14597957.0,326538501.0,3615065842.0,0.004038088831024948
2023-09-12,22.36,22.53,22.2,22.26,13043210.0,293056304.0,3615065842.0,0.0036080145065308052
2023-09-13,22.26,22.38,21.92,22.11,13127651.0,291733630.0,3615065842.0,0.003631372587321191
2023-09-14,22.11,22.21,21.95,22.05,11647801.0,258445196.0,3615065842.0,0.0032220162810522885
2023-09-15,22.1,22.32,21.92,22.0,15488280.0,343915472.0,3615065842.0,0.004284370099171212
2023-09-18,22.0,22.53,21.89,22.34,23981746.0,538157215.0,3615065842.0,0.006633833807777159
2023-09-19,22.33,22.34,22.01,22.05,12964076.0,288074157.0,3615065842.0,0.0035861244487950324
2023-09-20,22.03,22.03,21.68,21.72,14181908.0,311182697.0,3615065842.0,0.003923001300621954
2023-09-21,21.63,21.82,21.48,21.49,13164850.0,286021660.0,3615065842.0,0.0036416625797102147
2023-09-22,21.48,21.96,21.34,21.94,19518349.0,425479780.0,3615065842.0,0.005399168328619338
2023-09-25,21.94,21.95,21.63,21.65,12799291.0,279694244.0,3615065842.0,0.0035405415999059417
2023-09-26,21.67,21.73,21.46,21.52,11207237.0,242690646.0,3615065842.0,0.003100147408048232
2023-09-27,21.53,21.8,21.45,21.67,13358669.0,290726306.0,3615065842.0,0.0036952768175888733
2023-09-28,21.68,21.82,21.63,21.67,11787985.0,257237193.0,3615065842.0,0.0032607939980087365
2023-10-09,21.67,21.73,21.45,21.49,13405338.0,290062047.0,3615065842.0,0.003708186402653078
2023-10-10,21.53,21.84,21.53,21.61,13293852.0,289896921.0,3615065842.0,0.003677347130320953
2023-10-11,21.7,21.8,21.53,21.69,14214270.0,310010640.0,3615065842.0,0.0039319532814196525
2023-10-12,21.78,22.12,21.7,22.06,23827538.0,525580340.0,3615065842.0,0.006591176770052312
2023-10-13,21.88,21.93,21.71,21.88,15039347.0,329821864.0,3615065842.0,0.004160186192260229
2023-10-16,21.89,21.93,21.43,21.54,17530137.0,380479902.0,3615065842.0,0.004849188857457053
2023-10-17,21.71,21.75,21.5,21.57,10428811.0,226582886.0,3615065842.0,0.0028848191031094366
2023-10-18,21.54,21.55,21.03,21.03,17931920.0,381680394.0,3615065842.0,0.004960330125019062
2023-10-19,20.96,21.23,20.78,20.8,16802959.0,353777366.0,3615065842.0,0.004648036781179046
2023-10-20,20.71,20.98,20.64,20.74,16448379.0,343552365.0,3615065842.0,0.004549952813833149
2023-10-23,20.61,20.63,19.66,19.89,27251344.0,548772607.0,3615065842.0,0.007538270446804217
2023-10-24,19.77,21.43,19.21,20.53,59088932.0,1198423573.0,3615065842.0,0.01634518832644819
2023-10-25,20.07,20.39,19.97,20.21,24544084.0,498537524.0,3615065842.0,0.006789387821058668
2023-10-26,20.18,20.51,19.84,20.41,25698795.0,522498083.0,3615065842.0,0.007108804133366045
2023-10-27,20.37,20.75,20.19,20.65,25749176.0,532235398.0,3615065842.0,0.007122740532370088
2023-10-30,20.57,20.92,20.55,20.8,20779714.0,433913343.0,3615065842.0,0.005748087284768187
2023-10-31,20.8,20.92,20.61,20.79,20275972.0,423421911.0,3615065842.0,0.00560874210489691
2023-11-01,20.86,20.86,20.6,20.69,14434601.0,300864006.0,3615065842.0,0.003992901272308279
2023-11-02,20.68,20.87,20.57,20.57,14459698.0,301179578.0,3615065842.0,0.00399984360782771
2023-11-03,20.61,21.1,20.61,20.96,24699434.0,519114826.0,3615065842.0,0.006832360758977291
2023-11-06,21.41,21.62,21.03,21.44,41002328.0,880516232.0,3615065842.0,0.011342069492520186
2023-11-07,21.36,21.58,21.24,21.47,24214663.0,521574811.0,3615065842.0,0.0066982633396805505
2023-11-08,21.4,21.44,21.13,21.26,17485511.0,374643110.0,3615065842.0,0.004836844407327948
2023-11-09,21.23,21.37,21.13,21.15,13751627.0,293643253.0,3615065842.0,0.003803976912462553
2023-11-10,21.11,21.26,20.99,21.07,12779221.0,271247135.0,3615065842.0,0.0035349898338034196
2023-11-13,21.07,21.18,20.99,21.12,10723042.0,227299248.0,3615065842.0,0.0029662093219490525
2023-11-14,21.13,21.33,21.01,21.09,14070280.0,299373861.0,3615065842.0,0.0038921227482307083
2023-11-15,21.26,21.38,21.23,21.35,20998014.0,450195104.0,3615065842.0,0.005808473460163329
2023-11-16,21.28,21.32,20.95,20.95,15285849.0,324120236.0,3615065842.0,0.0042283736086929065
2023-11-17,20.93,21.02,20.84,21.0,11521523.0,242617395.0,3615065842.0,0.00318708524368835
2023-11-20,21.0,21.2,20.79,21.17,16712437.0,352837290.0,3615065842.0,0.004622996573349825
2023-11-21,21.21,21.37,20.96,20.98,17856272.0,380189627.0,3615065842.0,0.004939404365072696
2023-11-22,20.99,21.02,20.59,20.59,16911527.0,352788411.0,3615065842.0,0.004678068875958249
2023-11-23,20.58,20.65,20.45,20.63,13630611.0,281717661.0,3615065842.0,0.003770501450247168
2023-11-24,20.59,20.63,20.28,20.29,13287727.0,272412106.0,3615065842.0,0.0036756528319961926
2023-11-27,20.26,20.35,19.96,19.98,18264912.0,368267798.0,3615065842.0,0.0050524424168980325
2023-11-28,19.98,20.08,19.81,20.07,11745511.0,235916799.0,3615065842.0,0.0032490448344094087
2023-11-29,20.07,20.15,19.86,19.97,12694465.0,255334158.0,3615065842.0,0.003511544617670618
2023-11-30,19.95,19.99,19.61,19.73,17296618.0,343484900.0,3615065842.0,0.0047845928002326
2023-12-01,19.73,19.85,19.48,19.77,17294523.0,342291238.0,3615065842.0,0.004784013281050497
2023-12-04,19.76,20.02,19.74,19.92,15502338.0,310586736.0,3615065842.0,0.004288258825024189
2023-12-05,19.89,19.9,19.49,19.49,15248199.0,301789468.0,3615065842.0,0.004217958860623153
2023-12-06,19.44,20.03,19.39,19.78,25540595.0,509787352.0,3615065842.0,0.0070650428280636555
2023-12-07,19.7,19.76,19.35,19.59,18664473.0,365973645.0,3615065842.0,0.005162969034520838
2023-12-08,19.55,19.68,19.47,19.51,14863538.0,292180398.0,3615065842.0,0.004111553883006704
2023-12-11,19.47,19.59,19.1,19.55,19363038.0,375825822.0,3615065842.0,0.0053562061788859664
2023-12-12,19.47,19.52,19.35,19.48,10196641.0,199262412.0,3615065842.0,0.0028205962064466322
2023-12-13,19.45,19.46,19.12,19.12,13586476.0,262977528.0,3615065842.0,0.0037582928206041787
2023-12-14,19.27,19.33,18.81,18.81,17229288.0,329366376.0,3615065842.0,0.004765967966566292
2023-12-15,18.83,19.09,18.75,18.78,19223842.0,364470292.0,3615065842.0,0.005317701762622557
2023-12-18,18.7,18.77,18.15,18.19,25152946.0,464592755.0,3615065842.0,0.006957811309484857
2023-12-19,18.18,18.19,17.62,17.79,30880224.0,554543108.0,3615065842.0,0.008542091721050318
2023-12-20,17.79,17.98,17.58,17.6,18232303.0,325684349.0,3615065842.0,0.005043422110927074
2023-12-21,17.53,18.01,17.46,17.93,22906374.0,409838519.0,3615065842.0,0.006336364260333159
2023-12-22,17.97,18.7,17.81,18.49,35665396.0,658286930.0,3615065842.0,0.009865766644036687
2023-12-25,18.42,19.0,18.4,18.91,29543914.0,559378680.0,3615065842.0,0.008172441468909766
2023-12-26,18.87,18.88,18.56,18.68,16880615.0,317142549.0,3615065842.0,0.0046695179943558
2023-12-27,18.61,18.79,18.41,18.71,14502752.0,271529828.0,3615065842.0,0.004011753211105138
2023-12-28,18.68,19.4,18.64,19.3,33124311.0,638909865.0,3615065842.0,0.0091628513691674
2023-12-29,19.3,19.38,19.2,19.23,19720985.0,382190735.0,3615065842.0,0.005455221526225248
2024-01-02,19.34,19.43,19.07,19.14,15591815.0,300883819.0,3615065842.0,0.004313009964812696
2024-01-03,19.05,19.19,18.89,19.07,17774325.0,339697641.0,3615065842.0,0.004916736174898139
2024-01-04,19.01,19.04,18.48,18.66,21550914.0,404186286.0,3615065842.0,0.0059614167326139675
2024-01-05,18.66,18.88,18.28,18.37,19713608.0,367906985.0,3615065842.0,0.0054531808994918995
2024-01-08,18.4,18.51,17.97,17.99,16180249.0,295547742.0,3615065842.0,0.004475782657128158
2024-01-09,17.99,18.3,17.88,18.17,14726807.0,267931303.0,3615065842.0,0.004073731335375219
2024-01-10,18.11,18.63,17.98,18.22,19223774.0,353994003.0,3615065842.0,0.005317682952453401
2024-01-11,18.17,18.63,18.08,18.45,19140488.0,353238760.0,3615065842.0,0.005294644367918541
2024-01-12,18.42,18.56,18.23,18.23,13910288.0,256876155.0,3615065842.0,0.003847865739647018
2024-01-15,18.28,18.3,17.95,17.95,13954186.0,253298143.0,3615065842.0,0.003860008810318094
2024-01-16,17.95,18.01,17.58,17.89,19736390.0,352871184.0,3615065842.0,0.005459482859399605
2024-01-17,17.78,17.84,17.4,17.4,18323159.0,324115270.0,3615065842.0,0.00506855470988127
2024-01-18,17.32,17.56,16.81,17.49,35304292.0,607671689.0,3615065842.0,0.0097658780069323
2024-01-19,17.35,17.75,17.3,17.51,19907465.0,351554298.0,3615065842.0,0.005506805648935674
2024-01-22,17.47,17.48,16.82,16.95,24350758.0,421034254.0,3615065842.0,0.006735909956906395
2024-01-23,16.94,17.28,16.73,17.14,20372428.0,350206185.0,3615065842.0,0.005635423776605173
2024-01-24,17.18,17.48,16.79,17.46,20614472.0,355772760.0,3615065842.0,0.005702378020477559
2024-01-25,17.45,17.97,17.39,17.88,26084258.0,465617448.0,3615065842.0,0.007215430960330487
2024-01-26,17.78,18.07,17.75,17.8,21272797.0,382607754.0,3615065842.0,0.0058844839706241785
2024-01-29,17.88,18.0,17.66,17.68,17456792.0,312526136.0,3615065842.0,0.004828900153680797
2024-01-30,17.58,17.73,17.13,17.15,17213759.0,301478741.0,3615065842.0,0.004761672332495238
2024-01-31,17.02,17.29,16.77,16.79,21215907.0,362037601.0,3615065842.0,0.005868747051163668
2024-02-01,16.72,17.05,16.36,16.71,20369304.0,342841035.0,3615065842.0,0.005634559615304511
2024-02-02,16.73,16.89,15.51,16.17,30451407.0,497572463.0,3615065842.0,0.008423472304768052
2024-02-05,16.11,16.2,15.0,15.72,38505001.0,604859289.0,3615065842.0,0.010651258561503124
2024-02-06,15.66,17.29,15.61,17.29,54745119.0,929474747.0,3615065842.0,0.01514360218947293
2024-02-07,17.5,19.02,17.29,18.82,95789371.0,1780114494.0,3615065842.0,0.026497268704518382
2024-02-08,19.12,19.66,18.44,18.6,80531637.0,1530161052.0,3615065842.0,0.022276672270911298
2024-02-19,18.24,18.66,18.08,18.43,48036832.0,889206821.0,3615065842.0,0.0132879549362299
2024-02-20,18.4,18.4,18.05,18.24,32664126.0,596945983.0,3615065842.0,0.009035554932501282
2024-02-21,18.07,18.65,18.0,18.3,40289800.0,744539192.0,3615065842.0,0.011144969901214873
2024-02-22,18.18,18.55,18.13,18.55,34798841.0,643383926.0,3615065842.0,0.009626060083250898
2024-02-23,18.57,18.57,18.3,18.48,28846121.0,534919996.0,3615065842.0,0.00797941787528859
2024-02-26,18.48,18.7,18.39,18.43,28817878.0,537265754.0,3615065842.0,0.007971605292825536
2024-02-27,18.37,18.59,18.21,18.59,28572142.0,528740946.0,3615065842.0,0.007903629767416005
2024-02-28,18.64,19.34,18.33,18.35,59524166.0,1132382350.0,3615065842.0,0.016465582814134537
2024-02-29,18.24,18.75,18.18,18.75,36167274.0,674078627.0,3615065842.0,0.010004596203976968
2024-03-01,18.8,19.12,18.75,18.97,36542632.0,696258786.0,3615065842.0,0.010108427784480723
2024-03-04,19.0,19.23,18.76,18.82,30816866.0,588059386.0,3615065842.0,0.00852456562255886
2024-03-05,18.73,19.61,18.59,19.03,60207282.0,1159777181.0,3615065842.0,0.016654546454039385
2024-03-06,19.03,19.03,18.65,18.8,31022241.0,586654002.0,3615065842.0,0.00858137648271359
2024-03-07,18.89,20.19,18.81,19.48,108454289.0,2136277045.0,3615065842.0,0.030000640027070355
2024-03-08,19.39,19.53,19.14,19.4,48550857.0,943546083.0,3615065842.0,0.013430144600945833
2024-03-11,19.41,19.87,19.4,19.7,47990176.0,947113093.0,3615065842.0,0.013275048947227445
2024-03-12,19.71,19.74,19.35,19.57,38627275.0,757980564.0,3615065842.0,0.010685082011847905
2024-03-13,19.59,19.79,19.4,19.47,34895482.0,687551644.0,3615065842.0,0.009652792929684073
2024-03-14,19.54,19.85,19.2,19.37,34681864.0,682633271.0,3615065842.0,0.009593701889759384
2024-03-15,19.21,19.85,19.03,19.79,52639930.0,1032690619.0,3615065842.0,0.01456126452481913
2024-03-18,19.77,20.09,19.6,19.98,44035832.0,879215276.0,3615065842.0,0.012181197777476054
2024-03-19,19.88,21.03,19.8,20.4,79834595.0,1647393079.0,3615065842.0,0.022083856419011248
2024-03-20,20.04,20.34,20.01,20.28,38846488.0,787383803.0,3615065842.0,0.010745720741425987
2024-03-21,20.41,20.51,20.09,20.15,28541235.0,579967883.0,3615065842.0,0.007895080268914228
2024-03-22,20.09,20.13,19.44,19.56,39722665.0,785909088.0,3615065842.0,0.010988088941147424
2024-03-25,19.4,19.84,19.39,19.41,28453947.0,560360953.0,3615065842.0,0.00787093465060048
2024-03-26,19.35,19.49,18.81,19.1,33663217.0,645570003.0,3615065842.0,0.009311923619453679
2024-03-27,19.12,19.19,18.6,18.63,21454120.0,406565663.0,3615065842.0,0.00593464156330019
2024-03-28,18.62,19.15,18.59,18.99,25117185.0,478281567.0,3615065842.0,0.006947919096849467
2024-03-29,18.99,19.46,18.99,19.26,23590048.0,456302258.0,3615065842.0,0.006525482254273143
2024-04-01,19.37,19.96,19.36,19.82,36741120.0,730662479.0,3615065842.0,0.010163333561768085
2024-04-02,19.8,20.17,19.72,20.04,37762910.0,759711461.0,3615065842.0,0.010445981249157011
2024-04-03,20.14,21.38,19.97,20.68,99913208.0,2081520849.0,3615065842.0,0.027638005050752822
2024-04-08,20.7,21.38,20.58,20.6,90014451.0,1900452516.0,3615065842.0,0.024899809556497697
2024-04-09,20.4,21.68,20.34,21.48,112714161.0,2399270441.0,3615065842.0,0.03117900639332256
2024-04-10,21.28,21.28,20.37,20.59,79139979.0,1648239083.0,3615065842.0,0.02189171164755787
2024-04-11,20.53,20.77,20.05,20.3,45968489.0,941182134.0,3615065842.0,0.012715809617057592
2024-04-12,20.3,20.47,20.01,20.06,34492927.0,699659374.0,3615065842.0,0.009541438111378111
2024-04-15,19.94,20.37,19.39,20.18,46116410.0,924769455.0,3615065842.0,0.012756727543995865
2024-04-16,19.99,20.61,19.74,19.77,50160629.0,1019938602.0,3615065842.0,0.013875439948349355
2024-04-17,19.77,20.32,19.75,20.29,37135446.0,748668886.0,3615065842.0,0.010272412072985973
2024-04-18,20.2,20.39,19.94,20.15,30928577.0,627968378.0,3615065842.0,0.008555467134421282
2024-04-19,19.94,20.37,19.76,19.88,35856146.0,721846430.0,3615065842.0,0.00991853193472209
2024-04-22,19.79,20.33,19.72,19.8,28677096.0,575968905.0,3615065842.0,0.007932662157028564
2024-04-23,19.63,19.63,18.91,18.95,43769355.0,841993731.0,3615065842.0,0.012107484873853647
2024-04-24,18.95,19.57,18.75,19.43,33495359.0,644825676.0,3615065842.0,0.009265490716890793
2024-04-25,19.31,19.73,19.15,19.52,26343343.0,516347917.0,3615065842.0,0.007287099087917525
2024-04-26,19.41,19.82,19.39,19.77,31377837.0,619574706.0,3615065842.0,0.008679741496116297
2024-04-29,19.59,19.97,19.39,19.77,38761512.0,769597681.0,3615065842.0,0.01072221466886356
2024-04-30,19.64,19.77,19.14,19.19,38424604.0,746610270.0,3615065842.0,0.010629019132537281
2024-05-06,19.36,19.74,19.3,19.56,32243975.0,633658393.0,3615065842.0,0.008919332706305934
2024-05-07,20.05,20.44,19.95,20.18,53712459.0,1090028789.0,3615065842.0,0.014857947641220306
2024-05-08,20.07,20.39,19.8,20.12,43634807.0,882711242.0,3615065842.0,0.012070266187976113
2024-05-09,20.09,20.62,20.08,20.53,52636366.0,1082054300.0,3615065842.0,0.01456027865065922
2024-05-10,20.53,20.71,20.15,20.36,33555193.0,685387911.0,3615065842.0,0.00928204200602773
2024-05-13,20.3,20.3,19.9,20.07,26607135.0,537307468.0,3615065842.0,0.007360069266478384
2024-05-14,19.99,20.24,19.89,20.05,23197103.0,468030019.0,3615065842.0,0.006416785755461214
2024-05-15,20.06,20.18,19.68,19.69,26547814.0,530426250.0,3615065842.0,0.0073436598834705265
2024-05-16,19.85,19.97,19.58,19.64,24547004.0,488061597.0,3615065842.0,0.00679019555185186
2024-05-17,19.69,19.88,19.54,19.88,23014013.0,455987752.0,3615065842.0,0.006366139375007267
2024-05-20,19.97,20.29,19.94,20.28,43981578.0,891965861.0,3615065842.0,0.012166190028690493
2024-05-21,20.28,20.33,19.77,19.85,29919460.0,599902251.0,3615065842.0,0.008276325053998836
2024-05-22,19.83,20.08,19.77,19.86,22721949.0,454808485.0,3615065842.0,0.006285348591999448
2024-05-23,19.71,19.72,19.14,19.18,31799929.0,616875994.0,3615065842.0,0.00879650064199301
2024-05-24,19.14,19.28,19.03,19.04,18108955.0,348631417.0,3615065842.0,0.005009301570557674
2024-05-27,19.05,19.12,18.77,19.03,22552874.0,428299324.0,3615065842.0,0.006238579042732688
2024-05-28,19.03,19.24,18.92,18.96,18381373.0,352711578.0,3615065842.0,0.005084657874400065
2024-05-29,18.97,19.47,18.9,19.28,30459375.0,590488844.0,3615065842.0,0.008425676414000981
2024-05-30,19.27,19.28,18.87,18.95,23617944.0,452186038.0,3615065842.0,0.006533198849549474
2024-05-31,18.97,19.04,18.78,18.8,16103276.0,305526501.0,3615065842.0,0.004454490375503373
2024-06-03,18.76,18.79,18.2,18.3,27462636.0,506973120.0,3615065842.0,0.007596718068295698
2024-06-04,18.3,18.55,18.18,18.33,18310310.0,337883598.0,3615065842.0,0.00506500041777109
2024-06-05,18.29,18.49,18.01,18.24,17034136.0,313640017.0,3615065842.0,0.004711984994048139
2024-06-06,18.29,18.43,17.97,18.02,19361629.0,353365042.0,3615065842.0,0.0053558164211162385
2024-06-07,18.14,18.23,17.9,18.09,17828866.0,323865373.0,3615065842.0,0.004931823313662346
2024-06-11,17.98,18.08,17.78,18.06,15262380.0,275935006.0,3615065842.0,0.004221881610752693
2024-06-12,18.06,18.25,18.02,18.1,16500070.0,301022394.0,3615065842.0,0.0045642515852135895
2024-06-13,18.18,18.18,17.78,17.9,22121958.0,398489600.0,3615065842.0,0.006119379000787782
2024-06-14,17.81,17.97,17.64,17.87,39490992.0,707634080.0,3615065842.0,0.010924003524691544
2024-06-17,17.78,18.05,17.74,17.77,23181332.0,417316295.0,3615065842.0,0.006412423179317573
2024-06-18,17.78,18.32,17.75,18.0,28612647.0,518820382.0,3615065842.0,0.007914834265970196
2024-06-19,18.0,18.24,17.73,17.74,24444766.0,438841692.0,3615065842.0,0.0067619144625250234
2024-06-20,17.74,17.74,17.19,17.21,28889727.0,504185016.0,3615065842.0,0.007991480172880348
2024-06-21,17.24,17.33,17.08,17.15,16554171.0,284632782.0,3615065842.0,0.004579217011118549
2024-06-24,17.12,17.12,16.73,16.89,22770133.0,385208070.0,3615065842.0,0.006298677256567655
2024-06-25,16.93,17.07,16.73,16.86,16165824.0,273289277.0,3615065842.0,0.004471792411685762
2024-06-26,16.78,17.26,16.64,17.21,19431992.0,329729895.0,3615065842.0,0.005375280243650954
2024-06-27,17.15,17.24,16.94,16.95,14555594.0,248669050.0,3615065842.0,0.004026370372260567
2024-06-28,16.93,17.26,16.92,17.18,22217181.0,380980778.0,3615065842.0,0.006145719599870016
2024-07-01,18.03,18.27,17.77,18.0,66060209.0,1193624367.0,3615065842.0,0.018273583908904087
2024-07-02,17.86,17.87,17.47,17.52,33475390.0,591112415.0,3615065842.0,0.009259966889421873
2024-07-03,17.46,17.56,17.25,17.36,18707716.0,325143827.0,3615065842.0,0.0051749309190037155
2024-07-04,17.41,17.52,16.92,16.96,19471649.0,334449573.0,3615065842.0,0.005386250168330959
2024-07-05,16.9,17.26,16.73,17.23,19895392.0,339852916.0,3615065842.0,0.005503466014049987
2024-07-08,17.23,17.37,16.84,16.94,18611225.0,317240201.0,3615065842.0,0.005148239565590739
2024-07-09,16.87,17.16,16.67,17.1,19192140.0,325393650.0,3615065842.0,0.005308932351113731
2024-07-10,17.05,17.34,16.99,17.0,18301940.0,314801756.0,3615065842.0,0.00506268510724403
2024-07-11,17.17,17.53,17.17,17.47,27060760.0,471503986.0,3615065842.0,0.0074855510750611665
2024-07-12,17.33,17.36,16.86,16.93,39979687.0,679340281.0,3615065842.0,0.01105918640139667
2024-07-15,16.84,16.99,16.68,16.91,17138959.0,289210503.0,3615065842.0,0.004740981146423059
2024-07-16,16.78,17.06,16.78,17.06,17176491.0,291544808.0,3615065842.0,0.004751363253316923
2024-07-17,16.99,17.11,16.89,17.0,14829938.0,252183205.0,3615065842.0,0.004102259446482303
2024-07-18,16.98,17.13,16.76,17.1,17796055.0,302456020.0,3615065842.0,0.004922747130424188
2024-07-19,17.07,17.47,16.88,17.39,32417761.0,561081652.0,3615065842.0,0.008967405413027053
2024-07-22,17.27,17.76,17.27,17.59,27772052.0,488253990.0,3615065842.0,0.0076823087638800466
2024-07-23,17.51,17.59,17.04,17.05,18786837.0,325271871.0,3615065842.0,0.005196817380677738
2024-07-24,17.04,17.13,16.85,16.92,15351270.0,260932374.0,3615065842.0,0.004246470374522158
2024-07-25,16.9,17.12,16.81,16.96,13835009.0,235566699.0,3615065842.0,0.0038270420525303396
2024-07-26,16.95,17.26,16.94,17.22,13919333.0,239055913.0,3615065842.0,0.0038503677687649705
2024-07-29,17.22,17.24,17.06,17.07,9996205.0,171320618.0,3615065842.0,0.002765151573136963
2024-07-30,17.03,17.15,16.9,17.13,10555490.0,180050032.0,3615065842.0,0.0029198610651473716
2024-07-31,17.12,17.5,17.12,17.45,25755253.0,448693282.0,3615065842.0,0.007124421552928385
2024-08-01,17.48,17.62,17.3,17.4,20422604.0,356638960.0,3615065842.0,0.0056493034684816125
2024-08-02,17.29,17.55,17.24,17.44,18497745.0,323097331.0,3615065842.0,0.0051168487127101125
2024-08-05,17.37,17.7,17.12,17.16,23568300.0,410562324.0,3615065842.0,0.006519466319584671
2024-08-06,17.23,17.44,17.15,17.29,14707366.0,254267881.0,3615065842.0,0.004068353563337395
2024-08-07,17.3,17.32,17.17,17.19,10890330.0,187714354.0,3615065842.0,0.0030124845510351842
2024-08-08,17.13,17.13,16.84,17.02,16624356.0,282332149.0,3615065842.0,0.004598631595269295
2024-08-09,17.03,17.13,16.9,16.91,10178732.0,173097285.0,3615065842.0,0.002815642216455099
2024-08-12,16.89,16.94,16.79,16.8,9216397.0,155407015.0,3615065842.0,0.0025494409791720746
2024-08-13,16.83,16.93,16.75,16.9,9807703.0,165328130.0,3615065842.0,0.002713008124514264
2024-08-14,16.89,16.93,16.78,16.83,7091244.0,119561438.0,3615065842.0,0.0019615808701500268
2024-08-15,16.8,17.06,16.7,16.95,12710880.0,215565194.0,3615065842.0,0.0035160853371809762
2024-08-16,16.97,17.06,16.88,16.92,8589448.0,145612740.0,3615065842.0,0.0023760142623703837
2024-08-19,16.93,17.09,16.9,16.93,9095266.0,154686730.0,3615065842.0,0.002515933705641204
2024-08-20,16.97,17.08,16.8,16.91,10939168.0,185281887.0,3615065842.0,0.003025994125171455
2024-08-21,16.91,17.03,16.78,16.94,9651909.0,163773898.0,3615065842.0,0.0026699123672558546
2024-08-22,16.93,16.98,16.7,16.76,11049007.0,185775645.0,3615065842.0,0.0030563778041418034
2024-08-23,16.73,16.73,16.25,16.26,18413155.0,302394186.0,3615065842.0,0.005093449415519664
2024-08-26,16.27,16.68,16.27,16.6,15426704.0,255694304.0,3615065842.0,0.004267336937759708
2024-08-27,16.5,16.58,16.14,16.21,14613221.0,238185266.0,3615065842.0,0.004042311160760319
2024-08-28,16.16,16.36,16.15,16.26,8690233.0,141508374.0,3615065842.0,0.0024038934226415674
2024-08-29,16.25,16.85,16.18,16.65,20753443.0,344988759.0,3615065842.0,0.005740820197210671
2024-08-30,16.58,16.94,16.57,16.8,19532221.0,328687035.0,3615065842.0,0.005403005603127269
2024-09-02,16.74,16.9,16.59,16.7,13517076.0,226649891.0,3615065842.0,0.003739095383259136
2024-09-03,16.72,17.14,16.72,16.92,18586253.0,315684353.0,3615065842.0,0.0051413318075881394
2024-09-04,16.91,16.99,16.71,16.81,11599730.0,195662320.0,3615065842.0,0.0032087188745592975
2024-09-05,16.88,17.1,16.84,16.92,10235092.0,173717390.0,3615065842.0,0.002831232527244244
2024-09-06,16.92,17.01,16.73,16.73,7731161.0,130288220.0,3615065842.0,0.0021385947968579214
2024-09-09,16.68,16.86,16.52,16.57,12149100.0,202589733.0,3615065842.0,0.003360685677934604
2024-09-10,16.56,16.77,16.24,16.42,17672664.0,291466073.0,3615065842.0,0.004888614695388998
2024-09-11,16.31,16.72,16.28,16.62,16344130.0,271343628.0,3615065842.0,0.0045211154414155205
2024-09-12,16.59,16.7,16.37,16.43,11554143.0,190900857.0,3615065842.0,0.0031961085924807893
2024-09-13,16.42,16.53,16.14,16.14,11910193.0,193908433.0,3615065842.0,0.00329459919142463
2024-09-18,16.16,16.24,15.95,16.06,11472530.0,184605257.0,3615065842.0,0.0031735327934312076
2024-09-19,16.14,16.62,15.96,16.58,22461620.0,368880846.0,3615065842.0,0.006213336348964899
2024-09-20,16.58,16.63,16.42,16.62,13662601.0,226265089.0,3615065842.0,0.003779350528354775
2024-09-23,16.55,16.75,16.52,16.52,8571249.0,142502274.0,3615065842.0,0.002370980052539801
2024-09-24,16.62,17.01,16.53,17.0,26740016.0,450991212.0,3615065842.0,0.007396826826591448
2024-09-25,17.16,17.51,17.07,17.1,35787999.0,620670488.0,3615065842.0,0.009899681102405768
2024-09-26,17.1,17.67,17.04,17.67,36455202.0,635696223.0,3615065842.0,0.010084242886107854
2024-09-27,17.97,18.73,17.97,18.72,51727479.0,955649664.0,3615065842.0,0.014308862206333225
2024-09-30,19.76,20.6,19.76,20.6,131227549.0,2675038804.0,3615065842.0,0.03630018227479908
2024-10-08,22.66,22.66,21.31,22.34,181006056.0,4029321859.0,3615065842.0,0.05006991958405387
2024-10-09,22.27,22.27,20.21,20.22,119556825.0,2509377951.0,3615065842.0,0.0330718250304001
2024-10-10,20.12,21.23,19.88,20.56,76454720.0,1575405600.0,3615065842.0,0.021148914941394863
2024-10-11,20.51,20.59,19.7,19.87,46005069.0,923438636.0,3615065842.0,0.012725928381583264
2024-10-14,19.87,20.13,19.53,19.94,46251305.0,919731124.0,3615065842.0,0.012794042217060124
2024-10-15,19.85,19.94,19.31,19.33,40841554.0,802351738.0,3615065842.0,0.011297596166991195
2024-10-16,19.15,19.36,18.9,19.06,37767391.0,722991446.0,3615065842.0,0.010447220783980398
2024-10-17,19.1,19.35,18.73,18.74,36279007.0,689883366.0,3615065842.0,0.010035503801482352
2024-10-18,18.73,19.64,18.57,19.27,57908256.0,1106883519.0,3615065842.0,0.0160185895723445
2024-10-21,19.26,20.2,19.26,19.87,71409769.0,1412898780.0,3615065842.0,0.019753379916448006
2024-10-22,20.01,20.38,19.85,19.97,59086768.0,1187152517.0,3615065842.0,0.0163445897204768
2024-10-23,19.97,20.67,19.82,20.35,67916778.0,1381994243.0,3615065842.0,0.01878714827568001
2024-10-24,20.23,20.48,19.95,19.99,34947892.0,703357021.0,3615065842.0,0.00966729059094133
2024-10-25,19.97,21.6,19.93,21.13,119734444.0,2508385673.0,3615065842.0,0.033120958022097344
2024-10-28,20.94,21.57,20.84,21.3,69962255.0,1489773609.0,3615065842.0,0.0193529683988533
2024-10-29,21.33,21.44,20.81,20.9,63374087.0,1336715988.0,3615065842.0,0.01753054847956487
2024-10-30,21.09,21.52,20.87,21.09,63515746.0,1344678581.0,3615065842.0,0.017569734211219934
2024-10-31,20.9,21.82,20.79,21.43,96280062.0,2063692892.0,3615065842.0,0.02663300371501228
2024-11-01,21.58,23.58,21.58,23.58,126024403.0,2930806698.0,3615065842.0,0.034860887327650504
2024-11-04,24.84,25.22,23.14,23.82,301919577.0,7304768796.0,3615065842.0,0.0835170340446596
2024-11-05,23.15,26.16,22.98,25.55,269028827.0,6642875679.0,3615065842.0,0.0744187903507623
2024-11-06,25.35,27.5,24.56,26.61,309642891.0,8011034934.0,3615065842.0,0.08565345820332088
2024-11-07,26.71,27.81,25.82,26.57,239959380.0,6431536601.0,3615065842.0,0.0663775960072818
2024-11-08,26.57,27.11,25.76,25.79,205043935.0,5422917654.0,3615065842.0,0.05671928090984961
2024-11-11,25.37,26.06,25.24,25.79,128002988.0,3286594885.0,3615065842.0,0.03540820377677647
2024-11-12,25.8,26.13,24.92,25.12,126290965.0,3218875659.0,3615065842.0,0.03493462374398436
2024-11-13,25.09,26.36,25.03,25.51,123152364.0,3178078785.0,3615065842.0,0.03406642351273667
2024-11-14,25.14,25.28,24.07,24.1,114562153.0,2821662076.0,3615065842.0,0.03169019818920355
2024-11-15,24.06,24.2,23.28,23.29,81232752.0,1927464066.0,3615065842.0,0.022470614796619794
2024-11-18,23.27,23.52,22.57,22.78,70306302.0,1617691083.0,3615065842.0,0.01944813872632088
2024-11-19,22.9,23.32,22.49,23.18,66597990.0,1529881456.0,3615065842.0,0.018422344961538877
2024-11-20,23.19,23.55,23.07,23.39,61055326.0,1428097825.0,3615065842.0,0.01688913249951258
2024-11-21,23.38,23.53,23.02,23.23,48746178.0,1135699996.0,3615065842.0,0.013484174322266743
2024-11-22,23.32,24.54,22.68,23.6,140958672.0,3338671182.0,3615065842.0,0.038992006829401474
2024-11-25,23.37,23.77,22.75,23.0,80640920.0,1873418831.0,3615065842.0,0.022306902149086778
2024-11-26,22.94,23.72,22.75,22.76,49606938.0,1146593805.0,3615065842.0,0.013722277869372206
2024-11-27,22.58,22.92,21.92,22.91,65262405.0,1460539240.0,3615065842.0,0.01805289525899595
2024-11-28,22.83,22.9,22.47,22.5,38929869.0,884654446.0,3615065842.0,0.010768785604873638
2024-11-29,22.47,23.04,22.31,22.82,52019746.0,1182689615.0,3615065842.0,0.01438970914322838
2024-12-02,22.67,23.35,22.65,23.32,61800629.0,1429491250.0,3615065842.0,0.017095298315731203
2024-12-03,23.35,23.82,23.23,23.43,72499347.0,1706114573.0,3615065842.0,0.02005477912952491
2024-12-04,23.95,24.12,23.34,23.48,69222407.0,1638714434.0,3615065842.0,0.01914831154546922
2024-12-05,23.22,23.25,22.93,23.05,47922830.0,1105952586.0,3615065842.0,0.013256419687638984
2024-12-06,23.04,23.21,22.81,23.14,39808774.0,918815792.0,3615065842.0,0.011011908424322413
2024-12-09,23.14,23.33,22.7,22.85,37710963.0,867208048.0,3615065842.0,0.010431611663022098
2024-12-10,23.33,23.44,22.92,22.93,54707776.0,1271899715.0,3615065842.0,0.015133272363784516
2024-12-11,22.85,23.1,22.77,22.99,28148649.0,646590795.0,3615065842.0,0.0077864830767306395
2024-12-12,22.99,23.07,22.67,22.93,33999842.0,777230198.0,3615065842.0,0.009405040872281849
2024-12-13,22.77,22.84,22.3,22.35,40462760.0,911979981.0,3615065842.0,0.011192814119704766
2024-12-16,22.34,22.34,21.97,22.04,28040699.0,620402079.0,3615065842.0,0.007756621933194654
2024-12-17,22.05,22.3,21.99,22.0,27764151.0,614805891.0,3615065842.0,0.007680123188196139
2024-12-18,22.01,22.17,21.97,22.06,20580023.0,455082216.0,3615065842.0,0.005692848733458836
2024-12-19,21.94,22.19,21.65,22.17,26698799.0,587681058.0,3615065842.0,0.007385425374501381
2024-12-20,22.17,22.32,22.01,22.02,31762038.0,704562157.0,3615065842.0,0.008786019228470804
2024-12-23,22.09,22.12,21.67,21.77,27201156.0,595748098.0,3615065842.0,0.0075243874354861615
2024-12-24,21.77,21.96,21.72,21.89,18059799.0,394984815.0,3615065842.0,0.0049957040312185825
2024-12-25,21.9,21.9,21.39,21.52,22983105.0,496609894.0,3615065842.0,0.006357589599885357
2024-12-26,21.47,21.84,21.47,21.64,17456258.0,379012343.0,3615065842.0,0.0048287524385288915
2024-12-27,21.63,21.88,21.56,21.61,21810424.0,474353619.0,3615065842.0,0.006033202423758234
2024-12-30,21.63,21.82,21.62,21.75,19440912.0,422682562.0,3615065842.0,0.005377747695252074
2024-12-31,21.74,21.77,21.19,21.19,27385676.0,588309765.0,3615065842.0,0.007575429382732665
2025-01-02,21.2,21.26,20.23,20.46,41625570.0,862467796.0,3615065842.0,0.011514470778482711
2025-01-03,20.53,21.0,20.22,20.3,36219999.0,747913529.0,3615065842.0,0.010019181000576641
2025-01-06,20.24,21.22,20.23,20.79,48394110.0,1009227462.0,3615065842.0,0.013386785224699096
2025-01-07,20.96,22.17,20.79,21.44,71226050.0,1536995802.0,3615065842.0,0.01970255954192936
2025-01-08,21.2,21.32,20.5,21.01,42595706.0,892301859.0,3615065842.0,0.011782829929436179
2025-01-09,20.92,21.41,20.92,21.13,33778083.0,716950263.0,3615065842.0,0.009343697867840936
2025-01-10,21.27,21.65,20.89,21.11,45910118.0,976855704.0,3615065842.0,0.012699663023177656
2025-01-13,20.9,21.5,20.77,21.28,39264469.0,835211681.0,3615065842.0,0.010861342701929134
2025-01-14,21.34,22.07,21.04,22.05,63156919.0,1377239794.0,3615065842.0,0.01747047543816216
2025-01-15,22.05,22.15,21.58,21.86,44070969.0,963458772.0,3615065842.0,0.012190917379147419
2025-01-16,21.87,22.12,21.63,21.86,38443683.0,842603123.0,3615065842.0,0.010634296768086362
2025-01-17,21.82,22.06,21.55,21.94,37625527.0,821661857.0,3615065842.0,0.01040797834519773
2025-01-20,21.97,21.97,21.32,21.37,47882563.0,1030704737.0,3615065842.0,0.01324528102467684
2025-01-21,21.41,21.47,20.77,21.13,36362984.0,765396343.0,3615065842.0,0.010058733530530259
2025-01-22,20.98,21.25,20.92,21.03,20150090.0,425385916.0,3615065842.0,0.0055739206091062945
2025-01-23,21.17,21.87,21.17,21.26,46283375.0,998792937.0,3615065842.0,0.012802913424778503
2025-01-24,21.2,21.55,21.16,21.5,28130952.0,603119148.0,3615065842.0,0.007781587730207653
2025-01-27,21.5,21.59,21.02,21.02,25094300.0,533553216.0,3615065842.0,0.006941588645067893
2025-02-05,21.43,21.8,21.24,21.6,45746955.0,987592513.0,3615065842.0,0.012654528852146976
2025-02-06,21.62,23.76,21.52,23.39,134148838.0,3057969038.0,3615065842.0,0.037108269631344656
2025-02-07,23.17,23.4,22.87,23.08,89330666.0,2069534848.0,3615065842.0,0.024710660857722767
2025-02-10,23.09,23.27,22.8,23.23,57247280.0,1322187011.0,3615065842.0,0.015835750302220914
2025-02-11,23.16,23.33,22.92,23.07,44503540.0,1027214813.0,3615065842.0,0.01231057522741518
2025-02-12,23.02,23.02,22.67,22.99,45649060.0,1044051084.0,3615065842.0,0.012627449124064945
2025-02-13,22.9,23.15,22.59,22.65,39960799.0,911936798.0,3615065842.0,0.01105396160029331
2025-02-14,22.59,22.97,22.57,22.72,31577021.0,718899890.0,3615065842.0,0.008734839801017379
2025-02-17,22.62,22.88,22.39,22.86,37508396.0,853143020.0,3615065842.0,0.01037557755220548
2025-02-18,22.85,22.91,22.42,22.48,38055303.0,862559715.0,3615065842.0,0.01052686304018913
2025-02-19,22.47,23.06,22.44,22.95,47695118.0,1088970798.0,3615065842.0,0.01319342996353647
2025-02-20,23.38,23.82,23.1,23.3,106919689.0,2518743895.0,3615065842.0,0.029576138768429103
2025-02-21,23.17,23.37,23.01,23.11,51159479.0,1184166251.0,3615065842.0,0.0141517419698493
2025-02-24,23.13,23.33,22.92,23.03,41120282.0,951772677.0,3615065842.0,0.011374697943883258
2025-02-25,22.87,23.02,22.72,22.77,34793656.0,795567700.0,3615065842.0,0.009624625807852713
2025-02-26,22.73,22.88,22.63,22.78,35234601.0,802008546.0,3615065842.0,0.009746600073128074
2025-02-27,22.78,22.99,22.22,22.55,41739682.0,941804882.0,3615065842.0,0.01154603645528844
2025-02-28,22.47,22.69,22.21,22.34,37929180.0,853013817.0,3615065842.0,0.010491974878946063
2025-03-03,22.83,23.35,22.79,22.97,70695192.0,1631122789.0,3615065842.0,0.019555713530486785
2025-03-04,22.98,23.27,22.8,23.06,52887755.0,1221168045.0,3615065842.0,0.014629817909689955
2025-03-05,23.06,23.06,22.47,22.72,41588703.0,942378484.0,3615065842.0,0.011504272623978393
2025-03-06,22.72,23.03,22.62,22.91,45359518.0,1036395546.0,3615065842.0,0.012547355977036725
2025-03-07,22.83,23.52,22.78,23.13,70272444.0,1633174232.0,3615065842.0,0.01943877292180174
2025-03-10,23.25,23.35,22.91,23.09,37936996.0,876027150.0,3615065842.0,0.010494136941918525
2025-03-11,22.89,24.04,22.77,24.02,127911961.0,3025563244.0,3615065842.0,0.03538302387577925
2025-03-12,23.86,23.87,23.37,23.43,76361591.0,1802255869.0,3615065842.0,0.021123153584874595
2025-03-13,23.35,23.51,23.08,23.24,40373696.0,938371144.0,3615065842.0,0.01116817722403187
2025-03-14,23.46,23.62,23.21,23.48,53724737.0,1261189127.0,3615065842.0,0.014861343983233598
2025-03-17,23.56,23.58,23.25,23.47,32742965.0,765782581.0,3615065842.0,0.009057363387297332
2025-03-18,23.48,23.84,23.43,23.56,45648085.0,1080802381.0,3615065842.0,0.012627179419433655
2025-03-19,23.55,23.69,23.18,23.54,37927457.0,888828263.0,3615065842.0,0.010491498262454053
2025-03-20,23.43,23.6,23.2,23.22,28862648.0,676434638.0,3615065842.0,0.007983989576254031
2025-03-21,23.19,23.2,22.42,22.51,44384244.0,1011580463.0,3615065842.0,0.0122775755518314
2025-03-24,22.37,22.72,22.32,22.64,26458007.0,596909069.0,3615065842.0,0.007318817459037583
2025-03-25,22.67,22.96,22.56,22.84,25834646.0,590318759.0,3615065842.0,0.007146383255279033
2025-03-26,22.86,23.41,22.82,23.31,47981505.0,1115753145.0,3615065842.0,0.013272650374039853
2025-03-27,23.21,23.49,23.07,23.27,30009983.0,698722690.0,3615065842.0,0.008301365538448194
2025-03-28,23.27,23.41,22.77,23.15,37650542.0,867477397.0,3615065842.0,0.01041489799786612
2025-03-31,23.17,23.17,22.49,22.63,29946589.0,681807165.0,3615065842.0,0.008283829481631887
2025-04-01,22.57,22.83,22.56,22.79,17191356.0,391012222.0,3615065842.0,0.004755475211618566
2025-04-02,22.75,22.93,22.65,22.69,16345454.0,372729856.0,3615065842.0,0.004521481686473803
2025-04-03,22.87,23.1,22.68,22.86,31069460.0,711855222.0,3615065842.0,0.008594438208851854
2025-04-07,22.92,24.96,21.17,22.74,172711378.0,4035518671.0,3615065842.0,0.047775444638775685
2025-04-08,22.36,23.99,21.23,23.91,172273964.0,3976951826.0,3615065842.0,0.04765444711919579
2025-04-09,24.16,25.72,23.43,25.26,218420903.0,5392619160.0,3615065842.0,0.06041961959928253
2025-04-10,25.15,25.64,24.33,24.91,181979815.0,4565412355.0,3615065842.0,0.05033928092975519
2025-04-11,25.31,25.36,24.24,24.68,121043394.0,2990920816.0,3615065842.0,0.03348303994735374
2025-04-14,24.36,24.78,24.1,24.34,89414528.0,2183975578.0,3615065842.0,0.024733858775455187
2025-04-15,24.37,24.45,23.83,24.01,60313987.0,1450787992.0,3615065842.0,0.016684063205507724
2025-04-16,24.09,24.36,23.92,24.28,58916225.0,1428165235.0,3615065842.0,0.016297414092852364
2025-04-17,24.29,24.32,23.83,23.99,53404457.0,1282030850.0,3615065842.0,0.01477274808650636
2025-04-18,23.78,23.81,23.23,23.52,53395477.0,1253535609.0,3615065842.0,0.01477026403769716
2025-04-21,23.37,23.57,23.29,23.54,33345419.0,784622421.0,3615065842.0,0.009224014293900653
2025-04-22,23.56,23.57,23.12,23.13,42184988.0,980349573.0,3615065842.0,0.01166921706097103
2025-04-23,23.13,23.7,23.13,23.47,48967030.0,1148336018.0,3615065842.0,0.013545266432245524
2025-04-24,23.57,23.66,22.97,22.97,40608623.0,942744906.0,3615065842.0,0.01123316276240592
2025-04-25,22.97,23.31,22.89,23.11,28750466.0,664402056.0,3615065842.0,0.007952957776308186
2025-04-28,23.27,23.57,23.21,23.39,41242169.0,967684111.0,3615065842.0,0.011408414342235927
2025-04-29,23.42,23.42,23.1,23.21,22850964.0,531007748.0,3615065842.0,0.006321036738671937
2025-04-30,23.42,23.52,23.22,23.26,30329775.0,708486575.0,3615065842.0,0.00838982644454972
2025-05-06,23.7,24.79,23.69,24.53,118681373.0,2902931214.0,3615065842.0,0.03282965738027628
2025-05-07,24.66,24.7,24.04,24.18,70784382.0,1718711677.0,3615065842.0,0.019580385280296646
2025-05-08,24.18,24.29,23.99,24.21,38356626.0,928694801.0,3615065842.0,0.010610215049023718
2025-05-09,24.22,24.46,24.04,24.34,49242907.0,1197107963.0,3615065842.0,0.013621579565133685
2025-05-12,24.47,24.71,24.12,24.52,65823311.0,1611820722.0,3615065842.0,0.018208053152244632
2025-05-13,24.78,24.83,24.12,24.12,57599601.0,1402676210.0,3615065842.0,0.015933209384682626
2025-05-14,24.07,24.91,24.01,24.39,91017454.0,2239946642.0,3615065842.0,0.025177260381416863
2025-05-15,24.47,25.21,24.42,24.62,123341453.0,3065243905.0,3615065842.0,0.03411872933737842
2025-05-16,24.47,24.72,24.13,24.19,69510587.0,1693023308.0,3615065842.0,0.019228027935874036
2025-05-19,24.15,24.16,23.64,23.73,51618154.0,1228494088.0,3615065842.0,0.01427862071011209
2025-05-20,23.72,23.99,23.57,23.77,55334127.0,1317093614.0,3615065842.0,0.015306533661745683
2025-05-21,23.67,23.73,23.58,23.69,29361794.0,695504359.0,3615065842.0,0.008122063409986434
2025-05-22,23.69,23.7,23.29,23.32,36630965.0,861073818.0,3615065842.0,0.010132862470835186
2025-05-23,23.37,23.55,23.15,23.18,33198596.0,776459692.0,3615065842.0,0.009183400095870231
2025-05-26,23.18,23.48,23.09,23.38,25247862.0,589949192.0,3615065842.0,0.0069840669861857526
2025-05-27,23.37,23.37,23.11,23.21,19502171.0,453268565.0,3615065842.0,0.005394693168080893
2025-05-28,23.21,23.23,22.98,23.0,22964475.0,530427658.0,3615065842.0,0.006352436166776738
2025-05-29,23.07,23.37,23.02,23.3,25763850.0,599423267.0,3615065842.0,0.007126799656226012
2025-05-30,23.21,23.27,23.09,23.24,18764390.0,435863173.0,3615065842.0,0.005190608088515142
2025-06-03,23.24,23.77,23.24,23.62,50003990.0,1181463425.0,3615065842.0,0.013832110447077163
2025-06-04,23.57,24.24,23.48,24.07,67819404.0,1629355339.0,3615065842.0,0.018760212666688134
2025-06-05,24.05,24.33,23.86,23.98,57678385.0,1390862584.0,3615065842.0,0.01595500262537127
2025-06-06,24.13,24.23,23.95,24.03,34199069.0,824012879.0,3615065842.0,0.009460151071848721
2025-06-09,24.32,24.92,24.17,24.73,116148165.0,2863688319.0,3615065842.0,0.03212892104220767
2025-06-10,24.83,25.2,24.31,24.66,108892584.0,2697554006.0,3615065842.0,0.03012188124898888
2025-06-11,24.58,25.84,24.57,25.51,176068367.0,4471109289.0,3615065842.0,0.04870405538799036
2025-06-12,25.54,25.56,24.98,25.33,98452387.0,2483227390.0,3615065842.0,0.027233912549026264
2025-06-13,25.33,25.33,24.72,25.06,96635915.0,2419993915.0,3615065842.0,0.026731439819789597
2025-06-16,25.04,25.69,24.84,25.43,97938511.0,2487123152.0,3615065842.0,0.027091764100710396
2025-06-17,25.4,25.7,25.07,25.14,60744023.0,1536846041.0,3615065842.0,0.016803019821734134
2025-06-18,24.97,25.06,24.56,24.71,63615812.0,1574775828.0,3615065842.0,0.017597414481614303
2025-06-19,24.7,24.74,24.11,24.16,48455057.0,1180427290.0,3615065842.0,0.013403644392045904
2025-06-20,24.29,24.39,23.9,23.97,34661410.0,835922670.0,3615065842.0,0.009588043901525156
2025-06-23,23.85,24.17,23.8,24.08,33414550.0,804110760.0,3615065842.0,0.009243137320429473
2025-06-24,24.1,24.42,23.95,24.35,41627446.0,1011828439.0,3615065842.0,0.011514989717855324
2025-06-25,24.38,24.65,24.26,24.64,54337187.0,1332354086.0,3615065842.0,0.015030759984702928
2025-06-26,24.63,24.63,24.27,24.28,45437977.0,1108892619.0,3615065842.0,0.012569059316181606
2025-06-27,24.33,24.7,24.31,24.4,47312110.0,1158307632.0,3615065842.0,0.013087482239002605
2025-06-30,24.54,25.06,24.41,24.9,74540939.0,1848887461.0,3615065842.0,0.02061952458347507
2025-07-01,24.9,24.91,24.63,24.86,42351603.0,1048153349.0,3615065842.0,0.011715306124706538
2025-07-02,24.8,24.8,24.55,24.58,36195741.0,892070679.0,3615065842.0,0.010012470749350185
2025-07-03,24.58,24.67,24.39,24.63,34035114.0,834990680.0,3615065842.0,0.009414797817671393
2025-07-04,24.57,24.63,24.3,24.42,35213855.0,859928557.0,3615065842.0,0.009740861311814526
2025-07-07,24.45,24.58,24.33,24.42,24347074.0,594617343.0,3615065842.0,0.006734890888330326
2025-07-08,24.43,25.05,24.43,24.89,63423689.0,1576214130.0,3615065842.0,0.017544269391484017
2025-07-09,24.9,24.95,24.5,24.55,41613066.0,1027281094.0,3615065842.0,0.011511011920318987
2025-07-10,26.5,27.01,25.7,27.01,296952215.0,7843432262.0,3615065842.0,0.08214296169934047
2025-07-11,28.6,29.71,28.0,29.71,342638635.0,10049066044.0,3615065842.0,0.09478074535163611
2025-07-14,30.99,31.9,29.71,29.88,473502648.0,14471094718.0,3615065842.0,0.13098036624916332
2025-07-15,30.01,30.68,28.85,29.0,310770768.0,9199760565.0,3615065842.0,0.08596545169093493
2025-07-16,29.15,29.78,28.81,29.04,195171014.0,5687801732.0,3615065842.0,0.05398823217339343
2025-07-17,28.8,30.49,28.23,30.0,249892367.0,7347899454.0,3615065842.0,0.06912526020874615
2025-07-18,30.0,33.0,29.83,32.96,458797395.0,14703656587.0,3615065842.0,0.12691259718417044
2025-07-21,33.0,35.75,32.03,35.05,429150327.0,14664140397.0,3615065842.0,0.11871162124189051
2025-07-22,34.52,35.64,34.03,34.37,308247672.0,10650063639.0,3615065842.0,0.08526751253566794
2025-07-23,34.12,36.09,33.58,34.99,327937485.0,11540094504.0,3615065842.0,0.09071411125905574
2025-07-24,34.69,38.49,34.64,38.14,421611145.0,15638209496.0,3615065842.0,0.11662613170186348
2025-07-25,38.2,39.65,36.99,38.25,411660335.0,15605924617.0,3615065842.0,0.11387353729973917
2025-07-28,38.16,40.42,38.01,40.06,334171085.0,13148038244.0,3615065842.0,0.09243845053043988
2025-07-29,39.3,39.96,38.89,39.43,241114298.0,9488163063.0,3615065842.0,0.06669706957995704
2025-07-30,39.65,39.95,37.89,39.59,351820085.0,13724147377.0,3615065842.0,0.0973205192869624
2025-07-31,38.44,38.71,37.15,37.5,279067004.0,10529949961.0,3615065842.0,0.077195552224191
2025-08-01,37.3,37.4,35.89,36.0,258980813.0,9427932555.0,3615065842.0,0.07163930736506902
2025-08-04,35.7,36.35,35.7,36.3,157435542.0,5677354057.0,3615065842.0,0.043549840827491075
2025-08-05,36.44,36.67,35.95,36.45,133587975.0,4848497952.0,3615065842.0,0.036953123632761764
2025-08-06,36.45,36.98,36.08,36.61,158507420.0,5788926432.0,3615065842.0,0.04384634386418459
2025-08-07,36.61,39.39,35.53,38.81,395660481.0,14849263679.0,3615065842.0,0.10944765553180207
2025-08-08,38.0,39.76,37.86,38.69,278875613.0,10811443905.0,3615065842.0,0.07714260961999928
2025-08-11,38.68,39.2,37.88,38.65,208115410.0,7998001788.0,3615065842.0,0.05756891273793845
2025-08-12,38.1,38.3,37.02,37.47,192921401.0,7251906854.0,3615065842.0,0.05336594392241224
2025-08-13,37.47,37.8,37.33,37.59,150445661.0,5643577169.0,3615065842.0,0.04161629900405006
2025-08-14,37.55,39.28,37.21,38.35,286792643.0,10997406954.0,3615065842.0,0.07933261952466536
2025-08-15,38.0,39.22,37.91,39.0,237122892.0,9220773528.0,3615065842.0,0.06559296631477508
2025-08-18,39.7,42.9,38.55,42.9,286118437.0,11749317545.0,3615065842.0,0.07914612057016028
2025-08-19,44.17,47.0,43.9,44.45,476720792.0,21530767178.0,3615065842.0,0.13187056967578187
2025-08-20,44.0,46.54,44.0,45.43,358560628.0,16263427144.0,3615065842.0,0.09918508919926887
2025-08-21,44.95,47.42,44.33,44.6,321037785.0,14624628783.0,3615065842.0,0.08880551531597802
2025-08-22,44.58,48.43,44.57,47.95,393736913.0,18594150613.0,3615065842.0,0.1089155578926244
2025-08-25,49.0,52.75,48.75,52.69,442979043.0,22778383405.0,3615065842.0,0.12253692252391346
2025-08-26,52.0,52.0,48.7,49.11,407281388.0,20301734056.0,3615065842.0,0.11266223239095295
2025-08-27,50.0,54.02,49.11,53.46,531808425.0,27779954615.0,3615065842.0,0.14710891813405594
2025-08-28,52.7,56.99,52.2,56.14,472149519.0,26038945349.0,3615065842.0,0.13060606352297802
2025-08-29,56.15,58.83,54.15,56.81,376590691.0,21548899816.0,3615065842.0,0.10417256765416336
2025-09-01,56.83,58.01,54.33,56.55,274841380.0,15488821287.0,3615065842.0,0.07602665954431045
2025-09-02,55.95,56.09,53.59,53.66,297157119.0,16216667052.0,3615065842.0,0.08219964227141177
2025-09-03,53.66,55.99,52.7,53.7,277790591.0,15071901410.0,3615065842.0,0.07684247068825587
2025-09-04,53.0,54.4,48.33,49.49,354819454.0,18092968283.0,3615065842.0,0.09815020514362184
2025-09-05,49.4,51.2,48.47,50.61,228045061.0,11360696310.0,3615065842.0,0.06308185548118157
2025-09-08,50.61,51.18,49.27,49.83,163036567.0,8147080331.0,3615065842.0,0.04509919711719596
2025-09-09,49.7,51.5,48.7,49.52,234458539.0,11794448746.0,3615065842.0,0.06485595262914716
2025-09-10,48.9,50.92,48.73,49.36,180579004.0,8996601585.0,3615065842.0,0.04995178840230927
2025-09-11,49.0,51.0,48.68,50.56,233458942.0,11732637601.0,3615065842.0,0.06457944397240663
2025-09-12,50.65,53.6,50.35,53.59,339785942.0,17713027899.0,3615065842.0,0.09399163302984731
2025-09-15,53.99,53.99,52.02,52.26,229559352.0,12054837818.0,3615065842.0,0.06350073886150813
2025-09-16,51.74,51.92,49.2,50.16,239692700.0,12009953084.0,3615065842.0,0.06630382694977205
2025-09-17,49.4,50.5,49.11,50.34,141384959.0,7036657182.0,3615065842.0,0.039109926396743065
2025-09-18,50.0,50.01,47.25,48.1,206300430.0,10079983775.0,3615065842.0,0.05706685272594269
2025-09-19,47.8,48.82,47.05,47.05,141408613.0,6791337379.0,3615065842.0,0.03911646956940819
2025-09-22,46.8,48.69,46.66,48.06,151082071.0,7200868463.0,3615065842.0,0.04179234282394572
2025-09-23,47.68,48.26,45.05,46.03,182223243.0,8448263917.0,3615065842.0,0.05040661801589394
2025-09-24,45.95,47.0,45.83,46.54,120438531.0,5593249116.0,3615065842.0,0.03331572266284604
2025-09-25,46.65,47.85,46.31,47.28,148375065.0,7024621410.0,3615065842.0,0.04104353045971438
2025-09-26,47.97,48.35,46.24,46.39,131557333.0,6223293428.0,3615065842.0,0.03639140716928607
2025-09-29,46.39,46.92,45.78,46.65,108571572.0,5034880117.0,3615065842.0,0.030033082866323075
2025-09-30,46.82,48.8,46.82,48.3,187830944.0,9044197701.0,3615065842.0,0.051957821021617785
2025-10-09,49.85,53.13,48.57,53.13,340231985.0,17490655035.0,3615065842.0,0.09411501750456915
2025-10-10,54.7,54.7,51.7,52.48,321618503.0,17093658890.0,3615065842.0,0.0889661536073345
2025-10-13,54.5,57.73,53.9,57.73,380262585.0,21455755884.0,3615065842.0,0.1051882874668815
2025-10-14,58.0,61.69,56.1,56.8,427770081.0,25114276847.0,3615065842.0,0.11832981740751376
2025-10-15,56.98,57.66,53.0,54.5,303116177.0,16616574094.0,3615065842.0,0.08384803769778752
2025-10-16,53.37,54.88,52.9,53.15,164274987.0,8804763695.0,3615065842.0,0.04544176902435516
2025-10-17,53.16,54.9,52.63,53.0,174906871.0,9380893003.0,3615065842.0,0.04838276220806935
2025-10-20,52.02,53.39,51.02,52.22,152607298.0,7974298994.0,3615065842.0,0.042214251322064855
2025-10-21,52.23,52.59,51.35,52.35,138748960.0,7222619868.0,3615065842.0,0.03838075599841315
2025-10-22,51.4,51.41,49.87,50.79,144378111.0,7315098729.0,3615065842.0,0.03993789250602534
2025-10-23,50.36,50.77,48.9,49.75,112799830.0,5582383956.0,3615065842.0,0.031202704163638302
2025-10-24,49.81,51.38,49.81,51.19,129127990.0,6575582269.0,3615065842.0,0.03571940198150338
2025-10-27,51.3,54.19,51.06,53.31,219664664.0,11672639009.0,3615065842.0,0.06076366893458091
2025-10-28,53.33,53.39,50.9,51.07,199449532.0,10298512165.0,3615065842.0,0.05517175639867641
2025-10-29,50.4,51.83,50.2,51.82,133710651.0,6843369549.0,3615065842.0,0.03698705828440067
2025-10-30,51.83,55.5,50.71,53.0,265725659.0,14140354024.0,3615065842.0,0.07350506757381488
2025-10-31,52.03,52.5,50.53,50.81,150996789.0,7716464496.0,3615065842.0,0.041768752105622094
2025-11-03,50.78,50.79,47.96,48.9,138857749.0,6787558876.0,3615065842.0,0.03841084922624211
2025-11-04,48.83,49.95,48.4,49.1,81323593.0,3997303914.0,3615065842.0,0.022495743246271974
2025-11-05,48.2,48.47,47.0,47.77,106895589.0,5089307829.0,3615065842.0,0.029569472223183922
2025-11-06,47.71,48.19,47.55,47.99,81685429.0,3909234879.0,3615065842.0,0.022595834369314925
2025-11-07,48.0,49.4,47.21,48.27,109869510.0,5317051796.0,3615065842.0,0.030392118650656653
2025-11-10,48.98,49.2,47.53,47.8,77565832.0,3733903562.0,3615065842.0,0.021456270892451425
2025-11-11,47.79,48.08,46.46,46.6,90055964.0,4227372136.0,3615065842.0,0.024911292888147623
2025-11-12,46.6,46.6,45.04,45.58,83670613.0,3821659680.0,3615065842.0,0.023144976234709475
2025-11-13,45.5,47.23,45.41,46.76,103523109.0,4819936705.0,3615065842.0,0.02863657635146331
2025-11-14,46.28,47.56,45.71,46.76,80921772.0,3776976866.0,3615065842.0,0.022384591467144846
2025-11-17,47.0,47.74,46.8,47.25,72796354.0,3435460324.0,3615065842.0,0.020136937245858327
2025-11-18,47.2,47.24,45.55,45.9,70208931.0,3241397608.0,3615065842.0,0.019421203947189408
2025-11-19,45.82,47.23,45.6,46.57,77841241.0,3605781616.0,3615065842.0,0.02153245456711657
2025-11-20,46.03,47.75,46.01,46.85,91094069.0,4296435184.0,3615065842.0,0.02519845363303344
2025-11-21,46.0,46.0,44.09,44.1,101006214.0,4519135083.0,3615065842.0,0.027940352517651323
2025-11-24,44.4,45.21,43.5,44.84,85264452.0,3780392177.0,3615065842.0,0.023585864193507545
2025-11-25,44.86,45.7,44.56,45.05,64450777.0,2909920776.0,3615065842.0,0.017828382612346344
2025-11-26,44.9,45.1,44.36,44.55,50808043.0,2270306058.0,3615065842.0,0.014054527696206756
2025-11-27,44.7,45.44,44.34,44.43,62849038.0,2825468348.0,3615065842.0,0.017385309354484502
2025-11-28,44.44,45.07,44.04,45.0,56021718.0,2501704082.0,3615065842.0,0.01549673517675311
2025-12-01,45.9,47.59,45.9,47.57,168507470.0,7939151557.0,3615065842.0,0.046612559041739304
2025-12-02,47.5,47.5,46.04,46.4,85524622.0,3978219201.0,3615065842.0,0.023657832453940684
2025-12-03,46.63,48.66,46.46,47.22,144056489.0,6853043648.0,3615065842.0,0.0398489253850774
2025-12-04,46.81,46.92,46.01,46.66,76137269.0,3532742055.0,3615065842.0,0.021061101603028563
2025-12-05,46.93,47.85,46.28,47.33,89610789.0,4216919494.0,3615065842.0,0.024788148519702673
2025-12-08,47.33,47.53,46.58,47.18,82795825.0,3894501556.0,3615065842.0,0.022902992260355075
2025-12-09,47.0,47.45,46.49,46.86,63176244.0,2959314020.0,3615065842.0,0.01747582112226436
2025-12-10,46.88,46.88,45.81,46.4,60190081.0,2780431861.0,3615065842.0,0.016649788311103187
2025-12-11,46.41,46.67,45.66,45.8,58174361.0,2682929963.0,3615065842.0,0.016092199573276816
2025-12-12,45.9,46.59,45.09,46.59,74952716.0,3421469591.0,3615065842.0,0.020733430392662816
2025-12-15,45.75,46.08,45.19,45.23,54448449.0,2481073781.0,3615065842.0,0.015061537294124891
2025-12-16,44.92,44.92,43.52,44.38,72828636.0,3207950443.0,3615065842.0,0.020145867097045255
2025-12-17,44.09,44.94,43.75,44.75,53449153.0,2369968998.0,3615065842.0,0.01478511190004489
2025-12-18,44.38,45.42,44.11,44.11,48070195.0,2147019386.0,3615065842.0,0.013297183813782388
2025-12-19,44.13,45.5,44.13,45.5,81182972.0,3651891745.0,3615065842.0,0.02245684464631668
2025-12-22,45.25,45.73,45.05,45.55,57473526.0,2615541843.0,3615065842.0,0.01589833450120602
2025-12-23,45.8,45.99,45.11,45.46,54147328.0,2467206269.0,3615065842.0,0.014978241162557504
2025-12-24,45.58,45.73,45.26,45.62,41832060.0,1904528965.0,3615065842.0,0.011571590070087581
2025-12-25,45.5,46.18,45.15,46.03,65419931.0,2990039877.0,3615065842.0,0.018096470122327582
2025-12-26,46.0,46.42,45.63,46.11,64855511.0,2990839651.0,3615065842.0,0.017940340185925722
2025-12-29,46.26,46.9,45.58,45.77,66016964.0,3041686027.0,3615065842.0,0.01826162147118094
2025-12-30,45.17,46.56,44.88,45.97,63641851.0,2926406038.0,3615065842.0,0.01760461739330058
2025-12-31,45.95,46.85,45.7,46.12,71091548.0,3290453519.0,3615065842.0,0.019665353580578023
2026-01-05,46.12,47.0,46.12,46.85,82405872.0,3856487349.0,3615065842.0,0.022795123408986033
2026-01-06,47.01,48.88,46.81,48.15,142382557.0,6845548443.0,3615065842.0,0.03938588208983442
2026-01-07,49.3,51.15,48.26,50.5,271331496.0,13535983090.0,3615065842.0,0.07505575495960773
2026-01-08,49.77,49.77,48.32,48.71,160920038.0,7870736862.0,3615065842.0,0.04451372258021518
2026-01-09,48.5,50.17,48.33,49.41,143999645.0,7136097571.0,3615065842.0,0.03983320119014308
2026-01-12,50.11,52.87,49.91,52.48,230241432.0,11808396477.0,3615065842.0,0.06368941592295348
2026-01-13,52.49,52.69,50.6,50.81,151810925.0,7794081525.0,3615065842.0,0.04199395851556941
2026-01-14,50.5,52.49,49.06,49.83,177966952.0,9009464001.0,3615065842.0,0.049229242226343936
2026-01-15,49.82,51.48,49.76,50.43,111914491.0,5666205369.0,3615065842.0,0.03095780157024316
2026-01-16,50.45,52.2,50.21,51.0,150746541.0,7759254161.0,3615065842.0,0.041699528470165
2026-01-19,51.0,52.29,50.29,51.07,121633176.0,6257550923.0,3615065842.0,0.03364618552361072
2026-01-20,51.1,51.56,48.76,49.62,120592415.0,5981674735.0,3615065842.0,0.03335829007564726
2026-01-21,49.16,50.8,49.02,49.95,87329219.0,4369648262.0,3615065842.0,0.024157020319078328
2026-01-22,49.94,51.0,49.69,50.1,93568649.0,4703990854.0,3615065842.0,0.025882972285847513
2026-01-23,50.51,50.87,49.7,50.46,97149778.0,4879588868.0,3615065842.0,0.026873584672043715
2026-01-26,50.68,51.98,50.61,51.72,183939010.0,9455786478.0,3615065842.0,0.050881233714470196
2026-01-27,51.8,52.68,50.14,50.75,147167928.0,7556111926.0,3615065842.0,0.040709612060227586
2026-01-28,50.5,53.0,49.7,52.89,255397139.0,13238609203.0,3615065842.0,0.07064799098063011
2026-01-29,53.99,58.15,52.77,56.11,389626532.0,21625053140.0,3615065842.0,0.10777854374692189
2026-01-30,54.0,54.8,50.58,51.59,228031866.0,11901251511.0,3615065842.0,0.0630782054785048
2026-02-02,49.02,50.03,47.6,47.66,157806568.0,7697893988.0,3615065842.0,0.04365247408957151
2026-02-03,48.81,50.82,47.8,50.81,153819062.0,7592945910.0,3615065842.0,0.04254944964291469
2026-02-04,50.99,52.15,50.2,51.07,101119869.0,5162378639.0,3615065842.0,0.027971791779055514
2026-02-05,50.25,50.44,47.91,48.31,98844916.0,4819013554.0,3615065842.0,0.027342493973862177
2026-02-06,47.0,50.78,46.69,50.11,114529939.0,5621205414.0,3615065842.0,0.03168128714818578
2026-02-09,51.6,53.68,51.5,52.89,171500462.0,9059152160.0,3615065842.0,0.04744048089180004
2026-02-10,52.87,53.98,52.35,53.62,122505478.0,6528950894.0,3615065842.0,0.03388748182031037
2026-02-11,53.39,58.36,53.23,56.31,223290650.0,12569566827.0,3615065842.0,0.061766689670157325
2026-02-12,56.31,58.0,55.88,57.4,149215934.0,8531966009.0,3615065842.0,0.041276131755721424
2026-02-13,57.0,57.1,54.68,54.74,121536816.0,6733936948.0,3615065842.0,0.033619530407435386
2026-02-24,56.0,56.39,54.4,54.94,100592588.0,5540511475.0,3615065842.0,0.0278259352378346
2026-02-25,55.14,60.43,55.1,60.43,279197296.0,16548383074.0,3615065842.0,0.07723159361477544
2026-02-26,60.36,60.36,58.83,59.1,186504181.0,11075844499.0,3615065842.0,0.05159081166190278
2026-02-27,59.13,62.79,59.13,62.4,217651040.0,13376106324.0,3615065842.0,0.06020665999255678
2026-03-02,63.56,63.57,59.66,61.74,205244679.0,12602433496.0,3615065842.0,0.05677481074216075
2026-03-03,61.38,61.5,55.57,55.62,220131218.0,12640787204.0,3615065842.0,0.06089272716488465
2026-03-04,53.79,57.93,53.66,56.0,142253018.0,8016206436.0,3615065842.0,0.03935004899421138
2026-03-05,56.69,56.88,54.6,55.38,99340440.0,5523243741.0,3615065842.0,0.027479565889466862
2026-03-06,54.6,55.58,53.8,54.3,89120597.0,4852757587.0,3615065842.0,0.02465255154265597
2026-03-09,53.1,54.32,51.67,53.88,102485185.0,5439987120.0,3615065842.0,0.028349465674821862
2026-03-10,54.5,55.13,53.7,53.97,87871621.0,4759620226.0,3615065842.0,0.02430705963335536
2026-03-11,53.38,53.79,52.2,52.38,94835786.0,4999068559.0,3615065842.0,0.02623348789341359
2026-03-12,52.2,52.62,51.02,51.69,83631663.0,4326291541.0,3615065842.0,0.02313420188046467
2026-03-13,51.12,52.15,50.58,50.82,71404343.0,3661121322.0,3615065842.0,0.019751878975597367
2026-03-16,50.8,51.14,48.8,49.6,90023467.0,4466739443.0,3615065842.0,0.024902303563631746
2026-03-17,49.89,50.39,48.92,49.0,71189879.0,3534627794.0,3615065842.0,0.01969255391503876
2026-03-18,49.32,49.33,47.7,49.01,82976828.0,4020176085.0,3615065842.0,0.022953061334587996
2026-03-19,48.1,48.2,46.36,46.62,95919828.0,4525251810.0,3615065842.0,0.026533355737425046
2026-03-20,47.0,47.25,45.9,46.0,68196846.0,3172332208.0,3615065842.0,0.018864620723552508
2026-03-23,45.1,46.5,44.2,45.22,101080952.0,4602094081.0,3615065842.0,0.027961026553275155
2026-03-24,46.0,46.2,44.02,45.54,83774133.0,3765458113.0,3615065842.0,0.02317361195104894
2026-03-25,46.1,47.82,46.09,47.82,115189422.0,5436562647.0,3615065842.0,0.031863713424448326
2026-03-26,47.35,47.35,46.14,46.21,69408115.0,3236783277.0,3615065842.0,0.019199682117435692
2026-03-27,45.26,47.7,45.22,47.27,77614742.0,3656209294.0,3615065842.0,0.02146980038323739
2026-03-30,46.6,47.2,46.15,47.11,53779824.0,2510459075.0,3615065842.0,0.014876582156591326
2026-03-31,47.11,48.08,47.02,47.68,72261826.0,3441647561.0,3615065842.0,0.01998907603852157
2026-04-01,48.49,48.78,47.79,48.48,67018940.0,3236903653.0,3615065842.0,0.018538788207221813
2026-04-02,48.0,48.48,47.25,47.58,44700619.0,2132383396.0,3615065842.0,0.012365091246932813
2026-04-03,47.58,48.36,47.35,47.61,42284825.0,2022545101.0,3615065842.0,0.01169683398535456
2026-04-07,47.62,49.98,47.37,49.89,93579665.0,4592702521.0,3615065842.0,0.02588601953325087
2026-04-08,50.81,51.81,50.52,51.7,104585609.0,5359890935.0,3615065842.0,0.028930485244534034
2026-04-09,51.0,53.05,50.9,51.8,95256189.0,4967081807.0,3615065842.0,0.02634977982788287
2026-04-10,52.79,52.8,51.6,51.75,82679648.0,4303471754.0,3615065842.0,0.022870855362971284
2026-04-13,53.05,53.35,51.89,52.34,104865938.0,5506576971.0,3615065842.0,0.029008029890261678
2026-04-14,52.34,52.34,49.62,50.54,138627672.0,6982306497.0,3615065842.0,0.038347205295521145
2026-04-15,50.57,51.38,49.26,49.4,105461792.0,5304499956.0,3615065842.0,0.029172855103976277
2026-04-16,49.59,49.98,49.12,49.39,120072485.0,5946342640.0,3615065842.0,0.03321446696903619
2026-04-17,49.0,50.2,48.9,49.22,104893048.0,5188887323.0,3615065842.0,0.029015529062112168
2026-04-20,49.3,50.9,48.73,50.89,133964925.0,6728754565.0,3615065842.0,0.03705739559251989
2026-04-21,50.99,51.55,50.37,50.6,95176302.0,4834920415.0,3615065842.0,0.026327681475185702
2026-04-22,50.2,50.26,49.49,50.15,77893139.0,3887294972.0,3615065842.0,0.02154681059886488
2026-04-23,49.6,49.7,47.01,47.16,161487397.0,7734218126.0,3615065842.0,0.04467066550319279
2026-04-24,47.0,47.46,46.42,47.24,68970629.0,3234124818.0,3615065842.0,0.019078664681206104
2026-04-27,47.01,47.11,46.5,46.83,44819673.0,2099171200.0,3615065842.0,0.012398023980444005
2026-04-28,46.9,47.2,46.28,46.32,48149607.0,2242487298.0,3615065842.0,0.013319150771915594
2026-04-29,47.5,50.95,47.49,50.95,187193783.0,9352752885.0,3615065842.0,0.051781569460001
2026-04-30,51.88,53.35,51.36,53.04,271321021.0,14301953714.0,3615065842.0,0.07505285736369723
2026-05-06,53.12,55.55,52.51,55.52,238914749.0,13019310209.0,3615065842.0,0.06608863003939722
2026-05-07,55.53,56.48,54.58,55.31,180098574.0,9953160580.0,3615065842.0,0.04981889179101707
2026-05-08,54.8,55.35,53.89,54.75,141480485.0,7708741272.0,3615065842.0,0.0391363508117261
2026-05-11,54.91,57.96,54.76,57.85,233361432.0,13267923822.0,3615065842.0,0.06455247074307643
2026-05-12,57.9,57.95,54.03,54.44,228869662.0,12644459780.0,3615065842.0,0.06330995672083806
2026-05-13,54.0,56.32,53.99,56.16,167677039.0,9310823532.0,3615065842.0,0.04638284510669778
2026-05-14,56.17,56.18,53.26,53.27,150563668.0,8166609077.0,3615065842.0,0.04164894211628027
2026-05-15,53.3,55.88,52.42,53.78,161201944.0,8712078133.0,3615065842.0,0.04459170345589517
2026-05-18,52.6,52.88,51.24,51.7,122734968.0,6385955564.0,3615065842.0,0.0339509633750123
2026-05-19,51.2,51.58,49.5,50.25,110315017.0,5522968536.0,3615065842.0,0.03051535485698631
2026-05-20,50.0,52.69,49.27,51.89,146597783.0,7475752010.0,3615065842.0,0.04055189847355483
2026-05-21,51.89,53.25,50.7,50.72,132724810.0,6902613412.0,3615065842.0,0.03671435481423246
2026-05-22,50.71,51.49,50.43,51.09,82646313.0,4214574030.0,3615065842.0,0.022861634230782565
2026-05-25,51.65,51.65,50.09,51.11,102692065.0,5206265204.0,3615065842.0,0.02840669284827925
2026-05-26,50.5,50.95,49.5,50.79,94197233.0,4731702652.0,3615065842.0,0.026056851276569364
2026-05-27,50.68,50.95,48.4,48.54,113299961.0,5585090519.0,3615065842.0,0.03134105046820334
2026-05-28,48.3,51.11,48.0,50.98,137771320.0,6883633226.0,3615065842.0,0.038110321089969236
2026-05-29,50.34,50.51,48.3,48.62,109266332.0,5368840439.0,3615065842.0,0.03022526747107584
2026-06-01,48.0,48.96,47.77,47.86,68812072.0,3315973183.0,3615065842.0,0.019034804622515642
