date,open,high,low,close,volume,amount,outstanding_share,turnover
2015-01-05,9.61,9.92,9.55,9.87,13972824.0,177600464.0,470630308.0,0.029689596616459302
2015-01-06,9.9,10.51,9.83,10.24,28079748.0,373382880.0,470630308.0,0.05966413025826633
2015-01-07,10.13,10.32,10.04,10.27,16719756.0,220735504.0,470630308.0,0.035526305288438836
2015-01-08,10.31,10.36,10.07,10.11,13464295.0,178003792.0,470630308.0,0.028609069095482054
2015-01-09,10.11,10.43,10.07,10.32,21999652.0,293270272.0,470630308.0,0.046745081279380755
2015-01-12,10.36,10.71,10.3,10.31,30857288.0,421427520.0,470630308.0,0.06556587511571822
2015-01-13,10.27,10.27,10.01,10.21,17863898.0,234794160.0,470630308.0,0.03795738968855359
2015-01-14,10.11,10.19,9.88,9.88,13608906.0,177780416.0,470630308.0,0.028916339999080554
2015-01-15,9.91,10.1,9.8,10.07,9355650.0,121292688.0,470630308.0,0.019878978979823797
2015-01-16,10.15,10.52,10.07,10.47,24787232.0,332399584.0,470630308.0,0.05266815922955816
2015-01-19,10.17,10.94,10.17,10.34,40967228.0,564091072.0,470630308.0,0.0870475770548972
2015-01-20,10.46,11.37,10.46,11.27,57145916.0,816209920.0,470630308.0,0.12142421562871382
2015-01-21,11.28,11.45,11.08,11.4,43009924.0,627880064.0,470630308.0,0.09138791800888438
2015-01-22,11.31,11.42,11.11,11.28,29398276.0,429508640.0,470630308.0,0.062465751780694925
2015-01-23,11.28,11.48,11.11,11.17,25091560.0,367111488.0,470630308.0,0.05331479841710492
2015-01-26,11.16,11.44,11.05,11.31,21131688.0,308978112.0,470630308.0,0.0449008226644001
2015-01-27,11.31,11.68,11.1,11.45,26889720.0,398956832.0,470630308.0,0.05713554682500389
2015-01-28,11.39,11.5,11.13,11.17,17949296.0,263433776.0,470630308.0,0.038138844215702315
2015-01-29,11.09,11.17,10.86,10.88,16743364.0,239188656.0,470630308.0,0.035576467803684245
2015-01-30,10.88,11.02,10.8,10.83,12276446.0,173899472.0,470630308.0,0.02608511562328026
2015-02-02,10.71,11.04,10.63,10.81,16214264.0,229313344.0,470630308.0,0.034452230815530054
2015-02-03,10.82,11.08,10.82,11.05,12224197.0,174397728.0,470630308.0,0.02597409642389627
2015-02-04,11.04,11.22,10.83,10.86,14785099.0,211963488.0,470630308.0,0.03141552668554444
2015-02-05,10.98,11.01,10.59,10.63,19354524.0,270738624.0,470630308.0,0.041124686767941857
2015-02-06,10.59,10.71,10.27,10.34,13184628.0,179504864.0,470630308.0,0.02801482984814484
2015-02-09,10.34,10.56,10.29,10.44,7818255.0,106286096.0,470630308.0,0.016612306660029212
2015-02-10,10.44,10.61,10.4,10.61,7289235.0,99599208.0,470630308.0,0.015488239656677614
2015-02-11,10.65,10.69,10.56,10.64,6604495.0,91098792.0,470630308.0,0.014033297235077347
2015-02-12,10.74,11.01,10.68,10.91,12517568.0,176701616.0,470630308.0,0.026597454067917786
2015-02-13,10.98,11.04,10.9,10.94,13717498.0,195254800.0,470630308.0,0.029147077370121264
2015-02-16,10.94,11.08,10.87,11.08,12580860.0,179550432.0,470630308.0,0.026731937544489805
2015-02-17,11.08,11.15,10.94,10.95,11128822.0,158939392.0,470630308.0,0.023646632634632618
2015-02-25,10.98,11.03,10.75,10.75,11818018.0,167069776.0,470630308.0,0.025111043209737356
2015-02-26,10.74,11.05,10.71,11.05,11742200.0,166335760.0,470630308.0,0.024949944362699226
2015-02-27,11.08,11.49,11.06,11.29,22738972.0,332234528.0,470630308.0,0.04831599583255059
2015-03-02,11.32,11.61,11.21,11.54,23073452.0,342931200.0,470630308.0,0.04902670229219492
2015-03-03,11.46,11.51,11.18,11.18,19771024.0,291384288.0,470630308.0,0.04200967014644539
2015-03-04,11.14,11.45,11.12,11.44,17180212.0,252096944.0,470630308.0,0.03650468681672749
2015-03-05,11.45,11.59,11.25,11.36,14824241.0,219473120.0,470630308.0,0.03149869599983348
2015-03-06,11.38,11.51,11.04,11.05,15821752.0,230081088.0,470630308.0,0.03361821738008424
2015-03-09,10.99,11.21,10.79,11.17,12312151.0,175865888.0,470630308.0,0.026160981965487867
2015-03-10,11.18,11.45,11.15,11.4,15242934.0,224252672.0,470630308.0,0.03238833908673812
2015-03-11,11.41,11.41,11.21,11.26,11158194.0,163797472.0,470630308.0,0.0237090425549049
2015-03-12,11.27,11.32,11.05,11.14,12056064.0,174719664.0,470630308.0,0.025616845738715154
2015-03-13,11.21,11.63,11.14,11.58,29244144.0,435065248.0,470630308.0,0.062138250560777736
2015-03-16,11.59,11.88,11.58,11.78,27611214.0,421026080.0,470630308.0,0.05866858451453577
2015-03-17,11.8,11.84,11.49,11.67,28701324.0,435362080.0,470630308.0,0.06098486117897872
2015-03-18,11.65,12.18,11.63,12.05,33599104.0,521923360.0,470630308.0,0.07139171325957189
2015-03-19,12.05,12.23,11.87,12.16,24713444.0,385717216.0,470630308.0,0.052511373746885845
2015-03-20,12.21,12.53,12.04,12.13,26112886.0,414686048.0,471161356.0,0.05542238485280189
2015-03-23,12.32,12.59,12.17,12.54,36929424.0,592503168.0,471161356.0,0.07837956897296984
2015-03-24,12.54,12.55,11.91,12.28,34427200.0,547568256.0,471161356.0,0.07306881084704239
2015-03-25,12.31,12.93,12.07,12.78,38934932.0,636917248.0,471161356.0,0.08263608953532259
2015-03-26,12.65,12.84,12.33,12.53,26713352.0,436336928.0,471161356.0,0.056696822988173926
2015-03-27,12.45,12.89,12.42,12.65,20508204.0,336843680.0,471161356.0,0.0435269228658897
2015-03-30,12.82,13.25,12.82,12.99,28817968.0,487108032.0,471161356.0,0.06116369187119837
2015-03-31,13.02,13.11,12.79,12.79,25594878.0,430181408.0,471230055.99999994,0.05431503715459101
2015-04-01,12.87,14.07,12.87,13.88,50475424.0,894225856.0,471230055.99999994,0.10711418628186994
2015-04-02,13.94,14.25,13.71,14.18,47143072.0,856550208.0,471230055.99999994,0.10004258302233593
2015-04-03,14.0,14.16,13.75,14.09,34273168.0,621641984.0,471230055.99999994,0.07273128605362135
2015-04-07,14.26,15.06,14.26,14.46,35122944.0,666711552.0,471230055.99999994,0.07453460056885676
2015-04-08,14.46,14.73,13.94,14.19,31844012.0,591607936.0,471230055.99999994,0.06757636019719422
2015-04-09,14.19,14.29,13.08,13.71,32375206.0,574506432.0,471230055.99999994,0.06870361002609733
2015-04-10,13.68,14.3,13.54,14.16,26444516.0,481113952.0,471230055.99999994,0.056118058819236274
2015-04-13,15.13,15.58,15.13,15.58,44336132.0,886749696.0,471230055.99999994,0.09408595957639851
2015-04-14,15.58,16.78,15.4,15.89,57124772.0,1194873600.0,471230055.99999994,0.12122480574541282
2015-04-15,15.79,15.79,14.87,14.96,34433092.0,683154944.0,471230055.99999994,0.07307066168971192
2015-04-16,14.64,15.64,14.3,15.4,28075140.0,553603520.0,471230055.99999994,0.05957841534624014
2015-04-17,15.46,15.71,15.02,15.14,31665020.0,626820992.0,471230055.99999994,0.06719652024912436
2015-04-20,15.1,15.13,14.48,14.49,33887520.0,650970560.0,471230055.99999994,0.07191290022468347
2015-04-21,14.43,14.93,14.36,14.9,22120944.0,423049440.0,471230055.99999994,0.04694298192218877
2015-04-22,15.03,15.64,15.03,15.5,30064820.0,601197440.0,471230055.99999994,0.06380072666672179
2015-04-23,15.58,15.67,15.24,15.38,27533536.0,547930368.0,471230055.99999994,0.05842907439673161
2015-04-24,15.06,15.29,14.75,15.22,24353220.0,473552128.0,471230055.99999994,0.05168010760332317
2015-04-27,15.3,15.66,15.19,15.48,27174936.0,541236160.0,471230055.99999994,0.05766808728346479
2015-04-28,15.49,15.56,14.58,14.71,26687410.0,517513792.0,471230055.99999994,0.05663350556739531
2015-04-29,14.68,15.36,14.36,15.17,22305096.0,431019744.0,471230055.99999994,0.047333771935803695
2015-04-30,15.17,15.27,14.71,14.71,21759370.0,420770016.0,471230055.99999994,0.04617568366649347
2015-05-04,14.69,14.93,14.51,14.87,15444653.0,294282272.0,471230055.99999994,0.03277518656407605
2015-05-05,14.91,14.95,14.18,14.34,19577300.0,368513760.0,471230055.99999994,0.041545100425427875
2015-05-06,14.34,14.48,13.55,13.67,20985032.0,382843392.0,471230055.99999994,0.04453245656299988
2015-05-07,13.62,13.79,13.51,13.55,14756567.0,259637680.0,471230055.99999994,0.031314995323642944
2015-05-08,13.72,14.35,13.72,14.25,20869984.0,377355360.0,471230055.99999994,0.04428831254345967
2015-05-11,14.41,14.72,14.23,14.72,22469330.0,420833248.0,471230055.99999994,0.04768229384757241
2015-05-12,14.71,14.83,14.45,14.78,22762208.0,431130080.0,471230055.99999994,0.04830381192832913
2015-05-13,14.69,15.02,14.47,14.91,23315176.0,444833888.0,471230055.99999994,0.04947726848730549
2015-05-14,14.88,15.15,14.81,14.98,21873746.0,424033632.0,471230055.99999994,0.046418401630985956
2015-05-15,14.96,14.96,14.26,14.44,19718618.0,370205824.0,471230055.99999994,0.041844992162384485
2015-05-18,14.46,14.83,14.45,14.58,17793232.0,336048256.0,471230055.99999994,0.03775911950743652
2015-05-19,14.61,15.67,14.6,15.52,38655840.0,759269824.0,471230055.99999994,0.0820317793990628
2015-05-20,15.71,16.2,15.47,15.57,43969276.0,897379968.0,471230055.99999994,0.0933074523582596
2015-05-21,15.57,16.22,15.5,16.1,32278844.0,664826560.0,471230055.99999994,0.06849911967414915
2015-05-22,16.41,16.84,16.1,16.56,39803720.0,847629120.0,471230055.99999994,0.08446770211957788
2015-05-25,16.56,16.84,16.19,16.74,38887328.0,835236928.0,471230055.99999994,0.08252302140931352
2015-05-26,16.75,17.49,16.47,17.15,35752280.0,784125632.0,471230055.99999994,0.07587011809789994
2015-05-27,17.2,17.3,16.49,16.77,31850188.0,692134400.0,471230055.99999994,0.06758946632215668
2015-05-28,16.72,17.15,15.15,15.19,38945732.0,826405760.0,471230055.99999994,0.08264696087212231
2015-05-29,15.23,15.84,14.69,15.43,27145888.0,538865024.0,471230055.99999994,0.057606444356342164
2015-06-01,15.63,16.6,15.63,16.56,26652924.0,559127168.0,471230055.99999994,0.05656032262933586
2015-06-02,16.61,18.21,16.6,18.21,39492852.0,881766272.0,471230055.99999994,0.08380800735681428
2015-06-03,18.64,19.24,17.58,18.71,45448848.0,1096395904.0,471230055.99999994,0.09644726057117207
2015-06-04,18.74,18.92,17.03,18.42,33908776.0,790450496.0,471230055.99999994,0.07195800770399077
2015-06-05,18.62,19.44,18.31,19.07,39145088.0,957008256.0,471230055.99999994,0.08307001538119207
2015-06-08,18.96,18.96,17.66,18.22,35392808.0,834554752.0,471230055.99999994,0.07510728050844025
2015-06-09,18.23,19.2,17.81,19.04,34728168.0,835345536.0,471230055.99999994,0.07369684415885391
2015-06-10,18.81,19.82,18.31,19.32,42837196.0,1053150016.0,471230055.99999994,0.09090505890821193
2015-06-11,19.0,19.31,18.68,19.03,29433124.0,720833856.0,471230055.99999994,0.062460200968165756
2015-06-12,19.12,20.1,19.1,19.67,39484272.0,1005816832.0,471230055.99999994,0.08378979968968704
2015-06-15,19.7,20.62,19.7,20.03,37061768.0,965749312.0,471230055.99999994,0.07864899008054785
2015-06-16,19.74,19.74,18.13,18.42,32105096.0,782815424.0,471230055.99999994,0.0681304080485053
2015-06-17,18.41,18.7,17.32,18.57,27331782.0,635038976.0,471230055.99999994,0.05800093107813141
2015-06-18,18.57,18.69,17.36,17.41,21504730.0,504919744.0,471230055.99999994,0.04563531066447935
2015-06-19,17.01,17.89,16.34,16.38,23056128.0,514505664.0,471230055.99999994,0.04892754124325211
2015-06-23,16.56,17.25,15.8,17.18,22177240.0,477783168.0,471230055.99999994,0.04706244798612762
2015-06-24,17.33,17.57,16.64,17.32,23195488.0,515847008.0,471230055.99999994,0.04922327789719763
2015-06-25,17.35,17.46,15.95,16.16,23234210.0,503473664.0,471230055.99999994,0.049305450075111515
2015-06-26,15.84,15.84,14.54,14.54,23471592.0,453215744.0,471230055.99999994,0.049809199776510014
2015-06-29,15.01,15.07,13.09,13.24,26950328.0,474576896.0,471230055.99999994,0.05719144536060748
2015-06-30,13.2,14.55,11.91,14.24,30667026.0,520143776.0,474578494.99999994,0.0646195019856515
2015-07-01,13.92,14.62,12.91,13.03,25520388.0,463070880.0,474578494.99999994,0.05377485130252268
2015-07-02,13.16,13.45,11.77,12.29,28927784.0,469908128.0,474578494.99999994,0.06095468780143526
2015-07-03,11.98,12.99,11.12,11.65,24648992.0,378817088.0,474578494.99999994,0.05193870404936912
2015-07-06,12.82,12.82,11.07,12.66,42667208.0,676134336.0,474578494.99999994,0.08990548128397602
2015-07-07,12.37,12.52,11.39,11.39,26598944.0,402783968.0,474578494.99999994,0.05604751222450567
2015-07-08,10.26,11.45,10.26,10.85,49749480.0,687584576.0,474578494.99999994,0.10482877021218588
2015-07-09,10.83,11.94,10.68,11.94,18335280.0,275806272.0,474578494.99999994,0.0386348732468377
2015-07-10,12.56,13.13,12.39,13.13,14888998.0,249515504.0,474578494.99999994,0.031373098774734834
2015-07-13,13.86,14.44,13.3,14.44,38783952.0,704920384.0,474578494.99999994,0.08172294448360962
2015-07-14,14.0,14.98,13.78,14.0,37877052.0,699256384.0,474578494.99999994,0.07981198558101543
2015-07-15,13.35,13.59,12.6,12.6,18667024.0,314221056.0,474578494.99999994,0.039333901971264
2015-07-16,12.6,13.38,11.68,12.66,19358288.0,317612960.0,474578494.99999994,0.040790487145861934
2015-07-17,12.79,13.58,12.71,13.41,18941388.0,323725120.0,474578494.99999994,0.039912023405106044
2015-07-20,13.53,13.89,13.21,13.51,20595442.0,360517280.0,474578494.99999994,0.04339733514473723
2015-07-21,13.24,13.82,13.1,13.61,17395312.0,303905952.0,474578494.99999994,0.03665423567075032
2015-07-22,13.61,13.78,13.1,13.47,17227544.0,299170720.0,474578494.99999994,0.03630072618440076
2015-07-23,13.48,14.01,13.37,13.92,27789414.0,493014400.0,474578494.99999994,0.058555990827186565
2015-07-24,13.93,14.07,13.2,13.58,25712672.0,456704000.0,474578494.99999994,0.054180019261091894
2015-07-27,13.16,13.58,12.23,12.23,17613344.0,295651744.0,474578494.99999994,0.03711365808937466
2015-07-28,11.92,12.11,11.01,11.69,23260652.0,349189888.0,474578494.99999994,0.04901328704327406
2015-07-29,11.88,12.45,11.13,12.31,16479827.0,249955648.0,474578494.99999994,0.03472518703149413
2015-07-30,12.16,12.38,11.58,11.6,14074470.0,220954480.0,474578494.99999994,0.029656779960078053
2015-07-31,11.37,11.87,11.37,11.63,11715388.0,174926656.0,474578494.99999994,0.02468588046746619
2015-08-03,11.57,11.78,11.19,11.76,12842527.0,189666208.0,474578494.99999994,0.027060912231178957
2015-08-04,11.84,12.66,11.77,12.6,14358508.0,226077360.0,474578494.99999994,0.030255285798400963
2015-08-05,12.58,12.6,12.15,12.22,12976328.0,207617984.0,474578494.99999994,0.027342848731483297
2015-08-06,12.0,12.75,11.81,12.46,16960452.0,272380352.0,474578494.99999994,0.03573792782161358
2015-08-07,12.86,13.71,12.85,13.36,34621080.0,600954688.0,474578494.99999994,0.07295121958697265
2015-08-10,13.35,13.98,13.12,13.8,28181404.0,491877248.0,474578494.99999994,0.05938196588532736
2015-08-11,13.69,14.0,13.43,13.54,19665476.0,347012064.0,474578494.99999994,0.041437773112749245
2015-08-12,13.39,13.69,13.08,13.08,14416415.0,248037184.0,474578494.99999994,0.030377303548067433
2015-08-13,13.03,13.54,13.01,13.47,13207910.0,227320464.0,474578494.99999994,0.027830822802031942
2015-08-14,13.52,13.75,13.26,13.33,14372705.0,250724992.0,474578494.99999994,0.030285200765365488
2015-08-17,13.31,14.03,13.24,14.01,20639012.0,366942400.0,474578494.99999994,0.04348914292882151
2015-08-18,14.0,14.0,12.61,12.61,18491240.0,319430496.0,474578494.99999994,0.03896350170691995
2015-08-19,12.29,12.81,11.53,12.72,14718675.0,234646736.0,474578494.99999994,0.031014205563612826
2015-08-20,12.62,12.76,12.18,12.21,10792833.0,173863888.0,474578494.99999994,0.022741934398017763
2015-08-21,11.95,12.21,11.43,11.47,10198121.0,155420224.0,474578494.99999994,0.021488797127227607
2015-08-24,10.49,10.82,10.33,10.33,9642500.0,129234472.0,474578494.99999994,0.02031802979188933
2015-08-25,9.3,9.54,9.3,9.3,30182592.0,364086144.0,474578494.99999994,0.0635987351259985
2015-08-26,9.52,9.87,9.06,9.13,15583299.0,190608736.0,474578494.99999994,0.03283608331220318
2015-08-27,9.47,9.58,9.06,9.55,10433533.0,126445264.0,474578494.99999994,0.02198484151710246
2015-08-28,9.77,10.5,9.53,10.5,22981960.0,296276160.0,474578494.99999994,0.0484260459378801
2015-08-31,10.42,10.82,9.88,10.06,16223050.0,215583776.0,474578494.99999994,0.034184123745430145
2015-09-01,10.04,10.04,9.06,9.28,10596229.0,129116184.0,474578494.99999994,0.022327663624960505
2015-09-02,8.96,9.55,8.68,9.34,16668108.0,196508896.0,474578494.99999994,0.03512192013673102
2015-09-07,9.5,9.87,9.2,9.37,14694698.0,180765632.0,474578494.99999994,0.0309636828360712
2015-09-08,9.23,9.89,9.21,9.88,10570730.0,130367288.0,474578494.99999994,0.02227393384101823
2015-09-09,9.92,10.33,9.82,10.15,16846240.0,219457136.0,474578494.99999994,0.035497267949319955
2015-09-10,9.95,10.19,9.71,9.77,9345327.0,119902496.0,474578494.99999994,0.019691846761830202
2015-09-11,9.81,9.95,9.57,9.8,7139605.0,90070400.0,474578494.99999994,0.015044097183543896
2015-09-14,9.85,9.88,8.82,8.82,12007341.0,142815904.0,474578494.99999994,0.025301064263352265
2015-09-15,8.59,8.76,7.93,7.95,11455983.0,122815200.0,474578494.99999994,0.02413927963592198
2015-09-16,8.13,8.75,8.0,8.66,9450105.0,102169568.0,474578494.99999994,0.019912627941558965
2015-09-17,8.55,8.88,8.41,8.42,13209079.0,147760176.0,474578494.99999994,0.027833286040489468
2015-09-18,8.45,8.52,8.21,8.45,8970725.0,96984072.0,474578494.99999994,0.018902510532003775
2015-09-21,8.32,8.88,8.21,8.87,12697736.0,142000144.0,474578494.99999994,0.026755818339387675
2015-09-22,8.96,9.16,8.83,9.03,16131186.0,186700048.0,474578494.99999994,0.033990554081048285
2015-09-23,8.87,9.17,8.79,8.95,15831341.0,183793616.0,474578494.99999994,0.03335874079165766
2015-09-24,9.29,9.74,9.1,9.22,22166020.0,268465632.0,474578494.99999994,0.04670675185145084
2015-09-25,9.04,9.2,8.59,8.7,11604148.0,133495048.0,474578494.99999994,0.024451482994399063
2015-09-28,8.7,8.96,8.54,8.94,7960821.0,90450672.0,474578494.99999994,0.01677450850359328
2015-09-29,8.74,8.89,8.68,8.75,6876364.0,77995600.0,474578494.99999994,0.01448941338987558
2015-09-30,8.89,8.97,8.77,8.95,7013663.0,80500424.0,475574365.00000006,0.014747773463357301
2015-10-08,9.34,9.64,9.22,9.6,16906626.0,207179520.0,475574365.00000006,0.03554991026482262
2015-10-09,9.6,10.02,9.45,9.98,22168752.0,281171456.0,475574365.00000006,0.04661469084861207
2015-10-12,10.07,10.59,10.07,10.29,29726864.0,396994720.0,475574365.00000006,0.06250728842375682
2015-10-13,10.18,11.32,10.11,11.32,35211236.0,486954848.0,475574365.00000006,0.07403939024341649
2015-10-14,11.3,11.96,11.05,11.29,49039076.0,727871296.0,475574365.00000006,0.10311547385444124
2015-10-15,10.97,11.52,10.93,11.46,29616690.0,430271808.0,475574365.00000006,0.062275623287642926
2015-10-16,11.42,12.19,11.36,11.6,31932648.0,483942688.0,475574365.00000006,0.06714543581422854
2015-10-19,11.53,11.83,11.16,11.53,27720664.0,410437440.0,475574365.00000006,0.058288810415590836
2015-10-20,11.41,11.55,11.21,11.51,19516932.0,286823200.0,475574365.00000006,0.04103865438583931
2015-10-21,11.55,11.6,10.36,10.36,27371568.0,385680800.0,475574365.00000006,0.05755475907537615
2015-10-22,10.34,10.89,10.18,10.83,19944522.0,272212736.0,475574365.00000006,0.04193775667450031
2015-10-23,10.9,11.26,10.76,11.19,21203164.0,301993216.0,475574365.00000006,0.04458432909856274
2015-10-26,11.43,11.51,11.03,11.36,22165028.0,323291424.0,475574365.00000006,0.04660686031720822
2015-10-27,11.24,11.36,10.68,11.22,19014968.0,270514848.0,475574365.00000006,0.03998316435748171
2015-10-28,11.14,11.53,10.99,11.07,18198980.0,265101040.0,475574365.00000006,0.0382673696047515
2015-10-29,11.26,11.46,11.07,11.29,17318644.0,252678304.0,475574365.00000006,0.03641626898876267
2015-10-30,11.28,11.43,10.86,11.13,14647395.0,211553152.0,475574365.00000006,0.03079937876802926
2015-11-02,10.9,11.13,10.6,10.64,14690382.0,207007616.0,475574365.00000006,0.030889768417185392
2015-11-03,10.64,10.85,10.53,10.57,9536985.0,131271096.0,475574365.00000006,0.02005361453828572
2015-11-04,10.7,11.27,10.7,11.27,16022270.0,228201632.0,475574365.00000006,0.033690356712141115
2015-11-05,11.31,11.41,11.11,11.19,24359352.0,355162144.0,475574365.00000006,0.05122091052994414
2015-11-06,11.27,11.53,11.27,11.49,22496820.0,332487776.0,475574365.00000006,0.047304526180674177
2015-11-09,11.39,12.04,11.32,11.87,30012220.0,452216704.0,475574365.00000006,0.06310731235481962
2015-11-10,11.74,12.06,11.7,11.87,26924614.0,413584384.0,475574365.00000006,0.05661493970559157
2015-11-11,11.86,11.94,11.57,11.86,19391334.0,293816224.0,475574365.00000006,0.04077455688764889
2015-11-12,11.86,12.88,11.84,12.39,37973464.0,599839168.0,475574365.00000006,0.07984758387891659
2015-11-13,12.21,12.81,11.96,12.28,37880780.0,608623296.0,475574365.00000006,0.07965269532557752
2015-11-16,11.91,12.38,11.72,12.37,21161952.0,328383488.0,475574365.00000006,0.044497671778418915
2015-11-17,12.57,12.63,11.91,12.0,22359702.0,356419744.0,475574365.00000006,0.047016205341513725
2015-11-18,12.01,13.16,12.01,12.61,41132832.0,669743232.0,475574365.00000006,0.08649085196171159
2015-11-19,12.65,13.44,12.4,13.33,38328576.0,633834496.0,475574365.00000006,0.08059428518608229
2015-11-20,13.17,13.47,12.93,13.07,29520096.0,501443584.0,475574365.00000006,0.062072513096873914
2015-11-23,13.08,13.21,12.5,12.64,21617252.0,360519552.0,475574365.00000006,0.04545504045408334
2015-11-24,12.59,12.9,12.59,12.89,12554465.0,206836960.0,475574365.00000006,0.02639853180479986
2015-11-25,12.9,12.94,12.66,12.84,18621596.0,307878656.0,475574365.00000006,0.039156012961295755
2015-11-26,12.86,12.9,12.41,12.46,17064140.0,279225952.0,475574365.00000006,0.03588111819273521
2015-11-27,12.39,12.64,11.22,11.34,21614324.0,334772320.0,475574365.00000006,0.045448883688253464
2015-11-30,11.35,11.59,10.86,11.48,16085027.0,235671328.0,475574365.00000006,0.033822317146972376
2015-12-01,11.43,11.81,11.3,11.61,15421062.0,230835040.0,475574365.00000006,0.03242618428350317
2015-12-02,11.61,11.81,11.35,11.73,13310369.0,199894288.0,475574365.00000006,0.02798798669478326
2015-12-03,11.73,12.35,11.7,12.14,15664955.0,241831760.0,475574365.00000006,0.032939023111559
2015-12-04,12.0,12.18,11.91,11.97,11338797.0,176491120.0,475574365.00000006,0.02384232169452615
2015-12-07,11.96,12.28,11.9,11.98,14687532.0,227825424.0,475574365.00000006,0.030883775663559994
2015-12-08,11.91,11.94,11.42,11.43,12165601.0,182704640.0,475574365.00000006,0.025580859472944886
2015-12-09,11.41,12.21,11.32,11.73,20840558.0,314679328.0,475574365.00000006,0.04382187000344309
2015-12-10,11.67,12.19,11.67,11.8,14685606.0,226166272.0,475574365.00000006,0.030879725823741568
2015-12-11,11.66,12.04,11.42,11.71,12252075.0,184767200.0,475574365.00000006,0.025762690131542306
2015-12-14,11.6,12.28,11.54,12.23,28319202.0,439823168.0,475574365.00000006,0.05954736858030604
2015-12-15,12.23,12.92,12.15,12.58,32040224.0,520514240.0,475574365.00000006,0.06737163808230075
2015-12-16,12.66,13.11,12.49,12.85,34284780.0,566936512.0,475574365.00000006,0.07209131215472474
2015-12-17,12.93,13.55,12.85,13.04,45318784.0,771888832.0,475574365.00000006,0.09529273933846286
2015-12-18,13.0,13.0,12.62,12.75,23838010.0,392828128.0,475574365.00000006,0.05012467398237497
2015-12-21,12.7,12.97,12.59,12.87,16674999.0,275611360.0,475574365.00000006,0.03506286340728226
2015-12-22,12.85,12.92,12.54,12.81,14777355.0,243358912.0,475574365.00000006,0.0310726483333474
2015-12-23,12.83,12.96,12.64,12.71,15966192.0,264096416.0,475574365.00000006,0.033572440347998986
2015-12-24,12.71,13.24,12.6,13.13,21686996.0,362148256.0,475574365.00000006,0.04560169259753939
2015-12-25,13.08,13.24,12.85,12.99,14716268.0,248073792.0,475574365.00000006,0.030944199441868568
2015-12-28,13.08,13.1,12.39,12.39,18440912.0,302408512.0,475574365.00000006,0.03877608499776895
2015-12-29,12.32,12.66,12.31,12.65,9915619.0,160164368.0,475574365.00000006,0.020849776038706372
2015-12-30,12.72,12.76,12.47,12.62,11097995.0,180682480.0,475574365.00000006,0.023335982375753156
2015-12-31,12.61,12.76,12.28,12.3,12027414.0,194673088.0,475779040.0,0.025279411215760998
2016-01-04,12.27,12.29,11.07,11.08,11832060.0,177629024.0,475779040.0,0.024868813052378265
2016-01-05,10.6,11.25,10.46,11.18,14994162.0,212495712.0,475779040.0,0.031514969638006755
2016-01-06,11.22,11.36,11.06,11.34,12062301.0,174844352.0,475779040.0,0.025352737270645635
2016-01-07,11.13,11.13,10.21,10.22,2671997.0,36698308.0,475779040.0,0.005616046053647088
2016-01-08,10.51,10.74,9.79,10.54,12420083.0,167798192.0,475779040.0,0.026104729203707672
2016-01-11,10.26,11.02,9.66,9.66,16156733.0,217447344.0,475779040.0,0.033958479970029785
2016-01-12,9.79,9.95,9.51,9.64,9718440.0,122414312.0,475779040.0,0.020426372712845864
2016-01-13,9.79,9.88,9.21,9.24,8916622.0,110851184.0,475779040.0,0.018741098809228755
2016-01-14,9.04,10.03,8.95,9.72,14786172.0,180541920.0,475779040.0,0.031077812927614464
2016-01-15,9.63,9.88,9.41,9.6,11648588.0,145655024.0,475779040.0,0.02448318866673908
2016-01-18,9.31,10.52,9.31,10.09,19792134.0,252489808.0,475779040.0,0.04159942396789905
2016-01-19,9.99,10.64,9.86,10.63,22162966.0,294043008.0,475779040.0,0.046582476605106435
2016-01-20,10.48,11.04,10.42,10.81,26039020.0,360263488.0,475779040.0,0.05472922892946272
2016-01-21,10.64,11.33,10.54,10.81,38457276.0,542833728.0,475779040.0,0.08083011811533354
2016-01-22,10.8,11.59,10.38,11.59,53190660.0,761902464.0,475779040.0,0.11179698037979983
2016-01-25,11.46,11.75,10.9,11.44,41407284.0,607760128.0,475779040.0,0.08703049213769484
2016-01-26,11.15,11.3,10.3,10.3,22290188.0,309274976.0,475779040.0,0.04684987384059626
2016-01-27,10.15,10.23,9.33,9.8,24027350.0,299016000.0,475779040.0,0.05050106873140103
2016-01-28,9.56,9.67,8.82,8.92,16949536.0,203361360.0,475779040.0,0.03562480600238296
2016-01-29,8.77,9.44,8.77,9.29,13206212.0,157228368.0,475779040.0,0.02775702771605912
2016-02-01,9.32,9.34,8.82,8.99,9682328.0,114004232.0,475779040.0,0.020350471933357973
2016-02-02,8.99,9.48,8.98,9.46,12019358.0,145272480.0,475779040.0,0.025262478986043606
2016-02-03,9.31,9.56,9.17,9.48,10974322.0,132446536.0,475779040.0,0.02306600559789267
2016-02-04,9.55,9.97,9.49,9.96,16579703.0,208575616.0,475779040.0,0.03484748508467292
2016-02-05,9.95,9.95,9.6,9.61,14489946.0,182570000.0,475779040.0,0.03045520038041188
2016-02-15,9.21,9.6,9.08,9.48,8982273.0,108353384.0,475779040.0,0.01887908513161908
2016-02-16,9.55,9.95,9.55,9.9,12630547.0,160323776.0,475779040.0,0.026547085806890525
2016-02-17,9.9,10.04,9.77,10.04,13794573.0,176567040.0,475779040.0,0.028993654281197424
2016-02-18,10.1,10.13,9.84,9.85,13320331.0,171210928.0,475779040.0,0.027996884856466144
2016-02-19,9.8,10.02,9.78,9.95,10429851.0,133432888.0,475779040.0,0.021921627737110906
2016-02-22,10.11,10.3,9.99,10.16,13939778.0,182436000.0,475779040.0,0.029298848473862993
2016-02-23,10.16,10.28,9.84,10.02,12333148.0,160618832.0,475779040.0,0.025922007829516827
2016-02-24,9.91,10.09,9.65,9.98,11929863.0,152337168.0,475779040.0,0.025074376962885964
2016-02-25,10.01,10.36,9.04,9.18,28514078.0,366049536.0,475779040.0,0.05993134544136287
2016-02-26,9.37,9.44,8.98,9.3,14727721.0,176507520.0,475779040.0,0.030954959680443258
2016-02-29,9.23,9.25,8.51,8.67,12296147.0,139218448.0,475779040.0,0.025844238535602578
2016-03-01,8.76,8.95,8.59,8.88,8322500.0,94405848.0,475779040.0,0.017492363682099152
2016-03-02,8.91,9.38,8.89,9.34,11752353.0,138912512.0,475779040.0,0.024701283604254613
2016-03-03,9.49,9.63,9.34,9.45,14410782.0,176253632.0,475779040.0,0.030288812218377675
2016-03-04,9.39,9.51,8.95,9.1,11128714.0,133026056.0,475779040.0,0.023390509174174633
2016-03-07,9.2,9.42,9.17,9.27,9097907.0,109356536.0,475779040.0,0.01912212652327013
2016-03-08,9.25,9.32,8.82,9.32,9955233.0,116474432.0,475779040.0,0.02092406802956263
2016-03-09,9.1,9.22,8.98,9.1,7028641.0,82696152.0,475779040.0,0.014772910130719503
2016-03-10,9.1,9.21,8.93,8.93,5817262.0,68208456.0,475779040.0,0.012226814363238869
2016-03-11,8.82,9.02,8.8,8.89,4484675.0,51487020.0,475779040.0,0.009425961681708383
2016-03-14,9.0,9.39,9.0,9.27,9589408.0,114614672.0,475779040.0,0.020155171190391237
2016-03-15,9.23,9.4,9.14,9.21,7644437.0,91625328.0,475779040.0,0.016067200017890658
2016-03-16,9.3,9.34,9.02,9.09,6319579.0,74735640.0,475779040.0,0.013282592272244697
2016-03-17,9.15,9.57,9.12,9.47,14424899.0,175127360.0,475779040.0,0.03031848355488716
2016-03-18,9.52,9.87,9.49,9.79,16632625.0,208881824.0,475779040.0,0.03495871739116545
2016-03-21,9.88,10.03,9.8,9.95,15892457.0,203346224.0,475779040.0,0.03340302044411204
2016-03-22,9.87,9.98,9.82,9.83,9957185.0,127225104.0,475779040.0,0.020928170774399815
2016-03-23,9.82,10.05,9.82,10.02,11657608.0,149685088.0,475779040.0,0.024502147047083034
2016-03-24,9.94,9.95,9.69,9.69,11321930.0,143727920.0,476349910.0,0.023768095180284592
2016-03-25,9.71,9.98,9.68,9.97,8282047.0,105012008.0,476349910.0,0.017386477516076367
2016-03-28,9.97,10.12,9.74,9.78,13617464.0,175350192.0,476349910.0,0.028587103123416144
2016-03-29,9.76,9.82,9.48,9.53,8602025.0,107128440.0,476349910.0,0.018058206413852373
2016-03-30,9.64,9.93,9.63,9.92,9146877.0,115704880.0,476349910.0,0.019202012654940988
2016-03-31,9.95,10.17,9.95,9.99,13538482.0,175909728.0,476349910.0,0.028421296437318524
2016-04-01,9.99,10.04,9.68,9.91,9744117.0,124036896.0,476349910.0,0.020455796874192755
2016-04-05,9.93,10.74,9.92,10.66,25126928.0,337817696.0,476349910.0,0.05274888789209596
2016-04-06,10.54,10.76,10.4,10.53,19589776.0,267209264.0,476349910.0,0.04112476057778619
2016-04-07,10.59,10.77,10.29,10.43,18889860.0,256779936.0,476349910.0,0.039655428926185794
2016-04-08,10.3,10.98,10.28,10.95,29505026.0,406725088.0,476349910.0,0.0619398164681085
2016-04-11,10.99,11.26,10.85,10.95,25804460.0,368491072.0,476349910.0,0.054171228876688564
2016-04-12,10.91,10.96,10.54,10.73,14936175.0,206931520.0,476349910.0,0.03135546934395348
2016-04-13,10.77,11.01,10.75,10.78,17369332.0,244376672.0,476349910.0,0.03646338885631363
2016-04-14,10.86,10.93,10.69,10.88,10829299.0,151317920.0,476349910.0,0.02273391633473805
2016-04-15,10.84,10.94,10.7,10.75,9435581.0,131420328.0,476349910.0,0.019808088134203698
2016-04-18,10.68,10.69,10.43,10.5,9428203.0,128277904.0,476309510.0,0.019794278304457957
2016-04-19,10.64,10.81,10.6,10.69,8456333.0,116838456.0,476309510.0,0.0177538613495246
2016-04-20,10.79,10.81,9.91,10.23,15442057.0,205490272.0,476309510.0,0.03242021558628968
2016-04-21,10.18,10.36,10.0,10.08,8009541.0,105828272.0,476309510.0,0.01681583262950177
2016-04-22,9.99,10.3,9.95,10.3,7940921.0,104482264.0,476309510.0,0.016671766641820778
2016-04-25,10.3,10.3,9.95,10.14,6730662.0,72031032.0,571571412.0,0.01177571491276754
2016-04-26,10.19,10.55,10.14,10.55,11633034.0,127967360.0,571571412.0,0.020352721909751497
2016-04-27,10.57,10.66,10.33,10.37,10938243.0,121803808.0,571571412.0,0.019137141519597205
2016-04-28,10.42,10.47,10.02,10.3,9220212.0,99796104.0,571571412.0,0.016131338633150534
2016-04-29,10.19,10.39,10.19,10.26,6347088.0,69151736.0,571571412.0,0.011104628164992969
2016-05-03,10.31,10.73,10.19,10.68,14481146.0,161816608.0,571571412.0,0.025335672316655334
2016-05-04,10.64,10.71,10.56,10.58,10308797.0,116181280.0,571571412.0,0.018035886301465336
2016-05-05,10.52,10.64,10.5,10.61,7190795.0,80677664.0,571571412.0,0.012580746428234587
2016-05-06,10.62,10.68,10.02,10.04,13737705.0,150252016.0,571571412.0,0.024034975703088525
2016-05-09,10.07,10.09,9.51,9.59,9932388.0,102750256.0,571571412.0,0.017377335170150183
2016-05-10,9.6,9.78,9.57,9.68,6817957.0,70042960.0,571571412.0,0.011928442985178552
2016-05-11,9.72,9.78,9.48,9.57,6130177.0,62799015.0,571571412.0,0.010725128778834025
2016-05-12,9.52,9.68,9.27,9.63,5836476.0,58917259.0,571571412.0,0.010211280476008132
2016-05-13,9.65,9.82,9.48,9.57,6014353.0,61577441.0,571571412.0,0.010522487433293813
2016-05-16,9.48,9.71,9.39,9.69,6016147.0,61111953.0,571571412.0,0.010525626148705981
2016-05-17,9.69,9.75,9.54,9.61,7273668.0,74357981.0,571571412.0,0.01272573793456276
2016-05-18,9.57,9.57,9.24,9.34,9451198.0,93730890.0,571571412.0,0.016535463113749992
2016-05-19,9.35,9.52,9.29,9.31,6993779.0,69926367.0,571571412.0,0.012236054591197783
2016-05-20,9.22,9.44,9.17,9.43,5736677.0,56916223.0,571571412.0,0.010036675872095576
2016-05-23,9.45,9.66,9.45,9.57,6907416.0,70153360.0,571571412.0,0.01208495711118596
2016-05-24,9.54,9.56,9.36,9.42,5242414.0,52488316.0,571571412.0,0.009171931783040262
2016-05-25,9.52,9.59,9.38,9.44,5152397.0,51915474.0,571571412.0,0.009014441401068534
2016-05-26,9.43,9.51,9.2,9.48,6104881.0,60568273.0,571571412.0,0.010680871841784838
2016-05-27,9.46,9.54,9.36,9.46,5032052.0,50497587.0,571571412.0,0.008803890282742134
2016-05-30,9.36,9.52,9.33,9.43,4211594.0,42100413.0,571571412.0,0.007368447601784535
2016-05-31,9.49,9.84,9.44,9.83,12007426.0,123835264.0,571571412.0,0.021007744173181287
2016-06-01,9.84,9.89,9.76,9.82,9852921.0,102717915.0,571571412.0,0.017238302674242218
2016-06-02,9.82,9.9,9.73,9.9,8799511.0,91554971.0,571571412.0,0.015395295872495456
2016-06-03,9.87,10.13,9.83,10.0,11146976.0,118282997.0,571571412.0,0.019502332982322075
2016-06-06,10.01,10.06,9.84,9.94,7580611.0,79753748.0,571571412.0,0.013262753946133332
2016-06-07,9.93,9.99,9.82,9.99,8593890.0,90297256.0,571571412.0,0.01503554904876873
2016-06-08,10.0,10.0,9.79,9.83,7819175.0,81831920.0,571571412.0,0.01368013661257082
2016-06-13,9.69,9.74,9.35,9.35,9003246.0,91371905.0,571571412.0,0.015751743021045286
2016-06-14,9.34,9.48,9.31,9.45,5799653.0,57738761.0,571571412.0,0.01014685633017629
2016-06-15,9.34,9.94,9.34,9.89,12429835.0,128621938.0,571571412.0,0.021746775186859767
2016-06-16,9.89,10.56,9.85,10.34,26922441.0,291662066.0,571571412.0,0.047102497491599525
2016-06-17,10.23,10.47,10.14,10.26,15623060.0,169856564.0,571571412.0,0.02733352241206913
2016-06-20,10.29,10.37,10.07,10.27,9322011.0,101005876.0,571571412.0,0.01630944236238323
2016-06-21,10.37,10.42,9.94,10.03,14053243.0,151584036.0,571571412.0,0.024587029205722418
2016-06-22,9.98,10.2,9.85,10.2,8671394.0,92372841.0,571571412.0,0.015171147153174974
2016-06-23,10.16,10.34,10.04,10.23,11466348.0,124260354.0,571571412.0,0.020061094308194687
2016-06-24,10.22,10.31,9.67,9.98,12904583.0,137412930.0,571571412.0,0.022577376560603768
2016-06-27,9.9,10.28,9.9,10.27,9732755.0,105009516.0,571571412.0,0.017028064727631968
2016-06-28,10.19,10.35,10.11,10.33,10988186.0,119388605.0,571571412.0,0.019224519927529195
2016-06-29,10.36,10.42,10.26,10.26,9457278.0,103424321.0,571571412.0,0.016546100454723232
2016-06-30,10.3,10.36,10.22,10.33,7618710.0,83149800.0,574359891.0,0.013264697133943846
2016-07-01,10.34,10.35,10.13,10.24,9185773.0,99928540.0,574359891.0,0.015993061395716435
2016-07-04,10.15,10.49,10.15,10.44,11637248.0,128226625.0,574359891.0,0.020261247664315057
2016-07-05,10.49,10.5,10.35,10.44,9309781.0,102805904.0,574359891.0,0.016208967836857536
2016-07-06,10.39,10.54,10.38,10.48,10090465.0,112013926.0,574359891.0,0.017568192274763143
2016-07-07,10.48,10.52,10.26,10.41,12338443.0,135818426.0,574359891.0,0.021482076296306003
2016-07-08,10.4,10.45,10.32,10.35,7659405.0,84218235.0,574359891.0,0.013335549922652939
2016-07-11,10.36,10.46,10.29,10.29,8778370.0,96779207.0,574359891.0,0.015283744804527098
2016-07-12,10.31,10.52,10.2,10.49,13109186.0,144053716.0,574359891.0,0.022823992770762608
2016-07-13,10.48,10.61,10.43,10.54,14225433.0,158953941.0,574359891.0,0.024767455428046245
2016-07-14,10.53,10.63,10.5,10.58,11040119.0,123690995.0,574359891.0,0.01922160508244821
2016-07-15,10.58,10.6,10.43,10.5,7518028.0,83790483.0,574359891.0,0.013089402860131123
2016-07-18,10.47,10.5,10.32,10.42,7723856.0,85176115.0,574359891.0,0.013447763538209877
2016-07-19,10.4,10.57,10.35,10.56,7988869.0,88577874.0,574359891.0,0.013909169364335018
2016-07-20,10.56,10.83,10.52,10.7,21394366.0,243682281.0,574359891.0,0.03724905992782842
2016-07-21,10.69,10.85,10.66,10.68,13824936.0,157393951.0,574359891.0,0.024070162656953355
2016-07-22,10.67,10.71,10.52,10.52,9094417.0,102271586.0,574359891.0,0.015834004328133002
2016-07-25,10.52,10.77,10.48,10.68,8407808.0,95102113.0,574359891.0,0.014638570923470002
2016-07-26,10.68,10.88,10.67,10.85,12309896.0,141233433.0,574359891.0,0.021432374009556318
2016-07-27,10.86,10.89,10.12,10.24,18828364.0,209589442.0,574359891.0,0.032781474289958736
2016-07-28,10.23,10.33,10.06,10.24,8638976.0,93561636.0,574359891.0,0.015041050281138103
2016-07-29,10.23,10.28,10.11,10.12,5317104.0,57431791.0,574359891.0,0.009257443082842287
2016-08-01,10.19,10.29,10.09,10.23,8440597.0,91205728.0,574359891.0,0.014695658823432711
2016-08-02,10.24,10.27,10.14,10.25,4424543.0,47957179.0,574359891.0,0.007703433107587939
2016-08-03,10.23,10.33,10.2,10.28,5197300.0,56557553.0,574359891.0,0.009048856094305512
2016-08-04,10.25,10.3,10.17,10.25,4677521.0,50764996.0,574359891.0,0.008143885172511115
2016-08-05,10.27,10.29,10.17,10.17,4789614.0,51867930.0,574359891.0,0.008339046780688242
2016-08-08,10.14,10.32,10.14,10.32,5099146.0,55406704.0,574359891.0,0.008877963242039825
2016-08-09,10.32,10.38,10.27,10.37,6496581.0,71214104.0,574359891.0,0.011310993510861294
2016-08-10,10.37,10.42,10.29,10.34,4836640.0,53021356.0,574359891.0,0.008420922275020072
2016-08-11,10.35,10.35,10.12,10.14,5541139.0,60070700.0,574359891.0,0.009647503397830404
2016-08-12,10.16,10.31,10.15,10.31,4835892.0,52482898.0,574359891.0,0.00841961995566992
2016-08-15,10.27,10.59,10.24,10.53,12097539.0,134015894.0,574359891.0,0.021062645894262138
2016-08-16,10.52,10.6,10.51,10.55,8018893.0,89658293.0,574359891.0,0.013961443209480657
2016-08-17,10.57,10.58,10.48,10.52,6466760.0,72208116.0,574359891.0,0.011259073102651592
2016-08-18,10.52,10.59,10.51,10.54,6140475.0,68585712.0,574359891.0,0.010690988518207654
2016-08-19,10.54,10.54,10.44,10.5,5282591.0,58781107.0,574359891.0,0.009197353580527092
2016-08-22,10.52,10.58,10.44,10.46,6544764.0,72923914.0,574359891.0,0.011394883421621097
2016-08-23,10.48,10.71,10.46,10.66,12362344.0,139143704.0,574359891.0,0.02152368957810809
2016-08-24,10.66,10.67,10.51,10.55,7293627.0,81802918.0,574359891.0,0.012698705314017131
2016-08-25,10.5,10.53,10.31,10.45,9971577.0,109998526.0,574359891.0,0.017361200105109706
2016-08-26,10.42,10.54,10.4,10.44,6745466.0,75002566.0,574359891.0,0.011744319381800287
2016-08-29,10.45,10.51,10.33,10.47,3983920.0,44140803.0,574359891.0,0.006936278215847771
2016-08-30,10.47,10.54,10.45,10.47,5207200.0,58001809.0,574359891.0,0.009066092673939865
2016-08-31,10.46,10.59,10.42,10.59,9408880.0,105066050.0,574359891.0,0.016381505998997414
2016-09-01,10.58,10.62,10.36,10.37,7439109.0,82801778.0,574359891.0,0.012951999463346927
2016-09-02,10.42,10.5,10.36,10.49,7317669.0,81131342.0,574359891.0,0.01274056408649886
2016-09-05,10.51,10.59,10.47,10.52,6868289.0,76759826.0,574359891.0,0.011958162656591213
2016-09-06,10.5,10.74,10.39,10.72,15254137.0,171998901.0,574359891.0,0.026558499712508652
2016-09-07,10.7,10.83,10.65,10.66,10185653.0,115890684.0,574359891.0,0.017733921117413124
2016-09-08,10.65,10.94,10.62,10.94,17837918.0,204511866.0,574359891.0,0.03105703980990553
2016-09-09,10.89,10.96,10.68,10.7,15467641.0,177513788.0,574359891.0,0.026930224833544306
2016-09-12,10.56,10.56,10.38,10.45,13015500.0,144505007.0,574359891.0,0.02266087901322483
2016-09-13,10.52,10.56,10.46,10.53,5459635.0,60808683.0,574359891.0,0.009505599338586126
2016-09-14,10.47,10.54,10.4,10.44,5540270.0,61445775.0,574359891.0,0.00964599040917361
2016-09-19,10.46,10.55,10.46,10.54,4215754.0,46998075.0,574359891.0,0.007339917125236727
2016-09-20,10.55,10.55,10.45,10.52,4164423.0,46374133.0,574359891.0,0.00725054633036693
2016-09-21,10.52,10.61,10.49,10.54,4973359.0,55720507.0,574359891.0,0.00865895943977049
2016-09-22,10.59,10.7,10.57,10.6,6817069.0,76849774.0,574359891.0,0.01186898512034156
2016-09-23,10.62,10.74,10.56,10.68,7132853.0,80660718.0,574359891.0,0.012418786742892533
2016-09-26,10.68,10.73,10.33,10.37,8542366.0,95390321.0,574359891.0,0.014872845638867913
2016-09-27,10.33,10.39,10.15,10.32,7593686.0,82845886.0,574359891.0,0.013221128632047881
2016-09-28,10.37,10.37,10.26,10.29,3478161.0,38007293.0,574359891.0,0.0060557170765254565
2016-09-29,10.32,10.36,10.25,10.25,3979500.0,43494339.0,574359891.0,0.006928582692415059
2016-09-30,10.27,10.32,10.23,10.27,4257746.0,46368648.0,575746687.0,0.007395172384205139
2016-10-10,10.33,10.55,10.31,10.54,7691834.0,85250354.0,575746687.0,0.013359753818262092
2016-10-11,10.54,10.59,10.52,10.58,6252108.0,69997784.0,575746687.0,0.010859129789486744
2016-10-12,10.55,10.69,10.52,10.68,8920247.0,100535896.0,575746687.0,0.015493353590065904
2016-10-13,10.68,10.71,10.61,10.63,6505029.0,73488714.0,575746687.0,0.01129842193950827
2016-10-14,10.61,10.64,10.47,10.57,5226755.0,58462920.0,575746687.0,0.00907821984566626
2016-10-17,10.58,10.61,10.5,10.5,5904162.0,66036681.0,575746687.0,0.01025479109704369
2016-10-18,10.51,10.72,10.5,10.72,10842450.0,122489786.0,575746687.0,0.018831979835604334
2016-10-19,10.72,10.74,10.6,10.62,7095189.0,80195547.0,575746687.0,0.012323456061849645
2016-10-20,10.66,10.75,10.59,10.75,8891675.0,100741251.0,575746687.0,0.015443727598904968
2016-10-21,10.74,10.76,10.52,10.69,9669457.0,109035660.0,575746687.0,0.01679463767370319
2016-10-24,10.61,10.7,10.5,10.68,13599536.0,153161193.0,575746687.0,0.023620693452639875
2016-10-25,10.67,10.7,10.57,10.61,8743743.0,98480847.0,575746687.0,0.015186788213337995
2016-10-26,10.62,10.68,10.59,10.65,7833999.0,88322776.0,575746687.0,0.013606676645974343
2016-10-27,10.68,10.76,10.62,10.75,10642366.0,120657090.0,575746687.0,0.018484458947481533
2016-10-28,10.73,10.76,10.56,10.57,9382271.0,105892339.0,575746687.0,0.01629583150341254
2016-10-31,10.54,10.61,10.52,10.58,4686676.0,52532339.0,575746687.0,0.008140170157852771
2016-11-01,10.59,10.68,10.54,10.68,6044526.0,68053661.0,575746687.0,0.010498585812965347
2016-11-02,10.66,10.79,10.64,10.64,10307744.0,117013760.0,575746687.0,0.017903262376914034
2016-11-03,10.61,10.83,10.56,10.81,14728311.0,167563148.0,575746687.0,0.02558123447786335
2016-11-04,10.79,10.85,10.69,10.77,10113852.0,115432363.0,575746687.0,0.017566496218501038
2016-11-07,10.79,11.1,10.74,11.0,18993481.0,220271565.0,575746687.0,0.03298930142172055
2016-11-08,10.94,11.08,10.91,11.03,14096421.0,164307945.0,575746687.0,0.024483720563727707
2016-11-09,11.03,11.13,10.79,10.86,16490450.0,191258759.0,575746687.0,0.028641849570903394
2016-11-10,10.97,11.24,10.93,11.18,20329429.0,239151258.0,575746687.0,0.035309676041609596
2016-11-11,11.17,11.26,11.06,11.18,13098326.0,154905633.0,575746687.0,0.022750154357379742
2016-11-14,11.18,11.22,11.05,11.12,12910440.0,152111543.0,575746687.0,0.022423819869935264
2016-11-15,11.13,11.19,11.03,11.18,9271714.0,109244197.0,575746687.0,0.01610380781921894
2016-11-16,11.2,11.27,11.09,11.09,8674405.0,102770461.0,575746687.0,0.015066356777837612
2016-11-17,11.08,11.1,10.97,11.05,9555041.0,111771031.0,575746687.0,0.016595911389065448
2016-11-18,11.07,11.12,10.9,10.97,6530049.0,76203291.0,575746687.0,0.011341878550835674
2016-11-21,10.92,11.05,10.91,10.98,7124443.0,83082364.0,575746687.0,0.012374266601728617
2016-11-22,10.99,11.16,10.99,11.13,7131526.0,83982847.0,575746687.0,0.012386568887021663
2016-11-23,11.18,11.22,11.0,11.01,7432024.0,87499454.0,575746687.0,0.012908496336688429
2016-11-24,11.05,11.09,10.98,11.0,5664430.0,66246665.0,575746687.0,0.009838406590779045
2016-11-25,11.0,11.34,10.91,11.29,15581618.0,184192607.0,575746687.0,0.027063322033496998
2016-11-28,11.32,11.55,11.26,11.47,17593348.0,213603909.0,575746687.0,0.03055744548296463
2016-11-29,11.42,11.46,11.28,11.28,10970419.0,132179322.0,575746687.0,0.019054245986481897
2016-11-30,11.28,11.57,11.27,11.33,11229814.0,135652222.0,575746687.0,0.01950478266495001
2016-12-01,11.36,11.72,11.33,11.69,15544039.0,191258176.0,575746687.0,0.026998052009633188
2016-12-02,11.66,11.9,11.43,11.46,16337734.0,202113513.0,575746687.0,0.028376600975560627
2016-12-05,11.32,11.51,11.22,11.4,8394977.0,101563841.0,575746687.0,0.014581025283433371
2016-12-06,11.38,11.6,11.27,11.3,7051936.0,85302702.0,575746687.0,0.012248331009501753
2016-12-07,11.31,11.61,11.18,11.61,9445764.0,113995666.0,575746687.0,0.01640611090481186
2016-12-08,11.6,11.83,11.51,11.68,15432713.0,191741771.0,575746687.0,0.026804692668600628
2016-12-09,11.63,11.82,11.57,11.66,11186725.0,138717504.0,575746687.0,0.019429942460094433
2016-12-12,11.61,11.76,11.19,11.24,14137043.0,171393937.0,575746687.0,0.024554275898073904
2016-12-13,11.22,11.47,11.06,11.46,9897152.0,119263270.0,575746687.0,0.017190115416156965
2016-12-14,11.39,12.04,11.35,11.87,20971260.0,262263808.0,575746687.0,0.036424456229654345
2016-12-15,11.78,12.25,11.75,11.98,20726428.0,264723154.0,575746687.0,0.035999213661128716
2016-12-16,11.89,12.2,11.84,12.12,15809752.0,201696908.0,575746687.0,0.027459562264055198
2016-12-19,12.03,12.34,11.95,12.07,13870327.0,178123030.0,575746687.0,0.0240910235580739
2016-12-20,12.03,12.32,11.91,12.3,16516590.0,212862871.0,575746687.0,0.028687251482178308
2016-12-21,12.35,12.46,11.95,12.08,19870591.0,257820934.0,575746687.0,0.034512731811863644
2016-12-22,12.05,12.43,11.93,12.43,16030822.0,208060326.0,575746687.0,0.02784353320994446
2016-12-23,12.38,12.49,12.13,12.21,17218375.0,223673056.0,575746687.0,0.02990616427116323
2016-12-26,12.09,12.22,11.88,12.21,10022937.0,128155640.0,575746687.0,0.01740858823213689
2016-12-27,12.22,12.4,12.08,12.25,8233522.0,106781951.0,575746687.0,0.014300598137875173
2016-12-28,12.24,12.63,12.18,12.54,15208420.0,201214629.0,575746687.0,0.026415123774737412
2016-12-29,12.46,12.8,12.35,12.55,12932532.0,172295263.0,575746687.0,0.022462190911399896
2016-12-30,12.47,12.7,12.34,12.43,9545913.0,126282333.0,575746687.0,0.016580057194493243
2017-01-03,12.48,12.98,12.4,12.97,14686057.0,198973667.0,577406007.0,0.025434541417924665
2017-01-04,12.91,13.16,12.77,13.15,14025559.0,193464574.0,577406007.0,0.024290635757102542
2017-01-05,13.11,13.14,12.96,12.99,8030357.0,110925798.0,577406007.0,0.013907643672990053
2017-01-06,12.98,13.13,12.8,12.81,10182895.0,139392894.0,577406007.0,0.017635588955693008
2017-01-09,12.77,13.07,12.7,13.0,6649659.0,91264463.0,577406007.0,0.011516435436044917
2017-01-10,12.94,13.08,12.53,12.57,10784859.0,146035270.0,577406007.0,0.01867812054127106
2017-01-11,12.56,12.71,12.5,12.55,7380766.0,98607883.0,577406007.0,0.012782627666705241
2017-01-12,12.53,12.68,12.21,12.44,12004142.0,157509358.0,577406007.0,0.02078977678526299
2017-01-13,12.43,12.63,12.31,12.63,6478969.0,85915339.0,577406007.0,0.011220820222606379
2017-01-16,12.59,12.71,11.89,12.28,8845200.0,116510288.0,577406007.0,0.015318856909640707
2017-01-17,12.3,12.51,11.97,12.41,5292249.0,69083350.0,577406007.0,0.009165559304615963
2017-01-18,12.41,12.61,12.26,12.37,4206664.0,55545608.0,577406007.0,0.007285452435551125
2017-01-19,12.37,12.46,12.18,12.35,5403562.0,70454523.0,577406007.0,0.009358340464926961
2017-01-20,12.34,12.56,12.21,12.44,5869224.0,77491843.0,577406007.0,0.010164812850656747
2017-01-23,12.39,12.71,12.39,12.58,5370705.0,71584607.0,577406007.0,0.00930143596514402
2017-01-24,12.58,12.87,12.54,12.84,8377951.0,113400598.0,577406007.0,0.014509636024621407
2017-01-25,12.84,13.03,12.74,12.77,5789790.0,79011164.0,577406007.0,0.010027242407957838
2017-01-26,12.73,12.98,12.73,12.98,6364142.0,87042258.0,577406007.0,0.01102195322328886
2017-02-03,12.99,13.06,12.83,12.84,5237560.0,71912823.0,577406007.0,0.00907084432185341
2017-02-06,12.83,12.96,12.64,12.92,6352368.0,86015156.0,577406007.0,0.011001562025661434
2017-02-07,12.89,13.03,12.82,12.92,6275594.0,86084663.0,577406007.0,0.010868598393365866
2017-02-08,12.85,13.14,12.85,13.07,6509109.0,89815085.0,577406007.0,0.01127301919462019
2017-02-09,13.12,13.14,13.01,13.06,9734967.0,134968289.0,577406007.0,0.01685982979390791
2017-02-10,13.03,13.41,13.03,13.28,10648477.0,149974087.0,577406007.0,0.018441922790733974
2017-02-13,13.46,13.51,13.22,13.26,6735277.0,95528192.0,577406007.0,0.011664715846989793
2017-02-14,13.25,13.38,13.22,13.23,4624051.0,65194329.0,577406007.0,0.008008318139994688
2017-02-15,13.23,13.48,13.11,13.11,9409229.0,132579779.0,578882268.0,0.016254132351485328
2017-02-16,12.82,13.0,12.67,12.88,18835338.0,256202784.0,578882268.0,0.03253742434549749
2017-02-17,12.78,12.87,12.65,12.84,8905877.0,120449655.0,578882268.0,0.015384608395018243
2017-02-20,12.79,13.2,12.79,13.01,8306059.0,114808721.0,578882268.0,0.014348442609404646
2017-02-21,13.02,13.23,13.01,13.17,6981216.0,96975824.0,578882268.0,0.01205982008072149
2017-02-22,13.17,13.28,13.1,13.17,5595420.0,78286778.0,578882268.0,0.0096659032575515
2017-02-23,13.2,13.83,13.2,13.51,15134676.0,217605488.0,578882268.0,0.0261446529573091
2017-02-24,13.55,13.72,13.46,13.61,5448158.0,78531019.0,578882268.0,0.009411513015976506
2017-02-27,13.47,13.99,13.44,13.82,9501980.0,139516365.0,578882268.0,0.01641435664082217
2017-02-28,13.79,13.98,13.71,13.96,6734150.0,99043076.0,578882268.0,0.011633021725239648
2017-03-01,14.0,14.25,13.91,14.2,8997425.0,134886997.0,578882268.0,0.015542754541584956
2017-03-02,14.22,14.24,13.2,13.76,9695958.0,143098267.0,578882268.0,0.01674944722957035
2017-03-03,13.77,14.57,13.73,14.49,13700992.0,207593650.0,578882268.0,0.023668011195672002
2017-03-06,14.41,14.69,14.34,14.49,8543599.0,131409523.0,578882268.0,0.014758785114488944
2017-03-07,14.5,14.87,14.43,14.8,8050679.0,125482932.0,578882268.0,0.013907282093498155
2017-03-08,14.8,15.15,14.49,15.06,9438186.0,149636286.0,578882268.0,0.01630415461266124
2017-03-09,14.98,15.61,14.88,14.88,16715469.0,271058197.0,578882268.0,0.028875420658074122
2017-03-10,14.89,15.33,14.56,14.67,13902946.0,218825724.0,578882268.0,0.0240168800610075
2017-03-13,14.82,15.43,14.57,15.42,12566857.0,201148781.0,578882268.0,0.02170883043873094
2017-03-14,15.37,15.89,15.24,15.31,12372592.0,204550393.0,578882268.0,0.021373244066961124
2017-03-15,15.33,15.59,15.17,15.47,5716349.0,93098490.0,578882268.0,0.009874804111291244
2017-03-16,15.32,15.8,15.32,15.49,6168779.0,102043442.0,578882268.0,0.01065636199449108
2017-03-17,15.5,15.92,15.49,15.73,7388141.0,123520073.0,578882268.0,0.012762769579254067
2017-03-20,15.7,15.93,14.71,15.51,6665701.0,109727609.0,578882268.0,0.01151477833831317
2017-03-21,15.51,15.77,15.39,15.53,4182405.0,68911147.0,578882268.0,0.007224966510806995
2017-03-22,15.53,15.59,15.06,15.2,6639725.0,107831090.0,578882268.0,0.011469905656187763
2017-03-23,15.18,15.35,14.93,15.2,6473592.0,104034044.0,578882268.0,0.011182916385340032
2017-03-24,15.28,15.32,15.11,15.16,5824651.0,93998613.0,578882268.0,0.010061892239546021
2017-03-27,14.82,15.2,14.72,14.85,10166721.0,160730483.0,578882268.0,0.017562674764810726
2017-03-28,14.86,15.45,14.86,15.25,7969226.0,128107873.0,578882268.0,0.013766574726037385
2017-03-29,15.32,15.41,14.98,15.01,5089043.0,81452963.0,578882268.0,0.00879115371348704
2017-03-30,14.99,15.01,14.37,14.6,9083304.0,140790872.0,578882268.0,0.01569110767787415
2017-03-31,14.52,14.78,14.49,14.77,3583717.0,55658689.0,578882268.0,0.0061907527628744016
2017-04-05,14.76,15.05,14.53,14.6,7921230.0,124220911.0,578882268.0,0.013683663221137048
2017-04-06,14.6,15.23,14.49,15.2,6846087.0,107862955.0,578882268.0,0.011826389195946144
2017-04-07,15.15,15.4,14.96,15.08,6039557.0,96876670.0,578882268.0,0.010433135257133148
2017-04-10,15.01,15.24,14.96,15.15,5135902.0,82284315.0,578882268.0,0.008872101088437554
2017-04-11,15.16,15.2,14.85,15.09,5167500.0,82241215.0,578882268.0,0.008926685589892692
2017-04-12,15.13,15.54,15.03,15.35,7517521.0,122557988.0,578882268.0,0.012986269256393944
2017-04-13,15.44,15.63,15.29,15.49,6073401.0,99306825.0,578882268.0,0.010491599649412651
2017-04-14,15.62,15.84,15.37,15.41,5826180.0,95955290.0,578882268.0,0.010064533536549784
2017-04-17,15.42,15.45,14.99,14.99,5543764.0,88964460.0,578882268.0,0.009576669223525085
2017-04-18,15.02,15.37,14.71,15.31,8883235.0,142636361.0,578882268.0,0.015345495087785276
2017-04-19,15.3,15.83,15.04,15.74,12302203.0,201320236.0,578882268.0,0.021251649394104434
2017-04-20,15.61,16.2,15.61,15.96,9747122.0,165382239.0,578882268.0,0.01683783134984539
2017-04-21,15.93,16.26,15.85,15.95,6816239.0,115720914.0,578882268.0,0.011774827761696097
2017-04-24,15.76,15.92,14.81,15.55,8837421.0,145897143.0,578882268.0,0.015266352915822946
2017-04-25,15.5,16.31,15.5,16.28,14624273.0,249709171.0,578882268.0,0.025262948631205956
2017-04-26,16.17,16.64,16.03,16.12,8918205.0,153836710.0,578882268.0,0.015405904607877883
2017-04-27,16.06,16.27,15.73,16.11,8063290.0,136531170.0,578882268.0,0.013929067179511534
2017-04-28,16.17,16.54,16.04,16.25,6733947.0,115913400.0,578882268.0,0.011632671049443858
2017-05-02,16.31,16.41,15.97,16.3,3494542.0,59935035.0,578882268.0,0.006036705895437792
2017-05-03,16.2,16.54,16.05,16.18,4599068.0,79225250.0,578882268.0,0.007944738082735676
2017-05-04,16.03,16.65,15.99,16.22,7304402.0,126564616.0,578882268.0,0.01261811322228996
2017-05-05,16.22,16.3,15.94,16.01,3957628.0,67578658.0,578882268.0,0.006836671666716176
2017-05-08,15.95,16.03,15.09,15.11,8328367.0,136581123.0,578882268.0,0.014386978942668183
2017-05-09,14.82,15.52,14.81,15.36,7850308.0,126133522.0,578882268.0,0.013561147808383033
2017-05-10,15.35,15.55,15.14,15.14,4694143.0,76262316.0,578882268.0,0.00810897700532088
2017-05-11,15.14,15.37,14.43,15.13,5701096.0,90044010.0,578882268.0,0.009848455057531664
2017-05-12,15.18,15.38,14.93,15.03,3156566.0,50495272.0,578882268.0,0.005452863517318862
2017-05-15,15.04,15.18,14.63,14.71,4445732.0,69637688.0,578882268.0,0.007679855206758553
2017-05-16,14.6,15.19,14.33,15.09,5207280.0,81667317.0,578882268.0,0.008995404226131867
2017-05-17,15.15,15.47,14.98,15.09,2452184.0,39338162.0,578882268.0,0.004236066875000566
2017-05-18,15.09,15.4,14.99,15.39,3078986.0,49774931.0,578882268.0,0.005318846629449704
2017-05-19,15.39,15.73,15.28,15.5,4055521.0,66653969.0,578882268.0,0.007005778591235066
2017-05-22,15.47,15.54,15.14,15.23,2759140.0,44839429.0,578882268.0,0.004766323227575525
2017-05-23,15.23,15.32,14.69,14.73,3961626.0,62583866.0,578882268.0,0.00684357807967958
2017-05-24,14.86,15.06,14.8,15.05,4411415.0,69737064.0,578882268.0,0.007620573722600188
2017-05-25,15.05,15.59,14.8,15.28,2372628.0,37916146.0,578882268.0,0.004098636512390115
2017-05-26,15.28,15.38,14.98,15.32,3778569.0,61050867.0,578882268.0,0.006527353157758151
2017-05-31,15.38,16.09,15.38,15.85,9946839.0,166708427.0,578882268.0,0.017182835871559294
2017-06-01,15.97,16.31,15.72,15.91,3328300.0,55525627.0,578882268.0,0.0057495283306898595
2017-06-02,15.91,15.98,15.46,15.73,4791509.0,79248038.0,578882268.0,0.008277173554744296
2017-06-05,15.79,15.93,15.75,15.82,1713230.0,28580913.0,578882268.0,0.0029595482444454493
2017-06-06,15.94,16.03,15.65,15.91,2024302.0,33919214.0,578882268.0,0.0034969148510867842
2017-06-07,15.92,16.6,15.81,16.41,5868679.0,100925597.0,578882268.0,0.010137949155492184
2017-06-08,16.56,16.68,16.22,16.31,3938581.0,68168211.0,578882268.0,0.0068037686032559564
2017-06-09,16.33,16.49,15.96,16.31,3758276.0,64054053.0,578882268.0,0.006492297670447906
2017-06-12,16.23,16.37,15.66,15.72,4018518.0,67469415.0,578882268.0,0.00694185713078363
2017-06-13,15.73,15.91,15.6,15.88,3890058.0,64741614.0,578882268.0,0.006719946723260143
2017-06-14,15.88,15.93,15.63,15.64,1665703.0,27642864.0,578882268.0,0.002877446921556077
2017-06-15,15.56,15.81,15.56,15.65,2009426.0,33205523.0,578882268.0,0.0034712170523765293
2017-06-16,15.65,15.78,15.49,15.5,1819444.0,29912521.0,578882268.0,0.0031430294216578075
2017-06-19,15.55,15.7,15.44,15.63,4366183.0,71579632.0,578882268.0,0.007542436936416923
2017-06-20,15.56,15.7,15.5,15.63,4591588.0,75642855.0,578882268.0,0.007931816629767626
2017-06-21,15.65,15.73,15.56,15.66,3034703.0,50063700.0,578882268.0,0.005242349209425084
2017-06-22,15.75,15.77,15.38,15.39,1857617.0,30560147.0,578882268.0,0.00320897201846922
2017-06-23,15.33,15.52,14.89,15.26,4361600.0,69742118.0,578882268.0,0.00753451995527353
2017-06-26,15.14,15.27,15.09,15.24,1579608.0,25296436.0,578882268.0,0.002728720652400429
2017-06-27,15.23,15.48,15.18,15.31,2935209.0,47455286.0,578882268.0,0.0050704766102802785
2017-06-28,15.27,15.45,15.01,15.18,4197843.0,67319443.0,578882268.0,0.007251635145956828
2017-06-29,15.13,15.27,14.99,15.05,1512014.0,24032434.0,578882268.0,0.002611954249737012
2017-06-30,15.05,15.15,14.95,15.12,1823960.0,28898241.0,579491856.0,0.003147516192186142
2017-07-03,15.12,15.29,14.89,15.08,1769541.0,28092496.0,579491856.0,0.0030536080562277995
2017-07-04,15.13,15.23,15.01,15.16,1325885.0,21129619.0,579491856.0,0.002288013172699359
2017-07-05,15.23,15.23,14.97,15.08,1796636.0,28518419.0,579491856.0,0.0031003645373059393
2017-07-06,15.09,15.09,14.89,14.94,1856104.0,29310986.0,579491856.0,0.003202985479057362
2017-07-07,14.94,14.94,14.66,14.75,2385647.0,37166096.0,579491856.0,0.004116791246156874
2017-07-10,14.75,15.61,14.75,15.33,7298046.0,116300318.0,579491856.0,0.01259387155218278
2017-07-11,15.37,15.88,15.32,15.45,6880189.0,113339337.0,579491856.0,0.011872796707603774
2017-07-12,15.45,15.6,15.07,15.27,3816495.0,61848776.0,579491856.0,0.0065859337978340805
2017-07-13,15.17,15.44,15.13,15.26,1808358.0,29047785.0,579491856.0,0.003120592604152145
2017-07-14,15.26,15.27,14.81,15.09,3336728.0,52832958.0,579491856.0,0.00575802397471484
2017-07-17,15.17,15.17,13.78,14.33,4674276.0,71914293.0,579491856.0,0.008066163400922756
2017-07-18,14.32,14.87,14.25,14.87,2779204.0,42401061.0,579491856.0,0.0047959328008226575
2017-07-19,14.72,15.1,14.6,14.94,3088224.0,48299475.0,579491856.0,0.00532919309913477
2017-07-20,14.85,15.46,14.85,15.46,6454562.0,103368116.0,579491856.0,0.01113831356415128
2017-07-21,15.51,15.53,15.23,15.46,2792829.0,45227146.0,579491856.0,0.004819444779220504
2017-07-24,15.44,15.49,15.27,15.31,1570063.0,25368523.0,579491856.0,0.002709378887285001
2017-07-25,15.31,15.32,15.11,15.17,1526920.0,24484396.0,579491856.0,0.002634929178366227
2017-07-26,15.1,15.36,15.04,15.21,1438106.0,23047485.0,579491856.0,0.002481667317857872
2017-07-27,15.51,15.51,14.73,14.78,5340439.0,84117524.0,579491856.0,0.00921572744242328
2017-07-28,14.8,15.04,14.78,14.91,2447293.0,38527618.0,579491856.0,0.004223170653152372
2017-07-31,14.91,15.16,14.35,14.92,8443793.0,131120458.0,579491856.0,0.014571029622890853
2017-08-01,14.91,14.91,14.72,14.75,2068830.0,32212784.0,579491856.0,0.003570076056426926
2017-08-02,15.18,15.99,15.13,15.36,17873670.0,291103057.0,579491856.0,0.03084369489396241
2017-08-03,15.32,15.32,14.89,14.97,5369067.0,85033730.0,579491856.0,0.009265129344630514
2017-08-04,14.89,15.08,14.37,14.52,5306782.0,82487206.0,579491856.0,0.00915764724741878
2017-08-07,14.42,14.66,14.37,14.52,2290730.0,35009721.0,579491856.0,0.0039529977449760745
2017-08-08,14.45,14.76,14.45,14.61,2493691.0,38411262.0,579491856.0,0.004303237352139768
2017-08-09,14.6,14.65,14.44,14.47,1561628.0,23875145.0,579491856.0,0.0026948230313007192
2017-08-10,14.64,14.8,14.49,14.7,2531899.0,38979519.0,579491856.0,0.004369170979341598
2017-08-11,14.58,14.67,14.4,14.41,2517316.0,38585164.0,579491856.0,0.004344005828444291
2017-08-14,14.34,14.7,13.41,13.74,18985930.0,278622575.0,579491856.0,0.03276306613013039
2017-08-15,13.74,13.99,13.43,13.9,6304701.0,91069744.0,579491856.0,0.010879705960872036
2017-08-16,13.89,13.98,13.42,13.52,9018880.0,129692917.0,579491856.0,0.01556342838405653
2017-08-17,13.49,13.69,13.49,13.59,4235747.0,60777305.0,579491856.0,0.007309415923871068
2017-08-18,13.59,13.96,13.59,13.87,5998190.0,87568629.0,579491856.0,0.01035077531788471
2017-08-21,14.01,14.12,13.8,13.98,3463449.0,51055396.0,579491856.0,0.005976700041838034
2017-08-22,14.07,14.07,13.8,13.86,2618969.0,38441003.0,579491856.0,0.004519423306615028
2017-08-23,13.85,14.02,13.81,13.98,2829662.0,41522558.0,579491856.0,0.004883005637960165
2017-08-24,13.98,14.04,13.86,13.9,1843081.0,27063231.0,579491856.0,0.0031805123418334976
2017-08-25,13.86,14.12,13.76,13.85,6731643.0,98907776.0,579491856.0,0.011616458333799259
2017-08-28,13.85,14.03,13.44,13.65,19416956.0,280023740.0,579491856.0,0.033506866056802705
2017-08-29,13.66,13.7,13.56,13.61,4101078.0,58836927.0,579491856.0,0.007077024392211648
2017-08-30,13.61,13.68,13.56,13.65,3410382.0,49006201.0,579491856.0,0.005885124984396675
2017-08-31,13.66,13.71,13.2,13.41,10902526.0,153776719.0,579491856.0,0.018813941709648462
2017-09-01,13.42,13.61,13.12,13.43,10637919.0,150189815.0,579491856.0,0.01835732269548927
2017-09-04,13.4,13.67,13.3,13.63,5668984.0,80671453.0,579491856.0,0.009782681052898179
2017-09-05,13.64,13.74,13.5,13.67,4377959.0,62934470.0,579491856.0,0.007554824031901494
2017-09-06,13.65,13.68,13.52,13.61,3515299.0,50341687.0,579491856.0,0.006066174983484151
2017-09-07,13.61,13.94,13.55,13.82,7682790.0,111721475.0,579491856.0,0.013257804955243408
2017-09-08,13.81,14.33,13.76,14.24,14704995.0,219865219.0,579491856.0,0.02537567154351864
2017-09-11,14.24,14.45,14.06,14.35,10207065.0,153103891.0,579491856.0,0.017613819580580958
2017-09-12,14.35,14.47,14.1,14.25,7798724.0,117482336.0,579491856.0,0.013457866438074671
2017-09-13,14.25,14.57,14.2,14.52,8001856.0,121364577.0,579491856.0,0.013808401131352569
2017-09-14,14.47,15.07,14.47,14.89,14525656.0,227497867.0,579491856.0,0.025066195235710093
2017-09-15,14.84,15.99,14.82,15.46,16293565.0,265446464.0,579491856.0,0.028116987031479523
2017-09-18,15.65,15.69,15.31,15.55,10388713.0,169211940.0,579491856.0,0.01792728041375615
2017-09-19,15.46,16.07,15.37,15.74,8802644.0,144804387.0,579491856.0,0.015190280775921725
2017-09-20,15.7,15.79,15.44,15.59,7294706.0,119610462.0,579491856.0,0.01258810788188195
2017-09-21,15.55,15.61,15.37,15.46,4518173.0,73760543.0,579491856.0,0.007796784291650166
2017-09-22,15.42,15.69,15.35,15.41,4989987.0,81376135.0,579491856.0,0.008610970021984226
2017-09-25,15.44,15.65,15.37,15.42,4609013.0,75256511.0,579491856.0,0.007953542318634415
2017-09-26,15.46,15.8,15.42,15.63,5166865.0,85121104.0,579491856.0,0.008916199505657937
2017-09-27,15.63,15.92,15.52,15.86,7725580.0,128261161.0,579491856.0,0.013331645509786078
2017-09-28,15.8,16.1,15.37,15.76,8063952.0,134661647.0,579491856.0,0.013915557080753866
2017-09-29,15.76,16.04,15.64,16.03,8862128.0,148112851.0,579491856.0,0.015292929328069797
2017-10-09,16.26,16.83,16.06,16.53,15388247.0,268224604.0,579491856.0,0.02655472521429188
2017-10-10,16.79,16.92,16.57,16.78,10561337.0,186996360.0,579491856.0,0.018225168983220363
2017-10-11,16.84,17.46,16.79,17.42,14590483.0,264423356.0,579491856.0,0.025178063934689705
2017-10-12,17.53,17.99,17.53,17.8,18015324.0,336934613.0,579491856.0,0.031088140089409643
2017-10-13,17.67,17.82,17.29,17.39,11540208.0,212356819.0,579491856.0,0.019914357519460982
2017-10-16,17.43,17.53,17.1,17.22,6145504.0,111935011.0,579491856.0,0.010604987691147122
2017-10-17,17.23,17.65,17.18,17.61,7756408.0,142484577.0,579491856.0,0.01338484384153278
2017-10-18,17.46,17.87,17.2,17.42,6391121.0,118338336.0,579491856.0,0.011028836615781534
2017-10-19,17.17,17.31,16.42,16.65,14307498.0,252344431.0,579491856.0,0.024689730928677624
2017-10-20,16.68,16.92,16.61,16.79,3860067.0,68148528.0,579491856.0,0.0066611238105130505
2017-10-23,17.08,17.12,16.7,16.98,4977495.0,89095948.0,579491856.0,0.008589413204799206
2017-10-24,17.05,17.12,16.74,16.85,5711008.0,102059782.0,579491856.0,0.009855199759701196
2017-10-25,16.98,17.36,16.86,17.17,4828748.0,86877810.0,579491856.0,0.008332727975386768
2017-10-26,17.19,17.22,16.94,17.0,3434036.0,61641720.0,579491856.0,0.0059259435045451265
2017-10-27,17.0,17.08,16.91,17.02,2935497.0,52572125.0,579491856.0,0.005065639783555474
2017-10-30,17.02,17.27,16.7,17.14,5029532.0,90353410.0,579491856.0,0.008679210842956179
2017-10-31,17.11,17.28,16.96,17.08,5007665.0,90120833.0,579491856.0,0.008641476058983648
2017-11-01,17.0,17.17,16.7,17.07,4439444.0,79675445.0,579491856.0,0.0076609256092806935
2017-11-02,16.98,17.15,16.85,17.04,3513836.0,63179216.0,579491856.0,0.006063650357840404
2017-11-03,16.97,17.7,16.97,17.49,7988451.0,147268916.0,579491856.0,0.013785268795908669
2017-11-06,17.55,17.68,17.43,17.66,8677885.0,160658507.0,579491856.0,0.01497499043368782
2017-11-07,17.69,17.84,17.4,17.46,7308013.0,135307372.0,579491856.0,0.012611071103646364
2017-11-08,17.36,17.41,16.92,17.02,8102048.0,145985989.0,579491856.0,0.013981297435179141
2017-11-09,17.02,17.17,16.9,17.08,3498498.0,62889874.0,579491856.0,0.006037182341351144
2017-11-10,16.82,17.25,16.82,17.13,4634094.0,83199021.0,579491856.0,0.007996823341034149
2017-11-13,17.11,17.4,16.91,16.98,6860672.0,123637884.0,579491856.0,0.011839117200639314
2017-11-14,16.98,16.98,16.32,16.53,8177847.0,143567054.0,579491856.0,0.014112099963661957
2017-11-15,16.49,16.49,15.55,15.94,10727886.0,180974453.0,579491856.0,0.018512574230206264
2017-11-16,15.82,16.11,15.8,15.98,5838086.0,98399221.0,579491856.0,0.010074491883799658
2017-11-17,15.98,16.13,15.85,15.98,5396194.0,90975363.0,579491856.0,0.009311941046501954
2017-11-20,15.94,15.95,15.51,15.62,4040692.0,66844679.0,579491856.0,0.006972819303952393
2017-11-21,15.61,15.73,15.32,15.7,5254531.0,86126063.0,579491856.0,0.009067480320206605
2017-11-22,15.75,16.61,15.52,16.14,10949079.0,185594135.0,579491856.0,0.018894275884353412
2017-11-23,16.16,16.44,15.37,15.37,5088059.0,84186727.0,579491856.0,0.008780207948254582
2017-11-24,15.39,15.42,14.53,15.07,7121884.0,112052167.0,579491856.0,0.012289877633759189
2017-11-27,14.94,15.07,14.52,14.72,2659016.0,41610494.0,579491856.0,0.0045885304037818955
2017-11-28,14.75,14.99,14.69,14.94,2269353.0,35489280.0,579491856.0,0.0039161085294009725
2017-11-29,14.94,15.05,14.61,15.0,2233471.0,34888411.0,579491856.0,0.003854188763612236
2017-11-30,14.97,15.65,14.89,15.39,5056512.0,81914678.0,579491856.0,0.008725768874308391
2017-12-01,15.4,15.69,15.2,15.63,1738401.0,28378724.0,579491856.0,0.0029998713217464093
2017-12-04,15.63,15.63,15.14,15.18,1574935.0,25553699.0,579491856.0,0.0027177862530651338
2017-12-05,15.21,15.4,14.86,15.1,2271894.0,36476606.0,579491856.0,0.003920493405519059
2017-12-06,14.96,15.23,14.62,14.95,1828856.0,28666049.0,579491856.0,0.0031559649735612505
2017-12-07,15.16,15.16,14.87,14.98,856515.0,13501335.0,579491856.0,0.0014780449304536904
2017-12-08,15.14,15.4,14.83,15.34,1636431.0,26302146.0,579491856.0,0.0028239068125920307
2017-12-11,15.31,15.52,15.22,15.46,1293999.0,21048058.0,579491856.0,0.0022329891034741306
2017-12-12,15.44,15.52,14.94,14.94,1345060.0,21583574.0,579491856.0,0.0023211025074354108
2017-12-13,14.96,15.15,14.81,15.13,1634232.0,25871444.0,579491856.0,0.0028201121087023523
2017-12-14,15.18,15.23,15.05,15.11,1612880.0,25704310.0,579491856.0,0.0027832660343720173
2017-12-15,15.21,15.94,15.11,15.76,4732304.0,77602250.0,579491856.0,0.008166299406975618
2017-12-18,15.75,15.87,15.46,15.56,2716414.0,44695500.0,579491856.0,0.004687579250466636
2017-12-19,15.55,15.82,15.49,15.63,1314266.0,21708825.0,579491856.0,0.0022679628477815916
2017-12-20,15.54,15.78,15.44,15.46,2072542.0,34132304.0,579491856.0,0.0035764816684498843
2017-12-21,15.6,15.61,15.37,15.54,1684824.0,27519198.0,579491856.0,0.0029074161829118097
2017-12-22,15.47,15.56,15.2,15.27,1575044.0,25494060.0,579491856.0,0.0027179743488923163
2017-12-25,15.3,15.53,15.09,15.11,1473017.0,23655210.0,579491856.0,0.0025419114776998697
2017-12-26,15.1,15.28,15.08,15.08,1546000.0,24701526.0,579491856.0,0.0026678545763721656
2017-12-27,15.09,15.24,15.08,15.22,1666954.0,26645223.0,579491856.0,0.002876578821152579
2017-12-28,15.13,15.23,14.97,15.01,2719040.0,43160909.0,579491856.0,0.0046921108068169294
2017-12-29,14.9,15.07,14.85,15.04,1156700.0,18260830.0,579491856.0,0.001996059112865255
2018-01-02,15.18,15.67,15.11,15.5,3116801.0,50760573.0,579365856.0,0.005379676706388442
2018-01-03,15.43,15.65,15.32,15.5,2499441.0,40798196.0,579365856.0,0.004314097860816983
2018-01-04,15.5,15.61,15.35,15.51,1693805.0,27615504.0,579365856.0,0.0029235499166177996
2018-01-05,15.47,15.65,15.18,15.51,2339000.0,38112666.0,579365856.0,0.004037172670389468
2018-01-08,15.53,15.81,15.35,15.55,3203988.0,52805764.0,579365856.0,0.005530163655346649
2018-01-09,15.56,15.64,15.4,15.42,2501104.0,40858210.0,579365856.0,0.0043169682405309025
2018-01-10,15.49,15.49,15.17,15.22,2266438.0,36454014.0,579365856.0,0.003911928838277967
2018-01-11,15.22,15.32,15.11,15.13,1943608.0,31125140.0,579365856.0,0.0033547161605602107
2018-01-12,15.23,15.25,14.9,14.93,1848220.0,29322036.0,579365856.0,0.0031900740798919292
2018-01-15,14.98,15.04,13.57,14.29,5915396.0,89277069.0,579365856.0,0.010210121875045395
2018-01-16,14.28,14.29,13.79,13.97,3744383.0,55293012.0,579365856.0,0.0064628989803638
2018-01-17,13.96,14.3,13.61,13.98,6138653.0,90224504.0,579365856.0,0.010595469057120274
2018-01-18,14.04,14.24,13.83,13.94,2174820.0,32044933.0,579365856.0,0.0037537938721746143
2018-01-19,14.0,14.0,13.72,13.76,2327125.0,33916425.0,579365856.0,0.004016676122522485
2018-01-22,13.76,13.94,13.58,13.82,2513696.0,36552412.0,579365856.0,0.004338702348382781
2018-01-23,13.89,14.59,13.85,14.18,3988425.0,59839202.0,579365856.0,0.006884121593799963
2018-01-24,14.04,14.18,13.95,14.16,1848533.0,27449357.0,579365856.0,0.0031906143257430758
2018-01-25,14.13,14.51,14.03,14.27,4952104.0,74813352.0,579365856.0,0.008547455720276343
2018-01-26,14.18,14.37,14.14,14.22,3068234.0,46057925.0,579365856.0,0.005295848846156374
2018-01-29,14.15,14.37,13.8,13.84,3066395.0,45314686.0,579365856.0,0.005292674686027753
2018-01-30,13.76,14.33,13.76,14.13,3794290.0,56361255.0,579365856.0,0.006549039714207804
2018-01-31,14.13,14.25,14.07,14.12,3483806.0,52008797.0,579365856.0,0.006013136542171377
2018-02-01,14.12,14.27,13.82,14.11,3564305.0,52778179.0,579365856.0,0.006152079835370899
2018-02-02,14.02,14.14,13.57,14.09,7081364.0,103608864.0,579365856.0,0.012222611889645081
2018-02-05,14.04,14.69,13.87,14.47,3598267.0,54423516.0,579365856.0,0.006210699099257931
2018-02-06,14.42,14.78,14.05,14.16,4318781.0,65575768.0,579365856.0,0.007454324336296407
2018-02-07,14.28,14.55,13.99,14.33,5104844.0,76656704.0,579365856.0,0.00881108879153555
2018-02-08,14.39,14.7,14.33,14.61,2749349.0,42146580.0,579365856.0,0.0047454453373931655
2018-02-09,14.5,14.7,14.09,14.7,6755903.0,103264939.0,579365856.0,0.011660858039932543
2018-02-12,14.71,15.27,14.71,14.93,4807756.0,76249675.0,579365856.0,0.008298307451518164
2018-02-13,14.86,15.44,14.86,15.42,4702667.0,75099097.0,579365856.0,0.008116921201514506
2018-02-14,15.53,15.54,15.27,15.37,1801404.0,29180749.0,579365856.0,0.0031092684895811327
2018-02-22,15.4,15.46,15.06,15.22,4356263.0,69751004.0,579365856.0,0.0075190192084774845
2018-02-23,15.3,15.3,15.04,15.09,2327740.0,37078276.0,579365856.0,0.004017737627948858
2018-02-26,15.05,15.18,14.7,15.11,7359866.0,115727531.0,579365856.0,0.012703313327459878
2018-02-27,15.01,15.89,14.97,15.89,7598293.0,123151822.0,579365856.0,0.01311484431005199
2018-02-28,15.8,16.11,15.65,15.8,5450495.0,91164971.0,579365856.0,0.00940769108768467
2018-03-01,15.78,15.99,15.72,15.95,4951233.0,82721987.0,579365856.0,0.008545952352428584
2018-03-02,16.02,16.44,15.9,16.37,7922894.0,135831559.0,579365856.0,0.013675113778192687
2018-03-05,16.5,16.93,16.37,16.47,6567997.0,114877021.0,579365856.0,0.011336527570585727
2018-03-06,16.39,16.51,16.08,16.19,3679121.0,62889436.0,579365856.0,0.006350255131362108
2018-03-07,16.11,16.57,16.11,16.27,2654193.0,45795002.0,579365856.0,0.004581203694544264
2018-03-08,16.25,16.39,16.13,16.18,2243229.0,38397978.0,579365856.0,0.0038718695221141926
2018-03-09,16.29,16.8,16.2,16.41,5999775.0,104458108.0,579365856.0,0.010355762145569034
2018-03-12,16.63,16.7,16.18,16.3,4858418.0,83517223.0,579365856.0,0.008385751334300239
2018-03-13,16.31,16.51,15.68,15.78,8003138.0,134002681.0,579365856.0,0.013813616934995906
2018-03-14,15.79,16.0,15.62,15.88,4102708.0,68436494.0,579365856.0,0.007081376918421647
2018-03-15,15.79,15.84,15.08,15.37,8134010.0,131420788.0,579365856.0,0.014039505289728362
2018-03-16,15.37,15.69,15.37,15.53,4554774.0,74696997.0,579365856.0,0.007861654173835194
2018-03-19,15.5,15.63,15.27,15.37,3799156.0,61882034.0,579365856.0,0.006557438552264288
2018-03-20,15.27,15.76,15.22,15.76,3963054.0,65042677.0,579365856.0,0.0068403306114055845
2018-03-21,15.79,15.97,15.32,15.39,4618346.0,76368067.0,579365856.0,0.00797138104044571
2018-03-22,15.38,15.61,15.27,15.5,2462921.0,40059248.0,579365856.0,0.0042510634247662675
2018-03-23,15.24,15.53,14.8,15.05,4405393.0,70276390.0,579365856.0,0.0076038188208315816
2018-03-26,14.43,15.32,14.43,15.29,3073796.0,48604382.0,579365856.0,0.005305448997670999
2018-03-27,15.4,15.65,15.38,15.38,2731613.0,44565683.0,579365856.0,0.00471483255651158
2018-03-28,15.6,15.6,15.18,15.21,2169607.0,34953983.0,579365856.0,0.003744796103414144
2018-03-29,15.21,15.44,15.21,15.41,1563163.0,25304724.0,579365856.0,0.0026980585476545586
2018-03-30,15.5,15.56,15.33,15.42,2010269.0,32652062.0,579365856.0,0.003469774718653769
2018-04-02,15.44,15.9,15.36,15.84,4004053.0,66139131.0,579365856.0,0.006911095913805456
2018-04-03,15.73,15.81,15.47,15.71,2330407.0,38359142.0,579365856.0,0.004022340936846648
2018-04-04,15.65,16.07,15.65,15.81,4209446.0,70551870.0,579365856.0,0.007265609383788057
2018-04-09,15.68,15.93,15.61,15.88,6718241.0,111591804.0,579365856.0,0.01159585248323643
2018-04-10,16.01,16.01,15.61,15.81,3083801.0,51120931.0,579365856.0,0.005322717878631771
2018-04-11,15.87,15.89,15.74,15.81,2030026.0,33827565.0,579365856.0,0.0035038757962291794
2018-04-12,15.73,16.07,15.68,15.75,2277437.0,38022603.0,579365856.0,0.003930913388171774
2018-04-13,15.75,15.94,15.75,15.78,1967062.0,32810393.0,579365856.0,0.003395198352869452
2018-04-16,15.9,15.9,15.72,15.75,1764836.0,29334395.0,579365856.0,0.0030461512043264073
2018-04-17,15.72,15.86,15.35,15.37,2565924.0,42243286.0,579365856.0,0.004428849186445672
2018-04-18,15.38,16.11,15.38,16.06,5814717.0,97025168.0,579365856.0,0.010036347395660127
2018-04-19,16.13,16.39,16.0,16.18,4784902.0,81869702.0,579365856.0,0.008258860874259045
2018-04-20,16.13,16.3,16.04,16.15,3139644.0,53532478.0,579365856.0,0.005419104297371642
2018-04-23,16.21,16.59,15.94,16.14,10279370.0,176206075.0,579365856.0,0.01774245046294202
2018-04-24,16.05,16.49,16.02,16.42,5213261.0,89714835.0,579365856.0,0.008998219253017217
2018-04-25,16.3,16.67,16.24,16.42,6951813.0,120854007.0,579365856.0,0.011999003614047977
2018-04-26,16.46,16.84,16.33,16.73,7268268.0,127725406.0,579365856.0,0.012545212881858194
2018-04-27,16.63,17.07,16.63,17.04,6221795.0,110968617.0,579365856.0,0.010738974234615579
2018-05-02,17.08,17.23,16.84,17.03,6578955.0,117924997.0,579365856.0,0.011355441353451108
2018-05-03,17.04,17.23,16.61,16.83,6397595.0,113151633.0,579365856.0,0.011042409444301115
2018-05-04,16.61,16.88,16.61,16.85,2339007.0,41441659.0,579365856.0,0.004037184752565053
2018-05-07,16.83,18.26,16.79,17.84,14284094.0,265593350.0,579365856.0,0.024654704539578527
2018-05-08,17.93,18.61,17.85,18.44,12110412.0,233348422.0,579365856.0,0.02090287488394898
2018-05-09,18.4,18.55,18.19,18.3,8595949.0,166012836.0,579365856.0,0.014836823590791654
2018-05-10,18.26,18.6,18.21,18.36,5762513.0,111735084.0,579365856.0,0.00994624198219924
2018-05-11,18.41,18.61,18.12,18.12,5615577.0,108745998.0,579365856.0,0.009692626760524873
2018-05-14,18.18,18.4,17.66,17.91,8805614.0,167001736.0,579365856.0,0.015198710639931117
2018-05-15,18.11,18.86,18.02,18.59,10181693.0,198006902.0,579365856.0,0.017573857510857525
2018-05-16,18.59,18.79,18.18,18.22,7419857.0,144804359.0,579365856.0,0.012806859298246254
2018-05-17,18.33,18.96,18.26,18.93,6593105.0,129596727.0,579365856.0,0.011379864608383135
2018-05-18,18.81,18.96,18.36,18.43,6480488.0,126841762.0,579365856.0,0.011185484841550622
2018-05-21,18.43,18.6,18.17,18.45,4709593.0,91147096.0,579365856.0,0.008128875651243072
2018-05-22,18.38,18.45,17.87,18.1,5265427.0,100697119.0,579365856.0,0.009088259077524927
2018-05-23,18.28,18.28,17.82,17.84,4788178.0,90502116.0,579365856.0,0.008264515332432706
2018-05-24,17.88,18.15,17.52,17.85,3977263.0,74543786.0,579365856.0,0.00686485570181754
2018-05-25,17.77,17.98,17.64,17.84,3555651.0,66230681.0,579365856.0,0.006137142814297983
2018-05-28,17.96,17.96,17.37,17.51,5031096.0,92608021.0,579365856.0,0.008683797893674976
2018-05-29,17.5,17.78,17.47,17.53,4948974.0,91455346.0,579365856.0,0.008542053261764876
2018-05-30,17.45,17.59,16.6,16.77,7682179.0,137982524.0,579365856.0,0.013259633650209445
2018-05-31,16.75,17.72,16.75,17.59,9096825.0,164887053.0,579365856.0,0.015701348130532568
2018-06-01,17.79,17.79,17.18,17.32,5055480.0,92169641.0,579365856.0,0.008725885289311905
2018-06-04,17.37,17.55,16.93,17.1,2773320.0,49769495.0,579365856.0,0.004786819884670594
2018-06-05,17.16,17.38,16.85,17.36,2718491.0,48881552.0,579365856.0,0.004692183655365428
2018-06-06,17.36,17.47,16.94,17.05,4042634.0,72414799.0,579365856.0,0.006977687687553338
2018-06-07,17.12,17.12,16.69,16.69,3764360.0,66586387.0,579365856.0,0.006497379783457588
2018-06-08,16.58,16.91,16.5,16.74,2851562.0,50073586.0,579365856.0,0.004921867539256577
2018-06-11,16.74,16.94,16.31,16.54,4835492.0,84050809.0,579365856.0,0.008346180483235105
2018-06-12,16.58,16.74,16.45,16.73,2134590.0,37170894.0,579365856.0,0.0036843558830639824
2018-06-13,16.74,16.74,16.5,16.59,1966717.0,34210052.0,579365856.0,0.003394602874215632
2018-06-14,16.58,16.69,16.41,16.43,2592210.0,44864945.0,579365856.0,0.004474219481791485
2018-06-15,16.54,16.58,15.67,16.1,4561123.0,76501497.0,579365856.0,0.00787261270709056
2018-06-19,15.56,15.94,14.49,14.69,8277485.0,129799367.0,579365856.0,0.014287146738588613
2018-06-20,14.67,14.96,14.26,14.84,3395921.0,52706029.0,579365856.0,0.0058614448277048625
2018-06-21,14.78,15.86,14.71,15.64,7650410.0,122518936.0,579365856.0,0.013204799559330608
2018-06-22,15.41,16.1,15.37,15.82,4951289.0,81929175.0,579365856.0,0.008546049009833261
2018-06-25,16.12,16.12,15.25,15.34,3974018.0,65448092.0,579365856.0,0.0068592547504214675
2018-06-26,15.26,15.58,14.93,15.25,3217524.0,51541296.0,579365856.0,0.005553527130877384
2018-06-27,15.26,15.45,14.69,15.23,2624526.0,41384045.0,579365856.0,0.004529997708391017
2018-06-28,15.21,15.4,13.7,14.8,13715035.0,203761733.0,579365856.0,0.023672494431566916
2018-06-29,14.51,16.21,14.51,16.01,11115250.0,179607288.0,579365856.0,0.019185200309767652
2018-07-02,15.97,15.97,15.21,15.49,8362424.0,136304974.0,580197387.0,0.01441306732393126
2018-07-03,15.27,15.89,14.94,15.66,5776656.0,93807676.0,580197387.0,0.009956363350529877
2018-07-04,15.58,15.79,15.29,15.45,2677853.0,43446193.0,580197387.0,0.004615417201111938
2018-07-05,15.27,15.58,15.05,15.14,7721008.0,123679158.0,580197387.0,0.013307553899755842
2018-07-06,14.79,15.5,14.79,15.19,4855131.0,77517688.0,580197387.0,0.008368067676251013
2018-07-09,15.07,15.44,15.04,15.41,3210646.0,51613969.0,580197387.0,0.005533713305054922
2018-07-10,15.4,15.45,15.07,15.35,1922695.0,30682375.0,580197387.0,0.003313863597251947
2018-07-11,15.26,15.35,14.49,15.29,2134198.0,33666464.0,580197387.0,0.0036783998822111207
2018-07-12,15.38,15.71,15.26,15.56,4342616.0,70601528.0,580197387.0,0.007484721746945751
2018-07-13,15.56,15.72,15.26,15.59,3021906.0,49325533.0,580197387.0,0.005208410219882635
2018-07-16,15.59,15.64,15.26,15.46,1252603.0,20300379.0,580197387.0,0.0021589256140514125
2018-07-17,15.59,15.68,15.12,15.25,2244831.0,36030372.0,580197387.0,0.003869081540692978
2018-07-18,15.26,15.5,15.17,15.27,3148300.0,50645743.0,580197387.0,0.0054262567714735335
2018-07-19,15.42,15.74,15.29,15.42,3236081.0,52450625.0,580197387.0,0.005577551834096764
2018-07-20,15.36,15.49,15.22,15.44,2565461.0,41399941.0,580197387.0,0.0044217038157739925
2018-07-23,15.6,15.67,15.31,15.64,2729708.0,44445728.0,580197387.0,0.004704791957292976
2018-07-24,15.66,15.83,15.5,15.74,2781365.0,45792178.0,580197387.0,0.004793825450303174
2018-07-25,15.69,15.74,15.52,15.69,1795784.0,29472484.0,580197387.0,0.0030951259696038584
2018-07-26,15.71,15.8,15.6,15.69,2682609.0,44207251.0,580197387.0,0.0046236144114175405
2018-07-27,15.64,15.73,15.46,15.52,1599177.0,26145265.0,580197387.0,0.002756263705820516
2018-07-30,15.48,15.55,15.19,15.27,3485684.0,56106828.0,580197387.0,0.006007755426171887
2018-07-31,15.38,15.38,15.09,15.19,3007378.0,47937878.0,580197387.0,0.00518337046561018
2018-08-01,15.24,15.31,14.94,15.0,4852428.0,76992311.0,580197387.0,0.008363408916903653
2018-08-02,15.1,15.1,14.23,14.54,4817823.0,73260080.0,580197387.0,0.00830376542181842
2018-08-03,14.43,15.14,13.95,14.16,3531574.0,53336818.0,580197387.0,0.006086849198443564
2018-08-06,14.16,14.37,13.64,13.71,2887708.0,42283689.0,580197387.0,0.004977113073416858
2018-08-07,13.83,14.25,13.69,14.15,2686962.0,39398413.0,580197387.0,0.00463111703052189
2018-08-08,14.11,14.11,13.83,13.88,1818663.0,26566843.0,580197387.0,0.003134559101349417
2018-08-09,13.83,14.47,13.78,14.23,4856471.0,72453304.0,580197387.0,0.008370377235083963
2018-08-10,14.27,14.4,14.15,14.35,1511124.0,22623288.0,580197387.0,0.0026044998372252233
2018-08-13,14.21,14.49,13.91,14.43,1760834.0,26330697.0,580197387.0,0.0030348878492967085
2018-08-14,14.31,14.47,14.13,14.23,1330317.0,19921510.0,580197387.0,0.0022928696850542693
2018-08-15,14.12,14.47,14.02,14.06,1527165.0,22654895.0,580197387.0,0.002632147324717269
2018-08-16,14.14,14.14,13.83,14.01,1286980.0,18870858.0,580197387.0,0.0022181761394247713
2018-08-17,14.12,14.15,13.86,14.02,1998860.0,29313207.0,580197387.0,0.003445137887185969
2018-08-20,13.99,14.49,13.89,14.19,2116147.0,31547229.0,580197387.0,0.0036472880564696513
2018-08-21,14.28,14.28,13.91,14.07,2212003.0,32549119.0,580197387.0,0.003812500796388454
2018-08-22,14.07,14.11,13.88,14.01,1787629.0,26138269.0,580197387.0,0.0030810704081988566
2018-08-23,14.01,14.15,13.91,14.06,1568535.0,23118236.0,580197387.0,0.0027034506448061616
2018-08-24,14.12,14.31,13.97,14.16,2620374.0,39003723.0,580197387.0,0.004516349192037985
2018-08-27,14.12,14.38,14.02,14.31,2774149.0,41350956.0,580197387.0,0.004781388303632605
2018-08-28,14.29,14.4,14.21,14.36,2627700.0,39493732.0,580197387.0,0.00452897592935902
2018-08-29,14.31,14.35,14.09,14.16,2301064.0,34223245.0,580197387.0,0.003966002004762562
2018-08-30,14.15,14.24,13.83,14.02,2561052.0,37633374.0,580197387.0,0.0044141046777930425
2018-08-31,13.97,14.1,13.59,13.91,2372500.0,34433965.0,580197387.0,0.004089125620277914
2018-09-03,13.73,13.92,13.65,13.83,1187730.0,17129938.0,580197387.0,0.0020471136661634084
2018-09-04,13.83,13.99,13.81,13.85,1264602.0,18399370.0,580197387.0,0.0021796065069145166
2018-09-05,15.23,15.23,15.23,15.23,1760926.0,28121988.0,580197387.0,0.003035046416022553
2018-09-06,16.76,16.76,15.75,16.46,75415773.0,1316592570.0,580197387.0,0.1299829587133249
2018-09-07,16.5,16.97,16.28,16.31,39258201.0,682349042.0,580197387.0,0.0676635260337703
2018-09-10,16.21,16.53,15.58,15.58,22682841.0,381495458.0,580197387.0,0.039095041632788326
2018-09-11,15.65,15.83,15.09,15.33,16036510.0,258708371.0,580197387.0,0.02763974874640378
2018-09-12,15.33,15.41,14.42,14.59,17629037.0,275878148.0,580197387.0,0.030384550835627945
2018-09-13,14.75,14.78,13.13,13.13,44566407.0,634093154.0,580197387.0,0.07681249174602021
2018-09-14,12.93,13.06,11.82,12.27,29568313.0,384192696.0,580197387.0,0.05096250631683731
2018-09-17,12.01,12.17,11.8,11.97,10773647.0,135066437.0,580197387.0,0.018568934023827307
2018-09-18,11.92,12.12,11.14,11.78,21108964.0,256702586.0,580197387.0,0.03638238377657499
2018-09-19,11.72,12.4,11.61,12.02,18712912.0,234480576.0,580197387.0,0.032252665074480935
2018-09-20,11.84,12.03,11.73,11.76,9909034.0,123141263.0,580197387.0,0.017078729104996814
2018-09-21,11.79,11.94,11.64,11.91,7071953.0,87557172.0,580197387.0,0.012188874266681245
2018-09-25,11.77,12.26,11.76,11.85,7535695.0,94449356.0,580197387.0,0.012988157425121254
2018-09-26,11.83,12.12,11.78,11.95,10575980.0,132617449.0,580197387.0,0.018228244795594022
2018-09-27,11.83,12.0,11.27,11.32,13553890.0,164229200.0,580197387.0,0.02336082564949573
2018-09-28,11.33,11.69,11.3,11.58,7181714.0,86593247.0,580197387.0,0.012378052988370318
2018-10-08,11.33,11.52,11.14,11.25,6226652.0,73805359.0,580197387.0,0.010731954571867108
2018-10-09,11.23,11.65,11.19,11.61,7401347.0,88735146.0,580197387.0,0.012756601745950297
2018-10-10,11.91,11.91,11.35,11.47,7584310.0,92073797.0,580197387.0,0.013071947874870385
2018-10-11,10.93,11.14,10.33,10.33,7192136.0,80751708.0,580197387.0,0.012396015840726287
2018-10-12,10.2,10.27,9.3,9.82,20748273.0,211097413.0,580197387.0,0.03576071431014562
2018-10-15,9.84,10.03,9.59,9.76,7686331.0,78997123.0,580197387.0,0.013247786308972121
2018-10-16,9.8,9.89,9.47,9.67,5227068.0,53051576.0,580197387.0,0.009009120201363472
2018-10-17,9.78,9.85,9.35,9.8,9157311.0,92115178.0,580197387.0,0.015783095900085465
2018-10-18,9.78,9.78,9.37,9.44,7334013.0,72954226.0,580197387.0,0.012640548138145958
2018-10-19,9.4,9.56,9.24,9.54,7561182.0,74644303.0,580197387.0,0.013032085578834226
2018-10-22,9.7,10.32,9.68,10.01,13054464.0,136481451.0,580197387.0,0.02250003928404455
2018-10-23,10.04,10.14,9.83,9.96,8164075.0,84940482.0,580197387.0,0.014071202633665084
2018-10-24,9.89,10.01,9.82,9.86,5230070.0,54327635.0,580197387.0,0.009014294302569826
2018-10-25,9.54,10.01,9.53,9.97,6818361.0,70023269.0,580197387.0,0.01175179542819968
2018-10-26,10.23,10.23,9.85,9.86,6314049.0,66127198.0,580197387.0,0.010882587790765076
2018-10-29,9.9,10.09,9.63,9.82,5035256.0,52343874.0,580197387.0,0.008678522366389078
2018-10-30,9.75,10.04,9.59,9.8,6046067.0,62252941.0,580197387.0,0.010420707048099822
2018-10-31,9.97,10.35,9.83,10.27,10282973.0,108996809.0,580197387.0,0.017723232179947753
2018-11-01,10.27,10.49,10.06,10.13,9790580.0,105532464.0,580197387.0,0.016874567551266824
2018-11-02,10.27,10.56,10.2,10.53,11341150.0,123232685.0,580197387.0,0.019547054595749153
2018-11-05,10.45,10.82,10.31,10.48,11883579.0,131342076.0,580197387.0,0.02048195884067296
2018-11-06,10.48,11.02,10.33,10.93,12080077.0,135624698.0,580197387.0,0.0208206332373572
2018-11-07,10.87,10.98,10.71,10.73,7492688.0,84966162.0,580197387.0,0.012914032651443155
2018-11-08,10.8,10.84,10.67,10.68,4478032.0,50440901.0,580197387.0,0.007718118178977597
2018-11-09,10.76,10.82,10.61,10.75,4412981.0,49583500.0,580197387.0,0.007605999438946112
2018-11-12,9.67,10.2,9.67,10.03,27194605.0,283494152.0,580197387.0,0.046871298646507006
2018-11-13,9.78,10.16,9.78,10.13,15744700.0,165724596.0,580197387.0,0.027136799221744858
2018-11-14,10.13,10.4,9.99,10.09,17937821.0,192103139.0,580197387.0,0.03091675592120514
2018-11-15,10.18,11.1,10.01,11.1,28313586.0,318711314.0,580197387.0,0.048799919879680534
2018-11-16,11.16,11.31,10.87,10.98,22221658.0,258099773.0,580197387.0,0.0383001690422987
2018-11-19,11.12,11.14,10.76,10.97,10752460.0,122888137.0,580197387.0,0.01853241714099619
2018-11-20,10.92,10.92,10.3,10.4,16227859.0,180431427.0,580197387.0,0.02796954857709485
2018-11-21,10.26,10.68,10.26,10.48,10471520.0,114717066.0,580197387.0,0.018048202619706043
2018-11-22,10.55,10.6,10.32,10.41,7633953.0,83273989.0,580197387.0,0.013157510135425687
2018-11-23,10.58,10.86,10.31,10.81,25025988.0,279665863.0,580197387.0,0.04313357584976507
2018-11-26,10.68,10.84,10.42,10.5,16811945.0,187660848.0,580197387.0,0.028976250801350127
2018-11-27,10.53,10.66,10.1,10.28,14982051.0,162741959.0,580197387.0,0.025822334494588133
2018-11-28,10.27,10.27,9.85,10.16,9776520.0,103134628.0,580197387.0,0.016850334419034534
2018-11-29,10.2,10.38,9.88,9.89,9166853.0,97519803.0,580197387.0,0.015799542027237705
2018-11-30,9.93,9.98,9.3,9.76,12966061.0,130473631.0,580197387.0,0.022347672172470506
2018-12-03,9.94,10.35,9.77,10.18,13004468.0,138052899.0,580197387.0,0.02241386860985639
2018-12-04,10.19,10.28,10.01,10.19,10165819.0,108410578.0,580197387.0,0.017521311242996
2018-12-05,10.01,10.53,9.94,10.25,11668942.0,125735046.0,580197387.0,0.020112020945726873
2018-12-06,10.2,10.37,10.04,10.04,8697293.0,92990905.0,580197387.0,0.014990231246939415
2018-12-07,10.06,10.19,9.99,9.99,4808370.0,50825109.0,580197387.0,0.008287472690737919
2018-12-10,9.97,10.23,9.83,10.1,6094995.0,64364841.0,580197387.0,0.010505036969427096
2018-12-11,10.16,10.24,10.01,10.16,5267472.0,55798642.0,580197387.0,0.009078758570831
2018-12-12,10.16,10.21,10.06,10.08,5908246.0,62767484.0,580197387.0,0.010183165475028242
2018-12-13,10.08,10.21,9.95,10.14,7923844.0,84120007.0,580197387.0,0.013657152165009664
2018-12-14,10.17,10.18,9.69,9.71,9835445.0,102234897.0,580197387.0,0.016951894683386433
2018-12-17,9.58,9.95,9.57,9.93,6029139.0,62229405.0,580197387.0,0.010391530770544473
2018-12-18,9.89,9.98,9.63,9.85,4766754.0,49155951.0,580197387.0,0.00821574537701253
2018-12-19,9.9,9.9,9.65,9.67,3533096.0,36162754.0,580197387.0,0.006089472443625466
2018-12-20,9.63,9.72,9.42,9.63,5588965.0,56200768.0,580197387.0,0.009632868270742488
2018-12-21,9.69,9.69,9.47,9.55,3812887.0,38132852.0,580197387.0,0.006571706604393928
2018-12-24,9.58,9.68,9.46,9.65,3697676.0,37333190.0,580197387.0,0.00637313452774995
2018-12-25,9.56,9.67,9.39,9.63,5115283.0,50980488.0,580197387.0,0.008816453011705826
2018-12-26,9.67,9.99,9.61,9.77,7635188.0,78735680.0,580197387.0,0.01315963872136501
2018-12-27,9.83,9.96,9.55,9.55,7428278.0,76124598.0,580197387.0,0.012803018707838476
2018-12-28,9.63,9.68,9.41,9.41,5497029.0,54636102.0,580197387.0,0.009474411852185746
2019-01-02,9.41,9.59,9.4,9.49,3135595.0,31215378.0,580180137.0,0.005404519734532036
2019-01-03,9.44,9.61,9.41,9.5,4957123.0,49415037.0,580180137.0,0.008544110154532918
2019-01-04,9.39,10.09,9.37,9.99,14625820.0,151412357.0,580180137.0,0.025209101565640123
2019-01-07,10.06,10.43,9.93,10.41,17856550.0,192127014.0,580180137.0,0.030777596234736315
2019-01-08,10.3,10.35,10.14,10.34,11433016.0,123173019.0,580180137.0,0.019705976249235157
2019-01-09,10.3,10.57,10.24,10.34,15356075.0,167508238.0,580180137.0,0.026467770991615316
2019-01-10,10.32,10.54,10.22,10.39,12467527.0,136051159.0,580180137.0,0.02148906211175582
2019-01-11,10.35,10.47,10.23,10.46,11358527.0,123410856.0,580180137.0,0.019577586814213874
2019-01-14,10.5,10.6,10.21,10.28,8097264.0,87750072.0,580180137.0,0.013956465386542525
2019-01-15,10.29,10.48,10.18,10.47,10243641.0,111571092.0,580180137.0,0.017655966391693274
2019-01-16,10.54,10.54,10.28,10.28,7921420.0,85939106.0,580180137.0,0.013653380208705766
2019-01-17,10.31,10.33,10.05,10.1,6238143.0,66610550.0,580180137.0,0.010752079573520456
2019-01-18,10.19,10.2,10.05,10.2,5595393.0,59543824.0,580180137.0,0.009644233994174124
2019-01-21,10.34,10.36,10.07,10.15,6791982.0,72762709.0,580180137.0,0.011706677920964399
2019-01-22,10.19,10.25,10.06,10.14,5416168.0,57726786.0,580180137.0,0.00933532131590365
2019-01-23,10.16,10.21,9.91,10.03,6673079.0,70178780.0,580180137.0,0.01150173639950035
2019-01-24,10.01,10.37,9.99,10.31,8014211.0,85944494.0,580180137.0,0.013813315018745635
2019-01-25,10.27,10.39,10.06,10.1,7596396.0,81150810.0,580180137.0,0.013093167993098667
2019-01-28,10.14,10.23,9.99,9.99,5094814.0,53934468.0,580180137.0,0.008781434721885351
2019-01-29,9.92,9.99,9.54,9.61,8208567.0,83252884.0,580180137.0,0.014148307528149658
2019-01-30,9.61,9.72,9.54,9.57,4165700.0,42065968.0,580180137.0,0.007180011403940911
2019-01-31,9.63,9.67,9.45,9.52,4683519.0,46982289.0,580180137.0,0.008072525585273526
2019-02-01,9.63,9.82,9.53,9.78,4610028.0,47018587.0,580180137.0,0.007945856305659771
2019-02-11,9.82,10.08,9.79,10.06,6149185.0,64273719.0,580180137.0,0.010598751332295266
2019-02-12,10.06,10.22,10.03,10.18,5885065.0,62642360.0,580180137.0,0.010143513410215214
2019-02-13,10.16,10.53,10.09,10.41,14913422.0,162152137.0,580180137.0,0.025704813124272814
2019-02-14,10.48,10.67,10.36,10.44,11366518.0,125069543.0,580180137.0,0.019591360122692376
2019-02-15,10.46,10.85,10.44,10.61,16090310.0,179814303.0,580180137.0,0.027733300355989265
2019-02-18,10.64,10.91,10.53,10.9,14897274.0,168244919.0,580180137.0,0.025676980389282095
2019-02-19,10.9,10.91,10.61,10.71,13162180.0,148271189.0,580180137.0,0.022686367837511816
2019-02-20,10.73,10.83,10.55,10.73,9060304.0,101510637.0,580180137.0,0.015616363646727189
2019-02-21,10.72,10.84,10.53,10.58,11616738.0,130374141.0,580180137.0,0.020022639968455175
2019-02-22,10.55,10.81,10.51,10.77,11641090.0,130297945.0,580180137.0,0.02006461313928091
2019-02-25,10.85,11.29,10.81,11.29,22852889.0,265426888.0,580180137.0,0.039389299189330915
2019-02-26,11.25,11.43,11.04,11.14,22839050.0,268496777.0,580180137.0,0.039365446252773044
2019-02-27,11.16,11.32,10.88,10.97,17078239.0,199653314.0,580180137.0,0.02943609736160271
2019-02-28,10.98,11.4,10.98,11.14,14738550.0,172676818.0,580180137.0,0.02540340328817565
2019-03-01,11.25,11.27,10.86,11.05,13271031.0,153315061.0,580180137.0,0.022873983705512482
2019-03-04,11.11,11.68,11.02,11.5,31282688.0,373443217.0,580180137.0,0.05391892277070492
2019-03-05,11.44,11.68,11.29,11.68,27287800.0,328189422.0,580180137.0,0.0470333233762534
2019-03-06,12.05,12.54,11.77,12.28,43172037.0,550365788.0,580180137.0,0.07441143577102502
2019-03-07,12.28,12.75,12.03,12.16,33596391.0,434379546.0,580180137.0,0.05790682730663701
2019-03-08,11.92,12.74,11.69,12.4,45376771.0,590517412.0,580180137.0,0.07821152105384814
2019-03-11,13.64,13.64,13.05,13.64,52185064.0,738793753.0,580180137.0,0.08994631265702914
2019-03-12,14.21,14.48,13.3,13.75,78918444.0,1148787804.0,580180137.0,0.13602403627272058
2019-03-13,13.38,13.49,12.61,12.78,48656282.0,668888855.0,580180137.0,0.083864094781997
2019-03-14,12.87,12.92,11.83,12.06,36098841.0,464971966.0,580180137.0,0.06222005666491819
2019-03-15,12.11,12.27,12.01,12.12,25022654.0,318971270.0,580180137.0,0.04312911181238871
2019-03-18,12.21,12.36,11.78,12.33,24874750.0,316507448.0,580180137.0,0.04287418409155224
2019-03-19,12.23,12.51,12.14,12.38,20813804.0,268863658.0,580180137.0,0.03587472695570755
2019-03-20,12.33,12.37,12.02,12.2,18654520.0,238300095.0,580180137.0,0.03215297941163401
2019-03-21,12.22,12.48,12.11,12.26,23660349.0,305572657.0,580180137.0,0.04078103935502363
2019-03-22,12.38,12.87,12.14,12.81,35404241.0,465076066.0,580180137.0,0.061022842290100666
2019-03-25,12.4,12.74,12.35,12.46,25427169.0,335316599.0,580180137.0,0.043826334923286074
2019-03-26,12.46,12.59,11.86,11.88,23680409.0,302811654.0,580180137.0,0.04081561482343543
2019-03-27,12.03,12.08,11.59,11.79,15149923.0,187473944.0,580180137.0,0.02611244686579127
2019-03-28,11.69,11.89,11.51,11.52,16451106.0,201083026.0,580180137.0,0.028355169284259726
2019-03-29,11.56,11.86,11.23,11.85,19763648.0,240061704.0,580180137.0,0.034064675330310386
2019-04-01,11.87,12.24,11.83,12.23,20795581.0,264022639.0,580180137.0,0.035843317745295374
2019-04-02,12.26,12.34,12.12,12.21,20342557.0,260994884.0,580180137.0,0.03506248439525602
2019-04-03,12.14,12.26,12.02,12.26,19388351.0,246802296.0,580180137.0,0.033417812440552405
2019-04-04,12.26,12.56,12.23,12.41,27890816.0,362005384.0,580180137.0,0.04807268332938464
2019-04-08,12.71,12.72,12.05,12.27,23960970.0,312069499.0,580180137.0,0.04129919049607174
2019-04-09,12.21,12.73,12.06,12.7,24660406.0,322145292.0,580180137.0,0.04250474021312453
2019-04-10,12.62,12.68,12.32,12.49,19317888.0,252828010.0,580180137.0,0.033296362229650066
2019-04-11,12.54,12.65,12.24,12.34,15706081.0,204880965.0,580180137.0,0.027071042247694185
2019-04-12,12.26,12.39,11.97,12.03,12867803.0,163869352.0,580180137.0,0.02217897887117773
2019-04-15,12.18,12.49,12.0,12.04,13608111.0,175457389.0,580180137.0,0.02345497567421892
2019-04-16,12.04,12.46,11.77,12.45,13932373.0,177117082.0,580180137.0,0.024013874504635102
2019-04-17,12.35,12.6,12.24,12.44,15543190.0,202393212.0,580180137.0,0.026790282894500403
2019-04-18,12.38,12.43,12.18,12.21,9914129.0,127599354.0,580180137.0,0.017088018647560144
2019-04-19,12.17,12.68,12.15,12.65,21975590.0,287366482.0,580180137.0,0.03787718434076622
2019-04-22,12.66,12.81,12.46,12.59,22910419.0,303559843.0,580180137.0,0.03948845804764254
2019-04-23,12.53,12.64,12.15,12.22,13535667.0,174638308.0,580180137.0,0.023330111006540716
2019-04-24,12.22,12.32,11.98,12.3,10200688.0,130271944.0,580180137.0,0.01758193248866774
2019-04-25,12.26,12.49,11.72,11.74,12885856.0,162365074.0,580180137.0,0.02221009506914574
2019-04-26,11.64,11.81,11.53,11.63,9662757.0,118260938.0,580180137.0,0.016654753211587457
2019-04-29,11.68,11.83,11.43,11.45,9761078.0,119139149.0,580180137.0,0.01682421954407584
2019-04-30,11.36,11.65,11.36,11.46,7122194.0,86027715.0,580180137.0,0.012275832186926454
2019-05-06,11.1,11.1,10.32,10.32,15655298.0,174017842.0,580180137.0,0.026983512536210803
2019-05-07,10.41,10.46,10.02,10.23,10007958.0,107631259.0,580180137.0,0.01724974255711205
2019-05-08,9.92,10.32,9.8,10.0,10739016.0,113125604.0,580180137.0,0.018509796035985286
2019-05-09,9.96,10.17,9.92,10.03,8190041.0,86461324.0,580180137.0,0.014116376066145814
2019-05-10,10.17,10.35,9.76,10.32,17010602.0,180889167.0,580180137.0,0.029319518051684007
2019-05-13,10.09,10.15,9.89,9.94,11299151.0,118655107.0,580180137.0,0.019475246185479113
2019-05-14,9.81,10.03,9.79,9.92,7815199.0,81395546.0,580180137.0,0.013470297415576638
2019-05-15,9.99,10.1,9.92,10.09,8202697.0,86152003.0,580180137.0,0.014138189980812803
2019-05-16,10.08,10.27,10.0,10.2,8734273.0,92857530.0,580180137.0,0.01505441576328905
2019-05-17,10.26,10.36,9.81,9.98,12305079.0,130568560.0,580180137.0,0.021209066314519485
2019-05-20,10.09,10.21,9.82,10.2,7698386.0,81013363.0,580180137.0,0.013268958223573242
2019-05-21,10.17,10.27,10.02,10.16,9485638.0,100933845.0,580180137.0,0.01634947044041944
2019-05-22,10.12,10.22,9.99,10.17,8237875.0,87453900.0,580180137.0,0.014198822873524194
2019-05-23,10.15,10.18,9.92,10.03,7612924.0,80266934.0,580180137.0,0.013121655697082232
2019-05-24,10.01,10.1,9.85,9.87,5980011.0,62389424.0,580180137.0,0.010307162583885563
2019-05-27,9.87,10.13,9.79,10.08,6551019.0,68637817.0,580180137.0,0.011291353464587844
2019-05-28,10.07,10.2,9.97,9.99,8669703.0,91619391.0,580180137.0,0.014943122742583654
2019-05-29,9.95,10.0,9.88,9.89,7003096.0,72925923.0,580180137.0,0.01207055456295292
2019-05-30,9.82,9.92,9.63,9.87,8514279.0,87146120.0,580180137.0,0.01467523353009929
2019-05-31,9.79,9.93,9.73,9.79,4229742.0,43643832.0,580180137.0,0.007290394362466773
2019-06-03,9.82,9.84,9.63,9.69,5837417.0,59354163.0,580180137.0,0.010061387192922808
2019-06-04,9.72,9.72,9.42,9.52,6651205.0,66428735.0,580180137.0,0.011464034315949013
2019-06-05,9.57,9.77,9.55,9.63,7456585.0,75602343.0,580180137.0,0.0128521893882072
2019-06-06,9.82,9.82,9.44,9.49,5643483.0,56684677.0,580180137.0,0.009727122043821366
2019-06-10,9.51,9.69,9.44,9.57,3561646.0,35396188.0,580180137.0,0.006138862351297628
2019-06-11,9.56,9.87,9.52,9.84,6099416.0,61660848.0,580180137.0,0.010512969353861213
2019-06-12,9.85,9.88,9.72,9.72,4350756.0,44192051.0,580180137.0,0.0074989744090463405
2019-06-13,9.75,9.76,9.61,9.73,4623086.0,46487851.0,580180137.0,0.007968363108577087
2019-06-14,9.74,9.76,9.56,9.57,3929754.0,39342872.0,580180137.0,0.006773334261872533
2019-06-17,9.56,9.64,9.56,9.62,2516919.0,25087244.0,580180137.0,0.004338168164485093
2019-06-18,9.61,9.68,9.59,9.66,2248035.0,22499599.0,580180137.0,0.003874718999557891
2019-06-19,9.79,9.88,9.7,9.71,6916608.0,70309024.0,580180137.0,0.011921483620181226
2019-06-20,9.71,9.89,9.67,9.84,7420662.0,75539632.0,580180137.0,0.012790272411549312
2019-06-21,9.87,9.99,9.83,9.89,9064570.0,93325404.0,580180137.0,0.01562371653547319
2019-06-24,9.9,9.92,9.78,9.84,5719468.0,58404557.0,580180137.0,0.009858089988351325
2019-06-25,9.86,9.86,9.63,9.65,5812320.0,58518033.0,580180137.0,0.010018129938150572
2019-06-26,9.69,9.74,9.59,9.64,3523518.0,35363079.0,580180137.0,0.006073144830878621
2019-06-27,9.66,9.78,9.65,9.73,5884293.0,59367625.0,580180137.0,0.01014218278899817
2019-06-28,9.74,9.75,9.57,9.6,4434263.0,44283353.0,580180137.0,0.00764290729242942
2019-07-01,9.74,9.87,9.68,9.87,7578709.0,77051994.0,587233961.0,0.012905774364776563
2019-07-02,9.86,9.96,9.8,9.81,5988448.0,61305482.0,587233961.0,0.010197720836516811
2019-07-03,9.86,9.86,9.7,9.71,4612807.0,46648882.0,587233961.0,0.00785514344596974
2019-07-04,9.74,9.94,9.74,9.9,7886409.0,80685380.0,587233961.0,0.013429756321603478
2019-07-05,9.86,10.04,9.86,10.0,7684826.0,79439402.0,587233961.0,0.013086480875379754
2019-07-08,9.96,9.98,9.63,9.68,6726609.0,68152080.0,587233961.0,0.011454734308188283
2019-07-09,9.62,9.74,9.62,9.71,3167858.0,31885019.0,587233961.0,0.005394541546278179
2019-07-10,9.72,9.82,9.68,9.78,3856992.0,39066568.0,587233961.0,0.006568066999108725
2019-07-11,9.83,9.87,9.7,9.73,3124759.0,31680974.0,587233961.0,0.00532114831144788
2019-07-12,9.73,9.8,9.69,9.78,2365460.0,23975949.0,587233961.0,0.004028138965212197
2019-07-15,9.8,9.87,9.61,9.83,5158365.0,52348930.0,587233961.0,0.008784173502526704
2019-07-16,9.84,9.87,9.77,9.81,2999061.0,30529886.0,587233961.0,0.005107097339692178
2019-07-17,9.78,9.85,9.75,9.79,3794021.0,38617667.0,587233961.0,0.006460833759578833
2019-07-18,9.75,9.75,9.6,9.6,6578720.0,65828301.0,587233961.0,0.01120289430944543
2019-07-19,9.62,9.71,9.59,9.63,3924816.0,39241752.0,587233961.0,0.0066835644064529845
2019-07-22,9.82,10.54,9.74,10.27,27223066.0,286539342.0,587233961.0,0.0463581260757499
2019-07-23,10.36,10.44,10.09,10.4,21045775.0,225420507.0,587233961.0,0.035838824723558524
2019-07-24,10.68,10.75,10.31,10.39,20882273.0,227337086.0,587233961.0,0.035560397366050836
2019-07-25,10.29,10.43,10.21,10.24,12419776.0,132771664.0,587233961.0,0.021149621487916638
2019-07-26,10.19,10.38,10.11,10.37,10376777.0,109868149.0,587233961.0,0.017670600968529473
2019-07-29,10.26,10.49,10.2,10.21,8728173.0,93194630.0,587233961.0,0.014863195216327075
2019-07-30,10.18,10.35,10.14,10.21,9761230.0,103786968.0,587233961.0,0.016622386728753925
2019-07-31,10.21,10.27,10.13,10.2,6415896.0,67980457.0,587233961.0,0.01092562151731548
2019-08-01,10.17,10.17,9.94,9.97,9035787.0,93993755.0,587233961.0,0.015387030723858289
2019-08-02,9.77,9.79,9.61,9.67,11813152.0,118810394.0,587233961.0,0.02011660221401943
2019-08-05,9.67,9.76,9.5,9.54,10027541.0,100147627.0,587233961.0,0.017075887407676682
2019-08-06,9.28,9.43,8.91,9.33,14649211.0,139078636.0,587233961.0,0.024946123645597534
2019-08-07,9.31,9.37,9.21,9.21,5773953.0,55510045.0,587233961.0,0.00983245756115253
2019-08-08,9.28,9.36,9.21,9.36,4843280.0,46777634.0,587233961.0,0.008247615638156186
2019-08-09,9.36,9.68,9.36,9.5,8790224.0,86967837.0,587233961.0,0.014968861788972726
2019-08-12,9.47,9.6,9.44,9.57,5871854.0,57968756.0,587233961.0,0.00999917305531994
2019-08-13,9.52,9.75,9.44,9.74,8596423.0,86045442.0,587233961.0,0.01463883830111113
2019-08-14,9.84,9.87,9.6,9.69,7860883.0,79483072.0,587233961.0,0.013386288127160957
2019-08-15,9.44,9.79,9.39,9.76,6312614.0,63199325.0,587233961.0,0.010749742724774053
2019-08-16,9.81,9.81,9.66,9.68,5288566.0,53488495.0,587233961.0,0.009005892627521248
2019-08-19,9.73,10.0,9.68,9.97,11540940.0,118343876.0,587233961.0,0.0196530527293533
2019-08-20,10.0,10.08,9.94,9.96,7405617.0,76944802.0,587233961.0,0.01261101620789946
2019-08-21,9.98,10.16,9.92,10.05,6932340.0,72425129.0,587233961.0,0.011805073378581386
2019-08-22,10.13,10.13,9.83,9.86,9366273.0,96233794.0,587233961.0,0.015949814932450748
2019-08-23,9.89,10.09,9.87,9.98,8481367.0,88004437.0,587233961.0,0.014442909578249001
2019-08-26,9.78,9.92,9.7,9.77,6714366.0,68288145.0,587233961.0,0.011433885718336376
2019-08-27,9.82,10.07,9.74,9.98,7751881.0,80285435.0,587233961.0,0.013200668753556643
2019-08-28,9.92,10.19,9.92,10.1,10999260.0,115364316.0,587233961.0,0.018730626514293167
2019-08-29,10.07,10.14,9.9,10.06,6928566.0,72085642.0,587233961.0,0.011798646638558426
2019-08-30,10.13,10.19,9.76,9.87,8007373.0,82940826.0,587233961.0,0.013635745770500491
2019-09-02,9.84,10.39,9.84,10.26,12589073.0,133214247.0,587233961.0,0.021437917143896246
2019-09-03,10.32,10.39,10.2,10.26,8111649.0,86534809.0,587233961.0,0.013813317244436412
2019-09-04,10.19,10.35,10.13,10.33,9438068.0,100364191.0,587233961.0,0.01607207455087905
2019-09-05,10.34,10.5,10.34,10.36,13329742.0,144186570.0,587233961.0,0.022699201485726062
2019-09-06,10.43,10.5,10.31,10.45,8217412.0,88972715.0,587233961.0,0.013993420928868927
2019-09-09,10.51,10.65,10.39,10.62,10986009.0,120188042.0,587233961.0,0.018708061402463744
2019-09-10,10.66,10.92,10.52,10.86,14551516.0,162247196.0,587233961.0,0.024779758948580293
2019-09-11,10.88,11.43,10.8,11.06,23420467.0,270562136.0,587233961.0,0.039882684850374314
2019-09-12,11.03,11.27,11.0,11.07,11705256.0,135091800.0,587233961.0,0.01993286624647378
2019-09-16,11.13,11.36,10.98,11.19,10786161.0,125461597.0,587233961.0,0.018367740485635844
2019-09-17,11.13,11.18,10.9,11.07,12245585.0,139750697.0,587233961.0,0.02085299184527238
2019-09-18,11.85,12.08,11.35,11.51,41731019.0,507231398.0,587233961.0,0.07106370164446263
2019-09-19,11.51,11.53,11.08,11.25,28955438.0,338076906.0,587233961.0,0.04930818025355996
2019-09-20,11.21,11.39,11.1,11.15,15902254.0,185098477.0,587233961.0,0.027079929050629278
2019-09-23,11.19,11.32,10.95,11.12,12629301.0,145951947.0,587233961.0,0.021506421356308446
2019-09-24,11.12,11.35,11.12,11.22,12597732.0,147292561.0,587233961.0,0.021452662544494766
2019-09-25,11.15,11.31,10.91,10.91,12451867.0,142995610.0,587233961.0,0.021204269212897243
2019-09-26,10.98,11.06,10.55,10.7,12416722.0,139342223.0,587233961.0,0.021144420835020473
2019-09-27,10.7,10.87,10.69,10.82,6484487.0,72648232.0,587233961.0,0.011042425048029537
2019-09-30,10.82,10.86,10.6,10.67,6921619.0,77018613.0,587233961.0,0.011786816600683625
2019-10-08,10.76,10.82,10.61,10.72,6326993.0,70455095.0,587233961.0,0.010774228706435457
2019-10-09,10.69,11.21,10.63,11.16,14310223.0,164022614.0,587233961.0,0.024368861391516148
2019-10-10,11.18,11.32,11.08,11.19,12784815.0,148694403.0,587233961.0,0.02177124595830383
2019-10-11,11.24,11.44,11.2,11.23,11607542.0,136233098.0,587233961.0,0.01976646919437958
2019-10-14,11.3,11.61,11.2,11.29,16167702.0,191259632.0,587233961.0,0.027531960127898665
2019-10-15,11.29,11.42,11.08,11.26,9893011.0,115284774.0,587233961.0,0.016846796433832273
2019-10-16,11.26,11.34,11.11,11.16,9428464.0,109548054.0,587233961.0,0.016055719910926608
2019-10-17,11.2,11.33,10.98,11.05,6799245.0,78752387.0,587233961.0,0.011578426064496635
2019-10-18,11.11,11.16,10.7,10.76,8190622.0,92744706.0,587233961.0,0.013947800270359363
2019-10-21,10.78,10.84,10.65,10.76,6443753.0,71788055.0,587233961.0,0.010973059168831007
2019-10-22,10.76,10.86,10.67,10.83,6266302.0,69926103.0,587233961.0,0.010670878076140422
2019-10-23,10.8,10.84,10.67,10.79,4942185.0,55108181.0,587233961.0,0.008416040842705962
2019-10-24,10.78,11.04,10.65,11.03,9581172.0,107686084.0,587233961.0,0.016315766178925065
2019-10-25,11.06,11.07,10.67,10.86,13374114.0,150229672.0,587233961.0,0.02277476251071249
2019-10-28,10.88,11.81,10.87,11.67,30521160.0,363761814.0,587233961.0,0.051974446348480176
2019-10-29,11.71,12.0,11.55,11.8,25002640.0,307023121.0,587233961.0,0.042576965333243046
2019-10-30,11.7,12.0,11.7,11.94,19847613.0,245393270.0,587233961.0,0.03379847610686808
2019-10-31,11.94,12.18,11.7,11.94,16583854.0,205845219.0,587233961.0,0.028240624863996925
2019-11-01,11.87,12.32,11.87,12.23,16112695.0,203122796.0,587233961.0,0.027438288774310177
2019-11-04,12.29,12.62,12.07,12.36,17799260.0,229255735.0,587233961.0,0.03031033826737415
2019-11-05,12.31,12.62,12.25,12.53,12216709.0,158612328.0,587233961.0,0.020803818939892683
2019-11-06,12.54,12.61,12.35,12.52,9031659.0,117009287.0,587233961.0,0.015380001157664653
2019-11-07,12.51,12.79,12.38,12.57,9861679.0,129160369.0,587233961.0,0.016793441209031167
2019-11-08,12.65,12.76,12.43,12.48,8424544.0,109799335.0,587233961.0,0.014346145760462925
2019-11-11,12.41,12.86,12.38,12.53,14245355.0,186788025.0,587233961.0,0.024258397752986906
2019-11-12,12.61,12.7,12.34,12.62,8321898.0,108393290.0,587233961.0,0.014171350011550166
2019-11-13,12.61,12.8,12.51,12.68,7842261.0,102974318.0,587233961.0,0.013354576745945387
2019-11-14,12.62,13.28,12.62,13.08,11730031.0,158571838.0,587233961.0,0.0199750555639271
2019-11-15,12.99,13.08,12.58,12.58,11203462.0,148309839.0,587233961.0,0.019078361852440617
2019-11-18,12.58,12.83,12.47,12.71,8021465.0,105481169.0,587233961.0,0.013659743020209964
2019-11-19,12.71,13.14,12.68,13.08,9373544.0,126299257.0,587233961.0,0.015962196709532608
2019-11-20,13.1,13.25,12.88,12.91,6359167.0,86157049.0,587233961.0,0.010829017772015403
2019-11-21,12.81,13.03,12.8,12.99,5115042.0,68582556.0,587233961.0,0.008710398818368067
2019-11-22,12.96,13.2,12.62,12.78,7435890.0,99336890.0,587233961.0,0.012662568062884905
2019-11-25,12.87,13.01,12.57,12.88,7872018.0,104754266.0,587233961.0,0.013405249905156626
2019-11-26,12.86,13.05,12.71,12.92,6389227.0,85662020.0,587233961.0,0.01088020690955917
2019-11-27,12.93,13.35,12.86,13.25,9945750.0,135993812.0,587233961.0,0.01693660561297135
2019-11-28,13.2,13.2,12.6,12.62,12622829.0,167952112.0,587233961.0,0.02149540019535757
2019-11-29,12.62,13.81,12.6,13.59,22905581.0,319725407.0,587233961.0,0.03900588610541889
2019-12-02,13.68,13.73,13.0,13.18,19667420.0,270966439.0,587233961.0,0.03349162566570294
2019-12-03,12.93,13.11,12.75,12.98,9038343.0,121258682.0,587233961.0,0.015391383333158417
2019-12-04,12.9,13.08,12.76,12.9,7856935.0,105043675.0,587233961.0,0.01337956508274902
2019-12-05,12.93,13.27,12.93,13.23,9588020.0,130460750.0,587233961.0,0.01632742762981993
2019-12-06,13.23,13.29,13.02,13.21,6453614.0,88028546.0,587233961.0,0.010989851453771762
2019-12-09,13.29,13.54,13.07,13.22,8419210.0,115766823.0,587233961.0,0.014337062498331905
2019-12-10,13.15,13.38,12.79,13.29,10969217.0,149158204.0,587233961.0,0.018679466326028783
2019-12-11,13.26,13.27,12.97,13.01,7086873.0,96098130.0,587233961.0,0.012068227436866513
2019-12-12,13.02,13.32,12.91,13.2,8083503.0,110660008.0,587233961.0,0.01376538745517138
2019-12-13,13.31,13.45,13.1,13.27,7845444.0,108121807.0,587233961.0,0.013359997072785101
2019-12-16,13.3,13.7,13.29,13.56,12016859.0,169009336.0,587233961.0,0.020463494617267205
2019-12-17,13.56,13.93,13.29,13.87,15477639.0,219296316.0,587233961.0,0.026356852682094794
2019-12-18,13.79,13.82,13.58,13.7,9420780.0,133867839.0,587233961.0,0.016042634836645628
2019-12-19,13.73,13.78,13.48,13.69,8154378.0,115426132.0,587233961.0,0.013886080406715441
2019-12-20,13.68,13.85,13.49,13.65,6945151.0,98448912.0,587233961.0,0.011826889214944434
2019-12-23,13.57,13.64,13.17,13.18,7759296.0,107877292.0,587233961.0,0.013213295748063862
2019-12-24,13.29,13.36,13.11,13.23,5371920.0,73704115.0,587233961.0,0.009147836053031
2019-12-25,13.28,13.41,12.96,13.14,7024482.0,96114934.0,587233961.0,0.011961981878633208
2019-12-26,13.21,13.27,12.95,13.11,9469695.0,128388167.0,587233961.0,0.016125932130822387
2019-12-27,13.16,13.26,12.91,12.95,7862179.0,106644383.0,587233961.0,0.01338849508398919
2019-12-30,13.02,13.35,12.91,13.28,10132954.0,138668532.0,587233961.0,0.01725539507753367
2019-12-31,13.28,13.32,13.08,13.27,8206909.0,112409858.0,587233961.0,0.01397553538290678
2020-01-02,13.34,13.58,13.3,13.44,11589504.0,161768167.0,587233961.0,0.019735752306055745
2020-01-03,13.52,13.52,13.3,13.41,6286833.0,87416278.0,587233961.0,0.010705840291140791
2020-01-06,13.42,13.84,13.27,13.68,13472010.0,190625008.0,587233961.0,0.022941469490385964
2020-01-07,13.68,13.99,13.61,13.89,12146030.0,174377698.0,587233961.0,0.020683459756510914
2020-01-08,13.8,14.18,13.74,13.87,16358256.0,237094008.0,587233961.0,0.027856454303398163
2020-01-09,13.97,14.16,13.86,14.12,12663112.0,184936129.0,587233961.0,0.021563998067203063
2020-01-10,14.12,14.39,14.0,14.3,8587114.0,126870301.0,587233961.0,0.01462298601630092
2020-01-13,14.36,14.7,14.22,14.53,14516586.0,218107005.0,587233961.0,0.024720276693942774
2020-01-14,15.03,15.66,14.65,14.89,27505832.0,432135397.0,587233961.0,0.04683964795421633
2020-01-15,14.93,15.12,14.72,15.0,18011236.0,279341203.0,587233961.0,0.03067131194069343
2020-01-16,15.07,15.13,14.55,14.75,15003831.0,229899807.0,587233961.0,0.025550005613520707
2020-01-17,14.85,14.86,14.49,14.7,8129511.0,124118110.0,587233961.0,0.013843734422573696
2020-01-20,14.71,15.02,14.65,14.82,9276822.0,142823812.0,587233961.0,0.015797488933035328
2020-01-21,14.76,14.95,14.65,14.72,9118271.0,139846236.0,587233961.0,0.01552749262742316
2020-01-22,14.65,14.91,14.41,14.84,9773576.0,149637641.0,587233961.0,0.016643410717180916
2020-01-23,14.74,14.77,13.86,14.28,16314238.0,242123374.0,587233961.0,0.02778149610458241
2020-02-03,12.85,12.85,12.85,12.85,1425600.0,19017504.0,587233961.0,0.0024276525110576838
2020-02-04,12.16,12.71,12.14,12.49,17500197.0,225976010.0,587233961.0,0.029801064247372437
2020-02-05,12.42,12.95,12.29,12.61,18981654.0,248144994.0,587233961.0,0.032323835575987746
2020-02-06,12.57,12.74,12.37,12.64,19366471.0,251909189.0,587233961.0,0.032979139978588534
2020-02-07,12.59,12.69,12.28,12.6,17072379.0,221510116.0,587233961.0,0.029072533494022494
2020-02-10,12.6,13.03,12.53,12.93,18550488.0,246734822.0,587233961.0,0.0315896035174982
2020-02-11,13.02,13.22,12.68,13.05,19201711.0,258016273.0,587233961.0,0.03269857037440653
2020-02-12,12.95,13.34,12.93,13.26,13156382.0,179526807.0,587233961.0,0.022403986951973986
2020-02-13,13.42,13.66,13.21,13.28,19779366.0,275102248.0,587233961.0,0.033682258373336826
2020-02-14,13.26,13.61,13.15,13.45,13790699.0,192147061.0,587233961.0,0.023484164601985612
2020-02-17,13.58,13.94,13.43,13.9,16257240.0,231073214.0,587233961.0,0.027684434279508573
2020-02-18,13.91,13.99,13.62,13.91,15964700.0,228765215.0,587233961.0,0.027186268268295878
2020-02-19,13.98,14.34,13.91,14.0,16296786.0,238845279.0,587233961.0,0.027751777114947886
2020-02-20,15.03,15.39,14.6,15.39,32232867.0,509232782.0,587233961.0,0.05488931012285238
2020-02-21,16.93,16.94,16.24,16.94,34410277.0,601208541.0,587233961.0,0.058597218971128275
2020-02-24,18.63,18.63,18.63,18.63,4365831.0,84435172.0,587233961.0,0.007434568315097839
2020-02-25,18.79,20.49,17.86,19.69,109331504.0,2258273700.0,587233961.0,0.18618048556629715
2020-02-26,19.17,21.66,19.13,20.65,92480953.0,1989920639.0,587233961.0,0.1574857027044456
2020-02-27,20.23,20.47,18.59,18.59,67765200.0,1334687936.0,587233961.0,0.1153972768955711
2020-02-28,16.96,17.44,16.73,16.73,39374194.0,694373495.0,587233961.0,0.06705026721027806
2020-03-02,16.86,17.31,15.91,16.85,63049822.0,1100372439.0,587233961.0,0.10736746541809765
2020-03-03,17.43,18.01,16.9,17.0,56114646.0,1018588628.0,587233961.0,0.0955575626185557
2020-03-04,16.62,18.46,16.49,17.6,43765267.0,803358789.0,587233961.0,0.07452782009656284
2020-03-05,18.33,18.76,17.87,18.17,49496983.0,936935180.0,587233961.0,0.08428835232163966
2020-03-06,17.82,18.62,17.66,17.92,39600328.0,746203637.0,587233961.0,0.06743535052462676
2020-03-09,17.23,17.63,16.26,16.55,44212170.0,779353671.0,587233961.0,0.07528885067326684
2020-03-10,16.35,17.59,16.35,17.51,38195226.0,675445457.0,587233961.0,0.06504260403290947
2020-03-11,17.6,17.79,16.86,16.9,31744813.0,569841553.0,587233961.0,0.05405820355815559
2020-03-12,16.57,17.23,16.18,16.34,29762104.0,513258419.0,587233961.0,0.05068185080664979
2020-03-13,15.5,17.53,15.35,17.15,44159932.0,765699194.0,587233961.0,0.07519989464642016
2020-03-16,17.68,17.97,16.4,16.44,52280288.0,939906952.0,587233961.0,0.08902803903059688
2020-03-17,16.81,17.62,15.92,17.55,49184785.0,866659815.0,587233961.0,0.08375671072606783
2020-03-18,17.8,18.06,16.97,16.99,49870329.0,906388146.0,587233961.0,0.08492412277225227
2020-03-19,16.96,17.57,16.43,17.53,32717995.0,579193544.0,587233961.0,0.05571543400569778
2020-03-20,17.76,19.07,17.37,18.77,56663712.0,1067815811.0,587233961.0,0.09649256644405824
2020-03-23,18.16,18.71,17.24,17.48,42699208.0,801654458.0,587233961.0,0.07271242951836022
2020-03-24,17.93,18.26,16.18,16.91,43924064.0,783546700.0,587233961.0,0.07479823531527667
2020-03-25,17.24,17.71,16.95,17.22,29016161.0,522710754.0,587233961.0,0.049411585376616184
2020-03-26,17.08,17.19,16.18,16.21,35827303.0,614385389.0,587233961.0,0.06101027082798435
2020-03-27,16.41,16.74,16.09,16.2,25728296.0,438607270.0,587233961.0,0.043812684055580364
2020-03-30,15.92,16.04,15.12,15.77,28892106.0,467142854.0,587233961.0,0.049200332267567884
2020-03-31,16.91,17.35,16.89,17.35,12310967.0,220133038.0,587233961.0,0.020964330773778257
2020-04-01,17.44,18.48,17.35,17.67,60207109.0,1116455887.0,587233961.0,0.1025266128979894
2020-04-02,17.53,18.11,17.27,18.11,47232375.0,866155486.0,587233961.0,0.08043195410491595
2020-04-03,17.85,17.97,17.34,17.48,33744734.0,615949064.0,587233961.0,0.05746386660358698
2020-04-07,17.97,18.56,17.87,18.28,45243331.0,855095217.0,587233961.0,0.07704481348959312
2020-04-08,17.93,18.23,17.66,17.81,32939296.0,611595221.0,587233961.0,0.056092287210207856
2020-04-09,18.09,18.93,17.84,18.87,51449518.0,985029486.0,587233961.0,0.08761332180513995
2020-04-10,18.74,19.09,17.74,17.87,43743593.0,833693800.0,587233961.0,0.07449091146824868
2020-04-13,17.33,17.49,16.88,17.23,24732368.0,440459759.0,587233961.0,0.04211671947222412
2020-04-14,17.38,18.19,17.37,18.11,30087689.0,557220358.0,587233961.0,0.05123628910828609
2020-04-15,18.23,18.93,17.97,18.45,42540212.0,816565760.0,587233961.0,0.07244167542278775
2020-04-16,18.21,19.82,18.13,19.48,57590696.0,1152808246.0,587233961.0,0.09807112637342853
2020-04-17,19.52,19.91,18.88,19.21,49820493.0,996120010.0,587233961.0,0.08483925710829249
2020-04-20,19.5,19.82,18.93,19.63,46581220.0,937328862.0,587233961.0,0.07932310304512515
2020-04-21,19.28,19.46,18.64,19.29,39855680.0,785687294.0,587233961.0,0.0678701891357404
2020-04-22,18.88,19.71,18.79,19.19,35665565.0,713008712.0,587233961.0,0.06073484738393732
2020-04-23,19.24,19.36,18.28,18.32,36170113.0,700699826.0,587233961.0,0.06159404156123048
2020-04-24,18.29,18.65,18.06,18.21,23472291.0,446333348.0,587233961.0,0.03997093587712309
2020-04-27,18.88,19.2,18.56,18.65,35808932.0,701917629.0,587233961.0,0.06097898687436437
2020-04-28,18.75,18.79,17.39,18.09,33809257.0,633562192.0,587233961.0,0.05757374274203463
2020-04-29,18.02,18.53,17.95,18.33,18974560.0,361083509.0,587233961.0,0.03231175521199122
2020-04-30,18.55,19.19,18.48,19.04,28968399.0,568942605.0,587233961.0,0.04933025152474109
2020-05-06,18.75,19.43,18.67,19.34,34616626.0,687251675.0,587233961.0,0.05894861043297188
2020-05-07,19.38,19.41,18.33,18.41,55036964.0,1072111690.0,587233961.0,0.09372237924774926
2020-05-08,18.29,18.72,18.09,18.57,31450239.0,602008584.0,587233961.0,0.0535565738508097
2020-05-11,18.59,19.85,18.48,19.8,70129567.0,1408367932.0,587233961.0,0.11942355459240887
2020-05-12,19.75,20.45,19.46,20.34,57259815.0,1190997843.0,587233961.0,0.09750766951981511
2020-05-13,20.44,20.78,19.87,20.34,47613866.0,1008803482.0,587233961.0,0.08108159466615045
2020-05-14,20.23,20.6,19.75,19.81,40024992.0,835023611.0,587233961.0,0.06815851033520182
2020-05-15,20.0,20.28,19.65,19.76,35076680.0,726659499.0,587233961.0,0.05973203583162657
2020-05-18,19.78,19.78,18.81,18.81,45477424.0,903918304.0,587233961.0,0.0774434501753893
2020-05-19,19.03,19.38,18.73,19.38,39468634.0,783463705.0,587233961.0,0.0672110889717429
2020-05-20,19.48,19.56,18.28,18.46,46753594.0,912477341.0,587233961.0,0.07961663852067302
2020-05-21,18.46,18.67,18.21,18.54,23340856.0,447225611.0,587233961.0,0.039747115375025115
2020-05-22,18.5,18.64,17.43,17.61,33465920.0,623259355.0,587233961.0,0.05698907458112764
2020-05-25,17.49,17.75,16.97,17.14,22714077.0,408222276.0,587233961.0,0.03867977417607154
2020-05-26,17.21,17.67,17.21,17.59,17422415.0,316497249.0,587233961.0,0.02966860937390506
2020-05-27,17.53,17.58,17.0,17.08,20390192.0,364380238.0,587233961.0,0.034722433227937916
2020-05-28,17.13,17.2,16.67,17.17,18441331.0,324667095.0,587233961.0,0.03140372019458187
2020-05-29,17.02,17.2,16.86,16.97,15724872.0,277747352.0,587233961.0,0.026777865457955012
2020-06-01,17.13,18.16,17.12,18.11,31615798.0,582610938.0,587233961.0,0.053838504071122686
2020-06-02,18.2,18.79,18.2,18.28,36645552.0,702257053.0,587233961.0,0.06240366605772652
2020-06-03,18.23,18.43,17.92,18.02,21818985.0,409690821.0,587233961.0,0.03715552309482319
2020-06-04,18.12,18.2,17.66,17.76,14626517.0,271498534.0,587233961.0,0.024907478060520412
2020-06-05,17.76,17.87,17.36,17.59,15684299.0,286753227.0,587233961.0,0.026708773745461222
2020-06-08,17.7,17.89,17.5,17.6,16002789.0,293248572.0,587233961.0,0.027251129980202217
2020-06-09,17.63,17.76,17.46,17.71,11980862.0,217853855.0,587233961.0,0.020402195369623725
2020-06-10,17.69,18.07,17.57,17.98,24092638.0,445242243.0,587233961.0,0.041027324031077284
2020-06-11,17.98,18.45,17.86,18.07,29646487.0,556323756.0,587233961.0,0.05048496675756803
2020-06-12,17.73,18.45,17.44,18.35,28955215.0,539285078.0,587233961.0,0.04930780050713041
2020-06-15,18.07,18.27,17.83,17.83,22485582.0,419184363.0,587233961.0,0.03829067031768621
2020-06-16,18.08,18.39,18.02,18.18,19570191.0,366856265.0,587233961.0,0.033326054519520545
2020-06-17,18.14,18.37,17.88,18.07,16159590.0,301325242.0,587233961.0,0.027518146212936755
2020-06-18,18.1,18.2,17.92,18.11,14579511.0,271857808.0,587233961.0,0.024827431600128454
2020-06-19,18.11,18.18,17.87,18.09,19719254.0,367269423.0,587233961.0,0.03357989372143959
2020-06-22,18.11,18.61,18.02,18.35,31527639.0,596663793.0,587233961.0,0.05368837821694035
2020-06-23,18.24,18.35,17.9,18.09,20309906.0,378886198.0,587233961.0,0.03458571429590735
2020-06-24,18.1,18.79,18.07,18.55,30599566.0,585381060.0,587233961.0,0.05210796383079078
2020-06-29,18.58,19.73,18.51,19.48,46475634.0,914169326.0,587233961.0,0.07914330077377797
2020-06-30,19.49,19.99,19.18,19.82,41930990.0,850813436.0,588258062.0,0.07127992408202644
2020-07-01,19.8,20.3,19.42,19.86,34737425.0,712425248.0,588258062.0,0.059051336894384965
2020-07-02,20.24,21.29,19.9,21.17,51940986.0,1114359271.0,588258062.0,0.08829625865799014
2020-07-03,20.92,21.21,20.42,20.83,38959845.0,834359929.0,588258062.0,0.06622917307336453
2020-07-06,20.82,21.49,20.59,21.23,44154177.0,957696303.0,588258062.0,0.0750591957038066
2020-07-07,21.21,22.79,21.0,21.94,46305402.0,1044618821.0,588258062.0,0.07871613666044411
2020-07-08,22.09,23.21,21.94,23.08,36321900.0,849638116.0,588258062.0,0.0617448401412644
2020-07-09,23.04,23.7,22.57,23.1,40647092.0,972043403.0,588258062.0,0.06909738195819236
2020-07-10,24.02,24.54,23.14,23.66,61819211.0,1517681258.0,588258062.0,0.10508859120404201
2020-07-13,24.02,25.96,24.02,25.65,48773834.0,1278702178.0,588258062.0,0.08291230864592894
2020-07-14,25.19,26.12,24.88,25.77,44436519.0,1168996999.0,588258062.0,0.07553915852665356
2020-07-15,25.9,26.01,23.75,23.89,44378023.0,1123381072.0,588258062.0,0.07543971917549343
2020-07-16,23.91,24.99,23.11,23.39,39973720.0,998646613.0,588258062.0,0.06795269386380293
2020-07-17,23.63,23.83,22.71,22.79,38133407.0,913391672.0,588258062.0,0.06482428285020257
2020-07-20,23.26,24.69,23.25,23.73,34897545.0,856742408.0,588258062.0,0.05932353035902804
2020-07-21,23.82,24.29,23.36,23.48,26550218.0,650050826.0,588258062.0,0.04513362368504182
2020-07-22,23.72,24.69,23.47,23.9,37206480.0,924328730.0,588258062.0,0.0632485679388785
2020-07-23,23.45,24.16,23.2,24.08,26601850.0,651916215.0,588258062.0,0.04522139468783005
2020-07-24,23.95,24.05,22.32,22.58,32760407.0,782323809.0,588258062.0,0.05569053637551337
2020-07-27,22.75,23.83,22.58,23.78,35056514.0,846240373.0,588258062.0,0.05959376719940304
2020-07-28,24.99,24.99,23.23,23.44,54406721.0,1345788229.0,588258062.0,0.09248784592092849
2020-07-29,23.73,25.79,23.61,25.79,59551907.0,1545038094.0,588258062.0,0.10123432358501191
2020-07-30,26.73,27.29,26.07,26.96,69301098.0,1917102119.0,588258062.0,0.11780730682106656
2020-07-31,26.72,27.76,26.52,27.41,53433962.0,1499751552.0,588258062.0,0.09083421962519572
2020-08-03,27.75,27.98,27.01,27.65,45878431.0,1304473023.0,588258062.0,0.07799031405369843
2020-08-04,27.67,28.54,27.17,27.4,42312938.0,1209090473.0,588258062.0,0.07192921055113394
2020-08-05,27.51,27.98,27.18,27.35,33080817.0,938651435.0,588258062.0,0.05623521229361409
2020-08-06,27.59,28.1,26.73,27.42,34499238.0,978977286.0,588258062.0,0.05864643466628767
2020-08-07,27.27,27.75,26.64,27.54,29204947.0,824337701.0,588258062.0,0.04964648831281126
2020-08-10,27.62,29.7,26.9,29.14,52670444.0,1540197004.0,588258062.0,0.08953628926210959
2020-08-11,28.87,29.01,26.22,26.22,67347637.0,1894602220.0,588258062.0,0.11448655165222368
2020-08-12,26.25,26.7,25.34,26.07,32635799.0,877008075.0,588258062.0,0.05547871097430025
2020-08-13,26.04,26.22,25.22,25.8,25219505.0,671596674.0,588258062.0,0.04287149914147713
2020-08-14,25.69,26.12,25.38,26.01,15226273.0,405212124.0,588258062.0,0.025883662262498663
2020-08-17,26.15,26.64,25.85,26.56,21360760.0,581383599.0,588258062.0,0.03631188653390695
2020-08-18,26.57,26.63,26.12,26.35,16978488.0,461803204.0,588258062.0,0.028862312472650822
2020-08-19,26.34,26.35,25.66,25.67,16451773.0,440040196.0,588258062.0,0.027966931628724538
2020-08-20,25.55,25.76,25.07,25.62,17083117.0,447498723.0,588258062.0,0.029040174888414875
2020-08-21,25.67,25.83,25.14,25.23,15446162.0,406375139.0,588258062.0,0.026257459094542763
2020-08-24,25.34,25.6,25.09,25.34,11261350.0,294851500.0,588258062.0,0.019143554041083418
2020-08-25,25.5,25.84,24.84,24.92,16184233.0,422091183.0,588258062.0,0.027512131231955814
2020-08-26,24.96,25.15,24.1,24.23,17719373.0,448672429.0,588258062.0,0.030121768224912148
2020-08-27,24.46,25.12,24.31,24.83,14176936.0,360324113.0,588258062.0,0.024099858405340478
2020-08-28,24.61,25.34,24.3,25.26,14956557.0,383884449.0,588258062.0,0.025425162808903418
2020-08-31,25.43,25.58,24.77,24.85,17168342.0,446487098.0,588258062.0,0.0291850517808968
2020-09-01,24.9,25.39,24.75,25.08,14041667.0,362811842.0,588258062.0,0.02386991000558527
2020-09-02,25.18,25.57,24.75,25.04,16784695.0,435405928.0,588258062.0,0.02853287712357778
2020-09-03,25.09,25.11,24.36,24.76,16201407.0,414128598.0,588258062.0,0.027541325901964436
2020-09-04,24.34,24.78,24.32,24.66,11130043.0,281574447.0,588258062.0,0.018920340780641948
2020-09-07,24.6,25.09,24.39,24.47,13271243.0,338278863.0,588258062.0,0.022560239896890696
2020-09-08,24.51,24.64,23.6,23.84,18676772.0,462216008.0,588258062.0,0.03174928353128121
2020-09-09,23.73,23.96,22.6,22.72,18688967.0,446308170.0,588258062.0,0.031770014228891266
2020-09-10,22.96,23.22,22.43,22.45,13130299.0,309478933.0,588258062.0,0.02232064437053138
2020-09-11,22.42,23.88,22.36,23.81,20038176.0,483694195.0,588258062.0,0.034063580755481424
2020-09-14,23.82,24.16,23.57,23.81,11447496.0,281599177.0,588258062.0,0.01945998999330331
2020-09-15,23.81,23.91,23.35,23.68,7742381.0,188427181.0,588258062.0,0.013161538277396358
2020-09-16,23.77,24.14,23.65,23.86,9237073.0,227912697.0,588258062.0,0.015702416331694915
2020-09-17,23.78,24.16,23.48,23.97,9752568.0,239879598.0,588258062.0,0.016578723913859426
2020-09-18,23.94,24.95,23.74,24.88,21156727.0,538047619.0,588258062.0,0.035965043858591436
2020-09-21,24.81,25.01,24.43,24.6,10587093.0,269568161.0,588258062.0,0.01799736150492401
2020-09-22,24.4,24.46,23.94,23.98,10841569.0,270312303.0,588258062.0,0.01842995396125995
2020-09-23,24.09,24.11,23.53,23.91,10033194.0,246639513.0,588258062.0,0.017055769649613403
2020-09-24,23.76,23.88,22.95,22.96,10270415.0,246642280.0,588258062.0,0.01745902974127025
2020-09-25,23.05,23.22,22.6,22.85,9088144.0,214037305.0,588258062.0,0.015449246830721719
2020-09-28,22.86,23.35,22.67,23.01,8690372.0,206465331.0,588258062.0,0.014773060602780145
2020-09-29,23.91,24.28,23.39,23.66,21924551.0,539726674.0,588258062.0,0.03727029413835726
2020-09-30,23.55,23.77,22.96,23.05,14634997.0,352616359.0,590041976.0,0.024803315010252763
2020-10-09,23.73,24.33,23.72,23.93,16823887.0,416563401.0,590041976.0,0.028513034130303976
2020-10-12,24.41,25.04,24.23,24.66,25974921.0,659837171.0,590041976.0,0.044022157840512686
2020-10-13,24.6,24.88,24.41,24.55,12433318.0,315627476.0,590041976.0,0.02107192116108024
2020-10-14,24.52,25.34,24.29,25.19,22520268.0,579383381.0,590041976.0,0.038167230325999724
2020-10-15,25.07,25.55,24.85,25.38,24536019.0,639091514.0,590041976.0,0.04158351439050838
2020-10-16,25.19,25.2,22.84,22.84,52505748.0,1266922487.0,590041976.0,0.08898646221061397
2020-10-19,23.05,23.73,22.35,22.86,31178327.0,741231172.0,590041976.0,0.05284086263042411
2020-10-20,22.63,22.84,22.11,22.67,22329476.0,516876963.0,590041976.0,0.037843877060028015
2020-10-21,22.69,22.72,21.32,21.41,27175110.0,612878580.0,590041976.0,0.04605623176883944
2020-10-22,21.31,21.77,21.04,21.5,12042503.0,266445118.0,590041976.0,0.020409569979475493
2020-10-23,21.51,21.83,21.39,21.49,9853405.0,219460502.0,590041976.0,0.01669949834213151
2020-10-26,21.33,21.7,21.22,21.49,9932136.0,220324229.0,590041976.0,0.01683293122182887
2020-10-27,21.36,21.39,20.57,21.04,21533804.0,465945195.0,590041976.0,0.036495376389967214
2020-10-28,21.05,21.28,20.44,20.92,15658525.0,336249992.0,590041976.0,0.02653798481618535
2020-10-29,20.63,21.1,20.54,20.88,13629267.0,293844345.0,590041976.0,0.02309880915997746
2020-10-30,20.93,21.25,20.67,20.68,14464048.0,312403856.0,590041976.0,0.02451359155505235
2020-11-02,20.63,21.05,20.44,20.86,13305937.0,285415979.0,590041976.0,0.02255083119713503
2020-11-03,20.97,21.48,20.87,21.37,17716753.0,388756411.0,590041976.0,0.03002625867417948
2020-11-04,21.54,21.55,21.04,21.16,12619332.0,276495706.0,590041976.0,0.02138717669808631
2020-11-05,21.32,21.49,20.86,21.47,17326698.0,379260881.0,590041976.0,0.029365195536529082
2020-11-06,21.39,21.46,20.73,20.91,14907233.0,323635949.0,590041976.0,0.025264699133879926
2020-11-09,21.12,22.01,21.04,21.81,24375005.0,547679928.0,590041976.0,0.041310628720421745
2020-11-10,21.86,22.23,21.63,21.87,20051748.0,453959437.0,590041976.0,0.033983595770481254
2020-11-11,21.69,22.01,21.37,21.52,14017907.0,312670759.0,590041976.0,0.023757474163160215
2020-11-12,21.51,21.65,21.03,21.11,13265947.0,291168372.0,590041976.0,0.022483056358010706
2020-11-13,21.11,21.37,20.79,21.13,10098990.0,219392523.0,590041976.0,0.01711571449282788
2020-11-16,21.15,21.3,20.89,21.03,9435403.0,204290683.0,590041976.0,0.015991070777649215
2020-11-17,21.05,21.07,19.37,20.05,35664703.0,734067799.0,590041976.0,0.06044434879324585
2020-11-18,19.98,20.68,19.91,20.44,19649813.0,414182631.0,590041976.0,0.03330239847207074
2020-11-19,20.51,20.82,20.21,20.66,12257854.0,260936030.0,590041976.0,0.020774545707914177
2020-11-20,20.66,21.35,20.63,21.24,14104225.0,307211361.0,590041976.0,0.023903765450070284
2020-11-23,21.24,21.85,21.07,21.79,18085688.0,401670759.0,590041976.0,0.030651527748256337
2020-11-24,21.7,22.4,21.62,22.18,20328995.0,463814557.0,590041976.0,0.03445347251023374
2020-11-25,22.19,22.53,22.09,22.17,19438478.0,447230588.0,590041976.0,0.032944229039053995
2020-11-26,22.13,22.74,22.05,22.63,20040214.0,464416795.0,590041976.0,0.033964048008679304
2020-11-27,22.66,22.66,22.13,22.54,13860117.0,320497444.0,590041976.0,0.023490052511111515
2020-11-30,22.44,22.51,21.76,22.0,15094897.0,345615582.0,590041976.0,0.025582751082102673
2020-12-01,21.89,22.56,21.87,22.55,12491918.0,288368876.0,590041976.0,0.021171236129139397
2020-12-02,22.57,22.7,22.18,22.46,11277189.0,260348065.0,590041976.0,0.0191125198862123
2020-12-03,22.46,22.52,22.11,22.18,9150039.0,209848105.0,590041976.0,0.01550743738950532
2020-12-04,22.12,22.29,21.89,22.11,7315972.0,166340666.0,590041976.0,0.01239907040105228
2020-12-07,22.05,22.22,21.84,21.88,7393346.0,167665460.0,590041976.0,0.012530203444373252
2020-12-08,21.84,22.12,21.76,21.95,6527907.0,147531301.0,590041976.0,0.011063462034097723
2020-12-09,21.89,21.89,20.92,21.04,11472007.0,254005561.0,590041976.0,0.01944269639555271
2020-12-10,21.11,21.17,20.72,20.78,9959088.0,214747883.0,590041976.0,0.016878609327957372
2020-12-11,20.81,20.88,19.94,20.13,11255647.0,235464486.0,590041976.0,0.019076010619285162
2020-12-14,20.2,20.52,20.05,20.27,7169638.0,149600667.0,590041976.0,0.012151064316820741
2020-12-15,20.16,20.31,20.08,20.25,6428532.0,133928893.0,590041976.0,0.010895041813092973
2020-12-16,20.29,20.29,19.88,19.98,6072665.0,125747379.0,590041976.0,0.01029192031585224
2020-12-17,19.99,20.42,19.72,20.27,8992008.0,186814343.0,590041976.0,0.015239607291939515
2020-12-18,20.3,20.45,19.98,20.1,7822561.0,163095284.0,590041976.0,0.01325763474156625
2020-12-21,20.13,20.69,20.02,20.47,14247928.0,300211856.0,590041976.0,0.024147312529507223
2020-12-22,20.44,20.95,20.34,20.36,15415310.0,328627343.0,590041976.0,0.02612578532887294
2020-12-23,20.61,21.0,20.23,20.75,16432561.0,350751729.0,590041976.0,0.027849816908619398
2020-12-24,20.92,21.11,20.43,20.46,12601405.0,269556946.0,590041976.0,0.02135679411391572
2020-12-25,20.39,20.43,19.87,20.08,11579922.0,240587118.0,590041976.0,0.019625590163097142
2020-12-28,20.14,20.24,18.76,18.9,24498318.0,487402110.0,590041976.0,0.041519618936399195
2020-12-29,18.9,19.76,18.76,19.24,15993286.0,318428938.0,590041976.0,0.027105335976978017
2020-12-30,19.08,19.43,18.8,19.29,12452365.0,246415047.0,590041976.0,0.02110420191528882
2020-12-31,19.29,19.64,19.13,19.43,12853512.0,257194547.0,589877711.0,0.02179012998848502
2021-01-04,19.43,20.26,19.34,20.26,23763366.0,485916106.0,589877711.0,0.04028524142693027
2021-01-05,20.2,20.2,19.47,19.96,20094092.0,410268163.0,589877711.0,0.03406484365367045
2021-01-06,19.98,20.01,19.28,19.33,18066598.0,362337473.0,589877711.0,0.03062770073032985
2021-01-07,19.26,19.33,18.4,18.81,19252762.0,375052301.0,589877711.0,0.03263856497876727
2021-01-08,18.88,19.07,18.35,18.71,12214604.0,235833305.0,589877711.0,0.020707010575620816
2021-01-11,18.83,18.87,18.2,18.27,17302812.0,329030273.0,589877711.0,0.02933287981108342
2021-01-12,18.5,20.1,18.29,20.1,47357833.0,964751846.0,589877711.0,0.08028415401510229
2021-01-13,19.98,21.4,19.94,21.07,61020587.0,1305944536.0,589877711.0,0.10344616496282566
2021-01-14,20.86,21.07,20.15,20.76,32284166.0,688369952.0,589877711.0,0.05473026933882572
2021-01-15,20.74,20.98,20.3,20.78,19315323.0,411660577.0,589877711.0,0.0327446225544874
2021-01-18,20.54,20.54,18.71,19.47,52859004.0,1050252176.0,589877711.0,0.08961010564442229
2021-01-19,19.33,20.26,19.23,19.53,26468670.0,537587106.0,589877711.0,0.04487145302562551
2021-01-20,19.37,19.81,19.03,19.72,24575891.0,493374440.0,589877711.0,0.04166268794651914
2021-01-21,19.53,21.7,19.53,21.26,58381429.0,1286182058.0,589877711.0,0.09897208847072372
2021-01-22,21.29,21.65,20.74,21.5,40519659.0,885585607.0,589877711.0,0.06869162581394773
2021-01-25,21.51,22.43,21.19,22.03,37747911.0,855321884.0,589877711.0,0.06399277391920306
2021-01-26,21.77,22.45,21.54,21.81,26096344.0,593243474.0,589877711.0,0.044240261181863846
2021-01-27,22.19,22.26,20.93,21.58,29836225.0,660477559.0,589877711.0,0.050580356646159154
2021-01-28,21.13,21.66,20.68,20.69,24630746.0,534487588.0,589877711.0,0.04175568179757855
2021-01-29,20.88,21.0,19.95,20.25,20502448.0,429714782.0,589877711.0,0.03475711595415749
2021-02-01,20.24,20.66,20.15,20.45,19049595.0,401356475.0,589877711.0,0.032294142743087985
2021-02-02,20.5,20.51,19.45,19.86,28056139.0,573048887.0,589877711.0,0.04756263624953275
2021-02-03,20.14,20.34,19.49,19.52,22528272.0,461858841.0,589877711.0,0.038191427782223834
2021-02-04,19.21,19.99,19.04,19.77,19972207.0,402400617.0,589877711.0,0.03385821608031567
2021-02-05,19.86,20.71,19.71,20.55,28445731.0,598625138.0,589877711.0,0.048223098566950263
2021-02-08,20.5,20.66,19.64,20.22,20974076.0,435984760.0,589877711.0,0.03555665116493951
2021-02-09,20.05,21.82,20.02,21.71,31521455.0,695713313.0,589877711.0,0.05343727083120793
2021-02-10,21.76,21.8,21.34,21.42,18978108.0,421657118.0,589877711.0,0.03217295321741696
2021-02-18,21.79,22.35,21.32,22.09,29267974.0,662045049.0,589877711.0,0.04961701968766201
2021-02-19,22.09,23.13,21.89,22.57,35278346.0,824427945.0,589877711.0,0.05980620278090148
2021-02-22,22.86,24.63,22.86,23.49,40679537.0,1000372915.0,589877711.0,0.06896266165242511
2021-02-23,23.25,24.58,23.15,24.14,33089458.0,823821589.0,589877711.0,0.056095453994870474
2021-02-24,23.94,24.82,23.64,24.6,35808809.0,901126522.0,589877711.0,0.06070547900393544
2021-02-25,24.72,25.95,23.97,25.78,42261938.0,1099208965.0,589877711.0,0.07164525326504496
2021-02-26,25.19,25.93,24.33,24.61,36550832.0,944587726.0,589877711.0,0.06196340583548511
2021-03-01,25.05,26.52,24.99,26.25,31823512.0,851236228.0,589877711.0,0.053949337984055476
2021-03-02,26.39,26.8,25.43,25.97,24850616.0,669803632.0,589877711.0,0.042128420071800274
2021-03-03,25.85,26.33,24.99,25.71,28420400.0,750797240.0,589877711.0,0.048180155767913055
2021-03-04,25.48,25.99,25.21,25.34,20131231.0,531782903.0,589877711.0,0.034127804161089924
2021-03-05,25.07,26.79,24.9,25.81,21363806.0,574946176.0,589877711.0,0.03621734742915214
2021-03-08,26.14,26.47,24.91,24.95,19922913.0,526802418.0,589877711.0,0.03377464960699286
2021-03-09,24.59,24.75,23.25,23.5,25789790.0,638673845.0,589877711.0,0.04372057041497539
2021-03-10,23.94,24.39,23.25,23.85,14130343.0,347456229.0,589877711.0,0.023954698976581604
2021-03-11,23.86,24.78,23.6,24.74,13458668.0,340277998.0,589877711.0,0.022816030762009925
2021-03-12,24.6,25.19,24.16,24.83,12617193.0,321048057.0,589877711.0,0.02138950627344521
2021-03-15,24.83,25.13,24.31,24.7,9996406.0,254415891.0,589877711.0,0.0169465735246267
2021-03-16,24.88,25.82,24.59,25.4,17499396.0,457521343.0,589877711.0,0.029666142106528924
2021-03-17,25.63,25.78,24.9,25.44,12257177.0,321125965.0,589877711.0,0.020779183161914724
2021-03-18,27.61,27.99,26.26,26.89,40456325.0,1141488158.0,589877711.0,0.06858425779712161
2021-03-19,26.64,29.58,26.54,28.89,58421683.0,1738268185.0,589877711.0,0.09904032973369967
2021-03-22,28.75,29.25,27.9,28.76,33600421.0,988509034.0,589877711.0,0.056961672518594283
2021-03-23,28.37,28.51,27.7,28.04,19378464.0,561645181.0,589877711.0,0.03285166338485368
2021-03-24,27.7,28.85,27.68,27.75,18597125.0,541960679.0,589877711.0,0.03152708545042822
2021-03-25,27.22,28.36,27.05,27.79,12513463.0,359672790.0,589877711.0,0.021213656265781502
2021-03-26,27.65,28.6,27.28,28.26,17080150.0,495513151.0,589877711.0,0.028955408352427135
2021-03-29,28.24,29.23,27.99,28.4,14282437.0,422715063.0,589877711.0,0.02421253885960102
2021-03-30,28.53,29.14,28.17,28.96,13659374.0,406202388.0,589877711.0,0.023156280946509605
2021-03-31,29.05,29.17,28.08,28.78,12895403.0,380406152.0,589877711.0,0.021861146402936387
2021-04-01,28.61,29.01,27.7,28.72,10293877.0,302801871.0,589877711.0,0.017450866184703154
2021-04-02,28.69,30.46,28.69,29.47,15614921.0,481078052.0,589877711.0,0.026471454521528784
2021-04-06,29.46,30.12,28.85,28.94,11623004.0,351813379.0,589877711.0,0.01970409083654968
2021-04-07,28.99,29.45,28.66,29.22,8332209.0,250610647.0,589877711.0,0.014125315882633849
2021-04-08,29.06,29.42,28.67,28.67,7805745.0,233088581.0,589877711.0,0.013232819030858415
2021-04-09,28.5,29.12,28.34,28.94,6953954.0,206656051.0,589877711.0,0.011788806171725312
2021-04-12,28.94,30.5,28.58,28.8,13131493.0,400692844.0,589877711.0,0.022261381901917635
2021-04-13,29.05,29.79,28.51,29.32,9168708.0,278108923.0,589877711.0,0.015543404724441266
2021-04-14,29.57,29.74,28.84,29.23,7865496.0,236698721.0,589877711.0,0.01333411290734462
2021-04-15,29.52,29.52,28.21,28.83,8603427.0,255459944.0,589877711.0,0.014585102707839049
2021-04-16,28.89,29.04,27.71,28.94,12061216.0,355483351.0,589877711.0,0.020446977017580515
2021-04-19,28.56,28.57,27.32,28.08,16119290.0,465721513.0,589877711.0,0.02732649445708587
2021-04-20,27.94,28.65,27.42,28.05,11138853.0,324737474.0,589877711.0,0.018883325801744014
2021-04-21,27.98,28.44,27.9,28.03,7611731.0,220828233.0,589877711.0,0.012903913570655325
2021-04-22,28.22,30.27,28.19,30.13,20645688.0,630131113.0,589877711.0,0.03499994594642346
2021-04-23,30.19,31.68,29.84,31.61,21459254.0,688347281.0,589877711.0,0.03637915723857551
2021-04-26,31.58,31.58,30.27,30.92,17683259.0,563178021.0,589877711.0,0.02997783891515779
2021-04-27,30.86,31.39,30.49,30.91,9017347.0,287990546.0,589877711.0,0.015286807471862587
2021-04-28,31.16,32.16,30.62,31.09,11272739.0,364462430.0,589877711.0,0.019110298269940904
2021-04-29,31.22,31.54,30.16,30.22,10741330.0,339894051.0,589877711.0,0.018209418324673737
2021-04-30,30.68,31.24,30.03,30.58,9485926.0,300443412.0,589877711.0,0.016081173814685802
2021-05-06,30.59,30.7,29.64,30.03,8344870.0,258910176.0,589877711.0,0.014146779653452611
2021-05-07,30.32,30.32,29.17,29.23,11396613.0,348668802.0,589877711.0,0.019320297728625316
2021-05-10,28.96,29.22,27.7,27.98,18063888.0,527418978.0,589877711.0,0.030623106557759055
2021-05-11,27.99,28.24,27.38,28.02,7992230.0,229834745.0,589877711.0,0.013548960828594522
2021-05-12,27.7,27.91,27.39,27.7,8175354.0,233498804.0,589877711.0,0.013859404835182864
2021-05-13,27.39,28.16,27.22,27.45,9342535.0,265877233.0,589877711.0,0.015838087837158506
2021-05-14,27.69,28.33,27.45,28.14,7800675.0,225447414.0,589877711.0,0.013224224029037775
2021-05-17,28.14,29.16,27.96,28.43,20276614.0,596293131.0,589877711.0,0.03437426710974675
2021-05-18,28.39,28.39,26.37,27.69,15232967.0,431252888.0,589877711.0,0.025823940650641062
2021-05-19,27.7,28.03,27.08,27.54,7529432.0,212896814.0,589877711.0,0.012764394822166793
2021-05-20,27.64,27.77,27.07,27.57,7777430.0,220475908.0,589877711.0,0.01318481755619344
2021-05-21,27.61,27.65,26.98,27.0,8328097.0,233858132.0,589877711.0,0.014118344946245986
2021-05-24,26.76,27.36,26.68,27.0,8149670.0,227084094.0,589877711.0,0.013815863607024814
2021-05-25,27.03,27.14,26.3,27.06,10201858.0,281930185.0,589877711.0,0.017294869444558485
2021-05-26,27.12,27.66,26.66,27.35,7509709.0,211576794.0,589877711.0,0.012730959078397861
2021-05-27,28.09,28.58,27.38,27.86,18225747.0,524103810.0,589877711.0,0.030897500719433015
2021-05-28,27.69,28.07,26.74,26.86,13570921.0,382530597.0,589877711.0,0.023006329527172117
2021-05-31,26.85,27.08,26.55,26.84,8092462.0,223927656.0,589877711.0,0.013718880793581977
2021-06-01,26.83,26.91,26.35,26.69,9051286.0,248674500.0,589877711.0,0.015344343126061937
2021-06-02,26.7,26.81,26.11,26.29,8268095.0,225108382.0,589877711.0,0.014016625557835326
2021-06-03,26.4,26.4,25.67,25.83,8463748.0,226925794.0,589877711.0,0.014348309560047099
2021-06-04,25.83,26.24,25.55,25.88,6142314.0,164531361.0,589877711.0,0.010412859963105132
2021-06-07,25.96,26.4,25.82,26.18,6123506.0,164781544.0,589877711.0,0.01038097538830383
2021-06-08,26.06,26.49,26.04,26.23,6286903.0,170583555.0,589877711.0,0.010657976870056715
2021-06-09,26.16,26.16,25.77,26.02,5017982.0,134610016.0,589877711.0,0.008506817441013633
2021-06-10,26.04,26.47,25.91,26.4,6704963.0,181661474.0,589877711.0,0.011366700037933795
2021-06-11,26.38,27.73,25.76,27.46,20430372.0,567617674.0,589877711.0,0.034634927916440635
2021-06-15,27.5,28.48,26.91,27.95,21192569.0,610043043.0,590494711.0,0.03588951535926627
2021-06-16,28.29,28.3,26.99,27.07,11639618.0,328735062.0,590494711.0,0.01971163802684763
2021-06-17,27.32,27.46,26.44,27.3,12922908.0,358491423.0,590494711.0,0.02188488357180222
2021-06-18,27.12,27.22,26.72,26.93,9042694.0,251785669.0,590494711.0,0.01531375951646754
2021-06-21,27.02,27.29,26.23,27.29,11689281.0,322360228.0,590494711.0,0.019795742082438398
2021-06-22,27.17,27.58,26.88,27.26,8703145.0,244652905.0,590494711.0,0.01473873489105646
2021-06-23,27.41,27.91,26.99,27.48,10625092.0,299431260.0,590494711.0,0.017993543044621783
2021-06-24,27.48,27.98,27.29,27.88,10695010.0,303729324.0,590494711.0,0.018111948846905083
2021-06-25,27.9,27.95,27.28,27.88,10753028.0,304017616.0,590494711.0,0.018210202055476157
2021-06-28,27.71,30.27,27.51,30.21,22829666.0,689418721.0,590494711.0,0.03866193138519068
2021-06-29,30.2,30.62,29.55,29.66,11589303.0,356731588.0,590494711.0,0.01962642981234086
2021-06-30,29.82,30.2,29.19,30.04,9333083.0,284426216.0,590494711.0,0.01580553191440863
2021-07-01,30.04,30.82,29.34,29.34,9679444.0,297512860.0,590494711.0,0.016392092629598506
2021-07-02,28.79,30.05,28.57,29.34,9571254.0,287684226.0,590494711.0,0.016208873376344263
2021-07-05,29.43,29.52,28.83,29.22,9266709.0,276746715.0,590494711.0,0.01569312785936198
2021-07-06,29.17,29.95,28.23,28.59,11369678.0,335677213.0,590494711.0,0.019254495913681436
2021-07-07,28.6,28.95,28.36,28.7,7834215.0,230287076.0,590494711.0,0.013267206046152037
2021-07-08,28.88,29.35,28.17,28.5,10872348.0,319344773.0,590494711.0,0.018412269911084776
2021-07-09,28.11,28.11,26.78,27.64,14804078.0,416950112.0,590494711.0,0.025070636068745416
2021-07-12,27.91,27.94,26.91,27.3,12860429.0,359911004.0,590494711.0,0.021779075680831966
2021-07-13,26.34,26.34,25.17,25.36,37165613.0,976334852.0,590494711.0,0.06293978981972626
2021-07-14,25.32,25.9,25.1,25.58,15247575.0,400095884.0,590494711.0,0.025821696140475678
2021-07-15,25.69,26.29,25.41,26.16,12256725.0,324881915.0,590494711.0,0.020756705812391266
2021-07-16,26.39,26.94,25.94,25.98,9777548.0,264246489.0,590494711.0,0.016558231289560188
2021-07-19,26.15,26.46,25.38,25.68,8628419.0,227947976.0,590494711.0,0.014612186763515313
2021-07-20,25.47,26.17,25.46,26.0,5711926.0,151665348.0,590494711.0,0.00967311966321744
2021-07-21,25.97,26.32,25.81,26.0,7968734.0,213065497.0,590494711.0,0.013495013336368393
2021-07-22,25.76,25.96,25.28,25.66,9874914.0,258977604.0,590494711.0,0.016723120150012656
2021-07-23,25.58,25.77,24.6,24.91,11872129.0,302181215.0,590494711.0,0.02010539430555543
2021-07-26,25.01,25.84,24.82,25.34,14718669.0,382106156.0,590494711.0,0.024925996331235555
2021-07-27,25.36,26.93,24.88,25.93,19539624.0,522261750.0,590494711.0,0.033090260820303946
2021-07-28,25.61,25.85,24.39,25.18,11899633.0,307803023.0,590494711.0,0.020151972199459717
2021-07-29,25.37,25.7,25.01,25.52,8727712.0,226563268.0,590494711.0,0.014780338989352946
2021-07-30,25.51,28.08,25.51,27.85,35454059.0,997543126.0,590494711.0,0.06004128121648832
2021-08-02,28.04,28.29,27.03,27.62,24996231.0,707008056.0,590494711.0,0.04233099896469691
2021-08-03,27.63,28.29,27.22,27.71,13808746.0,391361562.0,590494711.0,0.0233850460347307
2021-08-04,27.61,29.05,27.41,28.66,19999219.0,583657247.0,590494711.0,0.033868582778889614
2021-08-05,28.78,29.96,27.98,29.9,24682523.0,741779743.0,590494711.0,0.04179973595055621
2021-08-06,29.7,31.71,29.7,30.01,25017695.0,785231403.0,590494711.0,0.04236734814717079
2021-08-09,30.73,31.41,29.46,30.36,17677808.0,551152605.0,590494711.0,0.029937284230815066
2021-08-10,30.36,31.74,30.35,31.72,22764330.0,729798951.0,590494711.0,0.038551285178234224
2021-08-11,32.68,34.66,31.52,33.28,40364663.0,1362949267.0,590494711.0,0.0683573658630111
2021-08-12,33.87,34.62,32.75,33.3,22905719.0,786727693.0,590494711.0,0.03879072678095503
2021-08-13,32.94,34.05,32.33,32.85,20950870.0,707393702.0,590494711.0,0.03548019924601831
2021-08-16,32.2,32.23,30.15,30.44,30232197.0,960046007.0,590494711.0,0.051198082619236196
2021-08-17,31.06,31.22,29.17,29.34,19101631.0,587253818.0,590494711.0,0.032348521746539405
2021-08-18,30.24,30.24,28.9,29.17,12938816.0,387627291.0,590494711.0,0.021911823694556343
2021-08-19,29.2,29.44,28.72,28.93,12073174.0,360026493.0,590494711.0,0.020445863062099466
2021-08-20,28.75,29.74,28.49,29.48,13459013.0,405132904.0,590494711.0,0.022792774853490603
2021-08-23,30.05,31.45,29.85,31.3,15450217.0,485578749.0,590494711.0,0.0261648694089658
2021-08-24,31.05,31.87,30.7,31.08,14045735.0,449477511.0,590494711.0,0.02378638578525727
2021-08-25,30.92,31.1,30.05,30.66,9890810.0,309556070.0,590494711.0,0.01675003995082354
2021-08-26,30.66,30.86,30.07,30.19,10742964.0,334925507.0,590494711.0,0.018193158719079533
2021-08-27,29.85,31.59,29.76,31.49,14246329.0,453824318.0,590494711.0,0.024126090775434567
2021-08-30,31.41,32.95,31.0,32.83,14788012.0,487217582.0,590494711.0,0.025043428373738644
2021-08-31,32.35,32.7,30.83,31.85,19102382.0,622067334.0,590494711.0,0.03234979356148712
2021-09-01,31.29,31.87,30.01,30.64,12181405.0,384482124.0,590494711.0,0.02062915174865978
2021-09-02,30.54,33.71,30.36,33.71,29797288.0,1016618808.0,590494711.0,0.050461566284884136
2021-09-03,34.15,37.02,33.78,34.89,58477290.0,2136140732.0,590494711.0,0.09903101401360392
2021-09-06,35.71,36.59,34.36,35.0,22616354.0,819227632.0,590494711.0,0.038300688522170355
2021-09-07,35.12,37.99,34.59,37.56,24881659.0,930676502.0,590494711.0,0.04213697182462994
2021-09-08,37.56,39.22,37.08,38.29,26035152.0,1020275820.0,590494711.0,0.04409040676403281
2021-09-09,38.32,38.54,36.08,36.45,16587542.0,624400258.0,590494711.0,0.02809092391684436
2021-09-10,37.62,38.83,36.61,37.26,19644957.0,760187649.0,590494711.0,0.033268641757571986
2021-09-13,37.47,38.68,36.22,36.54,14967178.0,567478631.0,590494711.0,0.025346845147271778
2021-09-14,36.78,36.99,35.77,36.3,10417263.0,388383382.0,590494711.0,0.017641585616166508
2021-09-15,36.21,38.54,36.12,38.54,14906356.0,574977316.0,590494711.0,0.025243843377963805
2021-09-16,37.85,38.6,36.94,37.01,12100871.0,466453341.0,590494711.0,0.02049276780059085
2021-09-17,36.73,40.57,36.68,38.64,16732646.0,665940898.0,590494711.0,0.028336656854492978
2021-09-22,38.51,42.44,37.75,41.76,26843621.0,1121420033.0,590494711.0,0.04545954519142171
2021-09-23,41.85,43.41,40.7,40.88,18539694.0,794911287.0,590494711.0,0.03139688409503807
2021-09-24,40.75,42.14,39.72,40.21,11160750.0,464741608.0,590494711.0,0.018900677333924504
2021-09-27,40.79,40.88,37.85,39.63,13039263.0,524156806.0,590494711.0,0.02208193021393548
2021-09-28,39.39,42.01,39.02,40.14,11207886.0,468064761.0,590494711.0,0.01898050192696815
2021-09-29,40.04,40.05,37.3,38.8,18065444.0,716790460.0,590494711.0,0.0305937439632715
2021-09-30,38.78,40.0,38.47,38.6,10321393.0,413657740.0,592984311.0,0.01740584499207771
2021-10-08,39.31,39.71,37.07,37.43,11182325.0,436725419.0,592984311.0,0.018857708024588866
2021-10-11,38.0,38.01,36.39,36.84,12343494.0,468328921.0,592984311.0,0.02081588630765646
2021-10-12,36.99,37.07,34.58,35.71,19646757.0,717255522.0,592984311.0,0.0331320013625116
2021-10-13,35.71,36.25,34.31,35.38,7891175.0,284746496.0,592984311.0,0.013307561184363274
2021-10-14,35.32,37.06,34.95,36.49,6511300.0,241882435.0,592984311.0,0.010980560327168588
2021-10-15,36.38,36.59,34.32,35.9,11539561.0,418381306.0,592984311.0,0.01946014554843762
2021-10-18,35.85,39.08,35.51,38.05,14718219.0,565948154.0,592984311.0,0.02482058753827637
2021-10-19,38.21,39.06,37.56,38.2,10314725.0,403876318.0,592984311.0,0.01739460017518069
2021-10-20,37.81,38.72,36.34,37.61,12085293.0,462415815.0,592984311.0,0.02038045994778435
2021-10-21,37.23,39.01,36.97,38.34,9820311.0,384629665.0,592984311.0,0.016560827694478412
2021-10-22,38.16,38.64,37.17,38.07,7127013.0,275407681.0,592984311.0,0.012018889653220522
2021-10-25,37.44,41.87,36.97,41.87,25701016.0,1073255166.0,592984311.0,0.043341814485206506
2021-10-26,41.95,43.22,41.41,41.54,19211949.0,826536069.0,592984311.0,0.03239874756146795
2021-10-27,41.33,42.42,40.22,41.03,13657376.0,573975346.0,592984311.0,0.023031597542552858
2021-10-28,41.07,42.74,40.52,40.82,14015330.0,593188089.0,592984311.0,0.0236352458910165
2021-10-29,40.8,41.24,39.14,40.42,12794984.0,525942239.0,592984311.0,0.02157727238756575
2021-11-01,40.37,41.47,39.61,40.6,12504243.0,520615480.0,592984311.0,0.021086971051414546
2021-11-02,40.74,40.94,39.02,40.29,9986962.0,409389254.0,592984311.0,0.01684186548402627
2021-11-03,40.01,40.93,37.74,39.02,12033677.0,482712936.0,592984311.0,0.020293415486333163
2021-11-04,39.53,41.29,39.22,41.17,15748726.0,657263965.0,592984311.0,0.02655841935082832
2021-11-05,41.17,41.84,39.66,40.08,9536832.0,396883366.0,592984311.0,0.016082772888067184
2021-11-08,40.32,40.35,37.76,38.54,16304362.0,642483542.0,592984311.0,0.027495435709765346
2021-11-09,38.38,39.57,38.32,39.02,9261511.0,369997826.0,592984311.0,0.015618475612586655
2021-11-10,39.02,39.57,38.11,38.55,9377184.0,372276466.0,592984311.0,0.01581354485447761
2021-11-11,38.78,38.92,37.54,38.45,12204258.0,476384148.0,592984311.0,0.020581080769943
2021-11-12,38.71,42.29,38.68,42.29,13913645.0,593119017.0,592984311.0,0.023463765806107473
2021-11-15,45.47,46.53,43.91,44.46,52149806.0,2434532903.0,592984311.0,0.08794466401995583
2021-11-16,43.53,45.88,42.44,44.7,21002503.0,958016426.0,592984311.0,0.03541831142982803
2021-11-17,45.12,48.59,43.91,47.75,21035588.0,1020005355.0,592984311.0,0.035474105486072466
2021-11-18,47.75,49.28,47.02,48.17,13485859.0,667056132.0,592984311.0,0.022742353802342
2021-11-19,48.23,48.23,45.74,47.49,18999370.0,913479832.0,592984311.0,0.032040257469813566
2021-11-22,47.45,49.86,46.99,49.16,15792739.0,792589854.0,592984311.0,0.02663264222516673
2021-11-23,48.91,51.56,47.59,49.76,20511349.0,1048540817.0,592984311.0,0.03459003656506521
2021-11-24,49.46,50.62,47.83,48.2,12592040.0,627495449.0,592984311.0,0.02123503061786739
2021-11-25,48.59,53.01,48.14,51.81,19958965.0,1057991817.0,592984311.0,0.03365850433098558
2021-11-26,52.48,53.66,51.22,53.01,19456781.0,1047924291.0,592984311.0,0.03281162863683252
2021-11-29,52.03,55.43,51.79,54.49,19542157.0,1083354536.0,592984311.0,0.03295560546457695
2021-11-30,54.15,55.05,52.27,53.44,16146932.0,884847344.0,592984311.0,0.02722994807867691
2021-12-01,52.99,54.02,52.0,53.09,10670433.0,578804589.0,592984311.0,0.017994460902355982
2021-12-02,53.17,53.17,50.15,50.71,15245851.0,798940518.0,592984311.0,0.025710378364462327
2021-12-03,50.27,51.49,49.98,50.55,9864208.0,511064224.0,592984311.0,0.01663485494812695
2021-12-06,50.24,52.02,49.07,50.5,12013481.0,626848707.0,592984311.0,0.020259357249672663
2021-12-07,50.65,51.22,48.39,49.65,16618155.0,842981751.0,592984311.0,0.02802461159887247
2021-12-08,49.65,50.84,49.27,50.28,10783867.0,552753813.0,592984311.0,0.01818575432765539
2021-12-09,50.31,50.62,47.82,48.6,17894152.0,891634450.0,592984311.0,0.03017643412828843
2021-12-10,48.85,49.56,47.96,48.39,9129461.0,453022589.0,592984311.0,0.0153957884393336
2021-12-13,48.98,52.98,47.72,51.55,31140835.0,1613124811.0,592984311.0,0.052515445050282286
2021-12-14,51.42,54.44,50.32,54.08,22193211.0,1214808972.0,592984311.0,0.03742630384701696
2021-12-15,54.05,58.52,52.95,56.1,26681501.0,1543563478.0,592984311.0,0.044995289934407726
2021-12-16,56.08,56.39,53.75,54.78,10706621.0,601257368.0,592984311.0,0.01805548781205444
2021-12-17,54.73,57.17,53.23,54.05,15582744.0,878898465.0,592984311.0,0.026278509753017733
2021-12-20,54.05,54.54,50.84,51.22,14237182.0,758025556.0,592984311.0,0.02400937383316369
2021-12-21,51.71,52.1,50.05,51.26,9629184.0,503263700.0,592984311.0,0.01623851393936795
2021-12-22,50.73,51.93,50.23,51.53,7326145.0,384855460.0,592984311.0,0.012354702922317282
2021-12-23,51.49,54.96,50.74,54.89,12133312.0,663074333.0,592984311.0,0.02046143848146431
2021-12-24,54.16,54.93,52.47,52.79,8875456.0,485172872.0,592984311.0,0.014967438152001968
2021-12-27,52.88,54.62,47.51,48.29,35163925.0,1775159435.0,592984311.0,0.05929992471588342
2021-12-28,49.08,50.62,48.02,48.83,21660216.0,1083563127.0,592984311.0,0.03652746893669502
2021-12-29,49.17,50.88,47.54,48.29,12997719.0,652668853.0,592984311.0,0.021919161702745285
2021-12-30,48.21,49.56,47.81,48.66,7603583.0,379444453.0,592984311.0,0.012822570275387944
2021-12-31,48.66,49.37,47.52,48.01,10177248.0,502604502.0,593224711.0,0.01715580590505779
2022-01-04,48.18,48.64,46.16,46.44,14506028.0,693585951.0,593224711.0,0.024452838411850985
2022-01-05,46.43,46.68,44.25,44.61,13045621.0,603145242.0,593224711.0,0.021991027612469096
2022-01-06,44.0,45.76,43.81,45.01,17712663.0,810685193.0,593224711.0,0.0298582690025534
2022-01-07,44.88,45.37,42.96,43.85,14370522.0,647333733.0,593224711.0,0.02422441569531988
2022-01-10,43.41,44.86,43.1,43.77,8144346.0,366126435.0,593224711.0,0.013728939218110218
2022-01-11,43.73,44.94,43.16,43.91,10585766.0,476485066.0,593224711.0,0.017844445458375383
2022-01-12,46.1,47.76,44.46,45.37,18657842.0,869185226.0,593224711.0,0.03145155900290877
2022-01-13,44.86,45.27,42.83,43.66,13685197.0,612617669.0,593224711.0,0.023069162066648972
2022-01-14,42.83,45.62,42.83,45.01,12361693.0,567823691.0,593224711.0,0.0208381289092996
2022-01-17,44.05,47.02,44.05,45.85,12367904.0,579324101.0,593224711.0,0.02084859880356535
2022-01-18,45.46,46.35,44.66,45.9,15693573.0,730540299.0,593224711.0,0.026454685229725706
2022-01-19,45.7,48.11,45.25,46.83,13474887.0,652010698.0,593224711.0,0.02271464210802237
2022-01-20,47.19,47.47,45.27,45.84,8409354.0,396539932.0,593224711.0,0.014175663697192142
2022-01-21,45.76,46.7,44.68,45.29,8735963.0,407775251.0,593224711.0,0.014726229096683736
2022-01-24,45.37,47.27,45.13,46.49,7152508.0,339947736.0,593224711.0,0.012056996054569278
2022-01-25,46.1,46.62,44.59,44.78,7681801.0,356024536.0,593224711.0,0.0129492262502868
2022-01-26,44.84,47.9,44.5,46.71,11432399.0,546579621.0,593224711.0,0.019271616283024325
2022-01-27,46.54,47.42,45.51,45.94,8221480.0,389648263.0,593224711.0,0.013858964145544503
2022-01-28,47.03,47.03,43.61,44.39,13250440.0,608994376.0,593224711.0,0.022336291382170692
2022-02-07,44.93,45.35,43.81,44.74,6416330.0,291748281.0,593224711.0,0.01081601942910298
2022-02-08,44.67,44.67,41.76,43.24,9963786.0,437097538.0,593224711.0,0.016795972614161717
2022-02-09,42.73,44.63,41.54,44.36,9369897.0,415832626.0,593224711.0,0.015794852820957418
2022-02-10,44.39,44.49,42.47,42.96,8596970.0,378973016.0,593224711.0,0.01449192833775935
2022-02-11,42.53,42.95,40.59,41.07,10867564.0,464870693.0,593224711.0,0.018319472871722635
2022-02-14,40.68,42.53,40.25,41.84,7105763.0,304537149.0,593224711.0,0.011978197921023555
2022-02-15,41.94,44.08,41.47,43.81,7893502.0,346322211.0,593224711.0,0.013306091020203642
2022-02-16,44.2,44.55,43.2,43.46,5148307.0,231440635.0,593224711.0,0.00867851069676698
2022-02-17,43.38,45.06,42.76,44.63,5998167.0,272251386.0,593224711.0,0.010111121281325046
2022-02-18,43.97,44.62,43.61,44.22,3144022.0,142028432.0,593224711.0,0.005299883740008261
2022-02-21,44.17,45.46,43.73,45.01,4427844.0,203031881.0,593224711.0,0.007464024876064207
2022-02-22,44.75,44.75,43.14,44.51,3754515.0,169312951.0,593224711.0,0.006328992926931528
2022-02-23,44.48,46.39,44.0,45.2,6033276.0,281920918.0,593224711.0,0.01017030458800291
2022-02-24,45.37,46.22,44.33,45.1,5460768.0,252987873.0,593224711.0,0.00920522678631302
2022-02-25,45.54,46.31,44.88,45.23,4442938.0,207938745.0,593224711.0,0.007489468859971344
2022-02-28,45.3,46.03,44.54,45.89,4360891.0,202980635.0,593224711.0,0.007351162079288366
2022-03-01,45.92,46.63,44.97,45.13,4477796.0,209070921.0,593224711.0,0.00754822905548181
2022-03-02,44.85,45.07,43.29,43.51,6379155.0,286799481.0,593224711.0,0.010753353462377935
2022-03-03,43.6,44.0,41.56,41.75,7333906.0,318129945.0,593224711.0,0.0123627790009577
2022-03-04,41.47,42.36,40.98,41.41,3958026.0,169113772.0,593224711.0,0.006672051798597446
2022-03-07,40.98,41.41,39.2,39.56,11032982.0,452876388.0,593224711.0,0.018598318302354064
2022-03-08,39.89,40.63,37.76,38.36,11259529.0,448501245.0,593224711.0,0.018980209002116232
2022-03-09,38.55,39.66,36.68,38.39,8950085.0,352021473.0,593224711.0,0.015087174950808817
2022-03-10,39.22,39.87,38.55,38.57,6211079.0,249271394.0,593224711.0,0.01047002743619694
2022-03-11,37.97,38.91,37.37,38.8,5786149.0,225884035.0,593224711.0,0.009753722143917906
2022-03-14,38.21,38.88,37.36,37.5,7101609.0,276697711.0,593224711.0,0.011971195515488227
2022-03-15,37.39,38.24,35.51,35.56,14795572.0,556132850.0,593224711.0,0.02494092327182237
2022-03-16,36.59,36.75,34.21,36.15,15823902.0,573190408.0,593224711.0,0.026674381067716513
2022-03-17,36.61,38.11,36.12,37.27,10858210.0,414752725.0,593224711.0,0.01830370481650418
2022-03-18,37.07,37.12,35.46,36.29,9316441.0,346148389.0,593224711.0,0.015704741942214877
2022-03-21,36.25,38.13,36.1,37.4,9343349.0,359133900.0,593224711.0,0.015750100807921334
2022-03-22,37.95,37.95,36.59,36.93,6751507.0,255882430.0,593224711.0,0.011381027922149387
2022-03-23,37.25,38.49,36.8,37.72,6326389.0,245372171.0,593224711.0,0.01066440571792027
2022-03-24,37.37,37.56,36.59,36.81,4301457.0,162661761.0,593224711.0,0.007250974074813954
2022-03-25,37.14,37.15,35.42,35.53,5972274.0,219712801.0,593224711.0,0.010067473403008662
2022-03-28,35.28,35.7,34.68,35.55,7287410.0,262820516.0,593224711.0,0.012284400607175651
2022-03-29,33.56,34.34,32.59,33.1,30238984.0,1033495890.0,593224711.0,0.05097391163801334
2022-03-30,33.72,34.29,32.51,33.19,15882379.0,539340433.0,593224711.0,0.02677295585550886
2022-03-31,33.0,33.13,31.58,32.0,13082902.0,430005636.0,593224711.0,0.02205387226359153
2022-04-01,32.2,32.53,31.57,32.31,8244629.0,271379486.0,593224711.0,0.013897986457951176
2022-04-06,32.5,32.53,30.63,30.91,14377720.0,456992763.0,593224711.0,0.02423654937732356
2022-04-07,30.91,31.06,29.41,29.83,15758083.0,482529915.0,593224711.0,0.02656342985685234
2022-04-08,30.14,30.2,29.03,29.47,12356470.0,374936079.0,593224711.0,0.020829324488473643
2022-04-11,29.48,29.56,28.02,28.15,11228124.0,328591900.0,593224711.0,0.018927269535135734
2022-04-12,27.91,29.32,27.91,28.94,13545105.0,399168117.0,593224711.0,0.022833008721378095
2022-04-13,28.61,29.17,28.34,28.58,8290714.0,244955978.0,593224711.0,0.013975672028267884
2022-04-14,28.72,29.57,28.72,29.17,6423436.0,191917559.0,593600336.0,0.010821146165928046
2022-04-15,29.18,30.0,28.63,29.59,6642527.0,199522660.0,593600336.0,0.01119023456886992
2022-04-18,30.05,31.59,28.9,31.49,9996321.0,313791647.0,593600336.0,0.016840153877540932
2022-04-19,31.51,31.86,29.85,30.06,13206946.0,412323367.0,593600336.0,0.022248885654269576
2022-04-20,29.96,30.07,29.08,29.2,7134054.0,215637639.0,593600336.0,0.012018278237632265
2022-04-21,29.26,29.46,28.32,28.41,5813909.0,171669136.0,593600336.0,0.009794315547692008
2022-04-22,28.3,28.78,27.81,28.15,8575851.0,249309953.0,593600336.0,0.01444718016466891
2022-04-25,27.4,27.84,26.15,26.15,10473864.0,288536879.0,593600336.0,0.017644639608155478
2022-04-26,26.29,26.34,24.36,24.59,9823567.0,255694857.0,593600336.0,0.016549126414241114
2022-04-27,24.59,27.04,24.04,27.04,10963882.0,289208026.0,593600336.0,0.01847014116245379
2022-04-28,27.14,28.41,26.57,27.89,12939049.0,366622314.0,593600336.0,0.021797576947463183
2022-04-29,27.94,30.31,27.57,29.35,14786704.0,442252254.0,593600336.0,0.024910201533309105
2022-05-05,29.43,30.05,28.76,29.78,7030435.0,211987638.0,593600336.0,0.011843718026466886
2022-05-06,29.17,31.02,29.07,29.91,5996326.0,185931509.0,593600336.0,0.010101621640591524
2022-05-09,29.91,30.61,29.17,30.29,5771926.0,178978201.0,593600336.0,0.009723589509558499
2022-05-10,30.12,31.4,29.7,30.76,6291915.0,198882079.0,593600336.0,0.010599581264387963
2022-05-11,30.81,32.59,30.33,31.09,10466364.0,342395848.0,593600336.0,0.017632004844417744
2022-05-12,30.83,31.66,30.68,30.98,4496373.0,143457683.0,593600336.0,0.0075747480708973185
2022-05-13,31.22,31.66,30.79,31.12,3465399.0,110740566.0,593600336.0,0.00583793301626433
2022-05-16,31.32,32.0,30.6,30.78,4255599.0,135553967.0,593600336.0,0.00716913172367207
2022-05-17,30.94,31.15,30.16,31.1,5794054.0,182598998.0,593600336.0,0.009760867116490312
2022-05-18,31.12,31.88,30.64,31.16,4437239.0,142540776.0,593600336.0,0.007475128855048357
2022-05-19,30.8,31.2,30.34,31.2,5170486.0,163212640.0,593600336.0,0.008710382535902068
2022-05-20,31.02,33.0,30.52,32.63,15934762.0,523231960.0,593600336.0,0.02684426041160462
2022-05-23,33.03,34.15,32.08,33.77,14435109.0,490542870.0,593600336.0,0.024317892232459924
2022-05-24,33.21,34.46,31.8,31.85,9613387.0,325677886.0,593600336.0,0.016195049795254834
2022-05-25,31.45,33.2,30.61,32.9,12265086.0,399065571.0,593600336.0,0.020662195177733187
2022-05-26,32.58,32.9,30.89,32.24,11979780.0,391025885.0,593600336.0,0.020181558657338766
2022-05-27,32.18,33.59,31.73,32.72,10288659.0,346395540.0,593600336.0,0.017332636752415854
2022-05-30,32.72,34.77,32.68,34.34,11322966.0,394765747.0,593600336.0,0.019075066696053893
2022-05-31,34.74,36.66,34.63,35.66,15172209.0,553424306.0,593600336.0,0.0255596368126045
2022-06-01,35.81,38.01,35.7,37.77,9327497.0,353421059.0,593600336.0,0.015713429447924032
2022-06-02,37.56,38.97,36.15,38.29,13247451.0,502824949.0,593600336.0,0.022317121801629168
2022-06-06,37.76,38.21,37.17,37.43,8527768.0,329595487.0,593600336.0,0.014366177852028709
2022-06-07,37.55,37.72,35.96,36.16,9464584.0,352549141.0,593600336.0,0.01594437102879268
2022-06-08,36.39,36.39,34.73,35.67,12583161.0,455324572.0,593600336.0,0.021198035507850523
2022-06-09,35.43,35.96,34.34,34.84,7254941.0,259957180.0,593600336.0,0.012221928728827405
2022-06-10,34.81,35.41,34.16,35.22,7519094.0,269555161.0,593600336.0,0.01266693016157592
2022-06-13,35.01,35.4,34.08,34.52,6437584.0,228839290.0,593600336.0,0.010844980384242909
2022-06-14,34.34,34.5,33.23,34.44,8761474.0,304554305.0,593600336.0,0.014759887197907516
2022-06-15,34.44,35.24,33.62,34.1,7285200.0,255647971.0,593600336.0,0.012272904104286086
2022-06-16,33.95,35.54,33.9,34.63,6636907.0,237215524.0,593600336.0,0.011180766919242444
2022-06-17,34.54,36.15,34.15,35.9,7652902.0,279062078.0,593600336.0,0.012892347823738428
2022-06-20,35.81,36.66,35.12,35.37,7920392.0,289666239.0,593600336.0,0.013342970884032654
2022-06-21,35.32,35.6,33.85,34.79,7656899.0,270314032.0,593600336.0,0.012899081310493058
2022-06-22,35.11,36.15,34.34,34.43,8782638.0,316111528.0,593600336.0,0.01479554081654024
2022-06-23,34.43,35.02,33.43,34.91,8920285.0,311967244.0,593600336.0,0.015027425793101304
2022-06-24,35.1,36.37,35.02,35.2,9103961.0,331222980.0,593600336.0,0.015336852841673593
2022-06-27,35.41,36.03,34.52,35.08,7852029.0,281668949.0,593600336.0,0.013227804170245617
2022-06-28,35.05,35.58,33.9,35.51,8378858.0,297257771.0,593600336.0,0.014115318829603898
2022-06-29,35.22,35.49,33.16,33.32,12220475.0,422484764.0,593600336.0,0.020587041918385975
2022-06-30,33.36,35.43,33.36,34.98,13049890.0,461711067.0,593600336.0,0.02198430359379042
2022-07-01,34.7,34.91,33.04,33.16,10775146.0,368108191.0,593600336.0,0.01815218985994644
2022-07-04,32.94,36.47,32.36,36.47,18758036.0,673016171.0,593600336.0,0.03160044707252322
2022-07-05,36.49,37.59,36.0,37.38,20235525.0,761602587.0,593600336.0,0.03408947699787016
2022-07-06,37.45,37.72,36.1,36.74,9476619.0,356775884.0,593600336.0,0.01596464561300383
2022-07-07,36.97,37.89,36.16,37.89,11402585.0,433071861.0,593600336.0,0.01920919566325852
2022-07-08,39.18,39.61,37.79,38.14,13966894.0,549907225.0,593600336.0,0.02352912077866479
2022-07-11,37.77,39.43,37.18,38.21,12783944.0,500440600.0,593600336.0,0.021536281610191003
2022-07-12,37.79,39.32,37.49,38.38,11151447.0,441395748.0,593600336.0,0.018786119757182886
2022-07-13,39.91,42.21,39.91,41.3,22076115.0,930724598.0,593600336.0,0.03719019963627514
2022-07-14,41.63,43.83,41.17,42.2,14561371.0,628145534.0,593600336.0,0.024530597637667104
2022-07-15,41.99,43.12,41.76,41.84,11271876.0,485247343.0,593600336.0,0.018988998685472443
2022-07-18,42.16,46.03,42.09,46.03,21335299.0,980192099.0,593600336.0,0.035942194951857305
2022-07-19,45.79,46.22,43.24,44.05,14081095.0,636612843.0,593600336.0,0.02372150779914653
2022-07-20,45.14,45.32,44.16,44.91,8904230.0,407392536.0,593600336.0,0.015000378975526725
2022-07-21,44.23,44.63,43.12,43.47,7899375.0,351321837.0,593600336.0,0.01330756490676919
2022-07-22,43.17,44.16,42.84,44.1,6266412.0,278378908.0,593600336.0,0.01055661801377417
2022-07-25,43.61,45.62,42.99,44.08,8227991.0,372679040.0,593600336.0,0.013861162976161119
2022-07-26,43.64,44.92,43.17,44.63,4729878.0,213278384.0,593600336.0,0.007968118805107954
2022-07-27,44.26,44.44,43.17,43.73,6012458.0,267930317.0,593600336.0,0.01012879817507381
2022-07-28,44.39,44.73,43.17,44.11,8531605.0,381966574.0,593600336.0,0.014372641797156934
2022-07-29,44.15,46.23,43.35,43.42,11119504.0,507105021.0,593600336.0,0.018732307456106292
2022-08-01,42.99,44.04,42.43,43.15,9248300.0,406832477.0,593600336.0,0.015580011396759047
2022-08-02,42.36,44.56,41.78,43.37,9750739.0,426950589.0,593600336.0,0.016426437804442213
2022-08-03,43.44,44.8,42.86,43.59,8211798.0,366905513.0,593600336.0,0.013833883678933767
2022-08-04,44.43,46.11,43.66,44.16,6961729.0,317677209.0,593600336.0,0.011727973482818245
2022-08-05,43.88,44.03,42.25,43.28,6357863.0,278889023.0,593600336.0,0.010710679584251448
2022-08-08,43.16,44.34,41.92,44.15,4852153.0,215615300.0,593600336.0,0.008174107569912157
2022-08-09,44.2,44.48,42.63,43.22,6656428.0,294716346.0,593600336.0,0.01121365268229902
2022-08-10,43.14,45.39,42.95,45.14,10378164.0,471252939.0,593600336.0,0.017483420022861983
2022-08-11,45.3,45.33,43.78,44.91,7824672.0,354280743.0,593600336.0,0.013181717606035856
2022-08-12,44.87,46.46,44.61,46.01,9599064.0,448820403.0,593600336.0,0.01617092076578609
2022-08-15,46.21,47.33,45.48,47.09,8685979.0,411119464.0,593600336.0,0.014632705666123477
2022-08-16,47.32,48.11,46.4,46.6,7237065.0,347289601.0,593600336.0,0.012191814190617304
2022-08-17,46.89,47.43,46.11,46.49,4639217.0,220346455.0,593600336.0,0.00781538809641105
2022-08-18,46.8,47.19,46.28,46.98,4193976.0,199688658.0,593600336.0,0.007065319450897346
2022-08-19,46.95,46.95,44.57,44.59,6868669.0,317029751.0,593600336.0,0.011571201334360431
2022-08-22,45.04,46.6,44.74,45.91,5799804.0,271110960.0,593600336.0,0.009770553768689242
2022-08-23,45.91,46.6,44.6,44.93,6575656.0,304342798.0,593600336.0,0.011077581330749112
2022-08-24,45.4,45.4,41.98,42.75,9644410.0,422222348.0,593600336.0,0.0162473122319796
2022-08-25,43.17,44.2,42.42,43.15,8074042.0,355249054.0,593600336.0,0.013601815077139714
2022-08-26,43.17,43.46,41.11,41.16,7350046.0,313790602.0,593600336.0,0.012382145956197707
2022-08-29,40.45,42.36,40.32,42.0,5549699.0,236271350.0,593600336.0,0.009349218090739086
2022-08-30,42.15,42.67,40.92,41.71,5312050.0,226937672.0,593600336.0,0.00894886622840456
2022-08-31,41.61,42.09,39.63,40.22,8618801.0,354619122.0,593600336.0,0.014519535245007004
2022-09-01,39.76,40.49,39.49,39.95,3972751.0,161686045.0,593600336.0,0.006692636036513295
2022-09-02,40.2,40.49,38.75,39.56,5265956.0,211645939.0,593600336.0,0.008871214655107608
2022-09-05,39.56,41.3,39.0,40.57,5707728.0,235581846.0,593600336.0,0.009615439301233819
2022-09-06,40.56,41.77,39.81,41.4,4709099.0,197272940.0,593600336.0,0.007933113771013769
2022-09-07,41.39,42.96,41.25,42.63,4921117.0,212138186.0,593600336.0,0.008290286749433376
2022-09-08,42.52,43.15,41.99,42.54,4870245.0,211227322.0,593600336.0,0.008204585989317904
2022-09-09,42.0,42.72,41.62,41.75,3545124.0,152306295.0,593600336.0,0.005972240554796451
2022-09-13,41.8,42.16,40.61,41.58,3696891.0,155547783.0,593600336.0,0.006227912579887758
2022-09-14,40.8,41.88,40.8,41.28,2999474.0,126707044.0,593600336.0,0.005053019376997118
2022-09-15,41.5,41.65,38.87,39.73,7195307.0,292017374.0,593600336.0,0.012121467195395927
2022-09-16,39.29,40.51,38.72,38.82,5097772.0,205438941.0,593600336.0,0.008587885974511981
2022-09-19,38.75,39.64,38.31,38.84,4542042.0,179509997.0,593600336.0,0.007651683674249133
2022-09-20,38.72,39.73,38.25,38.41,4037210.0,160491066.0,593600336.0,0.006801225934616048
2022-09-21,38.27,38.63,37.62,38.06,3425895.0,133154035.0,593600336.0,0.005771383188704933
2022-09-22,37.78,39.19,37.18,38.88,3451816.0,135422153.0,593600336.0,0.00581505061681771
2022-09-23,38.7,39.1,38.16,38.24,4404071.0,173694315.0,593600336.0,0.0074192528758945985
2022-09-26,37.96,40.11,37.77,38.92,2942065.0,117689449.0,593600336.0,0.0049563061568078355
2022-09-27,39.23,39.69,37.91,38.59,4650540.0,182230055.0,593600336.0,0.0078344632203847
2022-09-28,38.55,38.96,37.29,37.77,3152611.0,121606594.0,593600336.0,0.005310999352264517
2022-09-29,37.77,39.73,37.75,39.23,3941960.0,156579735.0,593600336.0,0.006640764435146816
2022-09-30,39.11,39.73,37.48,37.49,3874129.0,151421943.0,597013786.0,0.00648917845927263
2022-10-10,37.48,38.21,37.09,37.33,3474030.0,133157977.0,597013786.0,0.005819011355292221
2022-10-11,37.33,39.43,37.33,38.9,4669917.0,183880880.0,597013786.0,0.00782212590313618
2022-10-12,38.88,39.44,36.13,38.81,8629465.0,331999496.0,597013786.0,0.014454381460464297
2022-10-13,38.59,40.0,38.26,39.19,5475366.0,219667640.0,597013786.0,0.00917125555288266
2022-10-14,39.58,40.0,37.86,39.63,6530109.0,260533767.0,597013786.0,0.01093795344953726
2022-10-17,39.4,40.14,38.47,39.04,4047069.0,160920953.0,597013786.0,0.0067788535121029855
2022-10-18,39.1,41.39,38.93,41.24,7761176.0,321063778.0,597013786.0,0.012999994609839713
2022-10-19,41.24,41.35,39.93,40.21,7554489.0,313192545.0,597013786.0,0.012653793224131678
2022-10-20,40.09,40.14,38.07,38.88,6674540.0,264889694.0,597013786.0,0.01117987583623404
2022-10-21,39.08,39.34,38.44,38.85,4952347.0,196109590.0,597013786.0,0.008295197055968822
2022-10-24,36.32,36.79,34.96,34.96,15299457.0,548028547.0,597013786.0,0.02562663938215993
2022-10-25,34.96,35.81,32.94,35.42,13651600.0,477619833.0,597013786.0,0.022866473639521618
2022-10-26,35.43,36.46,34.73,35.99,5804302.0,211407218.0,597013786.0,0.009722224404379165
2022-10-27,35.99,36.67,34.74,34.88,5596383.0,203720153.0,597013786.0,0.009373959414732845
2022-10-28,34.73,34.95,33.36,33.54,7369381.0,255380213.0,597013786.0,0.012343736732404367
2022-10-31,33.43,33.85,32.45,32.82,8599383.0,289263570.0,597013786.0,0.014403994014302377
2022-11-01,32.97,35.2,32.83,35.12,9749960.0,342416409.0,597013786.0,0.016331214167305676
2022-11-02,34.85,35.37,34.32,35.05,4155786.0,147638606.0,597013786.0,0.006960954834634254
2022-11-03,34.85,36.49,34.83,35.96,6842359.0,250803462.0,597013786.0,0.0114609731976943
2022-11-04,35.81,38.24,35.61,37.57,7176610.0,274189304.0,597013786.0,0.012020844691181051
2022-11-07,38.26,38.51,36.1,36.36,10374545.0,386245037.0,597013786.0,0.01737739603889147
2022-11-08,36.26,36.75,35.54,36.35,5054166.0,187135327.0,597013786.0,0.00846574420644953
2022-11-09,36.34,36.59,35.81,36.1,3035726.0,111643162.0,597013786.0,0.005084850754183422
2022-11-10,36.3,36.3,34.76,35.69,5784894.0,209110904.0,597013786.0,0.00968971594233839
2022-11-11,36.59,37.36,35.71,36.59,7264939.0,271992664.0,597013786.0,0.01216879604853882
2022-11-14,36.46,37.57,36.46,36.75,5337685.0,201865647.0,597013786.0,0.008940639437763334
2022-11-15,36.75,37.43,36.47,37.06,3206966.0,120984735.0,597013786.0,0.0053716783015794545
2022-11-16,37.54,37.54,36.21,36.45,3067129.0,114606300.0,597013786.0,0.005137450879568131
2022-11-17,36.33,37.11,35.42,37.03,4607816.0,170928874.0,597013786.0,0.007718106529620406
2022-11-18,36.69,39.34,36.54,38.26,8709774.0,339561154.0,597013786.0,0.014588899292184853
2022-11-21,38.42,40.03,38.14,39.14,10130110.0,406547347.0,597013786.0,0.01696796663251592
2022-11-22,38.83,39.11,38.25,38.62,3330333.0,131201431.0,597013786.0,0.005578318420941791
2022-11-23,38.5,39.34,37.67,39.07,4173096.0,164268876.0,597013786.0,0.006989949139968436
2022-11-24,39.07,39.57,38.85,39.18,4144170.0,165589982.0,597013786.0,0.006941497997501853
2022-11-25,38.86,39.24,37.77,38.05,2846700.0,110947421.0,597013786.0,0.004768231599931597
2022-11-28,37.78,39.09,37.31,38.22,5925654.0,231574248.0,597013786.0,0.009925489392300231
2022-11-29,38.41,39.04,38.19,38.46,4345714.0,171119314.0,597013786.0,0.0072790848417694665
2022-11-30,38.36,38.9,36.97,37.1,6021239.0,230373540.0,597013786.0,0.010085594572852963
2022-12-01,37.56,38.41,37.54,38.14,5908910.0,229386709.0,597013786.0,0.009897443138775358
2022-12-02,38.21,39.04,37.67,37.82,4543680.0,177733648.0,597013786.0,0.00761067852459943
2022-12-05,37.89,38.45,36.91,37.08,5998797.0,228282562.0,597013786.0,0.010048004151113522
2022-12-06,37.14,37.74,36.72,37.51,7487201.0,284264431.0,597013786.0,0.01254108560903483
2022-12-07,37.38,38.6,37.12,37.9,5023954.0,194615668.0,597013786.0,0.008415139009872043
2022-12-08,37.82,38.24,36.87,37.06,3876666.0,147657110.0,597013786.0,0.006493427942382557
2022-12-09,36.97,37.27,36.64,36.94,3621587.0,136317022.0,597013786.0,0.0060661698019817585
2022-12-12,36.95,37.28,36.28,37.1,3228945.0,121189008.0,597013786.0,0.0054084931968388416
2022-12-13,36.81,37.43,36.49,36.57,2940205.0,110534977.0,597013786.0,0.004924852773835277
2022-12-14,36.49,37.06,36.16,36.43,2364457.0,87873580.0,597013786.0,0.0039604730333647606
2022-12-15,36.56,37.15,35.88,36.76,5486213.0,204063996.0,597013786.0,0.00918942431255683
2022-12-16,36.69,38.57,36.41,38.31,7885519.0,306012021.0,597013786.0,0.013208269532321988
2022-12-19,39.07,40.02,38.65,38.95,10195670.0,408612356.0,597013786.0,0.017077779842088938
2022-12-20,39.06,39.63,38.0,38.21,4413779.0,174049026.0,597013786.0,0.007393093934350119
2022-12-21,38.2,38.66,36.8,37.06,3324794.0,126750222.0,597013786.0,0.0055690405782354915
2022-12-22,37.02,37.28,36.0,36.1,3608590.0,134098755.0,597013786.0,0.006044399785434771
2022-12-23,35.93,36.79,35.86,36.32,2456633.0,90959665.0,597013786.0,0.004114868128020079
2022-12-26,36.32,38.63,36.11,38.55,4828688.0,187455114.0,597013786.0,0.008088067835673061
2022-12-27,38.63,39.04,38.13,38.43,2914942.0,114500866.0,597013786.0,0.004882537168078059
2022-12-28,38.43,38.82,38.09,38.3,3133735.0,122498463.0,597013786.0,0.005249016142484857
2022-12-29,38.65,38.8,38.1,38.29,3217312.0,125925587.0,597013786.0,0.005389007884652098
2022-12-30,38.15,38.42,37.27,37.49,4983596.0,191913753.0,597461586.0,0.008341282714701595
2023-01-03,37.46,38.9,36.81,38.72,4179769.0,162698677.0,597461586.0,0.0069958790622565645
2023-01-04,38.55,38.88,37.78,38.0,3369294.0,131180217.0,597461586.0,0.0056393483346057335
2023-01-05,37.98,38.65,37.96,38.28,4389797.0,171495882.0,597461586.0,0.007347412959868519
2023-01-06,38.36,40.17,38.2,39.63,8206063.0,331571786.0,597461586.0,0.013734879684800355
2023-01-09,40.61,40.89,39.36,40.14,8291764.0,340559296.0,597461586.0,0.013878321542834722
2023-01-10,40.11,40.75,39.71,40.4,3750101.0,154189361.0,597461586.0,0.0062767232034228225
2023-01-11,40.1,40.35,39.63,39.75,3595599.0,146242056.0,597461586.0,0.006018125824745492
2023-01-12,39.75,40.42,39.45,40.03,3072393.0,125453476.0,597461586.0,0.005142410946567534
2023-01-13,39.83,40.35,38.95,39.46,3127424.0,125782757.0,597461586.0,0.005234518960353712
2023-01-16,40.22,43.14,40.21,42.63,12720430.0,549487492.0,597461586.0,0.021290791404955697
2023-01-17,42.77,43.61,42.0,42.68,7054712.0,306276396.0,597461586.0,0.011807808510721558
2023-01-18,42.48,44.6,42.23,44.07,9069837.0,406649036.0,597461586.0,0.01518061949509169
2023-01-19,43.82,44.43,42.41,42.74,7799711.0,340597626.0,597461586.0,0.013054748929080102
2023-01-20,42.77,43.85,42.67,43.32,5821465.0,256991942.0,597461586.0,0.009743664088890897
2023-01-30,43.6,44.34,42.67,43.17,8335463.0,367183352.0,597461586.0,0.013951462646838688
2023-01-31,43.17,43.61,42.66,42.7,5297529.0,232203418.0,597461586.0,0.00886672737483745
2023-02-01,42.73,43.0,42.04,42.87,4909232.0,213161602.0,597461586.0,0.008216816135188314
2023-02-02,42.88,43.11,41.78,41.89,6717340.0,288993422.0,597461586.0,0.011243132876495929
2023-02-03,41.79,42.73,41.25,42.71,7174985.0,306883020.0,597461586.0,0.012009115176820757
2023-02-06,42.38,43.89,42.17,43.84,9681811.0,427294590.0,597461586.0,0.016204909615728836
2023-02-07,43.56,43.79,42.06,42.24,7212824.0,314254221.0,597461586.0,0.012072448118865335
2023-02-08,42.18,42.94,41.99,42.48,5786625.0,250614611.0,597461586.0,0.009685350716422462
2023-02-09,42.18,43.29,41.89,42.38,5607034.0,243222147.0,597461586.0,0.009384760679827206
2023-02-10,42.16,42.48,41.91,42.41,2840896.0,122349518.0,597461586.0,0.004754943357981847
2023-02-13,42.35,43.1,41.85,42.76,8271874.0,359052626.0,597461586.0,0.013845030699597145
2023-02-14,42.82,45.29,42.59,44.87,12703122.0,573736916.0,597461586.0,0.02126182217847224
2023-02-15,44.88,45.56,44.16,44.28,7197995.0,327878673.0,597461586.0,0.01204762811311521
2023-02-16,44.29,44.83,43.66,44.14,5747838.0,259779836.0,597461586.0,0.009620431061487524
2023-02-17,43.95,44.24,43.03,43.26,3948215.0,174623037.0,597461586.0,0.006608316070047723
2023-02-20,42.87,44.72,42.67,44.66,7390603.0,332989663.0,597461586.0,0.012370005324492946
2023-02-21,44.52,44.53,43.8,43.95,4741883.0,213110703.0,597461586.0,0.007936716118850192
2023-02-22,43.95,45.72,43.67,44.93,5127396.0,235495098.0,597461586.0,0.008581967644694733
2023-02-23,44.87,46.6,44.67,46.07,6810389.0,318263472.0,597461586.0,0.011398873433178346
2023-02-24,45.83,46.11,44.58,45.14,5639863.0,259719079.0,597461586.0,0.00943970814552084
2023-02-27,44.83,45.57,44.34,45.17,4530203.0,207242213.0,597461586.0,0.007582417189914533
2023-02-28,45.01,46.28,44.78,46.16,5630208.0,263174565.0,597461586.0,0.009423548110756698
2023-03-01,45.95,46.18,45.13,45.3,3881938.0,180213153.0,597461586.0,0.006497385088787951
2023-03-02,45.33,45.52,43.81,44.49,6282185.0,283182611.0,597461586.0,0.01051479316362274
2023-03-03,44.46,44.91,44.26,44.39,3119897.0,141521657.0,597461586.0,0.005221920660854001
2023-03-06,44.38,45.13,44.15,44.45,5358634.0,243398050.0,597461586.0,0.008969001732606788
2023-03-07,44.42,44.67,43.49,43.95,4174800.0,187491665.0,597461586.0,0.006987562209564382
2023-03-08,43.85,44.49,43.51,44.43,3212397.0,144566732.0,597461586.0,0.005376742330008142
2023-03-09,44.52,44.67,43.28,43.45,2900886.0,129129407.0,597461586.0,0.004855351486982462
2023-03-10,43.26,44.54,43.17,43.96,4060363.0,181863772.0,597461586.0,0.006796023535477978
2023-03-13,43.66,46.29,43.46,44.49,5822249.0,268200252.0,597461586.0,0.009744976307146214
2023-03-14,45.08,45.13,43.44,43.85,4038089.0,181591716.0,597461586.0,0.006758742477545661
2023-03-15,43.8,44.27,43.3,43.88,3372750.0,150497970.0,597461586.0,0.005645132806914887
2023-03-16,43.89,43.93,42.56,42.7,3468715.0,152470388.0,597461586.0,0.005805754012108153
2023-03-17,42.78,44.32,42.63,42.67,5484586.0,243470239.0,597461586.0,0.009179813612318165
2023-03-20,42.87,44.32,42.35,42.84,6075370.0,268315309.0,597461586.0,0.010168637017610702
2023-03-21,42.86,44.83,42.86,44.49,5368929.0,241940111.0,597461586.0,0.008986232965946701
2023-03-22,44.51,45.11,43.95,44.22,3043284.0,137569426.0,597461586.0,0.005093689822595557
2023-03-23,44.64,44.64,43.97,44.22,2529790.0,114121760.0,597461586.0,0.004234230382804896
2023-03-24,44.05,45.44,43.85,44.98,6522478.0,297768463.0,597461586.0,0.010916983037634154
2023-03-27,44.98,44.98,43.85,43.95,4045753.0,181949489.0,597461586.0,0.006771570080490497
2023-03-28,43.95,44.32,43.8,43.86,1578781.0,70794544.0,597461586.0,0.0026424811853928967
2023-03-29,44.13,45.42,44.04,44.2,5911135.0,270195820.0,597461586.0,0.009893749051842808
2023-03-30,44.59,44.72,43.85,44.25,2552246.0,115375493.0,597461586.0,0.004271816062832197
2023-03-31,44.15,45.04,44.05,44.85,2473179.0,112869499.0,597930036.0,0.004136234761753965
2023-04-03,44.86,46.16,44.83,45.14,4241925.0,196760534.0,597930036.0,0.007094350082122317
2023-04-04,45.21,45.21,43.17,43.99,4842603.0,216483445.0,597930036.0,0.00809894587734007
2023-04-06,43.84,44.14,42.18,42.51,4090706.0,179203280.0,597930036.0,0.006841445911240358
2023-04-07,42.33,42.8,42.01,42.3,4510185.0,194762604.0,597930036.0,0.007542997890141114
2023-04-10,42.16,42.55,41.0,41.58,9330641.0,393774302.0,597930036.0,0.015604904316932492
2023-04-11,41.73,42.24,41.03,42.18,7177618.0,304692203.0,597930036.0,0.012004110126355987
2023-04-12,42.07,42.25,41.74,41.8,3387041.0,144963227.0,597930036.0,0.005664610901065355
2023-04-13,41.84,42.58,41.49,42.4,2953520.0,127020543.0,597930036.0,0.004939574569222677
2023-04-14,42.18,42.54,41.6,41.87,3120726.0,133719479.0,597930036.0,0.005219215981984889
2023-04-17,42.38,45.08,42.28,44.32,11078615.0,498653526.0,597930036.0,0.018528279786901355
2023-04-18,44.67,47.09,44.55,46.45,12736006.0,599827365.0,597930036.0,0.021300160943913512
2023-04-19,45.99,46.89,45.53,45.9,7911375.0,372519895.0,597930036.0,0.01323127209485091
2023-04-20,45.9,46.13,44.56,45.07,5363027.0,246536625.0,597930036.0,0.008969321955921946
2023-04-21,45.07,45.7,44.15,44.38,6491360.0,296620816.0,597930036.0,0.010856387217851688
2023-04-24,43.53,44.79,43.23,43.84,10810107.0,483688956.0,597930036.0,0.018079217214637466
2023-04-25,44.02,44.91,43.67,43.95,5204181.0,234087825.0,597930036.0,0.008703662112066904
2023-04-26,43.98,45.5,43.56,44.34,5299291.0,241534689.0,597930036.0,0.008862727544933034
2023-04-27,44.49,45.01,43.51,44.57,3967070.0,179130399.0,597975536.0,0.00663416772287487
2023-04-28,44.57,45.31,44.05,45.09,4145312.0,189423825.0,597975536.0,0.0069322434622141466
2023-05-04,45.11,45.52,44.03,44.31,3905567.0,177106808.0,597975536.0,0.006531315689142172
2023-05-05,44.21,44.21,42.79,43.2,5438331.0,239242525.0,597975536.0,0.009094571052819793
2023-05-08,43.45,44.0,42.97,43.2,3596367.0,158936612.0,597975536.0,0.0060142376794491475
2023-05-09,42.87,43.42,42.3,43.02,2588016.0,113410490.0,597975536.0,0.0043279630088412175
2023-05-10,42.83,44.86,42.55,44.44,4551189.0,205052053.0,597975536.0,0.007610995310015492
2023-05-11,44.45,45.51,44.21,44.54,3242971.0,148014505.0,597975536.0,0.00542325029163066
2023-05-12,44.42,45.37,44.05,44.27,2756613.0,125156093.0,597975536.0,0.004609909325788873
2023-05-15,44.22,45.57,44.05,45.54,4967552.0,228555652.0,597975536.0,0.008307282992259402
2023-05-16,45.62,46.21,45.16,45.64,3713068.0,172728605.0,597975536.0,0.006209397837305505
2023-05-17,45.67,45.98,45.05,45.13,4449657.0,205715154.0,597975536.0,0.00744120241066183
2023-05-18,45.24,45.83,45.02,45.65,5273484.0,244799869.0,597975536.0,0.008818895895433422
2023-05-19,45.62,46.89,45.37,46.06,5434569.0,255982122.0,597975536.0,0.009088279825547914
2023-05-22,46.28,47.68,46.06,46.44,7857749.0,375387817.0,597975536.0,0.01314058607240414
2023-05-23,46.13,46.97,45.79,45.92,5164176.0,243220802.0,597975536.0,0.008636099119613482
2023-05-24,46.06,46.28,45.49,45.71,2918740.0,136548535.0,597975536.0,0.004881035802106794
2023-05-25,45.41,46.04,45.14,45.96,3671687.0,170795462.0,597975536.0,0.006140196009624046
2023-05-26,45.92,46.03,44.64,45.49,2828540.0,130339636.0,597975536.0,0.004730193510792722
2023-05-29,45.42,46.55,44.96,45.9,4206240.0,196315691.0,597975536.0,0.0070341339181474475
2023-05-30,45.77,47.33,45.76,47.02,7204779.0,343714241.0,597975536.0,0.012048618323409137
2023-05-31,46.92,47.32,45.75,46.44,6144457.0,290044330.0,597975536.0,0.010275432070518684
2023-06-01,46.44,47.48,46.28,46.81,4657080.0,223443954.0,597975536.0,0.00778807780524319
2023-06-02,46.69,47.24,46.34,46.78,2509746.0,119914969.0,597975536.0,0.004197071366478109
2023-06-05,47.09,47.17,46.02,46.55,2702732.0,128438164.0,597975536.0,0.004519803632903136
2023-06-06,46.94,46.94,45.77,46.04,2352275.0,110408483.0,597975536.0,0.003933731161871478
2023-06-07,45.86,45.93,44.59,45.03,5481864.0,251501850.0,597975536.0,0.00916737168993482
2023-06-08,45.47,45.72,44.8,45.13,4173954.0,191988850.0,597975536.0,0.006980141742788621
2023-06-09,44.89,46.11,44.88,45.85,4126845.0,192502897.0,597975536.0,0.006901360927915954
2023-06-12,45.73,46.38,45.57,46.3,2503012.0,117547494.0,597975536.0,0.004185810036215261
2023-06-13,46.17,46.7,46.02,46.45,3030722.0,143086641.0,597975536.0,0.0050683043327712325
2023-06-14,46.58,46.58,45.28,45.32,4241000.0,197501014.0,597975536.0,0.0070922633865075045
2023-06-15,45.26,46.4,44.84,46.07,5056347.0,234566709.0,597975536.0,0.008455775689124513
2023-06-16,46.11,46.3,45.48,45.88,3197860.0,149519102.0,597975536.0,0.005347810750572244
2023-06-19,45.67,45.83,44.45,45.1,4194448.0,192123725.0,597975536.0,0.0070144140478683396
2023-06-20,45.1,45.25,44.69,44.95,2774988.0,127236400.0,597975536.0,0.004640638007639162
2023-06-21,44.83,45.12,44.15,44.29,3447665.0,155868743.0,597975536.0,0.0057655619543606216
2023-06-26,44.19,45.24,43.95,44.52,5955269.0,269086392.0,597975536.0,0.009959051234497326
2023-06-27,44.59,45.43,44.12,44.23,5325449.0,240145716.0,597975536.0,0.008905797443860646
2023-06-28,44.23,44.79,43.45,44.7,4488583.0,201549875.0,597975536.0,0.007506298719217169
2023-06-29,44.35,45.68,44.29,45.54,4909915.0,225174494.0,597975536.0,0.008210896105957084
2023-06-30,45.64,46.55,45.11,46.14,4372082.0,203332858.0,597975536.0,0.00731147302320408
2023-07-03,46.5,46.69,45.75,46.02,6258937.0,291671919.0,597975536.0,0.010466878029605546
2023-07-04,46.0,46.42,45.73,46.3,3534628.0,165084897.0,597975536.0,0.005910990980741393
2023-07-05,46.41,46.45,45.54,46.35,3731758.0,173710162.0,597975536.0,0.006240653296558941
2023-07-06,46.37,47.15,45.53,46.29,4339437.0,202719428.0,597975536.0,0.007256880488836587
2023-07-07,46.33,47.11,45.82,46.78,3288461.0,155226982.0,597975536.0,0.005499323637882069
2023-07-10,46.75,47.89,46.56,46.66,3485307.0,166080672.0,597975536.0,0.005828511017882176
2023-07-11,46.71,48.98,46.71,48.54,7538938.0,369284921.0,597975536.0,0.012607435498832848
2023-07-12,50.42,51.95,49.86,51.29,17066560.0,877989113.0,597975536.0,0.02854056557925808
2023-07-13,51.33,51.61,50.87,50.96,7970099.0,412627182.0,597975536.0,0.013328470012860192
2023-07-14,50.95,51.26,49.8,49.91,5998104.0,305032766.0,597975536.0,0.010030684599779346
2023-07-17,50.18,52.49,49.79,51.23,8911829.0,463355854.0,597975536.0,0.014903333771166184
2023-07-18,51.34,51.55,50.99,51.23,4563661.0,236909593.0,597975536.0,0.007631852350561712
2023-07-19,51.35,52.95,50.65,51.0,4225598.0,219963271.0,597975536.0,0.0070665064799574
2023-07-20,51.0,51.31,50.11,50.36,3454953.0,177179592.0,597975536.0,0.005777749743929324
2023-07-21,50.46,50.84,49.77,50.22,3387672.0,172288200.0,597975536.0,0.0056652351075446
2023-07-24,50.37,50.61,49.38,50.04,4002116.0,202824736.0,597975536.0,0.006692775471670801
2023-07-25,50.44,51.11,48.59,48.83,8088255.0,402006115.0,597975536.0,0.013526063380626327
2023-07-26,49.33,49.73,48.67,49.14,4141177.0,205876465.0,597975536.0,0.006925328463604571
2023-07-27,49.14,50.12,48.91,49.15,3034931.0,151741349.0,597975536.0,0.005075343082262817
2023-07-28,49.03,49.18,48.38,48.84,3582079.0,177087938.0,597975536.0,0.005990343725366049
2023-07-31,48.84,49.36,48.06,48.39,5700584.0,279551564.0,597975536.0,0.0095331391617332
2023-08-01,48.32,48.68,47.87,48.38,3419507.0,167009362.0,597975536.0,0.005718473071446856
2023-08-02,48.49,48.75,48.1,48.32,2463595.0,120720737.0,597975536.0,0.004119892623834698
2023-08-03,48.31,49.2,48.12,48.94,3894903.0,192574935.0,597975536.0,0.0065134821836590985
2023-08-04,49.01,49.74,48.59,49.5,2604700.0,130034056.0,597975536.0,0.004355863815806672
2023-08-07,49.43,50.17,49.08,49.42,2355240.0,117718127.0,597975536.0,0.003938689558697933
2023-08-08,49.36,50.57,49.19,50.48,4207332.0,213709523.0,597975536.0,0.007035960079811693
2023-08-09,50.37,51.03,50.16,50.86,3638709.0,186496554.0,597975536.0,0.006085046596287511
2023-08-10,50.76,51.4,50.61,50.66,2719744.0,140011921.0,597975536.0,0.004548252957291551
2023-08-11,50.86,51.16,50.25,50.54,2715855.0,139160226.0,597975536.0,0.004541749346749196
2023-08-14,49.97,50.37,49.18,49.68,3722995.0,186902615.0,597975536.0,0.006225998850896135
2023-08-15,49.78,50.2,48.39,48.64,5403167.0,267199279.0,597975536.0,0.009035765971536333
2023-08-16,48.79,48.8,47.72,48.0,3691795.0,179891164.0,597975536.0,0.006173822803346256
2023-08-17,47.68,49.05,47.61,49.04,2730888.0,134362148.0,597975536.0,0.004566889171198469
2023-08-18,48.86,49.58,48.61,48.93,3313646.0,164846020.0,597975536.0,0.005541440745495649
2023-08-21,49.38,49.56,48.46,48.5,3215187.0,159337644.0,597975536.0,0.005376786852363806
2023-08-22,48.94,48.94,47.8,48.53,3844065.0,188112636.0,597975536.0,0.006428465327718691
2023-08-23,48.68,48.81,47.55,47.83,2821822.0,137223307.0,597975536.0,0.004718958937477335
2023-08-24,47.89,48.84,47.44,48.59,2624318.0,128691236.0,597975536.0,0.004388671178012875
2023-08-25,48.39,49.26,48.05,48.19,2626343.0,128798435.0,597975536.0,0.0043920576041759675
2023-08-28,49.97,50.37,47.91,48.84,5781821.0,285470362.0,597975536.0,0.009668992545541193
2023-08-29,48.58,51.06,48.56,50.12,7482286.0,379404232.0,597975536.0,0.012512695837108628
2023-08-30,50.12,51.34,49.93,50.65,4457702.0,228891538.0,597975536.0,0.007454656138307304
2023-08-31,50.81,50.91,50.23,50.54,1808829.0,92447305.0,597975536.0,0.003024921407487145
2023-09-01,50.38,51.53,49.98,51.09,2877670.0,148622924.0,597975536.0,0.004812354062591617
2023-09-04,51.21,51.65,49.78,50.05,3180900.0,161767036.0,597975536.0,0.00531944838626308
2023-09-05,50.04,50.34,49.62,50.31,2269536.0,115082664.0,597975536.0,0.0037953659696205364
2023-09-06,49.87,50.86,49.86,50.36,3191206.0,163251563.0,597975536.0,0.005336683205046703
2023-09-07,50.76,50.76,49.13,49.36,2285103.0,114500637.0,597975536.0,0.0038213988071913365
2023-09-08,49.06,50.37,49.06,49.61,2594075.0,131084386.0,597975536.0,0.004338095530383035
2023-09-11,49.89,51.01,49.76,50.55,4230900.0,216476475.0,597975536.0,0.007075373063422447
2023-09-12,50.62,50.98,49.88,50.22,1838467.0,93481627.0,597975536.0,0.003074485308041097
2023-09-13,50.13,50.37,49.42,49.86,1641200.0,82704980.0,597975536.0,0.0027445938858609094
2023-09-14,49.92,50.02,49.11,49.49,2356900.0,118095239.0,597975536.0,0.0039414655919970615
2023-09-15,49.49,49.56,48.51,48.62,3651142.0,180598925.0,597975536.0,0.0061058384167742945
2023-09-18,48.43,49.58,48.4,49.45,2500493.0,124606292.0,597975536.0,0.004181597489299295
2023-09-19,49.48,49.68,48.39,49.13,2516400.0,124769141.0,597975536.0,0.004208198912003651
2023-09-20,49.11,49.32,48.47,48.64,2206800.0,108866078.0,597975536.0,0.003690451978624089
2023-09-21,48.62,49.15,48.12,48.59,1888334.0,92695781.0,597975536.0,0.003157878351732436
2023-09-22,48.68,48.95,48.2,48.89,2578642.0,126953141.0,597975536.0,0.004312286782247226
2023-09-25,48.98,49.1,48.19,48.2,2710105.0,133112723.0,597975536.0,0.004532133568755228
2023-09-26,48.2,49.13,48.0,48.17,3548586.0,173858829.0,597975536.0,0.005934333072783098
2023-09-27,47.95,50.58,47.91,50.36,5913381.0,297420503.0,597975536.0,0.00988900154604318
2023-09-28,50.36,51.21,50.21,51.04,5311413.0,273422852.0,597975536.0,0.008882324911700067
2023-10-09,50.74,50.96,49.04,49.17,3809500.0,190583987.0,600888036.0,0.006339783406837543
2023-10-10,49.32,49.62,47.75,48.78,4255558.0,208675351.0,600888036.0,0.007082114711966074
2023-10-11,48.82,48.95,46.7,47.11,8799148.0,423173329.0,600888036.0,0.014643573299568906
2023-10-12,47.01,47.7,46.54,47.14,4693979.0,224176582.0,600888036.0,0.00781173649461711
2023-10-13,46.95,47.1,45.75,47.1,4045566.0,190276161.0,600888036.0,0.006732645281025366
2023-10-16,47.02,47.04,45.92,46.88,3390006.0,159815038.0,600888036.0,0.005641660004693454
2023-10-17,46.84,47.38,46.23,47.09,2273200.0,108140226.0,600888036.0,0.003783067499782938
2023-10-18,46.85,47.78,46.65,47.78,2049700.0,97855972.0,600888036.0,0.00341111800734871
2023-10-19,46.91,47.06,45.95,45.95,3848978.0,180427633.0,600888036.0,0.006405482834409437
2023-10-20,45.96,47.42,45.43,47.03,3523790.0,167597808.0,600888036.0,0.005864303811833591
2023-10-23,47.4,49.58,46.57,48.48,9794499.0,482043241.0,600888036.0,0.01630003996285258
2023-10-24,48.95,49.11,47.9,48.38,4386183.0,215386615.0,600888036.0,0.007299501300105766
2023-10-25,48.62,48.96,47.49,47.69,4197357.0,203659546.0,600888036.0,0.0069852564014105285
2023-10-26,47.59,48.21,47.31,47.8,3703902.0,179317394.0,600888036.0,0.006164046840832757
2023-10-27,47.65,48.54,47.61,48.32,3534743.0,172132208.0,600888036.0,0.005882531833268186
2023-10-30,47.41,49.48,47.41,49.28,3847591.0,191256759.0,600888036.0,0.006403174584091736
2023-10-31,49.4,49.66,48.62,48.68,1526807.0,75654323.0,600888036.0,0.002540917622796537
2023-11-01,48.69,49.2,48.18,48.21,1681598.0,82498449.0,600888036.0,0.002798521353818401
2023-11-02,48.28,48.41,47.82,48.28,2199224.0,107255860.0,600888036.0,0.0036599563782960727
2023-11-03,48.17,49.27,48.17,48.74,3113252.0,154020202.0,600888036.0,0.0051810850166436
2023-11-06,48.69,49.15,47.8,48.0,4622900.0,226035486.0,600888036.0,0.007693446570801753
2023-11-07,47.6,48.24,47.6,47.69,2501700.0,121225004.0,600888036.0,0.0041633380099450005
2023-11-08,48.17,48.17,47.07,47.4,2884829.0,138903590.0,600888036.0,0.0048009426501545455
2023-11-09,47.52,48.79,47.29,48.05,2823937.0,137641011.0,600888036.0,0.004699605967857879
2023-11-10,47.86,48.05,47.42,47.55,1445000.0,69789291.0,600888036.0,0.002404774123344336
2023-11-13,47.47,47.81,47.12,47.21,2056851.0,98719067.0,600888036.0,0.0034230187269030598
2023-11-14,47.14,47.73,46.66,46.66,2185820.0,103898503.0,600888036.0,0.0036376493939712924
2023-11-15,46.85,47.77,46.71,47.65,2670571.0,128008429.0,600888036.0,0.0044443737268884485
2023-11-16,47.52,47.87,47.4,47.41,1687896.0,81444059.0,600888036.0,0.002809002507748382
2023-11-17,47.4,47.6,47.09,47.49,1434929.0,68835152.0,600888036.0,0.002388013929436931
2023-11-20,47.6,49.04,47.32,48.89,4367383.0,214404655.0,600888036.0,0.007268214273449106
2023-11-21,48.87,49.04,48.36,48.74,3232823.0,159354639.0,600888036.0,0.005380075498790594
2023-11-22,48.39,48.99,47.59,47.7,2039881.0,99333633.0,600888036.0,0.0033947771927347876
2023-11-23,47.64,48.28,47.62,47.72,1632895.0,79060146.0,600888036.0,0.0027174696485386504
2023-11-24,47.82,47.82,46.99,47.53,1829620.0,87736334.0,600888036.0,0.0030448600910403215
2023-11-27,48.38,49.75,48.38,49.19,10170601.0,507377142.0,600888036.0,0.016925950244747426
2023-11-28,48.94,49.48,48.39,48.63,6385642.0,316559551.0,600888036.0,0.010627008057121643
2023-11-29,48.8,48.91,47.9,48.23,4126088.0,201436452.0,600888036.0,0.006866650278921513
2023-11-30,48.22,49.28,47.97,48.93,4962832.0,245262659.0,600888036.0,0.008259162610453438
2023-12-01,48.81,49.06,47.85,48.83,3425585.0,168082562.0,600888036.0,0.0057008707026411825
2023-12-04,48.98,48.98,47.67,48.66,3358968.0,164952056.0,600888036.0,0.005590006455046145
2023-12-05,48.46,48.59,47.58,47.7,2759742.0,133855265.0,600888036.0,0.004592772421250204
2023-12-06,47.4,47.72,47.25,47.27,3742071.0,179732323.0,600888036.0,0.006227567825963505
2023-12-07,47.3,47.87,47.01,47.71,2454196.0,117831015.0,600888036.0,0.0040842816847163855
2023-12-08,47.66,48.3,47.48,48.06,3451988.0,168099849.0,600888036.0,0.005744810668854788
2023-12-11,47.91,49.37,47.47,49.23,5599068.0,277793056.0,600888036.0,0.009317988817470814
2023-12-12,49.16,49.65,49.13,49.42,5512422.0,275379465.0,600888036.0,0.009173792237061615
2023-12-13,49.38,49.99,49.18,49.57,6327761.0,317860889.0,600888036.0,0.010530682291700679
2023-12-14,49.59,50.17,49.18,49.57,3930791.0,197962195.0,600888036.0,0.006541636319082911
2023-12-15,49.64,50.05,49.25,49.52,2576400.0,129151093.0,600888036.0,0.004287654014798857
2023-12-18,49.99,49.99,49.07,49.27,3323805.0,166185618.0,600888036.0,0.005531488065773371
2023-12-19,49.22,49.74,49.06,49.29,3104748.0,155232659.0,600888036.0,0.005166932629692098
2023-12-20,49.43,49.44,48.3,48.38,2424892.0,119681740.0,600888036.0,0.00403551386401709
2023-12-21,48.28,48.89,47.61,48.65,3739008.0,182930170.0,600888036.0,0.0062224703705034325
2023-12-22,48.87,49.58,48.23,49.36,3664195.0,181989460.0,600888036.0,0.006097966310648927
2023-12-25,49.18,49.73,48.79,49.41,1662548.0,83104689.0,600888036.0,0.0027668182762753493
2023-12-26,49.41,50.38,49.09,50.21,3876120.0,196697330.0,600888036.0,0.006450652647043217
2023-12-27,49.96,50.45,49.18,50.37,3218331.0,163130498.0,600888036.0,0.005355957861008236
2023-12-28,50.64,50.66,49.95,50.05,3868500.0,196800610.0,600888036.0,0.0064379714160259964
2023-12-29,50.06,51.84,49.86,51.39,6182530.0,320084321.0,602329361.0,0.010264367637226969
2024-01-02,51.4,52.58,50.97,52.0,4730033.0,249732176.0,602329361.0,0.007852901263433512
2024-01-03,51.86,52.83,51.65,52.08,3568943.0,188561071.0,602329361.0,0.005925234981198268
2024-01-04,52.08,52.39,51.55,52.14,2334788.0,122746199.0,602329361.0,0.0038762646338935487
2024-01-05,52.32,53.33,51.96,52.25,4377163.0,232804182.0,602329361.0,0.007267058993659118
2024-01-08,52.42,53.27,52.14,52.16,5420055.0,289403617.0,602329361.0,0.00899849044549565
2024-01-09,51.89,52.54,51.55,51.87,4061534.0,213974057.0,602329361.0,0.006743045023169641
2024-01-10,51.98,52.53,51.46,52.15,3386908.0,178736503.0,602329361.0,0.005623016607354129
2024-01-11,52.0,52.18,51.34,51.56,3872567.0,202392654.0,602329361.0,0.006429317995673799
2024-01-12,51.47,53.41,51.25,53.23,5976088.0,320949136.0,602329361.0,0.009921628243521736
2024-01-15,53.05,55.09,52.91,53.82,8071428.0,442367779.0,602329361.0,0.013400356221386326
2024-01-16,53.78,54.72,53.22,54.59,4456140.0,243809753.0,602329361.0,0.007398178286713139
2024-01-17,54.34,56.08,54.19,54.58,6752060.0,378262230.0,602329361.0,0.011209913441360532
2024-01-18,51.35,53.51,49.38,52.52,15491384.0,808420211.0,602329361.0,0.025719124789601616
2024-01-19,52.25,52.64,49.44,49.77,14892973.0,760870921.0,602329361.0,0.02472563013576886
2024-01-22,49.96,51.13,48.59,50.09,11273149.0,574165005.0,602329361.0,0.01871592143754055
2024-01-23,50.01,51.37,48.89,50.96,6411914.0,327351470.0,602329361.0,0.010645195826673308
2024-01-24,51.1,51.5,49.38,50.5,4988763.0,253056829.0,602329361.0,0.00828245030545672
2024-01-25,50.34,50.96,49.5,50.91,4380912.0,223293988.0,602329361.0,0.007273283163096543
2024-01-26,50.66,51.13,49.69,50.41,4835061.0,245303131.0,602329361.0,0.008027270980070984
2024-01-29,49.77,52.93,49.77,50.37,4853428.0,247531259.0,602329361.0,0.008057764263628517
2024-01-30,49.45,50.86,49.01,49.01,3967102.0,199882112.0,602329361.0,0.006586267010815699
2024-01-31,48.39,50.59,48.39,49.94,6760761.0,341458917.0,602329361.0,0.011224359026389883
2024-02-01,49.48,51.19,49.46,50.23,5835193.0,298445084.0,602329361.0,0.009687711371586284
2024-02-02,50.05,51.55,49.66,50.66,7280276.0,373969166.0,602329361.0,0.012086868865089244
2024-02-05,50.4,53.32,48.98,51.93,8938659.0,460854891.0,602329361.0,0.01484015154957721
2024-02-06,51.37,56.1,51.37,55.91,11594982.0,637935933.0,602329361.0,0.019250235420617327
2024-02-07,56.01,57.58,55.35,57.27,14532430.0,829868191.0,602329361.0,0.024127048988402212
2024-02-08,56.8,60.62,56.3,56.61,15442402.0,914477009.0,602329361.0,0.02563780383271072
2024-02-19,56.91,57.38,54.8,56.03,10369231.0,588904212.0,602329361.0,0.01721521757263299
2024-02-20,55.86,56.26,54.37,55.37,7388137.0,412047095.0,602329361.0,0.012265941988506186
2024-02-21,55.21,55.36,54.33,54.65,7223645.0,401572267.0,602329361.0,0.011992848875915913
2024-02-22,54.81,54.81,53.25,53.84,7978488.0,433536658.0,602329361.0,0.013246055259125911
2024-02-23,53.76,54.35,52.84,53.49,7569410.0,409371201.0,602329361.0,0.012566895273763683
2024-02-26,53.39,54.71,53.13,54.25,7468516.0,408050851.0,602329361.0,0.012399388911741926
2024-02-27,54.03,56.17,53.82,56.13,7884537.0,442273064.0,602329361.0,0.013090075813189522
2024-02-28,56.13,56.35,55.29,55.53,6223091.0,351379931.0,602329361.0,0.010331707871036358
2024-02-29,55.11,56.89,55.03,56.55,5714841.0,325073609.0,602329361.0,0.009487900424631632
2024-03-01,56.85,57.18,56.32,57.16,4275243.0,245622476.0,602329361.0,0.0070978492446427495
2024-03-04,57.08,59.71,56.96,59.55,9089699.0,541644682.0,602329361.0,0.01509091136601591
2024-03-05,59.22,60.6,58.9,60.09,8517843.0,517358603.0,602329361.0,0.01414150388727273
2024-03-06,60.05,61.41,59.51,60.49,8025043.0,492386111.0,602329361.0,0.013323346859061716
2024-03-07,60.18,60.88,59.69,59.99,4830478.0,294431679.0,602329361.0,0.008019662186117472
2024-03-08,59.93,60.72,59.39,60.54,5631871.0,343713661.0,602329361.0,0.009350151868157063
2024-03-11,60.59,61.23,59.16,59.75,4726721.0,286580087.0,602329361.0,0.007847402610678978
2024-03-12,59.74,59.97,57.56,58.07,7397305.0,436419062.0,602329361.0,0.012281162896855696
2024-03-13,58.07,59.35,57.63,58.99,4174972.0,247893194.0,602329361.0,0.006931377200454952
2024-03-14,59.05,59.35,58.27,59.01,3663189.0,217710012.0,602329361.0,0.0060817041924011404
2024-03-15,59.26,60.23,58.87,59.25,6556184.0,395012389.0,602329361.0,0.01088471594530156
2024-03-18,59.53,60.73,59.01,59.85,4602100.0,278230137.0,602329361.0,0.007640504179240898
2024-03-19,59.68,60.25,58.34,58.36,4578434.0,273777830.0,602329361.0,0.007601213383320359
2024-03-20,58.4,58.65,56.99,58.38,7459886.0,436775492.0,602329361.0,0.012385061202420779
2024-03-21,58.38,59.26,57.82,58.0,4867755.0,288231160.0,602329361.0,0.00808155025336711
2024-03-22,57.93,58.16,56.84,57.64,4708799.0,273962961.0,602329361.0,0.007817648125574273
2024-03-25,57.19,58.51,57.12,57.68,5213920.0,305563186.0,602329361.0,0.008656260739711806
2024-03-26,57.63,58.17,57.24,57.58,3234761.0,188861033.0,602329361.0,0.005370418926000189
2024-03-27,57.79,58.32,57.0,57.38,4360629.0,254242717.0,602329361.0,0.0072396088956387435
2024-03-28,57.53,58.72,56.94,57.5,3817232.0,223602799.0,602329361.0,0.006337449653230502
2024-03-29,57.58,59.45,57.39,58.91,3458301.0,205463150.0,602329361.0,0.00574154478250646
2024-04-01,58.86,59.06,56.98,58.49,7087276.0,415739017.0,602329361.0,0.011766446165323161
2024-04-02,58.23,58.72,57.36,58.37,4638401.0,272870341.0,602329361.0,0.007700771870558042
2024-04-03,58.72,58.72,57.26,58.29,4118765.0,241005461.0,602329361.0,0.00683806114508836
2024-04-08,60.73,62.3,59.06,61.26,13005089.0,802729306.0,602329361.0,0.021591325015949205
2024-04-09,61.6,62.61,59.37,59.67,7013602.0,428259363.0,602329361.0,0.011644131025517118
2024-04-10,59.67,60.83,59.59,59.8,4956075.0,301636501.0,602329361.0,0.008228180993488047
2024-04-11,59.75,65.05,59.3,63.39,11589260.0,740379331.0,602329361.0,0.01924073563466882
2024-04-12,63.21,65.71,63.01,64.83,8367880.0,549418150.0,602329361.0,0.013892532129112
2024-04-15,64.6,66.46,63.84,65.87,6545718.0,434490208.0,602329361.0,0.01086734006977953
2024-04-16,65.64,67.0,65.14,65.75,7778240.0,519661028.0,602329361.0,0.012913599275795556
2024-04-17,65.97,67.48,64.69,67.13,6639590.0,443729488.0,602329361.0,0.011023188358237778
2024-04-18,66.74,68.6,65.89,66.33,7537554.0,510379105.0,602329361.0,0.012514007265868614
2024-04-19,66.01,66.44,64.65,65.22,7213782.0,476461028.0,602474161.0,0.011973595660976406
2024-04-22,64.79,65.25,63.75,64.09,7196054.0,469731931.0,602474161.0,0.011944170332642697
2024-04-23,63.48,64.39,61.72,63.01,8692021.0,550475013.0,602474161.0,0.014427209601110179
2024-04-24,63.19,64.32,62.87,64.31,4895400.0,315976697.0,602474161.0,0.008125493700633578
2024-04-25,64.18,64.54,62.89,63.79,3849120.0,248541546.0,602474161.0,0.006388854907256346
2024-04-26,63.76,64.98,63.27,64.93,5726701.0,374146747.0,602474161.0,0.009505305572764638
2024-04-29,65.18,65.76,63.21,63.45,8565031.0,554781679.0,602474161.0,0.014216428777266681
2024-04-30,63.36,65.09,63.22,64.33,5349201.0,349247414.0,602474161.0,0.00887872268434098
2024-05-06,65.23,68.12,63.96,67.52,10687843.0,716272874.0,602474161.0,0.01773991930585053
2024-05-07,67.61,67.85,66.72,67.46,6059088.0,412239031.0,602474161.0,0.010057008901332782
2024-05-08,67.59,68.72,66.84,67.51,4368139.0,299995576.0,602474161.0,0.007250334176572263
2024-05-09,67.48,70.75,67.11,69.54,7590566.0,533622648.0,602474161.0,0.012598990116689834
2024-05-10,69.62,71.38,69.28,70.91,8019248.0,572845175.0,602474161.0,0.013310526026028193
2024-05-13,70.91,74.61,70.2,72.46,12812769.0,943596617.0,602474161.0,0.021266918698609548
2024-05-14,71.61,72.46,70.91,71.55,7151079.0,519093208.0,602474161.0,0.01186951982825368
2024-05-15,71.77,72.68,71.37,71.59,3541359.0,257746019.0,602474161.0,0.005878026360702298
2024-05-16,72.0,72.21,69.54,71.01,7688444.0,552685228.0,602474161.0,0.012761450196035876
2024-05-17,70.94,71.01,69.7,70.84,5441745.0,386840186.0,602474161.0,0.009032329271960262
2024-05-20,70.81,70.81,67.95,69.23,13941449.0,973019701.0,602474161.0,0.023140326842996342
2024-05-21,69.17,70.47,68.31,68.83,6506777.0,454515918.0,602474161.0,0.010800093051625496
2024-05-22,68.67,68.87,66.89,67.76,8124240.0,556638736.0,602474161.0,0.013484794080654356
2024-05-23,67.45,68.78,67.04,68.05,5622031.0,387029028.0,602474161.0,0.009331571980893634
2024-05-24,67.6,70.37,67.25,69.65,9088309.0,638577398.0,602474161.0,0.015084977229421793
2024-05-27,69.64,73.58,69.53,71.25,12596359.0,913924604.0,602474161.0,0.020907716571765142
2024-05-28,70.63,72.27,69.64,70.57,8999005.0,642958116.0,602474161.0,0.01493674846579852
2024-05-29,70.57,73.37,69.38,72.35,7416328.0,540253794.0,602474161.0,0.01230978601254901
2024-05-30,72.12,72.59,70.71,71.35,6254763.0,454061858.0,602474161.0,0.010381794614424966
2024-05-31,71.14,71.68,69.44,69.64,7419058.0,525277605.0,602474161.0,0.012314317327212311
2024-06-03,69.5,72.76,68.66,72.29,7815928.0,565410792.0,602474161.0,0.012973050972056543
2024-06-04,71.9,73.49,70.3,72.72,8613132.0,629157916.0,602474161.0,0.014296267885918514
2024-06-05,72.85,73.83,72.19,73.33,7201864.0,534059853.0,602474161.0,0.011953813899746648
2024-06-06,73.58,75.29,72.86,74.66,7075651.0,532852567.0,602474161.0,0.01174432275776886
2024-06-07,74.29,74.32,70.91,72.04,8143275.0,594088938.0,602474161.0,0.013516388796630897
2024-06-11,71.96,73.44,70.4,71.4,5047002.0,363882529.0,602474161.0,0.008377126068980077
2024-06-12,71.13,71.68,70.12,70.77,5612890.0,403273454.0,602474161.0,0.009316399545971566
2024-06-13,70.99,72.55,69.45,70.2,8206103.0,586394409.0,602474161.0,0.013620672107131247
2024-06-14,69.6,71.35,69.33,70.12,9387551.0,669456432.0,602636711.0,0.015577462887089201
2024-06-17,69.16,73.08,69.16,71.79,11442186.0,833896126.0,602636711.0,0.01898687184359069
2024-06-18,71.75,72.49,70.49,72.14,8169390.0,592518841.0,602636711.0,0.013556077568596713
2024-06-19,71.9,72.53,67.37,68.84,14796401.0,1038515119.0,602636711.0,0.024552770732216476
2024-06-20,68.48,69.9,68.32,68.85,6610135.0,462221610.0,602636711.0,0.010968689559305656
2024-06-21,67.82,69.71,67.82,69.33,6445373.0,450540576.0,602636711.0,0.010695287695475293
2024-06-24,69.14,70.52,69.04,69.46,5048256.0,354608855.0,602636711.0,0.0083769473512874
2024-06-25,70.29,70.29,67.63,68.5,8440026.0,581152397.0,602636711.0,0.014005164049821717
2024-06-26,68.46,68.61,66.63,67.56,7048368.0,477388209.0,602636711.0,0.011695882231110876
2024-06-27,67.48,67.53,65.93,66.37,5728614.0,383304808.0,602636711.0,0.0095059160775222
2024-06-28,65.57,67.82,65.22,66.45,8269991.0,551887570.0,602636711.0,0.013723012304174081
2024-07-01,66.45,67.22,61.09,64.06,20359774.0,1293247409.0,602636711.0,0.03378449010551566
2024-07-02,63.39,64.51,62.59,63.22,10137826.0,647128635.0,602636711.0,0.016822450101284983
2024-07-03,62.9,63.37,61.18,61.83,7915696.0,493906468.0,602636711.0,0.013135104210403804
2024-07-04,62.07,64.74,62.07,62.74,9322799.0,597046866.0,602636711.0,0.015470015068497876
2024-07-05,62.73,63.37,61.57,63.1,6452330.0,406690435.0,602636711.0,0.010706831963975722
2024-07-08,63.17,66.04,63.09,64.62,9493034.0,619679205.0,602636711.0,0.0157524986890485
2024-07-09,65.06,66.25,63.62,65.6,8768485.0,576314283.0,602636711.0,0.014550200543624034
2024-07-10,65.55,66.15,63.56,63.56,5301630.0,342100651.0,602636711.0,0.008797389709635528
2024-07-11,64.0,64.18,62.46,63.68,6290693.0,400046623.0,602636711.0,0.010438615645504544
2024-07-12,63.37,63.62,62.35,63.12,3956722.0,251095433.0,602636711.0,0.00656568364949808
2024-07-15,62.21,64.84,61.24,63.27,11899340.0,758537833.0,602636711.0,0.01974546154059307
2024-07-16,62.93,63.23,59.26,61.07,17301787.0,1059188532.0,602636711.0,0.028710144410701192
2024-07-17,60.78,61.27,59.43,60.75,7128668.0,432819451.0,602636711.0,0.01182913000466047
2024-07-18,59.91,62.55,59.91,62.04,7628902.0,475126089.0,602636711.0,0.012659205555766415
2024-07-19,61.83,63.45,61.26,62.04,5147531.0,323598724.0,602636711.0,0.00854168175625796
2024-07-22,62.17,63.37,61.41,62.92,7239696.0,455593203.0,602636711.0,0.012013367038305106
2024-07-23,62.59,64.07,60.92,61.3,7212027.0,449505856.0,602636711.0,0.011967453804851261
2024-07-24,61.01,62.18,60.54,60.93,5897562.0,364704388.0,602636711.0,0.009786264083072099
2024-07-25,61.68,62.62,60.59,62.18,6132478.0,381707523.0,602636711.0,0.010176077706623486
2024-07-26,62.39,65.44,61.0,64.42,7875898.0,506431865.0,602636711.0,0.013069064423458265
2024-07-29,65.4,67.54,63.72,64.44,8430676.0,556629709.0,602636711.0,0.013989648898107039
2024-07-30,64.44,65.23,63.02,63.89,4581070.0,294401312.0,602636711.0,0.0076017108091511534
2024-07-31,63.58,66.35,62.95,65.98,7980759.0,524026584.0,602636711.0,0.013243068094469273
2024-08-01,65.98,67.54,64.47,64.61,6018831.0,398389880.0,602636711.0,0.009987494771124223
2024-08-02,64.34,65.55,63.67,64.28,3631813.0,235648370.0,602636711.0,0.006026537935223797
2024-08-05,63.64,65.46,63.17,63.22,4450733.0,286105349.0,602636711.0,0.007385432912997562
2024-08-06,63.87,64.95,62.56,63.33,4088077.0,260868496.0,602636711.0,0.00678365078890788
2024-08-07,63.51,66.65,63.08,65.74,6885772.0,455882636.0,602636711.0,0.01142607457247987
2024-08-08,65.76,66.41,64.28,65.31,4433984.0,291047939.0,602636711.0,0.007357640049246851
2024-08-09,65.6,66.68,64.87,65.78,4184513.0,276892753.0,602636711.0,0.006943674229630528
2024-08-12,66.05,67.29,65.43,66.58,3846932.0,257421433.0,602636711.0,0.0063835009215029385
2024-08-13,66.26,68.7,66.0,68.02,7212317.0,492944897.0,602636711.0,0.011967935023460594
2024-08-14,67.86,68.04,65.85,65.95,3595005.0,241029133.0,602636711.0,0.005965459678077926
2024-08-15,66.14,66.25,64.99,66.05,4204244.0,278444222.0,602636711.0,0.006976415348184787
2024-08-16,65.76,65.96,64.62,65.87,4832168.0,317926780.0,602636711.0,0.008018376431103282
2024-08-19,65.55,66.85,64.69,66.04,5929713.0,391690913.0,602636711.0,0.009839614633101899
2024-08-20,66.05,66.05,63.55,64.3,4862297.0,314088110.0,602636711.0,0.008068371725863875
2024-08-21,63.77,64.66,63.53,64.14,2690612.0,173404338.0,602636711.0,0.004464732982388787
2024-08-22,64.14,65.71,63.86,65.33,4223400.0,276687716.0,602636711.0,0.007008202326392957
2024-08-23,65.1,67.54,65.06,65.81,4964096.0,330776203.0,602636711.0,0.008237294392110142
2024-08-26,65.29,65.75,63.26,63.8,6010394.0,386670743.0,602636711.0,0.009973494628341684
2024-08-27,63.57,63.67,62.47,62.58,3209544.0,203350493.0,602636711.0,0.005325835518175062
2024-08-28,62.23,63.86,61.91,63.17,3274559.0,208822336.0,602636711.0,0.005433719752263815
2024-08-29,62.8,64.39,61.96,63.38,4190550.0,268322717.0,602636711.0,0.006953691873577214
2024-08-30,63.37,66.13,62.82,65.08,7464765.0,487860283.0,602636711.0,0.01238684080100789
2024-09-02,65.08,66.25,64.66,65.01,4159118.0,273188551.0,602636711.0,0.006901534413823654
2024-09-03,64.18,68.36,64.11,67.47,7533101.0,508693201.0,602636711.0,0.012500235817860755
2024-09-04,67.11,67.94,65.99,67.08,5104875.0,344096231.0,602636711.0,0.008470899476948726
2024-09-05,67.08,67.33,65.12,66.63,5172303.0,345697401.0,602636711.0,0.008582787781742025
2024-09-06,66.49,67.74,66.08,66.4,3501782.0,235983880.0,602636711.0,0.005810767807671776
2024-09-09,66.4,66.64,64.82,65.18,3177641.0,209231861.0,602636711.0,0.005272896493024966
2024-09-10,64.98,66.4,64.98,65.73,3529603.0,233376162.0,602636711.0,0.005856933266051891
2024-09-11,65.53,67.52,65.16,67.39,4389380.0,295187098.0,602636711.0,0.007283625308382516
2024-09-12,67.18,68.07,66.79,67.37,3144681.0,213389845.0,602636711.0,0.00521820350901258
2024-09-13,67.21,67.42,65.8,65.8,4318513.0,288643772.0,602636711.0,0.007166030414632341
2024-09-18,65.96,68.89,65.78,68.75,6819370.0,466844202.0,602636711.0,0.011315888785938897
2024-09-19,68.77,69.1,67.3,67.79,5971258.0,408546539.0,602636711.0,0.009908553347325036
2024-09-20,67.54,67.78,66.57,67.01,4045379.0,272750740.0,602636711.0,0.006712798815869019
2024-09-23,66.95,68.29,66.05,66.28,6154849.0,415889864.0,602636711.0,0.010213199573897182
2024-09-24,66.29,67.24,65.13,67.09,8911521.0,593443422.0,602636711.0,0.014787550836742835
2024-09-25,66.5,69.72,65.17,68.16,9694117.0,665499472.0,602636711.0,0.01608617069463596
2024-09-26,68.16,68.79,65.19,68.11,11312327.0,759507084.0,602636711.0,0.01877138712845524
2024-09-27,68.1,69.43,66.68,69.24,17480614.0,1198482799.0,602636711.0,0.029006885377084173
2024-09-30,68.65,73.8,68.55,73.4,19093279.0,1370627971.0,604720138.0,0.03157374428301245
2024-10-08,79.39,80.17,70.92,72.75,20885273.0,1562704272.0,604720138.0,0.03453708862594551
2024-10-09,73.26,77.37,71.81,73.74,21291011.0,1611544770.0,604720138.0,0.03520804031831333
2024-10-10,72.36,75.76,72.36,73.41,12597541.0,940536458.0,604720138.0,0.020832018331097813
2024-10-11,73.41,73.41,70.22,71.11,7327256.0,528510250.0,604720138.0,0.012116771940543511
2024-10-14,70.42,74.37,69.24,72.81,11350919.0,829007686.0,604720138.0,0.018770532493826094
2024-10-15,71.95,72.88,70.32,70.4,7546099.0,544343540.0,604720138.0,0.012478663311854186
2024-10-16,69.53,72.57,69.21,71.41,6227794.0,447212480.0,604720138.0,0.010298638343014798
2024-10-17,71.43,72.08,69.73,69.84,7634446.0,542096940.0,604720138.0,0.012624758992233196
2024-10-18,69.7,75.24,69.07,74.05,13682391.0,1006324809.0,604720138.0,0.022625988685033672
2024-10-21,74.23,74.92,72.39,72.79,7549815.0,558795048.0,604720138.0,0.012484808303175774
2024-10-22,72.61,76.33,72.51,75.98,9814528.0,740133480.0,604720138.0,0.016229867972414044
2024-10-23,75.93,76.14,74.31,74.87,7377870.0,557674641.0,604720138.0,0.01220047016195118
2024-10-24,74.56,76.12,74.24,75.51,4738380.0,360086074.0,604720138.0,0.007835657690632422
2024-10-25,75.39,75.39,73.08,73.66,11427528.0,846558279.0,604720138.0,0.018897217542307148
2024-10-28,74.84,77.71,73.38,76.55,13375605.0,1023908525.0,604720138.0,0.022118669710979595
2024-10-29,76.28,77.67,75.19,76.47,7526024.0,579086971.0,604720138.0,0.012445466137262986
2024-10-30,76.22,79.19,75.68,79.19,9557941.0,745107960.0,604720138.0,0.01580556095189937
2024-10-31,78.11,79.06,75.86,75.88,9411718.0,728053124.0,604720138.0,0.015563758189246874
2024-11-01,75.86,77.6,75.49,76.33,6027408.0,464229224.0,604720138.0,0.00996726852843786
2024-11-04,76.79,78.47,76.7,78.39,7041587.0,551924893.0,604720138.0,0.0116443732522101
2024-11-05,78.67,80.55,77.71,79.49,8017934.0,640214973.0,604720138.0,0.01325891680491712
2024-11-06,79.13,80.45,78.37,78.87,4993863.0,398990223.0,604720138.0,0.008258139073251765
2024-11-07,78.16,80.26,77.83,78.67,6358101.0,504984138.0,604720138.0,0.010514121492676337
2024-11-08,78.57,80.4,77.55,77.92,6954257.0,549208345.0,604720138.0,0.011499959341522707
2024-11-11,77.57,78.26,76.68,77.72,6357927.0,496379942.0,604720138.0,0.010513833756268921
2024-11-12,77.47,79.45,76.71,77.85,6404166.0,504398863.0,604720138.0,0.010590297226053352
2024-11-13,77.47,78.54,77.07,78.08,4564001.0,357633277.0,604720138.0,0.007547294547019038
2024-11-14,78.08,79.21,77.5,78.57,5437568.0,429668406.0,604720138.0,0.008991875180449175
2024-11-15,78.25,78.76,75.59,75.88,6846546.0,528044128.0,604720138.0,0.011321842237044865
2024-11-18,75.88,77.13,75.02,75.64,5629170.0,431210530.0,604720138.0,0.009308719267424164
2024-11-19,75.04,76.87,74.45,75.85,5055442.0,385066033.0,604720138.0,0.008359969649299161
2024-11-20,75.85,76.36,75.19,75.61,3945210.0,300341959.0,604720138.0,0.006524026160345929
2024-11-21,75.9,77.46,75.66,76.98,4613687.0,356763962.0,604720138.0,0.007629458174253824
2024-11-22,76.98,78.17,76.28,76.31,4438801.0,345619946.0,604720138.0,0.007340256626280899
2024-11-25,76.32,77.91,75.0,75.53,5427720.0,417002287.0,604720138.0,0.008975589961252457
2024-11-26,75.52,75.6,74.52,74.87,3871833.0,292153692.0,604720138.0,0.006402685732949743
2024-11-27,74.8,76.56,74.16,76.51,4293229.0,326152972.0,604720138.0,0.007099530394669939
2024-11-28,76.36,76.64,75.3,75.42,3438778.0,262794762.0,604720138.0,0.005686561078275187
2024-11-29,75.49,78.35,75.35,77.36,5728641.0,445686477.0,604720138.0,0.00947321023398761
2024-12-02,78.95,79.71,76.69,78.51,7991870.0,631565234.0,604720138.0,0.013215815875475276
2024-12-03,78.47,79.25,77.47,78.38,5238600.0,413212269.0,604720138.0,0.008662850252226923
2024-12-04,78.3,78.74,76.88,77.33,5621238.0,438128574.0,604720138.0,0.009295602456024047
2024-12-05,76.98,77.29,73.18,73.96,14661666.0,1094404316.0,604720138.0,0.02424537414694134
2024-12-06,74.0,76.13,73.57,75.09,7547003.0,571599779.0,604720138.0,0.012480158218246735
2024-12-09,75.41,76.46,74.78,75.59,7569980.0,576880341.0,604720138.0,0.012518154306943223
2024-12-10,77.0,77.47,74.72,75.06,7966611.0,608078695.0,604720138.0,0.013174046140332109
2024-12-11,74.79,75.34,72.42,72.51,11776763.0,870666791.0,604720138.0,0.01947473262416804
2024-12-12,72.01,73.78,71.81,73.1,12751577.0,939216785.0,604720138.0,0.02108674111990628
2024-12-13,73.03,74.14,71.75,72.01,32917813.0,2411172030.0,604720138.0,0.05443478880804198
2024-12-16,72.01,73.22,71.23,71.45,11240563.0,812623453.0,604720138.0,0.018588041465224033
2024-12-17,71.71,71.89,70.18,70.29,7039716.0,502208481.0,604720138.0,0.011641279259001625
2024-12-18,70.42,71.74,69.55,71.22,5550930.0,396644905.0,604720138.0,0.009179337103537967
2024-12-19,70.87,72.39,70.49,71.73,5024425.0,362372475.0,604720138.0,0.008308678154191056
2024-12-20,71.59,71.78,70.2,70.37,4539090.0,322762476.0,604720138.0,0.007506100284690701
2024-12-23,70.49,72.5,70.02,71.17,7116883.0,513262501.0,604720138.0,0.011768887048375426
2024-12-24,71.4,73.64,71.02,73.5,7714120.0,565949010.0,604720138.0,0.012756512500994303
2024-12-25,73.51,73.95,71.85,72.5,3961801.0,289111458.0,604720138.0,0.006551461992158759
2024-12-26,72.31,72.88,71.13,72.76,4895120.0,355689987.0,604720138.0,0.008094851969358427
2024-12-27,72.55,73.38,72.23,72.48,3396153.0,248492635.0,604720138.0,0.005616073926745929
2024-12-30,72.51,73.62,72.21,73.0,4762503.0,349749970.0,604720138.0,0.00787554887083982
2024-12-31,73.0,73.1,71.81,72.21,3366227.0,245312872.0,605946049.0,0.0055553246127362736
2025-01-02,71.86,72.69,70.67,72.3,6083273.0,440723623.0,605946049.0,0.010039298069587711
2025-01-03,71.99,72.94,70.12,70.42,5885648.0,423182764.0,605946049.0,0.009713155172334493
2025-01-06,70.44,71.02,69.43,69.85,7023463.0,493827122.0,605946049.0,0.011590904852983041
2025-01-07,69.78,69.97,68.44,69.38,5417114.0,377620332.0,605946049.0,0.008939927917576041
2025-01-08,69.35,72.3,68.83,71.81,7085309.0,506392829.0,605946049.0,0.01169297004525893
2025-01-09,71.86,72.71,71.33,71.71,4940701.0,358305068.0,605946049.0,0.008153697855037917
2025-01-10,71.71,72.06,71.07,71.36,3406131.0,245509044.0,605946049.0,0.005621178660412389
2025-01-13,71.02,71.65,68.73,69.03,5193500.0,365485140.0,605946049.0,0.008570895063299604
2025-01-14,69.03,71.31,68.24,70.97,4253870.0,300522971.0,605946049.0,0.007020212454590986
2025-01-15,70.72,71.23,69.53,70.44,3660034.0,259682655.0,605946049.0,0.006040197813056456
2025-01-16,70.54,73.0,70.54,72.39,5042421.0,366639478.0,605946049.0,0.008321567585631703
2025-01-17,72.23,74.1,71.97,73.8,4231596.0,312857420.0,605946049.0,0.006983453406426947
2025-01-20,74.62,77.25,74.54,76.07,8257430.0,634338186.0,605946049.0,0.01362733532734034
2025-01-21,76.09,78.32,75.52,78.12,5808698.0,451713261.0,605946049.0,0.009586163668508382
2025-01-22,79.15,79.15,76.56,77.74,4340226.0,337861876.0,605946049.0,0.007162726792530006
2025-01-23,78.67,78.67,76.98,77.96,4516406.0,353550100.0,605946049.0,0.007453478750217909
2025-01-24,78.37,80.45,77.47,80.14,7153428.0,575329861.0,605946049.0,0.011805387644337953
2025-01-27,79.77,81.26,79.48,80.23,4386828.0,355639417.0,605946049.0,0.007239634629583994
2025-02-05,79.02,80.42,75.25,75.67,8510284.0,655434072.0,605946049.0,0.014044623302758758
2025-02-06,75.67,77.0,75.49,77.0,5210368.0,400991043.0,605946049.0,0.008598732525112973
2025-02-07,76.98,79.27,76.48,77.56,4330636.0,339095214.0,605946049.0,0.007146900301020034
2025-02-10,77.72,78.17,76.51,76.67,3924033.0,304862205.0,605946049.0,0.006475878515052418
2025-02-11,76.67,77.94,76.5,77.09,2781889.0,216566936.0,605946049.0,0.004590984634013184
2025-02-12,76.76,77.97,76.29,77.67,2434716.0,189231456.0,605946049.0,0.0040180408866730645
2025-02-13,77.67,77.9,75.58,76.35,3974232.0,305987080.0,605946049.0,0.006558722524156602
2025-02-14,76.15,77.55,75.77,77.08,2963240.0,229456833.0,605946049.0,0.0048902703547457245
2025-02-17,77.08,77.76,76.33,76.96,3675790.0,284829852.0,605946049.0,0.0060662001279919225
2025-02-18,76.96,78.63,76.49,77.67,3616487.0,283450196.0,605946049.0,0.005968331678980879
2025-02-19,77.6,77.95,73.1,73.81,12317323.0,925318454.0,605946049.0,0.020327425222637273
2025-02-20,73.81,73.85,70.65,71.7,11103097.0,802380314.0,605946049.0,0.018323573556298572
2025-02-21,71.63,73.78,71.57,73.09,8181789.0,601368595.0,605946049.0,0.013502504081844422
2025-02-24,73.12,74.81,72.82,73.89,5253809.0,392325906.0,605946049.0,0.008670423726122851
2025-02-25,73.45,73.5,70.59,70.79,7509981.0,540893099.0,605946049.0,0.012393811317680529
2025-02-26,70.55,71.69,69.76,71.35,6653050.0,475101276.0,605946049.0,0.010979607856144302
2025-02-27,71.27,72.91,71.05,72.51,5593619.0,406750304.0,605946049.0,0.009231216226644627
2025-02-28,71.81,73.66,71.81,72.51,5898791.0,433704611.0,605946049.0,0.009734845222169277
2025-03-03,72.48,74.0,71.51,71.69,4730570.0,347157790.0,605946049.0,0.007806916156656052
2025-03-04,71.14,73.05,70.93,71.65,4793290.0,345514637.0,605946049.0,0.007910423721567991
2025-03-05,71.66,71.98,70.72,71.77,4705242.0,338551659.0,605946049.0,0.007765117055825542
2025-03-06,71.56,72.49,70.82,72.11,8075758.0,581312139.0,605946049.0,0.013327519856474878
2025-03-07,72.12,73.69,71.81,73.5,6281675.0,462474237.0,605946049.0,0.010366723259218743
2025-03-10,73.37,73.8,72.09,72.87,4907344.0,359345133.0,605946049.0,0.008098648399636648
2025-03-11,72.42,73.5,71.12,72.48,6251186.0,452538920.0,605946049.0,0.010316406898463002
2025-03-12,72.61,73.3,71.43,72.89,3185569.0,232102679.0,605946049.0,0.005257182558178542
2025-03-13,72.28,73.69,72.26,72.41,3328738.0,244352393.0,605946049.0,0.00549345606839661
2025-03-14,72.48,73.87,72.41,73.63,5336295.0,393285805.0,605946049.0,0.008806551356851903
2025-03-17,73.8,74.72,73.36,73.36,3280210.0,243945788.0,605946049.0,0.005413369730545103
2025-03-18,73.42,73.53,72.26,72.43,5723419.0,417834892.0,605946049.0,0.009445426716529346
2025-03-19,72.35,73.3,72.23,72.84,3901428.0,286013125.0,605946049.0,0.0064385732136360545
2025-03-20,72.52,72.83,71.33,71.41,3439554.0,248647991.0,605946049.0,0.005676337036401734
2025-03-21,71.33,72.83,71.02,71.26,5040241.0,363945700.0,605946049.0,0.008317969905601283
2025-03-24,71.07,72.94,70.82,72.85,5604853.0,406062330.0,605946049.0,0.00924975583098488
2025-03-25,72.72,76.3,72.58,75.86,9281411.0,701678165.0,605946049.0,0.015317223398547153
2025-03-26,75.94,76.67,75.14,75.47,3494781.0,266178580.0,605946049.0,0.005767478813943055
2025-03-27,75.28,75.86,74.54,75.13,3162304.0,239068090.0,605946049.0,0.005218788050881408
2025-03-28,75.27,76.44,75.05,75.98,4365364.0,333790987.0,605946049.0,0.0072042123340918095
2025-03-31,75.98,77.35,75.4,75.49,6124091.0,470574260.0,606460211.0,0.010098091991726725
2025-04-01,75.77,76.05,74.67,74.93,4407200.0,333412006.0,606460211.0,0.007267088458668891
2025-04-02,75.42,76.13,74.93,75.42,2968211.0,225970630.0,606460211.0,0.004894321088444828
2025-04-03,74.94,75.97,73.91,75.49,3799640.0,286855770.0,606460211.0,0.006265275002517849
2025-04-07,72.13,73.78,68.02,70.77,9241554.0,663912335.0,606460211.0,0.01523851661226296
2025-04-08,71.28,71.31,68.19,68.84,10592608.0,739129174.0,606460211.0,0.017466286836087256
2025-04-09,68.04,71.29,68.04,70.67,9730300.0,687547012.0,606460211.0,0.01604441614389769
2025-04-10,71.08,73.57,70.95,72.64,5476667.0,400425510.0,606460211.0,0.009030546276019418
2025-04-11,72.41,74.2,72.01,74.0,4151199.0,306623444.0,606460211.0,0.006844965134901488
2025-04-14,74.18,74.25,70.28,71.12,11453212.0,826762424.0,606460211.0,0.01888534778087857
2025-04-15,71.15,72.11,70.12,71.72,5860068.0,421320334.0,606460211.0,0.009662741089538684
2025-04-16,71.38,72.41,70.28,70.94,5029305.0,358893203.0,606460211.0,0.008292885351385402
2025-04-17,70.67,70.83,69.71,69.79,4228577.0,297808143.0,606460211.0,0.006972554708951879
2025-04-18,69.79,70.02,68.93,69.73,4248945.0,296658164.0,606460211.0,0.0070061397647074985
2025-04-21,71.23,74.1,70.67,73.89,9892315.0,728615738.0,606460211.0,0.01631156474995851
2025-04-22,73.89,74.36,73.24,73.26,3904140.0,289595780.0,606460211.0,0.006437586389323734
2025-04-23,73.26,74.0,71.8,72.09,3717355.0,270542196.0,606460211.0,0.006129594213395147
2025-04-24,72.31,73.06,71.72,71.94,4009724.0,291932760.0,606460211.0,0.006611685197596582
2025-04-25,72.37,72.47,71.54,72.26,2376387.0,172460446.0,606460211.0,0.0039184549239950055
2025-04-28,72.81,75.39,72.54,73.09,5480797.0,406476824.0,606460211.0,0.009037356285852033
2025-04-29,74.49,76.31,72.17,72.34,5885582.0,438600860.0,606460211.0,0.009704811450523999
2025-04-30,72.82,72.99,71.32,71.48,4239028.0,307106657.0,606460211.0,0.00698978749654526
2025-05-06,71.42,71.5,70.21,70.84,7612302.0,541766755.0,606460211.0,0.012552022147418341
2025-05-07,71.51,72.39,69.85,70.32,5604050.0,398727347.0,606460211.0,0.009240589734253811
2025-05-08,69.86,71.11,69.71,70.82,4071280.0,289331495.0,606460211.0,0.006713185673445607
2025-05-09,70.69,70.77,69.34,70.02,5082738.0,357379171.0,606460211.0,0.008380991708621754
2025-05-12,70.19,72.39,70.19,72.21,7786622.0,563063566.0,606460211.0,0.012839460625389652
2025-05-13,72.49,74.03,72.22,73.68,6262950.0,463517094.0,606460211.0,0.010327058373166711
2025-05-14,73.31,74.41,73.07,73.5,2729469.0,202032592.0,606460211.0,0.004500656350561472
2025-05-15,73.52,73.65,72.57,73.01,2370319.0,174421223.0,606460211.0,0.003908449321170717
2025-05-16,72.9,74.17,72.78,73.45,2563306.0,190044523.0,606610761.0,0.004225619070414084
2025-05-19,74.16,74.37,73.22,73.82,3111450.0,231083436.0,606610761.0,0.005129236406671658
2025-05-20,73.78,74.49,73.5,73.63,3671979.0,273657589.0,606610761.0,0.006053270459539375
2025-05-21,73.57,74.69,73.52,74.1,2121593.0,158300372.0,606610761.0,0.0034974536167188108
2025-05-22,74.36,76.75,74.03,76.59,5674256.0,434087125.0,606610761.0,0.009354031225304952
2025-05-23,76.0,76.94,75.87,76.49,2934276.0,226184617.0,606610761.0,0.0048371644366526495
2025-05-26,76.47,76.94,74.31,74.69,2832394.0,214169458.0,606610761.0,0.004669211596791967
2025-05-27,74.59,74.68,72.79,73.1,3442818.0,255040259.0,606610761.0,0.005675497734864614
2025-05-28,73.28,73.28,71.54,71.88,4966147.0,360592104.0,606610761.0,0.008186711016819564
2025-05-29,72.01,72.68,71.52,71.92,3729418.0,270757908.0,606610761.0,0.00614795885561285
2025-05-30,71.91,72.5,71.4,71.54,3345217.0,241908684.0,606610761.0,0.005514602138751047
2025-06-03,71.44,71.99,70.82,71.21,3147725.0,225567107.0,606610761.0,0.005189035873367898
2025-06-04,71.22,71.51,70.71,71.22,2457371.0,175947231.0,606610761.0,0.004050984845618326
2025-06-05,71.4,71.77,70.83,71.51,3005640.0,215547832.0,606610761.0,0.004954808244821097
2025-06-06,71.73,73.63,71.55,72.79,5301627.0,388835914.0,606610761.0,0.00873975099165773
2025-06-09,73.18,73.63,71.45,71.76,4363926.0,316232608.0,606610761.0,0.007193947553462541
2025-06-10,71.93,73.08,71.63,72.32,4879214.0,356076894.0,606610761.0,0.008043401656700911
2025-06-11,72.32,74.22,71.94,73.3,5076564.0,375533717.0,606610761.0,0.008368733834578316
2025-06-12,73.43,74.16,72.39,72.49,2794297.0,205071698.0,606610761.0,0.004606408556606532
2025-06-13,72.47,73.1,71.61,71.85,3810399.0,277357147.0,606610761.0,0.006281456322532993
2025-06-16,71.81,72.88,70.87,72.53,4724219.0,341444787.0,606610761.0,0.007787891847174139
2025-06-17,72.53,73.68,72.01,73.52,4099321.0,301065180.0,606610761.0,0.0067577452685512115
2025-06-18,73.52,74.68,73.5,74.11,3278372.0,245194578.0,606610761.0,0.00540440791817737
2025-06-19,74.14,74.19,72.67,72.84,1755150.0,129414930.0,606610761.0,0.0028933710261035083
2025-06-20,72.61,73.19,72.49,72.9,1868822.0,137084579.0,606610761.0,0.003080759722955195
2025-06-23,72.48,73.45,71.24,71.63,3662074.0,265442226.0,606610761.0,0.0060369420317619455
2025-06-24,72.31,73.78,71.64,73.43,6753105.0,498175842.0,606610761.0,0.011132517644209744
2025-06-25,73.54,74.46,73.03,74.07,6734012.0,500080053.0,606610761.0,0.011101042765708537
2025-06-26,74.13,74.48,73.0,73.25,5733737.0,424913999.0,606610761.0,0.00945208586565117
2025-06-27,73.39,73.63,71.76,72.04,5188662.0,377234497.0,606787461.0,0.008551036950316941
2025-06-30,72.05,73.19,71.94,72.42,4779989.0,350060356.0,606787461.0,0.007877534239291079
2025-07-01,72.29,72.71,71.72,72.62,3343616.0,242612266.0,606787461.0,0.005510357769242038
2025-07-02,72.62,73.73,72.39,73.16,4265400.0,314128349.0,606787461.0,0.0070294794704071845
2025-07-03,73.0,73.95,72.79,73.55,3607663.0,267305175.0,606787461.0,0.00594551343242078
2025-07-04,73.55,73.62,72.8,73.22,2792500.0,204264274.0,606787461.0,0.0046021056456867025
2025-07-07,73.0,73.32,72.36,73.32,2774188.0,202179816.0,606787461.0,0.0045719270392108515
2025-07-08,73.38,73.38,71.9,72.05,6952735.0,501582624.0,606787461.0,0.011458270723890255
2025-07-09,72.06,72.47,70.82,71.25,6857762.0,490769141.0,606787461.0,0.011301752987278688
2025-07-10,71.01,71.52,70.06,70.5,6855092.0,484399398.0,606787461.0,0.011297352764512714
2025-07-11,70.45,70.94,69.92,69.99,6076918.0,427092187.0,606787461.0,0.010014903719310707
2025-07-14,75.08,76.99,74.5,76.99,25693755.0,1965344161.0,606787461.0,0.042343912245081806
2025-07-15,76.88,82.98,76.13,82.58,29425498.0,2372462508.0,606787461.0,0.04849391243435731
2025-07-16,82.58,82.71,79.7,80.1,13389522.0,1083342228.0,606787461.0,0.02206624701494944
2025-07-17,80.18,81.22,77.99,79.27,12280238.0,974004688.0,606787461.0,0.020238120906061374
2025-07-18,79.49,79.62,75.83,76.26,11013327.0,846016932.0,606787461.0,0.018150221795700555
2025-07-21,77.07,78.6,76.82,77.7,9325338.0,724103256.0,606787461.0,0.015368376242698925
2025-07-22,78.5,79.1,77.38,79.0,10365192.0,811761926.0,606787461.0,0.01708208007943658
2025-07-23,79.48,79.55,78.26,78.76,7075107.0,557825774.0,606787461.0,0.011659942656593559
2025-07-24,78.78,78.85,77.26,77.73,5848653.0,455126817.0,606787461.0,0.009638717633290052
2025-07-25,78.17,80.73,77.79,79.99,8161458.0,650621159.0,606787461.0,0.013450274642375974
2025-07-28,79.77,81.47,78.6,81.14,7504000.0,604788381.0,606787461.0,0.01236676840294826
2025-07-29,81.16,83.42,80.8,81.86,6410582.0,527539580.0,606787461.0,0.01056478983503583
2025-07-30,81.57,82.54,80.99,81.8,4097296.0,334914630.0,606787461.0,0.00675244012664263
2025-07-31,81.62,81.62,77.85,78.0,6919496.0,543548790.0,606787461.0,0.011403492070512644
2025-08-01,78.23,79.78,77.5,78.85,6496801.0,511156677.0,606787461.0,0.01070688077385963
2025-08-04,75.0,80.72,75.0,79.28,11316417.0,893699508.0,606787461.0,0.018649721240696502
2025-08-05,78.46,78.82,76.9,77.76,6261824.0,485394786.0,606787461.0,0.01031963315405425
2025-08-06,77.76,78.6,77.3,77.3,3776942.0,294641205.0,606787461.0,0.006224489203807064
2025-08-07,77.2,78.48,76.9,77.78,5021190.0,389803959.0,606787461.0,0.008275039157409353
2025-08-08,77.98,80.05,77.6,79.99,4583450.0,363426440.0,606787461.0,0.007553633347080651
2025-08-11,80.79,80.89,79.0,79.82,5083616.0,405259990.0,606787461.0,0.008377918672910744
2025-08-12,79.81,85.38,79.28,85.0,7889509.0,654548136.0,606787461.0,0.013002096297438157
2025-08-13,85.0,87.0,84.5,85.58,6502654.0,559291701.0,606787461.0,0.010716526655451109
2025-08-14,85.25,86.0,84.25,85.63,4358338.0,371619620.0,606787461.0,0.0071826434791802665
2025-08-15,85.65,87.45,84.75,87.05,4589954.0,396728203.0,606787461.0,0.007564352091975744
2025-08-18,87.15,87.99,82.8,83.98,11923571.0,1009524117.0,606787461.0,0.019650325305585047
2025-08-19,84.5,84.62,83.1,83.2,5436397.0,455018339.0,606787461.0,0.008959310054035543
2025-08-20,83.47,85.14,82.43,85.12,5583802.0,468372294.0,606787461.0,0.009202236959210994
2025-08-21,85.13,85.5,84.01,84.44,3884671.0,328102722.0,606787461.0,0.006402029128284838
2025-08-22,84.01,84.69,83.55,84.25,4799451.0,403168785.0,606787461.0,0.007909608072800963
2025-08-25,84.0,87.32,83.91,85.98,7028945.0,601746206.0,606787461.0,0.011583866595423929
2025-08-26,85.86,86.39,84.77,84.87,4453873.0,380150591.0,606787461.0,0.007340087405003249
2025-08-27,85.5,86.72,84.7,84.74,3785465.0,323974881.0,606787461.0,0.006238535308164517
2025-08-28,84.56,86.3,83.57,85.2,5610566.0,476256899.0,606787461.0,0.00924634466037524
2025-08-29,85.35,87.61,85.35,87.6,6928817.0,601116166.0,606787461.0,0.011418853297629365
2025-09-01,89.02,96.36,89.02,96.36,15264534.0,1443305656.0,606787461.0,0.025156310868460745
2025-09-02,96.0,96.7,90.5,90.85,13053597.0,1212366101.0,606787461.0,0.021512634718073055
2025-09-03,90.9,94.79,90.9,93.5,7213474.0,671523242.0,606787461.0,0.011887974725305011
2025-09-04,93.43,94.0,89.4,90.64,5542922.0,507344110.0,606787461.0,0.009134865758209858
2025-09-05,90.86,93.94,90.2,93.66,4885789.0,452147086.0,606787461.0,0.008051895126422199
2025-09-08,92.4,94.49,91.83,93.25,4812748.0,447530214.0,606787461.0,0.007931521841384919
2025-09-09,92.81,95.51,92.77,92.99,4376878.0,411729813.0,606787461.0,0.007213197835015908
2025-09-10,93.0,93.68,90.88,92.4,3985821.0,367450899.0,606787461.0,0.00656872670610443
2025-09-11,92.32,94.21,91.21,93.0,4549774.0,421645821.0,606787461.0,0.007498134507430107
2025-09-12,93.3,94.5,92.94,93.44,3883433.0,364355746.0,606787461.0,0.006399988875182112
2025-09-15,93.44,95.17,92.21,93.22,4842243.0,452915236.0,606787461.0,0.00798013029474912
2025-09-16,93.22,94.66,92.77,93.14,3666779.0,343063365.0,606787461.0,0.00604293799011117
2025-09-17,93.11,97.86,92.88,97.38,7443951.0,717112527.0,606787461.0,0.012267806239325042
2025-09-18,97.98,99.9,95.2,96.17,7670968.0,748892235.0,606787461.0,0.01264193559200789
2025-09-19,96.99,100.88,96.99,99.62,9053326.0,901770026.0,606787461.0,0.014920094072280113
2025-09-22,99.62,100.88,98.4,99.88,5726750.0,571215240.0,606787461.0,0.009437818623611934
2025-09-23,99.88,102.45,98.5,102.0,7248154.0,729084021.0,606787461.0,0.011945128180557442
2025-09-24,101.49,104.8,100.5,103.17,7034266.0,722207765.0,606787461.0,0.011592635728509229
2025-09-25,103.0,104.49,101.01,104.49,6225118.0,639921220.0,606787461.0,0.010259140803174903
2025-09-26,102.98,104.49,102.45,103.1,5226047.0,540513130.0,606787461.0,0.008612648309158122
2025-09-29,103.97,104.5,99.55,103.61,8574540.0,871943321.0,606787461.0,0.014131043489047972
2025-09-30,103.44,109.99,103.01,109.02,10117673.0,1089837297.0,609468991.0,0.016600800285834393
2025-10-09,109.17,112.5,108.2,112.05,7792812.0,858377088.0,609468991.0,0.012786232138264767
2025-10-10,112.0,114.87,109.7,110.64,8663142.0,966451165.0,609468991.0,0.014214245725259549
2025-10-13,108.0,113.45,106.4,108.88,7413499.0,810037609.0,609468991.0,0.012163865774099735
2025-10-14,109.23,113.86,101.58,102.83,15467852.0,1641658406.0,609468991.0,0.02537922720993692
2025-10-15,102.48,108.17,100.32,107.58,12598206.0,1310850655.0,609468991.0,0.020670790780231835
2025-10-16,107.61,112.2,106.57,111.82,9126777.0,1007563920.0,609468991.0,0.01497496531369879
2025-10-17,110.41,111.49,106.1,106.3,7993239.0,861070032.0,609468991.0,0.013115087261264782
2025-10-20,114.0,116.9,112.7,114.47,14235741.0,1640766988.0,609468991.0,0.023357613283396726
2025-10-21,114.69,124.5,113.8,122.85,16952018.0,2057938571.0,609468991.0,0.02781440606549251
2025-10-22,122.4,122.4,118.08,118.8,8451931.0,1006666303.0,609468991.0,0.013867696510912398
2025-10-23,118.23,118.49,115.01,118.39,6682097.0,780925080.0,609468991.0,0.010963801438094821
2025-10-24,121.36,123.4,119.08,122.53,7577815.0,919971232.0,609468991.0,0.01243347095898436
2025-10-27,122.0,123.44,120.36,123.15,7731071.0,943689875.0,609468991.0,0.012684929199293751
2025-10-28,122.18,127.19,121.73,125.2,8111304.0,1011642451.0,609468991.0,0.013308805074219108
2025-10-29,124.03,135.85,122.0,133.76,13142364.0,1728517092.0,609468991.0,0.021563630297968678
2025-10-30,133.0,139.0,129.22,129.51,14047489.0,1867224170.0,609468991.0,0.023048734566382557
2025-10-31,130.62,134.0,129.02,131.35,8487248.0,1114215482.0,609468991.0,0.013925643675610725
2025-11-03,133.97,138.98,133.89,136.0,15205469.0,2075999364.0,609468991.0,0.02494871638186429
2025-11-04,137.0,144.7,137.0,142.89,18665257.0,2627674767.0,609468991.0,0.030625441614961505
2025-11-05,138.0,150.0,131.28,140.01,24727906.0,3446483451.0,609468991.0,0.040572869768857524
2025-11-06,139.99,149.52,139.0,147.7,21460123.0,3132717468.0,609468991.0,0.03521118107221307
2025-11-07,146.07,152.75,145.67,146.23,17102888.0,2547098256.0,609468991.0,0.028061949422460444
2025-11-10,146.23,150.31,143.03,147.0,13261906.0,1947516124.0,609468991.0,0.021759771532002356
2025-11-11,148.0,150.54,139.9,140.9,19762939.0,2845994579.0,609468991.0,0.03242648812628435
2025-11-12,138.52,145.1,137.75,143.91,16474729.0,2340858969.0,609468991.0,0.02703128336844294
2025-11-13,140.5,153.88,140.5,152.55,15565771.0,2305094462.0,609468991.0,0.025539890018785222
2025-11-14,151.01,154.39,148.5,149.12,9887468.0,1494050629.0,609468991.0,0.01622308623737676
2025-11-17,149.0,149.8,143.3,144.88,12447849.0,1809267338.0,609468991.0,0.02042408913959004
2025-11-18,144.01,147.0,141.71,142.84,9019519.0,1292057402.0,609468991.0,0.014798979329860606
2025-11-19,142.96,144.84,141.39,141.88,6787781.0,966159889.0,609468991.0,0.011137204845914794
2025-11-20,144.0,144.55,139.5,141.5,7041379.0,1000545695.0,609468991.0,0.011553301486998869
2025-11-21,138.0,139.79,135.41,135.78,9922928.0,1362940977.0,609468991.0,0.016281268032551963
2025-11-24,135.19,137.06,133.5,136.5,8716873.0,1180715557.0,609468991.0,0.014302406075980328
2025-11-25,137.25,145.69,137.0,143.7,10369432.0,1479890623.0,609468991.0,0.017013879546170382
2025-11-26,144.23,144.6,140.0,141.0,10139827.0,1440126018.0,609468991.0,0.01663714996125209
2025-11-27,141.03,147.26,139.82,140.33,9034102.0,1290829044.0,609468991.0,0.014822906716184352
2025-11-28,139.61,144.8,139.39,143.5,6645183.0,946257218.0,609468991.0,0.010903233959609276
2025-12-01,143.5,146.45,141.59,145.37,6359317.0,916354086.0,609468991.0,0.010434192869379305
2025-12-02,144.68,146.19,142.49,145.02,4197550.0,606351611.0,609468991.0,0.006887224882619171
2025-12-03,145.0,150.14,144.11,147.65,6329743.0,938340675.0,609468991.0,0.010385668661525061
2025-12-04,147.62,152.5,146.13,150.0,6538525.0,980253522.0,609468991.0,0.010728232439310436
2025-12-05,149.43,159.7,148.15,158.91,9959007.0,1555084758.0,609468991.0,0.016340465465945257
2025-12-08,160.76,161.9,151.5,155.03,9033508.0,1402937705.0,609468991.0,0.014821932097280402
2025-12-09,154.01,159.66,152.5,156.76,7341405.0,1149594292.0,609468991.0,0.012045575916757346
2025-12-10,155.32,157.8,153.95,157.1,4818578.0,753460893.0,609468991.0,0.007906190587471579
2025-12-11,159.49,161.99,153.88,153.88,7211035.0,1133446659.0,609468991.0,0.01183166839738365
2025-12-12,154.01,157.0,150.8,152.1,9396145.0,1439778290.0,609468991.0,0.015416936938141943
2025-12-15,150.5,158.55,150.5,155.02,9147769.0,1423980791.0,609468991.0,0.01500940841139529
2025-12-16,154.93,155.01,146.0,149.19,11301272.0,1683124757.0,609468991.0,0.01854281705367353
2025-12-17,149.28,151.4,146.7,150.1,7590851.0,1131470151.0,609468991.0,0.012454860070149164
2025-12-18,148.01,149.65,144.2,144.2,7074340.0,1028813000.0,609468991.0,0.011607382991532706
2025-12-19,145.13,148.5,145.13,145.85,6556348.0,964629853.0,609468991.0,0.010757475928746636
2025-12-22,147.1,150.56,145.0,150.3,7079609.0,1051433546.0,609468991.0,0.011616028222180708
2025-12-23,150.02,151.31,148.01,150.19,5055708.0,755553073.0,609468991.0,0.008295266985945803
2025-12-24,149.1,150.63,147.25,149.86,4063700.0,607000004.0,609468991.0,0.006667607474717282
2025-12-25,149.79,157.68,148.5,154.73,6612428.0,1019813670.0,609468991.0,0.010849490454223946
2025-12-26,154.33,162.4,153.6,161.0,8853020.0,1410060267.0,609468991.0,0.014525792338465338
2025-12-29,161.0,161.35,155.0,155.62,6088275.0,958019499.0,609468991.0,0.009989474591661383
2025-12-30,153.57,158.61,153.57,156.0,4644623.0,724219527.0,609468991.0,0.007620769995827401
2025-12-31,156.0,156.99,153.0,154.59,3667871.0,566171796.0,610289911.0,0.0060100469201431715
2026-01-05,154.59,155.0,148.68,151.15,9923585.0,1499037722.0,610289911.0,0.016260444128495515
2026-01-06,151.04,153.17,149.0,149.9,6683066.0,1006784495.0,610289911.0,0.010950641456696143
2026-01-07,151.01,155.55,149.25,154.33,9957744.0,1526127813.0,610289911.0,0.01631641588779271
2026-01-08,154.33,157.0,151.08,152.89,6038536.0,924671247.0,610289911.0,0.009894536827760208
2026-01-09,152.01,160.1,151.0,159.55,9429934.0,1484756165.0,610289911.0,0.015451564625324439
2026-01-12,160.5,160.5,155.7,159.29,7729414.0,1223096143.0,610289911.0,0.012665151202212812
2026-01-13,160.02,168.67,156.18,162.33,17750588.0,2884493605.0,610289911.0,0.029085501300381157
2026-01-14,162.39,167.97,160.0,161.87,11911370.0,1949345679.0,610289911.0,0.01951756007318299
2026-01-15,161.85,170.5,161.85,169.0,11780094.0,1977481664.0,610289911.0,0.01930245574713425
2026-01-16,185.89,185.9,181.8,185.9,15273274.0,2829781132.0,610289911.0,0.025026260019559786
2026-01-19,189.98,204.49,189.53,204.49,23738766.0,4660842704.0,610289911.0,0.038897523246128184
2026-01-20,202.45,202.45,191.15,196.82,22455815.0,4409821309.0,610289911.0,0.036795323984964254
2026-01-21,192.79,201.56,188.0,196.95,16910943.0,3316660033.0,610289911.0,0.027709687961726768
2026-01-22,196.96,200.86,188.18,191.03,15715958.0,3025205823.0,610289911.0,0.02575162675432136
2026-01-23,190.0,193.43,187.66,188.56,11690703.0,2220332449.0,610289911.0,0.019155982737522267
2026-01-26,187.52,194.57,187.1,189.77,10775404.0,2059649117.0,610289911.0,0.017656205363683293
2026-01-27,190.5,194.26,187.6,189.26,7899306.0,1500159095.0,610289911.0,0.012943530374042183
2026-01-28,189.34,193.96,187.5,191.69,10648300.0,2030536621.0,610289911.0,0.017447937132947296
2026-01-29,191.66,191.7,185.77,185.89,11232019.0,2116176055.0,610289911.0,0.01840439895458144
2026-01-30,183.41,186.81,178.5,184.8,10598855.0,1942548827.0,610289911.0,0.017366918261245843
2026-02-02,188.49,194.35,184.72,187.06,15327309.0,2909391469.0,610289911.0,0.025114799906957662
2026-02-03,185.2,200.1,185.1,199.5,14894849.0,2899305767.0,610289911.0,0.024406185865982633
2026-02-04,199.5,203.51,196.93,201.83,9316688.0,1863769190.0,610289911.0,0.015266003635442697
2026-02-05,201.0,201.96,188.8,192.38,11448817.0,2207446507.0,610289911.0,0.01875963668027932
2026-02-06,192.38,193.88,188.0,188.0,8265328.0,1575057624.0,610289911.0,0.013543281399583877
2026-02-09,191.76,202.77,191.59,202.0,11856998.0,2344713168.0,610289911.0,0.01942846798920784
2026-02-10,202.08,210.88,197.6,208.0,9755187.0,2001815649.0,610289911.0,0.015984512973539883
2026-02-11,206.9,210.33,204.24,206.6,5032896.0,1038123455.0,610289911.0,0.008246729807073609
2026-02-12,208.6,221.5,207.0,218.49,9054813.0,1956867010.0,610289911.0,0.014836904292196303
2026-02-13,215.99,217.85,212.03,212.63,7584594.0,1627380493.0,610289911.0,0.012427854144880334
2026-02-24,214.92,228.62,212.93,224.08,8650430.0,1924666385.0,610289911.0,0.014174296255079334
2026-02-25,223.0,226.43,218.95,223.9,7115150.0,1586589637.0,610289911.0,0.01165863939703896
2026-02-26,222.02,231.11,220.38,227.32,8245224.0,1868594357.0,610289911.0,0.013510339678546644
2026-02-27,222.78,226.0,210.53,214.43,16584355.0,3558702242.0,610289911.0,0.027174552128553867
2026-03-02,213.57,224.5,212.29,222.53,10482731.0,2322161188.0,610289911.0,0.017176641479822858
2026-03-03,221.84,225.35,218.88,219.4,9530526.0,2111437149.0,610289911.0,0.015616391207227413
2026-03-04,216.44,231.89,216.44,224.89,12048959.0,2718743201.0,610289911.0,0.019743008663303956
2026-03-05,224.99,236.28,224.77,230.7,12047430.0,2785342610.0,610289911.0,0.019740503296637325
2026-03-06,228.82,239.12,228.6,233.51,10338331.0,2424408589.0,610289911.0,0.016940032620005086
2026-03-09,226.8,230.03,220.43,229.06,11076180.0,2494174552.0,610289911.0,0.01814904654388101
2026-03-10,229.42,231.5,224.0,227.87,7656419.0,1741423113.0,610289911.0,0.01254554411272252
2026-03-11,225.0,226.82,216.5,220.96,11994445.0,2644992200.0,610289911.0,0.01965368390302621
2026-03-12,218.42,220.25,210.5,213.11,15189165.0,3255953764.0,610289911.0,0.02488844191297798
2026-03-13,211.18,214.88,208.52,211.4,8759417.0,1857420107.0,610289911.0,0.01435287859444886
2026-03-16,211.38,212.38,201.38,208.8,12115443.0,2486377665.0,610289911.0,0.019851947052750802
2026-03-17,209.71,217.5,207.89,211.45,10314834.0,2206258083.0,610289911.0,0.016901531246188338
2026-03-18,212.0,220.47,211.94,219.63,10615270.0,2296318898.0,610289911.0,0.017393815314112247
2026-03-19,215.68,218.5,210.21,211.1,8291736.0,1767859654.0,610289911.0,0.013586552637603737
2026-03-20,212.05,213.77,203.0,203.7,10229331.0,2119736215.0,610289911.0,0.016761428979283913
2026-03-23,200.2,205.5,199.6,201.8,10875476.0,2203359611.0,610289911.0,0.017820179891520443
2026-03-24,203.98,208.99,200.3,205.0,8609948.0,1755779839.0,610289911.0,0.014107963846054797
2026-03-25,209.99,215.7,208.34,212.86,8839495.0,1882960400.0,610289911.0,0.014484091643455007
2026-03-26,211.68,214.46,209.17,210.26,5086169.0,1075365226.0,610289911.0,0.008334021107551949
2026-03-27,207.83,210.68,204.1,208.24,5624188.0,1166291733.0,610289911.0,0.009215600485324098
2026-03-30,206.1,207.35,200.51,206.04,9520718.0,1946220690.0,610289911.0,0.015600320156693529
2026-03-31,205.98,208.03,199.87,202.0,10343454.0,2100639444.0,610289911.0,0.01694842699111898
2026-04-01,207.0,209.93,205.44,209.0,8407336.0,1748854646.0,610289911.0,0.013775970810698852
2026-04-02,208.0,213.03,207.01,209.6,8335221.0,1750918721.0,610289911.0,0.013657805658858418
2026-04-03,211.43,212.89,207.1,209.51,5019758.0,1051382066.0,610289911.0,0.00822520233338742
2026-04-07,207.97,209.31,198.0,200.2,12891039.0,2593249461.0,610289911.0,0.021122811908978124
2026-04-08,206.5,207.47,203.7,206.74,13345291.0,2749249883.0,610289911.0,0.0218671335695733
2026-04-09,202.7,206.62,200.08,202.68,9379322.0,1902842956.0,610289911.0,0.015368633547671411
2026-04-10,205.0,212.88,204.99,210.33,12594353.0,2645484093.0,610289911.0,0.02063667246172123
2026-04-13,207.4,208.5,198.15,200.55,15842178.0,3180988202.0,610289911.0,0.02595844649314545
2026-04-14,203.0,207.64,200.95,206.01,10689968.0,2191088329.0,610289911.0,0.017516212880668118
2026-04-15,207.64,216.67,206.49,209.58,11614410.0,2463998536.0,610289911.0,0.019030971658976024
2026-04-16,209.58,216.88,207.65,215.88,10563995.0,2254433621.0,610683361.0,0.017298645541449425
2026-04-17,215.97,218.87,212.11,213.8,10277276.0,2206301727.0,610683361.0,0.016829140363626184
2026-04-20,210.0,218.0,200.0,217.82,17446843.0,3675727225.0,610683361.0,0.02856937672483924
2026-04-21,217.0,217.88,211.7,216.24,9654235.0,2069257119.0,610683361.0,0.01580890460842276
2026-04-22,215.01,222.24,212.2,221.56,13374225.0,2910031990.0,610683361.0,0.021900424760385766
2026-04-23,227.0,232.28,217.09,223.99,13480671.0,3029807753.0,610683361.0,0.02207473113058995
2026-04-24,222.95,226.6,219.01,222.13,9015684.0,2006858366.0,610683361.0,0.014763271075925058
2026-04-27,213.88,215.47,205.0,207.48,25539111.0,5329351152.0,610683361.0,0.04182054503364797
2026-04-28,207.23,207.4,194.1,195.25,20811098.0,4111761583.0,610683361.0,0.03407837732130383
2026-04-29,195.0,197.77,193.47,196.86,9869722.0,1934016739.0,610683361.0,0.016161766686811695
2026-04-30,196.9,198.86,191.45,195.0,11353597.0,2206475187.0,610683361.0,0.018591626569632376
2026-05-06,198.9,211.16,198.1,206.0,15504911.0,3201123614.0,610683361.0,0.02538944400680994
2026-05-07,206.15,207.8,200.01,206.68,9928617.0,2021608020.0,610683361.0,0.016258207827607736
2026-05-08,203.98,203.98,195.2,198.1,11822113.0,2346694959.0,610683361.0,0.019358826120038992
2026-05-11,198.11,200.21,194.35,196.16,13120681.0,2583749761.0,610683361.0,0.02148524397081125
2026-05-12,196.15,201.18,192.7,198.35,10813625.0,2138836085.0,610683361.0,0.017707417117591977
2026-05-13,199.94,208.0,195.4,207.2,14026958.0,2876469630.0,610683361.0,0.02296928145713798
2026-05-14,208.85,211.16,202.8,202.8,10801636.0,2228573917.0,610683361.0,0.017687785012370755
2026-05-15,202.74,202.8,188.0,190.0,17826000.0,3421927610.0,610683361.0,0.029190250035320678
2026-05-18,188.02,197.3,187.1,192.57,11373921.0,2196243912.0,610683361.0,0.018624907319195815
2026-05-19,193.87,196.5,189.18,194.99,8390786.0,1622210690.0,610683361.0,0.01373999446498756
2026-05-20,194.0,206.5,193.14,205.3,19216243.0,3843431399.0,610683361.0,0.03146678659875916
2026-05-21,205.3,209.6,198.61,198.82,11319441.0,2314453634.0,610683361.0,0.018535695784251113
2026-05-22,201.01,201.85,196.18,197.14,7451890.0,1473033978.0,610683361.0,0.012202543045871525
2026-05-25,198.06,204.6,198.06,203.36,10525763.0,2122415808.0,610683361.0,0.0172360402660455
2026-05-26,202.88,202.88,193.31,194.1,12213694.0,2389260153.0,610683361.0,0.020000043852512955
2026-05-27,196.19,206.91,194.6,197.82,12723127.0,2557276926.0,610683361.0,0.020834245392187787
2026-05-28,198.45,206.85,196.55,204.9,12816222.0,2583353701.0,610683361.0,0.02098668936879713
2026-05-29,208.0,208.56,201.0,202.15,12868084.0,2631448669.0,610683361.0,0.021071613903035424
2026-06-01,205.5,219.81,203.5,216.0,21750321.0,4662151897.0,610683361.0,0.035616364206130714
