date,open,high,low,close,volume,amount,outstanding_share,turnover
2015-01-05,12.22,12.71,12.1,12.58,9995391.0,297259424.0,352592630.99999994,0.02834826970618113
2015-01-06,12.56,13.17,12.47,12.94,11587996.0,357644288.0,352592630.99999994,0.03286511112593275
2015-01-07,12.92,13.14,12.74,12.84,6410330.0,198495152.0,352592630.99999994,0.018180555792727277
2015-01-08,12.9,13.08,12.8,12.82,5925151.0,183303360.0,352592630.99999994,0.016804523064465296
2015-01-09,12.78,13.22,12.77,12.87,9595748.0,299904288.0,352592630.99999994,0.02721482854813265
2015-01-12,12.78,13.45,12.77,13.36,10166857.0,320827520.0,352592630.99999994,0.028834570283461203
2015-01-13,13.46,13.66,13.35,13.41,7926552.0,256113104.0,352592630.99999994,0.022480764778093167
2015-01-14,13.25,13.26,12.87,13.05,9810272.0,306909504.0,352592630.99999994,0.02782324738942148
2015-01-15,13.03,13.26,12.97,13.08,5131254.0,161342896.0,352592630.99999994,0.014552924675274909
2015-01-16,13.01,13.41,13.0,13.32,5089057.0,161525824.0,352592630.99999994,0.014433248322764864
2015-01-19,13.12,13.41,12.72,12.85,7085994.0,223332800.0,352592630.99999994,0.020096829533570146
2015-01-20,12.93,13.23,12.88,13.16,5589778.0,174955424.0,352592630.99999994,0.015853360247906033
2015-01-21,13.21,13.6,13.21,13.34,7655277.0,245517392.0,352592630.99999994,0.02171139248795021
2015-01-22,13.34,13.43,13.21,13.43,6973497.0,222743680.0,352592630.99999994,0.019777772950677466
2015-01-23,13.36,13.46,13.06,13.14,7523439.0,238364528.0,352592630.99999994,0.021337482234562076
2015-01-26,13.14,13.44,13.07,13.43,6198155.0,198229184.0,352592630.99999994,0.017578799030544687
2015-01-27,13.45,13.86,13.42,13.75,10302010.0,337845632.0,352592630.99999994,0.029217882321539504
2015-01-28,13.7,14.46,13.56,14.06,11817804.0,398121824.0,352592630.99999994,0.0335168774414914
2015-01-29,14.22,14.72,14.17,14.31,14757257.0,511054464.0,352592630.99999994,0.04185356046195986
2015-01-30,14.28,14.43,14.02,14.19,6159279.0,209753904.0,352592630.99999994,0.017468541479529677
2015-02-02,14.06,14.1,13.69,13.84,8204501.0,272634656.0,352592630.99999994,0.02326906542751882
2015-02-03,13.89,14.22,13.83,14.1,5034478.0,169199472.0,352592630.99999994,0.014278454957273343
2015-02-04,14.06,14.12,13.65,13.67,5335089.0,177701072.0,352592630.99999994,0.015131028078689487
2015-02-05,13.62,13.83,13.29,13.31,6151396.0,200802304.0,352592630.99999994,0.01744618423406586
2015-02-06,13.39,13.48,13.07,13.15,7299063.0,231424784.0,352592630.99999994,0.02070112179967823
2015-02-09,13.14,13.36,13.13,13.22,4910371.0,156493216.0,352592630.99999994,0.013926470856959007
2015-02-10,13.21,13.37,13.14,13.24,3929653.0,124746264.0,352592630.99999994,0.011145023050694446
2015-02-11,13.22,13.37,13.06,13.16,5881616.0,186035248.0,352592630.99999994,0.016681051964469448
2015-02-12,13.15,13.47,13.15,13.41,5525001.0,176259904.0,352592630.99999994,0.015669643986405378
2015-02-13,13.51,13.74,13.39,13.59,6473020.0,211053808.0,352592630.99999994,0.018358353042267638
2015-02-16,13.56,13.83,13.47,13.7,5799712.0,189511264.0,352592630.99999994,0.016448761233470024
2015-02-17,13.68,13.98,13.67,13.87,4673296.0,155388448.0,352592630.99999994,0.013254094354569767
2015-02-25,13.93,15.26,13.79,15.04,16768303.0,589306752.0,352592630.99999994,0.047557156689414765
2015-02-26,15.04,15.18,14.81,15.13,8571784.0,308210432.0,352592630.99999994,0.024310729284640103
2015-02-27,14.93,15.1,14.75,14.83,8182431.0,292425888.0,352592630.99999994,0.023206471946942083
2015-03-02,14.83,14.97,14.62,14.95,8008297.0,284525888.0,352592630.99999994,0.02271260456376356
2015-03-03,14.82,15.4,14.77,14.85,9496087.0,342638240.0,352592630.99999994,0.026932176583123208
2015-03-04,14.99,15.22,14.79,15.05,6818933.0,245501392.0,352592630.99999994,0.01933940871271357
2015-03-05,14.98,15.42,14.87,15.19,8121488.0,296643936.0,352592630.99999994,0.023033629423752765
2015-03-06,15.2,15.27,14.47,14.49,8808173.0,312726528.0,352592630.99999994,0.024981160199005977
2015-03-09,14.33,14.76,14.25,14.72,5057038.0,175599216.0,352592630.99999994,0.014342438143581058
2015-03-10,14.67,14.96,14.6,14.69,5960265.0,210772736.0,352592630.99999994,0.0169041110788274
2015-03-11,14.7,14.83,14.39,14.7,5538129.0,193829344.0,352592630.99999994,0.015706876755458912
2015-03-12,14.7,14.72,14.44,14.53,4269953.0,148925536.0,352592630.99999994,0.012110159500185359
2015-03-13,14.56,15.01,14.53,14.89,5583620.0,198050608.0,352592630.99999994,0.015835895333842075
2015-03-16,14.97,15.3,14.97,15.21,8563704.0,311726304.0,352592630.99999994,0.02428781332074975
2015-03-17,15.23,15.35,15.01,15.12,7882934.0,286205248.0,352592630.99999994,0.0223570582789633
2015-03-18,15.13,15.77,15.02,15.59,10186310.0,376749888.0,352592630.99999994,0.028889741600980883
2015-03-19,15.61,15.77,15.43,15.51,6501765.0,241877392.0,352592630.99999994,0.01843987771826122
2015-03-20,15.56,15.75,15.44,15.51,7808434.0,291277024.0,352592630.99999994,0.02214576628517231
2015-03-23,15.62,16.26,15.59,16.24,10044325.0,383739584.0,352592630.99999994,0.028487053094424997
2015-03-24,16.23,16.23,15.68,16.06,11065561.0,424024416.0,352592630.99999994,0.03138341538397041
2015-03-25,16.05,16.68,15.78,16.44,11855494.0,464329280.0,352592630.99999994,0.03362377133741063
2015-03-26,16.27,16.66,16.14,16.44,7868199.0,309346304.0,352592630.99999994,0.022315267842339
2015-03-27,16.44,17.23,16.44,17.07,7539728.0,306463424.0,352592630.99999994,0.021383680023647465
2015-03-30,16.89,17.52,16.55,17.31,11429044.0,465627232.0,352592630.99999994,0.032414301931341274
2015-03-31,17.31,17.44,16.6,16.61,13953019.0,563453760.0,352592630.99999994,0.03957263360957763
2015-04-01,16.62,16.9,16.62,16.68,8811583.0,353412704.0,352592630.99999994,0.0249908314164399
2015-04-02,16.81,16.91,16.51,16.61,11728142.0,469427936.0,352592630.99999994,0.03326258398179627
2015-04-03,16.59,16.76,16.39,16.69,10949933.0,436105120.0,352592630.99999994,0.031055478865070218
2015-04-07,16.71,17.24,16.63,17.22,14765685.0,599085888.0,352592630.99999994,0.04187746340053262
2015-04-08,17.16,17.2,16.39,16.61,15652768.0,627967296.0,352592630.99999994,0.04439334978614457
2015-04-09,16.65,16.75,15.95,16.37,10784285.0,420725824.0,352592630.99999994,0.030585678916244856
2015-04-10,16.35,16.67,16.23,16.59,12174900.0,482555488.0,352592630.99999994,0.03452964960007914
2015-04-13,16.68,18.04,16.61,17.58,17725136.0,739234624.0,352592630.99999994,0.050270863431629696
2015-04-14,17.39,17.92,17.06,17.23,13995799.0,586699904.0,352592630.99999994,0.039693963428294114
2015-04-15,17.23,17.44,16.35,16.48,10587387.0,424888896.0,352592630.99999994,0.03002724977539307
2015-04-16,16.43,17.0,16.23,16.73,8585772.0,343365664.0,352592630.99999994,0.0243504011290582
2015-04-17,16.73,17.21,16.73,16.86,10211213.0,414231744.0,352592630.99999994,0.02896036984958997
2015-04-20,17.0,17.0,16.23,16.28,12951157.0,514785088.0,352592630.99999994,0.03673121858295445
2015-04-21,16.28,16.89,16.27,16.85,11037815.0,438990656.0,352592630.99999994,0.03130472400598753
2015-04-22,16.9,17.35,16.86,17.12,11124655.0,456341600.0,352592630.99999994,0.03155101389512591
2015-04-23,17.52,17.72,17.14,17.24,13054172.0,543838720.0,352592630.99999994,0.03702338294188571
2015-04-24,16.81,17.06,16.6,16.84,13441263.0,540887104.0,352592630.99999994,0.03812122494414809
2015-04-27,16.89,17.21,16.69,16.81,10917810.0,442187456.0,352592630.99999994,0.030964373727935347
2015-04-28,16.82,16.88,16.13,16.23,13099240.0,514915552.0,352592630.99999994,0.0371512018355256
2015-04-29,16.25,16.43,16.15,16.43,6955928.0,272382816.0,352592630.99999994,0.019727944909886677
2015-04-30,16.41,16.47,16.15,16.35,10667703.0,416501024.0,352592630.99999994,0.030255036725370478
2015-05-04,16.35,16.42,16.18,16.38,5914217.0,231577344.0,352592630.99999994,0.016773512773725553
2015-05-05,16.39,16.41,15.85,15.9,7933397.0,306696608.0,352592630.99999994,0.022500178116314634
2015-05-06,15.98,16.11,15.69,15.72,7295971.0,278841280.0,352592630.99999994,0.020692352472902364
2015-05-07,15.71,15.97,15.65,15.83,7637211.0,289098304.0,352592630.99999994,0.021660154888489436
2015-05-08,15.98,16.24,15.9,16.17,7256168.0,279033472.0,352592630.99999994,0.02057946582553508
2015-05-11,16.27,16.63,16.18,16.63,10516858.0,414091712.0,352592630.99999994,0.029827220070291264
2015-05-12,16.68,16.73,16.38,16.45,10899980.0,430694432.0,352592630.99999994,0.030913805456132752
2015-05-13,16.41,16.87,16.22,16.81,13669887.0,543423424.0,352592630.99999994,0.03876963327687924
2015-05-14,16.82,16.85,16.53,16.57,8869250.0,354004864.0,352592630.99999994,0.025154382764170705
2015-05-15,16.56,16.56,16.13,16.31,8387284.0,327511008.0,352592630.99999994,0.023787462534916114
2015-05-18,16.14,16.64,16.07,16.54,8342131.0,328681376.0,352592630.99999994,0.023659402569873905
2015-05-19,16.5,17.19,16.48,17.08,13276518.0,539042560.0,352592630.99999994,0.03765398602445552
2015-05-20,17.12,17.69,16.97,17.35,15310933.0,637415424.0,352592630.99999994,0.04342385987074132
2015-05-21,17.31,19.09,17.31,19.0,20701324.0,921040896.0,352592630.99999994,0.058711731839909055
2015-05-22,19.19,19.38,18.32,18.76,16134525.0,725650688.0,352592630.99999994,0.04575967726336289
2015-05-25,19.03,20.03,19.03,19.24,15085348.0,703097408.0,352592630.99999994,0.042784070549676353
2015-05-26,19.24,19.73,19.06,19.6,15750073.0,735831872.0,352592630.99999994,0.044669319819108766
2015-05-27,19.65,19.73,19.17,19.52,14324597.0,666322048.0,352592630.99999994,0.04062647866285102
2015-05-28,19.43,20.15,18.35,18.35,18237350.0,845213056.0,352592630.99999994,0.05172357104649757
2015-05-29,18.37,18.95,17.9,18.69,14519602.0,641968064.0,352592630.99999994,0.04117953900176661
2015-06-01,18.9,20.21,18.9,20.02,17294356.0,822696768.0,352592630.99999994,0.049049113564713163
2015-06-02,20.1,20.53,19.62,20.44,16315893.0,784972928.0,352592630.99999994,0.04627406124094523
2015-06-03,20.23,20.81,19.9,20.25,11960025.0,581900032.0,352592630.99999994,0.03392023527570547
2015-06-04,20.26,20.39,18.55,19.73,14844313.0,696335936.0,352592630.99999994,0.042100462956073524
2015-06-05,20.06,20.78,19.73,20.52,16584916.0,806984896.0,352592630.99999994,0.04703704655699399
2015-06-08,20.56,20.65,19.82,20.04,15692027.0,756461440.0,352592630.99999994,0.04450469357653706
2015-06-09,20.02,20.38,19.61,19.85,13265379.0,635468096.0,352592630.99999994,0.037622394326216085
2015-06-10,19.76,20.53,19.4,20.24,16298172.0,783333184.0,352592630.99999994,0.046223802107764424
2015-06-11,19.94,21.11,19.85,20.94,18515336.0,917211392.0,352592630.99999994,0.052511976632886585
2015-06-12,20.99,21.19,20.67,20.89,14282411.0,715513408.0,352592630.99999994,0.040506833507816566
2015-06-15,21.11,21.65,20.64,21.27,16741430.0,848385088.0,352592630.99999994,0.047480941256540336
2015-06-16,21.27,21.92,20.48,21.06,16316453.0,826993344.0,352592630.99999994,0.04627564947606634
2015-06-17,20.98,21.02,19.93,20.73,13758429.0,673535872.0,352592630.99999994,0.039020750266332144
2015-06-18,20.9,20.93,19.73,20.11,10656727.0,521523136.0,352592630.99999994,0.030223907316996656
2015-06-19,19.77,20.22,18.57,18.98,11411362.0,527648832.0,352592630.99999994,0.03236415340739212
2015-06-23,18.95,19.39,18.06,19.27,11291117.0,510013952.0,352592630.99999994,0.03202312245714518
2015-06-24,19.4,19.81,18.77,19.27,12811089.0,591172160.0,352592630.99999994,0.036333966945554234
2015-06-25,19.27,19.27,18.31,18.52,10623833.0,481131168.0,352592630.99999994,0.030130615520436107
2015-06-26,18.14,18.14,16.67,16.67,12811595.0,530486560.0,352592630.99999994,0.03633540202943153
2015-06-29,16.9,17.02,15.0,15.58,16399484.0,626742976.0,352592630.99999994,0.04651113653024701
2015-06-30,15.43,16.73,14.93,16.7,16627714.0,630401472.0,355521305.0,0.046769950959760345
2015-07-01,16.37,17.16,15.81,15.93,13070813.0,522122400.0,355521305.0,0.03676520314302964
2015-07-02,16.05,16.06,14.34,14.59,18426034.0,668281216.0,355521305.0,0.05182821322058322
2015-07-03,14.4,15.02,13.14,14.47,20708852.0,689588096.0,355521305.0,0.05824925738276079
2015-07-06,15.43,15.77,13.35,14.47,18376740.0,642777408.0,349666134.0,0.05255510389233176
2015-07-07,14.04,14.23,13.02,13.08,24242372.0,772642368.0,349666134.0,0.0693300541367269
2015-07-14,14.39,14.39,14.39,14.39,1065645.0,36754096.0,349666134.0,0.0030476071211403047
2015-07-15,15.83,15.83,14.72,14.88,31551890.0,1169794176.0,349666134.0,0.09023433192989745
2015-07-16,14.88,15.8,14.18,15.42,15408693.0,558864896.0,349666134.0,0.04406687265859152
2015-07-17,15.42,16.48,15.42,16.26,15266318.0,583594368.0,349666134.0,0.04365969853975049
2015-07-20,16.43,16.6,16.0,16.31,15107421.0,591497152.0,349666134.0,0.04320527363396308
2015-07-21,16.35,17.12,16.35,17.04,15038637.0,607733632.0,349666134.0,0.043008560274241485
2015-07-22,17.25,17.56,16.41,16.75,31703320.0,641105600.0,711042610.0,0.04458708881033163
2015-07-23,16.75,18.42,16.75,18.42,45776188.0,961317888.0,711042610.0,0.0643789659806745
2015-07-24,19.29,19.33,18.42,18.64,55115440.0,1244793088.0,711042610.0,0.07751355435646817
2015-07-27,18.18,19.81,17.48,17.96,52689348.0,1180507648.0,711042610.0,0.07410153380259447
2015-07-28,17.27,18.26,16.17,17.15,42650928.0,874694976.0,711042610.0,0.05998364570584595
2015-07-29,17.61,18.05,16.5,17.92,28430956.0,584697728.0,711042610.0,0.039984883606342524
2015-07-30,17.68,18.03,16.79,16.83,26129264.0,545551168.0,711042610.0,0.036747817405767005
2015-07-31,16.62,17.27,16.49,16.79,19895896.0,399337632.0,711042610.0,0.027981299179805835
2015-08-03,16.47,16.82,15.63,15.99,24597408.0,473794432.0,711042610.0,0.03459343737501189
2015-08-04,16.13,17.04,16.0,17.02,20083412.0,395279840.0,711042610.0,0.028245018958849736
2015-08-05,16.92,17.18,16.54,16.68,18146940.0,365546208.0,711042610.0,0.025521592862064905
2015-08-06,16.35,16.74,16.12,16.24,14682212.0,286629056.0,711042610.0,0.02064884972224098
2015-08-07,16.46,17.02,16.46,16.92,17835368.0,357453792.0,711042610.0,0.0250834025263268
2015-08-10,17.12,17.67,16.87,17.63,26190552.0,541973504.0,711042610.0,0.036834011958861365
2015-08-11,17.54,18.11,17.44,17.58,22539650.0,476357536.0,711042610.0,0.031699436409303235
2015-08-12,17.34,17.5,17.0,17.01,20965176.0,429792992.0,711042610.0,0.029485119042303245
2015-08-13,17.02,17.48,16.9,17.4,15620563.0,320871488.0,711042610.0,0.021968532940663008
2015-08-14,17.53,17.73,17.36,17.44,16399334.0,342887712.0,711042610.0,0.023063785164717486
2015-08-17,17.21,17.64,17.06,17.64,17072736.0,351693376.0,711042610.0,0.024010847957480354
2015-08-18,17.68,17.75,15.93,16.03,26570192.0,537483136.0,711042610.0,0.03736793214122568
2015-08-19,15.7,16.56,15.49,16.55,21429880.0,409310080.0,711042610.0,0.030138671998855313
2015-08-20,16.34,16.54,15.86,15.91,12695509.0,244766848.0,711042610.0,0.01785477947657736
2015-08-21,15.65,15.87,14.86,14.89,18521548.0,338610400.0,711042610.0,0.026048436112710602
2015-08-24,14.2,14.44,13.4,13.4,19710196.0,320300800.0,711042610.0,0.027720133396787573
2015-08-25,12.6,13.16,12.06,12.06,30986020.0,457922912.0,711042610.0,0.04357828850791375
2015-08-26,12.42,12.91,11.94,12.39,24725298.0,365421344.0,711042610.0,0.03477330001362366
2015-08-27,12.25,13.63,12.25,13.63,23748856.0,369085920.0,711042610.0,0.03340004616600966
2015-08-28,13.93,14.61,13.75,14.4,38736504.0,650612608.0,711042610.0,0.05447845664270387
2015-08-31,13.69,13.89,13.15,13.77,31765432.0,513019552.0,711042610.0,0.04467444222505878
2015-09-01,13.58,13.58,12.66,13.14,32761134.0,507663104.0,711042610.0,0.046074783056953506
2015-09-02,12.47,13.78,12.41,13.58,34351768.0,541288960.0,711042610.0,0.04831182761325654
2015-09-07,13.56,14.13,13.33,13.38,19287850.0,314922816.0,711042610.0,0.027126152116256436
2015-09-08,13.27,13.84,13.18,13.77,11434872.0,184049744.0,711042610.0,0.016081837908420143
2015-09-09,13.93,14.31,13.69,14.03,21175842.0,354328704.0,711042610.0,0.02978139664513214
2015-09-10,13.87,14.0,13.53,13.58,11033337.0,181277456.0,711042610.0,0.01551712491604406
2015-09-11,13.67,13.87,13.37,13.51,7844239.0,127110856.0,711042610.0,0.011032023805155644
2015-09-14,13.56,13.6,12.34,12.48,16367557.0,250340160.0,711042610.0,0.023019094453425232
2015-09-15,12.37,12.57,11.99,12.08,12512615.0,181988432.0,711042610.0,0.01759756001120664
2015-09-16,12.17,13.22,12.09,13.04,12275651.0,184303440.0,711042610.0,0.017264297283112188
2015-09-17,13.01,13.14,12.67,12.7,13008775.0,200002176.0,711042610.0,0.01829535222931295
2015-09-18,12.72,12.83,12.45,12.64,7197711.0,108111576.0,711042610.0,0.010122756215692896
2015-09-21,12.57,13.03,12.46,12.96,10476382.0,159576208.0,711042610.0,0.014733831492883388
2015-09-22,12.98,13.26,12.89,13.04,10208056.0,158967952.0,711042610.0,0.0143564617034695
2015-09-23,12.81,12.85,12.57,12.65,9535810.0,144131920.0,711042610.0,0.013411024692317666
2015-09-24,12.67,12.84,12.62,12.75,5607395.0,84975952.0,711042610.0,0.007886158889971446
2015-09-25,12.6,12.81,12.3,12.38,10349421.0,154309840.0,711042610.0,0.014555275386379447
2015-09-28,12.42,12.66,12.21,12.64,6111974.0,90928648.0,711042610.0,0.008595791467405871
2015-09-29,12.43,12.5,12.25,12.4,5513649.0,81503168.0,711042610.0,0.007754315877075215
2015-09-30,12.51,12.62,12.39,12.5,4518281.0,67398264.0,711042610.0,0.006354444777929694
2015-10-08,12.92,13.75,12.78,13.4,21493548.0,341269728.0,711042610.0,0.030228213749384163
2015-10-09,13.03,13.32,12.97,13.28,15924520.0,249297712.0,711042610.0,0.022396013650996246
2015-10-12,13.35,13.91,13.23,13.75,20572168.0,334728576.0,711042610.0,0.028932398298886757
2015-10-13,13.6,13.77,13.46,13.61,12848999.0,208384640.0,711042610.0,0.01807064558339197
2015-10-14,13.65,13.66,13.3,13.31,13377805.0,214536096.0,711042610.0,0.018814350661769765
2015-10-15,13.25,13.74,13.19,13.72,14548026.0,234207968.0,711042610.0,0.02046013248066807
2015-10-16,13.73,13.84,13.51,13.73,16288805.0,265581264.0,711042610.0,0.022908338784366242
2015-10-19,13.73,13.87,13.43,13.57,14220613.0,231667456.0,711042610.0,0.019999663592593978
2015-10-20,13.58,14.05,13.51,14.02,17862492.0,292335296.0,711042610.0,0.025121549325996088
2015-10-21,13.93,14.18,13.09,13.25,24220732.0,396346176.0,711042610.0,0.03406368571920043
2015-10-22,13.26,13.67,13.18,13.63,17521700.0,280340128.0,711042610.0,0.024642264406629585
2015-10-23,13.72,14.35,13.72,14.34,28069902.0,470196480.0,711042610.0,0.03947710250444766
2015-10-26,14.52,14.53,13.94,14.11,19338372.0,325789184.0,711042610.0,0.027197205523308933
2015-10-27,13.98,14.15,13.61,14.03,14369746.0,237013024.0,711042610.0,0.020209402077886726
2015-10-28,13.93,14.19,13.69,13.72,11430699.0,189924528.0,711042610.0,0.016075969061825984
2015-10-29,13.73,13.88,13.57,13.82,7920064.0,129679656.0,711042610.0,0.01113866298392441
2015-10-30,13.76,13.93,13.59,13.79,8099470.0,132830112.0,711042610.0,0.01139097697675249
2015-11-02,13.5,13.72,13.35,13.35,10534307.0,169501296.0,711042610.0,0.014815296371619697
2015-11-03,13.32,13.51,13.08,13.09,9585106.0,151701936.0,711042610.0,0.013480353870775761
2015-11-04,13.16,13.7,13.14,13.66,14779578.0,237605264.0,711042610.0,0.020785783850562768
2015-11-05,13.68,14.03,13.66,13.83,22437274.0,369937344.0,711042610.0,0.03155545628974331
2015-11-06,13.77,14.19,13.75,14.1,17295900.0,289153568.0,711042610.0,0.02432470256599671
2015-11-09,14.02,14.4,13.98,14.14,19091620.0,322099520.0,711042610.0,0.0268501770941688
2015-11-10,14.14,14.24,13.98,14.14,17616956.0,296140256.0,711042610.0,0.024776231061595592
2015-11-11,14.13,14.81,14.08,14.65,22677146.0,390021504.0,711042610.0,0.03189280878680393
2015-11-12,14.67,14.77,14.26,14.44,16883572.0,291264448.0,711042610.0,0.023744810455170892
2015-11-13,14.23,14.56,14.14,14.19,12866157.0,219016064.0,711042610.0,0.018094776345400736
2015-11-16,13.98,14.53,13.9,14.5,14562691.0,246675808.0,711042610.0,0.02048075712368349
2015-11-17,14.53,14.66,14.24,14.25,16692776.0,286769184.0,711042610.0,0.023476477731763503
2015-11-18,14.18,14.25,14.02,14.03,10116344.0,170187072.0,711042610.0,0.014227479278632823
2015-11-19,14.09,14.43,13.98,14.36,9278304.0,156191088.0,711042610.0,0.013048871993761386
2015-11-20,14.28,14.5,14.19,14.41,11993731.0,204981072.0,711042610.0,0.016867809089528403
2015-11-23,14.41,14.95,14.37,14.55,20559204.0,359881632.0,711042610.0,0.028914165917567163
2015-11-24,14.56,14.83,14.52,14.71,14637327.0,255847024.0,711042610.0,0.02058572411012049
2015-11-25,14.72,15.01,14.52,14.97,18390924.0,322851584.0,711042610.0,0.025864728416205605
2015-11-26,14.98,15.47,14.89,15.26,24298212.0,442053376.0,711042610.0,0.03417265246593309
2015-11-27,15.19,15.67,14.69,14.77,30582496.0,554703744.0,711042610.0,0.04301077821482457
2015-11-30,14.62,15.02,14.03,15.02,22240868.0,386335616.0,711042610.0,0.03127923374381178
2015-12-01,14.86,15.31,14.75,15.23,14709332.0,263155968.0,711042610.0,0.020686990896368364
2015-12-02,15.14,15.91,14.92,15.79,23933072.0,443116352.0,711042610.0,0.03365912487298054
2015-12-03,15.82,15.87,15.42,15.74,18367008.0,342436224.0,711042610.0,0.025831093301145483
2015-12-04,15.6,15.76,15.36,15.57,13178351.0,243846864.0,711042610.0,0.018533841452905334
2015-12-07,15.57,15.87,15.3,15.84,13273258.0,247727072.0,711042610.0,0.01866731727933998
2015-12-08,15.7,15.7,14.97,15.02,15643497.0,284296576.0,711042610.0,0.022000786985185036
2015-12-09,14.94,15.08,14.64,14.82,9684745.0,170872528.0,711042610.0,0.01362048471328603
2015-12-10,14.75,15.14,14.73,14.94,10157110.0,181330160.0,711042610.0,0.014284811988974895
2015-12-11,14.88,14.94,14.61,14.61,8110731.0,142435248.0,711042610.0,0.01140681428360531
2015-12-14,14.52,14.87,14.48,14.85,5975376.0,104654376.0,711042610.0,0.008403682024063228
2015-12-15,14.85,15.08,14.81,14.96,6020286.0,107249168.0,711042610.0,0.008466842795820634
2015-12-16,14.96,15.11,14.91,15.03,5960057.0,106741512.0,711042610.0,0.008382137604946067
2015-12-17,15.02,15.4,15.02,15.4,8675161.0,157831760.0,711042610.0,0.012200620438204118
2015-12-18,15.44,15.61,15.21,15.26,7696725.0,140787088.0,711042610.0,0.010824562257949633
2015-12-21,15.19,15.71,15.15,15.61,11282792.0,207701488.0,711042610.0,0.01586795480512764
2015-12-22,15.85,16.26,15.82,16.03,20466200.0,391965216.0,711042610.0,0.028783366442694622
2015-12-23,16.01,16.41,15.7,16.03,16680622.0,317878048.0,711042610.0,0.023459384522680014
2015-12-24,15.86,16.12,15.58,15.75,8480996.0,159817712.0,711042610.0,0.011927549602125814
2015-12-25,15.78,16.23,15.69,15.98,9600958.0,183230864.0,711042610.0,0.01350264789335199
2015-12-28,15.99,16.18,15.57,15.6,9674230.0,182631424.0,711042610.0,0.013605696569998807
2015-12-29,15.49,15.74,15.47,15.7,5022284.0,93360432.0,711042610.0,0.007063267277329554
2015-12-30,15.84,15.84,15.44,15.64,6231418.0,115946552.0,711042610.0,0.008763775774281656
2015-12-31,15.61,15.74,15.46,15.61,7828356.0,145681600.0,730979639.0,0.010709403630871858
2016-01-04,15.49,15.7,14.15,14.22,7145588.0,129174296.0,730979639.0,0.00977535846248106
2016-01-05,13.51,14.41,13.5,14.01,18695512.0,309402944.0,730979639.0,0.025575968197385043
2016-01-06,14.02,14.33,14.01,14.24,6689990.0,112730192.0,730979639.0,0.009152088024164515
2016-01-07,13.98,14.01,13.08,13.17,2219600.0,35971200.0,730979639.0,0.003036473085675099
2016-01-08,13.64,13.79,12.76,13.64,11086287.0,178406800.0,730979639.0,0.015166341726243348
2016-01-11,13.36,13.73,13.18,13.22,10756275.0,172621712.0,730979639.0,0.01471487634691833
2016-01-12,13.22,13.69,13.01,13.45,5790152.0,92351792.0,730979639.0,0.007921085200021556
2016-01-13,13.48,13.68,12.96,12.98,5081886.0,81110096.0,730979639.0,0.006952158075089695
2016-01-14,12.64,13.43,12.61,13.35,6013052.0,93390584.0,730979639.0,0.008226018454120033
2016-01-15,13.25,13.35,12.57,12.62,9528105.0,145351136.0,730979639.0,0.013034706429080167
2016-01-18,12.42,12.88,12.38,12.67,4481305.0,67510176.0,730979639.0,0.0061305469549474
2016-01-19,12.68,13.14,12.6,13.09,5400333.0,83226288.0,730979639.0,0.007387802220302336
2016-01-20,13.01,13.22,12.67,12.84,5168658.0,79782648.0,730979639.0,0.0070708645278695645
2016-01-21,12.63,13.16,12.63,12.92,6756339.0,104044944.0,730979639.0,0.009242855258243383
2016-01-22,12.92,12.99,12.6,12.96,4697597.0,71753128.0,730979639.0,0.006426440285568611
2016-01-25,13.04,13.09,12.88,12.99,3756398.0,58029660.0,730979639.0,0.005138854490035939
2016-01-26,12.46,12.84,11.98,12.0,6087159.0,90130744.0,730979639.0,0.008327398842910862
2016-01-27,12.12,12.25,11.51,11.85,8806725.0,123525480.0,730979639.0,0.012047838995964155
2016-01-28,11.87,11.95,11.67,11.71,4911160.0,69221528.0,730979639.0,0.006718600270068534
2016-01-29,11.72,12.09,11.72,11.97,7486139.0,106289344.0,730979639.0,0.010241241480051675
2016-02-01,11.97,12.1,11.84,11.94,5482501.0,78070792.0,730979639.0,0.007500210276034788
2016-02-02,11.94,12.3,11.92,12.19,5213866.0,75168856.0,730979639.0,0.007132710299746119
2016-02-03,12.04,12.12,11.9,12.07,4973873.0,71124880.0,730979639.0,0.0068043933573914495
2016-02-04,12.1,12.37,12.1,12.31,4941597.0,72305256.0,730979639.0,0.006760238912755817
2016-02-05,12.26,12.41,12.16,12.18,3170890.0,46338040.0,730979639.0,0.004337863643285419
2016-02-15,11.91,12.25,11.84,12.17,4593779.0,65888836.0,730979639.0,0.006284414441809097
2016-02-16,12.2,12.57,12.18,12.5,6519743.0,96377208.0,730979639.0,0.008919185504153283
2016-02-17,12.46,12.51,12.18,12.45,7192164.0,105903752.0,730979639.0,0.00983907569551332
2016-02-18,12.46,12.57,12.37,12.43,7999713.0,118848720.0,730979639.0,0.01094382466103136
2016-02-19,12.41,12.46,12.3,12.42,3434333.0,50703060.0,730979639.0,0.004698260822556235
2016-02-22,12.5,12.67,12.46,12.59,6070261.0,90872760.0,730979639.0,0.008304281919950987
2016-02-23,12.59,12.64,12.32,12.43,4440190.0,65936184.0,730979639.0,0.006074300518239196
2016-02-24,12.44,12.53,12.2,12.43,5215700.0,76946328.0,730979639.0,0.007135219261558665
2016-02-25,12.4,12.41,11.63,11.63,8910747.0,126580352.0,730979639.0,0.012190143917264432
2016-02-26,11.67,11.86,11.58,11.75,6671288.0,93289928.0,730979639.0,0.009126503180206911
2016-02-29,11.72,11.84,11.13,11.5,7979504.0,109091280.0,730979639.0,0.010916178200142727
2016-03-01,11.5,11.69,11.42,11.61,6118730.0,84215800.0,730979639.0,0.00837058882839827
2016-03-02,11.58,12.0,11.58,11.98,6713487.0,94415272.0,730979639.0,0.00918423255835721
2016-03-03,11.98,12.13,11.9,11.93,5702829.0,81553584.0,730979639.0,0.007801624964276194
2016-03-04,11.83,11.95,11.52,11.67,6002103.0,83819856.0,730979639.0,0.008211039924738588
2016-03-07,11.68,11.91,11.67,11.75,4768462.0,66992116.0,730979639.0,0.006523385530304764
2016-03-08,11.72,12.02,11.51,11.99,7865822.0,110279592.0,730979639.0,0.010760658136471021
2016-03-09,11.89,12.0,11.75,11.89,5439803.0,77106744.0,730979639.0,0.007441798252331349
2016-03-10,11.88,11.98,11.69,11.69,2670968.0,37649912.0,730979639.0,0.003653956769102292
2016-03-11,11.63,11.92,11.55,11.87,5228506.0,73172032.0,730979639.0,0.007152738217377352
2016-03-14,11.9,12.24,11.89,12.09,6471446.0,93463184.0,730979639.0,0.008853113896377626
2016-03-15,12.08,12.12,11.89,11.99,3536914.0,50558196.0,730979639.0,0.0048385944167180835
2016-03-16,12.02,12.07,11.75,11.78,3560757.0,50315912.0,730979639.0,0.0048712122883083474
2016-03-17,11.78,12.05,11.78,12.0,4741148.0,67511480.0,730979639.0,0.0064860192364400455
2016-03-18,12.07,12.34,12.02,12.33,9247843.0,134536240.0,730979639.0,0.012651300400995163
2016-03-21,12.38,12.56,12.26,12.55,9052475.0,134060736.0,730979639.0,0.012384031670682416
2016-03-22,12.46,12.48,12.36,12.39,6132491.0,90726032.0,730979639.0,0.008389414250155332
2016-03-23,12.33,12.42,12.25,12.4,4566045.0,67167768.0,730979639.0,0.006246473576536925
2016-03-24,12.27,12.32,12.16,12.16,5887709.0,85774320.0,730979639.0,0.008054545825728532
2016-03-25,12.1,12.28,12.09,12.22,3455013.0,50131964.0,730979639.0,0.004726551624237511
2016-03-28,12.25,12.41,12.17,12.2,5286740.0,77338384.0,730979639.0,0.007232403911047925
2016-03-29,12.18,12.22,11.88,11.94,4566547.0,65550692.0,730979639.0,0.006247160326171547
2016-03-30,12.0,12.39,12.0,12.35,7109569.0,103508104.0,730979639.0,0.009726083492183289
2016-03-31,12.37,12.42,12.25,12.27,5750622.0,84363352.0,730979639.0,0.007867007086362907
2016-04-01,12.28,12.28,12.02,12.15,4306706.0,62185916.0,730979639.0,0.0058916907807332235
2016-04-05,12.15,12.41,12.1,12.39,7090569.0,103991408.0,730979639.0,0.009700090976131826
2016-04-06,12.37,12.73,12.31,12.67,11227156.0,167647680.0,730979639.0,0.015359054344330375
2016-04-07,12.74,12.81,12.41,12.41,8603958.0,128729000.0,730979639.0,0.011770448232690104
2016-04-08,12.31,12.39,12.19,12.31,4950140.0,72543104.0,730979639.0,0.006771925968788852
2016-04-11,12.31,12.62,12.31,12.55,5887025.0,87815728.0,730979639.0,0.00805361009515068
2016-04-12,12.51,12.58,12.34,12.47,4468369.0,66233300.0,730979639.0,0.006112850155597836
2016-04-13,12.49,12.73,12.49,12.67,9428781.0,142058224.0,730979639.0,0.012898828499380404
2016-04-14,12.73,13.07,12.6,13.0,9718279.0,148485168.0,730979639.0,0.013294869626320741
2016-04-15,13.0,13.31,12.88,13.31,11981692.0,187468800.0,730979639.0,0.016391280085983354
2016-04-18,13.25,13.61,13.02,13.51,12415534.0,197986080.0,730979639.0,0.016984787725393812
2016-04-19,13.56,13.66,13.36,13.42,8163552.0,130957872.0,730979639.0,0.011167960862997444
2016-04-20,13.41,13.48,12.76,13.16,12659689.0,197174224.0,730979639.0,0.017318798396790912
2016-04-21,13.08,13.4,12.93,13.08,5157543.0,81070760.0,730979639.0,0.007055658905979459
2016-04-22,13.01,13.22,12.93,13.19,4270006.0,66605216.0,730979639.0,0.005841484183939082
2016-04-25,13.15,13.18,12.85,13.02,5986388.0,92646960.0,730979639.0,0.008189541377909707
2016-04-26,13.01,13.41,12.94,13.39,5214441.0,82071544.0,730979639.0,0.007133496915363466
2016-04-27,13.35,13.4,13.11,13.14,3967745.0,62766808.0,730979639.0,0.005427982926347967
2016-04-28,13.12,13.35,13.0,13.19,3977905.0,62340636.0,730979639.0,0.005441882082299696
2016-04-29,13.19,13.27,13.04,13.14,2822527.0,44203512.0,730979639.0,0.003861293597536169
2016-05-03,13.13,13.39,13.02,13.35,4843606.0,76672720.0,730979639.0,0.006626184563261139
2016-05-04,13.33,13.76,13.27,13.55,7765385.0,125904232.0,730979639.0,0.010623257592541508
2016-05-05,13.52,13.59,13.35,13.46,4694718.0,75176128.0,730979639.0,0.006422501735373234
2016-05-06,13.44,13.53,13.07,13.09,6632160.0,104377344.0,730979639.0,0.009072975013466825
2016-05-09,12.85,12.97,12.46,12.67,6153768.0,92706952.0,730979639.0,0.008418521764051489
2016-05-10,12.62,12.72,12.54,12.59,2641096.0,39770060.0,730979639.0,0.0036130910617607503
2016-05-11,12.68,13.01,12.51,12.69,3919913.0,59447681.0,730979639.0,0.005362547451201989
2016-05-12,12.55,12.57,12.27,12.47,3345317.0,49578523.0,730979639.0,0.0045764845168279715
2016-05-13,12.43,12.98,12.4,12.79,5535759.0,84378060.0,730979639.0,0.0075730686665541995
2016-05-16,12.71,12.99,12.64,12.83,2719474.0,41394723.0,730979639.0,0.0037203142945545164
2016-05-17,12.84,12.95,12.76,12.83,2935194.0,44918022.0,730979639.0,0.004015425113639862
2016-05-18,12.7,12.79,12.53,12.78,4844908.0,73111527.0,730979639.0,0.006627965734624245
2016-05-19,12.7,12.88,12.64,12.72,3706411.0,56404218.0,730979639.0,0.005070470916358862
2016-05-20,12.67,12.8,12.59,12.77,2893236.0,43850295.0,730979639.0,0.003958025430035268
2016-05-23,12.88,12.88,12.57,12.65,5652797.0,85425285.0,730979639.0,0.007733179829376889
2016-05-24,12.65,12.65,12.17,12.27,6300993.0,92900066.0,730979639.0,0.00861992956277131
2016-05-25,12.27,12.36,12.17,12.19,4380570.0,64015219.0,730979639.0,0.005992738738924026
2016-05-26,12.17,12.28,12.0,12.25,3261878.0,47146967.0,730979639.0,0.004462337698574392
2016-05-27,12.25,12.27,11.91,12.1,3448654.0,49819738.0,730979639.0,0.004717852339523236
2016-05-30,12.0,12.12,11.84,12.02,2647917.0,37862050.0,730979639.0,0.0036224223750232257
2016-05-31,12.0,12.44,11.99,12.4,5374370.0,78724190.0,730979639.0,0.007352284131131592
2016-06-01,12.38,12.48,12.34,12.35,3598803.0,53166748.0,730979639.0,0.0049232602496606616
2016-06-02,12.31,12.46,12.3,12.4,4248532.0,62594321.0,730979639.0,0.005812107168692287
2016-06-03,12.42,12.62,12.3,12.49,7168064.0,106488515.0,917828027.0,0.00780981163043085
2016-06-06,12.5,12.57,12.43,12.52,2955342.0,43996876.0,917828027.0,0.0032199300011133787
2016-06-07,12.51,12.63,12.46,12.55,3701680.0,55332988.0,917828027.0,0.004033086690650819
2016-06-08,12.54,12.54,12.33,12.41,3262366.0,48238003.0,917828027.0,0.0035544414683688886
2016-06-13,12.33,12.36,12.0,12.02,4051947.0,58807802.0,917828027.0,0.004414712648560252
2016-06-14,11.99,12.13,11.91,12.02,2499792.0,35735883.0,917828027.0,0.002723595190452819
2016-06-15,11.95,12.35,11.93,12.32,3640242.0,53079713.0,917828027.0,0.003966148224846047
2016-06-16,12.33,12.48,12.22,12.23,2419040.0,35231787.0,917828027.0,0.002635613566853957
2016-06-17,12.27,12.54,12.27,12.36,3377719.0,49482551.0,917828027.0,0.0036801218753804736
2016-06-20,12.36,12.46,12.25,12.38,2683935.0,39075071.0,917828027.0,0.002924224278455162
2016-06-21,12.42,12.56,12.24,12.35,3196602.0,46830611.0,917828027.0,0.0034827897012998927
2016-06-22,12.3,12.54,12.29,12.52,4534516.0,66639218.0,917828027.0,0.004940485435840804
2016-06-23,12.47,12.76,12.46,12.59,5945212.0,88447997.0,917828027.0,0.006477479250042557
2016-06-24,12.53,12.71,12.3,12.58,5168221.0,76470855.0,917828027.0,0.00563092523649858
2016-06-27,12.47,12.82,12.42,12.78,7511621.0,112159584.0,917828027.0,0.008184126850595727
2016-06-28,12.71,13.13,12.67,13.09,8495207.0,130130639.0,917828027.0,0.009255772051075098
2016-06-29,13.09,13.14,12.91,13.03,6599786.0,101385273.0,917828027.0,0.007190656425661754
2016-06-30,12.98,13.08,12.98,13.06,3501852.0,53876114.0,925100962.0,0.003785372779668561
2016-07-01,13.02,13.1,12.79,12.82,5809235.0,88546074.0,925100962.0,0.006279568651016061
2016-07-04,12.86,13.13,12.83,13.11,6011336.0,92569744.0,925100962.0,0.006498032373681609
2016-07-05,13.1,13.15,12.92,13.01,6649350.0,102034077.0,925100962.0,0.007187701962415644
2016-07-06,12.96,13.08,12.88,13.03,6313340.0,96792126.0,925100962.0,0.006824487552527267
2016-07-07,12.98,13.32,12.98,13.08,5657286.0,87884172.0,925100962.0,0.006115317389541316
2016-07-08,13.06,13.42,13.02,13.29,6057145.0,94592422.0,925100962.0,0.006547550212146466
2016-07-11,13.22,13.44,13.03,13.09,6599140.0,103274047.0,925100962.0,0.007133426805365272
2016-07-12,13.09,13.29,13.05,13.2,7743397.0,120198135.0,925100962.0,0.008370326394709771
2016-07-13,13.22,13.35,13.19,13.25,7329719.0,114891847.0,925100962.0,0.007923155743080938
2016-07-14,13.27,13.3,13.0,13.13,5970444.0,92441331.0,925100962.0,0.006453829630759805
2016-07-15,13.13,13.17,13.02,13.06,5773982.0,89077148.0,925100962.0,0.006241461458992624
2016-07-18,13.01,13.13,12.98,13.07,4937715.0,76066861.0,925100962.0,0.005337487693586465
2016-07-19,13.07,13.09,12.97,13.05,3290154.0,50572520.0,925100962.0,0.00355653505417066
2016-07-20,13.04,13.22,13.03,13.16,5125552.0,79464975.0,925100962.0,0.005540532558650609
2016-07-21,13.14,13.22,13.02,13.05,5339708.0,82572306.0,925100962.0,0.005772027291438489
2016-07-22,13.02,13.08,12.84,12.85,4735609.0,72186330.0,925100962.0,0.005119018566105436
2016-07-25,12.83,12.92,12.79,12.83,5571887.0,84492454.0,925100962.0,0.006023004222105652
2016-07-26,12.76,12.93,12.76,12.92,6806636.0,103111426.0,925100962.0,0.007357722323933763
2016-07-27,12.91,13.01,12.44,12.57,8916288.0,133844238.0,925100962.0,0.009638178281345253
2016-07-28,12.58,13.44,12.5,13.3,14198068.0,217130001.0,925100962.0,0.015347587542558409
2016-07-29,13.21,13.3,13.09,13.13,9633829.0,150097183.0,925100962.0,0.010413813622215214
2016-08-01,13.17,13.17,12.8,13.02,6518846.0,100065087.0,925100962.0,0.007046631954534709
2016-08-02,13.08,13.42,13.02,13.3,11312158.0,177513673.0,925100962.0,0.012228025334168877
2016-08-03,13.24,13.35,13.12,13.35,8046960.0,125472657.0,925100962.0,0.008698466795022099
2016-08-04,13.3,13.3,13.13,13.24,4206228.0,65684208.0,925100962.0,0.004546777241379628
2016-08-05,13.27,13.38,13.13,13.13,5224303.0,81525869.0,925100962.0,0.005647278745344122
2016-08-08,13.13,13.2,12.9,13.2,5034692.0,77598700.0,925100962.0,0.005442316251747666
2016-08-09,13.17,13.43,13.09,13.39,7929969.0,124100899.0,925100962.0,0.00857200384145747
2016-08-10,13.39,13.46,13.27,13.32,5683710.0,89536629.0,925100962.0,0.006143880758390131
2016-08-11,13.27,13.54,13.26,13.37,10737000.0,170255615.0,925100962.0,0.011606300761797283
2016-08-12,13.41,13.47,13.13,13.36,6822331.0,107057844.0,925100962.0,0.007374688039725549
2016-08-15,13.37,13.66,13.23,13.61,11298232.0,180177523.0,925100962.0,0.012212971842093922
2016-08-16,13.57,13.68,13.47,13.6,7250775.0,116090507.0,925100962.0,0.00783782019242998
2016-08-17,13.6,13.6,13.44,13.47,6493111.0,103547711.0,925100962.0,0.007018813369259041
2016-08-18,13.46,13.58,13.35,13.37,7490856.0,118754253.0,925100962.0,0.008097338893481769
2016-08-19,13.37,13.41,13.28,13.38,4836228.0,76025484.0,925100962.0,0.005227783991862285
2016-08-22,13.36,13.53,13.27,13.29,5145339.0,81389821.0,925100962.0,0.005561921575431244
2016-08-23,13.33,13.52,13.23,13.35,7801839.0,123224773.0,925100962.0,0.008433500039966449
2016-08-24,13.3,13.4,13.29,13.32,3130153.0,49302995.0,925100962.0,0.0033835798778468896
2016-08-25,13.3,13.31,13.09,13.24,5022929.0,78330564.0,925100962.0,0.005429600882849368
2016-08-26,13.26,13.6,13.24,13.47,8733781.0,138690134.0,925100962.0,0.009440894949582812
2016-08-29,13.39,13.5,13.28,13.39,5609216.0,88599564.0,925100962.0,0.006063355493516393
2016-08-30,13.41,13.43,13.23,13.26,5587976.0,87756822.0,925100962.0,0.006040395837357264
2016-08-31,13.24,13.26,13.1,13.19,5857116.0,90984968.0,925100962.0,0.006331326245015838
2016-09-01,13.17,13.22,13.06,13.06,3899192.0,60380674.0,925100962.0,0.004214882656234877
2016-09-02,13.06,13.15,13.02,13.12,4245605.0,65604286.0,925100962.0,0.004589342325210986
2016-09-05,13.13,13.23,13.09,13.13,3579163.0,55617558.0,925100962.0,0.003868943117583743
2016-09-06,13.13,13.3,13.08,13.23,4127514.0,64244120.0,925100962.0,0.004461690312240752
2016-09-07,13.24,13.34,13.19,13.24,5066143.0,79255740.0,925100962.0,0.005476313622080095
2016-09-08,13.26,13.75,13.22,13.66,22315309.0,357045626.0,925100962.0,0.02412202550493078
2016-09-09,13.69,13.81,13.58,13.62,11816309.0,190948076.0,925100962.0,0.0127729939599825
2016-09-12,13.49,13.59,13.35,13.52,10966858.0,174370480.0,925100962.0,0.011854768777118621
2016-09-13,13.51,13.77,13.5,13.55,6926654.0,111393055.0,925100962.0,0.007487457352789997
2016-09-14,13.48,13.81,13.38,13.78,8679310.0,139648966.0,925100962.0,0.009382013808780365
2016-09-19,13.74,14.05,13.67,13.71,10052979.0,164215957.0,925100962.0,0.010866899303905383
2016-09-20,13.67,13.89,13.65,13.75,4757790.0,77249474.0,925100962.0,0.005142995408537906
2016-09-21,13.79,13.8,13.59,13.64,4817568.0,77666725.0,925100962.0,0.005207613220490846
2016-09-22,13.7,13.74,13.62,13.64,3894156.0,62785396.0,925100962.0,0.0042094389260833994
2016-09-23,13.64,13.97,13.62,13.85,6369560.0,103952327.0,925100962.0,0.006885259297784624
2016-09-26,13.74,13.84,13.46,13.47,6483793.0,104017751.0,925100962.0,0.007008740955130473
2016-09-27,13.39,13.49,13.31,13.49,4086060.0,64600892.0,925100962.0,0.004416880068058993
2016-09-28,13.48,13.5,13.34,13.41,2393146.0,37831779.0,925100962.0,0.0025869025093501093
2016-09-29,13.4,13.83,13.4,13.8,6574791.0,105928034.0,925100962.0,0.007107106434940665
2016-09-30,13.8,13.85,13.66,13.77,5354604.0,86848912.0,925100962.0,0.005788129317716567
2016-10-10,13.96,14.2,13.87,14.13,12919425.0,214211193.0,925100962.0,0.013965421646594289
2016-10-11,14.18,14.2,13.98,14.04,6962897.0,115681570.0,925100962.0,0.007526634698278478
2016-10-12,14.02,14.45,14.02,14.3,9690423.0,163737782.0,925100962.0,0.010474989647670479
2016-10-13,14.31,14.41,14.16,14.24,5379976.0,90580608.0,925100962.0,0.0058155555133883865
2016-10-14,14.24,14.37,14.09,14.28,4797367.0,80514063.0,925100962.0,0.005185776684988465
2016-10-17,14.28,14.35,13.98,14.07,4557425.0,76086515.0,925100962.0,0.004926408237807021
2016-10-18,14.07,14.19,13.98,14.16,4494872.0,74743628.0,925100962.0,0.004858790753262669
2016-10-19,14.08,14.23,14.05,14.2,4076655.0,68014214.0,925100962.0,0.0044067136101410736
2016-10-20,14.21,14.24,14.03,14.06,3475881.0,57810978.0,925100962.0,0.0037572990871022355
2016-10-21,14.11,14.46,14.06,14.29,7163843.0,121107627.0,925100962.0,0.007743849908568141
2016-10-24,14.24,14.53,14.22,14.42,5768274.0,98023286.0,925100962.0,0.006235291321640632
2016-10-25,14.38,14.72,14.34,14.63,6907315.0,118879001.0,925100962.0,0.007466552607476372
2016-10-26,14.55,15.19,14.53,14.89,12801971.0,225681564.0,925100962.0,0.01383845820711621
2016-10-27,14.83,14.98,14.74,14.83,5064109.0,88618623.0,925100962.0,0.005474114943142822
2016-10-28,14.71,14.88,14.39,14.46,9656004.0,165724587.0,925100962.0,0.010437783978869108
2016-10-31,14.37,14.59,14.22,14.49,5341712.0,91041498.0,925100962.0,0.005774193541482881
2016-11-01,14.51,14.82,14.39,14.74,4892150.0,84538340.0,925100962.0,0.005288233610117033
2016-11-02,14.68,14.89,14.59,14.69,6485966.0,112804898.0,925100962.0,0.007011089887938091
2016-11-03,14.62,14.77,14.53,14.63,4185752.0,72422611.0,925100962.0,0.004524643441025845
2016-11-04,14.63,14.71,14.49,14.65,3905821.0,67216828.0,925100962.0,0.004222048360598289
2016-11-07,14.63,14.9,14.49,14.87,5523098.0,95926472.0,925100962.0,0.005970265113614702
2016-11-08,14.96,15.01,14.8,14.95,4820668.0,84833128.0,925100962.0,0.005210964206088459
2016-11-09,14.96,14.96,14.59,14.72,5047994.0,87874900.0,925100962.0,0.005456695222850714
2016-11-10,14.82,15.19,14.71,15.02,8732759.0,154714759.0,925100962.0,0.009439790205298695
2016-11-11,14.99,15.15,14.94,15.01,5875401.0,104237120.0,925100962.0,0.006351091655226276
2016-11-14,14.95,15.07,14.7,14.79,6639656.0,116351689.0,925100962.0,0.007177223106162979
2016-11-15,14.79,14.97,14.69,14.8,4774854.0,83196011.0,925100962.0,0.005161440962808122
2016-11-16,14.8,14.85,14.67,14.71,5402551.0,93926560.0,925100962.0,0.005839958255280681
2016-11-17,14.71,14.83,14.6,14.75,4814019.0,83612017.0,925100962.0,0.005203776882463127
2016-11-18,14.8,14.98,14.7,14.91,5186076.0,90648112.0,925100962.0,0.0056059567690731685
2016-11-21,15.08,15.69,14.87,14.95,21641486.0,388833823.0,925100962.0,0.023393647708691928
2016-11-22,14.88,15.13,14.83,14.95,7564869.0,133704413.0,925100962.0,0.00817734421510633
2016-11-23,14.85,14.96,14.72,14.81,8571576.0,149929552.0,925100962.0,0.009265557330595448
2016-11-24,14.8,15.1,14.73,15.04,7849463.0,138820604.0,925100962.0,0.008484979826450554
2016-11-25,15.02,15.28,14.85,15.19,7551836.0,134802805.0,925100962.0,0.008163256023076106
2016-11-28,15.21,15.34,14.95,15.03,7885820.0,140328098.0,925100962.0,0.008524280401731978
2016-11-29,15.05,15.11,14.69,14.69,7100662.0,125066211.0,925100962.0,0.007675553579199499
2016-11-30,14.66,14.77,14.41,14.66,6969076.0,120119247.0,925100962.0,0.007533313969248688
2016-12-01,14.66,15.0,14.66,14.89,6454558.0,113120359.0,925100962.0,0.00697713899901879
2016-12-02,14.88,15.04,14.63,14.63,5644961.0,98964548.0,925100962.0,0.006101994519383064
2016-12-05,14.58,14.85,14.56,14.64,5044608.0,87482270.0,925100962.0,0.005453035081807644
2016-12-06,14.67,14.79,14.52,14.57,3604857.0,62110394.0,925100962.0,0.0038967173833724758
2016-12-07,14.63,14.63,14.51,14.57,3833730.0,65898043.0,925100962.0,0.004144120650044249
2016-12-08,14.6,14.63,14.41,14.47,7523111.0,128485825.0,925100962.0,0.008132205358143385
2016-12-09,14.46,14.52,14.32,14.33,10013591.0,170524653.0,925100962.0,0.010824322329479968
2016-12-12,14.28,14.35,13.67,13.77,9121713.0,150390836.0,925100962.0,0.00986023512534192
2016-12-13,13.71,13.74,13.37,13.63,8578809.0,137374920.0,925100962.0,0.009273375936668845
2016-12-14,13.67,13.9,13.63,13.8,6337827.0,103120277.0,925100962.0,0.006850957095859122
2016-12-15,13.77,13.93,13.71,13.81,5179470.0,84680917.0,925100962.0,0.005598815926860965
2016-12-16,13.75,14.0,13.74,13.85,6031540.0,98754040.0,925100962.0,0.006519872152073278
2016-12-19,13.81,13.86,13.64,13.67,3989185.0,64577360.0,925100962.0,0.004312161768133585
2016-12-20,13.58,13.73,13.43,13.45,9486143.0,151366807.0,925100962.0,0.010254170506418737
2016-12-21,13.52,13.83,13.48,13.82,4485431.0,72674700.0,925100962.0,0.004848585380673293
2016-12-22,13.82,13.96,13.73,13.85,2947760.0,48160673.0,990905787.0,0.0029748135884082793
2016-12-23,13.86,13.93,13.65,13.78,3463739.0,56391767.0,983424720.0,0.0035221191104490438
2016-12-26,13.71,13.81,13.47,13.79,4227671.0,68177972.0,983424720.0,0.004298926917354691
2016-12-27,13.79,13.94,13.74,13.82,2153527.0,35181548.0,983424720.0,0.0021898239450397383
2016-12-28,13.82,13.85,13.63,13.74,2992010.0,48400656.0,983424720.0,0.0030424392829987027
2016-12-29,13.73,13.85,13.63,13.69,2826420.0,45841553.0,983424720.0,0.0028740583214137633
2016-12-30,13.64,13.77,13.63,13.66,2579053.0,41677758.0,983424720.0,0.0026225220370706156
2017-01-03,13.69,14.04,13.67,14.01,5056645.0,82727750.0,983424720.0,0.005141872984441555
2017-01-04,13.99,14.15,13.96,14.14,4053851.0,67276519.0,983424720.0,0.004122177241995707
2017-01-05,14.19,14.39,14.13,14.29,6521673.0,109821267.0,983424720.0,0.00663159351943075
2017-01-06,14.24,14.36,14.15,14.24,5565193.0,93697538.0,983424720.0,0.0056589923832705774
2017-01-09,14.22,14.3,14.14,14.24,3019461.0,50730150.0,983424720.0,0.0030703529600110114
2017-01-10,14.23,14.36,14.17,14.2,2789698.0,46925914.0,983424720.0,0.0028367173849361852
2017-01-11,14.19,14.34,14.09,14.19,2320713.0,38930968.0,983424720.0,0.0023598278066469594
2017-01-12,14.15,14.24,13.94,13.95,3117177.0,51695827.0,983424720.0,0.0031697159290443705
2017-01-13,13.97,14.15,13.78,13.85,3857356.0,63631492.0,983424720.0,0.0039223703874354515
2017-01-16,13.85,13.92,13.43,13.69,5158895.0,83403633.0,983424720.0,0.0052458463724605175
2017-01-17,13.69,13.85,13.63,13.84,2829780.0,45883976.0,983424720.0,0.0028774749530396187
2017-01-18,13.9,14.02,13.8,13.98,3896831.0,64100578.0,983424720.0,0.003962510724766
2017-01-19,13.9,13.97,13.72,13.76,4317664.0,70423744.0,983424720.0,0.004390436717921836
2017-01-20,13.72,13.89,13.64,13.78,3495390.0,56875370.0,983424720.0,0.0035543035769936716
2017-01-23,13.74,13.91,13.74,13.81,4345369.0,70826052.0,983424720.0,0.004418608676015384
2017-01-24,13.85,13.85,13.67,13.78,6695450.0,108845617.0,983424720.0,0.006808299470039761
2017-01-25,13.77,14.05,13.74,13.99,4602045.0,75555973.0,983424720.0,0.004679610860300522
2017-01-26,14.05,14.22,13.97,14.22,3651988.0,60938145.0,983424720.0,0.003713540981560846
2017-02-03,14.36,14.5,14.13,14.18,4178870.0,70561674.0,983424720.0,0.004249303393553092
2017-02-06,14.19,14.53,14.19,14.41,4864282.0,82653208.0,983424720.0,0.004946267773297381
2017-02-07,14.47,14.48,14.27,14.34,3228714.0,54694974.0,983424720.0,0.003283132846203012
2017-02-08,14.32,14.36,14.11,14.34,3523335.0,59187286.0,983424720.0,0.003582719580203353
2017-02-09,14.3,14.43,14.29,14.41,2767480.0,46901892.0,983424720.0,0.002814124908310216
2017-02-10,14.41,14.41,14.14,14.19,9226985.0,154936148.0,983424720.0,0.009382502607825437
2017-02-13,14.24,14.3,14.09,14.16,5170396.0,86534641.0,983424720.0,0.005257541217796518
2017-02-14,14.18,14.57,14.12,14.57,8639683.0,146511926.0,983424720.0,0.008785301837846825
2017-02-15,14.53,14.7,14.41,14.53,8964978.0,153835383.0,983424720.0,0.009116079571398206
2017-02-16,14.47,14.61,14.42,14.57,6472548.0,110903976.0,983424720.0,0.006581640534722373
2017-02-17,14.58,14.65,14.42,14.55,5462102.0,93720043.0,983424720.0,0.0055541638204905
2017-02-20,14.58,14.69,14.49,14.65,5016561.0,86438957.0,983424720.0,0.00510111338262882
2017-02-21,14.65,14.75,14.56,14.65,4979049.0,85985351.0,983424720.0,0.005062969130977306
2017-02-22,14.62,14.69,14.48,14.52,4121233.0,70699162.0,983424720.0,0.004190694942059215
2017-02-23,14.56,14.63,14.36,14.49,6741600.0,115125994.0,983424720.0,0.006855227312162745
2017-02-24,14.51,14.58,14.39,14.45,4735571.0,80767097.0,983424720.0,0.004815387394370155
2017-02-27,14.43,14.56,14.36,14.37,3515795.0,59925837.0,983424720.0,0.0035750524961381896
2017-02-28,14.28,14.37,14.22,14.27,4861749.0,81883359.0,983424720.0,0.0049436920804675315
2017-03-01,14.3,14.31,14.15,14.27,6304110.0,105843545.0,983424720.0,0.006410363571092661
2017-03-02,14.24,14.36,14.02,14.1,6687363.0,111740738.0,983424720.0,0.006800076166480745
2017-03-03,14.03,14.14,14.0,14.13,2838536.0,47196316.0,983424720.0,0.0028863785323598535
2017-03-06,14.13,14.22,14.07,14.17,4754217.0,79440044.0,983424720.0,0.004834347666184353
2017-03-07,14.15,14.19,13.95,14.03,8900404.0,147664466.0,983424720.0,0.009050417199193446
2017-03-08,14.03,14.13,13.99,14.09,5914174.0,98247084.0,983424720.0,0.006013855336074936
2017-03-09,14.07,14.08,13.91,13.97,2934195.0,48324120.0,983424720.0,0.002983649831377027
2017-03-10,13.94,14.0,13.9,13.9,2983354.0,49072222.0,983424720.0,0.003033637389143523
2017-03-13,13.9,14.12,13.81,14.09,5211513.0,86140106.0,983424720.0,0.005299351230463273
2017-03-14,14.12,14.13,14.05,14.13,3810764.0,63360312.0,983424720.0,0.003874993095556923
2017-03-15,14.12,14.19,14.02,14.13,4438268.0,73958378.0,983424720.0,0.0045130734561970335
2017-03-16,14.22,14.39,14.17,14.32,5869313.0,99217275.0,983424720.0,0.0059682382195965136
2017-03-17,14.34,14.34,14.15,14.19,4358961.0,73343662.0,983424720.0,0.00443242976442569
2017-03-20,14.07,14.07,13.83,13.9,7219500.0,118359645.0,983424720.0,0.007341182149661643
2017-03-21,13.9,13.97,13.8,13.94,6146488.0,100636376.0,983424720.0,0.006250084907363321
2017-03-22,13.87,13.92,13.79,13.85,5201541.0,85091060.0,983424720.0,0.005289211155887967
2017-03-23,13.84,14.08,13.69,13.71,8713368.0,142662150.0,983424720.0,0.008860228772772765
2017-03-24,13.72,13.83,13.66,13.74,9715152.0,157521195.0,983424720.0,0.009878897492021555
2017-03-27,13.75,13.86,13.71,13.83,5707629.0,92797538.0,983424720.0,0.005803829092276631
2017-03-28,13.84,13.85,13.69,13.7,5787449.0,93859968.0,983424720.0,0.005884994430483708
2017-03-29,13.7,13.75,13.54,13.56,6152480.0,98739083.0,983424720.0,0.00625617790042943
2017-03-30,13.56,13.61,13.26,13.35,7157314.0,113223979.0,983424720.0,0.007277948026362404
2017-03-31,13.47,13.6,13.38,13.47,5667785.0,90213142.0,1028848075.0,0.005508864853540208
2017-04-05,13.56,13.74,13.45,13.72,8428513.0,135177127.0,1028848075.0,0.00819218425422043
2017-04-06,13.71,13.8,13.6,13.75,4826055.0,78198415.0,1028848075.0,0.004690736287765325
2017-04-07,13.78,13.78,13.67,13.71,2804889.0,45409669.0,1028848075.0,0.002726242161652487
2017-04-10,13.74,13.88,13.62,13.83,4818253.0,78368449.0,1028848075.0,0.0046831530495889786
2017-04-11,13.87,13.88,13.55,13.69,6387117.0,103163499.0,1028848075.0,0.0062080273610853574
2017-04-12,13.71,13.72,13.58,13.69,2887638.0,46534723.0,1028848075.0,0.002806670946048084
2017-04-13,13.67,13.85,13.64,13.81,4326337.0,70335017.0,1028848075.0,0.004205029979766449
2017-04-14,13.86,14.04,13.75,13.87,7278396.0,119196257.0,1028848075.0,0.0070743156126330895
2017-04-17,13.87,14.03,13.65,14.02,6023780.0,98540022.0,1028848075.0,0.005854878039209045
2017-04-18,14.02,14.33,14.02,14.15,9352667.0,156713709.0,1028848075.0,0.009090425717130297
2017-04-19,14.15,14.19,13.54,13.8,7638454.0,124315683.0,1028848075.0,0.007424277875040006
2017-04-20,13.8,13.98,13.69,13.92,3363232.0,54929110.0,1028848075.0,0.0032689296716621645
2017-04-21,13.9,14.03,13.82,14.0,2602844.0,42817124.0,1028848075.0,0.0025298623414346183
2017-04-24,14.02,14.02,13.67,13.81,3407311.0,55407849.0,1028848075.0,0.0033117727318486747
2017-04-25,13.67,13.8,13.67,13.73,2987426.0,48363979.0,1028848075.0,0.0029036609705470847
2017-04-26,13.71,13.83,13.63,13.67,3513421.0,56872995.0,1028848075.0,0.003414907492537224
2017-04-27,13.65,13.67,13.43,13.57,4833755.0,77279199.0,1028848075.0,0.004698220385939878
2017-04-28,13.57,13.63,13.51,13.63,2825812.0,45238201.0,1028809025.0,0.002746682748044517
2017-05-02,13.64,13.88,13.57,13.74,2624939.0,42558029.0,1028809025.0,0.0025514346552315673
2017-05-03,13.7,13.81,13.6,13.66,1941118.0,31377806.0,1028809025.0,0.0018867622200339853
2017-05-04,13.69,13.85,13.61,13.72,3783041.0,61372674.0,1028809025.0,0.0036771071287987583
2017-05-05,13.75,13.83,13.6,13.6,2745571.0,44441716.0,1028809025.0,0.002668688681069842
2017-05-08,13.49,13.66,13.44,13.54,4004625.0,64164730.0,1028809025.0,0.0038924862658548313
2017-05-09,13.5,13.65,13.47,13.53,3310595.0,52953079.0,1028809025.0,0.0032178907061978777
2017-05-10,13.53,13.63,13.35,13.36,3786703.0,60196053.0,1028809025.0,0.003680666584354662
2017-05-11,13.32,13.39,12.9,13.25,8366418.0,129525025.0,1028809025.0,0.00813213900412664
2017-05-12,13.25,13.35,13.14,13.23,2601136.0,40694773.0,1028809025.0,0.002528298194118194
2017-05-15,13.3,13.34,13.19,13.21,1556983.0,24353221.0,1028809025.0,0.0015133838857994077
2017-05-16,13.22,13.39,13.05,13.37,3235381.0,50561538.0,1028809025.0,0.0031447828716315938
2017-05-17,13.34,13.41,13.26,13.33,2600821.0,40919501.0,1028809025.0,0.0025279920148445433
2017-05-18,13.26,13.33,13.17,13.2,2045517.0,31950749.0,1028809025.0,0.0019882378073034497
2017-05-19,13.25,13.26,13.14,13.22,2035566.0,31727917.0,1028809025.0,0.0019785654582491633
2017-05-22,13.22,13.25,13.04,13.04,3330885.0,51564342.0,1028809025.0,0.0032376125394117726
2017-05-23,13.08,13.14,12.85,12.9,4016508.0,61586339.0,1028809025.0,0.003904036514454177
2017-05-24,12.91,12.97,12.73,12.97,2465456.0,37487104.0,1028809025.0,0.0023964175469786534
2017-05-25,13.0,13.03,12.8,13.01,3496333.0,53246971.0,1028809025.0,0.0033984276139101717
2017-05-26,13.0,13.08,12.91,12.99,1749389.0,26807998.0,1028809025.0,0.0017004020741361596
2017-05-31,13.11,13.17,12.74,12.8,4253970.0,64729235.0,1028809025.0,0.004134849030897644
2017-06-01,12.8,12.98,12.74,12.88,3900294.0,59327178.0,1028809025.0,0.003791076774428568
2017-06-02,12.86,12.87,12.52,12.75,7766287.0,115814114.0,1028809025.0,0.007548813055950787
2017-06-05,12.72,12.85,12.7,12.76,2591589.0,39067683.0,1028809025.0,0.002519018532132336
2017-06-06,12.81,12.81,12.65,12.73,1644601.0,24672479.0,1028809025.0,0.0015985483797636786
2017-06-07,12.74,12.97,12.64,12.93,3621818.0,55021046.0,1028809025.0,0.003520398744558058
2017-06-08,12.94,13.19,12.85,13.05,4851804.0,74613137.0,1028809025.0,0.004715942300370081
2017-06-09,13.18,13.53,13.18,13.35,8146856.0,128847126.0,1028809025.0,0.007918725246408099
2017-06-12,13.32,13.57,13.14,13.5,5591846.0,88707852.0,1028809025.0,0.005435261417929338
2017-06-13,13.49,13.55,13.37,13.54,3422287.0,54431237.0,1028809025.0,0.003326455072650631
2017-06-14,13.5,13.68,13.43,13.56,4243754.0,68036104.0,1028809025.0,0.004124919102454413
2017-06-15,13.58,13.74,13.56,13.69,5556548.0,89653267.0,1028809025.0,0.005400951843321942
2017-06-16,13.68,13.79,13.6,13.74,6048875.0,98040176.0,1028809025.0,0.0058794925520798185
2017-06-19,13.75,13.81,13.66,13.73,4013626.0,65106304.0,1028809025.0,0.0039012352170996944
2017-06-20,13.71,13.8,13.56,13.76,5904860.0,94309869.0,1028809025.0,0.005739510304159706
2017-06-21,13.69,13.8,13.63,13.75,3633172.0,58295834.0,1028809025.0,0.003531434806377209
2017-06-22,13.76,13.77,13.68,13.69,6010558.0,96379581.0,1028809025.0,0.005842248516433845
2017-06-23,13.63,14.1,13.62,14.06,16312706.0,266256733.0,1028809025.0,0.0158559126170185
2017-06-26,14.06,14.26,13.99,14.1,6528007.0,107918622.0,1028809025.0,0.006345207751263651
2017-06-27,14.1,14.27,14.1,14.13,7184287.0,118936674.0,1028809025.0,0.006983110397967203
2017-06-28,14.14,14.23,14.07,14.2,4422007.0,73199128.0,1028809025.0,0.004298180607426145
2017-06-29,14.21,14.21,14.07,14.1,9753071.0,160826117.0,1028809025.0,0.009479962522684907
2017-06-30,14.06,14.2,13.99,14.12,3523209.0,58127140.0,1028711450.0,0.00342487584832462
2017-07-03,14.11,14.31,14.07,14.27,4832297.0,80460132.0,1028711450.0,0.0046974270578985
2017-07-04,14.27,14.32,14.21,14.26,3975359.0,66298230.0,1028711450.0,0.003864406291968462
2017-07-05,14.27,14.36,14.1,14.33,3946367.0,65720150.0,1028711450.0,0.0038362234618852546
2017-07-06,14.33,14.33,14.03,14.12,9788623.0,162484966.0,1028711450.0,0.009515421452730988
2017-07-07,14.14,14.53,14.09,14.36,7932332.0,133106233.0,1028711450.0,0.0077109397392242495
2017-07-10,14.19,14.23,13.93,13.95,6223214.0,102536209.0,1028711450.0,0.006049523411059535
2017-07-11,13.95,14.03,13.86,13.91,3893606.0,63423789.0,1028711450.0,0.0037849350272129273
2017-07-12,13.92,14.07,13.85,14.04,3836316.0,62613988.0,1028711450.0,0.0037292439974299886
2017-07-13,14.02,14.02,13.91,13.93,3956333.0,64494142.0,1028711450.0,0.003845911309726357
2017-07-14,13.95,13.98,13.86,13.94,1877608.0,30561751.0,1028711450.0,0.0018252037536862257
2017-07-17,13.63,13.63,13.21,13.39,10978071.0,172048488.0,1028711450.0,0.010671671827896929
2017-07-18,13.4,13.56,13.12,13.27,5252731.0,82035705.0,1028711450.0,0.005106126698599496
2017-07-19,13.27,13.62,13.21,13.62,5220764.0,81875765.0,1028711450.0,0.005075051901094326
2017-07-20,13.57,13.79,13.5,13.6,3079520.0,49194126.0,1028711450.0,0.0029935702572378288
2017-07-21,13.55,13.79,13.55,13.68,1805603.0,28957175.0,1028711450.0,0.0017552084211758313
2017-07-24,13.68,14.26,13.61,14.03,6979303.0,114229593.0,1028711450.0,0.006784509883699652
2017-07-25,14.03,14.21,13.96,14.03,3776561.0,62394740.0,1028711450.0,0.0036711567660688525
2017-07-26,14.02,14.18,13.95,14.04,2213587.0,36320209.0,1028711450.0,0.0021518055427496214
2017-07-27,14.04,14.04,13.74,13.83,4365566.0,71050456.0,1028711450.0,0.004243722571572427
2017-07-28,13.82,13.96,13.78,13.89,1826584.0,29652250.0,1028711450.0,0.0017756038391523686
2017-07-31,13.7,14.19,13.65,14.04,5134688.0,84039137.0,1028711450.0,0.004991378291745465
2017-08-01,14.03,14.38,14.0,14.31,9981415.0,166692648.0,1028711450.0,0.009702832606752846
2017-08-02,14.31,14.36,14.09,14.12,4114254.0,68177883.0,1028711450.0,0.003999424717203255
2017-08-03,14.13,14.27,14.09,14.2,3535834.0,58666006.0,1028711450.0,0.003437148483182529
2017-08-04,14.21,14.39,14.16,14.27,4271459.0,71255011.0,1028711450.0,0.0041522421083191015
2017-08-07,14.21,14.64,14.21,14.53,6816218.0,115764051.0,1028711450.0,0.006625976604032161
2017-08-08,14.57,14.91,14.53,14.68,7639359.0,131967203.0,1028711450.0,0.007426143647958813
2017-08-09,14.96,15.18,14.71,14.79,7551604.0,131832271.0,1028711450.0,0.007340837899685086
2017-08-10,14.78,14.91,14.63,14.8,4582917.0,79184052.0,1028711450.0,0.004455007281196297
2017-08-11,14.77,14.77,14.33,14.37,4298294.0,73093459.0,1028711450.0,0.00417832814051015
2017-08-14,14.45,14.66,14.4,14.53,3803089.0,64778258.0,1028711450.0,0.003696944366663752
2017-08-15,14.53,14.8,14.46,14.72,3885832.0,66926658.0,1028711450.0,0.0037773780004101247
2017-08-16,14.7,14.85,14.62,14.74,2833958.0,48883185.0,1028711450.0,0.002754861919734635
2017-08-17,14.74,14.83,14.64,14.72,3000875.0,51720780.0,1028711450.0,0.002917120247859592
2017-08-18,14.72,15.15,14.59,15.1,7806842.0,136506741.0,1028711450.0,0.00758895217896136
2017-08-21,15.12,15.15,14.87,14.94,5127298.0,89976619.0,1028711450.0,0.00498419454746032
2017-08-22,14.92,14.92,14.7,14.86,2967733.0,51337553.0,1028711450.0,0.0028849032447339825
2017-08-23,14.8,14.91,14.62,14.66,2548749.0,43974411.0,1028711450.0,0.0024776131343731034
2017-08-24,14.66,14.69,14.21,14.33,7181044.0,120965669.0,1028711450.0,0.006980620270144753
2017-08-25,14.32,14.62,14.27,14.52,4332516.0,73610417.0,1028711450.0,0.0042115950007166735
2017-08-28,14.52,14.67,14.52,14.59,3518511.0,60045589.0,1028711450.0,0.0034203089700226433
2017-08-29,14.59,14.62,14.36,14.4,2958404.0,50061610.0,1028711450.0,0.0028758346181526413
2017-08-30,14.43,14.82,14.41,14.74,6155224.0,105537253.0,1028711450.0,0.005983431019456428
2017-08-31,14.83,15.04,14.71,14.9,5961691.0,103976200.0,1028711450.0,0.005795299546826275
2017-09-01,14.89,14.93,14.62,14.81,3849716.0,66531212.0,1028711450.0,0.0037422700019524423
2017-09-04,14.84,15.05,14.62,15.05,6199096.0,107792636.0,1028711450.0,0.006026078547098897
2017-09-05,15.05,15.15,14.9,15.09,3952948.0,69535402.0,1028711450.0,0.003842620785449603
2017-09-06,15.03,15.15,14.83,15.05,3060869.0,53729974.0,1028711450.0,0.0029754398087043746
2017-09-07,15.02,15.29,15.0,15.11,4941894.0,87481806.0,1028711450.0,0.004803965193543826
2017-09-08,15.13,15.13,14.92,15.08,2321025.0,40719654.0,1028711450.0,0.002256244936323009
2017-09-11,15.0,15.07,14.88,14.98,2146550.0,37630752.0,1028711450.0,0.002086639552811432
2017-09-12,14.96,15.27,14.92,15.12,4452447.0,78982749.0,1028711450.0,0.004328178713282524
2017-09-13,15.07,15.43,15.02,15.28,5214344.0,93230573.0,1028711450.0,0.005068811084002224
2017-09-14,15.28,15.47,15.01,15.05,4542705.0,80646505.0,1028711450.0,0.004415917602550258
2017-09-15,15.01,15.11,14.92,14.93,4635508.0,81205038.0,1028711450.0,0.004506130460587369
2017-09-18,14.93,15.17,14.93,15.15,4637509.0,81865468.0,1028711450.0,0.004508075612456729
2017-09-19,15.15,15.16,15.03,15.07,3654506.0,64518647.0,1028711450.0,0.0035525083345772034
2017-09-20,15.07,15.38,15.06,15.15,3588311.0,63832865.0,1028711450.0,0.003488160844326171
2017-09-21,15.09,15.22,15.08,15.1,4336112.0,76899756.0,1028711450.0,0.004215090635960162
2017-09-22,15.06,15.27,15.04,15.14,3684593.0,65290306.0,1028711450.0,0.003581755603089671
2017-09-25,15.14,15.7,15.09,15.54,7119766.0,128852874.0,1028711450.0,0.00692105254588155
2017-09-26,15.54,15.81,15.45,15.74,5552924.0,101496897.0,1028711450.0,0.005397941278868822
2017-09-27,15.73,16.03,15.62,15.64,7339524.0,136015801.0,1028711450.0,0.0071346770758700115
2017-09-28,15.69,15.81,15.57,15.78,4207203.0,77227893.0,1028711450.0,0.0040897795003642665
2017-09-29,15.8,16.14,15.46,15.57,11027175.0,203493724.0,1028711450.0,0.010719405329842493
2017-10-09,15.65,16.24,15.11,15.16,28919420.0,520270543.0,1028711450.0,0.0281122757990105
2017-10-10,15.13,15.39,15.11,15.32,21507605.0,384322729.0,1028711450.0,0.02090732537292163
2017-10-11,15.33,16.47,15.33,16.37,19868459.0,374672053.0,1028711450.0,0.019313928118521475
2017-10-12,16.26,16.68,16.11,16.5,14822115.0,284866890.0,1028711450.0,0.014408428135994793
2017-10-13,16.58,16.78,16.43,16.67,9918660.0,193188085.0,1028711450.0,0.009641829105722503
2017-10-16,16.66,17.07,16.5,16.8,9545636.0,188248165.0,1028711450.0,0.009279216246693861
2017-10-17,16.8,17.44,16.8,17.03,13384587.0,268688000.0,1028711450.0,0.013011021700983304
2017-10-18,17.01,17.44,16.8,17.06,8198792.0,164544801.0,1028711450.0,0.007969962811243134
2017-10-19,17.03,17.68,17.03,17.29,8482200.0,172658908.0,1028711450.0,0.008245460862713251
2017-10-20,17.27,17.42,16.79,17.01,7882065.0,156961875.0,1028711450.0,0.0076620756967369225
2017-10-23,17.09,17.55,17.03,17.16,9974846.0,201805861.0,1028711450.0,0.009696446948267174
2017-10-24,17.2,17.7,17.2,17.68,10401739.0,213695076.0,1028711450.0,0.01011142531756597
2017-10-25,17.68,17.86,17.44,17.8,6058078.0,125510647.0,1028711450.0,0.0058889963750281965
2017-10-26,17.71,18.17,17.71,18.17,6922542.0,146032579.0,1028711450.0,0.006729333089468383
2017-10-27,18.18,18.96,17.83,18.64,13555781.0,293093309.0,1028711450.0,0.013177437657566658
2017-10-30,18.64,18.92,17.96,18.32,11483919.0,246519322.0,1028711450.0,0.01116340155443978
2017-10-31,18.18,18.55,17.9,18.05,7613673.0,161699097.0,1028711450.0,0.00740117454705107
2017-11-01,18.07,18.26,17.72,18.04,7365028.0,154139913.0,1028711450.0,0.007159469256417823
2017-11-02,17.98,18.36,17.79,18.34,6175400.0,131269692.0,1028711450.0,0.006003043905071728
2017-11-03,18.33,18.86,18.12,18.78,9813301.0,213503950.0,1028711450.0,0.009539410687029876
2017-11-06,18.8,20.21,18.71,19.42,16791121.0,383320308.0,1028711450.0,0.01632247896142305
2017-11-07,19.54,20.09,19.42,19.8,14607076.0,336997586.0,1028711450.0,0.01419939089819599
2017-11-08,19.62,19.79,19.39,19.45,6889389.0,157892582.0,1028711450.0,0.006697105393353987
2017-11-09,19.45,20.35,19.19,20.29,9827997.0,226938913.0,1028711450.0,0.009553696520049428
2017-11-10,20.34,20.81,19.57,19.57,16776149.0,393473358.0,1028711450.0,0.016307924831593934
2017-11-13,19.59,20.15,19.25,19.34,10714195.0,244488422.0,1028711450.0,0.010415160636153121
2017-11-14,19.49,19.62,18.72,18.85,12695708.0,282467537.0,1028711450.0,0.0123413693898323
2017-11-15,18.8,19.23,18.63,18.91,12107845.0,268711644.0,1028711450.0,0.011769913710982802
2017-11-16,18.91,19.52,18.87,19.52,8487967.0,191289386.0,1028711450.0,0.008251066905107355
2017-11-17,19.52,19.77,19.09,19.43,8660232.0,195874147.0,1028711450.0,0.008418523969962616
2017-11-20,19.27,19.43,18.38,18.7,15744229.0,344806078.0,1028711450.0,0.015304805832578223
2017-11-21,18.8,19.2,18.59,19.09,8699571.0,192231514.0,1028711450.0,0.008456765014134915
2017-11-22,19.06,19.06,18.09,18.1,14092894.0,305328615.0,1028711450.0,0.013699559774512085
2017-11-23,18.07,18.33,17.61,17.86,9807145.0,205957415.0,1028711450.0,0.009533426501668666
2017-11-24,17.83,18.68,17.83,18.6,8797218.0,188702821.0,1028711450.0,0.008551686675597905
2017-11-27,18.55,18.8,18.01,18.09,8276357.0,179458032.0,1028711450.0,0.008045362963540456
2017-11-28,18.08,18.68,18.01,18.48,6353300.0,135759979.0,1028711450.0,0.006175978696455649
2017-11-29,18.51,18.99,18.51,18.68,7312701.0,160472311.0,1028711450.0,0.007108602708757641
2017-11-30,18.72,18.97,17.96,17.96,6300258.0,136398504.0,1028711450.0,0.006124417104524306
2017-12-01,18.34,19.75,18.29,19.75,14462029.0,324916494.0,1028711450.0,0.014058392175959547
2017-12-04,20.17,21.27,20.05,20.84,23792223.0,575664178.0,1028711450.0,0.023128179432629042
2017-12-05,21.07,21.13,20.33,20.68,11984361.0,290014946.0,1028711450.0,0.011649876163038721
2017-12-06,20.59,20.67,19.85,20.43,12469565.0,295283317.0,1028711450.0,0.012121538065897877
2017-12-07,20.49,20.65,20.0,20.43,11162957.0,266269874.0,1028711450.0,0.01085139763925054
2017-12-08,20.19,20.62,19.87,20.3,8490058.0,202018842.0,1028711450.0,0.008253099545066792
2017-12-11,20.35,21.16,20.15,21.11,20665195.0,504683130.0,1028711450.0,0.020088427128909667
2017-12-12,21.15,21.15,20.39,20.42,10798039.0,261175150.0,1028711450.0,0.010496664540868093
2017-12-13,20.39,21.74,20.38,21.61,16973691.0,420492609.0,1028711450.0,0.016499953412592035
2017-12-14,21.46,22.21,21.35,22.05,13200703.0,338444511.0,1028711450.0,0.012832269923699206
2017-12-15,22.05,22.2,21.44,21.91,6978528.0,177660519.0,1028711450.0,0.006783756514035106
2017-12-18,21.74,22.06,21.13,21.21,8295203.0,209004812.0,1028711450.0,0.00806368296960241
2017-12-19,21.21,21.87,21.2,21.51,6973846.0,176640824.0,1028711450.0,0.006779205189171366
2017-12-20,21.42,21.82,20.98,21.36,7613879.0,190735349.0,1028711450.0,0.007401374797568356
2017-12-21,21.28,22.27,21.27,21.95,9812389.0,250550768.0,1028711450.0,0.009538524141050437
2017-12-22,22.04,22.18,21.54,21.62,8767702.0,224157333.0,1028711450.0,0.008522994470412475
2017-12-25,21.61,21.8,20.47,20.67,12949164.0,316199260.0,1028711450.0,0.012587751404925063
2017-12-26,20.93,21.2,20.52,20.98,7619805.0,185892815.0,1028711450.0,0.007407135402254928
2017-12-27,20.86,21.15,20.39,20.47,4952636.0,120114668.0,1028711450.0,0.004814407383139364
2017-12-28,20.43,21.1,20.41,20.75,5739303.0,140017618.0,1028711450.0,0.005579118420427808
2017-12-29,20.68,21.35,20.48,21.28,7519840.0,184380772.0,1028711450.0,0.007309960436427533
2018-01-02,21.14,21.16,20.39,20.51,10828204.0,261018637.0,1028519350.0,0.010527953606317664
2018-01-03,20.6,21.18,20.51,20.97,8240556.0,200804399.0,1028519350.0,0.008012057332708423
2018-01-04,20.86,21.59,20.86,21.46,13093595.0,327115001.0,1028519350.0,0.01273052859919456
2018-01-05,21.49,22.01,21.2,21.83,7674433.0,194708584.0,1028519350.0,0.007461632102497634
2018-01-08,21.74,22.79,21.63,22.79,9878947.0,258472123.0,1028519350.0,0.009605018126299714
2018-01-09,22.84,23.61,22.66,23.35,10300520.0,280397051.0,1028519350.0,0.01001490151838174
2018-01-10,23.16,23.57,22.91,23.1,7132687.0,193067008.0,1028519350.0,0.006934907933428768
2018-01-11,23.06,23.08,22.38,22.61,6277329.0,166497322.0,1028519350.0,0.0061032677703146765
2018-01-12,22.72,23.08,22.39,22.74,5235455.0,138911581.0,1028519350.0,0.0050902834253920455
2018-01-15,22.99,23.65,22.63,22.66,8547087.0,231524291.0,1028519350.0,0.008310088672614667
2018-01-16,22.49,23.08,22.21,22.57,8105971.0,214206288.0,1028519350.0,0.007881204179581065
2018-01-17,22.62,22.69,21.97,22.33,6627023.0,172736118.0,1028519350.0,0.006443265262826606
2018-01-18,22.45,22.51,21.33,21.74,15306416.0,389898580.0,1028519350.0,0.014881991281933587
2018-01-19,21.84,22.51,21.84,22.08,8589699.0,223269961.0,1028519350.0,0.008351519103651282
2018-01-22,22.28,22.62,21.98,22.14,7122232.0,185615631.0,1028519350.0,0.006924742835416757
2018-01-23,22.15,22.48,21.92,22.48,7792168.0,202624774.0,1028519350.0,0.007576102481688847
2018-01-24,22.48,22.49,21.83,22.15,7101725.0,183507709.0,1028519350.0,0.006904804464787172
2018-01-25,22.12,22.12,21.2,21.2,14924265.0,374319779.0,1028519350.0,0.014510436774961988
2018-01-26,21.2,21.51,21.02,21.45,9074969.0,225981645.0,1028519350.0,0.008823333270297735
2018-01-29,21.5,21.54,20.68,20.71,9733304.0,238267881.0,1028519350.0,0.009463413595475865
2018-01-30,20.71,21.13,20.7,20.73,5104848.0,124983133.0,1028519350.0,0.004963297968093648
2018-01-31,20.4,21.39,20.09,21.27,9370982.0,228413592.0,1028519350.0,0.009111138259090604
2018-02-01,21.26,21.26,20.16,20.41,10846737.0,260547947.0,1028519350.0,0.010545972713104522
2018-02-02,20.42,21.04,19.62,20.98,7700114.0,185867889.0,1028519350.0,0.0074866010056106385
2018-02-05,20.73,21.28,20.55,21.2,6084653.0,149047761.0,1028519350.0,0.0059159343963728055
2018-02-06,20.86,20.91,20.17,20.17,5457096.0,131279146.0,1028519350.0,0.005305778641889431
2018-02-07,20.09,20.77,19.92,20.27,5798216.0,137855563.0,1028519350.0,0.005637439878987206
2018-02-08,20.33,21.01,20.18,20.87,5131413.0,125006727.0,1028519350.0,0.004989126359168644
2018-02-09,20.3,20.73,19.54,19.92,6091693.0,143709100.0,1028519350.0,0.005922779187382328
2018-02-12,20.17,20.92,20.04,20.47,6644632.0,159921346.0,1028519350.0,0.0064603859907934645
2018-02-13,20.6,21.45,20.6,21.27,8610600.0,213462208.0,1028519350.0,0.008371840549232254
2018-02-14,21.27,21.38,21.08,21.25,2731077.0,67893327.0,1028519350.0,0.002655348195442312
2018-02-22,21.3,21.87,21.3,21.71,7480268.0,189842692.0,1028519350.0,0.007272851016366391
2018-02-23,21.54,21.92,21.27,21.51,5828879.0,146912636.0,1028519350.0,0.005667252638465188
2018-02-26,21.69,21.85,21.45,21.74,6209559.0,157465816.0,1028519350.0,0.006037376934133519
2018-02-27,21.62,21.76,21.3,21.42,3505000.0,88246561.0,1028519350.0,0.003407811433008042
2018-02-28,21.54,22.22,21.51,21.96,8384163.0,215539897.0,1028519350.0,0.00815168231885963
2018-03-01,21.8,22.08,21.75,21.95,4026106.0,103149037.0,1028519350.0,0.003914467919344444
2018-03-02,21.87,22.13,21.28,21.45,7232017.0,182899794.0,1028519350.0,0.00703148365657875
2018-03-05,21.52,22.58,21.5,22.48,11512608.0,298306944.0,1028519350.0,0.011193380075931483
2018-03-06,22.48,23.33,22.22,23.09,10710777.0,287358309.0,1028519350.0,0.010413782686733118
2018-03-07,22.98,24.23,22.98,23.86,18403753.0,512001996.0,1028519350.0,0.017893443618732113
2018-03-08,23.86,25.68,23.79,25.61,20003567.0,584497847.0,1028519350.0,0.01944889709658841
2018-03-09,25.61,25.86,24.99,25.7,13161446.0,392081124.0,1028519350.0,0.012796498189363185
2018-03-12,25.64,26.06,25.21,25.98,11181389.0,335193679.0,1028519350.0,0.0108713452984623
2018-03-13,26.2,26.21,25.31,25.73,9532398.0,285546233.0,1028519350.0,0.009268078427498714
2018-03-14,25.6,25.97,25.04,25.63,8917994.0,265863380.0,1028519350.0,0.008670710959400035
2018-03-15,25.39,25.86,25.21,25.68,7569460.0,226525296.0,1028519350.0,0.007359569851554081
2018-03-16,25.91,26.98,25.91,26.63,10827451.0,336619206.0,1028519350.0,0.010527221485915651
2018-03-19,26.5,27.27,25.98,27.18,9548320.0,298223478.0,1028519350.0,0.009283558933529059
2018-03-20,26.73,27.51,26.73,26.81,8288039.0,262217121.0,1028519350.0,0.00805822369797904
2018-03-21,26.81,27.08,26.07,26.37,9151075.0,283007535.0,1028519350.0,0.008897328961287894
2018-03-22,26.24,26.7,24.87,24.87,14762595.0,443512516.0,1028519350.0,0.014353249649605522
2018-03-23,24.96,25.6,24.42,24.53,23248163.0,678177034.0,1028519350.0,0.022603525154874335
2018-03-26,24.53,25.77,24.52,25.39,19624177.0,578800262.0,1028519350.0,0.01908002703109086
2018-03-27,25.68,26.14,25.3,25.63,10018952.0,301923492.0,1028519350.0,0.009741140990687245
2018-03-28,25.39,26.21,25.39,25.47,8474099.0,254886402.0,1028519350.0,0.008239124524006282
2018-03-29,25.47,25.68,24.63,24.71,7472989.0,218535827.0,1028519350.0,0.007265773852480267
2018-03-30,26.07,27.18,25.98,27.18,17258522.0,543348128.0,1028519350.0,0.016779968213529478
2018-04-02,27.39,28.12,26.99,27.08,17312014.0,557648565.0,1028519350.0,0.016831976957944448
2018-04-03,26.84,27.91,26.67,27.27,11609955.0,371258724.0,1028519350.0,0.011288027784795688
2018-04-04,27.79,28.36,26.06,26.09,14366640.0,454148380.0,1028519350.0,0.013968273907535137
2018-04-09,26.06,26.65,25.63,25.8,13506640.0,411764907.0,1028519350.0,0.013132120460349141
2018-04-10,25.9,26.47,25.57,26.19,15295807.0,463938437.0,1028519350.0,0.014871676454118243
2018-04-11,26.31,26.4,25.56,25.73,11049546.0,334444725.0,1028519350.0,0.010743158113651435
2018-04-12,25.67,26.41,25.56,25.84,14063646.0,426000812.0,1028519350.0,0.013673681491748307
2018-04-13,25.85,25.98,24.36,24.68,18165356.0,531196444.0,1028519350.0,0.017661657021814905
2018-04-16,24.7,25.44,24.61,25.21,11512776.0,337747329.0,1028519350.0,0.01119354341753512
2018-04-17,25.22,25.46,24.45,24.64,7912789.0,230466392.0,1028519350.0,0.0076933788362853845
2018-04-18,24.87,25.34,24.1,25.26,8234754.0,238352032.0,1028519350.0,0.008006416213754267
2018-04-19,25.14,25.51,24.84,25.26,6961856.0,205231843.0,1028519350.0,0.0067688138293168715
2018-04-20,25.45,26.2,25.24,25.41,10651909.0,320589108.0,1028519350.0,0.010356547011001787
2018-04-23,25.46,25.88,24.7,25.58,9063851.0,268890019.0,1028519350.0,0.00881252355631423
2018-04-24,25.79,25.98,25.37,25.94,8915685.0,268100501.0,1028519350.0,0.008668465984621485
2018-04-25,25.9,26.96,25.74,26.82,15725513.0,487279034.0,1028519350.0,0.015289467329904877
2018-04-26,27.86,28.12,27.1,27.12,33104233.0,1067996064.0,1028519350.0,0.032186300627207454
2018-04-27,27.31,29.06,27.28,28.29,22902042.0,759103289.0,1028519350.0,0.022267001588254027
2018-05-02,28.33,29.74,28.21,29.4,20073167.0,685787423.0,1028519350.0,0.019516567189523465
2018-05-03,29.4,29.71,28.46,29.09,14833092.0,504025640.0,1028519350.0,0.01442179187003142
2018-05-04,29.02,30.6,28.89,30.6,16698578.0,587457498.0,1028519350.0,0.016235550648609577
2018-05-07,30.42,30.83,30.0,30.59,16425434.0,583920227.0,1028519350.0,0.015969980535611702
2018-05-08,30.6,30.6,29.08,29.49,20189783.0,697803479.0,1028519350.0,0.019629949596961883
2018-05-09,29.49,29.68,28.97,29.65,10670186.0,367169445.0,1028519350.0,0.010374317216297389
2018-05-10,29.66,30.22,29.25,30.0,14974055.0,520176656.0,1028519350.0,0.014558846170468256
2018-05-11,29.83,30.3,28.63,28.68,16447014.0,562746335.0,1028401799.9999999,0.01599278997761381
2018-05-14,28.69,29.6,28.39,29.33,14672388.0,498119782.0,1028401799.9999999,0.014267174561538108
2018-05-15,29.46,29.8,29.13,29.37,10331332.0,357234403.0,1028401799.9999999,0.010046007309594363
2018-05-16,29.53,30.33,29.4,29.92,14469594.0,507677041.0,1031566284.0,0.01402681943412567
2018-05-17,29.9,29.9,28.74,29.01,10056459.0,342425347.0,1031566284.0,0.009748727886883904
2018-05-18,28.98,29.13,28.37,28.92,8078220.0,271210879.0,1031566284.0,0.007831023682429699
2018-05-21,28.98,29.19,28.55,28.91,7765294.0,261925236.0,1031566284.0,0.007527673325934332
2018-05-22,28.99,29.62,28.8,29.48,11076751.0,379315162.0,1031566284.0,0.010737798599861955
2018-05-23,29.57,30.0,28.55,28.69,11906275.0,407385206.0,1031566284.0,0.011541938879421537
2018-05-24,28.69,29.08,28.27,28.88,10416400.0,348808659.0,1031566284.0,0.010097654568167332
2018-05-25,28.8,29.68,28.66,29.55,12044197.0,413198011.0,1031566284.0,0.011675640418662618
2018-05-28,29.49,29.49,28.45,28.98,14253634.0,483365787.0,1031566284.0,0.013817467884594026
2018-05-29,29.0,30.67,28.33,28.42,27062673.0,932781413.0,1031566284.0,0.02623454587432018
2018-05-30,27.95,28.25,27.18,27.34,18310749.0,593837699.0,1031566284.0,0.017750433766600304
2018-05-31,27.63,28.01,27.18,27.91,16631279.0,538682395.0,1031566284.0,0.016122356127723152
2018-06-01,27.8,28.63,26.67,27.1,18025506.0,578930532.0,1031566284.0,0.017473919300759155
2018-06-04,27.16,27.78,27.16,27.52,9945171.0,319404435.0,1031566284.0,0.009640845338058762
2018-06-05,27.9,28.75,27.88,28.51,14069724.0,467588804.0,1031566284.0,0.013639185594010748
2018-06-06,28.38,29.06,28.33,28.75,8532299.0,287430862.0,1031566284.0,0.008271207708452015
2018-06-07,28.81,29.14,28.71,28.76,7536675.0,254844797.0,1031566284.0,0.007306050146167825
2018-06-08,28.69,28.9,27.91,28.2,10690582.0,353408535.0,1031566284.0,0.010363446504422589
2018-06-11,28.14,28.72,27.44,27.72,11652228.0,380870391.0,1031566284.0,0.011295665805223235
2018-06-12,27.67,28.63,27.1,28.36,11876780.0,388186276.0,1031566284.0,0.011513346436592145
2018-06-13,28.33,28.43,27.77,27.87,6651206.0,218077732.0,1031566284.0,0.006447676802899463
2018-06-14,27.87,28.1,27.51,27.59,5630649.0,182636344.0,1031566284.0,0.00545834919901279
2018-06-15,27.61,27.73,26.24,26.8,10263042.0,321998110.0,1031566284.0,0.009948989375848968
2018-06-19,26.33,27.28,25.64,25.82,13659834.0,421760136.0,1031566284.0,0.01324183836935097
2018-06-20,25.83,26.57,25.59,26.44,11412163.0,346518449.0,1031566284.0,0.011062946877003592
2018-06-21,26.39,27.45,26.39,26.47,13943739.0,437769142.0,1031566284.0,0.013517055778453496
2018-06-22,26.38,26.92,26.06,26.83,6162854.0,192137532.0,1031566284.0,0.005974268542495326
2018-06-25,27.01,27.34,26.71,26.73,6765306.0,213763274.0,1031566284.0,0.006558285303554958
2018-06-26,26.41,26.72,25.92,26.4,8917083.0,275086997.0,1031566284.0,0.008644217185368962
2018-06-27,26.41,26.69,25.51,25.7,12694263.0,386212710.0,1031566284.0,0.012305814174903762
2018-06-28,25.64,26.12,25.56,25.72,6349311.0,192041483.0,1031566284.0,0.006155019894000336
2018-06-29,25.8,27.45,25.78,27.44,12016875.0,375582450.0,1031566284.0,0.011649154481283919
2018-07-02,27.42,28.1,27.25,27.45,13351879.0,431614991.0,1031566284.0,0.01294330689854148
2018-07-03,27.43,27.56,25.94,26.67,14364884.0,445060880.0,1031566284.0,0.01392531359623227
2018-07-04,26.57,26.98,26.1,26.21,6843504.0,211805416.0,1031566284.0,0.006634090417790351
2018-07-05,26.12,26.46,25.28,25.54,9040875.0,272009494.0,1031566284.0,0.008764221107482416
2018-07-06,25.53,26.45,25.21,25.86,8730276.0,264682004.0,1031566284.0,0.008463126543984642
2018-07-09,25.81,26.88,25.81,26.76,7425364.0,230931857.0,1031566284.0,0.007198145301150614
2018-07-10,26.79,27.48,26.79,27.27,9499588.0,302042894.0,1031566284.0,0.009208897331506814
2018-07-11,26.65,27.76,26.58,27.28,8869912.0,282490916.0,1029451618.0,0.008616152371718358
2018-07-12,27.3,28.42,27.23,28.24,11880151.0,389652575.0,1029451618.0,0.01154027133696729
2018-07-13,28.02,29.11,27.98,28.63,14029028.0,472925307.0,1029451618.0,0.013627671038348886
2018-07-16,28.45,29.06,28.29,28.71,11252400.0,378074450.0,1029451618.0,0.01093047968768164
2018-07-17,28.8,28.8,27.91,28.62,6566258.0,217931018.0,1029451618.0,0.006378403691041651
2018-07-18,28.62,28.8,27.93,28.04,8969354.0,296673380.0,1029451618.0,0.008712749431999046
2018-07-19,28.04,28.39,27.01,27.34,10493384.0,336570802.0,1029451618.0,0.010193178403455577
2018-07-20,27.34,27.69,27.1,27.45,7012977.0,225382125.0,1029451618.0,0.006812342491262178
2018-07-23,26.5,26.5,25.14,25.56,34078305.0,1024844873.0,1029451618.0,0.033103357558664795
2018-07-24,25.45,26.2,25.09,25.95,13619962.0,410114920.0,1029451618.0,0.013230308022110468
2018-07-25,25.8,26.87,25.64,26.55,10755009.0,331450707.0,1029451618.0,0.010447318564513636
2018-07-26,26.58,26.87,26.33,26.39,7426174.0,230769635.0,1029451618.0,0.007213718323574484
2018-07-27,25.88,26.63,25.39,26.39,9754756.0,296585012.0,1029451618.0,0.009475681838211458
2018-07-30,26.41,26.41,24.3,24.96,18672066.0,543387292.0,1029451618.0,0.018137876198859888
2018-07-31,25.25,25.53,25.01,25.32,11377212.0,335022166.0,1029451618.0,0.011051720936728859
2018-08-01,25.35,25.69,24.96,25.04,5535571.0,162715890.0,1029451618.0,0.005377203652129283
2018-08-02,25.09,25.4,24.61,25.07,6907039.0,200393805.0,1029451618.0,0.006709435275276822
2018-08-03,25.14,25.26,24.53,24.62,4661161.0,134099871.0,1029451618.0,0.004527809678958609
2018-08-06,24.58,24.58,22.59,22.89,12583760.0,344396039.0,1029451618.0,0.012223750762029499
2018-08-07,22.92,23.79,22.29,23.62,12100134.0,324312278.0,1029451618.0,0.011753960835486297
2018-08-08,23.39,24.1,23.28,23.58,5618972.0,154813891.0,1029451618.0,0.005458218629950223
2018-08-09,23.5,24.66,23.34,24.31,8517705.0,240570422.0,1029451618.0,0.008274021674324087
2018-08-10,24.34,25.52,24.28,25.02,9888020.0,288361143.0,1029451618.0,0.009605133283689686
2018-08-13,24.87,25.46,24.61,25.28,5503047.0,160484485.0,1029451618.0,0.005345610132403522
2018-08-14,25.29,25.79,25.13,25.3,5704642.0,168981134.0,1029451618.0,0.005541437693869358
2018-08-15,25.21,25.41,24.35,24.48,7450308.0,213753155.0,1029451618.0,0.007237161873109028
2018-08-16,24.31,24.78,23.78,23.89,7876920.0,221951877.0,1029451618.0,0.007651568915208602
2018-08-17,24.05,24.2,22.26,22.63,23433055.0,619474731.0,1029451618.0,0.02276265789501144
2018-08-20,22.66,22.91,21.96,22.37,10953296.0,284541637.0,1029451618.0,0.010639932764669277
2018-08-21,22.37,23.72,22.36,23.67,10170480.0,274833061.0,1029451618.0,0.009879512375490774
2018-08-22,23.65,23.84,23.33,23.48,4469151.0,122375392.0,1029451618.0,0.004341292899886433
2018-08-23,23.35,23.9,23.22,23.77,4925727.0,135218620.0,1029451618.0,0.004784806700842934
2018-08-24,23.59,24.22,23.41,23.93,6135507.0,170370576.0,1029451618.0,0.005959976061740475
2018-08-27,23.99,25.46,23.79,25.36,12044810.0,348715617.0,1029451618.0,0.011700219601772484
2018-08-28,25.42,25.58,24.8,25.2,9067169.0,265030111.0,1029451618.0,0.008807766039180678
2018-08-29,25.05,25.47,24.92,25.07,4245919.0,124295354.0,1029451618.0,0.004124447352124128
2018-08-30,24.9,25.21,24.29,24.46,5976279.0,170857691.0,1029451618.0,0.005805303421262873
2018-08-31,24.18,24.44,23.54,24.22,10475168.0,291980162.0,1029451618.0,0.01017548354564828
2018-09-03,24.07,24.07,23.23,23.55,8039269.0,219595145.0,1029451618.0,0.0078092732668860595
2018-09-04,23.71,24.06,23.34,23.93,7771885.0,214462059.0,1029451518.0000001,0.007549539598619543
2018-09-05,23.93,23.93,23.42,23.57,5223041.0,143025366.0,1029445068.0,0.005073647115671062
2018-09-06,23.48,23.75,23.17,23.3,4562336.0,124239338.0,1029445068.0,0.004431840164977117
2018-09-07,23.45,24.31,23.45,24.1,9807549.0,273562189.0,1029445068.0,0.009527025098147344
2018-09-10,23.86,24.05,23.36,23.43,5813700.0,159293841.0,1029445068.0,0.005647411581945623
2018-09-11,23.42,23.61,22.93,23.23,6865216.0,185254105.0,1029445068.0,0.006668851222278137
2018-09-12,23.24,23.24,22.0,22.2,13083588.0,340856701.0,1029445068.0,0.012709360029689316
2018-09-13,22.46,22.57,20.34,21.16,21820444.0,537599292.0,1029445068.0,0.021196317004454287
2018-09-14,21.17,21.32,20.56,20.9,12564813.0,305793078.0,1029445068.0,0.012205423475786665
2018-09-17,20.91,21.14,20.66,20.75,5872469.0,142403568.0,1029445068.0,0.005704499620760726
2018-09-18,20.57,21.22,20.14,21.03,11785344.0,283730282.0,1029445068.0,0.011448249514562733
2018-09-19,20.95,22.03,20.89,21.88,11086502.0,278182473.0,1029445068.0,0.010769396390949537
2018-09-20,21.74,22.04,21.74,21.99,5715772.0,145612065.0,1029445068.0,0.005552284602329068
2018-09-21,22.03,22.77,21.73,22.5,8251526.0,213945279.0,1029445068.0,0.008015508798377185
2018-09-25,22.22,22.74,22.12,22.4,4209341.0,109823162.0,1029445068.0,0.004088941829774252
2018-09-26,22.49,22.77,22.05,22.4,9329864.0,243855124.0,1029445068.0,0.009063003252933162
2018-09-27,22.5,22.92,22.25,22.59,9374549.0,247097160.0,1029445068.0,0.009106410134357942
2018-09-28,22.5,23.06,22.4,22.95,6715454.0,178064823.0,1029445068.0,0.006523372843047124
2018-10-08,22.29,22.67,21.9,21.99,7638777.0,197182182.0,1029445068.0,0.007420286169169349
2018-10-09,21.99,22.28,21.03,21.21,8812974.0,219450460.0,1029445068.0,0.008560897782648855
2018-10-10,21.39,21.64,20.96,21.51,5588795.0,138797962.0,1029445068.0,0.005428939507047112
2018-10-11,21.0,21.05,19.66,20.02,13054529.0,309823338.0,1029445068.0,0.012681132200052465
2018-10-12,19.79,20.55,19.71,20.38,8737833.0,204414779.0,1029445068.0,0.008487906029775645
2018-10-15,20.48,20.97,20.4,20.51,6075282.0,145955161.0,1029445068.0,0.005901511589931674
2018-10-16,20.5,20.69,19.52,19.75,6978914.0,162315121.0,1029445068.0,0.006779297134871504
2018-10-17,19.97,20.17,18.93,19.76,8341986.0,190681203.0,1029445068.0,0.008103381384114806
2018-10-18,19.71,19.77,19.21,19.49,7173797.0,161856677.0,1029445068.0,0.00696860592468252
2018-10-19,19.09,20.31,19.01,20.31,10985105.0,250955378.0,1029445068.0,0.01067089963463694
2018-10-22,20.54,21.86,20.54,21.54,14411020.0,355103422.0,1029445068.0,0.013998823684684455
2018-10-23,21.4,21.57,20.65,20.83,9246823.0,226584155.0,1029445068.0,0.008982337462614372
2018-10-24,20.67,20.91,20.18,20.5,6305543.0,150589992.0,1029445068.0,0.006125186467938861
2018-10-25,20.05,20.4,19.81,20.18,7251283.0,169147249.0,1029445068.0,0.007043875603860778
2018-10-26,20.65,20.91,19.75,20.0,7285387.0,170802967.0,1029445068.0,0.007077004132094205
2018-10-29,19.66,19.66,18.81,18.89,14444345.0,318645979.0,1029445068.0,0.01403119549454192
2018-10-30,19.02,19.66,18.79,19.53,8689440.0,194881138.0,1029445068.0,0.008440897207737169
2018-10-31,19.6,20.52,19.45,20.22,8394484.0,196517605.0,1029445068.0,0.00815437779143355
2018-11-01,20.48,21.04,20.23,20.5,8942460.0,215682623.0,1029445068.0,0.008686680113367642
2018-11-02,21.13,21.58,21.05,21.57,16317007.0,404708107.0,1029445068.0,0.015850294014910955
2018-11-05,21.4,21.83,21.08,21.45,6645388.0,165968700.0,1029445068.0,0.006455310930684841
2018-11-06,21.38,21.49,21.0,21.19,4555932.0,112175310.0,1029445068.0,0.004425619337660472
2018-11-07,21.32,21.82,21.19,21.33,6500830.0,162123522.0,1029445068.0,0.0063148877021964615
2018-11-08,21.56,21.68,21.19,21.24,3902324.0,96843483.0,1029445068.0,0.0037907063925046655
2018-11-09,21.08,21.34,20.49,20.83,9252337.0,224249759.0,1029445068.0,0.008987693746471959
2018-11-12,20.75,21.51,20.71,21.43,5772230.0,142627917.0,1029445068.0,0.0056071277423420515
2018-11-13,21.2,21.94,21.17,21.82,7097265.0,178408311.0,1029445068.0,0.006894262958380602
2018-11-14,21.82,22.07,21.64,21.81,4805666.0,122205147.0,1029445068.0,0.0046682102322724425
2018-11-15,21.59,21.86,21.37,21.86,6390033.0,160794173.0,1029445068.0,0.00620725981272077
2018-11-16,21.85,21.85,20.8,21.17,11021535.0,270951440.0,1029445068.0,0.01070628763262966
2018-11-19,21.0,21.38,20.87,21.32,8791261.0,216447205.0,1029445068.0,0.008539805836439249
2018-11-20,21.13,21.3,20.84,20.94,4422074.0,108022962.0,1029444967.9999999,0.004295590475896134
2018-11-21,20.73,21.41,20.65,21.33,5725860.0,140643655.0,1029444967.9999999,0.00556208459702724
2018-11-22,21.3,21.41,21.08,21.16,2617543.0,64515309.0,1029444967.9999999,0.0025426740441359856
2018-11-23,21.16,21.22,19.86,20.05,10731871.0,254004415.0,1029444967.9999999,0.010424909862690204
2018-11-26,19.9,20.21,19.78,19.85,5367719.0,124716501.0,1029444967.9999999,0.005214187418321521
2018-11-27,19.9,20.1,19.8,19.9,3347702.0,77538152.0,1029444967.9999999,0.0032519484810381825
2018-11-28,19.79,20.39,19.71,20.34,4586537.0,107083314.0,1029444967.9999999,0.004455349380074876
2018-11-29,20.45,20.61,20.16,20.16,3966011.0,94056797.0,1029444967.9999999,0.003852572136716686
2018-11-30,19.98,20.82,19.9,20.8,6512418.0,155109575.0,1029444967.9999999,0.006326144866832746
2018-12-03,21.08,21.85,20.91,21.69,11644661.0,290347680.0,1029444967.9999999,0.011311591548816042
2018-12-04,21.54,22.25,21.53,22.13,12511719.0,318870890.0,1029444967.9999999,0.012153849296390948
2018-12-05,21.84,22.42,21.77,22.12,9498737.0,244006748.0,1029444967.9999999,0.009227046899315167
2018-12-06,22.01,22.34,20.23,20.73,22864398.0,559875113.0,1029444967.9999999,0.022210413097089425
2018-12-07,20.72,20.73,18.93,19.34,28223692.0,640255183.0,1029444967.9999999,0.02741641649366924
2018-12-10,18.99,19.27,18.76,18.98,14594696.0,322066472.0,1029444967.9999999,0.01417724740386511
2018-12-11,19.08,19.22,18.93,19.1,7438486.0,164903313.0,1029444967.9999999,0.007225724765502959
2018-12-12,19.17,19.25,18.84,18.97,6321668.0,139423963.0,1029444967.9999999,0.0061408508434226475
2018-12-13,19.02,19.8,18.94,19.8,10238560.0,231791123.0,1029444967.9999999,0.00994570891913865
2018-12-14,19.71,19.81,19.23,19.29,12791672.0,290081329.0,1029444967.9999999,0.012425794867744694
2018-12-17,19.11,19.31,18.61,19.23,6582162.0,145192034.0,1029444967.9999999,0.006393893995895466
2018-12-18,19.09,19.39,18.97,19.1,3983090.0,88921247.0,1029444967.9999999,0.0038691626301679107
2018-12-19,19.19,19.19,18.59,18.61,6893033.0,150511395.0,1029444967.9999999,0.0066958732270960995
2018-12-20,18.58,18.93,18.17,18.67,7515405.0,161345833.0,1029444967.9999999,0.007300443669758169
2018-12-21,18.48,18.48,17.34,17.45,13776667.0,283052147.0,1029444967.9999999,0.013382616291539346
2018-12-24,17.43,17.89,17.21,17.72,7276070.0,149063869.0,1029444967.9999999,0.0070679543114732105
2018-12-25,17.5,17.86,17.3,17.64,5919926.0,120666393.0,1029444967.9999999,0.0057505997736830945
2018-12-26,17.63,17.99,17.61,17.89,4292095.0,88797291.0,1029444967.9999999,0.0041693292341198765
2018-12-27,18.09,18.2,17.56,17.7,6115945.0,126130290.0,1029444967.9999999,0.005941012089147441
2018-12-28,17.73,17.81,17.47,17.77,6274814.0,128377846.0,1029444967.9999999,0.00609533699716914
2019-01-02,17.85,17.85,17.3,17.35,6227060.0,126131663.0,1029444868.0,0.006048949480993478
2019-01-03,17.37,17.39,16.65,16.72,5861682.0,115474693.0,1029444868.0,0.005694022265988896
2019-01-04,16.61,17.37,16.46,17.31,7115801.0,140519776.0,1029444868.0,0.006912270118772402
2019-01-07,17.57,17.62,17.15,17.36,6732507.0,135793146.0,1029444868.0,0.006539939349136665
2019-01-08,17.25,17.43,17.13,17.31,4308640.0,86379211.0,1029444868.0,0.004185401408014013
2019-01-09,17.34,17.9,17.25,17.51,5826045.0,119356766.0,1029444868.0,0.005659404579206664
2019-01-10,17.51,17.85,17.3,17.54,6701370.0,136982273.0,1029444868.0,0.00650969295035623
2019-01-11,17.57,17.74,17.38,17.5,3404493.0,69438877.0,1029444868.0,0.0033071154229116035
2019-01-14,17.5,17.56,16.9,16.93,5404899.0,107362188.0,1029444868.0,0.005250304477694477
2019-01-15,17.01,17.66,16.94,17.56,7846270.0,158782897.0,1029444868.0,0.007621845757746786
2019-01-16,17.56,18.14,17.56,17.97,9015962.0,187586462.0,1029444868.0,0.008758081447835242
2019-01-17,17.87,18.2,17.85,17.92,6655154.0,139564333.0,1029358993.0,0.006465338181584236
2019-01-18,18.07,18.73,17.99,18.67,10726976.0,230264923.0,1029358993.0,0.010421025194268643
2019-01-21,18.73,18.96,18.5,18.71,8599230.0,187217933.0,1029358993.0,0.00835396597151991
2019-01-22,18.59,18.67,18.18,18.28,6081668.0,129487154.0,1029358993.0,0.0059082089352281006
2019-01-23,18.25,18.45,18.12,18.2,5049991.0,107253119.0,1029358993.0,0.004905957041558581
2019-01-24,18.23,18.43,17.97,18.37,4028874.0,85395567.0,1029358993.0,0.003913963959510479
2019-01-25,18.4,18.5,18.25,18.33,3260622.0,69685501.0,1029358993.0,0.003167623756311808
2019-01-28,18.41,18.56,18.07,18.3,4668302.0,99422546.0,1029358993.0,0.0045351544327548315
2019-01-29,18.36,18.42,18.16,18.33,3364301.0,71576261.0,1029358993.0,0.003268345662570998
2019-01-30,18.32,18.34,17.99,18.0,4205305.0,88922874.0,1029358993.0,0.004085362860379654
2019-01-31,18.24,18.47,18.11,18.42,4863161.0,103724804.0,1029358993.0,0.00472445573708608
2019-02-01,18.46,19.46,18.46,19.34,9392543.0,208602160.0,1029358993.0,0.009124652394230357
2019-02-11,19.2,19.84,19.2,19.68,6690241.0,152618900.0,1029358993.0,0.006499424443266121
2019-02-12,19.68,20.48,19.62,20.26,11647160.0,272925280.0,1029358993.0,0.011314964049670473
2019-02-13,20.34,20.57,20.08,20.27,7879161.0,185400685.0,1029358993.0,0.007654434510779079
2019-02-14,20.27,20.61,20.14,20.38,6914322.0,163745279.0,1029358993.0,0.0067171142886201995
2019-02-15,20.28,20.4,19.93,20.0,6715334.0,156544829.0,1029358993.0,0.006523801750085842
2019-02-18,20.05,20.76,20.05,20.74,8667783.0,206336166.0,1029358993.0,0.008420563728440657
2019-02-19,20.74,20.85,19.85,19.98,11714784.0,275399588.0,1029358993.0,0.01138065930318248
2019-02-20,19.98,19.98,19.32,19.6,12436731.0,282433885.0,1029358993.0,0.012082015200308256
2019-02-21,19.66,19.78,19.28,19.43,15302460.0,348551125.0,1029358993.0,0.01486600894737605
2019-02-22,19.4,19.66,19.23,19.63,6231523.0,141077323.0,1029358993.0,0.0060537898268500385
2019-02-25,19.87,20.36,19.71,20.35,17976123.0,418756710.0,1029358993.0,0.017463414729209054
2019-02-26,20.52,21.41,20.25,20.46,22010253.0,529281764.0,1029358993.0,0.021382484779049287
2019-02-27,20.38,20.46,19.84,20.15,16099653.0,376571614.0,1029358993.0,0.01564046470617467
2019-02-28,20.15,20.65,19.99,20.51,17120799.0,406140419.0,1029358993.0,0.016632485961095594
2019-03-01,20.64,20.93,20.32,20.57,9830833.0,235152568.0,1029358993.0,0.009550441650437886
2019-03-04,20.65,21.0,20.34,20.56,23096611.0,556416063.0,1029358993.0,0.022437858081645962
2019-03-05,20.57,21.08,20.48,21.08,21182836.0,511925078.0,1029358993.0,0.020578667057897848
2019-03-06,21.14,22.03,21.08,21.35,19738414.0,493034564.0,1029358993.0,0.019175442323065225
2019-03-07,21.37,21.47,20.62,20.84,16139565.0,391445783.0,1029358993.0,0.01567923835100744
2019-03-08,20.55,21.04,20.34,20.36,16163142.0,388134705.0,1029358993.0,0.01570214289661333
2019-03-11,20.47,21.32,20.34,21.32,26759236.0,647449897.0,1029358993.0,0.025996019058435526
2019-03-12,21.34,21.7,21.09,21.51,18743133.0,467130490.0,1029358993.0,0.018208548356268162
2019-03-13,21.51,21.98,21.17,21.32,13034736.0,326196904.0,1029358993.0,0.012662964124897872
2019-03-14,21.32,21.64,20.98,21.23,9771305.0,241473696.0,1029358993.0,0.009492611485835632
2019-03-15,21.39,22.12,21.34,21.73,19941447.0,504626108.0,1029358993.0,0.01937268449161934
2019-03-18,21.96,22.27,21.61,22.19,21861049.0,559601728.0,1029358993.0,0.021237536319848326
2019-03-19,22.35,22.56,21.85,22.29,14884955.0,383015703.0,1029358993.0,0.014460411869156323
2019-03-20,22.37,22.37,21.51,21.86,16720214.0,425826851.0,1029358993.0,0.016243326296951098
2019-03-21,22.12,22.16,21.75,21.88,15050717.0,383874715.0,1029358993.0,0.014621446067261396
2019-03-22,21.99,24.07,21.89,24.01,39499453.0,1058507836.0,1029358993.0,0.03837286434432501
2019-03-25,23.51,24.96,23.17,24.01,30770747.0,864048949.0,1029358993.0,0.029893115238951433
2019-03-26,24.01,24.26,23.47,23.74,15978663.0,442061498.0,1029358993.0,0.015522925537796316
2019-03-27,23.98,25.21,23.48,24.87,21014880.0,597248517.0,1029358993.0,0.020415501436241885
2019-03-28,24.61,25.71,24.19,24.19,18305533.0,532837244.0,1029358993.0,0.01778342942013817
2019-03-29,24.17,24.97,23.76,24.91,17248493.0,490253035.0,1029358993.0,0.016756537920488153
2019-04-01,24.87,25.52,24.66,25.31,13096084.0,384922884.0,1029358993.0,0.012722562380139423
2019-04-02,25.31,25.47,24.91,25.14,10762032.0,314620560.0,1032440086.0,0.010423880422635973
2019-04-03,24.96,25.3,24.6,25.08,9399849.0,271389123.0,1032440086.0,0.00910449829240745
2019-04-04,24.98,25.61,24.68,25.56,11661908.0,338708944.0,1032440086.0,0.011295481605312253
2019-04-08,25.82,26.51,25.64,26.29,16778476.0,507935791.0,1032440086.0,0.01625128298243933
2019-04-09,26.07,27.8,25.76,27.57,16928411.0,534327143.0,1032440086.0,0.016396506905873857
2019-04-10,27.37,27.71,27.11,27.28,12777610.0,405973165.0,1032440086.0,0.01237612736396599
2019-04-11,27.54,28.3,26.35,26.66,15956627.0,504709674.0,1032440086.0,0.015455257129564805
2019-04-12,26.63,26.63,25.46,25.72,11653484.0,348899053.0,1032440086.0,0.011287322294070631
2019-04-15,25.93,26.55,25.54,25.9,9042750.0,274085597.0,1032440086.0,0.008758619626088404
2019-04-16,25.63,26.08,25.1,26.05,8890281.0,264771352.0,1032440086.0,0.008610941322942782
2019-04-17,26.1,26.15,25.53,25.69,6901241.0,206830090.0,1032440086.0,0.006684398536613969
2019-04-18,25.73,25.83,25.39,25.45,6975131.0,207102121.0,1032440086.0,0.006755966854235453
2019-04-19,25.48,26.15,25.34,26.03,6948581.0,208721291.0,1032440086.0,0.006730251076283762
2019-04-22,25.3,25.45,24.37,25.3,20156105.0,586360226.0,1032440086.0,0.01952278420154252
2019-04-23,25.15,25.75,24.96,25.05,10133580.0,298323667.0,1032440086.0,0.009815174882700166
2019-04-24,25.08,25.09,24.27,24.82,8984488.0,257479774.0,1032440086.0,0.008702188264317354
2019-04-25,24.9,25.31,24.44,24.55,7454669.0,215703919.0,1032440086.0,0.007220437390107304
2019-04-26,24.57,24.76,24.13,24.35,8779204.0,249255633.0,1032440086.0,0.00850335445034241
2019-04-29,24.44,25.15,24.43,24.61,7026525.0,202809324.0,1032440086.0,0.006805746014011316
2019-04-30,24.66,24.94,24.27,24.7,4664129.0,133441036.0,1032440086.0,0.004517578369191682
2019-05-06,24.05,24.06,23.37,23.48,10342734.0,284751401.0,1032440086.0,0.010017757098207052
2019-05-07,23.48,25.17,23.48,23.97,11644503.0,330025443.0,1032440086.0,0.011278623484210588
2019-05-08,23.84,25.04,23.69,24.53,11101510.0,319405713.0,1032440086.0,0.010752691754744595
2019-05-09,24.28,24.78,23.62,23.82,8147919.0,226955283.0,1032440086.0,0.007891904925512548
2019-05-10,23.92,24.84,23.82,24.66,7351124.0,208769329.0,1032440086.0,0.007120145856095711
2019-05-13,24.25,25.81,24.18,25.52,9978645.0,292591866.0,1032440086.0,0.00966510806322954
2019-05-14,25.05,25.66,24.96,24.97,6226978.0,182104605.0,1032440086.0,0.006031321414616209
2019-05-15,25.23,25.52,24.74,25.33,6040332.0,176654209.0,1032440086.0,0.0058505399799054295
2019-05-16,25.1,25.63,24.96,25.41,4926496.0,144794371.0,1032440086.0,0.004771701590052364
2019-05-17,25.4,25.78,24.66,24.76,6256788.0,182988516.0,1032440086.0,0.006060194760783436
2019-05-20,24.75,24.94,23.8,24.26,6455330.0,182247826.0,1032440086.0,0.006252498413743304
2019-05-21,24.38,25.69,24.38,25.39,9980285.0,292765725.0,1032440086.0,0.009666696533129382
2019-05-22,25.37,25.47,24.84,25.26,5596894.0,163691008.0,1032440086.0,0.005421035153414219
2019-05-23,25.23,25.23,24.53,24.67,7181158.0,206877546.0,1032440086.0,0.006955520322561362
2019-05-24,24.66,24.96,24.17,24.34,5661173.0,160537404.0,1032440086.0,0.005483294456275112
2019-05-27,24.29,24.72,24.08,24.48,4852819.0,137859694.0,1032440086.0,0.0047003395798020185
2019-05-28,24.53,25.15,24.38,25.09,6801041.0,196218975.0,1032440086.0,0.006587346900050527
2019-05-29,24.8,25.44,24.41,25.18,6580452.0,191931619.0,1032440086.0,0.006373688981309081
2019-05-30,25.16,25.18,24.59,25.02,5517802.0,159777131.0,1032440086.0,0.005344428286756777
2019-05-31,25.2,25.97,24.98,25.95,9854685.0,294768966.0,1032440086.0,0.009545042984702552
2019-06-03,25.5,26.38,25.5,25.88,10430317.0,316010207.0,1032440086.0,0.010102588170913
2019-06-04,25.73,26.08,25.09,25.46,5154813.0,152744921.0,1032440086.0,0.004992844688907207
2019-06-05,25.71,25.81,22.94,23.03,25163735.0,695073647.0,1032440086.0,0.02437307049699347
2019-06-06,22.88,23.03,21.94,22.91,18321487.0,475939054.0,1032440086.0,0.01774581135355103
2019-06-10,22.88,23.55,22.31,23.33,7798971.0,208518132.0,1032440086.0,0.007553921148311555
2019-06-11,23.21,23.79,23.21,23.58,8728525.0,237040054.0,1032440086.0,0.00845426782469971
2019-06-12,23.66,23.66,23.21,23.42,3793943.0,102384487.0,1032440086.0,0.003674734303177763
2019-06-13,23.16,23.4,22.77,23.18,4882126.0,130032992.0,1032440086.0,0.004728725730628014
2019-06-14,23.05,23.73,22.92,23.01,4364091.0,117255412.0,1032440086.0,0.004226967801015816
2019-06-17,23.26,23.32,22.86,23.01,3669902.0,97501521.0,1032440086.0,0.003554590769734991
2019-06-18,23.14,23.29,22.84,23.23,3796619.0,101015104.0,1032440086.0,0.003677326221136284
2019-06-19,23.5,24.09,23.5,23.75,7996952.0,219715258.0,1032440086.0,0.007745681428336172
2019-06-20,23.72,24.34,23.53,24.09,5939922.0,164843417.0,1032440086.0,0.0057532849417084725
2019-06-21,24.15,25.0,24.13,24.8,7342084.0,209724095.0,1032440086.0,0.007111389900062443
2019-06-24,24.83,25.54,24.74,24.89,6243727.0,180711161.0,1032440086.0,0.006047544147757936
2019-06-25,24.85,25.33,24.52,24.93,5246560.0,150665265.0,1032440086.0,0.005081708925432017
2019-06-26,24.7,25.34,24.7,25.26,5224669.0,151671497.0,1032440086.0,0.005060505758006766
2019-06-27,25.36,26.0,25.36,25.74,10807984.0,321119650.0,1032440086.0,0.010468388574366145
2019-06-28,25.69,26.08,25.44,25.77,5653957.0,168087699.0,1032440086.0,0.005476305188715813
2019-07-01,26.01,26.33,25.49,25.62,11861995.0,354524107.0,1032428836.0,0.011489406907654409
2019-07-02,25.65,26.32,25.59,25.9,13816001.0,416280421.0,1032428836.0,0.013382037113112947
2019-07-03,26.01,26.2,25.7,25.7,9006407.0,269611820.0,1032428836.0,0.008723513607866721
2019-07-04,25.97,26.09,25.32,25.4,11553341.0,343387299.0,1032428836.0,0.011190447803416447
2019-07-05,25.71,26.24,25.39,25.47,13034364.0,386066655.0,1032428836.0,0.012624951517723785
2019-07-08,25.47,25.93,24.94,24.94,10801402.0,315010311.0,1032428836.0,0.010462127386763536
2019-07-09,24.4,24.4,23.57,23.98,18988806.0,523672690.0,1032428836.0,0.018392363074213863
2019-07-10,24.06,24.94,23.99,24.45,10328679.0,293051341.0,1032428836.0,0.010004252728950318
2019-07-11,24.73,25.03,24.11,24.19,8065568.0,228066178.0,1032428836.0,0.007812226585271394
2019-07-12,24.2,24.92,23.95,24.05,10316282.0,289201635.0,1032428836.0,0.009992245121677326
2019-07-15,24.53,26.05,24.53,25.46,22365878.0,650397875.0,1032428836.0,0.021663360437173994
2019-07-16,25.65,26.43,25.22,26.0,21727859.0,652956310.0,1032428836.0,0.02104538176614819
2019-07-17,26.22,27.01,26.02,26.57,22320360.0,686955595.0,1032428836.0,0.021619272168411228
2019-07-18,26.73,27.0,25.6,25.78,15188797.0,456361031.0,1032428836.0,0.014711713263305249
2019-07-19,26.0,26.12,25.44,25.91,10597587.0,316808551.0,1032428836.0,0.010264714264528737
2019-07-22,25.82,27.0,25.51,26.63,13534901.0,412993747.0,1032428836.0,0.013109766531162638
2019-07-23,26.65,27.26,26.43,26.94,11120003.0,345701196.0,1032428836.0,0.010770721053358879
2019-07-24,26.56,27.12,26.5,26.7,14148592.0,437610541.0,1032428836.0,0.013704181350471308
2019-07-25,26.85,27.85,26.73,27.73,18841969.0,599521447.0,1032428836.0,0.018250138259408324
2019-07-26,27.73,28.12,27.47,27.68,13121497.0,420446478.0,1032428836.0,0.012709347649410289
2019-07-29,27.7,28.04,27.4,27.69,7535604.0,241320094.0,1032428836.0,0.007298908880921648
2019-07-30,27.9,27.9,27.43,27.7,5853980.0,186794958.0,1032428836.0,0.0056701050918728894
2019-07-31,27.58,27.72,27.07,27.2,9865544.0,309995274.0,1032428836.0,0.00955566490977011
2019-08-01,27.08,27.42,26.91,27.2,8154364.0,255648090.0,1032428836.0,0.007898233481731229
2019-08-02,26.71,27.34,26.5,27.21,8860502.0,276104051.0,1032428836.0,0.008582191518718875
2019-08-05,27.13,27.15,26.19,26.34,11443933.0,351707412.0,1032428836.0,0.011084476334793113
2019-08-06,26.0,26.36,25.7,26.16,10102262.0,303872855.0,1032428836.0,0.009784947540926686
2019-08-07,26.39,27.8,26.35,27.56,13340619.0,420098370.0,1032428836.0,0.012921586975123968
2019-08-08,27.56,27.99,27.27,27.76,10465242.0,334981517.0,1032428836.0,0.010136526252546475
2019-08-09,27.99,28.15,27.54,27.73,7762566.0,248376344.0,1032428836.0,0.007518741950365284
2019-08-12,27.83,27.99,27.47,27.81,7015172.0,224606155.0,1032428836.0,0.006794823774178272
2019-08-13,27.73,28.79,27.57,28.6,10434553.0,342675301.0,1032428836.0,0.010106801201356604
2019-08-14,28.6,29.03,28.12,28.4,14018061.0,461475437.0,1032428836.0,0.01357775036031636
2019-08-15,27.92,28.14,27.34,27.86,15498760.0,495280061.0,1032428836.0,0.015011940251540979
2019-08-16,27.74,28.07,26.76,26.95,25930816.0,811438868.0,1032428836.0,0.025116322884263183
2019-08-19,27.0,27.15,25.92,26.56,38413116.0,1170365931.0,1032428836.0,0.03720655086390865
2019-08-20,26.3,26.3,23.91,23.91,77541832.0,2201249450.0,1032428836.0,0.075106224561128
2019-08-21,23.26,24.22,23.16,23.83,50182081.0,1369885244.0,1032428836.0,0.04860584986605314
2019-08-22,23.77,24.42,23.64,24.34,26488577.0,734641805.0,1032428836.0,0.02565656447821262
2019-08-23,24.31,24.7,24.09,24.16,20264105.0,568141021.0,1032428836.0,0.019627604628431747
2019-08-26,23.8,24.68,23.68,24.52,18927325.0,533202857.0,1032428836.0,0.018332813207088686
2019-08-27,24.69,25.13,24.64,24.68,19410552.0,556895857.0,1032428836.0,0.018800861931756428
2019-08-28,24.79,24.9,24.14,24.29,15211873.0,427785231.0,1032428836.0,0.01473406444064102
2019-08-29,24.41,24.41,23.79,23.8,17889363.0,493104786.0,1032428836.0,0.017327453841089732
2019-08-30,23.92,24.48,23.83,24.01,21521647.0,598857974.0,1032428836.0,0.020845646934255137
2019-09-02,24.23,24.82,24.06,24.68,16818868.0,476563113.0,1032428836.0,0.016290583344380747
2019-09-03,24.69,24.7,24.32,24.67,12126506.0,342694093.0,1032428836.0,0.011745609554051626
2019-09-04,24.42,24.7,24.32,24.51,9511250.0,267963782.0,1032428836.0,0.009212499368818482
2019-09-05,24.51,24.87,24.44,24.76,14216848.0,405481948.0,1032428836.0,0.013770293413230468
2019-09-06,24.66,24.83,24.54,24.81,8797693.0,250473168.0,1032428836.0,0.008521355364390462
2019-09-09,24.87,25.03,24.59,24.94,11406832.0,326303228.0,1032428836.0,0.01104854068605267
2019-09-10,24.98,25.19,24.68,25.12,10312784.0,297301195.0,1032428836.0,0.009988856994691691
2019-09-11,25.11,25.16,24.69,24.73,8342731.0,238993437.0,1032428836.0,0.00808068382933078
2019-09-12,24.73,24.87,24.35,24.44,9459883.0,266902394.0,1032428836.0,0.009162745818540853
2019-09-16,24.68,24.7,24.17,24.34,10756869.0,302485444.0,1032428836.0,0.010418993178915821
2019-09-17,24.44,24.58,24.28,24.36,10103333.0,284764875.0,1032428836.0,0.009785984900561224
2019-09-18,24.36,24.52,24.05,24.18,10496024.0,294087867.0,1032428836.0,0.010166341382584165
2019-09-19,24.18,24.22,23.27,23.79,17836390.0,486980489.0,1032428836.0,0.017276144735655176
2019-09-20,23.9,23.98,23.57,23.83,12137274.0,333101777.0,1032428836.0,0.011756039328603177
2019-09-23,23.79,23.79,23.18,23.4,13098936.0,354470042.0,1032428836.0,0.012687495295801677
2019-09-24,23.52,24.34,23.4,24.01,16471089.0,456065140.0,1032428836.0,0.015953728165725118
2019-09-25,23.92,24.03,23.53,23.69,8417006.0,230510844.0,1032428836.0,0.008152625833864252
2019-09-26,23.64,23.79,23.14,23.18,15928435.0,429519757.0,1033425419.0,0.015413240962674636
2019-09-27,23.23,23.3,22.73,22.79,9818065.0,260196152.0,1033425419.0,0.009500506586629645
2019-09-30,22.79,23.0,22.36,22.41,9933142.0,258248734.0,1033425419.0,0.009611861501928085
2019-10-08,22.4,22.75,22.34,22.44,7805577.0,203209320.0,1033425419.0,0.007553111096834749
2019-10-09,22.37,22.53,21.94,22.36,8997965.0,230258167.0,1033425419.0,0.008706932144853697
2019-10-10,22.4,22.82,22.29,22.77,8084042.0,210679591.0,1033425419.0,0.007822569342084279
2019-10-11,22.79,22.84,22.57,22.74,5341785.0,140061140.0,1033425419.0,0.005169008717793112
2019-10-14,22.99,23.11,22.66,22.68,8628391.0,227567604.0,1033425419.0,0.008349311756187796
2019-10-15,22.22,22.73,22.07,22.34,13462617.0,347678061.0,1033425419.0,0.01302717811317935
2019-10-16,22.35,22.6,22.03,22.04,9712590.0,249913243.0,1033425419.0,0.009398443101388432
2019-10-17,22.12,22.23,21.24,21.53,16286617.0,405350692.0,1033425419.0,0.015759837817575492
2019-10-18,21.62,21.8,21.18,21.18,10420389.0,258137111.0,1033425419.0,0.010083348840096608
2019-10-21,21.19,21.36,21.0,21.06,6240046.0,152068253.0,1033425419.0,0.0060382160969470015
2019-10-22,21.22,21.98,21.17,21.82,11227728.0,281392207.0,1033425419.0,0.01086457502745053
2019-10-23,21.85,22.01,21.55,21.66,5720037.0,143142554.0,1033425419.0,0.005535026422646954
2019-10-24,21.58,21.67,20.74,21.45,10640396.0,260581134.0,1033425419.0,0.010296239868278293
2019-10-25,21.54,21.57,21.16,21.41,5586541.0,137724863.0,1033425419.0,0.00540584825696067
2019-10-28,21.28,21.42,21.1,21.33,9256577.0,226953384.0,1033425419.0,0.008957179521437724
2019-10-29,21.29,21.81,21.08,21.55,8106604.0,201836596.0,1033425419.0,0.007844401590048367
2019-10-30,21.42,21.48,20.77,20.85,11569673.0,281167084.0,1033425419.0,0.01119546005670681
2019-10-31,20.7,21.23,20.68,20.71,9913144.0,239448033.0,1033425419.0,0.009592510323185692
2019-11-01,20.8,20.81,19.73,20.6,22880388.0,533819298.0,1033425419.0,0.022140337927956465
2019-11-04,20.55,21.19,20.43,20.75,12736073.0,306322044.0,1033425419.0,0.012324133668324255
2019-11-05,20.85,21.05,20.63,21.0,7333760.0,176886119.0,1033425419.0,0.007096554686158731
2019-11-06,21.05,21.13,20.82,20.88,6319293.0,152817919.0,1033425419.0,0.006114899908418065
2019-11-07,21.03,21.37,20.8,21.29,8475589.0,207278016.0,1033425419.0,0.008201452029505382
2019-11-08,21.4,21.64,21.13,21.31,7531607.0,185523029.0,1033425419.0,0.0072880024639688104
2019-11-11,21.13,21.13,20.63,20.85,6624368.0,159314640.0,1033425419.0,0.006410107471916171
2019-11-12,20.8,20.88,20.27,20.45,9202389.0,218063381.0,1033425419.0,0.008904744194220366
2019-11-13,20.56,20.56,19.88,20.28,10460071.0,243319092.0,1033425419.0,0.010121747353690745
2019-11-14,20.31,21.23,20.25,21.08,13124163.0,316207018.0,1033425419.0,0.01269967116998116
2019-11-15,21.08,21.29,20.86,20.93,6992109.0,169933310.0,1033425419.0,0.00676595414767904
2019-11-18,20.89,20.89,20.44,20.58,9767146.0,232065356.0,1033425419.0,0.00945123452590438
2019-11-19,20.54,21.14,20.38,21.04,9090636.0,219607832.0,1033425419.0,0.008796605766477669
2019-11-20,21.05,21.47,20.91,21.17,12824824.0,314273563.0,1033425419.0,0.012410014079593681
2019-11-21,21.19,21.32,21.01,21.18,6592881.0,161187671.0,1033425419.0,0.006379638896805576
2019-11-22,21.18,21.55,20.63,21.02,10908495.0,265420304.0,1033425419.0,0.01055566739451374
2019-11-25,20.85,20.86,20.44,20.64,9724153.0,231357087.0,1033425419.0,0.009409632104278635
2019-11-26,20.64,21.19,20.53,20.88,12117118.0,291055224.0,1033425419.0,0.011725198332865857
2019-11-27,20.97,21.16,20.8,20.88,6080413.0,146717556.0,1033425419.0,0.005883746314159512
2019-11-28,20.89,20.89,20.48,20.61,6629828.0,157702672.0,1033425419.0,0.006415390872052858
2019-11-29,20.57,20.69,19.84,20.12,11965595.0,276962879.0,1033425419.0,0.011578576237827183
2019-12-02,20.04,20.11,19.0,19.11,20353896.0,455924762.0,1033425419.0,0.019695563536356174
2019-12-03,19.02,19.11,18.65,18.85,17907670.0,389413361.0,1033425419.0,0.017328458997387986
2019-12-04,18.84,18.94,18.56,18.68,9341732.0,201837923.0,1033425419.0,0.009039580242800278
2019-12-05,18.83,19.15,18.73,19.06,12036247.0,263789553.0,1033425419.0,0.011646943048533627
2019-12-06,19.07,19.16,18.64,18.96,11959978.0,260153155.0,1033425419.0,0.011573140915745173
2019-12-09,19.14,19.28,18.88,19.13,12866795.0,283811163.0,1033425419.0,0.012450627557091278
2019-12-10,19.19,19.38,19.08,19.15,9624242.0,213337400.0,1033425419.0,0.009312952655367189
2019-12-11,19.24,19.32,18.86,18.96,8995320.0,196978551.0,1033425419.0,0.008704372695520083
2019-12-12,18.98,19.11,18.75,18.83,7995795.0,174013250.0,1033425419.0,0.007737176629289007
2019-12-13,19.14,19.54,19.0,19.37,15688985.0,349657526.0,1033425419.0,0.015181535804665552
2019-12-16,19.47,19.58,19.28,19.5,12574238.0,281579338.0,1033425419.0,0.012167533107679443
2019-12-17,19.52,20.28,19.42,20.24,16240780.0,373108967.0,1033425419.0,0.0157154833831313
2019-12-18,20.24,20.52,20.12,20.24,10914514.0,255973888.0,1033425419.0,0.01056149171418823
2019-12-19,20.28,20.64,20.16,20.45,11089189.0,261678683.0,1033425419.0,0.01073051697405558
2019-12-20,20.54,20.74,20.26,20.34,7335448.0,172965585.0,1033425419.0,0.007098188088984872
2019-12-23,20.22,20.28,19.84,19.86,8692721.0,200317330.0,1033425419.0,0.008411561047541835
2019-12-24,19.89,20.11,19.86,19.99,6798264.0,156545084.0,1033425419.0,0.006578378927991126
2019-12-25,20.02,20.11,19.85,20.06,4792012.0,110491465.0,1033425419.0,0.0046370177391582045
2019-12-26,20.06,20.08,19.93,20.01,4434713.0,102226965.0,1033425419.0,0.0042912753242428225
2019-12-27,19.97,20.51,19.96,20.35,11248165.0,264056427.0,1033425419.0,0.010884351007046402
2019-12-30,20.23,20.37,19.76,20.12,10317407.0,238923338.0,1033425419.0,0.0099836977205222
2019-12-31,20.02,20.63,20.01,20.36,11024919.0,259144757.0,1033425344.0,0.010668326516288728
2020-01-02,20.5,21.1,20.25,20.92,14711540.0,351166701.0,1033425344.0,0.01423570660949457
2020-01-03,20.89,21.13,20.72,20.94,10188905.0,245850289.0,1033425344.0,0.009859352742949566
2020-01-06,20.89,21.09,20.71,20.95,11436870.0,276180879.0,1033425344.0,0.011066953279597525
2020-01-07,20.95,21.1,20.8,20.97,12698152.0,306755220.0,1033425344.0,0.012287440088173413
2020-01-08,20.8,20.89,20.58,20.62,11331401.0,270549443.0,1033425344.0,0.010964895592883776
2020-01-09,20.79,20.96,20.63,20.8,7267332.0,174195624.0,1033425344.0,0.00703227576350208
2020-01-10,20.87,20.95,20.54,20.58,8524395.0,203215740.0,1033425344.0,0.008248680032372033
2020-01-13,20.63,21.06,20.27,21.0,13161205.0,312886065.0,1033425344.0,0.012735515996789798
2020-01-14,20.97,21.85,20.9,21.49,20674546.0,513869391.0,1033425344.0,0.020005843789331335
2020-01-15,21.5,21.73,21.12,21.22,10373918.0,255655515.0,1033425344.0,0.0100383816404642
2020-01-16,21.41,21.54,20.99,21.43,11130915.0,274735967.0,1033425344.0,0.010770894157594803
2020-01-17,21.49,21.85,21.3,21.68,15150068.0,377735394.0,1033425344.0,0.014660050760280173
2020-01-20,22.42,22.89,22.01,22.39,26960720.0,696701960.0,1033425344.0,0.02608869634999004
2020-01-21,22.71,23.21,21.91,22.1,36836743.0,962818012.0,1033425344.0,0.03564528701939789
2020-01-22,22.37,22.45,21.58,21.99,16924887.0,427648850.0,1033425344.0,0.016377464611512373
2020-01-23,22.1,22.53,21.39,21.67,20755713.0,523392881.0,1033425344.0,0.020084385505451663
2020-02-03,20.84,21.72,19.68,20.62,25753936.0,618687772.0,1033425344.0,0.024920944845726562
2020-02-04,20.8,21.01,20.32,20.88,24588923.0,587710231.0,1033425344.0,0.02379361329075359
2020-02-05,21.75,22.29,21.03,22.15,38907856.0,967019560.0,1033425344.0,0.03764941147021066
2020-02-06,22.73,23.97,22.46,23.23,64793819.0,1743403874.0,1033425344.0,0.0626981130046681
2020-02-07,22.94,23.52,22.18,22.49,38928025.0,1019225967.0,1033425344.0,0.03766892811949462
2020-02-10,22.53,22.7,21.62,21.93,25683137.0,649782326.0,1033425344.0,0.024852435784659836
2020-02-11,21.87,21.87,21.23,21.49,20128759.0,499182672.0,1033425344.0,0.019477709847998462
2020-02-12,21.67,22.31,21.49,22.26,24619227.0,621471258.0,1033425344.0,0.023822937131296056
2020-02-13,22.01,22.52,21.42,22.24,30078501.0,760428497.0,1033425344.0,0.02910563513332996
2020-02-14,22.53,22.81,22.14,22.27,26778448.0,693627947.0,1033425344.0,0.02591231979694897
2020-02-17,22.28,22.47,21.85,22.28,28760543.0,735907427.0,1033425344.0,0.027830305466168246
2020-02-18,22.49,22.49,21.94,22.09,22178946.0,565803462.0,1033425344.0,0.021461585134107182
2020-02-19,22.0,22.0,21.34,21.41,28170306.0,699915971.0,1033425344.0,0.02725915922572923
2020-02-20,21.32,21.54,21.08,21.45,17533082.0,431148670.0,1033425344.0,0.01696598801432143
2020-02-21,21.41,21.41,21.1,21.14,21175614.0,517652410.0,1033425344.0,0.02049070513215515
2020-02-24,21.24,21.45,21.1,21.23,16637126.0,407189643.0,1033425344.0,0.016099011018642098
2020-02-25,20.94,21.45,20.86,21.2,22128847.0,540518723.0,1033425344.0,0.021413106547539827
2020-02-26,20.97,21.35,20.89,20.9,19880926.0,482533084.0,1033425344.0,0.019237892814829207
2020-02-27,21.0,21.15,20.44,20.46,18020209.0,429186740.0,1033425344.0,0.01743735926801501
2020-02-28,19.91,20.63,19.6,19.89,24029854.0,553651069.0,1033425344.0,0.023252626945444835
2020-03-02,19.93,20.38,19.68,20.27,19524792.0,451533521.0,1033425344.0,0.018893277693797297
2020-03-03,20.35,20.65,20.09,20.33,16263860.0,382556953.0,1033425344.0,0.015737818018908584
2020-03-04,20.25,20.25,19.8,20.03,15491338.0,356766616.0,1033425344.0,0.014990282645903448
2020-03-05,20.18,20.73,20.02,20.66,23759301.0,561011134.0,1033425344.0,0.022990824773114912
2020-03-06,20.55,21.27,20.51,20.64,22069081.0,532415922.0,1058091355.0,0.020857443826294186
2020-03-09,20.65,21.14,20.46,20.87,35730024.0,860134559.0,1058091355.0,0.033768373431233636
2020-03-10,20.72,20.97,19.99,20.47,30140486.0,709859668.0,1058091355.0,0.028485712370270713
2020-03-11,20.63,20.68,20.01,20.04,19029609.0,445937405.0,1058091355.0,0.01798484498533683
2020-03-12,19.91,19.93,19.22,19.42,17916330.0,405450760.0,1058091355.0,0.01693268725364456
2020-03-13,18.54,18.69,17.85,18.45,32729777.0,695205877.0,1058091355.0,0.030932846058457777
2020-03-16,18.64,18.9,17.95,17.96,18839090.0,401192716.0,1058091355.0,0.017804785863693214
2020-03-17,17.97,18.2,17.23,17.72,16316530.0,332348454.0,1058091355.0,0.015420719508666622
2020-03-18,17.87,18.35,17.46,17.59,17642756.0,364598566.0,1058091355.0,0.016674133019449915
2020-03-19,17.58,17.76,16.74,17.34,19510248.0,388429661.0,1058091355.0,0.018439095932316733
2020-03-20,17.62,18.03,17.52,17.99,20865546.0,428517840.0,1058091355.0,0.019719985331512323
2020-03-23,17.67,18.42,17.61,17.94,23175274.0,483898394.0,1058091355.0,0.021902904593715352
2020-03-24,18.2,18.24,17.83,18.15,14854725.0,309358572.0,1058091355.0,0.01403917055914326
2020-03-25,18.54,18.63,18.26,18.45,14858044.0,315554695.0,1058091355.0,0.014042307339331773
2020-03-26,18.38,19.0,18.17,18.3,25859541.0,552965555.0,1058091355.0,0.0244397999074475
2020-03-27,18.48,18.81,18.37,18.5,24453261.0,524729705.0,1058091355.0,0.02311072752314473
2020-03-30,18.53,18.76,18.1,18.11,13860597.0,293101437.0,1058091355.0,0.013099622196610802
2020-03-31,18.29,18.29,17.89,17.93,11246177.0,234016632.0,1058091355.0,0.010628739141338132
2020-04-01,17.94,18.08,17.59,17.71,11719848.0,240524407.0,1058091355.0,0.011076404645608318
2020-04-02,17.58,18.24,17.38,18.23,12175127.0,250375915.0,1058091355.0,0.011506687907869732
2020-04-03,18.23,18.27,17.89,17.95,12924618.0,269329993.0,1058091355.0,0.012215030336392834
2020-04-07,18.2,18.81,18.1,18.63,17735715.0,378741442.0,1058091355.0,0.016761988382373656
2020-04-08,18.46,19.45,18.4,19.2,29341299.0,646216208.0,1058091355.0,0.027730402352639957
2020-04-09,19.41,19.98,19.2,19.77,26520244.0,603152515.0,1058091355.0,0.025064228976712507
2020-04-10,19.78,20.4,19.61,19.71,27241098.0,629648835.0,1058091355.0,0.025745506634443676
2020-04-13,19.76,20.02,19.36,19.5,19881125.0,452678059.0,1058091355.0,0.01878961103505094
2020-04-14,19.68,20.3,19.24,20.16,24349132.0,559999621.0,1058091355.0,0.023012315415808306
2020-04-15,19.31,19.89,19.08,19.35,34641753.0,775009273.0,1058091355.0,0.03273985070977165
2020-04-16,19.12,19.3,18.76,19.07,15865507.0,348917740.0,1058091355.0,0.014994458583398974
2020-04-17,19.08,19.22,18.82,18.89,12780216.0,279860221.0,1058091355.0,0.01207855629819412
2020-04-20,18.76,19.08,18.72,18.92,11800652.0,257560478.0,1058091355.0,0.011152772342611191
2020-04-21,18.8,18.87,18.07,18.2,18631896.0,393951388.0,1058091355.0,0.017608967233268814
2020-04-22,18.07,18.58,17.69,18.55,11615879.0,245202418.0,1058091355.0,0.010978143753948354
2020-04-23,18.47,18.93,18.44,18.45,11682920.0,251359271.0,1058091355.0,0.011041504067481962
2020-04-24,18.59,18.62,17.9,17.97,13308278.0,277728862.0,1058091355.0,0.012577626626578004
2020-04-27,17.94,18.13,17.64,17.85,8380950.0,173240898.0,1058091355.0,0.007920818897532718
2020-04-28,17.84,17.99,16.78,16.92,28261118.0,560162327.0,1058091355.0,0.026709525473818847
2020-04-29,16.94,16.99,16.37,16.56,22735123.0,435678093.0,1058091355.0,0.021486918773662978
2020-04-30,16.6,16.94,16.6,16.86,11813757.0,229273543.0,1058091355.0,0.011165157851611027
2020-05-06,16.73,17.16,16.57,17.09,15034449.0,293174417.0,1058091355.0,0.014209027348115891
2020-05-07,17.07,17.49,16.93,17.36,14722175.0,292291636.0,1058091355.0,0.013913897822178124
2020-05-08,17.36,17.73,17.18,17.59,16393693.0,331558420.0,1058091355.0,0.015493646103932113
2020-05-11,17.86,18.29,17.75,17.85,15792678.0,327891622.0,1058091355.0,0.01492562804276952
2020-05-12,17.85,18.14,17.78,17.93,10224644.0,212068036.0,1058091355.0,0.009663290368722462
2020-05-13,18.03,18.15,17.84,17.95,8525378.0,176703105.0,1058091355.0,0.008057317508278858
2020-05-14,17.76,18.27,17.68,17.98,12369024.0,257118906.0,1058091355.0,0.01168993957048255
2020-05-15,18.38,19.06,18.1,18.2,25195555.0,541831907.0,1058091355.0,0.023812268081521183
2020-05-18,18.07,18.07,17.68,17.72,12310873.0,253136052.0,1058091355.0,0.011634981177972105
2020-05-19,17.9,17.92,17.62,17.65,8580666.0,175369809.0,1058091355.0,0.008109570085278696
2020-05-20,17.55,17.72,17.34,17.37,8487674.0,171202168.0,1058091355.0,0.008021683534121683
2020-05-21,17.51,18.11,17.43,17.78,12591533.0,258634485.0,1058091355.0,0.011900232376437855
2020-05-22,17.85,17.85,17.22,17.46,10449974.0,210656048.0,1058091355.0,0.009876249296073305
2020-05-25,17.46,17.72,17.29,17.43,6694336.0,135172244.0,1058091355.0,0.0063268034167049784
2020-05-26,17.44,18.05,17.44,17.97,10109946.0,208277633.0,1058091355.0,0.009554889520858055
2020-05-27,17.97,18.26,17.8,18.19,9771272.0,203713237.0,1058091355.0,0.009234809408304824
2020-05-28,18.23,18.24,17.68,17.78,10464554.0,211205150.0,1058091355.0,0.009890028824590481
2020-05-29,17.78,18.19,17.76,18.13,8510839.0,173727631.0,1058091355.0,0.008043576728778774
2020-06-01,18.21,18.53,18.11,18.31,12943073.0,267554494.0,1058091355.0,0.012232472119574213
2020-06-02,18.27,18.27,17.98,18.19,8370565.0,171242196.0,1058091355.0,0.007911004055032658
2020-06-03,18.18,18.37,18.05,18.13,13498883.0,277295317.0,1058091355.0,0.012757767026647713
2020-06-04,18.18,18.57,18.06,18.51,11465908.0,238169187.0,1058091355.0,0.010836406465110944
2020-06-05,18.5,18.71,18.37,18.64,10453990.0,219345198.0,1058091355.0,0.009880044809552384
2020-06-08,18.67,18.89,18.36,18.59,11494541.0,242147798.0,1058091355.0,0.010863467455510966
2020-06-09,18.62,19.06,18.52,18.92,11748046.0,250684111.0,1058091355.0,0.01110305451838797
2020-06-10,18.99,19.14,18.74,19.01,12970785.0,278173226.0,1058091355.0,0.012258662674736626
2020-06-11,18.98,19.02,18.52,18.56,13566434.0,287140350.0,1058091355.0,0.012821609340150029
2020-06-12,18.18,19.0,18.14,18.85,13618236.0,287683551.0,1058091355.0,0.012870567305599052
2020-06-15,19.06,19.41,18.93,19.02,14635988.0,316363066.0,1058091355.0,0.013832442662760439
2020-06-16,19.09,19.28,18.93,19.0,10532478.0,226908348.0,1058091355.0,0.009954223659638538
2020-06-17,19.0,19.56,18.98,19.4,19365990.0,424733351.0,1058091355.0,0.01830275798822683
2020-06-18,19.3,19.33,18.78,18.83,18781444.0,402340648.0,1058091355.0,0.01775030474566159
2020-06-19,18.81,18.95,18.7,18.8,12117934.0,257886743.0,1058091355.0,0.011452634919222075
2020-06-22,18.84,18.97,18.58,18.64,10935111.0,231409302.0,1058091355.0,0.010334751293757617
2020-06-23,18.64,18.78,18.04,18.31,23587971.0,488506720.0,1058091355.0,0.022292943693883596
2020-06-24,18.4,18.8,18.26,18.35,13208489.0,275904252.0,1058091355.0,0.012483316244465489
2020-06-29,18.58,18.7,18.13,18.3,14262888.0,295086221.0,1058091355.0,0.013479826607221452
2020-06-30,18.21,18.76,18.19,18.58,14355141.0,300309909.0,1078281132.0,0.013312985430222662
2020-07-01,18.73,19.59,18.67,19.58,29589425.0,641404161.0,1078281132.0,0.027441289773027393
2020-07-02,19.58,20.39,19.58,20.01,28928259.0,654677675.0,1078281132.0,0.026828123150354818
2020-07-03,19.9,20.14,19.44,19.55,21000954.0,466401568.0,1078281132.0,0.01947632521497186
2020-07-06,19.51,19.97,19.28,19.88,21148825.0,470901398.0,1078281132.0,0.01961346106536528
2020-07-07,19.85,20.24,19.75,19.88,18970642.0,428815145.0,1078281132.0,0.017593409953128997
2020-07-08,19.82,19.96,19.66,19.88,21046291.0,470398969.0,1078281132.0,0.019518370836150364
2020-07-09,19.97,20.54,19.82,20.47,27214084.0,623672105.0,1078281132.0,0.025238393951606305
2020-07-10,20.47,20.92,20.16,20.27,23930445.0,554648222.0,1078281132.0,0.022193140814412395
2020-07-13,20.08,20.88,20.08,20.79,23724859.0,553030239.0,1078281132.0,0.022002479961784217
2020-07-14,20.79,21.09,20.06,20.43,27781201.0,644132800.0,1078281132.0,0.025764339350417196
2020-07-15,20.66,21.32,20.58,20.67,32895649.0,777993186.0,1078281132.0,0.030507488282749625
2020-07-16,20.52,20.54,19.13,19.28,32449621.0,726486065.0,1078281132.0,0.030093841055914904
2020-07-17,19.28,19.44,18.72,19.09,18798591.0,406127852.0,1078281057.0,0.0174338507367472
2020-07-20,19.18,19.48,18.96,19.41,15522175.0,337117764.0,1078281057.0,0.014395296012327146
2020-07-21,19.41,19.73,19.25,19.49,12266686.0,270435598.0,1078281057.0,0.01137614902938984
2020-07-22,19.59,19.95,19.31,19.67,15825222.0,353383779.0,1078281057.0,0.014676342403741216
2020-07-23,19.55,20.23,19.34,20.1,21483591.0,482111073.0,1078281057.0,0.019923925084774998
2020-07-24,20.05,20.17,18.71,18.89,24835715.0,542546828.0,1078281057.0,0.02303269155919151
2020-07-27,19.02,19.58,18.85,19.56,16629915.0,362223808.0,1078281057.0,0.01542261629474216
2020-07-28,19.59,19.96,19.28,19.47,13196086.0,292086019.0,1078281057.0,0.012238076440584266
2020-07-29,19.46,19.77,19.33,19.68,13412654.0,297501064.0,1078281057.0,0.012438922035148021
2020-07-30,19.71,20.45,19.66,20.09,25772949.0,586873214.0,1078281057.0,0.023901884237589828
2020-07-31,20.0,20.2,19.52,19.88,17877309.0,401384639.0,1078281057.0,0.016579451974922343
2020-08-03,19.91,20.73,19.82,20.22,26144779.0,600161477.0,1078281057.0,0.024246720120207028
2020-08-04,20.22,21.03,20.15,20.74,34942515.0,817203024.0,1078281057.0,0.03240575801008438
2020-08-05,20.62,20.68,20.17,20.5,19881371.0,458086853.0,1078281057.0,0.01843802306544647
2020-08-06,20.5,20.86,20.21,20.34,16352185.0,378805721.0,1078281057.0,0.015165048939554912
2020-08-07,20.43,20.56,19.38,19.81,20469329.0,460338923.0,1078281057.0,0.018983296485751023
2020-08-10,19.95,21.23,19.92,21.08,41664894.0,980357672.0,1078281057.0,0.038640105684431034
2020-08-11,21.05,21.29,20.49,20.55,29489760.0,700659052.0,1078281057.0,0.02734886216219599
2020-08-12,20.77,20.96,19.82,20.21,21723537.0,496862924.0,1078281057.0,0.020146451483103445
2020-08-13,20.26,20.31,19.71,19.78,17666421.0,398236772.0,1078281057.0,0.016383874023672106
2020-08-14,19.8,19.82,19.44,19.81,12835038.0,284767059.0,1078281057.0,0.011903239806242836
2020-08-17,19.91,20.25,19.86,20.25,14883947.0,336603470.0,1078281057.0,0.013803402093893967
2020-08-18,20.13,20.51,20.04,20.3,14315367.0,328807205.0,1078281057.0,0.013276099869386836
2020-08-19,20.61,22.34,20.61,21.74,67836002.0,1659215130.0,1078281057.0,0.0629112433716806
2020-08-20,21.54,21.81,20.63,20.7,39133812.0,934356455.0,1078281057.0,0.036292775196179676
2020-08-21,20.95,22.61,20.94,22.18,55943919.0,1388328337.0,1078281057.0,0.05188250191063126
2020-08-24,22.58,22.61,21.76,21.91,24141546.0,600139066.0,1078281057.0,0.022388917845934116
2020-08-25,21.81,22.07,21.24,21.35,23560463.0,571213625.0,1078281057.0,0.0218500203143233
2020-08-26,21.35,21.85,21.26,21.38,20491155.0,499190679.0,1078281057.0,0.019003537961624416
2020-08-27,21.34,21.83,21.12,21.56,14405395.0,349994294.0,1078281057.0,0.01335959201590611
2020-08-28,21.4,21.7,21.33,21.66,14629629.0,356194507.0,1078281057.0,0.013567547074139132
2020-08-31,22.12,22.32,21.74,21.89,22611256.0,562527296.0,1078281057.0,0.02096972385187696
2020-09-01,21.89,22.96,21.71,22.79,27893103.0,708919417.0,1078281057.0,0.02586811928014794
2020-09-02,22.81,22.96,22.37,22.5,18742831.0,478834103.0,1078281057.0,0.017382138801683503
2020-09-03,22.78,23.19,22.54,22.78,20706292.0,536968065.0,1078281057.0,0.019203056443937883
2020-09-04,22.41,23.22,22.34,22.95,19193976.0,497121773.0,1078281057.0,0.01780053157328164
2020-09-07,22.95,23.08,22.2,22.25,22417723.0,572378409.0,1078281057.0,0.0207902409621947
2020-09-08,22.28,22.51,21.9,22.05,13358951.0,334657560.0,1078281057.0,0.01238911776598149
2020-09-09,21.95,22.01,20.77,20.87,21553154.0,518760815.0,1078281057.0,0.019988437949531743
2020-09-10,21.05,21.23,20.5,20.59,12315983.0,289939195.0,1078281057.0,0.011421867165380427
2020-09-11,20.55,21.05,20.48,20.88,9875212.0,232333166.0,1078281057.0,0.009158291278412025
2020-09-14,21.01,21.16,20.51,20.7,11456244.0,268985956.0,1078281057.0,0.010624543504337941
2020-09-15,20.74,21.39,20.57,21.3,14222215.0,339377864.0,1078281057.0,0.013189710519045128
2020-09-16,21.18,21.54,21.01,21.43,11900441.0,285980542.0,1078281057.0,0.011036492686896937
2020-09-17,21.3,21.49,20.82,21.2,17102217.0,408924241.0,1078281057.0,0.015860630110281163
2020-09-18,21.23,21.33,20.73,21.05,11991982.0,284132748.0,1078281057.0,0.011121387992629829
2020-09-21,21.03,21.22,20.79,20.86,8334249.0,197349470.0,1078281057.0,0.007729199122896211
2020-09-22,20.74,20.96,20.48,20.59,9902193.0,231849180.0,1078281057.0,0.00918331351155323
2020-09-23,20.64,20.82,20.45,20.51,8147131.0,189993636.0,1078281057.0,0.007555665516991457
2020-09-24,20.48,20.48,19.89,19.96,12553040.0,284964558.0,1078281057.0,0.011641714299354514
2020-09-25,20.04,20.18,19.88,20.08,9396918.0,213202074.0,1078281057.0,0.008714720470138056
2020-09-28,20.17,20.18,19.71,19.82,6457518.0,145024231.0,1078281057.0,0.005988715055392093
2020-09-29,19.83,20.04,19.69,19.87,5784956.0,130167073.0,1078281057.0,0.00536497971697188
2020-09-30,19.95,19.99,19.56,19.66,5924924.0,132541216.0,1078281057.0,0.005494786318962478
2020-10-09,19.85,20.21,19.77,20.13,9842516.0,222372889.0,1078281057.0,0.009127968942887588
2020-10-12,20.15,20.66,20.0,20.61,13502833.0,311417475.0,1078281057.0,0.012522554219368058
2020-10-13,20.55,20.8,20.32,20.72,7449595.0,173345099.0,1078281057.0,0.006908769241227615
2020-10-14,20.61,20.89,20.42,20.64,7668938.0,179026984.0,1078281057.0,0.007112188376318661
2020-10-15,20.62,20.64,20.26,20.32,6823570.0,157511014.0,1078281057.0,0.006328192409300574
2020-10-16,20.31,20.69,20.26,20.35,8207887.0,189576734.0,1078281057.0,0.007612010752406272
2020-10-19,20.52,20.52,19.77,19.78,8677868.0,196710883.0,1078281057.0,0.00804787206792227
2020-10-20,19.73,20.03,19.64,20.0,6318226.0,142073322.0,1078281057.0,0.005859535377147964
2020-10-21,19.91,20.03,19.77,19.82,4048493.0,90930146.0,1078281057.0,0.0037545804720559048
2020-10-22,19.82,20.47,19.66,20.36,11585089.0,262947036.0,1078281057.0,0.010744034613973562
2020-10-23,20.41,20.62,20.17,20.21,7789968.0,179701327.0,1078281057.0,0.007224431839388235
2020-10-26,20.18,20.19,19.9,19.99,5731737.0,129629074.0,1078281057.0,0.005315624310369388
2020-10-27,19.89,20.69,19.83,20.66,11765655.0,270477581.0,1078281057.0,0.010911491882027934
2020-10-28,20.46,21.22,20.3,21.03,11770695.0,276537997.0,1078281057.0,0.01091616598806669
2020-10-29,20.8,21.51,20.76,21.49,19645350.0,471795115.0,1078281057.0,0.018219136719935903
2020-10-30,21.41,21.41,20.51,20.7,14999482.0,354113139.0,1078281057.0,0.013910549483018508
2020-11-02,21.21,21.39,20.82,21.09,10807757.0,256914299.0,1078281057.0,0.010023135368870716
2020-11-03,21.01,21.14,20.79,20.94,8480981.0,200504558.0,1078281057.0,0.007865278671959457
2020-11-04,20.99,21.2,20.95,21.14,7464565.0,177925040.0,1078281057.0,0.00692265244904511
2020-11-05,21.22,21.81,21.22,21.28,13921273.0,338485635.0,1078281057.0,0.012910616308823833
2020-11-06,21.41,21.41,20.78,20.87,9110606.0,216332376.0,1078281057.0,0.008449194151057037
2020-11-09,21.05,21.19,20.79,20.86,9318230.0,221169466.0,1078281057.0,0.008641745062205984
2020-11-10,20.88,21.06,20.62,20.64,8905126.0,209054306.0,1078281057.0,0.008258631589778544
2020-11-11,20.64,20.74,20.37,20.51,9112147.0,211933254.0,1078281057.0,0.008450623277526426
2020-11-12,20.41,20.59,20.11,20.43,11906227.0,273260000.0,1078281057.0,0.01104185863482159
2020-11-13,20.43,20.75,20.13,20.46,10286206.0,237593768.0,1078281057.0,0.009539447932636731
2020-11-16,20.5,20.61,20.33,20.57,4779190.0,110686726.0,1078281057.0,0.004432230325270381
2020-11-17,20.52,20.58,20.12,20.33,8181069.0,187722284.0,1078281057.0,0.007587139685789732
2020-11-18,20.17,20.39,20.05,20.3,8086659.0,185029455.0,1078281057.0,0.007499583663742319
2020-11-19,20.34,20.68,20.13,20.59,9711030.0,224774919.0,1078281057.0,0.009006028564591578
2020-11-20,20.51,20.68,20.27,20.33,8403073.0,193724931.0,1078281057.0,0.007793026637581003
2020-11-23,20.26,20.26,19.74,19.74,15011101.0,337833279.0,1078281057.0,0.013921324966761425
2020-11-24,19.69,19.72,18.8,19.13,19528735.0,424166629.0,1078281057.0,0.0181109877366602
2020-11-25,19.24,19.26,18.4,18.42,17524349.0,369915384.0,1078281057.0,0.016252116167890726
2020-11-26,18.54,18.61,18.09,18.4,11108970.0,229721847.0,1078281057.0,0.010302480905031795
2020-11-27,18.4,18.5,18.21,18.36,5855244.0,121423784.0,1078281057.0,0.005430164948172692
2020-11-30,18.31,18.71,18.23,18.23,9221820.0,192633451.0,1078281057.0,0.008552334236174939
2020-12-01,18.14,18.75,18.14,18.65,8458138.0,177585954.0,1078281057.0,0.007844094028260388
2020-12-02,18.55,18.77,18.55,18.58,6289947.0,132396522.0,1078281057.0,0.00583330937622138
2020-12-03,18.59,18.85,18.54,18.79,9567876.0,202994372.0,1078281057.0,0.008873267259855053
2020-12-04,18.79,18.96,18.73,18.85,5684451.0,121177551.0,1078281057.0,0.005271771179784344
2020-12-07,18.85,18.99,18.67,18.81,5177082.0,110229709.0,1078281057.0,0.004801236158598305
2020-12-08,18.81,18.91,18.51,18.53,5703483.0,120095579.0,1078281057.0,0.0052894214944925995
2020-12-09,18.59,18.66,18.18,18.25,9083302.0,188899277.0,1078281057.0,0.008423872367072475
2020-12-10,18.26,18.33,18.09,18.11,5756802.0,118325904.0,1078281057.0,0.005338869641294273
2020-12-11,18.18,18.2,17.22,17.47,16413460.0,326528275.0,1078281057.0,0.01522187549660348
2020-12-14,17.57,17.73,17.29,17.54,8878449.0,175623310.0,1078281057.0,0.008233891286842852
2020-12-15,17.46,17.78,17.24,17.7,9016977.0,179304470.0,1078281057.0,0.008362362429965233
2020-12-16,17.7,17.88,17.46,17.55,6918003.0,138109882.0,1078281057.0,0.006415769761593799
2020-12-17,17.66,17.79,17.35,17.54,12198929.0,241621763.0,1078281057.0,0.011313311052630316
2020-12-18,17.6,17.6,17.25,17.25,9183451.0,180332854.0,1078281057.0,0.008516750749150924
2020-12-21,17.29,17.41,17.09,17.34,8193657.0,159954393.0,1078281057.0,0.00759881382206272
2020-12-22,17.37,17.56,17.11,17.16,10395016.0,203757146.0,1078281057.0,0.009640358543366305
2020-12-23,17.26,17.26,16.86,16.97,11632781.0,223328620.0,1078281057.0,0.010788264269767284
2020-12-24,16.95,17.11,16.77,16.79,6746539.0,129321397.0,1078281057.0,0.0062567537064689436
2020-12-25,16.73,17.18,16.7,17.17,6156488.0,118563101.0,1078281057.0,0.005709539233795517
2020-12-28,17.09,17.22,16.9,16.93,7269840.0,139720560.0,1078281057.0,0.006742064096188606
2020-12-29,17.02,17.14,16.85,16.9,6672146.0,127821355.0,1078281057.0,0.006187761490091725
2020-12-30,16.9,17.05,16.83,16.9,6526540.0,124975053.0,1078281057.0,0.006052726195671264
2020-12-31,16.91,17.21,16.88,17.2,8301915.0,160339041.0,1095437894.0,0.007578626817158473
2021-01-04,17.21,17.24,16.86,17.02,10539648.0,202334657.0,1095437894.0,0.00962140168578101
2021-01-05,17.02,17.16,16.89,17.06,12575639.0,242041066.0,1095437894.0,0.011480010933417646
2021-01-06,17.14,17.21,16.94,17.03,8132316.0,156599125.0,1095437894.0,0.007423803799871104
2021-01-07,17.04,17.1,15.87,15.98,31335807.0,576448571.0,1095437894.0,0.028605735817278564
2021-01-08,16.48,17.1,16.37,16.54,36951152.0,697521255.0,1095437894.0,0.03373185481567794
2021-01-11,16.71,17.2,16.45,16.53,25845164.0,491140357.0,1095437894.0,0.02359345439988951
2021-01-12,16.7,17.11,16.53,16.76,18344605.0,348177932.0,1095437894.0,0.016746367001249637
2021-01-13,16.72,16.78,16.28,16.37,15459753.0,288395982.0,1095437894.0,0.014112852115740301
2021-01-14,16.4,16.69,16.19,16.37,13032361.0,242140509.0,1095437894.0,0.01189694191827912
2021-01-15,16.45,16.47,16.01,16.11,12836821.0,234426515.0,1095437894.0,0.011718437960116797
2021-01-18,16.1,16.3,15.65,15.97,19069539.0,343673397.0,1095437894.0,0.01740814253774573
2021-01-19,16.26,16.37,15.92,16.08,21430050.0,391415260.0,1095437894.0,0.019562998612133096
2021-01-20,16.07,16.22,15.97,16.16,8152658.0,148594803.0,1095437894.0,0.007442373542721355
2021-01-21,16.26,17.23,16.24,17.01,30623704.0,583170061.0,1095437894.0,0.027955673404885882
2021-01-22,16.97,16.98,16.58,16.85,14062732.0,266938601.0,1095437894.0,0.012837543850751615
2021-01-25,16.81,16.98,16.53,16.56,11564587.0,217510412.0,1095437894.0,0.010557044870678904
2021-01-26,16.56,17.28,16.15,16.91,24435596.0,462530068.0,1095355544.0,0.02230836930880591
2021-01-27,16.72,16.77,16.2,16.2,22492982.0,415882822.0,1095355544.0,0.020534868448157505
2021-01-28,16.1,16.59,16.09,16.33,13710966.0,253891650.0,1095355544.0,0.012517365776897004
2021-01-29,16.36,17.05,16.29,16.85,19919014.0,376855667.0,1095355544.0,0.01818497574519055
2021-02-01,16.85,17.51,16.81,17.51,23591538.0,460968218.0,1095355544.0,0.02153779029030961
2021-02-02,17.46,17.65,17.26,17.52,13686180.0,270056917.0,1095355544.0,0.01249473750780596
2021-02-03,17.6,18.13,17.28,18.01,19920622.0,399988986.0,1095355544.0,0.018186443761679633
2021-02-04,17.98,18.0,17.18,17.56,19799615.0,391941703.0,1095355544.0,0.01807597095614828
2021-02-05,17.48,17.94,17.29,17.41,13447942.0,266608784.0,1095355544.0,0.01227723917924498
2021-02-08,17.4,17.66,17.27,17.59,12757745.0,252118655.0,1095355544.0,0.01164712688029267
2021-02-09,17.67,18.12,17.67,18.0,13175002.0,266605136.0,1095355544.0,0.012028059813243617
2021-02-10,18.05,18.16,17.79,17.84,9167801.0,185632327.0,1095355544.0,0.008369703380987316
2021-02-18,17.87,18.33,17.87,18.09,9328884.0,190830423.0,1095355544.0,0.008516763393494085
2021-02-19,17.97,18.52,17.94,18.4,10662663.0,220065286.0,1095355544.0,0.009734431033290136
2021-02-22,18.4,18.82,18.09,18.51,18094526.0,378193901.0,1095355544.0,0.016519317493863893
2021-02-23,18.36,18.75,18.22,18.68,13343203.0,279899823.0,1095355544.0,0.01218161817237308
2021-02-24,18.69,19.39,18.52,19.36,27661575.0,595927059.0,1095355544.0,0.025253512570891777
2021-02-25,19.19,19.64,18.92,19.05,15604773.0,339122639.0,1095355544.0,0.014246308502730324
2021-02-26,18.84,19.51,18.71,19.2,14656384.0,317152695.0,1095355544.0,0.013380480959157861
2021-03-01,19.13,19.17,18.6,18.82,16277368.0,345936711.0,1095355544.0,0.014860351133622418
2021-03-02,18.91,18.96,17.69,17.75,22159020.0,454035746.0,1095355544.0,0.020229979317108383
2021-03-03,17.76,18.06,17.74,17.81,11921314.0,240794665.0,1094799244.0,0.010889041132732093
2021-03-04,17.69,18.01,17.43,17.43,11099101.0,221369036.0,1094799244.0,0.010138023990085985
2021-03-05,17.36,17.73,17.31,17.66,7191371.0,142811358.0,1094799244.0,0.006568666391954505
2021-03-08,17.72,17.96,17.35,17.36,8549985.0,170253521.0,1094799244.0,0.007809637289080919
2021-03-09,17.37,17.52,16.73,16.79,12871794.0,248063021.0,1094799244.0,0.011757218568192581
2021-03-10,16.94,17.02,16.33,16.47,14901221.0,279069395.0,1094799244.0,0.01361091641382244
2021-03-11,16.54,16.65,16.43,16.63,9113785.0,170319054.0,1094799244.0,0.008324617549699367
2021-03-12,16.68,16.89,16.52,16.87,9158929.0,173271602.0,1094799244.0,0.008365852506927745
2021-03-15,16.83,17.11,16.57,16.62,10204323.0,193780085.0,1094799244.0,0.00932072528906496
2021-03-16,16.67,17.51,16.63,17.44,11420685.0,221531865.0,1094799244.0,0.010431761861903515
2021-03-17,17.29,19.19,17.28,19.19,36984716.0,788291955.0,1094799244.0,0.033782189933627686
2021-03-18,19.36,20.04,19.13,19.96,42619402.0,947637633.0,1094799244.0,0.038928965500820166
2021-03-19,19.73,19.81,19.35,19.43,19374119.0,427738869.0,1094799244.0,0.017696503816730807
2021-03-22,19.48,19.9,19.36,19.55,14055216.0,311782272.0,1094799244.0,0.012838167433005645
2021-03-23,19.98,20.39,19.62,19.77,19270165.0,434550914.0,1094799244.0,0.01760155124842231
2021-03-24,19.82,20.29,19.65,19.79,18306684.0,412118422.0,1094799244.0,0.01672149857640932
2021-03-25,19.58,19.77,18.94,19.0,18566267.0,403444894.0,1094799244.0,0.016958604147519853
2021-03-26,19.26,20.13,19.0,19.89,19107442.0,425292971.0,1094799244.0,0.017452918518822066
2021-03-29,19.79,20.13,19.46,20.02,14594320.0,327878868.0,1094799244.0,0.013330590133290228
2021-03-30,19.95,20.06,19.57,19.72,15921483.0,355367178.0,1094799244.0,0.014542833389095764
2021-03-31,19.64,19.84,19.4,19.54,10823454.0,239579879.0,1094799244.0,0.009886245409208558
2021-04-01,19.58,19.67,19.28,19.5,10366703.0,228320433.0,1094799244.0,0.00946904471921612
2021-04-02,19.44,19.62,19.16,19.43,9012948.0,197899521.0,1094799244.0,0.00823251207871678
2021-04-06,19.44,19.56,18.73,18.88,16681881.0,357909069.0,1094799244.0,0.015237388125196769
2021-04-07,19.0,19.01,18.64,18.87,13652573.0,290987864.0,1094799244.0,0.012470389502753438
2021-04-08,18.78,18.85,18.37,18.56,15342236.0,321896351.0,1094799244.0,0.01401374369235498
2021-04-09,18.63,18.98,18.42,18.69,14249443.0,301743951.0,1094799244.0,0.013015576214628807
2021-04-12,18.71,18.79,18.33,18.37,8454434.0,176670501.0,1094799244.0,0.0077223601005701826
2021-04-13,18.51,18.89,18.23,18.27,11678873.0,244943916.0,1094799244.0,0.010667593226799853
2021-04-14,18.29,18.38,18.08,18.28,8388023.0,172740497.0,1094799244.0,0.007661699664089282
2021-04-15,18.25,18.56,18.08,18.15,11542600.0,238277450.0,1094799244.0,0.010543120177748314
2021-04-16,18.22,18.55,18.11,18.52,10193096.0,211872367.0,1094799244.0,0.009310470440916745
2021-04-19,18.59,18.65,18.23,18.5,13652959.0,284988642.0,1094799244.0,0.012470742078809839
2021-04-20,18.4,18.74,18.22,18.27,10752938.0,224248477.0,1094799244.0,0.009821835426842878
2021-04-21,18.17,18.48,17.75,18.36,13443299.0,276310817.0,1094799244.0,0.012279236648796954
2021-04-22,18.49,18.52,18.17,18.35,8067368.0,167280925.0,1094799244.0,0.007368810349671743
2021-04-23,18.34,18.4,18.12,18.31,7169425.0,147994835.0,1094799244.0,0.006548620707670127
2021-04-26,18.53,18.84,18.22,18.22,16805546.0,352842038.0,1094799244.0,0.015350344907618515
2021-04-27,18.27,18.78,18.12,18.72,20072184.0,421773724.0,1094799244.0,0.01833412300017993
2021-04-28,18.9,19.17,18.45,19.01,22011564.0,471119183.0,1094799244.0,0.02010557106303592
2021-04-29,18.85,19.21,18.67,19.11,16447725.0,352833755.0,1094799244.0,0.015023507816744528
2021-04-30,19.11,19.32,18.98,19.22,12695410.0,274986119.0,1094799244.0,0.011596107751787961
2021-05-06,19.34,19.49,18.65,18.76,13042688.0,278942881.0,1094799244.0,0.011913314766592952
2021-05-07,18.81,18.92,18.37,18.37,10217065.0,214938406.0,1094799244.0,0.009332363952564074
2021-05-10,18.41,18.49,18.16,18.22,9696421.0,200313251.0,1094799244.0,0.008856802791142593
2021-05-11,18.08,18.44,17.97,18.36,7693477.0,158533163.0,1094799244.0,0.007027294768574027
2021-05-12,18.31,18.64,17.98,18.58,8110929.0,168628333.0,1094799244.0,0.007408599379705089
2021-05-13,18.42,18.76,18.41,18.61,7440204.0,156399101.0,1094799244.0,0.006795952811235226
2021-05-14,18.58,18.81,18.38,18.44,10712077.0,224130008.0,1094799244.0,0.009784512602385392
2021-05-17,18.45,19.11,18.41,19.01,13316185.0,284684728.0,1094799244.0,0.012163129517104417
2021-05-18,19.02,19.19,18.82,19.03,6692947.0,143213265.0,1094799244.0,0.006113401189012878
2021-05-19,19.05,19.61,19.03,19.36,12793192.0,280099812.0,1094799244.0,0.011685422756831937
2021-05-20,19.73,21.21,19.62,20.79,43822741.0,1022204096.0,1094799244.0,0.04002810674209782
2021-05-21,21.11,21.13,20.53,21.0,31976539.0,756810826.0,1094799244.0,0.029207673621667207
2021-05-24,20.88,20.9,19.05,19.16,37676245.0,835201078.0,1094799244.0,0.03441383907276428
2021-05-25,19.32,19.51,18.79,19.02,24413831.0,524796359.0,1081531629.0,0.02257338606229518
2021-05-26,19.01,19.26,18.84,19.07,11800103.0,254445654.0,1081531629.0,0.010910548229560838
2021-05-27,19.06,20.35,19.05,20.21,23338072.0,522541688.0,1081531629.0,0.02157872351969838
2021-05-28,20.22,20.41,19.54,19.59,15479100.0,346686028.0,1081531629.0,0.014312202791805732
2021-05-31,19.53,20.01,19.41,19.67,18922946.0,422792262.0,1081531629.0,0.017496433292012396
2021-06-01,19.67,19.81,19.2,19.69,13910738.0,306844859.0,1081531629.0,0.012862072293588003
2021-06-02,19.69,19.81,19.29,19.36,10472358.0,230765175.0,1081531629.0,0.009682895737115794
2021-06-03,19.37,19.46,18.8,18.82,15572100.0,336968917.0,1081531629.0,0.014398191955234996
2021-06-04,18.9,19.17,18.5,19.08,10234627.0,219362574.0,1081531629.0,0.0094630861692534
2021-06-07,19.21,19.36,18.75,18.8,8829355.0,188542054.0,1081531629.0,0.008163751076021467
2021-06-08,18.8,18.99,18.2,18.32,16196441.0,338035274.0,1081531629.0,0.014975466797004787
2021-06-09,18.36,18.47,18.05,18.13,12354497.0,253807921.0,1081531629.0,0.011423149049670558
2021-06-10,18.15,18.23,17.92,17.97,17374737.0,353869058.0,1081531629.0,0.016064936553048324
2021-06-11,18.07,18.21,17.59,17.85,30314485.0,611399748.0,1081531629.0,0.02802921725740857
2021-06-15,17.83,17.98,17.21,17.43,18902391.0,373790348.0,1081531629.0,0.01747742783766521
2021-06-16,17.44,17.5,16.95,17.06,13592181.0,264181296.0,1081531629.0,0.012567529821173635
2021-06-17,17.06,17.44,17.02,17.37,11472875.0,223911228.0,1081531629.0,0.010607988423425016
2021-06-18,17.66,17.8,17.21,17.29,14589463.0,287715756.0,1081531629.0,0.013489631379056044
2021-06-21,17.46,17.67,17.38,17.52,10503303.0,208139316.0,1081531629.0,0.009711507937785887
2021-06-22,17.68,18.04,17.43,17.96,14906723.0,299674337.0,1081531629.0,0.013782974626255707
2021-06-23,17.98,18.4,17.82,18.36,15126582.0,309800147.0,1081531629.0,0.013986259480905112
2021-06-24,19.15,19.33,18.24,18.47,30356263.0,645467437.0,1081531629.0,0.028067845808696177
2021-06-25,18.67,18.67,17.72,18.13,22906088.0,467136739.0,1081531629.0,0.021179304780184104
2021-06-28,18.13,18.22,17.79,17.83,14310914.0,289376226.0,1081531629.0,0.013232080889980149
2021-06-29,17.78,18.02,17.61,17.85,9390137.0,189535622.0,1081531629.0,0.00868225833458265
2021-06-30,17.83,17.84,17.5,17.65,10400329.0,207475408.0,1081531479.0,0.009616298001438015
2021-07-01,17.66,17.89,17.61,17.69,8088887.0,162399758.0,1081531479.0,0.007479104544861796
2021-07-02,17.61,17.75,17.26,17.33,11247880.0,221878614.0,1081531479.0,0.010399956190271925
2021-07-05,17.44,17.82,17.16,17.64,9759545.0,193711902.0,1081531479.0,0.009023819638633005
2021-07-06,17.6,17.61,17.23,17.4,9794552.0,192683551.0,1081531479.0,0.009056187628543358
2021-07-07,17.32,17.43,17.26,17.37,6924244.0,135956684.0,1081531479.0,0.006402258403428311
2021-07-08,17.49,17.5,16.96,16.98,11326894.0,219922236.0,1081531479.0,0.010473013703191527
2021-07-09,17.03,17.52,17.01,17.46,9143442.0,177891165.0,1081531479.0,0.008454161693429545
2021-07-12,17.51,17.51,17.06,17.12,17852932.0,347540021.0,1081531479.0,0.01650708495004425
2021-07-13,17.13,17.23,16.8,16.91,16296362.0,311396832.0,1081531479.0,0.015067857308293844
2021-07-14,16.94,17.07,16.81,16.96,15588432.0,297981851.0,1081531479.0,0.014413294760882314
2021-07-15,17.04,17.05,16.68,16.75,13946828.0,260415266.0,1081531479.0,0.01289544342518393
2021-07-16,16.73,17.01,16.73,16.85,11660592.0,219007613.0,1081531479.0,0.01078155580897336
2021-07-19,16.89,16.92,16.52,16.63,12045124.0,222263250.0,1081531479.0,0.011137099782927354
2021-07-20,16.67,16.94,16.61,16.71,10818928.0,201525170.0,1081531479.0,0.01000334082740092
2021-07-21,16.72,16.89,16.63,16.74,11563326.0,215430450.0,1081130679.0,0.010695585857109878
2021-07-22,16.82,17.13,16.68,17.04,16962074.0,318144175.0,1081130679.0,0.015689198659767197
2021-07-23,16.95,16.99,16.59,16.73,14800371.0,275612569.0,1081130679.0,0.013689715117223123
2021-07-26,16.59,16.6,16.14,16.18,20249467.0,366733766.0,1081130679.0,0.01872989768334934
2021-07-27,16.11,16.61,15.79,16.23,15590963.0,280284429.0,1081130679.0,0.014420979168236146
2021-07-28,16.08,16.36,15.97,16.14,10711708.0,192561382.0,1081130679.0,0.009907875345751797
2021-07-29,16.19,16.36,16.06,16.07,10131580.0,182364823.0,1081130679.0,0.009371281563641577
2021-07-30,16.23,16.64,16.1,16.5,14854338.0,270733600.0,1081130679.0,0.01373963230211877
2021-08-02,16.46,16.58,16.13,16.52,14938475.0,271913583.0,1081130679.0,0.013817455456742246
2021-08-03,16.5,16.81,16.42,16.75,11497476.0,213224140.0,1081130679.0,0.010634677401472574
2021-08-04,16.78,16.78,16.51,16.61,9477645.0,174948238.0,1081130679.0,0.008766419438551517
2021-08-05,16.64,16.71,16.35,16.38,11437894.0,210015509.0,1081130679.0,0.010579566579850982
2021-08-06,16.33,16.52,16.16,16.38,7775125.0,141056771.0,1081130679.0,0.007191660685451698
2021-08-09,16.28,16.49,16.21,16.43,6612142.0,120612987.0,1081130679.0,0.006115950761952247
2021-08-10,16.77,16.83,16.5,16.63,9219363.0,170568541.0,1081130679.0,0.008527519548818575
2021-08-11,16.52,16.71,16.43,16.46,6960840.0,128061373.0,1081130679.0,0.006438481614857588
2021-08-12,16.46,16.53,16.34,16.34,7064485.0,128793573.0,1081130679.0,0.006534348841653766
2021-08-13,16.28,16.45,16.18,16.36,7945494.0,144453729.0,1081130679.0,0.007349244780796753
2021-08-16,16.37,16.44,16.26,16.38,7150182.0,130037775.0,1081130679.0,0.006613614930078217
2021-08-17,16.38,16.4,16.14,16.19,9200549.0,166395016.0,1081130679.0,0.008510117397195793
2021-08-18,16.23,16.25,15.96,16.06,10107281.0,180326472.0,1081130679.0,0.009348806019776263
2021-08-19,16.07,16.22,15.99,16.03,6798213.0,121544300.0,1081130679.0,0.0062880585409786525
2021-08-20,15.96,16.0,15.59,15.65,15824100.0,276894835.0,1081130679.0,0.014636621000004015
2021-08-23,15.66,15.74,15.33,15.43,13086436.0,224364649.0,1081130679.0,0.012104397973521941
2021-08-24,15.6,15.87,15.57,15.82,10938902.0,191456700.0,1081130679.0,0.010118020154712491
2021-08-25,15.76,16.54,15.7,16.43,16913336.0,304282951.0,1081130679.0,0.01564411807797751
2021-08-26,16.58,16.77,16.38,16.4,14074653.0,258969627.0,1081130679.0,0.01301845676326423
2021-08-27,16.4,16.68,16.3,16.52,7734790.0,141914199.0,1081130679.0,0.007154352522078415
2021-08-30,16.52,16.57,16.08,16.18,15938970.0,288498482.0,1081130679.0,0.01474287087546426
2021-08-31,16.2,16.44,15.96,16.37,14290464.0,256550872.0,1081130679.0,0.01321807278026563
2021-09-01,16.35,16.46,16.15,16.34,8816965.0,160059635.0,1081130679.0,0.00815531847468737
2021-09-02,16.28,16.41,16.23,16.28,10494955.0,190247901.0,1081130679.0,0.009707388018724422
2021-09-03,16.29,16.61,16.21,16.44,10236533.0,187174788.0,1081130679.0,0.00946835863493242
2021-09-06,16.46,16.67,16.35,16.59,11887535.0,219134063.0,1081130679.0,0.010995465424212609
2021-09-07,16.61,16.75,16.54,16.57,9828891.0,181483629.0,1081130679.0,0.009091307083331782
2021-09-08,16.58,16.95,16.57,16.88,12986699.0,242039422.0,1081130679.0,0.012012145480888716
2021-09-09,16.88,16.9,16.64,16.81,9830617.0,183240222.0,1081130679.0,0.009092903560088503
2021-09-10,16.82,16.98,16.76,16.83,8924074.0,167094953.0,1081130679.0,0.008254389754487765
2021-09-13,16.83,16.83,16.58,16.73,7281408.0,135058774.0,1081130679.0,0.006734993411467144
2021-09-14,16.68,16.78,16.4,16.46,8119925.0,149770928.0,1081130679.0,0.007510586053769731
2021-09-15,16.44,16.5,16.26,16.42,5935732.0,108089390.0,1081130679.0,0.005490300215594936
2021-09-16,16.43,16.57,16.33,16.33,5665945.0,103516984.0,1081130679.0,0.005240758689079805
2021-09-17,16.34,16.4,15.96,16.21,10415009.0,186683736.0,1081130679.0,0.00963344136125472
2021-09-22,16.14,16.46,16.05,16.37,7473560.0,135665861.0,1081130679.0,0.006912725857444658
2021-09-23,16.37,16.53,16.26,16.37,6230988.0,113664936.0,1081130679.0,0.005763399486326111
2021-09-24,16.46,16.62,16.33,16.56,8830400.0,161926033.0,1081130679.0,0.008167745279569483
2021-09-27,16.55,16.72,16.31,16.4,11219166.0,205885827.0,1081130679.0,0.010377252461633272
2021-09-28,16.23,16.46,16.22,16.4,6354157.0,115646777.0,1081130679.0,0.005877325584616029
2021-09-29,16.28,16.48,16.15,16.2,8513459.0,154053641.0,1081130679.0,0.007874588304047192
2021-09-30,16.2,16.4,16.14,16.16,7800564.0,140829510.0,1081130679.0,0.0072151906809408
2021-10-08,16.05,16.62,16.05,16.48,13475331.0,246093872.0,1081130679.0,0.012464109345656631
2021-10-11,16.45,16.77,16.41,16.7,11994263.0,221438884.0,1081130679.0,0.011094184295180842
2021-10-12,16.7,16.71,16.46,16.61,7734132.0,142573218.0,1081130679.0,0.007153743900000825
2021-10-13,16.64,16.72,16.51,16.68,6163070.0,114042464.0,1081130679.0,0.005700578218444951
2021-10-14,16.69,16.96,16.57,16.77,9608025.0,179534446.0,1081130679.0,0.008887015405840684
2021-10-15,16.77,16.77,16.35,16.42,10468044.0,191741694.0,1081130679.0,0.009682496485700041
2021-10-18,16.41,16.41,16.19,16.2,6871522.0,124106870.0,1081130679.0,0.006355866255091259
2021-10-19,16.21,16.28,16.1,16.21,5394469.0,97076462.0,1081130679.0,0.0049896549092378496
2021-10-20,16.22,16.32,16.1,16.21,6374848.0,114614561.0,1081130679.0,0.005896463881587806
2021-10-21,16.19,16.34,16.18,16.25,5376539.0,97335893.0,1081130679.0,0.004973070420102286
2021-10-22,16.24,16.37,16.18,16.22,5020402.0,90730981.0,1081130679.0,0.004643658807872938
2021-10-25,16.17,16.26,16.0,16.18,6391779.0,114504862.0,1081130679.0,0.005912124338116206
2021-10-26,16.1,16.28,16.1,16.15,4609234.0,82809580.0,1081130679.0,0.004263345855899072
2021-10-27,16.15,16.19,15.5,15.56,12907050.0,225454442.0,1081130679.0,0.011938473535815739
2021-10-28,15.56,15.67,15.38,15.64,7954357.0,137097189.0,1081130679.0,0.007357442679692933
2021-10-29,15.64,15.95,15.62,15.89,6299197.0,110888514.0,1081130679.0,0.005826489916858608
2021-11-01,16.01,16.05,15.79,16.01,9311103.0,165037923.0,1081130679.0,0.008612375155806673
2021-11-02,16.01,16.34,15.88,16.27,13105072.0,236423144.0,1081130679.0,0.012121635482698201
2021-11-03,16.34,16.5,16.21,16.38,8954021.0,163077913.0,1081130679.0,0.008282089458678659
2021-11-04,16.53,16.53,16.28,16.44,6610302.0,120614665.0,1081130679.0,0.006114248840033148
2021-11-05,16.44,16.63,16.43,16.52,8725314.0,160572358.0,1081130679.0,0.008070545188922532
2021-11-08,16.54,16.63,16.45,16.57,8693992.0,160185919.0,1081130679.0,0.008041573668080138
2021-11-09,16.57,16.62,16.37,16.41,9673885.0,177474452.0,1081130679.0,0.008947933111053637
2021-11-10,16.44,16.57,16.14,16.3,10762189.0,195385746.0,1081130679.0,0.009954568128576804
2021-11-11,16.19,16.5,16.17,16.48,10923342.0,198899441.0,1081130679.0,0.010103627815005331
2021-11-12,16.48,16.54,16.3,16.35,9042200.0,165164480.0,1081130679.0,0.008363651291778762
2021-11-15,16.36,16.63,16.3,16.59,10018023.0,184141327.0,1081130679.0,0.009266246157463819
2021-11-16,16.59,16.97,16.52,16.84,19782600.0,370110068.0,1081130679.0,0.01829806551997772
2021-11-17,16.85,16.85,16.55,16.71,10386438.0,192650785.0,1081130679.0,0.009607014398672892
2021-11-18,16.66,16.75,16.5,16.54,6974270.0,128674052.0,1081130679.0,0.006450903794951878
2021-11-19,16.56,16.66,16.36,16.63,8558941.0,157164270.0,1081130679.0,0.007916657224006128
2021-11-22,16.82,16.89,16.55,16.72,8413512.0,156284774.0,1081130679.0,0.007782141570325376
2021-11-23,16.7,16.86,16.65,16.74,8105049.0,151002479.0,1081130679.0,0.007496826385036845
2021-11-24,16.76,16.76,16.52,16.68,6875684.0,127100331.0,1081130679.0,0.006359715928475655
2021-11-25,16.77,16.96,16.54,16.88,12303526.0,230510294.0,1081130679.0,0.011380239446521154
2021-11-26,16.89,17.13,16.72,16.77,8474401.0,158821436.0,1081130679.0,0.007838461311484067
2021-11-29,16.77,16.96,16.67,16.92,10490073.0,196188967.0,1081130679.0,0.009702872375893424
2021-11-30,16.95,17.12,16.71,17.09,13346651.0,251424572.0,1081130679.0,0.0123450858062275
2021-12-01,17.09,17.49,16.96,17.32,15676897.0,301306759.0,1081130679.0,0.014500464471603436
2021-12-02,17.32,17.45,17.19,17.23,9422296.0,181133142.0,1081130679.0,0.008715223962301415
2021-12-03,17.16,17.31,17.13,17.26,6907215.0,132356574.0,1081130679.0,0.006388880765449077
2021-12-06,17.29,17.3,16.92,16.95,9321662.0,176960824.0,1081130679.0,0.008622141782732632
2021-12-07,16.96,17.08,16.87,17.0,6136135.0,115755571.0,1081130679.0,0.005675664486439016
2021-12-08,17.03,17.15,16.92,17.02,7704850.0,145895228.0,1081130679.0,0.007126659292590475
2021-12-09,17.08,17.14,16.93,17.1,8078898.0,153413089.0,1081130679.0,0.007472637819761657
2021-12-10,17.09,17.2,16.88,16.95,9812633.0,185765986.0,1081130679.0,0.009076269123244444
2021-12-13,16.98,17.05,16.73,16.8,13133317.0,246016259.0,1081130679.0,0.012147760909113929
2021-12-14,16.8,16.91,16.77,16.85,7608127.0,142355540.0,1081130679.0,0.00703719462205734
2021-12-15,16.85,16.89,16.64,16.71,8730530.0,162573493.0,1081130679.0,0.00807536976758015
2021-12-16,16.71,16.75,16.43,16.53,11566330.0,212657819.0,1081130679.0,0.01069836442963432
2021-12-17,16.56,16.58,16.39,16.39,8508226.0,155691933.0,1081130679.0,0.007869748001110973
2021-12-20,16.38,16.49,16.23,16.29,9242841.0,167787155.0,1081130679.0,0.008549235702523247
2021-12-21,16.29,16.45,16.28,16.38,5936006.0,107958530.0,1081130679.0,0.005490553653967672
2021-12-22,16.41,16.68,16.39,16.6,8074496.0,148611506.0,1081130679.0,0.0074685661565617265
2021-12-23,16.61,16.68,16.51,16.55,6209779.0,114510369.0,1081130679.0,0.0057437820613358065
2021-12-24,16.55,16.72,16.49,16.64,6664305.0,123182273.0,1081130679.0,0.006164199323401126
2021-12-27,16.6,16.82,16.59,16.73,7629860.0,142052641.0,1081130679.0,0.007057296724811562
2021-12-28,16.76,17.21,16.76,16.91,13347599.0,251713408.0,1081130679.0,0.012345962665998862
2021-12-29,16.82,17.18,16.78,16.89,11669138.0,220655804.0,1081130679.0,0.010793457466948823
2021-12-30,16.86,16.97,16.75,16.86,12614600.0,235971133.0,1081130679.0,0.011667969696011188
2021-12-31,16.92,17.13,16.8,17.03,14235131.0,269500709.0,1133130738.0,0.012562655413553878
2022-01-04,17.14,17.49,17.05,17.36,21700675.0,416326980.0,1133130738.0,0.019151077869710036
2022-01-05,17.9,17.98,17.1,17.62,34259320.0,668347269.0,1133130738.0,0.0302342164510235
2022-01-06,17.65,17.75,17.31,17.42,17518746.0,340057665.0,1133130738.0,0.015460480783462781
2022-01-07,17.51,18.35,17.27,18.15,40045777.0,800638452.0,1133130738.0,0.035340826664610345
2022-01-10,17.9,18.02,17.43,17.84,29625131.0,585035067.0,1133130738.0,0.026144495075907118
2022-01-11,17.78,17.9,17.57,17.75,17728605.0,349631869.0,1133130738.0,0.015645683596308902
2022-01-12,17.83,18.12,17.59,17.75,16960657.0,335334298.0,1133130738.0,0.014967961269796565
2022-01-13,17.69,17.93,17.63,17.69,13228788.0,260903748.0,1133130738.0,0.011674546948879962
2022-01-14,17.72,18.1,17.6,17.96,19620942.0,390187912.0,1133130738.0,0.01731569124550569
2022-01-17,17.88,18.56,17.88,18.24,28764319.0,584905919.0,1133130738.0,0.025384819275814225
2022-01-18,18.39,18.58,17.84,17.93,26437435.0,533521845.0,1133130738.0,0.02333131924976516
2022-01-19,18.0,18.15,17.63,17.81,16972079.0,335900678.0,1133130738.0,0.014978041307004064
2022-01-20,17.87,18.74,17.76,18.28,31358314.0,638974616.0,1133130738.0,0.027674047617266207
2022-01-21,19.38,19.97,17.94,18.16,51553562.0,1075406647.0,1133130738.0,0.045496570052448795
2022-01-24,17.49,17.69,17.12,17.18,28750647.0,553859847.0,1133130738.0,0.025372753589533285
2022-01-25,17.31,17.37,16.49,16.5,18809396.0,352952942.0,1133130738.0,0.016599493217524915
2022-01-26,16.59,16.65,16.26,16.3,12228829.0,222675455.0,1133130738.0,0.010792072432510432
2022-01-27,16.29,16.33,15.55,15.7,24747074.0,435510619.0,1133130738.0,0.021839557581571845
2022-01-28,15.81,15.88,15.54,15.79,10842155.0,189880627.0,1133130738.0,0.009568317791057929
2022-02-07,15.92,16.09,15.77,15.92,9474062.0,167737449.0,1133130738.0,0.00836096108090927
2022-02-08,15.93,16.1,15.82,16.07,8246000.0,146437820.0,1133130738.0,0.007277183226495441
2022-02-09,16.08,16.3,15.98,16.21,7672527.0,137830500.0,1133130738.0,0.006771087168231067
2022-02-10,16.28,16.32,16.05,16.14,7020232.0,126072083.0,1133130738.0,0.006195429851625823
2022-02-11,16.28,16.28,15.94,16.04,9039488.0,161438639.0,1133130738.0,0.007977444876268109
2022-02-14,16.01,16.44,15.95,16.23,11332405.0,204685184.0,1133130738.0,0.010000968661393776
2022-02-15,16.23,16.28,15.98,16.06,9349657.0,167361914.0,1133130738.0,0.008251172337361834
2022-02-16,16.19,16.19,15.96,16.01,8012837.0,142786832.0,1133130738.0,0.007071414384312642
2022-02-17,16.01,16.02,15.66,15.87,12483883.0,219795727.0,1133130738.0,0.011017160316411785
2022-02-18,15.8,15.96,15.66,15.92,8436194.0,148775133.0,1133130738.0,0.007445031466439665
2022-02-21,15.91,16.05,15.81,16.0,8483908.0,150446668.0,1133130738.0,0.007487139581946457
2022-02-22,15.89,15.96,15.81,15.9,7412569.0,130802043.0,1133130738.0,0.006541671451860306
2022-02-23,15.91,16.05,15.84,15.93,12776530.0,226162273.0,1133130738.0,0.011275424425032233
2022-02-24,15.84,15.96,15.61,15.7,12450252.0,218283783.0,1133130738.0,0.010987480599083351
2022-02-25,15.74,15.9,15.71,15.76,8201927.0,144103825.0,1133130738.0,0.00723828833244483
2022-02-28,15.68,15.82,15.48,15.62,9923532.0,172050018.0,1133130738.0,0.00875762316492733
2022-03-01,15.61,15.71,15.59,15.64,6365745.0,110758267.0,1133130738.0,0.005617838071567696
2022-03-02,15.64,15.8,15.55,15.79,7403900.0,129121405.0,1133130738.0,0.0065340209666080035
2022-03-03,15.82,16.03,15.75,15.96,11760312.0,208012154.0,1133130738.0,0.01037860116720265
2022-03-04,15.9,16.3,15.86,16.08,16815514.0,301095565.0,1133130738.0,0.014839871019366875
2022-03-07,16.01,16.16,15.79,15.88,13840238.0,245135615.0,1133130738.0,0.012214158115971962
2022-03-08,15.92,15.94,14.66,14.75,24872628.0,420354296.0,1133130738.0,0.021950360329912787
2022-03-09,14.85,14.9,13.82,14.3,24771936.0,394370432.0,1133130738.0,0.021861498562578047
2022-03-10,14.53,15.02,14.53,14.93,16794777.0,276133218.0,1133130738.0,0.014821570394995322
2022-03-11,14.76,15.07,14.52,15.07,12163922.0,200133099.0,1133130738.0,0.010734791310550433
2022-03-14,15.11,15.52,14.93,14.98,16443291.0,278811121.0,1133130738.0,0.01451138023933828
2022-03-15,14.75,14.75,13.94,14.04,18731472.0,299032577.0,1133130738.0,0.01653072445379202
2022-03-16,14.49,14.57,13.64,14.41,21629703.0,340487695.0,1133130738.0,0.019088444320358732
2022-03-17,14.85,15.85,14.75,15.84,49315926.0,854369543.0,1133130738.0,0.04352183234129158
2022-03-18,15.29,15.66,15.13,15.47,30514744.0,524467231.0,1133130738.0,0.026929588066650786
2022-03-21,15.38,15.68,15.12,15.5,22514792.0,384840947.0,1133130738.0,0.019869544832698732
2022-03-22,15.31,15.36,15.03,15.12,19179480.0,323672311.0,1133130738.0,0.016926096307167692
2022-03-23,15.09,15.36,15.05,15.23,11707399.0,197672247.0,1133130738.0,0.010331904878570155
2022-03-24,15.21,15.76,14.98,15.61,21382702.0,367188264.0,1133130738.0,0.01887046329511891
2022-03-25,15.57,15.64,15.16,15.18,15940258.0,272705842.0,1133130738.0,0.014067448234733175
2022-03-28,15.11,15.29,14.8,15.08,10876300.0,181900776.0,1133130738.0,0.009598451118885807
2022-03-29,15.11,15.43,15.02,15.26,11298363.0,192257870.0,1133130738.0,0.009970926232167925
2022-03-30,15.28,15.54,15.07,15.52,12600528.0,215286878.0,1133130738.0,0.01112010077693259
2022-03-31,15.45,15.78,15.38,15.59,15124220.0,262674799.0,1133130738.0,0.013347285968691109
2022-04-01,15.42,15.62,15.29,15.54,11752463.0,202217714.0,1133130738.0,0.01037167434072378
2022-04-06,15.59,15.83,15.53,15.66,12041556.0,209906912.0,1133130738.0,0.010626802006318886
2022-04-07,15.56,15.65,15.2,15.21,13183039.0,225049845.0,1133130738.0,0.011634172966897312
2022-04-08,15.28,15.34,14.86,15.07,10137032.0,169783958.0,1133130738.0,0.00894603919922963
2022-04-11,15.12,15.36,14.69,14.75,12351678.0,206248982.0,1133130738.0,0.010900487989409744
2022-04-12,14.71,14.89,14.28,14.74,15532537.0,252324000.0,1133262688.0,0.013706034059421888
2022-04-13,14.74,14.74,14.31,14.39,9113576.0,146916748.0,1133262688.0,0.008041891872469377
2022-04-14,14.51,14.71,14.39,14.62,6562220.0,106366195.0,1133262688.0,0.005790555066787834
2022-04-15,14.62,14.62,14.44,14.53,6873131.0,110824255.0,1133262688.0,0.006064905403468115
2022-04-18,14.47,14.64,14.19,14.62,8850981.0,141806701.0,1133262688.0,0.007810175958074074
2022-04-19,14.79,15.64,14.7,15.23,21346690.0,360397856.0,1133262688.0,0.018836488861795123
2022-04-20,15.16,15.47,15.02,15.05,13582571.0,230723937.0,1133262688.0,0.011985368567962593
2022-04-21,15.01,15.19,14.49,14.55,12972204.0,213786578.0,1133262688.0,0.011446775877615412
2022-04-22,14.54,14.55,14.21,14.42,13069584.0,208869565.0,1133262688.0,0.011532704763328447
2022-04-25,14.37,14.4,13.38,13.54,16182854.0,251424033.0,1133262688.0,0.014279878947183692
2022-04-26,13.58,13.67,13.07,13.22,16846063.0,249227981.0,1133155813.0,0.014866501858557734
2022-04-27,13.38,14.53,13.31,14.38,24252078.0,377089088.0,1133155813.0,0.021402244706130277
2022-04-28,14.21,14.99,14.14,14.97,20043765.0,326180423.0,1133155813.0,0.017688445640087803
2022-04-29,14.86,15.54,14.84,15.25,22530120.0,382900752.0,1133155813.0,0.019882631974813863
2022-05-05,15.14,15.55,15.12,15.46,14351840.0,245514444.0,1133155813.0,0.012665372083300604
2022-05-06,15.25,15.51,15.14,15.23,10439783.0,177764694.0,1133155813.0,0.009213016321525061
2022-05-09,15.34,16.23,15.34,15.98,22686280.0,400624585.0,1133155813.0,0.020020441796030394
2022-05-10,15.82,16.06,15.66,15.99,13108349.0,231886209.0,1133155813.0,0.01156800225495556
2022-05-11,16.06,16.45,16.01,16.06,17060476.0,308778004.0,1133155813.0,0.015055719437941055
2022-05-12,16.0,16.3,15.93,16.14,11292314.0,202553823.0,1133155813.0,0.009965367401773192
2022-05-13,16.19,16.5,16.18,16.48,13743366.0,250536974.0,1133155813.0,0.012128399150700029
2022-05-16,17.43,17.59,16.32,16.52,31595259.0,577054454.0,1133155813.0,0.02788253710348305
2022-05-17,16.56,16.57,16.09,16.37,17498394.0,309334205.0,1133155813.0,0.015442178206431704
2022-05-18,16.45,16.62,16.26,16.32,10368378.0,184867195.0,1133155813.0,0.00915000203948122
2022-05-19,16.11,16.34,15.97,16.21,10764568.0,189009813.0,1133155813.0,0.009499636216400894
2022-05-20,16.26,16.49,16.07,16.19,10136784.0,178676472.0,1133155813.0,0.0089456223792941
2022-05-23,16.19,16.28,15.74,15.81,14771915.0,255321027.0,1133155813.0,0.013036084561832452
2022-05-24,15.81,15.96,15.3,15.3,15921619.0,268706928.0,1133155813.0,0.014050688190751046
2022-05-25,15.3,15.72,15.11,15.63,13258725.0,222442820.0,1128480379.0,0.01174918522885545
2022-05-26,15.61,16.49,15.46,16.45,18923255.0,331699786.0,1128480379.0,0.016768793992474017
2022-05-27,16.34,16.5,16.16,16.18,11003514.0,195118960.0,1128480379.0,0.009750735772429412
2022-05-30,16.26,16.33,15.81,15.98,10032046.0,173982195.0,1128480379.0,0.008889871890275906
2022-05-31,16.1,16.45,15.77,16.39,11660300.0,204939526.0,1128480379.0,0.010332745005573553
2022-06-01,16.23,16.51,16.07,16.11,10280383.0,181533684.0,1128480379.0,0.009109935087316215
2022-06-02,16.11,16.21,15.88,16.1,9337647.0,162634615.0,1128480379.0,0.00827453199343575
2022-06-06,16.13,16.92,16.03,16.78,21421359.0,386882726.0,1128480379.0,0.018982482459271893
2022-06-07,16.78,16.99,16.57,16.97,14355906.0,262607453.0,1128480379.0,0.01272144936425164
2022-06-08,16.83,17.31,16.75,17.19,16230284.0,300728276.0,1128480379.0,0.0143824246323028
2022-06-09,17.1,17.31,16.75,16.85,10542129.0,194554456.0,1128480379.0,0.009341880635392066
2022-06-10,16.75,17.19,16.73,17.14,11352418.0,209537983.0,1128480379.0,0.010059916159162569
2022-06-13,17.01,17.19,16.75,17.11,12704508.0,233951152.0,1128480379.0,0.011258067252580915
2022-06-14,16.99,17.5,16.92,17.42,11878047.0,223147320.0,1128480379.0,0.010525700952395557
2022-06-15,17.42,17.49,17.06,17.06,10067441.0,189207657.0,1128480379.0,0.008921237078947918
2022-06-16,17.12,17.52,17.08,17.33,11822221.0,223217611.0,1128480379.0,0.010476230885357733
2022-06-17,17.13,17.51,17.11,17.42,10009862.0,188613340.0,1128480379.0,0.008870213595446128
2022-06-20,17.47,17.82,17.29,17.73,12821929.0,245266914.0,1128480379.0,0.011362119571243338
2022-06-21,17.77,17.97,17.59,17.69,9452349.0,182174580.0,1128480379.0,0.008376174877206261
2022-06-22,17.67,17.97,17.58,17.64,8868056.0,171099841.0,1128480379.0,0.007858405130498064
2022-06-23,17.56,17.66,17.3,17.51,10900905.0,206384674.0,1128480379.0,0.009659809069662167
2022-06-24,17.48,17.98,17.47,17.88,10771609.0,208326629.0,1128480379.0,0.0095452337501386
2022-06-27,17.91,18.14,17.4,17.5,20819777.0,400829328.0,1128480379.0,0.018449392109457313
2022-06-28,17.58,17.66,17.28,17.66,15186553.0,288083185.0,1128480379.0,0.013457525077624766
2022-06-29,17.63,17.63,17.07,17.08,15026903.0,281371211.0,1128480379.0,0.013316051638678956
2022-06-30,17.17,17.35,17.11,17.21,10757810.0,201436804.0,1128480379.0,0.009533005801601093
2022-07-01,17.27,17.41,17.08,17.22,6970025.0,130475077.0,1128480379.0,0.006176469817026389
2022-07-04,17.17,17.73,17.14,17.56,14665446.0,279288906.0,1128480379.0,0.0129957474431197
2022-07-05,17.62,17.86,17.44,17.8,11672833.0,224037467.0,1128480379.0,0.010343851091450834
2022-07-06,17.67,17.86,17.51,17.66,12149519.0,233397213.0,1128480379.0,0.010766265170481976
2022-07-07,18.51,18.78,17.14,17.28,35340514.0,687585299.0,1128480379.0,0.031316906042546264
2022-07-08,17.28,18.37,17.21,18.17,34465617.0,674946657.0,1128480379.0,0.030541618304911616
2022-07-11,18.08,18.25,17.77,17.89,15158661.0,296280533.0,1128480379.0,0.013432808653202113
2022-07-12,18.03,18.07,17.43,17.49,11531416.0,220724665.0,1128480379.0,0.010218534778795653
2022-07-13,17.57,17.94,17.33,17.73,11788233.0,226722742.0,1128480379.0,0.01044611250613512
2022-07-14,17.5,17.66,17.19,17.23,12965921.0,244264580.0,1128480379.0,0.011489717713558934
2022-07-15,17.36,17.9,17.08,17.49,18359369.0,349660449.0,1128469129.0,0.016269270047528258
2022-07-18,17.61,17.98,17.35,17.89,15765870.0,304316324.0,1128469129.0,0.01397102463402878
2022-07-19,17.89,17.92,17.66,17.86,9327458.0,180575624.0,1128469129.0,0.008265585438093097
2022-07-20,17.94,18.49,17.81,18.43,15435251.0,306514082.0,1128469129.0,0.013678044532488049
2022-07-21,18.43,18.89,18.31,18.6,19769772.0,401383285.0,1128469129.0,0.01751910751649813
2022-07-22,18.65,19.45,18.65,19.04,27077564.0,563685161.0,1128469129.0,0.0239949532549419
2022-07-25,19.04,19.34,18.76,19.15,16323088.0,339981655.0,1128469129.0,0.014464806861366962
2022-07-26,19.22,19.3,18.97,19.04,10788347.0,224102773.0,1119957649.0,0.009632816928062251
2022-07-27,19.4,20.89,19.37,20.53,51819142.0,1140394983.0,1119957649.0,0.046268840653277236
2022-07-28,20.54,21.21,20.48,20.82,26744668.0,605866822.0,1119957649.0,0.023880070843643124
2022-07-29,20.99,20.99,20.13,20.26,20903730.0,463392484.0,1119957649.0,0.01866475042039737
2022-08-01,20.44,20.48,19.98,20.12,14357689.0,314679394.0,1119957649.0,0.012819849940593602
2022-08-02,20.04,20.05,19.23,19.63,20962152.0,446312584.0,1119957649.0,0.01871691489291306
2022-08-03,19.67,20.35,19.67,19.91,16511469.0,359634095.0,1119957649.0,0.0147429405163159
2022-08-04,19.93,20.49,19.8,20.25,13639179.0,299273350.0,1119957649.0,0.012178298895657616
2022-08-05,20.27,20.76,20.05,20.44,17060681.0,378491857.0,1119957649.0,0.015233326916632362
2022-08-08,20.51,21.01,20.45,20.72,12442011.0,280720011.0,1119957649.0,0.011109358475393565
2022-08-09,20.72,21.06,20.46,20.9,12365695.0,280405024.0,1119957649.0,0.011041216613004265
2022-08-10,20.88,21.06,20.51,20.57,10509074.0,236419993.0,1119957649.0,0.009383456606045289
2022-08-11,20.71,21.25,20.67,21.02,12330632.0,281838046.0,1119957649.0,0.01100990917916397
2022-08-12,21.09,21.25,20.9,21.13,10725244.0,245450361.0,1119957649.0,0.009576472833215142
2022-08-15,20.91,21.08,19.96,20.13,24792900.0,546127505.0,1119957649.0,0.022137354945642236
2022-08-16,20.43,20.71,20.17,20.36,12134327.0,268997602.0,1119957649.0,0.010834630229843628
2022-08-17,20.36,20.39,19.71,20.26,12500299.0,271366568.0,1119957649.0,0.011161403300527839
2022-08-18,20.34,20.39,19.74,19.88,11980162.0,259327180.0,1119957649.0,0.010696977703305993
2022-08-19,20.01,20.3,19.77,20.16,12703371.0,276736652.0,1119957649.0,0.011342724442609704
2022-08-22,19.99,20.32,19.78,20.18,9555373.0,208255208.0,1119957649.0,0.008531905656014676
2022-08-23,20.1,20.1,19.65,19.74,10116221.0,217506998.0,1119957649.0,0.009032681734914425
2022-08-24,19.75,19.86,19.33,19.46,9233746.0,195932391.0,1119957649.0,0.008244727832561104
2022-08-25,19.49,19.88,19.49,19.83,10727656.0,229836898.0,1119957649.0,0.009578626486080636
2022-08-26,19.86,20.43,19.74,19.88,10078340.0,219570353.0,1119957649.0,0.008998858134500763
2022-08-29,19.78,20.6,19.72,20.25,13091391.0,287520679.0,1119957649.0,0.011689183971991427
2022-08-30,20.14,20.42,19.98,20.26,11531808.0,253241224.0,1119957649.0,0.010296646493996132
2022-08-31,20.62,20.62,19.75,19.76,13027717.0,282375438.0,1119957649.0,0.01163233003643694
2022-09-01,19.8,20.03,19.59,19.69,10059743.0,216174179.0,1119957649.0,0.008982253042320174
2022-09-02,19.61,20.45,19.61,20.13,15123686.0,331538590.0,1119957649.0,0.013503801695987167
2022-09-05,20.12,20.21,19.67,19.83,9142695.0,197322719.0,1119957649.0,0.008163429222670543
2022-09-06,19.91,20.22,19.73,20.04,7875750.0,171543316.0,1119957649.0,0.0070321855536521274
2022-09-07,20.09,20.31,19.79,19.97,7258072.0,157853003.0,1119957649.0,0.006480666484559186
2022-09-08,20.15,20.48,19.93,19.97,9584427.0,210475476.0,1119957649.0,0.008557847708400266
2022-09-09,19.88,20.07,19.75,19.88,8546228.0,185104351.0,1119957649.0,0.007630849262586714
2022-09-13,19.91,19.92,19.11,19.72,14024605.0,298315932.0,1119957649.0,0.012522442266028937
2022-09-14,19.56,19.89,19.21,19.8,10052434.0,214634377.0,1119957649.0,0.00897572690268755
2022-09-15,19.97,20.33,19.48,19.53,10562094.0,228282096.0,1119957649.0,0.009430797681886273
2022-09-16,20.03,20.3,19.54,19.56,18751800.0,405979716.0,1119957649.0,0.016743311692851343
2022-09-19,19.41,19.75,19.08,19.19,14309074.0,300428322.0,1119957649.0,0.012776442049193952
2022-09-20,19.33,20.43,19.33,20.25,21872972.0,476930878.0,1119957649.0,0.019530177787999554
2022-09-21,20.24,20.32,19.51,19.51,16732070.0,359670213.0,1119957649.0,0.014939913143090646
2022-09-22,19.43,19.45,17.9,18.4,30167860.0,605871036.0,1119957649.0,0.026936607850249168
2022-09-23,18.35,18.87,18.24,18.6,12551462.0,253200835.0,1119957649.0,0.011207086277956212
2022-09-26,18.47,19.39,18.14,19.05,14972356.0,309298815.0,1119957649.0,0.013368680515168301
2022-09-27,19.23,19.74,18.94,19.7,15978582.0,336220306.0,1119957649.0,0.014267130560041382
2022-09-28,19.7,20.32,19.58,19.86,16062908.0,348564138.0,1119957649.0,0.014342424478588476
2022-09-29,20.14,20.57,19.9,20.42,15205279.0,336698302.0,1119957649.0,0.013576655343687911
2022-09-30,20.44,20.59,20.2,20.29,9860756.0,218216623.0,1120077408.0,0.008803637971421347
2022-10-10,20.37,20.55,19.78,19.93,14241168.0,311119021.0,1120077408.0,0.012714449821310921
2022-10-11,19.96,20.03,19.57,19.85,11047263.0,237213880.0,1120077408.0,0.00986294600810304
2022-10-12,19.81,19.95,19.19,19.88,11580204.0,245682393.0,1120077408.0,0.01033875330159324
2022-10-13,19.91,20.85,19.85,20.8,20884657.0,467521727.0,1120077408.0,0.018645726492503276
2022-10-14,20.79,22.81,20.78,22.65,48516675.0,1162061862.0,1120077408.0,0.04331546610392842
2022-10-17,22.74,23.07,22.33,22.6,24214552.0,596442868.0,1120077408.0,0.021618641557316368
2022-10-18,22.64,24.16,22.37,23.75,45470377.0,1158407744.0,1120077408.0,0.04059574514692827
2022-10-19,23.54,23.82,23.25,23.48,23678675.0,602717103.0,1120077408.0,0.02114021301642038
2022-10-20,23.33,23.7,23.01,23.12,21301523.0,540177118.0,1120077408.0,0.019017902555534805
2022-10-21,23.03,23.68,22.92,23.52,20222115.0,514104661.0,1120077408.0,0.01805421201746085
2022-10-24,23.37,23.87,22.74,22.91,21532274.0,540263860.0,1120077408.0,0.019223915995634472
2022-10-25,22.91,22.99,22.09,22.46,20219499.0,493097299.0,1120077408.0,0.018051876464595204
2022-10-26,22.5,23.38,22.47,23.16,22926341.0,574067417.0,1120077408.0,0.02046853265341461
2022-10-27,23.13,23.76,22.8,23.46,19216635.0,487493950.0,1120077408.0,0.017156524060522788
2022-10-28,23.38,23.65,22.81,23.01,15416161.0,387666027.0,1120077408.0,0.013763478211320195
2022-10-31,23.1,23.94,22.55,22.83,23042278.0,574787177.0,1120077408.0,0.020572040678102848
2022-11-01,22.65,23.02,21.63,22.41,32039048.0,771575013.0,1120077408.0,0.028604315890281756
2022-11-02,22.59,23.29,22.39,22.41,23843818.0,590863279.0,1120077408.0,0.0212876519334278
2022-11-03,22.31,22.6,22.01,22.44,14815386.0,359209258.0,1120077408.0,0.013227109032092897
2022-11-04,22.44,23.06,22.29,22.99,17549276.0,435173434.0,1120077408.0,0.015667913551917656
2022-11-07,22.9,22.93,22.06,22.18,15248035.0,369484261.0,1120077408.0,0.013613376085521404
2022-11-08,22.39,22.57,22.0,22.38,9608875.0,233138634.0,1120077408.0,0.008578759763718045
2022-11-09,22.28,22.69,22.22,22.42,8770266.0,214163059.0,1120077408.0,0.007830053474304162
2022-11-10,22.28,22.55,21.98,22.2,10026056.0,241696648.0,1120077408.0,0.008951217057312525
2022-11-11,22.51,22.98,21.8,21.97,21610902.0,524782544.0,1120077408.0,0.019294114715328676
2022-11-14,22.06,23.1,21.75,22.91,22784752.0,561781218.0,1120077408.0,0.020342122640152383
2022-11-15,22.92,22.98,22.14,22.36,20897527.0,506721113.0,1120077408.0,0.01865721676978954
2022-11-16,22.37,23.08,21.99,22.54,21805745.0,537219185.0,1120077408.0,0.01946806965684286
2022-11-17,22.34,22.61,22.15,22.51,10818708.0,262951027.0,1120077408.0,0.009658893146785084
2022-11-18,22.53,23.31,22.4,22.83,22219703.0,553838494.0,1120077408.0,0.019837649470740865
2022-11-21,22.83,22.92,22.42,22.51,14185014.0,348287075.0,1120077408.0,0.012664315786288943
2022-11-22,22.66,22.95,21.75,21.94,17835704.0,428866229.0,1120077408.0,0.015923635163615404
2022-11-23,22.27,22.28,21.37,21.88,14533230.0,342776961.0,1120077408.0,0.012975201442506017
2022-11-24,21.83,22.11,21.66,21.98,10751142.0,255711534.0,1120077408.0,0.009598570530225354
2022-11-25,21.77,22.03,21.29,21.48,13073565.0,305177337.0,1120077408.0,0.01167201918958801
2022-11-28,21.17,21.59,21.15,21.52,13681234.0,317525401.0,1120077408.0,0.012214543300564455
2022-11-29,21.5,22.06,21.38,21.89,10900911.0,259333718.0,1120077408.0,0.009732283610169914
2022-11-30,21.89,22.18,21.43,21.71,11568700.0,273660767.0,1120077408.0,0.010328482582875201
2022-12-01,21.83,22.15,21.57,21.82,12747694.0,301522485.0,1120077408.0,0.011381083047431665
2022-12-02,21.71,22.03,21.69,21.91,6195549.0,147228896.0,1120077408.0,0.005531357882722334
2022-12-05,21.95,22.07,21.49,21.65,12336649.0,291037323.0,1120077408.0,0.011014103946644373
2022-12-06,21.65,21.91,21.2,21.36,15474886.0,360699272.0,1120077408.0,0.013815907623413113
2022-12-07,21.89,22.49,21.37,22.2,24544777.0,586959194.0,1120077408.0,0.021913464930809496
2022-12-08,22.41,22.42,21.37,21.73,22518398.0,531623346.0,1120077408.0,0.020104323004075803
2022-12-09,21.57,21.85,21.45,21.6,14031776.0,329695133.0,1120124151.0,0.012526982823710226
2022-12-12,21.63,22.41,21.59,22.22,19590464.0,471132717.0,1120124151.0,0.017489547013614923
2022-12-13,22.39,22.43,21.68,21.83,14057609.0,333876125.0,1120124151.0,0.012550045445810587
2022-12-14,22.01,22.09,21.13,21.24,16586852.0,386520744.0,1120124151.0,0.014808047826834153
2022-12-15,21.25,21.39,20.91,20.95,13445402.0,307936942.0,1120124151.0,0.012003492637844214
2022-12-16,20.96,21.42,20.96,21.36,11962617.0,276090623.0,1120124151.0,0.010679724197822425
2022-12-19,21.28,21.43,20.63,20.69,13646396.0,308020463.0,1120124151.0,0.012182931675758502
2022-12-20,20.62,20.82,20.26,20.59,10105198.0,225404700.0,1120124151.0,0.009021498189266343
2022-12-21,20.68,20.83,20.24,20.44,7236662.0,160588630.0,1120124151.0,0.006460589206597689
2022-12-22,20.47,20.57,19.97,20.07,10162145.0,223413045.0,1120075117.0,0.009072735252987501
2022-12-23,22.07,22.07,22.07,22.07,8283122.0,198629266.0,1120075117.0,0.007395148659480487
2022-12-26,22.55,24.03,22.18,23.46,61615244.0,1558640381.0,1120075117.0,0.05500992126762869
2022-12-27,23.53,23.69,22.74,23.04,29601372.0,743644661.0,1120075117.0,0.026428023934041204
2022-12-28,23.4,24.08,23.09,23.52,25574040.0,655310890.0,1120075117.0,0.022832432942977342
2022-12-29,23.25,24.68,23.25,24.67,34528622.0,910581399.0,1120075117.0,0.030827059253383984
2022-12-30,24.42,24.81,24.28,24.49,25870014.0,688475211.0,1125356473.0,0.022988283820001627
2023-01-03,24.49,24.64,24.21,24.29,22968095.0,608704911.0,1125356473.0,0.020409617353309522
2023-01-04,24.26,25.47,24.22,25.26,37046549.0,1009131366.0,1125356473.0,0.032919834638032955
2023-01-05,25.23,26.47,25.18,26.14,31323318.0,886209202.0,1125356473.0,0.02783412967492657
2023-01-06,26.05,26.23,25.62,25.88,19141897.0,538547739.0,1125356473.0,0.01700962980109859
2023-01-09,26.11,26.77,25.81,26.32,20600165.0,588381820.0,1125356473.0,0.018305457421045997
2023-01-10,26.31,26.5,25.69,26.08,19813745.0,559933131.0,1125356473.0,0.017606638852114196
2023-01-11,26.06,26.22,25.68,25.76,12386013.0,348435661.0,1125356473.0,0.011006301822729197
2023-01-12,25.77,26.09,25.56,25.74,13547381.0,379040962.0,1125356473.0,0.012038301929241225
2023-01-13,25.85,26.51,25.44,26.51,22765765.0,648135590.0,1125356473.0,0.020229825434167115
2023-01-16,25.83,26.13,25.16,25.31,43445283.0,1206205771.0,1125356473.0,0.03860579651191112
2023-01-17,25.59,25.59,24.86,25.22,17348991.0,473719554.0,1125356473.0,0.01541644040465745
2023-01-18,25.11,25.34,25.02,25.3,10217237.0,279747150.0,1125356473.0,0.009079111592758395
2023-01-19,25.3,26.12,25.14,25.88,20307231.0,568282092.0,1125356473.0,0.01804515412424344
2023-01-20,25.78,26.19,25.5,25.6,13166877.0,368584215.0,1125356473.0,0.011700183289388695
2023-01-30,25.86,25.96,24.81,25.03,24288617.0,660932914.0,1125356473.0,0.021583042869297114
2023-01-31,25.1,25.38,24.89,25.01,15313584.0,417428603.0,1125356473.0,0.013607762844404948
2023-02-01,24.94,25.21,24.53,25.0,17000332.0,460378793.0,1125356473.0,0.015106619464923983
2023-02-02,25.08,26.48,25.0,25.98,26923452.0,760413564.0,1125356473.0,0.02392437653841975
2023-02-03,25.96,27.03,25.86,26.88,29426376.0,850555620.0,1125356473.0,0.026148493127297275
2023-02-06,26.69,27.78,26.69,27.07,28958862.0,858931981.0,1125356473.0,0.025733056764494215
2023-02-07,26.8,27.27,26.57,26.61,17991053.0,524819513.0,1125356473.0,0.015986981398026758
2023-02-08,26.61,27.97,26.37,27.72,27094133.0,810862102.0,1125356473.0,0.0240760449244779
2023-02-09,27.79,28.18,27.58,27.79,16852680.0,510010971.0,1125356473.0,0.014975414816847995
2023-02-10,27.64,28.14,27.2,27.58,15939074.0,477294482.0,1125356473.0,0.014163577837260105
2023-02-13,27.45,28.53,27.29,27.35,19885340.0,599877039.0,1125356473.0,0.017670258693220312
2023-02-14,27.62,27.91,27.2,27.71,12843238.0,385226643.0,1125356473.0,0.011412595304812362
2023-02-15,28.01,28.01,26.69,26.88,19283453.0,565648076.0,1125356473.0,0.017135417498949243
2023-02-16,27.01,27.14,26.46,26.6,13074806.0,380866942.0,1125356473.0,0.011618368324789474
2023-02-17,26.65,26.86,26.34,26.56,13055669.0,376425186.0,1125356473.0,0.011601363046498423
2023-02-20,26.57,27.1,25.96,26.99,16892643.0,487679817.0,1125356473.0,0.0150109262311943
2023-02-21,27.0,27.01,26.61,26.97,7870032.0,229361654.0,1125356473.0,0.006993368047210761
2023-02-22,26.85,27.5,26.69,26.73,12005892.0,351972957.0,1125356473.0,0.010668523519480392
2023-02-23,26.61,26.9,26.37,26.47,7053860.0,203490025.0,1125356473.0,0.006268111633281555
2023-02-24,26.58,26.58,26.11,26.22,7926247.0,226324002.0,1125356473.0,0.00704332110772868
2023-02-27,26.23,26.59,26.11,26.28,8832905.0,252360902.0,1171545743.0,0.007539530618225293
2023-02-28,26.28,27.08,26.23,26.57,12510585.0,362636593.0,1171545743.0,0.01067869955121334
2023-03-01,26.42,26.78,25.82,26.34,13161203.0,375109351.0,1171545743.0,0.011234049612350475
2023-03-02,26.26,26.26,25.79,26.0,8976857.0,253472675.0,1171545743.0,0.0076624041815156
2023-03-03,26.0,26.15,25.66,25.83,7852409.0,220878164.0,1171545743.0,0.006702605550759105
2023-03-06,25.88,26.33,25.59,26.23,13861753.0,391912607.0,1171545743.0,0.011832020288430172
2023-03-07,26.22,26.45,25.56,25.59,13023203.0,367000144.0,1171545743.0,0.011116256516498647
2023-03-08,25.43,25.8,25.19,25.31,12745458.0,352338826.0,1171545743.0,0.010879180839633677
2023-03-09,25.44,25.53,25.07,25.15,10241350.0,280551474.0,1171545743.0,0.00874174146523274
2023-03-10,25.15,25.4,24.95,25.06,12161712.0,332661731.0,1171545743.0,0.010380910922741494
2023-03-13,24.85,25.76,24.72,25.44,14608740.0,402187623.0,1171545743.0,0.012469628341264008
2023-03-14,25.61,26.51,25.31,25.31,18063332.0,509004960.0,1171545743.0,0.015418375345502834
2023-03-15,25.36,26.01,25.36,25.74,11352590.0,318284009.0,1171545743.0,0.009690266101713793
2023-03-16,25.64,26.44,25.64,25.85,12487907.0,353747852.0,1171545743.0,0.010659342219128357
2023-03-17,25.88,26.07,25.2,25.35,13810944.0,383218647.0,1171545743.0,0.01178865108982774
2023-03-20,25.26,25.34,24.48,24.62,18413480.0,494642142.0,1171545743.0,0.015717252279751574
2023-03-21,24.84,25.87,24.76,25.75,16784850.0,464311251.0,1171545743.0,0.014327097426873584
2023-03-22,25.68,26.04,25.49,25.6,9143527.0,255771078.0,1171545743.0,0.007804669219817224
2023-03-23,25.55,25.59,24.65,24.93,16401060.0,444691746.0,1171545743.0,0.013999504584431749
2023-03-24,25.01,25.25,24.38,24.56,13110960.0,350484446.0,1171545743.0,0.011191163536155669
2023-03-27,24.56,24.9,24.23,24.58,8616518.0,230509747.0,1171545743.0,0.0073548284832101515
2023-03-28,24.67,26.31,24.6,25.85,23878279.0,664649198.0,1171545743.0,0.020381858021910802
2023-03-29,25.82,25.85,25.21,25.4,14004048.0,387882041.0,1171545743.0,0.011953479480997098
2023-03-30,25.59,25.84,25.35,25.66,11585159.0,321926346.0,1171545743.0,0.0098887807575773
2023-03-31,25.83,26.37,25.68,26.16,14617182.0,415280323.0,1174260198.0,0.012447992382689956
2023-04-03,26.14,26.14,24.39,24.57,36443869.0,981239441.0,1174260198.0,0.03103559931782683
2023-04-04,24.66,25.1,24.5,24.58,17010443.0,456427347.0,1174260198.0,0.014486093481642473
2023-04-06,24.67,25.22,24.58,24.78,10772406.0,292405733.0,1174260198.0,0.00917378109072211
2023-04-07,25.07,26.87,25.02,26.5,30194902.0,863200047.0,1174260198.0,0.02571397893876328
2023-04-10,26.6,27.62,26.6,27.42,25021801.0,743270685.0,1174260198.0,0.021308566059393932
2023-04-11,27.06,27.24,26.68,27.09,18098178.0,530491021.0,1174260198.0,0.015412408621892163
2023-04-12,27.03,27.64,26.97,27.18,13944492.0,414359019.0,1174260198.0,0.011875129569877494
2023-04-13,27.07,27.67,26.95,27.5,15616895.0,466402828.0,1174260678.0,0.013299342550240791
2023-04-14,29.06,29.47,27.8,28.09,38224337.0,1183454325.0,1174260678.0,0.03255183258380385
2023-04-17,28.14,29.04,27.49,28.33,28622976.0,881732389.0,1174260678.0,0.024375316772720885
2023-04-18,28.17,28.35,27.8,28.1,16082081.0,490732250.0,1174260678.0,0.01369549479200052
2023-04-19,28.14,28.19,27.49,27.6,13847136.0,417051198.0,1174260678.0,0.011792216378721318
2023-04-20,27.76,28.1,27.41,27.6,12833665.0,385967713.0,1174260678.0,0.010929144814640553
2023-04-21,27.53,27.9,27.19,27.33,11409803.0,341175554.0,1174260678.0,0.009716584412443384
2023-04-24,27.61,28.12,27.49,27.62,17241668.0,520527309.0,1174260678.0,0.014682998692731496
2023-04-25,27.6,27.7,26.99,27.36,16304937.0,484483150.0,1174260678.0,0.013885278886942342
2023-04-26,27.8,28.81,27.44,28.22,24210351.0,737864841.0,1174260678.0,0.020617526800978343
2023-04-27,28.23,29.06,28.06,28.67,16017643.0,498479881.0,1174260678.0,0.01364061941278766
2023-04-28,28.64,29.41,28.46,29.27,16307763.0,513691866.0,1174260678.0,0.013887685507595613
2023-05-04,29.43,30.17,29.19,29.4,13830883.0,445012019.0,1174260678.0,0.011778375329366177
2023-05-05,29.4,29.4,28.63,28.99,9047058.0,284297420.0,1174531080.0,0.0077026978289923154
2023-05-08,29.0,29.78,28.71,29.17,10645095.0,338061244.0,1174531080.0,0.009063272297570873
2023-05-09,29.25,29.43,28.69,29.0,11911440.0,374254072.0,1174531080.0,0.01014144300038446
2023-05-10,29.0,29.04,28.29,28.44,8387685.0,260310433.0,1174531080.0,0.007141305277336723
2023-05-11,28.54,29.61,28.17,28.35,15371907.0,480348981.0,1174531080.0,0.013087697091847072
2023-05-12,28.26,28.8,28.0,28.16,11043478.0,339743744.0,1174531080.0,0.009402457021401255
2023-05-15,28.18,28.86,28.07,28.8,12765929.0,386943742.0,1174531080.0,0.010868958018548133
2023-05-16,28.81,30.21,28.8,29.75,23375592.0,740059080.0,1174531080.0,0.019902063383456826
2023-05-17,29.88,29.88,29.26,29.66,8603142.0,270660395.0,1174531080.0,0.007324746144648637
2023-05-18,29.95,30.38,29.57,30.04,11307161.0,361434516.0,1174531080.0,0.0096269576791446
2023-05-19,29.81,30.15,29.52,30.0,12250486.0,389677590.0,1175022722.0,0.010425743920209911
2023-05-22,30.0,30.58,29.33,29.86,14210497.0,450505244.0,1175022722.0,0.01209380613152092
2023-05-23,30.05,30.95,29.96,30.12,17923014.0,581188505.0,1175022722.0,0.015253333969145152
2023-05-24,30.13,30.15,29.35,29.71,10141345.0,319970820.0,1175022722.0,0.008630765014261571
2023-05-25,29.71,29.82,28.94,29.35,12115273.0,377187418.0,1175022722.0,0.01031067125185346
2023-05-26,29.35,31.23,29.35,31.01,27318464.0,894175322.0,1175022722.0,0.023249307003613842
2023-05-29,30.9,31.26,30.53,30.76,15324061.0,501561224.0,1175022722.0,0.013041501847655334
2023-05-30,30.76,30.76,28.37,29.16,39872310.0,1244666469.0,1179037692.0,0.03381767204775672
2023-05-31,29.16,29.83,28.8,29.09,18181677.0,565124253.0,1179037692.0,0.015420776726109958
2023-06-01,29.12,29.26,28.51,28.95,11171574.0,343820157.0,1179037692.0,0.009475162732965453
2023-06-02,29.16,29.59,28.82,28.95,11874736.0,368458711.0,1179037692.0,0.010071549095141226
2023-06-05,29.03,29.16,28.66,29.04,9630265.0,297043200.0,1179037692.0,0.008167902574568413
2023-06-06,29.11,29.11,28.16,28.34,16015939.0,484944409.0,1179037692.0,0.013583907544831908
2023-06-07,28.34,28.79,27.9,28.05,12532540.0,376103364.0,1179037692.0,0.010629465101103824
2023-06-08,27.97,28.15,27.24,27.61,18473867.0,540884872.0,1179037692.0,0.015668597471776163
2023-06-09,27.71,28.45,27.5,28.27,13777196.0,412580880.0,1179037692.0,0.011685119223482806
2023-06-12,28.19,28.39,27.48,27.66,15548547.0,460045209.0,1179037692.0,0.013187489344488233
2023-06-13,27.6,28.16,27.58,27.82,10275659.0,304438083.0,1179037692.0,0.008715293047645843
2023-06-14,27.6,27.98,27.3,27.47,15779638.0,462670594.0,1179037692.0,0.013383489015718422
2023-06-15,27.48,27.99,27.38,27.77,9784077.0,288755659.0,1179037692.0,0.008298358115594493
2023-06-16,27.86,28.85,27.8,28.31,18015836.0,545205853.0,1179037692.0,0.015280118797084224
2023-06-19,28.28,28.96,28.04,28.18,9047866.0,273761631.0,1179037692.0,0.007673941267010826
2023-06-20,28.16,28.18,27.4,27.61,16048240.0,472251350.0,1179037692.0,0.013611303615559052
2023-06-21,27.77,27.79,27.1,27.22,8982594.0,261200566.0,1179037692.0,0.007618580865521643
2023-06-26,27.08,27.75,26.97,27.33,11024726.0,321095350.0,1179037692.0,0.009350613703705072
2023-06-27,27.38,28.26,27.35,27.66,13072119.0,387452406.0,1179037692.0,0.011087108655386396
2023-06-28,27.62,27.93,27.25,27.77,8766934.0,257661241.0,1179037692.0,0.007435668986229492
2023-06-29,27.66,28.18,27.56,27.73,7400553.0,219123344.0,1179037692.0,0.00627677388960013
2023-06-30,27.9,28.46,27.73,27.88,14119574.0,422427529.0,1180235784.0,0.011963350197827929
2023-07-03,27.99,28.08,27.23,27.9,12464599.0,367572199.0,1180235784.0,0.010561109202904833
2023-07-04,27.53,27.71,25.93,26.86,45780419.0,1303739055.0,1180235784.0,0.03878921451173353
2023-07-05,26.95,27.78,26.08,26.41,42534585.0,1200884126.0,1180235784.0,0.03603905726010422
2023-07-06,26.33,26.64,26.26,26.32,17228737.0,484625232.0,1180235784.0,0.014597707706852583
2023-07-07,26.25,27.13,26.03,26.88,15304597.0,436159815.0,1180235784.0,0.01296740635005183
2023-07-10,26.9,26.91,26.14,26.37,11449521.0,321595906.0,1180235784.0,0.009701045464996678
2023-07-11,26.38,26.85,26.28,26.73,10688633.0,303149883.0,1180235784.0,0.009056353946306037
2023-07-12,26.69,26.78,26.37,26.44,8834680.0,249843657.0,1180235784.0,0.007485521215140517
2023-07-13,26.54,27.11,26.52,26.82,10366351.0,296260829.0,1180235784.0,0.008783288170493227
2023-07-14,26.68,26.87,26.53,26.64,5843237.0,165696924.0,1180235784.0,0.004950906487681956
2023-07-17,26.49,26.55,26.12,26.39,6352182.0,177937878.0,1180235784.0,0.005382129644020351
2023-07-18,26.4,26.53,25.83,26.09,10861141.0,301599625.0,1180235784.0,0.009202517960597609
2023-07-19,26.06,26.21,25.87,26.02,6099383.0,168935507.0,1180235784.0,0.005167936002862289
2023-07-20,26.02,26.12,25.59,25.67,9021273.0,247278069.0,1180235784.0,0.0076436192854833825
2023-07-21,25.55,26.28,25.55,26.17,7778610.0,215510713.0,1180235784.0,0.006590725434232386
2023-07-24,25.96,27.29,25.81,26.86,20656360.0,590714021.0,1180235784.0,0.017501892655713613
2023-07-25,27.13,27.24,26.59,26.96,9649809.0,275861385.0,1180235784.0,0.008176170499843106
2023-07-26,26.87,27.61,26.77,27.22,11672851.0,340051408.0,1180235784.0,0.00989027036651856
2023-07-27,27.13,27.5,26.8,26.99,7684747.0,220672211.0,1180235784.0,0.006511196410225095
2023-07-28,26.96,27.08,26.53,26.92,8421489.0,240049089.0,1180235784.0,0.007135429305031138
2023-07-31,26.95,27.05,25.73,25.94,21150999.0,588062143.0,1180235784.0,0.01792099450528099
2023-08-01,26.02,26.11,25.28,25.32,20781554.0,565509658.0,1180235784.0,0.0176079680702174
2023-08-02,25.52,25.55,24.67,24.88,18883404.0,501493995.0,1180235784.0,0.01599968773697172
2023-08-03,24.66,25.42,24.63,25.12,15371642.0,410785596.0,1180235784.0,0.013024212795771324
2023-08-04,25.12,25.26,24.61,24.67,12963227.0,342227109.0,1180235784.0,0.010983590885598839
2023-08-07,24.66,24.76,23.43,23.74,37557004.0,949927443.0,1180235784.0,0.03182161099429942
2023-08-08,23.73,24.42,23.62,24.21,24887808.0,640822559.0,1180235784.0,0.021087149142056515
2023-08-09,24.21,24.73,24.09,24.59,20070643.0,524057010.0,1180235784.0,0.017005621480122822
2023-08-10,24.52,24.53,24.14,24.35,10503801.0,272145123.0,1180235784.0,0.008899747950702705
2023-08-11,24.39,24.61,24.1,24.24,11193374.0,290337552.0,1180235784.0,0.009484015102528021
2023-08-14,24.61,25.58,24.36,25.45,25787090.0,687720540.0,1180235784.0,0.02184910028113501
2023-08-15,25.4,25.65,25.04,25.6,13540857.0,366798960.0,1180235784.0,0.01147301004050899
2023-08-16,25.46,26.02,25.39,25.54,12227651.0,334702280.0,1180235784.0,0.010360345928979222
2023-08-17,25.36,25.6,25.08,25.47,8222363.0,221570160.0,1180235784.0,0.006966712170116679
2023-08-18,25.45,25.52,24.96,25.03,7714553.0,206272233.0,1180235784.0,0.006536450686026649
2023-08-21,24.81,25.42,24.42,24.88,9370282.0,249351930.0,1180235784.0,0.007939330536346456
2023-08-22,24.9,25.35,24.79,25.07,11840148.0,315864599.0,1180235784.0,0.010032019161350898
2023-08-23,25.15,25.5,24.9,24.95,11804299.0,316944614.0,1180235784.0,0.010001644722204085
2023-08-24,25.13,25.8,24.78,25.61,15605220.0,422318185.0,1180235784.0,0.013222120708043199
2023-08-25,25.71,26.19,25.46,25.79,13936650.0,384104872.0,1180235784.0,0.011808360828347839
2023-08-28,27.06,27.43,25.94,26.12,15855977.0,446165035.0,1180235784.0,0.01343458418644253
2023-08-29,25.93,26.46,25.61,26.22,14066251.0,390928777.0,1180235784.0,0.011918170242497918
2023-08-30,26.18,26.21,25.41,25.69,14150451.0,386770615.0,1180235784.0,0.011989511919425077
2023-08-31,25.7,25.82,25.45,25.45,9958484.0,271306185.0,1180235784.0,0.008437707223423756
2023-09-01,25.45,25.62,24.89,25.06,10882362.0,290913918.0,1180235784.0,0.009220498266132898
2023-09-04,25.06,25.22,24.78,24.83,14160078.0,375748650.0,1180235784.0,0.011997668764125525
2023-09-05,24.89,25.41,24.81,24.86,8551049.0,227630991.0,1180235784.0,0.007245203980359911
2023-09-06,24.75,25.15,24.32,24.56,9215284.0,241007576.0,1180235784.0,0.0078080025406177655
2023-09-07,24.57,24.65,24.31,24.34,6413880.0,166773255.0,1180235784.0,0.005434405639068472
2023-09-08,24.31,24.57,24.1,24.35,5065627.0,131011229.0,1180235784.0,0.00429204661362818
2023-09-11,24.6,26.26,24.53,26.07,32785363.0,901085639.0,1180235784.0,0.02777865528605257
2023-09-12,26.33,26.47,25.78,26.24,14962337.0,415982770.0,1180235784.0,0.012677413448091148
2023-09-13,26.07,26.23,25.6,25.88,7170609.0,197278411.0,1180235784.0,0.006075573285617308
2023-09-14,25.82,25.89,25.31,25.84,10748940.0,293396334.0,1180235784.0,0.00910745136329471
2023-09-15,26.09,26.96,25.66,26.68,26752990.0,757852947.0,1180235784.0,0.022667496073818415
2023-09-18,26.58,27.35,26.51,27.24,20888256.0,602159874.0,1180235784.0,0.017698375429023597
2023-09-19,27.33,27.46,26.97,27.18,11572495.0,334020317.0,1180235784.0,0.009805239899419962
2023-09-20,27.3,27.3,26.74,26.86,11845302.0,338785368.0,1180235784.0,0.010036386085375631
2023-09-21,26.74,26.93,26.47,26.6,11631642.0,329112900.0,1180235784.0,0.009855354461952156
2023-09-22,26.59,26.72,26.07,26.37,10882376.0,305107024.0,1180235784.0,0.00922051012816944
2023-09-25,26.49,27.33,26.48,27.05,15479812.0,446524732.0,1180235784.0,0.01311586397383796
2023-09-26,27.04,27.24,26.77,26.89,7669771.0,220147450.0,1180235784.0,0.006498507420276625
2023-09-27,27.05,27.57,26.82,27.45,14933206.0,434189584.0,1180235784.0,0.012652731091908665
2023-09-28,27.45,27.69,27.26,27.38,9596252.0,280462021.0,1180240318.0,0.008130761043870728
2023-10-09,27.39,27.61,26.99,27.19,7785915.0,225259904.0,1180240318.0,0.006596889532797676
2023-10-10,27.18,27.22,26.97,27.04,7711766.0,222585249.0,1180240318.0,0.006534064192170734
2023-10-11,27.02,27.76,27.02,27.4,16228937.0,474119547.0,1180240318.0,0.013750536015835379
2023-10-12,27.52,27.7,27.02,27.31,12416710.0,361557661.0,1180240318.0,0.010520492996749158
2023-10-13,27.21,27.42,27.0,27.32,8307461.0,240731322.0,1180240318.0,0.007038787671715516
2023-10-16,27.38,27.46,26.68,26.82,10712087.0,307347925.0,1180240318.0,0.009076191379525471
2023-10-17,26.77,26.99,26.39,26.77,9049788.0,256159137.0,1180240318.0,0.007667750255588202
2023-10-18,26.77,26.77,26.19,26.31,8238458.0,231172094.0,1180240318.0,0.006980322460056817
2023-10-19,26.08,26.22,25.69,25.94,9113184.0,251320551.0,1180240318.0,0.007721464739861564
2023-10-20,25.79,26.14,25.27,25.37,15769482.0,428861061.0,1180240318.0,0.013361246654175053
2023-10-23,23.77,24.23,22.87,23.61,46350018.0,1167738332.0,1180240318.0,0.03927167822782343
2023-10-24,23.7,24.87,23.7,24.6,23726717.0,615980315.0,1180240318.0,0.020103293065099306
2023-10-25,24.62,24.78,24.14,24.32,15256732.0,396097676.0,1180240318.0,0.012926801234729553
2023-10-26,24.21,24.73,24.16,24.47,9292634.0,241963678.0,1180240318.0,0.00787351004560412
2023-10-27,24.62,26.1,24.24,25.76,19160000.0,516170689.0,1180240318.0,0.016233981933838664
2023-10-30,25.64,26.44,25.5,26.1,18113528.0,501506030.0,1180240318.0,0.015347321832467682
2023-10-31,26.1,26.12,25.53,25.79,10592803.0,290510985.0,1180240318.0,0.00897512382728142
2023-11-01,25.78,25.99,25.38,25.85,10255589.0,280922267.0,1180240318.0,0.008689407439816
2023-11-02,25.89,26.23,25.71,25.92,9414664.0,259924307.0,1180240318.0,0.007976904242649335
2023-11-03,25.75,25.93,25.25,25.3,9972177.0,271279354.0,1180240318.0,0.008449276683666046
2023-11-06,25.76,26.53,25.76,26.4,19993789.0,559843011.0,1180240318.0,0.01694043890474855
2023-11-07,26.37,26.53,26.11,26.27,9317538.0,261691834.0,1180240318.0,0.00789461083297783
2023-11-08,26.29,27.24,26.16,26.68,16556068.0,472844607.0,1180240318.0,0.014027709227943863
2023-11-09,26.7,26.99,26.01,26.16,10768593.0,301394924.0,1180240318.0,0.009124068069669181
2023-11-10,25.96,26.43,25.92,25.99,7499101.0,208562551.0,1188121149.0,0.006311730926018555
2023-11-13,25.93,26.1,25.14,25.48,13122905.0,355493349.0,1188121149.0,0.011045089981812957
2023-11-14,25.45,25.78,25.17,25.34,9141297.0,247141140.0,1188121149.0,0.0076939098405023
2023-11-15,25.68,25.94,25.18,25.34,7842094.0,212333631.0,1188121149.0,0.006600416133153102
2023-11-16,25.34,25.62,25.14,25.22,7189990.0,193477251.0,1188121149.0,0.006051563012788353
2023-11-17,25.24,25.62,25.04,25.45,9560585.0,257657659.0,1188121149.0,0.008046809879654788
2023-11-20,25.61,26.39,25.45,26.06,15032894.0,416088038.0,1188121149.0,0.012652660894600404
2023-11-21,26.07,26.49,25.9,26.19,8649266.0,241909921.0,1188121149.0,0.007279784563451113
2023-11-22,26.19,26.39,25.93,26.14,7887262.0,220223807.0,1188121149.0,0.0066384324583721385
2023-11-23,26.14,26.55,26.01,26.39,7573474.0,212120529.0,1188121149.0,0.006374328077885263
2023-11-24,26.43,26.68,26.21,26.61,9107396.0,257010009.0,1188121149.0,0.0076653765549627466
2023-11-27,26.84,26.89,26.42,26.63,13239921.0,375981649.0,1188121149.0,0.011143578254745804
2023-11-28,26.58,27.2,26.3,27.02,11298080.0,323290198.0,1188121149.0,0.009509198628026442
2023-11-29,27.05,27.43,26.77,26.86,10002364.0,288091878.0,1188121149.0,0.008418639806570769
2023-11-30,26.89,27.06,26.68,26.94,8392459.0,240082203.0,1188121149.0,0.00706363909695879
2023-12-01,26.73,26.94,26.25,26.69,10261485.0,290018100.0,1188121149.0,0.008636732885898658
2023-12-04,26.58,26.71,26.21,26.3,8946525.0,251846714.0,1188121149.0,0.007529977062970369
2023-12-05,26.26,26.54,26.14,26.25,8681488.0,243301395.0,1188121149.0,0.007306904693437117
2023-12-06,26.11,26.56,25.76,26.39,11578712.0,323037019.0,1190208391.0,0.00972830647771832
2023-12-07,26.3,26.35,26.03,26.22,7064082.0,196892016.0,1190208391.0,0.005935164004401646
2023-12-08,26.12,27.03,26.06,26.57,12578061.0,356334513.0,1190208391.0,0.010567948516504787
2023-12-11,26.58,26.85,26.22,26.74,8771921.0,248498071.0,1190208391.0,0.00737007154909228
2023-12-12,27.04,27.6,26.96,27.17,14029479.0,407454593.0,1190208391.0,0.011787413957158028
2023-12-13,27.31,27.41,27.1,27.21,10002787.0,290285131.0,1190208391.0,0.008404231625014648
2023-12-14,27.17,27.61,27.11,27.17,7469223.0,217168602.0,1190208391.0,0.006275559016790699
2023-12-15,27.24,27.76,27.07,27.22,14659014.0,428453469.0,1190208391.0,0.012316342340422972
2023-12-18,26.97,27.52,26.97,27.39,11466273.0,334032829.0,1190208391.0,0.009633836466541933
2023-12-19,27.29,27.55,27.02,27.33,11127750.0,322908340.0,1197623511.0,0.009291526007792277
2023-12-20,27.43,27.78,27.31,27.4,10863514.0,318232312.0,1197623511.0,0.009070892396667387
2023-12-21,27.27,27.5,27.03,27.26,9871913.0,286052731.0,1197623511.0,0.00824291850429446
2023-12-22,27.26,27.4,26.68,26.92,11033041.0,317084954.0,1197623511.0,0.0092124452289581
2023-12-25,26.79,26.99,26.5,26.76,9234169.0,262579815.0,1197623511.0,0.007710410588290463
2023-12-26,26.8,26.8,26.34,26.64,7707199.0,217860434.0,1197623511.0,0.006435410568689144
2023-12-27,26.64,26.87,26.45,26.67,4865822.0,138133893.0,1197623511.0,0.004062897860060464
2023-12-28,26.72,26.77,26.31,26.7,13061348.0,369616234.0,1197623511.0,0.010906055099982085
2023-12-29,26.53,27.55,26.53,27.29,11975443.0,347555002.0,1204303994.0,0.009943870534070486
2024-01-02,27.27,27.62,27.1,27.53,9105976.0,266194592.0,1204303994.0,0.0075611938890572175
2024-01-03,27.4,27.74,27.17,27.24,8989341.0,262279438.0,1204303994.0,0.00746434541842099
2024-01-04,27.15,27.3,26.49,26.8,10010434.0,285446190.0,1204303994.0,0.00831221522960423
2024-01-05,26.69,26.69,25.83,25.92,13130191.0,366204888.0,1204303994.0,0.010902721460209656
2024-01-08,26.0,26.08,25.55,25.65,10498510.0,288596075.0,1204303994.0,0.008717491640237805
2024-01-09,25.6,25.63,25.17,25.32,12357037.0,334496850.0,1204303994.0,0.010260729069706964
2024-01-10,25.36,25.63,25.22,25.46,8537534.0,231335338.0,1204303994.0,0.007089185158012521
2024-01-11,25.45,25.78,25.3,25.4,10699731.0,291027663.0,1204303994.0,0.008884576529935514
2024-01-12,25.37,25.62,24.94,24.98,7785326.0,209131489.0,1204303994.0,0.006464585386071551
2024-01-15,24.97,25.3,24.87,24.98,7077095.0,188801302.0,1208900731.0,0.005854157267442334
2024-01-16,25.45,25.71,24.65,24.96,14549952.0,387033873.0,1208900731.0,0.012035687982390674
2024-01-17,24.93,25.08,23.97,23.97,13520061.0,350913627.0,1208900731.0,0.01118376443433551
2024-01-18,23.93,24.05,23.25,23.89,14448336.0,362416765.0,1208900731.0,0.011951631452855827
2024-01-19,23.84,23.95,23.51,23.76,7704845.0,194798991.0,1208900731.0,0.006373430673357745
2024-01-22,23.83,23.88,22.43,22.67,12124371.0,299456187.0,1208900731.0,0.010029252765833592
2024-01-23,22.59,23.57,22.35,22.97,12831425.0,311814592.0,1208900731.0,0.010614126264433536
2024-01-24,22.97,23.15,22.5,23.05,9362085.0,227245481.0,1208900731.0,0.007744295921018845
2024-01-25,23.09,23.58,22.64,23.35,13382900.0,330434157.0,1208900731.0,0.011070305159737719
2024-01-26,23.29,23.44,22.56,22.69,11597727.0,285105818.0,1208900731.0,0.009593614018585618
2024-01-29,22.96,23.13,22.6,22.62,9032411.0,219109051.0,1208900731.0,0.0074715903203469896
2024-01-30,22.55,22.66,22.16,22.16,8151900.0,194178063.0,1208900731.0,0.0067432335765541035
2024-01-31,22.24,22.24,21.56,21.72,11017970.0,256319154.0,1208900731.0,0.009114040315689081
2024-02-01,21.65,22.52,21.44,22.06,10566726.0,248166779.0,1208900731.0,0.008740772280995502
2024-02-02,22.0,22.43,20.83,21.31,13545255.0,308555227.0,1208900731.0,0.011204604855185582
2024-02-05,21.16,22.07,20.29,21.22,19347685.0,430502665.0,1208900731.0,0.016004362065358036
2024-02-06,21.09,23.34,20.9,23.33,24893970.0,598828717.0,1208900731.0,0.02059223670036808
2024-02-07,23.2,25.01,23.11,24.98,32008486.0,832278188.0,1208900731.0,0.026477348535907205
2024-02-08,24.8,26.08,24.29,24.58,28398476.0,767264223.0,1234004621.0,0.023013265523257713
2024-02-19,24.98,25.08,24.11,24.59,16643696.0,435710023.0,1234004621.0,0.013487547547846663
2024-02-20,24.57,24.87,24.13,24.51,9457362.0,247138100.0,1234004621.0,0.007663959955300686
2024-02-21,24.24,24.74,24.06,24.16,12537160.0,325844982.0,1234004621.0,0.010159735050133172
2024-02-22,24.17,24.43,23.96,24.16,8768991.0,225424805.0,1234004621.0,0.007106124929170747
2024-02-23,24.14,24.28,23.48,23.97,14184573.0,359895426.0,1234004621.0,0.01149474868943785
2024-02-26,24.0,25.07,23.96,24.81,19115371.0,501169828.0,1234004621.0,0.015490518167192503
2024-02-27,24.81,25.17,24.63,25.13,12524914.0,331770057.0,1234004621.0,0.010149811262335622
2024-02-28,25.09,25.92,25.09,25.23,21360951.0,582534896.0,1234004621.0,0.017310268240883678
2024-02-29,24.99,26.05,24.94,25.78,15287986.0,418644035.0,1234004621.0,0.01238892119189236
2024-03-01,25.73,25.92,25.54,25.8,8344057.0,228725144.0,1234004621.0,0.0067617712754091865
2024-03-04,25.79,27.03,25.64,26.72,25662079.0,728044370.0,1234004621.0,0.020795772206431633
2024-03-05,26.56,27.0,26.3,26.58,11249496.0,318154293.0,1234004621.0,0.009116251113293035
2024-03-06,26.58,26.58,25.97,26.2,9268408.0,258493676.0,1234004621.0,0.007510837352042623
2024-03-07,26.18,26.29,25.36,25.38,13232012.0,361807842.0,1234004621.0,0.010722822082527679
2024-03-08,25.55,25.64,24.99,25.55,15072936.0,405966564.0,1234004621.0,0.012214651179981278
2024-03-11,25.53,26.25,25.03,26.16,22212242.0,610480009.0,1264370614.0,0.017567825251591937
2024-03-12,26.13,26.63,25.85,26.1,16436405.0,458052280.0,1264370614.0,0.012999673369504616
2024-03-13,26.1,26.92,25.72,26.68,24964418.0,704209696.0,1264370614.0,0.01974454145293826
2024-03-14,28.55,29.29,27.96,28.39,51492248.0,1564706622.0,1264370614.0,0.040725596933242236
2024-03-15,28.16,28.8,27.62,28.16,21584138.0,646421872.0,1264370614.0,0.01707105318725796
2024-03-18,28.17,28.88,27.91,28.84,19035081.0,578777576.0,1264370614.0,0.015054985294050815
2024-03-19,28.65,29.02,28.15,28.2,15254400.0,463147979.0,1264370614.0,0.012064816938239914
2024-03-20,28.1,28.37,27.92,28.29,12394160.0,371298409.0,1264370614.0,0.0098026321260263
2024-03-21,28.35,28.93,28.13,28.55,15515619.0,472450918.0,1264370614.0,0.01227141696287478
2024-03-22,28.54,28.79,28.16,28.39,11433521.0,346270810.0,1264370614.0,0.009042855689146853
2024-03-25,28.26,28.39,27.85,28.18,16867285.0,503956633.0,1264370614.0,0.013340459524472941
2024-03-26,27.99,28.31,27.68,27.96,14588237.0,435243590.0,1264370614.0,0.011537943731425571
2024-03-27,27.99,28.46,27.91,28.08,13469119.0,405148524.0,1264370614.0,0.010652825090096565
2024-03-28,28.09,28.8,27.85,28.4,16441737.0,499244182.0,1264370614.0,0.01300389048744532
2024-03-29,28.33,28.87,28.22,28.69,10246761.0,310994326.0,1306947398.0,0.00784022449234028
2024-04-01,28.51,28.93,28.02,28.54,10084914.0,304929683.0,1306947398.0,0.0077163885979135635
2024-04-02,28.48,28.48,27.78,27.92,12998861.0,387627581.0,1306947398.0,0.00994597106195088
2024-04-03,27.88,28.5,27.81,28.2,13055080.0,392540013.0,1306947398.0,0.009988986565165494
2024-04-08,28.17,29.01,27.94,28.05,13211984.0,396847666.0,1306947398.0,0.010109040363994818
2024-04-09,28.21,28.21,27.25,27.82,18313537.0,537187263.0,1306947398.0,0.014012451478938558
2024-04-10,27.75,27.98,27.14,27.24,12216317.0,357172810.0,1306947398.0,0.009347213987873138
2024-04-11,28.13,28.91,27.99,28.17,25708914.0,778572124.0,1306947398.0,0.01967096306962463
2024-04-12,28.1,28.32,27.71,27.95,11424978.0,340296198.0,1306947398.0,0.008741727492233778
2024-04-15,27.96,28.51,27.81,28.42,16895124.0,508447177.0,1306947398.0,0.012927164494802414
2024-04-16,28.25,28.54,27.43,27.5,13623071.0,404657217.0,1306947398.0,0.010423580184517878
2024-04-17,27.61,28.17,27.38,28.08,13392953.0,397882729.0,1306947398.0,0.010247507298683187
2024-04-18,28.07,28.5,27.81,27.85,11477876.0,343165385.0,1306947398.0,0.00878220195974559
2024-04-19,27.8,28.21,27.24,27.51,14714741.0,432675581.0,1306947398.0,0.011258862462649778
2024-04-22,27.4,28.35,27.32,28.11,13825925.0,413366326.0,1306947398.0,0.010578792246082424
2024-04-23,28.1,28.6,27.27,28.28,18882388.0,561212273.0,1306947398.0,0.014447703120183265
2024-04-24,28.08,28.25,27.64,28.23,14309434.0,426555318.0,1306947398.0,0.010948745161356525
2024-04-25,28.2,29.84,28.18,29.4,28967371.0,901349498.0,1306947398.0,0.02216414451287656
2024-04-26,29.31,30.59,29.21,30.43,22729682.0,726903039.0,1306947398.0,0.017391428327400826
2024-04-29,30.43,30.97,30.24,30.84,19853896.0,647773727.0,1306947398.0,0.015191044437122787
2024-04-30,30.76,32.54,30.6,31.89,23105049.0,784845255.0,1306947398.0,0.017678637285140377
2024-05-06,32.45,32.75,31.73,31.94,31598972.0,1082251058.0,1306947398.0,0.02417769226853
2024-05-07,31.88,32.11,31.66,31.88,14567117.0,495142283.0,1306947398.0,0.011145909179123673
2024-05-08,31.94,32.11,31.37,31.59,15344918.0,516020410.0,1306947398.0,0.011741037185951075
2024-05-09,31.59,33.34,31.42,32.68,23921778.0,830100215.0,1306947398.0,0.018303550729438
2024-05-10,32.58,32.97,32.26,32.58,19758579.0,687036016.0,1306947398.0,0.015118113422342955
2024-05-13,32.58,32.93,32.09,32.71,15240524.0,529600338.0,1306947398.0,0.011661160979640284
2024-05-14,32.58,33.3,32.48,32.88,11870517.0,415579377.0,1306947398.0,0.009082627975820034
2024-05-15,33.2,33.2,31.92,31.97,12889526.0,444262160.0,1306947398.0,0.009862314290326166
2024-05-16,31.9,32.08,31.49,31.66,16380461.0,553183925.0,1306947398.0,0.012533374353908007
2024-05-17,31.64,31.97,31.21,31.63,12615269.0,423542106.0,1306947398.0,0.00965246881343881
2024-05-20,31.52,32.35,31.49,32.1,12226611.0,417111279.0,1306947398.0,0.009355090356895909
2024-05-21,31.94,32.26,31.78,31.9,9561740.0,325707895.0,1306947398.0,0.007316086335710353
2024-05-22,31.88,32.01,31.2,31.4,10227877.0,342655948.0,1306947398.0,0.007825775555811619
2024-05-23,31.5,31.79,31.01,31.23,11448023.0,382567079.0,1306947398.0,0.008759360183522857
2024-05-24,31.57,32.46,31.28,31.44,22149570.0,750752742.0,1306947398.0,0.016947560425075347
2024-05-27,31.51,31.63,31.0,31.38,11893093.0,395958498.0,1306947398.0,0.009099901815635277
2024-05-28,31.37,31.76,30.86,30.93,14058552.0,465706362.0,1306947398.0,0.010756784872530883
2024-05-29,30.99,31.46,30.81,31.05,10962311.0,354037616.0,1306947398.0,0.008387721661005976
2024-05-30,30.94,31.45,30.72,31.09,10035542.0,325328713.0,1306947398.0,0.007678612020160279
2024-05-31,31.58,31.7,30.79,30.81,12785668.0,412229990.0,1306726148.0,0.009784504595372955
2024-06-03,30.42,31.19,30.28,30.84,13872489.0,443846011.0,1306726148.0,0.0106162174999195
2024-06-04,30.9,32.21,30.79,31.97,18356289.0,603206191.0,1306726148.0,0.014047540893013492
2024-06-05,32.07,32.34,31.67,31.88,12773309.0,424602305.0,1306726148.0,0.009775046607546726
2024-06-06,31.57,32.32,31.32,31.45,14798955.0,487690870.0,1308880415.0,0.01130657532223828
2024-06-07,31.63,31.72,30.62,30.69,13393354.0,430023258.0,1308880415.0,0.010232679660043657
2024-06-11,30.72,31.33,30.55,31.19,11613865.0,373649555.0,1308880415.0,0.008873129177351164
2024-06-12,31.02,31.2,30.68,30.79,10252075.0,328743010.0,1308880415.0,0.007832705633386684
2024-06-13,30.94,31.65,30.68,30.98,21936703.0,709190769.0,1308880415.0,0.01675989857331619
2024-06-14,30.9,31.45,30.54,31.15,38011192.0,1229055487.0,1308880415.0,0.02904099684309204
2024-06-17,31.19,31.47,30.37,30.74,24576685.0,784215079.0,1308880415.0,0.018776875808016427
2024-06-18,30.89,31.07,30.62,30.92,13693858.0,439813488.0,1308880415.0,0.010462268243199284
2024-06-19,30.9,30.9,30.14,30.2,13203620.0,416167823.0,1308880415.0,0.01008772065704719
2024-06-20,30.14,30.54,29.45,29.65,13899534.0,430862744.0,1308880415.0,0.01061940712131444
2024-06-21,29.45,30.77,29.45,30.35,13923714.0,439099139.0,1308880415.0,0.01063788092512638
2024-06-24,30.22,30.29,29.46,29.53,11408832.0,352556145.0,1308880415.0,0.008716481558783198
2024-06-25,29.63,29.72,29.16,29.23,7834444.0,238917687.0,1308880415.0,0.005985607172523855
2024-06-26,29.12,30.01,29.07,29.91,10789736.0,331539981.0,1308880415.0,0.00824348494816465
2024-06-27,29.84,29.84,29.22,29.59,8087032.0,248022347.0,1308880415.0,0.006178587369267039
2024-06-28,29.39,29.77,29.05,29.19,9653273.0,294049385.0,1308880415.0,0.007375213876968279
2024-07-01,29.16,29.42,28.83,29.31,8532321.0,258203127.0,1308662081.0,0.006519880971472879
2024-07-02,29.2,29.58,28.93,29.05,8840408.0,267861636.0,1308662081.0,0.00675530232620838
2024-07-03,29.05,29.2,28.46,28.62,10958360.0,327179914.0,1308662081.0,0.008373712480173864
2024-07-04,28.62,28.84,28.23,28.3,8723843.0,258886419.0,1308662081.0,0.006666230439972533
2024-07-05,28.22,30.08,27.97,29.94,15477508.0,468878208.0,1308662081.0,0.011826970632612071
2024-07-08,29.94,30.23,29.24,29.38,13808762.0,426688013.0,1308662081.0,0.010551816393616437
2024-07-09,29.19,29.8,28.96,29.53,11181607.0,341497330.0,1308662081.0,0.008544304264899076
2024-07-10,29.31,30.3,29.17,29.76,10612324.0,329261284.0,1308662081.0,0.008109292806811295
2024-07-11,29.79,30.49,29.21,30.17,14305149.0,445924154.0,1308662081.0,0.01093112516033847
2024-07-12,30.17,31.38,30.09,31.04,13505033.0,434147319.0,1308662081.0,0.010319725157529035
2024-07-15,30.8,30.94,30.4,30.61,7779990.0,247421643.0,1308662081.0,0.0059449953604944405
2024-07-16,30.46,30.85,30.24,30.52,6048874.0,191800558.0,1308662081.0,0.004622181759387281
2024-07-17,30.37,30.75,30.04,30.51,10379463.0,328287137.0,1308662081.0,0.007931354587785294
2024-07-18,30.23,30.98,30.16,30.66,10555827.0,335399779.0,1308662081.0,0.008066121234240912
2024-07-19,30.59,31.31,30.32,30.83,12527472.0,403024960.0,1308662081.0,0.009572732473785187
2024-07-22,30.91,31.46,30.46,31.26,10893024.0,352198548.0,1308662081.0,0.008323786681185271
2024-07-23,31.27,31.27,29.87,29.87,14043442.0,442182057.0,1308662081.0,0.01073114458185329
2024-07-24,29.78,30.03,29.34,29.4,9396262.0,289409688.0,1308662081.0,0.007180052158934679
2024-07-25,29.39,29.78,29.16,29.53,6257440.0,192217110.0,1308662081.0,0.0047815552164684446
2024-07-26,29.54,29.91,29.28,29.65,5218211.0,160607379.0,1308662081.0,0.003987439596333807
2024-07-29,29.73,29.73,29.02,29.16,7677098.0,233316391.0,1308662081.0,0.005866371549585687
2024-07-30,29.06,29.06,27.46,27.81,16514039.0,480143527.0,1308662081.0,0.012619024605176131
2024-07-31,27.75,29.19,27.55,28.91,13793030.0,409223056.0,1308662081.0,0.01053979495566969
2024-08-01,28.88,29.39,28.64,29.08,12127225.0,366129576.0,1308662081.0,0.00926688805007104
2024-08-02,28.96,30.46,28.88,29.89,12577912.0,392039538.0,1308662081.0,0.009611275655201016
2024-08-05,29.72,30.78,29.53,29.57,11090078.0,346628869.0,1308662081.0,0.008474363367757731
2024-08-06,29.69,30.03,29.36,29.76,8691040.0,267947303.0,1308662081.0,0.006641164381685787
2024-08-07,29.76,30.27,29.5,29.58,7452092.0,231003668.0,1308662081.0,0.005694435644001823
2024-08-08,29.55,30.27,29.51,29.65,8057886.0,250015771.0,1308662081.0,0.006157346588542287
2024-08-09,29.7,30.14,29.41,29.43,5798513.0,178796942.0,1308662081.0,0.004430871104303052
2024-08-12,29.27,30.27,29.19,30.01,8455669.0,262690151.0,1308662081.0,0.006461308173259434
2024-08-13,30.21,30.51,29.73,30.04,12156019.0,380620846.0,1308662081.0,0.009288890674291648
2024-08-14,29.99,30.12,29.44,29.68,7062359.0,218246801.0,1308662081.0,0.005396625379871459
2024-08-15,29.55,29.97,29.36,29.56,5667531.0,174358647.0,1308662081.0,0.0043307826231728346
2024-08-16,29.56,30.17,29.28,30.09,7529954.0,233436283.0,1308662081.0,0.005753933050651293
2024-08-19,30.03,30.57,29.74,30.29,8516400.0,266486231.0,1308662081.0,0.006507715111216705
2024-08-20,30.21,30.61,29.76,30.28,7358446.0,230652120.0,1308662081.0,0.005622877064167033
2024-08-21,30.13,30.99,30.04,30.74,9080450.0,289082747.0,1308662081.0,0.006938727828853475
2024-08-22,30.81,31.54,30.45,31.16,11719019.0,378840827.0,1308662081.0,0.008954961842437612
2024-08-23,30.99,31.27,30.71,31.06,8258594.0,265784703.0,1308662081.0,0.006310715439763704
2024-08-26,30.87,31.3,30.55,31.07,7698343.0,247550188.0,1308662081.0,0.005882605686960376
2024-08-27,30.83,31.61,30.83,31.31,6832802.0,221951277.0,1308662081.0,0.005221211876773252
2024-08-28,31.18,31.75,31.14,31.37,5759816.0,187901687.0,1308662081.0,0.004401301209551895
2024-08-29,31.18,31.18,30.18,30.22,14054320.0,445447828.0,1308662081.0,0.010739456888107084
2024-08-30,30.02,30.29,29.31,29.51,15905282.0,490713836.0,1308662081.0,0.012153849516176209
2024-09-02,29.5,29.67,28.88,29.47,11984085.0,364804180.0,1308662081.0,0.009157509164506769
2024-09-03,29.21,30.2,29.18,29.78,10163408.0,315437655.0,1308662081.0,0.007766258492210412
2024-09-04,29.66,30.82,29.55,30.43,9610916.0,303519616.0,1308662081.0,0.0073440776954856995
2024-09-05,30.42,30.74,30.14,30.44,7055904.0,223281691.0,1308662081.0,0.005391692861313982
2024-09-06,30.42,31.16,30.27,30.37,5883128.0,187923893.0,1308662081.0,0.004495528742992592
2024-09-09,30.42,30.89,29.98,30.17,8078523.0,255023547.0,1308662081.0,0.006173116129281352
2024-09-10,29.92,30.17,29.15,29.7,17009017.0,520435677.0,1308662081.0,0.012997256699760677
2024-09-11,29.5,30.36,29.21,30.22,13662099.0,426411303.0,1308662081.0,0.010439745445638842
2024-09-12,30.08,30.78,29.14,29.17,15025596.0,462493829.0,1308662081.0,0.01148164695695802
2024-09-13,28.98,29.36,28.64,28.92,10391300.0,311959967.0,1308662081.0,0.00794039970353508
2024-09-18,28.92,29.26,28.45,28.82,9457064.0,282974816.0,1308662081.0,0.0072265133507753865
2024-09-19,28.97,29.02,27.97,28.0,16404673.0,482791818.0,1308662081.0,0.012535453757065038
2024-09-20,27.93,27.97,25.7,25.92,45806193.0,1262375458.0,1308662081.0,0.035002307826477015
2024-09-23,25.73,26.03,24.99,25.15,22845674.0,602556385.0,1308662081.0,0.017457275129835446
2024-09-24,25.51,25.82,24.76,25.33,27066252.0,709917524.0,1308662081.0,0.020682384240336218
2024-09-25,25.48,26.84,25.48,26.07,33320909.0,905777808.0,1308662081.0,0.025461812857401803
2024-09-26,25.88,27.2,25.45,27.11,25192853.0,688487326.0,1308662081.0,0.019250846620962037
2024-09-27,27.31,29.02,27.3,28.54,24880806.0,727183172.0,1308662081.0,0.019012399274981363
2024-09-30,29.39,30.99,28.69,30.8,32942388.0,1027227576.0,1308662081.0,0.025172570122019147
2024-10-08,33.86,33.87,31.12,33.66,37794483.0,1288474095.0,1308662081.0,0.02888024612978757
2024-10-09,32.92,33.45,31.72,31.81,27794264.0,940596284.0,1308662081.0,0.02123868675002894
2024-10-10,31.92,33.84,31.92,32.6,28196692.0,967573652.0,1308662081.0,0.021546197761345542
2024-10-11,32.42,32.5,30.66,31.09,16681297.0,545095897.0,1308662081.0,0.01274683300004625
2024-10-14,31.08,31.91,30.54,31.66,16294238.0,528761361.0,1308662081.0,0.012451066044145585
2024-10-15,31.66,32.64,31.0,31.64,15056858.0,500534296.0,1308662081.0,0.011505535476732439
2024-10-16,31.28,32.07,30.97,31.35,11274795.0,369973427.0,1308662081.0,0.008615512868978742
2024-10-17,31.5,32.53,31.43,32.01,16600116.0,553681964.0,1308662081.0,0.012684799415380936
2024-10-18,31.95,32.17,31.06,31.38,28279437.0,925795524.0,1308662081.0,0.02160942645972486
2024-10-21,31.38,32.68,30.7,32.11,24637761.0,808336036.0,1308662081.0,0.018826679062308675
2024-10-22,31.7,32.4,31.13,31.53,17099188.0,564515187.0,1308662081.0,0.013066159895863905
2024-10-23,31.67,31.69,30.71,30.96,19829002.0,633922939.0,1308662081.0,0.015152117791055643
2024-10-24,30.85,31.34,30.85,31.07,10842915.0,347089930.0,1308662081.0,0.008285496429845742
2024-10-25,31.05,31.99,30.56,31.68,15054820.0,486728933.0,1308662081.0,0.011503978161036058
2024-10-28,31.69,32.47,31.34,32.23,12949246.0,428050229.0,1308662081.0,0.00989502652212936
2024-10-29,32.4,32.56,31.43,31.61,15334759.0,502202346.0,1308662081.0,0.011717890525476301
2024-10-30,31.44,31.77,30.8,31.17,13992237.0,448906177.0,1308662081.0,0.010692016833946914
2024-10-31,31.18,31.53,30.99,31.1,15110733.0,487095525.0,1308662081.0,0.011546703476311697
2024-11-01,31.17,32.5,31.05,31.68,16293799.0,536665220.0,1308662081.0,0.012450730587035325
2024-11-04,32.21,32.79,31.62,32.02,17488359.0,577469310.0,1308662081.0,0.013363540713761998
2024-11-05,32.01,32.07,31.43,31.99,17641145.0,578985854.0,1308662081.0,0.013480290486081563
2024-11-06,31.9,32.65,31.69,32.11,20051412.0,664336898.0,1308662081.0,0.01532206999126767
2024-11-07,31.88,33.1,31.83,33.0,21566421.0,727615201.0,1308662081.0,0.016479747761561376
2024-11-08,33.26,33.37,32.44,32.63,17040635.0,574294551.0,1308662081.0,0.01302141725309148
2024-11-11,32.48,32.54,31.72,32.22,20316578.0,670144681.0,1308662081.0,0.015524693727257158
2024-11-12,32.17,33.37,31.99,32.23,22108115.0,744201683.0,1308662081.0,0.01689367738316856
2024-11-13,32.08,32.36,31.73,32.15,13846714.0,457222125.0,1308662081.0,0.010580817004661115
2024-11-14,31.92,31.92,29.17,29.69,70161609.0,2183287449.0,1308662081.0,0.05361323600542224
2024-11-15,29.74,30.62,29.45,30.21,31336249.0,972042318.0,1308662081.0,0.023945256346126223
2024-11-18,30.2,30.69,28.72,28.96,30198713.0,918121310.0,1308662081.0,0.023076020493330088
2024-11-19,29.1,29.37,28.78,29.05,17812705.0,532320938.0,1308662081.0,0.013611386207804397
2024-11-20,28.96,30.93,28.52,30.89,41460709.0,1287932359.0,1308662081.0,0.03168175314464544
2024-11-21,30.66,31.4,30.5,30.68,14522265.0,462312112.0,1308662081.0,0.011097032007608082
2024-11-22,30.56,30.85,29.47,29.58,12541159.0,388214172.0,1308662081.0,0.009583191247061128
2024-11-25,29.69,30.11,29.5,29.6,10602695.0,324452204.0,1308662081.0,0.008101934910422456
2024-11-26,29.79,30.63,29.66,30.12,12344442.0,385536872.0,1308662081.0,0.009432872075400188
2024-11-27,30.0,31.82,29.91,31.69,23799014.0,764922996.0,1308662081.0,0.018185759597935502
2024-11-28,31.69,32.34,31.12,31.23,14636068.0,477358504.0,1308662081.0,0.01118399334136434
2024-11-29,31.45,31.87,31.15,31.74,16719879.0,544549864.0,1308662081.0,0.012776315018789026
2024-12-02,32.38,33.47,32.14,33.29,31685527.0,1073187344.0,1308662081.0,0.02421215335878598
2024-12-03,33.29,33.47,32.93,33.46,16761901.0,574632156.0,1308662081.0,0.012808425676391245
2024-12-04,33.47,33.54,32.6,32.91,19417295.0,661421555.0,1308662081.0,0.014837516332071365
2024-12-05,32.89,32.89,31.92,32.61,16145411.0,539136395.0,1308662081.0,0.012337341498931993
2024-12-06,32.67,33.19,32.57,32.86,11736155.0,398349079.0,1308662081.0,0.00896805613182583
2024-12-09,33.25,33.43,32.65,33.26,13726813.0,468896393.0,1308744581.0,0.010488534737245266
2024-12-10,33.71,33.71,32.26,32.37,29649557.0,1001919610.0,1308744581.0,0.022654960662641322
2024-12-11,32.34,32.47,31.63,31.69,22671655.0,747197052.0,1308744581.0,0.017323208309047433
2024-12-12,31.61,31.82,30.63,31.35,44426699.0,1433067049.0,1308744581.0,0.03394604237142587
2024-12-13,31.2,31.74,30.62,30.75,97954200.0,3139004576.0,1308744581.0,0.07484592595230008
2024-12-16,30.75,31.31,29.77,30.61,39221635.0,1227009222.0,1308744581.0,0.029968899638179284
2024-12-17,30.46,30.63,29.99,30.07,19448751.0,606948260.0,1308744581.0,0.014860616259544993
2024-12-18,30.1,30.25,29.65,29.74,17783084.0,548111955.0,1308744581.0,0.013587895039391189
2024-12-19,29.57,29.65,29.37,29.6,12191059.0,370588833.0,1308744581.0,0.009315078875577785
2024-12-20,29.69,30.07,29.42,29.52,14318260.0,437727827.0,1308744581.0,0.010940454086969014
2024-12-23,29.53,29.75,29.3,29.34,14112425.0,429411243.0,1308744581.0,0.010783177409007357
2024-12-24,29.34,29.5,29.18,29.41,10319189.0,312287078.0,1308769581.0,0.007884649177218308
2024-12-25,29.44,30.08,29.23,29.91,20812034.0,637943378.0,1308769581.0,0.015901984812405262
2024-12-26,29.79,29.87,29.45,29.57,10507593.0,320846237.0,1308769581.0,0.008028604234498938
2024-12-27,29.57,29.9,29.44,29.67,15244744.0,466263749.0,1308769581.0,0.011648149698246998
2024-12-30,29.69,30.03,29.32,29.42,12281846.0,375765227.0,1308769581.0,0.009384269147374079
2024-12-31,29.43,29.5,28.95,29.04,12883328.0,386193433.0,1309331231.0,0.009839624760313992
2025-01-02,29.1,29.16,28.28,28.6,20605765.0,608372183.0,1309331231.0,0.015737625829227622
2025-01-03,28.6,28.86,28.24,28.34,12722925.0,374467968.0,1309331231.0,0.009717117180717428
2025-01-06,28.56,28.65,27.9,28.04,14406921.0,418703961.0,1309331231.0,0.011003266903667099
2025-01-07,28.04,28.08,26.69,27.05,26341695.0,738321528.0,1309331231.0,0.02011843479810801
2025-01-08,27.05,27.1,26.29,26.61,17059640.0,469168259.0,1309331231.0,0.01302927753962664
2025-01-09,26.53,27.35,26.43,26.81,14075629.0,390353705.0,1309331231.0,0.010750243075810356
2025-01-10,26.78,26.9,26.39,26.58,9395734.0,258579585.0,1309331231.0,0.0071759794447307425
2025-01-13,26.58,27.04,26.44,27.03,12224814.0,337754073.0,1309331231.0,0.0093366855617301
2025-01-14,26.97,27.48,26.85,27.45,15971735.0,448818944.0,1309331231.0,0.012198391531378663
2025-01-15,27.37,27.43,26.82,26.87,10825100.0,301829188.0,1309331231.0,0.00826765584116736
2025-01-16,26.92,27.11,26.53,26.74,11111999.0,306845499.0,1309331231.0,0.008486774573851129
2025-01-17,26.58,26.99,26.45,26.65,9745900.0,268164491.0,1309331231.0,0.007443418265183044
2025-01-20,26.96,28.04,26.78,27.8,20893805.0,596524594.0,1309331231.0,0.015957615999155832
2025-01-21,27.84,28.06,27.13,27.51,14259267.0,403214361.0,1309331231.0,0.010890496355998095
2025-01-22,27.44,27.86,27.26,27.57,9059508.0,257731813.0,1309331231.0,0.006919187280884465
2025-01-23,27.7,27.83,27.26,27.29,8863608.0,251697745.0,1309331231.0,0.006769568914376564
2025-01-24,27.27,27.68,27.14,27.3,9794076.0,276717779.0,1309331231.0,0.007480212621614309
2025-01-27,27.32,27.8,27.2,27.29,11859030.0,335376247.0,1309331231.0,0.009057318514385914
2025-02-05,27.47,27.5,26.6,26.72,12696045.0,350557168.0,1309331231.0,0.00969658761618587
2025-02-06,26.76,26.95,26.47,26.92,10699379.0,295216208.0,1309331231.0,0.008171636593307535
2025-02-07,26.8,27.36,26.6,27.03,14447857.0,402906062.0,1309331231.0,0.011034531719651618
2025-02-10,27.03,27.64,26.9,27.55,14719642.0,414809423.0,1309331231.0,0.011242107154778469
2025-02-11,27.55,27.65,26.76,26.92,17615306.0,490326902.0,1309331231.0,0.013453666713919543
2025-02-12,26.77,26.9,26.35,26.58,15758661.0,431117693.0,1309331231.0,0.012035656545032034
2025-02-13,26.57,27.01,26.54,26.62,12659690.0,349082127.0,1309331231.0,0.009668821532906673
2025-02-14,26.71,27.11,26.65,26.92,14562954.0,404343743.0,1309331231.0,0.011122436901529923
2025-02-17,27.05,27.07,26.35,26.53,20187333.0,552870860.0,1309331231.0,0.015418048941353023
2025-02-18,26.51,27.12,26.19,26.56,21392334.0,587882538.0,1309331231.0,0.016338366865091603
2025-02-19,26.39,26.49,25.92,26.05,25646485.0,691376453.0,1309331231.0,0.019587469077944876
2025-02-20,26.08,26.63,25.92,26.38,19560223.0,531908006.0,1309331231.0,0.014939094506331225
2025-02-21,26.4,27.65,26.38,27.62,40432809.0,1132874648.0,1309331231.0,0.030880504522235747
2025-02-24,27.79,27.97,27.37,27.59,18006047.0,513778198.0,1309331231.0,0.013752094637082707
2025-02-25,27.46,27.57,27.08,27.26,11282727.0,317357410.0,1309331231.0,0.008617167858573749
2025-02-26,27.36,28.37,27.0,28.23,26147553.0,745144727.0,1309331231.0,0.01997015910178041
2025-02-27,28.15,29.63,28.04,29.58,38775524.0,1160133479.0,1309331231.0,0.029614755290290635
2025-02-28,29.5,29.55,28.55,28.62,19131700.0,570734378.0,1309331231.0,0.014611810630521804
2025-03-03,28.77,30.38,28.66,30.13,33071703.0,1018395467.0,1309331231.0,0.025258469527792086
2025-03-04,30.07,30.76,29.51,30.48,19128080.0,595091622.0,1309331231.0,0.014609045860298433
2025-03-05,30.38,31.0,29.94,30.31,21326628.0,669319574.0,1309331231.0,0.01628818399429136
2025-03-06,30.24,30.64,29.78,30.03,19888219.0,617336210.0,1309331231.0,0.015189601018537073
2025-03-07,29.93,30.51,29.65,30.07,16375004.0,508633141.0,1309331231.0,0.012506387698011
2025-03-10,30.07,30.47,29.96,30.38,12546900.0,391181936.0,1309331231.0,0.009582678319234256
2025-03-11,30.34,31.49,30.1,31.41,22693532.0,723992293.0,1309331231.0,0.017332155120647237
2025-03-12,31.49,31.49,29.91,29.98,19884508.0,624355635.0,1309331231.0,0.015186766747183776
2025-03-13,30.07,30.57,30.0,30.57,11872757.0,371593678.0,1309331231.0,0.009067802492522994
2025-03-14,30.51,30.8,30.09,30.65,11694118.0,368344367.0,1309331231.0,0.008931367191989023
2025-03-17,30.58,30.72,30.0,30.17,10288516.0,320516085.0,1309318731.0,0.007857915537603349
2025-03-18,30.26,30.67,29.97,30.31,9146599.0,286759262.0,1305874730.0,0.007004193273576861
2025-03-19,30.31,31.43,30.2,30.71,15145293.0,481799932.0,1305874730.0,0.011597814592828517
2025-03-20,30.95,31.09,30.28,30.35,10086272.0,318152976.0,1305874730.0,0.007723766888421219
2025-03-21,30.32,30.71,29.88,30.64,15455294.0,482345687.0,1305874730.0,0.01183520413171637
2025-03-24,30.55,30.9,30.2,30.36,11494171.0,361717533.0,1305874730.0,0.008801894037722899
2025-03-25,30.36,30.61,29.96,30.06,10017435.0,312338775.0,1305874730.0,0.007671053562695099
2025-03-26,30.04,30.51,29.44,29.69,13319346.0,408448051.0,1305874730.0,0.010199558727964665
2025-03-27,29.7,31.03,29.45,30.74,19587595.0,614195940.0,1305874730.0,0.014999597243144447
2025-03-28,30.72,32.08,30.67,31.5,25979821.0,849492714.0,1305874730.0,0.019894573654855852
2025-03-31,31.52,32.0,30.97,31.27,14774778.0,477633134.0,1305874730.0,0.011314085233887633
2025-04-01,31.45,34.39,31.08,34.39,40456371.0,1393974141.0,1305874730.0,0.030980284762842453
2025-04-02,34.93,36.94,34.45,35.9,46363938.0,1698329422.0,1305874730.0,0.035504123737810596
2025-04-03,35.89,35.99,34.93,35.74,24861441.0,907831663.0,1305874730.0,0.019038151538471076
2025-04-07,33.94,34.63,32.17,33.38,40905127.0,1411412281.0,1305874730.0,0.031323928750807514
2025-04-08,33.41,33.61,32.21,33.27,30450545.0,1037093911.0,1305874730.0,0.023318121026815488
2025-04-09,32.02,33.13,29.94,32.31,43260166.0,1393284906.0,1305874730.0,0.033127347521304744
2025-04-10,32.46,34.2,32.46,33.52,25519818.0,881508433.0,1305874730.0,0.019542317049048036
2025-04-11,32.96,34.81,32.93,34.62,22137758.0,773876859.0,1305874730.0,0.016952436165144264
2025-04-14,34.45,35.24,34.06,34.15,21561845.0,769640598.0,1305874730.0,0.01651141913129753
2025-04-15,34.06,34.53,33.52,33.81,13549005.0,471480519.0,1305874730.0,0.01037542475456279
2025-04-16,33.53,34.29,32.99,33.6,12590346.0,435785915.0,1305874730.0,0.009641312226020332
2025-04-17,33.32,33.6,32.96,33.16,12576071.0,430342108.0,1305874730.0,0.009630380855903384
2025-04-18,33.15,33.69,32.69,32.92,8437592.0,287138407.0,1305874730.0,0.006461256815958143
2025-04-21,32.57,34.44,32.29,34.27,16958140.0,589235768.0,1305874730.0,0.012986038867602561
2025-04-22,34.24,35.07,33.97,34.64,14657819.0,523769876.0,1305874730.0,0.0112245215128713
2025-04-23,34.45,34.78,33.67,33.78,15605220.0,546745397.0,1305874730.0,0.01195001300009841
2025-04-24,33.37,34.46,33.28,34.42,15138792.0,530463216.0,1305874730.0,0.01159283632052517
2025-04-25,34.37,34.49,31.83,32.15,31514277.0,1057957031.0,1305874730.0,0.02413269533135081
2025-04-28,31.95,32.4,31.68,32.13,13767094.0,456126547.0,1305874730.0,0.010542430819531977
2025-04-29,31.78,32.38,31.29,31.94,12853218.0,422521920.0,1305874730.0,0.009842611779462185
2025-04-30,30.99,35.13,30.86,35.13,41984799.0,1445712889.0,1305874730.0,0.0321507094329025
2025-05-06,35.21,35.37,34.39,34.68,24274986.0,871901225.0,1305874730.0,0.018589061754797874
2025-05-07,34.84,35.01,33.32,33.62,17361835.0,606682021.0,1305874730.0,0.013295176482969389
2025-05-08,33.52,33.62,32.96,33.0,13477017.0,460893219.0,1305874730.0,0.010320298486823464
2025-05-09,33.03,33.73,33.0,33.12,11846094.0,406306006.0,1305874730.0,0.009071386196438613
2025-05-12,32.99,32.99,31.55,32.31,24206177.0,796951847.0,1305874730.0,0.018536369870638357
2025-05-13,32.62,33.17,32.5,32.85,16125600.0,545039509.0,1305874730.0,0.012348504515436945
2025-05-14,32.55,33.42,32.26,32.88,11609338.0,393587228.0,1305874730.0,0.008890085498476565
2025-05-15,32.99,34.69,32.71,33.86,25179924.0,880652933.0,1305874730.0,0.01928203634049952
2025-05-16,33.96,34.02,32.11,33.97,25564760.0,875461756.0,1305874730.0,0.019576732294988203
2025-05-19,33.28,34.14,32.69,33.92,17272277.0,595591580.0,1305874730.0,0.013226595632185945
2025-05-20,33.92,35.99,33.92,35.8,26316575.0,964012344.0,1305874730.0,0.020152449844863758
2025-05-21,35.46,38.58,35.31,36.75,29288289.0,1115529523.0,1305874730.0,0.022428099975561975
2025-05-22,36.67,37.81,35.91,36.93,18562887.0,704924794.0,1305874730.0,0.014214906356293456
2025-05-23,36.87,39.58,36.87,38.18,24408306.0,968184784.0,1305874730.0,0.018691154242643167
2025-05-26,38.18,38.31,36.09,36.28,21182516.0,799158140.0,1305874730.0,0.01622094027349775
2025-05-27,36.28,36.92,35.91,36.12,16982625.0,634237826.0,1305874730.0,0.013004788751827673
2025-05-28,36.05,36.34,35.55,35.9,11386047.0,421404314.0,1305874730.0,0.008719095896740418
2025-05-29,35.98,37.49,35.42,36.82,21840300.0,823359102.0,1305874730.0,0.016724651682324843
2025-05-30,36.62,37.83,36.6,37.41,17484918.0,673652498.0,1305874730.0,0.013389429780910149
2025-06-03,36.66,37.62,36.26,37.06,14145324.0,538715477.0,1305874730.0,0.010832068095842548
2025-06-04,37.06,39.51,36.7,38.53,20000856.0,792665698.0,1305874730.0,0.015316060216587544
2025-06-05,38.36,38.43,36.45,36.62,18650502.0,714212568.0,1305874730.0,0.014281999315508618
2025-06-06,36.3,36.82,36.09,36.35,12559653.0,470447478.0,1305874730.0,0.00961780844017098
2025-06-09,36.4,38.81,36.18,37.26,21817810.0,845619847.0,1305874730.0,0.01670742950972028
2025-06-10,37.27,37.96,36.97,37.74,16532099.0,639519433.0,1305874730.0,0.012659789350545132
2025-06-11,37.64,38.09,36.65,36.86,16538782.0,633399227.0,1305874730.0,0.012664906993031407
2025-06-12,36.68,38.6,36.66,38.05,20704859.0,804143696.0,1305874730.0,0.015855164759946003
2025-06-13,38.03,38.09,36.05,36.14,29207089.0,1087569103.0,1305874730.0,0.022365919432409877
2025-06-16,35.97,36.11,35.22,35.36,21607465.0,781218644.0,1305874730.0,0.016546353569457616
2025-06-17,35.67,35.87,34.4,34.54,17859914.0,634365074.0,1305874730.0,0.013676590556277936
2025-06-18,34.34,34.91,34.25,34.51,10377760.0,364216993.0,1305874730.0,0.007946979722932537
2025-06-19,34.52,34.97,33.91,34.04,12587168.0,439522339.0,1305874730.0,0.009638878608210758
2025-06-20,34.04,34.2,33.29,33.4,14896443.0,508415593.0,1305874730.0,0.01140725266963394
2025-06-23,33.27,34.25,32.86,34.0,16938864.0,579666245.0,1305874730.0,0.01297127788053606
2025-06-24,34.0,34.84,33.76,34.44,16259350.0,568821211.0,1305874730.0,0.012450926284483658
2025-06-25,34.47,34.91,33.76,34.25,15703230.0,546135702.0,1305874730.0,0.012025066140915369
2025-06-26,34.04,34.55,33.59,34.37,11565400.0,402167922.0,1305874730.0,0.008856439085853204
2025-06-27,34.39,35.46,34.3,35.2,15360867.0,548816758.0,1305874730.0,0.011762894745654508
2025-06-30,35.1,35.54,34.64,35.3,8058601.0,288228404.0,1305874730.0,0.006171036788498082
2025-07-01,35.28,35.87,34.95,35.85,9557910.0,346080810.0,1305874730.0,0.007319162995060024
2025-07-02,35.8,35.82,34.53,34.9,11300906.0,402546001.0,1305874730.0,0.00865389745308878
2025-07-03,34.84,36.8,34.59,36.52,17825581.0,645835474.0,1305874730.0,0.013650299366770043
2025-07-04,36.26,36.46,35.58,35.72,9997152.0,365853672.0,1305874730.0,0.007655521445001084
2025-07-07,35.59,35.85,33.8,33.88,21033282.0,735841445.0,1305874730.0,0.01610666131811893
2025-07-08,33.89,34.09,32.58,32.82,30432444.0,1021877707.0,1305874730.0,0.02330425981977613
2025-07-09,32.72,33.15,32.48,32.86,17128260.0,573202059.0,1305874730.0,0.013116311700127623
2025-07-10,32.83,32.9,32.33,32.65,14778153.0,490417899.0,1305874730.0,0.011316669708433673
2025-07-11,32.57,33.07,32.43,32.65,22720068.0,756121405.0,1305874730.0,0.01739835183118981
2025-07-14,32.6,32.62,32.17,32.28,18755453.0,617587606.0,1305874730.0,0.014362367667532704
2025-07-15,32.33,33.39,32.23,33.25,23574257.0,788151748.0,1305874730.0,0.018052464343191632
2025-07-16,33.29,33.54,32.63,32.94,14675276.0,492411438.0,1305874730.0,0.011237889563878766
2025-07-17,32.94,34.72,32.83,34.38,35360135.0,1229302887.0,1305874730.0,0.027077738919107502
2025-07-18,34.28,35.0,33.95,34.86,20379965.0,715356952.0,1305874730.0,0.015606370604935436
2025-07-21,34.57,34.57,33.61,34.4,17449758.0,605299584.0,1305874730.0,0.013362505299417196
2025-07-22,34.29,35.33,33.8,34.74,17094061.0,605531323.0,1305874730.0,0.013090123123831334
2025-07-23,34.59,34.68,33.85,33.99,14417719.0,500801418.0,1305874730.0,0.011040660079240526
2025-07-24,33.98,34.37,33.44,34.26,15674863.0,540995733.0,1305874730.0,0.012003343536634636
2025-07-25,34.04,34.87,33.91,34.56,16085718.0,564610914.0,1305874730.0,0.012317964066890244
2025-07-28,34.68,35.28,34.3,34.6,14578676.0,514487746.0,1305874730.0,0.011163916159094373
2025-07-29,34.68,36.17,34.49,35.77,22640231.0,818512722.0,1305874730.0,0.017337215032869193
2025-07-30,35.67,38.21,34.72,37.54,37182392.0,1398223239.0,1305874730.0,0.028473169091801018
2025-07-31,37.35,37.77,36.75,37.13,17712317.0,670490253.0,1305874730.0,0.013563565166775223
2025-08-01,36.98,37.7,36.39,36.53,12869200.0,484235958.0,1305874730.0,0.009854850319371751
2025-08-04,36.38,36.49,35.39,35.92,12205954.0,444740864.0,1305874730.0,0.009346956273516373
2025-08-05,36.0,37.15,35.9,36.9,11896712.0,442410159.0,1305874730.0,0.00911014795423754
2025-08-06,37.07,37.7,36.44,36.92,11117549.0,418916650.0,1305874730.0,0.008513488119951597
2025-08-07,36.76,37.49,36.03,36.21,13127801.0,490495032.0,1305874730.0,0.010052879268136233
2025-08-08,36.22,36.51,35.51,35.98,10562990.0,384829909.0,1305874730.0,0.008088823343721492
2025-08-11,35.97,36.81,35.72,36.42,9520314.0,352365928.0,1305874730.0,0.007290373097272508
2025-08-12,36.41,36.73,35.45,35.79,12894781.0,469816878.0,1305874730.0,0.009874439487775371
2025-08-13,35.8,36.51,35.57,36.31,16147187.0,593562576.0,1305874730.0,0.012365035197518524
2025-08-14,36.42,36.42,35.58,35.58,12738761.0,465559186.0,1305874730.0,0.009754964015575981
2025-08-15,35.5,36.24,35.24,35.76,11146683.0,406160389.0,1305874730.0,0.008535798070003238
2025-08-18,35.75,36.46,35.68,36.42,15337714.0,563140107.0,1305874730.0,0.011745164867383567
2025-08-19,36.42,38.03,36.17,37.03,24819214.0,944921759.0,1305874730.0,0.019005815358721277
2025-08-20,36.84,37.2,35.67,36.67,17013218.0,631626937.0,1305874730.0,0.013028215960653438
2025-08-21,36.71,37.52,36.39,37.11,13915164.0,522390197.0,1305874730.0,0.010655818418356253
2025-08-22,37.11,37.24,36.51,36.93,13283960.0,497514718.0,1305874730.0,0.010172461182398406
2025-08-25,36.94,38.52,36.93,38.41,22094748.0,851090519.0,1305874730.0,0.016919500387299783
2025-08-26,38.18,38.53,37.52,37.54,12488386.0,481404712.0,1305874730.0,0.009563234292771712
2025-08-27,37.66,38.21,36.21,36.26,18917288.0,712019998.0,1305874730.0,0.014486296093653638
2025-08-28,36.22,36.41,35.14,35.86,19223686.0,698804713.0,1305874730.0,0.014720926562381676
2025-08-29,35.37,36.29,34.66,35.83,28026930.0,1017091270.0,1305874730.0,0.0214621887966237
2025-09-01,36.07,39.42,35.77,39.42,40657400.0,1574327684.0,1305874730.0,0.031134226787587812
2025-09-02,39.42,41.0,39.02,39.25,34035775.0,1382154457.0,1305874730.0,0.026063583449539605
2025-09-03,39.49,40.77,39.12,40.0,23885933.0,973740746.0,1305874730.0,0.018291136547224557
2025-09-04,40.04,40.29,37.75,38.34,22961067.0,905893426.0,1305874730.0,0.017582901692262627
2025-09-05,38.33,39.75,37.44,39.65,19219735.0,758446242.0,1305874730.0,0.01471790100417978
2025-09-08,39.6,40.06,38.61,39.31,17336881.0,692169797.0,1305874730.0,0.013276067452503657
2025-09-09,39.21,39.99,38.21,38.47,13694251.0,543783927.0,1305874730.0,0.010486649818240988
2025-09-10,38.42,38.82,36.94,37.22,19967403.0,761061880.0,1305874730.0,0.01529044290488721
2025-09-11,35.38,36.65,34.27,36.5,29637039.0,1075742490.0,1305874730.0,0.022695162345319295
2025-09-12,36.5,37.13,36.21,36.63,14840205.0,552678365.0,1305874730.0,0.01136418728310946
2025-09-15,36.64,37.77,36.49,36.9,15287018.0,578272870.0,1305874730.0,0.011706343379506242
2025-09-16,36.9,37.3,36.04,36.23,10529772.0,388643182.0,1305874730.0,0.008063385988026585
2025-09-17,36.23,36.59,35.93,36.3,8970984.0,330841570.0,1305874730.0,0.006869712533605731
2025-09-18,36.48,37.89,36.13,37.22,18834653.0,712054707.0,1305874730.0,0.014423016670213076
2025-09-19,37.2,37.2,35.79,35.79,14589008.0,538449433.0,1305874730.0,0.011171828097171311
2025-09-22,36.34,37.83,36.33,36.64,14226971.0,536761802.0,1305874730.0,0.010894590938290077
2025-09-23,36.56,36.82,35.48,36.31,11673104.0,427369727.0,1305874730.0,0.008938915603336624
2025-09-24,36.1,37.93,35.99,37.34,18815628.0,714996224.0,1305874730.0,0.014408447891475776
2025-09-25,37.48,37.63,36.66,36.94,10300000.0,388704749.0,1305874730.0,0.007887433429391808
2025-09-26,36.65,36.79,35.78,36.26,14511677.0,534341962.0,1305874730.0,0.011112610319061769
2025-09-29,36.13,36.23,35.01,35.72,13728821.0,495938769.0,1305874730.0,0.010513122495294782
2025-09-30,35.72,36.75,35.2,36.09,19266064.0,703156058.0,1305874730.0,0.014753378373437091
2025-10-09,36.66,37.34,35.38,35.44,17680908.0,646009113.0,1305874730.0,0.013539513089436994
2025-10-10,35.38,35.71,34.61,34.79,15554137.0,555816748.0,1305874730.0,0.011910895159139805
2025-10-13,34.45,35.18,34.09,34.14,13756246.0,481950047.0,1305874730.0,0.010534123744013333
2025-10-14,34.47,34.57,33.03,33.42,15273790.0,521601539.0,1305874730.0,0.011696213770826242
2025-10-15,33.43,34.35,33.22,34.2,12016504.0,416403358.0,1305874730.0,0.009201881102332074
2025-10-16,34.2,34.7,33.86,34.28,9951246.0,347862083.0,1305874730.0,0.007620367996553544
2025-10-17,34.51,34.9,34.08,34.28,10853295.0,381109342.0,1305874730.0,0.008311130272043782
2025-10-20,34.78,36.06,34.59,35.84,18861894.0,681439596.0,1305874730.0,0.014443877017208229
2025-10-21,35.99,36.05,35.17,35.55,10814304.0,389985544.0,1305874730.0,0.008281272124777236
2025-10-22,35.56,36.14,35.26,35.39,7049583.0,255105054.0,1305874730.0,0.0053983608366477845
2025-10-23,35.3,35.38,34.01,34.32,10386870.0,362022136.0,1305874730.0,0.00795395588978125
2025-10-24,34.34,34.45,34.02,34.16,6112146.0,211837585.0,1305874730.0,0.004680499484050817
2025-10-27,34.41,34.48,34.02,34.23,10241572.0,355137811.0,1305874730.0,0.007842691006050787
2025-10-28,34.03,34.49,33.85,34.37,9324657.0,322641821.0,1305874730.0,0.007140544790234206
2025-10-29,34.18,34.31,33.46,34.19,11255258.0,386725567.0,1305874730.0,0.008618941573362094
2025-10-30,34.07,34.19,33.54,33.77,11290373.0,387549332.0,1305874730.0,0.008645831595194433
2025-10-31,32.84,34.71,32.41,34.51,23190478.0,797752866.0,1305874730.0,0.017758577807842256
2025-11-03,34.39,34.61,33.73,34.32,15345311.0,531110614.0,1305874730.0,0.011750982423865419
2025-11-04,34.32,34.32,33.33,33.49,9022056.0,306986141.0,1305874730.0,0.006908821951091741
2025-11-05,33.16,33.57,32.81,33.25,11063423.0,371582732.0,1305874730.0,0.008472040040165262
2025-11-06,32.9,33.21,32.68,32.89,10149209.0,337756524.0,1305874730.0,0.007771962169755747
2025-11-07,32.82,32.99,31.86,31.93,13746439.0,450753288.0,1305874730.0,0.010526613835310221
2025-11-10,31.96,32.53,31.38,32.46,11905283.0,386982466.0,1305874730.0,0.009116711370929124
2025-11-11,32.49,32.55,31.66,31.88,9616254.0,312281986.0,1305874730.0,0.007363841093701231
2025-11-12,31.98,33.03,31.88,32.67,15334464.0,508791025.0,1305874730.0,0.01174267611411701
2025-11-13,32.82,34.49,32.68,34.11,19021672.0,651543093.0,1305874730.0,0.014566230253953991
2025-11-14,33.87,34.59,33.83,34.13,11310664.0,393401556.0,1305874730.0,0.008661369839050335
2025-11-17,33.95,34.04,32.6,32.9,11260842.0,377064460.0,1305874730.0,0.008623217634359154
2025-11-18,32.85,33.64,32.69,33.5,8267500.0,279997947.0,1305874730.0,0.006331005424999685
2025-11-19,33.33,33.42,32.84,32.94,4697637.0,157347602.0,1305874730.0,0.0035973105934900816
2025-11-20,33.04,33.11,32.33,32.4,9006407.0,297579813.0,1305874730.0,0.006896838412670716
2025-11-21,32.34,32.69,31.48,31.55,8023463.0,258736008.0,1305874730.0,0.006144129153950318
2025-11-24,31.75,32.92,31.66,32.82,11858154.0,390694484.0,1305874730.0,0.009080621385483123
2025-11-25,32.82,33.45,32.54,32.89,7783312.0,261718158.0,1305874730.0,0.005960228666037515
2025-11-26,32.95,34.4,32.91,34.11,13342702.0,461574535.0,1305874730.0,0.010217444057593488
2025-11-27,34.12,34.22,33.63,33.98,6623583.0,227945708.0,1305874730.0,0.005072142716170027
2025-11-28,33.99,34.23,33.63,33.94,5132072.0,176407838.0,1305874730.0,0.0039299879859073465
2025-12-01,33.94,34.09,33.46,33.92,6767058.0,232161659.0,1305874730.0,0.005182011600760511
2025-12-02,33.91,33.92,33.48,33.54,4390845.0,149531357.0,1305874730.0,0.0033623784112891135
2025-12-03,33.62,34.04,33.43,33.53,5855700.0,200048800.0,1305874730.0,0.004484120770144622
2025-12-04,33.56,34.21,33.49,33.63,9394788.0,321807936.0,1305874730.0,0.007194249022645534
2025-12-05,33.81,33.87,32.78,33.26,8016810.0,269013796.0,1305874730.0,0.00613903448457112
2025-12-08,33.4,33.48,32.47,32.54,10460804.0,347650592.0,1305874730.0,0.008010572346399566
2025-12-09,32.45,32.99,31.77,32.0,12071790.0,393726640.0,1305874730.0,0.009244217475592011
2025-12-10,31.94,32.26,31.17,32.06,12263500.0,394339703.0,1305874730.0,0.009391023287509362
2025-12-11,32.07,32.21,31.36,31.55,13306748.0,426668571.0,1305874730.0,0.010189911554533259
2025-12-12,31.55,31.65,30.56,30.72,25685510.0,803510720.0,1305874730.0,0.019669199050968693
2025-12-15,30.59,30.85,30.47,30.64,8879852.0,276486946.0,1305874730.0,0.006799926360471039
2025-12-16,30.57,30.66,30.15,30.15,6129229.0,188476846.0,1305874730.0,0.004693581136990069
2025-12-17,30.33,30.84,30.1,30.72,8868674.0,274886393.0,1305874730.0,0.006791366580774559
2025-12-18,30.67,30.85,30.44,30.59,5936699.0,184565074.0,1305874730.0,0.004546147393479312
2025-12-19,30.56,31.46,30.5,31.25,9903577.0,312782644.0,1305874730.0,0.007583864495180177
2025-12-22,31.22,31.71,30.97,31.03,8397569.0,266818151.0,1305874730.0,0.006430608393808187
2025-12-23,31.0,31.55,30.51,30.57,12790306.0,401884552.0,1305874730.0,0.009794435642383553
2025-12-24,30.58,30.74,30.1,30.23,9444265.0,290404479.0,1305874730.0,0.007232137036605341
2025-12-25,30.28,30.5,29.93,30.06,11236256.0,342757339.0,1305874730.0,0.00860439040734022
2025-12-26,30.06,30.14,28.59,28.87,31566606.0,933743087.0,1305874730.0,0.0241727673220233
2025-12-29,28.88,28.96,28.3,28.57,22740742.0,657941374.0,1305874730.0,0.01741418336504605
2025-12-30,28.42,28.56,27.75,28.43,24810512.0,709766193.0,1305874730.0,0.018999151626128793
2025-12-31,28.31,29.04,28.22,28.94,16615176.0,483595423.0,1305884505.0,0.012723312005298661
2026-01-05,28.99,30.17,28.67,29.76,26452152.0,796706640.0,1305884505.0,0.0202561190508957
2026-01-06,30.01,30.32,29.52,30.17,16301811.0,495741867.0,1305884505.0,0.012483348211563319
2026-01-07,30.22,31.24,30.18,31.06,18234734.0,571878545.0,1305884505.0,0.013963512033554606
2026-01-08,31.17,33.2,31.08,32.98,31591199.0,1043556828.0,1305884505.0,0.02419141882688929
2026-01-09,32.69,33.45,32.49,33.37,17202505.0,575127330.0,1305884505.0,0.013173067705554865
2026-01-12,33.37,33.59,32.33,33.48,26265993.0,875822493.0,1305884505.0,0.020113565096631574
2026-01-13,33.48,33.81,32.86,33.46,15369891.0,520940865.0,1305884505.0,0.01176971695517591
2026-01-14,33.44,33.64,32.51,32.73,18005547.0,604090008.0,1305884505.0,0.013788008764220691
2026-01-15,32.73,32.94,32.11,32.25,15391116.0,506336258.0,1305884505.0,0.011785970306769204
2026-01-16,32.26,32.44,31.36,31.57,13883852.0,445742202.0,1305884505.0,0.010631761037703713
2026-01-19,31.6,32.37,31.55,32.07,12759152.0,414630950.0,1305884505.0,0.009770505700272476
2026-01-20,32.05,32.52,31.83,32.2,10499800.0,342185928.0,1305884505.0,0.008040374137068117
2026-01-21,32.15,32.21,31.72,31.8,11350461.0,367282094.0,1305884505.0,0.008691780135640708
2026-01-22,31.87,32.49,31.06,31.36,13861823.0,444224803.0,1305884505.0,0.010614892011449358
2026-01-23,31.36,32.22,31.11,31.74,14776224.0,476630898.0,1305884505.0,0.011315107839494581
2026-01-26,31.74,32.24,30.46,31.65,24214956.0,768239273.0,1305884505.0,0.01854295376603768
2026-01-27,31.67,31.7,30.83,30.97,14059739.0,443718023.0,1305884505.0,0.010766449058984738
2026-01-28,30.92,31.2,30.68,30.75,12230467.0,383542428.0,1305884505.0,0.009365657493577505
2026-01-29,30.63,31.14,30.41,30.9,12778622.0,398806461.0,1305884505.0,0.009785415135161589
2026-01-30,30.89,31.55,30.38,30.52,9930514.0,310052134.0,1305884505.0,0.007604435125754096
2026-02-02,30.43,30.86,29.68,29.72,8811782.0,269595066.0,1305884505.0,0.006747749870881575
2026-02-03,29.94,30.06,29.59,29.98,7772718.0,235323103.0,1305884505.0,0.005952071542498316
2026-02-04,29.94,30.74,29.74,30.67,9160999.0,281605630.0,1305884505.0,0.007015167853607391
2026-02-05,30.55,31.26,30.29,31.04,9820649.0,308054699.0,1305884505.0,0.007520304408543388
2026-02-06,30.97,32.52,30.94,31.75,15324238.0,495172276.0,1305884505.0,0.011734757508283629
2026-02-09,31.76,32.05,31.33,31.47,9090942.0,290635093.0,1305884505.0,0.006961520689764215
2026-02-10,31.47,32.39,31.23,31.59,12197530.0,394601856.0,1305884505.0,0.009340435508115627
2026-02-11,31.47,32.02,31.42,31.6,6404400.0,205377545.0,1305884505.0,0.004904262188178732
2026-02-12,31.55,31.75,30.97,31.32,9524136.0,301754003.0,1305884505.0,0.007293245278226193
2026-02-13,31.42,32.0,31.06,31.12,7564881.0,241594787.0,1305884505.0,0.005792917345320672
2026-02-24,31.31,31.55,30.43,30.57,8438710.0,263056348.0,1305884505.0,0.006462064575917454
2026-02-25,30.62,30.98,30.49,30.59,7507388.0,233467926.0,1305884505.0,0.005748891246703322
2026-02-26,30.76,30.89,29.62,30.06,18338587.0,558146149.0,1305884505.0,0.014043038974568428
2026-02-27,30.07,30.2,29.7,30.12,9251562.0,281079708.0,1305884505.0,0.007084517784365624
2026-03-02,29.79,30.03,29.1,29.78,15253969.0,456487090.0,1305884505.0,0.011680948002365646
2026-03-03,29.76,29.77,28.92,29.11,13397479.0,397464397.0,1305884505.0,0.010259313858693806
2026-03-04,28.9,29.32,28.71,28.81,8281586.0,243081977.0,1305884505.0,0.006341744594021353
2026-03-05,29.12,30.2,28.9,29.86,10491426.0,315534616.0,1305884505.0,0.008033961625113242
2026-03-06,29.74,32.38,29.59,32.23,24360014.0,777976927.0,1305884505.0,0.01865403403343085
2026-03-09,31.63,32.03,31.27,31.46,14946343.0,479006854.0,1305884505.0,0.011445378931117649
2026-03-10,31.64,33.6,31.54,33.17,24402614.0,815103151.0,1305884505.0,0.018686655601293012
2026-03-11,33.04,33.33,32.54,32.79,12973202.0,432164919.0,1305884505.0,0.00993441759231227
2026-03-12,32.72,32.78,32.06,32.39,8164118.0,268033738.0,1305884505.0,0.006251791769288204
2026-03-13,32.07,32.84,31.8,32.14,7097603.0,232246594.0,1305884505.0,0.00543509243951095
2026-03-16,32.15,32.98,31.92,32.2,12682041.0,416945179.0,1305887005.0,0.009711438241932732
2026-03-17,32.47,33.03,31.78,32.74,19360459.0,641222547.0,1305887005.0,0.014825523897452368
2026-03-18,32.5,33.15,32.12,32.88,13110500.0,435582733.0,1305887005.0,0.010039536307354555
2026-03-19,32.89,33.59,32.65,33.01,14701983.0,493975563.0,1305887005.0,0.011258235164075318
2026-03-20,32.87,34.27,32.74,33.89,21346787.0,733328088.0,1305887005.0,0.01634658046084163
2026-03-23,33.51,33.53,31.83,32.31,18023261.0,594022707.0,1305887005.0,0.013801547094803964
2026-03-24,32.64,32.96,32.03,32.51,12857013.0,422143319.0,1305887005.0,0.009845425332186379
2026-03-25,32.72,33.34,32.27,32.72,11675052.0,387850629.0,1305887005.0,0.00894032328624022
2026-03-26,32.53,33.07,31.55,31.66,13244904.0,430918727.0,1305887005.0,0.010142457922689873
2026-03-27,31.25,34.62,31.16,34.43,32349811.0,1105354135.0,1305887005.0,0.024772289544300965
2026-03-30,34.22,34.98,33.99,34.24,23119578.0,807380385.0,1305887005.0,0.017704118282423676
2026-03-31,34.41,34.88,33.97,34.21,18565109.0,647327635.0,1305887005.0,0.014216474265321294
2026-04-01,34.51,35.94,34.23,35.69,33300367.0,1193311959.0,1305887005.0,0.02550019019448011
2026-04-02,35.36,36.39,35.1,35.84,23437493.0,849470122.0,1305887005.0,0.017947565838592597
2026-04-03,34.85,35.48,34.33,35.12,27531316.0,971982383.0,1305887005.0,0.021082464175374807
2026-04-07,35.13,35.29,33.56,33.86,19719454.0,681938665.0,1305887005.0,0.015100428999214982
2026-04-08,34.4,34.86,33.55,34.15,27585148.0,955024976.0,1305887005.0,0.021123686731226797
2026-04-09,33.97,34.37,33.18,33.66,17820985.0,608228896.0,1305887005.0,0.013646651610565648
2026-04-10,33.68,33.77,32.97,33.53,25405076.0,860324719.0,1305887005.0,0.019454268173837903
2026-04-13,33.38,34.54,33.28,34.19,19008207.0,656886546.0,1305887005.0,0.014555782335853782
2026-04-14,34.29,34.45,33.33,33.81,17009816.0,581812826.0,1305887005.0,0.01302548837293928
2026-04-15,34.18,35.29,33.64,35.2,33941387.0,1192153995.0,1305887005.0,0.025991059616984242
2026-04-16,34.86,35.65,34.38,35.42,20506940.0,731793547.0,1305887005.0,0.01570345667081663
2026-04-17,35.42,35.58,33.82,34.74,23837399.0,834931402.0,1305887005.0,0.018253799071995515
2026-04-20,34.62,34.69,33.33,33.49,25718400.0,877659695.0,1305887005.0,0.019694200111900186
2026-04-21,33.52,33.96,32.88,33.07,14002971.0,472104412.0,1305887005.0,0.01072295761148186
2026-04-22,33.09,33.49,32.69,33.39,15026545.0,504764693.0,1305887005.0,0.011506772747156635
2026-04-23,33.38,33.66,32.6,32.74,14133601.0,474461456.0,1305887005.0,0.01082298923711244
2026-04-24,32.69,33.68,32.34,33.46,15531541.0,523339595.0,1305887005.0,0.01189348001820418
2026-04-27,33.38,33.46,32.68,32.78,9854113.0,328260079.0,1305887005.0,0.007545915505913163
2026-04-28,32.77,33.48,32.09,32.15,13008618.0,430512295.0,1298614841.0,0.010017302736185193
2026-04-29,32.15,34.3,32.06,33.63,25158224.0,859571278.0,1298614841.0,0.01937312219582126
2026-04-30,34.44,34.66,33.53,34.09,17379863.0,603253028.0,1298614841.0,0.013383385474492663
2026-05-06,33.64,33.96,33.03,33.54,16220480.0,549585065.0,1298614841.0,0.012490601129669363
2026-05-07,33.63,33.84,33.13,33.56,13794116.0,467167821.0,1298614841.0,0.010622176464099103
2026-05-08,33.54,33.68,32.97,33.17,9327655.0,313861766.0,1298614841.0,0.007182772524621101
2026-05-11,33.41,33.41,32.6,33.19,16088682.0,531031466.0,1298614841.0,0.012389109913152455
2026-05-12,33.0,34.5,32.78,33.5,18029671.0,604639318.0,1298614841.0,0.013883770946369464
2026-05-13,33.3,33.37,31.83,32.36,18605951.0,603040373.0,1298614841.0,0.014327536088893351
2026-05-14,32.32,32.7,31.37,31.39,11688682.0,372403755.0,1298614841.0,0.009000884350743378
2026-05-15,31.33,31.88,31.03,31.38,10097323.0,317595458.0,1298614841.0,0.007775456341022981
2026-05-18,31.39,31.39,30.3,30.63,15846429.0,484037373.0,1298614841.0,0.012202562684250119
2026-05-19,31.15,33.0,31.15,32.34,26552101.0,862454241.0,1298614841.0,0.0204464789417881
2026-05-20,32.78,32.78,31.94,31.96,12132621.0,390783912.0,1298614841.0,0.009342740138913907
2026-05-21,31.93,33.2,31.83,32.39,15376551.0,503221124.0,1298614841.0,0.011840732536337923
2026-05-22,33.57,35.57,33.57,34.72,38721778.0,1346309220.0,1298614841.0,0.029817754100347604
2026-05-25,34.7,35.0,33.91,34.36,13876255.0,477322495.0,1298614841.0,0.010685427704887904
2026-05-26,34.36,35.89,34.2,35.23,22820756.0,806726828.0,1298614841.0,0.017573152007431894
2026-05-27,35.02,35.8,34.71,35.68,17403403.0,613214095.0,1298614841.0,0.013401512481251552
2026-05-28,35.35,35.86,34.88,35.02,17697578.0,624244110.0,1298614841.0,0.013628042311892845
2026-05-29,35.03,37.18,34.9,36.37,29833887.0,1085355466.0,1298614841.0,0.02297362239986906
2026-06-01,36.91,38.27,36.0,36.21,29292419.0,1081317536.0,1298614841.0,0.022556664281953943
