date,open,high,low,close,volume,amount,outstanding_share,turnover
2015-01-05,3.28,3.5,3.27,3.5,12438713.0,193868048.0,248308087.0,0.050093869878672134
2015-01-06,3.48,3.57,3.43,3.54,9341199.0,150181024.0,248308087.0,0.03761939094637703
2015-01-07,3.54,3.61,3.48,3.51,7992009.0,129048264.0,248308087.0,0.03218585869094147
2015-01-08,3.51,3.53,3.41,3.46,5565435.0,88302040.0,248308087.0,0.02241342626911704
2015-01-09,3.48,3.56,3.46,3.48,7202547.0,115679760.0,248308087.0,0.02900649385615862
2015-01-12,3.48,3.8,3.4,3.63,16349485.0,269360192.0,248308087.0,0.06584354620717608
2015-01-13,3.68,3.82,3.64,3.82,18816678.0,324042592.0,248308087.0,0.07577956170231379
2015-01-14,3.81,3.83,3.7,3.71,11310960.0,194011312.0,248308087.0,0.04555212090212753
2015-01-15,3.71,3.78,3.65,3.68,6610950.0,111930600.0,248308087.0,0.026623981843974336
2015-01-16,3.67,3.73,3.63,3.71,5327170.0,89930080.0,248308087.0,0.021453872342063512
2015-01-19,3.64,3.75,3.45,3.54,9096898.0,150578592.0,248308087.0,0.03663552850777671
2015-01-20,3.55,3.67,3.55,3.65,7675116.0,127174256.0,248308087.0,0.030909649752969986
2015-01-21,3.65,3.75,3.63,3.73,9744197.0,165656928.0,248308087.0,0.03924236668135581
2015-01-22,3.73,3.85,3.72,3.85,15147625.0,263886272.0,248308087.0,0.06100334943984326
2015-01-23,3.88,3.91,3.77,3.77,11758876.0,205084000.0,248308087.0,0.04735599287992581
2015-01-26,3.78,3.85,3.76,3.84,8311314.0,144871680.0,248308087.0,0.03347178136811952
2015-01-27,3.87,3.97,3.82,3.97,19221272.0,342833216.0,248308087.0,0.07740896493636955
2015-01-28,4.06,4.22,3.98,4.1,34660316.0,650149504.0,248308087.0,0.13958593301876632
2015-01-29,4.05,4.05,3.94,3.96,13266306.0,241815024.0,248308087.0,0.05342679797617707
2015-01-30,3.99,4.04,3.87,3.88,9165296.0,164469328.0,248308087.0,0.03691098469942302
2015-02-02,3.84,3.93,3.77,3.89,6323070.0,111163712.0,248308087.0,0.025464615657080875
2015-02-03,3.9,3.94,3.89,3.94,6199884.0,111056288.0,248308087.0,0.024968514215165293
2015-02-04,3.95,4.01,3.94,3.94,8314230.0,150833392.0,248308087.0,0.03348352484387671
2015-02-05,3.98,3.98,3.86,3.87,8913535.0,159558624.0,248308087.0,0.035897078938069385
2015-02-06,3.89,3.89,3.71,3.72,7064684.0,122127912.0,248308087.0,0.028451284391716167
2015-02-09,3.68,3.75,3.63,3.64,4647889.0,78282512.0,248308087.0,0.01871823449713098
2015-02-10,3.64,3.73,3.64,3.71,3140192.0,53066628.0,248308087.0,0.012646354123778498
2015-02-11,3.76,3.83,3.75,3.81,6028413.0,104611720.0,248308087.0,0.0242779567626406
2015-02-12,3.8,3.83,3.77,3.82,5136459.0,89447208.0,248308087.0,0.02068583050216967
2015-02-13,3.84,3.9,3.8,3.89,9889946.0,174508416.0,248308087.0,0.03982933507920747
2015-02-16,3.89,4.21,3.89,4.13,28743588.0,533493408.0,248308087.0,0.11575776023758742
2015-02-17,4.2,4.55,4.15,4.55,42966988.0,859344640.0,248308087.0,0.17303901986889375
2015-02-25,4.7,4.7,4.34,4.38,38322612.0,781747136.0,248308087.0,0.15433493311879126
2015-02-26,4.37,4.81,4.33,4.72,55509924.0,1187911680.0,248308087.0,0.22355262235176415
2015-02-27,4.72,4.8,4.59,4.78,35600960.0,765346176.0,248308087.0,0.14337414632814596
2015-03-02,4.79,5.13,4.77,4.99,48906668.0,1101156608.0,248308087.0,0.19695962620822735
2015-03-03,4.86,5.07,4.76,4.78,35488416.0,797416384.0,248308087.0,0.14292090293458706
2015-03-04,4.78,4.85,4.71,4.75,20053340.0,437066752.0,248308087.0,0.08075991500027142
2015-03-05,4.74,5.22,4.69,5.15,43379772.0,991829760.0,248308087.0,0.1747014063218972
2015-03-06,5.08,5.1,4.79,4.81,32727238.0,733561280.0,248308087.0,0.13180093486040992
2015-03-09,4.77,4.87,4.71,4.79,14963221.0,326743264.0,248308087.0,0.060260707497617666
2015-03-10,4.81,4.94,4.79,4.85,15405069.0,342186144.0,248308087.0,0.062040142091707225
2015-03-11,4.81,4.85,4.62,4.66,16493140.0,356230688.0,248308087.0,0.0664220815329305
2015-03-12,4.69,4.82,4.5,4.8,19457532.0,412283424.0,248308087.0,0.07836044421702625
2015-03-13,4.76,4.85,4.68,4.81,15540522.0,339567808.0,248308087.0,0.06258564587145324
2015-03-16,4.81,4.96,4.75,4.91,16989844.0,380000192.0,248308087.0,0.06842243523063346
2015-03-17,4.92,5.14,4.88,4.96,23949202.0,548585216.0,248308087.0,0.09644954495581934
2015-03-18,4.97,5.17,4.91,5.1,24709920.0,570463808.0,248308087.0,0.09951315037113552
2015-03-19,5.1,5.27,4.97,5.05,26583298.0,623003200.0,248308087.0,0.10705772140236415
2015-03-20,5.02,5.09,4.9,5.01,17778924.0,406228928.0,248308087.0,0.0716002616539831
2015-03-23,5.03,5.16,5.02,5.08,21102184.0,488751456.0,248308087.0,0.08498387730722601
2015-03-24,5.2,5.57,5.14,5.53,44823524.0,1098032000.0,248308087.0,0.18051576387038898
2015-03-25,5.43,5.56,5.31,5.47,29179912.0,725272448.0,248308087.0,0.11751494827472131
2015-03-26,5.41,5.64,5.25,5.34,30638712.0,757622528.0,248308087.0,0.1233899079573675
2015-03-27,5.34,5.41,5.27,5.37,13567925.0,330731424.0,248308087.0,0.0546414946203504
2015-03-30,5.36,5.36,5.26,5.29,16105688.0,389523232.0,248308087.0,0.0648617135051264
2015-03-31,5.3,5.41,5.26,5.29,16277270.0,396603488.0,251745186.0,0.06465772100206119
2015-04-01,5.41,5.74,5.41,5.58,32760820.0,837179328.0,251745186.0,0.13013484198263875
2015-04-02,5.71,5.8,5.48,5.68,37924048.0,983348800.0,251745186.0,0.15064458074681913
2015-04-03,5.79,5.96,5.68,5.83,32801168.0,873731520.0,251745186.0,0.13029511515664097
2015-04-07,5.84,5.96,5.69,5.84,25946068.0,689529408.0,251745186.0,0.1030648029948823
2015-04-08,5.84,5.84,5.51,5.56,25100510.0,647181120.0,251745186.0,0.09970601781437838
2015-04-09,5.6,5.6,5.21,5.39,20489732.0,502114336.0,251745186.0,0.08139075994088721
2015-04-10,5.34,5.69,5.3,5.64,19534638.0,500132832.0,251745186.0,0.07759686812839392
2015-04-13,5.62,5.72,5.51,5.67,19469396.0,500531552.0,251745186.0,0.07733770925017808
2015-04-14,5.64,5.64,5.43,5.5,17508314.0,442210976.0,251745186.0,0.06954776088548521
2015-04-15,5.49,5.49,5.22,5.23,13415584.0,327083456.0,251745186.0,0.053290329849644075
2015-04-16,5.16,5.37,5.1,5.26,10800927.0,259849328.0,251745186.0,0.042904204730254504
2015-04-17,5.28,5.39,5.28,5.33,13213076.0,321776640.0,251745186.0,0.05248591327581533
2015-04-20,5.33,5.33,5.13,5.18,14959721.0,358618400.0,251745186.0,0.0594240598507413
2015-04-21,5.15,5.38,5.13,5.37,13727648.0,332414816.0,251745186.0,0.054529932500874116
2015-04-22,5.46,5.64,5.45,5.57,19907664.0,507004288.0,251745186.0,0.07907862833968948
2015-04-23,5.63,5.82,5.58,5.77,29122684.0,758815616.0,251745186.0,0.11568318132605722
2015-04-24,5.64,5.73,5.51,5.58,19078058.0,488890720.0,251745186.0,0.07578320881973091
2015-04-27,5.63,5.73,5.45,5.53,17373480.0,443001440.0,251745186.0,0.06901216375196148
2015-04-28,5.53,5.61,5.28,5.29,15221197.0,377113376.0,251745186.0,0.06046271327706739
2015-04-29,5.24,5.59,5.24,5.59,17545888.0,442553184.0,251745186.0,0.0696970149808545
2015-04-30,5.59,5.65,5.39,5.4,12718365.0,319912320.0,251745186.0,0.05052078731706115
2015-05-04,5.41,5.71,5.41,5.67,23475236.0,602257728.0,251745186.0,0.09324998969394394
2015-05-05,5.62,5.62,5.31,5.37,14921152.0,373801344.0,251745186.0,0.05927085334612913
2015-05-06,5.38,5.5,5.14,5.23,11457142.0,281147904.0,251745186.0,0.04551086827932432
2015-05-07,5.24,5.27,4.9,4.92,11605497.0,268878144.0,251745186.0,0.046100174483574834
2015-05-08,5.04,5.14,4.96,5.13,10677999.0,245867424.0,251745186.0,0.042415901450445215
2015-05-11,5.18,5.31,5.16,5.31,12143172.0,292442208.0,251745186.0,0.04823596507621004
2015-05-12,5.34,5.41,5.24,5.36,16989472.0,414028512.0,251745186.0,0.06748678006498206
2015-05-20,5.86,5.9,5.49,5.9,40220828.0,1061644096.0,251745186.0,0.15976801240600486
2015-05-21,5.91,6.32,5.79,6.18,38031176.0,1057130944.0,251745186.0,0.15107012215121365
2015-05-22,6.18,6.18,5.93,6.05,28318968.0,781374272.0,251745186.0,0.11249060389182576
2015-05-25,5.96,6.17,5.94,6.12,24873426.0,691789504.0,251745186.0,0.0988039787183855
2015-05-26,6.14,6.42,5.98,6.34,34201712.0,973883584.0,251745186.0,0.1358584549060652
2015-05-27,6.36,6.36,6.13,6.26,23541492.0,670836800.0,251745186.0,0.093513176454544
2015-05-28,6.26,6.75,5.86,5.93,34353944.0,1002723008.0,251745186.0,0.13646316160341593
2015-05-29,5.99,6.52,5.68,6.52,46462648.0,1339940480.0,251745186.0,0.18456221045672747
2015-06-01,6.78,7.04,6.58,6.99,45443888.0,1436152960.0,251745186.0,0.18051542006447743
2015-06-02,6.98,7.5,6.87,7.21,31573064.0,1033624896.0,251745186.0,0.12541675374876882
2015-06-03,7.07,7.45,6.92,7.09,26875800.0,879010624.0,251745186.0,0.10675795008052309
2015-06-04,7.11,7.8,6.62,7.8,35290244.0,1180604032.0,251745186.0,0.1401823985623304
2015-06-05,8.12,8.49,7.87,7.89,41886396.0,1548506496.0,251745186.0,0.16638409919782934
2015-06-08,7.9,7.98,7.31,7.49,30074186.0,1030129920.0,251745186.0,0.11946280474257014
2015-06-09,7.35,7.86,7.31,7.56,18726592.0,650723520.0,251745186.0,0.07438709076248234
2015-06-10,7.46,7.77,7.36,7.59,17637292.0,610998912.0,251745186.0,0.07006009640239953
2015-06-11,7.49,7.9,7.39,7.7,19305044.0,675983168.0,251745186.0,0.0766848586332054
2015-06-12,7.77,8.1,7.62,7.81,21665864.0,778358912.0,251745186.0,0.08606267450135074
2015-06-15,7.79,7.93,7.18,7.28,21708416.0,746963264.0,251745186.0,0.08623170255974627
2015-06-16,7.16,7.23,6.7,6.8,18736704.0,594892480.0,251745186.0,0.0744272583627478
2015-06-17,6.81,7.46,6.62,7.46,15446057.0,485281024.0,251745186.0,0.061355918043255055
2015-06-18,7.24,7.39,6.83,6.93,14359588.0,471739872.0,251745186.0,0.05704016918122915
2015-06-19,6.71,7.02,6.24,6.39,14420876.0,435944800.0,251745186.0,0.05728362170150892
2015-06-23,6.43,6.65,5.93,6.63,12550041.0,367563968.0,251745186.0,0.04985215884128168
2015-06-24,6.7,6.91,6.56,6.72,16194680.0,497279040.0,251745186.0,0.06432965117354816
2015-06-25,6.72,6.76,6.16,6.29,14379432.0,427643968.0,251745186.0,0.05711899491893362
2015-06-26,6.14,6.14,5.66,5.66,14074976.0,375452512.0,251745186.0,0.05590961330239697
2015-06-29,5.85,5.85,5.09,5.09,17481672.0,426930080.0,251745186.0,0.06944193165227
2015-06-30,4.72,5.35,4.58,5.31,24289420.0,550055296.0,254223237.99999997,0.09554366544572138
2015-07-01,5.24,5.38,4.78,4.78,18881032.0,446919008.0,254223237.99999997,0.07426949695291035
2015-07-02,4.75,4.75,4.3,4.3,21609970.0,437720992.0,254223237.99999997,0.08500391297824632
2015-07-03,4.03,4.36,3.87,3.87,20900028.0,380146240.0,254223237.99999997,0.08221132011543336
2015-07-06,4.26,4.26,3.48,3.48,28437964.0,489900160.0,254223237.99999997,0.11186217366958406
2015-07-20,3.83,3.83,3.83,3.83,390313.0,6818768.0,254223237.99999997,0.0015353159808309893
2015-07-21,4.22,4.22,4.22,4.22,403183.0,7749178.0,254223237.99999997,0.0015859407785530607
2015-07-22,4.64,4.64,4.64,4.64,2552448.0,53958752.0,254223237.99999997,0.010040183659371062
2015-07-23,5.1,5.1,4.96,5.1,30042284.0,694523520.0,254223237.99999997,0.11817284775516865
2015-07-24,5.22,5.35,5.05,5.1,54606276.0,1293052032.0,254223237.99999997,0.21479655608823614
2015-07-27,5.0,5.2,4.59,4.59,32430592.0,733827968.0,254223237.99999997,0.12756737839992427
2015-07-28,4.36,4.74,4.15,4.42,25588384.0,514925440.0,254223237.99999997,0.10065320621870139
2015-07-29,4.54,4.73,4.33,4.71,21710038.0,446152672.0,254223237.99999997,0.08539753553135061
2015-07-30,4.69,4.94,4.49,4.58,25663848.0,559626624.0,254223237.99999997,0.10095004768997555
2015-07-31,4.54,4.79,4.39,4.55,21189680.0,447617408.0,254223237.99999997,0.08335068094758515
2015-08-03,4.46,4.47,4.09,4.13,19415844.0,375140576.0,254223237.99999997,0.07637320707873291
2015-08-04,4.15,4.54,4.15,4.54,22395492.0,448986432.0,254223237.99999997,0.08809380360421655
2015-08-05,4.53,4.89,4.5,4.7,32095084.0,690919680.0,254223237.99999997,0.1262476406661141
2015-08-06,4.61,5.17,4.54,5.17,26878016.0,613312128.0,254223237.99999997,0.1057260390963945
2015-08-07,5.48,5.67,5.29,5.47,51778180.0,1285261568.0,254223237.99999997,0.20367209704094794
2015-08-10,5.47,5.92,5.34,5.75,46376748.0,1194671104.0,254223237.99999997,0.18242529032692129
2015-08-11,5.7,6.33,5.68,6.18,57806528.0,1631264256.0,254223237.99999997,0.22738490963599484
2015-08-12,6.14,6.25,5.89,5.95,39882040.0,1098062592.0,254223237.99999997,0.1568780270197015
2015-08-13,5.92,6.3,5.87,6.22,38492940.0,1070022848.0,254223237.99999997,0.15141393171933404
2015-08-14,6.25,6.29,5.9,5.98,28333450.0,783827648.0,254223237.99999997,0.11145106254999397
2015-08-17,5.85,6.33,5.79,6.11,26587272.0,744082944.0,254223237.99999997,0.10458238282686023
2015-08-18,6.01,6.08,5.5,5.5,28812376.0,757795840.0,254223237.99999997,0.1133349422604711
2015-08-19,5.26,5.68,4.95,5.61,28829506.0,695911872.0,254223237.99999997,0.1134023239842457
2015-08-20,5.48,5.56,5.11,5.11,18558960.0,454894560.0,254223237.99999997,0.07300261040652783
2015-08-21,4.97,5.11,4.61,4.69,23725896.0,523085696.0,254223237.99999997,0.09332701521172507
2015-08-24,4.58,4.58,4.22,4.22,17054840.0,334644544.0,254223237.99999997,0.06708607810274213
2015-08-25,3.8,4.01,3.8,3.8,20879492.0,365396288.0,254223237.99999997,0.08213054071791817
2015-08-26,3.83,4.16,3.66,3.86,34338324.0,612492608.0,254223237.99999997,0.13507153897552043
2015-08-27,4.08,4.25,4.03,4.25,44028272.0,844418752.0,254223237.99999997,0.1731874408743075
2015-08-28,4.51,4.63,4.33,4.58,48082752.0,983947008.0,254223237.99999997,0.1891359435835681
2015-08-31,4.4,4.76,4.34,4.49,37113816.0,768074816.0,254223237.99999997,0.14598907752091492
2015-09-01,4.35,4.38,4.04,4.04,24759402.0,468422624.0,254223237.99999997,0.09739236347858965
2015-09-02,3.73,4.34,3.73,3.94,27748314.0,514352064.0,254223237.99999997,0.10914940041791145
2015-09-07,4.02,4.33,3.92,4.03,27528424.0,516674144.0,254223237.99999997,0.10828445195084803
2015-09-08,4.03,4.43,3.95,4.43,26969172.0,515708512.0,254223237.99999997,0.10608460584551284
2015-09-09,4.56,4.87,4.56,4.87,45374784.0,987216064.0,254223237.99999997,0.1784840141167583
2015-09-10,4.69,5.02,4.61,4.68,37821784.0,831709760.0,254223237.99999997,0.1487739055546134
2015-09-11,4.75,4.93,4.65,4.86,29872504.0,653977664.0,254223237.99999997,0.11750500951451182
2015-09-14,4.89,4.93,4.37,4.37,27714648.0,581382656.0,254223237.99999997,0.1090169734994879
2015-09-15,4.2,4.28,3.94,3.94,28173648.0,523576096.0,254223237.99999997,0.11082247327838694
2015-09-16,4.06,4.33,4.01,4.33,32663882.0,630656768.0,254223237.99999997,0.12848503644658954
2015-09-17,4.72,4.77,4.65,4.77,20599260.0,446110816.0,254223237.99999997,0.08102823393351635
2015-09-18,4.96,5.24,4.89,5.09,74074576.0,1718348928.0,254223237.99999997,0.2913761015033567
2015-09-21,4.91,5.55,4.89,5.51,64948740.0,1529334272.0,254223237.99999997,0.25547916276638727
2015-09-22,5.42,5.53,5.25,5.3,49956008.0,1220780928.0,254223237.99999997,0.19650449106466028
2015-09-23,5.26,5.83,5.25,5.81,70007632.0,1822553472.0,254223237.99999997,0.275378571017965
2015-09-24,5.81,5.81,5.49,5.61,55554184.0,1421434880.0,254223237.99999997,0.218525200280865
2015-09-25,5.55,5.75,5.19,5.48,48185296.0,1216764288.0,254223237.99999997,0.18953930560824658
2015-09-28,5.44,5.79,5.2,5.71,41366812.0,1057881728.0,254223237.99999997,0.16271845298422327
2015-09-29,5.6,6.12,5.49,5.7,44295020.0,1174593280.0,254223237.99999997,0.17423670766084728
2015-09-30,5.84,5.97,5.41,5.52,33099112.0,851183424.0,254223237.99999997,0.13019703572495606
2015-10-08,5.76,6.03,5.62,5.9,38723604.0,1038941184.0,254223237.99999997,0.15232126026181764
2015-10-09,5.82,6.0,5.74,5.87,38231768.0,1025618304.0,254223237.99999997,0.15038659841158974
2015-10-12,5.87,6.45,5.86,6.06,45770840.0,1281084672.0,254223237.99999997,0.18004192047935447
2015-10-13,5.93,6.58,5.91,6.51,44477592.0,1251384960.0,254223237.99999997,0.1749548638822703
2015-10-14,6.49,6.56,6.23,6.29,41108640.0,1196689024.0,254223237.99999997,0.16170292032862868
2015-10-15,6.22,6.53,6.18,6.43,31314624.0,910165760.0,254223237.99999997,0.12317766167387108
2015-10-16,6.63,7.02,6.47,6.53,44064116.0,1343091200.0,254223237.99999997,0.17332843506619172
2015-10-19,6.47,7.09,6.29,6.91,49157276.0,1495349248.0,254223237.99999997,0.19336263823372435
2015-10-20,6.8,6.81,6.63,6.76,28964316.0,887918528.0,254223237.99999997,0.11393260595634457
2015-10-21,6.75,6.91,6.08,6.08,43988412.0,1287542144.0,254223237.99999997,0.1730306495427456
2015-10-22,6.07,6.38,5.89,6.34,38660756.0,1088668544.0,254223237.99999997,0.15207404446638353
2015-10-23,6.52,6.75,6.29,6.55,39862416.0,1186043904.0,254223237.99999997,0.15680083502043982
2015-10-26,6.58,7.01,6.38,6.83,43372856.0,1337010688.0,254223237.99999997,0.17060932879786547
2015-10-27,6.61,6.77,6.21,6.66,31331230.0,931231872.0,254223237.99999997,0.1232429822170702
2015-10-28,6.58,7.02,6.52,6.79,41225384.0,1283866368.0,254223237.99999997,0.16216213877348223
2015-10-29,7.24,7.41,6.71,6.88,37366912.0,1184524544.0,254223237.99999997,0.1469846434730723
2015-10-30,6.8,7.57,6.76,7.47,60641824.0,2025793536.0,254223237.99999997,0.23853769024844224
2015-11-02,7.06,7.77,7.04,7.17,52553184.0,1770696704.0,254223237.99999997,0.20672061458048144
2015-11-03,7.09,7.55,7.04,7.28,38542208.0,1283676032.0,254223237.99999997,0.1516077298960373
2015-11-04,7.32,8.01,7.22,8.01,42859272.0,1505722112.0,254223237.99999997,0.16858912008665394
2015-11-05,8.23,8.74,8.02,8.13,59518360.0,2265916160.0,255480488.0,0.23296636258186573
2015-11-06,8.04,8.55,8.01,8.42,43114616.0,1618032128.0,255480488.0,0.16875893864740074
2015-11-09,8.25,9.25,8.2,9.11,45569880.0,1827589120.0,255480488.0,0.17836931640744322
2015-11-10,8.99,10.02,8.92,10.02,42909248.0,1863653376.0,255480488.0,0.16795508860935007
2015-11-11,10.49,10.75,10.0,10.29,50761904.0,2399183872.0,255480488.0,0.19869190166882725
2015-11-12,10.07,10.64,9.67,10.13,48760716.0,2249669376.0,255480488.0,0.1908588651200635
2015-11-13,9.97,10.97,9.72,10.05,54606456.0,2559550720.0,255480488.0,0.2137402211318776
2015-11-16,9.76,10.24,9.76,10.03,26876610.0,1220587904.0,255504487.99999997,0.10519036362288871
2015-11-17,10.44,10.86,10.04,10.09,41371100.0,1963650048.0,255504487.99999997,0.16191926930066294
2015-11-18,10.27,10.42,9.65,9.87,36037396.0,1646521088.0,255504487.99999997,0.14104408216892067
2015-11-19,10.0,10.86,9.65,10.86,52619764.0,2482545920.0,255504487.99999997,0.20594457816333936
2015-11-20,11.17,11.95,10.82,11.17,65722692.0,3396573184.0,255504487.99999997,0.25722715289447284
2015-11-23,10.97,11.36,10.05,10.19,54842652.0,2649745920.0,255504487.99999997,0.21464457407104334
2015-11-24,10.35,10.67,10.17,10.49,30023678.0,1421936256.0,255504487.99999997,0.11750743885171991
2015-11-25,10.49,10.63,10.31,10.51,23479204.0,1122413312.0,255504487.99999997,0.09189350912693167
2015-11-26,10.46,10.47,9.84,10.02,33477602.0,1538420992.0,255504487.99999997,0.13102549494159962
2015-11-27,9.87,10.23,9.26,9.46,27298242.0,1228682240.0,255504487.99999997,0.10684055772828539
2015-11-30,9.71,10.4,9.44,10.4,35333692.0,1601132672.0,255504487.99999997,0.13828990745555908
2015-12-01,10.4,10.4,9.36,9.67,38645216.0,1740008320.0,255504487.99999997,0.15125063478337025
2015-12-02,9.54,10.28,9.21,9.94,32484552.0,1455088000.0,255504487.99999997,0.12713887045303096
2015-12-03,10.16,10.93,10.11,10.93,59173544.0,2879584768.0,255504487.99999997,0.23159492994894088
2015-12-04,10.84,11.04,10.44,10.86,45600824.0,2235333120.0,255504487.99999997,0.17847367127265493
2015-12-07,11.11,11.95,10.75,11.71,50853824.0,2663936256.0,255504487.99999997,0.19903299702508553
2015-12-08,11.53,12.76,11.41,12.5,50564856.0,2766105088.0,255504487.99999997,0.1979020266759463
2015-12-09,12.5,13.76,12.29,13.76,60992272.0,3768014080.0,255504487.99999997,0.2387131141117177
2015-12-10,13.82,14.35,13.34,13.86,64389984.0,4042953472.0,255504487.99999997,0.2520111662383011
2015-12-11,13.6,14.13,13.06,13.15,41697308.0,2584349696.0,255504487.99999997,0.16319599051426448
2015-12-14,12.87,13.22,12.26,12.95,40295768.0,2338088448.0,255504487.99999997,0.15771060741602316
2015-12-15,12.87,14.04,12.79,13.77,42420324.0,2582104832.0,255504487.99999997,0.16602574902715606
2015-12-16,13.57,13.77,13.17,13.25,33462596.0,2054411008.0,255504487.99999997,0.13096676407500132
2015-12-17,13.33,13.85,13.16,13.38,34922572.0,2142786432.0,255504487.99999997,0.1366808554846207
2015-12-18,13.34,14.5,13.31,13.82,48297184.0,3051182848.0,255504487.99999997,0.18902675400363225
2015-12-21,13.61,13.77,12.95,13.16,33701516.0,2031049984.0,255504487.99999997,0.13190185528169668
2015-12-22,13.16,13.27,12.84,13.19,21101780.0,1257500928.0,255504487.99999997,0.08258868626996486
2015-12-23,13.18,13.6,12.91,13.04,27767040.0,1679832192.0,255504487.99999997,0.10867535133081499
2015-12-24,12.97,13.27,12.62,12.92,20185116.0,1187599872.0,255504487.99999997,0.0790010232618693
2015-12-25,13.01,13.82,13.01,13.34,33844576.0,2069760128.0,255504487.99999997,0.1324617671686456
2015-12-28,13.16,13.58,12.94,12.98,22442044.0,1350158976.0,255504487.99999997,0.08783424579219135
2015-12-29,13.03,14.26,12.9,14.01,44537720.0,2776779776.0,255504487.99999997,0.17431286764716244
2015-12-30,14.01,14.15,13.53,13.87,30132370.0,1893533824.0,255504487.99999997,0.11793284038126173
2015-12-31,13.87,14.69,13.68,13.81,37033808.0,2406573056.0,254191688.0,0.1456924429409352
2016-01-04,13.82,13.82,12.43,12.43,30200472.0,1752339200.0,254191688.0,0.11880983299501123
2016-01-05,11.18,11.74,11.18,11.2,38122596.0,1966112768.0,254191688.0,0.14997577733540995
2016-01-06,11.34,11.52,10.54,11.52,35820440.0,1818113792.0,254191688.0,0.1409190059747351
2016-01-07,11.1,11.1,10.37,10.37,7668038.0,372185280.0,254191688.0,0.030166360121106715
2016-01-08,10.42,10.47,9.33,9.92,35584296.0,1624747904.0,254191688.0,0.1399900062821881
2016-01-11,9.32,10.17,9.1,9.42,31506958.0,1400004736.0,254191688.0,0.12394959979965986
2016-01-12,9.67,10.05,9.39,9.83,32635240.0,1452790912.0,254191688.0,0.1283883051282149
2016-01-13,9.85,9.98,9.22,9.43,30705328.0,1348833536.0,254191688.0,0.12079595616045478
2016-01-14,8.88,10.38,8.79,10.38,41116420.0,1846719744.0,254191688.0,0.16175359754485757
2016-01-15,10.14,10.67,10.09,10.16,44490320.0,2093987072.0,254191688.0,0.17502665154023447
2016-01-18,9.78,10.42,9.68,10.18,33646104.0,1536338944.0,254191688.0,0.13236508347196624
2016-01-19,10.15,10.64,10.1,10.62,33971572.0,1612727936.0,254191688.0,0.13364548725920575
2016-01-20,10.5,11.13,10.42,10.7,35473124.0,1742201984.0,254191688.0,0.13955265130463274
2016-01-21,10.39,10.79,9.63,9.63,39061744.0,1801455616.0,254191688.0,0.15367042214220633
2016-01-22,9.58,9.9,9.04,9.63,29086828.0,1264839936.0,254191688.0,0.11442871412852808
2016-01-25,9.76,9.93,9.32,9.49,22166162.0,978553280.0,254191688.0,0.08720254456156726
2016-01-26,9.32,9.33,8.54,8.54,27220608.0,1106513536.0,254191688.0,0.10708693196923103
2016-01-27,8.54,8.67,7.69,8.15,30974094.0,1132673024.0,254191688.0,0.12185329207145436
2016-01-28,7.96,8.09,7.34,7.34,22037828.0,774732800.0,254191688.0,0.08669767360764369
2016-01-29,7.26,8.07,7.13,8.07,38304036.0,1359925504.0,254191688.0,0.15068956936152844
2016-02-01,8.11,8.38,7.59,7.9,40137656.0,1475862400.0,254191688.0,0.1579031018512297
2016-02-02,7.94,8.45,7.82,8.12,28417188.0,1059807552.0,254191688.0,0.11179432428962822
2016-02-03,7.93,8.69,7.92,8.57,31826812.0,1200305408.0,254191688.0,0.12520791789226404
2016-02-04,8.63,9.43,8.51,9.43,40750944.0,1652644608.0,254191688.0,0.16031580072752025
2016-02-05,9.94,10.05,9.35,9.41,42639384.0,1891569920.0,254191688.0,0.16774499723216757
2016-02-15,9.12,10.04,9.0,9.82,34350324.0,1492965760.0,254191688.0,0.13513551237757232
2016-02-16,9.78,10.14,9.6,10.01,36529380.0,1645457920.0,254191688.0,0.14370800354415994
2016-02-17,9.93,10.09,9.66,9.92,27378540.0,1231116928.0,254191688.0,0.10770824260783854
2016-02-18,10.01,10.36,9.76,9.78,28462980.0,1304507264.0,254191688.0,0.11197447180098194
2016-02-19,9.78,9.97,9.55,9.78,20936852.0,931217600.0,254191688.0,0.08236639114651145
2016-02-22,9.89,10.42,9.71,10.28,36309804.0,1673435392.0,254191688.0,0.14284418300884802
2016-02-23,10.27,10.28,9.59,9.83,33401258.0,1504295680.0,254191688.0,0.13140184977252287
2016-02-24,9.65,9.89,9.55,9.8,21245286.0,942689728.0,254191688.0,0.08357978251436766
2016-02-25,10.05,10.16,8.82,8.93,36143520.0,1581987584.0,254191688.0,0.14219001527697475
2016-02-26,9.03,9.1,8.36,8.75,24346328.0,979207168.0,254191688.0,0.09577940251138346
2016-02-29,8.66,8.66,7.87,7.87,25472408.0,927632896.0,254191688.0,0.10020944508618236
2016-03-01,7.88,8.22,7.55,8.12,23987668.0,865154816.0,254191688.0,0.09436842010349292
2016-03-02,8.07,8.73,7.94,8.55,26272296.0,996626432.0,254191688.0,0.10335623562954584
2016-03-03,8.45,8.88,8.43,8.49,25960344.0,1022650688.0,254191688.0,0.10212900431268232
2016-03-04,8.51,8.67,7.79,7.89,23791698.0,884161408.0,254191688.0,0.09359746649150856
2016-03-07,8.07,8.26,7.96,8.08,15082704.0,558114624.0,254191688.0,0.0593359449267279
2016-03-08,8.11,8.78,7.55,8.58,34389664.0,1301673600.0,254191688.0,0.1352902774696551
2016-03-09,8.28,8.67,8.18,8.23,23763210.0,910658944.0,254191688.0,0.09348539359005319
2016-03-10,8.29,8.6,8.12,8.35,23794380.0,910807424.0,254191688.0,0.09360801758395813
2016-03-11,8.14,8.37,8.01,8.16,17333504.0,648170944.0,254191688.0,0.06819067978336098
2016-03-14,8.38,8.96,8.38,8.78,33337288.0,1328735872.0,254191688.0,0.13115018930123318
2016-03-15,8.71,9.34,8.64,8.85,40624160.0,1673188736.0,254191688.0,0.1598170275339609
2016-03-16,9.04,9.25,8.74,9.04,34297368.0,1409570048.0,254191688.0,0.13492718141121907
2016-03-17,9.11,9.94,9.04,9.94,49135616.0,2139948288.0,254191688.0,0.193301426913692
2016-03-18,9.93,10.37,9.81,10.09,54555540.0,2495495168.0,254191688.0,0.214623619006771
2016-03-21,10.21,10.3,9.89,10.27,40285856.0,1856474624.0,254191688.0,0.1584861264228278
2016-03-23,10.0,10.05,9.68,9.97,37658088.0,1694033792.0,254191688.0,0.1481483847733054
2016-03-24,9.81,10.71,9.65,10.21,44371916.0,2072623872.0,254191688.0,0.17456084559303134
2016-03-25,10.33,10.41,9.84,10.03,31301970.0,1437264000.0,254191688.0,0.12314316902447259
2016-03-28,10.29,10.93,10.21,10.46,48021748.0,2304984576.0,254191688.0,0.18891942682248525
2016-03-29,10.33,10.56,9.98,10.23,29626730.0,1382851712.0,254191688.0,0.11655270962282606
2016-03-30,10.35,11.25,10.35,11.25,47353828.0,2342231552.0,254191688.0,0.1862918035305702
2016-03-31,11.56,11.7,11.17,11.24,52069828.0,2704740096.0,254191688.0,0.20484473119357074
2016-04-01,11.18,11.51,10.94,11.49,33615904.0,1715120384.0,254191688.0,0.13224627549583762
2016-04-05,11.74,12.2,11.55,11.79,38984220.0,2107243264.0,254191688.0,0.15336543970706076
2016-04-06,11.56,12.72,11.52,12.36,40845420.0,2235750400.0,254191688.0,0.16068747299085562
2016-04-07,12.29,13.3,12.15,12.72,49529112.0,2871529984.0,254191688.0,0.1948494555022586
2016-04-08,12.6,12.99,12.47,12.88,38812928.0,2244869376.0,254191688.0,0.15269157030815264
2016-04-11,13.27,13.27,12.63,13.02,38190568.0,2257379840.0,254191688.0,0.15024318183055616
2016-04-12,12.79,12.9,11.74,12.02,43856800.0,2457834752.0,254191688.0,0.17253435918801563
2016-04-13,12.05,12.43,12.03,12.08,31752568.0,1771773184.0,254191688.0,0.12491583910485696
2016-04-14,12.11,12.41,11.96,12.23,24899216.0,1383886848.0,254191688.0,0.09795448543541675
2016-04-15,12.19,12.28,11.8,12.17,25654044.0,1409615744.0,254191688.0,0.100924008183934
2016-04-18,11.99,13.16,11.96,12.83,47023412.0,2704305152.0,254191688.0,0.18499193411863254
2016-04-19,12.75,13.32,12.75,13.01,39666312.0,2358560256.0,254191688.0,0.15604881619889946
2016-04-20,13.05,13.79,12.67,13.42,66499540.0,4036343552.0,254191688.0,0.2616117801617494
2016-04-21,13.15,13.28,12.13,12.21,46016632.0,2672189184.0,254191688.0,0.1810312223899312
2016-04-22,12.02,13.14,11.85,13.03,43133272.0,2456642560.0,254191688.0,0.16968797185846612
2016-04-25,12.88,13.14,12.19,12.69,33907096.0,1970773376.0,254191688.0,0.13339183616421005
2016-04-26,12.51,13.35,12.48,12.99,40866940.0,2435348480.0,254191688.0,0.16077213350894465
2016-04-27,13.03,13.62,12.95,13.06,41615052.0,2525505792.0,254191688.0,0.16371523525190956
2016-04-28,13.12,13.57,12.5,13.38,44242128.0,2622853632.0,254191688.0,0.17405025454648226
2016-04-29,13.2,13.94,13.18,13.65,47163108.0,2929605376.0,254191688.0,0.1855415036230453
2016-05-03,13.67,14.76,13.43,14.58,48967828.0,3159321600.0,254191688.0,0.19264134238724595
2016-05-04,14.5,15.15,14.44,14.62,47759536.0,3213181184.0,254191688.0,0.18788787460272893
2016-05-05,14.48,15.36,14.44,15.21,41704368.0,2817142784.0,254191688.0,0.16406660787429053
2016-05-06,15.12,15.97,14.81,14.83,59907928.0,4197353216.0,254191688.0,0.23568012184568363
2016-05-09,14.7,15.05,13.69,14.49,44332168.0,2927372800.0,254191688.0,0.17440447541305915
2016-05-10,14.35,14.35,13.33,13.71,35270256.0,2230512896.0,254191688.0,0.13875456069200814
2016-05-11,13.94,14.32,13.6,13.67,32710314.0,2084761949.0,254191688.0,0.12868364916794603
2016-05-12,13.38,15.0,13.22,14.87,52649488.0,3408936403.0,254191688.0,0.2071251362082304
2016-05-13,14.68,15.61,14.48,15.14,55043975.0,3798378551.0,254191688.0,0.21654514131870434
2016-05-16,15.02,15.7,14.84,15.46,45010552.0,3145796916.0,254191688.0,0.17707326448849106
2016-05-17,15.42,16.52,15.34,15.46,55038387.0,3965371649.0,254191688.0,0.21652315790908158
2016-05-18,15.03,15.34,14.3,14.87,41985521.0,2839433501.0,254191688.0,0.16517267472569755
2016-05-19,14.92,15.7,14.75,15.42,45511509.0,3179333658.0,254191688.0,0.1790440488360894
2016-05-20,15.55,16.08,14.74,15.09,48576957.0,3419477053.0,254191688.0,0.1911036406509091
2016-05-23,15.31,15.57,14.74,15.43,37422439.0,2588874759.0,254191688.0,0.14722133243003602
2016-05-24,15.26,15.43,14.7,14.97,32263463.0,2217831587.0,254191688.0,0.1269257199314873
2016-05-25,15.0,15.21,14.08,14.29,35070906.0,2348999674.0,254191688.0,0.13797031002839086
2016-05-26,14.29,14.37,13.56,14.31,30920266.0,1966446923.0,254191688.0,0.12164153062314138
2016-05-27,14.16,14.43,13.32,13.51,28788984.0,1814004349.0,254191688.0,0.11325698423309577
2016-05-30,13.23,13.64,13.2,13.44,19090469.0,1173244027.0,254191688.0,0.07510264851775955
2016-05-31,13.57,14.1,13.5,14.04,25246212.0,1603223569.0,254191688.0,0.09931958121305681
2016-06-01,14.05,15.02,13.98,14.4,36616790.0,2425034541.0,254191688.0,0.1440518778883124
2016-06-02,14.29,14.62,14.13,14.31,22813872.0,1490467644.0,254191688.0,0.08975066092641078
2016-06-03,14.37,14.78,14.27,14.51,26740674.0,1771336021.0,254191688.0,0.1051988529223662
2016-06-06,14.54,14.7,14.35,14.66,23136292.0,1531272767.0,254191688.0,0.09101907376294696
2016-06-07,14.7,14.74,14.38,14.48,20724126.0,1371452623.0,254191688.0,0.08152951877797043
2016-06-08,14.37,15.84,14.33,15.37,49592229.0,3413371924.0,254191688.0,0.19509776023832848
2016-06-13,15.08,15.29,14.3,14.3,35395946.0,2395872302.0,254191688.0,0.13924903004696204
2016-06-14,14.15,14.59,13.96,14.11,21602880.0,1397460169.0,254191688.0,0.08498657123674319
2016-06-15,13.83,15.51,13.83,15.0,38488075.0,2617606801.0,254191688.0,0.15141358595486412
2016-06-16,15.03,15.88,14.93,15.38,47365818.0,3333451635.0,254191688.0,0.18633897265751664
2016-06-17,15.29,15.48,14.92,15.21,29164485.0,2015575862.0,254191688.0,0.11473421979085327
2016-06-20,15.46,15.74,15.14,15.69,36910800.0,2599493533.0,254191688.0,0.14520852467843087
2016-06-21,15.97,16.13,14.92,15.03,38792096.0,2752640621.0,254191688.0,0.15260961640885756
2016-06-22,14.81,15.13,14.57,15.13,22079366.0,1494013900.0,254191688.0,0.08686108571732684
2016-06-23,14.93,15.04,14.63,14.67,19484579.0,1310557128.0,254191688.0,0.07665309260623818
2016-06-24,14.69,14.95,13.54,14.16,47729606.0,1565467464.0,508383376.0,0.09388506440855769
2016-06-27,13.98,14.33,13.76,14.27,44200259.0,1410638125.0,508383376.0,0.08694277013495422
2016-06-28,14.14,14.18,13.79,13.98,36015851.0,1143705366.0,508383376.0,0.0708438802294747
2016-06-29,14.09,15.35,14.09,15.13,91346126.0,3086449355.0,508383376.0,0.17967960856375445
2016-06-30,14.93,15.03,14.38,14.71,58505568.0,1953708199.0,508383376.0,0.11508159149562751
2016-07-01,14.78,15.01,14.61,14.71,42453717.0,1432607678.0,508383376.0,0.083507288011715
2016-07-04,14.47,15.24,14.34,15.02,49526732.0,1680617993.0,508383376.0,0.09742004624478516
2016-07-05,15.08,15.61,14.79,15.25,70563135.0,2433332647.0,508383376.0,0.13879906057353064
2016-07-06,15.03,15.47,14.89,15.05,51016406.0,1754595470.0,508383376.0,0.10035026401020634
2016-07-07,15.24,16.56,15.19,16.56,131471917.0,4761661698.0,508383376.0,0.2586078208033301
2016-07-08,16.95,17.5,16.43,16.44,139207262.0,5335873312.0,508383376.0,0.2738233950435075
2016-07-12,15.83,15.95,14.95,15.7,88472492.0,3137308120.0,508383376.0,0.17402711452940978
2016-07-13,15.86,16.13,15.54,15.8,56707502.0,2041584410.0,508383376.0,0.11154476066109605
2016-07-14,15.83,16.41,15.56,16.3,60180034.0,2195120993.0,508383376.0,0.11837529872337918
2016-07-15,16.13,17.41,16.06,17.02,85850785.0,3291422931.0,508383376.0,0.16887016580967038
2016-07-18,16.71,17.49,16.58,17.02,68799967.0,2676047949.0,508383376.0,0.1353308747845445
2016-07-19,16.93,17.41,16.51,16.85,52995152.0,2037225723.0,508383376.0,0.10424249592299809
2016-07-20,16.8,16.9,16.53,16.65,33403456.0,1267911626.0,508383376.0,0.0657052483950616
2016-07-21,16.54,17.14,16.22,17.0,61058274.0,2320575880.0,508383376.0,0.12010281390475679
2016-07-22,16.8,16.91,16.0,16.11,58218196.0,2174395606.0,508383376.0,0.11451632517582558
2016-07-25,15.82,15.83,15.08,15.37,48382999.0,1703868991.0,508383376.0,0.09517030116264069
2016-07-26,15.39,15.78,15.39,15.59,27798891.0,985163942.0,508383376.0,0.05468095990613194
2016-07-27,15.6,15.81,14.34,14.99,42747052.0,1467228851.0,508383376.0,0.08408428366863042
2016-07-28,14.78,15.3,14.7,15.1,30832539.0,1053867289.0,508383376.0,0.06064820459432175
2016-07-29,15.09,15.21,14.66,14.83,23716922.0,804975075.0,508383376.0,0.04665164739769146
2016-08-01,14.69,14.72,14.14,14.5,26482794.0,865882862.0,508383376.0,0.05209217147965908
2016-08-02,14.49,14.63,14.3,14.52,18280365.0,601973532.0,508383376.0,0.035957833916268736
2016-08-03,14.52,14.7,14.41,14.5,18947229.0,626509486.0,508383376.0,0.03726956838966347
2016-08-04,14.54,15.01,14.27,14.74,35327965.0,1181853133.0,508383376.0,0.06949079507273268
2016-08-05,14.56,14.65,14.43,14.45,21315827.0,704149561.0,508383376.0,0.04192864677778134
2016-08-08,14.38,14.4,14.09,14.38,18649112.0,604284828.0,508383376.0,0.036683166445631375
2016-08-09,14.37,14.64,14.32,14.56,19805822.0,654566332.0,508383376.0,0.038958437539468246
2016-08-10,14.61,15.03,14.52,14.65,28743486.0,964027175.0,508383376.0,0.05653899666459589
2016-08-11,14.56,14.6,14.17,14.18,23191296.0,756252638.0,508383376.0,0.045617730820529424
2016-08-12,14.11,14.35,14.11,14.27,13663764.0,442620160.0,508383376.0,0.02687688985329843
2016-08-15,14.28,14.73,14.16,14.58,28486278.0,940575125.0,508383376.0,0.05603306352015728
2016-08-16,14.52,15.12,14.51,15.0,40778555.0,1385516465.0,508383376.0,0.08021221173841057
2016-08-17,14.91,14.98,14.73,14.81,22607146.0,762037222.0,508383376.0,0.04446869639576885
2016-08-18,14.81,15.07,14.69,14.71,21438520.0,723206672.0,508383376.0,0.04216998629789972
2016-08-19,14.8,14.85,14.57,14.81,16435920.0,550519094.0,508383376.0,0.03232977468563016
2016-08-22,14.86,15.08,14.78,14.87,24307611.0,825196081.0,508383376.0,0.04781354416278159
2016-08-23,14.97,15.01,14.38,14.6,22575204.0,751234663.0,508383376.0,0.04440586585978374
2016-08-24,14.55,14.74,14.51,14.62,16360086.0,544466809.0,508383376.0,0.032180607730965614
2016-08-25,14.62,14.69,14.35,14.55,16738620.0,552628073.0,508383376.0,0.032925191479903936
2016-08-26,14.62,14.72,14.47,14.49,13558383.0,449884689.0,508383376.0,0.026669603374285
2016-08-29,14.45,14.51,14.21,14.28,14079735.0,458960779.0,508383376.0,0.027695112910222305
2016-08-30,14.25,14.5,14.25,14.3,10121644.0,330484893.0,508383376.0,0.019909470839974908
2016-08-31,14.32,14.55,14.26,14.48,15491591.0,508905345.0,508383376.0,0.03047226115434585
2016-09-01,14.42,14.46,14.25,14.26,12016125.0,391606710.0,508383376.0,0.0236359518569309
2016-09-02,14.27,14.38,13.91,13.98,14798928.0,475164919.0,508383376.0,0.02910977954558451
2016-09-05,14.01,14.09,13.91,13.93,10035493.0,319218355.0,508383376.0,0.019740010145414353
2016-09-06,13.95,14.73,13.85,14.49,28807093.0,937054847.0,508383376.0,0.05666411287217228
2016-09-07,14.47,14.47,14.12,14.17,18107997.0,589191048.0,508383376.0,0.03561878270386245
2016-09-08,14.24,14.63,14.18,14.43,25338607.0,833002341.0,508383376.0,0.04984153337067418
2016-09-09,14.47,14.6,14.19,14.21,17990698.0,587125248.0,508383376.0,0.03538805328677781
2016-09-12,13.79,13.92,13.19,13.39,24086397.0,744784107.0,508383376.0,0.04737841191722996
2016-09-13,13.39,13.58,13.14,13.25,16760386.0,504534619.0,508383376.0,0.032968005625738636
2016-09-14,13.19,13.19,12.7,12.81,20982777.0,611700565.0,508383376.0,0.0412735309425224
2016-09-19,12.82,13.32,12.82,13.12,18617755.0,556720651.0,508383376.0,0.03662148661603758
2016-09-20,13.11,13.5,12.86,13.28,18956350.0,568550961.0,508383376.0,0.03728750957427058
2016-09-21,13.17,13.43,13.15,13.19,10125270.0,305683818.0,508383376.0,0.01991660325258157
2016-09-22,13.29,13.36,13.1,13.12,9708315.0,291891008.0,508383376.0,0.019096444648496923
2016-09-23,13.14,13.19,12.93,12.93,9720111.0,287494524.0,508383376.0,0.01911964761019251
2016-09-26,12.81,12.91,12.27,12.28,17485382.0,500154431.0,508383376.0,0.03439408687509876
2016-09-27,12.27,12.52,12.22,12.4,15289260.0,431138247.0,508383376.0,0.030074272137490192
2016-09-28,12.41,12.69,12.4,12.52,14304559.0,407587753.0,508383376.0,0.028137346096069042
2016-09-29,12.5,12.57,12.37,12.39,8710655.0,246353534.0,508383376.0,0.017134028001733873
2016-09-30,12.36,12.85,12.36,12.68,14062777.0,404235152.0,518317149.99999994,0.027131606584887266
2016-10-10,12.71,12.96,12.71,12.93,14169444.0,415320985.0,518317149.99999994,0.027337401434623574
2016-10-11,12.97,13.14,12.8,12.89,12611158.0,371450333.0,518317149.99999994,0.024330968018326234
2016-10-12,12.85,13.01,12.73,12.89,8293434.0,242784729.0,518317149.99999994,0.0160006937837191
2016-10-13,12.86,12.95,12.77,12.82,8667743.0,253504465.0,518317149.99999994,0.016722855880805798
2016-10-14,12.84,12.91,12.7,12.83,9284160.0,270221624.0,518317149.99999994,0.01791212195081718
2016-10-17,12.84,13.34,12.82,13.12,29817642.0,892311735.0,518317149.99999994,0.057527793552654014
2016-10-18,13.06,14.03,13.02,13.91,43737460.0,1363793845.0,518317149.99999994,0.0843835863814269
2016-10-19,13.94,13.94,13.57,13.73,26101448.0,816245392.0,518317149.99999994,0.05035806359098865
2016-10-20,13.74,14.2,13.63,13.9,30554395.0,973621018.0,518317149.99999994,0.058949226356874364
2016-10-21,13.82,13.9,13.42,13.65,20114122.0,624104016.0,518317149.99999994,0.03880659167847331
2016-10-24,13.73,13.8,13.63,13.72,13034499.0,406424262.0,518317149.99999994,0.025147728567345304
2016-10-25,13.8,14.01,13.72,13.78,17972727.0,565209560.0,518317149.99999994,0.034675154005612205
2016-10-26,13.73,13.98,13.5,13.86,20840017.0,649651508.0,518317149.99999994,0.04020707591867258
2016-10-27,13.9,14.29,13.81,14.07,29633774.0,951290096.0,518317149.99999994,0.05717305321654899
2016-10-28,14.07,14.07,13.81,13.83,16950465.0,536314359.0,518317149.99999994,0.03270288278132414
2016-10-31,13.71,14.21,13.64,14.15,26729912.0,854709840.0,518317149.99999994,0.051570572187318135
2016-11-01,14.08,14.28,13.95,14.16,21530588.0,689993581.0,518317149.99999994,0.04153940883491893
2016-11-02,14.09,14.14,13.81,13.84,20287755.0,644628317.0,518317149.99999994,0.03914158541734535
2016-11-03,13.74,14.05,13.7,13.75,16928457.0,532354582.0,518317149.99999994,0.03266042229164133
2016-11-04,13.81,13.85,13.42,13.47,18141247.0,561088285.0,518317149.99999994,0.035000283127810845
2016-11-07,13.37,13.72,13.32,13.49,11124610.0,342735809.0,520704150.0,0.02136455029213806
2016-11-08,13.58,13.71,13.41,13.49,9316989.0,286115259.0,520704150.0,0.017893056930696635
2016-11-09,13.47,13.54,13.02,13.17,17188927.0,517150290.0,520704150.0,0.03301092760639607
2016-11-10,13.3,13.45,13.22,13.27,12382376.0,375120124.0,520704150.0,0.023780060135875622
2016-11-11,13.28,13.7,13.1,13.61,24372543.0,745607822.0,520704150.0,0.046806892167077986
2016-11-14,13.5,13.57,13.35,13.41,15403992.0,470582514.0,520704150.0,0.029583002171194524
2016-11-15,13.35,13.45,13.27,13.38,9888827.0,299738768.0,520704150.0,0.01899125827977365
2016-11-16,13.41,13.6,13.41,13.43,13629633.0,418365281.0,520752149.99999994,0.02617297499395826
2016-11-17,13.43,13.43,13.17,13.22,11533853.0,346971788.0,520752149.99999994,0.022148450083211372
2016-11-18,13.24,13.27,13.1,13.1,10089547.0,301428804.0,520752149.99999994,0.01937495025224572
2016-11-21,13.09,13.15,12.95,13.04,9211280.0,272890711.0,520752149.99999994,0.017688414728580574
2016-11-22,13.04,13.31,13.02,13.3,15111956.0,453667035.0,520752149.99999994,0.029019478844206407
2016-11-23,13.41,13.61,13.26,13.28,18359238.0,561238968.0,520752149.99999994,0.03525523226356339
2016-11-24,13.27,13.27,13.04,13.1,11398330.0,340135243.0,520752149.99999994,0.021888205358345618
2016-11-25,13.14,13.31,12.75,13.23,15489991.0,459467934.0,520752149.99999994,0.02974541919798123
2016-11-28,13.23,13.36,13.06,13.17,12951141.0,388954415.0,520752149.99999994,0.024870067267125064
2016-11-29,13.15,13.19,12.93,12.93,10965462.0,325585492.0,520752149.99999994,0.02105696923190812
2016-11-30,12.88,13.17,12.84,12.97,8921532.0,264609796.0,520752149.99999994,0.017132011840949674
2016-12-01,13.04,13.1,12.88,12.93,7514626.0,221145035.0,520752149.99999994,0.014430331204585523
2016-12-02,12.97,13.01,12.76,12.77,9118135.0,266659949.0,520752149.99999994,0.01750954844833574
2016-12-05,12.67,12.97,12.61,12.77,7044771.0,205810388.0,520752149.99999994,0.013528068967166051
2016-12-06,12.84,13.5,12.77,13.35,21839940.0,655457628.0,520752149.99999994,0.04193922195040386
2016-12-07,13.18,13.47,13.15,13.31,17694428.0,535955262.0,520752149.99999994,0.033978598072038686
2016-12-08,13.32,13.58,13.22,13.44,22954037.0,701072079.0,520752149.99999994,0.044078621662915846
2016-12-09,13.5,13.67,13.28,13.33,18157045.0,556954747.0,520752149.99999994,0.03486696118297351
2016-12-12,13.19,13.28,12.75,12.87,21493761.0,634835865.0,520752149.99999994,0.04127445465179549
2016-12-13,12.78,13.01,12.76,12.78,10874164.0,318249217.0,520752149.99999994,0.020881649744508977
2016-12-14,12.75,12.88,12.2,12.49,17748977.0,504467256.0,520752149.99999994,0.03408334847969423
2016-12-15,12.37,12.71,12.36,12.55,10481518.0,298195653.0,520752149.99999994,0.020127651897356547
2016-12-16,12.49,12.71,12.47,12.56,8071807.0,230845340.0,520752149.99999994,0.015500285500501535
2016-12-19,12.51,12.61,12.33,12.36,7900621.0,223385744.0,520752149.99999994,0.015171557140954677
2016-12-20,12.38,12.57,12.34,12.41,7370857.0,208782029.0,520752149.99999994,0.014154251691519662
2016-12-21,12.42,12.51,12.36,12.45,6393024.0,180614077.0,520752149.99999994,0.012276519645670211
2016-12-22,12.46,12.48,12.35,12.37,5589321.0,157477912.0,520752149.99999994,0.010733169320568337
2016-12-23,12.39,12.43,11.95,11.97,10885243.0,300826865.0,520752149.99999994,0.020902924740685183
2016-12-26,11.96,12.22,11.59,12.16,12261989.0,330835447.0,520752149.99999994,0.02354668914953112
2016-12-27,12.12,12.22,11.93,12.17,6867342.0,188718188.0,520752149.99999994,0.01318735217895884
2016-12-28,12.13,12.3,12.03,12.15,8048425.0,222820361.0,520752149.99999994,0.015455385061780352
2016-12-29,11.96,12.07,11.81,11.82,7719478.0,209791747.0,520752149.99999994,0.014823708361069658
2016-12-30,11.87,11.93,11.62,11.66,6603702.0,176159385.0,520752149.99999994,0.012681084465997885
2017-01-03,11.64,11.85,11.64,11.67,6388227.0,170192105.0,520752149.99999994,0.012267307969827874
2017-01-04,11.71,12.68,11.67,12.43,28263529.0,789518485.0,520752149.99999994,0.05427443554481725
2017-01-05,12.33,12.51,12.27,12.38,14844820.0,418047062.0,520752149.99999994,0.028506497764819602
2017-01-06,12.29,12.38,12.01,12.04,13127933.0,363401981.0,520752149.99999994,0.025209560824664867
2017-01-09,12.01,12.5,11.97,12.19,18418656.0,513837134.0,520752149.99999994,0.03536933260861237
2017-01-10,12.13,12.2,11.95,11.99,10632545.0,290990699.0,520752149.99999994,0.020417668942893468
2017-01-11,12.0,12.14,11.89,12.05,8596969.0,235116106.0,520752149.99999994,0.016508753732461787
2017-01-12,12.04,12.26,11.97,12.15,12675339.0,350218665.0,520752149.99999994,0.024340444873823374
2017-01-13,12.2,12.2,11.89,11.92,8588226.0,234865081.0,520752149.99999994,0.016491964555499197
2017-01-16,11.83,11.91,10.73,11.25,13557041.0,351740643.0,520752149.99999994,0.026033576625655797
2017-01-17,11.25,11.4,11.04,11.35,8036756.0,205716908.0,520752149.99999994,0.01543297708900482
2017-01-18,11.44,11.64,11.29,11.31,7875552.0,204831505.0,520752149.99999994,0.015123417157279141
2017-01-19,11.26,11.43,11.1,11.23,6793561.0,174512449.0,520752149.99999994,0.01304567057476383
2017-01-20,11.22,11.46,11.22,11.37,8504632.0,219790859.0,520752149.99999994,0.01633143905406824
2017-01-23,11.4,11.55,11.37,11.39,6839023.0,178078911.0,520752149.99999994,0.013132971222490394
2017-01-24,11.37,11.48,11.34,11.41,5150890.0,133629971.0,520752149.99999994,0.009891250569008693
2017-01-25,11.37,11.46,11.31,11.36,5860470.0,151607919.0,520752149.99999994,0.011253856561129897
2017-01-26,11.42,11.49,11.36,11.49,6169934.0,160667504.0,520752149.99999994,0.011848120070171579
2017-02-03,11.52,11.59,11.35,11.38,4329971.0,112368948.0,520752149.99999994,0.008314840370798278
2017-02-06,11.35,11.5,11.3,11.48,6433381.0,167193339.0,520752149.99999994,0.012354017165363601
2017-02-07,11.43,11.49,11.23,11.31,9222429.0,238031732.0,520752149.99999994,0.017709824145709242
2017-02-08,11.38,11.52,11.34,11.49,10539540.0,274598157.0,520752149.99999994,0.02023907150455356
2017-02-09,11.49,12.18,11.42,11.79,18738272.0,502802478.0,520752149.99999994,0.03598309099635979
2017-02-10,11.79,11.91,11.61,11.79,12048787.0,321613697.0,520752149.99999994,0.023137277493717502
2017-02-13,11.75,11.96,11.72,11.88,10164062.0,274275884.0,520752149.99999994,0.01951804135614227
2017-02-14,11.88,11.94,11.79,11.9,7795865.0,210199024.0,520752149.99999994,0.014970394265294921
2017-02-15,11.9,11.9,11.58,11.6,10492505.0,279670395.0,520752149.99999994,0.02014875022599523
2017-02-16,11.57,11.82,11.56,11.69,9730363.0,258896451.0,520752149.99999994,0.0186852094609691
2017-02-17,11.69,11.69,11.48,11.5,8978937.0,236207390.0,520752149.99999994,0.017242246623465695
2017-02-20,11.5,11.63,11.42,11.58,7032817.0,184335669.0,520752149.99999994,0.013505113709084063
2017-02-21,11.64,11.85,11.6,11.82,14861625.0,397836910.0,520752149.99999994,0.028538768394907255
2017-02-22,11.83,12.48,11.76,12.08,28804183.0,793511521.0,520752149.99999994,0.05531265305385682
2017-02-23,12.01,12.88,11.96,12.7,46771988.0,1330971654.0,520752149.99999994,0.08981621679334402
2017-02-24,12.59,12.8,12.49,12.59,26991916.0,773904178.0,520752149.99999994,0.05183255796447504
2017-02-27,12.7,12.97,12.53,12.57,22372677.0,648490675.0,520752149.99999994,0.042962236449719894
2017-02-28,12.57,12.85,12.51,12.62,21891871.0,630585235.0,520752149.99999994,0.04203894501443729
2017-03-01,12.57,12.66,12.3,12.56,22708674.0,643153139.0,520752149.99999994,0.0436074512606429
2017-03-02,12.6,12.96,12.46,12.77,31153059.0,903930773.0,520752149.99999994,0.05982319804152514
2017-03-03,12.7,14.05,12.69,13.97,77993687.0,2419262041.0,520752149.99999994,0.14977122418025543
2017-03-06,14.1,14.92,14.1,14.45,81962240.0,2707485402.0,520752149.99999994,0.15739203381109423
2017-03-07,14.64,15.36,14.36,14.58,61492110.0,2071957362.0,520752149.99999994,0.11808325707344657
2017-03-08,14.56,15.17,14.38,15.02,60498122.0,2049240316.0,520752149.99999994,0.11617450259206805
2017-03-09,14.85,15.3,14.68,15.03,46025790.0,1569832914.0,520752149.99999994,0.08838329328069026
2017-03-10,15.11,16.53,15.11,16.48,94289250.0,3435033922.0,520752149.99999994,0.1810635827427693
2017-03-13,16.51,16.8,16.08,16.58,70572844.0,2635050121.0,520752149.99999994,0.13552098440688148
2017-03-14,16.45,16.61,15.87,16.14,67860374.0,2491817231.0,520752149.99999994,0.1303122301079314
2017-03-15,16.09,16.69,15.97,16.34,58167565.0,2163890358.0,520752149.99999994,0.11169913556765922
2017-03-16,16.44,16.56,15.98,16.42,48336438.0,1791453123.0,520752149.99999994,0.09282042906591938
2017-03-17,16.36,16.59,16.01,16.03,41222788.0,1527253657.0,520752149.99999994,0.07916009180182934
2017-03-20,16.12,16.43,15.87,16.35,38363074.0,1412773494.0,520752149.99999994,0.07366858494967328
2017-03-21,16.29,16.31,15.77,15.92,34506790.0,1253744162.0,520752149.99999994,0.06626336540329215
2017-03-22,15.82,16.08,15.73,15.93,25716534.0,930786280.0,520752149.99999994,0.04938344277599239
2017-03-23,15.87,16.38,15.73,16.0,48406909.0,1773511741.0,520752149.99999994,0.09295575447936222
2017-03-24,15.98,16.05,15.45,15.57,35329918.0,1256685436.0,520752149.99999994,0.06784401754270242
2017-03-27,15.57,15.92,15.39,15.73,30685067.0,1093379289.0,520752149.99999994,0.05892451332174049
2017-03-28,15.67,17.07,15.53,16.75,72284766.0,2729494427.0,520752149.99999994,0.13880838706090798
2017-03-29,16.7,17.85,16.61,17.34,70251940.0,2755430525.0,520752149.99999994,0.13490475267360877
2017-03-30,17.34,17.58,16.9,17.42,45316006.0,1773544182.0,520752149.99999994,0.08702029554750759
2017-03-31,17.42,18.91,17.06,18.17,61183684.0,2508753041.0,520752149.99999994,0.11749098683509998
2017-04-05,18.04,19.79,18.04,19.7,57568486.0,2522577946.0,520752149.99999994,0.11054872457079631
2017-04-06,19.72,19.77,18.91,19.28,48248907.0,2107133927.0,520752149.99999994,0.09265234334606205
2017-04-07,19.44,19.7,18.83,18.92,36223466.0,1580879557.0,520752149.99999994,0.06955989716029018
2017-04-10,18.9,19.35,18.36,18.83,36573590.0,1577810284.0,520752149.99999994,0.07023224003971948
2017-04-11,18.91,19.42,17.17,18.51,47684021.0,2015592096.0,520752149.99999994,0.09156759314387854
2017-04-12,18.08,19.2,17.86,18.64,32209081.0,1367233199.0,520752149.99999994,0.0618510763709761
2017-04-13,18.49,19.74,18.39,19.68,39300358.0,1714885394.0,520752149.99999994,0.07546845077835973
2017-04-14,19.57,19.87,18.56,18.84,30534588.0,1332433613.0,520752149.99999994,0.05863554860023142
2017-04-17,18.47,19.39,18.33,18.86,26576931.0,1141980733.0,520752149.99999994,0.05103566255079312
2017-04-18,18.78,18.99,18.15,18.21,21223930.0,891048805.0,520752149.99999994,0.040756298365738866
2017-04-19,17.98,18.36,17.29,18.19,25608836.0,1036464259.0,520752149.99999994,0.04917663037973056
2017-04-20,18.2,18.27,17.41,17.5,21527454.0,869591042.0,520752149.99999994,0.04133915529681443
2017-04-21,17.5,18.25,17.41,17.63,22524766.0,917486612.0,520752149.99999994,0.04325429285313561
2017-04-24,17.24,17.33,16.17,16.23,27549142.0,1052147572.0,520752149.99999994,0.0529025986738605
2017-04-25,16.3,16.86,16.28,16.49,21336881.0,802554900.0,520752149.99999994,0.04097319809433336
2017-04-26,16.57,18.14,16.57,18.14,38975589.0,1561201402.0,520752149.99999994,0.07484479708821175
2017-04-27,18.29,18.98,17.86,18.73,42845025.0,1797970416.0,520752149.99999994,0.0822752724112613
2017-04-28,18.69,18.92,18.39,18.54,24451114.0,1035999398.0,520752149.99999994,0.04695345760934449
2017-05-02,18.52,19.68,18.47,19.34,31616632.0,1383699863.0,520752149.99999994,0.06071339695861074
2017-05-03,19.49,19.99,18.93,19.37,33004466.0,1461639046.0,520752149.99999994,0.06337845364632677
2017-05-04,19.17,19.25,18.54,18.63,29327501.0,1257570312.0,520752149.99999994,0.056317580253869334
2017-05-05,18.65,19.05,18.25,18.38,24655463.0,1046594175.0,520752149.99999994,0.047345868855270215
2017-05-08,18.4,19.08,18.29,18.61,28622466.0,1217321570.0,520752149.99999994,0.0549637020221616
2017-05-09,18.29,18.59,17.54,18.51,27553938.0,1133816267.0,520752149.99999994,0.05291180842940352
2017-05-10,18.69,18.89,17.47,17.52,31822555.0,1304829956.0,520752149.99999994,0.06110883075566755
2017-05-11,17.46,18.35,17.28,18.34,26424438.0,1071218516.0,520752149.99999994,0.050742830346451766
2017-05-12,18.32,18.56,17.81,18.12,20349871.0,840342084.0,520752149.99999994,0.03907784346161605
2017-05-15,18.01,18.3,17.43,17.99,23865231.0,969536258.0,520752149.99999994,0.045828386882320125
2017-05-16,18.03,19.78,17.77,19.78,57434772.0,2481970344.0,520752149.99999994,0.11029195366740206
2017-05-17,20.03,20.18,19.54,19.78,47785971.0,2158379097.0,520752149.99999994,0.09176336765964385
2017-05-18,19.59,19.94,19.15,19.46,37696965.0,1670699722.0,520752149.99999994,0.07238945628933074
2017-05-19,19.74,20.08,17.99,18.48,63521005.0,2736996510.0,520752149.99999994,0.12197934276411534
2017-05-22,17.88,18.67,17.55,18.23,32656590.0,1345848219.0,520752149.99999994,0.06271042759977084
2017-05-23,18.16,19.1,18.07,18.38,34570762.0,1467353951.0,520752149.99999994,0.06638621079144849
2017-05-24,18.03,19.03,17.63,18.9,31603381.0,1345310706.0,520752149.99999994,0.06068795107230955
2017-05-25,18.9,19.08,18.25,18.87,30092130.0,1278506500.0,520752149.99999994,0.05778589680330653
2017-05-26,18.9,19.43,18.43,18.69,27535583.0,1184265952.0,520752149.99999994,0.05287656133536847
2017-05-31,19.0,19.1,18.1,18.3,24534219.0,1028606493.0,520752149.99999994,0.04711304408440753
2017-06-01,18.22,18.51,16.97,17.27,36231550.0,1448704105.0,520752149.99999994,0.06957542086000029
2017-06-02,17.22,17.56,16.62,17.33,22107568.0,858297796.0,520752149.99999994,0.042453147817056544
2017-06-05,17.39,17.79,17.13,17.49,22793853.0,909787441.0,520752149.99999994,0.043771020436497485
2017-06-06,17.31,17.31,16.02,16.41,46604207.0,1755842307.0,520752149.99999994,0.08949402705298481
2017-06-07,16.49,17.05,16.49,16.86,32717698.0,1251340435.0,520752149.99999994,0.06282777325067214
2017-06-08,16.93,17.53,16.89,17.03,30560031.0,1198148858.0,520752149.99999994,0.058684406775852974
2017-06-09,17.19,17.5,16.89,17.38,20913280.0,817537274.0,520752149.99999994,0.040159757381702604
2017-06-12,17.15,17.36,16.93,17.0,15076032.0,586191406.0,520752149.99999994,0.02895049401140255
2017-06-13,16.88,18.69,16.85,18.46,53380364.0,2182945034.0,520752149.99999994,0.10250627673836778
2017-06-14,18.49,19.19,18.19,18.49,49224376.0,2092694357.0,520752149.99999994,0.0945255358043169
2017-06-15,18.51,18.85,18.3,18.8,30650343.0,1296929913.0,520752149.99999994,0.05885783284812171
2017-06-16,18.91,19.52,18.69,18.95,38999722.0,1691377155.0,520752149.99999994,0.07489113967172292
2017-06-19,18.9,19.11,18.56,18.74,22945592.0,980820963.0,520752149.99999994,0.044062404735150884
2017-06-20,19.02,20.18,19.02,19.59,49852649.0,2224870716.0,520752149.99999994,0.09573200801955403
2017-06-21,19.4,19.63,19.1,19.35,26616521.0,1169935944.0,520752149.99999994,0.051111687200907384
2017-06-22,19.3,20.08,18.75,18.87,40400770.0,1794025906.0,520752149.99999994,0.07758157119466526
2017-06-23,18.77,19.26,18.31,19.21,34604939.0,1476907825.0,519599400.0,0.06659926666581986
2017-06-26,19.37,20.8,19.12,20.64,61860777.0,2809634311.0,519599400.0,0.11905475064058965
2017-06-27,20.49,20.54,20.01,20.27,37773318.0,1740077110.0,519599400.0,0.07269700080485081
2017-06-28,20.26,20.53,19.99,20.53,31420007.0,1449731336.0,519599400.0,0.060469675292157764
2017-06-29,20.49,20.89,20.23,20.33,32936476.0,1536386778.0,519599400.0,0.06338821022503105
2017-06-30,20.01,20.63,19.77,20.34,31511697.0,1440230144.0,519599400.0,0.060646138159512884
2017-07-03,20.35,20.62,19.92,20.54,25519132.0,1178741570.0,519599400.0,0.0491130898149613
2017-07-04,20.36,21.25,20.27,20.27,38292525.0,1811867295.0,519599400.0,0.07369624560767392
2017-07-05,20.09,21.75,20.01,21.42,48562622.0,2323457159.0,519599400.0,0.09346165911661945
2017-07-06,21.33,22.42,21.24,21.57,53934001.0,2672524693.0,519599400.0,0.10379919799753426
2017-07-07,21.8,22.55,21.42,22.38,39813116.0,1991633764.0,519599400.0,0.0766227135751119
2017-07-10,22.25,22.57,21.75,22.11,32305368.0,1626373437.0,519599400.0,0.0621736052812994
2017-07-11,21.93,22.3,21.39,21.47,25333463.0,1256684268.0,519599400.0,0.048755758763385795
2017-07-12,21.61,22.78,21.61,22.78,38969292.0,1966983821.0,519599400.0,0.07499872401700233
2017-07-13,22.78,23.05,22.27,22.56,29362340.0,1505492245.0,519599400.0,0.05650957256686594
2017-07-14,22.54,23.34,22.16,22.74,30482634.0,1585886531.0,519599400.0,0.0586656451104447
2017-07-17,23.0,23.93,21.84,22.97,44929952.0,2366927768.0,519599400.0,0.0864703692883402
2017-07-18,22.65,23.35,22.46,23.35,26459422.0,1376844212.0,519599400.0,0.0509227339369522
2017-07-19,23.26,24.45,23.02,24.11,32375284.0,1740411025.0,519599400.0,0.06230816278848667
2017-07-20,23.84,26.44,23.84,25.65,40207385.0,2302902734.0,519599400.0,0.07738150775385806
2017-07-21,25.43,28.15,25.39,28.07,46748228.0,2857611166.0,519599400.0,0.08996974977261328
2017-07-24,28.07,28.15,26.27,26.97,51707179.0,3191398099.0,519599400.0,0.09951354639747467
2017-07-25,26.65,27.4,26.22,27.31,40738547.0,2474770999.0,519599400.0,0.0784037606663903
2017-07-26,27.55,27.59,26.26,27.32,36043794.0,2219574301.0,519599400.0,0.06936842883190396
2017-07-27,26.87,26.99,25.49,26.52,37885422.0,2273237836.0,519599400.0,0.07291275163135293
2017-07-28,26.26,29.08,26.26,28.86,46871281.0,2973326371.0,519599400.0,0.09020657260189292
2017-07-31,28.82,30.05,28.2,29.57,40053680.0,2651780032.0,519599400.0,0.07708569332451115
2017-08-01,29.34,30.96,29.1,29.87,33159631.0,2256045736.0,519599400.0,0.06381768531680368
2017-08-02,30.45,31.13,29.88,30.3,40567556.0,2805392762.0,519599400.0,0.07807467830024438
2017-08-03,29.87,30.7,29.74,29.95,21033174.0,1436588785.0,519599400.0,0.04047959639676258
2017-08-04,29.83,30.08,27.71,28.0,40257170.0,2645756948.0,519599400.0,0.07747732195225783
2017-08-07,27.83,28.69,27.67,28.36,25275575.0,1616756978.0,519599400.0,0.048644349858756576
2017-08-08,28.2,29.07,27.49,27.61,24609969.0,1580923781.0,519599400.0,0.047363351458835405
2017-08-09,27.46,28.49,27.21,28.28,22044495.0,1402294524.0,519599400.0,0.04242594390986595
2017-08-10,28.38,28.87,27.81,28.14,22848120.0,1469593013.0,519599400.0,0.043972568097653694
2017-08-11,28.16,28.55,26.01,27.36,33623365.0,2092457525.0,519599400.0,0.06471016902636915
2017-08-14,27.45,30.1,27.45,30.1,43213314.0,2859899744.0,519599400.0,0.08316659719006604
2017-08-15,30.09,31.04,29.88,30.63,35577443.0,2457772286.0,519599400.0,0.06847090854993289
2017-08-16,30.4,30.81,29.52,30.13,26531051.0,1810684264.0,519599400.0,0.051060588214690006
2017-08-17,30.42,30.91,29.26,30.09,27577696.0,1881316733.0,519599400.0,0.053074918870191154
2017-08-18,29.47,29.84,28.71,29.06,21476858.0,1425371752.0,519599400.0,0.04133349268686608
2017-08-21,29.09,29.64,28.82,29.3,17315606.0,1151400534.0,519599400.0,0.03332491530975594
2017-08-22,29.3,31.62,28.99,31.06,41862724.0,2917871697.0,519599400.0,0.08056730627479554
2017-08-24,31.81,32.29,30.18,30.91,34637772.0,2446172682.0,519599400.0,0.0666624557303184
2017-08-25,30.85,32.69,30.56,32.36,31349214.0,2263479303.0,519599400.0,0.060333429946223954
2017-08-28,32.43,33.82,32.43,32.74,35229059.0,2646057511.0,519599400.0,0.06780042278724725
2017-08-29,32.39,32.94,31.77,32.12,26747209.0,1960052035.0,519599400.0,0.0514765971631222
2017-08-30,32.14,33.03,31.51,32.68,23310638.0,1709401968.0,519599400.0,0.044862711542776997
2017-08-31,32.96,34.46,32.68,33.64,32142638.0,2460517015.0,519599400.0,0.061860421701795655
2017-09-01,33.58,35.63,33.48,35.34,32479287.0,2565763070.0,519599400.0,0.06250832275787847
2017-09-04,35.38,36.48,34.59,35.31,27261017.0,2188741322.0,519599400.0,0.05246545126880439
2017-09-05,35.26,38.84,34.74,38.84,39581682.0,3326859712.0,519599400.0,0.07617730505462478
2017-09-06,38.73,42.08,38.09,39.88,54674221.0,4951638439.0,519599400.0,0.10522379548552212
2017-09-07,39.53,40.54,39.0,39.36,31152042.0,2800265751.0,519599400.0,0.05995396068586684
2017-09-08,39.79,41.85,39.7,41.01,39110267.0,3635020117.0,519599400.0,0.07527003880297013
2017-09-11,42.44,44.06,41.65,44.06,40250150.0,3924709692.0,519599400.0,0.0774638115440472
2017-09-12,44.45,45.6,39.66,40.67,67622383.0,6560321114.0,519599400.0,0.13014330463045184
2017-09-13,40.53,42.21,39.18,41.89,46731247.0,4312492832.0,519599400.0,0.0899370688264844
2017-09-14,41.42,41.42,39.35,39.64,41313294.0,3784644935.0,519599400.0,0.07950989550796247
2017-09-15,39.17,40.42,38.66,39.55,31577403.0,2821367888.0,519599400.0,0.060772593270892926
2017-09-18,39.88,40.44,38.86,39.6,27741529.0,2493440861.0,519599400.0,0.0533902252389052
2017-09-19,39.43,39.98,37.8,38.5,36654394.0,3217107644.0,519599400.0,0.07054356490788866
2017-09-20,38.57,39.13,38.07,38.96,31644445.0,2775823278.0,519599400.0,0.060901619593864045
2017-09-21,39.09,39.25,37.67,38.62,33691314.0,2935758728.0,519599400.0,0.06484094092487405
2017-09-22,38.18,38.46,36.35,36.73,31568229.0,2694482805.0,519599400.0,0.06075493736135954
2017-09-25,36.71,38.11,36.56,37.48,31724173.0,2687276222.0,519599400.0,0.06105506087959301
2017-09-26,37.07,38.46,37.07,37.86,27974164.0,2408810316.0,519599400.0,0.0538379451554409
2017-09-27,38.16,41.15,37.9,40.8,49854764.0,4521944705.0,519599400.0,0.0959484633738992
2017-09-28,40.32,40.97,39.97,40.3,27498895.0,2524067914.0,519599400.0,0.052923261651187437
2017-09-29,40.63,41.31,37.45,38.47,43303870.0,3830381516.0,519599400.0,0.08334087760686405
2017-10-09,38.92,39.12,37.67,38.64,25427032.0,2205046815.0,519599400.0,0.04893583787818077
2017-10-10,38.62,38.62,36.79,37.1,27020289.0,2299033256.0,519599400.0,0.052002155891634975
2017-10-11,37.04,38.94,35.25,38.19,43044746.0,3625003587.0,519599400.0,0.08284217803176833
2017-10-12,37.67,38.47,36.8,37.42,23269685.0,1983437433.0,519599400.0,0.04478389505453625
2017-10-13,37.62,39.05,37.62,38.32,27762793.0,2423138836.0,519599400.0,0.05343114907369023
2017-10-16,37.9,40.01,37.81,39.53,31778429.0,2824462421.0,519599400.0,0.061159479783848864
2017-10-17,39.32,39.92,38.24,38.27,25148813.0,2230070716.0,519599400.0,0.04840038883801637
2017-10-18,38.26,38.69,36.96,37.57,20710529.0,1765992212.0,519599400.0,0.03985864687295636
2017-10-19,37.9,39.26,37.56,38.37,24232778.0,2117055810.0,519599400.0,0.046637424908496816
2017-10-20,38.16,40.84,37.99,40.3,40833686.0,3702571752.0,519599400.0,0.07858686133971671
2017-10-23,39.97,40.14,39.35,39.97,21332403.0,1925518039.0,519599400.0,0.04105548043358018
2017-10-24,40.09,40.84,39.55,40.57,24877837.0,2274165955.0,519599400.0,0.047878879382847635
2017-10-25,39.13,39.6,38.27,38.73,35203607.0,3099623173.0,519599400.0,0.06775143889696562
2017-10-26,38.42,38.91,36.97,38.36,35985720.0,3092179505.0,519599400.0,0.06925666195919394
2017-10-27,38.44,38.9,37.45,37.64,26152737.0,2266274727.0,519599400.0,0.05033250038394964
2017-10-30,36.97,37.84,36.14,37.2,23775033.0,1996401030.0,519599400.0,0.045756467386221
2017-10-31,37.01,38.89,36.93,38.6,31069265.0,2692087358.0,519599400.0,0.059794651417996246
2017-11-01,38.61,39.12,38.07,38.47,24509700.0,2143022813.0,519599400.0,0.047170377794893525
2017-11-02,38.25,39.08,37.54,38.03,26195336.0,2281114457.0,519599400.0,0.050414484697249455
2017-11-03,37.63,39.01,37.45,38.38,28193938.0,2458074530.0,519599400.0,0.05426091331129328
2017-11-06,38.6,38.94,37.67,37.9,20440447.0,1768459228.0,519599400.0,0.03933885797404693
2017-11-07,37.9,38.09,36.83,37.6,21525296.0,1836247550.0,519599400.0,0.041426714503519445
2017-11-08,37.55,38.99,37.01,38.55,33743398.0,2930462998.0,519599400.0,0.06494117968573482
2017-11-09,38.95,39.09,37.67,37.85,23819418.0,2065514807.0,519599400.0,0.04584188896292028
2017-11-10,37.45,38.13,37.26,37.53,19207305.0,1640533677.0,519599400.0,0.03696560273164288
2017-11-13,37.54,38.01,36.09,36.17,37416193.0,3118298798.0,519599400.0,0.0720096924669274
2017-11-14,35.96,36.56,33.88,33.99,42621590.0,3398544433.0,519599400.0,0.08202778910060327
2017-11-15,33.4,33.63,31.01,31.76,45428908.0,3332454363.0,519599400.0,0.0874306398352269
2017-11-16,31.76,32.12,30.95,31.44,25089045.0,1797775666.0,519599400.0,0.048285361761387716
2017-11-17,31.62,32.07,30.35,30.36,28267213.0,2008842957.0,519599400.0,0.05440193541409016
2017-11-20,30.19,32.41,29.84,32.16,31966193.0,2281291379.0,519599400.0,0.06152084278773224
2017-11-21,31.95,32.52,31.2,32.11,24169475.0,1747589626.0,519599400.0,0.046515594513773496
2017-11-22,32.17,32.56,31.68,32.21,21173577.0,1547677491.0,519599400.0,0.04074981033465397
2017-11-23,32.03,33.55,31.99,32.13,28817729.0,2144778892.0,519599400.0,0.05546143625262077
2017-11-24,31.8,33.38,31.73,33.07,23831238.0,1777705494.0,519599400.0,0.0458646372570869
2017-11-27,33.14,33.74,29.88,30.35,30343584.0,2201644103.0,519599400.0,0.05839803510165716
2017-11-28,30.4,31.51,29.92,31.39,21187897.0,1479814769.0,519599400.0,0.040777370027756
2017-11-29,31.15,31.93,30.62,31.68,18960613.0,1351271932.0,519599400.0,0.03649082928117315
2017-11-30,31.59,32.99,31.38,32.34,20912839.0,1538836403.0,519599400.0,0.04024800452040553
2017-12-01,32.11,32.48,31.56,32.16,13811926.0,1006320744.0,519599400.0,0.02658187442094814
2017-12-04,32.08,32.67,31.2,31.65,18058918.0,1304664620.0,519599400.0,0.03475546353594711
2017-12-05,31.84,31.85,29.8,30.13,22160999.0,1530941486.0,519599400.0,0.04265016279849438
2017-12-06,30.76,30.98,29.51,30.85,20775824.0,1429313009.0,519599400.0,0.039984310990351414
2017-12-07,30.62,30.81,29.92,29.97,13667743.0,938378258.0,519599400.0,0.026304385647866413
2017-12-08,29.97,30.93,29.64,30.46,17636261.0,1216789669.0,519599400.0,0.033942034960009575
2017-12-11,30.48,31.21,30.14,30.97,19301050.0,1347998469.0,519599400.0,0.037146020568922904
2017-12-12,31.02,33.34,31.01,32.42,35421894.0,2601904508.0,519599400.0,0.06817154523273121
2017-12-13,32.17,32.42,31.73,32.42,17951079.0,1308189433.0,519599400.0,0.034547920956028814
2017-12-14,32.4,32.91,32.12,32.48,17063274.0,1257954410.0,519599400.0,0.03283928734328793
2017-12-15,32.17,32.33,31.2,31.2,18638626.0,1336888164.0,519599400.0,0.03587114611756673
2017-12-18,30.73,31.57,30.16,30.55,16669849.0,1162761287.0,519599400.0,0.03208211749282235
2017-12-19,30.76,30.92,29.83,30.29,16188295.0,1113509482.0,519599400.0,0.031155338131645265
2017-12-20,30.61,30.98,30.04,30.51,16172985.0,1121584022.0,519599400.0,0.031125873124564808
2017-12-21,30.4,31.28,30.1,31.15,18135849.0,1271968659.0,519599400.0,0.03490352182854715
2017-12-22,31.24,31.99,31.03,31.11,18642404.0,1333838010.0,519599400.0,0.03587841710363792
2017-12-25,30.91,31.37,29.91,30.01,21293201.0,1469265754.0,519599400.0,0.04098003384915379
2017-12-26,30.05,30.66,29.66,30.34,13433714.0,922080730.0,519599400.0,0.02585398289528433
2017-12-27,30.32,32.03,30.32,31.57,30947038.0,2199199544.0,519599400.0,0.05955941827492488
2017-12-28,31.46,31.94,30.86,31.45,23184910.0,1652135132.0,519599400.0,0.04462074051663647
2017-12-29,31.55,31.95,31.1,31.62,13487624.0,963033004.0,519599400.0,0.025957735901927525
2018-01-02,31.62,31.72,30.92,31.33,21238221.0,1506695450.0,519599400.0,0.04087422156376624
2018-01-03,31.47,33.18,31.32,32.55,39644420.0,2920802366.0,519599400.0,0.07629804807318868
2018-01-04,32.33,33.18,32.32,32.58,27819563.0,2065974363.0,519599400.0,0.053540406320715536
2018-01-05,32.51,32.77,31.51,31.68,24345192.0,1764978178.0,519599400.0,0.04685377234846692
2018-01-08,31.65,32.03,30.66,31.85,25798055.0,1829667339.0,519599400.0,0.04964989374506591
2018-01-09,31.67,32.45,31.55,31.69,18636426.0,1349421759.0,519599400.0,0.03586691208650356
2018-01-10,31.51,31.64,30.64,30.79,23088448.0,1619912176.0,519599400.0,0.04443509365099344
2018-01-11,30.76,31.25,30.59,31.03,14301479.0,1006672815.0,519599400.0,0.02752404833415897
2018-01-12,31.18,31.18,30.62,30.76,12457160.0,871042050.0,519599400.0,0.023974546544895933
2018-01-15,30.45,30.46,27.68,27.68,45374792.0,2940018919.0,519599400.0,0.08732649036931144
2018-01-16,26.86,27.6,26.34,26.82,29620062.0,1807269697.0,519599400.0,0.057005573909438695
2018-01-17,26.66,26.66,24.28,26.22,36528224.0,2111410334.0,519599400.0,0.07030074322641636
2018-01-18,25.78,26.61,25.78,26.07,16741249.0,997205474.0,519599400.0,0.032219531046417685
2018-01-19,25.9,26.64,25.56,26.16,15704923.0,935192594.0,519599400.0,0.030225059921162343
2018-01-22,26.16,26.61,25.47,26.44,17688094.0,1047765926.0,519599400.0,0.034041790656417235
2018-01-23,26.6,27.02,26.35,26.82,18113620.0,1099170698.0,519599400.0,0.03486074079377305
2018-01-24,26.84,26.84,26.35,26.66,12819632.0,772226053.0,519599400.0,0.024672145502862397
2018-01-25,26.65,26.94,26.12,26.13,15750067.0,951020101.0,519599400.0,0.030311942238578412
2018-01-26,25.69,26.02,25.07,25.12,22251167.0,1286248925.0,519599400.0,0.04282369648617762
2018-01-29,24.97,25.55,24.61,25.28,17500509.0,997679778.0,519599400.0,0.03368077214869763
2018-01-30,25.12,26.57,25.04,26.19,26151647.0,1552103804.0,519599400.0,0.050330402614013794
2018-01-31,25.95,25.99,25.28,25.59,15681304.0,914066949.0,519599400.0,0.030179603748580155
2018-02-01,25.64,26.39,25.45,25.61,17020719.0,1003140490.0,519599400.0,0.03275738771060937
2018-02-02,25.34,25.99,24.24,25.9,15961725.0,920238345.0,519599400.0,0.03071929066892687
2018-02-05,25.31,25.87,25.06,25.08,12528658.0,719276372.0,519599400.0,0.024112148705329527
2018-02-06,24.26,25.34,23.57,23.57,17953862.0,993757914.0,519599400.0,0.034553277005323714
2018-02-07,24.46,24.46,22.11,23.2,22203947.0,1175454526.0,519599400.0,0.04273281878308559
2018-02-08,23.2,24.03,22.96,23.71,16385890.0,880930276.0,519599400.0,0.03153562148070225
2018-02-09,23.09,24.57,22.91,23.79,26220054.0,1430944054.0,519599400.0,0.05046205596080365
2018-02-12,24.27,26.17,24.27,26.17,28149428.0,1637270659.0,519599400.0,0.05417525116464723
2018-02-13,27.26,27.98,26.97,27.47,45509669.0,2840984877.0,519599400.0,0.08758606919099599
2018-02-14,27.5,29.39,27.1,29.25,39067541.0,2511319384.0,519599400.0,0.07518781007060439
2018-02-22,29.66,31.55,29.58,30.07,43573888.0,3012525213.0,519599400.0,0.08386054333396074
2018-02-23,29.59,32.41,29.42,32.39,48124303.0,3366337761.0,519599400.0,0.09261808808863135
2018-02-26,32.92,32.92,31.59,32.09,46888908.0,3430734423.0,519599400.0,0.09024049681350671
2018-02-27,31.0,32.21,30.93,31.29,34140197.0,2442598801.0,519599400.0,0.06570484300020361
2018-02-28,30.92,32.74,30.92,31.89,42900812.0,3133712250.0,519599400.0,0.08256516847402057
2018-03-01,31.44,33.03,31.23,32.06,41713307.0,3043584702.0,519599400.0,0.08027974435690265
2018-03-02,31.74,32.7,31.29,31.33,32531403.0,2357631467.0,519599400.0,0.06260862310464561
2018-03-05,31.63,32.14,31.17,31.89,28826423.0,2069007610.0,519599400.0,0.05547816837355855
2018-03-06,31.89,32.6,31.07,31.74,29414415.0,2122580163.0,519599400.0,0.05660979400669054
2018-03-07,31.8,33.05,31.45,32.69,45899168.0,3378827451.0,519599400.0,0.08833568322057339
2018-03-08,32.48,32.82,31.14,31.4,39420830.0,2832570306.0,519599400.0,0.07586773579800131
2018-03-09,31.46,31.86,31.16,31.67,23989164.0,1714438735.0,519599400.0,0.046168575252396364
2018-03-12,31.89,34.8,31.74,34.46,54680490.0,4134047665.0,524285248.0,0.10429530529151948
2018-03-13,34.18,34.94,33.93,34.92,37077334.0,2905505660.0,524285248.0,0.07071977352298114
2018-03-14,34.7,37.01,34.59,34.81,45761272.0,3732599069.0,524285248.0,0.08728315773630159
2018-03-15,35.24,35.97,34.19,35.93,30294018.0,2417737176.0,524285248.0,0.0577815571114448
2018-03-16,35.91,36.25,34.72,34.81,24784463.0,1990960096.0,524285248.0,0.0472728597543908
2018-03-19,34.37,35.04,34.21,34.6,19020188.0,1493892790.0,524285248.0,0.03627832000338869
2018-03-20,34.16,35.47,34.06,34.97,19120055.0,1518262129.0,524285248.0,0.036468802189147234
2018-03-21,35.0,35.33,33.05,33.3,25293995.0,1964165942.0,524285248.0,0.04824472001928233
2018-03-22,33.33,33.93,32.96,33.62,19078596.0,1449605706.0,524285248.0,0.03638972500710148
2018-03-23,31.95,32.83,30.26,30.26,39905077.0,2835211782.0,524285248.0,0.07611329357868944
2018-03-26,29.57,32.67,29.57,32.44,32043403.0,2270151018.0,524285248.0,0.061118261713898156
2018-03-27,33.04,35.34,32.59,35.18,38849810.0,2992514962.0,524285248.0,0.07410052094389656
2018-03-28,34.53,35.44,33.96,34.92,33864893.0,2677609814.0,524285248.0,0.06459249641141915
2018-03-29,35.51,35.91,33.89,34.48,26945212.0,2112419102.0,524285248.0,0.051394183038314285
2018-03-30,33.63,34.44,33.49,34.1,30398261.0,2343030360.0,524285248.0,0.05798038589863204
2018-04-02,34.81,34.81,32.37,32.55,40916862.0,3080257855.0,524285248.0,0.07804313044489858
2018-04-03,31.31,32.48,30.55,31.68,31909675.0,2278453427.0,524285248.0,0.060863194457075394
2018-04-04,31.87,32.08,30.65,30.7,27136511.0,1914730216.0,524285248.0,0.05175905883966432
2018-04-09,30.63,31.23,30.45,30.72,17558621.0,1229269799.0,524285248.0,0.03349058755130185
2018-04-10,30.97,31.89,30.59,31.67,27001228.0,1922974824.0,524285248.0,0.05150102564014923
2018-04-11,31.9,31.98,31.2,31.43,19647268.0,1407766312.0,524285248.0,0.037474386462233625
2018-04-12,31.46,31.55,30.13,30.35,22797217.0,1587781248.0,524285248.0,0.04348246891737835
2018-04-13,30.4,31.11,29.59,30.85,27097840.0,1870039534.0,524285248.0,0.051685299373519664
2018-04-16,30.4,30.7,30.08,30.34,15886345.0,1094141080.0,524285248.0,0.030300957466573616
2018-04-17,30.34,30.52,27.54,27.98,34959109.0,2298690601.0,524285248.0,0.06667955875805989
2018-04-18,28.2,29.21,26.83,29.02,31918675.0,2027360625.0,524285248.0,0.06088036068487664
2018-04-19,28.64,29.23,28.12,28.21,23531557.0,1531992823.0,524285248.0,0.04488311866444123
2018-04-20,28.16,28.83,28.01,28.1,18820646.0,1215863229.0,524285248.0,0.03589772184473136
2018-04-23,28.02,28.95,28.01,28.95,19972240.0,1298715489.0,524285248.0,0.03809422461568097
2018-04-24,28.91,29.66,28.02,29.45,28848311.0,1900781293.0,524285248.0,0.05502407536746103
2018-04-25,29.07,29.57,28.65,28.69,20595914.0,1354501568.0,524285248.0,0.039283794610982456
2018-04-26,28.75,28.85,27.23,27.23,25420056.0,1597986735.0,524285248.0,0.04848516355737707
2018-04-27,27.41,27.92,27.25,27.49,13693035.0,857042904.0,524285248.0,0.02611752867782387
2018-05-02,27.76,27.97,27.54,27.77,10783261.0,679138840.0,524285248.0,0.020567546085141806
2018-05-03,27.61,27.76,26.53,27.57,16920518.0,1041154933.0,524285248.0,0.03227349627811767
2018-05-04,27.46,28.49,27.45,28.09,19514368.0,1247038097.0,524285248.0,0.037220898498368585
2018-05-07,28.26,30.85,28.03,30.83,40725591.0,2735522345.0,524285248.0,0.0776783080495906
2018-05-08,30.62,30.83,29.89,30.17,32248620.0,2221210009.0,524285248.0,0.06150968413286349
2018-05-09,30.23,30.62,29.93,30.38,26270282.0,1811444933.0,524285248.0,0.05010684946832607
2018-05-10,30.38,31.5,30.23,30.84,32067398.0,2255426810.0,524285248.0,0.06116402878457492
2018-05-11,30.99,32.17,30.99,31.47,41267474.0,2969447427.0,524285248.0,0.07871187327399301
2018-05-14,31.29,32.58,31.07,31.22,36339557.0,2616941306.0,524285248.0,0.06931256818425682
2018-05-15,31.64,31.8,30.76,31.52,23444401.0,1666186559.0,524285248.0,0.04471688091441398
2018-05-16,31.44,32.23,31.25,31.46,25785489.0,1860816126.0,524285248.0,0.04918217534894287
2018-05-17,31.42,31.42,30.23,30.35,25009701.0,1744242610.0,524285248.0,0.047702469400779324
2018-05-18,30.58,30.96,30.1,30.71,17489408.0,1216597581.0,524280248.0,0.033358891674286385
2018-05-21,31.28,31.72,30.37,30.6,22413638.0,1577623075.0,524280248.0,0.04275125390571647
2018-05-22,30.3,30.98,29.86,30.92,22361221.0,1538816977.0,524280248.0,0.0426512749341646
2018-05-23,30.85,30.85,29.95,30.07,17218404.0,1186244075.0,524280248.0,0.03284198492253708
2018-05-24,30.07,31.06,30.07,30.83,23694464.0,1650716708.0,524280248.0,0.045194271747578785
2018-05-25,30.62,30.82,30.04,30.4,17566229.0,1211182050.0,524280248.0,0.03350541827011572
2018-05-28,30.55,31.07,30.18,30.42,20630784.0,1437897660.0,524280248.0,0.03935067948621249
2018-05-29,30.38,30.38,28.92,29.16,28990381.0,1290523033.0,786420372.0000001,0.03686372076841366
2018-05-30,28.47,28.58,26.99,27.5,31651805.0,1332596484.0,786420372.0000001,0.040247946425273934
2018-05-31,28.03,28.09,27.44,27.74,20566626.0,858070031.0,786420372.0000001,0.02615220400216183
2018-06-01,27.62,28.52,27.31,28.1,21782430.0,919870775.0,786420372.0000001,0.02769820159236668
2018-06-04,28.24,28.35,26.96,27.18,24330888.0,1001108537.0,786420372.0000001,0.030938781428210504
2018-06-05,27.18,28.22,26.93,28.2,28304691.0,1181327607.0,786420372.0000001,0.035991807953825485
2018-06-06,27.96,28.93,27.94,28.22,33839948.0,1450299795.0,786420372.0000001,0.04303035527162055
2018-06-07,28.59,29.0,28.25,28.31,24589548.0,1058522590.0,786420372.0000001,0.03126768948961052
2018-06-08,28.37,28.39,27.58,27.82,18186033.0,761091900.0,786420372.0000001,0.023125078707905086
2018-06-11,27.83,28.22,27.48,27.87,17848678.0,748282912.0,786420372.0000001,0.022696103299826517
2018-06-12,27.89,28.06,27.06,27.58,21585685.0,889676491.0,786420372.0000001,0.027448023688786124
2018-06-13,27.39,27.39,26.46,26.49,25951324.0,1049289172.0,786420372.0000001,0.032999302820705664
2018-06-14,26.23,26.43,25.65,26.17,23650069.0,929608192.0,786420372.0000001,0.030073062501997337
2018-06-15,26.3,26.73,26.01,26.25,20938002.0,830325956.0,786420372.0000001,0.026624439988439157
2018-06-19,25.56,25.72,23.62,23.62,39344195.0,1444352332.0,786420372.0000001,0.05002947075231667
2018-06-20,23.27,24.37,23.16,24.03,25685858.0,921284705.0,786420372.0000001,0.032661740354813694
2018-06-21,23.95,24.23,22.52,22.64,27643012.0,967881136.0,786420372.0000001,0.03515042715602489
2018-06-22,22.47,24.69,22.16,24.43,39842734.0,1427888752.0,786420372.0000001,0.050663405245559935
2018-06-25,24.82,25.73,24.41,24.97,42299672.0,1604327077.0,786420372.0000001,0.05378760966278731
2018-06-26,24.27,25.56,24.21,25.26,27604219.0,1044092033.0,786420372.0000001,0.03510109857632222
2018-06-27,25.34,25.5,24.85,25.01,19492668.0,736034118.0,786420372.0000001,0.024786575594966907
2018-06-28,24.86,25.83,24.8,25.12,28259684.0,1078988092.0,786420372.0000001,0.03593457774768835
2018-06-29,25.16,25.79,24.4,25.65,35192315.0,1337910947.0,786420666.0,0.04474998753402546
2018-07-02,25.39,25.74,24.63,24.98,25189385.0,953409807.0,786420666.0,0.03203042098082402
2018-07-03,25.0,25.13,23.07,24.55,32075010.0,1165404004.0,786420666.0,0.040786072119829056
2018-07-04,24.36,24.59,23.62,23.67,19098534.0,689579615.0,786420666.0,0.0242853918083582
2018-07-05,23.67,24.68,23.61,23.75,27486856.0,999644622.0,786420666.0,0.034951848531406725
2018-07-06,23.93,25.79,23.72,25.18,50565325.0,1897518447.0,786420666.0,0.06429806232991339
2018-07-09,25.2,25.81,24.8,25.76,39536264.0,1504831518.0,786420666.0,0.050273683931902166
2018-07-10,25.73,26.29,25.4,25.92,38636251.0,1500820559.0,786420666.0,0.04912924172824319
2018-07-11,25.12,26.87,24.72,26.09,46555164.0,1817200188.0,786420666.0,0.05919880543932705
2018-07-12,26.03,26.85,25.79,26.52,43454572.0,1724096439.0,786420666.0,0.05525614200987948
2018-07-13,26.33,27.03,26.21,26.74,38547817.0,1548049244.0,786420666.0,0.04901679046160773
2018-07-16,26.6,26.74,25.89,25.97,30917473.0,1215327633.0,786420666.0,0.039314166497247165
2018-07-17,26.03,26.85,25.66,26.68,33460049.0,1322999997.0,786420666.0,0.04254726566404856
2018-07-18,26.73,26.73,25.85,25.87,25879678.0,1023529013.0,786420666.0,0.032908186570977015
2018-07-19,25.73,26.03,24.88,24.97,25761158.0,981541127.0,786420666.0,0.03275747842567504
2018-07-20,24.84,25.59,24.84,25.28,21396740.0,812435943.0,786420666.0,0.027207753973240576
2018-07-23,25.19,25.73,25.02,25.69,21753585.0,832426793.0,786420666.0,0.027661512394690807
2018-07-24,25.66,26.21,25.54,25.93,26260001.0,1026554749.0,786420666.0,0.033391799243485294
2018-07-25,25.87,26.25,25.09,25.21,31608582.0,1214446311.0,786420666.0,0.0401929697000104
2018-07-26,24.93,25.36,24.48,24.68,22185636.0,824867406.0,786420666.0,0.028210901568550592
2018-07-27,24.68,24.74,24.15,24.41,11539000.0,424112514.0,786420666.0,0.014672808712786294
2018-07-30,24.57,25.4,24.21,25.08,23362532.0,874534490.0,786420666.0,0.029707423787360136
2018-07-31,25.2,25.22,24.27,24.5,16021033.0,593466333.0,786420666.0,0.02037209052692926
2018-08-01,24.66,25.4,24.47,24.72,23853654.0,893441331.0,786420666.0,0.03033192670447956
2018-08-02,24.37,24.55,22.83,24.03,24699129.0,887514140.0,786420666.0,0.031407019255518906
2018-08-03,23.89,24.43,23.39,23.39,14158355.0,509340832.0,786420666.0,0.018003538833756945
2018-08-06,23.38,23.53,21.08,21.61,33348957.0,1108082777.0,786420666.0,0.042406002845301626
2018-08-07,21.79,21.91,20.48,21.62,31800996.0,1017524604.0,786420666.0,0.04043764027940741
2018-08-08,21.56,21.77,20.53,20.78,26691620.0,848144999.0,786421328.0000001,0.03394061052220089
2018-08-09,20.88,21.48,20.88,21.15,24905810.0,796046345.0,786421328.0000001,0.031669804865719506
2018-08-10,21.07,21.5,21.03,21.3,20910567.0,668984447.0,786421328.0000001,0.026589521742981004
2018-08-13,20.94,21.54,20.62,21.5,21243026.0,672924883.0,786421328.0000001,0.027012270959161977
2018-08-14,21.53,21.59,20.99,21.19,17099368.0,546567670.0,786421328.0000001,0.021743265843878534
2018-08-15,21.59,21.85,20.88,20.95,25194948.0,810891725.0,786421328.0000001,0.03203746783429047
2018-08-16,20.26,20.74,19.78,20.28,21520226.0,658542451.0,786421328.0000001,0.027364753769750248
2018-08-17,20.61,20.72,20.0,20.02,19109399.0,586624106.0,786421328.0000001,0.024299187114620063
2018-08-20,20.02,20.61,20.0,20.54,18956505.0,579131163.0,786421328.0000001,0.024104769701769835
2018-08-21,20.74,20.94,20.4,20.74,22285048.0,694634014.0,786421328.0000001,0.02833728843122118
2018-08-22,20.54,20.69,20.12,20.18,16791111.0,514106847.0,786421328.0000001,0.021351291479724463
2018-08-23,20.14,20.72,20.14,20.56,17525884.0,539640327.0,786421328.0000001,0.02228561634330446
2018-08-24,20.68,20.81,20.35,20.43,13792458.0,426750060.0,786421328.0000001,0.017538255269699397
2018-08-27,20.41,20.85,20.35,20.8,19314519.0,599838903.0,786421328.0000001,0.024560014221791295
2018-08-28,20.81,21.14,20.57,20.91,24315766.0,761773378.0,781352516.0,0.03112009688594898
2018-08-29,20.8,20.81,20.34,20.5,18175543.0,560696767.0,781352516.0,0.023261642636087702
2018-08-30,20.41,20.74,20.24,20.26,12235640.0,376799126.0,781352516.0,0.01565956434445013
2018-08-31,20.28,20.38,19.88,19.93,14577553.0,440831502.0,781352516.0,0.0186568196831659
2018-09-03,20.01,20.14,19.68,20.03,11751006.0,352297720.0,781352516.0,0.015039314213969972
2018-09-04,20.03,20.16,19.36,19.89,18864396.0,562384264.0,781352516.0,0.02414325878999281
2018-09-05,19.81,19.93,18.95,18.99,20348664.0,594267379.0,781352516.0,0.026042872561761868
2018-09-06,18.63,19.2,18.3,18.4,25037270.0,702075071.0,781352516.0,0.032043500836439365
2018-09-07,18.54,18.7,18.02,18.14,20447630.0,565039147.0,781352516.0,0.02616953242139429
2018-09-10,18.22,18.73,18.04,18.32,24540874.0,680643315.0,781352621.0000001,0.03140819310056425
2018-09-11,18.28,18.42,17.98,18.31,15276857.0,417438643.0,781352621.0000001,0.01955180873450989
2018-09-12,18.32,19.25,18.2,19.08,33847392.0,957577905.0,781352621.0000001,0.043318971601683534
2018-09-13,19.45,19.52,18.87,19.13,26155362.0,754764916.0,781352621.0000001,0.033474466325492745
2018-09-14,19.27,19.79,18.95,19.01,33670596.0,984233073.0,781352621.0000001,0.04309270244324168
2018-09-17,18.78,18.78,18.21,18.49,16863807.0,467594125.0,781352621.0000001,0.02158283794891116
2018-09-18,18.42,19.18,18.3,19.18,23445926.0,663159658.0,781352621.0000001,0.030006843734642054
2018-09-19,19.01,19.35,18.82,19.06,22947309.0,659116102.0,781352621.0000001,0.029368697798224954
2018-09-20,19.29,19.74,19.29,19.35,33336702.0,978945225.0,781352621.0000001,0.042665374254884585
2018-09-21,19.38,21.29,19.07,21.29,60474454.0,1873794384.0,781352621.0000001,0.0773971346286685
2018-09-25,21.27,21.78,21.14,21.74,63189875.0,2049456714.0,781352621.0000001,0.08087241701336789
2018-09-26,21.73,21.86,21.43,21.84,48186656.0,1572001498.0,781352621.0000001,0.061670818916981646
2018-09-27,21.94,22.82,21.73,21.78,66392106.0,2225454893.0,781352621.0000001,0.0849707343593847
2018-09-28,21.57,21.74,20.99,21.6,43626083.0,1401799902.0,781352663.0,0.055834049163533725
2018-10-08,21.14,21.99,21.06,21.15,42543183.0,1373056280.0,781352663.0,0.05444811928669398
2018-10-09,21.49,21.64,20.88,21.34,28787464.0,919740316.0,781352663.0,0.03684311241670395
2018-10-10,21.21,21.24,19.21,19.21,67126353.0,1988667608.0,781352663.0,0.0859104424655938
2018-10-11,17.29,18.07,17.29,17.29,51007004.0,1339641524.0,792506413.0,0.06436162933611492
2018-10-12,16.64,17.0,15.74,16.71,51208263.0,1268269917.0,792506413.0,0.06461558185523478
2018-10-15,16.75,17.13,16.29,16.37,32004157.0,807470485.0,792506413.0,0.04038346753416114
2018-10-16,16.37,16.57,15.74,15.96,30840674.0,747159054.0,792506413.0,0.0389153620640796
2018-10-17,16.27,16.39,14.43,15.26,46734319.0,1076855999.0,792506413.0,0.058970272332673226
2018-10-18,15.08,15.51,14.55,15.1,28501170.0,647115735.0,792506413.0,0.03596333043175008
2018-10-19,14.87,15.77,14.76,15.7,34088863.0,792174953.0,792506413.0,0.04301399009625428
2018-10-22,15.82,16.87,15.73,16.62,47346524.0,1163027300.0,792506413.0,0.05974276450429178
2018-10-23,16.62,16.62,15.64,15.75,37661279.0,911041477.0,792506413.0,0.04752173406071857
2018-10-24,15.46,16.16,15.3,15.88,26102336.0,624490427.0,792506413.0,0.03293643505191421
2018-10-25,15.26,15.74,14.96,15.66,23531451.0,543795437.0,792506413.0,0.029692442375226558
2018-10-26,15.91,16.23,15.58,15.62,22606802.0,539850922.0,792506413.0,0.02852570228980595
2018-10-29,15.44,15.58,15.0,15.05,19456010.0,445263387.0,792506413.0,0.024549971685844264
2018-10-30,14.7,15.54,14.7,15.5,24516006.0,565466939.0,792506413.0,0.030934773016152238
2018-10-31,15.57,15.99,15.52,15.69,29394669.0,696844407.0,792506975.0,0.03709073853892579
2018-11-01,15.76,16.13,15.6,15.81,31889641.0,761809789.0,792506975.0,0.04023894048377303
2018-11-02,16.09,17.19,15.96,16.87,58605975.0,1453396792.0,792506975.0,0.07395010624354442
2018-11-05,16.62,17.21,16.5,16.81,43023970.0,1088439021.0,792506975.0,0.054288443328842625
2018-11-06,16.62,16.68,16.09,16.23,31683639.0,776012589.0,792506975.0,0.03997900333937124
2018-11-07,16.89,17.15,16.5,16.51,51492941.0,1303724610.0,792506975.0,0.06497474801404744
2018-11-08,16.65,16.67,16.07,16.19,26966305.0,660367068.0,792506975.0,0.03402658380388387
2018-11-09,16.09,16.43,16.0,16.04,16873201.0,410597588.0,792506975.0,0.021290917975832328
2018-11-12,15.96,16.27,15.42,16.25,27645710.0,660162275.0,792506975.0,0.03488386963408114
2018-11-13,15.96,16.51,15.81,16.51,33949499.0,829669321.0,792506975.0,0.042838107513186244
2018-11-14,16.48,16.82,16.27,16.29,33740440.0,840005725.0,792506975.0,0.042574312989485046
2018-11-15,16.16,16.55,16.13,16.55,25029830.0,617741814.0,792506975.0,0.03158310373230469
2018-11-16,16.63,17.0,16.49,16.83,41800944.0,1058619431.0,792506975.0,0.05274520643808845
2018-11-19,16.72,16.88,16.45,16.81,26714237.0,668127738.0,792506975.0,0.03370851972627749
2018-11-20,16.55,17.58,16.52,16.98,43647093.0,1118785339.0,792506975.0,0.05507471148755504
2018-11-21,16.63,17.06,16.47,17.06,28403932.0,717154509.0,792506975.0,0.03584060821672894
2018-11-22,17.13,17.37,16.8,16.83,27348040.0,702028715.0,792506975.0,0.03450826410707616
2018-11-23,16.71,16.87,15.72,15.76,32857385.0,799276194.0,792506975.0,0.04146005781210948
2018-11-26,15.74,15.92,15.44,15.56,15401669.0,363120543.0,792506975.0,0.019434111605137607
2018-11-27,15.72,16.28,15.68,16.0,22435933.0,538342751.0,792506975.0,0.02831007638765577
2018-11-28,16.01,16.39,15.78,16.39,26278427.0,639553013.0,792506975.0,0.03315860658513447
2018-11-29,16.49,16.61,15.71,15.8,29709904.0,727690583.0,792506975.0,0.037488507908715885
2018-11-30,15.8,16.93,15.7,16.82,54512494.0,1356685372.0,795207136.9999999,0.06855131381950864
2018-12-03,17.29,17.58,16.82,17.21,61267314.0,1581966938.0,795207136.9999999,0.07704572953298332
2018-12-04,17.03,17.19,16.78,17.02,31355423.0,800870436.0,795207136.9999999,0.039430510040807144
2018-12-05,16.55,17.67,16.49,17.59,60695156.0,1574551132.0,795207136.9999999,0.07632622140311601
2018-12-06,17.4,17.67,17.21,17.33,41307432.0,1080679972.0,795207136.9999999,0.051945499578683996
2018-12-07,17.38,17.45,16.89,17.09,26100650.0,670415425.0,795207136.9999999,0.03282245440913341
2018-12-10,16.92,17.07,16.74,16.91,21792867.0,554193916.0,800559121.0,0.02722205821948283
2018-12-11,17.04,17.09,16.71,16.95,18951871.0,481674366.0,800559121.0,0.023673293455612254
2018-12-12,17.02,17.36,16.93,17.08,27634865.0,714111822.0,800559121.0,0.03451945555936024
2018-12-13,17.12,17.25,16.75,16.94,27821096.0,712019544.0,800559121.0,0.03475208172664115
2018-12-14,16.82,17.15,16.02,16.26,29918584.0,751484655.0,800559121.0,0.03737211058519687
2018-12-17,16.12,16.52,16.12,16.25,23144706.0,567660774.0,800559121.0,0.02891067679185183
2018-12-18,16.1,16.61,15.82,16.45,26190285.0,639684594.0,800559121.0,0.03271499170140615
2018-12-19,16.33,16.42,16.06,16.11,14431008.0,351595667.0,800559121.0,0.018026161493199702
2018-12-20,16.06,16.29,16.02,16.08,13065125.0,317327207.0,800559121.0,0.016320000181473168
2018-12-21,16.03,16.04,15.16,15.33,26775871.0,624241056.0,800559121.0,0.03344646297521854
2018-12-24,15.28,15.46,15.2,15.35,11927661.0,274912696.0,800559121.0,0.014899163206211225
2018-12-25,15.09,15.2,14.65,15.08,18000061.0,403907716.0,800559121.0,0.022484361901361685
2018-12-26,15.08,15.32,14.97,14.98,11408957.0,259390513.0,800559121.0,0.014251236043315282
2018-12-27,15.3,15.34,14.58,14.62,15054657.0,340616110.0,800559121.0,0.018805178287388473
2018-12-28,14.73,14.86,14.47,14.68,15397016.0,339167028.0,800559121.0,0.01923282815236328
2019-01-02,14.71,14.86,14.53,14.59,11555700.0,254866994.0,800559121.0,0.014434536684268194
2019-01-03,14.43,14.82,14.43,14.61,12331946.0,271453618.0,800559121.0,0.015404166508771812
2019-01-04,14.45,15.04,14.39,15.03,19534673.0,435620024.0,800559121.0,0.024401287159902335
2019-01-07,15.22,15.22,14.98,15.18,19647477.0,446184186.0,800559121.0,0.024542193680159193
2019-01-08,15.12,15.33,14.98,15.17,17114444.0,390717744.0,800559121.0,0.021378113809535873
2019-01-09,15.09,15.28,14.79,14.98,25242319.0,571719131.0,800559121.0,0.0315308617912805
2019-01-10,15.04,15.16,14.85,14.88,14408362.0,324953309.0,800559121.0,0.017997873763529328
2019-01-11,14.89,15.01,14.81,14.92,10326429.0,231222823.0,800559121.0,0.012899021108023826
2019-01-14,14.92,15.14,14.83,14.83,11865561.0,267358972.0,800559121.0,0.014821592420530301
2019-01-15,14.83,15.12,14.67,15.09,17255068.0,386088715.0,800559121.0,0.0215537710424762
2019-01-16,15.08,15.14,14.88,14.92,12594954.0,283819329.0,800559121.0,0.015732696898471787
2019-01-17,14.95,14.98,14.64,14.66,12463600.0,276814726.0,800559121.0,0.015568619072669338
2019-01-18,14.67,14.95,14.67,14.91,14719419.0,328733603.0,800559121.0,0.018386423455663808
2019-01-21,14.98,15.28,14.98,15.17,21691098.0,493879364.0,800559121.0,0.027094935815489885
2019-01-22,15.1,15.26,14.93,14.95,15320658.0,347429824.0,800559121.0,0.019137447314150333
2019-01-23,14.87,15.18,14.83,15.13,16239688.0,367948701.0,800559121.0,0.02028543248587883
2019-01-24,15.08,15.12,14.93,15.05,13031427.0,294743913.0,800559121.0,0.01627790710038016
2019-01-25,15.06,15.44,14.96,15.15,26236111.0,600425860.0,800559121.0,0.03277223419455613
2019-01-28,15.17,15.32,14.85,14.86,17085393.0,387969930.0,800559121.0,0.021341825421535607
2019-01-29,14.76,14.78,13.66,14.09,24962760.0,534299359.0,800559121.0,0.031181657100875126
2019-01-30,13.98,14.27,13.78,13.79,15485731.0,326373093.0,800559121.0,0.019343644452712444
2019-01-31,13.83,13.99,12.77,12.92,30591180.0,612078491.0,800559121.0,0.038212268397851405
2019-02-01,13.03,13.46,13.03,13.44,18482515.0,368474411.0,800559121.0,0.0230870082111025
2019-02-11,13.63,14.59,13.6,14.53,28641731.0,607701339.0,800559121.0,0.03577715904881933
2019-02-12,14.54,14.86,14.35,14.7,32484932.0,715141061.0,800559121.0,0.04057780512127848
2019-02-13,14.63,15.7,14.55,15.42,51639472.0,1185469010.0,800559121.0,0.06450425789352789
2019-02-14,15.48,15.59,15.19,15.52,35711383.0,830379900.0,800559121.0,0.04460805212660865
2019-02-15,15.45,16.11,15.34,15.44,38307479.0,902976499.0,800559121.0,0.04785090569219809
2019-02-18,15.44,16.06,15.43,16.02,39297696.0,935138595.0,800559121.0,0.04908781246650739
2019-02-19,16.09,16.15,15.49,15.82,38839983.0,926985086.0,800559121.0,0.04851607080746757
2019-02-20,15.87,16.78,15.86,16.29,53367513.0,1318446166.0,800559121.0,0.06666280053537732
2019-02-21,16.31,16.65,16.08,16.19,43480379.0,1065973707.0,800559121.0,0.05431251466560956
2019-02-22,16.1,16.38,15.78,16.32,38463149.0,930377565.0,800559121.0,0.04804535728973351
2019-02-25,16.51,17.91,16.33,17.82,78397805.0,2013524727.0,800559121.0,0.09792881367970824
2019-02-26,17.82,19.53,17.34,18.44,96948410.0,2665905136.0,800559121.0,0.12110087494712336
2019-02-27,18.28,18.88,17.48,17.92,64630587.0,1773391991.0,800559121.0,0.08073181018694559
2019-02-28,17.82,18.24,17.69,17.9,28363659.0,764420559.0,800559473.0,0.03542979623201586
2019-03-01,18.05,18.18,17.55,17.92,31761083.0,850400719.0,800559473.0,0.03967360835913811
2019-03-04,17.94,18.73,17.85,18.05,58045656.0,1593662386.0,800559473.0,0.07250636330925035
2019-03-05,17.88,18.28,17.71,18.28,47378808.0,1279436432.0,800559473.0,0.05918212150117172
2019-03-06,18.26,19.19,18.17,18.87,79106440.0,2230149198.0,800559473.0,0.09881394533195412
2019-03-07,18.78,19.27,18.39,18.79,67019428.0,1901076732.0,800559473.0,0.08371573913035191
2019-03-08,18.28,18.42,17.15,17.25,68485527.0,1843988334.0,800559473.0,0.08554708214663771
2019-03-11,17.29,17.94,17.25,17.84,38102749.0,1009866057.0,800559473.0,0.047595150997607395
2019-03-12,18.07,18.26,17.62,17.92,42565867.0,1152221726.0,800559473.0,0.05317014967106635
2019-03-13,17.8,19.71,17.8,19.71,118926066.0,3377293393.0,800559473.0,0.14855369277480276
2019-03-14,19.81,21.27,19.38,20.56,138029120.0,4282488487.0,800559473.0,0.17241582250317086
2019-03-15,20.48,21.24,19.82,20.63,90799522.0,2793072361.0,800559473.0,0.11342008315726969
2019-03-18,20.54,21.57,20.34,20.92,77915461.0,2457219853.0,800559473.0,0.09732626198028888
2019-03-19,20.93,20.94,20.18,20.3,58149328.0,1788137997.0,800559473.0,0.07263586274495312
2019-03-20,19.95,20.18,19.41,19.94,54626874.0,1624135878.0,800559473.0,0.06823587233974308
2019-03-21,19.91,20.36,19.75,19.97,46873162.0,1416218819.0,800559473.0,0.05855050571614434
2019-03-22,20.01,20.08,19.41,19.67,37042799.0,1097916794.0,800559473.0,0.04627113943350965
2019-03-25,19.09,19.63,19.02,19.11,36136161.0,1049148070.0,800559473.0,0.04513863394131619
2019-03-26,19.13,19.61,19.03,19.19,35206220.0,1020816220.0,800559473.0,0.04397702005582289
2019-03-27,19.23,19.55,17.74,18.36,66222540.0,1844195029.0,800559473.0,0.08272032526432924
2019-03-28,18.01,18.17,17.55,17.76,37780244.0,1016278986.0,800559473.0,0.04719230147689477
2019-03-29,17.84,18.4,17.59,18.34,37691173.0,1024631015.0,800573023.0,0.047080243671912984
2019-04-01,18.47,19.45,18.47,19.27,53232947.0,1521355282.0,800573023.0,0.06649355582894778
2019-04-02,19.4,20.4,18.89,19.77,63568644.0,1857907436.0,800573023.0,0.07940392965252341
2019-04-03,19.45,19.94,19.34,19.61,38532589.0,1139621864.0,800573023.0,0.048131260850641976
2019-04-04,19.71,20.18,19.45,19.57,54233653.0,1614278740.0,800573023.0,0.06774354298970676
2019-04-08,20.89,20.9,19.77,19.99,68165265.0,2075019068.0,800573023.0,0.08514559327088392
2019-04-09,20.02,20.12,19.35,19.53,39437327.0,1162384102.0,800573023.0,0.04926137387469775
2019-04-10,19.41,19.68,19.0,19.46,33955475.0,985030657.0,800573023.0,0.04241396352922074
2019-04-11,19.43,20.48,19.37,19.84,63975745.0,1928138396.0,800573023.0,0.07991244166617391
2019-04-12,19.61,19.63,18.89,18.96,41837415.0,1203038111.0,800573023.0,0.052259336497777545
2019-04-15,19.24,19.34,18.48,18.57,27757832.0,792368307.0,800573023.0,0.03467245485737533
2019-04-16,18.35,19.11,18.35,19.09,26808052.0,762062231.0,800573023.0,0.03348607963273826
2019-04-17,19.23,19.86,19.12,19.53,40881380.0,1203556666.0,800573023.0,0.05106514811953637
2019-04-18,19.61,19.81,18.95,19.06,30141026.0,874325227.0,800573023.0,0.03764931509564493
2019-04-19,18.95,19.01,18.65,18.97,21050266.0,596246446.0,800573023.0,0.02629399866750194
2019-04-22,19.01,19.08,18.46,18.52,24513892.0,688877825.0,800573023.0,0.030620432235074203
2019-04-23,18.52,18.79,18.12,18.59,21089312.0,583430355.0,800573023.0,0.02634277123274987
2019-04-24,18.61,18.71,18.23,18.52,14856172.0,412698280.0,800573023.0,0.01855692307033933
2019-04-25,18.48,18.71,17.95,17.95,21245131.0,584800094.0,800573023.0,0.026537405570309855
2019-04-26,17.94,18.13,17.21,17.34,24168110.0,639107819.0,800573023.0,0.030188514108849755
2019-04-29,17.33,17.33,15.96,16.16,33891592.0,836812713.0,800573023.0,0.04233416693582492
2019-04-30,15.96,16.49,15.82,16.38,16777163.0,410948806.0,800562476.0,0.020956719185524254
2019-05-06,15.76,16.48,15.17,15.54,28829704.0,686030937.0,800562476.0,0.03601181027625382
2019-05-07,15.76,16.06,15.6,15.99,20490326.0,489419316.0,800562476.0,0.02559491184545602
2019-05-08,15.73,15.99,15.62,15.75,14607522.0,347833083.0,800562476.0,0.01824657342545743
2019-05-09,15.54,15.82,15.41,15.46,14039421.0,329745182.0,800562476.0,0.017536946110874176
2019-05-10,15.64,15.94,14.92,15.9,21410856.0,506091300.0,800562476.0,0.026744765888827394
2019-05-13,15.7,16.17,15.52,15.94,19416041.0,463753909.0,800562476.0,0.0242529990876065
2019-05-14,15.74,15.89,15.56,15.64,12723394.0,301209061.0,800562476.0,0.015893068163239765
2019-05-15,15.84,15.95,15.7,15.88,14824352.0,353205764.0,800562476.0,0.018517420494237605
2019-05-16,15.92,16.57,15.88,16.4,30037557.0,738880277.0,800562476.0,0.037520565727839586
2019-05-17,16.53,16.53,15.52,15.66,23076504.0,554091754.0,800562476.0,0.02882536303137945
2019-05-20,15.65,16.14,14.97,15.92,19888790.0,464985190.0,800562476.0,0.02484352014520351
2019-05-21,15.95,16.5,15.78,16.25,23437497.0,571533981.0,800562476.0,0.02927628723882382
2019-05-22,16.29,16.33,15.89,15.93,14839649.0,358553847.0,800562476.0,0.018536528309628143
2019-05-23,15.9,15.92,15.4,15.46,13015997.0,305998434.0,800562476.0,0.016258564934287525
2019-05-24,15.39,15.68,15.36,15.37,10459914.0,243927043.0,800562476.0,0.013065706067392546
2019-05-27,15.5,15.86,15.35,15.8,15093200.0,355696585.0,800562476.0,0.01885324437814395
2019-05-28,15.8,16.34,15.8,16.06,20951509.0,505971065.0,800562476.0,0.026170985560907054
2019-05-29,16.06,16.32,15.9,16.08,18173056.0,441615510.0,800562476.0,0.022700359490743855
2019-05-30,15.98,16.87,15.78,16.69,36999626.0,910159750.0,800562476.0,0.04621703753199644
2019-05-31,16.54,16.64,16.26,16.27,26289922.0,650830521.0,800562812.0,0.03283929956016993
2019-06-03,16.12,16.35,15.92,15.98,16057470.0,388115192.0,800562812.0,0.020057726588479107
2019-06-04,15.98,16.09,15.56,15.64,14202245.0,336224187.0,800562812.0,0.017740325664789936
2019-06-05,15.86,16.0,15.66,15.69,10489539.0,249616294.0,800562812.0,0.013102705799929162
2019-06-06,15.7,15.82,15.23,15.32,12557487.0,292372214.0,800562812.0,0.015685823537853767
2019-06-10,15.52,15.84,15.44,15.75,13618290.0,320813537.0,800562812.0,0.01701089508014769
2019-06-11,15.68,16.27,15.62,16.21,22101254.0,533279786.0,800562812.0,0.027607145459062368
2019-06-12,16.19,16.55,16.07,16.14,21359727.0,523841248.0,800562812.0,0.026680888344836083
2019-06-13,16.09,16.3,15.92,16.2,14965561.0,362563322.0,800562812.0,0.018693799881376455
2019-06-14,16.25,16.38,15.7,15.76,16521141.0,398572306.0,800562812.0,0.020636907875755787
2019-06-17,15.73,15.93,15.62,15.68,8667816.0,205521125.0,800562812.0,0.01082715293550258
2019-06-18,15.56,15.56,15.27,15.32,17298673.0,399397877.0,800562812.0,0.021608139599669538
2019-06-19,15.64,15.81,15.42,15.44,14619479.0,342780684.0,800562812.0,0.018261501509765358
2019-06-20,15.44,15.78,15.36,15.68,17293573.0,405725661.0,800562812.0,0.021601769081424683
2019-06-21,15.69,16.01,15.69,15.9,19211735.0,458988603.0,800562812.0,0.02399778594761906
2019-06-24,15.95,16.07,15.8,15.95,13415958.0,321331443.0,800562812.0,0.016758157884555848
2019-06-25,15.95,15.98,15.47,15.62,14377158.0,338457298.0,800562812.0,0.017958813205527713
2019-06-26,15.6,16.08,15.48,15.84,17352422.0,413877067.0,800562812.0,0.02167527861636421
2019-06-27,15.81,16.0,15.78,15.83,14200748.0,338852592.0,800562812.0,0.017738455730316887
2019-06-28,15.83,15.83,15.49,15.58,10857850.0,254818893.0,800562835.0,0.01356277049758374
2019-07-01,15.89,16.24,15.72,16.2,29206354.0,703842963.0,800562835.0,0.03648227562299966
2019-07-02,16.26,16.95,16.1,16.81,53518481.0,1338710678.0,800562835.0,0.0668510685985067
2019-07-03,16.72,16.72,16.37,16.43,28556814.0,709628815.0,800562835.0,0.03567092144615981
2019-07-04,16.43,16.64,16.29,16.35,16104741.0,398590796.0,800562835.0,0.02011677321993095
2019-07-05,16.45,16.57,16.32,16.34,12801212.0,316905232.0,800562835.0,0.015990265148893654
2019-07-08,16.26,16.26,15.62,15.68,19984887.0,475625120.0,800562835.0,0.0249635458033722
2019-07-09,15.66,15.94,15.65,15.88,13542091.0,322025868.0,800562835.0,0.016915712805978558
2019-07-10,15.87,15.88,15.5,15.6,11461830.0,269558270.0,800562835.0,0.014317214713071211
2019-07-11,15.7,15.92,15.58,15.69,10225659.0,242374674.0,800562835.0,0.012773087324244823
2019-07-12,15.7,15.89,15.68,15.8,8432708.0,200363979.0,800562927.0,0.01053347302953488
2019-07-15,15.52,15.52,14.77,15.24,26589582.0,605161524.0,800562927.0,0.03321360645519874
2019-07-16,15.16,15.32,14.96,15.07,13578881.0,308632075.0,800562927.0,0.016961666025286728
2019-07-17,15.07,15.18,14.93,15.08,9164032.0,207912326.0,800562927.0,0.011446985228682717
2019-07-18,15.04,15.19,14.97,14.97,8768751.0,198827994.0,800562927.0,0.010953231412875556
2019-07-19,14.98,15.2,14.98,15.04,7970284.0,181108205.0,800562927.0,0.009955849479400137
2019-07-22,15.14,15.16,14.53,14.55,15085885.0,333659996.0,800562927.0,0.018844096436656504
2019-07-23,14.55,14.67,14.53,14.63,5835507.0,128338388.0,800562927.0,0.007289254602218171
2019-07-24,14.66,14.91,14.66,14.83,8347889.0,186091758.0,800562927.0,0.01042752383161505
2019-07-25,14.89,14.89,14.65,14.81,8989803.0,199687936.0,800562927.0,0.01122935211812525
2019-07-26,14.79,15.12,14.71,15.05,11772835.0,261483299.0,800562927.0,0.014705695958364058
2019-07-29,14.99,15.12,14.93,14.96,7745669.0,172320244.0,800562927.0,0.00967527815586694
2019-07-30,14.95,15.13,14.95,15.01,9021269.0,201578537.0,800562927.0,0.011268656960928694
2019-07-31,15.01,15.01,14.72,14.9,12268878.0,270164105.0,800562927.0,0.01532531370891223
2019-08-01,14.74,15.99,14.68,15.63,41353639.0,952631953.0,800562927.0,0.05165570076416991
2019-08-02,15.31,15.8,15.23,15.4,30015447.0,689872691.0,800562927.0,0.03749292652418815
2019-08-05,15.24,15.4,14.79,14.81,22550710.0,503097136.0,800562927.0,0.028168566441748307
2019-08-06,14.16,14.54,13.81,14.08,23350291.0,489933462.0,800562927.0,0.029167339896067908
2019-08-07,14.85,15.03,14.43,14.61,23269948.0,506129101.0,800562927.0,0.029066981763945707
2019-08-08,14.79,14.83,14.31,14.35,15031239.0,322528109.0,800562927.0,0.018775836968028873
2019-08-09,14.45,14.59,14.1,14.14,12286264.0,261188259.0,800562927.0,0.015347030927401414
2019-08-12,14.15,14.31,13.92,14.31,12150703.0,253224854.0,800562927.0,0.015177698829413819
2019-08-13,14.08,14.25,14.03,14.05,9448079.0,197726461.0,800562927.0,0.011801794314165137
2019-08-14,14.23,14.33,14.08,14.13,12578590.0,264820366.0,800562927.0,0.01571218148601578
2019-08-15,13.79,13.97,13.57,13.88,15892705.0,324481373.0,800562927.0,0.0198519122782212
2019-08-16,13.83,14.14,13.77,13.91,12545054.0,260173637.0,800562927.0,0.015670290962649085
2019-08-19,14.1,14.31,13.9,14.31,22486053.0,470380580.0,800562927.0,0.028087802022338713
2019-08-20,14.28,14.52,14.2,14.26,18621075.0,396509285.0,800562927.0,0.023259976663895655
2019-08-21,14.17,14.25,13.96,13.99,15143803.0,315721414.0,800562927.0,0.018916443029343526
2019-08-22,14.04,14.76,13.95,14.76,38189166.0,818784923.0,800562927.0,0.04770289094338739
2019-08-23,14.56,14.61,14.29,14.35,21498864.0,461238898.0,800562927.0,0.026854683466999964
2019-08-26,14.02,14.77,13.95,14.51,23645585.0,505710018.0,800562927.0,0.02953619784594397
2019-08-27,14.53,14.74,14.42,14.7,21957312.0,476545177.0,800562927.0,0.0274273405118596
2019-08-28,14.7,14.85,14.37,14.39,18999875.0,410572675.0,800562927.0,0.023733143715759398
2019-08-29,14.35,14.36,14.1,14.15,14534970.0,306097432.0,800562927.0,0.01815593691612452
2019-08-30,14.26,14.26,14.0,14.05,14810657.0,309878233.0,800563111.0000001,0.018500299097593566
2019-09-02,14.2,14.48,14.14,14.35,18923760.0,402572703.0,800563111.0000001,0.023638061434484454
2019-09-03,14.26,14.38,14.14,14.31,16019175.0,339049910.0,800563111.0000001,0.020009884017751098
2019-09-04,14.24,14.86,14.19,14.76,42505477.0,920390086.0,800563111.0000001,0.05309447364731248
2019-09-05,14.69,15.05,14.65,14.91,38843170.0,856745317.0,800563111.0000001,0.04851980995162291
2019-09-06,14.96,15.01,14.74,14.85,19075100.0,420228664.0,800563111.0000001,0.02382710336999277
2019-09-09,14.96,15.34,14.89,15.32,29785660.0,670056088.0,800563111.0000001,0.03720588619527336
2019-09-10,15.28,15.88,15.17,15.38,35582644.0,821516850.0,800563111.0000001,0.044447019243183686
2019-09-11,15.55,15.69,15.01,15.04,26546927.0,603759555.0,800563111.0000001,0.03316031757551217
2019-09-12,15.2,15.26,14.98,15.14,16255139.0,365162600.0,800563111.0000001,0.02030463154828027
2019-09-16,15.32,15.55,15.24,15.38,20981606.0,478934196.0,800563111.0000001,0.026208559589751067
2019-09-17,15.35,15.35,14.95,15.14,17827773.0,400230528.0,800563111.0000001,0.022269041322339915
2019-09-18,15.18,15.22,14.85,15.05,13522899.0,301327771.0,800563111.0000001,0.01689173384857599
2019-09-19,15.06,15.69,15.06,15.61,34630740.0,793195557.0,800563111.0000001,0.04325797619720701
2019-09-20,15.55,15.61,15.33,15.48,23298522.0,534338750.0,800563111.0000001,0.029102667459780067
2019-09-23,15.4,15.62,15.2,15.34,19658709.0,449787407.0,800563111.0000001,0.024556101486419846
2019-09-24,15.33,15.58,15.23,15.45,18371852.0,420265454.0,800563111.0000001,0.022948661695205187
2019-09-25,15.45,16.84,15.3,16.42,73640456.0,1767026303.0,800563111.0000001,0.09198582221458364
2019-09-26,16.17,16.5,15.59,15.62,44655667.0,1063033744.0,800563111.0000001,0.055780320609851324
2019-09-27,15.76,15.82,15.39,15.47,23680755.0,547214987.0,800563111.0000001,0.029580122634453983
2019-09-30,15.46,15.74,15.09,15.2,18204775.0,417154350.0,800563190.0,0.022739960102337455
2019-10-08,15.05,15.39,14.83,15.2,16502340.0,370497529.0,800563190.0,0.020613413414623773
2019-10-09,15.05,15.32,14.87,15.16,14168243.0,316424077.0,800563190.0,0.017697844688562312
2019-10-10,15.49,15.57,15.18,15.27,14817641.0,337354771.0,800563190.0,0.018509021130486903
2019-10-11,15.2,15.23,14.93,15.02,12542568.0,280262332.0,800563190.0,0.015667180500767215
2019-10-14,15.14,15.42,15.07,15.42,18160746.0,412638145.0,800563190.0,0.022684962569912814
2019-10-15,15.22,15.33,14.97,15.15,14439793.0,324238399.0,800563190.0,0.018037043396911617
2019-10-16,15.14,15.25,14.83,14.83,11663262.0,260379927.0,800563190.0,0.014568821231962964
2019-10-17,14.83,15.12,14.83,14.91,9838386.0,218540187.0,800563190.0,0.012289330964617547
2019-10-18,14.91,15.21,14.83,15.06,15760997.0,351324868.0,800563190.0,0.019687386575942867
2019-10-21,14.98,15.09,14.84,14.95,8527184.0,189103423.0,800563190.0,0.010651481490174437
2019-10-22,14.97,15.08,14.88,14.94,7904440.0,175400580.0,800563190.0,0.009873599109646797
2019-10-23,14.86,14.93,14.41,14.43,17345317.0,375388931.0,800563190.0,0.021666393379890476
2019-10-24,14.42,14.68,14.33,14.39,11158340.0,239837868.0,800563190.0,0.01393811274285544
2019-10-25,14.39,14.58,14.19,14.48,10029348.0,215106639.0,800563190.0,0.012527865539258682
2019-10-28,14.49,14.72,14.28,14.69,12696543.0,274539577.0,800563190.0,0.015859513850493175
2019-10-29,14.64,15.05,14.56,14.8,16658078.0,365964082.0,800563190.0,0.020807948964028686
2019-10-30,14.71,15.01,14.64,14.68,9908520.0,217959314.0,800563190.0,0.012376936791210697
2019-10-31,14.68,14.8,14.53,14.7,7684739.0,166959701.0,800563190.0,0.009599166057085388
2019-11-01,14.68,15.03,14.66,14.95,11367918.0,251565103.0,800563190.0,0.01419990094723191
2019-11-04,15.11,15.58,14.97,15.3,25321006.0,575652060.0,800563190.0,0.031628991085638096
2019-11-05,15.49,16.03,15.23,15.72,40700734.0,945128558.0,800563190.0,0.05084012668631442
2019-11-06,15.84,16.61,15.76,15.89,54623276.0,1308900094.0,800563190.0,0.06823106118581346
2019-11-07,15.92,16.05,15.62,15.8,30908176.0,726332706.0,800563190.0,0.03860804042214332
2019-11-08,16.04,16.49,15.88,16.16,43139630.0,1038287006.0,800563190.0,0.05388660200577046
2019-11-11,16.05,16.44,15.63,15.78,29060126.0,688892656.0,800563190.0,0.03629960303320966
2019-11-12,15.81,15.96,15.58,15.76,16397709.0,383604001.0,800563190.0,0.020482716673495816
2019-11-13,15.69,15.71,15.36,15.53,15968782.0,368131301.0,800563190.0,0.019946935107021346
2019-11-14,15.6,15.77,15.33,15.36,17452100.0,401456805.0,800563190.0,0.021799778228624278
2019-11-15,15.43,15.62,15.23,15.32,16237153.0,371028122.0,800563190.0,0.02028216286087298
2019-11-18,15.32,15.89,15.22,15.84,19871962.0,461208753.0,800563190.0,0.024822477785919686
2019-11-19,15.74,17.29,15.71,17.15,66221554.0,1644994332.0,800563190.0,0.0827187095624519
2019-11-20,17.16,17.41,16.91,17.1,51075100.0,1301128786.0,800563190.0,0.0637989613287116
2019-11-21,17.28,17.29,16.78,16.87,25994715.0,654892523.0,800563190.0,0.03247053489931257
2019-11-22,17.4,17.84,17.14,17.37,60244055.0,1562582770.0,800563190.0,0.07525209221772987
2019-11-25,17.37,17.75,17.18,17.31,35489754.0,921146105.0,800563190.0,0.04433098404137217
2019-11-26,17.18,18.02,16.85,17.97,54150307.0,1416809799.0,800563190.0,0.06764026584834609
2019-11-27,17.82,18.88,17.6,18.46,63180281.0,1718784010.0,800563190.0,0.07891979270243489
2019-11-28,18.48,18.94,18.28,18.53,34593516.0,955317762.0,800563190.0,0.0432114746619814
2019-11-29,18.4,18.85,18.11,18.7,35022589.0,961406996.0,800563190.0,0.043747438600068536
2019-12-02,18.65,18.85,18.05,18.17,32508553.0,885780315.0,786244192.0,0.04134663674564861
2019-12-03,18.07,18.82,17.93,18.82,36678490.0,998985563.0,786244192.0,0.046650252393851704
2019-12-04,18.67,19.62,18.63,19.37,46336365.0,1327915491.0,786244192.0,0.05893380895079477
2019-12-05,19.37,19.78,19.26,19.6,39522951.0,1145881000.0,786244192.0,0.050268035557075375
2019-12-06,19.41,19.87,19.31,19.48,23433701.0,678510799.0,786244192.0,0.029804609354748657
2019-12-09,19.49,19.68,18.9,19.08,34602476.0,988231006.0,786244192.0,0.04400983352510412
2019-12-10,19.02,19.66,18.99,19.15,26809260.0,765060636.0,786244192.0,0.03409787986071381
2019-12-11,19.15,19.22,18.6,18.65,32032349.0,893009350.0,786244192.0,0.04074096740672648
2019-12-12,19.42,19.62,18.67,18.72,38783536.0,1097924622.0,786244192.0,0.04932759617765164
2019-12-13,18.94,19.6,18.68,19.37,45435451.0,1299775238.0,786244192.0,0.057787963920501687
2019-12-16,19.68,20.14,19.22,19.69,43382610.0,1265482170.0,786244192.0,0.05517701808346077
2019-12-17,20.15,21.66,20.15,21.66,72082776.0,2277236986.0,786244192.0,0.09167988359524823
2019-12-18,22.15,22.16,21.0,21.5,71882735.0,2283548516.0,786244192.0,0.09142545755047053
2019-12-19,21.5,21.5,20.82,20.94,36335609.0,1135780830.0,786244192.0,0.046214152511030566
2019-12-20,21.16,21.78,20.84,20.98,48402295.0,1531972304.0,786244192.0,0.06156140228759871
2019-12-23,20.88,22.27,20.43,21.76,60375724.0,1945210793.0,786244192.0,0.07679004133107796
2019-12-24,22.14,23.39,21.63,23.11,72675662.0,2426053502.0,786244192.0,0.09243395721007755
2019-12-25,22.79,23.38,22.47,23.07,49865875.0,1697256673.0,786244192.0,0.06342288503671388
2019-12-26,23.18,24.38,22.98,23.75,53680106.0,1892751039.0,786244192.0,0.06827408907587836
2019-12-27,23.86,24.36,23.01,23.03,63527267.0,2238965939.0,786244192.0,0.08079839272122726
2019-12-30,23.02,23.49,22.7,23.08,40871153.0,1399737122.0,786244192.0,0.05198277254809915
2019-12-31,23.08,24.08,22.9,23.47,41710210.0,1459113890.0,786244635.0,0.0530499136569625
2020-01-02,23.62,24.11,23.13,23.9,44153260.0,1554001262.0,786244635.0,0.056157152665340604
2020-01-03,23.77,24.94,23.5,24.52,53657828.0,1929748138.0,786244635.0,0.06824571591512354
2020-01-06,24.54,26.97,24.54,26.96,96127470.0,3768945058.0,786244635.0,0.12226152741888026
2020-01-07,26.42,27.1,26.29,26.94,57810392.0,2290997377.0,786244635.0,0.07352723239885764
2020-01-08,26.98,28.68,26.11,27.4,85034608.0,3460242147.0,786244635.0,0.10815286262652844
2020-01-09,27.97,28.1,26.96,27.56,45156788.0,1844550545.0,786244635.0,0.05743350859239885
2020-01-10,27.09,27.95,26.73,27.68,46087721.0,1870824839.0,786244635.0,0.058617533205806864
2020-01-13,28.17,28.57,27.5,28.02,40359981.0,1675087961.0,786244635.0,0.05133259955408154
2020-01-14,28.61,30.3,28.3,29.25,60763643.0,2655547808.0,786244635.0,0.0772833801276113
2020-01-15,28.92,29.18,27.37,28.37,50952196.0,2138113101.0,786244635.0,0.06480450706032481
2020-01-16,28.16,28.96,27.68,28.16,38386648.0,1619492493.0,786244635.0,0.04882277893063143
2020-01-17,27.96,28.51,27.74,28.2,36747532.0,1531088589.0,786244635.0,0.04673803847322914
2020-01-20,28.01,29.17,27.36,28.68,40713723.0,1713395473.0,786244635.0,0.05178251295794215
2020-01-21,28.32,28.75,27.81,27.83,29255039.0,1223791378.0,786244635.0,0.03720857058693952
2020-01-22,27.76,29.95,27.73,29.42,60551011.0,2616971757.0,786244635.0,0.07701294012645314
2020-01-23,29.31,30.53,27.53,29.23,59039851.0,2553695275.0,801238907.9999999,0.07368570149366736
2020-02-03,26.3,27.62,26.3,26.3,58589122.0,2316283750.0,801238907.9999999,0.07312316141292531
2020-02-04,27.62,28.93,26.98,28.93,68862099.0,2907631982.0,801238907.9999999,0.08594452704735603
2020-02-05,30.39,31.82,30.0,30.8,90490566.0,4185944583.0,801238907.9999999,0.11293830728449848
2020-02-06,29.21,32.02,29.08,31.63,74521590.0,3401195967.0,801238907.9999999,0.09300795213005308
2020-02-07,31.07,31.99,30.35,31.63,47280809.0,2196549826.0,801238907.9999999,0.059009626876482146
2020-02-10,31.4,34.79,31.4,34.79,68022322.0,3463806259.0,801238907.9999999,0.08489642891880135
2020-02-11,36.52,36.78,34.44,35.8,75797513.0,4048353526.0,801238907.9999999,0.09460038977538021
2020-02-12,35.08,39.38,35.07,39.38,49562309.0,2807601552.0,801238907.9999999,0.0618570921920332
2020-02-13,41.35,43.3,39.37,40.09,98134395.0,6016421933.0,801238907.9999999,0.12247831953762287
2020-02-14,41.01,42.02,38.72,38.94,77201780.0,4627389426.0,801238907.9999999,0.09635300935735389
2020-02-17,38.93,41.79,38.89,41.78,63466893.0,3775872119.0,801238907.9999999,0.0792109474044663
2020-02-18,41.65,42.46,38.75,40.58,74214736.0,4485783300.0,801238907.9999999,0.09262497771763227
2020-02-19,41.44,42.23,39.05,39.31,67991004.0,4064512325.0,801238907.9999999,0.08485734195024888
2020-02-20,40.16,40.43,38.41,39.67,58022807.0,3410752192.0,801238907.9999999,0.07241636223686732
2020-02-21,39.35,39.95,38.68,38.87,60937601.0,3554686758.0,801238907.9999999,0.07605422102142849
2020-02-24,38.07,38.32,35.04,37.06,93842113.0,5100233050.0,801238907.9999999,0.11712126316262217
2020-02-25,36.36,40.76,36.24,40.76,82547682.0,4783799250.0,801238907.9999999,0.10302505429504182
2020-02-26,41.23,42.6,39.02,39.81,97354982.0,5884130667.0,801238907.9999999,0.12150555973749594
2020-02-27,40.77,40.77,37.74,38.1,55883160.0,3220979317.0,801238907.9999999,0.06974593899776022
2020-02-28,35.99,37.13,34.37,35.03,67331353.0,3572284514.0,801246091.0,0.08403329982673201
2020-03-02,35.84,36.86,34.47,35.92,54561300.0,2909711505.0,801246091.0,0.06809555842188814
2020-03-03,37.09,38.92,36.5,36.9,53748797.0,3001753957.0,801246091.0,0.0670815091689477
2020-03-04,36.83,37.63,35.86,37.12,37226425.0,2036186273.0,801246091.0,0.04646066348172674
2020-03-05,37.4,37.66,35.65,36.42,40749897.0,2198524468.0,801246091.0,0.050858153890201006
2020-03-06,35.21,38.07,35.12,36.52,43365216.0,2379090907.0,801246091.0,0.054122218488302114
2020-03-09,35.31,36.3,33.46,33.8,51219349.0,2619917133.0,801246091.0,0.06392461638854972
2020-03-10,33.69,35.37,32.69,35.25,47132564.0,2391200899.0,801246091.0,0.05882407980446547
2020-03-11,35.38,35.97,34.37,34.42,36045511.0,1877693008.0,801246091.0,0.044986816665792635
2020-03-12,33.28,33.76,32.24,33.51,37526075.0,1835383616.0,801246091.0,0.046834643465362
2020-03-13,31.51,33.02,31.01,32.35,39020704.0,1851558221.0,801246091.0,0.04870002417272323
2020-03-16,32.35,32.35,29.11,29.11,51692683.0,2320776841.0,801246091.0,0.06451536373236422
2020-03-17,28.98,29.91,26.82,27.95,62685226.0,2611674732.0,801246091.0,0.07823467309745664
2020-03-18,28.32,29.71,27.55,27.66,50124894.0,2121715844.0,801246091.0,0.06255867524725309
2020-03-19,27.97,28.17,26.01,27.37,51228450.0,2053376177.0,801246091.0,0.06393597494630399
2020-03-20,28.3,28.69,26.3,27.2,41224145.0,1679353672.0,801459639.0,0.05143633315264176
2020-03-23,26.19,26.19,24.48,24.52,49244597.0,1837330541.0,801459639.0,0.0614436393346565
2020-03-24,25.26,26.82,24.8,26.36,62296686.0,2402392622.0,801459639.0,0.07772903708255233
2020-03-25,27.36,28.68,27.15,28.54,64632300.0,2694654350.0,801459639.0,0.08064323748185652
2020-03-26,28.01,28.22,27.41,27.51,42598596.0,1755430716.0,801459639.0,0.053151267920554635
2020-03-27,28.11,28.23,26.63,26.79,35037274.0,1412293502.0,801459639.0,0.04371682901426805
2020-03-30,25.81,26.51,24.26,26.15,49906056.0,1895747022.0,801459639.0,0.06226895725188227
2020-03-31,26.43,27.55,26.01,27.12,50325607.0,1999261241.0,801318709.0,0.06280348434994545
2020-04-01,27.56,29.58,26.85,28.06,71036395.0,2983888057.0,801318709.0,0.08864936535507746
2020-04-02,27.78,29.04,27.39,28.99,43388712.0,1816568928.0,801318709.0,0.054146635430672316
2020-04-03,28.97,29.35,27.7,27.97,39858402.0,1681433574.0,801318709.0,0.04974101010288529
2020-04-07,28.82,29.18,28.32,29.17,41895010.0,1788132725.0,801318709.0,0.05228258061300301
2020-04-08,28.71,29.37,28.32,28.78,32579447.0,1392506373.0,801318709.0,0.04065728983247788
2020-04-09,28.98,29.06,27.99,28.13,24182239.0,1018684017.0,801318709.0,0.03017805366129296
2020-04-10,28.64,28.64,26.61,26.72,32427624.0,1317622977.0,801318709.0,0.04046782339634603
2020-04-13,26.19,26.5,25.61,25.8,29954204.0,1153677845.0,801318709.0,0.03738113644866864
2020-04-14,26.42,28.38,26.3,28.38,53439293.0,2195731802.0,801318709.0,0.06668918671160091
2020-04-15,29.05,30.31,28.49,29.33,80409354.0,3519408950.0,801318709.0,0.10034628306675415
2020-04-16,29.42,29.93,28.71,29.46,46344857.0,2024361901.0,801318709.0,0.057835735618647584
2020-04-17,30.19,31.13,29.57,29.99,62174944.0,2794960289.0,801318709.0,0.07759078042442162
2020-04-20,29.71,29.95,28.78,29.73,37160555.0,1622851393.0,801318709.0,0.046374251072178574
2020-04-21,29.07,29.64,28.32,28.71,37427430.0,1600017585.0,801318709.0,0.04670729583576964
2020-04-22,27.64,28.84,27.39,28.67,32472563.0,1356729469.0,801318709.0,0.04052390470269177
2020-04-23,29.01,29.03,27.67,27.83,27643722.0,1159960934.0,801318709.0,0.034497786822546284
2020-04-24,27.7,29.75,27.7,28.51,41505087.0,1778799827.0,801318709.0,0.0517959789704598
2020-04-27,28.5,28.84,27.69,28.17,23584864.0,989470622.0,801318709.0,0.029432563766584912
2020-04-28,28.71,29.3,27.51,28.87,35726207.0,1516766323.0,801318709.0,0.04458426665787483
2020-04-29,28.86,29.63,28.64,28.9,28964198.0,1252072597.0,801318709.0,0.03614566548202233
2020-04-30,30.04,31.57,30.04,31.21,54822478.0,2502318431.0,801319423.0,0.06841526166276392
2020-05-06,31.01,33.59,30.85,32.99,46004186.0,2232960805.0,801319423.0,0.05741054650562239
2020-05-07,32.93,34.51,32.9,33.96,45244642.0,2277929015.0,801319423.0,0.05646267980203445
2020-05-08,33.96,35.53,32.58,33.45,55286270.0,2768574255.0,801319423.0,0.06899404708426742
2020-05-11,33.42,33.69,32.27,32.87,35094758.0,1711357357.0,801319423.0,0.043796215332721315
2020-05-12,32.83,33.44,32.31,33.22,28303123.0,1386353313.0,801319423.0,0.03532065015226768
2020-05-13,32.75,35.37,32.43,33.94,37478450.0,1907272473.0,801319423.0,0.04677092420858492
2020-05-14,33.68,33.85,32.94,33.05,25707953.0,1269029362.0,801319423.0,0.032082029041245394
2020-05-15,33.42,35.1,32.92,34.57,43887134.0,2232574955.0,801319423.0,0.05476858883027474
2020-05-18,34.37,34.91,33.36,33.67,29406431.0,1486020562.0,801319423.0,0.0366975143194551
2020-05-19,34.03,34.57,33.38,33.64,28407202.0,1428981786.0,801319423.0,0.035450534686465474
2020-05-20,34.64,36.31,34.35,34.74,55720646.0,2930671573.0,801319423.0,0.06953612304989643
2020-05-21,35.04,35.14,33.02,33.07,40698026.0,2033972079.0,801320649.0,0.050788689959242524
2020-05-22,32.94,32.99,31.2,31.91,29857013.0,1419065664.0,801320649.0,0.037259757423273386
2020-05-25,31.66,32.1,31.17,31.88,16553857.0,777608020.0,801320649.0,0.020658218430609793
2020-05-26,32.36,32.9,32.12,32.85,22456791.0,1086431166.0,801320649.0,0.02802472521833142
2020-05-27,32.89,33.86,32.11,32.33,26682547.0,1306171968.0,801320649.0,0.033298214682597055
2020-05-28,32.06,33.22,31.52,32.7,26465808.0,1279655602.0,801320649.0,0.03302773743947287
2020-05-29,33.23,34.15,32.55,33.36,36705321.0,1820400402.0,801320649.0,0.04580603413353448
2020-06-01,33.96,35.28,33.1,34.69,36067860.0,1843521662.0,801320649.0,0.045010521125357895
2020-06-02,35.24,35.64,33.95,34.1,28552123.0,1459114605.0,801320649.0,0.03563133314439274
2020-06-03,34.37,34.37,33.34,33.68,23224506.0,1162716057.0,801320649.0,0.02898278738852267
2020-06-04,33.9,34.85,33.77,34.08,26083598.0,1329085727.0,801320649.0,0.032550762335340745
2020-06-05,33.55,33.86,33.13,33.82,17677734.0,878794653.0,801320649.0,0.02206074936676192
2020-06-08,33.69,34.56,33.59,33.73,20868896.0,1050679140.0,801320649.0,0.026043127711788194
2020-06-09,34.37,35.33,34.04,35.07,34235628.0,1763446887.0,801320649.0,0.0427240057306947
2020-06-10,34.94,35.02,34.21,34.75,20996673.0,1079654209.0,801320649.0,0.026202585726703267
2020-06-11,35.72,36.24,34.47,34.79,42525952.0,2240977966.0,801320649.0,0.05306983172475317
2020-06-12,33.69,34.19,33.42,33.87,26973922.0,1353724083.0,801320649.0,0.03366183316711211
2020-06-15,33.59,34.6,33.12,33.6,29335431.0,1474244924.0,801320649.0,0.03660885444123879
2020-06-16,34.27,35.43,33.94,35.14,37182812.0,1913424211.0,801320649.0,0.04640191419802037
2020-06-17,35.92,36.07,34.62,35.04,29627530.0,1554237714.0,801320649.0,0.03697337643423188
2020-06-18,34.79,36.83,34.7,36.5,43375185.0,2319069216.0,801320649.0,0.05412962345863622
2020-06-19,36.51,37.52,36.19,36.73,40958724.0,2244234341.0,801320649.0,0.05111402539185035
2020-06-22,36.82,38.46,36.73,37.47,34922518.0,1949996540.0,801320649.0,0.0435812031595357
2020-06-23,37.47,37.81,36.8,37.5,24315257.0,1343074738.0,801320649.0,0.030343979067984805
2020-06-24,37.5,37.5,36.26,36.41,23925033.0,1301277201.0,801320771.0,0.029856998427911712
2020-06-29,36.06,36.65,35.58,36.05,20728150.0,1108146790.0,801320771.0,0.02586748122619175
2020-06-30,36.13,36.79,36.01,36.1,20583990.0,1108836208.0,801321432.0,0.02568755705014015
2020-07-01,36.71,37.33,36.4,36.86,29938509.0,1640811277.0,801321432.0,0.03736142302506144
2020-07-02,36.79,38.65,36.69,37.74,32562275.0,1824629711.0,801321432.0,0.04063572207064094
2020-07-03,38.41,39.17,37.93,38.41,28303620.0,1622150295.0,801321432.0,0.03532118182507316
2020-07-06,38.34,40.45,37.91,39.76,42566435.0,2476998995.0,801321432.0,0.05312030016938321
2020-07-07,42.34,43.74,41.6,43.74,48835217.0,3129621562.0,801321432.0,0.06094335562461282
2020-07-08,43.59,43.8,41.99,43.51,43355038.0,2767451549.0,801321432.0,0.054104428346301865
2020-07-09,42.76,44.81,42.76,43.59,32601180.0,2108979489.0,801321803.0000001,0.04068425428828622
2020-07-10,43.58,44.06,42.87,43.26,29055472.0,1876850950.0,801321803.0000001,0.0362594302204454
2020-07-13,44.48,47.13,44.14,47.08,44131712.0,2999492755.0,801321803.0000001,0.05507364436457246
2020-07-14,45.82,45.82,43.13,43.51,46623734.0,3063120187.0,801321803.0000001,0.058183533538522715
2020-07-15,44.48,44.54,40.33,43.01,44262486.0,2784354849.0,801321803.0000001,0.05523684222030334
2020-07-16,43.03,43.46,39.76,39.99,33384843.0,2061703689.0,801321803.0000001,0.04166221719540557
2020-07-17,40.44,41.76,39.55,40.8,26482441.0,1601625745.0,801321803.0000001,0.03304844682979379
2020-07-20,41.67,42.27,39.96,41.65,25516208.0,1568639555.0,801321803.0000001,0.031842647865654036
2020-07-21,42.46,43.43,41.38,41.94,24433886.0,1532466033.0,801321803.0000001,0.030491977016629354
2020-07-22,41.65,42.39,41.5,41.67,18934486.0,1172565173.0,801321803.0000001,0.02362906628661893
2020-07-23,40.7,41.65,39.56,41.63,26544345.0,1596530423.0,801321803.0000001,0.03312569918929311
2020-07-24,40.63,40.63,37.47,37.47,51207075.0,2912100157.0,801321803.0000001,0.06390325935010156
2020-07-27,37.47,37.49,35.63,36.79,25813890.0,1398263770.0,801321803.0000001,0.03221413657204582
2020-07-28,37.53,39.06,37.16,37.65,27502361.0,1549324639.0,801321803.0000001,0.034321243846150526
2020-07-29,37.3,38.79,37.01,38.6,22856206.0,1285511369.0,801321803.0000001,0.028523130051410814
2020-07-30,38.87,39.0,37.19,37.43,23873666.0,1327663044.0,801321803.0000001,0.029792857140067106
2020-07-31,37.72,38.78,37.29,37.89,20525248.0,1150548643.0,801321803.0000001,0.025614238777925773
2020-08-03,38.06,38.79,37.79,38.79,23002745.0,1303641303.0,801321803.0000001,0.02870600165112442
2020-08-04,39.48,40.87,39.28,39.8,37373343.0,2212257418.0,801330965.0,0.046639085012769976
2020-08-05,39.56,39.88,37.49,39.38,35847580.0,2049658179.0,801330965.0,0.04473504901935245
2020-08-06,39.21,39.61,38.19,38.8,19650217.0,1122168695.0,801330965.0,0.0245219738887789
2020-08-07,38.46,39.11,37.23,37.97,17020128.0,957607369.0,801330965.0,0.021239823173437457
2020-08-10,37.62,37.62,35.89,36.84,22725973.0,1230816237.0,801330965.0,0.028360283069804995
2020-08-11,36.9,38.09,36.55,36.63,21407663.0,1183911667.0,801330965.0,0.026715132616895693
2020-08-12,37.31,39.49,36.13,39.14,33728216.0,1883520532.0,801330965.0,0.04209024419766432
2020-08-13,38.6,38.93,37.67,37.76,21762508.0,1225014231.0,801330965.0,0.027157952145278698
2020-08-14,37.78,38.09,36.37,37.04,17613960.0,962301797.0,801330965.0,0.021980880272110787
2020-08-17,37.04,37.51,36.43,37.5,17850950.0,977548808.0,801330965.0,0.022276625738529898
2020-08-18,38.26,38.39,37.42,37.6,16155755.0,902443198.0,801330965.0,0.020161151516215274
2020-08-19,37.65,37.97,36.57,36.71,16773941.0,917149037.0,801330965.0,0.020932600551633495
2020-08-20,36.23,36.23,35.1,35.31,21068273.0,1102853989.0,801330965.0,0.026291599751171478
2020-08-21,35.35,36.19,34.66,35.08,15669676.0,819468857.0,801330965.0,0.01955456195306268
2020-08-24,35.62,36.46,35.06,36.13,18762183.0,993411795.0,801330965.0,0.02341377510602002
2020-08-25,36.56,36.57,35.47,35.58,12360178.0,656430504.0,801330965.0,0.015424560562189183
2020-08-26,35.58,35.6,33.11,33.34,28169071.0,1418351957.0,801330965.0,0.0351528547258872
2020-08-27,33.78,34.67,33.5,34.59,17182696.0,868559594.0,801330965.0,0.02144269565322488
2020-08-28,34.52,34.93,34.13,34.81,13111801.0,669026379.0,801330965.0,0.0163625288085554
2020-08-31,35.04,35.27,34.19,34.2,14879011.0,761054507.0,801345961.0,0.018567524794699752
2020-09-01,34.51,36.43,33.52,35.53,32252296.0,1679168000.0,801345961.0,0.040247655282061125
2020-09-02,35.91,36.02,35.08,35.74,17890461.0,939617306.0,801345961.0,0.022325514659953468
2020-09-03,35.54,35.61,34.56,34.88,14210469.0,733935915.0,801345961.0,0.01773325091982338
2020-09-04,33.86,34.47,33.58,34.26,12776773.0,640785095.0,801345961.0,0.0159441410100275
2020-09-07,34.4,34.93,32.84,33.22,16604556.0,830828929.0,801345961.0,0.02072083320826771
2020-09-08,33.22,34.26,32.33,33.91,14985979.0,740236566.0,801345961.0,0.01870101021199257
2020-09-09,33.18,33.37,32.21,32.54,16051928.0,776565266.0,801345961.0,0.020031208468273543
2020-09-10,32.88,33.28,31.63,31.72,15032494.0,721473951.0,801347993.0,0.01875900873442382
2020-09-11,31.73,32.09,31.39,31.94,12803770.0,601143296.0,801347993.0,0.015977790063548585
2020-09-14,32.37,34.43,32.37,33.29,28426954.0,1409291473.0,801347993.0,0.035473919256449674
2020-09-15,33.86,35.42,33.38,35.42,34654607.0,1789815472.0,801347993.0,0.04324539064516007
2020-09-16,34.87,37.03,34.6,36.03,32336133.0,1709184166.0,801347993.0,0.040352173191254254
2020-09-17,35.69,37.05,35.48,36.33,26643321.0,1433655006.0,801347993.0,0.03324812844449215
2020-09-18,36.35,37.97,36.18,37.79,29875071.0,1644577017.0,801347993.0,0.03728102055657111
2020-09-21,38.05,38.87,36.97,37.4,28065175.0,1566833334.0,801347993.0,0.035022456217719634
2020-09-22,36.98,37.35,36.23,36.51,19969857.0,1083640579.0,801347993.0,0.024920330710805186
2020-09-23,36.71,37.11,35.35,36.25,19883246.0,1063285757.0,801344133.0,0.02481236859570294
2020-09-24,35.42,35.94,34.19,34.22,25013947.0,1285712491.0,801344133.0,0.03121498738170708
2020-09-25,34.93,35.59,34.46,35.14,16875763.0,874222170.0,801344133.0,0.021059320590296256
2020-09-28,35.51,35.75,34.86,34.87,9842521.0,513009114.0,801344133.0,0.012282514583531617
2020-09-29,35.89,37.45,35.76,37.06,24282937.0,1320110918.0,801344133.0,0.030302757579433105
2020-09-30,37.06,37.51,36.36,36.7,15481590.0,844264065.0,801908432.9999999,0.019305932401885592
2020-10-09,39.14,39.53,38.14,38.37,30377629.0,1744508815.0,801908432.9999999,0.03788166796844248
2020-10-12,39.32,40.03,38.37,38.92,27880198.0,1609712162.0,801908432.9999999,0.03476730865106142
2020-10-13,38.61,40.26,38.0,40.26,29994220.0,1745596061.0,801908432.9999999,0.037403547295031384
2020-10-14,39.95,40.2,39.21,39.58,18407209.0,1077523906.0,801908432.9999999,0.022954252932765956
2020-10-15,40.16,41.08,39.69,39.75,30570565.0,1825427456.0,801908432.9999999,0.03812226401664491
2020-10-16,39.83,40.16,38.62,38.69,17342195.0,1001038568.0,801908432.9999999,0.021626153668345326
2020-10-19,38.81,39.48,38.5,38.87,15735128.0,908466981.0,801908432.9999999,0.019622100669441398
2020-10-20,39.0,39.99,38.0,39.88,19893054.0,1152100596.0,801908432.9999999,0.02480713904651007
2020-10-21,39.68,39.99,39.12,39.6,15035136.0,877628001.0,801908432.9999999,0.018749193026630764
2020-10-22,39.36,39.85,38.26,39.42,15606294.0,901747284.0,801908432.9999999,0.01946144142868741
2020-10-23,39.61,41.51,39.27,39.44,30344684.0,1817329182.0,801908432.9999999,0.03784058472421627
2020-10-26,38.25,40.03,37.65,39.55,20254495.0,1166349833.0,801908432.9999999,0.02525786507098623
2020-10-27,39.82,42.74,39.77,42.13,39321504.0,2424164667.0,801908432.9999999,0.04903490521092949
2020-10-28,42.53,43.71,42.17,43.05,38870165.0,2469582683.0,801908432.9999999,0.04847207411771913
2020-10-29,41.98,43.18,41.71,43.0,23056362.0,1446353721.0,801908432.9999999,0.028751863743026636
2020-10-30,42.66,42.66,40.58,41.18,30613003.0,1879392797.0,801908432.9999999,0.0381751852708101
2020-11-02,41.42,43.87,40.85,43.5,29944965.0,1886149162.0,784909164.0,0.038150866843491206
2020-11-03,44.06,44.96,42.43,44.46,37060434.0,2399645795.0,784909164.0,0.04721620755596122
2020-11-04,44.02,46.86,44.02,46.32,38572116.0,2611932791.0,784909164.0,0.04914213996869579
2020-11-05,46.39,50.01,46.17,48.89,45034620.0,3192827529.0,784909164.0,0.057375581870515655
2020-11-06,48.76,52.12,47.74,50.85,52290499.0,3874736872.0,784909164.0,0.0666198095248637
2020-11-09,50.83,53.26,49.67,51.79,38951347.0,2938702187.0,784909164.0,0.04962529269183052
2020-11-10,51.45,51.45,48.42,49.18,36885884.0,2701231504.0,784909164.0,0.046993825135159206
2020-11-11,48.28,50.64,48.08,48.59,30601027.0,2232863144.0,784909164.0,0.03898671133364421
2020-11-12,49.43,50.43,48.62,49.42,22205744.0,1625060713.0,784909164.0,0.0282908456398147
2020-11-13,50.79,51.33,49.09,50.12,29808902.0,2217301443.0,784909164.0,0.037977518122084254
2020-11-16,50.05,53.52,49.5,53.1,33406032.0,2558558523.0,784909164.0,0.042560379636490016
2020-11-17,53.6,55.66,50.99,52.24,39702877.0,3140159888.0,784909164.0,0.05058276654290662
2020-11-18,52.35,53.16,47.32,47.94,45476024.0,3312638727.0,784909164.0,0.05793794503334401
2020-11-19,48.48,49.3,46.82,49.16,31882509.0,2266250471.0,784909164.0,0.040619361401671696
2020-11-20,49.09,51.46,48.76,51.12,30888649.0,2292393735.0,784909164.0,0.03935315118833292
2020-11-23,51.36,55.06,51.06,55.05,37035374.0,2929003934.0,784909164.0,0.04718428029463037
2020-11-24,55.8,57.52,54.52,56.35,34721014.0,2872019270.0,784909164.0,0.04423570980246575
2020-11-25,56.0,56.07,53.43,53.81,28401612.0,2286142101.0,784909164.0,0.036184584538753076
2020-11-26,54.18,54.94,51.92,54.0,23453591.0,1844953686.0,784909164.0,0.02988064361546937
2020-11-27,53.58,54.5,50.86,52.31,23743345.0,1835126533.0,784909164.0,0.030249799708033476
2020-11-30,52.28,54.04,50.96,52.95,28288056.0,2207820758.0,784909164.0,0.03603991047300347
2020-12-01,52.14,53.41,51.57,53.03,17371578.0,1349418084.0,784909164.0,0.022131959718080192
2020-12-02,52.65,53.3,50.65,51.09,25491562.0,1931992801.0,784909164.0,0.03247708546310207
2020-12-03,50.91,51.48,49.43,50.62,17349261.0,1291479467.0,784909164.0,0.02210352712865001
2020-12-04,50.86,53.18,50.86,52.83,26870340.0,2072028865.0,784909164.0,0.03423369382396458
2020-12-07,52.83,55.12,52.68,54.04,27390430.0,2185746686.0,784909164.0,0.03489630552969312
2020-12-08,54.77,56.75,54.19,55.69,25159475.0,2066567520.0,784909164.0,0.0320539957410919
2020-12-09,56.29,58.0,53.63,54.17,35619041.0,2952037561.0,784909164.0,0.045379825632918716
2020-12-10,53.59,54.54,52.47,53.5,20363080.0,1610697412.0,784909164.0,0.02594323131128585
2020-12-11,54.18,54.69,51.98,53.29,21323429.0,1675863788.0,784909164.0,0.027166747412315853
2020-12-14,53.5,55.75,51.97,55.56,24630570.0,1970513483.0,784909164.0,0.031380153436455484
2020-12-15,55.57,56.58,54.63,56.54,21314932.0,1754535087.0,784909164.0,0.027155921955830293
2020-12-16,56.35,57.03,55.86,56.31,18462047.0,1536330816.0,784909164.0,0.023521252963737853
2020-12-17,56.2,58.15,55.61,56.41,26076169.0,2189019061.0,784909164.0,0.03322189394134784
2020-12-18,56.59,61.02,56.17,60.54,40766438.0,3552414243.0,784909164.0,0.05193777811466602
2020-12-21,61.28,63.71,59.75,63.31,40053629.0,3660060693.0,784909164.0,0.05102963608665423
2020-12-22,63.32,66.6,61.95,62.5,39076767.0,3688323162.0,784909164.0,0.04978508188241767
2020-12-23,62.98,66.57,62.98,65.37,34701708.0,3328469255.0,784909164.0,0.044211113325719816
2020-12-24,66.67,68.27,64.1,67.02,30919239.0,3046840427.0,784909164.0,0.03939212385090716
2020-12-25,67.02,73.73,66.29,73.73,35491490.0,3685720012.0,784909164.0,0.04521732147848894
2020-12-28,73.89,74.48,69.82,72.46,36820155.0,3918567599.0,784909164.0,0.046910084234919186
2020-12-29,71.77,72.31,65.22,65.22,43293316.0,4295166174.0,784909164.0,0.055157103504017695
2020-12-30,65.89,69.6,65.87,68.39,40946779.0,4107199198.0,784909164.0,0.05216753845926559
2020-12-31,67.7,70.67,67.45,68.53,32683105.0,3313952731.0,791980554.0,0.041267559960821966
2021-01-04,71.09,75.38,69.79,75.38,37429386.0,4026159131.0,791980554.0,0.04726048614572423
2021-01-05,76.52,81.12,73.21,80.24,37954993.0,4313308773.0,791980554.0,0.04792414764264528
2021-01-06,81.39,84.23,77.76,81.83,34321708.0,4094818330.0,791980554.0,0.04333655394271208
2021-01-07,81.94,86.68,80.25,85.32,38568987.0,4782280532.0,791980554.0,0.04869941162722033
2021-01-08,86.68,86.68,76.99,83.74,48010161.0,5751112503.0,791980554.0,0.06062037856550705
2021-01-11,87.94,92.09,82.69,85.49,53164133.0,6898170349.0,791980554.0,0.06712807875330737
2021-01-12,82.61,93.42,79.64,93.39,47108704.0,6126113720.0,791980554.0,0.059482147335652893
2021-01-13,93.18,96.92,84.41,85.4,58141604.0,7764009893.0,791980554.0,0.07341291867123292
2021-01-14,82.95,86.98,79.92,82.53,38989030.0,4774345547.0,791980554.0,0.04922978197265182
2021-01-15,81.94,90.05,80.03,88.84,41194148.0,5180802805.0,791980554.0,0.05201409023484685
2021-01-18,85.93,93.79,83.93,91.92,35048494.0,4596798427.0,791980554.0,0.04425423556548587
2021-01-19,90.81,93.13,82.74,85.04,46565341.0,6054602517.0,791980554.0,0.058796066096340034
2021-01-20,87.35,89.17,84.1,85.99,37038475.0,4754604436.0,791980554.0,0.04676689953172764
2021-01-21,84.61,89.1,82.61,86.54,40845744.0,5147666250.0,791980554.0,0.051574175393200375
2021-01-22,85.33,94.71,84.75,94.5,50477074.0,6734319612.0,791980554.0,0.06373524418631117
2021-01-25,93.31,101.1,92.78,94.8,53253280.0,7589424034.0,791980554.0,0.06724064086048254
2021-01-26,94.82,97.51,90.17,93.04,35527674.0,4918622755.0,791980554.0,0.04485927567357923
2021-01-27,92.97,93.99,86.65,92.77,36564120.0,4878720461.0,791980554.0,0.0461679517449364
2021-01-28,89.38,92.42,86.8,87.58,29647745.0,3909134844.0,791980554.0,0.037434940605877556
2021-01-29,89.38,89.45,78.83,81.12,48532795.0,5942499202.0,791980554.0,0.06128028618238018
2021-02-01,83.0,85.15,79.29,81.59,35613506.0,4313433136.0,814669905.0,0.04371525912694664
2021-02-02,83.27,88.52,81.28,88.52,38318795.0,4824356454.0,814669905.0,0.04703597710535287
2021-02-03,88.21,92.03,86.27,88.45,35562354.0,4677761651.0,814669905.0,0.04365247050583021
2021-02-04,87.96,89.39,82.36,83.96,36414501.0,4592447623.0,814669905.0,0.04469847330373644
2021-02-05,84.08,85.32,75.64,75.81,52293436.0,6168734961.0,814669905.0,0.06418972356662665
2021-02-08,78.04,83.0,76.52,81.71,37095104.0,4375683107.0,814669905.0,0.04553390738056047
2021-02-09,84.77,89.05,82.95,88.44,35774530.0,4580220543.0,814669905.0,0.04391291464240354
2021-02-10,88.71,91.28,85.36,90.73,31967753.0,4192863406.0,814669905.0,0.03924013002542422
2021-02-18,96.39,98.18,88.24,92.77,52654904.0,7197090094.0,817997028.0,0.06437053216286258
2021-02-19,89.38,89.99,83.73,87.79,36007784.0,4639100263.0,817997028.0,0.044019455777289204
2021-02-22,89.38,93.45,87.89,89.04,41802747.0,5611681694.0,817997028.0,0.051103788362419335
2021-02-23,84.71,86.81,81.27,82.57,36255735.0,4482170056.0,817997028.0,0.04432257546050644
2021-02-24,81.94,83.51,74.31,74.32,49348795.0,5645955095.0,817997028.0,0.060328819434292615
2021-02-25,76.18,76.86,71.22,73.0,37507954.0,4089261962.0,817997028.0,0.04585341109576745
2021-02-26,68.4,69.41,66.06,67.05,48591563.0,4846403329.0,821261629.0,0.059166971016491994
2021-03-01,69.08,72.16,67.61,70.7,35850376.0,3707083236.0,821261629.0,0.04365280774611716
2021-03-02,71.85,73.0,67.88,69.38,29692318.0,3067466836.0,821261629.0,0.03615451757578705
2021-03-03,69.38,74.01,68.22,73.03,32879154.0,3479746924.0,821261629.0,0.04003493264385788
2021-03-04,70.57,70.6,65.73,65.93,43857493.0,4342541149.0,821261629.0,0.05340258384335158
2021-03-05,62.98,67.85,62.98,66.7,43104643.0,4213243853.0,826314718.0,0.05216492222761062
2021-03-08,67.18,67.38,60.05,61.0,41954375.0,3929985466.0,826314718.0,0.05077287634612845
2021-03-09,61.63,65.04,58.49,61.93,46325671.0,4246449247.0,826314718.0,0.0560629866452409
2021-03-10,64.33,66.56,64.2,65.03,43009508.0,4150917180.0,826314718.0,0.052049790549658345
2021-03-11,65.23,68.73,64.09,66.9,34653823.0,3410396359.0,826314718.0,0.041937801959858106
2021-03-12,67.72,69.17,66.36,67.11,29844821.0,2975927099.0,826314718.0,0.03611798307578978
2021-03-15,66.35,71.03,65.14,67.04,36452866.0,3655564202.0,826314718.0,0.044114990579170586
2021-03-16,67.04,67.4,62.06,65.38,31551313.0,2988581480.0,826314718.0,0.03818316715496286
2021-03-17,65.01,69.88,64.13,69.25,39864333.0,4012877550.0,826314718.0,0.04824352287526361
2021-03-18,69.13,71.08,68.37,69.07,27381698.0,2807498614.0,826314718.0,0.03313712972010744
2021-03-19,66.77,67.19,63.87,65.53,33375325.0,3220396738.0,826314718.0,0.040390573074604245
2021-03-22,65.15,66.97,63.65,65.58,21648715.0,2089781736.0,826314718.0,0.02619911581921018
2021-03-23,65.29,65.29,61.82,63.47,28624629.0,2670503657.0,826314718.0,0.03464131568330603
2021-03-24,63.04,63.65,60.46,61.19,23767604.0,2158361689.0,826314718.0,0.028763379717508555
2021-03-25,60.2,63.48,59.46,62.97,27078307.0,2476791239.0,826314718.0,0.032769968161210944
2021-03-26,62.98,68.26,62.97,67.65,39919233.0,3874539259.0,826314718.0,0.048309962451860866
2021-03-29,67.38,68.05,65.8,66.07,24581405.0,2429849123.0,826314718.0,0.029748235707935194
2021-03-30,65.28,67.78,64.68,67.78,23335368.0,2301160783.0,826314718.0,0.028240290886359355
2021-03-31,66.9,68.24,62.56,63.83,35673806.0,3395651251.0,826325175.0,0.043171631555337764
2021-04-01,64.95,65.26,63.12,64.47,27269084.0,2582012065.0,826325175.0,0.03300042746488996
2021-04-02,64.45,65.72,62.7,64.49,27297494.0,2585620307.0,826325175.0,0.033034808603041775
2021-04-06,67.04,68.05,65.6,65.73,28591804.0,2816245213.0,826325175.0,0.034601153232442665
2021-04-07,67.71,67.92,65.38,66.73,27414291.0,2691531958.0,826325175.0,0.03317615368550281
2021-04-08,65.48,65.82,63.79,65.45,26550200.0,2543043586.0,826325175.0,0.032130450339964534
2021-04-09,65.68,68.28,64.71,66.1,28642876.0,2813883904.0,826325175.0,0.03466295940941168
2021-04-12,65.08,65.59,59.6,60.21,44690363.0,4087218807.0,826325175.0,0.05408326449693367
2021-04-13,60.12,61.54,58.89,60.36,23280308.0,2076319948.0,826325175.0,0.028173301146246693
2021-04-14,60.8,66.3,60.53,65.95,46120350.0,4324337026.0,826325175.0,0.05581380235692323
2021-04-15,66.36,66.71,64.53,66.36,36171413.0,3507415712.0,826325175.0,0.04377382426960427
2021-04-16,66.23,66.4,62.64,64.45,29468664.0,2788292456.0,826325175.0,0.03566230933240053
2021-04-19,64.19,70.9,63.73,70.9,54228641.0,5491536843.0,826325175.0,0.065626272369107
2021-04-20,68.39,70.29,68.09,68.33,40642681.0,4143203010.0,826325175.0,0.049184851472061225
2021-04-21,67.04,67.84,65.67,67.24,30043501.0,2962748387.0,826325175.0,0.03635796404242434
2021-04-22,67.99,68.25,65.94,66.98,24008674.0,2375263301.0,826325175.0,0.029054753172684106
2021-04-23,66.63,70.59,66.43,68.56,33806592.0,3438228565.0,826325175.0,0.040911971488706005
2021-04-26,69.63,70.42,66.02,66.32,37520577.0,3777234419.0,826325175.0,0.04540655196666373
2021-04-27,66.21,66.97,63.86,65.34,27128391.0,2610661988.0,840263076.0,0.032285592185178916
2021-04-28,65.0,68.87,64.14,67.13,35150869.0,3481376736.0,840263076.0,0.04183317106748601
2021-04-29,68.39,71.66,66.43,69.8,52477517.0,5365357825.0,840263076.0,0.06245367492501836
2021-04-30,69.14,75.16,68.66,74.14,59110100.0,6334401637.0,848278112.0,0.06968245338858867
2021-05-06,73.13,74.83,70.43,73.55,51601054.0,5553093568.0,848278112.0,0.06083034946916089
2021-05-07,74.69,75.71,71.79,72.06,41616829.0,4545613407.0,848278112.0,0.049060359345921685
2021-05-10,72.23,75.71,71.8,75.37,42597407.0,4665559338.0,848278112.0,0.05021632221485399
2021-05-11,73.13,73.58,69.08,71.09,38623598.0,4071155121.0,859454780.9999999,0.04493965110655427
2021-05-12,70.12,71.97,69.19,70.94,25745057.0,2692131765.0,859454780.9999999,0.029955103594915024
2021-05-13,68.74,70.08,67.77,68.53,26448813.0,2685401942.0,859454780.9999999,0.030773943649747414
2021-05-14,68.85,70.42,67.57,69.56,27805225.0,2845406515.0,859454780.9999999,0.03235216746091963
2021-05-17,68.87,74.13,68.73,72.9,36732525.0,3938022522.0,859454780.9999999,0.042739334066256136
2021-05-18,73.14,75.5,72.73,73.27,32822700.0,3585256853.0,859454780.9999999,0.03819014184994103
2021-05-19,72.85,79.0,72.15,77.48,43893059.0,4976432938.0,859454780.9999999,0.05107081834942984
2021-05-20,76.51,79.59,76.09,77.2,41416180.0,4768418599.0,859454780.9999999,0.048188899422737644
2021-05-21,78.05,79.15,76.27,78.55,32004954.0,3686148517.0,859454780.9999999,0.03723867119892141
2021-05-24,77.51,80.79,77.51,79.85,32250828.0,3775415868.0,859454780.9999999,0.03752475256752339
2021-05-25,79.37,79.68,76.95,78.64,34236227.0,3953630017.0,859454780.9999999,0.03983482058260841
2021-05-26,78.55,80.03,77.54,77.76,25062047.0,2905888785.0,859454780.9999999,0.029160402099153607
2021-05-27,78.28,78.7,77.16,78.45,20303815.0,2335782671.0,859454780.9999999,0.02362406428919499
2021-05-28,78.69,82.61,78.55,80.49,38796332.0,4653997584.0,859454780.9999999,0.045140632011912686
2021-05-31,82.37,87.83,82.37,87.42,46846358.0,5929453560.0,859454780.9999999,0.05450706545083494
2021-06-01,87.82,90.2,84.65,86.8,34235028.0,4398293210.0,859454780.9999999,0.039833425512121275
2021-06-02,87.48,90.73,86.55,88.17,33833009.0,4415539596.0,859454780.9999999,0.03936566500989655
2021-06-03,87.24,88.35,84.24,86.0,28044444.0,3569666208.0,859454780.9999999,0.032630505548377424
2021-06-04,84.64,89.03,83.97,87.32,31122603.0,4000010646.0,859454780.9999999,0.03621203079909332
2021-06-07,86.4,87.41,84.56,86.0,23348452.0,2960063845.0,859454780.9999999,0.027166585742688425
2021-06-08,86.04,87.83,79.39,80.95,43368266.0,5294921034.0,859454780.9999999,0.05046020681802456
2021-06-09,81.73,82.26,79.75,80.58,23932261.0,2855381645.0,859454780.9999999,0.027845864062975064
2021-06-10,81.03,84.35,80.49,83.72,29253286.0,3594438527.0,859454780.9999999,0.034037027481495855
2021-06-11,83.36,84.81,81.4,84.24,29276083.0,3611424930.0,859454780.9999999,0.03406355243720496
2021-06-15,86.29,87.2,80.59,82.52,30017327.0,3672230914.0,859454780.9999999,0.034926010842680974
2021-06-16,81.6,81.9,74.26,74.99,43256896.0,4926135915.0,859454780.9999999,0.05033062466610446
2021-06-17,74.99,78.45,74.91,77.46,26071790.0,2968266435.0,859454780.9999999,0.03033526670206516
2021-06-18,78.05,82.53,77.2,81.36,34373313.0,4067461316.0,859452531.0,0.03999442873244619
2021-06-21,81.36,84.07,79.97,80.82,29316881.0,3546336196.0,859452531.0,0.03411111136747586
2021-06-22,81.89,82.16,78.55,79.73,22153816.0,2612025563.0,859452531.0,0.02577666037497538
2021-06-23,80.58,85.25,79.45,83.45,41081830.0,5034724283.0,859452531.0,0.04779999885764488
2021-06-24,84.12,84.51,80.01,80.73,27477526.0,3307381619.0,859452531.0,0.0319709640834137
2021-06-25,81.26,85.66,79.72,84.61,35878838.0,4405403267.0,859452531.0,0.0417461543318208
2021-06-28,84.31,86.44,81.78,82.86,32897413.0,4081235828.0,859452531.0,0.03827717275056812
2021-06-29,83.88,84.0,80.04,80.91,27019073.0,3244909099.0,859452531.0,0.031437539626025024
2021-06-30,80.51,82.95,80.18,82.0,21976546.0,2657024438.0,859452531.0,0.02557040116506446
2021-07-01,82.34,84.31,80.12,81.19,28092294.0,3401428185.0,859452531.0,0.0326862659503879
2021-07-02,80.24,83.97,78.89,81.87,35859338.0,4328025431.0,859452531.0,0.04172346546967118
2021-07-05,83.97,90.05,83.75,90.05,65493273.0,8574476960.0,859452531.0,0.07620347911919757
2021-07-06,92.09,96.11,88.1,92.09,66487733.0,9037274518.0,859452531.0,0.07736056454757244
2021-07-07,91.75,97.11,88.84,96.37,48464711.0,6764034829.0,859452531.0,0.05639021266667257
2021-07-08,96.41,101.78,96.39,97.25,52006897.0,7598671658.0,859452531.0,0.06051165727499615
2021-07-09,97.25,105.5,96.21,102.73,51615144.0,7737101124.0,859452531.0,0.06005584036147309
2021-07-12,105.5,113.0,104.96,113.0,50357243.0,8138196209.0,859452531.0,0.05859223305958244
2021-07-13,113.0,115.6,109.7,114.91,38842959.0,6458873601.0,859452531.0,0.04519500216586133
2021-07-14,112.04,113.03,107.04,108.35,41687848.0,6749159708.0,859452531.0,0.048505119824936556
2021-07-15,110.57,114.98,108.98,113.82,46665703.0,7724994267.0,859452531.0,0.05429701038369506
2021-07-16,112.0,120.32,110.02,111.93,38288258.0,6474092062.0,859452531.0,0.0445495901390277
2021-07-19,113.96,120.27,108.88,113.02,51900835.0,8800094667.0,859452531.0,0.06038825080846728
2021-07-20,110.44,116.81,109.66,114.64,30842087.0,5162110778.0,859452531.0,0.035885736428182095
2021-07-21,118.24,126.11,116.83,126.11,36236926.0,6534119897.0,859452531.0,0.04216280096102248
2021-07-22,131.13,135.79,130.58,135.67,48207295.0,9467725465.0,859452531.0,0.05609070106979532
2021-07-23,133.62,136.03,126.26,128.25,48966604.0,9432422838.0,859452531.0,0.05697418092774224
2021-07-26,128.87,133.12,124.3,133.09,41059160.0,7824567912.0,859452531.0,0.047773621600981704
2021-07-27,129.59,133.16,119.78,119.99,46442932.0,8665676788.0,859452531.0,0.054037809331903636
2021-07-28,115.92,125.5,115.78,120.75,37757196.0,6718309124.0,859452531.0,0.04393168283077638
2021-07-29,126.72,131.76,123.46,129.56,37933117.0,7131172869.0,859452531.0,0.0441363724368391
2021-07-30,133.58,137.71,126.85,132.05,39178313.0,7632731566.0,859452531.0,0.045585197072390726
2021-08-02,138.04,140.13,121.43,127.81,56470580.0,10817717737.0,859452531.0,0.06570529257071907
2021-08-03,123.95,126.33,115.77,118.85,46328543.0,8228843493.0,859452531.0,0.05390471413947119
2021-08-04,119.39,129.97,117.09,128.89,51036025.0,9321418607.0,859452531.0,0.05938201722510257
2021-08-05,124.77,127.61,120.84,125.2,33642693.0,6173606163.0,859452531.0,0.039144329426612626
2021-08-06,132.28,134.65,126.11,129.58,42668808.0,8195399415.0,859452531.0,0.04964649757951554
2021-08-09,126.17,126.85,119.77,122.92,34636292.0,6260140746.0,859452531.0,0.040300413054458736
2021-08-10,123.05,128.13,115.71,120.07,40786151.0,7282415003.0,859452531.0,0.047455967059104515
2021-08-11,121.63,123.62,118.63,121.47,26834200.0,4809441328.0,859452531.0,0.031222434086938537
2021-08-12,119.39,123.03,115.9,122.01,27922000.0,4927682307.0,859452531.0,0.03248812353546958
2021-08-13,119.73,127.19,118.37,119.58,33311922.0,6019809511.0,859452531.0,0.03875946698445409
2021-08-16,116.68,117.88,110.16,111.17,39537380.0,6547494121.0,859452531.0,0.046002982798825455
2021-08-17,110.5,113.62,108.2,109.28,30289160.0,4959774576.0,859452531.0,0.035242388506038384
2021-08-18,111.79,116.54,110.04,113.35,35498058.0,5944628397.0,859452531.0,0.04130310484826532
2021-08-19,112.63,123.46,110.57,120.52,42594455.0,7406138556.0,859452531.0,0.04955998552990473
2021-08-20,119.25,125.11,118.35,122.27,34880805.0,6238402202.0,859452531.0,0.04058491160578129
2021-08-23,124.14,127.92,119.39,125.5,39584443.0,7254627092.0,859452531.0,0.04605774207674071
2021-08-24,125.63,134.78,125.63,129.97,38548156.0,7415050833.0,859452531.0,0.044851989620820605
2021-08-25,128.89,130.94,122.88,127.37,30607692.0,5696180636.0,859452531.0,0.03561301048748671
2021-08-26,126.38,130.85,125.5,127.6,23455655.0,4422953750.0,859452531.0,0.027291390919180387
2021-08-27,125.94,135.81,124.82,133.19,38460233.0,7445586936.0,859452531.0,0.04474968845021646
2021-08-30,134.32,146.52,134.31,146.52,52166694.0,11034014175.0,859452531.0,0.060697586100889614
2021-08-31,143.21,151.95,140.51,149.24,41171144.0,8916512335.0,859452531.0,0.047903918500415706
2021-09-01,151.0,152.22,134.31,134.31,49448532.0,10123344409.0,859452531.0,0.05753491928456488
2021-09-02,130.92,135.52,128.91,131.35,32361079.0,6278485693.0,859452531.0,0.03765313130481665
2021-09-03,128.21,130.92,118.71,122.33,42627190.0,7747677545.0,859452531.0,0.049598073730031285
2021-09-06,122.33,128.53,118.66,127.68,34438826.0,6296351345.0,859452531.0,0.04007065516454916
2021-09-07,127.53,130.24,124.14,127.46,28015555.0,5253697945.0,859452531.0,0.032596977714875096
2021-09-08,124.5,130.58,124.36,125.94,26130416.0,4896481835.0,859452531.0,0.03040355930954842
2021-09-09,127.53,130.43,122.18,126.73,27472151.0,5115218898.0,859452531.0,0.031964710102180154
2021-09-10,126.85,130.89,124.81,129.57,27408168.0,5182874035.0,859452531.0,0.03189026387310738
2021-09-13,129.57,131.85,125.22,128.48,25356764.0,4802354435.0,859452531.0,0.02950339092084191
2021-09-14,127.86,127.87,119.43,123.32,31694387.0,5801955258.0,859452531.0,0.03687741423382928
2021-09-15,126.51,135.15,124.74,133.08,49124914.0,9480666204.0,859452531.0,0.05715837958245538
2021-09-16,132.27,132.27,119.77,119.77,53144178.0,9678071660.0,859452531.0,0.061834919420349
2021-09-17,119.06,119.39,110.86,116.41,45399764.0,7676334960.0,859452531.0,0.052824050616473196
2021-09-22,114.56,118.58,114.11,115.23,20713941.0,3553656026.0,859452531.0,0.02410132061150449
2021-09-23,117.69,119.99,115.29,116.95,22255813.0,3857126478.0,859452531.0,0.025895337086394594
2021-09-24,116.68,117.83,112.34,113.96,24631895.0,4178892351.0,859452531.0,0.028659983084045396
2021-09-27,113.96,116.2,106.5,110.57,36452399.0,5952337289.0,859452531.0,0.04241351056071298
2021-09-28,110.84,112.01,107.41,108.33,21060980.0,3392395237.0,859452531.0,0.024505111382352774
2021-09-29,108.0,109.21,102.16,103.77,34044854.0,5278384133.0,859452531.0,0.039612256374866615
2021-09-30,106.72,111.17,104.47,110.53,30305330.0,4862168607.0,859452531.0,0.035261202808651686
2021-10-08,113.95,114.03,105.92,106.43,26337378.0,4208114466.0,859452531.0,0.030644366093559156
2021-10-11,107.65,108.98,103.46,107.18,20309086.0,3188870606.0,859452531.0,0.023630259109679672
2021-10-12,106.88,108.25,102.42,103.8,21742919.0,3353952119.0,859452531.0,0.025298568816478358
2021-10-13,104.03,110.1,103.79,110.1,27635521.0,4374733189.0,859452531.0,0.03215479622573827
2021-10-14,108.94,112.95,107.97,111.17,25848129.0,4219887959.0,859452531.0,0.030075109523413576
2021-10-15,106.5,111.35,103.81,110.57,40844277.0,6464174622.0,859452531.0,0.047523598484812656
2021-10-18,109.9,117.06,109.88,116.79,35556667.0,5951825612.0,859452531.0,0.04137129825963594
2021-10-19,115.86,118.03,114.47,117.14,23079058.0,3955693242.0,859452531.0,0.02685320848743885
2021-10-20,115.54,120.4,115.04,116.13,26368074.0,4593111653.0,859452531.0,0.030680081853176833
2021-10-21,117.21,117.65,114.57,116.68,18951040.0,3240014481.0,859452531.0,0.022050129956508326
2021-10-22,116.71,118.07,113.81,113.82,19932835.0,3389565026.0,859452531.0,0.023192479259799864
2021-10-25,111.49,116.34,110.58,115.86,27509884.0,4603997835.0,859452531.0,0.03200861363220536
2021-10-26,118.71,122.04,116.39,117.02,31921215.0,5609073407.0,859452531.0,0.037141335732479214
2021-10-27,116.24,118.62,115.39,117.25,22040335.0,3797875011.0,859452531.0,0.02564462166904713
2021-10-28,117.02,120.45,110.9,112.14,33827520.0,5752168330.0,859452531.0,0.03935938144325506
2021-10-29,114.21,114.56,110.58,113.56,22000253.0,3663683506.0,859452531.0,0.025597985003781437
2021-11-01,113.87,115.66,109.64,109.96,26036208.0,4281751371.0,859452531.0,0.030293945344143737
2021-11-02,115.13,117.51,112.05,114.91,41466067.0,7019627899.0,859452531.0,0.0482470706692235
2021-11-03,113.48,113.96,106.28,108.75,40384619.0,6489854363.0,859452531.0,0.04698877197209627
2021-11-04,109.21,110.93,107.66,108.88,25783130.0,4135073892.0,859452531.0,0.02999948114644624
2021-11-05,109.21,115.12,108.25,110.16,35753847.0,5909809900.0,859452531.0,0.041600723379567314
2021-11-08,110.23,119.74,110.23,118.92,46277792.0,7926907695.0,859452531.0,0.05384566375778117
2021-11-09,120.11,120.75,116.15,117.69,28345902.0,4932197427.0,859452531.0,0.03298134681972331
2021-11-10,115.46,116.0,107.52,110.44,47722760.0,7789126425.0,859452531.0,0.05552692938663299
2021-11-11,108.57,109.59,107.51,108.88,24464056.0,3903748314.0,859452531.0,0.028464697138695146
2021-11-12,109.21,109.75,107.29,108.07,17918216.0,2857147306.0,859452531.0,0.020848406809799713
2021-11-15,107.18,107.18,102.5,103.58,27187349.0,4151026381.0,859452531.0,0.0316333340345937
2021-11-16,102.8,104.05,101.79,102.55,20147544.0,3043881290.0,859452531.0,0.02344229992150666
2021-11-17,104.47,109.59,104.47,109.33,40855401.0,6498248809.0,859452531.0,0.04753654160802047
2021-11-18,108.88,113.96,105.74,110.25,45986462.0,7442908259.0,859452531.0,0.05350669215726587
2021-11-19,109.08,109.89,106.22,107.65,29646478.0,4707561545.0,859452531.0,0.03449460782377986
2021-11-22,107.86,113.78,107.86,112.88,37258767.0,6137109183.0,859452531.0,0.04335174504244959
2021-11-23,113.14,113.28,109.89,110.57,24143450.0,3939379088.0,859452531.0,0.02809166199313921
2021-11-24,109.15,111.39,108.6,109.12,17939552.0,2894726185.0,859452531.0,0.020873231915585575
2021-11-25,109.5,111.11,107.86,109.38,16306682.0,2632142704.0,859452531.0,0.01897333641106003
2021-11-26,109.55,114.24,109.55,111.49,38222372.0,6335830731.0,859452531.0,0.044472929709715406
2021-11-29,108.01,113.69,108.0,111.08,28911215.0,4732888435.0,859452531.0,0.0336391062416919
2021-11-30,112.61,116.68,112.1,113.63,43272020.0,7308106729.0,859452531.0,0.05034835367772045
2021-12-01,113.45,114.85,109.21,110.93,31397205.0,5130439976.0,859452531.0,0.0365316336476063
2021-12-02,112.08,112.61,108.54,109.3,25580267.0,4143248245.0,859452531.0,0.029763443677612487
2021-12-03,109.21,109.21,105.9,108.81,21003148.0,3344523969.0,859452531.0,0.024437822034873966
2021-12-06,107.18,108.24,105.53,106.43,20332846.0,3205780672.0,859452531.0,0.023657904615560436
2021-12-07,107.69,107.82,101.75,103.11,32402329.0,4937756535.0,859452531.0,0.03770112697474853
2021-12-08,103.46,106.49,103.16,106.22,24718779.0,3819650385.0,859452531.0,0.028761075345532957
2021-12-09,105.21,107.17,105.16,106.07,17317209.0,2710405467.0,859452531.0,0.020149116298314795
2021-12-10,104.94,109.89,103.79,109.19,37872957.0,6051100630.0,859452531.0,0.04406637438827904
2021-12-13,108.54,109.57,107.87,108.76,19535738.0,3130538485.0,859452531.0,0.02273044443451642
2021-12-14,107.95,108.74,105.31,106.0,19323646.0,3025222329.0,859452531.0,0.022483668734463242
2021-12-15,105.48,106.47,102.54,103.2,26539833.0,4058832678.0,859452531.0,0.03087992884158485
2021-12-16,103.41,103.58,101.92,103.58,15747796.0,2383874611.0,859452531.0,0.01832305500534968
2021-12-17,103.04,103.44,101.81,102.16,14051151.0,2118076235.0,859452531.0,0.01634895528628096
2021-12-20,101.42,101.49,92.66,93.46,48942103.0,6892440110.0,859452531.0,0.05694567324509979
2021-12-21,93.61,94.83,91.92,93.71,22160425.0,3047971143.0,859452531.0,0.025784350153947012
2021-12-22,94.9,95.82,94.24,94.29,17595871.0,2460713083.0,859452531.0,0.02047334828315259
2021-12-23,95.45,96.18,93.27,93.95,15835866.0,2208632245.0,859452531.0,0.018425527215068495
2021-12-24,94.06,94.62,88.19,89.35,31899807.0,4241756643.0,859452531.0,0.03711642685243311
2021-12-27,89.35,92.32,88.86,90.23,20963513.0,2799904665.0,859452531.0,0.024391705468140627
2021-12-28,90.22,95.65,90.22,95.23,37572397.0,5185111535.0,859452531.0,0.04371666339301292
2021-12-29,95.65,98.82,95.15,95.15,31793351.0,4535704486.0,859452531.0,0.03699256195453569
2021-12-30,94.4,96.52,93.26,93.61,24437449.0,3394299778.0,859452531.0,0.028433739058940533
2021-12-31,94.97,97.17,93.95,96.9,24434148.0,3458497174.0,859452531.0,0.02842989824181459
2022-01-04,98.5,99.03,90.83,91.74,32996879.0,4534088885.0,859452531.0,0.03839290456403345
2022-01-05,91.57,91.98,88.25,88.99,21128914.0,2788805818.0,859452531.0,0.024584154723956475
2022-01-06,87.54,91.2,86.95,90.15,22064186.0,2899690051.0,859452531.0,0.025672373056284593
2022-01-07,89.54,90.15,85.24,86.72,27393778.0,3515546056.0,859452531.0,0.031873520656372355
2022-01-10,87.17,89.84,86.49,87.55,20773801.0,2698438367.0,859452531.0,0.024170969600646856
2022-01-11,87.51,88.69,85.25,86.25,18819048.0,2397260294.0,859452531.0,0.02189655312097743
2022-01-12,87.91,89.88,87.37,89.18,27256545.0,3562446004.0,859452531.0,0.031713845752814475
2022-01-13,90.13,90.21,85.34,86.27,23916271.0,3056199561.0,859452531.0,0.027827332094970583
2022-01-14,85.13,87.78,85.03,87.26,17393880.0,2221135277.0,859452531.0,0.020238325413692918
2022-01-17,86.87,87.85,85.24,86.48,16010767.0,2040978513.0,859452531.0,0.018629030019111086
2022-01-18,86.14,88.36,85.34,87.8,18519959.0,2387677635.0,859452531.0,0.02154855368038936
2022-01-19,87.37,87.64,82.14,83.49,28873192.0,3586732629.0,859452531.0,0.033594865287562926
2022-01-20,82.92,84.56,82.09,82.42,21673102.0,2656788752.0,859452531.0,0.025217334545262978
2022-01-21,82.05,84.76,80.87,83.17,20452867.0,2519273131.0,859452531.0,0.023797552816794253
2022-01-24,84.12,91.49,83.19,91.49,48445231.0,6335261064.0,859452531.0,0.0563675470751508
2022-01-25,92.9,95.82,91.65,93.62,57484877.0,7963547925.0,859452531.0,0.06688545897132275
2022-01-26,94.9,96.71,93.11,94.13,30305114.0,4233847877.0,859452531.0,0.03526095148587095
2022-01-27,96.18,96.33,92.13,92.39,25380091.0,3515021509.0,859452531.0,0.029530532617629817
2022-01-28,93.14,93.75,89.88,90.87,24599115.0,3322715039.0,859452531.0,0.02862184252500619
2022-02-07,93.61,94.89,90.09,90.82,24051319.0,3270189489.0,859452531.0,0.027984464682436313
2022-02-08,90.0,90.22,82.77,85.65,33166890.0,4175091560.0,859452531.0,0.03859071769956775
2022-02-09,85.48,88.51,83.21,88.19,23613863.0,3012035534.0,859452531.0,0.027475470893691508
2022-02-10,88.03,89.2,85.66,88.93,23530640.0,3041080723.0,859452531.0,0.027378638320631112
2022-02-11,88.93,93.86,87.18,90.23,34563174.0,4653474530.0,859452531.0,0.04021533796611741
2022-02-14,89.61,94.36,88.48,92.6,27046115.0,3684929803.0,859452531.0,0.03146900384193528
2022-02-15,92.8,94.29,90.56,94.04,25035373.0,3426096176.0,859452531.0,0.02912944240314303
2022-02-16,95.65,97.47,94.01,94.85,27602353.0,3892191585.0,859452531.0,0.032116204216518854
2022-02-17,96.14,102.92,94.32,101.18,47584214.0,7006396071.0,859452531.0,0.05536572676635704
2022-02-18,99.77,101.16,98.17,98.98,26947521.0,3945736236.0,859452531.0,0.03135428662784402
2022-02-21,99.15,100.26,97.69,98.8,19499484.0,2836382165.0,859452531.0,0.022688261767420406
2022-02-22,101.75,103.33,100.48,102.23,35149045.0,5281941948.0,859452531.0,0.040897017266448656
2022-02-23,101.28,103.94,101.07,103.03,25229324.0,3817228766.0,859452531.0,0.02935511048020871
2022-02-24,101.55,103.63,97.7,99.71,30857680.0,4562436570.0,859452531.0,0.03590387937318204
2022-02-25,101.75,103.18,100.27,101.57,20034583.0,3007444467.0,859452531.0,0.023310866251902398
2022-02-28,101.07,103.85,100.4,102.71,20618212.0,3120985398.0,859452531.0,0.023989936914852135
2022-03-01,103.11,103.31,97.24,99.04,34238460.0,5030503804.0,859452531.0,0.039837523033601954
2022-03-02,99.11,100.25,97.08,99.55,19745760.0,2876327003.0,859452531.0,0.02297481162458756
2022-03-03,100.12,100.13,97.23,97.43,15486742.0,2244284490.0,859452531.0,0.01801931048126729
2022-03-04,98.19,98.89,95.38,95.95,20234906.0,2895797763.0,859452531.0,0.023543948350999738
2022-03-07,94.97,96.22,91.97,92.72,22183942.0,3070995326.0,859452531.0,0.025811712921699453
2022-03-08,92.93,93.58,83.98,84.12,41623702.0,5339839244.0,859452531.0,0.04843048394024684
2022-03-09,85.38,85.66,80.03,84.37,30129828.0,3708933667.0,859452531.0,0.03505700072224233
2022-03-10,88.58,88.86,85.47,87.03,28241478.0,3628861742.0,859452531.0,0.032859846217615014
2022-03-11,84.79,86.86,83.67,86.46,19005887.0,2390529963.0,859452531.0,0.022113946162781152
2022-03-14,85.13,87.03,83.9,84.46,19482741.0,2442253065.0,859452531.0,0.022668780761319323
2022-03-15,84.38,88.16,82.89,85.13,36112436.0,4579878556.0,859452531.0,0.042017952937996525
2022-03-16,86.83,88.78,83.34,87.71,37413415.0,4778555832.0,859452531.0,0.043531682845204166
2022-03-17,88.86,89.62,86.16,86.67,33976411.0,4407330654.0,859452531.0,0.03953262079578424
2022-03-18,85.9,86.63,83.95,86.16,19855989.0,2501516527.0,859452531.0,0.02310306652642809
2022-03-21,85.72,89.83,84.86,88.17,25066416.0,3249556543.0,859452531.0,0.029165561908153833
2022-03-22,88.12,90.76,87.17,88.19,19533859.0,2557478936.0,859452531.0,0.02272825815903031
2022-03-23,88.99,89.0,86.49,87.83,17652637.0,2277814546.0,859452531.0,0.02053939730616722
2022-03-24,87.83,89.0,85.49,87.98,17555030.0,2259905450.0,859452531.0,0.020425828497560153
2022-03-25,88.18,89.67,86.18,87.07,19960082.0,2590143482.0,859452531.0,0.02322418199964554
2022-03-28,85.81,86.8,82.62,83.76,18527100.0,2293386383.0,859452531.0,0.02155686245806169
2022-03-29,84.29,85.63,82.78,84.33,15836058.0,1967385990.0,859452531.0,0.018425750613095815
2022-03-30,84.79,88.81,84.46,87.96,24458101.0,3148259719.0,859452531.0,0.028457768309254068
2022-03-31,88.76,89.26,83.86,85.24,25247268.0,3196562701.0,859452531.0,0.029375988887511927
2022-04-01,84.46,88.78,84.46,87.19,21493377.0,2759568852.0,859452531.0,0.025008218865783992
2022-04-06,88.53,88.53,85.14,86.02,19462475.0,2465488507.0,859452531.0,0.022645200634123213
2022-04-07,84.79,88.23,83.88,86.59,23703745.0,3014029265.0,859452531.0,0.027580051422293153
2022-04-08,86.6,86.97,83.21,83.9,22013096.0,2737574702.0,859452531.0,0.025612928237452592
2022-04-11,82.64,82.64,75.97,75.98,38992743.0,4451315588.0,859452531.0,0.04536928055192382
2022-04-12,76.2,77.5,76.0,77.37,18044610.0,2042437270.0,859452531.0,0.02099547019659658
2022-04-13,76.67,81.2,76.63,79.03,26245552.0,3066615927.0,859452531.0,0.030537523659930906
2022-04-14,79.84,81.41,79.23,79.5,13730988.0,1620310079.0,859452531.0,0.015976435585131808
2022-04-15,78.35,79.1,76.52,77.67,17924414.0,2057758495.0,859452531.0,0.020855618377369115
2022-04-18,77.32,78.21,73.52,78.2,20094843.0,2254994334.0,859452531.0,0.023380980653601682
2022-04-19,78.2,78.86,77.05,77.43,11738710.0,1344400008.0,859452531.0,0.01365835758996677
2022-04-20,78.35,78.66,74.02,74.28,16439640.0,1832860110.0,859452531.0,0.019128037217915877
2022-04-21,73.26,75.01,70.31,70.58,22975284.0,2439177550.0,859452531.0,0.02673246418073554
2022-04-22,69.61,70.68,68.25,68.8,19451267.0,1989524030.0,859452531.0,0.022632159774278446
2022-04-25,67.2,67.77,62.48,62.55,30754291.0,2944769350.0,859452531.0,0.03578358302606476
2022-04-26,63.09,64.29,62.05,62.57,24078793.0,2243640354.0,859452531.0,0.028016431543908038
2022-04-27,62.41,68.83,60.98,68.83,34085501.0,3287920722.0,859452531.0,0.03965955043536896
2022-04-28,70.55,74.18,69.33,71.8,47077605.0,4979705117.0,859452531.0,0.05477627129124133
2022-04-29,71.81,75.7,70.64,75.07,38366992.0,4138055547.0,859452531.0,0.044641199619668115
2022-05-05,73.94,74.96,72.24,73.59,29094466.0,3156169007.0,859452531.0,0.03385232453286009
2022-05-06,70.21,72.27,70.21,70.61,18153510.0,1903888118.0,859452531.0,0.02112217876521676
2022-05-09,69.27,70.87,69.21,69.89,12757602.0,1315272899.0,859452531.0,0.014843870417318022
2022-05-10,68.65,72.48,68.32,72.48,23559520.0,2472700793.0,859452531.0,0.027412241107240394
2022-05-11,71.91,78.21,71.4,75.15,35823069.0,3969762924.0,859452531.0,0.041681265349604285
2022-05-12,74.28,75.43,73.45,74.23,17475976.0,1913450544.0,859452531.0,0.020333846686874206
2022-05-13,75.32,75.87,73.28,73.85,14453442.0,1578048783.0,859452531.0,0.01681703349361595
2022-05-16,74.61,75.76,72.83,72.96,15743591.0,1717750905.0,859452531.0,0.018318162355845106
2022-05-17,73.4,80.26,73.23,79.51,44680459.0,5127394999.0,859452531.0,0.051987116668343374
2022-05-18,79.29,80.88,78.61,79.71,30472163.0,3583245812.0,859452531.0,0.03545531824142129
2022-05-19,78.68,82.53,77.96,81.76,31852114.0,3774921035.0,859452531.0,0.037060934549740715
2022-05-20,82.45,83.81,80.34,82.43,26156439.0,3163188516.0,859452531.0,0.030433837886969933
2022-05-23,82.76,86.29,82.35,84.66,31784789.0,3932404675.0,859452531.0,0.036982599798754914
2022-05-24,83.78,85.47,80.96,81.2,31640620.0,3883770122.0,859452531.0,0.03681485464146012
2022-05-25,81.02,82.2,79.15,80.72,20295214.0,2412237958.0,859452531.0,0.02361411860220585
2022-05-26,82.07,84.31,80.09,82.22,27190151.0,3307682680.0,859452531.0,0.031636594249554895
2022-05-27,84.11,84.18,80.52,81.0,19511277.0,2365441105.0,859452531.0,0.022701983293129658
2022-05-30,81.73,82.63,80.11,80.88,16714194.0,2000159068.0,859452531.0,0.019447489415794158
2022-05-31,80.88,81.04,78.77,80.72,18160263.0,2144875892.0,859452531.0,0.021130036092708884
2022-06-01,80.12,80.36,77.34,79.4,23496403.0,2731446099.0,859452531.0,0.027338802496353343
2022-06-02,78.36,79.57,77.79,79.15,22080387.0,2567627609.0,859452531.0,0.025691223428371053
2022-06-06,79.47,87.03,79.47,86.04,43182192.0,5367176836.0,859452531.0,0.050243835979813994
2022-06-07,86.08,87.28,85.18,86.24,27109561.0,3443289071.0,859452531.0,0.031542825254650395
2022-06-08,88.19,90.76,87.11,88.72,41023226.0,5379758060.0,859452531.0,0.04773181126393122
2022-06-09,88.08,89.54,86.27,86.93,22706720.0,2937003402.0,859452531.0,0.026419981535897065
2022-06-10,85.96,89.27,85.57,89.19,25475542.0,3298211121.0,859452531.0,0.02964159285255511
2022-06-13,87.77,94.52,87.77,92.93,39808288.0,5388199515.0,859452531.0,0.04631819276124745
2022-06-14,91.54,91.69,88.19,91.49,29240419.0,3891709654.0,859452531.0,0.034022145430158725
2022-06-15,91.58,93.5,89.97,91.88,29888407.0,4052071901.0,859452531.0,0.03477609980998474
2022-06-16,91.44,92.52,89.41,89.52,22343350.0,2982037621.0,859452531.0,0.025997189133881323
2022-06-17,88.19,96.32,88.12,95.11,38158656.0,5289982074.0,859452531.0,0.04439879414352437
2022-06-20,95.31,97.47,94.6,95.98,28787253.0,4080291746.0,859452531.0,0.033494872563241074
2022-06-21,95.4,95.51,91.4,92.7,27830166.0,3819439384.0,859452531.0,0.03238127179359019
2022-06-22,92.93,94.2,91.84,91.98,19579003.0,2681028558.0,859452531.0,0.022780784620203765
2022-06-23,92.12,93.54,89.55,93.38,23297526.0,3161915023.0,859452531.0,0.027107402863649255
2022-06-24,93.38,93.77,91.37,92.6,19043243.0,2593917118.0,861733997.0,0.0220987486466778
2022-06-27,93.07,101.86,93.07,101.2,55132179.0,8103325631.0,861733997.0,0.06397818722707305
2022-06-28,101.14,102.16,99.51,101.75,34279462.0,5098759693.0,861733997.0,0.039779632832566546
2022-06-29,101.39,101.41,97.02,97.11,28492350.0,4167274549.0,861733997.0,0.03306397345258737
2022-06-30,97.81,101.1,97.68,100.87,24834704.0,3660224920.0,861733997.0,0.02881945482765954
2022-07-01,99.88,107.29,99.72,106.48,40711800.0,6267573437.0,861733997.0,0.04724404531065519
2022-07-04,98.96,106.33,98.96,104.98,108288843.0,11718851058.0,1206427595.0,0.08975991882877978
2022-07-05,105.01,107.84,101.14,104.52,80135754.0,8757530864.0,1206427595.0,0.06642400615844667
2022-07-06,103.03,111.19,101.93,108.48,77573695.0,8726864915.0,1206427595.0,0.06430033208913793
2022-07-07,107.55,108.28,104.81,107.49,53061797.0,5942623842.0,1206427595.0,0.04398257899596536
2022-07-08,108.95,109.9,102.76,103.22,61622639.0,6832672608.0,1206427595.0,0.0510786053430749
2022-07-11,101.81,101.81,94.32,96.28,65377459.0,6629647012.0,1206427595.0,0.054190951260527156
2022-07-12,97.15,98.94,93.72,95.61,51515133.0,5215241850.0,1206427595.0,0.04270055924906128
2022-07-13,93.9,97.33,91.84,96.06,51110414.0,5065513911.0,1206427595.0,0.0423650902978558
2022-07-14,95.15,96.7,92.96,95.54,41180864.0,4110127135.0,1206427595.0,0.034134550776750094
2022-07-15,94.2,99.71,93.88,95.17,44384014.0,4537560262.0,1206427595.0,0.036789621013269345
2022-07-18,95.82,96.86,92.66,95.39,38280881.0,3803442999.0,1206427595.0,0.03173077369802702
2022-07-19,95.41,96.53,93.28,93.44,34603670.0,3438358795.0,1206427595.0,0.028682757376749163
2022-07-20,94.3,96.1,93.31,93.67,31390566.0,3113462951.0,1206427595.0,0.026019436334262562
2022-07-21,93.26,93.32,88.47,88.49,55628556.0,5240626729.0,1206427595.0,0.04611014886475636
2022-07-22,89.44,89.71,87.54,88.68,29502311.0,2744469682.0,1206427595.0,0.024454274025454466
2022-07-25,88.49,89.35,87.06,87.07,24987173.0,2313659944.0,1206427595.0,0.020711705454648524
2022-07-26,87.08,91.35,87.08,89.24,39920578.0,3761096320.0,1206427595.0,0.03308990789455541
2022-07-27,89.25,89.3,86.85,88.3,20917227.0,1932582442.0,1206427595.0,0.017338153641951466
2022-07-28,88.99,89.17,86.28,86.42,30297715.0,2775949229.0,1206427595.0,0.025113579236390064
2022-07-29,86.59,87.22,84.79,84.79,25226733.0,2274499127.0,1207142955.0,0.020897883631354995
2022-08-01,84.88,87.81,84.32,87.73,35271952.0,3204408670.0,1207142955.0,0.029219366152039548
2022-08-02,86.06,86.37,83.24,83.82,38806904.0,3444471621.0,1207142955.0,0.03214772851820189
2022-08-03,85.26,86.27,82.37,82.82,31348628.0,2779039771.0,1207142955.0,0.02596927552793447
2022-08-04,83.73,86.09,82.79,84.74,29256019.0,2600801171.0,1207142955.0,0.024235753419941882
2022-08-05,84.49,86.76,83.13,86.54,34432873.0,3088528146.0,1207142955.0,0.028524271178801686
2022-08-08,86.02,88.21,85.45,86.77,29978393.0,2735972356.0,1207142955.0,0.02483416970279216
2022-08-09,87.51,88.49,86.65,87.91,27720648.0,2554563324.0,1207142955.0,0.022963848552634763
2022-08-10,87.94,88.82,85.29,86.11,25929537.0,2368627289.0,1207142955.0,0.02148008808119996
2022-08-11,86.6,87.06,84.92,87.05,24969714.0,2260945797.0,1207142955.0,0.020684968500685984
2022-08-12,86.63,89.9,86.59,87.25,27130233.0,2513916379.0,1207142955.0,0.022474747408851838
2022-08-15,86.89,90.37,86.84,89.23,34284715.0,3214756030.0,1207142955.0,0.02840153675088134
2022-08-16,89.24,89.68,87.54,87.93,24502229.0,2272987929.0,1207142955.0,0.02029770285160634
2022-08-17,87.63,87.93,85.65,86.7,24052812.0,2182892154.0,1207142955.0,0.01992540477527784
2022-08-18,86.29,87.73,85.87,86.08,18893987.0,1718353586.0,1207142955.0,0.015651822281479495
2022-08-19,85.64,86.96,84.55,84.77,19526766.0,1754472625.0,1207142955.0,0.01617601786028731
2022-08-22,84.68,89.52,83.33,89.26,50217602.0,4617678624.0,1207142955.0,0.04160037698269133
2022-08-23,89.16,89.79,87.54,88.41,28870338.0,2677510665.0,1207142955.0,0.02391625439258766
2022-08-24,88.97,89.63,85.35,85.55,31898697.0,2922710572.0,1207142955.0,0.026424953952533317
2022-08-25,85.92,86.21,79.96,81.87,45495790.0,3941136629.0,1207142955.0,0.037688817063095896
2022-08-26,82.05,87.88,81.73,85.55,52553843.0,4735269630.0,1207142955.0,0.04353572439976672
2022-08-29,84.54,86.08,83.48,85.44,22320459.0,1992518972.0,1207142955.0,0.01849031956616936
2022-08-30,86.05,86.84,84.47,86.17,22647025.0,2042741305.0,1207142955.0,0.01876084759157626
2022-08-31,84.49,86.09,80.43,81.54,45675629.0,3958303915.0,1207317690.0,0.037832319842841036
2022-09-01,81.55,81.83,79.81,79.97,23417527.0,1982315113.0,1207317690.0,0.019396325585190423
2022-09-02,80.69,80.86,78.21,78.84,22685693.0,1891450251.0,1207317690.0,0.018790160359532213
2022-09-05,77.93,78.73,76.28,77.17,29464578.0,2389994594.0,1207317690.0,0.024404991531267965
2022-09-06,77.64,80.11,76.91,79.52,30083673.0,2488831084.0,1207317690.0,0.02491777702685695
2022-09-07,78.68,81.07,78.53,80.09,23869653.0,2001334886.0,1207317690.0,0.019770813595881297
2022-09-08,80.23,80.39,78.55,78.59,17479178.0,1455783496.0,1207317690.0,0.014477695593112697
2022-09-09,79.39,80.38,78.64,79.98,22247135.0,1864516764.0,1207317690.0,0.018426910484513816
2022-09-13,80.76,81.43,79.43,80.38,20341849.0,1719469065.0,1207317690.0,0.016848795614019373
2022-09-14,78.98,80.87,78.65,79.38,22152629.0,1850237624.0,1207317690.0,0.018348632827536886
2022-09-15,80.12,82.1,76.74,77.15,36019315.0,2983694620.0,1207317690.0,0.029834164858464057
2022-09-16,75.93,75.93,72.73,74.25,28093461.0,2200301533.0,1207317690.0,0.023269319444826488
2022-09-19,74.26,78.53,74.22,77.24,31599054.0,2548799341.0,1207317690.0,0.02617294044618861
2022-09-20,78.34,81.64,77.83,79.83,38483674.0,3243400636.0,1207317690.0,0.031875350058028225
2022-09-21,79.03,80.14,78.66,79.05,21382953.0,1781185581.0,1207317690.0,0.017711123739104658
2022-09-22,78.81,79.5,77.56,78.13,16543754.0,1364359903.0,1207317690.0,0.013702900352598992
2022-09-23,78.02,78.43,75.19,76.37,20765063.0,1671069230.0,1207317690.0,0.017199336323813826
2022-09-26,75.22,77.03,74.94,75.44,18002939.0,1434467947.0,1207317690.0,0.014911517613893324
2022-09-27,76.13,76.48,72.67,75.13,26116926.0,2029675990.0,1207437340.0,0.02163004665732799
2022-09-28,74.42,74.7,71.36,71.38,23862445.0,1821634907.0,1207437340.0,0.019762884755576634
2022-09-29,72.79,74.5,72.51,73.04,28841261.0,2228665381.0,1207437340.0,0.023886341795591647
2022-09-30,72.6,73.03,71.17,71.21,19326569.0,1459401007.0,1207437340.0,0.016006270768469028
2022-10-10,71.17,71.32,68.7,68.75,16873745.0,1236233515.0,1207437340.0,0.013974841129229944
2022-10-11,70.16,71.36,69.09,70.52,19011796.0,1412665027.0,1207437340.0,0.015745575666891335
2022-10-12,70.37,71.89,68.37,71.89,23023772.0,1696960856.0,1207437340.0,0.019068295502605543
2022-10-13,71.19,71.56,69.48,69.87,20747035.0,1538325567.0,1207437340.0,0.017182701174373156
2022-10-14,70.99,74.29,70.62,73.55,37442002.0,2851733886.0,1207437340.0,0.031009478305516043
2022-10-17,74.98,76.43,73.89,75.36,45245286.0,3572736476.0,1207437340.0,0.03747216066715313
2022-10-18,76.67,77.03,75.02,75.36,27618861.0,2197707910.0,1207437340.0,0.022873949715684624
2022-10-19,75.38,77.42,74.87,74.92,29274360.0,2340067985.0,1207437340.0,0.02424503452907958
2022-10-20,74.22,75.65,73.06,74.65,23208444.0,1807381108.0,1207437340.0,0.019221240913420815
2022-10-21,74.98,74.98,73.09,73.55,18365069.0,1427754845.0,1207437340.0,0.0152099561539152
2022-10-24,75.14,76.69,73.06,73.89,30057177.0,2370227366.0,1207437340.0,0.024893363824577432
2022-10-25,74.22,76.12,71.24,76.1,32389906.0,2526056932.0,1207437340.0,0.026825330745527547
2022-10-26,76.61,78.29,76.22,76.66,36267719.0,2937605099.0,1207437340.0,0.030036936740750454
2022-10-27,77.18,78.19,76.46,76.6,27557473.0,2241821613.0,1207437340.0,0.022823108154001598
2022-10-28,75.42,75.45,72.68,72.92,29586860.0,2303244017.0,1207437340.0,0.024503847131313664
2022-10-31,73.27,77.06,73.07,75.19,35984612.0,2851522753.0,1207447080.0,0.029802227025966223
2022-11-01,75.21,81.6,75.21,81.6,57622589.0,4816423966.0,1207447080.0,0.04772266209795298
2022-11-02,80.79,82.54,80.45,81.94,38015653.0,3255259963.0,1207447080.0,0.03148432227771009
2022-11-03,80.31,82.31,79.82,80.59,33198547.0,2819400633.0,1207447080.0,0.02749482569455549
2022-11-04,81.34,86.59,80.12,85.5,63658433.0,5608355536.0,1207447080.0,0.0527215097493134
2022-11-07,86.28,87.23,84.3,85.04,43954203.0,3954491304.0,1207447080.0,0.036402591656439304
2022-11-08,85.26,86.16,83.61,85.95,30600957.0,2729249152.0,1207447080.0,0.025343518160646842
2022-11-09,87.34,87.95,84.79,84.87,27761290.0,2514758848.0,1207447080.0,0.022991723993402675
2022-11-10,82.89,83.67,80.53,81.5,36086958.0,3107054334.0,1207447080.0,0.02988698933289896
2022-11-11,84.41,85.35,82.69,83.73,38376294.0,3386927434.0,1207447080.0,0.031783002862535395
2022-11-14,83.75,84.57,79.92,80.65,40506310.0,3475069373.0,1207447080.0,0.033547068580430044
2022-11-15,79.21,81.81,79.13,81.63,29440600.0,2493680352.0,1207447080.0,0.02438251786571052
2022-11-16,80.88,81.15,79.2,79.47,26234919.0,2206156002.0,1207447080.0,0.021727593229179037
2022-11-17,78.98,80.11,77.43,78.79,26257765.0,2164946729.0,1207447080.0,0.021746514141224308
2022-11-18,78.04,78.78,76.4,76.4,28777723.0,2339134915.0,1207447080.0,0.023833527345976935
2022-11-21,76.12,78.32,75.41,77.83,20182804.0,1643627540.0,1207447080.0,0.016715270038998312
2022-11-22,78.31,78.52,76.01,76.31,17642271.0,1427388784.0,1207447080.0,0.014611216749971352
2022-11-23,75.84,77.18,75.32,76.55,19566591.0,1570785000.0,1207447080.0,0.016204926347579557
2022-11-24,77.29,77.88,75.93,76.53,19562359.0,1579383663.0,1207447080.0,0.016201421432068062
2022-11-25,75.89,75.92,74.45,74.48,20066892.0,1579474706.0,1207447080.0,0.01661927245705874
2022-11-28,72.42,73.44,71.84,73.33,19720979.0,1509232914.0,1207447080.0,0.01633278950825737
2022-11-29,73.33,74.82,72.84,74.28,18744197.0,1456314588.0,1207447080.0,0.015523824861955854
2022-11-30,74.08,78.34,74.04,77.07,35488291.0,2854700554.0,1207424480.0,0.029391727257343663
2022-12-01,79.45,79.47,77.22,77.23,23836446.0,1955186111.0,1207424480.0,0.01974156263586771
2022-12-02,77.03,77.55,76.14,76.69,16790436.0,1353618489.0,1207424480.0,0.013905992696122908
2022-12-05,76.89,77.39,75.26,75.75,22091091.0,1765277639.0,1207424480.0,0.01829604365815078
2022-12-06,74.69,77.69,74.04,76.78,24794326.0,1981266068.0,1207424480.0,0.02053488761466887
2022-12-07,76.27,78.91,76.01,77.44,26627236.0,2177506388.0,1207424480.0,0.022052920444349446
2022-12-08,77.24,78.5,76.45,76.5,21338748.0,1732290812.0,1207424480.0,0.017672946303026755
2022-12-09,76.45,77.74,75.74,76.8,18423671.0,1483245364.0,1207424480.0,0.01525865286415263
2022-12-12,76.26,76.26,74.69,74.69,20656654.0,1635019631.0,1207424480.0,0.017108029812349008
2022-12-13,74.85,75.92,74.19,74.22,14001085.0,1101904229.0,1207424480.0,0.011595826680605317
2022-12-14,73.89,74.69,73.3,73.67,13349991.0,1035415964.0,1207424480.0,0.011056584673519292
2022-12-15,73.28,74.87,72.63,74.43,20364911.0,1575994198.0,1207294735.0,0.016868218182033237
2022-12-16,73.34,73.69,70.75,72.22,30235354.0,2285688164.0,1207294735.0,0.02504388789536136
2022-12-19,71.86,75.65,71.8,73.32,31270846.0,2441925595.0,1207294735.0,0.025901584007156298
2022-12-20,73.32,73.68,70.83,71.08,18666687.0,1403091568.0,1207294735.0,0.015461582378225149
2022-12-21,70.92,71.74,69.37,70.75,14697168.0,1088479112.0,1207294735.0,0.012173637119356774
2022-12-22,71.27,71.36,68.5,68.7,20114017.0,1470629852.0,1207294735.0,0.01666040314505306
2022-12-23,68.03,69.25,67.56,68.57,13163652.0,949696618.0,1207294735.0,0.010903428647852093
2022-12-26,68.53,70.12,68.3,69.87,12729167.0,929325295.0,1207294735.0,0.010543545524531754
2022-12-27,69.96,70.63,69.22,70.06,13314419.0,979084587.0,1207294735.0,0.011028308675594447
2022-12-28,68.51,69.07,67.04,68.62,20928621.0,1498236182.0,1207294735.0,0.01733513813426843
2022-12-29,68.13,69.32,67.82,67.83,13418433.0,965215392.0,1207294735.0,0.011114463279755793
2022-12-30,68.5,68.59,66.14,66.14,23064418.0,1624735941.0,1207316175.0,0.019103875585863
2023-01-03,65.94,67.69,65.24,67.47,20970952.0,1466906847.0,1207316175.0,0.017369892356490627
2023-01-04,66.89,67.09,64.7,65.09,25305570.0,1747711603.0,1207316175.0,0.02096018468401618
2023-01-05,65.64,67.8,65.24,66.63,30443619.0,2132396509.0,1207316175.0,0.02521594560762014
2023-01-06,66.53,69.15,66.2,68.09,30364165.0,2170777324.0,1207316175.0,0.025150135174822785
2023-01-09,68.37,69.06,68.12,68.78,22814077.0,1646769970.0,1207316175.0,0.018896522280089555
2023-01-10,68.41,70.22,67.51,69.82,30400057.0,2205569359.0,1207316175.0,0.025179863924211898
2023-01-11,69.42,69.92,68.57,68.57,15983652.0,1160967652.0,1207316175.0,0.013238994333857905
2023-01-12,69.27,70.96,69.27,69.58,22453342.0,1653217060.0,1207316175.0,0.01859773145174668
2023-01-13,69.83,70.79,69.1,69.97,17698206.0,1298730759.0,1207316175.0,0.014659131026717172
2023-01-16,69.92,71.36,69.22,70.73,20965595.0,1554917238.0,1207316175.0,0.01736545524207857
2023-01-17,70.89,71.53,70.51,71.15,17184062.0,1281993260.0,1207316175.0,0.014233274063440755
2023-01-18,71.36,74.31,71.05,72.2,26262449.0,2002507549.0,1207316175.0,0.021752751718082466
2023-01-19,72.68,73.73,71.44,72.11,21409011.0,1620004923.0,1207316175.0,0.017732729373894127
2023-01-20,72.14,75.17,71.74,74.41,37041336.0,2875010984.0,1207316175.0,0.030680725370054784
2023-01-30,78.11,78.86,75.17,75.41,45190100.0,3647390941.0,1207316175.0,0.03743021168419283
2023-01-31,75.88,76.0,75.0,75.01,20058363.0,1589787320.0,1207419981.0,0.016612581633266843
2023-02-01,75.65,77.04,75.37,76.58,26552629.0,2126965125.0,1207419981.0,0.021991212186176334
2023-02-02,76.32,76.46,75.51,75.7,19611413.0,1564219718.0,1207419981.0,0.016242412175221408
2023-02-03,75.85,76.1,73.74,74.69,21790885.0,1708618736.0,1207419981.0,0.01804747754957022
2023-02-06,73.93,74.0,72.8,73.44,19508849.0,1503822740.0,1207419981.0,0.01615746741563986
2023-02-07,73.48,74.01,73.09,73.47,12289773.0,950019661.0,1207419981.0,0.010178540353308929
2023-02-08,74.39,79.4,74.23,77.88,71184527.0,5770899181.0,1207419981.0,0.05895589614232167
2023-02-09,77.6,77.82,76.45,77.66,31104034.0,2521517298.0,1207419981.0,0.025760741489667296
2023-02-10,77.52,77.52,74.74,75.02,33455126.0,2660648390.0,1207419981.0,0.027707944647637896
2023-02-13,74.38,75.36,74.22,74.81,17643046.0,1385998042.0,1207419981.0,0.014612186544559097
2023-02-14,74.82,75.14,73.63,73.99,21346715.0,1659697302.0,1207419981.0,0.01767961052153567
2023-02-15,74.21,74.62,72.83,72.96,20346246.0,1569725367.0,1207419981.0,0.016851009855865556
2023-02-16,72.95,73.82,70.73,71.51,24755044.0,1885391125.0,1207419981.0,0.02050243029728361
2023-02-17,71.53,71.87,70.3,70.4,18113344.0,1351175211.0,1207419981.0,0.015001693101847053
2023-02-20,68.38,69.92,67.13,69.89,28535579.0,2059065502.0,1207419981.0,0.023633515635849
2023-02-21,69.44,70.88,68.78,70.32,21948005.0,1614887279.0,1207419981.0,0.018177606255797087
2023-02-22,69.59,70.13,69.14,69.28,15250475.0,1112985791.0,1207045086.0,0.012634552906833175
2023-02-23,69.08,69.91,68.99,69.7,12126416.0,886300599.0,1207045086.0,0.010046365409750735
2023-02-24,69.93,70.74,69.14,69.46,15427510.0,1131215764.0,1207045086.0,0.012781220999063824
2023-02-27,69.75,70.61,69.17,69.39,15098024.0,1107531263.0,1207045086.0,0.012508251907998737
2023-02-28,69.3,69.36,68.04,68.89,16961491.0,1221750767.0,1207049986.0,0.014052020377555433
2023-03-01,68.61,69.02,68.03,68.75,15907652.0,1146690700.0,1207049986.0,0.013178950486313994
2023-03-02,68.76,68.84,68.03,68.04,13206552.0,947230141.0,1207049986.0,0.010941180691086972
2023-03-03,67.46,68.22,67.18,67.49,15981414.0,1133837501.0,1207049986.0,0.01324005980312401
2023-03-06,67.49,68.28,66.55,68.04,19008466.0,1346654751.0,1207049986.0,0.01574786978208871
2023-03-07,67.85,68.11,66.83,66.87,11746988.0,832321432.0,1207049986.0,0.009731981389542885
2023-03-08,66.76,67.04,66.2,66.89,10495569.0,734970489.0,1207049986.0,0.008695223165347852
2023-03-09,66.89,68.19,66.62,67.25,13173499.0,935625579.0,1207049986.0,0.010913797400930503
2023-03-10,66.23,66.61,65.51,65.77,15956642.0,1105376705.0,1207049986.0,0.013219537040780016
2023-03-13,65.37,65.58,63.46,64.04,23005714.0,1553428248.0,1207049986.0,0.019059454261904942
2023-03-14,63.88,64.65,62.55,64.33,26056728.0,1737221551.0,1207049986.0,0.02158711594566888
2023-03-15,64.38,65.24,63.83,63.83,14644862.0,994054532.0,1207049986.0,0.012132771774043167
2023-03-16,62.85,63.68,61.52,61.85,20446013.0,1340678139.0,1207049986.0,0.01693882874540707
2023-03-17,62.57,64.02,62.32,62.69,21793704.0,1445812492.0,1207049986.0,0.01805534505842743
2023-03-20,62.54,64.26,61.67,63.75,22386899.0,1487503866.0,1207049986.0,0.018546787009365823
2023-03-21,63.75,65.17,63.39,65.04,20403738.0,1380935166.0,1207049986.0,0.016903805340833664
2023-03-22,65.54,65.99,64.23,64.73,19594216.0,1340327390.0,1207049986.0,0.016233143802878103
2023-03-23,64.04,64.94,63.92,64.74,13055180.0,885026513.0,1207049986.0,0.010815774119896307
2023-03-24,64.54,65.36,64.09,64.27,16367805.0,1111065786.0,1207049986.0,0.013560171649759664
2023-03-27,64.09,64.77,63.28,64.46,14772864.0,995860398.0,1207049986.0,0.012238817092368534
2023-03-28,64.46,64.66,62.92,63.04,16103222.0,1071179590.0,1207049986.0,0.013340973602397275
2023-03-29,63.07,64.8,63.07,63.87,23226989.0,1564993923.0,1207049986.0,0.01924277309920784
2023-03-30,63.75,63.76,62.4,63.56,20481480.0,1355199006.0,1207049986.0,0.016968211952740123
2023-03-31,63.74,64.59,62.99,63.25,19822785.0,1328542049.0,1207049986.0,0.016422505471948203
2023-04-03,62.85,65.84,62.23,65.03,35438208.0,2402604456.0,1207049986.0,0.02935935413697109
2023-04-04,64.47,64.64,62.34,62.65,33599225.0,2228292780.0,1207049986.0,0.02783581905447286
2023-04-06,62.31,62.31,60.72,61.14,25289310.0,1624420784.0,1207049986.0,0.02095133614458283
2023-04-07,61.11,61.51,60.86,61.08,14979827.0,962139038.0,1207049986.0,0.01241027892278191
2023-04-10,61.37,62.2,60.99,62.07,19703427.0,1277424697.0,1207049986.0,0.01632362141463129
2023-04-11,61.85,63.71,61.14,63.69,30373607.0,2007309207.0,1207049986.0,0.025163503874975398
2023-04-12,63.62,63.62,62.42,62.74,15827973.0,1046034219.0,1207049986.0,0.013112939135562858
2023-04-13,62.37,63.23,61.51,62.03,14031448.0,918827500.0,1207049986.0,0.011624579066935179
2023-04-14,62.29,67.39,62.29,65.64,60384493.0,4148587116.0,1207049986.0,0.05002650569601183
2023-04-17,65.64,66.87,65.27,65.93,27927570.0,1935760807.0,1207049986.0,0.02313704512979465
2023-04-18,66.0,68.2,66.0,66.71,35733689.0,2529827107.0,1207049986.0,0.029604150130034465
2023-04-19,67.1,67.55,65.84,66.49,23075318.0,1614315757.0,1207049986.0,0.01911711881665189
2023-04-20,66.13,66.23,64.27,64.79,23305247.0,1586829060.0,1207049986.0,0.01930760719962429
2023-04-21,64.61,65.88,63.42,63.52,20076318.0,1360581008.0,1207049986.0,0.016632548968854386
2023-04-24,63.52,66.2,62.07,64.54,28800621.0,1956007437.0,1207049986.0,0.02386033829091151
2023-04-25,64.51,64.8,58.14,59.06,52266624.0,3293715538.0,1207049986.0,0.04330112638765235
2023-04-26,58.63,62.42,56.14,60.76,35349981.0,2236173848.0,1207049986.0,0.029286261057957546
2023-04-27,60.76,62.7,60.47,62.5,29712436.0,1936813313.0,1207049986.0,0.0246157461121084
2023-04-28,61.85,63.45,60.95,61.84,23854144.0,1551392228.0,1207052736.0,0.019762304734960642
2023-05-04,62.67,63.56,61.24,61.59,21733748.0,1423537778.0,1207052736.0,0.018005632522753338
2023-05-05,61.2,61.59,59.95,60.83,13962718.0,891354460.0,1207052736.0,0.011567612237283392
2023-05-08,61.52,61.85,60.11,60.9,14586727.0,932262719.0,1207052736.0,0.01208458136496863
2023-05-09,61.11,61.71,59.77,59.82,15873267.0,1007818280.0,1207052736.0,0.01315043371891251
2023-05-10,59.81,62.6,59.61,61.64,23762986.0,1530878759.0,1207052736.0,0.019686783593852855
2023-05-11,61.59,63.01,61.13,62.57,20029094.0,1312790329.0,1207052736.0,0.016593387681116196
2023-05-12,63.43,64.22,61.33,61.47,17514692.0,1143948099.0,1207052736.0,0.0145102955965629
2023-05-15,62.42,67.08,62.38,66.8,59713316.0,4102788488.0,1207052736.0,0.049470345593914465
2023-05-16,66.81,66.84,65.35,65.73,26696225.0,1844338870.0,1207052736.0,0.02211686714572842
2023-05-17,65.46,65.93,64.33,64.7,18529266.0,1259910313.0,1207052736.0,0.015350833851222885
2023-05-18,64.72,64.91,63.76,64.65,15396649.0,1039674068.0,1207052736.0,0.01275557276065857
2023-05-19,64.5,64.5,63.44,63.76,14465337.0,969483812.0,1207052736.0,0.011984014093647686
2023-05-22,63.44,63.94,62.95,63.65,11356800.0,757719264.0,1207052736.0,0.009408702421432562
2023-05-23,63.65,64.18,62.42,62.42,15468048.0,1028866749.0,1207052736.0,0.012814724277299513
2023-05-24,62.42,62.7,61.0,61.0,18783646.0,1217289017.0,1207052736.0,0.015561578578783819
2023-05-25,60.61,60.78,59.58,60.14,17377131.0,1097907420.0,1207052736.0,0.014396331230386276
2023-05-26,59.93,59.94,57.76,58.57,21786062.0,1338962671.0,1207052736.0,0.0180489727998098
2023-05-29,59.74,59.95,57.85,58.38,18103921.0,1116991315.0,1207052736.0,0.014998450738775343
2023-05-30,58.38,59.09,57.31,59.08,19195748.0,1172512791.0,1207052736.0,0.01590299033960352
2023-05-31,58.94,59.06,57.63,58.99,14587342.0,895118006.0,1207052736.0,0.012085090870462183
2023-06-01,58.7,60.31,58.4,59.09,18155459.0,1137092855.0,1207052736.0,0.01504114812759929
2023-06-02,59.56,61.45,59.55,61.09,26832884.0,1713308990.0,1207021826.0,0.022230653515953904
2023-06-05,61.18,61.64,60.25,61.52,19874118.0,1275979397.0,1207021826.0,0.01646541725418642
2023-06-06,61.38,61.46,60.04,60.15,12668114.0,807550860.0,1207021826.0,0.010495347910966442
2023-06-07,60.38,60.99,59.04,59.28,11667239.0,730675618.0,1207021826.0,0.009666137553340316
2023-06-08,59.28,60.87,59.28,60.14,13977796.0,885336160.0,1207021826.0,0.011580400369661584
2023-06-09,60.08,61.57,60.02,60.81,17185977.0,1099250397.0,1207021826.0,0.014238331594179475
2023-06-12,60.59,60.7,59.56,60.03,11808207.0,746407046.0,1207021826.0,0.009782927487841467
2023-06-13,60.41,60.89,59.85,60.15,9923853.0,628908914.0,1207021826.0,0.008221767648466698
2023-06-14,60.61,60.86,59.81,59.81,13488089.0,852920390.0,1207021826.0,0.011174685253785958
2023-06-15,59.95,62.11,58.99,61.85,26922411.0,1725918261.0,1207021826.0,0.022304825331302666
2023-06-16,62.0,62.42,61.52,62.14,17643851.0,1150125802.0,1207021826.0,0.014617673533270474
2023-06-19,61.7,62.12,60.66,60.85,15698788.0,1009831373.0,1207021826.0,0.013006217171751457
2023-06-20,60.64,61.33,60.21,60.26,12356094.0,787476824.0,1207021826.0,0.010236843886201608
2023-06-21,60.0,60.79,59.02,59.15,12547369.0,788419125.0,1207021826.0,0.010395312437374269
2023-06-26,58.72,59.46,57.79,58.21,12685884.0,779763848.0,1207021826.0,0.010510070097108583
2023-06-27,58.42,58.9,57.47,58.44,12762345.0,780465254.0,1207021826.0,0.010573416921791437
2023-06-28,58.43,58.47,57.38,57.76,10504103.0,638236346.0,1207021826.0,0.008702496320890887
2023-06-29,57.72,57.72,56.84,56.84,15447928.0,927147029.0,1207032776.0,0.012798267211262539
2023-06-30,56.88,58.66,56.88,58.0,16582913.0,1010286161.0,1207032776.0,0.013738577219878244
2023-07-03,58.06,59.08,58.04,58.41,12958393.0,796789221.0,1207032776.0,0.01073574244018706
2023-07-04,58.95,59.25,58.18,58.87,11585548.0,715430498.0,1207032776.0,0.009598370674235942
2023-07-05,58.91,59.18,58.52,58.98,10590380.0,655183814.0,1207032776.0,0.008773895962540126
2023-07-06,58.82,58.9,57.82,57.95,10651187.0,651173302.0,1207032776.0,0.008824273219238581
2023-07-07,57.82,58.19,57.59,57.95,6413553.0,390235915.0,1207032776.0,0.005313487029949549
2023-07-10,58.51,59.76,58.25,59.15,13985124.0,870799876.0,1207032776.0,0.011586366400376852
2023-07-11,58.83,59.36,58.38,59.2,9776765.0,604957161.0,1207032776.0,0.008099833902107726
2023-07-12,59.29,59.72,58.85,58.87,9608849.0,588239350.0,1207032776.0,0.007960719204198313
2023-07-13,59.26,59.91,58.74,59.15,12210938.0,747684040.0,1207032776.0,0.010116492478742764
2023-07-14,59.14,59.36,58.65,59.16,14276039.0,870892681.0,1207032776.0,0.011827383053598206
2023-07-17,59.09,59.09,58.43,58.56,7261689.0,439974359.0,1207032776.0,0.006016148976554387
2023-07-18,58.56,58.78,57.49,58.12,11866435.0,710896829.0,1207032776.0,0.009831079350905712
2023-07-19,57.96,58.41,57.6,57.8,6066208.0,363232875.0,1207032776.0,0.00502571936787241
2023-07-20,57.93,58.96,57.89,57.96,11263144.0,679964694.0,1207032776.0,0.009331266079886467
2023-07-21,57.54,57.54,56.05,56.51,16245133.0,952274980.0,1207032776.0,0.013458733949077121
2023-07-24,56.09,56.09,53.57,53.63,27713135.0,1558367959.0,1207032776.0,0.022959720358082473
2023-07-25,54.45,56.3,54.32,56.21,27197486.0,1563686750.0,1207032776.0,0.022532516548664127
2023-07-26,56.38,57.59,56.23,56.65,17335247.0,1019712216.0,1207032776.0,0.014361869325079537
2023-07-27,56.59,56.97,56.02,56.06,8956630.0,521624185.0,1207032776.0,0.007420370165656546
2023-07-28,55.76,57.42,55.49,57.12,15447927.0,907729167.0,1207032776.0,0.01279826638278462
2023-07-31,57.45,58.56,57.24,57.86,20408209.0,1222017013.0,1207032776.0,0.016907750481831157
2023-08-01,57.73,58.04,57.06,57.34,9540078.0,567074669.0,1207032776.0,0.007903743949368944
2023-08-02,57.25,57.27,56.51,56.66,9547132.0,560638513.0,1207032776.0,0.007909588032595397
2023-08-03,56.31,57.2,56.24,56.48,8993634.0,526728612.0,1207032776.0,0.00745102716249687
2023-08-04,56.67,57.24,56.32,56.35,13295821.0,779691773.0,1207032776.0,0.011015294086761402
2023-08-07,56.09,56.38,55.71,56.18,7219595.0,418581063.0,1207032776.0,0.005981275027116579
2023-08-08,55.9,56.27,55.52,55.8,7651477.0,441567847.0,1207032776.0,0.006339079726862363
2023-08-09,55.75,55.8,55.24,55.27,7523789.0,431004020.0,1207032776.0,0.006233293038597653
2023-08-10,55.41,56.1,55.01,55.57,9895776.0,568960319.0,1207032776.0,0.008198431887486706
2023-08-11,55.57,55.65,54.25,54.25,10055775.0,569882874.0,1207032776.0,0.008330987525727305
2023-08-14,53.72,54.04,51.62,51.84,25188684.0,1358977306.0,1207032776.0,0.020868268452057345
2023-08-15,51.84,52.02,50.67,51.01,13594311.0,718455255.0,1207032776.0,0.01126258646020396
2023-08-16,51.0,51.41,49.96,49.96,15802719.0,825645128.0,1207032776.0,0.01309220371990959
2023-08-17,49.59,50.06,49.01,49.85,13699382.0,702072024.0,1207032776.0,0.011349635463420093
2023-08-18,49.85,50.02,48.35,48.35,17188111.0,870646710.0,1207032776.0,0.01423997039828519
2023-08-21,48.21,48.61,47.46,47.46,14107262.0,699569048.0,1207032776.0,0.011687555036202264
2023-08-22,48.09,48.27,46.71,47.62,16338986.0,801271671.0,1207032776.0,0.01353648908702045
2023-08-23,47.62,47.63,45.94,45.94,15678618.0,754878923.0,1207032776.0,0.012989388781933127
2023-08-24,46.6,47.03,46.11,46.33,12980599.0,624828363.0,1207032776.0,0.010754139620811756
2023-08-25,46.03,46.07,45.14,45.38,12618397.0,594346166.0,1207032776.0,0.010454063262321884
2023-08-28,48.34,48.34,45.27,45.44,19690262.0,947699598.0,1207032776.0,0.016312947246761425
2023-08-29,45.35,46.66,44.87,46.46,17553999.0,836062685.0,1207032776.0,0.01454310052637709
2023-08-30,47.0,47.46,46.42,46.69,15985718.0,775367377.0,1207032776.0,0.013243814350240975
2023-08-31,46.29,46.44,45.24,45.85,16732909.0,792153644.0,1207032776.0,0.013862845593515184
2023-09-01,45.84,46.23,45.56,45.93,9900539.0,470521716.0,1207032776.0,0.008202377927805335
2023-09-04,46.22,48.01,46.02,47.42,26399213.0,1288702339.0,1207032776.0,0.021871164996434198
2023-09-05,47.22,47.81,47.05,47.67,17242447.0,847096695.0,1207032776.0,0.0142849865743828
2023-09-06,47.43,47.52,46.85,47.29,11495123.0,560261548.0,1207032776.0,0.009523455558592056
2023-09-07,47.17,47.34,46.05,46.08,15178422.0,729112869.0,1207032776.0,0.012574987441766038
2023-09-08,45.76,46.07,44.98,45.11,10747623.0,503248285.0,1207032776.0,0.008904168315641496
2023-09-11,44.77,45.94,44.29,45.35,16089657.0,750942444.0,1207032776.0,0.013329925516455073
2023-09-12,45.53,47.64,45.46,46.23,25455732.0,1225146518.0,1207032776.0,0.021089511822833883
2023-09-13,45.99,46.53,45.29,45.51,11905368.0,564501338.0,1207032776.0,0.009863334481647912
2023-09-14,45.45,45.82,44.68,44.73,11260906.0,524282756.0,1207032776.0,0.009329411946308241
2023-09-15,44.95,45.06,44.0,44.0,15212959.0,697477930.0,1207032776.0,0.012603600583585147
2023-09-18,44.01,46.51,43.73,45.57,28283176.0,1330034962.0,1207032776.0,0.023431986738361776
2023-09-19,45.45,45.45,44.2,44.53,16278380.0,751485267.0,1207032776.0,0.013486278354383312
2023-09-20,44.37,44.39,43.61,43.86,11429670.0,520381234.0,1207032776.0,0.009469229193491262
2023-09-21,43.59,43.99,43.19,43.42,13262087.0,596467893.0,1207032776.0,0.010987346212709637
2023-09-22,43.66,44.27,43.13,44.1,19008562.0,860075761.0,1207032776.0,0.015748173850748854
2023-09-25,43.81,43.88,43.12,43.4,16397482.0,736028880.0,1207032776.0,0.013584951731252739
2023-09-26,43.57,43.6,42.37,42.42,17923352.0,792045042.0,1207032776.0,0.01484910133045136
2023-09-27,42.2,43.99,42.15,43.15,22541980.0,1005920496.0,1207032776.0,0.018675532635246354
2023-09-28,43.16,44.11,42.84,43.13,21713433.0,972530520.0,1207032776.0,0.017989099742557448
2023-10-09,42.27,42.92,41.65,42.6,18147940.0,793838649.0,1207032776.0,0.015035167528872472
2023-10-10,42.74,44.29,42.42,43.16,27888167.0,1253229367.0,1207032776.0,0.02310473050484919
2023-10-11,43.45,43.59,42.86,42.98,18394617.0,821273006.0,1207032776.0,0.01523953397600199
2023-10-12,43.23,46.82,43.23,46.61,63927547.0,2995294841.0,1207032776.0,0.052962560976886015
2023-10-13,46.23,46.56,45.28,45.69,32270824.0,1530480536.0,1207032776.0,0.026735665047093966
2023-10-16,45.7,46.01,43.52,43.74,30769486.0,1410417528.0,1207032776.0,0.02549183966815496
2023-10-17,43.92,44.45,43.53,43.87,21838036.0,993771649.0,1207032776.0,0.01809233057644824
2023-10-18,43.87,43.87,42.7,42.7,19461370.0,865621620.0,1207032776.0,0.016123315279385587
2023-10-19,42.21,42.61,41.34,41.38,24005519.0,1040877548.0,1207032776.0,0.019888042377401025
2023-10-20,41.0,45.06,40.82,43.91,57175779.0,2576466205.0,1207032776.0,0.04736887028824145
2023-10-23,43.87,43.87,41.67,42.22,29821412.0,1307447140.0,1207032776.0,0.024706381295481906
2023-10-24,42.29,44.25,42.29,43.23,34045938.0,1524873041.0,1207032776.0,0.028206307796235022
2023-10-25,43.42,43.61,42.31,42.44,28355072.0,1256550312.0,1207032776.0,0.02349155098668174
2023-10-26,41.83,42.3,41.06,42.14,27495811.0,1179907766.0,1207032776.0,0.02277967222325038
2023-10-27,41.78,44.33,41.39,44.06,47377142.0,2130533560.0,1207032776.0,0.039250915917133304
2023-10-30,43.61,44.45,43.55,44.22,26292825.0,1198282213.0,1207032776.0,0.02178302488780139
2023-10-31,42.16,42.82,41.58,42.82,52300968.0,2280594521.0,1207032776.0,0.04333019702523803
2023-11-01,42.39,42.39,41.58,41.87,22081257.0,956792984.0,1207032776.0,0.01829383380389664
2023-11-02,41.73,42.04,41.19,41.23,17831918.0,764962201.0,1207032776.0,0.014773350280589232
2023-11-03,41.34,41.83,41.29,41.64,16388346.0,704501665.0,1207032776.0,0.013577382757003112
2023-11-06,41.7,43.66,41.7,43.46,46310866.0,2055598370.0,1207032776.0,0.03836752979771611
2023-11-07,43.15,43.18,42.21,42.99,23514769.0,1039223635.0,1207032776.0,0.019481466839637834
2023-11-08,42.83,43.4,42.41,42.78,24875100.0,1103015367.0,1207032776.0,0.02060847103293573
2023-11-09,42.56,43.59,42.56,43.13,29137458.0,1300184633.0,1207032776.0,0.024139740510244437
2023-11-10,43.15,43.87,42.8,43.33,34426798.0,1544155699.0,1207032776.0,0.028521841895700104
2023-11-13,43.32,43.61,42.57,42.74,23576473.0,1044803448.0,1207032776.0,0.019532587241027827
2023-11-14,42.7,42.97,41.97,42.24,23408442.0,1025404483.0,1207032776.0,0.01939337726815796
2023-11-15,43.03,44.19,43.01,43.65,55680833.0,2514886464.0,1207032776.0,0.04613034054014785
2023-11-16,43.52,43.69,42.8,42.81,26902466.0,1199056950.0,1207032776.0,0.022288098993593526
2023-11-17,42.45,42.75,42.39,42.6,18899137.0,831220416.0,1207032776.0,0.015657517654682145
2023-11-20,42.8,42.91,41.99,42.55,18941401.0,829358966.0,1207032776.0,0.01569253244536584
2023-11-21,42.75,42.96,41.98,42.04,22589422.0,991665238.0,1207032776.0,0.018714837284584226
2023-11-22,41.75,41.81,40.97,40.98,28647689.0,1221595230.0,1207032776.0,0.023733977709317813
2023-11-23,40.81,40.95,40.08,40.94,21061660.0,882722026.0,1207032776.0,0.017449120205166656
2023-11-24,40.94,40.94,40.42,40.46,13343560.0,559756079.0,1207032776.0,0.011054844794040623
2023-11-27,40.14,40.24,39.07,39.07,25264258.0,1028532879.0,1207032776.0,0.020930879842156
2023-11-28,38.68,39.08,38.3,38.95,20041104.0,802945703.0,1207032776.0,0.01660361209611428
2023-11-29,38.86,39.07,38.13,38.19,18684757.0,742247082.0,1207032776.0,0.015479908558837676
2023-11-30,38.0,38.08,37.23,37.72,22037201.0,857804338.0,1207032776.0,0.018257334380785695
2023-12-01,37.33,37.84,36.54,37.5,29102181.0,1117850162.0,1207032776.0,0.024110514294766756
2023-12-04,37.17,38.09,37.05,37.65,21813114.0,850183308.0,1207032776.0,0.018071683249800997
2023-12-05,37.34,39.46,37.14,38.34,44891646.0,1795215059.0,1207032776.0,0.03719173736836455
2023-12-06,38.1,41.85,38.01,40.94,80192023.0,3380978413.0,1207032776.0,0.06643732017431149
2023-12-07,40.62,41.35,40.0,40.88,40176943.0,1685131628.0,1207032776.0,0.03328571004769468
2023-12-08,41.34,41.54,40.43,40.76,26286911.0,1109435803.0,1207032776.0,0.021778125269400306
2023-12-11,40.64,40.64,39.16,40.1,27685492.0,1136721515.0,1207032776.0,0.0229368187430231
2023-12-12,39.55,40.41,39.33,39.43,16721646.0,684785383.0,1207032776.0,0.013853514446736118
2023-12-13,39.44,39.44,38.37,38.46,18352239.0,733310560.0,1207032776.0,0.015204424738835758
2023-12-14,39.1,39.36,38.14,38.17,17211419.0,688570806.0,1207032776.0,0.014259280561574411
2023-12-15,38.54,40.0,38.53,38.75,33977601.0,1378462266.0,1207032776.0,0.028149692100821626
2023-12-18,38.32,39.32,37.69,37.81,19203411.0,760061545.0,1207032776.0,0.015909601944396577
2023-12-19,37.72,38.47,37.43,37.84,16373444.0,641928303.0,1207032776.0,0.013565036779084117
2023-12-20,38.08,38.11,37.33,37.33,12500799.0,485537879.0,1207032776.0,0.01035663591623961
2023-12-21,36.94,38.31,36.87,37.77,20357684.0,790700788.0,1207032776.0,0.0168658916350752
2023-12-22,37.72,39.54,36.95,38.56,35926161.0,1423360674.0,1207032776.0,0.029764031030753053
2023-12-25,38.67,38.92,38.08,38.6,16387502.0,653096039.0,1207032776.0,0.013576683521641172
2023-12-26,39.05,39.24,38.18,38.59,15249303.0,609034998.0,1207032776.0,0.012633710785000257
2023-12-27,38.43,38.54,37.53,37.89,16366119.0,640634264.0,1207032776.0,0.01355896817834216
2023-12-28,37.7,41.35,37.69,40.97,64439468.0,2675877073.0,1207032776.0,0.05338667622062982
2023-12-29,40.96,41.95,40.69,41.39,37309473.0,1602801311.0,1207032776.0,0.030910074475061312
2024-01-02,41.2,41.28,40.3,40.3,21264101.0,893959700.0,1208715121.0,0.01759231818197797
2024-01-03,40.15,40.8,40.07,40.38,15489848.0,646527220.0,1208715121.0,0.012815135453244652
2024-01-04,40.19,40.25,39.2,39.38,16087804.0,657625932.0,1208715121.0,0.013309839283461732
2024-01-05,40.15,42.22,39.02,40.6,50263129.0,2137063705.0,1208715121.0,0.041583933324517416
2024-01-08,40.28,42.34,40.19,41.26,47811283.0,2059516387.0,1208715121.0,0.03955546031429187
2024-01-09,41.26,42.07,40.08,41.85,42730259.0,1827148984.0,1208715121.0,0.035351803131781954
2024-01-10,41.78,42.92,40.98,41.46,47125658.0,2051871609.0,1208715121.0,0.03898822574587449
2024-01-11,41.1,44.12,40.93,43.05,62330173.0,2745690902.0,1208715121.0,0.05156729813095471
2024-01-12,42.72,43.11,41.91,42.05,41911418.0,1840519999.0,1208715121.0,0.03467435566233808
2024-01-15,41.62,42.03,40.91,41.0,26073654.0,1114330781.0,1208715121.0,0.021571380672749937
2024-01-16,40.85,41.49,40.58,41.14,24851168.0,1055338677.0,1208715121.0,0.020559987682986884
2024-01-17,41.14,41.14,39.65,39.74,25281362.0,1051045165.0,1208715121.0,0.020915897849514864
2024-01-18,39.47,40.86,39.29,40.81,29003487.0,1203246948.0,1208715121.0,0.02399530418383837
2024-01-19,40.82,41.95,40.14,40.15,28522211.0,1205688789.0,1208715121.0,0.023597132611696683
2024-01-22,39.75,40.1,38.37,38.6,34042712.0,1376812795.0,1208715121.0,0.028164380016885714
2024-01-23,38.6,39.55,38.13,38.83,20762772.0,836625584.0,1208715121.0,0.01717755626555118
2024-01-24,39.0,39.26,37.27,38.66,27013649.0,1065696929.0,1208715121.0,0.02234906185144018
2024-01-25,38.35,39.48,37.98,39.27,24850904.0,998643018.0,1208715121.0,0.02055976926923875
2024-01-26,38.76,39.53,38.5,38.5,20762009.0,833545459.0,1208715121.0,0.01717692501672609
2024-01-29,38.68,38.69,36.57,36.57,28703403.0,1103515525.0,1208715121.0,0.02374703724749713
2024-01-30,36.17,36.88,35.74,35.74,17325350.0,650988705.0,1208715121.0,0.014333691784765883
2024-01-31,34.81,35.29,32.79,32.91,38909872.0,1357445429.0,1208715121.0,0.0321911022076144
2024-02-01,32.7,34.21,32.57,33.5,24898814.0,861417418.0,1208715121.0,0.020599406400575674
2024-02-02,33.63,33.94,30.96,32.07,27398780.0,917497980.0,1208715121.0,0.02266769028034688
2024-02-05,31.79,32.18,29.79,30.58,28534646.0,915892473.0,1208715121.0,0.023607420395628523
2024-02-06,30.56,33.02,30.3,32.98,29221266.0,968791347.0,1208715121.0,0.024175478152225417
2024-02-07,33.15,33.82,32.45,32.78,29224677.0,1001711486.0,1208715121.0,0.024178300157130243
2024-02-08,32.94,33.99,32.8,33.72,26994396.0,936160217.0,1208715121.0,0.022333133366997895
2024-02-19,33.84,34.42,33.46,34.02,21305814.0,746452761.0,1208715121.0,0.01762682838150744
2024-02-20,33.76,34.31,33.25,34.27,19407481.0,678547257.0,1208715121.0,0.01605629040525588
2024-02-21,33.86,35.79,33.68,34.96,31433059.0,1138097882.0,1208715121.0,0.026005349361390175
2024-02-22,34.5,35.09,34.41,34.9,16995992.0,610183166.0,1208715121.0,0.014061205742126229
2024-02-23,34.98,35.55,34.7,35.34,21242234.0,771006293.0,1208715121.0,0.01757422707049927
2024-02-26,35.35,36.07,35.23,35.54,25161465.0,927917076.0,1208715121.0,0.02081670408754653
2024-02-27,35.27,36.2,35.2,36.19,21484853.0,794787554.0,1208715121.0,0.0177749517870059
2024-02-28,36.75,38.36,36.17,36.2,52408484.0,2030356404.0,1208715121.0,0.04335883872838553
2024-02-29,36.21,39.04,36.21,38.73,52499513.0,2053564548.0,1208715121.0,0.04343414927792568
2024-03-01,38.66,39.28,38.35,38.84,31472983.0,1262946915.0,1208715121.0,0.02603837947684614
2024-03-04,39.1,39.99,38.4,38.7,36172906.0,1460944392.0,1208715121.0,0.029926742349407575
2024-03-05,38.2,38.27,37.23,37.42,28993791.0,1127935469.0,1208715121.0,0.023987282442543383
2024-03-06,37.01,37.72,36.7,37.22,21500253.0,826610872.0,1208715121.0,0.017787692588980195
2024-03-07,37.51,37.81,36.55,36.58,22164733.0,852042443.0,1208715121.0,0.018337433374427024
2024-03-08,36.57,37.23,36.17,36.52,19118617.0,722822801.0,1208715121.0,0.0158173060532102
2024-03-11,36.99,39.34,36.99,39.15,50051722.0,1986250248.0,1208715121.0,0.04140903106977843
2024-03-12,40.02,40.23,38.76,39.21,36894476.0,1502584004.0,1208715121.0,0.03052371510788769
2024-03-13,39.26,39.54,38.61,38.84,21453541.0,862852668.0,1208715121.0,0.0177490465927579
2024-03-14,38.69,39.34,37.84,38.11,26219654.0,1045179983.0,1208715121.0,0.021692170094064704
2024-03-15,38.01,38.61,37.27,38.29,25978411.0,1017448135.0,1208715121.0,0.021492583776487727
2024-03-18,38.67,39.02,38.25,38.69,24636147.0,983331540.0,1208715121.0,0.02038209547640796
2024-03-19,38.55,38.91,38.2,38.2,18222282.0,725699537.0,1208715121.0,0.015075745875441894
2024-03-20,38.2,38.54,37.92,38.29,14165211.0,558952735.0,1208715121.0,0.011719230407476635
2024-03-21,38.41,38.54,37.77,37.92,13352321.0,526201018.0,1208715121.0,0.011046706347938539
2024-03-22,37.72,37.91,36.33,36.34,27009909.0,1026138612.0,1208715121.0,0.022345967656674993
2024-03-25,36.26,36.29,35.37,35.38,17380796.0,643323667.0,1208715121.0,0.014379563635822174
2024-03-26,35.48,36.25,34.97,35.91,20726166.0,764381997.0,1208715121.0,0.01714727121379331
2024-03-27,35.78,35.78,34.56,34.58,16160544.0,587211641.0,1208715121.0,0.0133700188896702
2024-03-28,34.58,35.31,34.58,34.75,14416248.0,520250412.0,1208715121.0,0.011926919544179343
2024-03-29,34.59,35.64,34.52,35.16,14364283.0,522604066.0,1208715121.0,0.011883927610764124
2024-04-01,35.24,38.13,35.24,38.07,51821060.0,2006937224.0,1208715121.0,0.042872848282999185
2024-04-02,38.07,38.59,37.6,38.31,37419322.0,1475812329.0,1208715121.0,0.030957933221719
2024-04-03,38.26,38.97,37.74,38.58,37978138.0,1511687025.0,1208715121.0,0.03142025555912608
2024-04-08,37.72,39.15,37.5,37.82,34290482.0,1358101117.0,1208715121.0,0.028369366283455304
2024-04-09,37.82,40.19,37.72,40.08,62958379.0,2568245031.0,1208715121.0,0.052087028536478445
2024-04-10,40.33,40.42,38.88,39.06,35276379.0,1433972016.0,1208715121.0,0.02918502332527699
2024-04-11,38.59,39.08,37.92,38.42,27824255.0,1106242771.0,1208715121.0,0.023019696301127022
2024-04-12,38.11,38.55,37.26,37.33,26603644.0,1040066353.0,1208715121.0,0.02200985454537058
2024-04-15,37.09,38.38,36.66,37.49,24851682.0,961119640.0,1208715121.0,0.020560412927935895
2024-04-16,37.17,37.23,35.39,35.44,26876854.0,1003731750.0,1208715121.0,0.022235887954941864
2024-04-17,35.78,36.62,35.59,36.34,23469424.0,876342756.0,1208715121.0,0.019416836599663916
2024-04-18,36.17,37.1,35.55,36.55,24687629.0,933085503.0,1208715121.0,0.020424687811943076
2024-04-19,36.17,36.27,35.31,35.68,20696581.0,763957496.0,1208715121.0,0.017122794809481
2024-04-22,35.37,36.49,34.91,35.2,17218872.0,630072134.0,1208715121.0,0.014245599894336061
2024-04-23,35.21,35.3,34.33,34.58,19125145.0,685794381.0,1208715121.0,0.015822706829527616
2024-04-24,32.69,33.25,31.91,32.26,44311233.0,1480101949.0,1208715121.0,0.03665978213571137
2024-04-25,32.1,33.58,32.04,32.91,29654659.0,1008182784.0,1208715121.0,0.024534034930799878
2024-04-26,32.65,33.34,32.59,33.17,21381862.0,730548697.0,1208715121.0,0.01768974477816597
2024-04-29,33.22,35.59,33.2,35.38,37620391.0,1353137779.0,1208715121.0,0.031124282592639132
2024-04-30,35.29,35.76,34.1,34.1,27517996.0,983700000.0,1208715121.0,0.02276632063412401
2024-05-06,35.25,35.62,34.91,35.17,25073672.0,913720425.0,1208715121.0,0.02074407076107059
2024-05-07,35.2,35.47,35.01,35.39,15606940.0,568725246.0,1208715121.0,0.012912008569139096
2024-05-08,35.52,35.52,34.6,34.65,13571166.0,489311140.0,1208715121.0,0.011227762244566146
2024-05-09,34.99,36.48,34.99,36.01,32324878.0,1201166145.0,1208715121.0,0.02674317334034576
2024-05-10,36.07,36.09,35.19,35.44,17578930.0,644241426.0,1208715121.0,0.014543484808443958
2024-05-13,34.81,34.84,34.14,34.41,15295640.0,546079123.0,1208715121.0,0.012654462357801512
2024-05-14,34.61,34.86,34.15,34.29,12349020.0,439269904.0,1208715121.0,0.010216650545236291
2024-05-15,34.19,34.6,33.77,33.8,11325850.0,398075663.0,1208715121.0,0.00937015662601279
2024-05-16,33.8,34.04,33.37,33.41,14967651.0,519352640.0,1208715121.0,0.012383108922817885
2024-05-17,33.49,34.0,32.78,34.0,16163344.0,559871030.0,1208715121.0,0.013372335399120071
2024-05-20,34.14,34.72,34.02,34.27,17417397.0,618334235.0,1208715121.0,0.014409844550956024
2024-05-21,34.23,34.24,33.45,33.7,12972763.0,452087776.0,1208715121.0,0.01073268860016189
2024-05-22,33.69,34.47,33.57,34.31,19821881.0,698372753.0,1208715121.0,0.016399133803836976
2024-05-23,33.97,33.98,33.03,33.12,20007882.0,689342210.0,1208715121.0,0.01655301704461758
2024-05-24,32.99,33.2,32.69,32.69,12740059.0,433149235.0,1208715121.0,0.01054016680908222
2024-05-27,32.74,32.9,32.11,32.78,11875674.0,398049590.0,1208715121.0,0.009825039658786564
2024-05-28,32.77,33.02,32.28,32.44,10093510.0,339927941.0,1208715121.0,0.008350611177635792
2024-05-29,32.37,33.35,32.21,32.9,15164925.0,517664688.0,1208715121.0,0.012546318596108635
2024-05-30,33.2,33.7,32.92,33.01,15543748.0,533213563.0,1208715121.0,0.012859728260154694
2024-05-31,33.07,33.15,32.52,32.52,11878573.0,402317046.0,1208715121.0,0.009827438073391984
2024-06-03,32.3,32.44,31.92,32.26,13270734.0,440904658.0,1208715121.0,0.010979207399193279
2024-06-04,32.26,32.46,31.83,32.41,10743313.0,358139965.0,1208715121.0,0.008888209316941275
2024-06-05,32.2,32.57,31.91,31.95,11735488.0,390841993.0,1208715121.0,0.009709060303879495
2024-06-06,32.11,33.16,31.91,31.96,18175161.0,608914472.0,1208715121.0,0.015036761503374954
2024-06-07,31.95,32.11,30.85,31.18,19231147.0,623190158.0,1208715121.0,0.01591040491335096
2024-06-11,30.88,31.09,30.48,30.89,11245354.0,358212059.0,1208715121.0,0.009303560288628176
2024-06-12,30.87,31.01,30.53,31.01,11495672.0,366369046.0,1208715121.0,0.00951065457879715
2024-06-13,31.02,31.25,30.57,30.64,10386400.0,330668759.0,1208715121.0,0.008592926339340468
2024-06-14,30.6,30.7,29.96,30.51,16563304.0,517687092.0,1208715121.0,0.013703232227538253
2024-06-17,30.22,30.99,30.17,30.62,13172140.0,416963517.0,1208715121.0,0.010897638137514456
2024-06-18,30.62,30.99,30.29,30.8,12489647.0,396567607.0,1208715121.0,0.010332994750381715
2024-06-19,30.84,30.85,29.98,29.99,12833689.0,402366111.0,1208715121.0,0.010617629230436342
2024-06-20,29.95,30.02,28.87,28.9,18101765.0,547964218.0,1208715121.0,0.014976039172095374
2024-06-21,28.73,28.9,27.98,28.29,17128430.0,502490875.0,1208715121.0,0.01417077498445558
2024-06-24,27.87,28.14,27.53,27.62,15130087.0,434358352.0,1208715121.0,0.012517496254603404
2024-06-25,27.46,27.66,26.98,27.15,13074154.0,368780717.0,1208715121.0,0.010816571889316175
2024-06-26,27.27,29.21,26.86,29.21,30338023.0,888406431.0,1208715121.0,0.02509939891783649
2024-06-27,28.97,29.02,28.24,28.28,16926036.0,501634638.0,1208715121.0,0.014003329408170779
2024-06-28,28.29,28.5,27.61,27.71,14338120.0,415970738.0,1208715121.0,0.011862282311929479
2024-07-01,27.32,27.92,27.15,27.88,11332473.0,321771911.0,1208721796.0,0.009375584222525263
2024-07-02,27.98,28.33,27.57,27.57,11270558.0,325555715.0,1208721796.0,0.009324360690191442
2024-07-03,27.66,28.82,27.56,28.5,20014257.0,585041249.0,1208721796.0,0.01655819979935234
2024-07-04,28.48,28.72,28.0,28.05,13089292.0,383626172.0,1208721796.0,0.01082903612999794
2024-07-05,27.95,28.11,27.46,27.96,10625550.0,306125817.0,1208721796.0,0.008790732520223372
2024-07-08,27.46,27.51,26.6,26.7,17186040.0,479371100.0,1208721796.0,0.014218358647021536
2024-07-09,26.45,26.81,26.13,26.33,17918463.0,490271169.0,1208721796.0,0.014824307015309254
2024-07-10,25.9,28.24,25.74,26.9,32049877.0,905483543.0,1208721796.0,0.026515511762973124
2024-07-11,27.16,28.71,27.13,28.23,36824208.0,1074035494.0,1208721796.0,0.030465412406611388
2024-07-12,28.06,28.41,27.82,27.92,18151620.0,525866869.0,1208721796.0,0.015017202519280128
2024-07-15,27.75,28.0,27.53,27.64,10493101.0,300242870.0,1208721796.0,0.008681154782452521
2024-07-16,27.63,28.38,27.57,27.85,18135853.0,525296526.0,1208721796.0,0.015004158161139008
2024-07-17,27.95,28.18,27.7,27.76,15092158.0,435928198.0,1208721796.0,0.012486047699267267
2024-07-18,27.57,27.87,27.22,27.77,14887835.0,423826030.0,1208721796.0,0.012317007146944838
2024-07-19,27.77,28.26,27.07,27.97,21050560.0,601272139.0,1208721796.0,0.01741555424057233
2024-07-22,27.8,28.43,27.77,28.06,18697550.0,542851553.0,1208721796.0,0.015468861455030798
2024-07-23,28.14,28.23,27.0,27.0,15816293.0,450325901.0,1208721796.0,0.013085139237449476
2024-07-24,27.11,27.15,26.43,26.54,12044777.0,323098573.0,1208721796.0,0.009964887735010282
2024-07-25,26.23,27.73,26.18,27.17,20108944.0,550212259.0,1208721796.0,0.016636536270419004
2024-07-26,27.18,28.51,27.18,27.88,20451253.0,575210627.0,1208721796.0,0.01691973543265203
2024-07-29,27.83,27.83,26.73,26.73,18376530.0,498431699.0,1208721796.0,0.015203275113275115
2024-07-30,26.63,26.65,26.19,26.55,11913089.0,315690589.0,1208721796.0,0.009855939587938067
2024-07-31,26.64,28.01,26.38,28.01,26836036.0,740211064.0,1208721796.0,0.022201995602965034
2024-08-01,27.98,28.09,27.28,27.38,16311872.0,451391975.0,1208721796.0,0.01349514177206084
2024-08-02,27.08,27.63,27.05,27.1,11371611.0,311632305.0,1208721796.0,0.00940796388187245
2024-08-05,26.98,28.3,26.88,26.88,22471319.0,622178913.0,1208721796.0,0.018590976909958857
2024-08-06,27.27,28.1,27.21,27.76,23674192.0,659906384.0,1208721796.0,0.0195861380826792
2024-08-07,27.55,27.64,27.13,27.18,15769475.0,432486991.0,1208721796.0,0.013046405758699498
2024-08-08,27.18,27.43,26.86,27.19,11951546.0,325840696.0,1208721796.0,0.009887755842205397
2024-08-09,27.3,27.46,26.78,26.78,12234256.0,332127360.0,1208721796.0,0.010121647545768258
2024-08-12,26.9,26.98,26.44,26.5,8406917.0,224359535.0,1208721796.0,0.0069552125458652685
2024-08-13,26.49,27.2,26.12,27.04,13454605.0,360635444.0,1208721796.0,0.011131266966910887
2024-08-14,26.86,27.43,26.46,26.47,10807256.0,290122417.0,1208721796.0,0.008941061570796726
2024-08-15,26.25,26.71,25.86,26.45,14473087.0,382196978.0,1208721796.0,0.011973877734227603
2024-08-16,26.43,26.82,26.2,26.23,11697466.0,310432490.0,1208721796.0,0.009677550316963093
2024-08-19,26.16,26.74,25.94,26.42,10653473.0,282857123.0,1208721796.0,0.00881383378313797
2024-08-20,26.58,27.44,26.49,26.85,29041339.0,789178603.0,1208721796.0,0.024026487398594077
2024-08-21,26.49,27.74,26.18,27.28,30327179.0,826462871.0,1208721796.0,0.025090288849229953
2024-08-22,27.35,27.42,26.38,26.38,17964051.0,482710194.0,1208721796.0,0.014862022890170502
2024-08-23,26.19,26.36,25.3,25.41,20006218.0,515133752.0,1208721796.0,0.01655154897198528
2024-08-26,25.42,26.83,25.42,26.27,24500024.0,650347060.0,1208721796.0,0.020269365606773587
2024-08-27,26.27,26.35,25.59,25.92,14216830.0,369827938.0,1208721796.0,0.011761871132834275
2024-08-28,25.77,25.88,25.35,25.86,11029066.0,283991656.0,1208721796.0,0.009124569472064024
2024-08-29,25.66,26.54,25.23,26.27,19204360.0,500302986.0,1208721796.0,0.015888155623198508
2024-08-30,26.18,27.72,26.09,27.21,38295756.0,1048624287.0,1208721796.0,0.03168285384340004
2024-09-02,27.07,27.46,25.98,25.98,22297772.0,595120348.0,1208721796.0,0.01844739796518073
2024-09-03,25.98,27.15,25.61,26.48,25131945.0,667867648.0,1208721796.0,0.02079216663682964
2024-09-04,26.36,26.85,26.19,26.23,17809647.0,473534638.0,1208721796.0,0.014734281336645972
2024-09-05,26.23,27.24,26.16,26.58,20081457.0,540869372.0,1208721796.0,0.016613795719126752
2024-09-06,26.5,26.66,26.07,26.1,11164960.0,294285055.0,1208721796.0,0.00923699732804355
2024-09-09,25.9,26.29,25.4,25.59,17303853.0,446400561.0,1208721796.0,0.014315827725836757
2024-09-10,25.76,25.78,24.79,25.2,19384002.0,488714490.0,1208721796.0,0.016036777084807365
2024-09-11,25.88,27.72,25.56,27.72,74137651.0,2010100895.0,1208721796.0,0.06133557882826496
2024-09-12,27.64,28.06,26.88,26.94,50273155.0,1385271565.0,1208721796.0,0.04159199839563413
2024-09-13,26.8,27.18,25.41,25.47,42754955.0,1110969563.0,1208721796.0,0.03537203940682476
2024-09-18,25.39,25.58,24.88,25.29,21472322.0,541252986.0,1208721796.0,0.017764486477416016
2024-09-19,25.42,25.96,24.96,25.65,23351859.0,597642485.0,1208721796.0,0.019319465469455305
2024-09-20,25.61,25.61,25.14,25.38,15479938.0,393392401.0,1208721796.0,0.01280686593989408
2024-09-23,25.35,25.74,25.15,25.47,13421234.0,343211922.0,1208721796.0,0.011103658463357436
2024-09-24,25.79,27.43,25.61,27.39,55189479.0,1480459987.0,1208721796.0,0.045659372721363584
2024-09-25,27.68,28.22,27.33,27.39,46552026.0,1299862301.0,1208721796.0,0.03851343307786269
2024-09-26,27.24,28.41,27.13,28.4,35561870.0,993883083.0,1208721796.0,0.029421054636132333
2024-09-27,29.13,31.24,29.1,31.2,75393918.0,2317919818.0,1208721796.0,0.06237491393759892
2024-09-30,33.27,34.32,32.24,34.32,97072993.0,3264747136.0,1208721796.0,0.08031045135550778
2024-10-08,37.75,37.75,35.1,37.75,102914664.0,3839451286.0,1208721796.0,0.08514338397849161
2024-10-09,36.84,37.64,33.98,33.98,82035670.0,2929618239.0,1208721796.0,0.06786976976131238
2024-10-10,33.85,34.76,33.21,33.39,49128759.0,1679187972.0,1208721796.0,0.040645216428280576
2024-10-11,32.98,33.15,31.01,31.46,40695583.0,1299508733.0,1208721796.0,0.03366827928037131
2024-10-14,31.47,31.95,30.68,31.82,33918066.0,1070425108.0,1208721796.0,0.028061102324988603
2024-10-15,31.66,31.79,30.68,30.71,27983931.0,878065901.0,1208721796.0,0.023151672363819938
2024-10-16,29.97,30.65,29.94,30.16,24081913.0,731226102.0,1208721796.0,0.019923453916106927
2024-10-17,30.76,30.83,29.76,29.83,23424619.0,711899020.0,1208721796.0,0.019379661289734864
2024-10-18,29.67,31.55,29.54,30.82,47830378.0,1461652756.0,1208721796.0,0.03957103955458085
2024-10-21,31.0,32.08,30.8,31.48,46773624.0,1478908612.0,1208721796.0,0.03869676558724022
2024-10-22,31.53,32.35,31.12,32.33,34657768.0,1101780654.0,1208721796.0,0.02867307275726498
2024-10-23,32.36,33.51,31.66,33.0,55123896.0,1809411757.0,1208721796.0,0.04560511457840875
2024-10-24,32.73,32.85,31.68,31.83,31629166.0,1020389935.0,1208721796.0,0.026167449039696145
2024-10-25,31.88,34.34,31.88,33.75,65872493.0,2221223129.0,1208721796.0,0.054497646371555956
2024-10-28,33.75,34.15,33.18,34.11,41219077.0,1393015934.0,1208721796.0,0.03410137645933539
2024-10-29,34.33,34.94,33.1,33.16,36197450.0,1227659096.0,1208721796.0,0.02994688283092729
2024-10-30,32.79,33.08,32.17,32.39,28032515.0,916502219.0,1208721796.0,0.02319186689010446
2024-10-31,32.75,33.91,32.68,33.83,46743949.0,1570768186.0,1208721796.0,0.03867221485927437
2024-11-01,33.54,35.32,33.2,33.97,61170260.0,2106097195.0,1208721796.0,0.05060739386220185
2024-11-04,34.0,34.53,33.36,34.46,36141385.0,1238863182.0,1208721796.0,0.02990049912196669
2024-11-05,34.4,36.04,34.21,35.91,56808697.0,2016535708.0,1208721796.0,0.046998984537216036
2024-11-06,35.94,37.71,35.5,35.89,71396465.0,2634390190.0,1208721796.0,0.05906774018328367
2024-11-07,35.31,35.98,35.11,35.97,42585561.0,1522444078.0,1208721796.0,0.0352318963229815
2024-11-08,36.69,37.72,35.74,35.84,49872988.0,1840182903.0,1208721796.0,0.04126093213925961
2024-11-11,35.84,39.43,35.75,39.43,100302203.0,3841686837.0,1208721796.0,0.08298204213072699
2024-11-12,40.32,43.37,40.21,41.76,152330281.0,6444745402.0,1208721796.0,0.12602592383466873
2024-11-13,43.02,44.54,41.0,44.28,136601615.0,5906011902.0,1208721796.0,0.11301328018742868
2024-11-14,43.69,45.1,41.23,41.43,107443094.0,4616452130.0,1208721796.0,0.0888898457490875
2024-11-15,40.82,40.97,38.62,38.76,76448290.0,3054909539.0,1208721796.0,0.06324721722814039
2024-11-18,38.7,39.38,37.28,37.66,52723392.0,2025770801.0,1208721796.0,0.043619129045638555
2024-11-19,38.28,41.43,37.82,41.43,56094964.0,2213480056.0,1208721796.0,0.04640849878411558
2024-11-20,42.81,44.45,42.39,43.17,130976451.0,5687074585.0,1208721796.0,0.10835946818650732
2024-11-21,42.59,43.41,41.92,42.6,73205736.0,3124473523.0,1208721796.0,0.06056458669170883
2024-11-22,41.93,43.69,40.82,40.9,73907614.0,3141842059.0,1208721796.0,0.06114526456342647
2024-11-25,40.9,42.81,40.9,42.48,75482922.0,3196683970.0,1208721796.0,0.062448548747771566
2024-11-26,42.16,42.16,39.87,39.87,59899967.0,2435800167.0,1208721796.0,0.04955645475925546
2024-11-27,39.37,41.01,38.87,40.96,47529404.0,1913731345.0,1208721796.0,0.03932203767425073
2024-11-28,40.52,41.66,40.33,40.81,40352843.0,1661781589.0,1208721796.0,0.03338472354311711
2024-11-29,40.64,42.8,40.47,41.86,52286393.0,2193655230.0,1208721796.0,0.04325759093037816
2024-12-02,41.71,42.51,41.46,41.88,36759317.0,1546941138.0,1208721796.0,0.030411726769258986
2024-12-03,42.12,42.41,40.89,41.23,30518399.0,1271959823.0,1208721796.0,0.025248489024516606
2024-12-04,41.03,41.51,39.7,39.91,35520745.0,1441733826.0,1208721796.0,0.02938703109147872
2024-12-05,39.52,39.91,39.22,39.69,28009861.0,1112964940.0,1208721796.0,0.0231731247775067
2024-12-06,39.62,40.78,38.74,40.11,36586533.0,1460544354.0,1208721796.0,0.03026877906981997
2024-12-09,39.82,40.01,38.98,39.36,23430416.0,929016125.0,1208721796.0,0.01938445726513564
2024-12-10,40.8,41.03,38.61,38.78,40389951.0,1605940423.0,1208721796.0,0.03341542374238778
2024-12-11,38.51,39.0,38.43,38.67,19889233.0,773240424.0,1208721796.0,0.016454764914324422
2024-12-12,38.45,39.82,38.28,39.44,30497197.0,1199017906.0,1208721796.0,0.025230948180899684
2024-12-13,39.03,39.09,38.01,38.05,27573745.0,1064262028.0,1208721796.0,0.022812317186013578
2024-12-16,38.05,38.24,36.87,37.12,26846511.0,1007351423.0,1208721796.0,0.022210661782423917
2024-12-17,37.12,37.49,36.72,36.82,23057164.0,859207928.0,1208721796.0,0.01907565833287911
2024-12-18,36.99,37.13,36.38,36.52,20361884.0,750687643.0,1208721796.0,0.016845798650593706
2024-12-19,36.02,36.44,35.75,36.27,22363247.0,810040602.0,1208721796.0,0.01850156675755022
2024-12-20,36.44,37.46,36.19,36.94,27102720.0,1002597868.0,1208721796.0,0.02242262867244598
2024-12-23,36.96,37.28,36.25,36.34,18383169.0,678193770.0,1208721796.0,0.015208767692313541
2024-12-24,36.53,37.38,36.44,37.07,24664705.0,916106007.0,1208721796.0,0.020405609530350522
2024-12-25,36.9,37.05,35.79,36.01,18983198.0,690419764.0,1208721796.0,0.01570518382544332
2024-12-26,35.87,36.29,35.82,35.86,15093848.0,546142866.0,1208721796.0,0.012487445870463975
2024-12-27,35.86,36.48,35.62,35.8,18927080.0,684861430.0,1208721796.0,0.015658756268510276
2024-12-30,35.58,36.34,35.44,36.22,19788651.0,713236424.0,1208721796.0,0.016371551390473974
2024-12-31,36.14,36.27,34.75,34.86,22705431.0,804392383.0,1208721796.0,0.018784662504753906
2025-01-02,34.87,35.09,33.6,33.92,23461498.0,807135725.0,1208721796.0,0.019410172032671775
2025-01-03,33.9,34.35,32.82,32.9,23231696.0,781066881.0,1208721796.0,0.01922005218808845
2025-01-06,33.51,34.44,33.33,33.7,29023360.0,987188585.0,1208721796.0,0.024011613008093718
2025-01-07,33.46,34.84,33.32,34.6,24475965.0,842488559.0,1208721796.0,0.02024946110924602
2025-01-08,34.26,34.51,33.23,33.84,20062944.0,680720362.0,1208721796.0,0.01659847953962104
2025-01-09,33.81,34.11,33.6,33.98,14586379.0,496737778.0,1208721796.0,0.012067606498261574
2025-01-10,33.9,34.23,32.99,32.99,14291148.0,481605783.0,1208721796.0,0.011823355918039555
2025-01-13,32.95,34.55,32.78,34.19,28002600.0,957019586.0,1208721796.0,0.023167117605282266
2025-01-14,34.19,34.95,33.95,34.85,29483887.0,1023452693.0,1208721796.0,0.024392616313837035
2025-01-15,34.65,35.39,34.07,34.72,29468947.0,1029484253.0,1208721796.0,0.024380256149530044
2025-01-16,34.85,35.6,34.5,34.91,23481146.0,826682070.0,1208721796.0,0.019426427220643912
2025-01-17,34.98,36.23,34.98,35.38,28375242.0,1014486559.0,1208721796.0,0.02347541187219561
2025-01-20,35.39,35.75,35.15,35.32,21499432.0,765117606.0,1208721796.0,0.01778691512897977
2025-01-21,35.62,35.62,34.35,34.48,20307569.0,708173861.0,1208721796.0,0.016800862752043896
2025-01-22,34.26,34.26,33.37,33.64,18156333.0,616535711.0,1208721796.0,0.015021101679546449
2025-01-23,34.05,34.48,33.44,33.45,18007800.0,613793610.0,1208721796.0,0.014898217323120067
2025-01-24,33.4,33.61,33.09,33.45,18583943.0,622769729.0,1208721796.0,0.015374872085122886
2025-01-27,33.38,34.19,32.92,32.93,21062028.0,708984630.0,1208721796.0,0.017425041949024306
2025-02-05,32.8,33.25,32.54,32.85,18491728.0,611883326.0,1208721796.0,0.015298580749676495
2025-02-06,32.8,34.78,32.32,34.51,35732068.0,1211790459.0,1208721796.0,0.02956186288544432
2025-02-07,34.33,35.36,34.25,34.94,32235478.0,1131127929.0,1208721796.0,0.026669063225860785
2025-02-10,34.94,35.82,34.75,35.72,33764687.0,1199820821.0,1208721796.0,0.02793420877470468
2025-02-11,35.62,35.62,34.28,34.35,29447748.0,1022099900.0,1208721796.0,0.024362717787873828
2025-02-12,34.21,37.23,34.1,36.06,46511712.0,1661018336.0,1208721796.0,0.03848008048991945
2025-02-13,35.9,36.9,35.51,35.57,32804931.0,1187322648.0,1208721796.0,0.027140183215493205
2025-02-14,36.12,36.77,35.72,35.85,27215089.0,987352374.0,1208721796.0,0.022515593819903285
2025-02-17,35.86,35.94,35.02,35.25,26521245.0,941454447.0,1208721796.0,0.021941562638951535
2025-02-18,35.64,36.21,35.04,35.22,34984001.0,1253274102.0,1208721796.0,0.028942971919404356
2025-02-19,35.14,35.59,34.73,35.53,24462463.0,866912954.0,1208721796.0,0.020238290631436583
2025-02-20,35.36,35.88,34.96,35.21,20355633.0,720987591.0,1208721796.0,0.016840627071806356
2025-02-21,35.21,35.87,35.14,35.65,32697366.0,1169141816.0,1208721796.0,0.02705119251444358
2025-02-24,35.65,35.94,35.02,35.34,28756598.0,1025186228.0,1208721796.0,0.023790915407634464
2025-02-25,34.99,36.3,34.87,35.33,34214471.0,1227770317.0,1208721796.0,0.028306324179166203
2025-02-26,35.2,35.93,35.19,35.75,27824903.0,994747161.0,1208721796.0,0.02302010528152998
2025-02-27,35.75,37.16,35.54,36.73,56757902.0,2079244064.0,1208721796.0,0.04695696080589251
2025-02-28,36.84,37.35,35.93,36.22,56735289.0,2098106375.0,1208721796.0,0.046938252613424374
2025-03-03,36.69,38.71,36.66,38.43,79663684.0,3046955678.0,1208721796.0,0.06590737774699647
2025-03-04,37.83,37.83,36.84,37.44,47898626.0,1790800773.0,1208721796.0,0.03962750250596126
2025-03-05,37.43,37.82,36.46,36.78,32754208.0,1212512689.0,1208721796.0,0.027098219051226575
2025-03-06,37.09,37.48,36.65,37.33,36620149.0,1363270753.0,1208721796.0,0.03029659026683093
2025-03-07,37.43,38.09,36.58,36.75,38161141.0,1431099892.0,1208721796.0,0.03157148413000075
2025-03-10,36.75,37.09,36.2,36.45,25836650.0,947303709.0,1208721796.0,0.021375183342850882
2025-03-11,35.9,36.33,35.69,36.33,21150523.0,764476748.0,1208721796.0,0.01749825565319747
2025-03-12,36.36,36.58,35.96,36.04,18268825.0,663300680.0,1208721796.0,0.015114168587392628
2025-03-13,35.99,36.39,35.74,35.94,20613277.0,745340489.0,1208721796.0,0.017053781166365266
2025-03-14,36.14,36.64,36.03,36.57,26332709.0,962668692.0,1208721796.0,0.021785582991174918
2025-03-17,36.72,37.31,36.35,36.99,27492363.0,1021003223.0,1208721796.0,0.022744988210670107
2025-03-18,37.17,37.28,36.55,36.76,22513016.0,833839288.0,1208721796.0,0.018625473681786738
2025-03-19,36.54,36.63,36.06,36.25,19324278.0,703890935.0,1208721796.0,0.015987366211107853
2025-03-20,35.85,36.05,35.59,35.63,20378203.0,732279346.0,1208721796.0,0.0168592996895044
2025-03-21,35.57,35.75,34.5,34.6,24475109.0,859942216.0,1208721796.0,0.02024875292312508
2025-03-24,34.62,34.73,34.08,34.65,16233721.0,560909003.0,1208721796.0,0.013430485868395807
2025-03-25,34.66,34.96,34.4,34.75,12570862.0,438199430.0,1208721796.0,0.010400128500702571
2025-03-26,34.75,34.91,34.57,34.71,10539300.0,367929589.0,1208721796.0,0.008719376149977195
2025-03-27,34.45,34.79,34.05,34.41,12345962.0,426738036.0,1208721796.0,0.010214064179909933
2025-03-28,34.41,34.59,33.73,33.77,13660370.0,466863100.0,1208721796.0,0.01130150051501181
2025-03-31,33.65,34.02,33.16,33.68,14801495.0,499287663.0,1208721796.0,0.012245576317877534
2025-04-01,33.68,34.05,33.57,33.85,11561194.0,393154745.0,1208721796.0,0.009564809733934839
2025-04-02,33.85,34.0,33.61,33.79,9896693.0,335800880.0,1208721796.0,0.00818773437589273
2025-04-03,33.52,33.91,33.36,33.55,9461022.0,319647740.0,1208721796.0,0.007827294941904067
2025-04-07,30.43,31.75,30.2,30.2,25912136.0,796296824.0,1208721796.0,0.021437634438090335
2025-04-08,29.41,30.44,28.76,29.37,28689650.0,848563336.0,1208721796.0,0.023735527972559203
2025-04-09,28.62,29.9,27.88,29.78,25347838.0,738166272.0,1208721796.0,0.02097077928426799
2025-04-10,30.97,31.21,30.52,30.68,21764225.0,673776070.0,1208721796.0,0.018005983735896826
2025-04-11,30.32,30.93,30.24,30.66,17052944.0,524628762.0,1208721796.0,0.014108245633058809
2025-04-14,31.11,31.34,30.91,31.06,14696754.0,459695836.0,1208721796.0,0.012158921969170811
2025-04-15,31.13,31.35,30.91,30.96,10007924.0,312308876.0,1208721796.0,0.008279758032922904
2025-04-16,30.94,31.01,30.13,30.53,13161773.0,403075759.0,1208721796.0,0.010889001127932006
2025-04-17,30.27,30.65,30.21,30.31,8292514.0,253733363.0,1208721796.0,0.006860564629050505
2025-04-18,30.31,30.59,29.87,30.53,9018076.0,274255116.0,1208721796.0,0.007460836753207684
2025-04-21,30.4,30.76,30.24,30.75,9149855.0,280957066.0,1208721796.0,0.00756986018642126
2025-04-22,30.57,30.71,30.23,30.24,12627722.0,385149950.0,1208721796.0,0.010447169929249791
2025-04-23,30.32,30.54,29.83,30.21,14274817.0,432112250.0,1208721796.0,0.011809844951286045
2025-04-24,30.84,31.57,30.5,30.59,34730170.0,1083399468.0,1208721796.0,0.0287329723969005
2025-04-25,30.38,30.57,30.07,30.18,18226916.0,554574538.0,1208721796.0,0.015079496423674982
2025-04-28,30.15,30.15,29.7,29.84,12460428.0,374005947.0,1208721796.0,0.010308764217899485
2025-04-29,29.77,30.15,29.68,30.05,9507730.0,286555961.0,1208721796.0,0.007865937415428223
2025-04-30,29.73,30.09,29.6,29.82,15030007.0,450449338.0,1208721796.0,0.01243462891935805
2025-05-06,29.83,30.58,29.83,30.58,17163545.0,522825611.0,1208721796.0,0.014199748078341097
2025-05-07,30.88,31.1,30.27,30.48,14740871.0,452866069.0,1208721796.0,0.012195420855966761
2025-05-08,30.36,31.16,30.25,30.84,15905293.0,491504016.0,1208721796.0,0.013158770738341182
2025-05-09,30.86,30.92,30.4,30.53,10102239.0,310193451.0,1208721796.0,0.008357786740862246
2025-05-12,31.01,31.44,30.76,31.44,23118616.0,723048033.0,1208721796.0,0.019126498815944245
2025-05-13,31.47,32.06,31.31,31.59,21440179.0,681341363.0,1208721796.0,0.01773789392311082
2025-05-14,31.56,32.15,31.43,32.01,21068542.0,674187863.0,1208721796.0,0.01743043111303339
2025-05-15,31.86,31.86,31.04,31.05,16364183.0,515754474.0,1208721796.0,0.013538419720860234
2025-05-16,30.86,31.17,30.78,30.84,10992226.0,341625943.0,1208721796.0,0.009094090994616267
2025-05-19,30.64,30.75,30.34,30.75,9945365.0,305171868.0,1208721796.0,0.008228001706357912
2025-05-20,30.79,31.01,30.54,30.91,9758179.0,301666096.0,1208721796.0,0.008073138940898191
2025-05-21,30.91,31.77,30.77,31.39,24648554.0,779413225.0,1208721796.0,0.020392247481239266
2025-05-22,31.17,32.01,31.09,31.26,16539817.0,522223020.0,1208721796.0,0.013683725282968257
2025-05-23,31.13,32.26,31.07,31.29,27678790.0,881642643.0,1208721796.0,0.02289922304007166
2025-05-26,30.86,31.26,30.38,30.45,17050076.0,524137613.0,1208721796.0,0.014105872878625579
2025-05-27,30.43,31.36,30.38,30.73,14722132.0,454285144.0,1208721796.0,0.012179917702087999
2025-05-28,30.56,30.66,29.97,30.03,13632769.0,413116715.0,1208721796.0,0.011278665649212798
2025-05-29,29.89,30.51,29.86,30.46,12422256.0,377601842.0,1208721796.0,0.010277183749899055
2025-05-30,30.42,30.42,30.0,30.05,9509433.0,287702199.0,1208721796.0,0.007867346341787982
2025-06-03,29.83,30.34,29.78,30.0,10783776.0,325067039.0,1208721796.0,0.008921636091685071
2025-06-04,30.15,31.08,30.06,31.08,26156734.0,809128662.0,1208721796.0,0.02163999531286685
2025-06-05,30.96,31.26,30.78,31.1,12111359.0,377343993.0,1208721796.0,0.010019972370879626
2025-06-06,31.13,31.36,30.97,31.05,10232914.0,320172244.0,1208721796.0,0.00846589681253667
2025-06-09,31.16,31.52,30.96,31.28,13288116.0,417489179.0,1208721796.0,0.010993527248349545
2025-06-10,31.29,31.62,30.76,31.01,14855884.0,465690582.0,1208721796.0,0.012290573438124714
2025-06-11,31.01,32.16,30.93,31.74,28837665.0,921292842.0,1208721796.0,0.02385798377710399
2025-06-12,31.59,31.86,31.39,31.76,15736668.0,500241942.0,1208721796.0,0.01301926386375844
2025-06-13,31.53,31.94,31.17,31.28,16844010.0,532436694.0,1208721796.0,0.013935390307134
2025-06-16,31.06,31.16,30.79,31.01,12040875.0,374571464.0,1208721796.0,0.009961659531454333
2025-06-17,31.06,31.6,30.9,31.13,14637694.0,460063497.0,1208721796.0,0.012110060436107168
2025-06-18,31.19,31.36,30.64,31.0,12126118.0,376175719.0,1208721796.0,0.010032182790224128
2025-06-19,30.91,31.96,30.78,30.98,23077675.0,725707097.0,1208721796.0,0.019092627498213825
2025-06-20,30.86,31.49,30.46,30.46,18696280.0,581024954.0,1208721796.0,0.015467810758332682
2025-06-23,30.27,31.39,30.15,31.38,24555222.0,767209986.0,1208721796.0,0.02031503202909067
2025-06-24,31.46,32.82,31.38,32.56,41298019.0,1332858021.0,1208721796.0,0.03416668677330611
2025-06-25,32.66,33.0,32.42,32.82,33884378.0,1114137830.0,1208721796.0,0.02803323156092074
2025-06-26,32.82,34.81,32.71,33.35,56403001.0,1910741001.0,1208721796.0,0.04666334402726366
2025-06-27,33.84,34.78,33.76,34.0,44529478.0,1530537770.0,1208721796.0,0.03684013819173324
2025-06-30,34.0,34.14,33.36,33.62,27445665.0,926111413.0,1207835807.0,0.022723009899970618
2025-07-01,33.41,33.49,32.76,33.41,24553355.0,816046171.0,1207835807.0,0.020328388062103544
2025-07-02,33.4,34.7,33.08,34.38,47883054.0,1634996442.0,1207835807.0,0.03964367815765541
2025-07-03,34.54,35.47,34.14,34.96,48024963.0,1678012599.0,1207835807.0,0.03976116846484582
2025-07-04,34.66,34.84,34.11,34.18,28827808.0,993009150.0,1207835807.0,0.023867323549218143
2025-07-07,34.05,34.44,33.77,34.09,16565451.0,566269773.0,1207835807.0,0.013714985848237897
2025-07-08,34.11,35.22,34.11,34.86,29774709.0,1039300989.0,1207835807.0,0.02465128855051405
2025-07-09,34.86,35.03,34.3,34.38,19528543.0,679352656.0,1207835807.0,0.01616821002227499
2025-07-10,34.2,34.64,34.04,34.48,17221839.0,594562532.0,1207835807.0,0.014258427263201678
2025-07-11,34.66,35.12,34.25,34.32,29710632.0,1035570771.0,1207835807.0,0.024598237465566376
2025-07-14,35.04,36.13,35.04,35.23,42560756.0,1521925738.0,1207835807.0,0.035237203395808915
2025-07-15,34.67,35.14,33.86,34.33,34074152.0,1177088962.0,1207835807.0,0.028210913935920432
2025-07-16,34.25,34.31,33.65,33.81,20237702.0,688673629.0,1207835807.0,0.01675534197836544
2025-07-17,33.98,35.18,33.74,34.96,34706498.0,1198638246.0,1207835807.0,0.028734450327485613
2025-07-18,35.13,36.3,35.13,35.95,47408603.0,1703487864.0,1207835807.0,0.03925086731594139
2025-07-21,36.1,36.35,35.78,36.18,28705034.0,1036092206.0,1207835807.0,0.02376567562713431
2025-07-22,36.17,37.04,35.87,36.78,41730510.0,1525369136.0,1207835807.0,0.034549820230656565
2025-07-23,37.15,37.94,36.4,36.48,58383308.0,2162478734.0,1207835807.0,0.048337123027517595
2025-07-24,36.04,39.98,36.02,39.4,97229151.0,3736610430.0,1207835807.0,0.08049864926715158
2025-07-25,39.69,40.33,39.01,39.43,76955259.0,3047384078.0,1207835807.0,0.06371334460694623
2025-07-28,38.3,39.07,37.71,38.28,55166878.0,2115790436.0,1207835807.0,0.045674153457184265
2025-07-29,37.96,38.6,37.8,38.12,32597142.0,1242996747.0,1207835807.0,0.02698805732623888
2025-07-30,38.4,38.62,37.01,37.36,37560270.0,1415386731.0,1207835807.0,0.03109716551067607
2025-07-31,36.94,37.04,35.8,36.0,43550828.0,1584238614.0,1207835807.0,0.03605691083804738
2025-08-01,36.1,36.58,35.81,36.18,26918816.0,973056471.0,1207835807.0,0.022286817333939165
2025-08-04,36.01,36.16,35.36,35.91,26685320.0,951863649.0,1207835807.0,0.022093499667210977
2025-08-05,36.09,36.18,35.73,35.9,18734751.0,672771654.0,1207835807.0,0.015511008111717623
2025-08-06,35.85,35.99,35.63,35.97,21447061.0,767708382.0,1207835807.0,0.0177566030711325
2025-08-07,36.13,36.52,35.16,36.46,50708754.0,1824818673.0,1207835807.0,0.04198315177122415
2025-08-08,36.43,37.29,36.0,36.83,47761865.0,1750987820.0,1207835807.0,0.03954334250002906
2025-08-11,39.0,40.51,38.08,40.51,101895333.0,4032601387.0,1207835807.0,0.0843619078102062
2025-08-12,40.0,41.04,38.66,39.45,102618303.0,4057321984.0,1207835807.0,0.08496047426750944
2025-08-13,39.36,39.66,38.69,38.93,54579310.0,2128731637.0,1207835807.0,0.04518768998541538
2025-08-14,38.88,39.15,37.77,37.92,43564555.0,1672179753.0,1207835807.0,0.036068275793383564
2025-08-15,37.75,38.93,37.71,38.76,37866102.0,1459944083.0,1207835807.0,0.03135037211229159
2025-08-18,39.78,40.31,39.1,39.34,48751388.0,1928637464.0,1207835807.0,0.04036259541028825
2025-08-19,39.01,39.57,38.77,38.95,30005836.0,1172447966.0,1207835807.0,0.02484264485793639
2025-08-20,38.13,38.93,37.96,38.59,37514844.0,1438095568.0,1207835807.0,0.03105955609411735
2025-08-21,38.37,38.85,38.03,38.17,28191837.0,1082350086.0,1207835807.0,0.023340785921906353
2025-08-22,38.0,38.65,37.95,38.3,30499862.0,1168334832.0,1207835807.0,0.025251662372682084
2025-08-25,38.59,39.7,38.59,39.26,54009328.0,2114830487.0,1207835807.0,0.044715786439671265
2025-08-26,39.03,39.58,38.52,39.11,43152908.0,1687569003.0,1207835807.0,0.03572746208541572
2025-08-27,39.39,40.15,38.0,38.21,59678156.0,2337538906.0,1207835807.0,0.04940916278035132
2025-08-28,38.0,38.57,37.2,38.39,48220688.0,1828697882.0,1207835807.0,0.03992321449698502
2025-08-29,38.39,40.5,38.39,39.92,73572329.0,2923473956.0,1207835807.0,0.06091252517404462
2025-09-01,40.38,40.88,39.74,40.67,66304212.0,2678826848.0,1207835807.0,0.054895054125514924
2025-09-02,40.71,41.18,39.5,39.9,51667170.0,2079170158.0,1207835807.0,0.04277665035310549
2025-09-03,40.04,41.48,39.62,40.03,61959420.0,2509646416.0,1207835807.0,0.05129788307393672
2025-09-04,40.01,41.75,39.33,40.55,86827310.0,3538655996.0,1207835807.0,0.07188668318722895
2025-09-05,40.55,44.61,40.02,44.61,134641164.0,5798096192.0,1207835807.0,0.1114730687893905
2025-09-08,46.48,48.83,45.2,48.65,173918718.0,8134827669.0,1207835807.0,0.14399202026637714
2025-09-09,47.5,51.03,47.31,48.9,157710535.0,7808075256.0,1207835807.0,0.13057282627819958
2025-09-10,46.45,48.48,46.45,47.05,118204634.0,5604421078.0,1207835807.0,0.0978648201311356
2025-09-11,46.58,47.99,45.97,47.25,86016864.0,4045608614.0,1207835807.0,0.07121569297870634
2025-09-12,47.51,47.79,46.28,46.57,79946436.0,3753508760.0,1207835807.0,0.06618982111365738
2025-09-15,47.0,50.14,47.0,48.66,105306811.0,5159122068.0,1207835807.0,0.08718636290603032
2025-09-16,48.68,49.4,47.42,48.3,69969280.0,3374888431.0,1207835807.0,0.05792946325526513
2025-09-17,47.9,51.15,47.2,49.95,95109176.0,4694753749.0,1207835807.0,0.07874346450800328
2025-09-18,49.64,50.11,47.2,48.02,98337930.0,4799032348.0,1207835807.0,0.08141663745194797
2025-09-19,48.75,52.82,48.6,52.82,152428249.0,7897773261.0,1207835807.0,0.1261994785355788
2025-09-22,53.0,53.35,51.0,52.54,127723341.0,6637676826.0,1207835807.0,0.10574561563730822
2025-09-23,52.5,54.88,51.6,53.14,120848727.0,6416766604.0,1207835807.0,0.10005393638739839
2025-09-24,52.6,57.13,51.82,54.92,121387723.0,6570541667.0,1207835807.0,0.10050018578394405
2025-09-25,55.5,58.88,55.21,55.73,127150917.0,7250522988.0,1207835807.0,0.10527169029357977
2025-09-26,55.51,56.41,54.2,54.25,92907262.0,5129179934.0,1207835807.0,0.07692044023000222
2025-09-29,55.0,58.98,55.0,58.5,118954227.0,6771784541.0,1207835807.0,0.09848542849168902
2025-09-30,58.51,61.0,57.51,60.88,112408334.0,6688861711.0,1207835807.0,0.0930659062668441
2025-10-09,63.2,66.97,62.7,66.97,129215908.0,8465988299.0,1207835807.0,0.10698135230892356
2025-10-10,67.0,69.3,62.78,63.93,156177117.0,10259701408.0,1207835807.0,0.12930326795651953
2025-10-13,59.2,70.0,59.2,69.75,137361187.0,8869140133.0,1207835807.0,0.11372504955054706
2025-10-14,69.75,72.74,67.66,68.52,129134871.0,8961909137.0,1207835807.0,0.10691425958031728
2025-10-15,68.54,70.95,62.8,66.18,126697880.0,8466700969.0,1207835807.0,0.10489660868283895
2025-10-16,65.01,67.07,63.8,64.96,82726923.0,5394963290.0,1207835807.0,0.06849186165914023
2025-10-17,65.0,66.3,60.75,60.96,100031873.0,6265262246.0,1207835807.0,0.0828190987717588
2025-10-20,62.0,62.9,60.0,60.69,81431816.0,4987979904.0,1207835807.0,0.06741960747318695
2025-10-21,61.33,62.0,60.15,61.59,64870774.0,3980839584.0,1207835807.0,0.053708271955544035
2025-10-22,60.51,61.8,59.11,60.78,60516076.0,3662497039.0,1207835807.0,0.050102899458088344
2025-10-23,60.51,64.43,60.03,64.16,101963065.0,6335143908.0,1207835807.0,0.08441798496871356
2025-10-24,64.48,66.46,63.89,64.3,94820758.0,6149954403.0,1207835807.0,0.07850467542895091
2025-10-27,65.0,66.3,64.5,65.53,78458946.0,5135176975.0,1207835807.0,0.0649582878279415
2025-10-28,65.15,66.19,63.8,64.68,71376526.0,4637925856.0,1211379763.0,0.05892167607558093
2025-10-29,65.57,69.66,65.01,68.7,110731629.0,7450933590.0,1211379763.0,0.09140950871242183
2025-10-30,69.17,75.0,68.2,72.37,146292107.0,10433551984.0,1211379763.0,0.12076485959919409
2025-10-31,72.0,75.0,69.0,69.02,133708230.0,9601818244.0,1211379763.0,0.110376806748752
2025-11-03,70.49,70.8,66.5,68.32,90797867.0,6170603121.0,1211379763.0,0.07495408935603953
2025-11-04,68.1,69.0,65.45,66.15,69475358.0,4644141253.0,1211379763.0,0.05735225246618223
2025-11-05,64.0,68.17,63.5,66.8,87380127.0,5742780449.0,1211379763.0,0.0721327280419493
2025-11-06,66.8,70.2,66.66,70.02,96036010.0,6653351727.0,1211379763.0,0.07927820237162077
2025-11-07,70.2,71.45,68.5,69.99,92824383.0,6509656718.0,1211379763.0,0.07662698836087457
2025-11-10,71.32,73.66,68.65,69.36,118750603.0,8492645437.0,1211379763.0,0.09802921150499688
2025-11-11,70.0,71.0,67.42,67.74,77136919.0,5322897070.0,1211379763.0,0.06367690905531496
2025-11-12,66.89,68.98,65.0,67.88,68203196.0,4579611810.0,1211379763.0,0.05630207642819934
2025-11-13,67.85,73.25,67.85,72.38,127714770.0,9117635654.0,1211379763.0,0.10542917580504438
2025-11-14,71.3,72.15,68.88,68.89,78220948.0,5473242041.0,1211379763.0,0.06457178036909306
2025-11-17,71.0,74.42,70.99,74.04,130003816.0,9519767195.0,1211379763.0,0.10731879462642138
2025-11-18,74.08,74.98,69.4,69.92,120388602.0,8631108360.0,1211379763.0,0.09938138780018567
2025-11-19,70.98,74.81,70.5,72.62,123102389.0,8971710588.0,1211379763.0,0.10162163242279622
2025-11-20,72.52,76.19,71.01,71.27,108013446.0,7968296135.0,1211379763.0,0.08916563517001729
2025-11-21,67.0,67.3,64.14,64.14,96372388.0,6264958112.0,1211379763.0,0.0795558840782781
2025-11-24,62.0,63.0,57.73,58.65,120357808.0,7144700412.0,1211379763.0,0.0993559672005186
2025-11-25,59.02,61.58,58.02,60.9,96106376.0,5734423214.0,1211379763.0,0.07933628985347348
2025-11-26,61.6,62.58,60.22,61.13,69817101.0,4280895524.0,1211379763.0,0.05763436300693757
2025-11-27,60.3,62.99,60.3,61.27,53673453.0,3321707157.0,1211379763.0,0.0443077015477598
2025-11-28,61.01,63.6,61.0,62.55,60857430.0,3813442488.0,1211379763.0,0.050238110177179836
2025-12-01,63.3,64.0,62.03,62.55,52122150.0,3277772651.0,1211379763.0,0.043027093230382785
2025-12-02,61.93,62.44,60.7,61.47,39771461.0,2445825263.0,1211379763.0,0.03283153823001417
2025-12-03,61.7,61.97,59.52,59.86,46077583.0,2778147797.0,1211379763.0,0.03803727320480258
2025-12-04,59.55,60.69,59.14,59.82,34388895.0,2055901747.0,1211379763.0,0.028388203311928695
2025-12-05,59.3,60.0,58.76,59.68,35694959.0,2121296490.0,1211379763.0,0.029466365618987148
2025-12-08,59.7,63.3,59.7,62.99,69539984.0,4322978564.0,1211379763.0,0.05740560154957781
2025-12-09,62.57,63.7,61.51,62.5,46847531.0,2926335624.0,1211379763.0,0.038672869095964915
2025-12-10,62.7,64.36,61.16,63.33,58600419.0,3694492330.0,1211379763.0,0.0483749364071224
2025-12-11,63.65,64.97,62.85,62.99,55773587.0,3565872064.0,1211379763.0,0.04604137257656995
2025-12-12,64.0,64.31,60.39,61.3,67220183.0,4136118850.0,1211379763.0,0.05549059432322711
2025-12-15,60.6,61.52,59.2,60.2,43465328.0,2613562080.0,1211379763.0,0.03588084375155605
2025-12-16,60.2,60.8,58.68,60.0,43190727.0,2579764755.0,1211379763.0,0.03565415926466983
2025-12-17,61.5,63.15,60.91,62.99,75524216.0,4713645718.0,1211379763.0,0.06234561473353588
2025-12-18,62.21,64.3,61.97,62.49,60346712.0,3813165330.0,1211379763.0,0.04981650993619909
2025-12-19,62.65,64.65,61.68,64.18,74663474.0,4732501624.0,1211379763.0,0.061635067945245176
2025-12-22,64.85,66.0,64.2,65.27,72973657.0,4753717915.0,1211379763.0,0.060240115634158896
2025-12-23,65.27,67.37,64.85,66.36,69499222.0,4595663457.0,1211379763.0,0.05737195231649251
2025-12-24,66.81,67.86,65.94,66.79,61444857.0,4099846270.0,1211379763.0,0.05072303407795991
2025-12-25,65.38,66.66,64.41,66.13,58327468.0,3807207805.0,1211379763.0,0.048149614003416365
2025-12-26,67.75,69.78,67.27,68.57,78619986.0,5377061638.0,1211379763.0,0.06490118821639916
2025-12-29,68.88,68.88,65.25,65.32,68478466.0,4560923638.0,1211379763.0,0.056529313177902246
2025-12-30,62.25,65.56,61.75,64.15,87027400.0,5520756853.0,1211379763.0,0.07184155015473871
2025-12-31,64.15,64.38,62.18,62.89,51525450.0,3252292937.0,1211218038.0,0.042540193741731576
2026-01-05,63.65,64.78,62.24,64.35,60261198.0,3836752097.0,1211218038.0,0.049752559910274385
2026-01-06,66.0,67.26,65.3,66.9,74907439.0,4971698002.0,1211218038.0,0.06184471882840305
2026-01-07,67.0,68.07,65.29,66.48,63690063.0,4238377432.0,1211218038.0,0.0525834829087973
2026-01-08,66.69,67.55,64.28,65.02,65024061.0,4291376648.0,1211218038.0,0.05368485190938017
2026-01-09,64.5,66.6,64.1,65.39,52127662.0,3418061786.0,1211218038.0,0.04303738911127412
2026-01-12,67.7,69.58,66.89,67.97,70047458.0,4756161768.0,1211218038.0,0.05783224473412276
2026-01-13,68.66,74.5,68.6,70.8,118592210.0,8437408042.0,1211218038.0,0.09791152895627533
2026-01-14,70.01,72.27,68.29,69.06,85394304.0,5993884800.0,1211218038.0,0.07050283377632459
2026-01-15,68.8,73.88,68.54,72.0,86084105.0,6222772996.0,1211218038.0,0.07107234395397932
2026-01-16,71.52,73.45,69.1,69.2,79785779.0,5628302967.0,1211218038.0,0.06587235039179626
2026-01-19,69.0,69.5,67.67,67.87,50994338.0,3487789621.0,1211218038.0,0.04210169961157728
2026-01-20,68.95,69.18,66.01,67.98,56288391.0,3802581891.0,1211218038.0,0.0464725501388215
2026-01-21,68.3,70.8,68.08,70.36,67416477.0,4711712703.0,1211218038.0,0.05566006687889171
2026-01-22,70.8,71.49,69.16,69.85,52107405.0,3650510358.0,1211218038.0,0.04302066462454714
2026-01-23,70.99,74.85,70.4,73.87,89457587.0,6535065315.0,1211218038.0,0.073857541906918
2026-01-26,75.5,76.15,73.25,73.64,83205759.0,6216067523.0,1211218038.0,0.0686959377994336
2026-01-27,74.56,76.15,71.51,72.91,65435091.0,4780468311.0,1211218038.0,0.05402420451733728
2026-01-28,73.72,75.29,71.5,74.36,84140101.0,6167334950.0,1211218038.0,0.0694673447391311
2026-01-29,72.9,75.6,71.88,73.77,71941104.0,5314280399.0,1211218038.0,0.05939566761967262
2026-01-30,72.45,72.45,66.46,68.6,87528730.0,6030364840.0,1211218038.0,0.07226504828522047
2026-02-02,67.38,68.88,65.9,65.93,50386872.0,3399496128.0,1211218038.0,0.041600166459872356
2026-02-03,67.85,67.95,66.05,67.9,43126733.0,2891853539.0,1211218038.0,0.035606085483347136
2026-02-04,67.7,68.08,66.13,67.15,32344436.0,2162739780.0,1211218038.0,0.02670405739119285
2026-02-05,65.0,65.48,62.5,62.91,49399392.0,3145729036.0,1211218038.0,0.04078488798067256
2026-02-06,61.0,65.75,60.99,64.75,48012593.0,3071601644.0,1211218038.0,0.039639925672903496
2026-02-09,64.84,65.8,64.38,65.17,30130265.0,1957370332.0,1211218038.0,0.02487600419966665
2026-02-10,65.0,65.39,64.11,65.03,19962660.0,1296360127.0,1211218038.0,0.01648147515451714
2026-02-11,65.09,66.9,64.9,66.65,34414682.0,2280661706.0,1211218038.0,0.028413283917754863
2026-02-12,66.68,67.38,66.02,66.82,26462209.0,1764883046.0,1211218038.0,0.021847601480320753
2026-02-13,65.0,66.92,64.82,66.32,24031323.0,1593583172.0,1211218038.0,0.019840625094785784
2026-02-24,69.21,70.4,68.63,69.99,53198805.0,3704544561.0,1211218038.0,0.04392174103338445
2026-02-25,70.99,72.29,69.65,71.33,54155598.0,3858776770.0,1211218038.0,0.04471168385951663
2026-02-26,74.5,74.7,72.51,72.86,72820678.0,5339760925.0,1211218038.0,0.060121857267122374
2026-02-27,71.4,73.71,71.4,73.1,49005079.0,3568434263.0,1211218038.0,0.04045933718170072
2026-03-02,72.73,73.17,69.74,71.94,51981939.0,3709512195.0,1211218038.0,0.04291707799021401
2026-03-03,70.86,72.08,67.1,67.27,61305559.0,4217390184.0,1211218038.0,0.05061480020659996
2026-03-04,66.18,69.18,65.91,66.89,39633952.0,2674084669.0,1211218038.0,0.03272239246489821
2026-03-05,68.38,68.99,66.6,67.12,31847806.0,2158350878.0,1211218038.0,0.026294032123719082
2026-03-06,66.68,67.68,65.71,65.89,34489212.0,2292976069.0,1211218038.0,0.028474817017214864
2026-03-09,64.0,67.8,63.01,67.76,48554692.0,3183997641.0,1211218038.0,0.040087490837054394
2026-03-10,68.8,69.65,68.18,69.02,32195974.0,2214802202.0,1211218038.0,0.02658148491015125
2026-03-11,68.33,70.79,68.0,70.17,43864382.0,3064901385.0,1211218038.0,0.03621509969619524
2026-03-12,69.75,70.1,68.31,69.5,30207883.0,2086830086.0,1211218038.0,0.02494008679880641
2026-03-13,70.19,72.68,69.7,70.03,53703706.0,3820714519.0,1211218038.0,0.04433859496402249
2026-03-16,69.83,70.7,68.0,70.6,40225041.0,2796552877.0,1211218038.0,0.0332104045167795
2026-03-17,70.6,71.33,68.4,68.49,30891743.0,2149445497.0,1211218038.0,0.025504691996669222
2026-03-18,68.49,68.77,65.54,66.65,37943935.0,2529372976.0,1211218038.0,0.031327088773095035
2026-03-19,65.45,66.4,63.13,63.44,44212738.0,2849957966.0,1211218038.0,0.03650270769828149
2026-03-20,64.5,69.78,63.26,67.43,87925819.0,5905522244.0,1211218038.0,0.07259289099193551
2026-03-23,66.4,69.99,66.33,67.58,71722870.0,4894234848.0,1211218038.0,0.059215490316203497
2026-03-24,68.92,69.55,65.58,69.21,60236242.0,4093111711.0,1211218038.0,0.04973195585781063
2026-03-25,70.55,71.38,68.61,70.63,63304331.0,4436074704.0,1211218038.0,0.05226501671369593
2026-03-26,70.37,73.77,70.01,72.43,76640707.0,5548375746.0,1211218038.0,0.0632757312024113
2026-03-27,71.49,79.67,71.49,79.67,131213302.0,10074180745.0,1211218038.0,0.10833169411567169
2026-03-30,81.0,81.5,78.0,80.15,117570876.0,9389591725.0,1211218038.0,0.09706830010072885
2026-03-31,79.7,81.0,77.75,78.38,80925558.0,6397896408.0,1211218038.0,0.0668133692374882
2026-04-01,79.1,79.44,76.36,77.31,68943939.0,5344428396.0,1211218038.0,0.05692116269490366
2026-04-02,77.3,81.77,76.3,79.93,90877873.0,7246898783.0,1211218038.0,0.07503015159026223
2026-04-03,79.94,82.19,78.8,79.75,62037071.0,4983301821.0,1211218038.0,0.05121874761908062
2026-04-07,80.0,81.16,78.2,78.96,48645036.0,3848907452.0,1211218038.0,0.040162080214990986
2026-04-08,77.82,82.81,77.51,82.01,81154987.0,6509324240.0,1211218038.0,0.06700278930291162
2026-04-09,82.3,83.78,79.9,81.01,65194686.0,5321863833.0,1211218038.0,0.05382572249968424
2026-04-10,81.74,86.99,81.25,83.98,104533440.0,8787387950.0,1211218038.0,0.08630439501430212
2026-04-13,83.84,86.3,83.01,84.38,101033007.0,8546412166.0,1211218038.0,0.08341438438848613
2026-04-14,84.99,88.48,83.61,88.28,91572979.0,7857058684.0,1211218038.0,0.0756040416564536
2026-04-15,87.5,87.8,81.84,82.17,114856135.0,9642526798.0,1211218038.0,0.09482696871791468
2026-04-16,83.33,86.7,82.36,85.6,85382271.0,7248709862.0,1211218038.0,0.07049289914884838
2026-04-17,85.46,87.98,83.25,84.06,92080855.0,7815941253.0,1211218038.0,0.07602335179225592
2026-04-20,83.59,84.21,81.38,82.71,64666315.0,5342282374.0,1211218038.0,0.0533894913807418
2026-04-21,83.8,85.74,81.61,83.36,78663138.0,6603440346.0,1211218038.0,0.06494548093908092
2026-04-22,81.85,83.41,81.52,82.22,62537967.0,5137050889.0,1211218038.0,0.05163229496091768
2026-04-23,82.25,82.5,79.0,79.88,63377908.0,5088098395.0,1211218038.0,0.05232576300188819
2026-04-24,79.95,86.26,79.87,84.99,97075458.0,8070282446.0,1211218038.0,0.08014697185346904
2026-04-27,84.0,86.46,83.5,84.11,67507055.0,5708479755.0,1211218038.0,0.05573484945078072
2026-04-28,84.12,84.61,81.18,82.1,48209353.0,3976936353.0,1211218038.0,0.03980237371597004
2026-04-29,81.81,87.15,80.84,86.9,84899114.0,7223688906.0,1211218038.0,0.07009399739471185
2026-04-30,87.0,91.19,86.9,88.68,107541923.0,9577756676.0,1211218038.0,0.0887882442516927
2026-05-06,90.35,91.67,87.5,91.45,90340746.0,8135707079.0,1211218038.0,0.0745866913847926
2026-05-07,90.75,90.75,86.58,88.0,88851082.0,7848760109.0,1211218038.0,0.07335680217140227
2026-05-08,87.95,89.95,84.68,84.77,80305272.0,6946711127.0,1211218038.0,0.06630125169915939
2026-05-11,86.0,87.65,84.13,85.18,61865555.0,5284554814.0,1211218038.0,0.051077141405650034
2026-05-12,85.84,86.02,82.88,83.65,52528957.0,4403729761.0,1211218038.0,0.04336870435544157
2026-05-13,83.66,84.3,81.58,82.99,58669630.0,4859695856.0,1211218038.0,0.04843853720745199
2026-05-14,82.33,83.31,79.67,79.98,65399528.0,5304288260.0,1211218038.0,0.053994843164645805
2026-05-15,79.0,80.45,78.0,78.06,55779033.0,4404219552.0,1211218038.0,0.04605201644132054
2026-05-18,78.06,80.88,77.5,79.38,49501065.0,3936904040.0,1211218038.0,0.04086883075299775
2026-05-19,78.4,78.4,74.5,76.07,62279105.0,4719936331.0,1211218038.0,0.05141857456386395
2026-05-20,74.69,78.13,74.0,77.17,66917175.0,5089907850.0,1211218038.0,0.05524783556765359
2026-05-21,77.61,78.95,75.18,75.33,58028977.0,4489999477.0,1211218038.0,0.04790960436472628
2026-05-22,75.36,76.45,74.14,75.9,35837030.0,2706856235.0,1211218038.0,0.029587596019602872
2026-05-25,76.5,76.66,74.62,75.1,40495164.0,3048265418.0,1211218038.0,0.0334334221663895
2026-05-26,74.51,75.76,72.78,75.0,45686269.0,3393563533.0,1211218038.0,0.0377192772619524
2026-05-27,75.25,77.0,73.08,73.3,49185074.0,3694737218.0,1211218038.0,0.04060794378625329
2026-05-28,73.9,74.87,70.5,72.8,52005556.0,3747527282.0,1211218038.0,0.04293657654395005
2026-05-29,72.81,74.15,71.13,71.48,44703425.0,3239791452.0,1211218038.0,0.03690782633473297
2026-06-01,71.48,72.77,69.8,69.86,42439414.0,3028673573.0,1211218038.0,0.03503862448257231
