date,open,high,low,close,volume,amount,outstanding_share,turnover
2015-01-05,10.27,11.06,10.27,11.06,107244744.0,4315916288.0,2986469263.0,0.03591021187750962
2015-01-06,10.92,11.75,10.89,11.29,86648000.0,3627794176.0,2986469263.0,0.02901352479113059
2015-01-07,11.18,11.38,11.0,11.27,38700488.0,1599685248.0,2986469263.0,0.012958609177555765
2015-01-08,11.3,11.51,11.04,11.31,44854472.0,1871451904.0,2986469263.0,0.015019231088600694
2015-01-09,11.31,11.57,10.96,11.11,35797696.0,1485954944.0,2986469263.0,0.011986627970193845
2015-01-12,11.06,11.48,10.9,11.44,44447232.0,1849577600.0,2986469263.0,0.014882869397206316
2015-01-13,11.36,11.98,11.27,11.95,40449024.0,1744011648.0,2986469263.0,0.0135440951966697
2015-01-14,11.95,11.98,11.51,11.55,31297398.0,1363571840.0,2986469263.0,0.0104797321665922
2015-01-15,11.5,11.82,11.27,11.77,22838212.0,972235136.0,2986469263.0,0.0076472282112350675
2015-01-16,11.79,11.86,11.52,11.62,20780282.0,891923712.0,2986469263.0,0.006958143603703314
2015-01-19,11.16,11.37,10.46,10.85,41559688.0,1678883584.0,2986469263.0,0.013915993884448025
2015-01-20,11.19,11.74,11.0,11.74,49736816.0,2068001792.0,2986469263.0,0.01665405253494484
2015-01-21,11.92,11.98,11.57,11.9,35779276.0,1563758080.0,2986469263.0,0.011980460151817742
2015-01-22,11.88,12.04,11.65,11.7,25368156.0,1102989568.0,2986469263.0,0.008494363666919816
2015-01-23,11.72,11.84,11.54,11.65,25393152.0,1092863488.0,2986469263.0,0.008502733416546802
2015-01-26,11.76,11.8,11.6,11.67,21186940.0,912503616.0,2986469263.0,0.007094310416145743
2015-01-27,11.65,11.73,11.21,11.38,34445876.0,1453802624.0,2986469263.0,0.01153397974884833
2015-01-28,11.3,11.39,11.02,11.16,28379688.0,1168274432.0,2986469263.0,0.00950275576300147
2015-01-29,10.92,11.16,10.92,11.01,23933220.0,976052224.0,2986469263.0,0.008013884588237263
2015-01-30,11.06,11.22,10.92,10.95,27695416.0,1129105024.0,2986469263.0,0.00927363169047958
2015-02-02,10.78,10.97,10.68,10.71,27344264.0,1089511296.0,2986469263.0,0.009156050704681236
2015-02-03,10.84,10.89,10.62,10.79,26715874.0,1061687616.0,2986469263.0,0.00894563835998201
2015-02-04,10.81,10.99,10.68,10.7,21832016.0,874376256.0,2986469263.0,0.007310309960487948
2015-02-05,10.98,11.05,10.57,10.57,32679676.0,1299914112.0,2986469263.0,0.010942579053089688
2015-02-06,10.57,10.68,10.31,10.43,19935490.0,771455104.0,2986469263.0,0.006675270442922352
2015-02-09,10.51,10.79,10.46,10.58,19893982.0,777964736.0,2986469263.0,0.006661371756431836
2015-02-10,10.64,10.83,10.58,10.79,23298254.0,921390656.0,2986469263.0,0.007801270312287155
2015-02-11,10.81,10.89,10.75,10.79,19473000.0,776540864.0,2986469263.0,0.006520408644835264
2015-02-12,10.8,10.81,10.49,10.6,24144654.0,943085440.0,2986469263.0,0.008084681901512677
2015-02-13,10.63,10.72,10.53,10.62,31192300.0,1222331392.0,2986469263.0,0.010444540778118164
2015-02-16,10.62,10.64,10.43,10.5,35788920.0,1385858048.0,2986469263.0,0.011983689383110854
2015-02-17,10.54,11.3,10.5,11.11,56211024.0,2275143680.0,2986469263.0,0.01882189939016292
2015-02-25,11.13,11.34,10.95,11.17,40063528.0,1650502784.0,2986469263.0,0.01341501434364503
2015-02-26,11.17,11.17,10.95,11.09,30528816.0,1244881792.0,2986469263.0,0.010222377433522577
2015-02-27,11.11,11.16,10.95,10.98,27360114.0,1114340608.0,2986469263.0,0.009161357975108014
2015-03-02,10.99,11.32,10.99,11.23,32708300.0,1345237504.0,2986469263.0,0.010952163615152532
2015-03-03,11.15,11.21,10.76,10.79,35389184.0,1439463552.0,2986469263.0,0.011849840357791085
2015-03-04,10.81,11.25,10.77,11.0,61634252.0,2507513600.0,2986469263.0,0.02063783236064064
2015-03-05,10.89,10.95,10.49,10.65,45067336.0,1772454272.0,2986469263.0,0.015090507228166976
2015-03-06,10.65,10.67,10.41,10.46,27105228.0,1051506112.0,2986469263.0,0.00907601103946135
2015-03-09,10.35,10.7,10.16,10.63,37088208.0,1421428096.0,2986469263.0,0.012418747602559873
2015-03-10,10.44,10.59,10.44,10.52,26131804.0,1015090816.0,2986469263.0,0.008750066281864158
2015-03-11,10.53,10.92,10.53,10.68,36337960.0,1440799232.0,2986469263.0,0.012167531891320188
2015-03-12,10.71,10.77,10.52,10.71,28664968.0,1128705920.0,2986469263.0,0.009598279933812263
2015-03-13,10.78,10.94,10.73,10.82,25666568.0,1025844096.0,2986469263.0,0.008594285003361174
2015-03-16,10.92,11.16,10.82,11.11,38914792.0,1578333184.0,2986469263.0,0.013030367491848518
2015-03-17,11.11,11.22,11.0,11.12,41286752.0,1690502656.0,2986469263.0,0.013824603022542476
2015-03-18,11.13,11.39,11.07,11.39,49624944.0,2057546880.0,2986469263.0,0.016616592916195033
2015-03-19,12.07,12.2,11.48,11.58,78538840.0,3416594432.0,2986469263.0,0.026298224787723187
2015-03-20,11.65,11.91,11.43,11.46,57832484.0,2483029504.0,2986469263.0,0.01936483482904006
2015-03-23,11.51,11.74,11.51,11.59,43524732.0,1865654272.0,2986469263.0,0.014573976213061062
2015-03-24,11.61,11.72,11.37,11.43,51798044.0,2198322176.0,2986469263.0,0.017344241456537637
2015-03-25,11.45,11.46,11.23,11.33,42759100.0,1784161152.0,2986469263.0,0.014317609268493584
2015-03-26,11.27,11.46,11.07,11.34,41200012.0,1716657536.0,2986469263.0,0.01379555869214382
2015-03-27,11.34,11.9,11.33,11.68,63727704.0,2741687808.0,2986469263.0,0.021338811281112455
2015-03-30,11.72,12.1,11.72,12.03,54316780.0,2385192704.0,2986469263.0,0.018187623985601354
2015-03-31,12.36,12.6,11.71,11.86,73192784.0,3302017536.0,2986469263.0,0.024508132364461574
2015-04-01,11.86,12.18,11.86,12.11,45299528.0,2009239168.0,2986469263.0,0.015168255224061886
2015-04-02,12.19,12.19,11.71,12.01,53299368.0,2351218944.0,2986469263.0,0.017846950129484725
2015-04-03,11.9,11.97,11.79,11.92,40168656.0,1761639680.0,2986469263.0,0.013450215777425866
2015-04-07,11.93,12.03,11.84,12.02,56627032.0,2491696128.0,2986469263.0,0.018961196989891807
2015-04-08,12.1,12.27,11.98,12.22,64915112.0,2911651328.0,2986469263.0,0.021736407203063184
2015-04-09,12.26,12.29,11.76,11.92,47777568.0,2107213824.0,2986469263.0,0.01599801095960585
2015-04-10,11.92,12.19,11.84,12.16,51732336.0,2289806336.0,2986469263.0,0.01732223955589393
2015-04-13,12.23,12.58,12.04,12.18,100363544.0,4541910528.0,2986469263.0,0.03360608637210006
2015-04-14,12.16,12.16,11.84,11.92,62328736.0,2755020032.0,2986469263.0,0.02087037585559775
2015-04-15,11.88,12.03,11.54,11.64,55029776.0,2389158400.0,2986469263.0,0.01842636610454209
2015-04-16,11.63,12.25,11.57,12.23,81568992.0,3605092352.0,2986469263.0,0.027312851670892955
2015-04-17,12.55,13.0,12.36,12.72,110548200.0,5170768896.0,2986469263.0,0.03701635284501503
2015-04-20,12.61,12.86,12.41,12.41,83417544.0,3892487424.0,2986469263.0,0.027931827403508757
2015-04-21,12.47,13.38,12.47,13.33,99849040.0,4823313920.0,2986469263.0,0.03343380802108058
2015-04-22,13.45,13.9,13.29,13.52,72917360.0,3655843328.0,2986469263.0,0.02441590841177862
2015-04-23,13.52,13.59,13.21,13.29,52364808.0,2579443200.0,2986469263.0,0.017534018732005278
2015-04-24,13.14,13.41,12.93,13.14,58807480.0,2854522368.0,2986469263.0,0.01969130596071365
2015-04-27,13.32,13.89,13.32,13.89,83957016.0,4232459520.0,2986469263.0,0.028112466128535542
2015-04-28,15.24,15.28,14.9,15.28,117272520.0,6600092160.0,2986469263.0,0.0392679480927241
2015-04-29,15.71,16.65,15.46,15.64,184645968.0,10848952320.0,2986469263.0,0.06182751327382404
2015-04-30,15.49,15.63,15.04,15.45,124856848.0,7033996288.0,2986469263.0,0.04180751148082384
2015-05-04,15.49,15.65,15.17,15.31,81263688.0,4621744128.0,2986469263.0,0.027210622592635736
2015-05-05,15.17,15.2,14.29,14.43,113989136.0,6161978368.0,2986469263.0,0.03816852810515599
2015-05-06,14.58,14.71,13.93,14.09,86656376.0,4592148992.0,2986469263.0,0.02901632944078956
2015-05-07,13.96,14.33,13.82,14.3,68373728.0,3537044992.0,2986469263.0,0.02289450249734581
2015-05-08,14.4,14.5,14.09,14.41,61679936.0,3258982144.0,2986469263.0,0.02065312935383792
2015-05-11,14.36,14.94,14.1,14.9,95560016.0,5083726848.0,2986469263.0,0.031997655955784736
2015-05-12,14.9,14.9,14.6,14.72,59997620.0,3262706176.0,2986469263.0,0.020089816675270433
2015-05-13,14.69,14.9,14.42,14.68,68972128.0,3721329664.0,2986469263.0,0.023094872883679163
2015-05-14,14.53,14.66,14.42,14.44,47385616.0,2534226432.0,2986469263.0,0.015866768356557502
2015-05-15,14.44,14.46,14.06,14.1,46892924.0,2455175168.0,2986469263.0,0.015701793613269812
2015-05-18,14.06,14.06,13.71,13.85,52079516.0,2666305536.0,2986469263.0,0.017438490543071762
2015-05-19,13.85,14.75,13.85,14.52,83604152.0,4448411648.0,2986469263.0,0.027994311890562392
2015-05-20,14.54,14.97,14.42,14.66,84644384.0,4591512064.0,2986469263.0,0.02834262687671934
2015-05-21,14.72,16.12,14.71,15.82,119457864.0,6849866752.0,2986469263.0,0.039999696457615946
2015-05-22,15.95,16.0,15.58,15.91,75973480.0,4434081792.0,2986469263.0,0.025439230512515742
2015-05-25,15.9,16.43,15.75,16.26,87259032.0,5213583872.0,2986469263.0,0.029218124921314485
2015-05-26,16.31,16.84,16.13,16.64,89220768.0,5462038528.0,2986469263.0,0.029874999587430878
2015-05-27,16.65,16.65,16.0,16.1,86739816.0,5194125824.0,2986469263.0,0.029044268787440052
2015-05-28,16.1,16.57,15.65,15.69,92037048.0,5463232000.0,2986469263.0,0.030818012808725835
2015-05-29,15.75,16.96,15.32,16.86,102929728.0,6101696512.0,2986469263.0,0.03446535655840098
2015-06-01,16.89,17.91,16.53,17.63,105931152.0,6817625088.0,2986469263.0,0.03547036405577766
2015-06-02,17.61,17.72,17.05,17.38,89243336.0,5704741376.0,2986469263.0,0.029882556336894066
2015-06-03,17.39,17.69,17.1,17.37,73374496.0,4697504256.0,2986469263.0,0.024568977457445206
2015-06-04,17.37,17.37,15.64,16.94,91641392.0,5632614912.0,2986469263.0,0.030685529945131063
2015-06-05,17.1,17.75,16.94,17.33,97032408.0,6193463808.0,2986469263.0,0.03249067693485248
2015-06-08,17.23,17.23,16.53,16.93,86761432.0,5396669952.0,2986469263.0,0.029051506765834074
2015-06-09,16.94,17.07,16.48,16.61,72391784.0,4467038720.0,2986469263.0,0.02423992267286228
2015-06-10,16.39,17.07,16.29,16.84,65049540.0,4016029696.0,2986469263.0,0.02178141955315346
2015-06-11,16.67,16.77,16.5,16.64,61808400.0,3785041664.0,2986469263.0,0.02069614469693606
2015-06-12,16.64,16.84,16.61,16.72,60648184.0,3738783744.0,2986469263.0,0.020307653841070188
2015-06-15,16.74,16.8,16.26,16.34,65242588.0,3971817984.0,2986469263.0,0.021846060432733808
2015-06-16,16.26,16.26,15.66,15.77,71035136.0,4185843200.0,2986469263.0,0.02378565782680885
2015-06-17,15.77,16.11,15.3,15.99,63702248.0,3684425728.0,2986469263.0,0.021330287503447846
2015-06-18,15.77,15.93,15.31,15.31,50269480.0,2897384192.0,2986469263.0,0.01683241164501481
2015-06-19,15.07,15.29,14.36,14.36,68424448.0,3749737728.0,2986469263.0,0.022911485762711497
2015-06-23,14.42,15.71,14.42,15.68,110356504.0,6179904512.0,2986469263.0,0.03695216467392787
2015-06-24,15.81,15.91,15.48,15.86,79414744.0,4618325504.0,2986469263.0,0.026591515601344397
2015-06-25,16.49,16.9,15.85,16.16,126879168.0,7706055680.0,2986590741.9999995,0.04248294425336433
2015-06-26,15.85,16.1,14.61,15.42,106336368.0,6078877696.0,2986590741.9999995,0.03560459975469917
2015-06-29,16.0,16.2,14.66,15.9,144601184.0,8408413696.0,2986590741.9999995,0.04841680581356333
2015-06-30,15.93,17.45,15.66,17.32,165653648.0,10093371392.0,2986590741.9999995,0.05546580107894811
2015-07-01,17.32,17.58,16.3,16.48,145474640.0,9115598848.0,2986590741.9999995,0.048709265033943516
2015-07-02,16.62,16.75,15.18,15.85,121882416.0,7057249280.0,2986590741.9999995,0.040809882079250084
2015-07-03,14.45,15.28,14.27,14.27,243954656.0,6181925888.0,5973181483.999999,0.040841661458548784
2015-07-06,15.42,15.42,12.94,13.82,310283904.0,7565387264.0,5973181483.999999,0.05194617053426868
2015-07-07,13.31,13.71,12.44,12.46,289884480.0,6483367424.0,5973181483.999999,0.04853100157370006
2015-07-08,11.23,11.79,11.22,11.22,396347808.0,7882150912.0,5973181483.999999,0.0663545564556632
2015-07-09,11.22,12.34,11.22,12.34,194875680.0,4084768256.0,5973181483.999999,0.032625106155237664
2015-07-10,13.13,13.57,12.74,13.57,127589712.0,2998991104.0,5973181483.999999,0.02136042782925094
2015-07-13,14.28,14.93,13.94,14.93,263034256.0,6723211776.0,5973181483.999999,0.04403587212351977
2015-07-14,14.86,15.24,14.08,14.21,254571744.0,6516195328.0,5973181483.999999,0.0426191209294253
2015-07-15,14.07,14.57,13.22,13.37,175536464.0,4228019968.0,5973181483.999999,0.029387431885369453
2015-07-16,13.38,14.03,13.38,13.68,127455904.0,3055049472.0,5973181483.999999,0.02133802636692162
2015-07-17,13.81,14.4,13.72,14.21,139320464.0,3429459200.0,5973181483.999999,0.02332433132547359
2015-07-20,14.18,14.33,13.82,14.01,137285008.0,3372962048.0,5973181483.999999,0.022983565519938926
2015-07-21,13.73,14.04,13.62,13.83,97783192.0,2370585600.0,5973181483.999999,0.01637037017239907
2015-07-22,13.77,13.86,13.37,13.53,115074872.0,2743431936.0,5973181483.999999,0.019265256263892888
2015-07-23,13.53,13.96,13.53,13.74,113351920.0,2722080000.0,5973181483.999999,0.01897680830619812
2015-07-24,13.8,13.83,13.3,13.36,129360624.0,3081155328.0,5973181483.999999,0.021656905008915348
2015-07-27,13.08,13.1,12.03,12.03,171445664.0,3795986944.0,5973181483.999999,0.028702570725373265
2015-07-28,11.79,12.82,11.54,12.72,196425104.0,4245813760.0,5973181483.999999,0.03288450292798772
2015-07-29,12.73,12.94,12.4,12.9,100572960.0,2223162112.0,5973181483.999999,0.016837419098917172
2015-07-30,12.77,12.88,12.46,12.52,79256928.0,1765414400.0,5973181483.999999,0.013268796237365424
2015-07-31,12.4,12.78,12.31,12.74,73308856.0,1617251072.0,5973181483.999999,0.012272999940880418
2015-08-03,12.57,13.2,12.49,13.19,112618944.0,2535595520.0,5973181483.999999,0.01885409715101836
2015-08-04,13.16,13.43,12.91,13.36,99307368.0,2295495168.0,5973181483.999999,0.016625540051982125
2015-08-05,13.25,13.32,12.94,12.97,58379048.0,1340259584.0,5973181483.999999,0.00977352657982625
2015-08-06,12.8,12.9,12.6,12.66,43016872.0,959545856.0,5973181483.999999,0.007201668342947004
2015-08-07,12.82,12.94,12.69,12.86,48155396.0,1081641088.0,5973181483.999999,0.008061934185155927
2015-08-10,13.13,13.39,12.85,13.28,100059672.0,2303419136.0,5973181483.999999,0.016751487003705448
2015-08-11,13.28,13.65,13.15,13.28,97786288.0,2290866176.0,5973181483.999999,0.016370888489146737
2015-08-12,13.24,13.34,12.92,12.96,71745304.0,1649257216.0,5973181483.999999,0.012011237929431713
2015-08-13,12.89,13.24,12.85,13.11,70321568.0,1607545216.0,5973181483.999999,0.011772883209453144
2015-08-14,13.06,13.25,12.85,12.88,104784552.0,2379660800.0,5973181483.999999,0.017542502647990867
2015-08-17,12.85,12.85,12.54,12.71,90326904.0,1999869952.0,5973181483.999999,0.015122075939255023
2015-08-18,12.71,12.84,11.67,11.99,102966304.0,2239237376.0,5973181483.999999,0.0172381007132982
2015-08-19,11.83,12.13,11.48,12.0,91719752.0,1902000384.0,5973181483.999999,0.015355259545634796
2015-08-20,11.91,11.92,11.45,11.5,90870992.0,1857955584.0,5973181483.999999,0.01521316441554817
2015-08-21,11.41,11.53,10.85,10.88,117342800.0,2288937216.0,5973181483.999999,0.01964494136237432
2015-08-24,10.53,10.54,9.8,9.8,198872560.0,3464087296.0,5973181483.999999,0.03329424370123492
2015-08-25,9.43,10.57,9.17,9.95,210182416.0,3645534464.0,5973181483.999999,0.035187682906170345
2015-08-26,10.17,10.83,10.0,10.54,179575840.0,3287403264.0,5973181483.999999,0.03006368389793931
2015-08-27,10.84,10.94,10.19,10.78,154540272.0,2868067584.0,5973181483.999999,0.025872355027878813
2015-08-28,10.87,11.41,10.69,11.14,138720832.0,2663233280.0,5973181483.999999,0.023223943952076984
2015-08-31,10.34,10.55,10.03,10.54,200676256.0,3628763904.0,5973181483.999999,0.03359620941328158
2015-09-01,10.23,10.43,9.77,10.39,153007904.0,2730311424.0,5973181483.999999,0.025615813684860076
2015-09-02,10.03,10.4,9.85,10.2,161098240.0,2876193792.0,5973181483.999999,0.02697025704501431
2015-09-07,10.21,10.49,9.83,9.89,98055248.0,1740423424.0,5973181483.999999,0.016415916419525285
2015-09-08,9.83,10.09,9.72,10.05,57352880.0,994688000.0,5973181483.999999,0.009601730694710632
2015-09-09,10.06,10.33,9.98,10.2,109881592.0,1957842560.0,5973181483.999999,0.018395823447577005
2015-09-10,10.05,10.17,9.94,9.97,57359760.0,1008975360.0,5973181483.999999,0.009602882509705445
2015-09-11,9.97,10.08,9.81,9.89,42911716.0,744746752.0,5973181483.999999,0.007184063654343171
2015-09-14,9.98,10.02,9.34,9.43,71771824.0,1212693120.0,5973181483.999999,0.012015677774440783
2015-09-15,9.42,9.48,9.05,9.17,78154488.0,1267795584.0,5973181483.999999,0.013084231277644538
2015-09-16,9.25,9.9,9.12,9.67,79108504.0,1308797312.0,5973181483.999999,0.013243947837832013
2015-09-17,9.69,9.69,9.37,9.37,73910048.0,1236785152.0,5973181483.999999,0.012373648481630499
2015-09-18,9.45,9.52,9.34,9.42,50620736.0,834576064.0,5973181483.999999,0.008474669007729752
2015-09-21,9.24,9.6,9.24,9.48,53368008.0,880153600.0,5973181483.999999,0.008934603467675252
2015-09-22,9.53,9.8,9.46,9.6,58021676.0,978199744.0,5973181483.999999,0.009713697157104495
2015-09-23,9.51,9.58,9.39,9.4,58166712.0,964359360.0,5973181483.999999,0.009737978354718948
2015-09-24,9.45,9.52,9.34,9.4,49620112.0,818740352.0,5973181483.999999,0.00830714957061231
2015-09-25,9.36,9.45,9.09,9.19,58338248.0,942455424.0,5973181483.999999,0.009766696049043068
2015-09-28,9.19,9.23,9.08,9.21,38338340.0,614539136.0,5973181483.999999,0.006418412047699304
2015-09-29,9.11,9.12,8.98,9.0,41007196.0,649890816.0,5973181483.999999,0.006865218495343478
2015-09-30,9.06,9.31,9.03,9.24,50626260.0,815320256.0,5973181483.999999,0.008475593808025005
2015-10-08,9.71,10.0,9.6,9.61,93051048.0,1583990400.0,5973181483.999999,0.015578138425770292
2015-10-09,9.59,9.71,9.55,9.63,44354208.0,748782976.0,5973181483.999999,0.007425558409502363
2015-10-12,9.65,10.08,9.58,10.0,124659352.0,2155571200.0,5973181483.999999,0.020869841697245844
2015-10-13,9.92,9.99,9.84,9.93,66640032.0,1156139264.0,5973181483.999999,0.011156538969811086
2015-10-14,9.91,9.95,9.76,9.76,59365060.0,1021942528.0,5973181483.999999,0.00993859974939948
2015-10-15,9.76,9.99,9.69,9.97,63174976.0,1092113280.0,5973181483.999999,0.010576436722912738
2015-10-16,9.97,10.12,9.89,10.01,71558048.0,1254091648.0,5973181483.999999,0.011979888471776428
2015-10-19,10.07,10.16,9.88,9.97,73355736.0,1287335168.0,5973181483.999999,0.012280848354682272
2015-10-20,9.96,10.03,9.77,10.03,61543276.0,1070958848.0,5973181483.999999,0.010303265716076477
2015-10-21,10.03,10.1,9.75,10.0,100168296.0,1741084928.0,5973181483.999999,0.01676967228742585
2015-10-22,9.91,10.07,9.87,10.05,74959584.0,1310861312.0,5973181483.999999,0.01254935651976919
2015-10-23,10.13,10.5,10.08,10.4,104296328.0,1889880960.0,5973181483.999999,0.017460766641591633
2015-10-26,10.56,10.56,10.23,10.25,83889528.0,1524008192.0,5973181483.999999,0.014044362828202997
2015-10-27,10.17,10.17,9.74,10.04,87543416.0,1526255360.0,5973181483.999999,0.014656078378749628
2015-10-28,9.99,10.07,9.85,9.88,67472936.0,1175390336.0,5973181483.999999,0.0112959795681306
2015-10-29,9.91,10.05,9.83,10.0,44589160.0,776847680.0,5973181483.999999,0.007464892891575167
2015-10-30,9.96,10.02,9.87,9.91,45015216.0,784339392.0,5973181483.999999,0.007536221044108495
2015-11-02,9.98,10.33,9.98,10.08,100484560.0,1793403008.0,5973181483.999999,0.01682261961555361
2015-11-03,10.07,10.16,9.91,9.98,49663480.0,868060480.0,5973181483.999999,0.008314410023038905
2015-11-04,9.98,10.48,9.98,10.46,128443360.0,2313398016.0,5973181483.999999,0.021503341283711785
2015-11-05,10.46,11.17,10.37,10.87,164085312.0,3116516864.0,5973181483.999999,0.027470337614808025
2015-11-06,10.9,11.21,10.85,11.07,112618968.0,2181365760.0,5973181483.999999,0.018854101168977642
2015-11-09,11.13,11.41,11.13,11.17,118889816.0,2350167296.0,5973181483.999999,0.019903934999876194
2015-11-10,11.1,11.34,10.89,11.15,84488880.0,1638603648.0,5973181483.999999,0.014144703325407954
2015-11-11,11.08,11.11,10.89,10.99,63149248.0,1214808320.0,5973181483.999999,0.010572129470560049
2015-11-12,11.03,11.07,10.84,10.89,46235724.0,883910208.0,5973181483.999999,0.007740552354528126
2015-11-13,10.8,10.84,10.6,10.62,62277948.0,1166217984.0,5973181483.999999,0.010426260807045656
2015-11-16,10.45,10.73,10.44,10.68,45889976.0,850932736.0,5973181483.999999,0.007682668963419697
2015-11-17,10.75,10.92,10.64,10.68,60259724.0,1136912000.0,5973181483.999999,0.010088379896277066
2015-11-18,10.73,10.8,10.57,10.59,65602696.0,1223214592.0,5973181483.999999,0.010982873394308541
2015-11-19,10.64,10.72,10.52,10.71,40791576.0,758147648.0,5973181483.999999,0.0068291204794741186
2015-11-20,10.72,10.73,10.59,10.62,55716072.0,1037095680.0,5973181483.999999,0.009327704532206712
2015-11-23,10.63,10.64,10.49,10.52,52275176.0,965592384.0,5973181483.999999,0.008751647030987818
2015-11-24,10.53,10.6,10.51,10.59,36411024.0,671631808.0,5973181483.999999,0.006095750497039478
2015-11-25,10.57,10.65,10.51,10.6,40845736.0,755790912.0,5973181483.999999,0.0068381876742588535
2015-11-26,10.68,11.28,10.65,11.04,125267936.0,2401053952.0,5973181483.999999,0.020971727769455467
2015-11-27,10.91,11.03,10.49,10.6,83726256.0,1577477632.0,5973181483.999999,0.014017028651192413
2015-11-30,10.65,10.73,10.17,10.47,59942168.0,1098829952.0,5973181483.999999,0.01003521626800784
2015-12-01,10.45,11.17,10.31,10.91,104493296.0,1963007872.0,5973181483.999999,0.01749374203343727
2015-12-02,10.91,12.0,10.85,12.0,343465600.0,7059537408.0,5973181483.999999,0.05750128318049947
2015-12-03,11.73,11.88,11.51,11.64,185726464.0,3792019968.0,5973181483.999999,0.031093390431463412
2015-12-04,11.64,12.11,11.43,11.9,176767168.0,3638810624.0,5973181483.999999,0.029593470158825
2015-12-07,11.87,12.19,11.65,11.89,118405544.0,2476259328.0,5973181483.999999,0.019822860617439098
2015-12-08,11.83,11.83,11.45,11.45,73262224.0,1486908928.0,5973181483.999999,0.01226519304599117
2015-12-09,11.43,12.08,11.42,11.88,111930856.0,2319651584.0,5973181483.999999,0.01873890091901986
2015-12-10,11.88,12.24,11.66,11.96,123646072.0,2600682752.0,5973181483.999999,0.020700203456265855
2015-12-11,11.87,12.27,11.79,12.19,90662128.0,1915535104.0,5973181483.999999,0.01517819745521732
2015-12-14,12.07,12.61,12.03,12.34,89232400.0,1934296576.0,5973181483.999999,0.014938839584737455
2015-12-15,12.32,12.42,12.04,12.13,70146736.0,1496834304.0,5973181483.999999,0.011743613715387324
2015-12-16,12.13,12.25,11.83,11.88,70685200.0,1482859392.0,5973181483.999999,0.011833760649888201
2015-12-17,11.98,12.15,11.91,12.07,89361776.0,1883345408.0,5973181483.999999,0.014960499063918952
2015-12-18,12.07,12.15,11.89,11.94,65459704.0,1374236800.0,5973181483.999999,0.010958934392893128
2015-12-21,12.03,13.13,12.0,13.13,290560640.0,6568004096.0,5973181483.999999,0.0486442008799343
2015-12-22,13.14,14.0,13.13,13.26,228596432.0,5386498560.0,5973181483.999999,0.03827046484563167
2015-12-23,13.33,13.96,13.32,13.67,160714464.0,3828363520.0,5973181483.999999,0.026906007197420024
2015-12-24,13.7,13.76,13.08,13.26,109195352.0,2534156288.0,5973181483.999999,0.018280936598443393
2015-12-25,13.28,13.31,13.02,13.14,65558600.0,1509414784.0,5973181483.999999,0.010975491063783658
2015-12-28,13.22,13.4,12.77,12.77,90468176.0,2061071360.0,5973181483.999999,0.015145726986921735
2015-12-29,12.75,13.42,12.62,13.2,88311472.0,2012576256.0,5973181483.999999,0.014784662451083164
2015-12-30,13.19,13.31,12.98,13.05,64113768.0,1471577088.0,5973181483.999999,0.010733604557594255
2015-12-31,13.05,13.11,12.76,12.77,46684648.0,1051608320.0,5972117234.0,0.007817101736419129
2016-01-04,12.77,12.84,11.54,11.57,69900296.0,1494032768.0,5972117234.0,0.011704441366631083
2016-01-05,11.37,12.14,11.31,11.91,102736768.0,2123742720.0,5972117234.0,0.017202737986305245
2016-01-06,11.98,12.05,11.72,12.01,56711000.0,1182657152.0,5972117234.0,0.009495962282377392
2016-01-07,11.83,11.83,11.13,11.19,23123978.0,462827008.0,5972117234.0,0.003871989965024856
2016-01-08,11.55,11.83,10.92,11.57,103633072.0,2094464256.0,5972117234.0,0.01735281943395286
2016-01-11,11.37,11.68,11.03,11.08,79558880.0,1581340672.0,5972117234.0,0.013321721071894149
2016-01-12,11.23,11.35,10.98,11.17,50637772.0,990630912.0,5972117234.0,0.00847903180997736
2016-01-13,11.25,11.35,10.97,11.03,45665504.0,895008448.0,5972117234.0,0.007646451369042231
2016-01-14,10.74,11.25,10.64,11.17,65884152.0,1265720704.0,5972117234.0,0.011031958921521734
2016-01-15,10.99,11.21,10.63,10.74,61535600.0,1175307520.0,5972117234.0,0.010303816483988332
2016-01-18,10.57,10.88,10.57,10.77,38216416.0,720353728.0,5972117234.0,0.006399140288544443
2016-01-19,10.74,11.35,10.72,11.23,62049024.0,1203350400.0,5972117234.0,0.010389786665061974
2016-01-20,11.2,11.27,10.86,11.01,45047512.0,872346304.0,5972117234.0,0.007542971819698876
2016-01-21,10.87,11.08,10.69,10.69,36887472.0,702271424.0,5972117234.0,0.006176615520873414
2016-01-22,10.8,11.03,10.68,10.91,33631756.0,638674816.0,5972117234.0,0.005631462793216828
2016-01-25,10.99,11.12,10.88,10.99,29423812.0,567330112.0,5972117234.0,0.004926864434691035
2016-01-26,10.9,10.95,10.52,10.63,44832452.0,841980160.0,5972117234.0,0.00750696114014027
2016-01-27,10.72,10.81,10.24,10.56,50647840.0,929965952.0,5972117234.0,0.008480717644264517
2016-01-28,10.47,10.72,10.4,10.46,32746852.0,605757184.0,5972117234.0,0.005483290216335361
2016-01-29,10.51,10.8,10.43,10.7,41414296.0,770606208.0,5972117234.0,0.0069346086785140966
2016-02-01,10.72,10.75,10.45,10.53,28424312.0,526632224.0,5972117234.0,0.004759503353044861
2016-02-02,10.56,10.9,10.56,10.83,39942852.0,756074688.0,5972117234.0,0.0066882230262661985
2016-02-03,10.76,10.84,10.66,10.76,28318036.0,533254368.0,5972117234.0,0.004741707989049835
2016-02-04,10.83,11.02,10.77,10.85,39826952.0,759789696.0,5972117234.0,0.006668816173477012
2016-02-05,10.85,10.91,10.76,10.77,22699646.0,429874912.0,5972117234.0,0.003800937776433476
2016-02-15,10.54,10.76,10.49,10.65,25690356.0,478760096.0,5972117234.0,0.004301716626348464
2016-02-16,10.8,10.96,10.74,10.89,46952804.0,895230848.0,5972117234.0,0.007862003065293477
2016-02-17,10.91,11.03,10.87,10.97,39156956.0,751372928.0,5972117234.0,0.006556628824543936
2016-02-18,11.03,11.07,10.91,10.98,46005652.0,883698368.0,5972117234.0,0.007703407384249617
2016-02-19,10.96,11.01,10.91,10.98,31891276.0,612235584.0,5972117234.0,0.005340028460667019
2016-09-02,12.08,12.08,12.08,12.08,3660890.0,71350746.0,5971955954.0,0.0006130135634285691
2016-09-05,13.28,13.28,13.28,13.28,2232309.0,47860705.0,5971955954.0,0.0003737986376983918
2016-09-06,14.61,14.61,14.06,14.25,497195532.0,11567214133.0,5971955954.0,0.0832550567736488
2016-09-07,14.19,14.53,13.98,14.16,208790745.0,4802862336.0,5971955954.0,0.03496186954630041
2016-09-08,14.19,14.29,13.76,13.93,152313229.0,3427819862.0,5971955954.0,0.025504747552262338
2016-09-09,13.89,14.03,13.73,13.79,113133326.0,2534465431.0,5971955954.0,0.018944099198223926
2016-09-12,13.63,13.97,13.54,13.68,116637022.0,2580056532.0,5971955954.0,0.01953079073228543
2016-09-13,13.72,13.84,13.56,13.62,88644276.0,1956996408.0,5971955954.0,0.014843424278879067
2016-09-14,13.57,13.61,13.26,13.28,112199729.0,2426725834.0,5971955954.0,0.018787769009724346
2016-09-19,13.27,13.77,13.27,13.69,121387454.0,2665199030.0,5971955954.0,0.020326247369372344
2016-09-20,13.69,13.85,13.59,13.64,68351571.0,1509674373.0,5971955954.0,0.011445424501869994
2016-09-21,13.67,13.69,13.48,13.63,55476657.0,1218341736.0,5971955954.0,0.009289528828966309
2016-09-22,13.71,13.72,13.48,13.48,83299854.0,1830470950.0,5971955954.0,0.013948504416581636
2016-09-23,13.5,13.54,13.25,13.28,64953059.0,1398231860.0,5971955954.0,0.01087634595772506
2016-09-26,13.27,13.56,13.26,13.33,59904057.0,1295934883.0,5971955954.0,0.01003089397534428
2016-09-27,13.35,13.69,13.33,13.65,98104791.0,2153037100.0,5971955954.0,0.016427581140194054
2016-09-28,13.65,13.69,13.51,13.57,59153603.0,1296675254.0,5971955954.0,0.00990523095877475
2016-09-29,13.58,13.68,13.53,13.53,53309547.0,1169801030.0,5971955954.0,0.008926647719880353
2016-09-30,13.54,13.81,13.51,13.77,63326489.0,1403460111.0,5971955954.0,0.010603977907369543
2016-10-10,13.79,13.83,13.44,13.7,74231718.0,1632180345.0,5971955954.0,0.01243005115439269
2016-10-11,13.68,13.77,13.58,13.7,44485825.0,981783491.0,5971955954.0,0.007449121417280969
2016-10-12,13.69,13.92,13.61,13.76,48900210.0,1088890487.0,5971955954.0,0.00818830721067974
2016-10-13,13.77,13.82,13.61,13.68,36322687.0,802356657.0,5971955954.0,0.006082209460314449
2016-10-14,13.63,13.68,13.55,13.59,36161290.0,793925236.0,5971955954.0,0.006055183641429784
2016-10-17,13.61,13.66,13.45,13.47,37290056.0,814812680.0,5971955954.0,0.0062441947474550985
2016-10-18,13.45,13.56,13.43,13.56,39306951.0,856784150.0,5971955954.0,0.0065819224560208466
2016-10-19,13.56,13.66,13.47,13.5,41540482.0,909106883.0,5971955954.0,0.006955925716795734
2016-10-20,13.5,13.56,13.46,13.52,33305934.0,726053047.0,5971955954.0,0.005577056203452367
2016-10-21,13.52,13.93,13.48,13.9,93835582.0,2084514167.0,5971955954.0,0.01571270497016127
2016-10-24,13.93,14.23,13.93,13.97,78504101.0,1789141703.0,5971955954.0,0.013145458808586518
2016-10-25,14.01,14.38,13.99,14.27,73904829.0,1698802193.0,5971955954.0,0.012375313811632978
2016-10-26,14.26,14.26,13.94,14.02,61316788.0,1391310932.0,5971955954.0,0.010267454829255762
2016-10-27,14.07,14.1,13.85,13.89,32204229.0,723341970.0,5971955954.0,0.005392576443640663
2016-10-28,13.92,14.17,13.84,13.88,56962460.0,1284819643.0,5971955954.0,0.009538325540034618
2016-11-17,13.63,14.59,13.63,14.15,202874171.0,4677421233.0,5971955954.0,0.03397114321717584
2016-11-18,14.07,14.14,13.75,13.95,78822656.0,1772219106.0,5971955954.0,0.013198800628662506
2016-11-21,13.93,14.68,13.88,14.13,200366344.0,4590813773.0,5971955954.0,0.033551209276048856
2016-11-22,14.12,14.73,14.04,14.39,226903116.0,5277780069.0,5971955954.0,0.03799477386433517
2016-11-23,14.75,15.83,14.72,15.83,331121983.0,8218181749.0,5971955954.0,0.05544615291045732
2016-11-24,15.69,16.73,15.44,16.35,321903552.0,8397362440.0,5971955954.0,0.053902532851802076
2016-11-25,16.38,16.92,15.65,16.87,314357507.0,8319428690.0,5971955954.0,0.052638952701826974
2016-11-28,16.87,18.21,16.79,17.64,425252919.0,11861315935.0,5971955954.0,0.07120831470887971
2016-12-01,18.59,19.41,18.51,18.95,474525778.0,14612061480.0,5971955954.0,0.07945902174348153
2016-12-02,18.59,18.68,17.74,17.82,319213665.0,9348845370.0,5971955954.0,0.0534521130863652
2016-12-05,16.52,16.73,16.04,16.04,361948524.0,9492806894.0,5971955954.0,0.060608036426921044
2016-12-06,15.94,16.91,15.74,16.31,313085431.0,8266878824.0,5971955954.0,0.05242594443287818
2016-12-07,16.12,16.39,15.92,16.23,168821109.0,4390706569.0,5971955954.0,0.028268980933612558
2016-12-08,16.22,16.58,16.04,16.26,156625522.0,4119794176.0,5971955954.0,0.026226838109060843
2016-12-09,16.26,16.84,16.21,16.72,228457651.0,6125510928.0,5971955954.0,0.038255079702485026
2016-12-12,16.24,16.29,15.52,15.7,236945486.0,6119212258.0,5971955954.0,0.03967636195328845
2016-12-13,15.79,16.05,15.32,15.83,145517551.0,3694550206.0,5971955954.0,0.0243668158507654
2016-12-14,15.92,16.03,15.55,15.68,129619186.0,3309430742.0,5971955954.0,0.02170464534541341
2016-12-15,15.68,15.83,15.18,15.34,158157239.0,3933305826.0,5971955954.0,0.026483323088487734
2016-12-16,15.3,15.61,15.09,15.48,115983707.0,2882171229.0,5971955954.0,0.019421393575803993
2016-12-19,15.49,15.51,14.93,14.97,105377611.0,2582589857.0,5971955954.0,0.017645409948045306
2016-12-20,14.89,15.09,14.67,14.87,85273631.0,2044278343.0,5971955954.0,0.014279012045104577
2016-12-21,14.94,15.02,14.82,14.99,67003765.0,1614040740.0,5971955954.0,0.011219735295455597
2016-12-22,15.05,15.42,15.01,15.28,110271642.0,2709628768.0,5971955954.0,0.018464912140910943
2016-12-23,15.16,15.18,14.89,14.93,71052822.0,1719570596.0,5971955954.0,0.011897747161448672
2016-12-26,14.81,15.27,14.67,15.26,76051392.0,1845764750.0,5971955954.0,0.012734754339415545
2016-12-27,15.22,15.68,15.18,15.47,102777009.0,2572493085.0,5971955954.0,0.01720994089568933
2016-12-28,15.55,15.65,15.37,15.45,56961122.0,1420952924.0,5971955954.0,0.009538101492836295
2016-12-29,15.4,15.52,15.25,15.39,45414631.0,1128873096.0,5971955954.0,0.007604649356059199
2016-12-30,15.42,15.52,15.26,15.26,46987142.0,1166376011.0,5971955954.0,0.007867965263295041
2017-01-03,15.3,15.64,15.3,15.53,58392946.0,1461009063.0,5970602378.999999,0.009780076162060567
2017-01-04,15.55,15.63,15.42,15.58,71662463.0,1795780773.0,5970602378.999999,0.012002551577049176
2017-01-05,15.61,15.73,15.55,15.65,63084316.0,1592596967.0,5970602378.999999,0.010565821000219718
2017-01-06,15.61,15.62,15.4,15.49,54112990.0,1352108278.0,5970602378.999999,0.009063237938993895
2017-01-09,15.49,15.49,15.18,15.33,56230720.0,1390066319.0,5970602378.999999,0.009417930793344497
2017-01-10,15.33,15.47,15.19,15.45,46382688.0,1148129128.0,5970602378.999999,0.007768510621832519
2017-01-11,15.4,15.54,15.23,15.29,34636462.0,858835211.0,5970602378.999999,0.005801167085221504
2017-01-12,15.26,15.32,15.04,15.06,38412942.0,940257111.0,5970602378.999999,0.006433679478490692
2017-01-13,15.1,15.15,14.96,14.97,41436082.0,1005205173.0,5970602378.999999,0.00694001699824131
2017-01-16,14.97,14.97,14.44,14.74,61220402.0,1457234413.0,5970602378.999999,0.010253639099352257
2017-01-17,14.74,14.99,14.68,14.98,38634110.0,925964108.0,5970602378.999999,0.006470722306996221
2017-01-18,15.03,15.58,15.03,15.47,91867891.0,2283523984.0,5970602378.999999,0.015386703915022176
2017-01-19,15.49,15.58,15.35,15.42,37953089.0,946378827.0,5970602378.999999,0.006356659946656281
2017-01-20,15.42,15.83,15.42,15.72,68414335.0,1734380410.0,5970602378.999999,0.011458531427352987
2017-01-23,15.81,16.01,15.62,15.66,58959326.0,1503455637.0,5970602378.999999,0.009874937612220452
2017-01-24,15.66,15.76,15.55,15.69,39939144.0,1007975378.0,5970602378.999999,0.006689298912363564
2017-01-25,15.65,15.8,15.57,15.8,32106771.0,813670358.0,5970602378.999999,0.005377476000231903
2017-01-26,15.8,16.07,15.8,15.97,51972770.0,1339623040.0,5970602378.999999,0.00870477829553687
2017-02-03,15.92,15.97,15.68,15.73,32540374.0,828281941.0,5970602378.999999,0.005450098990757128
2017-02-06,15.73,15.83,15.58,15.65,42327303.0,1071342666.0,5970602378.999999,0.007089285186512335
2017-02-07,15.63,15.63,15.48,15.57,45110333.0,1130717750.0,5970602378.999999,0.007555407333548716
2017-02-08,15.6,15.77,15.55,15.71,41213856.0,1041008672.0,5970602378.999999,0.00690279696818511
2017-02-09,15.74,15.99,15.74,15.87,58511631.0,1498636521.0,5970602378.999999,0.009799954390833168
2017-02-10,15.92,16.22,15.87,16.09,76644327.0,1987487233.0,5970602378.999999,0.012836950467439595
2017-02-13,16.09,16.81,16.07,16.79,120803896.0,3225202441.0,5970602378.999999,0.02023311691712975
2017-02-14,16.92,17.19,16.59,16.67,98828803.0,2681881305.0,5970602378.999999,0.01655256818769308
2017-02-15,16.67,16.95,16.57,16.72,79556516.0,2154887219.0,5970602378.999999,0.013324705105102764
2017-02-16,16.67,17.1,16.62,17.1,74533260.0,2025265253.0,5970602378.999999,0.012483373580888732
2017-02-17,17.16,17.29,16.84,16.98,77363182.0,2126943427.0,5970602378.999999,0.012957349541832554
2017-02-20,17.01,17.76,17.01,17.69,132671204.0,3750275436.0,5970602378.999999,0.022220740149542628
2017-02-21,17.65,17.74,17.39,17.5,89410466.0,2527256904.0,5970602378.999999,0.014975116466384943
2017-02-22,17.41,17.66,17.29,17.55,65162077.0,1843088776.0,5970602378.999999,0.010913819555157486
2017-02-23,17.54,17.71,17.23,17.29,70864493.0,1988514064.0,5970602378.999999,0.011868901745868549
2017-02-24,17.33,17.44,16.87,17.26,69085597.0,1911712210.0,5970602378.999999,0.011570959279249638
2017-02-27,17.23,17.23,16.79,16.81,71562580.0,1957749420.0,5970602378.999999,0.011985822444264967
2017-02-28,16.79,17.08,16.79,17.0,43479851.0,1188971090.0,5970602378.999999,0.007282322325286436
2017-03-01,17.04,17.19,16.92,17.01,41125794.0,1132609343.0,5970602378.999999,0.006888047702631983
2017-03-02,17.04,17.12,16.87,16.92,36512242.0,999655153.0,5970602378.999999,0.006115336390248004
2017-03-03,16.9,16.99,16.76,16.92,39569673.0,1077032421.0,5970602378.999999,0.006627417216590367
2017-03-06,16.92,17.5,16.92,17.44,87432763.0,2449349235.0,5970602378.999999,0.014643876354506778
2017-03-07,17.47,17.57,17.38,17.49,51419658.0,1450328122.0,5970602378.999999,0.008612139066713759
2017-03-08,17.52,17.65,17.26,17.41,49569417.0,1397943468.0,5970602378.999999,0.008302247219534698
2017-03-09,17.49,17.89,17.49,17.6,73204756.0,2085704813.0,5970602378.999999,0.012260866048872757
2017-03-10,17.67,17.99,17.54,17.94,94750593.0,2728650613.0,5970602378.999999,0.015869519855025
2017-03-13,17.97,18.25,17.72,17.89,95811620.0,2789925948.0,5970602378.999999,0.01604722838971689
2017-03-14,17.89,17.94,17.65,17.79,61149347.0,1756199974.0,5970602378.999999,0.01024173829010562
2017-03-15,17.81,18.31,17.72,18.15,78232482.0,2286744170.0,5970602378.999999,0.013102946241264011
2017-03-16,18.21,18.46,18.01,18.11,64965590.0,1904371492.0,5970602378.999999,0.010880910480406321
2017-03-17,18.11,18.27,17.85,17.85,56588385.0,1643675866.0,5970602378.999999,0.00947783513419593
2017-03-20,18.02,18.25,17.9,18.13,66125991.0,1928051349.0,5970602378.999999,0.011075262896852843
2017-03-21,18.22,18.81,18.11,18.8,113584119.0,3390731518.0,5970602378.999999,0.019023896047658747
2017-03-22,18.67,19.02,18.59,18.9,86570064.0,2630659167.0,5970602378.999999,0.014499385238663206
2017-03-23,18.82,19.37,18.7,19.33,86586813.0,2653782759.0,5970602378.999999,0.014502190483249397
2017-03-24,19.43,20.25,19.39,19.54,128281355.0,4089320722.0,5970602378.999999,0.02148549624593918
2017-03-27,19.52,19.96,19.01,19.03,104318818.0,3267187186.0,5970602378.999999,0.017472075910952237
2017-03-28,19.05,19.31,18.74,19.08,75417342.0,2307174946.0,5970602378.999999,0.012631446077410947
2017-03-29,19.08,19.45,18.89,19.33,65734565.0,2034049790.0,5970602378.999999,0.011009704017672286
2017-03-30,19.26,19.43,18.65,19.03,76424353.0,2350905177.0,5970602378.999999,0.012800107618755902
2017-03-31,18.99,19.64,18.92,19.64,82560679.0,2580533487.0,5970602378.999999,0.013827864218589595
2017-04-05,19.67,19.79,19.37,19.49,98651882.0,3111440159.0,5970602378.999999,0.016522936169218315
2017-04-06,19.45,19.83,19.32,19.83,73979507.0,2338718342.0,5970602378.999999,0.01239062699271403
2017-04-07,19.78,20.2,19.67,19.71,80584365.0,2588674900.0,5970602378.999999,0.013496856746554419
2017-04-10,19.71,19.79,19.46,19.53,54280281.0,1715762488.0,5970602378.999999,0.009091257054885518
2017-04-11,19.46,19.57,18.42,19.1,124929953.0,3826328897.0,5970602378.999999,0.020924179014065278
2017-04-12,18.9,19.26,18.71,19.09,58543347.0,1800331879.0,5970602378.999999,0.009805266417658392
2017-04-13,19.08,19.43,18.99,19.36,52023072.0,1619592445.0,5970602378.999999,0.008713203241096288
2017-04-14,19.36,19.36,19.0,19.01,40518564.0,1250165175.0,5970602378.999999,0.006786344396758565
2017-04-17,19.08,19.67,19.06,19.67,81571243.0,2559189780.0,5970602378.999999,0.013662146266330695
2017-04-18,19.7,20.16,19.61,19.97,102956985.0,3320750056.0,5970602378.999999,0.01724398619511554
2017-04-19,19.95,20.58,19.85,20.58,122898683.0,4010426701.0,5970602378.999999,0.020583967110632477
2017-04-20,20.59,21.18,20.45,20.46,108298933.0,3643149371.0,5970602378.999999,0.018138694578106993
2017-04-21,20.35,20.67,20.18,20.39,74958101.0,2465238224.0,5970602378.999999,0.012554529047796772
2017-04-24,20.32,20.63,19.83,20.14,64325756.0,2102623267.0,5970602378.999999,0.01077374641899596
2017-04-25,20.21,20.99,20.18,20.97,91947057.0,3053097063.0,5970602378.999999,0.01539996321366153
2017-04-26,21.07,21.68,20.62,20.71,140373802.0,4786754130.0,5970602378.999999,0.02351082739887811
2017-04-27,20.86,20.94,20.29,20.81,105919431.0,3519960892.0,5970602378.999999,0.01774015824141017
2017-04-28,20.86,20.88,20.14,20.45,102720474.0,3375340818.0,5970602378.999999,0.017204373609150704
2017-05-02,20.26,20.5,19.99,20.43,79112710.0,2591260291.0,5970602378.999999,0.013250373241778392
2017-05-03,20.44,20.62,20.14,20.23,70024844.0,2291726435.0,5970602378.999999,0.011728271212012661
2017-05-04,20.24,20.4,20.09,20.24,47385261.0,1549780817.0,5970602378.999999,0.007936428854593468
2017-05-05,20.13,20.48,20.05,20.3,78196660.0,2560593530.0,5970602378.999999,0.013096946511634386
2017-05-08,20.2,20.45,19.62,19.63,92333765.0,2985580389.0,5970602378.999999,0.015464731887817447
2017-05-09,19.55,19.55,18.94,19.31,96349426.0,2983087403.0,5970602378.999999,0.01613730405811035
2017-05-10,19.49,19.81,19.39,19.51,70427368.0,2229272679.0,5970602378.999999,0.011795688865115098
2017-05-11,19.39,20.39,19.31,20.37,98916592.0,3187443471.0,5970602378.999999,0.01656727172921659
2017-05-12,20.43,20.53,20.18,20.49,66809828.0,2193954997.0,5970602378.999999,0.011189796901395703
2017-05-15,20.49,20.63,20.31,20.47,52478210.0,1735105335.0,5970602378.999999,0.008789433070367924
2017-05-16,20.32,20.81,20.14,20.81,76619765.0,2534770873.0,5970602378.999999,0.012832836644672501
2017-05-17,20.71,21.04,20.37,20.4,80661516.0,2688149454.0,5970602378.999999,0.013509778558308516
2017-05-18,20.26,20.43,20.14,20.22,42048807.0,1376359053.0,5970602378.999999,0.007042640646762119
2017-05-19,20.28,20.68,20.27,20.51,55586730.0,1840866865.0,5970602378.999999,0.009310070654765338
2017-05-22,20.54,20.99,20.33,20.96,77215795.0,2587261397.0,5970602378.999999,0.012932664092920668
2017-05-23,20.94,21.18,20.83,21.06,85016398.0,2883781878.0,5970602378.999999,0.014239165933913552
2017-05-24,20.91,21.07,20.57,20.91,68440579.0,2301357328.0,5970602378.999999,0.011462926963738445
2017-05-25,20.76,21.06,20.7,20.81,46546710.0,1567669697.0,5970602378.999999,0.0077959822217797715
2017-05-26,20.87,21.25,20.85,21.11,56098814.0,1905105099.0,5970602378.999999,0.009395838215137658
2017-05-31,21.15,21.19,20.73,21.12,70787353.0,2395871863.0,5970602378.999999,0.01185598177647462
2017-06-01,21.02,21.24,20.97,21.05,50385538.0,1717571073.0,5970602378.999999,0.00843893711247925
2017-06-02,21.09,21.12,20.63,20.76,59104049.0,1986512186.0,5970602378.999999,0.00989917687499719
2017-06-05,20.68,20.88,20.57,20.61,39084146.0,1304214354.0,5970602378.999999,0.006546097616124641
2017-06-06,20.61,21.25,20.61,21.23,79273316.0,2687060091.0,5970602378.999999,0.013277272705149943
2017-06-07,21.28,21.69,21.17,21.44,96207112.0,3333755907.0,5970602378.999999,0.01611346827221033
2017-06-08,21.5,22.52,21.49,22.46,113667099.0,4032706924.0,5970602378.999999,0.019037794142814417
2017-06-09,22.46,22.99,22.22,22.33,114405733.0,4163982768.0,5970602378.999999,0.019161505948276113
2017-06-12,22.31,23.28,22.24,23.28,99137599.0,3644884549.0,5970602378.999999,0.016604287592268757
2017-06-13,23.02,23.22,22.9,23.14,66878314.0,2489127055.0,5970602378.999999,0.011201267435799548
2017-06-14,23.16,23.42,22.41,22.57,87724616.0,3230802506.0,5970602378.999999,0.014692758021962396
2017-06-15,22.61,22.89,22.31,22.64,70247051.0,2554903630.0,5970602378.999999,0.01176548805981039
2017-06-16,22.58,22.83,22.26,22.3,65617093.0,2375342148.0,5970602378.999999,0.010990028950979992
2017-06-19,22.37,23.14,22.34,23.12,76160712.0,2801038415.0,5970602378.999999,0.012755951102668465
2017-06-20,23.36,23.45,22.88,23.12,85731758.0,3208216609.0,5970602378.999999,0.01435897964023506
2017-06-21,23.3,23.92,23.01,23.88,91981034.0,3485219205.0,5970602378.999999,0.015405653929244853
2017-06-22,23.88,24.58,23.79,23.93,128186288.0,4999227692.0,5970602378.999999,0.021469573731933828
2017-06-23,23.89,24.83,23.67,24.79,109628096.0,4299981930.0,5970602378.999999,0.018361312484245742
2017-06-26,24.79,25.75,24.67,25.18,122611768.0,4996430426.0,5970602378.999999,0.02053591249540485
2017-06-27,25.26,25.71,24.97,25.67,75671884.0,3083068769.0,5970602378.999999,0.012674078626665152
2017-06-28,25.58,25.75,24.85,25.01,89819589.0,3658564791.0,5970602378.999999,0.015043639368100686
2017-06-29,25.19,25.28,24.75,25.09,70681775.0,2847477072.0,5970602378.999999,0.011838298803585428
2017-06-30,25.07,25.75,24.88,25.51,82878428.0,3408326729.0,5970491879.0,0.013881340043608156
2017-07-03,25.59,25.75,24.84,25.09,73992678.0,3006312639.0,5970491879.0,0.012393062330467998
2017-07-04,25.09,25.13,24.09,24.7,104829316.0,4144721625.0,5970491879.0,0.017557902786655814
2017-07-05,24.73,25.5,24.14,25.48,95911898.0,3702630979.0,5970491879.0,0.01606432098791571
2017-07-06,25.57,25.7,25.09,25.44,71331863.0,2783254391.0,5970491879.0,0.011947401394329909
2017-07-07,25.24,25.37,24.8,24.92,66968140.0,2579599305.0,5970491879.0,0.011216519736932716
2017-07-10,24.98,25.55,24.96,25.35,65907620.0,2571348870.0,5970491879.0,0.011038892830893338
2017-07-11,25.5,27.03,25.42,26.95,142806067.0,5808663147.0,5970491879.0,0.023918643537945594
2017-07-12,26.95,27.09,26.24,26.47,86073449.0,3533183825.0,5970491879.0,0.01441647534983608
2017-07-13,26.46,26.85,26.26,26.61,50753833.0,2080356041.0,5970491879.0,0.008500779170057388
2017-07-14,26.49,26.82,26.22,26.66,44147333.0,1804089421.0,5970491879.0,0.007394253923245308
2017-07-17,26.66,27.05,26.22,26.64,78322613.0,3210524579.0,5970491879.0,0.01311828482264317
2017-07-18,26.35,26.62,25.77,26.11,72872977.0,2927970355.0,5970491879.0,0.012205523175789918
2017-07-19,25.96,26.51,25.79,25.95,78962167.0,3171031057.0,5970491879.0,0.01322540397010395
2017-07-20,25.95,26.8,25.79,26.63,91357883.0,3697041858.0,5970491879.0,0.015301567249648712
2017-07-21,26.61,26.74,26.3,26.42,52351580.0,2137371980.0,5970491879.0,0.008768386434648058
2017-07-24,26.41,27.12,26.19,26.8,75413888.0,3114367367.0,5970491879.0,0.012631101344472661
2017-07-25,26.79,26.96,26.56,26.62,46600364.0,1919287132.0,5970491879.0,0.0078051130366506944
2017-07-26,26.63,26.74,25.76,25.96,69488925.0,2796825575.0,5970491879.0,0.01163872699407117
2017-07-27,25.89,25.89,25.02,25.24,91957958.0,3597347169.0,5970491879.0,0.015402074044090665
2017-07-28,25.52,25.82,25.31,25.68,56751266.0,2243245355.0,5970491879.0,0.009505291548860676
2017-07-31,25.72,25.72,25.29,25.46,52741875.0,2068676312.0,5970491879.0,0.008833757095543317
2017-08-01,25.42,25.91,25.29,25.48,56747842.0,2236445113.0,5970491879.0,0.009504718061772947
2017-08-02,25.48,25.67,25.23,25.32,49557343.0,1938249717.0,5970491879.0,0.008300378595992728
2017-08-03,25.31,25.31,24.63,24.87,79637734.0,3055754105.0,5970491879.0,0.013338554948899546
2017-08-04,24.87,25.1,24.43,24.52,63947626.0,2423898844.0,5970491879.0,0.010710612675803624
2017-08-07,24.52,25.05,23.9,24.94,68958472.0,2614986109.0,5970491879.0,0.011549881215406642
2017-08-08,24.89,25.22,24.76,24.98,36830840.0,1420883974.0,5970491879.0,0.006168811673548213
2017-08-09,24.98,25.63,24.79,25.42,57254956.0,2237104880.0,5970491879.0,0.009589654782277277
2017-08-10,25.42,25.7,24.98,25.19,41532877.0,1624527438.0,5970491879.0,0.006956357673993915
2017-08-11,24.89,25.31,24.66,24.76,38057761.0,1462804255.0,5970491879.0,0.006374309147603147
2017-08-14,24.79,25.47,24.79,25.2,42768997.0,1661153019.0,5970491879.0,0.007163395892125959
2017-08-15,25.22,25.3,24.91,25.04,36954945.0,1425638793.0,5970491879.0,0.006189598068122588
2017-08-16,24.97,25.02,24.44,24.61,52873150.0,2008798043.0,5970491879.0,0.008855744396198014
2017-08-17,24.67,24.87,24.4,24.71,42034338.0,1595415736.0,5970491879.0,0.007040347571336174
2017-08-18,24.59,24.94,24.49,24.83,30106776.0,1149783174.0,5970491879.0,0.005042595586788169
2017-08-21,24.87,25.31,24.74,25.24,42879719.0,1663843372.0,5970491879.0,0.00718194076284079
2017-08-22,25.38,25.71,25.25,25.35,45697018.0,1794456954.0,5970491879.0,0.007653811264818906
2017-08-23,25.37,25.48,25.26,25.44,30427118.0,1190481321.0,5970491879.0,0.005096249792587651
2017-08-24,25.44,25.63,25.37,25.59,39525290.0,1556489873.0,5970491879.0,0.006620106148878994
2017-08-25,25.71,26.05,25.63,25.73,55122799.0,2194200663.0,5970491879.0,0.009232538979557668
2017-08-28,25.98,26.28,25.63,25.84,59268742.0,2371946249.0,5970491879.0,0.009926944580305994
2017-08-29,25.9,25.92,25.31,25.55,49217038.0,1936017880.0,5970491879.0,0.008243380779582164
2017-08-30,25.63,25.7,25.39,25.68,35484868.0,1397902890.0,5970491879.0,0.005943374301338699
2017-08-31,26.03,26.18,24.74,25.08,121464742.0,4734513900.0,5970491879.0,0.020344176738139066
2017-09-01,25.09,25.09,24.61,24.73,108211003.0,4132172293.0,5970491879.0,0.01812430285360748
2017-09-04,24.71,24.87,24.53,24.71,66997809.0,2546009098.0,5970491879.0,0.011221489009247508
2017-09-05,24.71,24.87,24.59,24.74,49734610.0,1895291002.0,5970491879.0,0.008330069114561809
2017-09-06,24.74,24.82,24.61,24.78,37648467.0,1433627094.0,5970491879.0,0.006305756336830619
2017-09-07,24.69,24.74,24.43,24.53,57646505.0,2180739699.0,5970491879.0,0.0096552354761188
2017-09-08,24.46,24.53,24.02,24.07,85439379.0,3185833003.0,5970491879.0,0.014310274719661837
2017-09-11,24.02,24.35,23.87,24.08,51366780.0,1909925567.0,5970491879.0,0.008603441900770736
2017-09-12,24.07,24.07,23.63,23.82,75672420.0,2775098441.0,5970491879.0,0.012674402969403989
2017-09-13,23.82,24.32,23.72,24.22,71801951.0,2675484820.0,5970491879.0,0.012026136615736614
2017-09-14,24.22,24.43,24.03,24.33,48119799.0,1799778619.0,5970491879.0,0.008059603793994207
2017-09-15,24.33,24.72,24.16,24.62,64850210.0,2455655408.0,5970491879.0,0.01086178681995993
2017-09-19,24.66,24.91,24.17,24.2,63120111.0,2378462972.0,5970491879.0,0.010572011867566934
2017-09-20,24.27,24.65,24.2,24.55,47074013.0,1775328620.0,5970491879.0,0.007884444691328254
2017-09-21,24.63,24.76,24.52,24.65,43529792.0,1653883164.0,5970491879.0,0.007290821741690539
2017-09-22,24.59,25.72,24.57,25.47,112424816.0,4365069738.0,5970491879.0,0.01883007602697386
2017-09-25,25.44,25.65,25.1,25.26,61059034.0,2385676950.0,5970491879.0,0.010226801281610118
2017-09-26,25.25,25.39,24.79,24.92,46208579.0,1780413303.0,5970491879.0,0.007739492815077657
2017-09-27,24.97,25.17,24.74,25.02,34762077.0,1339555753.0,5970491879.0,0.005822313756470985
2017-09-28,25.02,25.06,24.57,24.59,47943626.0,1823947463.0,5970491879.0,0.008030096509909348
2017-09-29,24.62,24.82,24.53,24.59,34761991.0,1320958296.0,5970491879.0,0.005822299352297637
2017-10-09,24.98,25.68,24.67,25.37,116683015.0,4561599648.0,5970491879.0,0.019543283428691854
2017-10-10,25.49,25.66,24.76,25.17,85889566.0,3326469753.0,5970491879.0,0.014385676714861503
2017-10-11,25.11,26.09,25.0,25.92,140421926.0,5565205792.0,5970491879.0,0.023519322837353782
2017-10-12,25.94,26.34,25.85,26.23,96935922.0,3905487043.0,5970491879.0,0.01623583516476298
2017-10-13,26.25,26.37,25.86,26.13,53133407.0,2137936480.0,5970491879.0,0.008899334942048249
2017-10-16,26.13,26.35,25.63,25.63,56472293.0,2265666559.0,5970491879.0,0.009458566252912911
2017-10-17,25.8,26.4,25.56,26.4,83201264.0,3345972334.0,5970491879.0,0.01393541197043474
2017-10-18,26.41,26.74,26.22,26.73,77649402.0,3170317965.0,5970491879.0,0.013005528451201164
2017-10-19,26.6,26.96,26.33,26.64,66751228.0,2740216346.0,5970491879.0,0.011180189061940436
2017-10-20,26.55,26.55,25.98,26.28,49367747.0,1996317026.0,5970491879.0,0.00826862308843281
2017-10-23,26.28,26.54,26.02,26.37,39702235.0,1604936746.0,5970491879.0,0.006649742735543213
2017-10-24,26.17,26.9,26.13,26.78,66961177.0,2748037877.0,5970491879.0,0.011215353501362664
2017-10-25,26.74,27.22,26.67,27.13,72821082.0,3026015991.0,5970491879.0,0.01219683126211652
2017-10-26,27.26,28.29,27.06,27.83,96332780.0,4121241886.0,5970491879.0,0.016134814677301733
2017-10-27,27.71,28.42,27.65,28.4,69254232.0,2995886913.0,5970491879.0,0.011599418172493926
2017-10-30,28.49,28.75,27.71,28.39,64570923.0,2814220816.0,5970491879.0,0.010815008932030405
2017-10-31,28.42,28.42,27.41,27.61,83680955.0,3585626754.0,5970491879.0,0.014015755602035215
2017-11-01,27.64,27.96,26.99,27.12,95161058.0,4016069703.0,5970491879.0,0.015938562505161395
2017-11-02,27.14,27.43,26.83,27.42,54494064.0,2280661981.0,5970491879.0,0.009127231910602185
2017-11-03,27.43,27.63,26.99,27.14,54352787.0,2285683239.0,5970491879.0,0.009103569371088999
2017-11-06,27.16,28.37,27.12,28.25,92070149.0,3960060220.0,5970491879.0,0.015420864958185131
2017-11-07,28.29,29.2,28.16,28.68,86112931.0,3811237368.0,5970491879.0,0.014423088205326073
2017-11-08,28.66,29.2,28.11,28.25,81593662.0,3622380993.0,5970491879.0,0.013666154088072582
2017-11-09,28.26,28.43,27.64,28.38,64126897.0,2771262790.0,5970491879.0,0.0107406388451098
2017-11-10,28.37,29.68,28.33,29.64,104365955.0,4679543385.0,5970491879.0,0.017480294273087647
2017-11-13,29.82,30.15,29.43,29.62,74742854.0,3422990024.0,5970491879.0,0.012518709599604834
2017-11-14,29.51,29.53,28.8,29.11,66872141.0,2998018442.0,5970491879.0,0.011200440827197044
2017-11-15,28.99,29.63,28.82,29.5,63315260.0,2856735491.0,5970491879.0,0.010604697449250144
2017-11-16,29.27,29.76,28.88,29.76,65831356.0,2977224912.0,5970491879.0,0.011026119343960337
2017-11-17,29.65,30.04,29.19,29.82,87695140.0,4016694460.0,5970491879.0,0.01468809300427155
2017-11-20,29.53,29.81,29.01,29.73,61738643.0,2798212143.0,5970491879.0,0.010340629256553085
2017-11-21,29.73,31.02,29.66,31.02,121642974.0,5737165953.0,5970491879.0,0.020374028884932345
2017-11-22,31.06,31.27,30.47,30.73,87758513.0,4170542737.0,5970491879.0,0.014698707372615789
2017-11-23,30.51,30.6,28.94,29.21,95831030.0,4404014827.0,5970491879.0,0.016050776375237406
2017-11-24,28.94,29.55,28.23,29.53,109609343.0,4854461036.0,5970491879.0,0.018358511362443812
2017-11-27,29.17,29.17,28.32,28.58,72747790.0,3202360573.0,5970491879.0,0.012184555556615975
2017-11-28,28.36,28.81,28.23,28.55,43287432.0,1899658956.0,5970491879.0,0.007250228771310251
2017-11-29,28.65,28.73,27.39,27.55,74655846.0,3199282892.0,5970491879.0,0.012504136595945615
2017-11-30,27.58,27.86,27.3,27.55,48598306.0,2062599215.0,5970491879.0,0.00813974911697556
2017-12-01,27.59,27.71,26.93,27.01,69990807.0,2935892426.0,5970491879.0,0.01172278740486668
2017-12-04,26.93,27.59,26.82,27.36,70067071.0,2950064445.0,5970491879.0,0.011735560891799682
2017-12-05,27.13,27.87,27.11,27.58,73080506.0,3103905285.0,5970491879.0,0.01224028228847374
2017-12-06,27.51,27.72,26.64,27.22,64766148.0,2723855339.0,5970491879.0,0.010847707242983087
2017-12-07,27.11,27.29,26.41,26.48,60552816.0,2495845193.0,5970491879.0,0.010142014632493231
2017-12-08,26.53,27.35,26.53,27.05,57638126.0,2398507435.0,5970491879.0,0.009653832074159664
2017-12-11,27.45,28.29,27.33,28.19,81897492.0,3530708393.0,5970491879.0,0.013717042692589181
2017-12-12,28.29,28.66,27.9,27.92,55132465.0,2403243767.0,5970491879.0,0.009234157941645867
2017-12-13,28.02,28.62,27.91,28.52,58537097.0,2552142089.0,5970491879.0,0.009804401075544951
2017-12-14,28.55,28.66,28.1,28.37,41619750.0,1816881084.0,5970491879.0,0.006970908066450785
2017-12-15,28.36,28.36,27.94,27.97,33929331.0,1470762063.0,5970491879.0,0.005682836806015862
2017-12-18,27.94,28.59,27.83,28.52,53695854.0,2349247937.0,5970491879.0,0.008993539408179136
2017-12-19,28.39,29.16,28.36,28.93,59016695.0,2618681793.0,5970491879.0,0.009884729130539364
2017-12-20,28.9,29.41,28.68,28.86,55761065.0,2501089139.0,5970491879.0,0.009339442399399
2017-12-21,28.95,29.34,28.76,29.24,45303235.0,2032687831.0,5970491879.0,0.007587856397451102
2017-12-22,29.2,29.45,28.94,29.25,32206075.0,1448117098.0,5970491879.0,0.005394207990346385
2017-12-25,29.27,29.85,29.27,29.47,50077060.0,2284269892.0,5970491879.0,0.008387426197854141
2017-12-26,29.59,29.6,28.74,28.98,38228901.0,1713187572.0,5970491879.0,0.006402973452566353
2017-12-27,29.03,29.06,27.97,28.02,53113632.0,2324725517.0,5970491879.0,0.008896022819630067
2017-12-28,28.13,28.73,27.99,28.38,43124387.0,1890649803.0,5970491879.0,0.0072229203010360545
2017-12-29,28.49,28.81,28.19,28.36,36847964.0,1617705800.0,5970491879.0,0.00617167977894841
2018-01-02,28.68,29.33,28.67,29.3,58714642.0,2631043551.0,5969568329.0,0.009835659592799344
2018-01-03,29.4,30.15,29.33,29.62,79430489.0,3645804182.0,5969568329.0,0.013305901636828387
2018-01-04,29.85,30.23,29.67,30.23,64048524.0,2965733851.0,5969568329.0,0.010729171770905783
2018-01-05,30.37,31.12,30.05,31.07,78186580.0,3697662850.0,5969568329.0,0.013097526603418161
2018-01-08,31.26,31.76,30.69,31.04,78863047.0,3791400026.0,5969568329.0,0.013210845852435505
2018-01-09,30.97,32.11,30.88,32.06,76885691.0,3757485324.0,5969568329.0,0.012879606491225071
2018-01-10,31.99,33.72,31.78,33.13,108682406.0,5488722759.0,5969568329.0,0.01820607454512646
2018-01-11,32.97,33.82,32.59,32.96,68411366.0,3497294266.0,5969568329.0,0.011460018920909146
2018-01-12,32.96,34.7,32.6,34.59,85482106.0,4446926501.0,5969568329.0,0.01431964612662699
2018-01-15,34.52,35.79,34.39,35.43,96944100.0,5261158377.0,5969568329.0,0.01623971695391243
2018-01-16,35.11,36.0,34.66,35.28,81664860.0,4449132671.0,5969568329.0,0.013680195199923308
2018-01-17,35.03,35.66,33.52,33.77,96872409.0,5115844860.0,5969568329.0,0.016227707542837977
2018-01-18,33.55,34.45,33.48,33.91,60653125.0,3179439201.0,5969568329.0,0.01016038709287383
2018-01-19,33.8,34.24,33.18,33.39,60804729.0,3153380486.0,5969568329.0,0.010185783234042617
2018-01-22,33.42,36.73,33.42,36.73,113054174.0,6167126433.0,5969568329.0,0.018938416945625015
2018-01-23,36.66,36.92,35.98,36.85,81173819.0,4562667009.0,5969568329.0,0.013597937828378611
2018-01-24,36.79,36.81,35.81,36.19,62758287.0,3501233973.0,5969568329.0,0.01051303604234195
2018-01-25,35.98,36.58,35.24,35.95,59065207.0,3265701155.0,5969568329.0,0.009894384944563385
2018-01-26,35.7,38.09,35.54,37.25,86782919.0,4941356666.0,5969568329.0,0.014537553507581269
2018-01-29,36.99,37.68,35.69,36.2,83229496.0,4687003921.0,5969568329.0,0.013942297233733532
2018-01-30,35.91,36.01,35.2,35.27,64305910.0,3524233633.0,5969568329.0,0.010772288121337625
2018-01-31,35.04,36.7,34.96,36.3,66728456.0,3696248459.0,5969568329.0,0.011178104064214323
2018-02-01,36.52,36.57,35.07,36.07,70318799.0,3879257590.0,5969568329.0,0.011779545039863802
2018-02-02,35.7,36.26,35.17,36.01,48599628.0,2682193469.0,5969568329.0,0.008141229871497464
2018-02-05,35.53,36.01,34.17,35.07,83155800.0,4505255066.0,5969568329.0,0.013929951952477267
2018-02-06,33.87,34.95,33.55,34.67,98062601.0,5167162347.0,5969568329.0,0.016427084103152745
2018-02-07,35.33,35.62,32.51,32.63,91032630.0,4764071921.0,5969568329.0,0.015249449371031733
2018-02-08,32.64,33.65,31.89,33.09,87365556.0,4437408656.0,5969568329.0,0.014635154702155014
2018-02-09,31.86,32.37,31.26,32.09,97781828.0,4804048182.0,5969568329.0,0.016380050049009165
2018-02-12,32.24,33.65,32.17,33.43,76337268.0,3873398512.0,5969568329.0,0.012787736699344849
2018-02-13,33.81,34.85,33.81,34.0,61685032.0,3252800949.0,5969568329.0,0.010333248335618474
2018-02-14,34.07,35.29,34.07,35.2,47957181.0,2563471143.0,5969568329.0,0.008033609527011413
2018-02-22,35.84,36.21,35.4,35.68,61822606.0,3409630847.0,5969568329.0,0.010356294223096077
2018-02-23,35.69,35.85,34.96,35.08,56694257.0,3087345043.0,5969568329.0,0.009497212172709515
2018-02-26,35.55,35.63,34.81,35.46,52646601.0,2865393015.0,5969568329.0,0.008819163815286987
2018-02-27,35.46,35.46,33.63,33.75,115739139.0,6096349900.0,5969568329.0,0.019388192348472236
2018-02-28,33.15,34.07,32.74,33.54,61889366.0,3197420907.0,5969568329.0,0.010367477611294463
2018-03-01,33.32,33.91,33.1,33.47,52937677.0,2732302855.0,5969568329.0,0.008867923789871071
2018-03-02,33.13,34.19,32.95,34.06,56326174.0,2931942916.0,5969568329.0,0.009435552270399349
2018-03-05,34.05,34.16,33.3,33.5,40880731.0,2117091524.0,5969568329.0,0.006848188804775468
2018-03-06,33.7,33.72,32.78,33.66,45887465.0,2349387062.0,5969568329.0,0.007686898360318609
2018-03-07,33.66,34.06,33.33,33.56,33301314.0,1731324139.0,5969568329.0,0.005578512911599173
2018-03-08,33.43,34.59,33.23,34.5,54830779.0,2870027551.0,5969568329.0,0.009185049232728199
2018-03-09,34.5,34.76,34.15,34.42,47388746.0,2513600475.0,5969568329.0,0.007938387398932477
2018-03-12,34.62,35.01,33.94,34.58,65329970.0,3478909358.0,5969568329.0,0.010943834863674947
2018-03-13,34.52,34.85,34.16,34.39,46368411.0,2470216977.0,5969568329.0,0.007767464654813234
2018-03-14,34.13,34.33,33.75,33.86,41314548.0,2162866978.0,5969568329.0,0.006920860223560061
2018-03-15,33.74,34.95,33.7,34.91,75744366.0,4042627507.0,5969568329.0,0.012688415949950006
2018-03-16,34.9,34.94,34.54,34.67,74918126.0,4012414165.0,5969568329.0,0.01255000728210946
2018-03-19,34.6,34.62,34.07,34.35,36999780.0,1953196702.0,5969568329.0,0.006198066252170375
2018-03-20,34.13,34.17,33.55,33.87,43432155.0,2261032568.0,5969568329.0,0.007275593913383616
2018-03-21,33.91,34.14,33.54,33.55,35739786.0,1862770789.0,5969568329.0,0.005986996719072147
2018-03-22,33.55,33.71,32.32,32.38,84282065.0,4246434652.0,5969568329.0,0.01411861969827199
2018-03-23,31.08,31.93,30.12,31.72,89701743.0,4313331270.0,5969568329.0,0.015026504104866575
2018-03-26,31.21,31.47,30.68,31.23,55748522.0,2666239687.0,5969568329.0,0.00933878614458188
2018-03-27,31.71,31.96,30.51,30.78,59263054.0,2850105401.0,5969568329.0,0.009927527542000264
2018-03-28,30.5,30.5,29.21,29.53,93407226.0,4285924668.0,5969568329.0,0.01564723290731597
2018-03-29,29.67,30.82,28.9,30.56,84705533.0,3905497643.0,5969568329.0,0.014189557490866271
2018-03-30,30.49,30.95,30.3,30.43,50675548.0,2389060263.0,5969568329.0,0.008488980309316432
2018-04-02,30.26,30.86,29.75,29.83,50899609.0,2364191581.0,5969568329.0,0.008526514179045592
2018-04-03,29.53,30.16,29.29,29.93,37204690.0,1711854365.0,5969568329.0,0.006232392017235255
2018-04-04,30.04,30.79,29.8,30.37,49121551.0,2304030444.0,5969568329.0,0.008228660481423565
2018-04-09,30.27,30.49,29.47,29.67,50526163.0,2321739100.0,5969568329.0,0.008463955886817691
2018-04-10,29.79,30.94,29.79,30.94,58234674.0,2732963505.0,5969568329.0,0.009755257129246271
2018-04-11,31.15,31.71,31.13,31.23,53506850.0,2587784012.0,5969568329.0,0.008963269544979523
2018-04-12,31.23,31.41,30.89,31.02,31813832.0,1524962479.0,5969568329.0,0.005329335430411152
2018-04-13,31.26,31.5,30.58,30.79,33791871.0,1615317002.0,5969568329.0,0.005660689205254593
2018-04-16,30.79,30.99,29.69,29.97,52929896.0,2459699593.0,5969568329.0,0.008866620345539561
2018-04-17,29.94,30.16,29.33,29.39,51866284.0,2369145147.0,5969568329.0,0.008688447998498485
2018-04-18,29.77,29.88,29.04,29.43,45172183.0,2046752061.0,5969568329.0,0.007567076966110727
2018-04-19,29.6,30.93,29.43,30.89,66392257.0,3114645681.0,5969568329.0,0.011121785251618317
2018-04-20,31.04,31.99,30.88,31.05,76721481.0,3713014389.0,5969568329.0,0.012852098639576523
2018-04-23,31.21,32.29,31.21,32.26,76366234.0,3758734470.0,5969568329.0,0.012792588976495154
2018-04-24,32.5,33.13,32.32,32.57,68244211.0,3440975291.0,5969568329.0,0.011432017733756641
2018-04-25,32.45,33.06,32.26,32.49,43375133.0,2172387271.0,5969568329.0,0.007266041798916144
2018-04-26,29.28,30.64,29.24,29.58,374562478.0,17120544884.0,5969568329.0,0.06274532049166531
2018-04-27,30.04,30.11,28.6,28.6,229328728.0,10364328132.0,5969568329.0,0.03841630003394505
2018-05-02,28.7,29.53,28.7,29.33,97417831.0,4377469457.0,5969568329.0,0.016319074618301434
2018-05-03,29.31,29.78,28.93,29.71,93089614.0,4216684248.0,5969568329.0,0.015594027720190955
2018-05-04,29.71,30.41,29.66,29.77,86575306.0,4005374116.0,5969568329.0,0.014502774945957067
2018-05-07,29.97,30.4,29.43,30.32,94224179.0,4362155954.0,5969568329.0,0.01578408585127697
2018-05-08,30.35,31.28,30.34,31.15,98575622.0,4715468536.0,5969568329.0,0.01651302348297486
2018-05-09,31.23,31.31,30.88,31.28,62349524.0,2987756535.0,5969568329.0,0.010444561576941454
2018-05-10,31.37,31.55,30.96,31.28,56093513.0,2697175417.0,5969568329.0,0.009396577760488852
2018-05-11,31.41,31.47,30.63,30.82,54755105.0,2612070656.0,5969568329.0,0.009172372604230225
2018-05-14,31.13,31.6,31.04,31.52,68431158.0,3309888878.0,5969568329.0,0.011463334403521826
2018-05-15,31.63,31.63,31.17,31.38,47644235.0,2299143889.0,5969568329.0,0.007981185970942925
2018-05-16,31.19,31.32,31.02,31.07,40971278.0,1966334069.0,5969568329.0,0.006863356903205655
2018-05-17,31.3,31.43,30.95,30.99,43653199.0,2094714139.0,5969568329.0,0.007312622386435205
2018-05-18,30.92,31.38,30.65,31.32,48718536.0,2332980431.0,5969568329.0,0.008161148899716364
2018-05-21,31.41,31.47,30.97,31.11,57405775.0,2754567564.0,5969568329.0,0.009616403035563612
2018-05-22,31.01,31.01,30.06,30.37,83949514.0,3931905072.0,5969568329.0,0.01406291198513895
2018-05-23,30.32,30.32,29.92,29.99,39970561.0,1852564323.0,5969568329.0,0.006695720493862865
2018-05-24,29.99,30.11,29.55,29.6,45100043.0,2071873145.0,5969568329.0,0.007554992340217503
2018-05-25,29.6,29.91,29.53,29.68,33685203.0,1543374765.0,5969568329.0,0.005642820576549598
2018-05-28,29.73,30.38,29.57,30.26,50153842.0,2327884462.0,5969568329.0,0.008401586050427467
2018-05-29,30.3,30.36,29.83,29.9,39108146.0,1809381305.0,5969568329.0,0.006551251923864192
2018-05-30,29.51,29.76,28.94,29.42,44397400.0,2012561663.0,5969568329.0,0.007437288184527287
2018-05-31,29.75,31.04,29.55,30.82,104390682.0,4896816201.0,5969568329.0,0.01748714081935756
2018-06-01,30.69,30.69,30.02,30.23,49574121.0,2317118532.0,5969568329.0,0.008304473333384974
2018-06-04,30.5,31.35,30.49,31.02,102494675.0,4905856028.0,5969568329.0,0.017169528741648482
2018-06-05,31.15,31.69,31.1,31.5,103309517.0,4998401889.0,5969568329.0,0.017306028058699855
2018-06-06,31.5,31.67,31.25,31.41,54554460.0,2643308481.0,5969568329.0,0.009138761296185509
2018-06-07,31.63,31.71,31.1,31.13,56442886.0,2729668568.0,5969568329.0,0.009455103432823107
2018-06-08,31.12,31.62,30.99,31.25,73404086.0,3541127530.0,5969568329.0,0.012296380903021908
2018-06-11,31.6,32.11,31.3,31.75,88036884.0,4306262764.0,5969568329.0,0.014747613084905858
2018-06-12,31.9,32.82,31.76,32.71,101023385.0,5039651581.0,5969568329.0,0.01692306368439258
2018-06-13,32.58,32.94,32.28,32.37,56532002.0,2843041527.0,5969568329.0,0.009470031815427772
2018-06-14,32.4,32.6,31.57,31.76,60791716.0,2994396181.0,5969568329.0,0.010183603344428692
2018-06-15,31.81,32.15,31.54,31.8,44982206.0,2207443064.0,5969568329.0,0.0075352527219560705
2018-06-19,31.16,31.47,30.32,30.71,92487401.0,4415222756.0,5969568329.0,0.015493147226525363
2018-06-20,30.64,31.27,30.42,31.07,50405810.0,2397185090.0,5969568329.0,0.008443794797545067
2018-06-21,31.08,31.69,30.93,31.06,48925961.0,2363811870.0,5969568329.0,0.008195895968276135
2018-06-22,30.82,31.22,30.41,31.19,45700588.0,2168283884.0,5969568329.0,0.0076555934166944355
2018-06-25,31.31,31.79,30.86,30.99,51231492.0,2482119784.0,5969568329.0,0.008582109991290126
2018-06-26,30.56,30.99,30.25,30.69,48389615.0,2283123677.0,5969568329.0,0.00810604927075289
2018-06-27,30.73,30.95,29.32,29.51,72707903.0,3356765097.0,5969568329.0,0.012179758902630696
2018-06-28,29.14,29.8,29.01,29.32,51444387.0,2333097921.0,5969568329.0,0.008617773374011747
2018-06-29,29.59,30.63,29.33,30.6,48587654.0,2252658770.0,5969568329.0,0.0081392240313194
2018-07-02,30.5,30.5,29.19,29.43,62894541.0,2881379867.0,5969815772.000001,0.01053542410722151
2018-07-03,29.44,29.66,27.97,28.94,80729650.0,3574460734.0,5969815772.000001,0.013522971743725024
2018-07-04,28.96,29.12,27.84,28.02,55188703.0,2416923725.0,5969815772.000001,0.009244624140471716
2018-07-05,28.42,28.9,28.12,28.17,52083304.0,2287457952.0,5969815772.000001,0.008724440751469139
2018-07-06,28.42,28.99,28.1,28.68,48774501.0,2147081616.0,5969815772.000001,0.008170185289262222
2018-07-09,29.06,29.95,28.82,29.86,60838197.0,2768288826.0,5969815772.000001,0.010190967246484736
2018-07-10,29.86,29.97,29.42,29.77,38756822.0,1775031634.0,5969815772.000001,0.006492130323649122
2018-07-11,29.07,29.62,28.81,29.39,31229807.0,1408057412.0,5969815772.000001,0.0052312848826049155
2018-07-12,29.3,30.32,29.3,29.92,44135425.0,2039515219.0,5969815772.000001,0.007393096652497502
2018-07-13,30.03,30.34,29.92,30.15,36846374.0,1711183739.0,5969815772.000001,0.006172112408027588
2018-07-16,30.31,30.63,29.89,30.14,30450373.0,1416062699.0,5969815772.000001,0.005100722394620655
2018-07-17,30.02,30.03,29.46,29.68,30106764.0,1373629187.0,5969815772.000001,0.005043164672050452
2018-07-18,29.72,30.09,28.88,29.1,48823454.0,2209185014.0,5969815772.000001,0.008178385374804158
2018-07-19,29.19,29.55,28.91,29.35,29247677.0,1319150131.0,5969815772.000001,0.004899259561271432
2018-07-20,29.14,29.37,28.4,29.24,62797184.0,2788281851.0,5969815772.000001,0.010519115898774503
2018-07-23,28.94,28.94,28.42,28.88,55466055.0,2447499441.0,5969815772.000001,0.009291083195590443
2018-07-24,29.19,29.83,28.93,29.71,67554087.0,3071358564.0,5969815772.000001,0.0113159416605193
2018-07-25,29.78,29.84,29.11,29.18,50459246.0,2277135612.0,5969815772.000001,0.008452395840532815
2018-07-26,29.2,29.38,28.81,28.88,33883220.0,1517735872.0,5969815772.000001,0.005675756387478684
2018-07-27,28.88,28.91,28.43,28.63,31911312.0,1405126520.0,5969815772.000001,0.0053454433467900984
2018-07-30,28.55,28.77,28.36,28.7,31568785.0,1389043418.0,5969815772.000001,0.00528806686934392
2018-07-31,28.57,28.88,28.49,28.66,21009836.0,928436163.0,5969815772.000001,0.0035193441141922054
2018-08-01,28.84,28.88,27.89,27.94,50146597.0,2185344705.0,5969815772.000001,0.008400024207648195
2018-08-02,27.9,27.9,26.32,26.68,79350394.0,3287575047.0,5969815772.000001,0.013291933458344582
2018-08-03,26.59,26.79,25.39,25.64,82263427.0,3283077933.0,5969815772.000001,0.013779893742422842
2018-08-06,25.73,25.89,25.06,25.2,59217113.0,2321179396.0,5969815772.000001,0.009919420508375446
2018-08-07,25.44,26.25,25.2,26.23,66269803.0,2635186006.0,5969815772.000001,0.011100812073769969
2018-08-08,26.23,26.28,25.38,25.43,47816648.0,1896958378.0,5969815772.000001,0.008009735949352507
2018-08-09,25.31,26.51,25.26,26.19,59635237.0,2401246371.0,5969815772.000001,0.009989460190665326
2018-08-10,26.5,26.71,26.24,26.41,39076142.0,1592555891.0,5969815772.000001,0.006545619411452752
2018-08-13,26.02,26.21,25.8,26.18,31910443.0,1278853114.0,5969815772.000001,0.005345297781159066
2018-08-14,26.25,26.27,25.76,25.96,25217061.0,1008666804.0,5969815772.000001,0.004224093667726669
2018-08-15,25.96,25.96,25.23,25.27,39900183.0,1562895761.0,5969815772.000001,0.0066836539893144285
2018-08-16,24.92,25.58,24.53,25.11,34871393.0,1350629171.0,5969815772.000001,0.0058412846110856495
2018-08-17,25.43,25.53,24.59,24.66,34113314.0,1311708602.0,5969815772.000001,0.005714299285415201
2018-08-20,24.59,24.89,24.24,24.89,36936070.0,1401297360.0,5969815772.000001,0.006187137327292383
2018-08-21,25.02,25.88,24.85,25.81,57693977.0,2271112063.0,5969815772.000001,0.00966428097674301
2018-08-22,25.77,25.77,25.37,25.49,27804813.0,1093520354.0,5969815772.000001,0.004657566340725597
2018-08-23,25.5,25.68,25.02,25.42,39532138.0,1545639451.0,5969815772.000001,0.006622003008102206
2018-08-24,25.29,25.49,25.1,25.27,29073278.0,1132523957.0,5969815772.000001,0.004870046096960192
2018-08-27,25.37,26.37,25.37,26.18,54521948.0,2186797146.0,5969815772.000001,0.009132936439298883
2018-08-28,26.26,26.66,26.18,26.37,39962569.0,1626500255.0,5969815772.000001,0.006694104228045849
2018-08-29,26.31,26.68,26.2,26.55,36108349.0,1474410744.0,5969815772.000001,0.006048486314997795
2018-08-30,26.6,26.86,25.89,26.35,48278906.0,1963324744.0,5969815772.000001,0.008087168489594053
2018-08-31,25.31,25.63,24.99,25.28,102467246.0,3993999181.0,5969815772.000001,0.017164222467399782
2018-09-03,25.16,25.16,24.73,24.96,52278011.0,2006035474.0,5969815772.000001,0.008757055995797652
2018-09-04,25.08,25.37,24.73,25.22,42231250.0,1627596686.0,5969815772.000001,0.007074129523070983
2018-09-05,25.02,25.07,24.39,24.41,61375742.0,2335170533.0,5969815772.000001,0.010281011063669385
2018-09-06,24.39,24.52,23.6,23.69,78445990.0,2900214457.0,5969815772.000001,0.01314043732604484
2018-09-07,23.82,24.13,23.37,23.71,53708811.0,1965460739.0,5969815772.000001,0.00899672838346342
2018-09-10,23.56,23.64,23.21,23.36,39319076.0,1416210101.0,5969815772.000001,0.006586313129530188
2018-09-11,23.38,23.7,23.37,23.51,36371378.0,1318211589.0,5969815772.000001,0.006092546133599513
2018-09-12,23.52,23.53,23.1,23.21,39131741.0,1403583087.0,5969815772.000001,0.006554932764179778
2018-09-13,23.5,23.68,23.23,23.65,43396528.0,1571759992.0,5969815772.000001,0.007269324491308606
2018-09-14,23.65,24.25,23.51,24.06,47100832.0,1733441067.0,5969815772.000001,0.007889830071627208
2018-09-17,23.82,24.17,23.7,23.88,29136680.0,1073300023.0,5969815772.000001,0.00488066652519809
2018-09-18,23.75,24.04,23.23,24.04,56751374.0,2075618238.0,5969815772.000001,0.009506386154524031
2018-09-19,23.88,25.23,23.82,24.9,95625651.0,3631562659.0,5969815772.000001,0.016018191289672513
2018-09-20,24.82,25.42,24.78,24.92,56476090.0,2180821745.0,5969815772.000001,0.009460273508755102
2018-09-21,25.11,26.03,24.98,25.87,82099433.0,3233924973.0,5969815772.000001,0.013752423212968788
2018-09-25,25.47,25.63,25.12,25.34,51620143.0,2015888625.0,5969815772.000001,0.00864685695027843
2018-09-26,25.5,25.95,25.25,25.52,59655848.0,2358120317.0,5969815772.000001,0.009992912726017702
2018-09-27,25.33,25.83,25.15,25.65,50495586.0,1989451763.0,5969815772.000001,0.008458483130557817
2018-09-28,25.72,26.24,25.72,26.09,50472250.0,2026749375.0,5969815772.000001,0.008454574132208244
2018-10-08,25.15,25.39,24.6,24.61,71541396.0,2754251142.0,5969815772.000001,0.011983853226350448
2018-10-09,25.08,25.42,24.98,25.2,45996819.0,1787840129.0,5969815772.000001,0.007704897564132066
2018-10-10,25.37,25.53,24.77,24.86,42694851.0,1649441008.0,5969815772.000001,0.00715178702837867
2018-10-11,24.14,24.57,23.88,24.04,71218833.0,2650450414.0,5969815772.000001,0.011929820905702816
2018-10-12,24.27,25.11,24.03,25.11,61374342.0,2323538713.0,5969815772.000001,0.010280776550569908
2018-10-15,25.11,25.27,24.59,24.76,47566508.0,1827392864.0,5969815772.000001,0.007967835158850191
2018-10-16,24.72,25.23,24.5,24.73,39089670.0,1497047317.0,5969815772.000001,0.006547885478031129
2018-10-17,25.18,25.24,24.37,24.95,41325035.0,1581461741.0,5969815772.000001,0.006922330031326132
2018-10-18,24.64,24.76,24.07,24.14,43330748.0,1628435482.0,5969815772.000001,0.00725830572582031
2018-10-19,23.93,25.1,23.92,25.07,56906095.0,2161112318.0,5969815772.000001,0.009532303369712761
2018-10-22,25.47,26.45,25.39,26.03,85076266.0,3399153710.0,5969815772.000001,0.014251070594008942
2018-10-23,25.88,26.34,25.18,25.46,69695043.0,2772693277.0,5969815772.000001,0.011674571822951053
2018-10-24,25.44,26.07,25.34,25.6,44367521.0,1757626691.0,5969815772.000001,0.0074319749041662705
2018-10-25,24.92,25.61,24.79,25.37,42077964.0,1630219796.0,5969815772.000001,0.007048452683809217
2018-10-26,25.63,25.72,25.02,25.18,38069883.0,1486496496.0,5969815772.000001,0.006377061613619254
2018-10-29,24.93,24.93,23.44,23.61,93306247.0,3435624331.0,5969815772.000001,0.01562966941754396
2018-10-30,23.52,24.29,23.36,24.01,50763552.0,1865534829.0,5969815772.000001,0.008503369942853906
2018-10-31,24.33,24.78,24.21,24.7,50725266.0,1920499131.0,5969815772.000001,0.00849695667962063
2018-11-01,25.02,25.59,24.99,25.11,61359258.0,2392012142.0,5969815772.000001,0.010278249839432397
2018-11-02,25.94,26.29,25.7,26.06,81441996.0,3264177480.0,5969815772.000001,0.013642296363982334
2018-11-05,25.87,26.15,25.66,25.94,46746921.0,1864181844.0,5969815772.000001,0.007830546667663566
2018-11-06,25.96,25.96,25.31,25.57,33294863.0,1309356359.0,5969815772.000001,0.005577201084857865
2018-11-07,25.7,25.9,25.38,25.42,31351158.0,1238519376.0,5969815772.000001,0.0052516123105582485
2018-11-08,25.7,25.79,25.36,25.43,26830348.0,1057217253.0,5969815772.000001,0.004494334335381229
2018-11-09,25.26,25.4,24.98,25.07,26105842.0,1011492372.0,5969815772.000001,0.004372972801345602
2018-11-12,25.07,25.47,24.87,25.44,29477913.0,1145355397.0,5969815772.000001,0.0049378262455366095
2018-11-13,25.04,25.76,24.99,25.57,35398971.0,1386090025.0,5969815772.000001,0.0059296588625113765
2018-11-14,25.31,25.42,25.15,25.18,32438395.0,1261729350.0,5969815772.000001,0.005433734681084225
2018-11-15,25.07,25.11,24.54,25.0,45549614.0,1744850882.0,5969815772.000001,0.0076299865422379725
2018-11-16,25.02,25.3,24.74,25.04,41865538.0,1616274188.0,5969815772.000001,0.007012869341188104
2018-11-19,25.04,25.26,24.75,25.22,38132622.0,1471161590.0,5969815772.000001,0.0063875709831536145
2018-11-20,25.07,25.07,24.56,24.65,41231029.0,1572229051.0,5969815772.000001,0.00690658314673366
2018-11-21,24.38,24.74,24.33,24.64,22112102.0,836940042.0,5969815772.000001,0.00370398398284107
2018-11-22,24.72,24.76,24.43,24.63,18714399.0,709273915.0,5969815772.000001,0.003134836938817347
2018-11-23,24.59,24.74,24.27,24.31,21844394.0,822633588.0,5969815772.000001,0.003659140387959027
2018-11-26,24.31,24.58,24.02,24.16,22090094.0,825555688.0,5969815772.000001,0.003700297436917287
2018-11-27,24.27,24.32,23.88,23.94,27146789.0,1005759488.0,5969815772.000001,0.004547341163746718
2018-11-28,23.98,24.4,23.98,24.4,27069552.0,1011449316.0,5969815772.000001,0.0045344032435579145
2018-11-29,24.63,24.65,24.02,24.06,25741960.0,963992221.0,5969815772.000001,0.004312019161585611
2018-11-30,24.11,24.15,23.8,23.91,38647757.0,1426265150.0,5969815772.000001,0.006473860915653059
2018-12-03,24.61,24.78,24.11,24.63,86638079.0,3269806013.0,5969815772.000001,0.014512688885033148
2018-12-04,24.46,24.65,24.36,24.56,36361010.0,1375266450.0,5969815772.000001,0.006090809396588528
2018-12-05,24.27,24.44,24.18,24.23,38699192.0,1447294417.0,5969815772.000001,0.006482476759418497
2018-12-06,23.98,23.99,23.63,23.69,63773779.0,2334525957.0,5969815772.000001,0.010682704699048792
2018-12-07,23.8,23.85,23.62,23.67,24497130.0,894734890.0,5969815772.000001,0.004103498488998263
2018-12-10,23.44,23.61,23.13,23.25,41531242.0,1490590676.0,5969815772.000001,0.006956871633257495
2018-12-11,23.35,23.53,23.26,23.46,23379643.0,842305449.0,5969815772.000001,0.00391630896043001
2018-12-12,23.68,23.69,23.43,23.58,22464116.0,815424159.0,5969815772.000001,0.0037629496215549206
2018-12-13,23.75,24.75,23.7,24.53,102343033.0,3842675995.0,5969815772.000001,0.017143415627667375
2018-12-14,24.4,24.63,24.16,24.22,46576303.0,1749393391.0,5969815772.000001,0.007801966556230271
2018-12-17,24.22,24.35,23.82,24.05,36371075.0,1346636145.0,5969815772.000001,0.006092495378264412
2018-12-18,23.84,24.17,23.69,23.88,33806503.0,1244422644.0,5969815772.000001,0.0056629055721554005
2018-12-19,23.98,24.0,23.61,23.64,27630413.0,1012093006.0,5969815772.000001,0.004628352708905
2018-12-20,23.61,23.74,23.4,23.56,31210379.0,1131443358.0,5969815772.000001,0.005228030510821598
2018-12-21,23.56,23.6,23.17,23.41,35808526.0,1285426783.0,5969815772.000001,0.0059982631571230995
2018-12-24,23.3,23.48,23.16,23.48,23683733.0,851441764.0,5969815772.000001,0.00396724688073004
2018-12-25,23.21,23.39,22.94,23.28,35960478.0,1281042095.0,5969815772.000001,0.0060237165389029354
2018-12-26,23.26,23.54,23.17,23.28,21488857.0,772737526.0,5969815772.000001,0.003599584613781277
2018-12-27,23.65,23.74,23.14,23.15,32759384.0,1182380437.0,5969815772.000001,0.005487503342004303
2018-12-28,23.24,23.38,23.08,23.16,25914434.0,927786895.0,5969815772.000001,0.00434091017038507
2019-01-02,23.65,23.65,23.17,23.23,42478984.0,1530288714.0,5970717628.0,0.007114552495464286
2019-01-03,23.23,23.48,23.2,23.31,25879802.0,930818185.0,5970717628.0,0.004334454183302068
2019-01-04,23.18,23.82,23.08,23.78,48961213.0,1778066631.0,5970717628.0,0.008200222494259947
2019-01-07,23.93,23.98,23.52,23.67,39269076.0,1433346231.0,5970717628.0,0.006576944087230916
2019-01-08,23.63,23.63,23.38,23.58,19302164.0,700121376.0,5970717628.0,0.0032328046982964776
2019-01-09,24.14,24.7,24.06,24.34,105806077.0,3985321488.0,5970717628.0,0.01772083082673626
2019-01-10,24.26,24.61,24.2,24.5,47756614.0,1803308973.0,5970717628.0,0.007998471369009783
2019-01-11,24.63,24.63,24.26,24.48,33092589.0,1246253762.0,5970717628.0,0.005542480998399679
2019-01-14,24.51,24.64,24.36,24.45,21177348.0,798844063.0,5970717628.0,0.0035468681186140326
2019-01-15,24.55,25.23,24.47,25.16,61271292.0,2358470585.0,5970717628.0,0.010261964443380307
2019-01-16,25.18,25.63,25.08,25.51,50192876.0,1965928908.0,5970717628.0,0.00840650640797646
2019-01-17,24.72,25.23,24.55,25.09,92745328.0,3563409526.0,5970717628.0,0.015533363621998437
2019-01-18,25.1,25.41,24.94,25.29,56937644.0,2211036288.0,5970717628.0,0.009536147503105467
2019-01-21,25.33,26.05,25.21,25.62,58980901.0,2334690125.0,5970717628.0,0.00987836047101037
2019-01-22,25.61,25.61,25.09,25.25,31945881.0,1243034903.0,5970717628.0,0.005350425692581421
2019-01-23,25.13,25.61,24.97,25.43,34826523.0,1365387904.0,5970717628.0,0.00583288729593896
2019-01-24,25.61,25.63,25.31,25.55,29729031.0,1168618112.0,5970717628.0,0.004979138665105199
2019-01-25,25.67,26.02,25.46,25.89,48283883.0,1926015444.0,5970717628.0,0.00808678051924113
2019-01-28,26.02,26.79,25.99,26.14,51847665.0,2107414535.0,5970717628.0,0.008683657179977428
2019-01-29,26.12,26.72,26.03,26.67,52298077.0,2131184235.0,5970717628.0,0.008759094008188457
2019-01-30,26.5,26.64,26.24,26.41,33230654.0,1355912045.0,5970717628.0,0.005565604684462562
2019-01-31,26.66,27.09,26.53,27.09,47374589.0,1963679969.0,5970717628.0,0.00793448827287265
2019-02-01,27.48,27.48,27.03,27.23,40894729.0,1714917894.0,5970717628.0,0.006849215043803441
2019-02-11,27.17,28.09,27.12,27.95,39917349.0,1707182383.0,5970717628.0,0.0066855194780616415
2019-02-12,27.95,28.2,27.79,28.05,36698352.0,1582481925.0,5970717628.0,0.006146388807251764
2019-02-13,28.14,28.33,27.79,28.23,41802503.0,1810395646.0,5970717628.0,0.007001252714408219
2019-02-14,28.2,28.88,28.04,28.78,43546157.0,1919738193.0,5970717628.0,0.007293286956962755
2019-02-15,28.71,28.71,27.68,27.74,64381715.0,2788302172.0,5970717628.0,0.010782910700395292
2019-02-18,28.09,28.73,28.04,28.61,48026017.0,2110376161.0,5970717628.0,0.008043592075897112
2019-02-19,28.88,29.53,28.71,28.95,53235010.0,2388570936.0,5970717628.0,0.008916015346354946
2019-02-20,29.19,29.25,28.71,29.19,33464112.0,1497965947.0,5970717628.0,0.005604705176990493
2019-02-21,29.27,29.53,28.95,29.1,44965515.0,2027676043.0,5970717628.0,0.007531006790395146
2019-02-22,29.06,29.2,28.55,29.18,45113200.0,2012175819.0,5970717628.0,0.007555741673067779
2019-02-25,29.67,30.32,29.2,30.31,93008257.0,4201073394.0,5970717628.0,0.01557740003711326
2019-02-26,30.27,30.27,29.47,29.55,67527001.0,3054746631.0,5970717628.0,0.011309695954022096
2019-02-27,29.79,29.83,29.07,29.3,46966648.0,2106323329.0,5970717628.0,0.007866164659964389
2019-02-28,29.27,29.68,29.23,29.46,34638053.0,1552155275.0,5970717628.0,0.005801321576080402
2019-03-01,29.7,30.16,29.62,30.08,64503002.0,2929046968.0,5970717628.0,0.010803224338982256
2019-03-04,30.43,31.4,30.25,30.68,88029512.0,4126903921.0,5970717628.0,0.014743539635366591
2019-03-05,30.94,31.22,30.71,30.96,53711471.0,2529131438.0,5970717628.0,0.008995814966716427
2019-03-06,31.11,31.44,30.72,30.98,47632361.0,2245821673.0,5970717628.0,0.007977660972715489
2019-03-07,30.98,30.98,29.93,30.08,63612511.0,2927540248.0,5970717628.0,0.010654081295301208
2019-03-08,29.44,29.85,29.22,29.27,63223056.0,2831378006.0,5970717628.0,0.010588853792634925
2019-03-11,29.27,29.9,29.27,29.84,42744102.0,1923601002.0,5970717628.0,0.007158955533175651
2019-03-12,30.08,30.09,29.33,29.46,70191342.0,3162378086.0,5970717628.0,0.011755930588784495
2019-03-13,29.52,29.76,29.46,29.56,39902264.0,1795234954.0,5970717628.0,0.006682992981090949
2019-03-14,29.53,30.25,29.48,29.9,51368856.0,2338446465.0,5970717628.0,0.008603464307054649
2019-03-15,29.93,31.36,29.93,30.86,83975319.0,3931306214.0,5970717628.0,0.01406452695170062
2019-03-18,30.85,31.64,30.61,31.5,65350732.0,3104486244.0,5970717628.0,0.010945205596984564
2019-03-19,31.52,31.85,30.85,31.05,50703847.0,2404196676.0,5970717628.0,0.008492085903078315
2019-03-20,30.92,30.98,30.33,30.66,46049241.0,2144968563.0,5970717628.0,0.007712513615457147
2019-03-21,30.52,30.63,30.24,30.43,46690937.0,2158335257.0,5970717628.0,0.007819987463657694
2019-03-22,30.52,30.74,30.12,30.36,42619203.0,1968097728.0,5970717628.0,0.007138036942181785
2019-03-25,29.91,30.04,29.52,29.59,57037810.0,2580637872.0,5970717628.0,0.00955292371096535
2019-03-26,29.78,29.88,29.11,29.46,49095354.0,2202652500.0,5970717628.0,0.008222688972890748
2019-03-27,29.65,30.11,29.5,29.99,43079560.0,1955936753.0,5970717628.0,0.00721513939932046
2019-03-28,29.84,30.24,29.62,30.01,34626542.0,1578843400.0,5970717628.0,0.005799393667122521
2019-03-29,30.03,31.11,30.03,31.05,79588027.0,3735999148.0,5970717628.0,0.013329725496775746
2019-04-09,34.15,34.15,34.15,34.15,10843642.0,563110329.0,5970717628.0,0.0018161371338594476
2019-04-10,37.57,37.57,35.88,37.57,322875034.0,18195734529.0,5970717628.0,0.05407641997435287
2019-04-11,37.71,38.4,35.98,36.3,174327744.0,9811601250.0,5970717628.0,0.029197117475876052
2019-04-12,36.05,36.83,34.79,35.88,109251512.0,5933569428.0,5970717628.0,0.018297886252007494
2019-04-15,36.67,38.51,36.31,37.29,138528609.0,7924294184.0,5970717628.0,0.02320133317816985
2019-04-16,37.03,38.33,36.65,38.3,90534495.0,5187989049.0,5970717628.0,0.015163084346081556
2019-04-17,38.3,38.37,37.49,37.79,71134936.0,4097149915.0,5970717628.0,0.011913967538241787
2019-04-18,38.45,39.53,38.25,39.13,96045516.0,5691630983.0,5970717628.0,0.016086092490723295
2019-04-19,39.13,43.01,38.59,42.75,104428516.0,6464561221.0,5970717628.0,0.017490111324353522
2019-04-22,41.91,42.28,40.04,40.21,126873432.0,7902553682.0,5970717628.0,0.021249276871681263
2019-04-23,40.05,40.45,39.13,40.11,87488196.0,5297737674.0,5970717628.0,0.014652877836613712
2019-04-24,40.58,40.7,39.28,39.4,83847354.0,5064464313.0,5970717628.0,0.014043094854593917
2019-04-25,39.0,39.2,37.69,37.98,88811027.0,5184675669.0,5970717628.0,0.014874430936662611
2019-04-26,37.97,38.33,36.9,36.95,72059629.0,4085011583.0,5970717628.0,0.01206883887157425
2019-04-29,36.67,38.53,36.18,37.69,94751043.0,5415667747.0,5970717628.0,0.015869288903508
2019-04-30,36.07,37.58,35.84,36.55,85342281.0,4757352329.0,5970717628.0,0.014293471290583698
2019-05-06,35.11,35.95,33.67,33.89,135811358.0,7109823921.0,5970717628.0,0.022746236962053835
2019-05-07,34.23,35.66,34.23,35.13,92700222.0,4947665649.0,5970717628.0,0.015525809086210566
2019-05-08,34.2,35.29,34.0,34.42,55479012.0,2928669510.0,5970717628.0,0.009291849900894359
2019-05-09,34.12,34.54,33.23,34.07,73733501.0,3800419826.0,5970717628.0,0.012349185741798071
2019-05-10,34.86,36.93,34.04,36.34,90050525.0,4872752401.0,5970717628.0,0.015082027087950573
2019-05-13,35.0,36.36,35.0,35.58,45334447.0,2464302588.0,5970717628.0,0.007592797017799281
2019-05-14,35.02,35.84,34.87,35.09,50839633.0,2729489568.0,5970717628.0,0.008514827892979701
2019-05-15,35.84,37.0,35.65,36.79,73830878.0,4083930852.0,5970717628.0,0.012365494836628372
2019-05-16,36.63,37.21,36.5,36.96,43178158.0,2418916530.0,5970717628.0,0.007231652992181998
2019-05-17,36.96,37.11,35.61,36.04,49182968.0,2707163842.0,5970717628.0,0.008237362920891425
2019-05-20,35.75,36.3,34.74,35.28,46021753.0,2467504220.0,5970717628.0,0.007707909813751453
2019-05-21,35.41,36.99,35.4,36.47,51895127.0,2864609232.0,5970717628.0,0.008691606308199038
2019-05-22,36.57,36.8,35.98,36.17,27649662.0,1528098253.0,5970717628.0,0.004630877513003701
2019-05-23,36.17,36.24,34.78,34.78,52302950.0,2797634889.0,5970717628.0,0.008759910157988802
2019-05-24,34.89,35.81,34.89,35.45,42952023.0,2315195271.0,5970717628.0,0.007193778985389325
2019-05-27,35.52,35.84,34.84,35.55,35229427.0,1890637840.0,5970717628.0,0.005900367291661846
2019-05-28,35.52,36.39,35.38,36.11,39962173.0,2183517844.0,5970717628.0,0.006693026783345983
2019-05-29,35.6,35.95,35.32,35.58,29526221.0,1599251828.0,5970717628.0,0.004945171223896975
2019-05-30,35.28,35.38,34.61,34.82,45544777.0,2413602180.0,5970717628.0,0.007628023939101613
2019-05-31,34.79,35.21,34.31,34.4,37422212.0,1973124881.0,5970717628.0,0.00626762381535287
2019-06-03,34.67,34.95,34.13,34.53,36729313.0,1929034400.0,5970717628.0,0.006151574281080706
2019-06-04,34.53,34.98,33.56,33.86,37091546.0,1924963750.0,5970717628.0,0.006212242532799945
2019-06-05,34.33,35.06,33.54,34.43,49629698.0,2596265208.0,5970717628.0,0.008312183072811697
2019-06-06,34.43,34.92,34.19,34.59,28839261.0,1516494957.0,5970717628.0,0.004830116377427856
2019-06-10,34.92,35.02,34.48,34.88,35932314.0,1904413905.0,5970717628.0,0.006018089656676023
2019-06-11,34.79,35.56,34.44,35.48,70345156.0,3761480350.0,5970717628.0,0.011781691981230635
2019-06-12,35.4,35.4,34.54,34.71,48630704.0,2579947893.0,5970717628.0,0.008144867506703669
2019-06-13,34.46,34.47,33.39,33.72,68976808.0,3531723069.0,5970717628.0,0.011552515509447234
2019-06-14,33.73,34.16,33.59,33.65,32945834.0,1694156126.0,5970717628.0,0.005517901875898259
2019-06-17,33.67,33.97,33.26,33.37,38691309.0,1971143608.0,5970717628.0,0.006480177327186775
2019-06-18,33.45,33.68,33.15,33.56,28522558.0,1450253455.0,5970717628.0,0.004777073674735837
2019-06-19,34.36,34.84,34.21,34.27,57329404.0,3006518737.0,5970717628.0,0.009601761056518682
2019-06-20,34.27,35.69,34.21,35.52,72059196.0,3858013750.0,5970717628.0,0.012068766350978406
2019-06-21,35.75,36.04,35.0,35.06,54778165.0,2942997861.0,5970717628.0,0.009174469203352518
2019-06-24,35.38,36.09,35.06,35.75,50235311.0,2731804702.0,5970717628.0,0.008413613593853245
2019-06-25,35.75,35.95,34.98,35.58,41615080.0,2244694469.0,5970717628.0,0.006969862350355316
2019-06-26,35.23,35.91,35.21,35.82,30717055.0,1668305221.0,5970717628.0,0.005144616931129137
2019-06-27,35.98,36.5,35.84,36.17,41458493.0,2283645214.0,5970717628.0,0.006943636524624474
2019-06-28,36.27,36.41,35.73,36.17,26937806.0,1481403140.0,5970717628.0,0.004511652983499624
2019-07-01,36.99,38.8,36.95,38.53,87895488.0,5087684514.0,5969919153.0,0.014723061694366634
2019-07-02,38.36,38.77,38.28,38.52,44028866.0,2581076971.0,5969919153.0,0.007375119305907961
2019-07-03,38.33,38.48,37.42,37.71,40891086.0,2357767747.0,5969919153.0,0.006849520898361151
2019-07-04,37.88,38.25,37.11,37.41,37364879.0,2138683990.0,5969919153.0,0.006258858460624785
2019-07-05,37.54,38.26,37.32,38.21,30627920.0,1768695786.0,5969919153.0,0.005130374334233467
2019-07-08,37.95,37.98,36.76,37.15,40525020.0,2294026382.0,5969919153.0,0.00678820248003449
2019-07-09,37.15,37.41,36.51,36.82,24496735.0,1373450597.0,5969919153.0,0.004103361263726648
2019-07-10,37.19,37.26,36.67,37.02,24756619.0,1392394854.0,5969919153.0,0.004146893511540993
2019-07-11,37.38,37.86,36.67,36.83,40924543.0,2314552504.0,5969919153.0,0.00685512516185996
2019-07-12,36.83,37.4,36.55,37.15,29430754.0,1656330891.0,5969919153.0,0.004929841300314842
2019-07-15,36.76,37.23,35.91,36.75,43097748.0,2392105124.0,5969919153.0,0.007219151029598541
2019-07-16,36.83,36.89,35.94,36.05,37620864.0,2071224258.0,5969919153.0,0.006301737600767137
2019-07-17,35.99,36.04,35.58,35.86,28145938.0,1532366881.0,5969919153.0,0.004714626325526723
2019-07-18,35.84,35.84,35.32,35.78,28354936.0,1532376597.0,5969919153.0,0.004749634839820418
2019-07-19,35.98,36.04,35.53,35.65,37702991.0,2046724237.0,5969919153.0,0.006315494403480074
2019-07-22,35.65,35.84,35.21,35.52,21306432.0,1151569018.0,5969919153.0,0.0035689649145906953
2019-07-23,35.52,35.78,35.39,35.78,22905722.0,1240636899.0,5969919153.0,0.0038368563146268793
2019-07-24,35.96,36.53,35.88,36.02,35588642.0,1959561570.0,5969919153.0,0.005961327295716562
2019-07-25,36.02,36.4,35.79,36.25,22567722.0,1239775444.0,5969919153.0,0.003780239132494664
2019-07-26,35.98,36.54,35.96,36.48,25461600.0,1409163463.0,5969919153.0,0.00426498238040712
2019-07-29,36.47,36.62,35.65,35.92,35937720.0,1967681957.0,5969919153.0,0.006019800114368483
2019-07-30,35.94,36.37,35.78,36.23,27330263.0,1504014086.0,5969919153.0,0.004577995497018751
2019-07-31,36.38,36.76,36.11,36.23,28726324.0,1587851073.0,5969919153.0,0.004811844727505977
2019-08-01,36.17,36.17,35.11,35.3,48295672.0,2603710654.0,5969919153.0,0.008089836857460706
2019-08-02,34.2,35.27,33.75,35.14,41159955.0,2163381814.0,5969919153.0,0.006894558191682768
2019-08-05,35.12,35.38,34.63,34.84,39492869.0,2095253145.0,5969919153.0,0.0066153105239547625
2019-08-06,34.25,34.72,33.2,34.47,53200343.0,2673208385.0,5969919153.0,0.008911400914577846
2019-08-07,34.59,34.82,34.02,34.03,24240284.0,1229731987.0,5969919153.0,0.004060404065575794
2019-08-08,34.18,34.82,34.13,34.52,29627086.0,1508171154.0,5969919153.0,0.0049627281778366825
2019-08-09,34.54,34.72,33.63,33.8,39173018.0,1966289443.0,5969919153.0,0.006561733416492717
2019-08-12,33.71,34.17,33.57,34.1,23565461.0,1181813533.0,5969919153.0,0.00394736685641009
2019-08-13,34.28,35.4,34.28,34.76,49899952.0,2576555715.0,5969919153.0,0.008358564114712393
2019-08-14,35.69,35.87,34.86,34.9,32371561.0,1688194971.0,5969919153.0,0.005422445458701508
2019-08-15,34.22,34.76,33.95,34.72,22672742.0,1153442545.0,5969919153.0,0.0037978306605050936
2019-08-16,34.66,34.98,34.25,34.69,28994905.0,1485214218.0,5969919153.0,0.004856833778968263
2019-08-19,35.06,35.53,34.89,35.48,34439780.0,1795197527.0,5969919153.0,0.005768885493649164
2019-08-20,35.47,35.93,35.21,35.73,31705827.0,1669667772.0,5969919153.0,0.005310930715714502
2019-08-21,35.6,37.36,35.59,36.92,66428454.0,3600329680.0,5969919153.0,0.011127194907927424
2019-08-22,37.22,37.53,36.9,37.15,36852326.0,2026121140.0,5969919153.0,0.0061730025240762255
2019-08-23,37.29,37.49,36.9,37.15,32590986.0,1790338562.0,5969919153.0,0.0054592005628120435
2019-08-26,36.18,36.88,36.05,36.67,33886436.0,1831120192.0,5969919153.0,0.005676196801253399
2019-08-27,36.83,37.9,36.83,37.46,47237259.0,2622023778.0,5969919153.0,0.007912545846833178
2019-08-28,37.76,37.76,37.23,37.44,24339573.0,1347449562.0,5969919153.0,0.004077035614086816
2019-08-29,37.57,37.73,36.56,37.08,30243057.0,1652930093.0,5969919153.0,0.00506590729705314
2019-08-30,37.44,37.87,37.24,37.57,41023831.0,2279607701.0,5969919153.0,0.0068717565428645265
2019-09-02,38.55,39.14,38.38,38.9,68428871.0,3926350831.0,5969919153.0,0.011462277670144523
2019-09-03,39.54,39.55,38.65,39.12,51197807.0,2960811299.0,5969919153.0,0.008575963206180457
2019-09-04,39.12,40.51,38.78,40.51,64438069.0,3817675952.0,5969919153.0,0.010793792570477042
2019-09-05,40.55,40.99,39.81,39.85,48304061.0,2876712471.0,5969919153.0,0.008091242069120194
2019-09-06,40.07,40.07,39.26,39.8,38505025.0,2255748894.0,5969919153.0,0.006449840276421579
2019-09-09,40.06,40.54,39.93,40.16,37594350.0,2235012893.0,5969919153.0,0.006297296334592422
2019-09-10,40.48,40.69,40.1,40.21,24697865.0,1471962476.0,5969919153.0,0.004137051837224437
2019-09-11,40.21,40.23,39.26,39.73,31035493.0,1815127885.0,5969919153.0,0.005198645443029838
2019-09-12,39.98,40.47,39.98,40.35,27492619.0,1636634363.0,5969919153.0,0.004605191175191112
2019-09-16,40.25,40.27,39.61,39.89,21797160.0,1285825344.0,5969919153.0,0.003651165022736783
2019-09-17,39.89,39.89,38.78,38.99,30747274.0,1782007543.0,5969919153.0,0.00515036689978438
2019-09-18,39.26,39.6,39.07,39.41,17746711.0,1031084969.0,5969919153.0,0.0029726886654875273
2019-09-19,39.8,40.24,39.31,39.59,27851670.0,1635615295.0,5969919153.0,0.004665334535728846
2019-09-20,39.6,39.65,39.0,39.28,23762232.0,1378000949.0,5969919153.0,0.00398032726926612
2019-09-23,39.53,39.56,38.58,39.06,21558059.0,1237864785.0,5969919153.0,0.003611114061597745
2019-09-24,39.3,39.67,38.99,39.37,22127577.0,1289106327.0,5969919153.0,0.0037065120034130553
2019-09-25,39.18,39.39,39.04,39.14,15651474.0,905978540.0,5969919153.0,0.002621722941111327
2019-09-26,39.26,39.49,38.71,39.0,19327108.0,1117471576.0,5969919153.0,0.003237415366050268
2019-09-27,39.0,39.1,38.15,38.51,22351001.0,1272964287.0,5969919153.0,0.0037439369658411855
2019-09-30,38.51,39.31,38.3,38.78,22611865.0,1300850314.0,5969919153.0,0.0037876333699824226
2019-10-08,38.92,39.87,38.7,39.36,26662839.0,1554229522.0,5969919153.0,0.004466197668121084
2019-10-09,39.26,39.38,38.58,38.59,21980778.0,1257625103.0,5969919153.0,0.0036819222231768804
2019-10-10,38.58,39.3,38.25,39.06,21612513.0,1238249010.0,5969919153.0,0.003620235458153448
2019-10-11,39.52,39.72,38.95,39.64,29427423.0,1715621444.0,5969919153.0,0.004929283336309864
2019-10-14,40.07,40.33,39.53,39.73,22992186.0,1354296794.0,5969919153.0,0.0038513395928395414
2019-10-15,39.72,40.04,39.36,39.87,17720436.0,1041246121.0,5969919153.0,0.0029682874333557996
2019-10-16,39.87,40.33,39.6,39.95,21181293.0,1254561758.0,5969919153.0,0.0035480033241917504
2019-10-17,39.87,39.91,39.31,39.43,18251814.0,1065658739.0,5969919153.0,0.0030572966789387942
2019-10-18,39.6,39.93,39.05,39.12,21160901.0,1236477767.0,5969919153.0,0.0035445875325407442
2019-10-21,39.07,39.7,38.85,39.56,14817663.0,863735580.0,5969919153.0,0.0024820542155171124
2019-10-22,39.93,39.93,39.33,39.81,16834937.0,985449307.0,5969919153.0,0.0028199606340632132
2019-10-23,39.87,40.16,39.61,39.75,16097186.0,947682811.0,5969919153.0,0.002696382578633557
2019-10-24,39.73,39.89,39.28,39.38,15531165.0,906955581.0,5969919153.0,0.0026015704068949224
2019-10-25,39.51,39.54,37.93,38.68,47698396.0,2704591534.0,5969919153.0,0.007989789271439401
2019-10-28,38.68,39.03,38.22,38.51,24127334.0,1372454891.0,5969919153.0,0.004041484211369186
2019-10-29,39.6,40.64,38.76,40.2,80580401.0,4757487142.0,5969919153.0,0.013497737395573738
2019-10-30,40.42,40.88,39.49,39.71,41022862.0,2426195858.0,5969919153.0,0.00687159422910865
2019-10-31,39.26,40.08,39.26,39.73,36031249.0,2118688496.0,5969919153.0,0.006035466825692874
2019-11-01,39.93,43.59,39.82,43.17,117531572.0,7340613348.0,5969919153.0,0.019687297095294515
2019-11-04,43.39,43.98,42.78,43.62,57382773.0,3688033679.0,5969919153.0,0.009611984941398083
2019-11-05,43.63,44.1,42.98,43.37,53592751.0,3443814986.0,5969919153.0,0.008977131787968787
2019-11-06,43.39,43.62,42.89,42.98,33586554.0,2144646331.0,5969919153.0,0.005625964630211467
2019-11-07,43.12,43.18,42.51,43.12,31761678.0,2010258544.0,5969919153.0,0.005320286118789254
2019-11-08,43.32,43.75,42.78,43.05,34120324.0,2178351314.0,5969919153.0,0.005715374551237244
2019-11-11,42.17,42.27,41.09,41.4,68135187.0,4186552485.0,5969919153.0,0.011413083704116957
2019-11-12,40.48,40.67,39.68,40.04,63653713.0,3777070758.0,5969919153.0,0.010662407876664925
2019-11-13,40.24,40.29,39.58,39.83,36477612.0,2143608691.0,5969919153.0,0.006110235509917968
2019-11-14,40.06,40.31,39.72,40.02,35394497.0,2090616405.0,5969919153.0,0.005928806754814021
2019-11-15,40.24,40.27,39.73,39.84,20210432.0,1193783635.0,5969919153.0,0.0033853778388010275
2019-11-18,39.79,39.93,39.46,39.93,22598461.0,1325332948.0,5969919153.0,0.0037853881134460314
2019-11-19,40.06,40.59,39.87,40.25,35236916.0,2098743809.0,5969919153.0,0.00590241091996912
2019-11-20,40.14,40.21,39.75,39.84,22170600.0,1306719621.0,5969919153.0,0.00371371863367008
2019-11-21,39.6,39.6,38.6,38.89,43953533.0,2529726169.0,5969919153.0,0.007362500542057174
2019-11-22,38.92,39.35,38.04,38.39,36853490.0,2104068513.0,5969919153.0,0.006173197501591024
2019-11-25,38.39,39.15,38.15,39.13,35129885.0,2012181894.0,5969919153.0,0.005884482536475649
2019-11-26,39.4,39.77,39.16,39.62,34575480.0,2017689992.0,5969919153.0,0.005791616119730055
2019-11-27,39.12,39.19,38.51,39.01,34987041.0,2009248258.0,5969919153.0,0.005860555244273004
2019-11-28,39.06,39.67,39.06,39.56,29821772.0,1739128654.0,5969919153.0,0.004995339339731926
2019-11-29,39.51,39.79,38.55,39.06,33734840.0,1955006451.0,5969919153.0,0.005650803492547732
2019-12-03,40.61,41.42,40.07,41.15,90032586.0,5414302507.0,5969919153.0,0.015081039406497973
2019-12-04,41.14,42.95,40.86,42.36,78496569.0,4882232340.0,5969919153.0,0.01314868208232836
2019-12-05,42.44,42.68,41.84,42.15,45272936.0,2821022540.0,5969919153.0,0.007583509062639395
2019-12-06,42.21,42.56,41.98,42.23,31248306.0,1947670640.0,5969919153.0,0.00523429299445322
2019-12-09,42.23,42.54,41.9,42.07,29023155.0,1809238672.0,5969919153.0,0.004861565836350615
2019-12-10,42.26,42.27,41.76,42.07,23523685.0,1462272842.0,5969919153.0,0.0039403691067037136
2019-12-11,42.31,42.36,41.37,41.56,29139937.0,1794894221.0,5969919153.0,0.0048811275752966635
2019-12-12,41.83,41.97,41.37,41.61,20259366.0,1247667564.0,5969919153.0,0.0033935745997195417
2019-12-13,41.9,42.91,41.9,42.64,44235877.0,2781770141.0,5969919153.0,0.0074097949848735585
2019-12-16,42.9,43.08,42.45,42.71,30559075.0,1927328053.0,5969919153.0,0.005118842352269289
2019-12-17,42.71,43.66,42.65,43.39,39262639.0,2509277111.0,5969919153.0,0.006576745512587011
2019-12-18,43.58,44.74,43.4,43.57,45151830.0,2933611004.0,5969919153.0,0.0075632230257775485
2019-12-19,43.76,44.33,43.6,44.0,28146343.0,1829088621.0,5969919153.0,0.004714694165641409
2019-12-20,43.99,44.28,43.54,43.66,23427839.0,1515833509.0,5969919153.0,0.003924314282920742
2019-12-23,44.04,44.4,43.66,43.66,33770991.0,2195706613.0,5969919153.0,0.0056568590184390396
2019-12-24,43.95,44.33,43.77,44.01,19121619.0,1243312507.0,5969919153.0,0.0032029946319107215
2019-12-25,44.0,44.12,43.42,43.59,19837240.0,1283338036.0,5969919153.0,0.0033228657694688215
2019-12-26,43.63,43.86,43.49,43.85,16533953.0,1066132821.0,5969919153.0,0.0027695438709067557
2019-12-27,44.1,44.51,43.59,43.68,24979335.0,1624183453.0,5969919153.0,0.0041841998793982664
2019-12-30,43.7,44.47,43.35,44.39,26457981.0,1724506753.0,5969919153.0,0.0044318826305552814
2019-12-31,44.23,44.58,43.86,44.39,20930799.0,1366603122.0,5969931253.0,0.0035060368558652816
2020-01-02,44.67,46.09,44.6,45.96,46361443.0,3119667658.0,5969931253.0,0.007765825272561141
2020-01-03,46.28,46.5,45.28,45.42,36870373.0,2494833315.0,5969931253.0,0.0061760129953710875
2020-01-06,45.21,45.4,44.0,44.59,46780255.0,3092810585.0,5969931253.0,0.007835978844227404
2020-01-07,44.79,45.72,44.67,45.57,41076595.0,2759986207.0,5969931253.0,0.006880580907754718
2020-01-08,45.08,47.16,45.08,46.57,48780896.0,3335825898.0,5969931253.0,0.008171098448660813
2020-01-09,47.15,47.76,46.74,47.3,34853812.0,2440521148.0,5969931253.0,0.005838226693562898
2020-01-10,47.39,47.75,46.99,47.21,20032474.0,1400528269.0,5969931253.0,0.003355561923754702
2020-01-13,47.33,47.52,46.81,47.22,27115151.0,1887571540.0,5969931253.0,0.004541953642493645
2020-01-14,47.41,47.68,46.97,47.25,21307675.0,1487443412.0,5969931253.0,0.003569165891029734
2020-01-15,47.47,47.49,46.34,46.64,27853363.0,1920151798.0,5969931253.0,0.004665608667772041
2020-01-16,46.93,46.93,45.31,45.57,45958549.0,3099750016.0,5969931253.0,0.007698338063257426
2020-01-17,46.02,46.41,45.65,45.97,30055306.0,2040298064.0,5969931253.0,0.005034447588470413
2020-01-20,46.23,46.29,45.37,46.26,25946658.0,1762760744.0,5969931253.0,0.004346223917898774
2020-01-21,45.89,45.89,44.88,45.01,37020861.0,2472027905.0,5969931253.0,0.006201220655831897
2020-01-22,44.77,45.42,43.86,45.11,39241238.0,2582805713.0,5969931253.0,0.006573147384281948
2020-01-23,44.63,44.67,42.99,43.28,53157650.0,3427455374.0,5969931253.0,0.008904231514104506
2020-02-03,39.26,41.97,38.95,39.78,109790930.0,6500814902.0,5969931253.0,0.018390652311922023
2020-02-04,40.59,42.1,40.37,41.67,65983247.0,4043015746.0,5969931253.0,0.011052597459450175
2020-02-05,41.97,42.98,41.69,42.54,56278881.0,3529336921.0,5969931253.0,0.00942705679763378
2020-02-06,42.98,43.12,41.76,42.8,49492478.0,3103407421.0,5969931253.0,0.008290292786056645
2020-02-07,42.24,42.51,41.82,42.22,47544410.0,2956033590.0,5969931253.0,0.007963979480686325
2020-02-10,41.97,42.17,41.47,42.03,33848905.0,2094108329.0,5969931253.0,0.005669898624542838
2020-02-11,42.48,43.62,42.31,43.26,44717625.0,2846021212.0,5969931253.0,0.007490475703137884
2020-02-12,43.24,43.58,42.49,43.2,34994937.0,2226659368.0,5969931253.0,0.005861865994254859
2020-02-13,43.14,43.58,42.34,42.57,38606706.0,2438184137.0,5969931253.0,0.006466859393162932
2020-02-14,42.37,42.93,42.17,42.46,30018493.0,1882517398.0,5969931253.0,0.005028281185803464
2020-02-17,41.63,42.8,41.57,42.72,51407393.0,3216065684.0,5969931253.0,0.008611052761146426
2020-02-18,42.64,42.66,41.9,42.07,49901464.0,3103673019.0,5969931253.0,0.008358800442622116
2020-02-19,41.97,42.17,41.36,41.74,39945190.0,2468375708.0,5969931253.0,0.0066910636500088355
2020-02-20,41.9,42.98,41.78,42.98,58676248.0,3682160207.0,5969931253.0,0.009828630433644292
2020-02-21,42.87,42.87,42.1,42.4,54346991.0,3402734451.0,5969931253.0,0.009103453406216301
2020-02-24,42.05,42.17,41.5,41.67,66204780.0,4078317980.0,5969931253.0,0.011089705591958179
2020-02-25,41.19,41.19,40.34,40.78,73307798.0,4406830978.0,5969931253.0,0.012279504552612978
2020-02-26,40.07,41.48,39.93,40.81,56646370.0,3408276665.0,5969931253.0,0.009488613452882587
2020-02-27,40.63,41.36,40.63,41.09,35634798.0,2164825442.0,5969931253.0,0.005969046625468737
2020-02-28,40.23,40.61,39.53,40.07,51370598.0,3039712688.0,5969931253.0,0.008604889373589575
2020-03-02,40.0,40.86,39.73,40.63,50283937.0,3007688510.0,5969931253.0,0.008422867009520654
2020-03-03,41.28,41.29,40.18,40.6,47456276.0,2845026406.0,5969931253.0,0.007949216496614153
2020-03-04,40.31,40.54,39.95,40.49,42339393.0,2517114495.0,5969931253.0,0.007092107296666721
2020-03-05,40.96,42.64,40.51,42.64,101844526.0,6302224183.0,5969931253.0,0.01705958103769139
2020-03-06,42.07,42.37,41.5,41.61,50353322.0,3112954402.0,5969931253.0,0.008434489421414448
2020-03-09,40.61,40.61,39.93,40.09,58723190.0,3491790279.0,5969931253.0,0.009836493505765334
2020-03-10,39.93,41.41,39.9,41.13,54143802.0,3253817260.0,5969931253.0,0.00906941800590949
2020-03-11,41.14,41.21,40.31,40.36,36194722.0,2170270215.0,5969931253.0,0.006062837320247446
2020-03-12,39.85,39.97,39.24,39.41,49656245.0,2899265453.0,5969931253.0,0.00831772476023854
2020-03-13,37.51,38.99,37.23,38.52,54346379.0,3057574403.0,5969931253.0,0.009103350892473
2020-03-16,38.83,38.84,36.79,36.82,56240633.0,3123352275.0,5969931253.0,0.009420650023689645
2020-03-17,36.35,37.64,35.16,35.84,60590194.0,3224683444.0,5969931253.0,0.01014922809530718
2020-03-18,35.87,37.34,35.14,35.49,70323091.0,3761082472.0,5969931253.0,0.01177954787413362
2020-03-19,34.93,35.16,32.76,34.05,109883799.0,5488904318.0,5969931253.0,0.018406208437455853
2020-03-20,34.3,35.06,34.01,34.91,63267049.0,3229182481.0,5969931253.0,0.010597617680807823
2020-03-23,33.84,34.05,33.22,33.31,48467133.0,2404677414.0,5969931253.0,0.008118541227027426
2020-03-24,33.91,34.79,33.73,34.61,60043635.0,3045582348.0,5969931253.0,0.010057676119775578
2020-03-25,35.87,36.38,35.66,36.2,63587783.0,3392948038.0,5969931253.0,0.010651342587579375
2020-03-26,35.87,36.45,35.6,35.76,35392957.0,1882251323.0,5969931253.0,0.0059285367787467215
2020-03-27,36.45,37.02,35.39,35.58,58661530.0,3127275062.0,5969931253.0,0.009826165078621552
2020-03-30,35.1,35.28,34.58,35.25,37727448.0,1948128674.0,5969931253.0,0.006319578300175779
2020-03-31,35.8,35.8,35.27,35.33,31237383.0,1638485848.0,5969931253.0,0.005232452716151905
2020-04-01,34.89,35.81,34.89,35.19,35684224.0,1865040044.0,5969931253.0,0.005977325782783181
2020-04-02,34.84,35.4,34.44,35.4,39875302.0,2059368989.0,5969931253.0,0.006679356982538439
2020-04-03,35.53,35.53,35.07,35.17,30594728.0,1593396980.0,5969931253.0,0.005124804072848509
2020-04-07,35.87,36.15,35.55,35.68,49804116.0,2632716168.0,5969931253.0,0.008342494057192455
2020-04-08,35.52,35.53,34.88,35.06,43137244.0,2238410930.0,5969931253.0,0.007225752219227439
2020-04-09,35.24,35.4,35.03,35.12,33019936.0,1714636879.0,5969931253.0,0.005531041246648674
2020-04-10,35.18,37.38,35.05,36.37,77923258.0,4196948953.0,5969931253.0,0.013052622333103439
2020-04-13,37.23,38.57,37.15,38.25,85781913.0,4809415742.0,5970130003.0,0.014368516758746367
2020-04-14,38.82,38.99,37.63,38.17,61676496.0,3468937143.0,5970130003.0,0.010330846391788363
2020-04-15,37.09,37.67,36.41,36.83,97474198.0,5335019942.0,5970130003.0,0.01632698081130881
2020-04-16,36.52,37.26,36.45,37.21,49171857.0,2686905821.0,5970130003.0,0.008236312605469406
2020-04-17,37.42,37.56,36.93,37.02,45970331.0,2523464788.0,5970130003.0,0.007700055271308973
2020-04-20,37.06,37.15,36.69,36.88,36752123.0,2001918078.0,5970130003.0,0.006156000452508069
2020-04-21,36.82,36.82,35.87,36.14,41966538.0,2242597205.0,5970130003.0,0.007029417781340063
2020-04-22,35.92,36.69,35.7,36.69,32078808.0,1721548220.0,5970130003.0,0.00537321766592693
2020-04-23,36.69,37.29,36.69,37.14,47484132.0,2600242890.0,5970130003.0,0.007953617756420572
2020-04-24,37.23,37.29,36.52,36.65,28787951.0,1563281028.0,5970130003.0,0.004821997341018371
2020-04-27,36.54,37.01,36.29,36.6,24465486.0,1327568195.0,5970130003.0,0.004097982118933098
2020-04-28,36.6,37.29,36.25,37.22,40855500.0,2233721075.0,5970130003.0,0.0068433183162628025
2020-04-29,37.08,37.82,36.98,37.38,32044017.0,1778301317.0,5970130003.0,0.005367390154636135
2020-04-30,36.6,37.67,36.55,37.07,63145363.0,3452771149.0,5970130003.0,0.010576882407630881
2020-05-06,36.43,36.86,36.43,36.86,60318237.0,3261213461.0,5970130003.0,0.010103337275685787
2020-05-07,36.88,37.21,36.56,36.62,43538631.0,2365773800.0,5970130003.0,0.007292744207935467
2020-05-08,36.76,38.97,36.54,38.57,123373707.0,6960938612.0,5970130003.0,0.020665162557265002
2020-05-11,39.24,40.09,39.12,39.4,87171582.0,5106210050.0,5970130003.0,0.014601287066813644
2020-05-12,39.67,40.12,39.29,39.93,65911559.0,3877277579.0,5970130003.0,0.011040221731667374
2020-05-13,39.93,39.93,39.11,39.52,48190420.0,2811015693.0,5970130003.0,0.008071921377890303
2020-05-14,39.54,40.18,39.5,39.64,40248472.0,2363678849.0,5970130003.0,0.0067416407984039
2020-05-15,39.93,39.95,39.05,39.21,38278425.0,2226821791.0,5970130003.0,0.006411656861871522
2020-05-18,39.26,39.56,38.58,39.25,40813065.0,2362232005.0,5970130003.0,0.006836210430843444
2020-05-19,39.93,39.93,39.2,39.27,35141548.0,2049291641.0,5970130003.0,0.005886228270128342
2020-05-20,39.26,39.26,38.61,38.84,37054258.0,2126225293.0,5970130003.0,0.006206608228192715
2020-05-21,39.05,39.05,38.42,38.59,28257617.0,1611479872.0,5970130003.0,0.004733166109582287
2020-05-22,38.59,38.6,37.64,37.65,39114075.0,2190126380.0,5970130003.0,0.006551628688210326
2020-05-25,37.66,37.87,36.81,37.16,39373644.0,2159635374.0,5970130003.0,0.00659510663590486
2020-05-26,37.57,38.51,37.54,38.5,44497025.0,2505509971.0,5970130003.0,0.007453275720568928
2020-05-27,38.45,38.89,37.9,38.07,35057418.0,1978039959.0,5970130003.0,0.0058721364496893014
2020-05-28,38.1,38.99,37.94,38.46,41975732.0,2387382503.0,5970130003.0,0.007030957781305788
2020-05-29,38.11,38.6,38.05,38.54,29169129.0,1653447090.0,5970130003.0,0.004885844861894542
2020-06-01,38.93,39.43,38.71,39.24,57925071.0,3350002820.0,5970130003.0,0.009702480678124691
2020-06-02,39.85,39.92,39.06,39.32,46837490.0,2727456658.0,5970130003.0,0.007845304872165946
2020-06-03,39.33,39.59,38.93,39.27,45819960.0,2663404637.0,5970130003.0,0.007674868047592832
2020-06-04,39.66,40.4,39.53,40.37,65622849.0,3889276666.0,5970130003.0,0.010991862650733637
2020-06-05,40.61,41.3,40.54,40.73,58536642.0,3537033311.0,5970130003.0,0.00980491915093729
2020-06-08,41.68,42.64,41.29,42.23,69837724.0,4352741531.0,5970130003.0,0.011697856489709007
2020-06-09,42.38,42.41,41.51,41.91,42343080.0,2624116045.0,5970130003.0,0.007092488769712307
2020-06-10,42.28,42.28,41.21,41.51,41414208.0,2538340302.0,5970130003.0,0.006936902208023827
2020-06-11,41.51,41.53,40.3,40.68,50272548.0,2967853992.0,5970130003.0,0.008420678942458197
2020-06-12,39.73,40.73,39.4,40.68,45814513.0,2664909219.0,5970130003.0,0.00767395567215088
2020-06-15,40.12,40.41,39.51,39.55,43486456.0,2511349541.0,5970130003.0,0.007284004867255485
2020-06-16,40.04,40.16,39.56,39.93,37333377.0,2154265739.0,5970130003.0,0.006253360811446303
2020-06-17,39.85,39.9,39.43,39.88,34059687.0,1958449253.0,5970130003.0,0.0057050159683097275
2020-06-18,39.7,40.41,39.7,40.08,35416346.0,2055422018.0,5970130003.0,0.005932257083548135
2020-06-19,40.39,40.72,40.18,40.62,55418363.0,3254280722.0,5970130003.0,0.009282605734238983
2020-06-22,39.91,39.97,39.25,39.53,73739030.0,4219357337.0,5970130003.0,0.012351327351824168
2020-06-23,39.35,39.56,38.8,38.82,71733841.0,4053258700.0,5970130003.0,0.012015457111311417
2020-06-24,38.87,39.52,38.87,39.5,53712688.0,3062608628.0,5970130003.0,0.008996904250495263
2020-06-29,39.35,39.36,38.82,38.98,37301744.0,2107362033.0,5970130003.0,0.0062480622668611594
2020-06-30,39.19,39.42,38.78,39.05,42914148.0,2429936485.0,5970130003.0,0.00718814296814903
2020-07-01,39.07,39.9,38.66,39.63,72233256.0,4113728682.0,5970130003.0,0.012099109393547991
2020-07-02,39.48,40.23,39.28,40.19,102071153.0,5865537927.0,5970130003.0,0.017096973256647524
2020-07-03,40.32,41.08,40.07,40.34,93973703.0,5501964869.0,5970130003.0,0.015740646008173702
2020-07-06,40.14,42.44,39.97,42.29,142141613.0,8511052463.0,5970130003.0,0.02380879694890624
2020-07-07,42.84,43.49,41.46,41.48,146240576.0,8947221749.0,5970130003.0,0.02449537546527695
2020-07-08,41.42,41.97,40.49,41.07,127042154.0,7524133912.0,5970130003.0,0.021279629411111837
2020-07-09,41.17,41.35,40.84,41.3,104182511.0,6205199652.0,5970130003.0,0.01745062686200269
2020-07-10,41.78,42.24,40.65,40.72,120513278.0,7223265899.0,5970130003.0,0.02018603915483279
2020-07-13,40.87,41.27,40.4,41.04,124377102.0,7354224865.0,5970130003.0,0.020833231761703732
2020-07-14,41.03,41.26,40.04,40.4,94871962.0,5576286012.0,5970130003.0,0.015891104875827945
2020-07-15,40.04,41.08,39.7,40.51,113275617.0,6661411498.0,5970130003.0,0.018973727028235368
2020-07-16,40.73,41.08,38.3,38.65,124051109.0,7102871663.0,5970130003.0,0.02077862775813326
2020-07-17,39.21,39.7,38.97,39.5,76939167.0,4389645206.0,5970130003.0,0.012887352027734396
2020-07-20,39.5,40.81,39.03,40.68,88620390.0,5156071629.0,5970130003.0,0.014843963189322193
2020-07-21,40.91,41.28,40.31,40.67,68467522.0,4038139247.0,5970130003.0,0.011468346914655956
2020-07-22,40.73,41.59,40.7,41.09,94278638.0,5629083781.0,5970130003.0,0.01579172278537064
2020-07-23,41.15,41.63,40.43,41.48,93755412.0,5586124692.0,5970130003.0,0.015704082147773624
2020-07-24,41.13,41.21,39.07,39.46,101520091.0,5880021408.0,5970130003.0,0.017004670074016143
2020-07-27,39.59,39.95,38.94,39.2,53875430.0,3070819828.0,5970130003.0,0.009024163623393044
2020-07-28,39.63,39.7,39.05,39.33,44074090.0,2514836281.0,5970130003.0,0.0073824338796395885
2020-07-29,39.33,41.42,39.21,41.01,143014000.0,8482811954.0,5970130003.0,0.023954922242586885
2020-07-30,41.35,41.35,39.52,39.68,123686229.0,7181872783.0,5970130003.0,0.02071751016105972
2020-07-31,39.6,39.73,38.97,39.29,115564496.0,6564411282.0,5970130003.0,0.01935711549697053
2020-08-03,39.46,39.79,39.25,39.57,82389786.0,4707789350.0,5970130003.0,0.013800333654141368
2020-08-04,39.64,39.72,39.2,39.47,75142989.0,4284141837.0,5970130003.0,0.012586491242609545
2020-08-05,39.23,39.42,39.01,39.25,59413552.0,3368512706.0,5970130003.0,0.009951802049560829
2020-08-06,39.13,39.23,38.53,38.81,70954068.0,3986909294.0,5970130003.0,0.011884844712652064
2020-08-07,38.71,39.02,38.31,38.83,66863316.0,3750602954.0,5970130003.0,0.011199641543216158
2020-08-10,38.83,38.97,38.4,38.87,56139598.0,3149335741.0,5970130003.0,0.009403412986281666
2020-08-11,39.01,39.25,38.53,38.57,54666547.0,3081532832.0,5970130003.0,0.009156676148179348
2020-08-12,38.42,38.67,38.0,38.48,60200918.0,3335658047.0,5970130003.0,0.0100836862798212
2020-08-13,38.59,38.93,38.49,38.51,34203870.0,1914106546.0,5970130003.0,0.005729166698683697
2020-08-14,38.51,38.86,38.32,38.83,31724476.0,1776919562.0,5970130003.0,0.00531386686455042
2020-08-17,38.83,39.48,38.66,39.21,67772412.0,3845816957.0,5970130003.0,0.011351915614223518
2020-08-18,39.07,39.19,38.59,38.67,61849450.0,3474057691.0,5970130003.0,0.010359816280201696
2020-08-19,38.56,38.56,38.09,38.1,50098471.0,2777352512.0,5970130003.0,0.008391520950938328
2020-08-20,37.94,37.94,37.29,37.37,62631331.0,3399987121.0,5970130003.0,0.010490781769999591
2020-08-21,37.94,37.94,37.29,37.43,38246503.0,2074844917.0,5970130003.0,0.0064063099096302875
2020-08-24,37.63,37.77,37.28,37.38,45509578.0,2467198027.0,5970130003.0,0.0076228788949539395
2020-08-25,37.29,37.58,37.29,37.48,35115499.0,1903737679.0,5970130003.0,0.0058818650485591446
2020-08-26,37.49,37.67,36.59,36.87,61686565.0,3313253989.0,5970130003.0,0.010332532954726682
2020-08-27,36.87,36.91,36.15,36.55,52794831.0,2784491797.0,5970130003.0,0.008843162707256042
2020-08-28,36.6,38.01,36.51,38.0,82688619.0,4508023542.0,5970130003.0,0.013850388343042586
2020-08-31,38.63,38.87,37.47,37.62,74345155.0,4092754404.0,5970130003.0,0.012452853616695354
2020-09-01,37.49,37.9,37.31,37.8,32527930.0,1774722794.0,5970130003.0,0.005448445843500001
2020-09-02,38.09,38.17,37.3,37.65,38087260.0,2080511675.0,5970130003.0,0.006379636621122336
2020-09-03,37.93,38.05,37.6,37.8,48893478.0,2684349416.0,5970130003.0,0.008189683972615495
2020-09-04,37.47,37.97,37.18,37.85,37360185.0,2031735224.0,5970130003.0,0.00625785116592544
2020-09-07,37.97,38.52,37.85,37.98,56450197.0,3124388841.0,5970130003.0,0.009455438486537762
2020-09-08,38.16,38.36,37.97,38.3,41897242.0,2319953687.0,5970130003.0,0.007017810663912941
2020-09-09,37.76,38.14,37.33,37.62,36494736.0,1992127848.0,5970130003.0,0.0061128879909920445
2020-09-10,37.74,37.86,37.56,37.69,34310821.0,1874996343.0,5970130003.0,0.005747081048948475
2020-09-11,37.75,38.04,37.49,37.87,32475203.0,1778012516.0,5970130003.0,0.005439614042521881
2020-09-14,37.94,38.46,37.87,38.16,25777547.0,1420455345.0,5970130003.0,0.0043177530450839
2020-09-15,38.16,38.72,37.96,38.5,43682624.0,2436782598.0,5970130003.0,0.007316863113206816
2020-09-16,38.5,38.62,37.94,38.0,33530584.0,1855183301.0,5970130003.0,0.005616390930038513
2020-09-17,38.0,38.17,37.78,37.83,27868080.0,1530686910.0,5970130003.0,0.004667918451691378
2020-09-18,38.11,38.47,37.84,38.42,33810238.0,1871327127.0,5970130003.0,0.005663233126081057
2020-09-21,38.49,39.32,38.45,39.04,68578241.0,3879534745.0,5970130003.0,0.01148689240695585
2020-09-22,38.76,38.98,38.16,38.32,33698049.0,1882711896.0,5970130003.0,0.005644441407987209
2020-09-23,38.32,38.45,38.0,38.32,24325856.0,1345627445.0,5970130003.0,0.004074594018518226
2020-09-24,38.05,38.15,37.36,37.51,31425891.0,1715410933.0,5970130003.0,0.005263853715783147
2020-09-25,37.52,37.67,37.27,37.36,24854488.0,1345016223.0,5970130003.0,0.004163140164035051
2020-09-28,37.36,37.59,36.59,36.6,46381353.0,2470966630.0,5970130003.0,0.00776890167830404
2020-09-29,36.87,37.01,36.63,36.63,29349466.0,1564171188.0,5970130003.0,0.004916051406795471
2020-09-30,36.7,36.88,36.61,36.8,22717205.0,1209072686.0,5970130003.0,0.0038051441071776607
2020-10-09,37.6,38.11,37.36,37.8,48033764.0,2629345148.0,5970130003.0,0.008045681413279602
2020-10-12,37.98,38.59,37.98,38.54,41148508.0,2290440923.0,5970130003.0,0.00689239731451791
2020-10-13,38.54,38.69,38.32,38.6,24589778.0,1371853740.0,5970130003.0,0.0041188010960638375
2020-10-14,39.65,40.03,39.36,39.76,105344906.0,6067693999.0,5970130003.0,0.017645328652318125
2020-10-15,39.85,40.37,39.77,40.0,68250028.0,3970673991.0,5970130003.0,0.011431916552186342
2020-10-16,40.04,40.58,39.67,39.83,47393523.0,2755673673.0,5970130003.0,0.007938440699982192
2020-10-19,40.14,40.28,39.49,39.52,36508836.0,2107759841.0,5970130003.0,0.006115249748607526
2020-10-20,39.71,39.94,39.49,39.8,28263303.0,1628567959.0,5970130003.0,0.0047341185176533246
2020-10-21,40.04,40.39,39.57,40.04,40481052.0,2348785509.0,5970130003.0,0.0067805980740215386
2020-10-22,40.01,40.52,39.53,40.46,51206321.0,2980635434.0,5970130003.0,0.008577086424293733
2020-10-23,40.58,40.59,40.1,40.26,37380071.0,2186303407.0,5970130003.0,0.00626118208166597
2020-10-26,40.25,40.59,39.78,40.17,33553983.0,1949519845.0,5970130003.0,0.005620310275176432
2020-10-27,40.18,40.39,39.49,39.51,32955304.0,1902179969.0,5970130003.0,0.0055200312193268665
2020-10-28,39.51,39.9,39.39,39.53,31676747.0,1816400515.0,5970130003.0,0.005305872231271745
2020-10-29,39.07,40.23,38.9,39.79,47239897.0,2709156827.0,5970130003.0,0.007912708262008008
2020-10-30,40.04,41.12,40.03,40.34,79267809.0,4669259002.0,5970130003.0,0.013277400820445751
2020-11-02,40.11,41.87,40.11,41.55,82520570.0,4959806490.0,5970130003.0,0.013822240044778469
2020-11-03,41.59,41.66,40.92,41.44,49374257.0,2957996063.0,5970130003.0,0.008270214714786672
2020-11-04,41.73,43.31,41.66,42.93,91074682.0,5636631713.0,5970130003.0,0.015255058424897754
2020-11-05,43.42,44.34,43.09,43.35,69541553.0,4394307049.0,5970130003.0,0.011648247687245547
2020-11-06,43.83,45.91,43.49,45.83,108598632.0,7118017833.0,5970130003.0,0.018190329514672043
2020-11-09,46.91,47.83,45.84,46.63,93232831.0,6316768288.0,5970130003.0,0.015616549548024976
2020-11-10,46.46,46.46,45.12,45.47,60427872.0,3978080905.0,5970130003.0,0.010121701197400208
2020-11-11,45.36,46.16,44.58,45.43,49063011.0,3234013897.0,5970130003.0,0.008218080841681128
2020-11-12,45.92,47.03,45.91,46.53,51561805.0,3416810223.0,5970130003.0,0.008636630186292444
2020-11-13,46.09,46.67,45.57,46.45,44570665.0,2930849702.0,5970130003.0,0.007465610460342265
2020-11-16,47.33,47.66,45.99,46.83,40244531.0,2676569997.0,5970130003.0,0.006740980678775346
2020-11-17,46.73,48.72,46.6,47.95,60831533.0,4167731407.0,5970130003.0,0.01018931463291956
2020-11-18,47.74,48.02,46.26,46.75,52482888.0,3521956804.0,5970130003.0,0.008790912086274045
2020-11-19,46.76,47.91,46.76,47.6,51061352.0,3455112115.0,5970130003.0,0.00855280403849524
2020-11-20,47.61,47.87,46.9,47.6,38351303.0,2597069370.0,5970130003.0,0.006423863966233299
2020-11-23,47.66,47.88,47.14,47.84,46254238.0,3142701173.0,5970130003.0,0.007747609847148583
2020-11-24,48.02,48.15,46.35,46.83,50330930.0,3371246392.0,5970130003.0,0.008430457958990613
2020-11-25,46.98,47.56,46.73,46.85,33198075.0,2232463306.0,5970130003.0,0.005560695492948715
2020-11-26,47.32,47.64,46.25,46.58,36685810.0,2445543374.0,5970130003.0,0.0061448929891920814
2020-11-27,46.59,47.19,46.28,46.73,27054195.0,1800816485.0,5970130003.0,0.004531592274607961
2020-11-30,47.16,47.79,46.68,46.72,43415990.0,2923685644.0,5970130003.0,0.00727220177419644
2020-12-01,46.41,47.11,46.15,47.11,34692992.0,2314401715.0,5970130003.0,0.005811094897860971
2020-12-02,47.59,48.92,47.11,48.74,74760101.0,5165669002.0,5970130003.0,0.012522357295809795
2020-12-03,48.33,48.79,47.15,48.02,55285651.0,3780627390.0,5970130003.0,0.009260376402560559
2020-12-04,48.02,48.43,47.57,48.37,33579371.0,2300729108.0,5970130003.0,0.005624562778888619
2020-12-07,48.18,48.34,47.53,47.67,30614271.0,2085425301.0,5970130003.0,0.005127906927423068
2020-12-08,48.03,48.05,45.92,46.03,57070900.0,3785168282.0,5970130003.0,0.0095594065742826
2020-12-09,46.0,46.0,43.82,43.89,72927772.0,4629525433.0,5970130003.0,0.012215441198659607
2020-12-10,44.17,44.71,43.97,44.04,41285201.0,2612063568.0,5970130003.0,0.006915293465846493
2020-12-11,44.51,44.86,44.08,44.72,39857593.0,2528210705.0,5970130003.0,0.00667616835478817
2020-12-14,44.72,44.86,43.82,44.0,30817278.0,1936741054.0,5970130003.0,0.005161910709568178
2020-12-15,43.46,43.53,42.48,42.75,75961321.0,4637048625.0,5970130003.0,0.01272356229459481
2020-12-16,42.76,43.31,42.41,42.78,67090874.0,4099386911.0,5970130003.0,0.011237757631121387
2020-12-17,42.88,43.36,42.14,43.19,52370703.0,3210819765.0,5970130003.0,0.008772121038182357
2020-12-18,43.2,43.47,42.8,43.02,35606623.0,2189618947.0,5970130003.0,0.0059641285838177086
2020-12-21,42.84,42.85,42.2,42.55,48688161.0,2950573699.0,5970130003.0,0.008155293264222742
2020-12-22,42.48,42.74,41.98,42.14,44334856.0,2670818610.0,5970130003.0,0.007426112325480628
2020-12-23,41.99,42.47,41.82,42.17,41634389.0,2505514941.0,5970130003.0,0.006973782644444703
2020-12-24,42.61,42.85,41.96,42.1,30092212.0,1816649658.0,5970130003.0,0.005040461762956354
2020-12-25,42.05,42.05,41.31,41.51,33872995.0,2009984982.0,5970130003.0,0.005673744957476431
2020-12-28,41.51,42.73,41.14,42.48,47450431.0,2853243859.0,5970130003.0,0.00794797282071849
2020-12-29,42.5,43.29,42.24,42.67,32934223.0,2008115358.0,5970130003.0,0.005516500140440911
2020-12-30,42.62,42.95,42.3,42.95,34484268.0,2098338154.0,5970130003.0,0.005776133515128079
2020-12-31,42.68,43.74,42.62,43.42,43939294.0,2720168510.0,5969908834.000001,0.00736012813960502
2021-01-04,43.32,44.4,43.18,44.09,54903578.0,3446303254.0,5969908834.000001,0.009196719669706097
2021-01-05,43.72,45.94,43.72,45.75,70088887.0,4476765716.0,5969908834.000001,0.011740361360432792
2021-01-06,46.27,46.81,44.65,44.91,52170379.0,3380525888.0,5969908834.000001,0.008738890400281779
2021-01-07,44.91,45.59,44.51,45.36,46475055.0,2990421802.0,5969908834.000001,0.007784885212201884
2021-01-08,45.54,46.53,44.87,45.36,49950205.0,3243707427.0,5969908834.000001,0.008366996278992088
2021-01-11,44.96,45.48,43.61,43.78,58182903.0,3686754231.0,5969908834.000001,0.009746028728049416
2021-01-12,43.53,44.92,43.53,44.63,44731442.0,2825422595.0,5969908834.000001,0.007492818273077165
2021-01-13,44.87,46.27,44.7,45.51,57162721.0,3717431617.0,5969908834.000001,0.009575141361363039
2021-01-14,45.58,45.97,44.16,44.25,44703512.0,2860894597.0,5969908834.000001,0.007488139809674017
2021-01-15,43.97,44.65,43.68,44.44,34537150.0,2177874009.0,5969908834.000001,0.005785205596993878
2021-01-18,44.16,45.01,43.88,44.7,38390498.0,2432906889.0,5969908834.000001,0.006430667379936743
2021-01-19,44.67,45.63,43.93,44.11,40845405.0,2602511496.0,5969908834.000001,0.00684188086212909
2021-01-20,44.02,44.06,42.68,42.76,60848099.0,3749281991.0,5969908834.000001,0.010192467036256252
2021-01-21,42.68,43.59,42.48,43.01,49076291.0,3013389875.0,5969908834.000001,0.008220609788963487
2021-01-22,42.97,43.11,41.89,42.22,56839104.0,3426347145.0,5969908834.000001,0.009520933330889119
2021-01-25,42.22,42.61,41.85,42.08,52507666.0,3157827877.0,5969908834.000001,0.008795388247967337
2021-01-26,41.92,41.92,41.08,41.36,46356422.0,2734266179.0,5969908834.000001,0.00776501338445732
2021-01-27,41.36,42.38,40.66,41.65,53504324.0,3158636666.0,5969908834.000001,0.00896233518597145
2021-01-28,41.11,41.15,40.12,40.16,52287008.0,3018505330.0,5969908834.000001,0.008758426544508266
2021-01-29,40.12,40.51,39.17,39.47,49388880.0,2807565906.0,5969908834.000001,0.008272970555047507
2021-02-01,39.61,40.1,39.08,39.56,31769343.0,1788845388.0,5969908834.000001,0.0053215792541196445
2021-02-02,39.57,41.83,39.57,41.8,67437831.0,3939785974.0,5969908834.000001,0.011296291597608003
2021-02-03,42.05,42.32,40.94,41.23,47406154.0,2805860904.0,5969908834.000001,0.007940850575474633
2021-02-04,40.66,41.63,40.57,41.07,30141987.0,1763190452.0,5969908834.000001,0.005048986146712068
2021-02-05,41.01,41.72,40.9,41.32,27993334.0,1649582573.0,5969908834.000001,0.004689072275370696
2021-02-08,41.48,41.97,40.92,41.25,32371043.0,1909902144.0,5969908834.000001,0.005422368062915715
2021-02-09,41.36,41.54,40.28,41.38,47029019.0,2743321207.0,5969908834.000001,0.007877677918992488
2021-02-10,41.4,42.97,41.29,42.4,56120470.0,3396988395.0,5969908834.000001,0.009400557288309169
2021-02-18,42.8,43.32,41.84,42.39,52660810.0,3191464856.0,5969908834.000001,0.0088210409010075
2021-02-19,42.34,43.11,41.99,42.78,40662851.0,2479543188.0,5969908834.000001,0.00681130183570237
2021-02-22,42.13,42.16,40.62,41.0,60749622.0,3581037335.0,5969908834.000001,0.010175971474474946
2021-02-23,40.72,41.0,39.91,39.99,54736080.0,3141829011.0,5969908834.000001,0.009168662624840344
2021-02-24,40.32,40.81,39.96,40.15,49243904.0,2823834687.0,5969908834.000001,0.008248686097104978
2021-02-25,40.54,42.4,40.5,41.96,79223818.0,4720251801.0,5970279103.0,0.013269700902289626
2021-02-26,41.43,42.68,41.28,41.36,59131818.0,3540722850.0,5970279103.0,0.009904364097532209
2021-03-01,41.4,42.73,41.37,42.36,49032424.0,2945486569.0,5970279103.0,0.008212752394668073
2021-03-02,42.68,43.11,41.95,42.52,43600108.0,2646200049.0,5970279103.0,0.00730285925461867
2021-03-03,42.52,42.54,41.84,42.2,31900104.0,1917574344.0,5970279103.0,0.005343151207783661
2021-03-04,41.91,42.19,41.15,41.25,43308280.0,2561768836.0,5970279103.0,0.007253979127749331
2021-03-05,40.7,41.08,40.36,40.75,34920904.0,2029767173.0,5970279103.0,0.005849124202996243
2021-03-08,40.95,41.46,39.61,39.69,51361782.0,2966085595.0,5970279103.0,0.008602911373806841
2021-03-09,39.7,41.27,39.33,40.66,60033488.0,3462353433.0,5970279103.0,0.010055390537744513
2021-03-10,40.93,41.25,40.6,41.09,31218528.0,1826161333.0,5970279103.0,0.005228989710767966
2021-03-11,40.87,41.5,40.85,41.07,30263702.0,1774060830.0,5970279103.0,0.005069059834203199
2021-03-12,41.07,41.23,40.8,41.01,26073195.0,1524808614.0,5970279103.0,0.004367165177738257
2021-03-15,40.99,41.23,40.25,40.5,30168745.0,1749280905.0,5970279103.0,0.005053154882631959
2021-03-16,41.36,42.23,41.09,42.06,68604906.0,4098103238.0,5970279103.0,0.011491071827031803
2021-03-17,42.52,44.38,42.06,43.6,83571760.0,5181725772.0,5970279103.0,0.013997965347718183
2021-03-18,44.11,44.5,43.11,43.81,48516782.0,3027009764.0,5970279103.0,0.008126384238154101
2021-03-19,43.46,43.46,41.82,42.06,55819039.0,3383161379.0,5970279103.0,0.009349485683500382
2021-03-22,42.1,42.9,41.78,42.72,39575697.0,2394462731.0,5970279103.0,0.0066287850730652855
2021-03-23,42.66,43.46,42.26,43.05,38481259.0,2362594459.0,5970279103.0,0.0064454706951076355
2021-03-24,43.04,43.46,42.81,43.01,32399326.0,1991491412.0,5970279103.0,0.0054267690741157636
2021-03-25,42.66,43.2,42.55,43.03,25338726.0,1554450776.0,5970279103.0,0.004244144295911989
2021-03-26,43.88,44.11,42.89,43.2,37839591.0,2335337076.0,5970279103.0,0.006337993642706924
2021-03-29,43.42,43.95,43.1,43.79,40946837.0,2549934481.0,5970279103.0,0.006858446027996357
2021-03-30,43.8,43.81,43.05,43.53,27420306.0,1696976880.0,5970279103.0,0.004592801362707079
2021-03-31,43.67,44.35,43.4,43.95,36590634.0,2293228233.0,5970279103.0,0.006128797895162658
2021-04-01,43.95,44.16,43.45,43.97,21812025.0,1364967483.0,5970279103.0,0.00365343472619893
2021-04-02,44.15,44.51,43.6,43.77,27760233.0,1747457054.0,5970279103.0,0.004649737896851553
2021-04-06,43.78,43.95,42.76,42.99,24198358.0,1487509294.0,5970279103.0,0.004053136810277528
2021-04-07,43.46,43.53,42.68,43.24,23994960.0,1477888744.0,5970279103.0,0.0040190683862573184
2021-04-08,43.22,43.45,42.87,43.36,15721246.0,968814790.0,5970279103.0,0.0026332514324330742
2021-04-09,43.53,43.59,42.54,43.22,23815344.0,1458533200.0,5970279103.0,0.0039889833605991805
2021-04-12,43.15,43.34,41.84,42.2,23305064.0,1407033177.0,5970279103.0,0.003903513319551419
2021-04-13,42.34,42.41,41.16,41.48,24392820.0,1449297328.0,5970279103.0,0.004085708486851624
2021-04-14,41.72,42.17,41.58,42.0,18663520.0,1117010473.0,5970279103.0,0.003126071608716213
2021-04-15,42.76,43.69,42.33,42.43,48350030.0,2972584975.0,5970279103.0,0.008098453885632354
2021-04-16,43.25,43.38,42.08,42.68,32841159.0,1998254707.0,5970279103.0,0.00550077449201624
2021-04-19,42.69,43.01,42.31,42.68,29084209.0,1771553811.0,5970279103.0,0.00487149905360128
2021-04-20,42.63,42.64,41.82,42.05,34338610.0,2060995833.0,5970279103.0,0.005751592079295795
2021-04-21,41.71,42.05,41.41,41.79,22207693.0,1325127407.0,5970279103.0,0.0037197076747787013
2021-04-22,41.86,41.99,41.19,41.44,26844357.0,1584854962.0,5970279103.0,0.004496332003391768
2021-04-23,41.57,42.2,41.4,41.93,27949161.0,1670116904.0,5970279103.0,0.004681382648586035
2021-04-26,42.04,42.05,40.97,41.01,42065369.0,2481306191.0,5970279103.0,0.007045796063179461
2021-04-27,41.01,41.17,40.32,40.64,31695564.0,1837875822.0,5970279103.0,0.005308891502923762
2021-04-28,41.01,41.12,40.23,40.7,27710952.0,1601612712.0,5970279103.0,0.004641483508882449
2021-04-29,41.72,42.53,40.81,41.72,82288716.0,4905318040.0,5970279103.0,0.013783060151853004
2021-04-30,42.24,42.48,41.58,42.0,50033512.0,3006921930.0,5970279103.0,0.008380430987700175
2021-05-06,41.82,42.33,41.79,42.03,33612713.0,2014738394.0,5970279103.0,0.005630006976241693
2021-05-07,42.24,42.85,41.47,41.75,36528167.0,2191915285.0,5970279103.0,0.006118334900230208
2021-05-10,41.64,41.95,41.3,41.95,29204133.0,1732190131.0,5970279103.0,0.004891585886717631
2021-05-11,41.65,42.05,41.51,41.99,19644907.0,1171936051.0,5970279103.0,0.003290450356019143
2021-05-12,41.99,42.13,40.69,41.42,38783902.0,2282855384.0,5970279103.0,0.006496162295077882
2021-05-13,41.04,41.15,40.13,40.22,42631676.0,2466420651.0,5970279103.0,0.007140650422620619
2021-05-14,39.96,40.48,39.66,40.48,44842349.0,2562656961.0,5970279103.0,0.007510930096629354
2021-05-17,40.48,41.22,40.33,40.86,36004033.0,2098368500.0,5970279103.0,0.006030544364652629
2021-05-18,40.88,41.14,40.47,40.61,23780945.0,1379605597.0,5970279103.0,0.003983221653414886
2021-05-19,40.59,40.6,40.11,40.25,22997505.0,1319498019.0,5970279103.0,0.0038519983074901815
2021-05-20,40.6,40.79,40.23,40.66,29461064.0,1707256068.0,5970279103.0,0.004934620893216891
2021-05-21,40.76,41.06,40.24,40.31,28266741.0,1631780841.0,5970279103.0,0.004734576141640727
2021-05-24,40.12,40.13,39.73,39.82,35729612.0,2028325946.0,5970279103.0,0.005984579846869514
2021-05-25,39.4,39.61,38.35,39.18,112779263.0,6239121392.0,5970279103.0,0.018890115697158892
2021-05-26,39.19,39.52,38.78,39.39,47618606.0,2666326941.0,5970279103.0,0.007975943030213139
2021-05-27,41.01,41.55,40.39,40.69,95635438.0,5563245424.0,5970279103.0,0.016018587464687244
2021-05-28,40.66,40.66,39.82,39.95,64862635.0,3705660094.0,5970279103.0,0.010864255067641182
2021-05-31,40.0,40.11,39.17,39.47,56053396.0,3148066456.0,5970279103.0,0.00938873962723682
2021-06-01,39.47,39.63,39.23,39.47,34078014.0,1914326083.0,5970279103.0,0.005707943198648146
2021-06-02,39.47,39.53,39.2,39.29,32203750.0,1804226473.0,5970279103.0,0.005394010806599974
2021-06-03,39.39,39.61,39.24,39.24,38526612.0,2164949330.0,5970279103.0,0.006453067157386461
2021-06-04,39.24,39.45,38.95,39.24,30928663.0,1727355927.0,5970279103.0,0.00518043837924741
2021-06-07,39.21,39.21,38.67,38.81,40618895.0,2252014955.0,5970279103.0,0.0068035169376904755
2021-06-08,38.77,39.04,38.53,38.72,28603661.0,1580515234.0,5970279103.0,0.004791009014239715
2021-06-09,38.66,38.87,38.59,38.72,30478659.0,1682756813.0,5970279103.0,0.005105064348613921
2021-06-10,38.72,38.78,38.56,38.56,39750717.0,2189740594.0,5970279103.0,0.006658100285466671
2021-06-11,38.58,38.66,38.1,38.29,42287234.0,2314231528.0,5970279103.0,0.007082957642424309
2021-06-15,38.31,38.82,38.14,38.82,45788692.0,2509517518.0,5970279103.0,0.007669439101597726
2021-06-16,38.83,39.24,38.57,38.68,31422940.0,1740250224.0,5970279103.0,0.005263227976094169
2021-06-17,38.7,38.7,38.21,38.35,29167028.0,1596470740.0,5970279103.0,0.0048853709343913065
2021-06-18,38.35,38.49,37.62,37.63,50755026.0,2743124653.0,5970279103.0,0.008501281954221562
2021-06-21,36.79,36.79,35.75,35.83,111265588.0,5716391191.0,5970279103.0,0.01863658064898344
2021-06-22,35.84,36.0,34.7,34.92,107895588.0,5412379263.0,5970279103.0,0.01807211792590796
2021-06-23,34.95,36.26,34.93,36.26,86754969.0,4408991827.0,5970279103.0,0.01453114125877408
2021-06-24,36.31,36.35,35.53,36.07,47409864.0,2432921994.0,5970279103.0,0.007940979505661144
2021-06-25,36.1,36.85,35.86,36.61,47818455.0,2491896253.0,5970279103.0,0.008009417009662371
2021-06-28,37.78,38.18,36.71,36.92,52555025.0,2792874731.0,5970279103.0,0.00880277522931745
2021-06-29,36.89,36.89,35.68,35.87,47667186.0,2451681417.0,5970279103.0,0.007984080003235989
2021-06-30,36.17,36.66,35.87,36.52,29513260.0,1531980015.0,5968434103.0,0.00494489165678571
2021-07-01,36.54,36.8,35.82,36.35,35377220.0,1832127574.0,5968434103.0,0.005927387215721765
2021-07-02,35.89,36.1,35.3,35.74,47088482.0,2394366185.0,5968434103.0,0.00788958731676894
2021-07-05,35.75,35.89,34.83,34.97,48646874.0,2435008441.0,5968434103.0,0.008150692989229439
2021-07-06,34.74,35.23,34.62,35.13,35295781.0,1760384509.0,5968434103.0,0.0059137422631940885
2021-07-07,34.93,35.81,34.93,35.18,36427130.0,1837963483.0,5968434103.0,0.006103297677642131
2021-07-08,35.25,35.25,34.35,34.49,56559795.0,2785355814.0,5968434103.0,0.009476488141432362
2021-07-09,34.49,34.66,33.79,34.56,40565516.0,1978394153.0,5968434103.0,0.006796676531891333
2021-07-12,34.84,34.91,34.22,34.29,38015124.0,1870355646.0,5968434103.0,0.006369363109980876
2021-07-13,34.45,34.82,34.0,34.63,36884269.0,1812638361.0,5968434103.0,0.006179890464311289
2021-07-14,34.56,34.98,34.22,34.77,45530753.0,2242530212.0,5968434103.0,0.007628592728721629
2021-07-15,34.42,34.91,34.34,34.7,38032397.0,1880239608.0,5968434103.0,0.006372257168908546
2021-07-16,34.7,35.16,34.49,35.04,43810409.0,2182804458.0,5968434103.0,0.007340352300778347
2021-07-19,35.26,36.26,35.05,36.09,72400272.0,3689072647.0,5968434103.0,0.012130530512786999
2021-07-20,36.0,36.41,35.54,35.89,46338532.0,2371160199.0,5968434103.0,0.007763934593281041
2021-07-21,35.89,36.1,34.98,35.02,49884429.0,2513927000.0,5968434103.0,0.00835804302085297
2021-07-22,34.91,35.37,34.7,35.02,39026330.0,1950632108.0,5968434103.0,0.0065387887889025425
2021-07-23,34.98,34.99,34.34,34.36,45042135.0,2220467343.0,5968434103.0,0.0075467256943257234
2021-07-26,34.21,34.23,33.35,33.39,65575533.0,3157734053.0,5968434103.0,0.010987058224709028
2021-07-27,33.63,33.72,32.74,32.78,62982578.0,2997870161.0,5968434103.0,0.010552613451548733
2021-07-28,32.6,33.7,32.36,33.3,56206051.0,2636900477.0,5968434103.0,0.009417218994132538
2021-07-29,33.63,33.77,33.24,33.34,46480637.0,2219582633.0,5968434103.0,0.007787744020937882
2021-07-30,33.09,33.42,32.6,33.3,40302543.0,1896384740.0,5968434103.0,0.006752615896310584
2021-08-02,33.04,34.28,32.67,33.82,52314589.0,2500117937.0,5968434103.0,0.008765211795453077
2021-08-03,33.58,34.7,33.45,34.5,58606350.0,2852640166.0,5968434103.0,0.00981938461388756
2021-08-04,34.98,34.98,33.85,34.01,52420801.0,2553662733.0,5968434103.0,0.00878300741791737
2021-08-05,33.73,34.55,33.68,33.73,34844584.0,1693076391.0,5968434103.0,0.005838145047540286
2021-08-06,33.79,33.83,33.24,33.47,27849370.0,1327766204.0,5968434103.0,0.004666109991228968
2021-08-09,33.3,34.22,33.22,33.98,41586777.0,2015087858.0,5968434103.0,0.0069677869073056595
2021-08-10,33.71,34.06,33.37,34.0,35984735.0,1730715524.0,5968434103.0,0.006029175220668428
2021-08-11,34.1,34.51,33.58,33.68,48719161.0,2363706836.0,5968434103.0,0.008162804541229933
2021-08-12,33.66,33.82,32.71,32.79,65866726.0,3109179250.0,5968434103.0,0.011035847068646106
2021-08-13,32.79,32.91,32.37,32.61,39195008.0,1816651828.0,5968434103.0,0.006567050473138146
2021-08-16,32.84,33.77,32.72,33.64,61536863.0,2925127052.0,5968434103.0,0.010310386600242237
2021-08-17,33.71,33.79,32.98,33.03,40945935.0,1947513384.0,5968434103.0,0.006860415025679642
2021-08-18,33.07,33.47,32.88,33.4,32873879.0,1554982461.0,5968434103.0,0.0055079571010888985
2021-08-19,33.33,33.56,32.95,33.1,34357648.0,1623878780.0,5968434103.0,0.005756559829106653
2021-08-20,32.97,33.02,31.86,32.32,72889342.0,3357398160.0,5968434103.0,0.012212473278939711
2021-08-23,32.83,33.69,31.92,33.57,94271239.0,4189470027.0,5968434103.0,0.015794970233920333
2021-08-24,33.57,34.31,32.91,33.18,61973416.0,2783194075.0,5968434103.0,0.010383530241014039
2021-08-25,33.34,33.41,33.03,33.13,37301721.0,1659846776.0,5968434103.0,0.006249833768165506
2021-08-26,32.9,32.9,32.08,32.19,54996625.0,2383986208.0,5968434103.0,0.009214581923985096
2021-08-27,32.08,32.42,31.94,31.95,33754969.0,1450676876.0,5968434103.0,0.005655582086938558
2021-08-30,31.97,32.05,30.46,30.59,82576878.0,3409147877.0,5968434103.0,0.013835601863894785
2021-08-31,30.74,31.31,30.07,30.66,65468076.0,2683806293.0,5968434103.0,0.01096905400481725
2021-09-01,30.96,31.25,30.38,31.08,90621797.0,3748449199.0,5968434103.0,0.015183513034758893
2021-09-02,31.08,31.08,29.96,30.19,104376928.0,4239776818.0,5968434103.0,0.01748815957397193
2021-09-03,30.2,30.5,29.99,30.28,81983523.0,3324871715.0,5968434103.0,0.013736186340533012
2021-09-06,30.49,31.01,30.4,30.88,89379170.0,3688053176.0,5968434103.0,0.014975313198997047
2021-09-07,30.81,31.21,30.52,31.15,70159754.0,2911290153.0,5968434103.0,0.011755135901514703
2021-09-08,31.04,31.09,30.79,30.98,71079050.0,2947899925.0,5968434103.0,0.011909162231392068
2021-09-09,30.87,31.18,30.78,30.93,48036806.0,1993173009.0,5970279103.0,0.008045990006708737
2021-09-10,30.96,31.08,30.69,30.77,59032322.0,2438143162.0,5970279103.0,0.009887698879996566
2021-09-13,30.78,30.88,30.3,30.44,59412607.0,2426375286.0,5970279103.0,0.009951395232116671
2021-09-14,30.55,30.81,29.97,30.0,63968409.0,2590811970.0,5970279103.0,0.010714475470310354
2021-09-15,29.87,29.88,28.87,29.09,107648800.0,4211635255.0,5970279103.0,0.01803078183495771
2021-09-16,28.95,29.16,28.49,28.51,77409322.0,2986504722.0,5970279103.0,0.012965779432506373
2021-09-17,28.42,28.63,27.93,28.55,72454537.0,2748770738.0,5970279103.0,0.01213587099530948
2021-09-22,28.03,28.29,27.93,28.19,36804323.0,1388108828.0,5970279103.0,0.00616459002419271
2021-09-23,28.32,28.71,28.26,28.43,51706366.0,1970606854.0,5970279103.0,0.008660627938485843
2021-09-24,28.35,28.67,28.16,28.28,43610921.0,1661950917.0,5970279103.0,0.007304670392726864
2021-09-27,28.22,29.28,28.02,28.68,74025028.0,2851180000.0,5970279103.0,0.012398922516503999
2021-09-28,28.43,28.75,28.14,28.43,46611034.0,1778321080.0,5970279103.0,0.0078071783908022765
2021-09-29,28.96,29.54,28.69,29.32,104737322.0,4088950865.0,5970279103.0,0.01754311987648461
2021-09-30,29.31,29.44,28.9,28.91,67332578.0,2621148198.0,5970279103.0,0.01127796152212819
2021-10-08,29.01,29.81,28.63,29.7,82685450.0,3257750460.0,5970279103.0,0.013849511651549334
2021-10-11,29.84,29.93,29.5,29.73,55819304.0,2220797738.0,5970279103.0,0.009349530070034985
2021-10-12,29.49,29.75,29.3,29.43,43544252.0,1719468371.0,5970279103.0,0.007293503578102318
2021-10-13,29.26,29.42,28.74,29.17,45331658.0,1763602974.0,5970279103.0,0.007592887571574558
2021-10-14,29.12,29.34,28.96,29.08,27145697.0,1059647790.0,5970279103.0,0.00454680535560885
2021-10-15,29.08,29.46,28.96,29.13,40225796.0,1573665760.0,5970279103.0,0.006737674287251826
2021-10-18,29.13,29.17,28.52,28.62,39604481.0,1522040795.0,5970279103.0,0.0066336062882050495
2021-10-19,28.5,29.29,28.48,29.13,45212364.0,1756961695.0,5970279103.0,0.007572906261163114
2021-10-20,29.17,29.32,28.74,28.78,35314668.0,1366357122.0,5970279103.0,0.005915078238512294
2021-10-21,28.78,29.92,28.66,29.9,96608729.0,3815529562.0,5970279103.0,0.016181610161483936
2021-10-22,29.92,30.63,29.9,30.34,106208914.0,4321712653.0,5970279103.0,0.01778960617546861
2021-10-25,29.88,30.0,29.2,29.37,88501906.0,3491700489.0,5970279103.0,0.01482374684217506
2021-10-26,29.31,29.52,29.05,29.08,52358763.0,2050893274.0,5970279103.0,0.008769902059300762
2021-10-27,28.35,28.36,27.31,27.43,159121075.0,5920209011.0,5970279103.0,0.026652200383738073
2021-10-28,27.21,27.42,26.79,27.23,62526929.0,2272474226.0,5970279103.0,0.010473032821628205
2021-10-29,27.22,27.48,26.88,27.34,55777086.0,2031501313.0,5970279103.0,0.00934245870883534
2021-11-01,27.1,27.82,26.81,27.58,63205279.0,2326782405.0,5970279103.0,0.010586653975396232
2021-11-02,27.55,27.75,26.95,27.13,52088926.0,1906431986.0,5970279103.0,0.008724705344818114
2021-11-03,27.13,27.27,26.72,27.07,42944962.0,1551877074.0,5970279103.0,0.007193124686318371
2021-11-04,27.08,27.18,26.8,27.17,51186105.0,1849404280.0,5970279103.0,0.008573486116298908
2021-11-05,27.08,27.42,26.86,27.13,44889821.0,1632362243.0,5970279103.0,0.007518881483688653
2021-11-08,26.87,27.03,26.78,26.87,42417886.0,1527015978.0,5970279103.0,0.00710484137645851
2021-11-09,26.87,26.99,26.51,26.56,52595435.0,1885207240.0,5869017265.0,0.00896154034401192
2021-11-10,26.49,26.49,25.44,25.87,112307310.0,3886365707.0,5869017265.0,0.01913562440338127
2021-11-11,25.91,26.95,25.82,26.95,123853844.0,4435844589.0,5869017265.0,0.02110299534107777
2021-11-12,27.03,27.03,26.34,26.43,74252446.0,2638480180.0,5869017265.0,0.012651597813965538
2021-11-15,26.55,27.08,26.46,26.93,57855616.0,2076828092.0,5869017265.0,0.009857802999664544
2021-11-16,27.03,27.34,26.93,27.1,60632615.0,2208393436.0,5869017265.0,0.010330965519829665
2021-11-17,27.44,27.6,27.04,27.11,54834802.0,2000372505.0,5869017265.0,0.009343097749432162
2021-11-18,27.03,27.11,26.64,26.67,46228070.0,1661634371.0,5869017265.0,0.007876628728915487
2021-11-19,26.63,26.89,26.4,26.79,48293262.0,1721816275.0,5869017265.0,0.008228509104581753
2021-11-22,26.75,26.92,26.57,26.65,38002268.0,1356811555.0,5869017265.0,0.006475064952803474
2021-11-23,26.49,26.84,26.2,26.78,53898686.0,1923450700.0,5869017265.0,0.009183596429580446
2021-11-24,26.78,26.83,26.5,26.66,37931737.0,1353835381.0,5869017265.0,0.006463047438317597
2021-11-25,26.57,26.92,26.37,26.4,43694681.0,1555562197.0,5869017265.0,0.007444974009630895
2021-11-26,26.34,26.35,26.19,26.21,31058588.0,1091575180.0,5869017265.0,0.00529195717061841
2021-11-29,25.94,25.99,25.76,25.84,42463194.0,1471557293.0,5869017265.0,0.007235145524827485
2021-11-30,25.87,26.17,25.71,25.78,38807856.0,1346723297.0,5869017265.0,0.0066123260927227825
2021-12-01,25.67,26.25,25.54,26.25,44119093.0,1536348092.0,5869017265.0,0.007517287990121461
2021-12-02,26.11,26.32,25.93,26.19,29998239.0,1051275802.0,5869017265.0,0.0051112882524464685
2021-12-03,26.19,26.3,25.85,26.1,36003323.0,1257442560.0,5869017265.0,0.006134472156813463
2021-12-06,26.04,26.86,26.0,26.41,70954142.0,2526480574.0,5869017265.0,0.012089612075796135
2021-12-07,26.58,27.34,26.56,27.33,109286243.0,3963859106.0,5869017265.0,0.01862087604542087
2021-12-08,27.4,27.44,26.88,27.24,68748868.0,2498667390.0,5869017265.0,0.011713863649709335
2021-12-09,27.2,27.92,27.2,27.51,102200855.0,3787536392.0,5869017265.0,0.017413623164729265
2021-12-10,27.31,27.51,27.05,27.31,54164487.0,1977834726.0,5869017265.0,0.009228885272328466
2021-12-13,27.31,27.86,27.31,27.36,65758977.0,2429806899.0,5869017265.0,0.011204427254313079
2021-12-14,27.52,27.52,26.94,27.01,51639732.0,1875930140.0,5869017265.0,0.008798701668157386
2021-12-15,26.93,27.11,26.75,26.78,41208897.0,1484918555.0,5869017265.0,0.007021430529051272
2021-12-16,26.82,26.96,26.61,26.89,37944055.0,1361585506.0,5869017265.0,0.006465146256474677
2021-12-17,26.86,26.86,26.46,26.49,42309705.0,1506512967.0,5869017265.0,0.007208993105594485
2021-12-20,26.41,26.69,26.28,26.3,37916678.0,1345780779.0,5869017265.0,0.006460481591375929
2021-12-21,26.39,26.93,26.37,26.75,47780525.0,1711621535.0,5869017265.0,0.008141145756196715
2021-12-22,26.78,26.95,26.47,26.81,41570413.0,1484335266.0,5869017265.0,0.007083027894278992
2021-12-23,26.67,26.84,26.47,26.64,30651996.0,1093506813.0,5869017265.0,0.0052226794735796365
2021-12-24,26.65,26.65,26.3,26.56,35083489.0,1245210276.0,5869017265.0,0.005977745066319889
2021-12-27,26.62,28.05,26.56,28.05,139888858.0,5146983753.0,5869017265.0,0.023835141674268017
2021-12-28,28.05,28.46,27.7,28.2,116218921.0,4386736971.0,5869017265.0,0.019802109237789065
2021-12-29,28.05,28.08,27.47,27.47,72674514.0,2694219018.0,5869017265.0,0.012382739855511398
2021-12-30,27.53,27.68,27.36,27.48,45854381.0,1691831377.0,5869017265.0,0.007812957251540817
2021-12-31,27.48,27.75,27.32,27.63,41765621.0,1542702567.0,5868891715.000001,0.007116440893474551
2022-01-04,27.63,28.16,27.49,28.04,66231709.0,2476956645.0,5868891715.000001,0.011285215712997695
2022-01-05,28.05,29.66,27.94,29.13,182268902.0,7096693590.0,5870552851.0,0.031047996096134626
2022-01-06,29.13,29.19,28.63,28.81,86819500.0,3361221999.0,5870552851.0,0.01478898192445555
2022-01-07,29.04,30.14,28.84,29.95,164665655.0,6578247723.0,5870552851.0,0.02804942893444023
2022-01-10,29.95,30.67,29.69,30.04,110096660.0,4442139321.0,5870552851.0,0.01875405311805445
2022-01-11,29.88,30.4,29.57,29.81,66151341.0,2656490294.0,5870552851.0,0.011268332417573189
2022-01-12,29.81,29.84,29.1,29.49,64504932.0,2537022701.0,5870552851.0,0.010987880296318621
2022-01-13,29.47,29.84,29.08,29.17,51823072.0,2042497040.0,5870552851.0,0.008827630602315823
2022-01-14,29.1,29.16,28.52,28.54,56627466.0,2179386991.0,5870552851.0,0.009646019282554279
2022-01-17,28.35,28.8,28.31,28.76,44299736.0,1695237640.0,5870552851.0,0.007546092697633053
2022-01-18,28.72,29.32,28.37,29.25,67021234.0,2592454500.0,5870552851.0,0.011416511477038059
2022-01-19,29.06,29.7,28.97,29.43,66462107.0,2620575648.0,5870552851.0,0.011321268828825675
2022-01-20,29.45,30.19,29.4,29.84,73776710.0,2953297398.0,5870552851.0,0.012567250797756254
2022-01-21,29.82,29.92,29.1,29.17,50788578.0,2002507396.0,5870552851.0,0.008651413127359647
2022-01-24,29.1,29.39,28.66,28.99,42720923.0,1657804980.0,5870552851.0,0.007277154994477709
2022-01-25,29.1,29.91,28.99,29.02,70959225.0,2801345252.0,5870552851.0,0.012087315590372835
2022-01-26,29.02,29.6,28.75,29.22,41862025.0,1632888111.0,5870552851.0,0.007130848842093152
2022-01-27,29.12,29.12,27.87,27.9,74102395.0,2809008828.0,5870552851.0,0.012622728536951554
2022-01-28,27.98,28.54,27.97,28.22,47644511.0,1804189417.0,5870552851.0,0.008115847384268784
2022-02-07,28.55,28.78,28.13,28.52,40373283.0,1538004327.0,5870552851.0,0.006877253986926077
2022-02-08,28.52,28.74,28.23,28.72,34640873.0,1323905937.0,5870552851.0,0.005900785476124147
2022-02-09,28.68,28.99,28.58,28.78,41106873.0,1585360860.0,5870552851.0,0.007002214960554828
2022-02-10,29.03,29.22,28.81,28.9,47658143.0,1851287562.0,5870552851.0,0.0081181694824333
2022-02-11,28.9,29.96,28.79,29.77,87483158.0,3465777690.0,5870552851.0,0.014902030561755009
2022-02-14,30.05,30.13,29.13,29.66,62338748.0,2469766381.0,5870552851.0,0.010618888813747944
2022-02-15,29.42,29.59,29.04,29.2,45654967.0,1789899226.0,5870552851.0,0.00777694506101296
2022-02-16,29.11,29.43,29.06,29.26,30780887.0,1205567439.0,5870552851.0,0.005243268867727974
2022-02-17,29.32,29.32,28.74,28.83,42714367.0,1655726801.0,5870552851.0,0.007276038234239551
2022-02-18,28.65,29.13,28.58,29.13,26360482.0,1022307657.0,5870552851.0,0.0044902895296325815
2022-02-21,28.95,29.08,28.67,28.97,33968072.0,1314482652.0,5870552851.0,0.005786179404587733
2022-02-22,28.72,28.83,28.22,28.28,53047875.0,2022365202.0,5870552851.0,0.009036265637394566
2022-02-23,28.37,28.57,28.33,28.53,29246588.0,1114454723.0,5870552851.0,0.004981913755366002
2022-02-24,28.46,28.46,27.54,27.75,60824088.0,2278471692.0,5870552851.0,0.01036087904219091
2022-02-25,27.78,27.97,27.54,27.73,42712684.0,1586835670.0,5870552851.0,0.007275751549144856
2022-02-28,27.74,27.75,27.0,27.43,62730581.0,2293619051.0,5870552851.0,0.01068563431624917
2022-03-01,27.38,27.66,27.12,27.48,42985840.0,1575009084.0,5870552851.0,0.00732228140875654
2022-03-02,27.23,27.37,27.14,27.29,24595801.0,898150624.0,5870552851.0,0.004189690753880243
2022-03-03,27.4,27.43,26.87,26.93,46173839.0,1674074500.0,5870552851.0,0.007865330603766674
2022-03-04,26.75,26.84,26.5,26.73,33962598.0,1214431325.0,5870552851.0,0.005785246954077716
2022-03-07,26.56,26.59,26.01,26.03,48913310.0,1714476194.0,5870552851.0,0.008331976773136116
2022-03-08,26.02,26.2,25.28,25.31,53916765.0,1850600737.0,5870552851.0,0.009184273844126236
2022-03-09,25.31,25.55,23.64,24.87,78680338.0,2605457182.0,5870552851.0,0.013402543167054097
2022-03-10,25.73,25.73,24.81,24.99,47489450.0,1602547380.0,5870552851.0,0.008089434028672541
2022-03-11,24.61,25.28,24.27,25.22,36290880.0,1206824361.0,5870552851.0,0.006181850486844378
2022-03-14,24.79,25.08,24.62,24.64,29943298.0,995386032.0,5870552851.0,0.005100592526800846
2022-03-15,24.39,24.39,23.27,23.28,62285447.0,1987762082.0,5870552851.0,0.010609809430365692
2022-03-16,23.58,23.84,22.87,23.69,60634543.0,1902922078.0,5870552851.0,0.010328591623133316
2022-03-17,24.18,24.46,23.92,23.93,65206207.0,2110302465.0,5870552851.0,0.011107336677650839
2022-03-18,23.73,24.27,23.61,24.07,53326522.0,1710776512.0,5870552851.0,0.009083730843325304
2022-03-21,24.08,24.22,23.82,23.99,40403581.0,1300188161.0,5870552851.0,0.006882414999997416
2022-03-22,23.98,24.48,23.88,24.21,39439807.0,1281198112.0,5870552851.0,0.006718244090636499
2022-03-23,24.25,24.31,23.96,24.14,29932041.0,967387977.0,5870552851.0,0.0050986749901930145
2022-03-24,24.02,24.09,23.84,23.93,25595264.0,821598998.0,5870552851.0,0.004359940988460748
2022-03-25,24.1,24.1,23.5,23.52,40684758.0,1294746062.0,5870552851.0,0.006930311170449592
2022-03-28,23.17,23.61,22.94,23.61,27766641.0,866933961.0,5870552851.0,0.004729817055521472
2022-03-29,23.63,23.67,23.31,23.34,20440905.0,642365105.0,5870552851.0,0.0034819386723548636
2022-03-30,23.41,23.93,23.41,23.93,33152766.0,1053011607.0,5870552851.0,0.005647298787941702
2022-03-31,23.87,24.25,23.79,24.1,36267599.0,1170411745.0,5870552851.0,0.00617788476153862
2022-04-01,23.95,24.68,23.77,24.64,46824095.0,1530723542.0,5870552851.0,0.007976096321494475
2022-04-06,24.64,24.93,24.52,24.76,39895155.0,1320570218.0,5870552851.0,0.006795808846726282
2022-04-07,24.66,24.89,24.43,24.68,37262285.0,1232790405.0,5870552851.0,0.006347321273779637
2022-04-08,24.71,24.79,24.41,24.73,34117729.0,1092830817.0,5870552851.0,0.005811672233593524
2022-04-11,24.81,24.82,24.26,24.4,33534898.0,1069368558.0,5870552851.0,0.005712391805532865
2022-04-12,24.39,25.18,24.13,24.92,38833496.0,1244030915.0,5870552851.0,0.006614964039270175
2022-04-13,24.86,24.9,24.53,24.54,24479084.0,787489469.0,5870552851.0,0.0041698089807385335
2022-04-14,24.72,25.02,24.62,24.95,30566174.0,991435645.0,5870552851.0,0.005206694288561478
2022-04-15,24.65,25.02,24.65,24.86,21834734.0,707716596.0,5870552851.0,0.0037193658849831554
2022-04-18,24.86,24.86,24.48,24.57,20630954.0,660742769.0,5870552851.0,0.0035143119436333308
2022-04-19,24.57,24.71,24.09,24.22,32515161.0,1030807366.0,5870552851.0,0.005538688063162793
2022-04-20,24.19,24.82,24.19,24.36,29730688.0,948017712.0,5870552851.0,0.005064376176246437
2022-04-21,24.36,24.56,23.81,23.94,36272972.0,1140350286.0,5870552851.0,0.006178800007536122
2022-04-22,23.66,24.7,23.36,24.55,43642904.0,1373756873.0,5870552851.0,0.007434206812832933
2022-04-25,24.27,24.57,23.57,23.58,43933142.0,1379618274.0,5870552851.0,0.007483646449502001
2022-04-26,23.78,23.86,22.97,23.03,42292456.0,1286629729.0,5870552851.0,0.007204169193842762
2022-04-27,22.88,23.4,22.77,23.39,37264668.0,1121297996.0,5870552851.0,0.006347727198069987
2022-04-28,23.34,23.53,22.96,23.27,35526715.0,1074045135.0,5870552851.0,0.006051681315491149
2022-04-29,23.31,24.06,23.26,23.96,42062722.0,1299787915.0,5870552851.0,0.00716503591187923
2022-05-05,24.95,26.28,24.86,26.27,122318223.0,4108444751.0,5870552851.0,0.02083589503485419
2022-05-06,25.91,26.24,25.73,26.07,58693018.0,1983418025.0,5870552851.0,0.009997868938357676
2022-05-09,25.89,25.98,25.5,25.62,33436835.0,1118136558.0,5870552851.0,0.0056956875866136375
2022-05-10,25.33,25.84,25.11,25.76,48929200.0,1627312761.0,5870552851.0,0.00833468350287747
2022-05-11,25.78,25.89,25.37,25.57,49280212.0,1644664203.0,5870552851.0,0.008394475486513255
2022-05-12,25.35,25.78,25.21,25.53,30357803.0,1009125197.0,5870552851.0,0.00517120001650761
2022-05-13,25.64,25.92,25.55,25.74,32740133.0,1096621745.0,5870552851.0,0.0055770101779124585
2022-05-16,26.07,26.21,25.48,25.58,29514900.0,990650826.0,5870552851.0,0.005027618479743757
2022-05-17,25.76,25.84,25.4,25.61,23864945.0,795004217.0,5870552851.0,0.004065195494481377
2022-05-18,25.64,25.67,25.14,25.34,31287481.0,1031801467.0,5870552851.0,0.0053295629549899096
2022-05-19,25.09,25.26,24.89,25.12,28065002.0,915389027.0,5870552851.0,0.004780640377885254
2022-05-20,25.23,25.59,25.18,25.51,40834294.0,1353042016.0,5870552851.0,0.006955783388108705
2022-05-23,25.3,25.3,24.65,24.86,55928603.0,1812451930.0,5870552851.0,0.009526973765421944
2022-05-24,24.74,24.98,24.41,24.41,33508021.0,1077204649.0,5870552851.0,0.005707813531444859
2022-05-25,24.39,24.44,24.16,24.39,26848798.0,849891684.0,5870552851.0,0.004573470111154272
2022-05-26,24.4,24.56,24.07,24.37,43233130.0,1366575573.0,5870552851.0,0.007364405209747084
2022-05-27,24.48,24.69,24.07,24.21,43100411.0,1365791546.0,5870552851.0,0.007341797628592715
2022-05-30,24.26,24.46,24.22,24.45,33978601.0,1077260014.0,5870552851.0,0.0057879729324320835
2022-05-31,24.46,24.72,24.3,24.7,42866332.0,1370159292.0,5870552851.0,0.007301924211907585
2022-06-01,24.71,24.82,24.26,24.36,49628559.0,1582411061.0,5870552851.0,0.008453813509497012
2022-06-02,24.19,24.26,23.81,24.2,46767568.0,1462714370.0,5870552851.0,0.007966467415761964
2022-06-06,24.2,24.39,23.91,24.34,45885654.0,1444065936.0,5870552851.0,0.00781624067862429
2022-06-07,24.3,24.52,24.19,24.51,42593389.0,1353080128.0,5870552851.0,0.007255430635079722
2022-06-08,24.57,24.69,24.25,24.42,47973368.0,1526209081.0,5870552851.0,0.008171865447362106
2022-06-09,24.42,24.46,24.04,24.04,40890640.0,1288908136.0,5870552851.0,0.006965381461992054
2022-06-10,23.88,24.29,23.84,24.22,38328100.0,1202385362.0,5870552851.0,0.006528874021374516
2022-06-13,24.03,24.13,23.91,24.05,30346118.0,949058341.0,5870552851.0,0.005169209573648722
2022-06-14,23.88,24.31,23.83,24.29,34798341.0,1088702613.0,5870552851.0,0.005927608844211733
2022-06-15,24.26,25.08,24.19,24.84,92642752.0,2994446383.0,5870552851.0,0.01578092461670268
2022-06-16,24.74,24.91,24.48,24.57,56230480.0,1805538510.0,5870552851.0,0.009578396009231329
2022-06-17,24.42,25.29,24.33,25.07,90058945.0,2920885746.0,5870552851.0,0.015340794518979453
2022-06-20,25.22,25.68,25.18,25.31,76111332.0,2516483455.0,5870552851.0,0.012964934296952129
2022-06-21,25.29,25.72,25.11,25.48,80836374.0,2681259641.0,5870552851.0,0.0137698060219712
2022-06-22,25.49,25.53,24.59,24.66,76962388.0,2499640733.0,5870552851.0,0.01310990462966194
2022-06-23,24.65,24.77,24.12,24.76,105174327.0,3335704822.0,5870552851.0,0.017915574507107013
2022-06-24,25.11,27.03,24.88,26.03,223327302.0,7594767992.0,5870552851.0,0.0380419540830738
2022-06-27,25.88,25.99,25.49,25.53,161872825.0,5414513550.0,5870552851.0,0.027573693501869473
2022-06-28,25.55,25.7,25.15,25.68,84843062.0,2815287036.0,5870552851.0,0.014452312099625794
2022-06-29,25.71,26.06,25.51,25.55,87120694.0,2921164503.0,5870552851.0,0.014840287824878319
2022-06-30,25.56,25.91,25.41,25.89,66359448.0,2223982165.0,5870552851.0,0.011303781719416123
2022-07-01,25.86,25.92,25.51,25.68,38814554.0,1297691128.0,5870552851.0,0.006611737426635766
2022-07-04,25.69,25.86,25.54,25.83,46022603.0,1541616723.0,5870552851.0,0.007839568805203829
2022-07-05,25.85,26.17,25.27,25.47,59144363.0,1973024357.0,5587489552.0,0.010585140687883653
2022-07-06,25.59,25.72,25.07,25.19,50162197.0,1653307008.0,5587489552.0,0.008977591194250165
2022-07-07,25.41,25.64,25.14,25.25,51052663.0,1685779530.0,5587489552.0,0.009136959009028675
2022-07-08,25.34,25.87,25.17,25.64,58767794.0,1952251847.0,5587489552.0,0.010517745662533634
2022-07-11,25.93,26.37,25.84,26.1,92493971.0,3136823406.0,5587489552.0,0.01655376178142337
2022-07-12,26.03,27.13,25.95,26.82,140146259.0,4904189405.0,5587489552.0,0.025082151419833207
2022-07-13,27.09,27.51,26.64,26.85,95374938.0,3358734171.0,5587489552.0,0.0170693720520446
2022-07-14,27.18,27.25,25.98,26.24,91597624.0,3151980156.0,5587489552.0,0.016393341436712543
2022-07-15,26.26,26.6,25.85,25.88,62413397.0,2128248929.0,5587489552.0,0.01117020379530904
2022-07-18,25.8,26.34,25.37,26.34,51834048.0,1742251761.0,5587489552.0,0.009276804460680627
2022-07-19,26.11,26.37,25.97,26.17,33685526.0,1146595568.0,5587489552.0,0.006028740758529476
2022-07-20,26.27,26.36,26.05,26.19,30884157.0,1054322223.0,5587489552.0,0.005527376241615566
2022-07-21,26.2,26.2,25.89,26.07,28666092.0,971806412.0,5587489552.0,0.005130406371809534
2022-07-22,26.01,26.22,25.69,26.06,31044538.0,1048212710.0,5587489552.0,0.0055560798299636805
2022-07-25,26.11,26.37,25.97,26.28,43264133.0,1477305073.0,5587489552.0,0.007743036044606817
2022-07-26,26.27,26.27,25.99,26.21,37713994.0,1282394805.0,5587489552.0,0.006749720719656748
2022-07-27,26.05,26.11,25.61,25.65,43798455.0,1469299500.0,5587489552.0,0.007838664321855003
2022-07-28,25.68,25.81,25.55,25.58,31283171.0,1044841874.0,5587489552.0,0.005598788276714079
2022-07-29,25.74,25.84,25.49,25.54,39044597.0,1304903276.0,5587489552.0,0.006987860404324923
2022-08-01,25.49,25.52,25.2,25.35,33758018.0,1112282967.0,5587489552.0,0.006041714742520918
2022-08-02,25.12,25.12,24.32,24.46,56809236.0,1817293081.0,5587489552.0,0.01016722008538979
2022-08-03,24.42,24.72,24.34,24.43,35914431.0,1147102189.0,5587489552.0,0.00642765067670591
2022-08-04,24.54,24.76,24.34,24.69,37422116.0,1196487721.0,5587489552.0,0.006697482948599883
2022-08-05,24.94,25.13,24.61,25.13,45230597.0,1374951141.0,5587489552.0,0.008094976568468042
2022-08-08,25.03,25.13,24.89,24.98,27142442.0,828567644.0,5587489552.0,0.004857716823879262
2022-08-09,24.98,25.23,24.93,25.03,23596132.0,723759654.0,5587489552.0,0.004223029283616994
2022-08-10,25.14,25.16,24.8,24.88,19920462.0,606767034.0,5587489552.0,0.0035651900222112487
2022-08-11,24.94,25.23,24.93,25.21,24273630.0,745787216.0,5587489552.0,0.004344281948824662
2022-08-12,25.25,25.34,25.12,25.26,22724972.0,701441077.0,5587489552.0,0.004067116687827321
2022-08-15,25.35,25.64,25.15,25.26,31641513.0,980684224.0,5587489552.0,0.00566292119305604
2022-08-16,25.31,25.38,25.16,25.24,19340727.0,596307147.0,5587489552.0,0.0034614341235013374
2022-08-17,25.25,25.37,24.89,25.34,29399622.0,906353893.0,5587489552.0,0.005261687154202665
2022-08-18,25.25,25.25,24.86,24.89,34189050.0,1043951429.0,5587489552.0,0.006118857079162195
2022-08-19,24.89,25.15,24.86,24.91,25770026.0,786785996.0,5587489552.0,0.0046120938142561385
2022-08-22,24.91,25.15,24.8,24.94,25630601.0,782698443.0,5587489552.0,0.004587140747462466
2022-08-23,24.86,24.87,24.66,24.72,27698097.0,836814097.0,5587489552.0,0.00495716309484385
2022-08-24,24.71,24.8,24.54,24.57,27272590.0,821529228.0,5587489552.0,0.004881009574369223
2022-08-25,24.64,24.83,24.45,24.83,29018130.0,875049213.0,5587489552.0,0.005193411053379631
2022-08-26,24.94,25.03,24.64,24.66,22031309.0,666996591.0,5587489552.0,0.003942970952332977
2022-08-29,24.47,24.84,24.41,24.8,24428484.0,736292833.0,5587489552.0,0.004371996363063625
2022-08-30,24.82,25.13,24.81,24.98,23361682.0,712653757.0,5587489552.0,0.004181069473613219
2022-08-31,26.09,26.29,25.78,26.11,140150267.0,4468837438.0,5587489552.0,0.02508286873661075
2022-09-01,26.09,27.47,26.03,26.87,157121345.0,5190350757.0,5587489552.0,0.02812020381206075
2022-09-02,27.07,27.18,26.58,27.0,77126988.0,2538961381.0,5587489552.0,0.013803513596261308
2022-09-05,26.98,27.44,26.83,27.28,59118117.0,1964842055.0,5587489552.0,0.010580443408406753
2022-09-06,27.28,27.4,26.78,27.12,48622091.0,1606598227.0,5587489552.0,0.00870195649539892
2022-09-07,27.07,27.11,26.78,26.96,40141228.0,1321992368.0,5587489552.0,0.007184125827247721
2022-09-08,27.03,27.35,26.91,27.14,31630624.0,1048674101.0,5587489552.0,0.005660972375094295
2022-09-09,27.23,28.58,27.2,28.35,111324975.0,3822477104.0,5587489552.0,0.019923970141501574
2022-09-13,28.35,28.97,28.18,28.75,81335864.0,2851010739.0,5587489552.0,0.014556781402998138
2022-09-14,28.38,28.66,28.26,28.56,41790710.0,1456450318.0,5587489552.0,0.007479335685744831
2022-09-15,28.62,29.21,28.46,28.71,66657660.0,2349659387.0,5587489552.0,0.011929804857736225
2022-09-16,28.82,29.15,28.29,28.29,57830871.0,2020198264.0,5587489552.0,0.010350063380306434
2022-09-19,28.35,28.4,27.64,28.18,42370419.0,1456673522.0,5587489552.0,0.007583086931202194
2022-09-20,28.25,28.5,27.54,27.97,42163778.0,1436025188.0,5587489552.0,0.00754610413274201
2022-09-21,27.97,28.21,27.59,28.09,34376404.0,1175255773.0,5587489552.0,0.006152388059087327
2022-09-22,27.81,27.84,27.07,27.09,52841550.0,1764007999.0,5587489552.0,0.00945711835489442
2022-09-23,27.09,27.36,26.78,27.05,32682658.0,1081572532.0,5587489552.0,0.005849256217096905
2022-09-26,26.8,27.36,26.75,26.87,29866372.0,986077975.0,5587489552.0,0.0053452219860186685
2022-09-27,26.82,27.48,26.67,27.36,38365970.0,1275214958.0,5587489552.0,0.006866405680573879
2022-09-28,27.23,27.36,26.94,26.99,25790222.0,853707050.0,5587489552.0,0.00461570831765915
2022-09-29,27.02,27.19,26.58,26.62,27608338.0,903331343.0,5587489552.0,0.004941098814246159
2022-09-30,26.54,26.84,26.33,26.52,24112060.0,784213094.0,5587489552.0,0.00431536556365806
2022-10-10,26.66,26.84,26.21,26.33,30522226.0,990223538.0,5587489552.0,0.005462600997450599
2022-10-11,26.36,26.44,26.01,26.12,23780870.0,761317997.0,5587489552.0,0.004256092074747203
2022-10-12,26.12,26.41,25.7,26.4,28543369.0,907639646.0,5587489552.0,0.005108442482864798
2022-10-13,26.26,26.33,25.86,25.92,27016482.0,861552984.0,5587489552.0,0.004835173604992184
2022-10-14,25.97,26.57,25.97,26.49,36345055.0,1172578165.0,5587489552.0,0.006504719993076419
2022-10-17,26.45,26.5,26.21,26.39,28765237.0,926620056.0,5587489552.0,0.005148150476577392
2022-10-18,26.46,26.61,26.3,26.45,26811100.0,866819014.0,5587489552.0,0.004798416131338119
2022-10-19,26.42,26.42,25.42,25.46,47826075.0,1507807187.0,5587489552.0,0.00855949251536068
2022-10-20,25.35,25.4,24.98,25.07,51478040.0,1582853782.0,5587489552.0,0.009213089263240559
2022-10-21,25.11,25.27,24.86,25.03,28940920.0,887734974.0,5587489552.0,0.005179592683021808
2022-10-24,25.03,25.25,24.49,24.52,51135450.0,1543195834.0,5587489552.0,0.009151775502058245
2022-10-25,24.21,24.68,24.21,24.37,33219739.0,992196035.0,5587489552.0,0.005945378276029034
2022-10-26,24.37,24.74,24.37,24.55,35928751.0,1078674130.0,5587489552.0,0.006430213545032862
2022-10-27,24.76,24.93,24.61,24.87,37764297.0,1143835611.0,5587489552.0,0.0067587235105401764
2022-10-28,24.98,25.1,24.5,24.69,48089171.0,1459228264.0,5587489552.0,0.008606579135845872
2022-10-31,24.19,24.47,23.3,23.45,108303289.0,3132805797.0,5587489552.0,0.01938317521528674
2022-11-01,23.51,24.02,23.39,24.02,64602496.0,1874169161.0,5587489552.0,0.011561989583833051
2022-11-02,23.85,24.53,23.76,24.17,56673308.0,1669391342.0,5587489552.0,0.01014289288106395
2022-11-03,23.93,24.21,23.86,23.95,32790733.0,962098061.0,5587489552.0,0.005868598535144071
2022-11-04,23.96,24.8,23.96,24.67,53548451.0,1605718550.0,5587489552.0,0.00958363331182118
2022-11-07,24.67,24.94,24.55,24.76,33748068.0,1019600741.0,5587489552.0,0.00603993397856469
2022-11-08,24.78,24.82,24.52,24.65,23092774.0,694922727.0,5587489552.0,0.004132942672212088
2022-11-09,24.74,25.03,24.66,24.75,27456643.0,833638223.0,5587489552.0,0.004913949770191893
2022-11-10,24.54,24.75,24.48,24.63,20377428.0,613111630.0,5587489552.0,0.0036469737992988376
2022-11-11,25.15,25.76,24.91,25.44,66508580.0,2060381561.0,5587489552.0,0.01190312382350563
2022-11-14,26.01,26.51,25.85,25.93,74963626.0,2398336011.0,5587489552.0,0.013416333990846987
2022-11-15,26.01,26.31,25.76,26.16,39199129.0,1252336617.0,5587489552.0,0.007015517189820779
2022-11-16,26.19,26.24,25.91,25.95,27893178.0,887834588.0,5587489552.0,0.004992076985632277
2022-11-17,25.9,26.1,25.77,25.97,22540558.0,714269173.0,5587489552.0,0.004034111883382722
2022-11-18,26.03,26.19,25.92,25.97,20312472.0,646632937.0,5587489552.0,0.0036353485426615794
2022-11-21,25.8,25.82,25.35,25.43,28227761.0,878476707.0,5587489552.0,0.005051957724000769
2022-11-22,25.52,25.85,25.42,25.59,21944945.0,687275501.0,5587489552.0,0.003927514279135425
2022-11-23,25.61,25.79,25.5,25.52,18343532.0,574485619.0,5587489552.0,0.0032829648859806944
2022-11-24,25.72,25.85,25.5,25.53,15416302.0,482978084.0,5587489552.0,0.002759074868333642
2022-11-25,25.52,26.14,25.52,25.97,34998146.0,1110462202.0,5587489552.0,0.006263662003175053
2022-11-28,25.56,25.79,25.24,25.76,26170274.0,817009081.0,5587489552.0,0.004683726699879474
2022-11-29,26.18,26.67,26.11,26.55,51373044.0,1658978772.0,5587489552.0,0.009194297997677937
2022-11-30,26.52,26.69,26.1,26.31,38571084.0,1242142348.0,5587489552.0,0.006903115189932439
2022-12-01,26.58,26.8,26.46,26.51,36543926.0,1187271477.0,5587489552.0,0.006540312184909478
2022-12-02,26.37,26.46,26.24,26.36,25945995.0,836470935.0,5587489552.0,0.004643587206478592
2022-12-05,26.57,26.94,26.56,26.89,37053147.0,1215476571.0,5587489552.0,0.006631448104764169
2022-12-06,26.8,27.24,26.62,26.94,35158314.0,1159982480.0,5587489552.0,0.006292327470646517
2022-12-07,26.93,27.27,26.74,27.09,38498541.0,1273056316.0,5587489552.0,0.006890132078407151
2022-12-08,27.11,27.24,26.91,27.0,24718576.0,817959964.0,5587489552.0,0.004423914491464628
2022-12-09,27.06,27.89,26.97,27.71,68680446.0,2304109729.0,5587489552.0,0.012291825400445957
2022-12-12,27.63,27.76,27.21,27.22,37420814.0,1256353587.0,5587489552.0,0.006697249928029932
2022-12-13,27.37,27.48,27.24,27.29,24063238.0,803646376.0,5587489552.0,0.004306627829198668
2022-12-14,27.28,27.53,26.98,27.32,37387401.0,1246848388.0,5587489552.0,0.006691269961590794
2022-12-15,27.28,27.57,26.89,27.0,27852358.0,921951278.0,5587489552.0,0.0049847713791304465
2022-12-16,26.84,27.2,26.81,27.2,30623321.0,1013812023.0,5587489552.0,0.0054806940961596275
2022-12-19,27.17,27.52,26.77,26.84,26417266.0,875081107.0,5587489552.0,0.004727931167324355
2022-12-20,26.78,26.91,26.22,26.42,24127232.0,781725230.0,5587489552.0,0.004318080915491616
2022-12-21,26.37,26.72,26.37,26.52,19063428.0,618308607.0,5587489552.0,0.003411805574325663
2022-12-22,26.64,27.29,26.64,26.94,31006276.0,1023161476.0,5587489552.0,0.005549232031924165
2022-12-23,26.8,27.06,26.63,26.81,13352325.0,438291964.0,5587489552.0,0.002389682320787631
2022-12-26,26.82,26.83,26.42,26.46,19007666.0,616557292.0,5587489552.0,0.003401825779378209
2022-12-27,26.55,26.96,26.38,26.69,22646398.0,739779463.0,5587489552.0,0.004053054200681931
2022-12-28,26.53,26.82,26.42,26.64,30939755.0,1007976115.0,5587489552.0,0.005537326685277711
2022-12-29,26.58,26.6,26.18,26.3,25349390.0,815934410.0,5587489552.0,0.004536812062749428
2022-12-30,26.37,26.57,26.34,26.43,19264104.0,623204689.0,5587489552.0,0.00344772080926837
2023-01-03,26.6,26.81,26.3,26.58,26444999.0,857203474.0,5592138802.0,0.00472895969437348
2023-01-04,26.6,27.27,26.53,27.24,41594366.0,1376299368.0,5592138802.0,0.007438006722065623
2023-01-05,27.49,28.17,27.4,27.97,50889443.0,1733431275.0,5592138802.0,0.009100175228447414
2023-01-06,27.94,28.13,27.73,27.89,30916572.0,1053069733.0,5592138802.0,0.005528577364521575
2023-01-09,27.81,28.03,27.78,27.88,24309943.0,829238872.0,5592138802.0,0.004347163734796009
2023-01-10,27.89,28.12,27.65,27.9,18974355.0,648148450.0,5592138802.0,0.003393040779533927
2023-01-11,27.9,28.21,27.75,28.16,31597543.0,1084532714.0,5592138802.0,0.005650350271831468
2023-01-12,28.06,28.17,27.85,27.9,17870648.0,611164531.0,5592138802.0,0.0031956731820763557
2023-01-13,27.97,28.21,27.9,28.17,24845128.0,853583446.0,5592138802.0,0.004442866831401657
2023-01-16,28.3,29.44,28.23,29.02,69118991.0,2443086448.0,5592138802.0,0.012360027790311633
2023-01-17,28.98,29.07,28.74,28.99,28775268.0,1017964726.0,5592138802.0,0.005145664122233281
2023-01-18,28.95,29.15,28.57,28.8,24236366.0,853027494.0,5592138802.0,0.004334006514883355
2023-01-19,28.62,28.76,28.39,28.71,19820777.0,692956465.0,5592138802.0,0.0035444000411633558
2023-01-20,28.75,28.95,28.55,28.66,22896003.0,802935939.0,5592138802.0,0.004094319510061403
2023-01-30,29.2,29.24,28.61,28.66,40601051.0,1431756651.0,5592138802.0,0.007260379693272141
2023-01-31,28.66,28.84,28.21,28.32,27669331.0,963487230.0,5592138802.0,0.004947897750696782
2023-02-01,28.46,28.69,28.33,28.58,27369485.0,954296680.0,5592138802.0,0.004894278552279754
2023-02-02,28.59,28.67,28.42,28.53,30085671.0,1049190456.0,5592138802.0,0.0053799936062459705
2023-02-03,28.38,28.44,28.17,28.38,22796829.0,788485486.0,5592138802.0,0.004076584971719019
2023-02-06,28.22,28.23,27.66,27.67,33520824.0,1140037078.0,5592138802.0,0.005994276105595134
2023-02-07,27.84,28.19,27.79,28.15,22876151.0,784539741.0,5592138802.0,0.004090769526646667
2023-02-08,28.21,28.49,27.93,28.04,20006521.0,689358452.0,5592138802.0,0.003577615239601129
2023-02-09,27.89,28.17,27.81,28.09,20761993.0,711646332.0,5592138802.0,0.003712710598773868
2023-02-10,28.12,28.12,27.89,28.03,15272833.0,523507993.0,5592138802.0,0.002731125521157978
2023-02-13,28.06,28.41,27.94,28.39,28638556.0,987660446.0,5592138802.0,0.00512121694650311
2023-02-14,28.44,28.56,28.3,28.52,19268197.0,670015186.0,5592138802.0,0.0034455863279196195
2023-02-15,28.5,28.54,28.17,28.25,16713417.0,577757678.0,5592138802.0,0.002988734291434707
2023-02-16,28.25,28.45,27.75,27.93,28135121.0,968714065.0,5592138802.0,0.005031191462904608
2023-02-17,27.93,28.09,27.76,27.78,18193785.0,621456149.0,5592138802.0,0.0032534573343374605
2023-02-20,27.78,28.79,27.78,28.75,52342020.0,1822339523.0,5592138802.0,0.00935992861644996
2023-02-21,28.95,29.68,28.89,29.56,81304977.0,2920138338.0,5592138802.0,0.014539155746799719
2023-02-22,29.51,29.66,29.25,29.51,32666017.0,1176963006.0,5592138802.0,0.005841417417664448
2023-02-23,29.62,30.51,29.62,30.28,81370503.0,3014292022.0,5592138802.0,0.014550873267111727
2023-02-24,30.15,30.26,29.75,29.9,36926076.0,1352140215.0,5592138802.0,0.006603211634659994
2023-02-27,29.63,29.8,29.04,29.6,39182918.0,1376848522.0,5592138802.0,0.007006785665975678
2023-02-28,29.72,30.05,29.37,29.86,34995389.0,1237336464.0,5592138802.0,0.006257961441780393
2023-03-01,29.86,30.76,29.77,30.62,51970455.0,1882938245.0,5592138802.0,0.009293484450245231
2023-03-02,30.42,31.02,30.37,30.78,45758404.0,1676275922.0,5592138802.0,0.008182630227925447
2023-03-03,31.02,31.55,30.94,31.08,45573220.0,1690430395.0,5592138802.0,0.00814951517006355
2023-03-06,31.09,31.4,30.67,31.03,42112378.0,1556527309.0,5592138802.0,0.007530638900618619
2023-03-07,30.94,31.12,30.4,30.47,41411472.0,1512768971.0,5592138802.0,0.0074053011676300665
2023-03-08,30.32,30.76,30.27,30.68,26450803.0,962114237.0,5592138802.0,0.004729997579913432
2023-03-09,30.88,30.94,30.52,30.79,27503255.0,1009001335.0,5592138802.0,0.004918199632341672
2023-03-10,30.65,30.73,29.91,29.94,36010638.0,1294371652.0,5592138802.0,0.0064395107623439135
2023-03-13,29.94,31.21,29.87,31.2,63348564.0,2321045502.0,5592138802.0,0.011328145856705794
2023-03-14,31.11,31.61,30.76,31.06,61073140.0,2269712345.0,5592138802.0,0.01092124894649566
2023-03-15,31.12,31.65,31.04,31.49,36905141.0,1378304181.0,5592138802.0,0.006599467986524416
2023-03-16,31.28,31.7,31.11,31.36,37570212.0,1406362390.0,5592138802.0,0.006718397616769313
2023-03-17,31.65,31.91,31.37,31.54,38887648.0,1463969892.0,5592138802.0,0.006953984759121507
2023-03-20,31.52,31.7,30.96,31.19,31175352.0,1158701863.0,5592138802.0,0.00557485303992281
2023-03-21,31.13,31.69,31.09,31.63,31531112.0,1183366151.0,5592138802.0,0.00563847091719595
2023-03-22,31.68,31.75,31.16,31.28,26348780.0,982422968.0,5592138802.0,0.00471175357639129
2023-03-23,31.27,31.53,31.07,31.23,33101208.0,1231631548.0,5592138802.0,0.00591923934151304
2023-03-24,31.12,31.14,30.77,30.99,31951354.0,1177943451.0,5592138802.0,0.005713619624136075
2023-03-27,31.0,31.04,30.43,30.59,37044082.0,1350143941.0,5592138802.0,0.006624313757511057
2023-03-28,30.61,30.87,30.28,30.6,28225261.0,1027278620.0,5592138802.0,0.005047310519171194
2023-03-29,30.63,30.73,30.28,30.39,21323888.0,772096709.0,5592138802.0,0.0038131900432037953
2023-03-30,30.43,31.56,30.12,31.3,54657824.0,2005354003.0,5592138802.0,0.009774046377470442
2023-03-31,31.13,31.36,30.86,30.9,33176565.0,1226454624.0,5592138802.0,0.005932714865399008
2023-04-03,30.98,31.51,30.88,31.33,29620867.0,1101948260.0,5592138802.0,0.005296876212980666
2023-04-04,31.21,31.33,30.94,31.13,24167875.0,894596326.0,5592138802.0,0.004321758785986586
2023-04-06,31.14,31.16,30.69,30.9,24119673.0,884473175.0,5592138802.0,0.004313139185918225
2023-04-07,30.9,31.58,30.82,31.35,32783277.0,1223357476.0,5592138802.0,0.00586238613896265
2023-04-10,31.35,31.75,31.12,31.74,31736839.0,1193801199.0,5592138802.0,0.005675259524790315
2023-04-11,31.91,33.13,31.85,33.13,95364085.0,3728690732.0,5592138802.0,0.017053239981434924
2023-04-12,33.14,33.38,32.92,33.13,39723678.0,1565796851.0,5592138802.0,0.0071034856977786436
2023-04-13,33.01,33.01,32.28,32.39,31852745.0,1231928666.0,5592138802.0,0.00569598612048185
2023-04-14,32.44,32.54,32.16,32.28,21393206.0,822639040.0,5592138802.0,0.0038255856582724355
2023-04-17,32.58,33.92,32.54,33.85,77515049.0,3083784769.0,5592138802.0,0.01386143151029748
2023-04-18,33.98,34.62,33.84,34.12,55906808.0,2275236561.0,5592138802.0,0.009997392765001686
2023-04-19,34.12,34.46,33.58,33.65,40988319.0,1655582273.0,5592138802.0,0.007329631908517853
2023-04-20,34.16,35.23,34.05,35.15,75438792.0,3135979072.0,5592138802.0,0.013490150132364329
2023-04-21,35.31,35.63,34.42,34.49,45834956.0,1905363433.0,5592138802.0,0.008196319444647432
2023-04-24,34.97,35.83,34.55,34.71,65723876.0,2745696782.0,5592138802.0,0.01175290498449255
2023-04-25,34.72,34.8,33.68,34.34,58568865.0,2380660539.0,5592138802.0,0.01047342833819739
2023-04-26,34.08,34.18,33.23,33.63,46877817.0,1869597261.0,5592138802.0,0.008382806410891373
2023-04-27,33.61,33.79,33.2,33.46,42893076.0,1710418686.0,5592138802.0,0.00767024523508957
2023-04-28,33.8,33.94,32.81,33.07,69028337.0,2717033086.0,5592138802.0,0.01234381681930219
2023-05-04,30.27,30.69,29.77,29.78,212935023.0,7577271736.0,5592138802.0,0.03807756397674623
2023-05-05,29.76,30.17,29.23,29.55,110802509.0,3900066284.0,5592138802.0,0.01981397689205641
2023-05-08,29.68,29.8,28.86,29.1,101933401.0,3527983125.0,5592138802.0,0.01822798120882551
2023-05-09,29.08,29.59,29.01,29.15,69792007.0,2429885987.0,5592138802.0,0.012480378164976743
2023-05-10,29.01,29.27,28.48,29.08,49142588.0,1692227823.0,5592138802.0,0.00878779832546796
2023-05-11,29.01,29.15,28.59,28.59,53323762.0,1822353715.0,5592138802.0,0.00953548613294953
2023-05-12,28.59,29.23,28.56,28.81,50453545.0,1737222743.0,5592138802.0,0.009022226877121781
2023-05-15,28.83,29.11,28.5,28.98,40747699.0,1396326950.0,5592138802.0,0.007286603648934249
2023-05-16,28.92,28.92,28.36,28.47,55040165.0,1867813199.0,5592138802.0,0.00984241753447092
2023-05-17,28.53,28.62,28.17,28.6,38367380.0,1296412012.0,5592138802.0,0.006860949157105704
2023-05-18,28.56,29.21,28.48,28.87,45768650.0,1574163783.0,5592138802.0,0.00818446244281903
2023-05-19,28.69,29.53,28.59,29.27,48881891.0,1698208741.0,5592138802.0,0.008741179847416814
2023-05-22,29.17,29.9,29.07,29.59,49828635.0,1754067939.0,5592138802.0,0.008910478935569167
2023-05-23,29.6,29.77,29.45,29.47,28758377.0,1012599415.0,5592138802.0,0.005142643632113479
2023-05-24,29.44,29.59,28.92,29.0,26733600.0,928735850.0,5592138802.0,0.004780568034262466
2023-05-25,28.94,28.94,28.58,28.87,33193044.0,1133263850.0,5592138802.0,0.00593566168066656
2023-05-26,28.82,28.98,28.51,28.92,18568031.0,634553908.0,5592138802.0,0.0033203809235491863
2023-05-29,28.91,29.14,28.34,28.61,28643275.0,973886487.0,5592138802.0,0.005122060809677306
2023-05-30,28.61,28.61,28.01,28.26,44519280.0,1493859343.0,5592138802.0,0.007961047029819415
2023-05-31,28.27,28.31,27.51,27.73,50214377.0,1658777411.0,5592138802.0,0.008979458267745622
2023-06-01,27.66,27.75,27.33,27.35,43192724.0,1411900024.0,5592138802.0,0.007723829026660129
2023-06-02,27.51,28.8,27.51,28.66,78753201.0,2651395236.0,5592138802.0,0.014082840892975389
2023-06-05,28.66,28.79,28.16,28.73,30778554.0,1043893176.0,5592138802.0,0.00550389664666267
2023-06-06,28.66,29.24,28.47,28.66,38951551.0,1338578010.0,5592138802.0,0.006965412050585936
2023-06-07,29.05,29.33,28.71,28.98,42747899.0,1477768401.0,5592138802.0,0.00764428432726159
2023-06-08,28.95,29.96,28.8,29.84,61688168.0,2166445653.0,5592138802.0,0.01103122976452901
2023-06-09,30.69,30.8,29.54,29.59,46956161.0,1670930341.0,5592138802.0,0.008396816077456154
2023-06-12,29.61,30.61,29.57,30.33,56998347.0,2045844613.0,5592138802.0,0.01019258445080348
2023-06-13,30.33,30.75,30.17,30.33,37705369.0,1363381265.0,5592138802.0,0.006742566723578976
2023-06-14,30.44,31.17,30.39,30.79,53870617.0,1979494645.0,5592138802.0,0.009633276087627412
2023-06-15,31.07,31.31,30.82,31.14,51326763.0,1897082363.0,5592138802.0,0.009178377865306784
2023-06-16,31.2,31.34,30.67,31.19,54070429.0,1993666320.0,5592138802.0,0.009669006960389106
2023-06-19,31.02,31.05,30.25,30.3,43884810.0,1588106004.0,5592138802.0,0.007847589545578664
2023-06-20,30.36,31.36,30.36,30.58,42234056.0,1547661948.0,5592138802.0,0.007552397659531485
2023-06-21,30.52,30.94,30.29,30.4,26724698.0,971750750.0,5592138802.0,0.004778976156750982
2023-06-26,30.52,30.88,30.14,30.24,41784595.0,1514880138.0,5592138802.0,0.007472023939222673
2023-06-27,30.24,31.19,30.04,31.01,57405771.0,2107543661.0,5592138802.0,0.010265441011490831
2023-06-28,31.11,31.68,31.11,31.36,52816912.0,1974855560.0,5592138802.0,0.009444849970660653
2023-06-29,31.5,31.6,30.9,30.93,25545293.0,943486394.0,5592138802.0,0.004568072056949634
2023-06-30,31.06,31.08,30.67,30.7,29317377.0,1073991316.0,5592138802.0,0.005242605385530629
2023-07-03,30.7,31.65,30.6,31.44,42355132.0,1578330100.0,5592138802.0,0.007574048767325286
2023-07-04,31.44,31.57,30.8,31.01,34107541.0,1260331737.0,5592138802.0,0.00609919428105068
2023-07-05,31.04,31.18,30.73,31.07,25859451.0,951679818.0,5592138802.0,0.004624250562370072
2023-07-06,30.95,31.49,30.8,30.85,21953951.0,810400558.0,5592138802.0,0.003925859456876907
2023-07-07,30.81,30.86,30.52,30.67,20128001.0,734243944.0,5592138802.0,0.003599338591667525
2023-07-10,30.77,31.02,30.62,30.83,20183255.0,740391856.0,5592138802.0,0.003609219247702071
2023-07-11,30.86,31.28,30.75,31.18,21422931.0,792359935.0,5592138802.0,0.0038309011558043224
2023-07-12,31.18,31.57,31.02,31.29,27178150.0,1014181345.0,5592138802.0,0.0048600635574853526
2023-07-13,31.32,31.64,31.15,31.29,24159647.0,901870424.0,5592138802.0,0.004320287434811065
2023-07-14,31.34,31.36,30.77,30.89,26662587.0,980952841.0,5592138802.0,0.004767869315129349
2023-07-17,30.92,31.11,30.7,31.01,13816157.0,508009882.0,5592138802.0,0.0024706391399045248
2023-07-18,31.02,31.49,30.82,31.31,27392633.0,1016132765.0,5592138802.0,0.004898417934512492
2023-07-19,31.31,31.6,31.24,31.54,23728454.0,888042928.0,5592138802.0,0.004243180443145231
2023-07-20,31.54,31.78,31.32,31.32,19074530.0,717042765.0,5592138802.0,0.0034109543191556853
2023-07-21,31.55,31.62,31.02,31.13,18204041.0,674997696.0,5592138802.0,0.003255291337455611
2023-07-24,30.94,31.1,30.65,30.79,17437402.0,638716695.0,5592138802.0,0.0031181990679064694
2023-07-25,31.1,32.69,31.1,32.54,75421816.0,2874756554.0,5592138802.0,0.013487114442335689
2023-07-26,32.41,32.82,32.38,32.67,33358112.0,1295618410.0,5592138802.0,0.005965179545985096
2023-07-27,32.67,32.79,32.0,32.11,24428250.0,939058908.0,5592138802.0,0.004368319683206604
2023-07-28,32.07,32.84,32.07,32.62,40653769.0,1577185469.0,5592138802.0,0.007269806855555943
2023-07-31,32.8,33.21,32.48,32.59,35865426.0,1397895367.0,5592138802.0,0.00641354359572994
2023-08-01,32.5,32.83,32.14,32.33,25098364.0,967707195.0,5592138802.0,0.004488151115101738
2023-08-02,32.33,32.49,32.1,32.19,20437095.0,783937568.0,5592138802.0,0.0036546115401661305
2023-08-03,32.03,32.27,31.95,32.13,19260829.0,735404886.0,5592138802.0,0.003444268764057048
2023-08-04,32.28,32.86,32.27,32.32,21825410.0,842579032.0,5592138802.0,0.003902873439442214
2023-08-07,32.25,32.39,31.86,31.99,21164917.0,805481628.0,5592138802.0,0.0037847624584050874
2023-08-08,31.86,32.12,31.75,31.86,19126657.0,726274745.0,5592138802.0,0.003420275797367449
2023-08-09,32.08,32.12,31.8,31.91,22322747.0,826115884.0,5592138802.0,0.00399180846369843
2023-08-10,31.97,32.03,31.07,31.56,39013580.0,1419756585.0,5592138802.0,0.006976504228766101
2023-08-11,31.56,31.56,30.91,31.01,27262191.0,983703165.0,5592138802.0,0.004875091975587197
2023-08-14,30.79,31.0,30.19,30.93,32967740.0,1167358686.0,5592138802.0,0.005895372265833111
2023-08-15,30.89,31.13,30.67,30.86,18740547.0,670578842.0,5592138802.0,0.0033512306585268483
2023-08-16,30.8,31.08,30.52,30.93,15566153.0,555995406.0,5592138802.0,0.0027835777242211594
2023-08-17,30.68,31.12,30.39,31.1,15331782.0,548346501.0,5592138802.0,0.0027416669261708356
2023-08-18,31.1,31.15,30.51,30.64,22248763.0,791312699.0,5592138802.0,0.003978578463045811
2023-08-21,30.65,30.73,29.88,29.88,33962538.0,1188863140.0,5592138802.0,0.006073264488330202
2023-08-22,30.01,30.21,29.65,29.79,31705623.0,1098254327.0,5592138802.0,0.005669677402975163
2023-08-23,29.94,30.07,29.52,29.56,22994071.0,791934928.0,5592138802.0,0.004111856270766435
2023-08-24,29.56,30.19,29.49,30.02,22656380.0,784975994.0,5592138802.0,0.0040514695364673465
2023-08-25,29.82,30.1,29.68,29.92,16570466.0,573151968.0,5592138802.0,0.002963171442395825
2023-08-28,31.16,31.52,29.69,29.82,50445211.0,1768290449.0,5592138802.0,0.009020736570765827
2023-08-29,29.75,30.12,29.57,30.04,33015746.0,1144798894.0,5592138802.0,0.005903956816699915
2023-08-30,30.17,30.7,30.06,30.32,40175069.0,1412637414.0,5592138802.0,0.007184204545429307
2023-08-31,30.77,31.1,30.59,30.9,54481927.0,1950317672.0,5592138802.0,0.00974259204376594
2023-09-01,31.0,31.76,31.0,31.68,41700437.0,1523440653.0,5592138802.0,0.00745697459889337
2023-09-04,31.95,32.23,31.72,32.13,36821004.0,1365426563.0,5592138802.0,0.006584422401466708
2023-09-05,32.13,32.15,31.8,31.91,21816699.0,806515403.0,5592138802.0,0.003901315717020001
2023-09-06,31.86,31.86,31.47,31.71,21578469.0,791055275.0,5592138802.0,0.0038587148431084312
2023-09-07,31.69,31.8,31.44,31.59,17588528.0,643740413.0,5592138802.0,0.0031452237905306556
2023-09-08,31.47,31.56,31.02,31.14,16146567.0,583225154.0,5592138802.0,0.002887368781730751
2023-09-11,31.23,31.52,31.05,31.27,22425636.0,811897738.0,5592138802.0,0.004010207327468264
2023-09-12,31.27,31.73,31.11,31.56,19690154.0,719438092.0,5592138802.0,0.003521041715373359
2023-09-13,31.47,31.6,31.24,31.32,13815220.0,501986151.0,5592138802.0,0.0024704715832623925
2023-09-14,31.4,31.43,31.07,31.33,15392565.0,556719386.0,5592138802.0,0.0027525362915696815
2023-09-15,31.39,31.48,30.92,31.05,25823230.0,931018818.0,5592138802.0,0.004617773434158046
2023-09-18,30.95,31.22,30.75,31.21,15070974.0,542834693.0,5592138802.0,0.002695028598826972
2023-09-19,31.17,31.17,30.99,31.17,19334857.0,695960718.0,5592138802.0,0.003457506632897772
2023-09-20,31.26,31.73,30.91,31.6,22025288.0,802487567.0,5592138802.0,0.003938616114486065
2023-09-21,31.52,31.56,31.18,31.21,16517278.0,598805931.0,5592138802.0,0.0029536602335572715
2023-09-22,31.37,31.71,31.09,31.7,20512665.0,748274479.0,5592138802.0,0.003668125153235422
2023-09-25,31.8,31.88,31.52,31.65,16667468.0,611583209.0,5592138802.0,0.0029805175783617827
2023-09-26,31.63,31.85,31.52,31.56,10030882.0,367412189.0,5592138802.0,0.0017937469642943244
2023-09-27,31.48,31.82,31.46,31.52,16985909.0,621843631.0,5592138802.0,0.0030374619803652005
2023-09-28,31.54,31.65,31.3,31.34,15202928.0,552509311.0,5592138802.0,0.0027186249373071267
2023-10-09,31.26,31.75,30.95,31.6,24756794.0,901912871.0,5592138802.0,0.004427070728492265
2023-10-10,31.71,31.82,30.29,30.44,46055189.0,1639098479.0,5592138802.0,0.00823570205080185
2023-10-11,30.47,30.92,30.25,30.28,23652802.0,834496789.0,5592138802.0,0.004229652166634472
2023-10-12,30.52,30.64,30.18,30.36,25856014.0,908956457.0,5592138802.0,0.0046236359495856446
2023-10-13,30.22,30.26,29.9,30.06,21047484.0,731449981.0,5592138802.0,0.0037637628008218385
2023-10-16,30.05,30.12,29.8,29.86,18094639.0,626341120.0,5592138802.0,0.003235727803023871
2023-10-17,29.87,30.09,29.79,30.04,16440913.0,571050600.0,5592138802.0,0.00294000445663473
2023-10-18,29.96,29.96,29.63,29.69,19329073.0,666267010.0,5592138802.0,0.003456472323806958
2023-10-19,29.5,29.63,29.09,29.11,30727541.0,1041200499.0,5592138802.0,0.005494774376667913
2023-10-20,29.04,29.25,28.91,28.99,21186197.0,712895195.0,5592138802.0,0.003788567800288302
2023-10-23,28.99,29.18,28.59,28.88,17896281.0,598522618.0,5592138802.0,0.0032002569381145343
2023-10-24,29.01,29.08,28.68,28.97,26026063.0,870049200.0,5592138802.0,0.00465404452956209
2023-10-25,29.35,29.4,28.86,28.92,26435366.0,889649500.0,5592138802.0,0.004727237097645989
2023-10-26,28.84,29.06,28.62,28.83,20571108.0,685589803.0,5592138802.0,0.0036785760740850795
2023-10-27,29.25,29.72,28.97,29.55,45603264.0,1551851205.0,5592138802.0,0.008154887711959193
2023-10-30,29.44,29.59,29.19,29.4,30171384.0,1024941837.0,5592138802.0,0.005395321015495781
2023-10-31,29.6,29.6,29.2,29.3,25942329.0,881387502.0,5583273595.0,0.004646436997683972
2023-11-01,29.23,29.4,29.11,29.22,20289867.0,686718881.0,5583273595.0,0.0036340449119617252
2023-11-02,29.25,29.72,29.23,29.38,29878821.0,1018357232.0,5583273595.0,0.0053514878845911185
2023-11-03,29.38,29.5,29.24,29.37,24487608.0,833080838.0,5583273595.0,0.004385887165180197
2023-11-06,29.49,29.51,29.22,29.43,34239651.0,1164921201.0,5583273595.0,0.00613254042049143
2023-11-07,29.36,29.37,29.06,29.18,28382023.0,959310694.0,5583273595.0,0.005083401792349386
2023-11-08,29.18,29.25,28.93,29.07,31561460.0,1063059458.0,5583273595.0,0.005652859288189691
2023-11-09,29.07,29.21,28.99,29.1,19669075.0,662691151.0,5583273595.0,0.003522857095452798
2023-11-10,29.1,29.1,28.81,28.91,22059027.0,737889766.0,5583273595.0,0.003950912779870678
2023-11-13,28.78,28.91,27.91,28.12,57797676.0,1887277481.0,5583273595.0,0.010351933326670516
2023-11-14,27.98,28.36,27.8,28.3,30218275.0,985908324.0,5583273595.0,0.00541228626644079
2023-11-15,28.48,28.51,28.23,28.36,26026097.0,854392765.0,5583273595.0,0.004661440382091825
2023-11-16,28.32,28.36,28.02,28.16,20330914.0,662865371.0,5583273595.0,0.003641396692113921
2023-11-17,27.98,28.12,27.86,28.06,22167157.0,717893453.0,5583273595.0,0.00397027955424778
2023-11-20,28.06,28.47,27.81,28.31,29238757.0,955070592.0,5583273595.0,0.005236848329658113
2023-11-21,28.37,28.72,28.32,28.38,29422033.0,972407448.0,5583273595.0,0.005269674233114489
2023-11-22,28.3,28.42,28.2,28.28,20053503.0,657519523.0,5583273595.0,0.0035917106082636813
2023-11-23,28.28,28.49,28.09,28.46,21939791.0,718352202.0,5583273595.0,0.003929556849882439
2023-11-24,28.46,28.61,28.32,28.49,20952667.0,691097916.0,5583273595.0,0.003752756629867428
2023-11-27,28.49,28.49,28.13,28.3,23148858.0,757426392.0,5583273595.0,0.004146108480288436
2023-11-28,28.28,28.46,28.19,28.4,16068120.0,527270629.0,5583273595.0,0.002877903030650247
2023-11-29,28.36,28.43,28.17,28.39,17957992.0,588995772.0,5583273595.0,0.003216391189584898
2023-11-30,28.3,28.56,28.3,28.45,19720996.0,649914618.0,5583273595.0,0.0035321564785327345
2023-12-01,28.48,28.49,27.83,28.06,34727691.0,1127729800.0,5583273595.0,0.00621995150499158
2023-12-04,28.03,28.43,27.96,28.32,24830564.0,813234427.0,5583273595.0,0.0044473127776214596
2023-12-05,28.26,28.46,28.04,28.04,22886577.0,749468140.0,5583273595.0,0.004099132276178559
2023-12-06,28.0,28.23,27.92,27.99,21377681.0,694729360.0,5583273595.0,0.0038288793547828995
2023-12-07,28.06,28.56,28.02,28.34,30685664.0,1006689049.0,5583273595.0,0.005495998624799614
2023-12-08,28.32,28.52,28.24,28.39,21717435.0,714933425.0,5583273595.0,0.0038897314685507546
2023-12-11,28.24,28.47,27.94,28.36,28110590.0,918210493.0,5583273595.0,0.00503478640652214
2023-12-12,28.3,28.81,28.25,28.74,30116029.0,998459136.0,5583273595.0,0.005393973354085651
2023-12-13,28.75,28.75,28.34,28.46,23394385.0,771494328.0,5583273595.0,0.0041900839358741835
2023-12-14,28.49,28.84,28.49,28.61,28416366.0,943744169.0,5583273595.0,0.005089552843236585
2023-12-15,28.71,28.8,28.55,28.58,26169823.0,868127074.0,5583273595.0,0.004687182627667739
2023-12-18,28.45,28.82,28.18,28.64,21099655.0,698998873.0,5583273595.0,0.0037790831205003843
2023-12-19,28.63,28.65,28.42,28.62,16178453.0,534402795.0,5583273595.0,0.002897664376413207
2023-12-20,28.3,28.32,26.58,26.59,124110579.0,3884586023.0,5583273595.0,0.02222899825492073
2023-12-21,26.85,27.51,26.82,27.19,91325109.0,2869808381.0,5583273595.0,0.016356910949480347
2023-12-22,27.04,27.91,27.02,27.67,58111966.0,1855875805.0,5583273595.0,0.010408224675222994
2023-12-25,27.69,27.84,27.5,27.59,28184292.0,902465456.0,5583273595.0,0.005047986905968559
2023-12-26,27.59,27.92,27.35,27.43,23086523.0,736632434.0,5583273595.0,0.004134943883221972
2023-12-27,27.47,27.72,27.35,27.67,27642533.0,882879714.0,5583273595.0,0.004950954405092162
2023-12-28,27.8,28.01,27.61,27.9,38034301.0,1226246306.0,5583273595.0,0.006812186498268853
2023-12-29,27.81,27.92,27.56,27.78,32914691.0,1055454739.0,5583273595.0,0.005895231612772148
2024-01-02,27.78,27.8,27.6,27.66,25379730.0,814257175.0,5583149620.000001,0.004545772857149402
2024-01-03,27.63,27.7,27.37,27.46,25446892.0,810315013.0,5583149620.000001,0.004557802267889069
2024-01-04,27.54,27.64,27.16,27.59,33339805.0,1057458411.0,5583149620.000001,0.005971504843891322
2024-01-05,27.67,28.74,27.3,28.48,83215675.0,2738167636.0,5583149620.000001,0.01490479042544448
2024-01-08,28.6,28.68,28.36,28.41,41591134.0,1372722050.0,5583149620.000001,0.007449403442639603
2024-01-09,28.33,28.97,28.19,28.92,43820766.0,1454959637.0,5583149620.000001,0.007848753657438253
2024-01-10,28.8,29.22,28.74,29.07,36648552.0,1233441572.0,5583149620.000001,0.006564135746732862
2024-01-11,29.06,29.2,28.86,29.0,28408874.0,955075100.0,5583149620.000001,0.0050883239629175465
2024-01-12,28.93,29.21,28.86,29.03,22401273.0,753931821.0,5583149620.000001,0.00401230031875807
2024-01-15,28.88,29.31,28.86,29.22,29568134.0,996815725.0,5583149620.000001,0.005295959451647294
2024-01-16,29.13,29.56,29.02,29.45,28881665.0,981985130.0,5583149620.000001,0.005173005734351069
2024-01-17,29.34,29.5,29.06,29.07,25404359.0,862978615.0,5583149620.000001,0.004550184166477701
2024-01-18,28.88,29.18,28.35,29.05,42599897.0,1415827046.0,5583149620.000001,0.007630083357859214
2024-01-19,28.93,29.14,28.8,28.97,22119309.0,742171249.0,5583149620.000001,0.003961797642098654
2024-01-22,28.93,29.12,28.32,28.49,37486769.0,1252130523.0,5583149620.000001,0.006714269104613391
2024-01-23,28.5,28.62,28.26,28.45,34201623.0,1126417759.0,5583149620.000001,0.0061258653856387235
2024-01-24,28.63,29.1,28.46,29.06,32424807.0,1081791120.0,5583149620.000001,0.0058076192126121085
2024-01-25,29.06,29.19,28.85,29.06,34303215.0,1153568899.0,5583149620.000001,0.006144061566453237
2024-01-26,29.02,29.16,28.67,29.06,40242878.0,1348398856.0,5583149620.000001,0.0072079168102251205
2024-01-29,30.19,30.44,29.71,30.27,82599747.0,2881709947.0,5583149620.000001,0.014794471332831662
2024-01-30,30.05,30.71,29.94,30.35,59559302.0,2096921936.0,5583149620.000001,0.010667688679996361
2024-01-31,30.2,30.8,30.14,30.44,57217632.0,2026993048.0,5583149620.000001,0.010248271297447334
2024-02-01,30.38,30.64,30.23,30.46,39645155.0,1399336815.0,5583149620.000001,0.007100858421917053
2024-02-02,30.39,30.95,29.9,30.74,57203301.0,2029392736.0,5583149620.000001,0.010245704466719985
2024-02-05,30.52,31.22,30.33,31.15,68096947.0,2434258295.0,5583149620.000001,0.012196869443738817
2024-02-06,31.0,31.78,30.7,31.0,77154588.0,2786260236.0,5583149620.000001,0.013819186883979654
2024-02-07,31.01,31.84,30.63,31.78,77041844.0,2793901513.0,5583149620.000001,0.013798993264307323
2024-02-08,31.78,31.9,31.05,31.21,57054423.0,2075374688.0,5583149620.000001,0.01021903887290056
2024-02-19,31.5,31.95,31.22,31.93,49645367.0,1822315595.0,5583149620.000001,0.008892000103697738
2024-02-20,31.95,32.81,31.9,32.78,51256680.0,1932836783.0,5583149620.000001,0.009180602972986418
2024-02-21,32.72,33.11,32.47,32.7,47622551.0,1811420029.0,5583149620.000001,0.008529692779395725
2024-02-22,32.55,33.07,32.47,33.05,31474565.0,1199293233.0,5583149620.000001,0.005637421015416025
2024-02-23,33.11,33.17,32.72,32.91,34173798.0,1304163891.0,5583149620.000001,0.006120881639564586
2024-02-26,33.38,33.97,33.34,33.57,48760694.0,1898772035.0,5583149620.000001,0.008733545994420258
2024-02-27,33.47,33.67,33.26,33.57,35105044.0,1361036932.0,5583149620.000001,0.006287677456152428
2024-02-28,33.56,33.84,33.29,33.5,35133409.0,1366592263.0,5583149620.000001,0.006292757921826927
2024-02-29,33.5,33.84,33.42,33.72,33944025.0,1323366862.0,5583149620.000001,0.006079726912280025
2024-03-01,33.74,34.56,33.62,34.55,49235127.0,1959057808.0,5583149620.000001,0.008818521865083027
2024-03-04,34.88,35.4,34.4,34.6,51299213.0,2069842377.0,5583149620.000001,0.009188221074397786
2024-03-05,34.53,34.76,34.14,34.71,41534196.0,1656369540.0,5583149620.000001,0.00743920525633343
2024-03-06,34.69,35.04,34.58,34.64,27965689.0,1127135012.0,5583149620.000001,0.005008944933128981
2024-03-07,34.92,35.55,34.81,35.36,44230625.0,1809719828.0,5583149620.000001,0.0079221636550016
2024-03-08,35.37,35.54,35.03,35.38,26247377.0,1074163112.0,5583149620.000001,0.004701177433249585
2024-03-11,35.38,35.62,34.58,34.94,44482791.0,1797670198.0,5583149620.000001,0.007967329200824819
2024-03-12,34.94,34.94,33.59,33.9,83467251.0,3279867072.0,5583149620.000001,0.014949850296148787
2024-03-13,33.84,34.16,33.61,34.09,41975320.0,1649612351.0,5583149620.000001,0.007518215139647286
2024-03-14,33.96,34.56,33.94,34.15,34813602.0,1383580809.0,5583149620.000001,0.006235477171396312
2024-03-15,34.18,34.2,33.25,33.52,48550854.0,1885101524.0,5583149620.000001,0.008695961474161603
2024-03-18,33.54,33.58,32.83,33.07,52370520.0,2005747362.0,5583149620.000001,0.00938010326866361
2024-03-19,33.03,33.3,32.9,33.05,30884365.0,1185571317.0,5583149620.000001,0.005531710074429278
2024-03-20,33.04,33.21,32.6,33.03,31623268.0,1206997723.0,5583149620.000001,0.005664055264920519
2024-03-21,33.07,33.15,32.64,32.74,31192403.0,1185099232.0,5583149620.000001,0.0055868828749031435
2024-03-22,32.72,33.03,32.61,32.93,29490523.0,1122536772.0,5583149620.000001,0.005282058516640648
2024-03-25,32.82,33.35,32.68,32.95,33678792.0,1288353422.0,5583149620.000001,0.00603222093123845
2024-03-26,32.93,33.1,32.64,32.9,33520860.0,1274359378.0,5583149620.000001,0.006003933672119644
2024-03-27,32.83,33.74,32.83,33.39,45811959.0,1776774056.0,5583149620.000001,0.008205396974476925
2024-03-28,33.63,34.11,33.14,33.85,46044061.0,1799386683.0,5583149620.000001,0.008246968849815633
2024-03-29,33.76,34.06,33.57,33.94,23585811.0,926421710.0,5583149620.000001,0.0042244633594469205
2024-04-01,34.11,34.78,34.07,34.64,38507559.0,1540677172.0,5583149620.000001,0.006897103180265478
2024-04-02,34.54,34.87,34.37,34.53,30917471.0,1240313640.0,5583149620.000001,0.005537639702372869
2024-04-03,34.5,34.95,34.42,34.86,25537449.0,1025866808.0,5583149620.000001,0.004574021965759176
2024-04-08,34.85,34.85,34.02,34.17,36713406.0,1458182186.0,5583149620.000001,0.006575751770736173
2024-04-09,34.11,34.19,32.85,32.9,58751840.0,2267107752.0,5583149620.000001,0.010523063861577113
2024-04-10,32.88,33.37,32.64,32.74,37431209.0,1425725310.0,5583149620.000001,0.006704317732398509
2024-04-11,32.63,32.81,32.34,32.72,28870477.0,1090571254.0,5583149620.000001,0.005171001847519894
2024-04-12,32.77,33.29,32.61,32.97,32834898.0,1255809587.0,5583149620.000001,0.005881070763781537
2024-04-15,33.1,34.05,32.98,34.02,46693406.0,1819645631.0,5583149620.000001,0.008363273273697435
2024-04-16,33.9,34.33,33.56,34.0,43295032.0,1704342327.0,5583149620.000001,0.007754589245630854
2024-04-17,33.79,34.18,33.16,34.17,37353134.0,1459215248.0,5583149620.000001,0.0066903336901797
2024-04-18,34.06,35.06,33.94,34.54,49859208.0,1999878417.0,5583149620.000001,0.00893030124455092
2024-04-19,34.29,34.65,34.23,34.49,27368645.0,1090933254.0,5583149620.000001,0.004902008160762849
2024-04-22,34.47,34.94,34.01,34.17,31251854.0,1246349957.0,5583149620.000001,0.005597531165571736
2024-04-23,34.0,34.15,33.39,33.8,28677687.0,1119334124.0,5583149620.000001,0.0051364711590874395
2024-04-24,33.68,33.85,33.24,33.56,23506339.0,910431122.0,5583149620.000001,0.004210229100039772
2024-04-25,33.5,33.82,33.42,33.63,16140447.0,628726438.0,5583149620.000001,0.002890921450892444
2024-04-26,33.75,34.15,33.6,34.11,29699521.0,1167130289.0,5583149620.000001,0.00531949222596689
2024-04-29,34.16,35.37,33.76,34.98,52500637.0,2114122810.0,5583149620.000001,0.009403408572811987
2024-04-30,35.4,36.91,35.01,36.37,98063569.0,4110016582.0,5583149620.000001,0.017564202228920384
2024-05-06,36.78,37.76,36.53,37.48,75427859.0,3246585021.0,5583149620.000001,0.01350991181210723
2024-05-07,37.21,37.4,36.83,36.84,42169408.0,1806835842.0,5583149620.000001,0.007552978313341349
2024-05-08,36.81,36.99,36.39,36.44,30191761.0,1280662524.0,5583149620.000001,0.005407657515006735
2024-05-09,36.53,36.91,36.35,36.85,29378431.0,1248872224.0,5583149620.000001,0.005261981676930233
2024-05-10,36.87,37.44,36.84,37.32,39675559.0,1710119175.0,5583149620.000001,0.007106304093638098
2024-05-13,37.46,37.85,37.0,37.63,34180258.0,1485770427.0,5583149620.000001,0.006122038692561492
2024-05-14,37.6,37.62,36.47,36.82,39554921.0,1689021333.0,5583149620.000001,0.007084696576696792
2024-05-15,36.61,37.31,36.59,36.92,24956829.0,1069075620.0,5583149620.000001,0.004470026902126975
2024-05-16,36.87,36.9,36.4,36.56,31683274.0,1343345297.0,5583149620.000001,0.005674802961845037
2024-05-17,36.52,36.65,35.85,36.48,42570792.0,1784032262.0,5583149620.000001,0.007624870350510147
2024-05-20,36.55,36.88,36.02,36.16,37527720.0,1574083946.0,5583149620.000001,0.006721603853417776
2024-05-21,36.09,36.27,35.83,36.09,35166064.0,1469636042.0,5583149620.000001,0.006298606770993179
2024-05-22,36.14,36.14,35.76,35.89,25662309.0,1068081497.0,5583149620.000001,0.004596385686687006
2024-05-23,35.89,35.89,35.36,35.59,34515704.0,1420892784.0,5583149620.000001,0.006182120550084774
2024-05-24,35.4,35.82,35.32,35.55,23040992.0,950667756.0,5583149620.000001,0.004126880626208257
2024-05-27,35.51,36.38,35.45,36.2,39729593.0,1659208522.0,5583149620.000001,0.007115982143426776
2024-05-28,36.2,36.3,35.71,35.89,25602667.0,1064316982.0,5583149620.000001,0.004585703185937546
2024-05-29,35.83,36.04,35.56,35.56,25684627.0,1061813315.0,5583149620.000001,0.004600383071947836
2024-05-30,35.49,35.83,35.36,35.49,20141557.0,830258145.0,5583149620.000001,0.003607561747557107
2024-05-31,35.7,35.8,35.14,35.14,26997277.0,1106477953.0,5583149620.000001,0.004835492300491133
2024-06-03,35.17,36.01,35.07,35.82,31390259.0,1298433922.0,5583149620.000001,0.0056223209364752785
2024-06-04,35.7,36.01,35.3,35.9,24068585.0,996117848.0,5583149620.000001,0.004310933189714518
2024-06-05,35.91,36.17,35.27,35.32,25901702.0,1065750791.0,5583149620.000001,0.004639263455740954
2024-06-06,35.21,36.14,35.19,35.84,40103084.0,1661926702.0,5583149620.000001,0.007182878255016206
2024-06-07,35.7,35.94,35.21,35.49,31912692.0,1310109909.0,5583149620.000001,0.005715894104947879
2024-06-11,35.36,35.65,34.61,35.03,37588307.0,1523082825.0,5583149620.000001,0.006732455613467868
2024-06-12,34.92,35.3,34.52,35.15,23390651.0,946880583.0,5583149620.000001,0.004189508179435105
2024-06-13,35.15,35.42,34.71,34.74,26438755.0,1070999925.0,5583149620.000001,0.004735455217838134
2024-06-14,34.75,35.36,34.62,35.34,31620215.0,1285798635.0,5583149620.000001,0.005663508440957739
2024-06-17,35.14,35.51,34.73,34.85,30108874.0,1221575956.0,5583149620.000001,0.005392811593682491
2024-06-18,34.75,34.97,34.54,34.89,18985710.0,764353399.0,5583149620.000001,0.0034005375625237133
2024-06-19,34.81,34.84,34.08,34.52,29105336.0,1162166295.0,5583149620.000001,0.0052130675301515555
2024-06-20,34.49,34.68,34.16,34.34,23528797.0,937216435.0,5583149620.000001,0.004214251560752548
2024-06-21,34.28,34.49,33.96,34.29,24759484.0,981032643.0,5583149620.000001,0.00443468036595444
2024-06-24,34.15,34.74,34.11,34.58,29110376.0,1163397988.0,5583149620.000001,0.005213970246421588
2024-06-25,34.49,35.28,34.38,34.91,28457257.0,1148476815.0,5583149620.000001,0.005096989859999488
2024-06-26,34.91,35.06,34.37,34.46,25362201.0,1014654828.0,5583149620.000001,0.004542633231455473
2024-06-27,34.34,34.46,33.6,34.09,37342073.0,1467359870.0,5583149620.000001,0.006688352550365647
2024-06-28,33.87,34.28,33.72,33.86,27875495.0,1096024977.0,5583149620.000001,0.004992790252323561
2024-07-01,33.69,34.11,33.46,33.59,27596071.0,1075062388.0,5565128245.0,0.004958748439408156
2024-07-02,33.5,33.58,32.85,33.04,39888409.0,1530319496.0,5565128245.0,0.007167563305632322
2024-07-03,33.01,33.21,32.83,32.92,24424534.0,932290181.0,5565128245.0,0.004388853755876025
2024-07-04,32.94,33.42,32.66,32.83,37059372.0,1415892843.0,5565128245.0,0.0066592125766905845
2024-07-05,32.82,33.02,32.12,32.55,39027322.0,1466749486.0,5565128245.0,0.007012834256796179
2024-07-08,32.53,32.81,32.32,32.77,27260302.0,1031477102.0,5565128245.0,0.004898413980754544
2024-07-09,32.79,33.21,32.58,33.14,30184704.0,1151948246.0,5565128245.0,0.005423900882629166
2024-07-10,33.14,33.29,32.52,32.71,29570072.0,1123625132.0,5565128245.0,0.005313457425993244
2024-07-11,32.97,33.48,32.83,33.4,33347640.0,1283249678.0,5565128245.0,0.00599225004921697
2024-07-12,33.24,33.72,33.14,33.56,33614813.0,1302936694.0,5565128245.0,0.00604025846667618
2024-07-15,33.55,33.67,33.17,33.36,21150175.0,818208130.0,5565128245.0,0.003800482948259533
2024-07-16,33.37,33.46,32.92,33.23,25286618.0,970876292.0,5565128245.0,0.004543761956019398
2024-07-17,33.07,33.28,32.64,33.17,32360937.0,1233750585.0,5565128245.0,0.0058149490138119896
2024-07-18,33.01,34.03,32.91,33.99,42468118.0,1654793000.0,5565128245.0,0.007631112191916792
2024-07-19,33.91,33.93,33.5,33.89,25426735.0,994455938.0,5565128245.0,0.004568939632764923
2024-07-22,33.85,34.02,33.42,33.55,24217190.0,942196727.0,5565128245.0,0.0043515960340640815
2024-07-23,33.53,33.6,32.9,32.9,23476283.0,899514232.0,5565128245.0,0.004218462174899978
2024-07-24,32.87,32.9,31.95,32.09,37031259.0,1384293750.0,5565128245.0,0.0066541609410835775
2024-07-25,32.02,32.44,31.72,32.28,26508930.0,988651087.0,5565128245.0,0.00476339966178084
2024-07-26,33.67,34.48,33.59,34.39,93874115.0,3707523769.0,5565128245.0,0.016868275243134133
2024-07-29,34.6,34.84,34.11,34.39,35471368.0,1412188704.0,5565128245.0,0.006373863537083681
2024-07-30,34.28,34.3,33.38,33.67,37406217.0,1458120881.0,5565128245.0,0.0067215372859749795
2024-07-31,33.55,34.72,33.41,34.56,43518491.0,1730900043.0,5565128245.0,0.007819854113712343
2024-08-01,34.38,35.38,34.38,35.07,42696638.0,1734176628.0,5565128245.0,0.007672175037181017
2024-08-02,34.96,35.43,34.62,35.1,30526884.0,1241507672.0,5545446256.0,0.005504856163193514
2024-08-05,35.06,36.08,35.01,35.5,61486216.0,2544711758.0,5545446256.0,0.011087694869186376
2024-08-06,35.5,35.82,34.79,35.13,35646753.0,1448654365.0,5545446256.0,0.006428112608869182
2024-08-07,35.04,35.14,34.59,34.94,26181338.0,1058640608.0,5545446256.0,0.004721231942636286
2024-08-08,34.94,35.19,34.76,34.95,22621581.0,917057128.0,5545446256.0,0.004079307589632512
2024-08-09,34.95,35.16,34.73,34.8,18936870.0,765911251.0,5545446256.0,0.0034148505144217917
2024-08-12,34.63,35.19,34.6,34.82,17485102.0,706857997.0,5545446256.0,0.003153055893577846
2024-08-13,34.87,34.93,34.31,34.74,19476207.0,779962115.0,5545446256.0,0.0035121081516077
2024-08-14,34.74,34.81,34.38,34.64,12968626.0,520578960.0,5545446256.0,0.0023386081843221095
2024-08-15,34.59,35.26,34.41,34.99,26014463.0,1053634918.0,5545446256.0,0.004691139684539033
2024-08-16,35.1,35.53,34.93,35.42,23508601.0,961449833.0,5545446256.0,0.004239262254965401
2024-08-19,35.25,35.74,34.89,35.18,24951265.0,1016628361.0,5545446256.0,0.004499415168437258
2024-08-20,35.18,35.45,34.81,35.37,23622593.0,964487997.0,5545446256.0,0.004259818220119092
2024-08-21,35.23,35.56,34.98,35.25,18746250.0,765399524.0,5545446256.0,0.003380476364677981
2024-08-22,35.4,35.74,35.22,35.63,32486061.0,1336132089.0,5545446256.0,0.005858150904420198
2024-08-23,35.63,36.42,35.51,36.3,45770454.0,1916764127.0,5545446256.0,0.008253700764023778
2024-08-26,36.42,36.52,35.99,36.33,34787016.0,1461531750.0,5545446256.0,0.006273077836136547
2024-08-27,36.29,36.29,35.95,36.07,31471438.0,1314722788.0,5545446256.0,0.005675185827641713
2024-08-28,36.08,36.12,35.08,35.48,40555660.0,1572103895.0,5545446256.0,0.007313326669809493
2024-08-29,35.48,36.08,35.47,35.49,27705633.0,1081762732.0,5545446256.0,0.004996105222374731
2024-08-30,35.36,36.93,35.08,36.31,47082758.0,1860482981.0,5545446256.0,0.008490346101372441
2024-09-02,36.4,37.11,36.23,36.63,43207352.0,1734116870.0,5545446256.0,0.007791501351807529
2024-09-03,36.59,37.34,36.59,37.16,29773464.0,1206841622.0,5545446256.0,0.0053689933371522695
2024-09-04,37.06,37.41,36.79,37.07,25192526.0,1022771810.0,5545446256.0,0.004542921315438315
2024-09-05,37.07,37.39,36.54,36.89,23358753.0,940340085.0,5545446256.0,0.004212240444080863
2024-09-06,36.88,37.07,36.53,36.55,16739943.0,673025196.0,5545446256.0,0.0030186827582880105
2024-09-09,36.54,36.54,35.51,35.58,30581566.0,1196141650.0,5545446256.0,0.005514716866458078
2024-09-10,35.58,35.92,35.5,35.67,16914500.0,660565387.0,5545446256.0,0.0030501602971445335
2024-09-11,35.54,36.2,35.27,35.75,23414141.0,918150009.0,5545446256.0,0.004222228459011144
2024-09-12,35.69,35.89,35.01,35.36,28848026.0,1115446812.0,5545446256.0,0.0052021108253979265
2024-09-13,35.37,36.19,35.31,35.89,26332892.0,1035043052.0,5545446256.0,0.004748561393324953
2024-09-18,35.91,37.1,35.84,37.06,35181361.0,1416195925.0,5545446256.0,0.006344189335878039
2024-09-19,36.58,37.23,36.23,37.18,32575868.0,1317774229.0,5545446256.0,0.00587434563354643
2024-09-20,37.22,37.68,37.06,37.56,31839792.0,1302790831.0,5545446256.0,0.005741610418737777
2024-09-23,37.56,38.07,37.44,37.89,26690513.0,1106013412.0,5545446256.0,0.004813050522511456
2024-09-24,38.27,38.27,37.13,37.94,52659325.0,2169296117.0,5545446256.0,0.009495958047203911
2024-09-25,38.4,39.4,38.37,38.85,64768443.0,2762994159.0,5545446256.0,0.011679572753937082
2024-09-26,39.05,40.61,38.82,40.59,60192988.0,2616721644.0,5545446256.0,0.010854489471406032
2024-09-27,41.26,41.61,39.83,40.61,91250193.0,4050941074.0,5545446256.0,0.016454977433289546
2024-09-30,41.62,44.01,41.61,43.84,138686863.0,6506594536.0,5545446256.0,0.025009143826783126
2024-10-08,48.22,48.22,45.01,47.1,129467417.0,6643599313.0,5545446256.0,0.023346618292426922
2024-10-09,46.14,46.14,42.85,43.83,110521204.0,5375039059.0,5545446256.0,0.01993008297220796
2024-10-10,44.05,46.12,44.05,45.41,73522819.0,3643807844.0,5545446256.0,0.013258233080962708
2024-10-11,45.42,45.61,44.1,44.44,42710001.0,2093846033.0,5545446256.0,0.007701814971840924
2024-10-14,44.5,46.08,44.5,45.58,53868615.0,2675835906.0,5545446256.0,0.009714027061702353
2024-10-15,45.53,45.72,44.38,44.42,35601269.0,1751669431.0,5545446256.0,0.0064199105638217185
2024-10-16,43.88,43.95,42.87,43.41,45436087.0,2159666388.0,5545446256.0,0.008193404985367872
2024-10-17,43.61,44.15,42.59,42.63,38612332.0,1827620325.0,5515446256.0,0.007000762985949763
2024-10-18,42.52,43.88,42.29,43.26,47005903.0,2210219452.0,5515446256.0,0.00852259288155776
2024-10-21,43.26,43.32,42.29,42.98,47446657.0,2221273466.0,5515446256.0,0.008602505544929383
2024-10-22,42.97,44.3,42.8,43.7,42234103.0,2016156144.0,5515446256.0,0.007657422634488635
2024-10-23,43.79,44.29,43.51,43.83,32693868.0,1570175153.0,5515446256.0,0.005927692245107791
2024-10-24,43.59,43.83,43.18,43.33,19460097.0,924132755.0,5515446256.0,0.003528290567391579
2024-10-25,43.26,43.33,42.8,42.97,26174534.0,1230949490.0,5515446256.0,0.00474567837036322
2024-10-28,42.97,43.29,42.41,42.76,27910688.0,1305473347.0,5515446256.0,0.0050604587017119874
2024-10-29,42.81,43.29,42.54,42.61,28215945.0,1320107682.0,5515446256.0,0.005115804540621744
2024-10-30,42.61,43.01,41.53,41.87,40839078.0,1875972876.0,5515446256.0,0.007404492058203459
2024-10-31,40.7,40.88,39.4,39.78,104991527.0,4576391089.0,5515446256.0,0.01903590790786594
2024-11-01,39.78,40.19,39.51,39.8,54205023.0,2362698224.0,5515446256.0,0.009827858070601785
2024-11-04,39.87,39.93,39.2,39.6,54547738.0,2353259445.0,5515446256.0,0.00988999538172637
2024-11-05,39.6,40.21,39.16,40.15,63199376.0,2749383595.0,5515446256.0,0.011458615144921105
2024-11-06,40.06,40.07,39.02,39.18,79986476.0,3453068249.0,5515446256.0,0.014502267321159444
2024-11-07,39.01,40.48,38.9,40.48,79996791.0,3479303735.0,5515446256.0,0.014504137523409856
2024-11-08,40.79,41.26,40.06,40.47,81382728.0,3611196091.0,5515446256.0,0.014755420363577559
2024-11-11,40.17,40.19,39.48,40.01,56605747.0,2461615709.0,5515446256.0,0.010263130918630785
2024-11-12,40.01,41.11,39.81,39.97,66071776.0,2921160426.0,5515446256.0,0.011979407092966151
2024-11-13,39.85,40.44,39.78,40.17,45349179.0,1989134113.0,5515446256.0,0.008222213923427632
2024-11-14,39.87,40.64,39.59,39.98,45993405.0,2023483639.0,5515446256.0,0.008339017889978692
2024-11-15,39.92,40.11,39.23,39.44,42410752.0,1839025066.0,5515446256.0,0.0076894506865810355
2024-11-18,39.47,39.78,39.05,39.21,34039682.0,1467672249.0,5515446256.0,0.00617170042459752
2024-11-19,39.21,39.38,38.88,39.26,29152792.0,1248385921.0,5515446256.0,0.005285663325662183
2024-11-20,39.19,39.19,38.92,39.08,29577144.0,1262410434.0,5515446256.0,0.005362602158950309
2024-11-21,39.01,39.04,38.41,38.69,39628121.0,1672811222.0,5515446256.0,0.007184934665420843
2024-11-22,38.65,39.01,37.73,37.77,50814545.0,2130305592.0,5515446256.0,0.009213133922703207
2024-11-25,37.77,38.2,37.31,37.47,42357130.0,1743305567.0,5515446256.0,0.00767972853582276
2024-11-26,37.35,37.88,37.05,37.66,39450573.0,1620126631.0,5515446256.0,0.007152743616544815
2024-11-27,37.76,38.49,37.64,38.49,43224023.0,1803907214.0,5515446256.0,0.007836904031650853
2024-11-28,38.47,38.58,37.95,38.05,26382498.0,1101489347.0,5515446256.0,0.004783384113533823
2024-11-29,38.05,38.6,37.96,38.48,34638077.0,1455893214.0,5515446256.0,0.0062801948187454154
2024-12-02,38.48,38.55,37.86,38.45,39186783.0,1639135592.0,5515446256.0,0.00710491611759801
2024-12-03,38.34,38.78,38.27,38.73,34841161.0,1469976471.0,5515446256.0,0.006317015774036036
2024-12-04,38.76,39.68,38.48,38.99,53698426.0,2297996487.0,5515446256.0,0.009736007479283106
2024-12-05,39.01,39.37,38.62,38.7,30419083.0,1292423428.0,5515446256.0,0.005515253270197036
2024-12-06,38.69,39.01,38.51,38.66,38486014.0,1632092918.0,5515446256.0,0.006977860396723627
2024-12-09,38.67,38.99,38.05,38.73,35374006.0,1494133323.0,5515446256.0,0.006413625363771471
2024-12-10,39.8,40.41,39.25,39.31,75926081.0,3306086992.0,5515446256.0,0.013766081197401482
2024-12-11,39.25,39.87,39.15,39.61,32608685.0,1413448883.0,5515446256.0,0.0059122478012593295
2024-12-12,39.52,39.83,39.37,39.75,32395962.0,1403211433.0,5515446256.0,0.005873679208596752
2024-12-13,39.61,39.69,39.1,39.33,43500158.0,1872578613.0,5515446256.0,0.007886969790101422
2024-12-16,39.2,39.73,39.06,39.22,30920371.0,1328674019.0,5515446256.0,0.0056061412920782525
2024-12-17,39.2,39.81,39.11,39.33,33483868.0,1447104376.0,5515446256.0,0.006070926348629441
2024-12-18,39.5,39.84,39.44,39.74,29719828.0,1290565469.0,5515446256.0,0.005388472051136237
2024-12-19,39.6,40.23,39.48,39.92,43438685.0,1898655823.0,5515446256.0,0.007875824182448529
2024-12-20,39.92,40.19,39.51,39.56,35096649.0,1530168147.0,5515446256.0,0.006363338045732921
2024-12-23,39.62,40.88,39.61,40.69,69320639.0,3069252491.0,5515446256.0,0.012568455167991033
2024-12-24,40.72,42.17,40.72,41.69,70082613.0,3192368933.0,5515446256.0,0.01270660790570851
2024-12-25,41.84,42.06,41.35,41.56,40087781.0,1828234471.0,5515446256.0,0.007268275156591427
2024-12-26,41.57,41.73,41.15,41.56,32452739.0,1470693813.0,5515446256.0,0.005883973389224155
2024-12-27,41.56,41.72,40.8,41.21,37915643.0,1704866922.0,5515446256.0,0.006874447005761922
2024-12-30,41.21,42.03,41.21,41.68,38882167.0,1775014142.0,5515446256.0,0.007049686497751996
2024-12-31,41.7,42.02,41.37,41.57,42476700.0,1937415746.0,5514949814.000001,0.0077021009134426895
2025-01-02,42.51,43.42,42.07,42.38,95253245.0,4449784976.0,5514949814.000001,0.01727182444311541
2025-01-03,42.42,43.28,41.7,41.83,52708618.0,2436435046.0,5514949814.000001,0.009557406645151385
2025-01-06,42.01,42.54,41.41,42.09,54212813.0,2489906993.0,5514949814.000001,0.009830155274011345
2025-01-07,41.9,42.4,41.25,41.75,44406077.0,2032272815.0,5514949814.000001,0.008051945801441883
2025-01-08,41.7,43.33,41.57,43.2,77821329.0,3639432912.0,5514949814.000001,0.014110976822027702
2025-01-09,43.26,43.58,42.72,43.44,45412644.0,2148119227.0,5514949814.000001,0.008234461877552815
2025-01-10,43.29,43.68,42.3,42.44,37161252.0,1734493429.0,5514949814.000001,0.0067382756422667955
2025-01-13,41.89,42.04,40.87,41.06,42111241.0,1903557019.0,5514949814.000001,0.007635833945958731
2025-01-14,41.03,41.95,40.96,41.74,31582175.0,1434156901.0,5514949814.000001,0.0057266477602075224
2025-01-15,41.63,42.84,41.58,42.15,32881741.0,1521038271.0,5514949814.000001,0.005962291971638238
2025-01-16,42.34,43.11,42.18,42.34,29793835.0,1386882882.0,5514949814.000001,0.00540237645034715
2025-01-17,42.21,42.43,41.65,42.07,24589547.0,1131875332.0,5514949814.000001,0.004458707300940091
2025-01-20,42.09,42.42,40.88,41.23,61877341.0,2797125718.0,5514949814.000001,0.011219928210936933
2025-01-21,41.5,41.52,40.81,40.94,30001069.0,1345248908.0,5514949814.000001,0.005439953220216193
2025-01-22,40.84,40.92,39.83,40.3,39685582.0,1746974884.0,5514949814.000001,0.007196000569081515
2025-01-23,40.47,40.99,40.33,40.49,37509778.0,1667303257.0,5514949814.000001,0.006801472228229418
2025-01-24,40.49,41.05,40.18,40.66,33151745.0,1475277190.0,5514949814.000001,0.006011250531390601
2025-01-27,40.67,41.4,40.67,41.05,28353972.0,1274083766.0,5514949814.000001,0.005141292841509073
2025-02-05,40.73,40.97,40.0,40.08,34466486.0,1514802179.0,5514949814.000001,0.006249646354442781
2025-02-06,40.12,40.28,39.63,39.91,34309683.0,1495055072.0,5514949814.000001,0.006221214001422642
2025-02-07,39.95,40.49,39.61,40.35,40139929.0,1763199894.0,5514949814.000001,0.00727838518096803
2025-02-10,40.35,40.46,39.92,40.13,30589785.0,1341233006.0,5514949814.000001,0.0055467023330558985
2025-02-11,40.21,40.37,39.74,39.93,29179656.0,1275546262.0,5514949814.000001,0.005291010251068079
2025-02-12,39.92,40.13,39.63,40.02,27072784.0,1178412799.0,5514949814.000001,0.004908981026676663
2025-02-13,39.97,40.29,39.84,40.08,33805098.0,1483436136.0,5514949814.000001,0.00612971996847259
2025-02-14,39.97,40.49,39.97,40.23,28122853.0,1238280267.0,5514949814.000001,0.005099385116544235
2025-02-17,40.07,40.23,39.58,39.94,37143079.0,1615024282.0,5514949814.000001,0.00673498041735761
2025-02-18,39.78,39.87,39.26,39.35,43042178.0,1859047194.0,5514949814.000001,0.00780463638866397
2025-02-19,39.36,39.41,38.19,38.36,95038714.0,3997869747.0,5514949814.000001,0.017232924542438997
2025-02-20,38.27,38.39,37.8,38.27,62417502.0,2599789536.0,5514949814.000001,0.011317873073214513
2025-02-21,38.26,38.26,37.35,37.83,81951122.0,3373474394.0,5514949814.000001,0.01485981282947718
2025-02-24,37.64,38.03,37.41,37.74,53752598.0,2218449805.0,5514949814.000001,0.009746706645189427
2025-02-25,37.66,37.67,36.95,37.04,66644155.0,2712820413.0,5514949814.000001,0.012084272250460045
2025-02-26,37.04,37.55,37.04,37.42,48929710.0,1995742497.0,5514949814.000001,0.008872194970077381
2025-02-27,37.45,38.05,37.44,37.89,73799739.0,3052301705.0,5514949814.000001,0.013381760757397164
2025-02-28,37.84,38.29,37.32,37.36,61372840.0,2531151571.0,5514949814.000001,0.011128449409313155
2025-03-03,37.35,37.51,36.99,37.09,41993896.0,1709210135.0,5514949814.000001,0.00761455632713034
2025-03-04,38.37,38.82,38.03,38.13,110012839.0,4626447416.0,5514949814.000001,0.01994811244169918
2025-03-05,38.16,38.59,37.9,38.47,51902843.0,2176708623.0,5514949814.000001,0.009411299241244554
2025-03-06,38.55,38.59,38.13,38.51,45377405.0,1906837452.0,5514949814.000001,0.008228072154855695
2025-03-07,38.4,38.61,38.17,38.28,31447480.0,1317345208.0,5514949814.000001,0.005702224147202365
2025-03-10,38.28,38.64,38.0,38.64,36583074.0,1535238479.0,5514949814.000001,0.006633437335573185
2025-03-11,38.32,38.88,38.28,38.73,34854528.0,1469626138.0,5514949814.000001,0.006320008191465293
2025-03-12,38.74,38.78,38.35,38.52,32931960.0,1388249580.0,5514949814.000001,0.0059713979475208324
2025-03-13,38.5,39.25,38.43,38.9,50705752.0,2161809155.0,5514949814.000001,0.009194236341241164
2025-03-14,38.9,39.69,38.9,39.51,51662157.0,2227574499.0,5514949814.000001,0.00936765677701233
2025-03-17,39.6,39.85,39.4,39.6,35524807.0,1537736633.0,5514949814.000001,0.0064415467407914285
2025-03-18,39.75,40.39,39.53,40.03,43162920.0,1885623888.0,5514949814.000001,0.007826529969579882
2025-03-19,40.1,40.15,39.63,39.88,29341858.0,1278430689.0,5514949814.000001,0.005320421579451928
2025-03-20,39.85,39.93,39.04,39.06,43916150.0,1889067247.0,5514949814.000001,0.007963109634926588
2025-03-21,39.13,40.11,39.13,40.0,70854832.0,3087674416.0,5514949814.000001,0.012847774574508574
2025-03-24,40.67,41.42,40.4,41.14,84886642.0,3814449608.0,5514949814.000001,0.015392096911654687
2025-03-25,41.12,41.7,41.06,41.3,53615234.0,2424960663.0,5514949814.000001,0.009721799074924454
2025-03-26,41.15,41.48,40.74,41.11,36842114.0,1652034765.0,5514949814.000001,0.006680407844596207
2025-03-27,41.15,41.54,40.97,41.33,29743897.0,1342752243.0,5514949814.000001,0.005393321426877448
2025-03-28,41.33,41.65,41.13,41.41,31283369.0,1417042006.0,5514949814.000001,0.005672466668796416
2025-03-31,41.47,42.28,41.34,41.58,43852863.0,2009314133.0,5514949814.000001,0.00795163409985656
2025-04-01,41.46,41.61,40.97,41.27,35732894.0,1614126073.0,5514949814.000001,0.006479278181152274
2025-04-02,41.27,42.07,41.15,41.31,31611956.0,1435118537.0,5514949814.000001,0.00573204780934748
2025-04-03,40.93,41.52,40.74,41.47,40141606.0,1808260636.0,5514949814.000001,0.007278689263517565
2025-04-07,39.51,40.86,38.59,39.6,92719776.0,4030308608.0,5514949814.000001,0.016812442384267177
2025-04-08,39.58,40.87,39.24,40.81,75597337.0,3327610338.0,5514949814.000001,0.013707710777003272
2025-04-09,40.4,41.34,40.08,41.04,55132482.0,2462959792.0,5514949814.000001,0.009996914543092157
2025-04-10,40.89,41.11,40.47,40.98,43656185.0,1949505012.0,5514949814.000001,0.007915971399989242
2025-04-11,40.79,41.26,40.36,41.25,30408872.0,1361064693.0,5514949814.000001,0.005513898226744588
2025-04-14,41.25,41.29,39.87,40.14,66954566.0,2954928330.0,5514949814.000001,0.012140557622125986
2025-04-15,40.14,41.13,39.84,41.03,51724300.0,2304662178.0,5514949814.000001,0.009378924875924536
2025-04-16,40.86,41.49,40.68,41.41,34048085.0,1530820445.0,5514949814.000001,0.006173779662249524
2025-04-17,41.27,41.27,40.81,41.14,20241345.0,909520810.0,5514949814.000001,0.0036702682132512326
2025-04-18,41.04,41.61,40.91,41.43,22543761.0,1019872405.0,5514949814.000001,0.004087754514605271
2025-04-21,41.38,41.52,41.07,41.33,20695449.0,934991606.0,5514949814.000001,0.0037526087630867415
2025-04-22,41.31,42.06,41.18,41.66,21666459.0,986446708.0,5514949814.000001,0.003928677455051089
2025-04-23,41.79,41.84,41.29,41.42,22135189.0,1006597596.0,5514949814.000001,0.004013670068911347
2025-04-24,41.42,41.65,41.15,41.52,20435141.0,925443213.0,5514949814.000001,0.0037054083335671126
2025-04-25,41.44,41.64,41.24,41.36,23313706.0,1054750380.0,5514949814.000001,0.0042273650325551256
2025-04-28,42.81,43.26,42.3,42.57,86370364.0,4046000946.0,5514949814.000001,0.015661133267386065
2025-04-29,42.74,42.85,41.93,42.32,33777860.0,1560746362.0,5514949814.000001,0.006124781029603036
2025-04-30,42.39,42.44,41.63,41.67,33052285.0,1514036455.0,5514949814.000001,0.005993215915781313
2025-05-06,41.97,42.12,41.44,41.58,39160845.0,1783798632.0,5514949814.000001,0.007100852468428282
2025-05-07,42.05,42.39,41.89,42.16,40618040.0,1872997541.0,5514949814.000001,0.007365078807587494
2025-05-08,42.24,42.66,42.17,42.54,26715983.0,1241304185.0,5514949814.000001,0.0048442839737507706
2025-05-09,42.69,43.15,42.55,42.98,31742361.0,1492819464.0,5514949814.000001,0.005755693536760803
2025-05-12,43.15,43.26,42.78,42.89,33505872.0,1572471336.0,5514949814.000001,0.006075462720430114
2025-05-13,42.98,43.11,42.81,42.97,24868039.0,1167331549.0,5514949814.000001,0.004509204949947346
2025-05-14,42.98,43.19,42.65,42.89,33151376.0,1555756470.0,5514949814.000001,0.006011183622350184
2025-05-15,43.05,43.24,42.75,43.17,28851508.0,1328591252.0,5514949814.000001,0.005231508712329326
2025-05-16,43.18,43.27,42.47,42.59,31092520.0,1419612106.0,5514949814.000001,0.005637860914177305
2025-05-19,42.7,42.87,42.5,42.71,22071491.0,1008131234.0,5514949814.000001,0.004002120009137765
2025-05-20,42.75,43.92,42.68,43.92,47033680.0,2189829257.0,5514949814.000001,0.008528396737283526
2025-05-21,43.82,44.17,43.68,43.8,21147726.0,993620021.0,5514949814.000001,0.0038346180315757985
2025-05-22,43.81,44.21,43.81,43.99,22898444.0,1077781758.0,5514949814.000001,0.004152067520518691
2025-05-23,43.93,44.32,43.4,43.51,32748885.0,1536083930.0,5514949814.000001,0.005938201815883287
2025-05-26,43.52,43.64,42.87,43.02,25722090.0,1186480284.0,5514949814.000001,0.0046640660146540355
2025-05-27,43.03,43.45,43.03,43.15,17854291.0,826245233.0,5514949814.000001,0.0032374349000739606
2025-05-28,43.32,43.69,42.92,43.62,23138683.0,1075443860.0,5514949814.000001,0.0041956289323361005
2025-05-29,43.54,43.72,42.98,43.04,35263669.0,1628706117.0,5514949814.000001,0.00639419581126219
2025-05-30,43.05,43.49,42.85,43.38,31870676.0,1474547579.0,5514949814.000001,0.005778960294270412
2025-06-03,43.2,43.3,41.86,42.03,73364323.0,3314112394.0,5514949814.000001,0.013302808815006922
2025-06-04,42.1,42.6,42.04,42.35,30537264.0,1382826200.0,5514949814.000001,0.005537178946303281
2025-06-05,42.4,42.52,41.89,41.99,35648852.0,1603307536.0,5514949814.000001,0.006464039239215459
2025-06-06,42.08,42.12,41.91,41.93,22215171.0,998633301.0,5514949814.000001,0.004028172830078267
2025-06-09,42.05,42.19,41.72,41.88,27446034.0,1229052587.0,5514949814.000001,0.004976660699672506
2025-06-10,41.88,42.11,41.64,41.72,33923602.0,1518074753.0,5514949814.000001,0.0061512077433384955
2025-06-11,41.69,41.99,41.63,41.83,22664217.0,1014722777.0,5514949814.000001,0.004109596236481727
2025-06-12,41.95,42.04,41.62,41.92,27008411.0,1208650694.0,5514949814.000001,0.004897308572316955
2025-06-13,41.78,42.09,41.72,41.97,35220451.0,1579504549.0,5514949814.000001,0.006386359293894382
2025-06-16,41.97,42.19,41.66,41.67,30469816.0,1363049192.0,5514949814.000001,0.005524948916606768
2025-06-17,41.68,41.79,41.43,41.53,25659289.0,1142203684.0,5514949814.000001,0.00465267860368602
2025-06-18,41.57,41.91,41.49,41.56,21210606.0,945371392.0,5514949814.000001,0.003846019767243524
2025-06-19,41.54,41.62,41.15,41.19,27509648.0,1216983698.0,5514949814.000001,0.0049881955281198135
2025-06-20,41.19,41.73,41.14,41.71,24825448.0,1104057156.0,5514949814.000001,0.004501482123550653
2025-06-23,41.67,41.79,41.3,41.51,29072350.0,1290335717.0,5514949814.000001,0.005271552957054705
2025-06-24,41.57,42.05,41.57,41.96,29895386.0,1341941177.0,5514949814.000001,0.005420790217185464
2025-06-25,41.98,42.51,41.83,42.39,30318549.0,1369156252.0,5514949814.000001,0.005497520380518189
2025-06-26,42.53,42.79,42.39,42.52,25252654.0,1151071482.0,5514949814.000001,0.004578945385122954
2025-06-27,42.58,42.91,42.17,42.25,32309676.0,1471819552.0,5514949814.000001,0.005858562106581664
2025-06-30,42.26,42.55,41.93,41.97,32162211.0,1448606965.0,5515155557.0,0.0058316054130474635
2025-07-01,42.1,42.5,41.91,42.47,24245377.0,1096683969.0,5515155557.0,0.004396136563950049
2025-07-02,42.56,43.66,42.51,43.37,54209594.0,2510495844.0,5515155557.0,0.009829204895444076
2025-07-03,43.54,43.61,43.22,43.48,21712982.0,1009129138.0,5515155557.0,0.0039369663784807
2025-07-04,43.48,43.77,43.26,43.67,19616992.0,915277878.0,5515155557.0,0.0035569245141420405
2025-07-07,43.82,43.86,43.34,43.44,18980232.0,883494027.0,5515155557.0,0.003441468115239238
2025-07-08,43.44,43.84,43.34,43.54,25601761.0,1195231043.0,5515155557.0,0.004642074141953345
2025-07-09,43.56,43.62,43.09,43.17,27491900.0,1275124561.0,5515155557.0,0.004984791401777681
2025-07-10,43.17,43.47,42.94,43.3,20938269.0,968829196.0,5515155557.0,0.003796496541865356
2025-07-11,43.45,44.06,43.4,43.87,31834759.0,1494825589.0,5515155557.0,0.005772232291724641
2025-07-14,44.05,44.55,43.94,44.15,30575544.0,1449274849.0,5515155557.0,0.005543913255754429
2025-07-15,44.26,44.94,44.06,44.81,39774068.0,1899605093.0,5515155557.0,0.007211776275198179
2025-07-16,44.94,44.94,44.24,44.37,27924858.0,1328279572.0,5515155557.0,0.005063294717871908
2025-07-17,44.37,44.9,44.29,44.44,22569010.0,1076853664.0,5515155557.0,0.004092180132862207
2025-07-18,44.67,44.76,44.42,44.74,21073924.0,1005963291.0,5515155557.0,0.0038210933095535896
2025-07-21,44.75,44.93,44.28,44.43,26950047.0,1283868234.0,5515155557.0,0.004886543402351398
2025-07-22,44.41,44.78,44.33,44.75,29974224.0,1429157496.0,5515155557.0,0.005434882786208237
2025-07-23,44.8,45.29,44.78,44.99,26358298.0,1271321139.0,5515155557.0,0.004779248332632297
2025-07-24,45.02,45.08,44.51,44.66,31614250.0,1511025339.0,5515155557.0,0.005732249919927326
2025-07-25,43.45,44.47,43.45,43.73,62199316.0,2915516402.0,5515155557.0,0.011277889690899974
2025-07-28,43.86,44.01,43.53,43.57,38220070.0,1787484712.0,5515155557.0,0.006930007613564036
2025-07-29,43.59,43.71,42.99,43.1,42760076.0,1977627238.0,5515155557.0,0.007753194911379722
2025-07-30,43.11,43.6,43.02,43.33,32021729.0,1485063024.0,5515155557.0,0.005806133420725924
2025-07-31,43.34,43.36,42.52,42.63,44771650.0,2048763765.0,5515155557.0,0.008117930589133517
2025-08-01,42.72,43.03,42.64,42.88,23400138.0,1072991265.0,5515155557.0,0.00424287905538763
2025-08-04,42.87,43.22,42.75,43.1,21078595.0,970597561.0,5515155557.0,0.003821940248493339
2025-08-05,43.12,43.72,42.92,43.66,27789351.0,1292384737.0,5515155557.0,0.005038724785328843
2025-08-06,43.75,43.9,43.55,43.82,25552841.0,1195891319.0,5515155557.0,0.004633204038563803
2025-08-07,43.73,44.06,43.61,43.92,26471071.0,1242505459.0,5515155557.0,0.004799696169295193
2025-08-08,43.95,44.49,43.82,44.33,28078004.0,1330702728.0,5515155557.0,0.005091062928290855
2025-08-11,44.33,44.43,43.97,44.13,24430892.0,1153959694.0,5515155557.0,0.0044297738744633565
2025-08-12,44.2,45.13,44.1,44.74,45065337.0,2161625922.0,5515155557.0,0.008171181489668361
2025-08-13,44.85,44.96,44.52,44.6,27288191.0,1304027200.0,5515155557.0,0.00494785518159411
2025-08-14,44.66,45.08,44.57,44.57,30276325.0,1452267997.0,5515155557.0,0.0054896593010096304
2025-08-15,44.54,44.68,44.13,44.66,35123143.0,1670821115.0,5515155557.0,0.006368477305308398
2025-08-18,44.66,45.09,44.39,44.52,37044166.0,1768894378.0,5515155557.0,0.006716794407182666
2025-08-19,44.65,44.99,43.78,43.97,63412126.0,2990236717.0,5515155557.0,0.011497794639629962
2025-08-20,43.73,44.1,43.53,44.09,46944560.0,2203682931.0,5515155557.0,0.008511919476217957
2025-08-21,43.83,43.96,43.04,43.58,76565752.0,3568330417.0,5515155557.0,0.013882791012634352
2025-08-22,43.9,44.1,43.48,44.02,81658259.0,3829295315.0,5515155557.0,0.01480615698978008
2025-08-25,44.15,44.95,44.01,44.95,76238238.0,3634953484.0,5515155557.0,0.013823406649561526
2025-08-26,44.85,45.07,44.59,44.89,50896129.0,2443015425.0,5515155557.0,0.009228412231346968
2025-08-27,44.91,45.18,44.13,44.14,69353156.0,3313272438.0,5515155557.0,0.012575013575451177
2025-08-28,44.14,44.57,43.86,44.15,69702799.0,3292087079.0,5515155557.0,0.012638410336682367
2025-08-29,42.32,42.32,41.08,41.56,254197017.0,10860336787.0,5515155557.0,0.046090634139478726
2025-09-01,41.55,41.55,40.34,40.4,161570465.0,6741851464.0,5515155557.0,0.02929572218410593
2025-09-02,40.24,40.83,40.11,40.51,85587058.0,3550285585.0,5515155557.0,0.015518521121561178
2025-09-03,41.22,41.42,40.49,40.53,82252598.0,3434722120.0,5515155557.0,0.014913921674539633
2025-09-04,40.49,40.54,40.0,40.18,70362967.0,2900310236.0,5515155557.0,0.012758111040166985
2025-09-05,40.15,40.39,40.01,40.35,64346492.0,2650536771.0,5515155557.0,0.011667212526458933
2025-09-08,40.49,40.7,40.26,40.41,62731800.0,2600069326.0,5515155557.0,0.01137443891684595
2025-09-09,40.43,40.65,40.25,40.33,66671352.0,2763193803.0,5515155557.0,0.012088752766978392
2025-09-10,40.31,40.36,40.11,40.16,49111192.0,2023251595.0,5515155557.0,0.00890477004545531
2025-09-11,40.17,40.38,40.01,40.36,52817246.0,2173796449.0,5515155557.0,0.009576746377164788
2025-09-12,40.37,40.44,40.02,40.05,66088369.0,2722505542.0,5515155557.0,0.01198304713565489
2025-09-15,40.04,40.05,39.69,39.94,49279518.0,2012642286.0,5515155557.0,0.008935290671439533
2025-09-16,39.89,39.89,39.51,39.51,55572498.0,2256583688.0,5515155557.0,0.010076324670383182
2025-09-17,39.47,39.83,39.38,39.79,52592642.0,2136326500.0,5515155557.0,0.009536021505911624
2025-09-18,39.71,39.87,39.1,39.23,58031218.0,2346320116.0,5515155557.0,0.010522136211796429
2025-09-19,39.13,39.47,39.03,39.45,39340852.0,1583195857.0,5515155557.0,0.007133226178918456
2025-09-22,39.32,39.35,38.73,38.86,58202671.0,2322154503.0,5515155557.0,0.010553223820881613
2025-09-23,38.83,39.05,38.5,38.67,43424366.0,1723357528.0,5515155557.0,0.007873643009920998
2025-09-24,38.68,39.06,38.47,39.01,36378047.0,1448981726.0,5515155557.0,0.006596014677016299
2025-09-25,38.91,38.93,38.49,38.54,46899083.0,1857372586.0,5515155557.0,0.008503673652590684
2025-09-26,38.55,39.07,38.34,38.88,45010754.0,1788343094.0,5515155557.0,0.008161284579339019
2025-09-29,38.88,39.07,38.49,38.97,41019140.0,1628579198.0,5515155557.0,0.007437530922937846
2025-09-30,38.98,39.02,38.69,38.75,39537615.0,1572376371.0,5515155557.0,0.007168902960464583
2025-10-09,38.76,39.39,38.44,39.39,63809838.0,2543021330.0,5515155557.0,0.011569907202165976
2025-10-10,39.2,39.84,39.05,39.42,60957628.0,2469698375.0,5515155557.0,0.011052748625128218
2025-10-13,38.83,39.61,38.62,39.46,56569297.0,2268779182.0,5515155557.0,0.010257062818146727
2025-10-14,39.46,39.79,39.12,39.59,55771099.0,2261968772.0,5515155557.0,0.010112334715421337
2025-10-15,39.66,39.95,39.46,39.82,43886995.0,1790310725.0,5515155557.0,0.007957526228665902
2025-10-16,39.82,39.94,39.61,39.77,39746859.0,1618938798.0,5515155557.0,0.007206842778813755
2025-10-17,39.74,40.05,39.19,39.24,45180383.0,1833060233.0,5515155557.0,0.008192041463391855
2025-10-20,39.37,39.78,39.25,39.77,39471511.0,1600009494.0,5515155557.0,0.007156917079138698
2025-10-21,39.77,39.86,39.46,39.7,35437167.0,1442346029.0,5515155557.0,0.006425415681162808
2025-10-22,39.59,39.81,39.53,39.58,30774274.0,1250401263.0,5515155557.0,0.005579946690885332
2025-10-23,39.56,39.65,39.23,39.54,33112415.0,1338043368.0,5515155557.0,0.006003895023046582
2025-10-24,39.54,39.76,39.45,39.51,29237985.0,1185827907.0,5515155557.0,0.0053013889994254606
2025-10-27,39.54,40.14,39.52,39.97,61652529.0,2522404578.0,5515155557.0,0.0111787470657557
2025-10-28,39.97,40.15,39.68,39.73,33806125.0,1378729084.0,5515155557.0,0.006129677513282877
2025-10-29,39.73,39.73,39.53,39.7,28743319.0,1167340750.0,5515155557.0,0.005211696878344278
2025-10-30,39.62,39.79,39.42,39.48,43959553.0,1782629301.0,5515155557.0,0.0079706823399034
2025-10-31,38.82,39.05,38.56,38.78,92155579.0,3666645834.0,5515155557.0,0.01670951581465973
2025-11-03,38.68,38.87,38.24,38.56,61344390.0,2416098282.0,5515155557.0,0.011122875749558845
2025-11-04,38.54,38.95,38.45,38.74,39819816.0,1581033855.0,5515155557.0,0.0072200712361520794
2025-11-05,38.58,38.91,38.49,38.75,28106983.0,1116210036.0,5515155557.0,0.0050963173585060135
2025-11-06,38.74,39.07,38.68,39.01,34753078.0,1387911304.0,5515155557.0,0.006301377656681026
2025-11-07,38.97,39.1,38.91,39.04,24483224.0,979334368.0,5515155557.0,0.004439262636740166
2025-11-10,39.12,39.88,39.11,39.86,64099107.0,2605209450.0,5515155557.0,0.011622357037353825
2025-11-11,39.9,40.09,39.76,39.92,46845273.0,1916064154.0,5515155557.0,0.008493916901499284
2025-11-12,39.93,40.34,39.93,40.15,58015818.0,2389716804.0,5515155557.0,0.010519343906150497
2025-11-13,40.15,40.31,39.76,40.0,44163842.0,1807279175.0,5515155557.0,0.008007723724845065
2025-11-14,39.87,40.13,39.62,39.63,35122341.0,1433919235.0,5515155557.0,0.006368331887832552
2025-11-17,39.63,39.63,39.08,39.21,36643971.0,1474977099.0,5515155557.0,0.006644231630690884
2025-11-18,39.21,39.47,39.07,39.13,26568319.0,1069136102.0,5515155557.0,0.004817329035493604
2025-11-19,39.12,39.31,39.02,39.18,21800637.0,875626450.0,5515155557.0,0.003952859855843953
2025-11-20,39.2,39.65,39.08,39.37,33290213.0,1345880532.0,5515155557.0,0.0060361330983216
2025-11-21,39.2,39.73,38.99,39.27,55094877.0,2218464826.0,5515155557.0,0.00998972312396011
2025-11-24,39.28,39.43,39.03,39.13,35530091.0,1427143469.0,5515155557.0,0.006442264525957776
2025-11-25,39.18,39.22,38.75,39.09,41343501.0,1650903640.0,5515155557.0,0.00749634358862745
2025-11-26,39.09,39.39,39.04,39.35,31965463.0,1285253244.0,5515155557.0,0.0057959313512795626
2025-11-27,39.27,39.49,39.06,39.35,29593024.0,1191840275.0,5515155557.0,0.005365764155544017
2025-11-28,39.3,39.4,39.13,39.37,20437145.0,823012374.0,5515155557.0,0.0037056334655983666
2025-12-01,39.43,39.85,39.34,39.85,40882755.0,1662495213.0,5515155557.0,0.007412801792709253
2025-12-02,39.85,40.06,39.67,39.9,32049757.0,1309293683.0,5515155557.0,0.005811215417001519
2025-12-03,39.85,40.15,39.77,39.81,37187297.0,1524469883.0,5515155557.0,0.006742746712339015
2025-12-04,39.78,40.17,39.71,39.94,26462707.0,1084266565.0,5515155557.0,0.004798179620956066
2025-12-05,39.94,40.09,39.66,39.87,27438229.0,1120758571.0,5515155557.0,0.004975059853964514
2025-12-08,39.88,40.05,39.63,39.69,32810513.0,1338254293.0,5515155557.0,0.005949154590636327
2025-12-09,39.73,39.84,39.32,39.37,29229290.0,1183740573.0,5515155557.0,0.0052998124346468
2025-12-10,39.32,39.52,39.17,39.38,25869510.0,1043151124.0,5515155557.0,0.004690622001978828
2025-12-11,39.52,40.08,39.49,39.66,45594136.0,1859381215.0,5515155557.0,0.008267062556763348
2025-12-12,39.73,39.95,39.59,39.76,48713716.0,1988362913.0,5515155557.0,0.008832700274096729
2025-12-15,39.91,40.06,39.83,39.87,36005941.0,1475417478.0,5515155557.0,0.006528544957231566
2025-12-16,39.78,39.91,39.71,39.85,25155336.0,1026692914.0,5515155557.0,0.004561129008967317
2025-12-17,39.84,40.19,39.65,40.1,42424973.0,1740260247.0,5515155557.0,0.007692434521842808
2025-12-18,40.1,40.1,39.83,39.96,24735633.0,1012493591.0,5515155557.0,0.004485029070232624
2025-12-19,39.99,40.15,39.86,40.14,30797640.0,1263638450.0,5515155557.0,0.005584183380088113
2025-12-22,40.14,40.16,39.85,39.88,34582029.0,1414848052.0,5515155557.0,0.00627036330028941
2025-12-23,39.87,40.15,39.77,39.9,33087233.0,1355000138.0,5515155557.0,0.005999329059359839
2025-12-24,39.81,39.92,39.66,39.77,28664670.0,1167661551.0,5515155557.0,0.005197436355828249
2025-12-25,39.74,40.04,39.67,39.91,26407937.0,1079985129.0,5515155557.0,0.0047882488040581666
2025-12-26,39.88,39.94,39.72,39.77,25917299.0,1057441482.0,5515155557.0,0.004699287034090088
2025-12-29,39.77,40.12,39.65,39.73,39274100.0,1605652379.0,5515155557.0,0.007121122803173183
2025-12-30,39.67,39.77,39.38,39.54,38389944.0,1555084605.0,5515155557.0,0.006960808920661238
2025-12-31,39.57,39.81,39.17,39.24,50297268.0,2027975877.0,5522009473.999999,0.009108508095978686
2026-01-05,39.36,39.8,39.24,39.77,49672862.0,2013848010.0,5522009473.999999,0.008995432230582226
2026-01-06,39.77,39.86,39.66,39.82,39544734.0,1612142949.0,5522009473.999999,0.007161294124212147
2026-01-07,39.82,39.82,39.43,39.45,42363199.0,1716288750.0,5522009473.999999,0.007671699804113738
2026-01-08,39.44,39.49,39.3,39.45,27093040.0,1094487854.0,5522009473.999999,0.004906373327964342
2026-01-09,39.44,39.54,39.37,39.49,29290916.0,1184787574.0,5522009473.999999,0.005304394376343296
2026-01-12,39.48,39.59,39.28,39.54,39308410.0,1588322792.0,5522009473.999999,0.007118497384888769
2026-01-13,39.61,39.66,39.27,39.35,46147014.0,1865582634.0,5522009473.999999,0.008356924090275476
2026-01-14,39.33,39.4,39.18,39.22,45444621.0,1829561992.0,5522009473.999999,0.008229725286414821
2026-01-15,39.22,39.35,39.12,39.14,32484665.0,1304905550.0,5522009473.999999,0.005882761547757534
2026-01-16,39.24,39.49,39.24,39.37,45931038.0,1851791291.0,5522009473.999999,0.008317812241406526
2026-01-19,39.37,39.65,39.37,39.54,41436614.0,1678735459.0,5522009473.999999,0.0075039012872218785
2026-01-20,39.55,40.34,39.47,40.27,90636128.0,3720424859.0,5522009473.999999,0.016413613273710225
2026-01-21,40.29,40.33,39.66,39.77,66252489.0,2709673028.0,5522009473.999999,0.01199789484461142
2026-01-22,39.79,40.05,39.59,39.85,47174320.0,1928287009.0,5522009473.999999,0.008542962525167157
2026-01-23,39.97,39.97,39.4,39.43,68553498.0,2710525410.0,5522009473.999999,0.012414592608502289
2026-01-26,39.43,39.58,39.02,39.07,62856664.0,2463838287.0,5522009473.999999,0.01138293302392114
2026-01-27,39.1,39.3,38.89,38.91,46123109.0,1802727726.0,5522009473.999999,0.008352595050256158
2026-01-28,38.91,38.91,38.28,38.33,72208428.0,2775619624.0,5522009473.999999,0.013076476659445878
2026-01-29,38.27,38.97,37.99,38.88,74727179.0,2868814687.0,5522009473.999999,0.013532606083319446
2026-01-30,38.85,39.19,38.63,38.7,44910424.0,1747213866.0,5522009473.999999,0.008132985684189359
2026-02-02,38.6,39.08,38.5,38.54,36721973.0,1424235221.0,5522009473.999999,0.006650110466652199
2026-02-03,38.53,38.79,38.18,38.36,37633116.0,1442955438.0,5522009473.999999,0.006815112537780482
2026-02-04,38.26,38.88,38.18,38.88,37966378.0,1466888422.0,5522009473.999999,0.00687546411840872
2026-02-05,38.75,39.0,38.63,38.92,34611483.0,1343643649.0,5522009473.999999,0.006267914454505336
2026-02-06,38.8,38.99,38.52,38.56,29860626.0,1153263734.0,5522009473.999999,0.0054075651518884025
2026-02-09,38.61,38.7,38.54,38.62,23833517.0,919641403.0,5522009473.999999,0.00431609491295125
2026-02-10,38.62,38.83,38.54,38.8,23227460.0,898718548.0,5522009473.999999,0.004206341932110927
2026-02-11,38.78,38.86,38.69,38.72,18223907.0,706297155.0,5522009473.999999,0.003300231027455858
2026-02-12,38.64,38.7,38.39,38.43,27163335.0,1044139633.0,5522009473.999999,0.004919103295258129
2026-02-13,38.43,38.52,38.26,38.37,19719414.0,757267269.0,5522009473.999999,0.0035710576182180604
2026-02-24,38.6,38.65,38.38,38.43,25206142.0,968711848.0,5522009473.999999,0.0045646683727511485
2026-02-25,38.48,38.78,38.42,38.49,33846463.0,1306946252.0,5522009473.999999,0.006129374308277401
2026-02-26,37.5,37.94,37.5,37.59,84341374.0,3175378983.0,5522009473.999999,0.015273674266064834
2026-02-27,37.58,37.67,37.22,37.45,47221795.0,1767400434.0,5522009473.999999,0.00855155993888467
2026-03-02,37.3,37.36,37.01,37.2,45275145.0,1682670708.0,5522009473.999999,0.008199034285104888
2026-03-03,37.19,37.45,37.01,37.09,45709825.0,1699063588.0,5522009473.999999,0.008277752005899584
2026-03-04,37.0,37.03,36.6,36.89,42985882.0,1580902095.0,5522009473.999999,0.007784463645416775
2026-03-05,36.93,37.12,36.93,37.04,24140281.0,893557062.0,5522009473.999999,0.004371647878125318
2026-03-06,37.0,37.43,36.85,37.4,26663501.0,991301857.0,5522009473.999999,0.00482858660883203
2026-03-09,37.2,37.48,37.03,37.33,30094311.0,1120759414.0,5522009473.999999,0.005449883985476118
2026-03-10,37.37,37.74,37.34,37.74,28565386.0,1072450803.0,5522009473.999999,0.00517300561226817
2026-03-11,37.75,37.87,37.54,37.8,27614505.0,1041527499.0,5522009473.999999,0.005000807247800098
2026-03-12,37.7,37.92,37.58,37.88,23999721.0,905740993.0,5522009473.999999,0.004346193376342622
2026-03-13,37.88,38.66,37.8,38.6,59326449.0,2277902663.0,5522009473.999999,0.010743634048317826
2026-03-16,38.5,38.9,38.39,38.78,42274002.0,1637781202.0,5522009473.999999,0.007655546807560585
2026-03-17,38.9,39.2,38.83,38.94,43806523.0,1710460040.0,5522009473.999999,0.007933076392979764
2026-03-18,38.94,39.05,38.71,39.02,35354959.0,1374608874.0,5522009473.999999,0.006402553122457755
2026-03-19,38.8,38.98,38.44,38.56,31205238.0,1207171579.0,5522009473.999999,0.005651065639587855
2026-03-20,38.55,38.77,38.13,38.22,44759999.0,1717253687.0,5522009473.999999,0.008105744695069679
2026-03-23,37.72,37.75,36.83,36.94,55367938.0,2058913575.0,5522009473.999999,0.010026773452797596
2026-03-24,37.15,37.69,37.02,37.6,33340047.0,1245504740.0,5522009473.999999,0.006037665664461337
2026-03-25,37.68,38.15,37.55,38.13,26114192.0,990516783.0,5522009473.999999,0.0047291103216966345
2026-03-26,38.16,38.35,37.9,37.94,19284413.0,734511604.0,5522009473.999999,0.003492281766411182
2026-03-27,37.61,38.01,37.48,37.88,19194682.0,726440920.0,5522009473.999999,0.0034760320659312227
2026-03-30,37.51,37.76,37.4,37.65,21303166.0,800867964.0,5522009473.999999,0.003857864804525325
2026-03-31,37.65,38.37,37.65,37.82,30643446.0,1165908094.0,5522009473.999999,0.005549328762343229
2026-04-01,38.07,38.13,37.83,38.02,19276933.0,732243270.0,5522009473.999999,0.0034909271870619037
2026-04-02,38.0,38.01,37.7,37.85,19646235.0,743233958.0,5522009473.999999,0.0035578053772821186
2026-04-03,37.81,37.91,37.38,37.47,17213519.0,646629952.0,5522009473.999999,0.003117256332327691
2026-04-07,37.48,37.51,37.07,37.33,20834069.0,775656492.0,5522009473.999999,0.0037729143888824853
2026-04-08,37.64,37.86,37.6,37.8,28502074.0,1075869149.0,5522009473.999999,0.005161540220856203
2026-04-09,37.6,37.78,37.21,37.32,25475196.0,952135812.0,5522009473.999999,0.004613392302195099
2026-04-10,37.29,37.44,37.15,37.34,17131185.0,639939705.0,5522009473.999999,0.0031023461804368505
2026-04-13,37.28,37.28,37.04,37.16,18407516.0,683305358.0,5522009473.999999,0.0033334814231432454
2026-04-14,37.2,37.35,37.1,37.28,20105900.0,747700876.0,5522009473.999999,0.0036410477190716973
2026-04-15,37.33,37.46,37.21,37.39,22335168.0,834462048.0,5522009473.999999,0.00404475365447372
2026-04-16,37.4,37.52,37.23,37.32,21937531.0,818475411.0,5522009473.999999,0.003972744180047382
2026-04-17,37.25,37.25,36.93,36.95,38950350.0,1440862486.0,5522009473.999999,0.0070536550477493815
2026-04-20,36.93,37.01,36.8,36.94,26978643.0,995994349.0,5522009473.999999,0.0048856567753146896
2026-04-21,36.98,37.2,36.88,36.91,27651661.0,1023172301.0,5522009473.999999,0.005007535957733492
2026-04-22,36.91,36.95,36.61,36.94,22773863.0,838683088.0,5522009473.999999,0.004124198465654426
2026-04-23,36.95,37.08,36.78,36.96,22508945.0,830889313.0,5522009473.999999,0.0040762235389094886
2026-04-24,36.81,37.16,36.71,37.11,30838324.0,1141101913.0,5522009473.999999,0.005584619900635832
2026-04-27,37.01,37.85,36.98,37.51,45172356.0,1694388405.0,5522009473.999999,0.008180419865755559
2026-04-28,37.41,38.47,37.36,38.44,72504286.0,2755183336.0,5522009473.999999,0.01313005461895374
2026-04-29,39.99,40.88,39.6,40.47,200704092.0,8098172738.0,5522009473.999999,0.03634620566027664
2026-04-30,40.49,40.86,40.05,40.05,76438186.0,3084996599.0,5522009473.999999,0.013842458322446552
2026-05-06,40.0,40.15,39.51,39.95,61780035.0,2456659973.0,5522009473.999999,0.011187962514531536
2026-05-07,39.9,40.27,39.75,39.89,43750765.0,1747721640.0,5522009473.999999,0.007922978981835771
2026-05-08,39.85,40.19,39.77,39.91,38775561.0,1550905021.0,5522009473.999999,0.007022001896695769
2026-05-11,39.85,40.7,39.6,40.46,67935385.0,2746551242.0,5522009473.999999,0.012302656364475483
2026-05-12,40.45,40.85,40.22,40.34,46472460.0,1882458841.0,5522009473.999999,0.008415860244139815
2026-05-13,40.29,40.56,40.08,40.3,33782010.0,1360917808.0,5522009473.999999,0.006117702289186621
2026-05-14,40.25,40.59,40.12,40.22,37300235.0,1505627121.0,5522009473.999999,0.006754829953774181
2026-05-15,40.09,40.68,39.92,40.28,48979573.0,1981438233.0,5522009473.999999,0.00886988210190818
2026-05-18,40.24,40.6,39.61,39.71,40209061.0,1607481150.0,5522009473.999999,0.007281599423058145
2026-05-19,39.7,39.9,39.45,39.56,40094590.0,1587822667.0,5522009473.999999,0.007260869469489796
2026-05-20,39.56,39.72,39.16,39.51,34267226.0,1353385816.0,5522009473.999999,0.006205571750889757
2026-05-21,39.51,39.6,38.82,38.86,36224013.0,1420574383.0,5522009473.999999,0.006559933149437405
2026-05-22,38.9,38.99,38.42,38.74,38669956.0,1495945911.0,5522009473.999999,0.007002877518062007
2026-05-25,38.74,39.12,38.4,38.63,32513283.0,1261335417.0,5522009473.999999,0.005887944081422995
2026-05-26,38.6,39.0,38.47,38.88,33683354.0,1302961286.0,5522009473.999999,0.006099836329255817
2026-05-27,38.8,39.08,38.24,38.61,38481974.0,1483103981.0,5522009473.999999,0.00696883520051708
2026-05-28,38.4,38.49,37.8,37.88,37692867.0,1432603892.0,5522009473.999999,0.006825933055253575
2026-05-29,38.0,39.38,38.0,39.17,69477230.0,2713373141.0,5522009473.999999,0.012581874465650367
2026-06-01,38.9,39.29,38.63,39.09,48647735.0,1898417139.0,5522009473.999999,0.008809788398418096
