date,open,high,low,close,volume,amount,outstanding_share,turnover
2015-01-05,7.53,8.22,7.44,8.22,372688928.0,4228175360.0,161922077818.0,0.002301656037411411
2015-01-06,8.36,8.52,7.95,8.08,389234912.0,4626943488.0,161922077818.0,0.002403840892145042
2015-01-07,7.95,8.58,7.9,8.56,329258336.0,3900463872.0,161922077818.0,0.002033436949654793
2015-01-08,8.43,9.08,8.35,8.44,425734784.0,5362076672.0,161922077818.0,0.002629257169479537
2015-01-09,8.35,8.78,8.18,8.34,297197472.0,3640000000.0,161922077818.0,0.0018354351426619487
2015-01-12,8.17,8.26,7.99,8.03,195602400.0,2295823360.0,161922077818.0,0.0012080032731537486
2015-01-13,8.04,8.18,7.97,8.04,133755440.0,1560033152.0,161922077818.0,0.000826048194307022
2015-01-14,8.04,8.11,7.71,7.82,160847520.0,1839785344.0,161922077818.0,0.0009933637349984613
2015-01-15,7.86,8.56,7.75,8.49,249404976.0,2920515840.0,161922077818.0,0.0015402777642239162
2015-01-16,8.36,8.91,8.33,8.71,327446112.0,4086420736.0,161922077818.0,0.0020222449984124377
2015-01-19,8.29,8.53,7.84,7.91,343042272.0,4045702912.0,161922077818.0,0.0021185639205147716
2015-01-20,8.02,8.32,7.9,8.17,247500976.0,2918343680.0,161922077818.0,0.001528519021835864
2015-01-21,8.13,8.91,8.05,8.77,351314976.0,4311178752.0,161922077818.0,0.0021696545692482844
2015-01-22,8.71,8.86,8.56,8.73,249139328.0,3141047808.0,161922077818.0,0.0015386371726283797
2015-01-23,8.74,9.16,8.68,8.86,311384736.0,4005765120.0,161922077818.0,0.001923052990648969
2015-01-26,8.76,9.12,8.67,9.05,232707552.0,2977062400.0,161922077818.0,0.0014371576448121094
2015-01-27,9.03,9.13,8.58,8.71,252416672.0,3219060992.0,161922077818.0,0.001558877426731861
2015-01-28,8.6,8.67,8.43,8.47,167160592.0,2066608128.0,161922077818.0,0.0010323520686776764
2015-01-29,8.29,8.38,8.09,8.28,182113568.0,2176840192.0,161922077818.0,0.0011246988085509575
2015-01-30,8.32,8.37,8.02,8.04,141374048.0,1672654848.0,161922077818.0,0.0008730992703719135
2015-02-02,7.94,8.0,7.75,7.75,134274320.0,1528791296.0,161922077818.0,0.0008292526986401693
2015-02-03,7.89,8.13,7.75,8.08,168884640.0,1936931456.0,161922077818.0,0.0010429994616906158
2015-02-04,8.15,8.24,7.87,7.88,161537920.0,1889106432.0,161922077818.0,0.0009976275142761458
2015-02-05,8.04,8.04,7.7,7.71,148438560.0,1689535360.0,161922077818.0,0.0009167283547759594
2015-02-06,7.68,7.68,7.45,7.53,129164864.0,1415282944.0,161922077818.0,0.0007976976687835057
2015-02-09,7.46,7.72,7.39,7.62,110660464.0,1213012864.0,161922077818.0,0.0006834180087806314
2015-02-10,7.59,7.76,7.55,7.76,87253880.0,970756672.0,161922077818.0,0.0005388633914275306
2015-02-11,7.77,7.79,7.68,7.71,59322744.0,662547904.0,161922077818.0,0.00036636600023548743
2015-02-12,7.71,7.79,7.54,7.73,78547504.0,871216256.0,161922077818.0,0.00048509446678597585
2015-02-13,7.73,7.9,7.68,7.73,117198104.0,1321020928.0,161922077818.0,0.0007237932317773884
2015-02-16,7.73,7.73,7.59,7.65,102752360.0,1136054272.0,161922077818.0,0.0006345790604014691
2015-02-17,7.66,7.72,7.64,7.66,72968928.0,810469312.0,161922077818.0,0.00045064224090563416
2015-02-25,7.81,7.99,7.71,7.76,199745232.0,2269546752.0,161922077818.0,0.0012335886167698091
2015-02-26,7.71,7.84,7.53,7.84,165277600.0,1836995840.0,161922077818.0,0.0010207230677077377
2015-02-27,7.8,8.02,7.73,7.89,196104832.0,2237716736.0,161922077818.0,0.001211106197762737
2015-03-02,7.91,7.92,7.76,7.82,146734544.0,1657644928.0,161922077818.0,0.0009062046755904976
2015-03-03,7.77,7.78,7.54,7.55,192965280.0,2130766080.0,161922077818.0,0.0011917169208814902
2015-03-04,7.55,7.67,7.44,7.55,113158536.0,1235480320.0,161922077818.0,0.0006988456270131977
2015-03-05,7.48,7.51,7.37,7.4,109298752.0,1174668032.0,161922077818.0,0.0006750083340880267
2015-03-06,7.37,7.5,7.37,7.44,68837344.0,740680704.0,161922077818.0,0.00042512636280132843
2015-03-09,7.39,7.56,7.27,7.53,119690552.0,1282135296.0,161922077818.0,0.0007391861172540774
2015-03-10,7.48,7.49,7.4,7.44,72511936.0,781556672.0,161922077818.0,0.00044781994510657917
2015-03-11,7.44,7.52,7.4,7.43,78045512.0,843193984.0,161922077818.0,0.00048199425953342174
2015-03-12,7.46,7.7,7.4,7.62,169043744.0,1852523776.0,161922077818.0,0.0010439820577772274
2015-03-13,7.66,7.73,7.6,7.64,112534240.0,1247388800.0,161922077818.0,0.0006949900934848934
2015-03-16,7.66,7.75,7.62,7.74,149504400.0,1667697408.0,161922077818.0,0.0009233107801892374
2015-03-17,7.71,7.94,7.69,7.93,259456096.0,2926487040.0,161922077818.0,0.0016023515724126762
2015-03-18,7.93,8.09,7.83,8.05,256208032.0,2955791360.0,161922077818.0,0.0015822921460282716
2015-03-19,8.02,8.2,7.97,8.04,222508592.0,2594325248.0,161922077818.0,0.0013741708048614536
2015-03-20,8.02,8.19,7.91,8.07,236236352.0,2745939968.0,161922077818.0,0.0014589508434145037
2015-03-23,8.05,8.2,8.03,8.15,238049360.0,2793745664.0,161922077818.0,0.0014701476364919605
2015-03-24,8.12,8.18,7.91,8.01,210254496.0,2446706176.0,161922077818.0,0.0012984918352908336
2015-03-25,7.95,7.98,7.82,7.83,163900560.0,1871605504.0,161922077818.0,0.0010122187301982613
2015-03-26,7.81,8.29,7.77,8.29,388691456.0,4542669824.0,161922077818.0,0.0024004846111034235
2015-03-27,8.33,8.36,8.05,8.09,241169168.0,2844519424.0,161922077818.0,0.001489414978179032
2015-03-30,8.06,8.24,8.02,8.21,239974192.0,2832984064.0,161922077818.0,0.0014820350333555525
2015-03-31,8.23,8.41,8.08,8.11,276463200.0,3302312960.0,161922077818.0,0.001707384216689363
2015-04-01,8.09,8.22,8.04,8.2,175679728.0,2065022080.0,161922077818.0,0.0010849646346402717
2015-04-02,8.28,8.35,8.13,8.23,221555824.0,2641012736.0,161922077818.0,0.001368286690645288
2015-04-03,8.15,8.22,8.09,8.18,174613920.0,2059478016.0,161922077818.0,0.001078382406852916
2015-04-07,8.24,8.49,8.2,8.48,358964288.0,4326770176.0,161922077818.0,0.0022168952673858036
2015-04-08,8.48,8.77,8.26,8.64,474708128.0,5847672832.0,161922077818.0,0.002931707240896271
2015-04-09,8.53,8.78,8.44,8.56,323054016.0,4023491328.0,161922077818.0,0.001995120247673155
2015-04-10,8.53,8.64,8.45,8.61,248162048.0,3071731456.0,161922077818.0,0.001532601676955588
2015-04-13,8.62,8.8,8.59,8.77,273635776.0,3450355712.0,161922077818.0,0.0016899225830560667
2015-04-14,8.71,8.76,8.57,8.64,232794800.0,2916436480.0,161922077818.0,0.0014376964718897738
2015-04-15,8.64,8.8,8.47,8.62,293677216.0,3687939328.0,161922077818.0,0.001813694710180859
2015-04-16,8.66,9.16,8.58,8.99,455575968.0,5858173952.0,161922077818.0,0.0028135506543589825
2015-04-17,9.11,9.42,8.95,9.25,560664960.0,7434599424.0,161922077818.0,0.003462560310214065
2015-04-20,9.12,9.29,8.83,8.85,430602880.0,5631490560.0,161922077818.0,0.002659321605815833
2015-04-21,8.87,8.98,8.78,8.98,240213568.0,3088745472.0,161922077818.0,0.001483513374068726
2015-04-22,8.96,9.16,8.91,9.14,317706272.0,4156108032.0,161922077818.0,0.0019620935963846823
2015-04-23,9.12,9.42,9.04,9.22,415148768.0,5507290624.0,161922077818.0,0.0025638799451834244
2015-04-24,9.09,9.61,9.05,9.2,513249952.0,6916770304.0,161922077818.0,0.003169734225970665
2015-04-27,9.4,10.12,9.27,10.12,629974528.0,8970314752.0,161922077818.0,0.0038906030387535523
2015-04-28,9.99,10.61,9.71,9.9,850168256.0,12561772544.0,161922077818.0,0.005250477683195166
2015-04-29,9.74,9.74,9.33,9.47,370461152.0,5074129408.0,161922077818.0,0.0022878977159396224
2015-04-30,9.47,9.56,9.23,9.25,255161152.0,3456441088.0,161922077818.0,0.0015758268139740676
2015-05-04,9.24,9.4,9.07,9.33,220610816.0,2947550720.0,161922077818.0,0.0013624505007153254
2015-05-05,9.34,9.66,8.98,8.99,338553056.0,4589916160.0,161922077818.0,0.0020908393751007366
2015-05-06,8.98,9.13,8.64,8.71,247620432.0,3199053056.0,161922077818.0,0.0015292567594045127
2015-05-07,8.71,8.71,8.36,8.41,190776496.0,2352860416.0,161922077818.0,0.0011781994065962536
2015-05-08,8.5,8.6,8.37,8.58,172212000.0,2113747328.0,161922077818.0,0.0010635486051109463
2015-05-11,8.6,8.76,8.5,8.75,205843392.0,2569743360.0,161922077818.0,0.0012712496947535929
2015-05-12,8.78,8.83,8.64,8.77,193729536.0,2450888448.0,161922077818.0,0.0011964368207882776
2015-05-13,8.77,8.77,8.5,8.59,185725376.0,2324667392.0,161922077818.0,0.001147004648796286
2015-05-14,8.54,8.77,8.44,8.62,207588432.0,2588255232.0,161922077818.0,0.0012820267303716845
2015-05-15,8.58,8.6,8.35,8.37,159422192.0,1949557888.0,161922077818.0,0.00098456117997195
2015-05-18,8.29,8.32,8.12,8.15,139756352.0,1662652544.0,161922077818.0,0.0008631086871123639
2015-05-19,8.13,8.42,8.12,8.42,150925600.0,1817817216.0,161922077818.0,0.0009320878414717478
2015-05-20,8.42,8.59,8.37,8.41,176444752.0,2166183936.0,161922077818.0,0.0010896892775691988
2015-05-21,8.41,8.46,8.34,8.44,132553472.0,1611003264.0,161922077818.0,0.0008186250682194788
2015-05-22,8.49,8.8,8.48,8.73,252557664.0,3170165760.0,161922077818.0,0.0015597481665463443
2015-05-25,8.71,8.98,8.67,8.97,246929008.0,3169645056.0,161922077818.0,0.0015249866560973085
2015-05-26,9.03,9.05,8.81,9.02,264892992.0,3426450432.0,161922077818.0,0.001635928809521201
2015-05-27,9.11,9.39,9.11,9.23,325406688.0,4348860416.0,161922077818.0,0.002009649903120415
2015-05-28,9.14,9.15,8.36,8.43,347162592.0,4449343488.0,161922077818.0,0.0021440102342943613
2015-05-29,8.41,8.49,8.09,8.24,234515920.0,2804182272.0,161922077818.0,0.0014483257821308055
2015-06-01,8.24,8.6,8.18,8.57,206188272.0,2506650880.0,161922077818.0,0.00127337960813321
2015-06-02,8.53,8.57,8.4,8.55,186221312.0,2288692480.0,161922077818.0,0.0011500674553430095
2015-06-03,8.55,8.68,8.44,8.53,168860640.0,2092947328.0,161922077818.0,0.0010428512422487495
2015-06-04,8.53,8.73,8.16,8.71,259534144.0,3198002688.0,161922077818.0,0.001602833582037625
2015-06-05,8.75,8.91,8.64,8.86,327034144.0,4163192832.0,161922077818.0,0.0020197007622863236
2015-06-08,8.82,9.29,8.78,9.21,428162976.0,5602758656.0,161922077818.0,0.0026442532221038696
2015-06-09,9.13,9.18,8.94,9.11,327958368.0,4305123840.0,161922077818.0,0.00202540859417963
2015-06-10,9.04,9.05,8.91,8.97,216996544.0,2822162432.0,161922077818.0,0.001340129443273965
2015-06-11,8.96,8.97,8.78,8.92,182365792.0,2342716160.0,161922077818.0,0.0011262564960720098
2015-06-12,8.98,9.04,8.9,8.96,213647184.0,2774774016.0,161922077818.0,0.001319444432031924
2015-06-15,8.97,9.02,8.69,8.71,223867040.0,2865595136.0,161922077818.0,0.0013825603217099646
2015-06-16,8.57,8.64,8.31,8.35,192269040.0,2357332224.0,161922077818.0,0.0011874170748729517
2015-06-17,8.4,8.52,8.25,8.49,173834080.0,2109224320.0,161922077818.0,0.001073566263121877
2015-06-18,8.42,8.5,8.13,8.15,163538816.0,1976536064.0,161922077818.0,0.0010099846679574925
2015-06-19,8.09,8.26,7.67,7.72,197947504.0,2311603712.0,161922077818.0,0.0012224861900703404
2015-06-23,7.74,8.0,7.53,7.94,164963024.0,1854678144.0,161922077818.0,0.0010187803060767169
2015-06-24,7.98,8.2,7.91,8.17,193141552.0,2250416128.0,161922077818.0,0.0011928055432755167
2015-06-25,8.14,8.17,7.78,7.82,164463200.0,1913386496.0,161922077818.0,0.0010156934879804113
2015-06-26,7.71,7.86,7.1,7.28,245942592.0,2689291776.0,161922077818.0,0.0015188947382236463
2015-06-29,7.43,7.6,6.78,7.57,276563456.0,2924989440.0,161922077818.0,0.0017080033787045187
2015-06-30,7.44,7.84,7.2,7.83,251346368.0,2763524352.0,161922077818.0,0.0015522674325023958
2015-07-01,7.69,7.77,7.41,7.42,184177472.0,2039441536.0,161922077818.0,0.0011374450876736834
2015-07-02,7.46,8.15,7.05,8.07,452276256.0,5051041792.0,161922077818.0,0.0027931722597356818
2015-07-03,7.82,8.4,7.75,8.17,462361856.0,5462659584.0,161922077818.0,0.0028554590098559232
2015-07-06,8.5,8.99,8.26,8.99,769667648.0,9759080448.0,161922077818.0,0.004753321217043079
2015-07-07,8.98,9.85,8.67,9.37,731780480.0,9961932800.0,161922077818.0,0.00451933726309095
2015-07-08,8.57,9.26,8.43,8.52,873562048.0,11271601152.0,161922077818.0,0.005394953299585752
2015-07-09,8.0,9.17,7.67,8.96,437065440.0,5327882240.0,161922077818.0,0.0026992331489919517
2015-07-10,8.63,9.6,8.43,9.12,492499616.0,6472733696.0,161922077818.0,0.00304158409178499
2015-07-13,8.83,9.03,8.57,8.73,331969952.0,4179958528.0,161922077818.0,0.0020501833750746047
2015-07-14,8.52,8.73,8.23,8.56,270624128.0,3284868864.0,161922077818.0,0.0016713232169870056
2015-07-15,8.43,9.42,8.36,9.42,549939904.0,7133551616.0,161922077818.0,0.0033963244012847403
2015-07-16,9.42,9.82,8.83,9.33,581416896.0,7823483904.0,161922077818.0,0.003590720325695864
2015-07-17,9.09,9.33,8.98,9.17,380505792.0,4993555968.0,161922077818.0,0.0023499315048790786
2015-07-20,8.98,9.79,8.91,9.56,559375488.0,7535305216.0,161922077818.0,0.003454596776041477
2015-07-21,9.38,9.65,9.2,9.39,377457600.0,5088158720.0,161922077818.0,0.002331106450006536
2015-07-22,9.23,9.75,9.21,9.49,442769856.0,6034143232.0,161922077818.0,0.0027344625388124786
2015-07-23,9.37,9.58,9.28,9.51,358423136.0,4863671808.0,161922077818.0,0.0022135532154106043
2015-07-24,9.43,9.83,9.42,9.53,473956224.0,6553140736.0,161922077818.0,0.002927063624595564
2015-07-27,9.35,9.51,8.57,8.62,422481792.0,5556934656.0,161922077818.0,0.002609167308703069
2015-07-28,8.24,8.96,8.02,8.25,400822112.0,4892270592.0,161922077818.0,0.002475401238678045
2015-07-29,8.11,8.27,7.88,8.11,293794208.0,3399818496.0,161922077818.0,0.001814417230553476
2015-07-30,8.08,8.25,7.93,8.16,274002016.0,3173922816.0,161922077818.0,0.001692184411738945
2015-07-31,8.01,8.08,7.62,7.72,226907968.0,2551181568.0,161922077818.0,0.0014013405154981026
2015-08-03,7.58,7.63,7.33,7.36,183054960.0,1957197440.0,161922077818.0,0.0011305126667516786
2015-08-04,7.38,7.58,7.31,7.54,158953088.0,1700960000.0,161922077818.0,0.0009816640827612331
2015-08-05,7.52,7.58,7.39,7.4,125702528.0,1351756544.0,161922077818.0,0.0007763149392221196
2015-08-06,7.31,7.42,7.26,7.3,91217648.0,959680256.0,161922077818.0,0.0005633428697878273
2015-08-07,7.36,7.49,7.32,7.43,101491312.0,1081230208.0,161922077818.0,0.0006267910674545319
2015-08-10,7.45,7.75,7.42,7.71,192292112.0,2093907712.0,161922077818.0,0.0011875595631630656
2015-08-11,7.7,7.87,7.58,7.77,181876816.0,2007929344.0,161922077818.0,0.0011232366731634279
2015-08-12,7.65,7.73,7.63,7.65,103650984.0,1142313472.0,161922077818.0,0.0006401287915567848
2015-08-13,7.65,7.7,7.52,7.67,100427096.0,1098476416.0,161922077818.0,0.0006202186715568201
2015-08-14,7.66,7.77,7.59,7.65,117528968.0,1293098880.0,161922077818.0,0.0007258365850029559
2015-08-17,7.6,7.63,7.49,7.53,93895952.0,1015163136.0,161922077818.0,0.0005798835666223282
2015-08-18,7.54,7.94,7.52,7.75,316632704.0,3522443264.0,161922077818.0,0.001955463444311123
2015-08-19,7.58,7.7,7.31,7.51,226135424.0,2411955968.0,161922077818.0,0.0013965694304773908
2015-08-20,7.38,7.38,7.18,7.19,141581056.0,1478578560.0,161922077818.0,0.0008743777124644901
2015-08-21,7.07,7.32,6.94,6.96,128401296.0,1309854208.0,161922077818.0,0.0007929820178340519
2015-08-24,6.83,7.31,6.27,6.62,249613568.0,2391347456.0,161922077818.0,0.0015415659887996558
2015-08-25,6.32,6.7,5.96,5.96,214238864.0,1946299648.0,161922077818.0,0.001323098535338732
2015-08-26,5.99,6.12,5.59,5.98,188708464.0,1595395072.0,161922077818.0,0.0011654276337295265
2015-08-27,5.96,6.13,5.85,6.11,144269296.0,1242498048.0,161922077818.0,0.0008909797721479236
2015-08-28,6.23,6.39,6.16,6.37,165667984.0,1492277760.0,161922077818.0,0.0010231340051491335
2015-08-31,6.27,6.29,6.07,6.23,109078200.0,969427200.0,161922077818.0,0.0006736462468237569
2015-09-01,6.3,6.52,6.27,6.41,193013376.0,1771590784.0,161922077818.0,0.0011920139526429901
2015-09-02,6.13,6.25,6.03,6.09,152899408.0,1347811328.0,161922077818.0,0.0009442777048097082
2015-09-07,6.09,6.21,5.98,6.01,97520160.0,857284288.0,161922077818.0,0.0006022659869126211
2015-09-08,5.98,6.11,5.85,6.06,85961824.0,738536896.0,161922077818.0,0.0005308838989617023
2015-09-09,6.08,6.34,6.04,6.28,148808064.0,1321330176.0,161922077818.0,0.0009190103413029314
2015-09-10,6.16,6.25,6.14,6.16,96554128.0,856357056.0,161922077818.0,0.0005962999567515839
2015-09-11,6.18,6.21,6.11,6.14,52854604.0,467688640.0,161922077818.0,0.0003264199960391346
2015-09-14,6.18,6.19,5.89,5.92,79215560.0,682785088.0,161922077818.0,0.0004892202537632829
2015-09-15,5.86,6.07,5.82,5.91,88361000.0,751667200.0,161922077818.0,0.0005457007542808186
2015-09-16,5.89,6.21,5.78,6.1,105103888.0,899039424.0,161922077818.0,0.0006491016507220004
2015-09-17,6.03,6.16,5.96,5.97,90031272.0,782605888.0,161922077818.0,0.0005560160369310164
2015-09-18,6.0,6.02,5.89,5.91,49351072.0,417763296.0,161922077818.0,0.0003047828478057852
2015-09-21,5.88,5.96,5.82,5.94,50398140.0,424029920.0,161922077818.0,0.00031124934091228363
2015-09-22,5.97,6.05,5.95,6.0,66349084.0,568619520.0,161922077818.0,0.00040975934161724506
2015-09-23,5.94,5.96,5.86,5.87,52070080.0,438115360.0,161922077818.0,0.00032157492481369116
2015-09-24,5.87,5.91,5.85,5.89,39336116.0,329520640.0,161922077818.0,0.00024293238161267726
2015-09-25,5.88,6.02,5.86,5.98,94244680.0,800631680.0,161922077818.0,0.0005820372445191247
2015-09-28,5.96,5.97,5.85,5.91,49029440.0,411678816.0,161922077818.0,0.00030279650965885557
2015-09-29,5.84,5.87,5.77,5.79,47641432.0,394779936.0,161922077818.0,0.00029422443586444615
2015-09-30,5.8,5.83,5.77,5.77,28206902.0,233166416.0,161922077818.0,0.00017420046963394632
2015-10-08,6.01,6.03,5.91,5.92,64544240.0,547170880.0,161922077818.0,0.0003986129678532631
2015-10-09,5.94,6.0,5.89,5.98,59280184.0,503341824.0,161922077818.0,0.000366103157758578
2015-10-12,5.99,6.16,5.96,6.15,100424488.0,871263808.0,161922077818.0,0.0006202025650441373
2015-10-13,6.08,6.1,6.05,6.09,62600468.0,542252992.0,161922077818.0,0.0003866086011467983
2015-10-14,6.06,6.17,6.05,6.12,86823256.0,754567168.0,161922077818.0,0.0005362039393886059
2015-10-15,6.1,6.19,6.08,6.19,93173896.0,815422464.0,161922077818.0,0.0005754242859008222
2015-10-16,6.21,6.34,6.19,6.28,132851704.0,1186105472.0,161922077818.0,0.0008204668924105888
2015-10-19,6.29,6.37,6.21,6.24,107808752.0,965922368.0,161922077818.0,0.0006658063770721666
2015-10-20,6.21,6.31,6.15,6.29,91236264.0,808730304.0,161922077818.0,0.0005634578386682347
2015-10-21,6.31,6.38,6.05,6.26,185126176.0,1652280704.0,161922077818.0,0.0011433041033976931
2015-10-22,6.12,6.2,6.12,6.19,84805704.0,743718144.0,161922077818.0,0.0005237439214146041
2015-10-23,6.17,6.21,6.15,6.19,75521664.0,664558784.0,161922077818.0,0.0004664074536202911
2015-10-26,6.22,6.32,6.19,6.24,96119184.0,856769216.0,161922077818.0,0.0005936138252131233
2015-10-27,6.2,6.21,6.09,6.18,64998352.0,569253568.0,161922077818.0,0.00040141747731929417
2015-10-28,6.15,6.27,6.14,6.17,83441688.0,738444672.0,161922077818.0,0.0005153200176555802
2015-10-29,6.18,6.23,6.16,6.19,55365812.0,488793440.0,161922077818.0,0.00034192873971288233
2015-10-30,6.15,6.26,6.08,6.14,69901408.0,613754048.0,161922077818.0,0.00043169781997590845
2015-11-02,6.08,6.12,5.98,5.98,72050976.0,621687872.0,161922077818.0,0.0004449731436931356
2015-11-03,5.98,6.01,5.91,5.94,37982304.0,323162688.0,161922077818.0,0.00023457149581968686
2015-11-04,5.95,6.14,5.95,6.13,82773448.0,714584512.0,161922077818.0,0.0005111930943292189
2015-11-05,6.1,6.46,6.08,6.3,199671792.0,1792031616.0,161922077818.0,0.0012331350652776984
2015-11-06,6.27,6.43,6.21,6.38,142950768.0,1287865472.0,161922077818.0,0.0008828367936377169
2015-11-09,6.36,6.64,6.36,6.48,157276080.0,1458270720.0,161922077818.0,0.0009713071998543516
2015-11-10,6.44,6.55,6.37,6.5,125169088.0,1151787520.0,161922077818.0,0.0007730205150942402
2015-11-11,6.47,6.55,6.41,6.45,86488936.0,796433024.0,161922077818.0,0.0005341392425634097
2015-11-12,6.46,6.46,6.34,6.39,70945800.0,646790592.0,161922077818.0,0.0004381477866146388
2015-11-13,6.34,6.38,6.27,6.27,65213896.0,587560896.0,161922077818.0,0.00040274863612669453
2015-11-16,6.21,6.31,6.19,6.3,52982400.0,471494656.0,161922077818.0,0.0003272092398638318
2015-11-17,6.31,6.41,6.29,6.34,84135784.0,761883328.0,161922077818.0,0.0005196066227273121
2015-11-18,6.34,6.43,6.26,6.35,88825216.0,803244672.0,161922077818.0,0.0005485676641318753
2015-11-19,6.34,6.35,6.27,6.34,77119096.0,693432640.0,161922077818.0,0.00047627289026442503
2015-11-20,6.33,6.34,6.28,6.31,50086988.0,450129344.0,161922077818.0,0.0003093277252549689
2015-11-23,6.29,6.34,6.25,6.26,59979004.0,537200128.0,161922077818.0,0.00037041893735711724
2015-11-24,6.25,6.26,6.19,6.25,46292552.0,410532512.0,161922077818.0,0.0002858940091667593
2015-11-25,6.29,6.31,6.25,6.3,60161408.0,538801344.0,161922077818.0,0.00037154542981854066
2015-11-26,6.31,6.33,6.28,6.29,59862904.0,538023680.0,161922077818.0,0.00036970192580708947
2015-11-27,6.26,6.27,5.93,5.94,96005432.0,834945536.0,161922077818.0,0.0005929113144651581
2015-11-30,5.93,5.97,5.82,5.89,60963752.0,512598208.0,161922077818.0,0.0003765005539795697
2015-12-01,5.89,5.93,5.86,5.9,40660516.0,341173344.0,161922077818.0,0.0002511116244796606
2015-12-02,5.89,6.08,5.84,6.06,75711280.0,645804608.0,161922077818.0,0.00046757848602399537
2015-12-03,6.02,6.28,5.98,6.19,86051597.0,748470501.0,161922077818.0,0.0005314383199598128
2015-12-04,6.14,6.15,5.97,6.02,73344072.0,632804544.0,161922077818.0,0.0004529590590014448
2015-12-07,5.99,6.03,5.97,6.0,32494090.0,277688239.0,161922077818.0,0.0002006773284895916
2015-12-08,5.93,5.94,5.87,5.88,49953536.0,420085856.0,161922077818.0,0.0003085035510484719
2015-12-09,5.88,5.92,5.84,5.86,40797653.0,341389883.0,161922077818.0,0.0002519585565462942
2015-12-10,5.87,5.89,5.82,5.84,34599512.0,288903616.0,161922077818.0,0.00021368001489512607
2015-12-11,5.84,5.85,5.79,5.82,33883264.0,280978976.0,161922077818.0,0.00020925660327855168
2015-12-14,5.79,5.92,5.77,5.91,46332052.0,387141312.0,161922077818.0,0.00028613795366483075
2015-12-15,5.9,5.91,5.86,5.87,31128168.0,261052656.0,161922077818.0,0.00019224165363655957
2015-12-16,5.92,6.01,5.92,5.94,69301384.0,589127232.0,161922077818.0,0.0004279921857098115
2015-12-17,5.91,5.98,5.91,5.95,75080568.0,636179136.0,161922077818.0,0.00046368332849823214
2015-12-18,5.94,6.01,5.92,5.95,58596300.0,497296736.0,161922077818.0,0.0003618796200593602
2015-12-21,5.91,6.0,5.89,5.98,73620272.0,625573440.0,161922077818.0,0.0004546648177449217
2015-12-22,5.98,6.01,5.95,5.98,50951432.0,434024543.0,161922077818.0,0.0003146663672218268
2015-12-23,5.98,6.06,5.97,5.99,85984768.0,736281152.0,161922077818.0,0.0005310255967481264
2015-12-24,6.01,6.03,5.92,5.95,58327364.0,496475648.0,161922077818.0,0.0003602187224002882
2015-12-25,5.99,5.99,5.9,5.95,32067281.0,271977619.0,161922077818.0,0.00019804143716611357
2015-12-28,5.96,5.99,5.87,5.87,55537569.0,469978584.0,161922077818.0,0.0003429894783244079
2015-12-29,5.87,5.91,5.87,5.91,32048501.0,269030953.0,161922077818.0,0.00019792545545285327
2015-12-30,5.91,5.93,5.87,5.9,28609052.0,240514586.0,161922077818.0,0.0001766840716567169
2015-12-31,5.89,5.91,5.84,5.86,27095492.0,227142471.0,161922077818.0,0.00016733661255542473
2016-01-04,5.85,5.88,5.69,5.7,47720508.0,393258334.0,161922077818.0,0.000294712794222155
2016-01-05,5.64,5.76,5.6,5.66,63433603.0,513472143.0,161922077818.0,0.00039175388467593163
2016-01-06,5.68,5.84,5.65,5.83,75100836.0,615422688.0,161922077818.0,0.00046380849981688814
2016-01-07,5.73,5.75,5.4,5.49,20888300.0,168285166.0,161922077818.0,0.00012900217364724282
2016-01-08,5.58,5.66,5.43,5.61,74852367.0,595585454.0,161922077818.0,0.00046227400246267756
2016-01-11,5.54,5.59,5.4,5.4,55973597.0,438221765.0,161922077818.0,0.0003456823044409928
2016-01-12,5.37,5.5,5.33,5.44,47167537.0,364017184.0,161922077818.0,0.0002912977503476468
2016-01-13,5.47,5.48,5.32,5.34,43472024.0,335429744.0,161922077818.0,0.00026847496391975927
2016-01-14,5.26,5.37,5.21,5.35,47428219.0,357296216.0,161922077818.0,0.00029290767287033705
2016-01-15,5.35,5.35,5.12,5.15,52349872.0,390361465.0,161922077818.0,0.00032330286706696735
2016-01-18,5.01,5.15,4.98,5.1,38355700.0,278075275.0,161922077818.0,0.00023687751859948158
2016-01-19,5.1,5.22,5.09,5.21,42877859.0,316156404.0,161922077818.0,0.0002648055137249079
2016-01-20,5.17,5.3,5.1,5.23,46859232.0,345988109.0,161922077818.0,0.00028939371722162344
2016-01-21,5.15,5.24,5.07,5.09,33534429.0,246575009.0,161922077818.0,0.0002071022645700768
2016-01-22,5.14,5.16,5.04,5.14,28710425.0,209199729.0,161922077818.0,0.0001773101320517295
2016-01-25,5.24,5.29,5.16,5.21,35028851.0,260977455.0,161922077818.0,0.0002163315310181008
2016-01-26,5.14,5.15,4.94,4.97,48112114.0,345781828.0,161922077818.0,0.0002971312785034657
2016-01-27,5.02,5.2,4.9,5.11,74245609.0,531570258.0,161922077818.0,0.00045852678029151695
2016-01-28,5.04,5.35,4.98,5.22,113452648.0,842872641.0,161922077818.0,0.0007006620068667874
2016-01-29,5.19,5.25,5.15,5.23,75291201.0,558548690.0,161922077818.0,0.0004649841579023406
2016-02-01,5.19,5.19,5.04,5.09,47818737.0,347806109.0,161922077818.0,0.0002953194378702831
2016-02-02,5.08,5.16,5.03,5.14,43030580.0,312936927.0,161922077818.0,0.00026574868961579324
2016-02-03,5.06,5.09,4.99,5.07,37465786.0,268940801.0,161922077818.0,0.00023138157874994322
2016-02-04,5.11,5.16,5.08,5.09,36845307.0,268471037.0,161922077818.0,0.0002275496182887057
2016-02-05,5.11,5.12,5.07,5.07,26956101.0,195670328.0,161922077818.0,0.0001664757602128759
2016-02-15,5.0,5.07,4.97,5.04,21604074.0,154596295.0,161922077818.0,0.0001334226579298403
2016-02-16,5.06,5.16,5.04,5.16,44786697.0,327169245.0,161922077818.0,0.0002765941346821162
2016-02-17,5.12,5.29,5.11,5.28,75586618.0,559306480.0,161922077818.0,0.00046680859718808184
2016-02-18,5.29,5.29,5.21,5.21,66232641.0,495572674.0,161922077818.0,0.0004090402117643606
2016-02-19,5.21,5.24,5.18,5.21,30120694.0,223599672.0,161922077818.0,0.0001860196855542799
2016-02-22,5.23,5.3,5.21,5.28,42859967.0,321594251.0,161922077818.0,0.0002646950161309966
2016-02-23,5.31,5.32,5.23,5.25,39852146.0,299873823.0,161922077818.0,0.000246119284887103
2016-02-24,5.23,5.33,5.21,5.28,36077841.0,270323662.0,161922077818.0,0.0002228098940315687
2016-02-25,5.28,5.28,4.96,4.97,69248311.0,504115029.0,161922077818.0,0.0004276644169415546
2016-02-26,5.0,5.16,4.98,5.09,64139524.0,461973814.0,161922077818.0,0.00039611351870183297
2016-02-29,5.06,5.12,4.97,5.11,65407555.0,469664443.0,161922077818.0,0.00040394463733054315
2016-03-01,5.07,5.15,5.03,5.14,34079106.0,248002249.0,161922077818.0,0.00021046608627580006
2016-03-02,5.14,5.3,5.13,5.29,71146975.0,530923524.0,161922077818.0,0.0004393902052070319
2016-03-03,5.26,5.33,5.23,5.32,53766610.0,404789362.0,161922077818.0,0.0003320523718849108
2016-03-04,5.31,5.51,5.28,5.49,137470105.0,1061131543.0,161922077818.0,0.0008489892598495187
2016-03-07,5.44,5.51,5.42,5.46,49994015.0,389208578.0,161922077818.0,0.0003087535416646095
2016-03-08,5.49,5.51,5.39,5.49,53807243.0,417468965.0,161922077818.0,0.00033230331357580036
2016-03-09,5.4,5.49,5.25,5.47,73103662.0,558576678.0,161922077818.0,0.00045147433250065087
2016-03-10,5.4,5.42,5.33,5.4,32517986.0,249567964.0,161922077818.0,0.00020082490564720973
2016-03-11,5.33,5.41,5.3,5.4,29608982.0,226338826.0,161922077818.0,0.00018285944942776993
2016-03-14,5.42,5.48,5.36,5.44,39927692.0,308870573.0,161922077818.0,0.0002465858426352373
2016-03-15,5.46,5.49,5.4,5.47,39703220.0,308007399.0,161922077818.0,0.0002451995461954627
2016-03-16,5.44,5.57,5.42,5.54,82352375.0,647592877.0,161922077818.0,0.0005085926274523469
2016-03-17,5.54,5.55,5.49,5.53,37373364.0,293815056.0,161922077818.0,0.00023081079803093663
2016-03-18,5.56,5.57,5.49,5.53,72457901.0,570774031.0,161922077818.0,0.00044748623520902747
2016-03-21,5.53,5.54,5.49,5.51,88362793.0,693984596.0,161922077818.0,0.000545711827508288
2016-03-22,5.49,5.51,5.45,5.47,47955441.0,374506392.0,161922077818.0,0.000296163695811153
2016-03-23,5.47,5.48,5.43,5.46,31238573.0,242775444.0,161922077818.0,0.00019292349394819448
2016-03-24,5.43,5.43,5.35,5.35,42163774.0,323692537.0,161922077818.0,0.0002603954603855317
2016-03-25,5.35,5.37,5.3,5.35,33624486.0,255912380.0,161922077818.0,0.0002076584394982495
2016-03-28,5.35,5.39,5.31,5.32,38835537.0,296262670.0,161922077818.0,0.000239840900779763
2016-03-29,5.32,5.34,5.23,5.25,46606906.0,350163220.0,161922077818.0,0.000287835399767943
2016-03-30,5.27,5.44,5.25,5.38,79893974.0,611403559.0,161922077818.0,0.0004934100097813754
2016-03-31,5.37,5.39,5.33,5.34,46671864.0,356127828.0,161922077818.0,0.000288236568038974
2016-04-01,5.32,5.39,5.27,5.37,57441359.0,436366892.0,161922077818.0,0.00035474692379234375
2016-04-05,5.34,5.39,5.3,5.37,49314369.0,376268350.0,161922077818.0,0.00030455617704850123
2016-04-06,5.36,5.49,5.35,5.4,83998180.0,649029467.0,161922077818.0,0.0005187568065573722
2016-04-07,5.42,5.42,5.32,5.34,48421680.0,370358970.0,161922077818.0,0.00029904309932599706
2016-04-08,5.32,5.32,5.25,5.28,38597504.0,290920017.0,161922077818.0,0.00023837085417952392
2016-04-11,5.3,5.37,5.3,5.36,51481125.0,392612717.0,161922077818.0,0.0003179376505893449
2016-04-12,5.37,5.39,5.35,5.37,36059951.0,275864130.0,161922077818.0,0.0002226994087892776
2016-04-13,5.4,5.5,5.4,5.47,85861289.0,667927573.0,161922077818.0,0.0005302630138955348
2016-04-14,5.5,5.51,5.43,5.45,40295730.0,313662932.0,161922077818.0,0.0002488587754246354
2016-04-15,5.47,5.47,5.42,5.44,24313788.0,188413014.0,161922077818.0,0.0001501573369588836
2016-04-18,5.39,5.39,5.3,5.32,34382036.0,261319725.0,161922077818.0,0.00021233692442265546
2016-04-19,5.35,5.37,5.3,5.37,27505498.0,209199253.0,161922077818.0,0.00016986873174216618
2016-04-20,5.37,5.4,5.21,5.32,63591807.0,479044166.0,161922077818.0,0.0003927309225334733
2016-04-21,5.28,5.36,5.28,5.31,36131209.0,274244405.0,161922077818.0,0.0002231394846637985
2016-04-22,5.28,5.35,5.26,5.32,25101957.0,189714905.0,161922077818.0,0.00015502491901206046
2016-04-25,5.3,5.32,5.24,5.3,20461462.0,153967931.0,161922077818.0,0.00012636610322527253
2016-04-26,5.32,5.32,5.25,5.29,18084995.0,136311629.0,161922077818.0,0.00011168949437721203
2016-04-27,5.3,5.32,5.28,5.28,20805770.0,157227179.0,161922077818.0,0.0001284924840415254
2016-04-28,5.29,5.32,5.24,5.28,22256871.0,167361780.0,161922077818.0,0.00013745420822117084
2016-04-29,5.23,5.25,5.18,5.21,37414278.0,277998127.0,161922077818.0,0.00023106347512445803
2016-05-03,5.19,5.27,5.18,5.27,29245563.0,218308250.0,161922077818.0,0.00018061504270512103
2016-05-04,5.25,5.27,5.21,5.23,21305853.0,158994077.0,161922077818.0,0.0001315809016726411
2016-05-05,5.23,5.25,5.21,5.23,17745527.0,132121170.0,161922077818.0,0.0001095930044817355
2016-05-06,5.23,5.23,5.15,5.15,32726175.0,241868241.0,161922077818.0,0.00020211064137148817
2016-05-09,5.14,5.14,5.04,5.05,34754111.0,251194106.0,161922077818.0,0.00021463478895733743
2016-05-10,5.04,5.07,5.02,5.04,13713153.0,98602161.0,161922077818.0,8.468982849524417e-05
2016-05-11,5.06,5.09,5.04,5.07,14851902.0,107197250.0,161922077818.0,9.172252604548158e-05
2016-05-12,5.06,5.06,5.01,5.05,17221805.0,123489976.0,161922077818.0,0.00010635859687619167
2016-05-13,5.05,5.09,5.02,5.04,21040632.0,151349829.0,161922077818.0,0.00012994294714800792
2016-05-16,5.03,5.05,5.0,5.05,13220329.0,94745181.0,161922077818.0,8.164624106948291e-05
2016-05-17,5.06,5.09,5.05,5.08,17886829.0,129258512.0,161922077818.0,0.00011046565879734294
2016-05-18,5.06,5.07,4.99,5.05,28808330.0,206279071.0,161922077818.0,0.00017791477473739245
2016-05-19,5.04,5.07,5.02,5.04,16951884.0,122035714.0,161922077818.0,0.00010469161604419303
2016-05-20,5.03,5.06,5.02,5.06,8715582.0,62618539.0,161922077818.0,5.382577914913056e-05
2016-05-23,5.06,5.07,5.04,5.05,10559126.0,76128355.0,161922077818.0,6.521115676312177e-05
2016-05-24,5.04,5.07,5.02,5.07,14916983.0,107107750.0,161922077818.0,9.212445394115218e-05
2016-05-25,5.07,5.08,5.04,5.04,11116979.0,80176379.0,161922077818.0,6.865635094242958e-05
2016-05-26,5.06,5.09,5.02,5.07,14301584.0,103046616.0,161922077818.0,8.832386659510968e-05
2016-05-27,5.06,5.07,5.03,5.05,9075211.0,65305765.0,161922077818.0,5.604677955158477e-05
2016-05-30,5.07,5.08,5.03,5.07,13372905.0,96504858.0,161922077818.0,8.2588521467907e-05
2016-05-31,5.07,5.18,5.06,5.17,39531789.0,288934020.0,161922077818.0,0.0002441408208980225
2016-06-01,5.16,5.17,5.14,5.14,22588179.0,165820568.0,161922077818.0,0.00013950030350641285
2016-06-02,5.14,5.15,5.12,5.14,11668389.0,85421106.0,161922077818.0,7.20617543774064e-05
2016-06-03,5.15,5.18,5.12,5.16,24646842.0,180972987.0,161922077818.0,0.0001522142152085214
2016-06-06,5.16,5.16,5.14,5.15,10535149.0,77259073.0,161922077818.0,6.506307936488735e-05
2016-06-07,5.16,5.16,5.13,5.14,7962843.0,58366959.0,161922077818.0,4.9177006047008706e-05
2016-06-08,5.15,5.15,5.12,5.14,13098401.0,95632295.0,161922077818.0,8.089323689832198e-05
2016-06-13,5.11,5.2,5.05,5.06,24259258.0,176045971.0,161922077818.0,0.00014982057003534344
2016-06-14,5.06,5.08,5.05,5.06,12560103.0,90229500.0,161922077818.0,7.756881068508474e-05
2016-06-15,5.04,5.09,5.02,5.08,15492888.0,111458983.0,161922077818.0,9.568113384398369e-05
2016-06-16,5.05,5.08,5.03,5.05,18759101.0,134619719.0,161922077818.0,0.0001158526450054895
2016-06-17,5.05,5.1,5.04,5.07,18670906.0,134476042.0,161922077818.0,0.00011530796943568159
2016-06-20,5.07,5.08,5.05,5.08,10036464.0,72220073.0,161922077818.0,6.198329551626035e-05
2016-06-21,5.08,5.1,5.05,5.06,13018254.0,93934018.0,161922077818.0,8.039826424801987e-05
2016-06-22,5.06,5.08,5.05,5.08,10138443.0,73034124.0,161922077818.0,6.261309845218009e-05
2016-06-23,5.08,5.09,5.04,5.05,11776825.0,84731421.0,161922077818.0,7.273143451899821e-05
2016-06-24,5.06,5.08,4.98,5.01,29130368.0,207671423.0,161922077818.0,0.00017990362026321362
2016-06-27,4.98,5.04,4.98,5.03,15491090.0,110445297.0,161922077818.0,9.567002973746387e-05
2016-06-28,5.02,5.06,5.01,5.06,17433718.0,124874737.0,161922077818.0,0.0001076673313171997
2016-06-29,5.06,5.09,5.05,5.08,17209156.0,123959628.0,161922077818.0,0.0001062804790545181
2016-06-30,5.08,5.1,5.08,5.09,16572047.0,119769700.0,161922077818.0,0.00010234581487168747
2016-07-01,5.08,5.1,5.06,5.08,17463787.0,126064509.0,161922077818.0,0.00010785303175042783
2016-07-04,5.08,5.13,5.07,5.13,26733964.0,194249770.0,161922077818.0,0.00016510388428963286
2016-07-05,5.13,5.15,5.11,5.14,23300066.0,169841235.0,161922077818.0,0.00014389678241523811
2016-07-06,5.11,5.12,5.08,5.12,21980553.0,159345532.0,161922077818.0,0.00013574772073210478
2016-07-07,5.11,5.14,5.09,5.13,21218964.0,154217812.0,161922077818.0,0.00013104429171079476
2016-07-08,5.11,5.12,5.09,5.1,13207612.0,95762465.0,161922077818.0,8.156770329272405e-05
2016-07-11,5.1,5.15,5.09,5.12,25484576.0,185558194.0,161922077818.0,0.00015738790128820232
2016-07-12,5.12,5.2,5.1,5.19,49131342.0,359837590.0,161922077818.0,0.0003034258370573993
2016-07-13,5.19,5.24,5.17,5.22,37263556.0,275925353.0,161922077818.0,0.00023013264467791812
2016-07-14,5.2,5.21,5.17,5.19,19200859.0,141478295.0,161922077818.0,0.00011858085851381994
2016-07-15,5.19,5.22,5.18,5.2,17813548.0,131609726.0,161922077818.0,0.00011001308925903473
2016-07-18,5.19,5.21,5.17,5.2,18094111.0,133383455.0,161922077818.0,0.00011174579306188088
2016-07-19,5.18,5.19,5.15,5.17,14914925.0,109504843.0,161922077818.0,9.211174412401215e-05
2016-07-20,5.16,5.19,5.15,5.15,12113542.0,88876488.0,161922077818.0,7.481093476095082e-05
2016-07-21,5.15,5.19,5.15,5.17,11994291.0,87997935.0,161922077818.0,7.407446323336804e-05
2016-07-22,5.17,5.17,5.12,5.13,15962080.0,116458773.0,161922077818.0,9.857877452598735e-05
2016-07-25,5.13,5.15,5.11,5.12,10728130.0,78139857.0,161922077818.0,6.625489336950327e-05
2016-07-26,5.12,5.16,5.12,5.16,11168554.0,81623670.0,161922077818.0,6.897486834718998e-05
2016-07-27,5.16,5.17,5.06,5.09,28483426.0,206374675.0,161922077818.0,0.0001759082293398884
2016-07-28,5.08,5.09,5.06,5.08,18958830.0,136735303.0,161922077818.0,0.00011708613337651012
2016-07-29,5.08,5.09,5.07,5.08,11617021.0,83846122.0,161922077818.0,7.17445153653321e-05
2016-08-01,5.08,5.09,5.05,5.08,13395195.0,96369973.0,161922077818.0,8.272618027454023e-05
2016-08-02,5.07,5.1,5.06,5.1,12309289.0,88860381.0,161922077818.0,7.601983105624181e-05
2016-08-03,5.08,5.09,5.06,5.08,10374929.0,74851693.0,161922077818.0,6.407359107422889e-05
2016-08-04,5.09,5.1,5.06,5.1,12408410.0,89506254.0,161922077818.0,7.663198352695932e-05
2016-08-05,5.09,5.1,5.08,5.1,12971914.0,93834507.0,161922077818.0,8.011207720901653e-05
2016-08-08,5.1,5.11,5.08,5.11,15223014.0,110245204.0,161922077818.0,9.401444327505869e-05
2016-08-09,5.11,5.13,5.08,5.12,16470023.0,119738461.0,161922077818.0,0.00010171573402431424
2016-08-10,5.12,5.13,5.11,5.12,11481641.0,83513561.0,161922077818.0,7.090843419700515e-05
2016-08-11,5.12,5.14,5.11,5.14,22607484.0,164661839.0,161922077818.0,0.00013961952751996397
2016-08-12,5.14,5.17,5.12,5.17,29687776.0,217007943.0,161922077818.0,0.00018334606620703684
2016-08-15,5.17,5.25,5.16,5.24,54969999.0,407237710.0,161922077818.0,0.0003394842737985745
2016-08-16,5.24,5.25,5.21,5.22,33481336.0,248668153.0,161922077818.0,0.00020677437228561836
2016-08-17,5.22,5.24,5.21,5.22,20291614.0,150609778.0,161922077818.0,0.00012531715423518542
2016-08-18,5.22,5.24,5.2,5.2,21412131.0,158653819.0,161922077818.0,0.00013223725441608512
2016-08-19,5.22,5.25,5.2,5.22,27988030.0,207697818.0,161922077818.0,0.00017284875773060715
2016-08-22,5.22,5.24,5.21,5.22,24902354.0,184910671.0,161922077818.0,0.00015379220879310963
2016-08-23,5.22,5.23,5.2,5.22,18715607.0,138741588.0,161922077818.0,0.00011558403432196748
2016-08-24,5.22,5.24,5.21,5.23,14867615.0,110348117.0,161922077818.0,9.18195665492334e-05
2016-08-25,5.22,5.22,5.19,5.22,23713080.0,175150150.0,161922077818.0,0.00014644747843869346
2016-08-26,5.21,5.23,5.2,5.21,16373311.0,121273702.0,161922077818.0,0.00010111845908007406
2016-08-29,5.2,5.23,5.19,5.22,16382167.0,121271592.0,161922077818.0,0.00010117315205412269
2016-08-30,5.22,5.29,5.2,5.27,45669983.0,340947395.0,161922077818.0,0.00028204914126245923
2016-08-31,5.27,5.31,5.26,5.31,35517025.0,266689893.0,161922077818.0,0.00021934640092700049
2016-09-01,5.29,5.31,5.27,5.27,23787658.0,178598390.0,161922077818.0,0.00014690805800267253
2016-09-02,5.27,5.28,5.24,5.26,15672692.0,117163358.0,161922077818.0,9.679156919920497e-05
2016-09-05,5.26,5.29,5.24,5.28,17818805.0,133320031.0,161922077818.0,0.00011004555549261349
2016-09-06,5.27,5.28,5.25,5.27,13599174.0,101683881.0,161922077818.0,8.398591583839133e-05
2016-09-07,5.27,5.29,5.26,5.27,16613192.0,124435522.0,161922077818.0,0.00010259991857733685
2016-09-08,5.28,5.28,5.24,5.25,11017031.0,82247374.0,161922077818.0,6.803909107677777e-05
2016-09-09,5.26,5.27,5.21,5.22,17406500.0,129570227.0,161922077818.0,0.00010749923811850328
2016-09-12,5.19,5.2,5.11,5.15,35806293.0,261515884.0,161922077818.0,0.00022113286515657352
2016-09-13,5.14,5.15,5.11,5.13,19273138.0,140357741.0,161922077818.0,0.00011902723989043024
2016-09-14,5.12,5.14,5.11,5.12,19195172.0,139576136.0,161922077818.0,0.00011854573668190772
2016-09-19,5.12,5.13,5.11,5.12,20736914.0,150774811.0,161922077818.0,0.00012806724246281127
2016-09-20,5.12,5.12,5.1,5.12,13226799.0,96006149.0,161922077818.0,8.168619856068602e-05
2016-09-21,5.13,5.13,5.1,5.13,8671159.0,62848370.0,161922077818.0,5.3551431138046294e-05
2016-09-22,5.13,5.14,5.13,5.13,16954596.0,123264119.0,161922077818.0,0.0001047083648411239
2016-09-23,5.13,5.14,5.12,5.13,11294864.0,82065662.0,161922077818.0,6.975493491811165e-05
2016-09-26,5.12,5.12,5.07,5.08,25311402.0,182567044.0,161922077818.0,0.0001563184115537966
2016-09-27,5.08,5.1,5.06,5.09,14626784.0,105109167.0,161922077818.0,9.033224003239674e-05
2016-09-28,5.09,5.09,5.07,5.08,8017825.0,57630369.0,161922077818.0,4.951656443670402e-05
2016-09-29,5.1,5.13,5.1,5.1,18350651.0,133012923.0,161922077818.0,0.00011333013537922904
2016-09-30,5.1,5.11,5.09,5.1,14029480.0,101327043.0,161922077818.0,8.664340396971128e-05
2016-10-10,5.18,5.18,5.13,5.15,24455416.0,178442185.0,161922077818.0,0.0001510320045885764
2016-10-11,5.16,5.18,5.15,5.16,18689622.0,136617861.0,161922077818.0,0.00011542355589709692
2016-10-12,5.15,5.16,5.14,5.15,13139225.0,95799116.0,161922077818.0,8.114535816893639e-05
2016-10-13,5.15,5.16,5.13,5.14,13214875.0,96314138.0,161922077818.0,8.161255820131882e-05
2016-10-14,5.14,5.15,5.13,5.15,17225456.0,125256618.0,161922077818.0,0.00010638114475878558
2016-10-17,5.15,5.15,5.12,5.13,16207562.0,117930110.0,161922077818.0,0.00010009482473549566
2016-10-18,5.12,5.19,5.12,5.18,26004871.0,189845641.0,161922077818.0,0.00016060114439260967
2016-10-19,5.18,5.2,5.16,5.18,21133623.0,155045522.0,161922077818.0,0.00013051724190294876
2016-10-20,5.18,5.2,5.16,5.18,28331045.0,207752651.0,161922077818.0,0.00017496715322442948
2016-10-21,5.17,5.2,5.16,5.2,27268805.0,200317103.0,161922077818.0,0.0001684069607274313
2016-10-24,5.2,5.27,5.18,5.25,55889593.0,414547122.0,161922077818.0,0.00034516351169122076
2016-10-25,5.23,5.25,5.21,5.22,25015959.0,185118765.0,161922077818.0,0.00015449381169699338
2016-10-26,5.22,5.23,5.19,5.21,13907784.0,102611989.0,161922077818.0,8.589183258648838e-05
2016-10-27,5.2,5.22,5.19,5.2,13541596.0,99691237.0,161922077818.0,8.363032504573415e-05
2016-10-28,5.2,5.22,5.2,5.21,18958133.0,139801419.0,161922077818.0,0.00011708182883688592
2016-10-31,5.19,5.2,5.15,5.18,21382023.0,156386467.0,161922077818.0,0.00013205131312626399
2016-11-01,5.17,5.18,5.15,5.18,17066503.0,124885721.0,161922077818.0,0.00010539948121949562
2016-11-02,5.16,5.18,5.13,5.14,21137616.0,153921875.0,161922077818.0,0.00013054190191258926
2016-11-03,5.13,5.16,5.11,5.15,16550641.0,120540953.0,161922077818.0,0.00010221361548116298
2016-11-04,5.14,5.16,5.13,5.13,18431630.0,134216552.0,161922077818.0,0.00011383024630351584
2016-11-07,5.13,5.16,5.12,5.15,18057830.0,131524895.0,161922077818.0,0.00011152172849644972
2016-11-08,5.15,5.17,5.15,5.17,20522247.0,150031977.0,161922077818.0,0.0001267414998408491
2016-11-09,5.17,5.17,5.12,5.14,21646904.0,157594506.0,161922077818.0,0.00013368716787547072
2016-11-10,5.15,5.19,5.14,5.18,36041037.0,263997933.0,161922077818.0,0.00022258259951746687
2016-11-11,5.17,5.25,5.16,5.22,47275505.0,349124862.0,161922077818.0,0.0002919645402101222
2016-11-14,5.21,5.27,5.2,5.25,49616961.0,368036792.0,161922077818.0,0.0003064249277715503
2016-11-15,5.24,5.27,5.22,5.24,34282595.0,254796850.0,161922077818.0,0.00021172279569271307
2016-11-16,5.25,5.25,5.21,5.25,27218146.0,201737400.0,161922077818.0,0.00016809410036470212
2016-11-17,5.22,5.25,5.2,5.24,25416195.0,188149704.0,161922077818.0,0.00015696559321927512
2016-11-18,5.23,5.25,5.21,5.22,16103326.0,119225994.0,161922077818.0,9.945108299623043e-05
2016-11-21,5.21,5.28,5.2,5.28,48437568.0,360821523.0,161922077818.0,0.00029914122059651247
2016-11-22,5.3,5.46,5.28,5.42,128671500.0,979351200.0,161922077818.0,0.0007946507464203025
2016-11-23,5.37,5.44,5.33,5.36,65243023.0,497535571.0,161922077818.0,0.0004029285189468294
2016-11-24,5.34,5.37,5.32,5.33,39349299.0,297630325.0,161922077818.0,0.00024301379731693235
2016-11-25,5.33,5.38,5.31,5.37,52084042.0,394378092.0,161922077818.0,0.0003216611514739968
2016-11-28,5.35,5.43,5.34,5.42,52209563.0,398715313.0,161922077818.0,0.00032243634533076713
2016-11-29,5.42,5.51,5.39,5.49,87072454.0,673135809.0,161922077818.0,0.0005377429389083632
2016-11-30,5.47,5.48,5.35,5.38,56125175.0,429321728.0,161922077818.0,0.00034661842138095924
2016-12-01,5.54,5.56,5.44,5.48,101227256.0,788376110.0,161922077818.0,0.0006251603077486393
2016-12-02,5.49,5.75,5.48,5.55,154759796.0,1227314804.0,161922077818.0,0.0009557671077686492
2016-12-05,5.5,5.5,5.37,5.39,66091433.0,507709754.0,161922077818.0,0.0004081681379749005
2016-12-06,5.37,5.43,5.36,5.37,34039640.0,259787013.0,161922077818.0,0.00021022235175527124
2016-12-07,5.36,5.38,5.31,5.38,35063710.0,265206675.0,161922077818.0,0.0002165468135816014
2016-12-08,5.37,5.38,5.34,5.35,22051771.0,167401660.0,161922077818.0,0.00013618754957422257
2016-12-09,5.35,5.42,5.34,5.4,38110104.0,290943730.0,161922077818.0,0.00023536076434762442
2016-12-12,5.47,5.5,5.33,5.34,60992352.0,468914257.0,161922077818.0,0.0003766771821477936
2016-12-13,5.33,5.46,5.32,5.44,57066920.0,436247318.0,161922077818.0,0.0003524344596426379
2016-12-14,5.44,5.58,5.43,5.47,76448869.0,596412303.0,161922077818.0,0.0004721336956034392
2016-12-15,5.42,5.44,5.31,5.37,54311745.0,412048373.0,161922077818.0,0.0003354190221116497
2016-12-16,5.34,5.39,5.32,5.37,29323274.0,222045981.0,161922077818.0,0.00018109497108207372
2016-12-19,5.38,5.45,5.34,5.44,40421035.0,309571680.0,161922077818.0,0.00024963263530642895
2016-12-20,5.44,5.44,5.35,5.39,31420238.0,239464954.0,161922077818.0,0.00019404542248597047
2016-12-21,5.47,5.7,5.46,5.6,151024402.0,1192757840.0,161922077818.0,0.0009326980238590505
2016-12-22,5.58,5.85,5.55,5.76,166586747.0,1353244557.0,161922077818.0,0.001028808110943605
2016-12-23,5.74,5.82,5.69,5.73,83108504.0,676233042.0,161922077818.0,0.0005132623365506324
2016-12-26,5.7,5.74,5.6,5.72,68598146.0,551380979.0,161922077818.0,0.00042364912138234873
2016-12-27,5.69,5.71,5.63,5.66,49385070.0,396109587.0,161922077818.0,0.00030499281299680884
2016-12-28,5.68,5.78,5.65,5.67,66614894.0,539672781.0,161922077818.0,0.00041140093369401406
2016-12-29,5.63,5.66,5.6,5.61,38574755.0,307184335.0,161922077818.0,0.00023823036067606497
2016-12-30,5.61,5.63,5.58,5.61,24348142.0,193391872.0,161922077818.0,0.00015036950073829493
2017-01-03,5.61,5.66,5.58,5.63,44793060.0,356766660.0,161922077818.0,0.00027663343136164105
2017-01-04,5.62,5.68,5.59,5.65,39556853.0,315504098.0,161922077818.0,0.00024429561140181145
2017-01-05,5.64,5.8,5.63,5.76,78716533.0,637779930.0,161922077818.0,0.0004861383577876093
2017-01-06,5.77,5.94,5.75,5.9,116201023.0,968663810.0,161922077818.0,0.000717635448889247
2017-01-09,5.86,6.04,5.86,5.91,78487628.0,663150251.0,161922077818.0,0.00048472468398175997
2017-01-10,5.9,5.96,5.8,5.93,47145986.0,392825489.0,161922077818.0,0.000291164655464661
2017-01-11,5.9,5.99,5.86,5.87,51345438.0,431633916.0,161922077818.0,0.0003170996734473241
2017-01-12,5.87,5.94,5.85,5.87,38071438.0,318094996.0,161922077818.0,0.0002351219704751578
2017-01-13,5.87,5.94,5.84,5.92,34979813.0,292671664.0,161922077818.0,0.0002160286816435077
2017-01-16,5.9,6.04,5.84,6.02,91976630.0,774638185.0,161922077818.0,0.0005680301984722645
2017-01-17,5.98,6.14,5.97,6.03,64948709.0,556922486.0,161922077818.0,0.000401110891579604
2017-01-18,6.02,6.08,5.99,6.05,21401405.0,183227434.0,161922077818.0,0.00013217101267719108
2017-01-19,6.03,6.04,5.9,6.0,46730402.0,394371650.0,161922077818.0,0.0002885980876093058
2017-01-20,5.97,5.99,5.93,5.97,25475108.0,214835928.0,161922077818.0,0.00015732942871838612
2017-01-23,5.97,6.03,5.94,6.02,31749218.0,269085263.0,161922077818.0,0.00019607714048535147
2017-01-24,6.02,6.23,5.99,6.18,58648360.0,510811685.0,161922077818.0,0.0003622011327320083
2017-01-25,6.17,6.23,6.13,6.17,31191955.0,272852906.0,161922077818.0,0.00019263559003398955
2017-01-26,6.14,6.18,6.06,6.11,50405831.0,436179145.0,161922077818.0,0.0003112968390675917
2017-02-03,6.11,6.11,6.04,6.06,20339492.0,174707464.0,161922077818.0,0.00012561283967008833
2017-02-06,6.06,6.07,5.99,6.04,55451194.0,472770056.0,161922077818.0,0.0003424560427289415
2017-02-07,6.03,6.04,5.98,6.01,32696792.0,278036942.0,161922077818.0,0.00020192917754397342
2017-02-08,5.99,6.0,5.89,5.94,72457918.0,608047472.0,161922077818.0,0.0004474863401977988
2017-02-09,5.94,5.97,5.88,5.95,102334870.0,858194664.0,161922077818.0,0.0006320007214521057
2017-02-10,5.93,5.97,5.92,5.96,81956660.0,690743171.0,161922077818.0,0.0005061487667674267
2017-02-13,5.97,5.97,5.91,5.94,76056756.0,639425000.0,161922077818.0,0.00046971208018641903
2017-02-14,5.93,5.93,5.9,5.92,38910834.0,325828349.0,161922077818.0,0.00024030592075118798
2017-02-15,5.92,5.96,5.91,5.94,56435751.0,474889759.0,161922077818.0,0.00034853647977166915
2017-02-16,5.93,5.94,5.83,5.87,83008496.0,689551658.0,161922077818.0,0.0005126447061363759
2017-02-17,5.86,5.92,5.82,5.85,54263514.0,451269301.0,161922077818.0,0.0003351211566157893
2017-02-20,5.85,5.9,5.83,5.9,52509917.0,436502404.0,161922077818.0,0.00032429127459086224
2017-02-21,5.88,5.91,5.87,5.9,35756293.0,298071293.0,161922077818.0,0.00022082407465268562
2017-02-22,5.9,5.94,5.9,5.93,55610341.0,466621050.0,161922077818.0,0.00034343890437538654
2017-02-23,5.92,5.93,5.83,5.85,46345419.0,385358506.0,161922077818.0,0.0002862205057181401
2017-02-24,5.85,5.87,5.78,5.83,66711214.0,549312909.0,161922077818.0,0.00041199578772070373
2017-02-27,5.82,5.83,5.78,5.8,32652070.0,268216921.0,161922077818.0,0.0002016529829656759
2017-02-28,5.79,5.82,5.79,5.81,22270942.0,183097600.0,161922077818.0,0.00013754110804477498
2017-03-01,5.81,5.84,5.78,5.82,27920217.0,229972045.0,161922077818.0,0.0001724299575218041
2017-03-02,5.82,5.85,5.77,5.78,33325821.0,273955918.0,161922077818.0,0.00020581394118137576
2017-03-03,5.76,5.76,5.67,5.68,57076187.0,460959917.0,161922077818.0,0.0003524916908746285
2017-03-06,5.68,5.69,5.65,5.69,27237504.0,218978173.0,161922077818.0,0.00016821365169618737
2017-03-07,5.68,5.71,5.68,5.71,29338086.0,236562780.0,161922077818.0,0.00018118644718094547
2017-03-08,5.7,5.73,5.67,5.71,44717164.0,361238748.0,161922077818.0,0.0002761647120799795
2017-03-09,5.68,5.68,5.6,5.62,59621009.0,475319013.0,161922077818.0,0.00036820802822833007
2017-03-10,5.6,5.62,5.59,5.6,28371475.0,225295973.0,161922077818.0,0.00017521684122587326
2017-03-13,5.59,5.66,5.57,5.63,36611412.0,291642437.0,161922077818.0,0.00022610512719056837
2017-03-14,5.63,5.67,5.61,5.64,30044331.0,240115372.0,161922077818.0,0.00018554808216931202
2017-03-15,5.63,5.64,5.6,5.64,33036528.0,262837260.0,161922077818.0,0.00020402732255655077
2017-03-16,5.64,5.68,5.64,5.68,33302385.0,267135048.0,161922077818.0,0.0002056692048963934
2017-03-17,5.67,5.68,5.59,5.61,38998911.0,311627605.0,161922077818.0,0.0002408498675754067
2017-03-20,5.58,5.66,5.58,5.66,51271325.0,408381567.0,161922077818.0,0.0003166419656350312
2017-03-21,5.65,5.69,5.63,5.67,42249232.0,339194717.0,161922077818.0,0.00026092323276315677
2017-03-22,5.63,5.66,5.61,5.63,36091109.0,287850977.0,161922077818.0,0.0002228918346796804
2017-03-23,5.63,5.63,5.56,5.59,40859219.0,323715897.0,161922077818.0,0.00025233877646954145
2017-03-24,5.58,5.63,5.56,5.62,37937493.0,300561052.0,161922077818.0,0.00023429475159429244
2017-03-27,5.63,5.67,5.58,5.59,47234463.0,375587102.0,161922077818.0,0.00029171107261291085
2017-03-28,5.59,5.61,5.51,5.54,47847276.0,375654080.0,161922077818.0,0.0002954956893140923
2017-03-29,5.54,5.57,5.51,5.54,27479948.0,215915076.0,161922077818.0,0.00016971093979467947
2017-03-30,5.54,5.57,5.45,5.55,55770291.0,435499597.0,161922077818.0,0.000344426725197324
2017-03-31,5.52,5.58,5.51,5.56,36702631.0,288007478.0,161922077818.0,0.00022666847841005142
2017-04-05,5.56,5.63,5.54,5.63,54742973.0,433946624.0,161922077818.0,0.0003380822043398613
2017-04-06,5.61,5.64,5.6,5.63,40905455.0,325948250.0,161922077818.0,0.0002526243212242967
2017-04-07,5.65,5.74,5.63,5.68,81109305.0,654788942.0,161922077818.0,0.0005009156632189876
2017-04-10,5.7,5.7,5.66,5.68,40336719.0,324624790.0,161922077818.0,0.00024911191570391265
2017-04-11,5.68,5.69,5.61,5.66,43429243.0,347457119.0,161922077818.0,0.0002682107565888227
2017-04-12,5.66,5.74,5.62,5.72,44529145.0,357822889.0,161922077818.0,0.0002750035424449694
2017-04-13,5.7,5.73,5.67,5.69,29579233.0,238609983.0,161922077818.0,0.0001826757252537667
2017-04-14,5.68,5.7,5.65,5.66,27295881.0,219362409.0,161922077818.0,0.00016857417696109668
2017-04-17,5.64,5.7,5.61,5.68,34244924.0,274146693.0,161922077818.0,0.00021149014675127384
2017-04-18,5.66,5.68,5.61,5.62,25706975.0,205701367.0,161922077818.0,0.00015876139527368574
2017-04-19,5.58,5.59,5.47,5.51,37354420.0,292170646.0,161922077818.0,0.00023069380348482356
2017-04-20,5.48,5.5,5.39,5.43,42239459.0,325662811.0,161922077818.0,0.00026086287657126685
2017-04-21,5.42,5.51,5.41,5.5,28908705.0,223199850.0,161922077818.0,0.00017853467167394747
2017-04-24,5.47,5.51,5.42,5.49,29130393.0,225663688.0,161922077818.0,0.00017990377465846558
2017-04-25,5.46,5.49,5.44,5.46,17160668.0,132689196.0,161922077818.0,0.00010598102637546776
2017-04-26,5.46,5.49,5.44,5.46,27034112.0,209565733.0,161922077818.0,0.0001669575413328519
2017-04-27,5.45,5.51,5.44,5.51,27611438.0,214227410.0,161922077818.0,0.00017052299706180393
2017-04-28,5.5,5.51,5.45,5.51,23258709.0,180491022.0,161922077818.0,0.00014364136943785226
2017-05-02,5.49,5.49,5.42,5.43,25028726.0,193323608.0,161922077818.0,0.00015457265826425613
2017-05-03,5.42,5.43,5.35,5.37,35171106.0,267946187.0,161922077818.0,0.00021721007088071234
2017-05-04,5.37,5.37,5.3,5.35,33347081.0,251523438.0,161922077818.0,0.0002059452389036289
2017-05-05,5.3,5.34,5.22,5.33,57696495.0,431023115.0,161922077818.0,0.00035632259527234277
2017-05-08,5.3,5.33,5.24,5.28,34614069.0,259191043.0,161922077818.0,0.00021376991616242798
2017-05-09,5.25,5.3,5.24,5.29,18008148.0,134731441.0,161922077818.0,0.00011121490190016653
2017-05-10,5.28,5.3,5.25,5.25,17386400.0,129855309.0,161922077818.0,0.00010737510433594034
2017-05-11,5.26,5.39,5.25,5.38,68966786.0,522471692.0,161922077818.0,0.0004259257720094136
2017-05-12,5.33,5.38,5.33,5.37,33737585.0,255768055.0,161922077818.0,0.0002083569174422339
2017-05-15,5.34,5.47,5.34,5.44,46707292.0,358382758.0,161922077818.0,0.00028845536463840884
2017-05-16,5.42,5.46,5.39,5.43,25495558.0,195461853.0,161922077818.0,0.00015745572403447628
2017-05-17,5.42,5.42,5.33,5.36,42407095.0,322400055.0,161922077818.0,0.000261898164669462
2017-05-18,5.33,5.39,5.31,5.38,26458652.0,200922750.0,161922077818.0,0.00016340360966550502
2017-05-19,5.38,5.41,5.35,5.37,25690963.0,195685184.0,161922077818.0,0.00015866250820272066
2017-05-22,5.42,5.44,5.39,5.43,37301795.0,286226676.0,161922077818.0,0.00023036880147948152
2017-05-23,5.42,5.5,5.4,5.5,55761549.0,430923348.0,161922077818.0,0.0003443727362656242
2017-05-24,5.47,5.5,5.42,5.47,30590213.0,236513371.0,161922077818.0,0.00018891934572617898
2017-05-25,5.46,5.58,5.44,5.56,50157737.0,391480664.0,161922077818.0,0.00030976465764216026
2017-05-26,5.5,5.54,5.49,5.51,41162958.0,321443846.0,161922077818.0,0.00025421461084674976
2017-05-31,5.49,5.55,5.46,5.52,33158474.0,258414237.0,161922077818.0,0.0002047804378922931
2017-06-01,5.49,5.56,5.47,5.54,43139929.0,337403467.0,161922077818.0,0.00026642400827198604
2017-06-02,5.53,5.58,5.48,5.49,38275464.0,299260591.0,161922077818.0,0.00023638199630208255
2017-06-05,5.46,5.48,5.4,5.46,36042371.0,277610000.0,161922077818.0,0.0002225908380481106
2017-06-06,5.44,5.46,5.43,5.45,15206205.0,117271636.0,161922077818.0,9.391063408346165e-05
2017-06-07,5.46,5.47,5.43,5.47,27446830.0,212196425.0,161922077818.0,0.00016950640931652426
2017-06-08,5.45,5.47,5.43,5.46,31988109.0,246677828.0,161922077818.0,0.0001975524859306373
2017-06-09,5.44,5.5,5.44,5.46,27179738.0,210369629.0,161922077818.0,0.00016785689985123557
2017-06-12,5.44,5.46,5.39,5.39,25840367.0,198467475.0,161922077818.0,0.0001595851989315781
2017-06-13,5.37,5.41,5.37,5.4,16708856.0,127578805.0,161922077818.0,0.00010319072127261553
2017-06-14,5.39,5.42,5.38,5.41,16544242.0,126600479.0,161922077818.0,0.0001021740964724754
2017-06-15,5.39,5.42,5.36,5.4,19972561.0,152372901.0,161922077818.0,0.00012334674350244633
2017-06-16,5.39,5.41,5.36,5.4,20319473.0,154862002.0,161922077818.0,0.00012548920612814169
2017-06-19,5.39,5.42,5.39,5.4,17585815.0,134547366.0,161922077818.0,0.00010860665350259654
2017-06-20,5.41,5.44,5.39,5.44,23515978.0,180489828.0,161922077818.0,0.0001452302139207471
2017-06-21,5.44,5.46,5.4,5.45,22622756.0,174096978.0,161922077818.0,0.0001397138444914715
2017-06-22,5.45,5.51,5.43,5.46,29045153.0,223606839.0,161922077818.0,0.00017937734860743745
2017-06-23,5.42,5.5,5.41,5.49,33266978.0,255695135.0,161922077818.0,0.00020545053798897022
2017-06-26,5.48,5.51,5.47,5.48,26395813.0,204019154.0,161922077818.0,0.00016301552793602874
2017-06-27,5.48,5.49,5.43,5.46,24867905.0,191384320.0,161922077818.0,0.00015357945831174092
2017-06-28,5.45,5.49,5.44,5.46,25155911.0,193994440.0,161922077818.0,0.00015535812866899584
2017-06-29,5.46,5.48,5.43,5.46,24595993.0,188903814.0,161922077818.0,0.00015190018144187745
2017-06-30,5.43,5.48,5.42,5.46,17653192.0,135454059.0,161922077818.0,0.00010902276105820567
2017-07-03,5.46,5.49,5.44,5.49,19488606.0,150335670.0,161922077818.0,0.00012035792933626471
2017-07-04,5.49,5.58,5.49,5.56,53288809.0,415761571.0,161922077818.0,0.0003291015636539477
2017-07-05,5.55,5.56,5.52,5.54,20691776.0,161404362.0,161922077818.0,0.0001277884787475214
2017-07-06,5.53,5.59,5.52,5.56,33832100.0,264855332.0,161922077818.0,0.00020894062413173326
2017-07-07,5.54,5.56,5.52,5.53,18230510.0,142323879.0,161922077818.0,0.00011258816738067705
2017-07-10,5.53,5.61,5.52,5.56,36944858.0,290356328.0,161922077818.0,0.00022816442635775663
2017-07-11,5.56,5.61,5.55,5.56,28131084.0,221024063.0,161922077818.0,0.00017373223206547083
2017-07-12,5.57,5.58,5.49,5.53,28920647.0,225680973.0,161922077818.0,0.00017860842319789605
2017-07-13,5.53,5.6,5.51,5.6,43009209.0,337570197.0,161922077818.0,0.00026561670637862143
2017-07-14,5.61,5.63,5.58,5.6,31718231.0,250266293.0,161922077818.0,0.000195885770658472
2017-07-17,5.59,5.78,5.52,5.77,127291134.0,1013330634.0,161922077818.0,0.0007861258681665073
2017-07-18,5.71,5.76,5.67,5.72,80143891.0,644576907.0,161922077818.0,0.0004949534497085786
2017-07-19,5.69,5.76,5.68,5.75,67786007.0,547149496.0,161922077818.0,0.00041863350516160803
2017-07-20,5.74,5.78,5.73,5.75,43466345.0,352340556.0,161922077818.0,0.00026843989149432767
2017-07-21,5.75,5.76,5.68,5.7,33842063.0,272853847.0,161922077818.0,0.00020900215372753796
2017-07-24,5.68,5.72,5.67,5.68,30547021.0,244880109.0,161922077818.0,0.00018865260013730043
2017-07-25,5.68,5.78,5.67,5.73,48473302.0,391642758.0,161922077818.0,0.0002993619069938311
2017-07-26,5.75,5.81,5.73,5.81,64278572.0,523321880.0,161922077818.0,0.00039697225274152513
2017-07-27,5.87,5.89,5.76,5.78,65010618.0,533083333.0,161922077818.0,0.00040149322980570794
2017-07-28,5.76,5.78,5.7,5.75,43078145.0,347958083.0,161922077818.0,0.0002660424420221418
2017-07-31,5.75,5.79,5.73,5.77,32503149.0,263810435.0,161922077818.0,0.00020073327515308603
2017-08-01,5.79,5.85,5.77,5.84,47033800.0,385281117.0,161922077818.0,0.0002904718160352776
2017-08-02,5.81,5.82,5.76,5.78,40122876.0,327313912.0,161922077818.0,0.00024779126194945456
2017-08-03,5.78,5.8,5.73,5.75,29118446.0,236020747.0,161922077818.0,0.0001798299922554666
2017-08-04,5.73,5.86,5.73,5.8,48838636.0,399492355.0,161922077818.0,0.0003016181403927789
2017-08-07,5.8,5.84,5.76,5.81,26026160.0,212375324.0,161922077818.0,0.00016073262121335508
2017-08-08,5.8,5.82,5.77,5.8,23563131.0,192351551.0,161922077818.0,0.00014552142189334366
2017-08-09,5.8,5.8,5.76,5.76,20122058.0,163795357.0,161922077818.0,0.000124270008581641
2017-08-10,5.77,5.79,5.7,5.74,37198009.0,300923677.0,161922077818.0,0.00022972783885475128
2017-08-11,5.7,5.72,5.59,5.65,57845790.0,460610090.0,161922077818.0,0.0003572446128379017
2017-08-14,5.63,5.65,5.61,5.64,28246231.0,224054191.0,161922077818.0,0.00017444335806849446
2017-08-15,5.63,5.65,5.61,5.63,23089292.0,183163424.0,161922077818.0,0.00014259508222190864
2017-08-16,5.63,5.63,5.59,5.61,27964493.0,220887766.0,161922077818.0,0.00017270339768880695
2017-08-17,5.61,5.63,5.6,5.63,30690868.0,242794973.0,161922077818.0,0.00018954097188955576
2017-08-18,5.6,5.65,5.58,5.64,31139822.0,246778601.0,161922077818.0,0.00019231362652720577
2017-08-21,5.66,5.7,5.64,5.69,32544562.0,260237459.0,161922077818.0,0.00020098903397583622
2017-08-22,5.69,5.7,5.65,5.68,21880526.0,175032355.0,161922077818.0,0.00013512997297745682
2017-08-23,5.68,5.7,5.66,5.67,18377500.0,147013903.0,161922077818.0,0.00011349594970400678
2017-08-24,5.68,5.7,5.64,5.65,19566103.0,156038282.0,161922077818.0,0.00012083653608986077
2017-08-25,5.7,5.75,5.68,5.73,53153297.0,428291944.0,161922077818.0,0.0003282646672786905
2017-08-28,5.75,5.84,5.73,5.82,63427127.0,518155379.0,161922077818.0,0.00039171389012986806
2017-08-29,5.82,5.83,5.75,5.76,33692654.0,274068512.0,161922077818.0,0.00020807943211963013
2017-08-30,5.75,5.81,5.74,5.77,27404019.0,223219406.0,161922077818.0,0.00016924201671128533
2017-08-31,5.75,5.77,5.73,5.75,21613910.0,175084366.0,161922077818.0,0.00013348340319776516
2017-09-01,5.78,5.78,5.73,5.74,32021967.0,259441439.0,161922077818.0,0.00019776158650825003
2017-09-04,5.74,5.76,5.73,5.75,30874353.0,250001737.0,161922077818.0,0.00019067414040167328
2017-09-05,5.74,5.77,5.71,5.73,23336691.0,188673843.0,161922077818.0,0.00014412297145933602
2017-09-06,5.73,5.79,5.73,5.78,36160512.0,293817945.0,161922077818.0,0.00022332045442650708
2017-09-07,5.78,5.79,5.73,5.74,27271901.0,221351281.0,161922077818.0,0.00016842608103543203
2017-09-08,5.74,5.75,5.72,5.73,18564023.0,150128759.0,161922077818.0,0.00011464788032714053
2017-09-11,5.72,5.75,5.71,5.73,20652343.0,166660479.0,161922077818.0,0.00012754494802872515
2017-09-12,5.74,5.75,5.68,5.7,25260249.0,203247180.0,161922077818.0,0.000156002500340889
2017-09-13,5.68,5.71,5.68,5.7,14689265.0,117836344.0,161922077818.0,9.071811082186517e-05
2017-09-14,5.7,5.73,5.69,5.7,19559898.0,157340134.0,161922077818.0,0.00012079821518832827
2017-09-15,5.72,5.73,5.69,5.71,21291532.0,169875816.0,161922077818.0,0.00013149245789651753
2017-09-18,5.71,5.75,5.7,5.73,20191043.0,161603532.0,161922077818.0,0.00012469604683985517
2017-09-19,5.71,5.73,5.69,5.7,16689203.0,133040994.0,161922077818.0,0.00010306934807715735
2017-09-20,5.7,5.71,5.68,5.68,19783596.0,157336566.0,161922077818.0,0.0001221797315511027
2017-09-21,5.68,5.71,5.68,5.7,12227359.0,97332601.0,161922077818.0,7.551384693657105e-05
2017-09-22,5.7,5.7,5.63,5.69,22784880.0,180274101.0,161922077818.0,0.00014071509152451802
2017-09-25,5.66,5.79,5.65,5.77,56883099.0,455782423.0,161922077818.0,0.00035129921605833427
2017-09-26,5.78,5.83,5.76,5.79,38019689.0,307836523.0,161922077818.0,0.00023480237847944388
2017-09-27,5.78,5.8,5.75,5.76,22488757.0,181213447.0,161922077818.0,0.00013888629211686193
2017-09-28,5.75,5.76,5.69,5.73,25997665.0,207714523.0,161922077818.0,0.00016055664150518937
2017-09-29,5.73,5.74,5.69,5.72,17017022.0,135822134.0,161922077818.0,0.00010509389596103806
2017-10-09,5.75,5.75,5.7,5.71,27263565.0,217707101.0,161922077818.0,0.00016837459948262383
2017-10-10,5.71,5.73,5.7,5.73,17384518.0,138820615.0,161922077818.0,0.00010736348146137399
2017-10-11,5.73,5.73,5.71,5.73,19773912.0,158066016.0,161922077818.0,0.00012211992500630968
2017-10-12,5.73,5.73,5.69,5.7,17028397.0,135712263.0,161922077818.0,0.00010516414580067256
2017-10-13,5.7,5.71,5.69,5.71,14901303.0,118639642.0,161922077818.0,9.202761723913292e-05
2017-10-16,5.71,5.77,5.7,5.76,43276196.0,347572147.0,161922077818.0,0.00026726556738385196
2017-10-17,5.76,5.79,5.74,5.76,24339844.0,195937318.0,161922077818.0,0.0001503182538662697
2017-10-18,5.76,5.93,5.75,5.9,100724114.0,822514068.0,161922077818.0,0.0006220529983144957
2017-10-19,5.87,5.93,5.85,5.92,61444543.0,505635939.0,161922077818.0,0.0003794698278826653
2017-10-20,5.88,5.88,5.82,5.83,34397721.0,280790234.0,161922077818.0,0.0002124337920037251
2017-10-23,5.83,5.85,5.79,5.83,27878408.0,226401427.0,161922077818.0,0.0001721717530782631
2017-10-24,5.82,5.89,5.81,5.85,41247155.0,337284932.0,161922077818.0,0.00025473459552786677
2017-10-25,5.83,5.85,5.8,5.82,26901697.0,218655730.0,161922077818.0,0.00016613977144140554
2017-10-26,5.82,5.85,5.79,5.85,29204612.0,237183645.0,161922077818.0,0.00018036213710662674
2017-10-27,5.85,5.86,5.8,5.82,35602117.0,289734279.0,161922077818.0,0.0002198719129581371
2017-10-30,5.83,5.98,5.8,5.94,101277166.0,835501367.0,161922077818.0,0.0006254685424296202
2017-10-31,5.92,5.94,5.88,5.92,47719652.0,393957807.0,161922077818.0,0.00029470750772872843
2017-11-01,5.92,6.03,5.9,6.0,82155133.0,687248961.0,161922077818.0,0.0005073744983209897
2017-11-02,5.98,6.03,5.96,6.0,46492657.0,389432221.0,161922077818.0,0.0002871298196423691
2017-11-03,6.0,6.08,5.92,5.95,68350588.0,573122464.0,161922077818.0,0.000422120250191119
2017-11-06,6.0,6.05,5.95,6.0,61862747.0,519015601.0,161922077818.0,0.00038205257636042425
2017-11-07,6.05,6.21,6.04,6.15,115952801.0,996095747.0,161922077818.0,0.0007161024769601255
2017-11-08,6.12,6.13,6.04,6.08,81422046.0,692602087.0,161922077818.0,0.0005028470922385159
2017-11-09,6.08,6.1,6.04,6.1,38032806.0,322430600.0,161922077818.0,0.00023488338658023383
2017-11-10,6.08,6.11,5.97,6.0,56177006.0,472776872.0,161922077818.0,0.00034693851979309954
2017-11-13,6.01,6.05,5.95,6.01,49540379.0,415151129.0,161922077818.0,0.0003059519718841754
2017-11-14,5.99,6.03,5.96,5.98,32852671.0,274714945.0,161922077818.0,0.00020289185664308431
2017-11-15,5.94,5.94,5.83,5.83,57290210.0,470168012.0,161922077818.0,0.00035381345627490064
2017-11-16,5.83,5.85,5.77,5.78,40260747.0,326493319.0,161922077818.0,0.0002486427270606852
2017-11-17,5.8,5.82,5.75,5.81,60639415.0,490547899.0,161922077818.0,0.00037449751026637977
2017-11-20,5.8,5.89,5.8,5.85,61241078.0,500081050.0,161922077818.0,0.0003782132666851942
2017-11-21,5.83,5.92,5.77,5.88,63231898.0,516898089.0,161922077818.0,0.00039050819290419736
2017-11-22,5.88,6.03,5.85,6.01,77470846.0,644979462.0,161922077818.0,0.0004784452314592766
2017-11-23,6.02,6.06,5.93,5.93,77924571.0,652383970.0,161922077818.0,0.00048124735088680753
2017-11-24,5.92,6.04,5.88,6.01,64856515.0,541272855.0,161922077818.0,0.00040054151894529513
2017-11-27,6.01,6.12,5.95,5.97,58173563.0,489085647.0,161922077818.0,0.0003592688766345188
2017-11-28,5.95,5.98,5.85,5.88,47254026.0,389336986.0,161922077818.0,0.00029183188998546205
2017-11-29,5.88,5.97,5.86,5.9,42474295.0,350481104.0,161922077818.0,0.00026231317910668735
2017-11-30,5.85,5.9,5.83,5.85,34723556.0,284522273.0,161922077818.0,0.00021444608708041154
2017-12-01,5.85,5.88,5.81,5.84,27725425.0,226050349.0,161922077818.0,0.00017122695912513737
2017-12-04,5.84,5.88,5.82,5.85,33240292.0,271764219.0,161922077818.0,0.00020528573032123514
2017-12-05,5.83,5.9,5.8,5.88,55968596.0,457808450.0,161922077818.0,0.0003456514192147939
2017-12-06,5.85,5.86,5.77,5.79,48636321.0,394839621.0,161922077818.0,0.0003003686813768972
2017-12-07,5.75,5.8,5.74,5.76,34432327.0,277573739.0,161922077818.0,0.000212647512087276
2017-12-08,5.75,5.78,5.73,5.77,38839278.0,312231669.0,161922077818.0,0.0002398640044852639
2017-12-11,5.77,5.83,5.76,5.79,30388336.0,246045812.0,161922077818.0,0.00018767259171511135
2017-12-12,5.8,5.81,5.73,5.74,30919232.0,249621468.0,161922077818.0,0.000190951304582153
2017-12-13,5.73,5.76,5.73,5.74,24574783.0,197199405.0,161922077818.0,0.0001517691925101282
2017-12-14,5.75,5.75,5.66,5.68,40182442.0,319916463.0,161922077818.0,0.0002481591302525463
2017-12-15,5.68,5.68,5.63,5.63,28084231.0,221702480.0,161922077818.0,0.0001734428768358976
2017-12-18,5.63,5.65,5.61,5.64,20861342.0,164226024.0,161922077818.0,0.0001288356861591666
2017-12-19,5.64,5.66,5.63,5.65,16446764.0,129744448.0,161922077818.0,0.00010157209085771565
2017-12-20,5.68,5.7,5.65,5.68,25688726.0,203894324.0,161922077818.0,0.00015864869291557673
2017-12-21,5.68,5.73,5.65,5.71,26014290.0,207253191.0,161922077818.0,0.0001606593143477321
2017-12-22,5.72,5.81,5.69,5.79,42492964.0,342894030.0,161922077818.0,0.000262428475305029
2017-12-25,5.78,5.81,5.73,5.75,21008030.0,169164792.0,161922077818.0,0.00012974160338785284
2017-12-26,5.74,5.79,5.73,5.78,19729541.0,159039408.0,161922077818.0,0.00012184589813734945
2017-12-27,5.79,5.85,5.78,5.79,37452602.0,304450028.0,161922077818.0,0.00023130015686987805
2017-12-28,5.78,5.81,5.74,5.77,25125826.0,202762590.0,161922077818.0,0.00015517232942280647
2017-12-29,5.77,5.82,5.76,5.79,23867187.0,193083877.0,161922077818.0,0.0001473992140023466
2018-01-02,5.79,5.96,5.78,5.9,61396100.0,504750225.0,161922077818.0,0.00037917065311506845
2018-01-03,5.89,5.99,5.88,5.92,47413835.0,392423555.0,161922077818.0,0.0002928188400181785
2018-01-04,5.97,6.29,5.95,6.12,152277262.0,1301096070.0,161922077818.0,0.000940435449273071
2018-01-05,6.1,6.2,6.07,6.15,102246129.0,875275600.0,161922077818.0,0.0006314526738899954
2018-01-08,6.13,6.17,6.06,6.1,64196346.0,547507905.0,161922077818.0,0.0003964644405820714
2018-01-09,6.09,6.17,6.05,6.09,47163969.0,401949416.0,161922077818.0,0.00029127571505728933
2018-01-10,6.17,6.36,6.17,6.26,114198389.0,1003488105.0,161922077818.0,0.0007052675616499851
2018-01-11,6.28,6.36,6.21,6.27,62830332.0,551183264.0,161922077818.0,0.0003880281975545122
2018-01-12,6.31,6.33,6.2,6.26,48109302.0,420752902.0,161922077818.0,0.000297113912125527
2018-01-15,6.28,6.41,6.21,6.31,83363259.0,734827240.0,161922077818.0,0.0005148356550469917
2018-01-16,6.3,6.36,6.19,6.23,71529878.0,624079208.0,161922077818.0,0.0004417549414132358
2018-01-17,6.21,6.45,6.2,6.31,126574027.0,1115243278.0,161922077818.0,0.0007816971515290761
2018-01-18,6.35,6.35,6.21,6.25,72627807.0,633745903.0,161922077818.0,0.00044853554239609913
2018-01-19,6.25,6.48,6.23,6.44,127136151.0,1128314457.0,161922077818.0,0.0007851687225932261
2018-01-22,6.41,6.48,6.31,6.41,90575847.0,808499883.0,161922077818.0,0.0005593792287041118
2018-01-23,6.44,6.58,6.39,6.58,145180593.0,1311817526.0,161922077818.0,0.0008966077693443547
2018-01-24,6.59,6.69,6.52,6.68,137967755.0,1272536714.0,161922077818.0,0.0008520626517347152
2018-01-25,6.73,6.86,6.61,6.62,119935716.0,1128289891.0,161922077818.0,0.000740700203555981
2018-01-26,6.58,6.68,6.52,6.66,68851202.0,633993707.0,161922077818.0,0.000425211947177386
2018-01-29,6.68,6.8,6.61,6.66,90133576.0,845415631.0,161922077818.0,0.0005566478470052114
2018-01-30,6.58,6.66,6.5,6.52,70810765.0,648847238.0,161922077818.0,0.00043731383610078864
2018-01-31,6.41,6.49,6.38,6.45,70772517.0,635864940.0,161922077818.0,0.00043707762371693456
2018-02-01,6.45,6.49,6.33,6.44,77571373.0,695930627.0,161922077818.0,0.0004790660671189634
2018-02-02,6.43,6.71,6.36,6.66,112532139.0,1025981723.0,161922077818.0,0.00069497711810792
2018-02-05,6.51,6.7,6.51,6.69,96703655.0,894576541.0,161922077818.0,0.0005972234071050809
2018-02-06,6.58,6.66,6.26,6.31,108111513.0,981671752.0,161922077818.0,0.0006676761715071188
2018-02-07,6.41,6.46,6.08,6.13,122267259.0,1073181537.0,161922077818.0,0.0007550993703121083
2018-02-08,6.04,6.08,5.93,5.98,86272754.0,723359609.0,161922077818.0,0.0005328041435891797
2018-02-09,5.84,5.89,5.58,5.69,123110947.0,988126197.0,161922077818.0,0.0007603098271649922
2018-02-12,5.69,5.75,5.63,5.71,53758010.0,428351582.0,161922077818.0,0.00033199925991824207
2018-02-13,5.71,5.79,5.68,5.73,53744686.0,430609019.0,161922077818.0,0.000331916973424766
2018-02-14,5.72,5.76,5.68,5.74,36546485.0,292366523.0,161922077818.0,0.00022570415036964975
2018-02-22,5.79,5.86,5.76,5.84,46657561.0,379639131.0,161922077818.0,0.00028814823542743184
2018-02-23,5.84,5.9,5.82,5.86,46100296.0,377754275.0,161922077818.0,0.00028470667262444976
2018-02-26,5.9,5.93,5.83,5.91,50709041.0,416443222.0,161922077818.0,0.0003131694064412688
2018-02-27,5.9,5.92,5.8,5.82,41863711.0,342018027.0,161922077818.0,0.00025854232828616925
2018-02-28,5.77,5.81,5.7,5.73,61704765.0,494928679.0,161922077818.0,0.0003810769095327198
2018-03-01,5.68,5.75,5.65,5.74,34577083.0,275866040.0,161922077818.0,0.00021354149765089202
2018-03-02,5.69,5.73,5.67,5.7,29344820.0,233577897.0,161922077818.0,0.0001812280350860091
2018-03-05,5.7,5.75,5.7,5.73,30811614.0,246590369.0,161922077818.0,0.0001902866762532048
2018-03-06,5.75,5.81,5.73,5.8,38147199.0,307284715.0,161922077818.0,0.00023558985602245886
2018-03-07,5.78,5.8,5.73,5.74,32123743.0,258864349.0,161922077818.0,0.00019839013575472398
2018-03-08,5.71,5.76,5.7,5.75,22977914.0,184142408.0,161922077818.0,0.00014190723284706805
2018-03-09,5.73,5.75,5.72,5.75,29977389.0,240196288.0,161922077818.0,0.0001851346610910867
2018-03-12,5.76,5.8,5.75,5.76,54201256.0,436812394.0,161922077818.0,0.0003347366630319682
2018-03-13,5.75,5.76,5.71,5.72,30087890.0,241298002.0,161922077818.0,0.0001858170942804891
2018-03-14,5.71,5.74,5.69,5.72,42141621.0,336589156.0,161922077818.0,0.0002602586476648791
2018-03-15,5.69,5.72,5.67,5.69,33874348.0,269401113.0,161922077818.0,0.0002092015397558984
2018-03-16,5.68,5.71,5.65,5.66,28499497.0,226209469.0,161922077818.0,0.00017600748078364805
2018-03-19,5.66,5.7,5.65,5.7,36518156.0,290280188.0,161922077818.0,0.00022552919584595694
2018-03-20,5.68,5.8,5.67,5.78,88404970.0,710266224.0,161922077818.0,0.0005459723046499376
2018-03-21,5.8,5.84,5.72,5.75,70112133.0,566685191.0,161922077818.0,0.0004329992175545441
2018-03-22,5.8,5.82,5.74,5.76,50222409.0,405294802.0,161922077818.0,0.000310164059631509
2018-03-23,5.67,5.67,5.53,5.6,86812077.0,679356376.0,161922077818.0,0.0005361349000077467
2018-03-26,5.6,5.62,5.47,5.55,58109398.0,449288360.0,161922077818.0,0.00035887260578087944
2018-03-27,5.58,5.58,5.54,5.58,40421540.0,314199149.0,161922077818.0,0.0002496357540905182
2018-03-28,5.53,5.54,5.42,5.44,50868001.0,389754039.0,161922077818.0,0.0003141511132112293
2018-03-29,5.44,5.53,5.41,5.51,37497239.0,286466571.0,161922077818.0,0.00023157582650431896
2018-03-30,5.5,5.51,5.45,5.47,30485302.0,233125808.0,161922077818.0,0.00018827143531511127
2018-04-02,5.48,5.53,5.45,5.48,33200341.0,254535456.0,161922077818.0,0.00020503900053281862
2018-04-03,5.42,5.43,5.32,5.36,58530626.0,439917263.0,161922077818.0,0.00036147402990831354
2018-04-04,5.38,5.4,5.32,5.34,40464146.0,302896894.0,161922077818.0,0.0002498988806546912
2018-04-09,5.32,5.37,5.29,5.35,33908768.0,252991843.0,161922077818.0,0.00020941411113877483
2018-04-10,5.37,5.44,5.32,5.43,38233491.0,287998240.0,161922077818.0,0.0002361227790256888
2018-04-11,5.47,5.54,5.46,5.5,53413653.0,409978998.0,161922077818.0,0.0003298725764872954
2018-04-12,5.52,5.55,5.5,5.53,52742929.0,407514407.0,161922077818.0,0.0003257303124487009
2018-04-13,5.5,5.5,5.45,5.45,22017456.0,168476843.0,161922077818.0,0.00013597562665140428
2018-04-16,5.49,5.51,5.39,5.4,29312898.0,222877767.0,161922077818.0,0.0001810308908767069
2018-04-17,5.4,5.42,5.37,5.38,22182551.0,167321421.0,161922077818.0,0.00013699522201619183
2018-04-18,5.42,5.47,5.37,5.47,29472874.0,223282946.0,161922077818.0,0.00018201887226970638
2018-04-19,5.52,5.58,5.5,5.55,42992029.0,332688248.0,161922077818.0,0.0002655106059614856
2018-04-20,5.52,5.55,5.46,5.47,29049936.0,223158073.0,161922077818.0,0.00017940688750703936
2018-04-23,5.45,5.5,5.39,5.42,20325347.0,154443599.0,161922077818.0,0.00012552548283653844
2018-04-24,5.44,5.53,5.44,5.52,38557151.0,296063653.0,161922077818.0,0.0002381216417154561
2018-04-25,5.48,5.5,5.45,5.47,19819063.0,151503971.0,161922077818.0,0.00012239876900713056
2018-04-26,5.48,5.5,5.4,5.4,23209555.0,176086439.0,161922077818.0,0.0001433378036692901
2018-04-27,5.42,5.49,5.39,5.48,28942476.0,220191575.0,161922077818.0,0.00017874323495608343
2018-05-02,5.48,5.48,5.41,5.45,23293699.0,177306645.0,161922077818.0,0.00014385746103247302
2018-05-03,5.45,5.53,5.42,5.51,32940307.0,252464978.0,161922077818.0,0.00020343307993505878
2018-05-04,5.49,5.52,5.48,5.51,19881475.0,152501347.0,161922077818.0,0.00012278421366570361
2018-05-07,5.53,5.62,5.5,5.61,60944060.0,474375907.0,161922077818.0,0.0003763789399275185
2018-05-08,5.58,5.62,5.58,5.61,35717174.0,279166531.0,161922077818.0,0.00022058248313825378
2018-05-09,5.62,5.73,5.61,5.65,68161864.0,539535007.0,161922077818.0,0.0004209547266100041
2018-05-10,5.75,5.78,5.69,5.73,66643106.0,534667600.0,161922077818.0,0.0004115751656479278
2018-05-11,5.74,5.77,5.69,5.71,51546584.0,412640750.0,161922077818.0,0.0003183419129412249
2018-05-14,5.7,5.73,5.67,5.72,30469283.0,242795241.0,161922077818.0,0.00018817250501347566
2018-05-15,5.73,5.75,5.7,5.73,20034857.0,159988251.0,161922077818.0,0.00012373147176705036
2018-05-16,5.71,5.71,5.63,5.65,30157030.0,238495932.0,161922077818.0,0.00018624408978926534
2018-05-17,5.67,5.7,5.65,5.66,24870721.0,197218160.0,161922077818.0,0.0001535968493929199
2018-05-18,5.67,6.08,5.67,6.08,155138679.0,1278789494.0,161922077818.0,0.0009581070172183405
2018-05-21,6.04,6.11,5.98,6.1,103062334.0,872544373.0,161922077818.0,0.0006364934009545122
2018-05-22,6.08,6.13,6.0,6.13,61485537.0,520696203.0,161922077818.0,0.0003797229990409929
2018-05-23,6.08,6.09,5.9,5.9,77444423.0,647120677.0,161922077818.0,0.0004782820480295919
2018-05-24,5.91,5.95,5.88,5.9,36006479.0,297424998.0,161922077818.0,0.0002223691758727997
2018-05-25,5.86,5.95,5.8,5.82,52018583.0,426290976.0,161922077818.0,0.0003212568891221168
2018-05-28,5.74,5.84,5.73,5.82,61236906.0,495590483.0,161922077818.0,0.00037818750120554976
2018-05-29,5.81,5.83,5.73,5.76,34800946.0,280682388.0,161922077818.0,0.00021492403302232925
2018-05-30,5.7,5.73,5.59,5.59,50380202.0,398022950.0,161922077818.0,0.00031113855923110877
2018-05-31,5.68,5.73,5.63,5.71,48218288.0,382979672.0,161922077818.0,0.0002977869889626616
2018-06-01,5.69,5.76,5.65,5.73,33336428.0,265282463.0,161922077818.0,0.00020587944799887054
2018-06-04,5.71,5.76,5.67,5.7,22227068.0,176950244.0,161922077818.0,0.0001372701505534234
2018-06-05,5.68,5.74,5.63,5.71,28027050.0,222981048.0,161922077818.0,0.00017308973783984128
2018-06-06,5.7,5.74,5.62,5.71,41026647.0,324945849.0,161922077818.0,0.0002533727799992404
2018-06-07,5.7,5.71,5.67,5.68,21189415.0,168444964.0,161922077818.0,0.00013086180269880707
2018-06-08,5.7,5.77,5.65,5.66,37353876.0,298127092.0,161922077818.0,0.00023069044384414127
2018-06-11,5.63,5.64,5.53,5.56,33479407.0,260342138.0,161922077818.0,0.00020676245914797838
2018-06-12,5.55,5.61,5.55,5.6,19724084.0,153882331.0,161922077818.0,0.00012181219674175512
2018-06-13,5.58,5.62,5.55,5.57,17478131.0,136129774.0,161922077818.0,0.0001079416175701832
2018-06-14,5.55,5.61,5.52,5.54,20318153.0,157633981.0,161922077818.0,0.00012548105405883904
2018-06-15,5.54,5.57,5.53,5.55,23835860.0,184802190.0,161922077818.0,0.00014720574440004066
2018-06-19,5.5,5.5,5.23,5.3,48737893.0,366423862.0,161922077818.0,0.0003009959707581153
2018-06-20,5.27,5.32,5.25,5.31,31128782.0,230172575.0,161922077818.0,0.0001922454455839473
2018-06-21,5.31,5.33,5.23,5.25,26832882.0,196642230.0,161922077818.0,0.00016571478307090458
2018-06-22,5.23,5.31,5.17,5.27,20075710.0,146157346.0,161922077818.0,0.00012398377213615705
2018-06-25,5.34,5.35,5.27,5.27,22509347.0,165416191.0,161922077818.0,0.000139013452046363
2018-06-26,5.23,5.32,5.2,5.29,22597268.0,164885089.0,161922077818.0,0.0001395564354442096
2018-06-27,5.38,5.49,5.35,5.42,48040729.0,362206745.0,161922077818.0,0.0002966904183010649
2018-06-28,5.5,5.61,5.48,5.56,51391929.0,395808468.0,161922077818.0,0.0003173867930336492
2018-06-29,5.56,5.62,5.43,5.56,38134301.0,291455988.0,161922077818.0,0.00023551020042407594
2018-07-02,5.52,5.54,5.38,5.42,30149938.0,227380343.0,161922077818.0,0.00018620029094419387
2018-07-03,5.42,5.45,5.33,5.43,28187409.0,210965581.0,161922077818.0,0.00017408008456810056
2018-07-04,5.4,5.47,5.38,5.4,22285214.0,167686492.0,161922077818.0,0.00013762924920620475
2018-07-05,5.4,5.43,5.3,5.36,21114193.0,156670350.0,161922077818.0,0.00013039724591313792
2018-07-06,5.33,5.38,5.3,5.38,25127370.0,186326792.0,161922077818.0,0.00015518186487356654
2018-07-09,5.4,5.5,5.39,5.49,24663130.0,186343473.0,161922077818.0,0.00015231480680306792
2018-07-10,5.52,5.6,5.43,5.6,35791971.0,274295293.0,161922077818.0,0.00022104441520463987
2018-07-11,5.48,5.53,5.45,5.48,20520866.0,155779787.0,161922077818.0,0.0001267329710471317
2018-07-12,5.4,5.52,5.38,5.51,27770002.0,210615702.0,161922077818.0,0.00017150225821097362
2018-07-13,5.5,5.51,5.46,5.48,15564049.0,118229130.0,161922077818.0,9.612061066492705e-05
2018-07-16,5.47,5.49,5.38,5.4,20944197.0,157032779.0,161922077818.0,0.00012934738290315927
2018-07-17,5.35,5.35,5.23,5.27,52269627.0,381686029.0,161922077818.0,0.00032280728918727763
2018-07-18,5.27,5.27,5.23,5.25,30612047.0,223041263.0,161922077818.0,0.00018905418836341677
2018-07-19,5.27,5.29,5.2,5.22,25424481.0,184784520.0,161922077818.0,0.00015701676598157944
2018-07-20,5.23,5.33,5.2,5.31,31907575.0,233212414.0,161922077818.0,0.00019705512324183508
2018-07-23,5.28,5.4,5.27,5.38,34229921.0,252472636.0,161922077818.0,0.0002113974910726772
2018-07-24,5.36,5.53,5.35,5.46,43963078.0,331664620.0,161922077818.0,0.0002715076201616829
2018-07-25,5.51,5.52,5.43,5.47,22543311.0,170777738.0,161922077818.0,0.00013922320725984398
2018-07-26,5.48,5.5,5.44,5.47,21184808.0,160489013.0,161922077818.0,0.00013083335074177884
2018-07-27,5.46,5.48,5.43,5.47,18691519.0,141270904.0,161922077818.0,0.00011543527140881443
2018-07-30,5.46,5.53,5.42,5.48,29036451.0,219920875.0,161922077818.0,0.0001793236067081408
2018-07-31,5.51,5.62,5.48,5.58,49392049.0,380083439.0,161922077818.0,0.0003050359139753415
2018-08-01,5.53,5.58,5.46,5.47,31387618.0,240625399.0,161922077818.0,0.000193843967561234
2018-08-02,5.47,5.48,5.36,5.45,29504081.0,221908101.0,161922077818.0,0.000182211600774803
2018-08-03,5.46,5.57,5.45,5.49,42180322.0,322181500.0,161922077818.0,0.00026049765769069845
2018-08-06,5.45,5.54,5.43,5.48,37551124.0,286198794.0,161922077818.0,0.00023190861003035898
2018-08-07,5.51,5.76,5.51,5.73,68406961.0,536364378.0,161922077818.0,0.0004224683991326325
2018-08-08,5.7,5.94,5.68,5.82,92042752.0,743298085.0,161922077818.0,0.000568438555386226
2018-08-09,5.74,5.84,5.67,5.82,43793964.0,350148858.0,161922077818.0,0.0002704632042161928
2018-08-10,5.78,5.87,5.73,5.79,29285512.0,235400587.0,161922077818.0,0.0001808617601419174
2018-08-13,5.78,5.86,5.69,5.77,32727735.0,261623505.0,161922077818.0,0.00020212027563520948
2018-08-14,5.74,5.88,5.72,5.85,32949626.0,266032706.0,161922077818.0,0.0002034906323091734
2018-08-15,5.83,5.89,5.78,5.83,32707669.0,264932887.0,161922077818.0,0.0002019963518301892
2018-08-16,5.74,5.84,5.69,5.73,28431725.0,226442687.0,161922077818.0,0.00017558893378305821
2018-08-17,5.73,5.84,5.73,5.77,33504213.0,269039987.0,161922077818.0,0.00020691565629276726
2018-08-20,5.79,5.92,5.77,5.9,38555316.0,313830106.0,161922077818.0,0.00023811030910396344
2018-08-21,5.9,5.97,5.84,5.9,30369034.0,248139785.0,161922077818.0,0.00018755338622899044
2018-08-22,5.9,5.9,5.75,5.77,36115150.0,290103284.0,161922077818.0,0.0002230403073297598
2018-08-23,5.79,5.84,5.76,5.82,21256309.0,170914943.0,161922077818.0,0.00013127492733814864
2018-08-24,5.82,5.9,5.77,5.87,23183824.0,188024506.0,161922077818.0,0.00014317889390017932
2018-08-27,5.87,5.97,5.86,5.96,29598420.0,243867169.0,161922077818.0,0.00018279422052172866
2018-08-28,5.96,5.99,5.87,5.9,27212323.0,223047259.0,161922077818.0,0.00016805813862261933
2018-08-29,5.9,5.92,5.84,5.9,17559209.0,143277987.0,161922077818.0,0.0001084423398996677
2018-08-30,5.93,5.98,5.84,5.88,25711162.0,210517385.0,161922077818.0,0.0001587872533904813
2018-08-31,5.89,5.89,5.75,5.8,34797845.0,279922338.0,161922077818.0,0.00021490488183527814
2018-09-03,5.77,5.83,5.75,5.82,19513677.0,156523489.0,161922077818.0,0.0001205127630707242
2018-09-04,5.82,5.97,5.8,5.95,35029245.0,286894077.0,161922077818.0,0.00021633396428727146
2018-09-05,5.93,5.97,5.87,5.92,31444022.0,258036085.0,161922077818.0,0.0001941923079528599
2018-09-06,5.9,6.01,5.88,5.95,33690393.0,278249514.0,161922077818.0,0.00020806546861304432
2018-09-07,5.95,6.03,5.88,5.92,23272283.0,191511409.0,161922077818.0,0.00014372519988384774
2018-09-10,5.9,5.96,5.88,5.9,18117599.0,148694857.0,161922077818.0,0.00011189085048898727
2018-09-11,5.92,6.0,5.91,5.95,27877006.0,229987364.0,161922077818.0,0.00017216309459253408
2018-09-12,6.0,6.03,5.9,5.97,31124968.0,257060790.0,161922077818.0,0.00019222189104431072
2018-09-13,5.99,6.16,5.98,6.16,62509007.0,527276103.0,161922077818.0,0.00038604375538127644
2018-09-14,6.13,6.29,6.06,6.25,66272544.0,569079596.0,161922077818.0,0.00040928664511389343
2018-09-17,6.24,6.28,6.19,6.26,32906271.0,284176675.0,161922077818.0,0.00020322288006325217
2018-09-18,6.21,6.26,6.09,6.21,33145779.0,283015376.0,161922077818.0,0.00020470203598335596
2018-09-19,6.23,6.48,6.21,6.44,69839761.0,618380861.0,161922077818.0,0.0004313170998120449
2018-09-20,6.44,6.47,6.39,6.47,31634448.0,281918244.0,161922077818.0,0.00019536834276272713
2018-09-21,6.46,6.49,6.3,6.42,61564116.0,538140377.0,161922077818.0,0.00038020828802109313
2018-09-25,6.46,6.63,6.46,6.48,53980250.0,483253071.0,161922077818.0,0.0003333717719499231
2018-09-26,6.46,6.63,6.44,6.6,56594865.0,510305511.0,161922077818.0,0.00034951913761638163
2018-09-27,6.58,6.68,6.55,6.64,47152820.0,429052656.0,161922077818.0,0.00029120686095073244
2018-09-28,6.64,6.68,6.57,6.68,42977314.0,390526003.0,161922077818.0,0.0002654197289161913
2018-10-08,6.64,6.78,6.42,6.44,85611062.0,776121413.0,161922077818.0,0.0005287176594672076
2018-10-09,6.44,6.81,6.44,6.72,91499104.0,837079259.0,161922077818.0,0.0005650810885890729
2018-10-10,6.71,6.81,6.65,6.8,50939564.0,470760090.0,161922077818.0,0.0003145930727078239
2018-10-11,6.54,6.61,6.3,6.44,99412026.0,882853587.0,161922077818.0,0.0006139497920211898
2018-10-12,6.36,6.52,6.27,6.49,60684024.0,531155033.0,161922077818.0,0.0003747730069781385
2018-10-15,6.43,6.6,6.31,6.44,57934742.0,512418966.0,161922077818.0,0.0003577939634959385
2018-10-16,6.41,6.62,6.38,6.5,49914400.0,447080976.0,161922077818.0,0.00030826185454526874
2018-10-17,6.54,6.66,6.52,6.63,61819921.0,559824565.0,161922077818.0,0.00038178809111803416
2018-10-18,6.51,6.52,6.09,6.1,107280410.0,921621140.0,161922077818.0,0.0006625434372240634
2018-10-19,5.93,6.24,5.9,6.21,77360600.0,643530573.0,161922077818.0,0.000477764373101444
2018-10-22,6.17,6.41,6.15,6.34,93323289.0,808174144.0,161922077818.0,0.0005763469086957687
2018-10-23,6.23,6.37,6.19,6.21,46629881.0,401072639.0,161922077818.0,0.00028797728900447944
2018-10-24,5.98,6.13,5.91,6.05,76388165.0,629633654.0,161922077818.0,0.0004717587992284789
2018-10-25,5.93,6.03,5.9,6.03,45625981.0,373690998.0,161922077818.0,0.0002817773932674177
2018-10-26,6.05,6.1,5.98,6.01,41806777.0,346358966.0,161922077818.0,0.00025819071471520216
2018-10-29,6.12,6.12,5.96,6.0,52577457.0,435887444.0,161922077818.0,0.00032470838880351406
2018-10-30,6.0,6.03,5.87,6.02,48286283.0,396194025.0,161922077818.0,0.0002982069131688988
2018-10-31,6.06,6.07,5.95,6.06,63014075.0,518973910.0,161922077818.0,0.0003891629594256298
2018-11-01,6.01,6.09,5.97,5.98,71597755.0,591548744.0,161922077818.0,0.00044217413687388385
2018-11-02,5.98,6.07,5.91,6.06,91912763.0,756038670.0,161922077818.0,0.0005676357680100283
2018-11-05,5.99,6.05,5.96,6.04,56675656.0,466325811.0,161922077818.0,0.0003500180874883738
2018-11-06,6.02,6.11,6.0,6.09,70961967.0,590858259.0,161922077818.0,0.0004382476309361659
2018-11-07,6.05,6.06,5.95,5.97,59829537.0,492506101.0,161922077818.0,0.0003694958575522249
2018-11-08,5.98,6.03,5.96,6.0,45737479.0,376343824.0,161922077818.0,0.0002824659837394676
2018-11-09,5.93,5.96,5.9,5.9,39916683.0,324283781.0,161922077818.0,0.0002465178531420913
2018-11-12,5.88,5.93,5.87,5.92,45400312.0,367509236.0,161922077818.0,0.00028038370438298005
2018-11-13,5.83,5.88,5.77,5.87,68634394.0,548124651.0,161922077818.0,0.0004238729821460473
2018-11-14,5.69,5.75,5.66,5.71,71342371.0,558846624.0,161922077818.0,0.00044059693379298556
2018-11-15,5.73,5.74,5.69,5.74,53334064.0,418276853.0,161922077818.0,0.00032938104993901664
2018-11-16,5.73,5.74,5.69,5.73,52418174.0,411281807.0,161922077818.0,0.00032372468724689845
2018-11-19,5.72,5.77,5.7,5.77,57192650.0,449817959.0,161922077818.0,0.0003532109442437145
2018-11-20,5.73,5.75,5.68,5.71,45706384.0,358294771.0,161922077818.0,0.00028227394692509973
2018-11-21,5.6,5.63,5.58,5.62,50213616.0,385923325.0,161922077818.0,0.0003101097557334953
2018-11-22,5.62,5.64,5.6,5.63,32902792.0,253870754.0,161922077818.0,0.00020320139441999164
2018-11-23,5.62,5.63,5.55,5.57,41241096.0,316643034.0,161922077818.0,0.00025469717629460567
2018-11-26,5.52,5.55,5.44,5.54,43105729.0,325224584.0,161922077818.0,0.0002662127955673267
2018-11-27,5.55,5.55,5.49,5.51,30864244.0,233778774.0,161922077818.0,0.00019061170913759723
2018-11-28,5.51,5.56,5.5,5.55,32650544.0,247774685.0,161922077818.0,0.00020164355867949724
2018-11-29,5.52,5.58,5.5,5.51,35616646.0,270483918.0,161922077818.0,0.00021996164130275687
2018-11-30,5.52,5.56,5.52,5.55,31384657.0,238552844.0,161922077818.0,0.00019382568098759377
2018-12-03,5.63,5.68,5.58,5.63,80155247.0,619054360.0,161922077818.0,0.0004950235822078216
2018-12-04,5.62,5.65,5.61,5.63,46475967.0,359067101.0,161922077818.0,0.00028702674537217133
2018-12-05,5.58,5.63,5.58,5.59,30732771.0,236150880.0,161922077818.0,0.00018979975685924408
2018-12-06,5.55,5.58,5.5,5.54,32009739.0,243010592.0,161922077818.0,0.0001976860687026192
2018-12-07,5.53,5.54,5.5,5.52,23479823.0,177808307.0,161922077818.0,0.00014500692750738574
2018-12-10,5.55,5.55,5.52,5.55,32301124.0,245517480.0,161922077818.0,0.00019948560712212686
2018-12-11,5.52,5.54,5.51,5.52,21735291.0,164629874.0,161922077818.0,0.00013423302920081357
2018-12-12,5.56,5.58,5.53,5.57,24058208.0,183426084.0,161922077818.0,0.0001485789234192101
2018-12-13,5.55,5.64,5.55,5.62,34700069.0,267256943.0,161922077818.0,0.00021430103582911522
2018-12-14,5.64,5.68,5.6,5.6,62583548.0,484926063.0,161922077818.0,0.0003865041064402826
2018-12-17,5.58,5.65,5.57,5.63,32998682.0,254254878.0,161922077818.0,0.0002037935928483479
2018-12-18,5.59,5.6,5.54,5.56,31488092.0,240670391.0,161922077818.0,0.0001944644759029867
2018-12-19,5.53,5.53,5.44,5.44,39498704.0,296610073.0,161922077818.0,0.00024393649422159986
2018-12-20,5.44,5.47,5.38,5.42,28768430.0,213621847.0,161922077818.0,0.0001776683599152899
2018-12-21,5.39,5.39,5.36,5.39,30064568.0,221855676.0,161922077818.0,0.00018567306203785562
2018-12-24,5.37,5.43,5.36,5.41,26398395.0,195247299.0,161922077818.0,0.00016303147387764953
2018-12-25,5.33,5.33,5.25,5.3,41740830.0,302796657.0,161922077818.0,0.0002577834385680042
2018-12-26,5.29,5.32,5.28,5.28,18835611.0,136913711.0,161922077818.0,0.0001163251562345388
2018-12-27,5.41,5.44,5.21,5.26,79241604.0,577648316.0,161922077818.0,0.000489381096560948
2018-12-28,5.23,5.28,5.2,5.25,33628507.0,242428740.0,161922077818.0,0.00020768327243057217
2019-01-02,5.25,5.28,5.19,5.22,33328559.0,238296722.0,161922077818.0,0.00020583085054936865
2019-01-03,5.22,5.25,5.2,5.25,24736911.0,177485219.0,161922077818.0,0.00015277046424641504
2019-01-04,5.25,5.32,5.23,5.31,35343961.0,255742293.0,161922077818.0,0.0002182775905317033
2019-01-07,5.33,5.37,5.31,5.33,42101919.0,308369737.0,161922077818.0,0.00026001345565317195
2019-01-08,5.34,5.36,5.32,5.34,26065223.0,191078480.0,161922077818.0,0.00016097386688242255
2019-01-09,5.39,5.41,5.33,5.34,37616326.0,277799749.0,161922077818.0,0.00023231128519904897
2019-01-10,5.39,5.39,5.35,5.36,30102473.0,221781711.0,161922077818.0,0.00018590715611885306
2019-01-11,5.38,5.39,5.35,5.38,21461189.0,157943174.0,161922077818.0,0.0001325402273068798
2019-01-14,5.36,5.39,5.32,5.33,21518889.0,157683619.0,161922077818.0,0.00013289657154836647
2019-01-15,5.34,5.36,5.33,5.35,25392221.0,186094725.0,161922077818.0,0.00015681753434847095
2019-01-16,5.36,5.38,5.34,5.35,25576338.0,187967219.0,161922077818.0,0.0001579546059725576
2019-01-17,5.36,5.36,5.32,5.33,22346146.0,163778737.0,161922077818.0,0.00013800555366586274
2019-01-18,5.35,5.36,5.31,5.36,44226865.0,324003804.0,161922077818.0,0.00027313671857466456
2019-01-21,5.38,5.4,5.36,5.39,40927399.0,302040345.0,161922077818.0,0.000252759843200643
2019-01-22,5.41,5.42,5.32,5.33,39914280.0,294229315.0,161922077818.0,0.00024650301267047445
2019-01-23,5.32,5.33,5.29,5.29,27745951.0,202038405.0,161922077818.0,0.00017135372380279346
2019-01-24,5.3,5.31,5.26,5.31,26758065.0,194166342.0,161922077818.0,0.0001652527274883169
2019-01-25,5.31,5.33,5.29,5.31,36675181.0,267034666.0,161922077818.0,0.00022649895242341696
2019-01-28,5.32,5.34,5.29,5.3,36675630.0,267529820.0,161922077818.0,0.00022650172536214187
2019-01-29,5.28,5.31,5.25,5.3,34698401.0,251245309.0,161922077818.0,0.0002142907345779055
2019-01-30,5.31,5.31,5.28,5.28,25554568.0,185679617.0,161922077818.0,0.0001578201585871648
2019-01-31,5.31,5.34,5.28,5.33,45899364.0,334720838.0,161922077818.0,0.0002834657547539056
2019-02-01,5.34,5.36,5.31,5.36,45587096.0,333705104.0,161922077818.0,0.00028153724689254406
2019-02-11,5.33,5.38,5.32,5.36,44861456.0,329406059.0,161922077818.0,0.0002770558320677194
2019-02-12,5.36,5.4,5.34,5.4,48893700.0,360408434.0,161922077818.0,0.00030195820519890063
2019-02-13,5.4,5.52,5.39,5.49,101185832.0,755716612.0,161922077818.0,0.0006249044809919783
2019-02-14,5.47,5.49,5.44,5.47,50792784.0,380961534.0,161922077818.0,0.0003136865873046105
2019-02-15,5.46,5.5,5.43,5.43,40684843.0,304497480.0,161922077818.0,0.00025126186341142224
2019-02-18,5.46,5.52,5.46,5.52,81292828.0,612639483.0,161922077818.0,0.0005020490664118881
2019-02-19,5.52,5.55,5.49,5.53,84884371.0,642923169.0,161922077818.0,0.0005242297538659911
2019-02-20,5.54,5.54,5.5,5.52,49597457.0,375427035.0,161922077818.0,0.00030630447477179374
2019-02-21,5.52,5.54,5.47,5.48,71477845.0,539670537.0,161922077818.0,0.0004414335954874598
2019-02-22,5.46,5.52,5.43,5.52,75517309.0,567358495.0,161922077818.0,0.00046638055796740244
2019-02-25,5.52,5.72,5.52,5.72,211625670.0,1636201634.0,161922077818.0,0.001306959945498394
2019-02-26,5.68,5.75,5.63,5.68,159862765.0,1247082066.0,161922077818.0,0.0009872820751453384
2019-02-27,5.67,5.79,5.66,5.71,134180341.0,1052128400.0,161922077818.0,0.0008286723021848717
2019-02-28,5.73,5.74,5.67,5.71,90903349.0,711663008.0,161922077818.0,0.0005614018188561978
2019-03-01,5.71,5.75,5.67,5.74,105034811.0,822261220.0,161922077818.0,0.000648675044289259
2019-03-04,5.74,5.85,5.71,5.77,194358740.0,1538655941.0,161922077818.0,0.0012003226651924434
2019-03-05,5.75,5.76,5.69,5.74,141783053.0,1112282661.0,161922077818.0,0.0008756252075727671
2019-03-06,5.73,5.85,5.72,5.82,200833682.0,1591998137.0,161922077818.0,0.0012403106772489452
2019-03-07,5.79,5.81,5.75,5.79,166033653.0,1315739499.0,161922077818.0,0.0010253923074444572
2019-03-08,5.74,5.75,5.58,5.58,154840494.0,1205115696.0,161922077818.0,0.0009562654832903041
2019-03-11,5.58,5.62,5.54,5.62,110432684.0,845021339.0,161922077818.0,0.0006820112827611196
2019-03-12,5.63,5.71,5.61,5.65,149263216.0,1158483739.0,161922077818.0,0.0009218212736114434
2019-03-13,5.65,5.66,5.57,5.6,101263070.0,779380424.0,161922077818.0,0.0006253814882107642
2019-03-14,5.63,5.68,5.56,5.59,99089540.0,764126489.0,161922077818.0,0.0006119581797324538
2019-03-15,5.6,5.63,5.58,5.61,89442999.0,687066841.0,161922077818.0,0.0005523829746091432
2019-03-18,5.6,5.7,5.59,5.69,126520789.0,980318688.0,161922077818.0,0.0007813683637521564
2019-03-19,5.71,5.73,5.66,5.68,111315377.0,868546150.0,161922077818.0,0.0006874626270860864
2019-03-20,5.68,5.7,5.62,5.66,98027619.0,761127703.0,161922077818.0,0.0006053999573188703
2019-03-21,5.67,5.74,5.65,5.7,135233085.0,1055387210.0,161922077818.0,0.0008351738491893714
2019-03-22,5.7,5.71,5.63,5.66,99361867.0,771770126.0,161922077818.0,0.0006136400195634994
2019-03-25,5.59,5.6,5.53,5.54,125930158.0,962134696.0,161922077818.0,0.0007777207388701198
2019-03-26,5.56,5.57,5.48,5.5,82069556.0,621132436.0,161922077818.0,0.0005068459910219654
2019-03-27,5.52,5.52,5.49,5.5,54435104.0,411094402.0,161922077818.0,0.0003361808638670319
2019-03-28,5.47,5.49,5.45,5.46,56216556.0,421594488.0,161922077818.0,0.0003471827730816749
2019-03-29,5.46,5.55,5.45,5.54,87857838.0,663826519.0,161922077818.0,0.0005425933213304735
2019-04-01,5.52,5.62,5.51,5.6,225952407.0,1726215902.0,161922077818.0,0.0013954391522443897
2019-04-02,5.63,5.63,5.57,5.58,111855466.0,857669590.0,161922077818.0,0.000690798114175173
2019-04-03,5.58,5.64,5.57,5.63,128697591.0,989422798.0,161922077818.0,0.0007948118794810412
2019-04-04,5.63,5.66,5.6,5.63,165772667.0,1281242640.0,161922077818.0,0.0010237805074755034
2019-04-08,5.68,5.7,5.62,5.66,193283701.0,1502557892.0,161922077818.0,0.00119368342850226
2019-04-09,5.68,5.68,5.61,5.63,109721784.0,848963217.0,161922077818.0,0.000677620899376841
2019-04-10,5.62,5.62,5.57,5.6,104086471.0,798512964.0,161922077818.0,0.0006428182765601176
2019-04-11,5.6,5.63,5.54,5.55,91052634.0,697055672.0,161922077818.0,0.000562323774663656
2019-04-12,5.55,5.57,5.53,5.57,68293665.0,520176146.0,161922077818.0,0.00042176870455406276
2019-04-15,5.59,5.61,5.55,5.55,95604818.0,732990465.0,161922077818.0,0.000590437198486667
2019-04-16,5.52,5.63,5.49,5.63,124865356.0,952904914.0,161922077818.0,0.0007711447239477024
2019-04-17,5.6,5.62,5.59,5.6,99635873.0,765933689.0,161922077818.0,0.0006153322285796657
2019-04-18,5.59,5.63,5.58,5.59,74874496.0,576188417.0,161922077818.0,0.00046241066696388827
2019-04-19,5.59,5.61,5.53,5.58,95548280.0,730173163.0,161922077818.0,0.0005900880305364907
2019-04-22,5.6,5.71,5.57,5.63,209360734.0,1618522436.0,161922077818.0,0.001292972130924116
2019-04-23,5.66,5.66,5.58,5.61,123347789.0,950714269.0,161922077818.0,0.0007617725183754287
2019-04-24,5.61,5.62,5.55,5.58,92598979.0,708828794.0,161922077818.0,0.0005718737076983475
2019-04-25,5.56,5.57,5.47,5.47,99542227.0,754122491.0,161922077818.0,0.000614753888669124
2019-04-26,5.46,5.47,5.41,5.41,91558751.0,683215962.0,161922077818.0,0.0005654494571327808
2019-04-29,5.4,5.44,5.37,5.39,74652785.0,553380657.0,161922077818.0,0.0004610414219357384
2019-04-30,5.39,5.42,5.37,5.4,56516854.0,418280290.0,161922077818.0,0.00034903735649640565
2019-05-06,5.33,5.44,5.21,5.35,180438834.0,1314310962.0,161922077818.0,0.0011143559694361926
2019-05-07,5.32,5.33,5.28,5.31,71732293.0,522394071.0,161922077818.0,0.0004430050180101253
2019-05-08,5.28,5.3,5.25,5.28,59923257.0,433551455.0,161922077818.0,0.00037007465447271243
2019-05-09,5.25,5.29,5.25,5.25,53972965.0,390108930.0,161922077818.0,0.00033332678117350663
2019-05-10,5.27,5.32,5.24,5.31,91288943.0,662518556.0,161922077818.0,0.000563783174167321
2019-05-13,5.28,5.35,5.23,5.28,111733150.0,808973456.0,161922077818.0,0.0006900427137897018
2019-05-14,5.25,5.28,5.25,5.26,49887920.0,360154412.0,161922077818.0,0.00030809831909440967
2019-05-15,5.27,5.31,5.25,5.3,99030589.0,716090370.0,161922077818.0,0.0006115941095525598
2019-05-16,5.27,5.34,5.24,5.31,131814213.0,955631513.0,161922077818.0,0.0008140595450372052
2019-05-17,5.29,5.3,5.24,5.25,81833435.0,591049436.0,161922077818.0,0.000505387752570595
2019-05-20,5.24,5.28,5.23,5.27,76025867.0,547576549.0,161922077818.0,0.00046952131558892715
2019-05-21,5.25,5.28,5.25,5.27,55253158.0,399464338.0,161922077818.0,0.00034123301000438255
2019-05-22,5.26,5.27,5.23,5.24,52820751.0,380377946.0,161922077818.0,0.00032621092634057224
2019-05-23,5.23,5.25,5.19,5.25,132281535.0,947349642.0,161922077818.0,0.0008169456369543634
2019-05-24,5.2,5.23,5.2,5.22,45428158.0,325247104.0,161922077818.0,0.0002805556759904053
2019-05-27,5.21,5.24,5.2,5.23,45143882.0,323417057.0,161922077818.0,0.0002788000414047404
2019-05-28,5.23,5.25,5.21,5.23,75671601.0,543183866.0,161922077818.0,0.00046733343605591995
2019-05-29,5.22,5.23,5.21,5.21,42170829.0,301942047.0,161922077818.0,0.00026043903072563027
2019-05-30,5.22,5.25,5.2,5.24,79113410.0,567790409.0,161922077818.0,0.0004885893947638399
2019-05-31,5.23,5.24,5.21,5.21,45372108.0,325084883.0,161922077818.0,0.00028020952183554696
2019-06-03,5.2,5.22,5.19,5.2,55275068.0,394458667.0,161922077818.0,0.0003413683220031862
2019-06-04,5.2,5.2,5.16,5.17,47955483.0,340752980.0,161922077818.0,0.00029616395519517627
2019-06-05,5.19,5.2,5.17,5.17,49377451.0,351169481.0,161922077818.0,0.00030494575949982635
2019-06-06,5.17,5.17,5.12,5.12,57547868.0,406036820.0,161922077818.0,0.00035540470314791573
2019-06-10,5.14,5.15,5.12,5.14,51282992.0,361294687.0,161922077818.0,0.0003167140188112084
2019-06-11,5.14,5.2,5.12,5.18,111139114.0,787231806.0,161922077818.0,0.0006863740602743505
2019-06-12,5.16,5.17,5.14,5.15,59802978.0,422801878.0,161922077818.0,0.0003693318342123697
2019-06-13,5.13,5.15,5.1,5.15,85253361.0,598986587.0,161922077818.0,0.0005265085660265832
2019-06-14,5.14,5.14,5.1,5.1,65323967.0,458622106.0,161922077818.0,0.0004034284137177635
2019-06-17,5.1,5.12,5.09,5.11,51379526.0,359765743.0,161922077818.0,0.0003173101944612547
2019-06-18,5.1,5.11,5.04,5.05,105195449.0,731450133.0,161922077818.0,0.00064966711406853
2019-06-19,5.09,5.09,5.05,5.06,115911936.0,805970528.0,161922077818.0,0.0007158501024812979
2019-06-20,5.05,5.09,5.01,5.09,148395506.0,1029935199.0,161922077818.0,0.0009164624614488716
2019-06-21,5.11,5.12,5.09,5.12,138172446.0,968827643.0,161922077818.0,0.0008533267844753417
2019-06-24,5.12,5.12,5.09,5.11,83597755.0,584937388.0,161922077818.0,0.0005162838578069858
2019-06-25,5.1,5.11,5.05,5.07,88656608.0,617401244.0,161922077818.0,0.0005475263731462846
2019-06-26,5.07,5.1,5.07,5.09,88704328.0,619040837.0,161922077818.0,0.0005478210828031953
2019-06-27,5.1,5.12,5.08,5.09,107193628.0,749754532.0,161922077818.0,0.0006620074880738954
2019-06-28,5.1,5.1,5.06,5.08,58735606.0,403929420.0,161922077818.0,0.00036273994745805244
2019-07-01,5.1,5.12,5.09,5.12,123018849.0,849985076.0,161922077818.0,0.0007597410474084508
2019-07-02,5.1,5.11,5.09,5.1,69220383.0,477908890.0,161922077818.0,0.000427491938917703
2019-07-03,5.09,5.09,5.06,5.08,73325455.0,504150611.0,161922077818.0,0.00045284408394522717
2019-07-04,5.08,5.1,5.07,5.09,67376194.0,463766206.0,161922077818.0,0.0004161025779062116
2019-07-05,5.09,5.09,5.04,5.06,115304483.0,791068412.0,161922077818.0,0.0007120985881221333
2019-07-08,5.06,5.06,4.96,4.98,118396878.0,801808842.0,161922077818.0,0.0007311966323275433
2019-07-09,4.98,4.98,4.95,4.95,67967523.0,456469486.0,161922077818.0,0.00041975451350368244
2019-07-10,4.96,4.96,4.9,4.92,67042587.0,447810897.0,161922077818.0,0.0004140422844336008
2019-07-11,4.93,4.95,4.92,4.92,67040408.0,448215733.0,161922077818.0,0.00041402882734344136
2019-07-12,4.92,4.94,4.9,4.92,48044859.0,320410969.0,161922077818.0,0.000296715924396686
2019-07-15,4.92,4.92,4.85,4.9,72128654.0,477702043.0,161922077818.0,0.00044545286826835575
2019-07-16,4.9,4.9,4.88,4.89,47802359.0,316777657.0,161922077818.0,0.00029521829045282957
2019-07-17,4.87,4.89,4.86,4.87,48891363.0,322892609.0,161922077818.0,0.00030194377233074893
2019-07-18,4.86,4.87,4.82,4.82,76040219.0,498311241.0,161922077818.0,0.00046960995081516316
2019-07-19,4.83,4.86,4.82,4.84,57948291.0,379940347.0,161922077818.0,0.00035787763954668204
2019-07-22,4.84,4.84,4.76,4.76,84994174.0,551270067.0,161922077818.0,0.0005249078763399593
2019-07-23,4.76,4.78,4.75,4.76,50822041.0,327567582.0,161922077818.0,0.0003138672729800555
2019-07-24,4.76,4.8,4.76,4.78,62202602.0,402852461.0,161922077818.0,0.00038415145629440087
2019-07-25,4.78,4.78,4.75,4.78,43038711.0,277975274.0,161922077818.0,0.0002657989051275355
2019-07-26,4.76,4.85,4.75,4.83,116335248.0,757442497.0,161922077818.0,0.0007184643969969341
2019-07-29,4.81,4.84,4.81,4.83,56523870.0,369504140.0,161922077818.0,0.0003490806859799112
2019-07-30,4.84,4.84,4.82,4.83,47269200.0,309282604.0,161922077818.0,0.00029192560172758194
2019-07-31,4.83,4.84,4.8,4.81,40173380.0,261776936.0,161922077818.0,0.00024810316506162166
2019-08-01,4.79,4.8,4.76,4.77,50752817.0,328507065.0,161922077818.0,0.00031343975870323277
2019-08-02,4.71,4.71,4.66,4.67,95839322.0,607698285.0,161922077818.0,0.0005918854506531417
2019-08-05,4.66,4.67,4.61,4.61,65246356.0,409216740.0,161922077818.0,0.0004029491029218186
2019-08-06,4.56,4.57,4.53,4.55,90367104.0,556623325.0,161922077818.0,0.0005580900715810502
2019-08-07,4.55,4.64,4.53,4.58,88996986.0,551871342.0,161922077818.0,0.0005496284830289319
2019-08-08,4.56,4.58,4.55,4.56,57586013.0,355890045.0,161922077818.0,0.0003556402794233318
2019-08-09,4.57,4.59,4.53,4.56,56478575.0,348868483.0,161922077818.0,0.00034880095266243914
2019-08-12,4.56,4.57,4.54,4.57,41709671.0,257521139.0,161922077818.0,0.00025759100650179134
2019-08-13,4.56,4.56,4.53,4.53,42810762.0,263203285.0,161922077818.0,0.00026439113539612053
2019-08-14,4.56,4.57,4.53,4.53,48662603.0,299794558.0,161922077818.0,0.00030053099401736085
2019-08-15,4.47,4.51,4.45,4.5,57756532.0,350652907.0,161922077818.0,0.00035669337238198115
2019-08-16,4.5,4.52,4.48,4.5,44962180.0,274045605.0,161922077818.0,0.00027767788436199156
2019-08-19,4.5,4.56,4.49,4.56,69927360.0,429057763.0,161922077818.0,0.0004318580945990464
2019-08-20,4.56,4.59,4.54,4.57,52564402.0,325448086.0,161922077818.0,0.0003246277636029489
2019-08-21,4.57,4.57,4.54,4.56,34287647.0,211565935.0,161922077818.0,0.0002117539958852259
2019-08-22,4.56,4.56,4.53,4.54,37307378.0,229278903.0,161922077818.0,0.00023040328102714566
2019-08-23,4.55,4.56,4.51,4.52,42795686.0,262718694.0,161922077818.0,0.00026429802888338824
2019-08-26,4.45,4.48,4.44,4.48,47107708.0,285089984.0,161922077818.0,0.0002909282578065046
2019-08-27,4.49,4.53,4.48,4.5,70802591.0,432429972.0,161922077818.0,0.0004372633550292131
2019-08-28,4.51,4.52,4.5,4.5,40329236.0,246148202.0,161922077818.0,0.00024906570211710076
2019-08-29,4.51,4.51,4.48,4.5,34150998.0,207917722.0,161922077818.0,0.00021091007761391028
2019-08-30,4.52,4.55,4.5,4.52,68939478.0,422584410.0,161922077818.0,0.0004257571229878102
2019-09-02,4.51,4.56,4.5,4.55,61856812.0,380494750.0,161922077818.0,0.00038201592292761273
2019-09-03,4.55,4.55,4.53,4.54,39027877.0,239695443.0,161922077818.0,0.00024102875609011907
2019-09-04,4.54,4.57,4.53,4.57,75308273.0,464561742.0,161922077818.0,0.0004650895913319881
2019-09-05,4.59,4.64,4.59,4.6,100910130.0,630814027.0,161922077818.0,0.00062320179780192
2019-09-06,4.61,4.63,4.59,4.62,61343008.0,382855225.0,161922077818.0,0.00037884276700642013
2019-09-09,4.64,4.67,4.61,4.67,98782834.0,622132018.0,161922077818.0,0.0006100640217267448
2019-09-10,4.67,4.7,4.64,4.69,73980655.0,467955462.0,161922077818.0,0.00045689047470817457
2019-09-11,4.69,4.69,4.66,4.67,54298036.0,343928147.0,161922077818.0,0.00033533435793129367
2019-09-12,4.66,4.67,4.62,4.64,71761298.0,451026819.0,161922077818.0,0.0004431841473814307
2019-09-16,4.83,4.87,4.77,4.8,310385190.0,2027363130.0,161922077818.0,0.001916879984388986
2019-09-17,4.81,4.82,4.73,4.74,134806966.0,869044450.0,161922077818.0,0.000832542219174847
2019-09-18,4.7,4.7,4.67,4.67,104498812.0,661869224.0,161922077818.0,0.0006453648162633906
2019-09-19,4.67,4.69,4.64,4.69,62429180.0,394221420.0,161922077818.0,0.0003855507589901992
2019-09-20,4.69,4.73,4.67,4.71,56850312.0,361538818.0,161922077818.0,0.0003510967297733148
2019-09-23,4.71,4.73,4.69,4.7,47942820.0,305239536.0,161922077818.0,0.00029608575091216163
2019-09-24,4.71,4.71,4.67,4.68,40676470.0,255223610.0,161922077818.0,0.0002512101533536412
2019-09-25,4.66,4.66,4.59,4.6,59373619.0,366708184.0,161922077818.0,0.00036668019457319337
2019-09-26,4.6,4.61,4.56,4.56,47886279.0,293203057.0,161922077818.0,0.0002957365644345551
2019-09-27,4.56,4.57,4.54,4.57,48293716.0,293944707.0,161922077818.0,0.0002982528179652068
2019-09-30,4.63,4.67,4.61,4.63,83796756.0,520293662.0,161922077818.0,0.0005175128501882699
2019-10-08,4.63,4.63,4.57,4.57,81068578.0,497849735.0,161922077818.0,0.0005006641410019508
2019-10-09,4.55,4.56,4.53,4.56,54854341.0,333383054.0,161922077818.0,0.0003387699919566011
2019-10-10,4.55,4.56,4.54,4.55,49054727.0,298517426.0,161922077818.0,0.0003029526773682918
2019-10-11,4.56,4.63,4.55,4.61,84721229.0,519789196.0,161922077818.0,0.0005232222198582855
2019-10-14,4.61,4.63,4.59,4.6,72654853.0,447728561.0,161922077818.0,0.00044870257335546216
2019-10-15,4.6,4.6,4.56,4.57,45439229.0,278066695.0,161922077818.0,0.00028062404838377614
2019-10-16,4.57,4.58,4.55,4.55,36113649.0,220428106.0,161922077818.0,0.00022303103743883307
2019-10-17,4.55,4.57,4.55,4.57,30001051.0,182986022.0,161922077818.0,0.00018528079310914665
2019-10-18,4.57,4.57,4.52,4.53,49443043.0,300487138.0,161922077818.0,0.0003053508432344467
2019-10-21,4.53,4.54,4.51,4.53,40668292.0,245894980.0,161922077818.0,0.0002511596475788253
2019-10-22,4.54,4.54,4.51,4.54,36311448.0,219741812.0,161922077818.0,0.00022425260649640362
2019-10-23,4.54,4.54,4.52,4.52,31953065.0,193554360.0,161922077818.0,0.00019733606084227232
2019-10-24,4.54,4.55,4.52,4.53,41772553.0,253293703.0,161922077818.0,0.00025797935379110094
2019-10-25,4.54,4.54,4.51,4.53,56708948.0,342748087.0,161922077818.0,0.0003502236925574826
2019-10-28,4.53,4.54,4.51,4.54,68466674.0,414281211.0,161922077818.0,0.00042283717527980566
2019-10-29,4.52,4.53,4.51,4.51,38255615.0,231148734.0,161922077818.0,0.00023625941264784913
2019-10-30,4.51,4.51,4.47,4.47,59737125.0,358540585.0,161922077818.0,0.00036892513859131907
2019-10-31,4.45,4.45,4.4,4.4,105338295.0,623262545.0,161922077818.0,0.0006505493038348975
2019-11-01,4.37,4.41,4.37,4.4,60434609.0,354635170.0,161922077818.0,0.00037323266730759436
2019-11-04,4.42,4.42,4.39,4.4,55173803.0,324839974.0,161922077818.0,0.000340742928595662
2019-11-05,4.4,4.42,4.38,4.41,54681121.0,321818219.0,161922077818.0,0.0003377002181349318
2019-11-06,4.4,4.4,4.37,4.37,41801207.0,245274178.0,161922077818.0,0.00025815631545306905
2019-11-07,4.37,4.37,4.34,4.35,64844351.0,377637201.0,161922077818.0,0.0004004663963915093
2019-11-08,4.36,4.37,4.32,4.33,62707932.0,364162075.0,161922077818.0,0.00038727227840099456
2019-11-11,4.31,4.31,4.24,4.24,75264333.0,430006348.0,161922077818.0,0.00046481822623717145
2019-11-12,4.24,4.25,4.19,4.21,61171693.0,344526975.0,161922077818.0,0.0003777847581029489
2019-11-13,4.19,4.2,4.16,4.16,67345495.0,375974212.0,161922077818.0,0.0004159129867126345
2019-11-14,4.16,4.2,4.16,4.19,54305552.0,303823714.0,161922077818.0,0.0003353807753198381
2019-11-15,4.19,4.19,4.11,4.11,80373571.0,445246533.0,161922077818.0,0.0004963719097672381
2019-11-18,4.12,4.14,4.1,4.13,58983471.0,325213202.0,161922077818.0,0.00036427071462297606
2019-11-19,4.11,4.14,4.1,4.14,57197068.0,315482291.0,161922077818.0,0.00035323822897263807
2019-11-20,4.13,4.13,4.11,4.13,46279256.0,255095887.0,161922077818.0,0.0002858118955959654
2019-11-21,4.13,4.2,4.11,4.19,99407545.0,554529369.0,161922077818.0,0.0006139221182162313
2019-11-22,4.2,4.21,4.17,4.19,62575487.0,350854913.0,161922077818.0,0.0003864543232352458
2019-11-25,4.19,4.28,4.19,4.27,86356009.0,490519130.0,161922077818.0,0.0005333183106572035
2019-11-26,4.26,4.26,4.22,4.23,62604113.0,354857342.0,161922077818.0,0.0003866311119745317
2019-11-27,4.24,4.26,4.22,4.23,33188294.0,188088742.0,161922077818.0,0.00020496460054881185
2019-11-28,4.24,4.25,4.19,4.2,37354154.0,210311294.0,161922077818.0,0.00023069216071934287
2019-11-29,4.2,4.21,4.17,4.18,34877183.0,195252275.0,161922077818.0,0.00021539485825522732
2019-12-02,4.16,4.18,4.15,4.16,31282800.0,174129366.0,161922077818.0,0.00019319663150050353
2019-12-03,4.16,4.17,4.14,4.17,29182871.0,162205441.0,161922077818.0,0.00018022786881972619
2019-12-04,4.16,4.17,4.15,4.17,26814545.0,149209268.0,161922077818.0,0.00016560153724150872
2019-12-05,4.19,4.21,4.18,4.21,40544079.0,227687970.0,161922077818.0,0.00025039253168163665
2019-12-06,4.21,4.22,4.19,4.22,30154291.0,169639428.0,161922077818.0,0.00018622717424546234
2019-12-09,4.22,4.23,4.19,4.22,42943647.0,241968933.0,161922077818.0,0.00026521180791830344
2019-12-10,4.22,4.23,4.19,4.22,48289410.0,271893693.0,161922077818.0,0.0002982262249270119
2019-12-11,4.23,4.23,4.21,4.22,37683524.0,212757819.0,161922077818.0,0.0002327262872846542
2019-12-12,4.22,4.23,4.21,4.21,38523075.0,217461050.0,161922077818.0,0.00023791119481124642
2019-12-13,4.23,4.28,4.22,4.25,84648652.0,481767289.0,161922077818.0,0.0005227739980902719
2019-12-16,4.27,4.32,4.25,4.31,72787069.0,417173933.0,161922077818.0,0.0004495191142607031
2019-12-17,4.31,4.39,4.29,4.37,106313905.0,618670130.0,161922077818.0,0.0006565744859048595
2019-12-18,4.37,4.38,4.34,4.35,53227076.0,310647399.0,161922077818.0,0.0003287203123704174
2019-12-19,4.34,4.37,4.34,4.35,33502811.0,194816521.0,161922077818.0,0.00020690699780703822
2019-12-20,4.36,4.37,4.34,4.34,40194898.0,233871593.0,161922077818.0,0.00024823605614287484
2019-12-23,4.34,4.34,4.26,4.27,48299424.0,277548625.0,161922077818.0,0.0002982880694891306
2019-12-24,4.27,4.29,4.26,4.28,29824820.0,170607073.0,161922077818.0,0.0001841924239233332
2019-12-25,4.29,4.29,4.26,4.28,24126858.0,137916555.0,161922077818.0,0.00014900289278104822
2019-12-26,4.27,4.28,4.26,4.28,30654684.0,175257139.0,161922077818.0,0.00018931750637770216
2019-12-27,4.28,4.36,4.28,4.32,65523742.0,378993114.0,161922077818.0,0.0004046621861760477
2019-12-30,4.32,4.36,4.3,4.35,51029015.0,296089973.0,161922077818.0,0.0003151455050950895
2019-12-31,4.34,4.37,4.32,4.36,39722302.0,230670803.0,161922077818.0,0.0002453173930033665
2020-01-02,4.38,4.4,4.37,4.39,72808500.0,427014028.0,161922077818.0,0.0004496514680464795
2020-01-03,4.39,4.48,4.38,4.45,119856782.0,712671271.0,161922077818.0,0.0007402127221633032
2020-01-06,4.51,4.69,4.5,4.66,301646124.0,1859195864.0,161922077818.0,0.0018629091725159892
2020-01-07,4.61,4.61,4.54,4.57,152681755.0,931508895.0,161922077818.0,0.0009429335212188539
2020-01-08,4.68,4.71,4.6,4.66,215451333.0,1337592338.0,161922077818.0,0.0013305865136079018
2020-01-09,4.51,4.54,4.48,4.53,159983683.0,966146262.0,161922077818.0,0.0009880288417483207
2020-01-10,4.51,4.51,4.45,4.48,92130621.0,551691385.0,161922077818.0,0.0005689812176419486
2020-01-13,4.48,4.48,4.43,4.46,55118392.0,327829650.0,161922077818.0,0.00034040072078344333
2020-01-14,4.45,4.47,4.44,4.45,44480419.0,265271834.0,161922077818.0,0.00027470261992312053
2020-01-15,4.45,4.46,4.38,4.39,72014546.0,424495017.0,161922077818.0,0.0004447481589320029
2020-01-16,4.4,4.4,4.34,4.36,57860992.0,337630232.0,161922077818.0,0.00035733849750270376
2020-01-17,4.37,4.39,4.36,4.37,36667641.0,214376983.0,161922077818.0,0.00022645238681543066
2020-01-20,4.37,4.38,4.34,4.37,53408389.0,311510573.0,161922077818.0,0.00032984006702304605
2020-01-21,4.37,4.37,4.32,4.33,56028546.0,324824586.0,161922077818.0,0.00034602165902895555
2020-01-22,4.31,4.31,4.27,4.29,66239738.0,379676573.0,161922077818.0,0.00040908404148848245
2020-01-23,4.26,4.28,4.2,4.22,81444447.0,460859100.0,161922077818.0,0.0005029854365600678
2020-02-03,3.84,3.95,3.8,3.83,227093729.0,1167352624.0,161922077818.0,0.001402487740153957
2020-02-04,3.79,3.88,3.78,3.86,106459420.0,547645930.0,161922077818.0,0.0006574731589083245
2020-02-05,3.86,3.94,3.83,3.89,102318674.0,532964335.0,161922077818.0,0.0006319006980320864
2020-02-06,3.92,3.95,3.89,3.94,86647363.0,455310305.0,161922077818.0,0.0005351176576265987
2020-02-07,3.92,3.95,3.89,3.95,61128263.0,319828128.0,161922077818.0,0.00037751654267127185
2020-02-10,3.92,3.95,3.9,3.95,56130919.0,295251828.0,161922077818.0,0.0003466538952340459
2020-02-11,3.94,3.99,3.93,3.96,71171722.0,377281439.0,161922077818.0,0.00043954303797902615
2020-02-12,3.95,3.98,3.95,3.97,54500038.0,288657741.0,161922077818.0,0.00033658188391862105
2020-02-13,3.98,4.0,3.95,3.95,53568587.0,284224188.0,161922077818.0,0.0003308294194458828
2020-02-14,3.93,3.96,3.92,3.95,47917020.0,252872541.0,161922077818.0,0.00029592641501215546
2020-02-17,3.95,4.02,3.94,4.02,84392095.0,450155266.0,161922077818.0,0.0005211895507841525
2020-02-18,4.02,4.02,3.98,4.0,74201915.0,396980717.0,161922077818.0,0.0004582569344459794
2020-02-19,4.0,4.01,3.98,3.98,74189083.0,395688944.0,161922077818.0,0.0004581776864510616
2020-02-20,4.0,4.02,3.98,4.02,105637160.0,564952420.0,161922077818.0,0.0006523950373137868
2020-02-21,4.0,4.02,3.99,4.01,113816298.0,609926963.0,161922077818.0,0.0007029078402015643
2020-02-24,3.99,3.99,3.94,3.95,138156164.0,731039952.0,161922077818.0,0.0008532262299356557
2020-02-25,3.89,3.9,3.85,3.88,150412876.0,779444089.0,161922077818.0,0.0009289213554254392
2020-02-26,3.85,3.92,3.83,3.9,160220097.0,833178213.0,161922077818.0,0.000989488889712044
2020-02-27,3.89,3.89,3.86,3.86,136252257.0,705610730.0,161922077818.0,0.0008414680618979407
2020-02-28,3.82,3.84,3.78,3.79,209149489.0,1064602676.0,161922077818.0,0.00129166752192424
2020-03-02,3.82,3.87,3.81,3.86,139114686.0,716386394.0,161922077818.0,0.0008591458797630089
2020-03-03,3.91,3.92,3.86,3.88,125035559.0,650013359.0,161922077818.0,0.0007721958653503671
2020-03-04,3.87,3.88,3.85,3.87,89700352.0,463382133.0,161922077818.0,0.0005539723378600845
2020-03-05,3.89,3.92,3.87,3.92,153980518.0,803908182.0,161922077818.0,0.0009509544348428737
2020-03-06,3.89,3.9,3.86,3.89,109633592.0,569531778.0,161922077818.0,0.0006770762423344633
2020-03-09,3.78,3.92,3.75,3.85,226621865.0,1158158211.0,161922077818.0,0.0013995735977074255
2020-03-10,3.81,3.86,3.78,3.85,135358732.0,691745637.0,161922077818.0,0.0008359498211982115
2020-03-11,3.85,3.86,3.82,3.83,85888083.0,441412574.0,161922077818.0,0.0005304284885507582
2020-03-12,3.8,3.82,3.78,3.79,94317442.0,478813020.0,161922077818.0,0.0005824866088120026
2020-03-13,3.74,3.8,3.68,3.77,134749475.0,672317405.0,161922077818.0,0.0008321871656776666
2020-03-16,3.77,3.83,3.75,3.76,117961612.0,598050173.0,161922077818.0,0.0007285085121782376
2020-03-17,3.74,3.78,3.7,3.74,95482098.0,476788845.0,161922077818.0,0.0005896793030739244
2020-03-18,3.74,3.76,3.7,3.7,86839957.0,433599986.0,161922077818.0,0.0005363070815927145
2020-03-19,3.69,3.71,3.63,3.65,130684222.0,640038705.0,161922077818.0,0.0008070809352316287
2020-03-20,3.68,3.69,3.64,3.67,103204371.0,505579453.0,161922077818.0,0.0006373705944905267
2020-03-23,3.62,3.63,3.59,3.6,106705582.0,514036501.0,161922077818.0,0.0006589934086686857
2020-03-24,3.62,3.64,3.59,3.62,105155949.0,508054052.0,161922077818.0,0.0006494231695704586
2020-03-25,3.64,3.66,3.62,3.63,151650210.0,736600655.0,161922077818.0,0.0009365628952121924
2020-03-26,3.63,3.63,3.57,3.58,155892679.0,749711077.0,161922077818.0,0.0009627635780169704
2020-03-27,3.59,3.6,3.54,3.54,209053431.0,994193940.0,161922077818.0,0.0012910742859597907
2020-03-30,3.51,3.51,3.45,3.45,146020918.0,676286264.0,161922077818.0,0.0009017974569479471
2020-03-31,3.47,3.48,3.44,3.45,183554957.0,847471212.0,161922077818.0,0.0011336005532631276
2020-04-01,3.45,3.45,3.39,3.4,186412968.0,852263979.0,161922077818.0,0.0011512510863992723
2020-04-02,3.38,3.54,3.36,3.52,412537466.0,1904937548.0,161922077818.0,0.0025477530399757534
2020-04-03,3.54,3.54,3.45,3.46,279856007.0,1305158248.0,161922077818.0,0.0017283375483518526
2020-04-07,3.5,3.51,3.48,3.49,249824945.0,1166377663.0,161922077818.0,0.0015428714130064623
2020-04-08,3.47,3.48,3.45,3.47,193838632.0,898071054.0,161922077818.0,0.0011971105769645208
2020-04-09,3.49,3.5,3.46,3.48,132237118.0,614778722.0,161922077818.0,0.0008166713259981395
2020-04-10,3.48,3.48,3.42,3.44,164753045.0,759242618.0,161922077818.0,0.0010174835156523993
2020-04-13,3.45,3.47,3.42,3.42,113647632.0,523325758.0,161922077818.0,0.000701866191018989
2020-04-14,3.43,3.44,3.41,3.43,128355795.0,587443923.0,161922077818.0,0.0007927010122997037
2020-04-15,3.42,3.42,3.4,3.4,112297162.0,512079194.0,161922077818.0,0.0006935259447832786
2020-04-16,3.39,3.39,3.37,3.39,116651794.0,528045717.0,161922077818.0,0.0007204193249738082
2020-04-17,3.39,3.42,3.39,3.4,124297105.0,566497469.0,161922077818.0,0.0007676353136952061
2020-04-20,3.39,3.42,3.37,3.4,102497802.0,465492414.0,161922077818.0,0.0006330069585396951
2020-04-21,3.38,3.39,3.36,3.37,109960957.0,496455835.0,161922077818.0,0.0006790979864005688
2020-04-22,3.34,3.34,3.31,3.33,136997191.0,609949468.0,161922077818.0,0.0008460686328024057
2020-04-23,3.35,3.43,3.34,3.4,185032553.0,840846860.0,161922077818.0,0.0011427259055307832
2020-04-24,3.4,3.41,3.35,3.35,106711101.0,481471383.0,161922077818.0,0.0006590274929645048
2020-04-27,3.34,3.36,3.33,3.33,75706314.0,338545181.0,161922077818.0,0.0004675478169511492
2020-04-28,3.32,3.33,3.24,3.26,128594575.0,563227949.0,161922077818.0,0.0007941756722300709
2020-04-29,3.27,3.3,3.27,3.27,60415182.0,265211726.0,161922077818.0,0.00037311268984521376
2020-04-30,3.27,3.33,3.27,3.32,85973295.0,380815016.0,161922077818.0,0.0005309547416791042
2020-05-06,3.32,3.36,3.3,3.34,88177097.0,393435663.0,161922077818.0,0.0005445650042800885
2020-05-07,3.34,3.35,3.32,3.33,61056105.0,272009347.0,161922077818.0,0.00037707090856768096
2020-05-08,3.34,3.35,3.33,3.34,55870408.0,249644424.0,161922077818.0,0.00034504502877487895
2020-05-11,3.35,3.36,3.33,3.34,55730677.0,249246081.0,161922077818.0,0.0003441820766569037
2020-05-12,3.34,3.34,3.3,3.31,52202891.0,231767535.0,161922077818.0,0.00032239514032592835
2020-05-13,3.31,3.31,3.29,3.31,44111721.0,194804140.0,161922077818.0,0.0002724256110990711
2020-05-14,3.3,3.3,3.29,3.29,43927251.0,193437307.0,161922077818.0,0.000271286359414027
2020-05-15,3.3,3.31,3.3,3.3,41088010.0,181603761.0,161922077818.0,0.0002537517462330419
2020-05-18,3.33,3.33,3.31,3.32,61974604.0,275266869.0,161922077818.0,0.00038274338394829206
2020-05-19,3.35,3.37,3.33,3.33,89322364.0,400332924.0,161922077818.0,0.0005516379557604128
2020-05-20,3.33,3.33,3.3,3.31,59975700.0,266014278.0,161922077818.0,0.0003703985324806203
2020-05-21,3.33,3.34,3.3,3.33,76749769.0,340611459.0,161922077818.0,0.0004739919968558367
2020-05-22,3.32,3.32,3.26,3.27,93991808.0,412772209.0,161922077818.0,0.0005804755550731417
2020-05-25,3.27,3.27,3.24,3.24,61514353.0,267082669.0,161922077818.0,0.0003799009611841936
2020-05-26,3.24,3.26,3.24,3.25,64205918.0,278758637.0,161922077818.0,0.0003965235554361357
2020-05-27,3.25,3.25,3.21,3.22,69391811.0,299635240.0,161922077818.0,0.0004285506456877129
2020-05-28,3.21,3.24,3.2,3.21,88980863.0,382362636.0,161922077818.0,0.0005495289104430482
2020-05-29,3.2,3.21,3.15,3.18,139815262.0,594239007.0,161922077818.0,0.0008634725040840447
2020-06-01,3.18,3.21,3.18,3.21,93876816.0,401813611.0,161922077818.0,0.0005797653863206801
2020-06-02,3.21,3.22,3.2,3.22,67477346.0,290071220.0,161922077818.0,0.000416727273447197
2020-06-03,3.24,3.27,3.23,3.24,75972862.0,330470821.0,161922077818.0,0.00046919396677575555
2020-06-04,3.24,3.25,3.21,3.23,57364217.0,247462376.0,161922077818.0,0.0003542705094513253
2020-06-05,3.22,3.23,3.2,3.21,51673183.0,221838519.0,161922077818.0,0.00031912376432125905
2020-06-08,3.25,3.26,3.24,3.24,80871474.0,351105168.0,161922077818.0,0.0004994468641323843
2020-06-09,3.25,3.25,3.24,3.25,59692860.0,259045256.0,161922077818.0,0.0003686517663582271
2020-06-10,3.24,3.25,3.22,3.23,50783402.0,219627592.0,161922077818.0,0.00031362864585446104
2020-06-11,3.22,3.23,3.19,3.2,62477333.0,268287299.0,161922077818.0,0.00038584814277287354
2020-06-12,3.16,3.19,3.15,3.18,81579721.0,346374121.0,161922077818.0,0.0005038208630925265
2020-06-15,3.17,3.18,3.15,3.16,55518983.0,235140576.0,161922077818.0,0.0003428746947183027
2020-06-16,3.18,3.2,3.16,3.19,62021404.0,263491702.0,161922077818.0,0.00038303241185993114
2020-06-17,3.18,3.18,3.16,3.18,52009560.0,220893540.0,161922077818.0,0.0003212011647877852
2020-06-18,3.17,3.23,3.16,3.21,79832736.0,341813040.0,161922077818.0,0.0004930318155238336
2020-06-19,3.19,3.22,3.18,3.21,79035747.0,338442686.0,161922077818.0,0.0004881097628257709
2020-06-22,3.21,3.22,3.19,3.19,60774765.0,260633820.0,161922077818.0,0.0003753334061604044
2020-06-23,3.2,3.2,3.18,3.18,53115905.0,226543582.0,161922077818.0,0.00032803374138826294
2020-06-24,3.18,3.19,3.18,3.18,52723594.0,224645378.0,161922077818.0,0.00032561090316084743
2020-06-29,3.18,3.19,3.16,3.17,54861604.0,232907011.0,161922077818.0,0.00033881484686519586
2020-06-30,3.19,3.19,3.17,3.18,47947188.0,200938795.0,161922077818.0,0.00029611272685058126
2020-07-01,3.18,3.23,3.17,3.23,86165989.0,363009046.0,161922077818.0,0.0005321447832262278
2020-07-02,3.22,3.29,3.21,3.28,153857647.0,659477227.0,161922077818.0,0.0009501956068828094
2020-07-03,3.29,3.38,3.28,3.36,222616461.0,977995754.0,161922077818.0,0.0013748369833187315
2020-07-06,3.37,3.6,3.37,3.58,443275190.0,2033077360.0,161922077818.0,0.0027375833856223128
2020-07-07,3.62,3.71,3.54,3.57,397893345.0,1886736423.0,161922077818.0,0.0024573137299240383
2020-07-08,3.55,3.56,3.48,3.55,270532624.0,1255098821.0,161922077818.0,0.0016707581056616503
2020-07-09,3.55,3.62,3.52,3.6,261168874.0,1224970983.0,161922077818.0,0.0016129293640460391
2020-07-10,3.57,3.57,3.49,3.49,202448610.0,939764875.0,161922077818.0,0.0012502841658661996
2020-07-13,3.49,3.54,3.47,3.52,173551732.0,801412954.0,161922077818.0,0.0010718225354980418
2020-07-14,3.51,3.51,3.43,3.46,176757915.0,808282988.0,161922077818.0,0.0010916233127805798
2020-07-15,3.48,3.49,3.4,3.41,150545694.0,681615895.0,161922077818.0,0.0009297416141683469
2020-07-16,3.42,3.43,3.34,3.35,174747849.0,778710532.0,161922077818.0,0.0010792095269208202
2020-07-17,3.34,3.36,3.31,3.33,114824684.0,504085395.0,161922077818.0,0.0007091354406226349
2020-07-20,3.34,3.42,3.33,3.41,130034110.0,578626512.0,161922077818.0,0.000803065966990357
2020-07-21,3.42,3.43,3.38,3.39,84861965.0,379497815.0,161922077818.0,0.0005240913786653888
2020-07-22,3.42,3.53,3.42,3.5,283144151.0,1303041600.0,161922077818.0,0.0017486445012041736
2020-07-23,3.48,3.49,3.4,3.45,177301977.0,803923545.0,161922077818.0,0.0010949833363631052
2020-07-24,3.51,3.54,3.41,3.42,216125883.0,988549030.0,161922077818.0,0.0013347524062958538
2020-07-27,3.42,3.44,3.36,3.39,104263759.0,465300417.0,161922077818.0,0.0006439131735771832
2020-07-28,3.39,3.42,3.39,3.39,79414097.0,356134553.0,161922077818.0,0.0004904463805686908
2020-07-29,3.38,3.42,3.36,3.42,90811197.0,405241069.0,161922077818.0,0.0005608327056059122
2020-07-30,3.42,3.42,3.38,3.39,69025380.0,308697742.0,161922077818.0,0.0004262876374251098
2020-07-31,3.37,3.42,3.36,3.38,99610118.0,443949977.0,161922077818.0,0.0006151731705911131
2020-08-03,3.38,3.42,3.36,3.4,124056138.0,553528907.0,161922077818.0,0.0007661471472681988
2020-08-04,3.41,3.45,3.39,3.44,138654129.0,624202086.0,161922077818.0,0.0008563015672010267
2020-08-05,3.44,3.44,3.39,3.42,107714697.0,484087012.0,161922077818.0,0.0006652255112553029
2020-08-06,3.44,3.45,3.41,3.44,141514626.0,639520816.0,161922077818.0,0.0008739674534010246
2020-08-07,3.42,3.42,3.37,3.38,115958049.0,518026043.0,161922077818.0,0.0007161348876114136
2020-08-10,3.38,3.4,3.36,3.39,79108815.0,352778310.0,161922077818.0,0.0004885610169165326
2020-08-11,3.41,3.42,3.37,3.38,92287648.0,413343304.0,161922077818.0,0.0005699509865710288
2020-08-12,3.36,3.39,3.35,3.39,98193925.0,436188493.0,161922077818.0,0.0006064270315896621
2020-08-13,3.39,3.42,3.38,3.39,72893696.0,326345195.0,161922077818.0,0.00045017762236186426
2020-08-14,3.39,3.41,3.37,3.4,63621909.0,283906242.0,161922077818.0,0.00039291682676843403
2020-08-17,3.39,3.45,3.39,3.45,158287650.0,715400884.0,161922077818.0,0.0009775544640547099
2020-08-18,3.45,3.45,3.42,3.44,93325518.0,422979696.0,161922077818.0,0.000576360674576432
2020-08-19,3.44,3.46,3.42,3.43,97898016.0,443528198.0,161922077818.0,0.0006045995538053626
2020-08-20,3.43,3.43,3.38,3.39,101289920.0,453711212.0,161922077818.0,0.0006255473087113519
2020-08-21,3.39,3.4,3.38,3.39,57202289.0,255417721.0,161922077818.0,0.000353270472877054
2020-08-24,3.4,3.4,3.38,3.39,60808981.0,271358773.0,161922077818.0,0.000375544717678025
2020-08-25,3.39,3.39,3.36,3.38,55872314.0,248596403.0,161922077818.0,0.00034505679986888716
2020-08-26,3.38,3.39,3.36,3.36,65748886.0,291875819.0,161922077818.0,0.00040605263276019456
2020-08-27,3.36,3.37,3.35,3.36,47470328.0,210154094.0,161922077818.0,0.0002931677300569014
2020-08-28,3.35,3.38,3.34,3.38,79414758.0,351063283.0,161922077818.0,0.0004904504627791523
2020-08-31,3.37,3.39,3.36,3.36,63957297.0,284304985.0,161922077818.0,0.0003949881193587933
2020-09-01,3.36,3.36,3.33,3.35,71032894.0,312822064.0,161922077818.0,0.00043868566261755107
2020-09-02,3.34,3.34,3.3,3.3,107928308.0,470682930.0,161922077818.0,0.000666544732221823
2020-09-03,3.3,3.32,3.27,3.27,84640042.0,366929525.0,161922077818.0,0.0005227208243655025
2020-09-04,3.26,3.27,3.24,3.27,72138413.0,309760679.0,161922077818.0,0.0004455131379989046
2020-09-07,3.26,3.28,3.25,3.25,62805500.0,269923873.0,161922077818.0,0.0003878748398386613
2020-09-08,3.26,3.27,3.25,3.27,68232926.0,293003480.0,161922077818.0,0.00042139359202574976
2020-09-09,3.25,3.26,3.23,3.25,75194851.0,322182118.0,161922077818.0,0.0004643891186013486
2020-09-10,3.26,3.26,3.21,3.22,80951505.0,345039497.0,161922077818.0,0.0004999411203887174
2020-09-11,3.21,3.23,3.2,3.22,57173409.0,241936072.0,161922077818.0,0.00035309211548200834
2020-09-14,3.23,3.24,3.22,3.23,38679581.0,164565186.0,161922077818.0,0.0002388777461432761
2020-09-15,3.23,3.24,3.21,3.22,43619502.0,185322839.0,161922077818.0,0.0002693857600384069
2020-09-16,3.23,3.26,3.22,3.23,70086386.0,298688609.0,161922077818.0,0.00043284020897247207
2020-09-17,3.23,3.25,3.2,3.21,82148861.0,349003033.0,161922077818.0,0.0005073357636401819
2020-09-18,3.23,3.25,3.21,3.24,90199282.0,383406758.0,161922077818.0,0.0005570536347821807
2020-09-21,3.25,3.25,3.23,3.23,62860331.0,268049862.0,161922077818.0,0.00038821346568103485
2020-09-22,3.22,3.24,3.2,3.21,80997216.0,336639397.0,161922077818.0,0.0005002234228431817
2020-09-23,3.21,3.22,3.19,3.19,51865100.0,213956110.0,161922077818.0,0.0003203090072639522
2020-09-24,3.18,3.19,3.16,3.18,65893121.0,269260931.0,161922077818.0,0.00040694340072676004
2020-09-25,3.18,3.19,3.16,3.17,35983562.0,147172405.0,161922077818.0,0.0002222276448332477
2020-09-28,3.17,3.2,3.17,3.18,43686826.0,179352724.0,161922077818.0,0.0002698015402760819
2020-09-29,3.19,3.19,3.17,3.17,37578762.0,154065254.0,161922077818.0,0.00023207929706928806
2020-09-30,3.17,3.19,3.16,3.19,61408409.0,251664119.0,161922077818.0,0.0003792466711613156
2020-10-09,3.19,3.21,3.19,3.2,54100576.0,223498385.0,161922077818.0,0.00033411488247333946
2020-10-12,3.2,3.25,3.19,3.24,93048731.0,386727197.0,161922077818.0,0.0005746512906324395
2020-10-13,3.23,3.23,3.21,3.22,43817109.0,181802773.0,161922077818.0,0.00027060614334044255
2020-10-14,3.21,3.22,3.18,3.19,65172620.0,268204517.0,161922077818.0,0.00040249372338992497
2020-10-15,3.18,3.19,3.17,3.19,50961732.0,209334928.0,161922077818.0,0.0003147299780656277
2020-10-16,3.19,3.2,3.18,3.19,47526356.0,195560639.0,161922077818.0,0.000293513748343938
2020-10-19,3.19,3.22,3.18,3.19,74216150.0,305774817.0,161922077818.0,0.0004583448471024363
2020-10-20,3.18,3.18,3.16,3.18,38608445.0,157965483.0,161922077818.0,0.00023843842371758467
2020-10-21,3.18,3.19,3.16,3.19,50575344.0,207199091.0,161922077818.0,0.00031234371916130275
2020-10-22,3.18,3.19,3.16,3.18,35413200.0,145000940.0,161922077818.0,0.0002187051974456772
2020-10-23,3.18,3.22,3.18,3.19,81067392.0,334514230.0,161922077818.0,0.0005006568164911986
2020-10-26,3.19,3.19,3.17,3.19,57819936.0,237118776.0,161922077818.0,0.00035708494344415133
2020-10-27,3.17,3.18,3.16,3.18,47797393.0,195633837.0,161922077818.0,0.00029518762137998347
2020-10-28,3.17,3.18,3.16,3.17,52160005.0,212998544.0,161922077818.0,0.0003221302845349336
2020-10-29,3.16,3.16,3.13,3.14,63573298.0,258052697.0,161922077818.0,0.0003926166144647441
2020-10-30,3.16,3.19,3.15,3.16,95492446.0,390580101.0,161922077818.0,0.0005897432103566091
2020-11-02,3.15,3.16,3.13,3.15,64819536.0,262825237.0,161922077818.0,0.0004003131436644297
2020-11-03,3.16,3.21,3.15,3.19,95688649.0,392542719.0,161922077818.0,0.0005909549228212955
2020-11-04,3.19,3.2,3.17,3.19,58295954.0,239444170.0,161922077818.0,0.0003600247402057458
2020-11-05,3.19,3.21,3.18,3.19,77021348.0,317069850.0,161922077818.0,0.00047566921718094425
2020-11-06,3.19,3.22,3.18,3.2,101192107.0,418175107.0,161922077818.0,0.0006249432342002162
2020-11-09,3.22,3.25,3.21,3.24,127064599.0,529775607.0,161922077818.0,0.0007847268310305423
2020-11-10,3.28,3.32,3.25,3.26,182402909.0,773523867.0,161922077818.0,0.001126485723614666
2020-11-11,3.26,3.31,3.26,3.31,142254503.0,604470749.0,161922077818.0,0.0008785367932339263
2020-11-12,3.3,3.31,3.27,3.27,76485691.0,323769511.0,161922077818.0,0.00047236110128212236
2020-11-13,3.26,3.27,3.22,3.24,78219909.0,326508968.0,161922077818.0,0.0004830713022835526
2020-11-16,3.25,3.29,3.23,3.29,99182712.0,419208290.0,161922077818.0,0.0006125335923090186
2020-11-17,3.3,3.35,3.29,3.32,121867196.0,521329417.0,161922077818.0,0.00075262865720497
2020-11-18,3.3,3.33,3.29,3.3,91598550.0,390391325.0,161922077818.0,0.0005656952481980656
2020-11-19,3.29,3.3,3.27,3.29,72451736.0,307084206.0,161922077818.0,0.0004474481613398981
2020-11-20,3.28,3.29,3.26,3.29,75679042.0,319478349.0,161922077818.0,0.00046737939025870857
2020-11-23,3.29,3.36,3.28,3.34,196908319.0,845945209.0,161922077818.0,0.001216068380874685
2020-11-24,3.34,3.36,3.32,3.36,122229169.0,526655837.0,161922077818.0,0.0007548641337062464
2020-11-25,3.4,3.44,3.34,3.34,222786687.0,976343587.0,161922077818.0,0.001375888266765028
2020-11-26,3.34,3.36,3.32,3.33,105128053.0,452717113.0,161922077818.0,0.0006492508891725294
2020-11-27,3.33,3.34,3.29,3.33,125167949.0,534496655.0,161922077818.0,0.0007730134808465616
2020-11-30,3.34,3.39,3.31,3.34,190298550.0,823167615.0,161922077818.0,0.0011752477028728293
2020-12-01,3.32,3.35,3.29,3.33,103898018.0,445092019.0,161922077818.0,0.0006416544266235338
2020-12-02,3.33,3.36,3.31,3.33,85786652.0,369154464.0,161922077818.0,0.0005298020699587611
2020-12-03,3.34,3.36,3.32,3.33,76602424.0,329827581.0,161922077818.0,0.00047308202211992936
2020-12-04,3.33,3.34,3.3,3.33,81127889.0,347175778.0,161922077818.0,0.0005010304344734727
2020-12-07,3.33,3.33,3.28,3.29,84910509.0,361182048.0,161922077818.0,0.0005243911771898035
2020-12-08,3.29,3.3,3.26,3.26,60007714.0,253462734.0,161922077818.0,0.0003705962448644497
2020-12-09,3.26,3.28,3.24,3.24,60396677.0,254149338.0,161922077818.0,0.0003729984064797248
2020-12-10,3.24,3.26,3.24,3.25,62846049.0,263505065.0,161922077818.0,0.0003881252627615043
2020-12-11,3.27,3.29,3.25,3.27,90635718.0,381705910.0,161922077818.0,0.0005597489806292772
2020-12-14,3.26,3.29,3.23,3.25,64564180.0,270657746.0,161922077818.0,0.0003987361135062136
2020-12-15,3.24,3.25,3.2,3.22,68078348.0,282327032.0,161922077818.0,0.00042043894765555004
2020-12-16,3.22,3.23,3.21,3.22,43062070.0,178973964.0,161922077818.0,0.00026594316587514184
2020-12-17,3.22,3.27,3.21,3.27,77813308.0,325455764.0,161922077818.0,0.0004805602117301259
2020-12-18,3.26,3.32,3.26,3.3,98544928.0,419055570.0,161922077818.0,0.0006085947594543855
2020-12-21,3.3,3.32,3.29,3.29,73250859.0,311918919.0,161922077818.0,0.0004523833932166667
2020-12-22,3.28,3.29,3.2,3.21,100900143.0,421929493.0,161922077818.0,0.0006231401199866735
2020-12-23,3.21,3.22,3.2,3.21,65782985.0,272628921.0,161922077818.0,0.00040626322170803607
2020-12-24,3.22,3.23,3.2,3.22,54134886.0,224619315.0,161922077818.0,0.0003343267745171074
2020-12-25,3.22,3.24,3.21,3.23,42183070.0,175443183.0,161922077818.0,0.00026051462881679214
2020-12-28,3.23,3.24,3.19,3.21,75957196.0,315104362.0,161922077818.0,0.0004690972165350774
2020-12-29,3.21,3.22,3.18,3.2,75961009.0,313543583.0,161922077818.0,0.0004691207648989039
2020-12-30,3.19,3.21,3.19,3.2,50012566.0,206322494.0,161922077818.0,0.00030886810911736197
2020-12-31,3.2,3.22,3.19,3.22,61264087.0,254098060.0,161922077818.0,0.0003783553658992733
2021-01-04,3.22,3.26,3.21,3.25,96907113.0,403962846.0,161922077818.0,0.0005984799250718815
2021-01-05,3.23,3.24,3.2,3.24,81851611.0,340130522.0,161922077818.0,0.0005055000040945683
2021-01-06,3.26,3.3,3.26,3.29,138665156.0,587466028.0,161922077818.0,0.0008563696678587541
2021-01-07,3.29,3.29,3.25,3.29,113085133.0,478465595.0,161922077818.0,0.00069839230402606
2021-01-08,3.29,3.33,3.29,3.33,152421290.0,653176211.0,161922077818.0,0.0009413249388469505
2021-01-11,3.33,3.33,3.26,3.27,119641410.0,508870834.0,161922077818.0,0.0007388826255952363
2021-01-12,3.26,3.34,3.26,3.34,143888797.0,613851830.0,161922077818.0,0.0008886298825891466
2021-01-13,3.34,3.41,3.33,3.38,185290946.0,805044706.0,161922077818.0,0.0011443216916242054
2021-01-14,3.36,3.4,3.34,3.36,128560607.0,558369784.0,161922077818.0,0.0007939658923133496
2021-01-15,3.37,3.39,3.31,3.32,146794503.0,632946484.0,161922077818.0,0.00090657497098695
2021-01-18,3.29,3.32,3.29,3.29,90718352.0,386260371.0,161922077818.0,0.0005602593125192427
2021-01-19,3.29,3.33,3.29,3.3,74803843.0,318870331.0,161922077818.0,0.0004619743274544644
2021-01-20,3.31,3.34,3.28,3.31,81031637.0,345732679.0,161922077818.0,0.0005004360004018684
2021-01-21,3.29,3.32,3.29,3.29,71767521.0,305833117.0,161922077818.0,0.0004432225794475446
2021-01-22,3.29,3.3,3.24,3.24,98588245.0,414158609.0,161922077818.0,0.0006088622770195238
2021-01-25,3.24,3.24,3.2,3.22,79340697.0,329259583.0,161922077818.0,0.0004899930761089834
2021-01-26,3.21,3.24,3.2,3.22,60511883.0,251736167.0,161922077818.0,0.0003737098968555431
2021-01-27,3.22,3.24,3.21,3.22,72089555.0,299821189.0,161922077818.0,0.00044521140027012547
2021-01-28,3.21,3.22,3.19,3.2,80810465.0,333092692.0,161922077818.0,0.0004990700841353503
2021-01-29,3.2,3.2,3.16,3.17,85750155.0,351731403.0,161922077818.0,0.0005295766714183532
2021-02-01,3.17,3.18,3.15,3.16,77991811.0,317569361.0,161922077818.0,0.000481662612356436
2021-02-02,3.17,3.19,3.16,3.17,63664326.0,260867507.0,161922077818.0,0.0003931787861045023
2021-02-03,3.19,3.19,3.16,3.17,54129961.0,221481936.0,161922077818.0,0.0003342963586524744
2021-02-04,3.19,3.19,3.14,3.17,81347240.0,331741542.0,161922077818.0,0.0005023851045898391
2021-02-05,3.18,3.19,3.16,3.17,60496214.0,247240992.0,161922077818.0,0.00037361312808743466
2021-02-08,3.18,3.19,3.16,3.19,70048415.0,287662928.0,161922077818.0,0.0004326057072880095
2021-02-09,3.19,3.25,3.19,3.23,100174773.0,416136227.0,161922077818.0,0.0006186603726305698
2021-02-10,3.22,3.27,3.22,3.26,89065007.0,373293793.0,161922077818.0,0.0005500485678062311
2021-02-18,3.43,3.47,3.37,3.4,453701363.0,2006809609.0,161922077818.0,0.002801973449908166
2021-02-19,3.36,3.38,3.33,3.35,209440542.0,905330109.0,161922077818.0,0.0012934650099748017
2021-02-22,3.36,3.51,3.36,3.45,360095877.0,1599993291.0,161922077818.0,0.0022238837461358843
2021-02-23,3.5,3.52,3.45,3.47,262327277.0,1178545178.0,161922077818.0,0.0016200834409675448
2021-02-24,3.47,3.47,3.33,3.38,221193140.0,972012394.0,161922077818.0,0.0013660468231430462
2021-02-25,3.43,3.49,3.42,3.43,190364182.0,845552669.0,161922077818.0,0.0011756530336398527
2021-02-26,3.39,3.42,3.37,3.38,129860843.0,568304970.0,161922077818.0,0.000801995902905614
2021-03-01,3.4,3.41,3.36,3.39,112500173.0,490738680.0,161922077818.0,0.0006947797021629743
2021-03-02,3.36,3.37,3.3,3.31,158120480.0,679085001.0,161922077818.0,0.0009765220538840109
2021-03-03,3.32,3.36,3.3,3.34,103706925.0,445787367.0,161922077818.0,0.0006404742725483446
2021-03-04,3.35,3.39,3.34,3.36,120797848.0,523389175.0,161922077818.0,0.0007460245670499391
2021-03-05,3.4,3.43,3.36,3.43,212177099.0,932162550.0,161922077818.0,0.0013103654662737624
2021-03-08,3.51,3.55,3.48,3.5,317476844.0,1442799230.0,161922077818.0,0.001960676692630162
2021-03-09,3.47,3.5,3.42,3.47,198175668.0,884804704.0,161922077818.0,0.001223895287600922
2021-03-10,3.46,3.47,3.4,3.4,116971016.0,518078260.0,161922077818.0,0.0007223907794184504
2021-03-11,3.43,3.45,3.4,3.44,106602200.0,471419674.0,161922077818.0,0.0006583549410712269
2021-03-12,3.46,3.47,3.42,3.45,108147674.0,480526340.0,161922077818.0,0.0006678994949753406
2021-03-15,3.43,3.5,3.43,3.5,143431847.0,644391276.0,161922077818.0,0.0008858078461741149
2021-03-16,3.48,3.49,3.44,3.47,92965905.0,414855664.0,161922077818.0,0.0005741397729869391
2021-03-17,3.45,3.45,3.4,3.44,92878001.0,410329613.0,161922077818.0,0.0005735968945778637
2021-03-18,3.43,3.44,3.42,3.42,77613380.0,343180296.0,161922077818.0,0.0004793254943728998
2021-03-19,3.35,3.38,3.33,3.35,146109801.0,632201307.0,161922077818.0,0.0009023463814750885
2021-03-22,3.34,3.38,3.33,3.38,75187588.0,325738439.0,161922077818.0,0.00046434426369275383
2021-03-23,3.37,3.37,3.34,3.35,63729753.0,275666312.0,161922077818.0,0.0003935828508304598
2021-03-24,3.33,3.33,3.3,3.31,88091142.0,376815452.0,161922077818.0,0.0005440341625248548
2021-03-25,3.33,3.35,3.32,3.32,65311351.0,280798104.0,161922077818.0,0.0004033504996978225
2021-03-26,3.33,3.34,3.31,3.33,59173993.0,253819520.0,161922077818.0,0.00036544734231061076
2021-03-29,3.34,3.36,3.33,3.33,85542117.0,368839588.0,161922077818.0,0.0005282918682413965
2021-03-30,3.34,3.35,3.33,3.33,69064287.0,296944196.0,161922077818.0,0.0004265279196678052
2021-03-31,3.33,3.34,3.31,3.33,73192943.0,313973043.0,161922077818.0,0.00045202571500020325
2021-04-01,3.33,3.33,3.31,3.32,60253780.0,257730962.0,161922077818.0,0.00037211590174704337
2021-04-02,3.33,3.33,3.31,3.32,65511675.0,280812103.0,161922077818.0,0.00040458766267583937
2021-04-06,3.31,3.32,3.29,3.29,63693232.0,270872565.0,161922077818.0,0.00039335730407061
2021-04-07,3.29,3.32,3.29,3.31,69200985.0,294963300.0,161922077818.0,0.0004273721405538146
2021-04-08,3.3,3.32,3.29,3.3,61459554.0,261998720.0,161922077818.0,0.00037956253296774254
2021-04-09,3.29,3.33,3.29,3.31,70902434.0,302752478.0,161922077818.0,0.0004378799664348067
2021-04-12,3.31,3.33,3.3,3.32,71342216.0,305391371.0,161922077818.0,0.0004405959765424235
2021-04-13,3.32,3.33,3.28,3.29,72718016.0,309045958.0,161922077818.0,0.00044909265604740363
2021-04-14,3.29,3.3,3.28,3.29,47314417.0,200902280.0,161922077818.0,0.00029220485333186796
2021-04-15,3.31,3.31,3.29,3.31,61020370.0,259925275.0,161922077818.0,0.00037685021599455224
2021-04-16,3.31,3.35,3.3,3.34,84298740.0,362021098.0,161922077818.0,0.0005206130080343433
2021-04-19,3.34,3.34,3.32,3.33,92841650.0,398259560.0,161922077818.0,0.0005733723977057271
2021-04-20,3.32,3.33,3.3,3.31,55123941.0,235633276.0,161922077818.0,0.0003404349903535648
2021-04-21,3.3,3.31,3.28,3.28,81596140.0,346116024.0,161922077818.0,0.0005039222637181932
2021-04-22,3.29,3.29,3.22,3.23,162949740.0,683413693.0,161922077818.0,0.001006346646460127
2021-04-23,3.23,3.24,3.22,3.23,56813040.0,236286720.0,161922077818.0,0.0003508665449800966
2021-04-26,3.23,3.25,3.22,3.23,55434274.0,231327215.0,161922077818.0,0.00034235154802242585
2021-04-27,3.23,3.23,3.19,3.21,59998330.0,248355940.0,161922077818.0,0.00037053829106268
2021-04-28,3.21,3.23,3.2,3.23,45653797.0,189551672.0,161922077818.0,0.00028194917960054064
2021-04-29,3.24,3.26,3.23,3.26,69819050.0,292917281.0,161922077818.0,0.0004311891926095244
2021-04-30,3.29,3.31,3.27,3.29,138481387.0,587688326.0,161922077818.0,0.0008552347454165746
2021-05-06,3.32,3.42,3.31,3.4,270055045.0,1177531236.0,161922077818.0,0.0016678086684605244
2021-05-07,3.4,3.45,3.38,3.44,245375358.0,1084078033.0,161922077818.0,0.001515391608769999
2021-05-10,3.47,3.56,3.47,3.55,321335771.0,1456396248.0,161922077818.0,0.0019845086928860964
2021-05-11,3.53,3.54,3.49,3.54,221170045.0,1003396563.0,161922077818.0,0.0013659041928093002
2021-05-12,3.54,3.64,3.53,3.64,246311948.0,1147197518.0,161922077818.0,0.001521175810730727
2021-05-13,3.64,3.65,3.58,3.64,205380543.0,958194816.0,161922077818.0,0.0012683912272349123
2021-05-14,3.6,3.63,3.55,3.6,203216228.0,939816647.0,161922077818.0,0.0012550248288464684
2021-05-17,3.63,3.67,3.6,3.61,157231873.0,735955103.0,161922077818.0,0.0009710341858182441
2021-05-18,3.65,3.79,3.64,3.78,286449853.0,1377350366.0,161922077818.0,0.00176905988892984
2021-05-19,3.76,3.76,3.69,3.72,146280199.0,701558569.0,161922077818.0,0.0009033987271607184
2021-05-20,3.65,3.65,3.57,3.61,180200326.0,838893618.0,161922077818.0,0.0011128829893261665
2021-05-21,3.58,3.64,3.57,3.64,130572029.0,610412858.0,161922077818.0,0.0008063880525715747
2021-05-24,3.65,3.67,3.57,3.58,136556725.0,633676190.0,161922077818.0,0.0008433483984406958
2021-05-25,3.62,3.67,3.61,3.66,166266122.0,781691198.0,161922077818.0,0.0010268279918374237
2021-05-26,3.65,3.65,3.61,3.63,99747776.0,467104276.0,161922077818.0,0.0006160233202547971
2021-05-27,3.62,3.64,3.6,3.6,104585905.0,487134459.0,161922077818.0,0.0006459026860904928
2021-05-28,3.62,3.65,3.6,3.62,78185313.0,365405470.0,161922077818.0,0.00048285764395810245
2021-05-31,3.61,3.61,3.57,3.58,88406417.0,408384442.0,161922077818.0,0.0005459812410471202
2021-06-01,3.59,3.66,3.57,3.65,128459929.0,598514079.0,161922077818.0,0.0007933441241063411
2021-06-02,3.67,3.7,3.63,3.65,132293892.0,624362288.0,161922077818.0,0.0008170219514394943
2021-06-03,3.69,3.74,3.67,3.68,132868875.0,635187996.0,161922077818.0,0.000820572937245434
2021-06-04,3.65,3.67,3.6,3.64,111174350.0,520526631.0,161922077818.0,0.0006865916711182503
2021-06-07,3.67,3.69,3.66,3.68,106802570.0,506364914.0,161922077818.0,0.0006595923881365073
2021-06-08,3.67,3.68,3.64,3.66,80919951.0,381952759.0,161922077818.0,0.0004997462488775238
2021-06-09,3.69,3.8,3.68,3.79,228646166.0,1108292377.0,161922077818.0,0.0014120752962236422
2021-06-10,3.76,3.83,3.75,3.81,146494571.0,717599230.0,161922077818.0,0.0009047226479187077
2021-06-11,3.82,4.12,3.81,4.02,439871268.0,2260760703.0,161922077818.0,0.0027165614098308088
2021-06-15,4.04,4.15,3.99,4.05,329884758.0,1728374393.0,161922077818.0,0.002037305612955323
2021-06-16,4.13,4.21,4.04,4.12,327243836.0,1744749370.0,161922077818.0,0.002020995780253149
2021-06-17,4.07,4.07,3.95,4.05,282219317.0,1465022882.0,161922077818.0,0.00174293290206672
2021-06-18,3.99,4.04,3.95,3.99,196681969.0,1011534020.0,161922077818.0,0.0012146704862635842
2021-06-21,4.03,4.05,3.92,3.96,186233261.0,957016790.0,161922077818.0,0.0011501412500976285
2021-06-22,4.03,4.22,4.02,4.17,301101530.0,1608917197.0,161922077818.0,0.0018595458634025025
2021-06-23,4.17,4.2,4.1,4.17,179770310.0,962719687.0,161922077818.0,0.0011102272921797692
2021-06-24,4.17,4.2,4.12,4.18,132352359.0,710331109.0,161922077818.0,0.0008173830325273106
2021-06-25,4.19,4.3,4.14,4.19,217172960.0,1180095239.0,161922077818.0,0.001341218954984643
2021-06-28,4.25,4.28,4.15,4.15,160496395.0,867318776.0,161922077818.0,0.0009911952536849084
2021-06-29,4.11,4.18,4.02,4.13,166082569.0,866051018.0,161922077818.0,0.0010256944033702209
2021-06-30,4.14,4.18,4.1,4.17,104135616.0,546913891.0,161922077818.0,0.000643121786746389
2021-07-01,4.18,4.19,4.07,4.13,131834225.0,692114094.0,161922077818.0,0.0008141831353484812
2021-07-02,4.22,4.29,4.11,4.12,228263366.0,1211280204.0,161922077818.0,0.0014097111961258763
2021-07-05,4.11,4.13,4.0,4.09,168500655.0,868896544.0,161922077818.0,0.0010406280432579077
2021-07-06,4.13,4.15,4.11,4.14,108448875.0,568334154.0,161922077818.0,0.0006697596551465716
2021-07-07,4.03,4.07,3.99,4.04,176769971.0,903264205.0,161922077818.0,0.0010916977683468772
2021-07-08,3.98,4.01,3.89,3.93,201439206.0,1009462443.0,161922077818.0,0.00124405027847047
2021-07-09,3.96,3.98,3.89,3.93,140322842.0,698251837.0,161922077818.0,0.0008666072217633133
2021-07-12,3.98,3.99,3.88,3.89,151192147.0,753096063.0,161922077818.0,0.0009337339851205441
2021-07-13,3.89,3.94,3.85,3.9,130243825.0,642536856.0,161922077818.0,0.0008043611270008141
2021-07-14,3.9,3.91,3.83,3.85,132631065.0,649847162.0,161922077818.0,0.0008191042678508423
2021-07-15,3.78,3.86,3.75,3.83,163533047.0,788464465.0,161922077818.0,0.001009949039709154
2021-07-16,3.8,3.83,3.78,3.8,109456278.0,528485696.0,161922077818.0,0.0006759811847463357
2021-07-19,3.79,3.79,3.7,3.74,132306496.0,627354808.0,161922077818.0,0.0008170997913497143
2021-07-20,3.66,3.71,3.61,3.7,189554043.0,878353031.0,161922077818.0,0.0011706497690392675
2021-07-21,3.7,3.72,3.65,3.69,91956780.0,429424980.0,161922077818.0,0.000567907608642221
2021-07-22,3.74,3.81,3.72,3.74,168187865.0,803299566.0,161922077818.0,0.0010386963116236856
2021-07-23,3.74,3.78,3.7,3.71,113808370.0,539374779.0,161922077818.0,0.0007028588783792678
2021-07-26,3.71,3.72,3.63,3.65,140986148.0,654604782.0,161922077818.0,0.000870703673642751
2021-07-27,3.66,3.77,3.66,3.7,185250883.0,873168522.0,161922077818.0,0.0011440742701450603
2021-07-28,3.66,3.73,3.61,3.66,156298096.0,726249916.0,161922077818.0,0.0009652673564112651
2021-07-29,3.68,3.69,3.63,3.66,126760280.0,586599299.0,161922077818.0,0.0007828474146834889
2021-07-30,3.66,3.73,3.63,3.69,120652888.0,563748253.0,161922077818.0,0.0007451293216210672
2021-08-02,3.66,3.69,3.59,3.68,145445121.0,672397772.0,161922077818.0,0.000898241444032604
2021-08-03,3.63,3.65,3.6,3.61,128018000.0,588495804.0,161922077818.0,0.0007906148545344873
2021-08-04,3.61,3.65,3.59,3.63,82971888.0,381465322.0,161922077818.0,0.0005124186220810493
2021-08-05,3.6,3.63,3.59,3.59,99971248.0,456895567.0,161922077818.0,0.000617403440884494
2021-08-06,3.6,3.61,3.55,3.59,94095256.0,427064484.0,161922077818.0,0.0005811144302740657
2021-08-09,3.55,3.6,3.55,3.58,80072142.0,363554510.0,161922077818.0,0.0004945103415113094
2021-08-10,3.57,3.59,3.55,3.59,89859950.0,406666146.0,161922077818.0,0.0005549579847968747
2021-08-11,3.6,3.66,3.6,3.63,143398923.0,660651456.0,161922077818.0,0.0008856045138031148
2021-08-12,3.63,3.66,3.6,3.63,93787358.0,432269709.0,161922077818.0,0.000579212910702744
2021-08-13,3.63,3.63,3.58,3.59,95321927.0,436110660.0,161922077818.0,0.0005886901173979597
2021-08-16,3.58,3.64,3.56,3.63,128490359.0,590009947.0,161922077818.0,0.0007935320540070072
2021-08-17,3.62,3.64,3.55,3.57,141404592.0,644469367.0,161922077818.0,0.0008732879043149285
2021-08-18,3.55,3.59,3.53,3.58,114550677.0,516395750.0,161922077818.0,0.0007074432254306585
2021-08-19,3.55,3.55,3.49,3.5,141052508.0,629432572.0,161922077818.0,0.0008711135003995111
2021-08-20,3.49,3.51,3.44,3.47,132496951.0,582751338.0,161922077818.0,0.0008182760052580738
2021-08-23,3.46,3.51,3.46,3.49,100281056.0,444226409.0,161922077818.0,0.0006193167562530641
2021-08-24,3.54,3.56,3.52,3.55,134590994.0,605311583.0,161922077818.0,0.0008312084171207334
2021-08-25,3.58,3.63,3.55,3.63,136977460.0,623849148.0,161922077818.0,0.0008459467778937614
2021-08-26,3.63,3.7,3.62,3.66,158848460.0,738955852.0,161922077818.0,0.0009810179201044176
2021-08-27,3.68,3.73,3.66,3.73,164829467.0,774002542.0,161922077818.0,0.0010179554834101616
2021-08-30,3.77,3.85,3.76,3.83,240349140.0,1159501187.0,161922077818.0,0.001484350640992588
2021-08-31,3.81,3.9,3.77,3.89,216671818.0,1056313801.0,161922077818.0,0.001338123997170655
2021-09-01,3.91,3.94,3.84,3.89,177335823.0,874749967.0,161922077818.0,0.001095192362830997
2021-09-02,3.88,3.93,3.85,3.91,147180093.0,727690565.0,161922077818.0,0.0009089563015948328
2021-09-03,3.96,4.0,3.95,3.98,180042394.0,908595050.0,161922077818.0,0.001111907631288966
2021-09-06,3.96,4.02,3.94,3.95,133887827.0,673689559.0,161922077818.0,0.0008268657912757862
2021-09-07,3.96,4.06,3.94,4.04,204743489.0,1042099266.0,161922077818.0,0.001264456902721636
2021-09-08,4.02,4.12,4.0,4.07,143115301.0,736914148.0,161922077818.0,0.0008838529181972408
2021-09-09,4.07,4.2,4.06,4.15,255254540.0,1342188798.0,161922077818.0,0.0015764035605256093
2021-09-10,4.13,4.18,4.07,4.09,211373070.0,1102471882.0,161922077818.0,0.0013053999358727522
2021-09-13,4.15,4.34,4.13,4.33,391445040.0,2116002014.0,161922077818.0,0.002417490222920578
2021-09-14,4.36,4.72,4.3,4.5,660045926.0,3766091328.0,161922077818.0,0.004076318281574239
2021-09-15,4.43,4.82,4.41,4.72,592728613.0,3515749153.0,161922077818.0,0.003660579341541216
2021-09-16,4.85,4.88,4.62,4.69,541831229.0,3263725748.0,161922077818.0,0.003346246764502472
2021-09-17,4.66,4.79,4.43,4.59,431724314.0,2471115038.0,161922077818.0,0.002666247369214574
2021-09-22,4.54,4.96,4.5,4.92,490501184.0,2884718062.0,161922077818.0,0.0030292421552996747
2021-09-23,4.96,4.98,4.77,4.83,433737638.0,2613908671.0,161922077818.0,0.002678681275863567
2021-09-24,4.87,5.04,4.79,4.81,370097507.0,2248674025.0,161922077818.0,0.002285651913483896
2021-09-27,4.92,5.12,4.88,5.0,565182628.0,3500043157.0,161922077818.0,0.0034904605697764317
2021-09-28,5.08,5.23,4.91,5.23,558838749.0,3530201595.0,161922077818.0,0.0034512819779161513
2021-09-29,5.07,5.07,4.72,4.87,580119931.0,3537612512.0,161922077818.0,0.003582710516178364
2021-09-30,4.79,4.89,4.67,4.84,331622535.0,1970997786.0,161922077818.0,0.00204803779366482
2021-10-08,5.12,5.21,4.94,5.06,376290774.0,2371218867.0,161922077818.0,0.0023239003542367452
2021-10-11,5.1,5.15,4.92,4.96,263885657.0,1634055374.0,161922077818.0,0.0016297076998765222
2021-10-12,4.93,5.04,4.76,4.83,300847619.0,1822498094.0,161922077818.0,0.0018579777572898487
2021-10-13,4.75,4.78,4.46,4.63,383123761.0,2194026564.0,161922077818.0,0.0023660995842125377
2021-10-14,4.63,4.67,4.56,4.59,193726194.0,1110525677.0,161922077818.0,0.0011964161812309977
2021-10-15,4.63,4.83,4.58,4.79,301990121.0,1766343322.0,161922077818.0,0.001865033632655308
2021-10-18,4.83,4.9,4.72,4.84,203643268.0,1219266186.0,161922077818.0,0.0012576621467820744
2021-10-19,4.75,4.83,4.71,4.8,180080788.0,1067329539.0,161922077818.0,0.0011121447453410914
2021-10-20,4.71,4.77,4.68,4.71,161208047.0,943179965.0,161922077818.0,0.0009955902812783654
2021-10-21,4.76,4.82,4.71,4.74,154179771.0,911696083.0,161922077818.0,0.0009521849835282972
2021-10-22,4.7,4.74,4.56,4.59,199879302.0,1147465480.0,161922077818.0,0.0012344166076269341
2021-10-25,4.64,4.85,4.59,4.76,215676103.0,1271729150.0,161922077818.0,0.0013319746504390796
2021-10-26,4.81,4.82,4.69,4.71,132676344.0,782663250.0,161922077818.0,0.0008193839023553531
2021-10-27,4.69,4.75,4.63,4.68,148011878.0,859622836.0,161922077818.0,0.0009140932477803612
2021-10-28,4.59,4.59,4.36,4.39,309001878.0,1696123896.0,161922077818.0,0.0019083369121987016
2021-10-29,4.44,4.46,4.29,4.42,216514984.0,1174390872.0,161922077818.0,0.0013371554201729197
2021-11-01,4.41,4.44,4.32,4.33,175052221.0,947709783.0,161922077818.0,0.0010810892705858076
2021-11-02,4.38,4.38,4.16,4.25,208280649.0,1100757030.0,161922077818.0,0.0012863017310962802
2021-11-03,4.18,4.24,4.13,4.17,165409306.0,858111095.0,161922077818.0,0.001021536458949839
2021-11-04,4.11,4.12,4.04,4.09,204028543.0,1031993755.0,161922077818.0,0.001260041532009783
2021-11-05,4.04,4.07,3.95,3.95,189981593.0,941446497.0,161922077818.0,0.0011732902366380132
2021-11-08,3.99,4.05,3.96,3.97,154833469.0,768503892.0,161922077818.0,0.0009562220982245078
2021-11-09,3.97,3.98,3.89,3.91,149191854.0,725611130.0,161922077818.0,0.0009213805554526744
2021-11-10,3.95,3.96,3.86,3.91,178855653.0,865339060.0,161922077818.0,0.0011045785442614768
2021-11-11,3.87,3.91,3.84,3.88,167893108.0,808301034.0,161922077818.0,0.0010368759483725958
2021-11-12,3.89,3.91,3.85,3.88,145004216.0,697528182.0,161922077818.0,0.0008955184984902699
2021-11-15,3.87,3.89,3.84,3.88,123106308.0,590162938.0,161922077818.0,0.0007602811775820415
2021-11-16,3.88,3.91,3.84,3.84,172511911.0,828369196.0,161922077818.0,0.001065400798487177
2021-11-17,3.84,3.89,3.82,3.89,127566080.0,612273060.0,161922077818.0,0.0007878238824441466
2021-11-18,3.85,3.88,3.84,3.84,136866113.0,653996314.0,161922077818.0,0.0008452591199690333
2021-11-19,3.84,3.91,3.82,3.89,150205121.0,721496841.0,161922077818.0,0.0009276383000027345
2021-11-22,3.86,3.91,3.85,3.91,171120839.0,823435481.0,161922077818.0,0.0010568098020106893
2021-11-23,3.89,3.96,3.89,3.92,155065058.0,756515037.0,161922077818.0,0.0009576523479046059
2021-11-24,3.96,4.04,3.96,3.99,170729997.0,846303799.0,161922077818.0,0.001054396036048278
2021-11-25,3.99,4.0,3.92,3.92,116386844.0,569104242.0,161922077818.0,0.0007187830440937061
2021-11-26,3.91,3.91,3.83,3.84,154764664.0,740648389.0,161922077818.0,0.0009557971716121076
2021-11-29,3.75,3.85,3.74,3.82,150200197.0,706559126.0,161922077818.0,0.0009276078903139116
2021-11-30,3.81,3.85,3.78,3.8,120112740.0,568513536.0,161922077818.0,0.0007417934701591861
2021-12-01,3.79,3.92,3.78,3.92,150573017.0,722644589.0,161922077818.0,0.0009299103558271016
2021-12-02,3.89,3.99,3.88,3.94,125435150.0,613948053.0,161922077818.0,0.0007746636634751487
2021-12-03,3.97,4.0,3.91,3.96,115217682.0,565984614.0,161922077818.0,0.0007115625216315738
2021-12-06,3.96,4.0,3.93,3.94,100108172.0,492309572.0,161922077818.0,0.000618249057503581
2021-12-07,3.98,4.0,3.95,4.0,129564119.0,639942660.0,161922077818.0,0.0008001633918361012
2021-12-08,4.02,4.06,4.0,4.04,140922137.0,704781963.0,161922077818.0,0.0008703083538638635
2021-12-09,4.04,4.1,4.03,4.09,134619349.0,681697403.0,161922077818.0,0.0008313835322154883
2021-12-10,4.08,4.08,3.97,4.0,159231077.0,793767524.0,161922077818.0,0.0009833808900289393
2021-12-13,4.0,4.04,3.98,4.0,115811588.0,575072359.0,161922077818.0,0.000715230372291615
2021-12-14,3.98,3.98,3.88,3.92,158425015.0,770081281.0,161922077818.0,0.0009784028042060411
2021-12-15,3.89,3.91,3.86,3.89,94357633.0,455152807.0,161922077818.0,0.0005827348207948377
2021-12-16,3.91,3.99,3.9,3.98,134647190.0,660270736.0,161922077818.0,0.0008315554729438631
2021-12-17,3.97,4.02,3.96,3.98,105737521.0,522552581.0,161922077818.0,0.0006530148477890007
2021-12-20,3.95,3.96,3.91,3.91,106975700.0,522262155.0,161922077818.0,0.0006606616061352697
2021-12-21,3.91,3.96,3.9,3.95,76004596.0,370761031.0,161922077818.0,0.00046938994993276316
2021-12-22,3.97,4.02,3.94,3.94,109723930.0,540769098.0,161922077818.0,0.0006776341526652679
2021-12-23,3.96,4.07,3.95,4.05,211651675.0,1054923701.0,161922077818.0,0.001307120547439466
2021-12-24,4.06,4.07,3.97,3.98,107186965.0,532242643.0,161922077818.0,0.0006619663386513474
2021-12-27,3.96,4.03,3.96,3.99,77364082.0,383846871.0,161922077818.0,0.00047778587727213476
2021-12-28,4.03,4.04,3.96,3.97,114325369.0,565165071.0,161922077818.0,0.0007060517660136588
2021-12-29,3.97,3.98,3.95,3.96,75112809.0,369162142.0,161922077818.0,0.00046388244279094913
2021-12-30,3.96,3.99,3.95,3.95,90608053.0,445570050.0,161922077818.0,0.0005595781268434761
2021-12-31,3.95,3.97,3.93,3.96,74548057.0,365839904.0,161922077818.0,0.0004603946416979149
2022-01-04,3.96,3.99,3.95,3.98,124041416.0,611133220.0,161922077818.0,0.0007660562269922341
2022-01-05,3.97,4.01,3.96,4.0,140126563.0,694345515.0,161922077818.0,0.000865395039937061
2022-01-06,3.98,4.04,3.96,4.01,143780027.0,717103003.0,161922077818.0,0.0008879581397269888
2022-01-07,4.05,4.29,4.04,4.25,421615754.0,2190315196.0,161922077818.0,0.0026038188224949475
2022-01-10,4.21,4.33,4.17,4.27,270629782.0,1425931364.0,161922077818.0,0.001671358135017185
2022-01-11,4.25,4.29,4.21,4.22,127473024.0,672188076.0,161922077818.0,0.0007872491862615507
2022-01-12,4.33,4.38,4.26,4.29,280558623.0,1505850850.0,161922077818.0,0.001732676771325447
2022-01-13,4.38,4.5,4.36,4.42,306367397.0,1682746717.0,161922077818.0,0.0018920668578892384
2022-01-14,4.4,4.4,4.25,4.26,210384911.0,1121965653.0,161922077818.0,0.0012992972535621245
2022-01-17,4.34,4.37,4.2,4.29,182212676.0,965912179.0,161922077818.0,0.0011253108807361438
2022-01-18,4.29,4.45,4.27,4.42,240013773.0,1302118003.0,161922077818.0,0.0014822794780942402
2022-01-19,4.46,4.49,4.36,4.43,299087476.0,1642503627.0,161922077818.0,0.0018471074484121526
2022-01-20,4.26,4.38,4.23,4.35,273962817.0,1470115270.0,161922077818.0,0.001691942326159707
2022-01-21,4.28,4.29,4.13,4.17,282994872.0,1470192624.0,161922077818.0,0.0017477225824515758
2022-01-24,4.19,4.29,4.16,4.27,156477117.0,820494374.0,161922077818.0,0.0009663729561071954
2022-01-25,4.21,4.24,4.14,4.14,166905101.0,867155239.0,161922077818.0,0.0010307742047850998
2022-01-26,4.23,4.26,4.17,4.25,180541543.0,947424801.0,161922077818.0,0.0011149902807134691
2022-01-27,4.28,4.33,4.21,4.22,155682051.0,825570124.0,161922077818.0,0.0009614627794919123
2022-01-28,4.21,4.25,4.02,4.04,290057098.0,1471544839.0,161922077818.0,0.001791337548953784
2022-02-07,4.18,4.43,4.17,4.42,399682364.0,2148159548.0,161922077818.0,0.00246836237149354
2022-02-08,4.36,4.47,4.34,4.46,247678610.0,1356727519.0,161922077818.0,0.0015296160556832164
2022-02-09,4.39,4.45,4.38,4.42,174885770.0,957223018.0,161922077818.0,0.0010800613008225546
2022-02-10,4.42,4.52,4.38,4.45,217250216.0,1199388726.0,161922077818.0,0.0013416960733680103
2022-02-11,4.43,4.73,4.42,4.67,457650110.0,2619387301.0,161922077818.0,0.0028263601614252846
2022-02-14,4.83,4.87,4.64,4.69,331317041.0,1943458857.0,161922077818.0,0.002046151120740925
2022-02-15,4.66,4.66,4.5,4.55,258532149.0,1465627934.0,161922077818.0,0.0015966454512187614
2022-02-16,4.43,4.57,4.39,4.54,237509303.0,1320619882.0,161922077818.0,0.0014668123470287964
2022-02-17,4.5,4.63,4.46,4.59,245660209.0,1384281435.0,161922077818.0,0.0015171507944464586
2022-02-18,4.52,4.57,4.46,4.54,188989889.0,1058818777.0,161922077818.0,0.0011671656610806598
2022-02-21,4.54,4.56,4.46,4.49,136993664.0,761733091.0,161922077818.0,0.0008460468507202614
2022-02-22,4.59,4.67,4.54,4.67,370577473.0,2120971560.0,161922077818.0,0.0022886160923436772
2022-02-23,4.58,4.61,4.5,4.57,250608585.0,1413266239.0,161922077818.0,0.001547711024815797
2022-02-24,4.57,4.9,4.54,4.76,607702744.0,3568694591.0,161922077818.0,0.003753056730676692
2022-02-25,4.63,4.68,4.54,4.62,397493197.0,2275530316.0,161922077818.0,0.0024548424918730436
2022-02-28,4.63,4.74,4.62,4.65,258270622.0,1494400574.0,161922077818.0,0.0015950303101365554
2022-03-01,4.65,4.65,4.55,4.62,214210256.0,1220164547.0,161922077818.0,0.0013229218577640275
2022-03-02,4.77,4.8,4.68,4.71,327413548.0,1920291586.0,161922077818.0,0.0020220438893330654
2022-03-03,4.75,4.85,4.74,4.78,380417250.0,2260470245.0,161922077818.0,0.0023493846863031735
2022-03-04,4.71,4.75,4.63,4.68,244565628.0,1421202527.0,161922077818.0,0.0015103908700757358
2022-03-07,4.83,4.86,4.75,4.79,379340639.0,2261667610.0,161922077818.0,0.002342735741239548
2022-03-08,4.74,4.83,4.64,4.75,306942766.0,1803427827.0,161922077818.0,0.0018956202275578682
2022-03-09,4.77,4.81,4.47,4.63,360225560.0,2092346519.0,161922077818.0,0.002224684643714198
2022-03-10,4.47,4.58,4.43,4.56,296143422.0,1656891897.0,161922077818.0,0.0018289255300494875
2022-03-11,4.49,4.5,4.35,4.5,267913096.0,1474349759.0,161922077818.0,0.0016545803982402796
2022-03-14,4.4,4.54,4.39,4.4,177188189.0,981229493.0,161922077818.0,0.0010942806032859774
2022-03-15,4.33,4.33,4.03,4.03,347531371.0,1789253472.0,161922077818.0,0.0021462877433590273
2022-03-16,4.04,4.11,3.92,4.09,283301719.0,1411043242.0,161922077818.0,0.0017496176112465059
2022-03-17,4.11,4.15,4.05,4.13,252972330.0,1288119761.0,161922077818.0,0.0015623090650080482
2022-03-18,4.2,4.27,4.18,4.23,235789522.0,1237072284.0,161922077818.0,0.0014561913061974588
2022-03-21,4.25,4.26,4.16,4.19,176933675.0,922136270.0,161922077818.0,0.0010927087731598467
2022-03-22,4.25,4.33,4.25,4.31,210744022.0,1122790822.0,161922077818.0,0.0013015150548949584
2022-03-23,4.27,4.32,4.24,4.29,130049329.0,691336838.0,161922077818.0,0.0008031599566439304
2022-03-24,4.36,4.41,4.3,4.31,157370770.0,850596273.0,161922077818.0,0.0009718919873106146
2022-03-25,4.27,4.37,4.25,4.33,126648867.0,680087357.0,161922077818.0,0.0007821593491552955
2022-03-28,4.35,4.54,4.32,4.48,249619217.0,1378987142.0,161922077818.0,0.0015416008759507852
2022-03-29,4.42,4.54,4.4,4.53,161280476.0,896083578.0,161922077818.0,0.0009960375890264875
2022-03-30,4.51,4.51,4.39,4.46,200788855.0,1106057771.0,161922077818.0,0.0012400338342105897
2022-03-31,4.43,4.49,4.4,4.45,160490422.0,884331831.0,161922077818.0,0.0009911583655713141
2022-04-01,4.35,4.43,4.3,4.41,178146739.0,966531797.0,161922077818.0,0.0011002004260360126
2022-04-06,4.41,4.54,4.38,4.52,198105775.0,1100751780.0,161922077818.0,0.0012234636417071574
2022-04-07,4.48,4.58,4.47,4.48,159378475.0,892401689.0,161922077818.0,0.0009842911920827807
2022-04-08,4.5,4.55,4.45,4.5,116766097.0,651070422.0,161922077818.0,0.0007211252385931262
2022-04-11,4.51,4.56,4.41,4.43,144435608.0,804562740.0,161922077818.0,0.0008920068834735759
2022-04-12,4.39,4.42,4.3,4.4,174259457.0,944636059.0,161922077818.0,0.0010761933106853234
2022-04-13,4.44,4.5,4.43,4.45,158306477.0,878165822.0,161922077818.0,0.0009776707360310438
2022-04-14,4.48,4.53,4.46,4.51,133318156.0,745071873.0,161922077818.0,0.0008233476113729795
2022-04-15,4.57,4.59,4.46,4.46,130514686.0,731917448.0,161922077818.0,0.0008060339130942858
2022-04-18,4.47,4.53,4.34,4.35,145985840.0,800685561.0,161922077818.0,0.0009015808218820396
2022-04-19,4.35,4.52,4.33,4.51,218290612.0,1206365554.0,161922077818.0,0.0013481213614696698
2022-04-20,4.45,4.5,4.35,4.36,161246050.0,881412223.0,161922077818.0,0.0009958249805887506
2022-04-21,4.36,4.4,4.13,4.16,279973221.0,1469169159.0,161922077818.0,0.0017290614397543068
2022-04-22,4.1,4.29,4.09,4.25,183162438.0,960613061.0,161922077818.0,0.001131176430467216
2022-04-25,4.17,4.24,4.06,4.07,217306551.0,1117316149.0,161922077818.0,0.0013420439876287407
2022-04-26,4.07,4.13,3.99,4.02,183424627.0,920463561.0,161922077818.0,0.0011327956599356934
2022-04-27,4.02,4.1,4.0,4.09,185774041.0,934677382.0,161922077818.0,0.0011473051945937202
2022-04-28,4.09,4.2,4.06,4.17,155100803.0,797468440.0,161922077818.0,0.0009578731022358354
2022-04-29,4.23,4.34,4.17,4.33,203559721.0,1075245842.0,161922077818.0,0.0012571461763775079
2022-05-05,4.36,4.42,4.34,4.39,210120364.0,1144826697.0,161922077818.0,0.0012976634615334836
2022-05-06,4.3,4.33,4.22,4.26,138016440.0,733109004.0,161922077818.0,0.000852363321048351
2022-05-09,4.26,4.32,4.24,4.3,86649714.0,460910345.0,161922077818.0,0.0005351321769560915
2022-05-10,4.15,4.19,4.09,4.17,224050374.0,1150308091.0,161922077818.0,0.0013836925576747603
2022-05-11,4.15,4.2,4.13,4.18,142339672.0,736444984.0,161922077818.0,0.000879062780802439
2022-05-12,4.2,4.21,4.11,4.13,127664030.0,659143734.0,161922077818.0,0.0007884288030412631
2022-05-13,4.17,4.19,4.13,4.16,139908302.0,722474364.0,161922077818.0,0.0008640471014536793
2022-05-16,4.19,4.2,4.13,4.17,104224779.0,538342558.0,161922077818.0,0.0006436724405003522
2022-05-17,4.19,4.24,4.18,4.21,142940510.0,746165755.0,161922077818.0,0.0008827734421779392
2022-05-18,4.19,4.2,4.13,4.17,124480813.0,643253395.0,161922077818.0,0.0007687698594129709
2022-05-19,4.11,4.14,4.07,4.14,148689236.0,757342915.0,161922077818.0,0.0009182764821430115
2022-05-20,4.15,4.21,4.13,4.21,158182090.0,820898012.0,161922077818.0,0.0009769025455429016
2022-05-23,4.21,4.22,4.18,4.21,103424939.0,539762117.0,161922077818.0,0.0006387327805677578
2022-05-24,4.21,4.26,4.17,4.17,158388401.0,830107523.0,161922077818.0,0.000978176683095854
2022-05-25,4.19,4.31,4.18,4.29,160125094.0,846648652.0,161922077818.0,0.0009889021692272267
2022-05-26,4.31,4.33,4.25,4.32,113706252.0,606352573.0,161922077818.0,0.0007022282170057473
2022-05-27,4.36,4.51,4.36,4.47,283364611.0,1561958616.0,161922077818.0,0.0017500060202939162
2022-05-30,4.5,4.54,4.42,4.46,150544309.0,834789437.0,161922077818.0,0.0009297330606713892
2022-05-31,4.5,4.57,4.49,4.56,196761557.0,1109759253.0,161922077818.0,0.001215162006636053
2022-06-01,4.51,4.52,4.43,4.47,119452325.0,663222690.0,161922077818.0,0.0007377148725466832
2022-06-02,4.41,4.43,4.36,4.41,117270948.0,639713642.0,161922077818.0,0.0007242431024866927
2022-06-06,4.5,4.5,4.39,4.43,168892065.0,927432052.0,161922077818.0,0.001043045317080443
2022-06-07,4.43,4.46,4.4,4.43,140688290.0,773916604.0,161922077818.0,0.00086886415920461
2022-06-08,4.46,4.54,4.45,4.54,176343726.0,985233710.0,161922077818.0,0.0010890653601802831
2022-06-09,4.59,4.74,4.59,4.67,273842389.0,1592285172.0,161922077818.0,0.0016911985857036625
2022-06-10,4.63,4.76,4.61,4.75,209447419.0,1222107082.0,161922077818.0,0.0012935074810207065
2022-06-13,4.7,4.86,4.67,4.75,229769681.0,1353928628.0,161922077818.0,0.001419013911483155
2022-06-14,4.71,5.01,4.69,5.0,414591965.0,2516716554.0,161922077818.0,0.002560441235604698
2022-06-15,4.98,5.09,4.94,4.94,387524793.0,2411257598.0,161922077818.0,0.0023932795219906754
2022-06-16,4.92,4.95,4.75,4.77,297729640.0,1770849492.0,161922077818.0,0.0018387217111594093
2022-06-17,4.71,4.78,4.64,4.7,275674455.0,1609253527.0,161922077818.0,0.0017025130773695813
2022-06-20,4.58,4.58,4.34,4.39,516937377.0,2829470270.0,161922077818.0,0.0031925070624466436
2022-06-21,4.39,4.42,4.36,4.38,195210751.0,1064545560.0,161922077818.0,0.0012055845233126046
2022-06-22,4.39,4.4,4.28,4.29,227919033.0,1225150322.0,161922077818.0,0.0014075846609143715
2022-06-23,4.26,4.35,4.23,4.35,213141206.0,1134453671.0,161922077818.0,0.0013163196080003998
2022-06-24,4.33,4.34,4.27,4.3,165082240.0,880934325.0,161922077818.0,0.001019516561450947
2022-06-27,4.32,4.36,4.3,4.34,164277004.0,884171732.0,161922077818.0,0.001014543576847173
2022-06-28,4.38,4.4,4.35,4.4,145428839.0,775085904.0,161922077818.0,0.000898140889492918
2022-06-29,4.41,4.43,4.35,4.36,170405974.0,909708571.0,161922077818.0,0.0010523949315394525
2022-06-30,4.33,4.36,4.33,4.35,122909343.0,650754471.0,161922077818.0,0.0007590647591500758
2022-07-01,4.32,4.32,4.28,4.32,94472541.0,495762140.0,161922077818.0,0.0005834444707792528
2022-07-04,4.32,4.36,4.32,4.36,99234192.0,526008503.0,161922077818.0,0.0006128515230118217
2022-07-05,4.39,4.46,4.39,4.43,183166525.0,988893668.0,161922077818.0,0.0011312016710030037
2022-07-06,4.3,4.32,4.24,4.28,260292699.0,1357046903.0,161922077818.0,0.001607518273651159
2022-07-07,4.26,4.27,4.23,4.23,173513657.0,896039374.0,161922077818.0,0.0010715873915293312
2022-07-08,4.28,4.3,4.24,4.26,101462729.0,527116173.0,161922077818.0,0.0006266145442750793
2022-07-11,4.26,4.27,4.2,4.21,113981265.0,585700915.0,161922077818.0,0.0007039266450626618
2022-07-12,4.21,4.23,4.19,4.2,84690184.0,434052132.0,161922077818.0,0.0005230304918344215
2022-07-13,4.17,4.18,4.13,4.18,127989082.0,648483748.0,161922077818.0,0.0007904362624586587
2022-07-14,4.17,4.17,4.13,4.16,80039653.0,405141164.0,161922077818.0,0.0004943096956176931
2022-07-15,4.14,4.15,4.1,4.11,134534554.0,676264899.0,161922077818.0,0.0008308598543999448
2022-07-18,4.15,4.23,4.15,4.23,131367035.0,671775928.0,161922077818.0,0.0008112978586382532
2022-07-19,4.25,4.27,4.23,4.27,110816402.0,574197756.0,161922077818.0,0.0006843810522525369
2022-07-20,4.3,4.33,4.29,4.3,101040301.0,530715977.0,161922077818.0,0.0006240057091755519
2022-07-21,4.3,4.3,4.23,4.26,89275477.0,463824475.0,161922077818.0,0.000551348390553297
2022-07-22,4.24,4.3,4.23,4.27,77830958.0,404616436.0,161922077818.0,0.0004806692147779983
2022-07-25,4.27,4.29,4.24,4.26,63440070.0,329940409.0,161922077818.0,0.0003917938236397045
2022-07-26,4.27,4.32,4.27,4.31,79516911.0,416541554.0,161922077818.0,0.0004910813403060255
2022-07-27,4.29,4.32,4.27,4.27,72627070.0,379251676.0,161922077818.0,0.0004485309908240718
2022-07-28,4.32,4.34,4.29,4.31,79731660.0,418939168.0,161922077818.0,0.000492407589344414
2022-07-29,4.3,4.35,4.26,4.27,80701134.0,422263579.0,161922077818.0,0.0004983948766437389
2022-08-01,4.27,4.3,4.24,4.28,74500032.0,388110864.0,161922077818.0,0.0004600980484189305
2022-08-02,4.23,4.23,4.13,4.2,131903457.0,672221130.0,161922077818.0,0.0008146106990317846
2022-08-03,4.19,4.23,4.17,4.17,81279874.0,416168996.0,161922077818.0,0.0005019690649681409
2022-08-04,4.17,4.18,4.13,4.16,79798353.0,404384596.0,161922077818.0,0.00049281947264593
2022-08-05,4.14,4.15,4.1,4.14,150053692.0,754377749.0,161922077818.0,0.0009267031032584696
2022-08-08,4.13,4.16,4.12,4.15,69201470.0,349378377.0,161922077818.0,0.0004273751358217023
2022-08-09,4.16,4.21,4.15,4.18,76281323.0,389265116.0,161922077818.0,0.000471098963328151
2022-08-10,4.18,4.24,4.18,4.21,71448252.0,366763264.0,161922077818.0,0.0004412508347398287
2022-08-11,4.23,4.27,4.22,4.26,69863960.0,361707089.0,161922077818.0,0.00043146654824011653
2022-08-12,4.28,4.31,4.27,4.3,80357815.0,420496952.0,161922077818.0,0.0004962746037036529
2022-08-15,4.24,4.29,4.21,4.26,85092028.0,442255008.0,161922077818.0,0.0005255122040593082
2022-08-16,4.23,4.24,4.18,4.22,91282917.0,468653520.0,161922077818.0,0.0005637459587357924
2022-08-17,4.22,4.24,4.19,4.23,55378378.0,284827284.0,161922077818.0,0.00034200634494231945
2022-08-18,4.23,4.26,4.18,4.19,72538588.0,372035376.0,161922077818.0,0.00044798454279677157
2022-08-19,4.22,4.28,4.21,4.25,101916616.0,528030662.0,161922077818.0,0.0006294176641838429
2022-08-22,4.25,4.3,4.24,4.29,94546755.0,493577896.0,161922077818.0,0.0005839028023483636
2022-08-23,4.29,4.36,4.26,4.35,143797003.0,757985634.0,161922077818.0,0.0008880629802788688
2022-08-24,4.42,4.45,4.36,4.37,183026291.0,980940666.0,161922077818.0,0.0011303356124525593
2022-08-25,4.41,4.5,4.39,4.5,237340566.0,1288967398.0,161922077818.0,0.0014657702593637058
2022-08-26,4.5,4.51,4.43,4.46,189349011.0,1031633184.0,161922077818.0,0.0011693835303474046
2022-08-29,4.45,4.5,4.43,4.5,136098240.0,741597416.0,161922077818.0,0.0008405168821571947
2022-08-30,4.54,4.57,4.45,4.49,114007867.0,625140664.0,161922077818.0,0.0007040909339623504
2022-08-31,4.41,4.42,4.36,4.38,135330257.0,723995969.0,161922077818.0,0.0008357739650062474
2022-09-01,4.36,4.45,4.35,4.4,120335591.0,646181913.0,161922077818.0,0.0007431697556108247
2022-09-02,4.4,4.47,4.38,4.45,101659702.0,550012301.0,161922077818.0,0.0006278310121135256
2022-09-05,4.47,4.58,4.46,4.56,182015694.0,1005539897.0,161922077818.0,0.0011240943573154068
2022-09-06,4.57,4.62,4.54,4.6,143971049.0,804798025.0,161922077818.0,0.0008891378553196624
2022-09-07,4.56,4.59,4.53,4.58,106307805.0,590529659.0,161922077818.0,0.0006565368134633852
2022-09-08,4.52,4.57,4.46,4.54,132046776.0,727985431.0,161922077818.0,0.0008154958099563189
2022-09-09,4.58,4.62,4.55,4.59,122927586.0,687255668.0,161922077818.0,0.0007591774244533244
2022-09-13,4.62,4.64,4.55,4.55,104931206.0,586175305.0,161922077818.0,0.0006480351994861529
2022-09-14,4.51,4.59,4.49,4.53,97692448.0,541043603.0,161922077818.0,0.0006033300048792979
2022-09-15,4.56,4.59,4.49,4.55,104033135.0,576123075.0,161922077818.0,0.0006424888835538103
2022-09-16,4.5,4.51,4.39,4.41,267740260.0,1444287797.0,161922077818.0,0.0016535129959296803
2022-09-19,4.38,4.41,4.32,4.39,132258592.0,703667351.0,161922077818.0,0.0008168039453437493
2022-09-20,4.43,4.45,4.39,4.4,102096418.0,529009334.0,161922077818.0,0.000630528087187444
2022-09-21,4.38,4.47,4.34,4.46,100292430.0,518874389.0,161922077818.0,0.0006193869999168886
2022-09-22,4.43,4.57,4.41,4.55,133156134.0,704153654.0,161922077818.0,0.0008223469942725608
2022-09-23,4.53,4.71,4.53,4.64,198461171.0,1082860166.0,161922077818.0,0.0012256584999055524
2022-09-26,4.55,4.58,4.36,4.36,199024248.0,1042257114.0,161922077818.0,0.0012291359565167065
2022-09-27,4.36,4.41,4.29,4.35,160613542.0,814547851.0,161922077818.0,0.0009919187313080877
2022-09-28,4.34,4.37,4.3,4.32,96626922.0,490629917.0,161922077818.0,0.0005967495186703842
2022-09-29,4.38,4.42,4.31,4.36,94855711.0,486091349.0,161922077818.0,0.0005858108559267475
2022-09-30,4.33,4.4,4.33,4.37,81957230.0,420427454.0,161922077818.0,0.0005061522869791711
2022-10-10,4.51,4.58,4.47,4.49,189152408.0,1004290297.0,161922077818.0,0.001168169347558687
2022-10-11,4.5,4.51,4.43,4.44,112114720.0,586118578.0,161922077818.0,0.0006923992176410722
2022-10-12,4.42,4.44,4.37,4.43,109270714.0,564699400.0,161922077818.0,0.0006748351767250665
2022-10-13,4.41,4.42,4.35,4.37,145112826.0,743335955.0,161922077818.0,0.0008961892532228153
2022-10-14,4.41,4.43,4.39,4.41,110454219.0,571103257.0,161922077818.0,0.000682144278831144
2022-10-17,4.37,4.43,4.33,4.42,99963626.0,513878411.0,161922077818.0,0.0006173563688600814
2022-10-18,4.4,4.43,4.37,4.4,71151860.0,366763748.0,161922077818.0,0.0004394203740392617
2022-10-19,4.37,4.41,4.36,4.36,72631696.0,372904323.0,161922077818.0,0.0004485595601214915
2022-10-20,4.37,4.41,4.35,4.4,93401874.0,479892955.0,161922077818.0,0.0005768322347307293
2022-10-21,4.38,4.43,4.38,4.43,90678302.0,468794627.0,161922077818.0,0.0005600119713256285
2022-10-24,4.43,4.46,4.37,4.41,110497188.0,570885154.0,161922077818.0,0.0006824096472143752
2022-10-25,4.41,4.42,4.34,4.37,86514392.0,443829113.0,161922077818.0,0.0005342964539847491
2022-10-26,4.37,4.38,4.32,4.33,116103963.0,592150856.0,161922077818.0,0.0007170360247630997
2022-10-27,4.35,4.37,4.32,4.36,86330056.0,440285168.0,161922077818.0,0.0005331580298582555
2022-10-28,4.37,4.39,4.32,4.32,131020648.0,669389984.0,161922077818.0,0.0008091586383128487
2022-10-31,4.31,4.31,4.06,4.08,320579633.0,1565377081.0,161922077818.0,0.0019798389282055205
2022-11-01,4.07,4.14,4.07,4.14,135844778.0,654137255.0,161922077818.0,0.0008389515489832657
2022-11-02,4.14,4.18,4.11,4.17,106095921.0,516021778.0,161922077818.0,0.0006552282581208694
2022-11-03,4.14,4.19,4.14,4.17,97299473.0,474624809.0,161922077818.0,0.0006009030659139908
2022-11-04,4.17,4.24,4.16,4.22,103384083.0,510325932.0,161922077818.0,0.000638480461671221
2022-11-07,4.24,4.33,4.24,4.31,118876054.0,598486095.0,161922077818.0,0.0007341559322973633
2022-11-08,4.31,4.33,4.29,4.31,69175857.0,349353568.0,161922077818.0,0.0004272169547981807
2022-11-09,4.28,4.31,4.26,4.28,60064063.0,301993260.0,161922077818.0,0.0003709442455865213
2022-11-10,4.24,4.25,4.18,4.22,109540647.0,540991511.0,161922077818.0,0.0006765022316667861
2022-11-11,4.26,4.31,4.25,4.31,114443125.0,574087734.0,161922077818.0,0.0007067790047051754
2022-11-14,4.31,4.36,4.28,4.29,106260408.0,538174893.0,161922077818.0,0.0006562440985931296
2022-11-15,4.26,4.31,4.25,4.29,78599168.0,394664312.0,161922077818.0,0.0004854135338378332
2022-11-16,4.29,4.35,4.29,4.31,100522366.0,509102562.0,161922077818.0,0.0006208070409829281
2022-11-17,4.31,4.31,4.27,4.3,78534512.0,395189857.0,161922077818.0,0.00048501423066144565
2022-11-18,4.27,4.29,4.25,4.26,80496443.0,403148749.0,161922077818.0,0.0004971307439031124
2022-11-21,4.25,4.25,4.21,4.24,67854887.0,336726319.0,161922077818.0,0.00041905889495976405
2022-11-22,4.25,4.35,4.24,4.32,138939020.0,702533871.0,161922077818.0,0.0008580609999098894
2022-11-23,4.35,4.42,4.34,4.38,153283904.0,787554703.0,161922077818.0,0.000946652279081366
2022-11-24,4.34,4.38,4.33,4.36,81120636.0,414613676.0,161922077818.0,0.0005009856413229788
2022-11-25,4.37,4.43,4.35,4.42,111422854.0,576177366.0,161922077818.0,0.0006881263846258137
2022-11-28,4.37,4.39,4.32,4.36,102115433.0,521716698.0,161922077818.0,0.0006306455202160726
2022-11-29,4.38,4.43,4.37,4.43,126721093.0,655844180.0,161922077818.0,0.0007826054032139718
2022-11-30,4.42,4.47,4.41,4.47,128176582.0,669028494.0,161922077818.0,0.0007915942268482384
2022-12-01,4.49,4.5,4.43,4.43,104470111.0,545472680.0,161922077818.0,0.0006451875643383488
2022-12-02,4.43,4.46,4.41,4.43,87684841.0,455819077.0,161922077818.0,0.0005415249247144514
2022-12-05,4.46,4.56,4.45,4.54,171965499.0,911416976.0,161922077818.0,0.0010620262617509688
2022-12-06,4.5,4.53,4.48,4.5,117608670.0,620424044.0,161922077818.0,0.0007263288094177734
2022-12-07,4.47,4.48,4.41,4.43,129510662.0,674021358.0,161922077818.0,0.0007998332515567744
2022-12-08,4.42,4.43,4.37,4.39,113714634.0,587271356.0,161922077818.0,0.0007022799826458191
2022-12-09,4.4,4.42,4.37,4.38,95434070.0,490964200.0,161922077818.0,0.0005893826912675099
2022-12-12,4.38,4.4,4.33,4.34,117512320.0,600057345.0,161922077818.0,0.0007257337701167814
2022-12-13,4.36,4.37,4.33,4.35,89767943.0,457994166.0,161922077818.0,0.0005543897670390503
2022-12-14,4.36,4.39,4.34,4.38,82193454.0,420972754.0,161922077818.0,0.0005076111615389795
2022-12-15,4.4,4.41,4.33,4.34,76014605.0,388116796.0,161922077818.0,0.00046945176361583144
2022-12-16,4.32,4.37,4.31,4.36,71833099.0,366146063.0,161922077818.0,0.0004436275767208238
2022-12-19,4.35,4.36,4.27,4.28,90435893.0,456061879.0,161922077818.0,0.0005585148993804891
2022-12-20,4.27,4.31,4.25,4.26,76654952.0,383635592.0,161922077818.0,0.0004734064250716939
2022-12-21,4.27,4.28,4.25,4.25,50173534.0,250868410.0,161922077818.0,0.0003098622169139586
2022-12-22,4.29,4.31,4.25,4.26,59682672.0,299427656.0,161922077818.0,0.00036858884720515487
2022-12-23,4.25,4.27,4.24,4.25,59499670.0,296821483.0,161922077818.0,0.0003674586616093049
2022-12-26,4.26,4.29,4.24,4.25,68345386.0,340746851.0,161922077818.0,0.0004220881236270945
2022-12-27,4.26,4.27,4.25,4.27,57356738.0,286865086.0,161922077818.0,0.00035422432056775375
2022-12-28,4.26,4.32,4.25,4.31,83727285.0,421366246.0,161922077818.0,0.0005170838104863578
2022-12-29,4.29,4.29,4.23,4.23,124861888.0,621860485.0,161922077818.0,0.0007711233062383528
2022-12-30,4.23,4.25,4.22,4.24,73679568.0,366223379.0,161922077818.0,0.00045503101857929246
2023-01-03,4.25,4.27,4.22,4.27,74673018.0,372173228.0,161922077818.0,0.00046116637710104163
2023-01-04,4.25,4.26,4.23,4.25,85407262.0,425278877.0,161922077818.0,0.0005274590293733604
2023-01-05,4.24,4.25,4.23,4.25,76422070.0,380338343.0,161922077818.0,0.0004719681900691653
2023-01-06,4.25,4.25,4.24,4.24,64045963.0,318747371.0,161922077818.0,0.0003955357037351478
2023-01-09,4.25,4.25,4.24,4.25,66437661.0,330873003.0,161922077818.0,0.00041030637634650267
2023-01-10,4.25,4.25,4.23,4.23,53017358.0,263568386.0,161922077818.0,0.0003274251338325301
2023-01-11,4.24,4.26,4.23,4.24,76981535.0,383423924.0,161922077818.0,0.00047542333965431844
2023-01-12,4.25,4.31,4.25,4.3,113467056.0,570154115.0,161922077818.0,0.0007007509879383878
2023-01-13,4.3,4.35,4.29,4.34,103360976.0,524451518.0,161922077818.0,0.0006383377572277541
2023-01-16,4.36,4.37,4.32,4.36,102921732.0,525867950.0,161922077818.0,0.0006356250697059592
2023-01-17,4.36,4.36,4.31,4.33,73499427.0,373258241.0,161922077818.0,0.000453918501976075
2023-01-18,4.34,4.37,4.32,4.34,73749609.0,375479195.0,161922077818.0,0.0004554635784929488
2023-01-19,4.34,4.35,4.31,4.35,83618404.0,424551110.0,161922077818.0,0.0005164113821092814
2023-01-20,4.37,4.44,4.37,4.43,165726426.0,857520771.0,161922077818.0,0.0010234949318416978
2023-01-30,4.47,4.48,4.41,4.44,139074398.0,724596969.0,161922077818.0,0.0008588970687265962
2023-01-31,4.43,4.45,4.4,4.41,101993434.0,528747266.0,161922077818.0,0.0006298920775623961
2023-02-01,4.42,4.44,4.4,4.43,118695254.0,615762967.0,161922077818.0,0.0007330393458353045
2023-02-02,4.43,4.43,4.39,4.42,100102720.0,517674069.0,161922077818.0,0.0006182153869870371
2023-02-03,4.4,4.42,4.37,4.41,110465588.0,569107325.0,161922077818.0,0.0006822144916159181
2023-02-06,4.38,4.4,4.37,4.39,82479479.0,423853320.0,161922077818.0,0.0005093775976164703
2023-02-07,4.4,4.43,4.39,4.41,68331685.0,353259942.0,161922077818.0,0.0004220035088532191
2023-02-08,4.44,4.44,4.38,4.39,81475138.0,422281180.0,161922077818.0,0.0005031749783471642
2023-02-09,4.4,4.42,4.39,4.41,55023501.0,284175674.0,161922077818.0,0.00033981469198935473
2023-02-10,4.4,4.41,4.37,4.38,65802000.0,338556924.0,161922077818.0,0.00040638065473666465
2023-02-13,4.39,4.41,4.37,4.39,77696687.0,400015798.0,161922077818.0,0.0004798399825830476
2023-02-14,4.4,4.41,4.38,4.41,50960059.0,262841506.0,161922077818.0,0.0003147196459353676
2023-02-15,4.4,4.41,4.37,4.39,69021272.0,355163751.0,161922077818.0,0.0004262622671973104
2023-02-16,4.39,4.44,4.38,4.39,145396169.0,753082101.0,161922077818.0,0.0008979391257776776
2023-02-17,4.39,4.43,4.38,4.39,81773943.0,422054818.0,161922077818.0,0.0005050203412774489
2023-02-20,4.39,4.48,4.38,4.47,151956987.0,792181630.0,161922077818.0,0.0009384574917004169
2023-02-21,4.47,4.52,4.46,4.49,126627588.0,666045211.0,161922077818.0,0.0007820279340926509
2023-02-22,4.48,4.5,4.46,4.47,71010801.0,372941351.0,161922077818.0,0.00043854922044550315
2023-02-23,4.48,4.5,4.45,4.48,93199281.0,489305725.0,161922077818.0,0.000575581058839646
2023-02-24,4.48,4.49,4.44,4.46,70626710.0,369312965.0,161922077818.0,0.00043617714737692685
2023-02-27,4.45,4.48,4.44,4.44,61928471.0,323920000.0,161922077818.0,0.0003824584753019748
2023-02-28,4.45,4.46,4.43,4.46,78091859.0,407149028.0,161922077818.0,0.00048228048980309557
2023-03-01,4.45,4.51,4.44,4.5,119014626.0,626730730.0,161922077818.0,0.0007350117266514584
2023-03-02,4.5,4.6,4.49,4.57,191389157.0,1022773481.0,161922077818.0,0.0011819830845743032
2023-03-03,4.58,4.71,4.56,4.69,239504045.0,1307700110.0,161922077818.0,0.0014791314947749247
2023-03-06,4.71,4.79,4.67,4.7,198012047.0,1094943856.0,161922077818.0,0.0012228847953801893
2023-03-07,4.72,4.98,4.71,4.81,448196726.0,2558295973.0,161922077818.0,0.002767977857249164
2023-03-08,4.73,4.78,4.7,4.75,192283334.0,1068594051.0,161922077818.0,0.001187505351902203
2023-03-09,4.73,4.83,4.73,4.75,153406399.0,858210571.0,161922077818.0,0.0009474087849368411
2023-03-10,4.72,4.77,4.63,4.64,179783988.0,988683903.0,161922077818.0,0.0011103117649100126
2023-03-13,4.67,4.84,4.66,4.84,251070616.0,1406885454.0,161922077818.0,0.0015505644405218338
2023-03-14,4.81,4.84,4.7,4.73,204665763.0,1143522143.0,161922077818.0,0.001263976881707532
2023-03-15,4.73,4.88,4.69,4.82,223151492.0,1252531150.0,161922077818.0,0.0013781412331604446
2023-03-16,4.73,4.75,4.66,4.67,239996822.0,1323381137.0,161922077818.0,0.0014821747919376122
2023-03-17,4.7,5.02,4.68,4.97,523508836.0,3004463767.0,161922077818.0,0.0032330911451644204
2023-03-20,4.95,5.11,4.89,4.92,426152516.0,2502695464.0,161922077818.0,0.002631837002974939
2023-03-21,4.95,4.98,4.79,4.84,225596445.0,1283749320.0,161922077818.0,0.0013932407985374905
2023-03-22,4.86,4.93,4.83,4.86,149398910.0,853797496.0,161922077818.0,0.0009226592939841347
2023-03-23,4.85,4.94,4.83,4.92,185728109.0,1064222015.0,161922077818.0,0.0011470215272852285
2023-03-24,4.89,4.89,4.8,4.81,182370863.0,1031542148.0,161922077818.0,0.0011262878136049142
2023-03-27,4.78,4.78,4.69,4.76,158995323.0,881552429.0,161922077818.0,0.0009819249180998673
2023-03-28,4.82,4.89,4.77,4.83,174559798.0,988182291.0,161922077818.0,0.0010780481596598876
2023-03-29,4.87,4.87,4.77,4.78,123527183.0,695506665.0,161922077818.0,0.0007628804216485181
2023-03-30,4.86,5.14,4.85,5.12,574240950.0,3403189911.0,161922077818.0,0.003546403046071613
2023-03-31,5.11,5.12,5.03,5.05,208251836.0,1237145884.0,161922077818.0,0.0012861237874805097
2023-04-03,5.16,5.27,5.09,5.12,341157713.0,2071494157.0,161922077818.0,0.002106925242050441
2023-04-04,5.15,5.32,5.12,5.26,294045568.0,1805461310.0,161922077818.0,0.0018159695821746214
2023-04-06,5.22,5.29,5.18,5.27,182910017.0,1124653839.0,161922077818.0,0.001129617526311578
2023-04-07,5.25,5.3,5.21,5.24,119806394.0,736244430.0,161922077818.0,0.0007399015354451052
2023-04-10,5.25,5.53,5.25,5.51,338428346.0,2163040596.0,161922077818.0,0.0020900691898259396
2023-04-11,5.47,5.63,5.43,5.59,276352128.0,1798648200.0,161922077818.0,0.0017066982571124062
2023-04-12,5.6,5.86,5.6,5.82,311541327.0,2106278659.0,161922077818.0,0.0019240200669248554
2023-04-13,5.85,6.09,5.75,5.78,454045641.0,3135648701.0,161922077818.0,0.0028040996454501165
2023-04-14,5.78,5.92,5.71,5.88,275387997.0,1886902141.0,161922077818.0,0.0017007439671663268
2023-04-17,5.86,6.28,5.82,6.26,425572372.0,3052584837.0,161922077818.0,0.002628254143813188
2023-04-18,6.22,6.26,6.11,6.22,270398992.0,1957647422.0,161922077818.0,0.0016699328198093392
2023-04-19,6.17,6.35,6.11,6.13,255674917.0,1856897646.0,161922077818.0,0.0015789997290386673
2023-04-20,6.07,6.28,6.02,6.24,280152765.0,2017221138.0,161922077818.0,0.001730170269398908
2023-04-21,6.18,6.41,6.13,6.22,274566805.0,2023327497.0,161922077818.0,0.001695672441336952
2023-04-24,6.22,6.33,6.15,6.24,234465186.0,1716641183.0,161922077818.0,0.0014480124585823206
2023-04-25,6.28,6.51,6.27,6.5,338419760.0,2548347641.0,161922077818.0,0.002090016164320612
2023-04-26,6.4,6.48,6.29,6.43,258525790.0,1934923944.0,161922077818.0,0.001596606179242477
2023-04-27,6.32,6.44,6.22,6.4,206108477.0,1536494449.0,161922077818.0,0.0012728868093680554
2023-04-28,6.37,6.73,6.34,6.73,274782821.0,2112599054.0,161922077818.0,0.0016970065151267091
2023-05-04,6.47,6.96,6.44,6.83,355548901.0,2784410997.0,161922077818.0,0.002195802485931758
2023-05-05,6.83,6.86,6.64,6.8,236169561.0,1866190077.0,161922077818.0,0.0014585383548836
2023-05-08,6.84,7.32,6.84,7.32,349088043.0,2916760204.0,161922077818.0,0.0021559014539843917
2023-05-09,7.32,7.37,6.9,6.9,412498864.0,3452312934.0,161922077818.0,0.0025475146413551316
2023-05-10,6.9,6.93,6.51,6.63,413916289.0,3230949147.0,161922077818.0,0.0025562683889545986
2023-05-11,6.61,6.63,6.45,6.51,201756976.0,1546282627.0,161922077818.0,0.0012460127656388792
2023-05-12,6.53,6.69,6.39,6.4,268904603.0,2053507037.0,161922077818.0,0.0016607037571630479
2023-05-15,6.33,6.4,6.17,6.37,294277031.0,2171734433.0,161922077818.0,0.0018173990537026497
2023-05-16,6.35,6.61,6.33,6.41,217459551.0,1647173396.0,161922077818.0,0.001342988886570638
2023-05-17,6.34,6.44,6.24,6.37,123544342.0,917987117.0,161922077818.0,0.0007629863923736424
2023-05-18,6.44,6.67,6.44,6.57,203892037.0,1570114278.0,161922077818.0,0.0012591984968793083
2023-05-19,6.55,6.57,6.38,6.42,149611355.0,1133297414.0,161922077818.0,0.0009239713139561042
2023-05-22,6.39,6.47,6.29,6.39,129673636.0,970143375.0,161922077818.0,0.0008008397480283871
2023-05-23,6.39,6.46,6.27,6.27,122260329.0,909478905.0,161922077818.0,0.0007550565719482694
2023-05-24,6.24,6.29,6.13,6.16,162257214.0,1180595095.0,161922077818.0,0.001002069737410217
2023-05-25,6.14,6.2,5.99,6.11,228173645.0,1622169026.0,161922077818.0,0.0014091570962698897
2023-05-26,6.1,6.14,5.98,6.06,124126220.0,882285959.0,161922077818.0,0.0007665799603900683
2023-05-29,6.18,6.57,6.16,6.5,269256722.0,2025538014.0,161922077818.0,0.001662878377231818
2023-05-30,6.46,6.74,6.44,6.54,216972952.0,1672886525.0,161922077818.0,0.0013399837435626107
2023-05-31,6.46,6.56,6.31,6.4,188431686.0,1416284067.0,161922077818.0,0.0011637183053678248
2023-06-01,6.42,6.64,6.39,6.51,180321308.0,1379439224.0,161922077818.0,0.001113630151180994
2023-06-02,6.57,6.66,6.5,6.52,143249684.0,1100956483.0,161922077818.0,0.0008846828420829201
2023-06-05,6.58,6.69,6.57,6.58,138072732.0,1071486270.0,161922077818.0,0.0008527109697492481
2023-06-06,6.54,6.65,6.51,6.53,123733318.0,955815235.0,161922077818.0,0.0007641534722588969
2023-06-07,6.48,6.57,6.4,6.53,102944041.0,783697064.0,161922077818.0,0.0006357628458529839
2023-06-08,6.53,6.71,6.45,6.67,169108414.0,1314294131.0,161922077818.0,0.001044381447414956
2023-06-09,6.63,6.7,6.58,6.7,172568767.0,1343450891.0,161922077818.0,0.001065751930344958
2023-06-12,6.65,6.86,6.6,6.63,184586940.0,1448406940.0,161922077818.0,0.001139973884274603
2023-06-13,6.6,6.62,6.35,6.49,205049159.0,1548413341.0,161922077818.0,0.0012663446625881044
2023-06-14,6.55,6.63,6.45,6.48,136019260.0,1041567716.0,161922077818.0,0.0008400291166772532
2023-06-15,6.42,6.46,6.34,6.45,124400510.0,932983083.0,161922077818.0,0.0007682739233362967
2023-06-16,6.5,6.55,6.4,6.46,159342885.0,1207846562.0,161922077818.0,0.0009840713950021133
2023-06-19,6.47,6.47,6.34,6.41,115489213.0,866478659.0,161922077818.0,0.0007132394455177976
2023-06-20,6.44,6.44,6.22,6.28,148095946.0,1096714108.0,161922077818.0,0.0009146124357819782
2023-06-21,6.26,6.52,6.22,6.41,242941656.0,1833499436.0,161922077818.0,0.001500361527432138
2023-06-26,6.35,6.47,6.32,6.36,156712777.0,1174811093.0,161922077818.0,0.00096782834751012
2023-06-27,6.38,6.66,6.33,6.59,216718488.0,1656062302.0,161922077818.0,0.001338412222226984
2023-06-28,6.61,6.66,6.55,6.62,150864596.0,1134413132.0,161922077818.0,0.0009317110923537643
2023-06-29,6.63,6.66,6.54,6.56,96594306.0,725031667.0,161922077818.0,0.0005965480884488881
2023-06-30,6.56,6.63,6.52,6.56,76316433.0,571649566.0,161922077818.0,0.00047131579601998114
2023-07-03,6.57,6.89,6.56,6.86,172080619.0,1326177413.0,161922077818.0,0.0010627372210071204
2023-07-04,6.85,7.06,6.79,6.84,139681924.0,1097123149.0,161922077818.0,0.0008626490339198965
2023-07-05,6.86,6.93,6.78,6.84,79614915.0,620086262.0,161922077818.0,0.0004916865943968862
2023-07-06,6.84,6.89,6.76,6.8,94931872.0,736436467.0,161922077818.0,0.0005862812117980797
2023-07-07,6.77,6.88,6.67,6.78,103496295.0,800094604.0,161922077818.0,0.0006391734616716663
2023-07-10,6.84,6.86,6.67,6.7,111697319.0,855640426.0,161922077818.0,0.0006898214283388057
2023-07-11,6.73,6.73,6.65,6.71,72391189.0,552296874.0,161922077818.0,0.00044707423456712006
2023-07-12,6.74,6.91,6.72,6.83,143731897.0,1116498266.0,161922077818.0,0.0008876608979879463
2023-07-13,6.86,7.23,6.84,7.23,261837143.0,2115647839.0,161922077818.0,0.0016170564664708927
2023-07-14,7.21,7.33,7.18,7.23,124415864.0,1026037460.0,161922077818.0,0.0007683687467242306
2023-07-17,7.21,7.22,7.07,7.14,80565548.0,653946358.0,161922077818.0,0.0004975575232585359
2023-07-18,7.14,7.14,7.01,7.07,76312091.0,614220291.0,161922077818.0,0.0004712889806526235
2023-07-19,7.09,7.23,7.07,7.14,85057974.0,691697687.0,161922077818.0,0.0005253018930229202
2023-07-20,7.14,7.17,7.01,7.04,87135471.0,703490171.0,161922077818.0,0.0005381321199320332
2023-07-21,7.02,7.08,6.97,7.03,58732449.0,470161462.0,161922077818.0,0.00036272045042563697
2023-07-24,6.98,7.06,6.9,6.99,63284445.0,503326546.0,161922077818.0,0.00039083271319635335
2023-07-25,7.14,7.21,7.02,7.05,133645029.0,1080696932.0,161922077818.0,0.0008253663169405266
2023-07-26,7.04,7.07,6.85,6.9,139892937.0,1103422148.0,161922077818.0,0.0008639522101318345
2023-07-27,6.91,7.04,6.88,6.91,104170795.0,825482819.0,161922077818.0,0.0006433390455691145
2023-07-28,6.88,7.0,6.82,7.0,123084921.0,971164714.0,161922077818.0,0.0007601490955319084
2023-07-31,6.94,7.07,6.87,6.95,140341628.0,1109332624.0,161922077818.0,0.0008667232405314341
2023-08-01,6.96,7.09,6.96,7.09,129472883.0,1038893839.0,161922077818.0,0.0007995999356278468
2023-08-02,7.1,7.11,6.64,6.7,335115364.0,2597086992.0,161922077818.0,0.002069608842202907
2023-08-03,6.63,6.71,6.55,6.65,152392216.0,1152997958.0,161922077818.0,0.0009411453833447497
2023-08-04,6.69,6.82,6.67,6.69,154400322.0,1184207377.0,161922077818.0,0.0009535470646167569
2023-08-07,6.71,6.8,6.66,6.75,77311884.0,593741434.0,161922077818.0,0.0004774635123376959
2023-08-08,6.71,6.86,6.67,6.84,105964849.0,821059376.0,161922077818.0,0.0006544187823423574
2023-08-09,6.83,6.88,6.77,6.85,80913618.0,630596613.0,161922077818.0,0.0004997071374723013
2023-08-10,6.91,7.0,6.89,6.95,109298395.0,865728536.0,161922077818.0,0.0006750061293238289
2023-08-11,6.94,6.97,6.83,6.84,76412621.0,599803870.0,161922077818.0,0.0004719098348397406
2023-08-14,6.78,6.92,6.78,6.88,80889613.0,631516845.0,161922077818.0,0.0004995588871513848
2023-08-15,6.88,6.91,6.81,6.88,62627910.0,488963052.0,161922077818.0,0.00038677807772695216
2023-08-16,6.84,6.85,6.67,6.71,99103702.0,759743474.0,161922077818.0,0.0006120456415547749
2023-08-17,6.69,6.77,6.63,6.75,59523333.0,454387623.0,161922077818.0,0.0003676047998031749
2023-08-18,6.72,6.82,6.72,6.74,57790105.0,446330112.0,161922077818.0,0.0003569007128537217
2023-08-21,6.75,6.78,6.64,6.64,64894982.0,493237635.0,161922077818.0,0.00040077908383155626
2023-08-22,6.64,6.83,6.58,6.78,116979027.0,897416267.0,161922077818.0,0.0007224402538329834
2023-08-23,6.78,6.87,6.76,6.8,87824350.0,683773671.0,161922077818.0,0.0005423865058025894
2023-08-24,6.78,6.84,6.71,6.72,81838220.0,629310589.0,161922077818.0,0.000505417303821817
2023-08-25,6.7,6.8,6.67,6.77,74605010.0,573940089.0,161922077818.0,0.00046074637260927346
2023-08-28,7.04,7.05,6.78,6.87,177925690.0,1393457969.0,161922077818.0,0.0010988352693941342
2023-08-29,6.85,6.89,6.78,6.8,110674140.0,860366527.0,161922077818.0,0.0006835024691592547
2023-08-30,6.84,6.92,6.81,6.81,93948485.0,732549988.0,161922077818.0,0.000580208000453143
2023-08-31,6.84,6.86,6.73,6.8,96246053.0,744508658.0,161922077818.0,0.0005943973440618785
2023-09-01,6.8,6.85,6.77,6.81,102925169.0,799154379.0,161922077818.0,0.0006356462959651965
2023-09-04,6.85,6.99,6.85,6.98,157466215.0,1243756344.0,161922077818.0,0.0009724814375034862
2023-09-05,6.96,7.0,6.92,6.98,92497864.0,733595760.0,161922077818.0,0.0005712492406623349
2023-09-06,7.04,7.12,6.92,7.09,156405331.0,1255055893.0,161922077818.0,0.0009659296194049535
2023-09-07,7.07,7.29,7.07,7.23,162363779.0,1335213201.0,161922077818.0,0.0010027278626111534
2023-09-08,7.21,7.22,7.04,7.07,103851001.0,838222657.0,161922077818.0,0.0006413640585611077
2023-09-11,7.1,7.21,7.07,7.14,106728215.0,870277982.0,161922077818.0,0.0006591331857781756
2023-09-12,7.15,7.21,7.07,7.11,87792804.0,712529072.0,161922077818.0,0.0005421916836978764
2023-09-13,7.19,7.29,7.14,7.26,137736612.0,1134786184.0,161922077818.0,0.0008506351564659119
2023-09-14,7.27,7.35,7.21,7.32,150251517.0,1249998058.0,161922077818.0,0.0009279248328871022
2023-09-15,7.39,7.53,7.24,7.28,203396112.0,1708515557.0,161922077818.0,0.001256135758266496
2023-09-18,7.28,7.31,7.13,7.22,166906416.0,1365624416.0,161922077818.0,0.001030782325975352
2023-09-19,7.21,7.32,7.2,7.3,117834115.0,978876835.0,161922077818.0,0.0007277211149207537
2023-09-20,7.33,7.38,7.28,7.31,126761183.0,1030120709.0,161922077818.0,0.000782852991439989
2023-09-21,7.31,7.37,7.19,7.19,106301536.0,855116403.0,161922077818.0,0.0006564980973100076
2023-09-22,7.22,7.31,7.18,7.3,111140349.0,896236265.0,161922077818.0,0.0006863816873997965
2023-09-25,7.32,7.35,7.19,7.2,121591134.0,977983677.0,161922077818.0,0.0007509237507232838
2023-09-26,7.2,7.23,7.17,7.19,89133151.0,712041561.0,161922077818.0,0.0005504694122081699
2023-09-27,7.23,7.25,7.19,7.2,75460401.0,604322971.0,161922077818.0,0.0004660291049674974
2023-09-28,7.34,7.37,7.17,7.19,125017238.0,1005081914.0,161922077818.0,0.0007720827183339326
2023-10-09,7.01,7.15,6.85,7.12,180669164.0,1404770212.0,161922077818.0,0.0011157784437714027
2023-10-10,7.13,7.18,6.98,7.01,98931610.0,775151074.0,161922077818.0,0.0006109828340468733
2023-10-11,7.03,7.04,6.87,6.9,98997263.0,762638612.0,161922077818.0,0.0006113882945059084
2023-10-12,6.9,6.93,6.84,6.91,82617642.0,632374068.0,161922077818.0,0.0005102308660642437
2023-10-13,6.85,6.93,6.79,6.91,93665239.0,713917399.0,161922077818.0,0.0005784587269518582
2023-10-16,6.98,7.06,6.94,7.02,131471663.0,1022840969.0,161922077818.0,0.0008119440212950689
2023-10-17,6.99,7.16,6.94,7.14,108574513.0,851852679.0,161922077818.0,0.000670535571573121
2023-10-18,7.14,7.22,7.12,7.19,97031682.0,774066479.0,161922077818.0,0.0005992492395574578
2023-10-19,7.19,7.19,6.94,6.97,119845867.0,933301993.0,161922077818.0,0.0007401453131963045
2023-10-20,7.01,7.02,6.91,6.92,85874483.0,663319205.0,161922077818.0,0.0005303444975337007
2023-10-23,6.87,6.92,6.76,6.82,86469385.0,656283196.0,161922077818.0,0.0005340184993005794
2023-10-24,6.81,7.0,6.8,6.99,118757154.0,912811350.0,161922077818.0,0.0007334216284791179
2023-10-25,7.01,7.02,6.58,6.6,220826914.0,1651755390.0,161922077818.0,0.001363785080921509
2023-10-26,6.57,6.73,6.56,6.71,118143698.0,876673107.0,161922077818.0,0.0007296330407320564
2023-10-27,6.68,6.77,6.66,6.68,94954882.0,707619083.0,161922077818.0,0.0005864233171879689
2023-10-30,6.67,6.68,6.35,6.42,241307776.0,1724093455.0,161922077818.0,0.00149027099486229
2023-10-31,6.39,6.44,6.3,6.41,157033421.0,1113276522.0,161922077818.0,0.0009698085839566929
2023-11-01,6.4,6.46,6.35,6.45,121749147.0,868143488.0,161922077818.0,0.0007518996090011007
2023-11-02,6.48,6.57,6.45,6.53,117605696.0,852782663.0,161922077818.0,0.0007263104425586022
2023-11-03,6.55,6.64,6.5,6.6,106822248.0,779650234.0,161922077818.0,0.0006597139157272175
2023-11-06,6.55,6.55,6.33,6.38,263012279.0,1862123673.0,161922077818.0,0.0016243138832224295
2023-11-07,6.34,6.42,6.22,6.38,166397408.0,1171046085.0,161922077818.0,0.0010276387892392924
2023-11-08,6.29,6.35,6.26,6.33,101630303.0,711719540.0,161922077818.0,0.0006276494494730496
2023-11-09,6.29,6.4,6.28,6.38,102899954.0,726882954.0,161922077818.0,0.0006354905729140858
2023-11-10,6.37,6.41,6.3,6.37,71698689.0,507249998.0,161922077818.0,0.0004427974860882723
2023-11-13,6.4,6.44,6.32,6.43,83948451.0,595332165.0,161922077818.0,0.0005184496896980154
2023-11-14,6.44,6.49,6.37,6.39,69723886.0,495860249.0,161922077818.0,0.0004306014778192846
2023-11-15,6.4,6.46,6.39,6.46,83414343.0,596331928.0,161922077818.0,0.0005151511401290039
2023-11-16,6.43,6.49,6.41,6.42,50110679.0,358740507.0,161922077818.0,0.0003094740363715211
2023-11-17,6.36,6.37,6.26,6.34,108065708.0,756466919.0,161922077818.0,0.000667393288526507
2023-11-20,6.37,6.43,6.35,6.39,84335958.0,599144570.0,161922077818.0,0.0005208428593338173
2023-11-21,6.43,6.51,6.4,6.42,95362948.0,683856169.0,161922077818.0,0.0005889434553031595
2023-11-22,6.43,6.48,6.4,6.41,57726017.0,413492448.0,161922077818.0,0.00035650491753745834
2023-11-23,6.39,6.43,6.35,6.4,60476278.0,428857663.0,161922077818.0,0.00037349000713772447
2023-11-24,6.4,6.46,6.38,6.41,52717602.0,376530408.0,161922077818.0,0.0003255738977068615
2023-11-27,6.42,6.45,6.34,6.42,85257795.0,605065026.0,161922077818.0,0.000526535949568468
2023-11-28,6.41,6.42,6.35,6.37,85311276.0,603620837.0,161922077818.0,0.0005268662380672366
2023-11-29,6.38,6.4,6.31,6.36,101349510.0,715253671.0,161922077818.0,0.0006259153252338856
2023-11-30,6.37,6.49,6.35,6.46,154368132.0,1104333141.0,161922077818.0,0.0009533482652903539
2023-12-01,6.46,6.51,6.42,6.46,98164655.0,704325713.0,161922077818.0,0.000606246265628686
2023-12-04,6.46,6.56,6.46,6.48,77899338.0,563636923.0,161922077818.0,0.00048109151667111546
2023-12-05,6.46,6.49,6.35,6.36,73755536.0,526154573.0,161922077818.0,0.00045550018251927965
2023-12-06,6.35,6.38,6.13,6.13,187473333.0,1285485744.0,161922077818.0,0.0011577996992523747
2023-12-07,6.09,6.14,6.04,6.1,104999643.0,710900793.0,161922077818.0,0.0006484578534004445
2023-12-08,6.11,6.28,6.09,6.19,116201497.0,800368578.0,161922077818.0,0.0007176383762232237
2023-12-11,6.19,6.22,6.01,6.18,113547547.0,772144373.0,161922077818.0,0.0007012480850673566
2023-12-12,6.17,6.23,6.1,6.22,83779197.0,573794656.0,161922077818.0,0.0005174044091391145
2023-12-13,6.16,6.18,6.08,6.09,90668816.0,615881700.0,161922077818.0,0.0005599533875912309
2023-12-14,6.11,6.14,6.07,6.08,59099659.0,400725688.0,161922077818.0,0.0003649882696442907
2023-12-15,6.12,6.14,6.04,6.06,71770339.0,485491163.0,161922077818.0,0.0004432399828803437
2023-12-18,6.04,6.12,6.01,6.09,58715226.0,396818949.0,161922077818.0,0.0003626140844486677
2023-12-19,6.1,6.11,6.04,6.1,60456234.0,408034602.0,161922077818.0,0.00037336621920052587
2023-12-20,6.1,6.17,6.08,6.1,77317422.0,526177324.0,161922077818.0,0.00047749771397390654
2023-12-21,6.08,6.12,6.04,6.1,64711609.0,438099556.0,161922077818.0,0.0003996466070101675
2023-12-22,6.1,6.19,6.09,6.15,93739184.0,640323868.0,161922077818.0,0.0005789153972280581
2023-12-25,6.12,6.25,6.11,6.23,79472698.0,545944105.0,161922077818.0,0.0004908082892150575
2023-12-26,6.23,6.33,6.2,6.29,94953825.0,663657089.0,161922077818.0,0.0005864167893567167
2023-12-27,6.3,6.46,6.28,6.41,107788964.0,767431892.0,161922077818.0,0.0006656841701423478
2023-12-28,6.42,6.46,6.31,6.36,116720455.0,825151570.0,161922077818.0,0.0007208433622695571
2023-12-29,6.32,6.41,6.27,6.36,118854125.0,836445198.0,161922077818.0,0.0007340205029581681
2024-01-02,6.36,6.47,6.35,6.43,122608689.0,873933752.0,161922077818.0,0.0007572079771469574
2024-01-03,6.43,6.57,6.4,6.55,134655887.0,975419831.0,161922077818.0,0.0008316091839641094
2024-01-04,6.6,6.72,6.59,6.69,149391302.0,1103951799.0,161922077818.0,0.0009226123084210632
2024-01-05,6.65,6.83,6.62,6.74,152900232.0,1149424617.0,161922077818.0,0.0009442827936772122
2024-01-08,6.75,6.82,6.68,6.73,116656527.0,873973695.0,161922077818.0,0.0007204485550829062
2024-01-09,6.64,6.73,6.59,6.72,106987184.0,794234789.0,161922077818.0,0.0006607325291382027
2024-01-10,6.72,6.8,6.65,6.67,79849103.0,594867513.0,161922077818.0,0.0004931328950073762
2024-01-11,6.64,6.65,6.48,6.51,128745612.0,937044631.0,161922077818.0,0.0007951084480567853
2024-01-12,6.54,6.57,6.46,6.51,95005360.0,686252130.0,161922077818.0,0.000586735059729074
2024-01-15,6.49,6.62,6.46,6.6,87215501.0,635988823.0,161922077818.0,0.0005386263700125562
2024-01-16,6.58,6.64,6.53,6.61,100607620.0,735850339.0,161922077818.0,0.0006213335534952973
2024-01-17,6.57,6.61,6.48,6.48,100884100.0,733811243.0,161922077818.0,0.000623041041465596
2024-01-18,6.5,6.55,6.2,6.47,195562937.0,1383391364.0,161922077818.0,0.0012077595571606502
2024-01-19,6.44,6.48,6.35,6.43,119694368.0,854091376.0,161922077818.0,0.0007392096841453341
2024-01-22,6.43,6.48,6.28,6.35,130931082.0,931752789.0,161922077818.0,0.0008086054957074241
2024-01-23,6.31,6.37,6.18,6.31,135385464.0,943482518.0,161922077818.0,0.0008361149129532102
2024-01-24,6.32,6.55,6.29,6.54,169985431.0,1215700399.0,161922077818.0,0.0010497977378419216
2024-01-25,6.57,7.19,6.55,7.19,378027534.0,2909825460.0,161922077818.0,0.002334626254147393
2024-01-26,7.25,7.7,7.1,7.65,593009559.0,4823883680.0,161922077818.0,0.003662314410679322
2024-01-29,7.55,7.97,7.43,7.56,586392463.0,4976919504.0,161922077818.0,0.0036214484825170265
2024-01-30,7.49,7.79,7.47,7.56,364425093.0,3082528804.0,161922077818.0,0.0022506201619374774
2024-01-31,7.51,7.71,7.47,7.53,321814304.0,2709883367.0,161922077818.0,0.001987464021810037
2024-02-01,7.38,7.52,7.28,7.34,364404315.0,2985635987.0,161922077818.0,0.0022504918409556817
2024-02-02,7.29,7.47,7.18,7.29,308338869.0,2519513412.0,161922077818.0,0.001904242294534857
2024-02-05,7.26,7.58,7.26,7.48,435567239.0,3600174086.0,161922077818.0,0.002689980544157644
2024-02-06,7.43,7.51,7.24,7.31,328011383.0,2674727053.0,161922077818.0,0.002025736004750902
2024-02-07,7.29,7.49,7.14,7.48,373426118.0,3027913356.0,161922077818.0,0.0023062087828426337
2024-02-08,7.39,7.56,7.32,7.46,268741800.0,2220830979.0,161922077818.0,0.0016596983167549584
2024-02-19,7.46,7.8,7.39,7.79,321573775.0,2732246801.0,161922077818.0,0.0019859785603878436
2024-02-20,7.74,7.81,7.67,7.78,184550268.0,1589633077.0,161922077818.0,0.0011397474049674315
2024-02-21,7.74,8.05,7.73,7.84,312287893.0,2738330683.0,161922077818.0,0.0019286307167513672
2024-02-22,7.77,8.29,7.77,8.29,322411660.0,2885728609.0,161922077818.0,0.001991153179014846
2024-02-23,8.36,8.4,8.1,8.17,282484704.0,2570115752.0,161922077818.0,0.001744571881775826
2024-02-26,8.1,8.22,7.93,7.96,248728463.0,2223115168.0,161922077818.0,0.0015360997484207815
2024-02-27,7.96,8.11,7.92,8.0,208408701.0,1851012781.0,161922077818.0,0.0012870925559283575
2024-02-28,7.93,8.08,7.82,7.96,278727374.0,2457073691.0,161922077818.0,0.0017213673252963618
2024-02-29,7.91,8.0,7.87,7.96,206939563.0,1822502487.0,161922077818.0,0.0012780194386623393
2024-03-01,7.91,8.0,7.85,7.91,176714038.0,1552046718.0,161922077818.0,0.001091352336761798
2024-03-04,7.93,8.24,7.91,8.21,313545401.0,2822418974.0,161922077818.0,0.0019363968473306292
2024-03-05,8.15,8.23,8.04,8.15,249929865.0,2258240356.0,161922077818.0,0.0015435193789998206
2024-03-06,8.13,8.27,8.03,8.09,191910508.0,1735199602.0,161922077818.0,0.0011852028493341527
2024-03-07,8.06,8.32,8.06,8.17,212986731.0,1939805586.0,161922077818.0,0.001315365599738638
2024-03-08,8.15,8.29,8.07,8.27,202721600.0,1845160428.0,161922077818.0,0.001251970100259327
2024-03-11,8.19,8.23,8.0,8.1,223114002.0,2006531744.0,161922077818.0,0.0013779097020406295
2024-03-12,8.06,8.07,7.8,7.82,256919902.0,2250245327.0,161922077818.0,0.0015866885199483254
2024-03-13,7.77,7.88,7.68,7.82,173854176.0,1506428844.0,161922077818.0,0.0010736903722011995
2024-03-14,7.82,8.03,7.81,7.91,213697775.0,1887040144.0,161922077818.0,0.001319756872439568
2024-03-15,7.92,8.0,7.82,7.97,161067415.0,1417302911.0,161922077818.0,0.00099472176475551
2024-03-18,7.95,8.03,7.88,7.98,108472056.0,957393644.0,161922077818.0,0.000669902816599984
2024-03-19,8.0,8.15,7.99,8.01,154847775.0,1389004779.0,161922077818.0,0.0009563104493634803
2024-03-20,8.04,8.27,7.93,8.23,183131638.0,1658626118.0,161922077818.0,0.001130986215516821
2024-03-21,8.18,8.31,8.13,8.26,120783606.0,1105290823.0,161922077818.0,0.0007459366111628117
2024-03-22,8.2,8.31,8.07,8.18,160444702.0,1454068494.0,161922077818.0,0.0009908760075345588
2024-03-25,8.14,8.45,8.13,8.36,180288068.0,1667558403.0,161922077818.0,0.0011134248672540093
2024-03-26,8.36,8.4,8.2,8.29,190946491.0,1756886631.0,161922077818.0,0.0011792492634304223
2024-03-27,8.23,8.32,8.18,8.26,132450804.0,1213742880.0,161922077818.0,0.0008179910101504155
2024-03-28,8.27,8.39,8.14,8.33,157585261.0,1448963366.0,161922077818.0,0.0009732166429900031
2024-03-29,8.4,8.91,8.39,8.9,264647085.0,2568975098.0,161922077818.0,0.0016344101345924097
2024-04-01,8.82,8.91,8.7,8.77,194136016.0,1897318194.0,161922077818.0,0.0011989471640686848
2024-04-02,8.81,9.11,8.81,8.97,222150619.0,2211912874.0,161922077818.0,0.0013719600316004883
2024-04-03,9.07,9.31,9.0,9.17,282812551.0,2879116081.0,161922077818.0,0.001746596602582389
2024-04-08,9.05,9.47,9.0,9.25,281490891.0,2899428549.0,161922077818.0,0.0017384342814350186
2024-04-09,9.21,9.38,8.98,9.11,198101747.0,2010125333.0,161922077818.0,0.0012234387655441642
2024-04-10,9.06,9.3,9.03,9.25,179033247.0,1826061454.0,161922077818.0,0.0011056753310764262
2024-04-11,9.22,9.34,9.17,9.21,158878499.0,1629392486.0,161922077818.0,0.0009812034352633433
2024-04-12,9.18,9.28,9.13,9.25,158392436.0,1621717959.0,161922077818.0,0.0009782016024895179
2024-04-15,9.16,9.66,9.11,9.61,267663570.0,2809133935.0,161922077818.0,0.0016530393730548169
2024-04-16,9.54,9.92,9.54,9.81,318585062.0,3453312340.0,161922077818.0,0.0019675208365229156
2024-04-17,9.68,9.84,9.53,9.84,243997534.0,2623289378.0,161922077818.0,0.0015068824294254216
2024-04-18,9.65,9.76,9.51,9.56,260051276.0,2775276178.0,161922077818.0,0.0016060272910547564
2024-04-19,9.63,9.96,9.62,9.83,341766333.0,3718370991.0,161922077818.0,0.0021106839635799666
2024-04-22,9.72,9.95,9.52,9.57,257175836.0,2763287873.0,161922077818.0,0.0015882691197247666
2024-04-23,9.49,9.49,9.2,9.32,249454837.0,2584610112.0,161922077818.0,0.0015405856962902031
2024-04-24,9.36,9.41,9.22,9.39,158228408.0,1639942725.0,161922077818.0,0.0009771885967140832
2024-04-25,9.33,9.5,9.26,9.49,162001712.0,1687183981.0,161922077818.0,0.0010004918055837296
2024-04-26,9.55,9.77,9.53,9.62,244980102.0,2625222861.0,161922077818.0,0.0015129505827819047
2024-04-29,9.54,9.54,9.18,9.2,332167031.0,3421211088.0,161922077818.0,0.0020514004975489193
2024-04-30,9.11,9.36,9.06,9.25,245067206.0,2520669927.0,161922077818.0,0.0015134885205429177
2024-05-06,9.0,9.04,8.84,9.01,417952703.0,4142433777.0,161922077818.0,0.002581196515213804
2024-05-07,8.97,9.11,8.95,9.11,242615926.0,2439617960.0,161922077818.0,0.0014983498808155099
2024-05-08,9.07,9.29,9.06,9.12,204559297.0,2083992061.0,161922077818.0,0.0012633193679117934
2024-05-09,9.15,9.18,9.02,9.07,170534187.0,1720816934.0,161922077818.0,0.001053186750676952
2024-05-10,9.1,9.16,9.05,9.08,155578991.0,1571078590.0,161922077818.0,0.0009608263005052985
2024-05-13,8.94,9.09,8.92,9.02,167112341.0,1674881462.0,161922077818.0,0.0010320540796656145
2024-05-14,9.04,9.06,8.88,8.94,210858826.0,2092693112.0,161922077818.0,0.0013022240625951253
2024-05-15,8.9,8.98,8.82,8.9,144959510.0,1432059273.0,161922077818.0,0.0008952424027249337
2024-05-16,8.93,8.95,8.83,8.85,129952952.0,1279126308.0,161922077818.0,0.0008025647505960663
2024-05-17,8.85,8.97,8.81,8.93,155688787.0,1539362564.0,161922077818.0,0.0009615043797485961
2024-05-20,8.96,9.26,8.9,9.19,287740653.0,2905889837.0,161922077818.0,0.0017770316245782106
2024-05-21,9.12,9.17,8.99,9.12,165579572.0,1673080165.0,161922077818.0,0.0010225879894285386
2024-05-22,9.09,9.16,9.01,9.05,131460554.0,1323570324.0,161922077818.0,0.0008118754142209152
2024-05-23,8.99,9.0,8.9,8.92,128172137.0,1274158042.0,161922077818.0,0.0007915667753724427
2024-05-24,8.92,9.06,8.9,8.98,131032908.0,1307904544.0,161922077818.0,0.000809234353744402
2024-05-27,8.99,9.27,8.99,9.22,224801370.0,2292678374.0,161922077818.0,0.0013883305663399167
2024-05-28,9.23,9.45,9.2,9.36,211589081.0,2201043402.0,161922077818.0,0.001306733978783459
2024-05-29,9.42,9.48,9.29,9.45,145369863.0,1520595893.0,161922077818.0,0.0008977766649177721
2024-05-30,9.33,9.48,9.15,9.18,173354142.0,1790480148.0,161922077818.0,0.0010706022571847775
2024-05-31,9.1,9.2,9.08,9.13,135394499.0,1374058265.0,161922077818.0,0.0008361707113972627
2024-06-03,9.15,9.26,9.09,9.15,181787212.0,1851083078.0,161922077818.0,0.0011226832958772205
2024-06-04,8.97,9.02,8.87,8.99,214128444.0,2130211897.0,161922077818.0,0.001322416602389946
2024-06-05,8.96,9.02,8.73,8.8,217594766.0,2140009482.0,161922077818.0,0.001343823948730302
2024-06-06,8.82,9.08,8.79,8.99,254753743.0,2539095882.0,161922077818.0,0.0015733107333660982
2024-06-07,9.06,9.11,8.91,8.99,145314301.0,1453898755.0,161922077818.0,0.0008974335245582317
2024-06-11,9.08,9.1,8.81,8.84,197392985.0,1953839971.0,161922077818.0,0.0012190615860418318
2024-06-12,8.81,9.01,8.75,9.0,172416942.0,1706992691.0,161922077818.0,0.0010648142879799024
2024-06-13,9.01,9.03,8.88,8.92,120775559.0,1199428285.0,161922077818.0,0.0007458869144191159
2024-06-14,8.89,8.91,8.82,8.85,125843905.0,1239005989.0,161922077818.0,0.000777188056723483
2024-06-17,8.82,8.85,8.68,8.69,155383510.0,1508379575.0,161922077818.0,0.0009596190469754883
2024-06-18,8.72,8.79,8.59,8.79,143145064.0,1385664532.0,161922077818.0,0.000884036728832585
2024-06-19,8.79,8.95,8.77,8.9,147923871.0,1461070285.0,161922077818.0,0.000913549733262848
2024-06-20,8.89,9.08,8.88,9.06,226430922.0,2258647251.0,161922077818.0,0.0013983943700037482
2024-06-21,9.05,9.21,8.95,8.98,177274620.0,1785322174.0,161922077818.0,0.001094814384726808
2024-06-24,8.96,9.07,8.96,9.03,118502694.0,1188036678.0,161922077818.0,0.0007318501318467314
2024-06-25,9.03,9.18,8.98,9.05,159843932.0,1609730622.0,161922077818.0,0.0009871657661141438
2024-06-26,9.06,9.07,8.87,8.94,130294612.0,1264405921.0,161922077818.0,0.0008046747778672332
2024-06-27,8.9,8.98,8.81,8.93,138692437.0,1340837541.0,161922077818.0,0.0008565381501334855
2024-06-28,8.95,9.53,8.94,9.51,270254946.0,2723612874.0,161922077818.0,0.0016690432190708785
2024-07-01,9.48,9.71,9.44,9.61,174330715.0,1809272313.0,161922077818.0,0.0010766333865598445
2024-07-02,9.7,9.91,9.6,9.82,177194919.0,1874149290.0,161922077818.0,0.0010943221664878005
2024-07-03,9.81,9.9,9.65,9.74,138481809.0,1466419334.0,161922077818.0,0.0008552373516084274
2024-07-04,9.75,9.88,9.75,9.8,120380662.0,1282164407.0,161922077818.0,0.0007434481055468393
2024-07-05,9.8,9.86,9.53,9.71,165069007.0,1729155526.0,161922077818.0,0.001019434836956188
2024-07-08,9.62,9.91,9.59,9.83,139077789.0,1479551353.0,161922077818.0,0.0008589180108985699
2024-07-09,9.82,9.85,9.7,9.8,112851926.0,1199119687.0,161922077818.0,0.0006969520618852562
2024-07-10,9.79,9.82,9.5,9.52,156758393.0,1635268559.0,161922077818.0,0.000968110063262627
2024-07-11,9.54,9.65,9.45,9.64,139759018.0,1450536535.0,161922077818.0,0.0008631251518220311
2024-07-12,9.61,9.75,9.46,9.52,135935064.0,1412404284.0,161922077818.0,0.0008395091381719463
2024-07-15,9.44,9.68,9.34,9.65,153414521.0,1594666896.0,161922077818.0,0.0009474589448662926
2024-07-16,9.62,9.73,9.55,9.68,111483575.0,1168563677.0,161922077818.0,0.0006885013859895452
2024-07-17,9.64,9.68,9.26,9.3,213949950.0,2184469848.0,161922077818.0,0.0013213142573459266
2024-07-18,9.33,9.42,9.22,9.4,148627246.0,1506784061.0,161922077818.0,0.0009178936436762912
2024-07-19,9.31,9.32,9.1,9.19,187645919.0,1868948688.0,161922077818.0,0.0011588655576104546
2024-07-22,9.09,9.09,8.74,8.87,257641429.0,2478545193.0,161922077818.0,0.0015911445336663002
2024-07-23,8.83,8.87,8.75,8.76,144474635.0,1380092475.0,161922077818.0,0.0008922479068134805
2024-07-24,8.75,8.88,8.68,8.81,171839606.0,1636607951.0,161922077818.0,0.0010612487704928495
2024-07-25,8.8,8.8,8.41,8.44,226172007.0,2089178544.0,161922077818.0,0.0013967953601374654
2024-07-26,8.41,8.5,8.31,8.39,165972643.0,1509720705.0,161922077818.0,0.0010250155212716133
2024-07-29,8.32,8.44,8.25,8.42,130956211.0,1187012036.0,161922077818.0,0.0008087606876388681
2024-07-30,8.35,8.35,8.09,8.09,218352403.0,1936105494.0,161922077818.0,0.0013485029709501847
2024-07-31,8.06,8.28,8.05,8.27,200930536.0,1786098511.0,161922077818.0,0.0012409088291582165
2024-08-01,8.36,8.45,8.25,8.32,160074494.0,1449132223.0,161922077818.0,0.000988589673237292
2024-08-02,8.17,8.21,8.09,8.16,134672028.0,1191228816.0,161922077818.0,0.0008317088677145745
2024-08-05,7.97,8.06,7.73,7.76,293326777.0,2506938476.0,161922077818.0,0.0018115304654730193
2024-08-06,7.81,7.9,7.76,7.82,135830397.0,1152287288.0,161922077818.0,0.0008388627346585376
2024-08-07,7.78,8.04,7.72,7.92,157756843.0,1357786434.0,161922077818.0,0.000974276300834765
2024-08-08,7.97,8.04,7.87,7.88,99250002.0,854385928.0,161922077818.0,0.000612949162569151
2024-08-09,7.91,8.09,7.89,8.05,159988641.0,1394823876.0,161922077818.0,0.0009880594614146863
2024-08-12,8.04,8.11,7.99,8.03,90947914.0,793562497.0,161922077818.0,0.0005616770438323131
2024-08-13,8.1,8.18,8.01,8.1,126101491.0,1105109224.0,161922077818.0,0.0007787788589381725
2024-08-14,8.03,8.1,7.98,8.09,78073202.0,682838065.0,161922077818.0,0.00048216526771447483
2024-08-15,8.06,8.21,8.03,8.16,113933232.0,1007999859.0,161922077818.0,0.0007036300023771969
2024-08-16,8.18,8.34,8.17,8.3,126854614.0,1139101885.0,161922077818.0,0.0007834300035513642
2024-08-19,8.27,8.4,8.23,8.36,105618802.0,955618123.0,161922077818.0,0.0006522816617923794
2024-08-20,8.33,8.38,8.12,8.19,140532524.0,1254182355.0,161922077818.0,0.0008679021779720379
2024-08-21,8.15,8.23,8.11,8.23,84565539.0,750297730.0,161922077818.0,0.0005222607079872792
2024-08-22,8.18,8.24,8.12,8.2,87891299.0,781318037.0,161922077818.0,0.0005427999701114853
2024-08-23,8.22,8.38,8.16,8.23,95981506.0,859537312.0,161922077818.0,0.0005927635520332376
2024-08-26,8.3,8.38,8.22,8.34,113732644.0,1022443901.0,161922077818.0,0.0007023912089853195
2024-08-27,8.39,8.62,8.34,8.59,217449974.0,2011545766.0,161922077818.0,0.0013429297408375231
2024-08-28,8.52,8.62,8.4,8.46,136048440.0,1254670844.0,161922077818.0,0.0008402093268153223
2024-08-29,8.42,8.44,8.15,8.2,145857294.0,1305475810.0,161922077818.0,0.000900786946199784
2024-08-30,8.2,8.33,8.11,8.23,154953162.0,1385639932.0,161922077818.0,0.000956961299460145
2024-09-02,8.16,8.36,8.02,8.3,145210793.0,1300193607.0,161922077818.0,0.000896794278808703
2024-09-03,8.27,8.33,7.99,8.03,164742300.0,1443072088.0,161922077818.0,0.0010174171565731137
2024-09-04,7.82,7.82,7.53,7.6,234215259.0,1939151036.0,161922077818.0,0.0014464689568970165
2024-09-05,7.57,7.63,7.42,7.49,165342472.0,1342872183.0,161922077818.0,0.0010211237048591022
2024-09-06,7.47,7.57,7.41,7.41,111047936.0,901374546.0,161922077818.0,0.0006858109622630807
2024-09-09,7.36,7.37,7.1,7.21,183015842.0,1428680734.0,161922077818.0,0.0011302710814130568
2024-09-10,7.23,7.33,7.21,7.28,125534650.0,989432353.0,161922077818.0,0.0007752781565778858
2024-09-11,7.11,7.16,6.96,7.14,202397741.0,1545930431.0,161922077818.0,0.001249970008583354
2024-09-12,7.12,7.25,7.09,7.22,133186801.0,1037762145.0,161922077818.0,0.0008225363878402155
2024-09-13,7.26,7.35,7.26,7.28,129717194.0,1029572481.0,161922077818.0,0.0008011087539637541
2024-09-18,7.29,7.46,7.29,7.43,117442201.0,941347769.0,161922077818.0,0.0007253007284899391
2024-09-19,7.48,7.48,7.29,7.44,115368818.0,899950256.0,161922077818.0,0.0007124959088634859
2024-09-20,7.47,7.59,7.42,7.49,133488080.0,1058130225.0,161922077818.0,0.0008243970297246325
2024-09-23,7.49,7.66,7.45,7.59,96586603.0,772046984.0,161922077818.0,0.0005965005161838591
2024-09-24,7.68,7.93,7.62,7.92,183936323.0,1513319694.0,161922077818.0,0.001135955797249242
2024-09-25,8.06,8.2,7.93,7.96,212473516.0,1805556499.0,161922077818.0,0.0013121960813695813
2024-09-26,7.86,8.01,7.82,7.95,295752968.0,2464797430.0,161922077818.0,0.0018265141603013863
2024-09-27,7.95,7.96,7.84,7.94,179409373.0,1496451827.0,161922077818.0,0.0011079982138177333
2024-09-30,8.08,8.69,8.08,8.55,540926189.0,4758267275.0,161922077818.0,0.0033406574093496977
2024-10-08,9.4,9.4,8.43,8.85,642985322.0,6034716233.0,161922077818.0,0.003970955231458392
2024-10-09,8.62,8.65,8.01,8.01,444901825.0,3873797994.0,161922077818.0,0.0027476291744481475
2024-10-10,8.02,8.54,8.02,8.28,393485553.0,3451721238.0,161922077818.0,0.0024300920436697753
2024-10-11,8.38,8.42,8.18,8.24,251485177.0,2204108994.0,161922077818.0,0.0015531246905234795
2024-10-14,8.24,8.37,8.17,8.29,221455125.0,1934312204.0,161922077818.0,0.0013676647927462677
2024-10-15,8.13,8.16,7.98,7.99,225516656.0,1918310046.0,161922077818.0,0.0013927480368271963
2024-10-16,7.96,8.05,7.88,7.98,166912034.0,1404550565.0,161922077818.0,0.0010308170216763689
2024-10-17,7.97,8.14,7.91,7.91,179804141.0,1522345250.0,161922077818.0,0.0011104362260105098
2024-10-18,7.95,8.15,7.91,8.09,240218341.0,2036682441.0,161922077818.0,0.001483542851210227
2024-10-21,8.05,8.14,7.97,8.01,229254626.0,1942472507.0,161922077818.0,0.0014158330296235552
2024-10-22,8.01,8.06,7.99,8.01,167043506.0,1414903217.0,161922077818.0,0.001031628967778912
2024-10-23,8.05,8.08,7.99,8.03,195556524.0,1657075962.0,161922077818.0,0.0012077199516906214
2024-10-24,8.01,8.02,7.94,8.01,97837261.0,825453466.0,161922077818.0,0.0006042243424640883
2024-10-25,7.97,8.01,7.94,7.95,121897008.0,1024342011.0,161922077818.0,0.0007528127704550081
2024-10-28,7.89,7.93,7.75,7.93,226008481.0,1865061282.0,161922077818.0,0.0013957854546186898
2024-10-29,7.85,7.89,7.77,7.77,159037556.0,1313118647.0,161922077818.0,0.0009821857410868813
2024-10-30,7.77,7.82,7.65,7.68,158425431.0,1290071545.0,161922077818.0,0.0009784053733430335
2024-10-31,7.7,7.73,7.64,7.67,128310150.0,1039938547.0,161922077818.0,0.0007924191174487045
2024-11-01,7.7,7.94,7.68,7.86,280524659.0,2322035822.0,161922077818.0,0.0017324670161119658
2024-11-04,7.87,7.9,7.7,7.77,194985482.0,1593503765.0,161922077818.0,0.001204193304752198
2024-11-05,7.77,7.85,7.71,7.84,203694483.0,1676962490.0,161922077818.0,0.001257978440895207
2024-11-06,7.8,7.96,7.79,7.83,237345722.0,1969970799.0,161922077818.0,0.0014658021018404666
2024-11-07,7.79,7.91,7.73,7.91,244681060.0,2019718751.0,161922077818.0,0.0015111037561846316
2024-11-08,7.91,7.95,7.79,7.82,206159231.0,1710854042.0,161922077818.0,0.001273200256432742
2024-11-11,7.77,7.77,7.6,7.66,248767811.0,2009778978.0,161922077818.0,0.001536342754195721
2024-11-12,7.61,7.73,7.57,7.58,213088944.0,1716917877.0,161922077818.0,0.001315996847814116
2024-11-13,7.57,7.73,7.55,7.65,223318088.0,1803260184.0,161922077818.0,0.001379170098416159
2024-11-14,7.61,7.72,7.6,7.61,185058127.0,1497145402.0,161922077818.0,0.0011428838456977119
2024-11-15,7.61,7.67,7.56,7.61,185354660.0,1489484687.0,161922077818.0,0.0011447151771874998
2024-11-18,7.62,7.8,7.61,7.72,278213049.0,2270719679.0,161922077818.0,0.0017181909517781186
2024-11-19,7.76,7.77,7.64,7.7,169755627.0,1375912252.0,161922077818.0,0.0010483785119828125
2024-11-20,7.67,7.72,7.64,7.7,117567657.0,953324000.0,161922077818.0,0.0007260755209190543
2024-11-21,7.68,7.73,7.65,7.68,103457590.0,840590756.0,161922077818.0,0.0006389344269426067
2024-11-22,7.7,7.76,7.59,7.59,166400415.0,1345765046.0,161922077818.0,0.0010276573599001962
2024-11-25,7.63,7.72,7.58,7.61,151580229.0,1222692183.0,161922077818.0,0.0009361307058471408
2024-11-26,7.55,7.61,7.43,7.6,131371251.0,1044289900.0,161922077818.0,0.0008113238958535411
2024-11-27,7.56,7.62,7.52,7.61,96015537.0,767807338.0,161922077818.0,0.0005929737210259939
2024-11-28,7.6,7.64,7.57,7.61,75655500.0,607167983.0,161922077818.0,0.00046723399933785797
2024-11-29,7.62,7.68,7.61,7.62,129150425.0,1042135820.0,161922077818.0,0.0007976084962617929
2024-12-02,7.64,7.65,7.57,7.6,130025201.0,1042573213.0,161922077818.0,0.0008030109466983743
2024-12-03,7.59,7.67,7.56,7.67,159973433.0,1286566304.0,161922077818.0,0.0009879655396950236
2024-12-04,7.67,8.01,7.67,8.0,432554998.0,3600733255.0,161922077818.0,0.0026713775158332064
2024-12-05,7.88,7.94,7.83,7.85,182716202.0,1517775073.0,161922077818.0,0.0011284205616813572
2024-12-06,7.84,7.95,7.83,7.88,159833336.0,1330524079.0,161922077818.0,0.00098710032723056
2024-12-09,7.85,8.03,7.81,7.99,212659243.0,1789796053.0,161922077818.0,0.0013133430960478932
2024-12-10,8.08,8.13,7.91,7.92,191423022.0,1612096547.0,161922077818.0,0.0011821922283825866
2024-12-11,7.9,8.02,7.89,8.01,150390914.0,1264886129.0,161922077818.0,0.0009287857222845115
2024-12-12,8.01,8.09,7.98,8.01,139217788.0,1178253733.0,161922077818.0,0.000859782618133646
2024-12-13,7.97,7.99,7.83,7.84,162729605.0,1355494586.0,161922077818.0,0.0010049871345086596
2024-12-16,7.83,8.04,7.82,8.01,207205456.0,1745663828.0,161922077818.0,0.0012796615433313448
2024-12-17,7.99,8.14,7.99,8.03,162559132.0,1382591696.0,161922077818.0,0.0010039343256372738
2024-12-18,8.07,8.14,8.03,8.06,132476689.0,1130071894.0,161922077818.0,0.0008181508709942782
2024-12-19,8.01,8.1,7.96,7.98,126127393.0,1067693429.0,161922077818.0,0.0007789388247708065
2024-12-20,7.97,8.0,7.89,7.9,106072126.0,887490575.0,161922077818.0,0.0006550813047200691
2024-12-23,7.94,8.17,7.93,8.13,223603268.0,1909500531.0,161922077818.0,0.001380931315934134
2024-12-24,8.09,8.36,8.05,8.32,238624272.0,2083028591.0,161922077818.0,0.0014736981838153849
2024-12-25,8.3,8.57,8.29,8.55,250352051.0,2241802966.0,161922077818.0,0.0015461267195533092
2024-12-26,8.55,8.55,8.38,8.5,184550697.0,1647425131.0,161922077818.0,0.001139750054389955
2024-12-27,8.51,8.59,8.35,8.45,145199007.0,1291502032.0,161922077818.0,0.0008967214907111265
2024-12-30,8.45,8.6,8.44,8.53,145925007.0,1311769433.0,161922077818.0,0.0009012051288275792
2024-12-31,8.55,8.57,8.45,8.47,155407359.0,1396986883.0,161922077818.0,0.0009597663338700327
2025-01-02,8.44,8.54,8.27,8.31,184981442.0,1636853877.0,161922077818.0,0.0011424102537018989
2025-01-03,8.35,8.48,8.34,8.38,178965310.0,1589925430.0,161922077818.0,0.0011052557650671735
2025-01-06,8.4,8.48,8.22,8.44,170462804.0,1509884540.0,161922077818.0,0.0010527459028261714
2025-01-07,8.39,8.46,8.29,8.37,122267327.0,1077809048.0,161922077818.0,0.0007550997902671936
2025-01-08,8.39,8.69,8.37,8.57,227508932.0,2057337764.0,161922077818.0,0.0014050519550256727
2025-01-09,8.52,8.55,8.24,8.36,153629538.0,1361696664.0,161922077818.0,0.000948786849021782
2025-01-10,8.39,8.44,8.23,8.29,143463802.0,1258431039.0,161922077818.0,0.0008860051941851497
2025-01-13,8.43,8.48,8.26,8.4,178167945.0,1578493988.0,161922077818.0,0.0011003313902645216
2025-01-14,8.35,8.44,8.29,8.43,158884680.0,1407341963.0,161922077818.0,0.000981241607945434
2025-01-15,8.39,8.55,8.33,8.39,141486900.0,1258878298.0,161922077818.0,0.0008737962228908087
2025-01-16,8.46,8.56,8.41,8.53,153454811.0,1378337203.0,161922077818.0,0.0009477077682543255
2025-01-17,8.48,8.51,8.36,8.37,150269686.0,1334267977.0,161922077818.0,0.0009280370411804049
2025-01-20,8.36,8.36,8.1,8.12,235403562.0,2033703848.0,161922077818.0,0.0014538076905398472
2025-01-21,8.08,8.11,7.97,8.01,152266647.0,1288524298.0,161922077818.0,0.0009403698930490956
2025-01-22,7.97,8.0,7.77,7.8,192271249.0,1592888788.0,161922077818.0,0.0011874307172374133
2025-01-23,7.83,7.93,7.81,7.83,152374577.0,1262909903.0,161922077818.0,0.0009410364482307881
2025-01-24,7.8,7.85,7.74,7.79,149177143.0,1228142328.0,161922077818.0,0.0009212897031106204
2025-01-27,7.79,7.91,7.76,7.89,155373168.0,1288482458.0,161922077818.0,0.000959555176747664
2025-02-05,7.89,7.9,7.68,7.72,152525262.0,1244000940.0,161922077818.0,0.0009419670501723551
2025-02-06,7.72,7.79,7.7,7.77,107576108.0,879061201.0,161922077818.0,0.0006643696119124365
2025-02-07,7.75,7.83,7.71,7.83,138216008.0,1135260197.0,161922077818.0,0.0008535958151139491
2025-02-10,7.82,7.84,7.77,7.8,110624145.0,911054683.0,161922077818.0,0.0006831937095344172
2025-02-11,7.82,7.91,7.8,7.85,147938177.0,1225927515.0,161922077818.0,0.0009136380844018203
2025-02-12,7.86,7.86,7.8,7.84,109526961.0,904916887.0,161922077818.0,0.0006764177095300619
2025-02-13,7.78,7.83,7.76,7.8,133934369.0,1102558946.0,161922077818.0,0.0008271532258284253
2025-02-14,7.8,7.81,7.65,7.68,247682714.0,2010647106.0,161922077818.0,0.0015296414012077755
2025-02-17,7.65,7.66,7.6,7.64,178435593.0,1435086280.0,161922077818.0,0.0011019843334802136
2025-02-18,7.63,7.71,7.58,7.65,210196149.0,1697319133.0,161922077818.0,0.0012981314953002267
2025-02-19,7.65,7.65,7.54,7.56,226900564.0,1814932772.0,161922077818.0,0.0014012947898002868
2025-02-20,7.56,7.62,7.53,7.59,133223014.0,1065418434.0,161922077818.0,0.0008227600324505613
2025-02-21,7.61,7.61,7.52,7.57,137560896.0,1097409770.0,161922077818.0,0.0008495499678222886
2025-02-24,7.52,7.54,7.47,7.48,179447566.0,1419342285.0,161922077818.0,0.001108234086532033
2025-02-25,7.48,7.53,7.39,7.4,179267207.0,1410284452.0,161922077818.0,0.0011071202236022186
2025-02-26,7.36,7.44,7.34,7.38,160073074.0,1245567492.0,161922077818.0,0.0009885809035869817
2025-02-27,7.37,7.47,7.32,7.47,209897958.0,1641711814.0,161922077818.0,0.0012962899243173297
2025-02-28,7.44,7.55,7.43,7.45,201612695.0,1596440424.0,161922077818.0,0.00124512171358505
2025-03-03,7.48,7.52,7.39,7.42,155070251.0,1217326470.0,161922077818.0,0.0009576844188863397
2025-03-04,7.37,7.37,7.21,7.22,247492704.0,1893446278.0,161922077818.0,0.0015284679355349008
2025-03-05,7.2,7.28,7.18,7.25,140406670.0,1071286269.0,161922077818.0,0.0008671249275705117
2025-03-06,7.19,7.26,7.16,7.25,185658163.0,1412400099.0,161922077818.0,0.0011465895540735298
2025-03-07,7.23,7.33,7.22,7.29,176614024.0,1356045916.0,161922077818.0,0.001090734669292681
2025-03-10,7.28,7.32,7.23,7.26,120526269.0,924338346.0,161922077818.0,0.0007443473467248316
2025-03-11,7.21,7.29,7.2,7.29,104178219.0,797682491.0,161922077818.0,0.0006433848947831317
2025-03-12,7.29,7.32,7.25,7.27,94638719.0,726258456.0,161922077818.0,0.0005844707545463546
2025-03-13,7.31,7.42,7.29,7.41,224371962.0,1744753007.0,161922077818.0,0.0013856786240860465
2025-03-14,7.38,7.44,7.38,7.43,174871484.0,1368910024.0,161922077818.0,0.0010799730731997838
2025-03-17,7.47,7.52,7.46,7.5,148361949.0,1174748017.0,161922077818.0,0.0009162552197900922
2025-03-18,7.51,7.52,7.45,7.48,95541450.0,754855979.0,161922077818.0,0.0005900458497536596
2025-03-19,7.45,7.5,7.45,7.47,78327430.0,618022362.0,161922077818.0,0.0004837353315589232
2025-03-20,7.47,7.55,7.47,7.53,130421268.0,1036316553.0,161922077818.0,0.0008054569812684418
2025-03-21,7.56,7.66,7.52,7.54,209242475.0,1679500175.0,161922077818.0,0.0012922417858001304
2025-03-24,7.54,7.58,7.48,7.57,126374562.0,1005792729.0,161922077818.0,0.0007804652935719161
2025-03-25,7.57,7.65,7.55,7.65,116796322.0,939927147.0,161922077818.0,0.0007213119024527265
2025-03-26,7.65,7.72,7.64,7.68,104647429.0,847715415.0,161922077818.0,0.0006462826466297168
2025-03-27,7.68,7.76,7.67,7.75,125808749.0,1026676485.0,161922077818.0,0.0007769709399443892
2025-03-28,7.73,7.74,7.65,7.65,129432220.0,1049584431.0,161922077818.0,0.0007993488086626549
2025-03-31,7.67,7.81,7.65,7.79,203217773.0,1665459410.0,161922077818.0,0.0012550343704730387
2025-04-01,7.82,7.86,7.77,7.82,136710992.0,1126953122.0,161922077818.0,0.0008443011221339612
2025-04-02,7.82,7.83,7.72,7.74,103075912.0,843487312.0,161922077818.0,0.0006365772561037481
2025-04-03,7.62,7.74,7.6,7.71,119507942.0,968689499.0,161922077818.0,0.0007380583525757779
2025-04-07,7.14,7.26,6.94,6.95,395567456.0,2938412876.0,161922077818.0,0.0024429494811980907
2025-04-08,7.02,7.34,6.94,7.29,336643808.0,2532699725.0,161922077818.0,0.0020790482220613966
2025-04-09,7.2,7.2,7.01,7.14,346138448.0,2589234380.0,161922077818.0,0.0021376853154580857
2025-04-10,7.24,7.27,7.12,7.18,250869767.0,1900985480.0,161922077818.0,0.0015493240352435261
2025-04-11,7.16,7.18,7.1,7.16,147406106.0,1111267395.0,161922077818.0,0.0009103521149579373
2025-04-14,7.16,7.29,7.15,7.29,169770557.0,1296243743.0,161922077818.0,0.0010484707168272735
2025-04-15,7.28,7.35,7.26,7.34,133653803.0,1030930858.0,161922077818.0,0.0008254205034981489
2025-04-16,7.32,7.58,7.29,7.56,215686388.0,1690796516.0,161922077818.0,0.0013320381686457293
2025-04-17,7.55,7.58,7.49,7.57,102283976.0,814511027.0,161922077818.0,0.0006316864097740082
2025-04-18,7.58,7.65,7.53,7.57,107108327.0,857490198.0,161922077818.0,0.0006614806852984525
2025-04-21,7.54,7.59,7.5,7.52,80401423.0,639785891.0,161922077818.0,0.0004965439184295238
2025-04-22,7.5,7.63,7.49,7.59,107958084.0,864868192.0,161922077818.0,0.0006667286231426984
2025-04-23,7.64,7.65,7.56,7.58,74514641.0,597164691.0,161922077818.0,0.0004601882708283565
2025-04-24,7.56,7.61,7.55,7.58,64125464.0,513493485.0,161922077818.0,0.0003960266868121397
2025-04-25,7.6,7.62,7.53,7.54,76479828.0,610264607.0,161922077818.0,0.00047232489250763647
2025-04-28,7.55,7.62,7.5,7.6,89285658.0,714439798.0,161922077818.0,0.0005514112664756986
2025-04-29,7.54,7.59,7.5,7.52,80664229.0,641738823.0,161922077818.0,0.0004981669583728192
2025-04-30,7.53,7.61,7.52,7.57,89354521.0,714431984.0,161922077818.0,0.0005518365512850832
2025-05-06,7.55,7.56,7.47,7.54,122498058.0,972670118.0,161922077818.0,0.0007565247411022448
2025-05-07,7.67,7.68,7.57,7.67,141898767.0,1143322917.0,161922077818.0,0.0008763398352601049
2025-05-08,7.63,7.71,7.62,7.63,74534020.0,602788804.0,161922077818.0,0.0004603079518518534
2025-05-09,7.67,7.72,7.66,7.67,73846909.0,599432206.0,161922077818.0,0.00045606448481351464
2025-05-12,7.72,7.74,7.66,7.71,70451407.0,573215256.0,161922077818.0,0.00043509450934286554
2025-05-13,7.73,7.81,7.7,7.77,94413870.0,773688233.0,161922077818.0,0.0005830821298261807
2025-05-14,7.79,7.91,7.76,7.89,127880796.0,1059911365.0,161922077818.0,0.0007897675086885785
2025-05-15,7.85,7.91,7.82,7.84,84661790.0,702462453.0,161922077818.0,0.0005228551358830736
2025-05-16,7.82,7.85,7.7,7.72,105512857.0,862145941.0,161922077818.0,0.0006516273655936912
2025-05-19,7.72,7.8,7.72,7.75,74348800.0,609442364.0,161922077818.0,0.00045916406830925097
2025-05-20,7.79,7.8,7.74,7.77,53584665.0,439205503.0,161922077818.0,0.00033092871412031304
2025-05-21,7.8,7.86,7.8,7.83,80675807.0,667197630.0,161922077818.0,0.0004982384619018995
2025-05-22,7.82,7.88,7.81,7.86,73609397.0,610192484.0,161922077818.0,0.0004545976558103261
2025-05-23,7.86,7.88,7.75,7.75,83692974.0,689422365.0,161922077818.0,0.0005168719122667798
2025-05-26,7.76,7.81,7.72,7.76,70011899.0,573590681.0,161922077818.0,0.00043238019140721007
2025-05-27,7.75,7.8,7.73,7.74,54748108.0,448083480.0,161922077818.0,0.0003381139171246106
2025-05-28,7.74,7.92,7.72,7.9,146010167.0,1211705597.0,161922077818.0,0.0009017310608138012
2025-05-29,7.91,7.97,7.86,7.87,80311764.0,670513033.0,161922077818.0,0.000495990201473762
2025-05-30,7.86,7.93,7.83,7.85,97424110.0,810960568.0,161922077818.0,0.0006016728003546524
2025-06-03,7.89,7.94,7.84,7.86,77079512.0,640322213.0,161922077818.0,0.000476028426998307
2025-06-04,7.88,7.95,7.84,7.95,77061754.0,644458234.0,161922077818.0,0.0004759187569629462
2025-06-05,7.94,8.0,7.94,7.95,74506060.0,625602487.0,161922077818.0,0.00046013527620207925
2025-06-06,7.96,8.11,7.95,8.06,105866453.0,899095869.0,161922077818.0,0.0006538111073339463
2025-06-09,8.11,8.19,8.06,8.18,115794247.0,994661587.0,161922077818.0,0.0007151232775690566
2025-06-10,8.2,8.29,8.18,8.26,146719781.0,1277002931.0,161922077818.0,0.0009061135021063197
2025-06-11,8.27,8.41,8.25,8.38,125362779.0,1104332753.0,161922077818.0,0.0007742167139240113
2025-06-12,8.43,8.46,8.35,8.41,132507296.0,1176127596.0,161922077818.0,0.0008183398940133282
2025-06-13,8.55,8.66,8.42,8.52,191619920.0,1720534448.0,161922077818.0,0.001183408233035277
2025-06-16,8.55,8.6,8.42,8.55,191412722.0,1721733308.0,161922077818.0,0.0011821286175387857
2025-06-17,8.5,8.7,8.49,8.7,187955455.0,1710699426.0,161922077818.0,0.0011607771931586837
2025-06-18,8.72,8.77,8.66,8.7,135239018.0,1244301020.0,161922077818.0,0.0008352104902705628
2025-06-19,8.7,8.77,8.56,8.76,229433429.0,2102088607.0,161922077818.0,0.0014169372829928887
2025-06-20,8.72,8.75,8.62,8.68,137842481.0,1262271200.0,161922077818.0,0.0008512889833030341
2025-06-23,8.75,8.79,8.54,8.61,226861259.0,2063231514.0,161922077818.0,0.0014010520495851806
2025-06-24,8.38,8.53,8.2,8.49,217096735.0,1929393489.0,161922077818.0,0.0013407482038614658
2025-06-25,8.5,8.53,8.39,8.47,146784920.0,1273066399.0,161922077818.0,0.0009065157881989748
2025-06-26,8.47,8.56,8.45,8.52,115263894.0,1007151515.0,161922077818.0,0.0007118479181668872
2025-06-27,8.52,8.52,8.37,8.4,120881733.0,1046804770.0,161922077818.0,0.0007465426248783119
2025-06-30,8.39,8.42,8.26,8.33,112428863.0,960899659.0,161922077818.0,0.0006943393051463294
2025-07-01,8.34,8.48,8.28,8.42,101075028.0,870205911.0,161922077818.0,0.0006242201765321222
2025-07-02,8.42,8.44,8.37,8.38,78419450.0,675906518.0,161922077818.0,0.00048430362960227857
2025-07-03,8.41,8.42,8.32,8.33,80081640.0,686039114.0,161922077818.0,0.000494568999355428
2025-07-04,8.33,8.39,8.31,8.38,89042401.0,763643449.0,161922077818.0,0.0005499089574436133
2025-07-07,8.38,8.38,8.23,8.31,87628132.0,745382746.0,161922077818.0,0.0005411747007007518
2025-07-08,8.33,8.4,8.29,8.35,90676310.0,777068037.0,161922077818.0,0.0005599996691119536
2025-07-09,8.37,8.51,8.36,8.36,124567324.0,1079795604.0,161922077818.0,0.0007693041349186079
2025-07-10,8.38,8.51,8.38,8.44,121933899.0,1057905307.0,161922077818.0,0.0007530406022645867
2025-07-11,8.44,8.6,8.43,8.43,243381626.0,2127927146.0,161922077818.0,0.0015030786985920494
2025-07-14,8.47,8.69,8.47,8.65,204611606.0,1809087801.0,161922077818.0,0.001263642418361151
2025-07-15,8.63,8.73,8.6,8.7,163315904.0,1452534859.0,161922077818.0,0.0010086080057814392
2025-07-16,8.7,8.83,8.68,8.75,129816376.0,1166430128.0,161922077818.0,0.0008017212831588863
2025-07-17,8.75,8.8,8.64,8.68,128039088.0,1140910842.0,161922077818.0,0.0007907450900174071
2025-07-18,8.7,8.74,8.64,8.68,72754738.0,648388687.0,161922077818.0,0.00044931944414507906
2025-07-21,8.67,8.74,8.64,8.7,84814373.0,757345341.0,161922077818.0,0.0005237974595121682
2025-07-22,8.68,8.83,8.63,8.78,145904781.0,1309021412.0,161922077818.0,0.0009010802168929465
2025-07-23,8.76,8.83,8.69,8.71,138909950.0,1250633323.0,161922077818.0,0.0008578814691109289
2025-07-24,8.71,8.71,8.55,8.57,184517805.0,1626594769.0,161922077818.0,0.0011395469196448771
2025-07-25,8.58,8.65,8.43,8.45,182602884.0,1598068585.0,161922077818.0,0.0011277207312349658
2025-07-28,8.45,8.45,8.31,8.34,151301332.0,1296504569.0,161922077818.0,0.0009344082909438842
2025-07-29,8.37,8.52,8.37,8.5,163958194.0,1420545793.0,161922077818.0,0.0010125746668362828
2025-07-30,8.54,8.66,8.52,8.65,148260247.0,1309216131.0,161922077818.0,0.000915627127553564
2025-07-31,8.65,8.67,8.51,8.64,175125075.0,1547642858.0,161922077818.0,0.0010815392030532126
2025-08-01,8.58,8.61,8.28,8.29,226766360.0,1953129427.0,161922077818.0,0.0014004659713846112
2025-08-04,8.23,8.29,8.19,8.25,114858803.0,971456733.0,161922077818.0,0.0007093461530866779
2025-08-05,8.25,8.42,8.23,8.37,136173580.0,1166912016.0,161922077818.0,0.000840982167688453
2025-08-06,8.37,8.45,8.35,8.42,94110090.0,812093306.0,161922077818.0,0.0005812060422407592
2025-08-07,8.4,8.46,8.37,8.46,76613357.0,662023169.0,161922077818.0,0.0004731495422515095
2025-08-08,8.43,8.6,8.41,8.55,98313524.0,861667131.0,161922077818.0,0.0006071656522991519
2025-08-11,8.53,8.57,8.36,8.37,143829394.0,1241471484.0,161922077818.0,0.0008882630209430975
2025-08-12,8.38,8.63,8.38,8.55,179730910.0,1574976229.0,161922077818.0,0.0011099839652627054
2025-08-13,8.53,8.59,8.48,8.49,112396786.0,981180697.0,161922077818.0,0.0006941412036864652
2025-08-14,8.49,8.55,8.43,8.43,86838286.0,756150062.0,161922077818.0,0.0005362967618140746
2025-08-15,8.45,8.47,8.35,8.41,122448292.0,1056337506.0,161922077818.0,0.0007562173957379152
2025-08-18,8.4,8.41,8.34,8.36,155371792.0,1333603748.0,161922077818.0,0.000959546678832997
2025-08-19,8.36,8.39,8.29,8.3,119671552.0,1022471464.0,161922077818.0,0.0007390687768626
2025-08-20,8.3,8.43,8.28,8.4,134389685.0,1154806481.0,161922077818.0,0.00082996517096979
2025-08-21,8.38,8.56,8.37,8.53,143573531.0,1251312296.0,161922077818.0,0.000886682859649172
2025-08-22,8.52,8.55,8.4,8.47,127908792.0,1108616827.0,161922077818.0,0.0007899404066675155
2025-08-25,8.5,8.56,8.46,8.55,134161080.0,1172878404.0,161922077818.0,0.000828553349906964
2025-08-26,8.56,8.64,8.52,8.55,113993519.0,1003679309.0,161922077818.0,0.0007040023234393547
2025-08-27,8.57,8.6,8.38,8.41,193755512.0,1684315811.0,161922077818.0,0.0011965972436308574
2025-08-28,8.43,8.46,8.33,8.42,127740374.0,1101889122.0,161922077818.0,0.0007889002890858395
2025-08-29,8.45,8.61,8.44,8.5,189508290.0,1658203358.0,161922077818.0,0.0011703672072007798
2025-09-01,8.5,8.56,8.38,8.49,131485197.0,1141958536.0,161922077818.0,0.0008120276047086613
2025-09-02,8.54,8.88,8.52,8.85,383030064.0,3419809188.0,161922077818.0,0.002365520929335682
2025-09-03,8.85,9.01,8.78,8.87,240576468.0,2192924034.0,161922077818.0,0.0014857545755459446
2025-09-04,8.78,8.9,8.46,8.76,378947896.0,3370962216.0,161922077818.0,0.002340310235062179
2025-09-05,8.67,8.75,8.62,8.67,155373340.0,1382683767.0,161922077818.0,0.0009595562389869974
2025-09-08,8.6,8.78,8.58,8.66,182125560.0,1627990287.0,161922077818.0,0.0011247728688654098
2025-09-09,8.66,8.74,8.54,8.57,128722824.0,1137881788.0,161922077818.0,0.0007949677136967334
2025-09-10,8.61,8.64,8.53,8.54,124433160.0,1093121308.0,161922077818.0,0.0007684755635353355
2025-09-11,8.55,8.57,8.44,8.51,198396019.0,1725694281.0,161922077818.0,0.0012252561335273663
2025-09-12,8.49,8.51,8.45,8.47,142911096.0,1242590925.0,161922077818.0,0.000882591786900312
2025-09-15,8.48,8.58,8.45,8.55,154568866.0,1352480587.0,161922077818.0,0.0009545879603505027
2025-09-16,8.54,8.55,8.41,8.42,179277655.0,1554054776.0,161922077818.0,0.001107184748465911
2025-09-17,8.48,8.56,8.41,8.46,179990315.0,1525112745.0,161922077818.0,0.0011115860012759263
2025-09-18,8.44,8.44,8.18,8.21,245196082.0,2033727669.0,161922077818.0,0.0015142844342424988
2025-09-19,8.19,8.24,8.13,8.15,123190819.0,1007099258.0,161922077818.0,0.000760803101467523
2025-09-22,8.15,8.18,8.07,8.1,121595384.0,987236915.0,161922077818.0,0.0007509499979161143
2025-09-23,8.1,8.19,8.05,8.14,140823464.0,1144091113.0,161922077818.0,0.0008696989681560609
2025-09-24,8.18,8.22,8.09,8.13,139825895.0,1138515036.0,161922077818.0,0.0008635381714726015
2025-09-25,8.15,8.17,8.1,8.14,101110481.0,822639247.0,161922077818.0,0.0006244391275268091
2025-09-26,8.16,8.21,8.12,8.16,109092921.0,891554546.0,161922077818.0,0.0006737371609239116
2025-09-29,8.18,8.22,8.08,8.17,157210459.0,1279359980.0,161922077818.0,0.0009709019370212391
2025-09-30,8.13,8.16,8.05,8.06,167463098.0,1352876510.0,161922077818.0,0.0010342202882810587
2025-10-09,8.07,8.29,8.04,8.28,212146662.0,1735590724.0,161922077818.0,0.0013101774931424256
2025-10-10,8.23,8.36,8.2,8.28,131407871.0,1089307832.0,161922077818.0,0.0008115500540185885
2025-10-13,8.14,8.29,8.09,8.23,202583362.0,1659467172.0,161922077818.0,0.0012511163686257977
2025-10-14,8.24,8.35,8.16,8.33,182695981.0,1514153297.0,161922077818.0,0.001128295680625775
2025-10-15,8.33,8.36,8.23,8.29,146684442.0,1214253876.0,161922077818.0,0.0009058952551539818
2025-10-16,8.28,8.44,8.26,8.43,176952346.0,1481988121.0,161922077818.0,0.0010928240817098085
2025-10-17,8.41,8.5,8.36,8.41,149835343.0,1264055684.0,161922077818.0,0.0009253546213038011
2025-10-20,8.4,8.63,8.4,8.62,208817508.0,1780170855.0,161922077818.0,0.0012896172703188156
2025-10-21,8.62,8.78,8.58,8.76,224842578.0,1958785244.0,161922077818.0,0.001388585059121601
2025-10-22,8.75,8.91,8.73,8.9,177576948.0,1569567885.0,161922077818.0,0.0010966815050359967
2025-10-23,8.92,9.18,8.92,9.18,267071263.0,2420808197.0,161922077818.0,0.00164938139751509
2025-10-24,9.16,9.17,9.0,9.06,176163602.0,1597311905.0,161922077818.0,0.0010879529485658369
2025-10-27,9.03,9.2,8.96,9.17,168460290.0,1534654713.0,161922077818.0,0.001040378756684119
2025-10-28,9.17,9.2,9.08,9.12,101845110.0,930130069.0,161922077818.0,0.0006289760567084227
2025-10-29,9.08,9.14,9.04,9.09,94522208.0,859285793.0,161922077818.0,0.0005837512047383849
2025-10-30,9.12,9.24,9.08,9.1,111718985.0,1022293436.0,161922077818.0,0.0006899552334399503
2025-10-31,9.16,9.18,9.07,9.15,119503462.0,1090267283.0,161922077818.0,0.0007380306849466296
2025-11-03,9.19,9.57,9.16,9.56,230442997.0,2180347922.0,161922077818.0,0.001423172183221471
2025-11-04,9.54,9.7,9.5,9.57,169633164.0,1629997344.0,161922077818.0,0.00104762220375326
2025-11-05,9.5,9.57,9.42,9.53,102252323.0,972456523.0,161922077818.0,0.000631490926857617
2025-11-06,9.49,9.67,9.44,9.59,122783382.0,1174997451.0,161922077818.0,0.0007582868479368713
2025-11-07,9.6,9.75,9.59,9.71,129442761.0,1253137738.0,161922077818.0,0.0007994139078766845
2025-11-10,9.71,9.88,9.68,9.87,146987123.0,1442931484.0,161922077818.0,0.0009077645555241278
2025-11-11,9.85,9.87,9.68,9.77,131852994.0,1288606863.0,161922077818.0,0.0008142990491278307
2025-11-12,9.82,10.11,9.82,9.94,205824769.0,2055249046.0,161922077818.0,0.0012711346826425147
2025-11-13,9.78,9.94,9.77,9.92,162963303.0,1604058224.0,161922077818.0,0.0010064304089722116
2025-11-14,9.92,10.02,9.81,9.82,103251004.0,1024255031.0,161922077818.0,0.0006376585910418829
2025-11-17,9.82,9.97,9.66,9.87,133310715.0,1311091384.0,161922077818.0,0.0008233016571701908
2025-11-18,9.88,9.95,9.8,9.87,108906369.0,1073966832.0,161922077818.0,0.0006725850512022855
2025-11-19,9.87,10.32,9.83,10.27,226561112.0,2305748936.0,161922077818.0,0.0013991983987177716
2025-11-20,10.16,10.44,10.11,10.12,181489159.0,1863398397.0,161922077818.0,0.0011208425771561143
2025-11-21,10.11,10.21,10.0,10.03,221694991.0,2238852106.0,161922077818.0,0.0013691461596063792
2025-11-24,10.03,10.08,9.71,9.78,242795229.0,2383053861.0,161922077818.0,0.0014994572220898821
2025-11-25,9.77,9.83,9.67,9.8,113848611.0,1110691189.0,161922077818.0,0.0007031073991526069
2025-11-26,9.8,9.88,9.66,9.72,124459523.0,1211513502.0,161922077818.0,0.0007686383764164155
2025-11-27,9.72,9.88,9.59,9.85,119004978.0,1162008521.0,161922077818.0,0.0007349521424358282
2025-11-28,9.83,9.89,9.72,9.75,74661653.0,729632867.0,161922077818.0,0.0004610961890195079
2025-12-01,9.78,9.98,9.75,9.96,114814283.0,1135272828.0,161922077818.0,0.0007090712060220161
2025-12-02,9.94,10.17,9.92,10.0,110550061.0,1111677353.0,161922077818.0,0.0006827361808206166
2025-12-03,9.95,10.02,9.88,9.93,70235822.0,698740437.0,161922077818.0,0.000433763097327252
2025-12-04,9.96,10.13,9.95,10.01,84199849.0,844366286.0,161922077818.0,0.0005200022759999437
2025-12-05,9.98,10.05,9.85,9.9,86821789.0,862173104.0,161922077818.0,0.0005361948794752219
2025-12-08,9.92,9.94,9.75,9.85,99038784.0,975041783.0,161922077818.0,0.000611644720316147
2025-12-09,9.85,9.87,9.7,9.72,98017437.0,957343680.0,161922077818.0,0.0006053370752206585
2025-12-10,9.69,9.72,9.57,9.6,92815174.0,893588306.0,161922077818.0,0.0005732088869581085
2025-12-11,9.63,9.75,9.51,9.66,120102924.0,1155700776.0,161922077818.0,0.0007417328484074628
2025-12-12,9.59,9.59,9.45,9.53,145030285.0,1381863105.0,161922077818.0,0.000895679495683187
2025-12-15,9.53,9.58,9.46,9.5,87961632.0,837851956.0,161922077818.0,0.0005432343333616843
2025-12-16,9.47,9.63,9.33,9.56,153362215.0,1459016481.0,161922077818.0,0.0009471359129443654
2025-12-17,9.53,9.64,9.43,9.51,102626105.0,980483167.0,161922077818.0,0.0006337993335001017
2025-12-18,9.57,9.78,9.53,9.71,104826773.0,1014012077.0,161922077818.0,0.0006473902411123023
2025-12-19,9.66,9.75,9.55,9.65,106086475.0,1024968236.0,161922077818.0,0.0006551699214188748
2025-12-22,9.72,9.75,9.64,9.72,86409213.0,838404261.0,161922077818.0,0.0005336468884565806
2025-12-23,9.75,9.98,9.75,9.89,105380086.0,1040755265.0,161922077818.0,0.0006508073971138571
2025-12-24,9.87,9.9,9.73,9.85,84041786.0,826028678.0,161922077818.0,0.000519026108931623
2025-12-25,9.82,9.94,9.79,9.83,70675285.0,696854937.0,161922077818.0,0.00043647713735145394
2025-12-26,9.77,9.9,9.77,9.85,70109445.0,690631257.0,161922077818.0,0.00043298261697705505
2025-12-29,9.84,10.1,9.81,10.06,168783308.0,1693188871.0,161922077818.0,0.0010423736545038165
2025-12-30,10.06,10.4,10.02,10.25,172605548.0,1762680427.0,161922077818.0,0.001065979082815428
2025-12-31,10.26,10.47,10.26,10.41,170561058.0,1771227332.0,161922077818.0,0.0010533527008695514
2026-01-05,10.41,10.41,9.9,10.07,308401573.0,3100499221.0,161922077818.0,0.001904629542529973
2026-01-06,10.05,10.3,9.97,10.27,188338212.0,1913874760.0,161922077818.0,0.0011631410276966164
2026-01-07,10.15,10.17,9.83,9.9,231885217.0,2306983415.0,161922077818.0,0.001432079060031816
2026-01-08,9.89,9.9,9.8,9.8,121457155.0,1194385967.0,161922077818.0,0.0007500963218648758
2026-01-09,9.98,10.04,9.73,9.87,207592057.0,2041920921.0,161922077818.0,0.0012820491176832164
2026-01-12,9.85,9.92,9.78,9.86,144189477.0,1418143992.0,161922077818.0,0.000890486825163327
2026-01-13,9.88,10.17,9.88,10.08,205937323.0,2072278771.0,161922077818.0,0.0012718297947700067
2026-01-14,10.14,10.22,9.82,9.85,348962524.0,3492868480.0,161922077818.0,0.0021551262724792413
2026-01-15,9.84,10.13,9.8,9.97,193449745.0,1936861743.0,161922077818.0,0.0011947088847108114
2026-01-16,9.9,9.99,9.71,9.8,200682137.0,1973325482.0,161922077818.0,0.0012393747641107115
2026-01-19,9.72,9.93,9.72,9.82,107657091.0,1059032371.0,161922077818.0,0.0006648697475399636
2026-01-20,9.82,9.97,9.82,9.92,125594543.0,1246556073.0,161922077818.0,0.000775648044370873
2026-01-21,9.96,10.06,9.91,10.0,155395508.0,1551203924.0,161922077818.0,0.0009596931443448012
2026-01-22,10.08,10.48,10.08,10.15,300558152.0,3074506073.0,161922077818.0,0.0018561900640740702
2026-01-23,10.17,10.25,9.81,9.83,268401677.0,2666771278.0,161922077818.0,0.0016575977817038811
2026-01-26,9.9,10.49,9.89,10.39,438585369.0,4497765496.0,161922077818.0,0.002708619941827629
2026-01-27,10.39,10.69,10.31,10.44,287268218.0,3024205306.0,161922077818.0,0.0017741139557441248
2026-01-28,10.6,11.08,10.53,10.77,494794028.0,5364611647.0,161922077818.0,0.00305575394453712
2026-01-29,10.9,11.0,10.53,10.89,422473957.0,4557261094.0,161922077818.0,0.00260911892123111
2026-01-30,10.93,11.15,10.74,11.02,421390527.0,4616525109.0,161922077818.0,0.0026024278633185642
2026-02-02,10.7,10.97,10.59,10.68,323679303.0,3469664025.0,161922077818.0,0.0019989819014292463
2026-02-03,10.65,10.68,10.33,10.47,232654985.0,2438294230.0,161922077818.0,0.001436833001003752
2026-02-04,10.68,10.7,10.46,10.56,181563270.0,1919758909.0,161922077818.0,0.001121300272616787
2026-02-05,10.61,10.64,10.31,10.53,162249636.0,1699124918.0,161922077818.0,0.001002022937121448
2026-02-06,10.3,10.8,10.3,10.77,198501991.0,2106006366.0,161922077818.0,0.0012259105964729266
2026-02-09,10.69,10.78,10.65,10.75,123678826.0,1325832037.0,161922077818.0,0.0007638169400161396
2026-02-10,10.79,10.92,10.73,10.76,110662936.0,1195220357.0,161922077818.0,0.0006834332753831436
2026-02-11,10.77,10.88,10.64,10.85,114935658.0,1240821627.0,161922077818.0,0.000709820794970204
2026-02-12,10.89,11.12,10.82,11.04,162643191.0,1786121808.0,161922077818.0,0.0010044534580566
2026-02-13,10.8,10.8,10.45,10.54,260460221.0,2751660344.0,161922077818.0,0.0016085528577070053
2026-02-24,10.9,11.25,10.9,11.09,325198773.0,3610426233.0,161922077818.0,0.002008365859568098
2026-02-25,11.14,11.29,10.93,10.99,250362086.0,2775460705.0,161922077818.0,0.0015461886938074394
2026-02-26,10.92,11.06,10.78,10.89,135284180.0,1472181112.0,161922077818.0,0.0008354894022052945
2026-02-27,10.88,10.96,10.8,10.86,161376123.0,1755349382.0,161922077818.0,0.0009966282867329948
2026-03-02,11.8,11.95,11.33,11.95,875237463.0,10222251615.0,161922077818.0,0.0054053003444271795
2026-03-03,12.31,13.15,12.3,13.15,917467579.0,11760287946.0,161922077818.0,0.0056661055204048905
2026-03-04,13.69,13.69,11.84,13.24,1074717349.0,14020847688.0,161922077818.0,0.006637250234696096
2026-03-05,12.65,13.18,12.28,12.69,706713624.0,8952629983.0,161922077818.0,0.004364529121188429
2026-03-06,12.38,12.65,12.07,12.3,510391825.0,6266539004.0,161922077818.0,0.0031520829764405513
2026-03-09,13.48,13.48,12.91,12.92,817445288.0,10764000683.0,161922077818.0,0.005048386847646597
2026-03-10,12.18,12.3,11.78,11.99,524362917.0,6301324490.0,161922077818.0,0.0032383657872114423
2026-03-11,11.78,12.16,11.65,12.13,474054564.0,5647611585.0,161922077818.0,0.0029276709537586106
2026-03-12,12.33,12.39,11.95,12.23,403531840.0,4926788541.0,161922077818.0,0.0024921360041684293
2026-03-13,12.32,12.39,11.96,12.05,344813861.0,4185118567.0,161922077818.0,0.002129504917714618
2026-03-16,12.09,12.26,11.96,11.99,252780850.0,3052266703.0,161922077818.0,0.001561126520894359
2026-03-17,11.87,12.12,11.8,12.02,279883778.0,3341004021.0,161922077818.0,0.001728509056773522
2026-03-18,11.87,11.93,11.61,11.86,215985694.0,2542768757.0,161922077818.0,0.001333886625656863
2026-03-19,12.1,12.52,12.07,12.48,543417355.0,6668172221.0,161922077818.0,0.003356042377437867
2026-03-20,12.0,12.35,11.9,12.24,306407816.0,3722916039.0,161922077818.0,0.0018923164779567712
2026-03-23,12.25,12.46,11.82,12.34,418973920.0,5119735792.0,161922077818.0,0.0025875033574539823
2026-03-24,12.0,12.1,11.83,11.99,322591319.0,3854205760.0,161922077818.0,0.001992262718877606
2026-03-25,11.62,11.73,11.39,11.7,280217565.0,3246384962.0,161922077818.0,0.0017305704618919466
2026-03-26,11.7,12.03,11.68,11.94,273889333.0,3252415842.0,161922077818.0,0.001691488502931953
2026-03-27,11.94,12.1,11.83,12.07,218320072.0,2614590741.0,161922077818.0,0.0013483033008345607
2026-03-30,12.35,12.54,12.23,12.44,288820184.0,3577709368.0,161922077818.0,0.0017836986030072635
2026-03-31,12.44,12.62,12.17,12.19,234200410.0,2896051116.0,161922077818.0,0.0014463772522931718
2026-04-01,12.01,12.44,12.01,12.07,252735701.0,3091522059.0,161922077818.0,0.0015608476892451583
2026-04-02,12.2,12.39,12.15,12.35,258790147.0,3176478963.0,161922077818.0,0.001598238797867203
2026-04-03,12.35,12.42,12.14,12.33,163410345.0,2007445746.0,161922077818.0,0.0010091912554609928
2026-04-07,12.3,12.68,12.15,12.56,178216138.0,2220324170.0,161922077818.0,0.001100629021079599
2026-04-08,11.75,12.07,11.61,11.98,357491873.0,4253588420.0,161922077818.0,0.0022078019119901606
2026-04-09,12.02,12.22,12.01,12.1,187144663.0,2262853270.0,161922077818.0,0.0011557698957541176
2026-04-10,12.02,12.07,11.94,11.99,157471370.0,1889024396.0,161922077818.0,0.0009725132738044371
2026-04-13,12.15,12.19,11.91,12.09,181109013.0,2180761636.0,161922077818.0,0.0011184948676582946
2026-04-14,11.96,11.99,11.87,11.93,141608570.0,1688770923.0,161922077818.0,0.0008745476337029696
2026-04-15,11.77,11.8,11.64,11.76,164316711.0,1925908881.0,161922077818.0,0.0010147887997379306
2026-04-16,11.68,11.77,11.56,11.65,153649028.0,1785685949.0,161922077818.0,0.0009489072155601975
2026-04-17,11.66,11.7,11.48,11.53,132929702.0,1536265810.0,161922077818.0,0.0008209485932450339
2026-04-20,11.48,11.53,11.3,11.48,145719480.0,1666014618.0,161922077818.0,0.0008999358331097277
2026-04-21,11.44,11.55,11.41,11.47,113947785.0,1307006088.0,161922077818.0,0.0007037198789412585
2026-04-22,11.49,11.51,11.37,11.45,122940474.0,1405780840.0,161922077818.0,0.0007592570182936065
2026-04-23,11.46,11.83,11.41,11.82,256499225.0,2982082187.0,161922077818.0,0.0015840904986922442
2026-04-24,11.71,12.01,11.7,11.93,194560535.0,2311432608.0,161922077818.0,0.0012015689127870847
2026-04-27,11.88,12.05,11.82,11.96,182151716.0,2180422832.0,161922077818.0,0.0011249344033538037
2026-04-28,11.92,12.19,11.87,12.18,181665283.0,2192518107.0,161922077818.0,0.0011219302855302493
2026-04-29,12.2,12.36,12.15,12.25,172987930.0,2114391603.0,161922077818.0,0.0010683406014245814
2026-04-30,12.25,12.34,12.13,12.22,160727422.0,1963636427.0,161922077818.0,0.0009926220325597427
2026-05-06,11.99,12.0,11.83,11.89,175440055.0,2087379425.0,161922077818.0,0.001083484459711505
2026-05-07,11.65,11.73,11.23,11.27,269778383.0,3078353582.0,161922077818.0,0.0016661000564927916
2026-05-08,11.33,11.34,11.03,11.12,179966348.0,2002943659.0,161922077818.0,0.0011114379856357927
2026-05-11,11.21,11.24,11.02,11.11,174018554.0,1932958648.0,161922077818.0,0.0010747055395101612
2026-05-12,11.13,11.3,11.09,11.19,216402182.0,2415497511.0,161922077818.0,0.0013364587764445285
2026-05-13,11.27,11.3,11.04,11.12,168327155.0,1879849909.0,161922077818.0,0.0010395565402094166
2026-05-14,11.11,11.32,11.07,11.25,202243241.0,2266065902.0,161922077818.0,0.0012490158459263405
2026-05-15,11.21,11.6,11.19,11.51,233642645.0,2672856418.0,161922077818.0,0.001442932601585151
2026-05-18,11.6,11.75,11.43,11.54,154923831.0,1783612744.0,161922077818.0,0.0009567801567747543
2026-05-19,11.47,11.59,11.38,11.56,128385166.0,1476228942.0,161922077818.0,0.0007928824020174976
2026-05-20,11.57,11.75,11.57,11.63,123024188.0,1432001376.0,161922077818.0,0.0007597740200584559
2026-05-21,11.37,11.48,11.17,11.29,209541286.0,2373318986.0,161922077818.0,0.0012940871857852754
2026-05-22,11.28,11.31,11.01,11.08,145731595.0,1618821496.0,161922077818.0,0.0009000106530488198
2026-05-25,10.78,10.98,10.7,10.73,153680284.0,1658814844.0,161922077818.0,0.0009491002466799879
2026-05-26,10.73,10.99,10.71,10.96,161418840.0,1751669573.0,161922077818.0,0.0009968920988120864
2026-05-27,10.9,10.93,10.61,10.8,180821076.0,1941637758.0,161922077818.0,0.0011167166234319352
2026-05-28,10.76,10.96,10.73,10.8,147674060.0,1601279502.0,161922077818.0,0.000912006947971513
2026-05-29,10.8,10.94,10.66,10.87,189696990.0,2050341595.0,161922077818.0,0.0011715325825624528
2026-06-01,10.85,10.99,10.73,10.82,196831219.0,2133913929.0,161922077818.0,0.0012155922259176899
