date,open,high,low,close,volume,amount,outstanding_share,turnover
2015-01-05,11.28,11.36,10.86,11.15,222169488.0,3334903552.0,5200000000.0,0.04272490153846154
2015-01-06,11.05,11.26,10.6,10.9,224303616.0,3307553024.0,5200000000.0,0.04313531076923077
2015-01-07,10.9,11.55,10.83,11.14,293581504.0,4461223936.0,5200000000.0,0.05645798153846154
2015-01-08,11.14,11.27,10.68,10.74,194585648.0,2845285120.0,5200000000.0,0.03742031692307692
2015-01-09,10.68,11.08,10.62,10.66,205818640.0,3006874880.0,5200000000.0,0.03958050769230769
2015-01-12,10.68,10.86,10.3,10.4,162753504.0,2317995008.0,5200000000.0,0.03129875076923077
2015-01-13,10.4,10.43,10.02,10.07,144732080.0,1980070912.0,5200000000.0,0.02783309230769231
2015-01-14,10.02,10.27,10.02,10.15,93459696.0,1277911552.0,5200000000.0,0.01797301846153846
2015-01-15,10.17,10.6,10.03,10.59,151371936.0,2108399488.0,5200000000.0,0.02910998769230769
2015-01-16,10.6,10.66,10.23,10.41,133464720.0,1878727680.0,5200000000.0,0.02566629230769231
2015-01-19,9.37,9.49,9.37,9.37,125705264.0,1590088448.0,5200000000.0,0.02417408923076923
2015-01-20,8.71,9.23,8.51,8.78,295989568.0,3518305024.0,5200000000.0,0.05692107076923077
2015-01-21,8.97,9.55,8.97,9.5,292324384.0,3658701056.0,5200000000.0,0.05621622769230769
2015-01-22,9.52,9.62,9.36,9.55,169192672.0,2166439680.0,5200000000.0,0.032537052307692306
2015-01-23,9.6,10.11,9.6,9.74,227657248.0,3035334656.0,5200000000.0,0.04378024
2015-01-26,9.94,10.12,9.76,9.94,165277984.0,2211644416.0,5200000000.0,0.031784227692307696
2015-01-27,9.93,9.96,9.51,9.74,139137504.0,1830526464.0,5200000000.0,0.026757212307692308
2015-01-28,9.64,9.9,9.57,9.68,113228984.0,1489422080.0,5200000000.0,0.021774804615384617
2015-01-29,9.45,9.58,9.28,9.36,103649888.0,1314200192.0,5200000000.0,0.01993267076923077
2015-01-30,9.51,9.65,9.34,9.34,90473544.0,1156882048.0,5200000000.0,0.01739875846153846
2015-02-02,8.9,9.16,8.87,8.96,107116592.0,1298699520.0,5200000000.0,0.020599344615384617
2015-02-03,9.14,9.38,8.99,9.36,107579368.0,1328182912.0,5200000000.0,0.02068834
2015-02-04,9.39,9.6,9.12,9.14,111386496.0,1410850432.0,5200000000.0,0.02142048
2015-02-05,9.56,9.59,9.08,9.12,125050656.0,1577716992.0,5200000000.0,0.024048203076923076
2015-02-06,9.12,9.45,9.08,9.22,93659552.0,1169165312.0,5200000000.0,0.018011452307692306
2015-02-09,9.27,10.14,9.26,10.07,311791424.0,4136811776.0,5200000000.0,0.05995988923076923
2015-02-10,9.92,10.26,9.89,10.16,236625088.0,3221320704.0,5200000000.0,0.04550482461538462
2015-02-11,10.23,10.25,10.02,10.14,120587760.0,1645577600.0,5200000000.0,0.023189953846153848
2015-02-12,10.14,10.2,9.89,10.08,124517576.0,1693429888.0,5200000000.0,0.023945687692307694
2015-02-13,10.16,10.25,10.02,10.05,136113920.0,1861200512.0,5200000000.0,0.026175753846153844
2015-02-16,10.05,10.15,9.91,10.07,97794760.0,1322470016.0,5200000000.0,0.018806684615384615
2015-02-17,10.08,10.5,10.08,10.3,144968016.0,2023991680.0,5200000000.0,0.027878464615384617
2015-02-25,10.38,10.41,10.11,10.15,112289728.0,1552196224.0,5200000000.0,0.021594178461538462
2015-02-26,10.11,10.88,10.0,10.8,242775728.0,3452238848.0,5200000000.0,0.04668764
2015-02-27,10.77,10.9,10.62,10.66,157008912.0,2279841536.0,5200000000.0,0.030194021538461537
2015-03-02,10.97,11.09,10.74,10.79,189368000.0,2782503168.0,5200000000.0,0.036416923076923076
2015-03-03,10.78,10.78,10.2,10.31,180774736.0,2545247744.0,5200000000.0,0.03476437230769231
2015-03-04,10.23,10.4,10.16,10.28,101695080.0,1410027520.0,5200000000.0,0.019556746153846154
2015-03-05,10.23,10.52,10.09,10.36,128859400.0,1793173376.0,5200000000.0,0.024780653846153845
2015-03-06,10.36,10.55,10.22,10.24,104158584.0,1460275456.0,5200000000.0,0.020030496923076922
2015-03-09,9.72,10.11,9.51,10.02,166203776.0,2194060544.0,5200000000.0,0.031962264615384615
2015-03-10,10.0,10.27,9.82,10.03,115521920.0,1559421696.0,5200000000.0,0.022215753846153846
2015-03-11,10.03,10.27,9.9,9.97,104302976.0,1418544000.0,5200000000.0,0.020058264615384614
2015-03-12,10.05,10.27,9.94,10.18,128669088.0,1757479296.0,5200000000.0,0.024744055384615386
2015-03-13,10.2,10.68,10.2,10.48,191214816.0,2700504576.0,5200000000.0,0.03677208
2015-03-16,10.79,10.83,10.4,10.63,176579456.0,2522770432.0,5200000000.0,0.033957587692307695
2015-03-17,10.77,10.96,10.56,10.85,280412896.0,4071730944.0,5200000000.0,0.05392555692307692
2015-03-18,10.88,11.1,10.88,10.95,234913072.0,3478882560.0,5200000000.0,0.04517559076923077
2015-03-19,10.96,11.01,10.76,10.83,181528448.0,2655567872.0,5200000000.0,0.03490931692307692
2015-03-20,10.83,11.85,10.68,11.42,413157568.0,6268279808.0,5200000000.0,0.07945337846153847
2015-03-23,11.48,11.66,11.27,11.52,276831456.0,4281246208.0,5200000000.0,0.05323681846153846
2015-03-24,11.54,11.6,10.91,11.21,274134976.0,4169152000.0,5200000000.0,0.05271826461538461
2015-03-25,11.23,11.53,11.06,11.14,197205232.0,3000553472.0,5200000000.0,0.037924083076923076
2015-03-26,11.05,11.32,10.89,11.09,150027856.0,2245310976.0,5200000000.0,0.02885151076923077
2015-03-27,11.09,11.32,11.01,11.14,136615008.0,2058796928.0,5200000000.0,0.026272116923076922
2015-03-30,11.17,11.57,11.12,11.49,254908960.0,3922345728.0,5200000000.0,0.04902095384615385
2015-03-31,11.6,12.46,11.57,11.73,363693280.0,5880895488.0,5200000000.0,0.06994101538461539
2015-04-01,11.79,12.35,11.57,12.22,339547104.0,5529371648.0,5200000000.0,0.06529752
2015-04-02,12.39,12.45,11.89,12.1,232297424.0,3800056576.0,5200000000.0,0.044672581538461535
2015-04-03,11.99,12.49,11.94,12.39,278991296.0,4625164288.0,5200000000.0,0.05365217230769231
2015-04-07,12.54,12.68,12.27,12.52,249576288.0,4187239424.0,5200000000.0,0.04799544
2015-04-08,12.52,13.38,12.36,13.18,394301600.0,6883039744.0,5200000000.0,0.07582723076923077
2015-04-09,13.34,14.24,13.08,13.1,394696128.0,7237067264.0,5200000000.0,0.07590310153846154
2015-04-10,13.12,13.42,12.82,13.18,205109360.0,3626950656.0,5200000000.0,0.03944410769230769
2015-04-13,13.2,13.33,12.81,12.93,255354784.0,4455864832.0,5200000000.0,0.04910668923076923
2015-04-14,12.9,13.18,12.46,13.01,255725376.0,4411271168.0,5200000000.0,0.04917795692307692
2015-04-15,12.95,13.12,12.4,12.43,161051856.0,2784778752.0,5200000000.0,0.03097151076923077
2015-04-16,12.23,12.68,12.01,12.52,158317840.0,2648411392.0,5200000000.0,0.03044573846153846
2015-04-17,12.54,13.35,12.47,12.98,303111520.0,5272941568.0,5200000000.0,0.05829067692307692
2015-04-20,13.05,13.05,12.33,12.38,261477072.0,4477464576.0,5200000000.0,0.050284052307692305
2015-04-21,12.38,13.22,12.28,13.08,289836320.0,5038081024.0,5200000000.0,0.05573775384615385
2015-04-22,13.22,14.09,13.06,14.01,410973024.0,7484373504.0,5200000000.0,0.07903327384615384
2015-04-23,14.16,14.42,13.65,13.75,366092544.0,6904554496.0,5200000000.0,0.07040241230769231
2015-04-24,13.43,13.71,13.07,13.18,230767280.0,4143082752.0,5200000000.0,0.044378323076923076
2015-04-27,13.19,13.52,13.09,13.25,180047344.0,3218366464.0,5200000000.0,0.03462448923076923
2015-04-28,13.41,13.75,13.29,13.38,299331424.0,5468243456.0,5200000000.0,0.057563735384615386
2015-04-29,13.39,13.42,12.98,13.21,150686768.0,2686641920.0,5200000000.0,0.028978224615384615
2015-04-30,13.21,13.35,12.88,12.89,137779408.0,2435067904.0,5200000000.0,0.02649604
2015-05-04,12.83,13.1,12.56,12.89,119276288.0,2058008064.0,5200000000.0,0.02293774769230769
2015-05-05,12.9,13.24,12.38,12.47,172504512.0,2990668544.0,5200000000.0,0.033173944615384615
2015-05-06,12.61,12.97,12.24,12.42,161889712.0,2764310272.0,5200000000.0,0.031132636923076922
2015-05-07,12.38,12.64,12.27,12.43,123823520.0,2086161536.0,5200000000.0,0.023812215384615386
2015-05-08,12.66,12.77,12.12,12.46,138310352.0,2312913920.0,5200000000.0,0.026598144615384615
2015-05-11,12.63,12.74,12.39,12.73,172525712.0,2925511680.0,5200000000.0,0.03317802153846154
2015-05-12,12.72,13.31,12.5,13.05,243692544.0,4265859840.0,5200000000.0,0.04686395076923077
2015-05-13,12.98,12.99,12.6,12.67,135750336.0,2335094016.0,5200000000.0,0.026105833846153847
2015-05-14,12.65,12.8,12.46,12.52,103137952.0,1750816384.0,5200000000.0,0.01983422153846154
2015-05-15,12.44,12.52,12.0,12.07,117952048.0,1942774400.0,5200000000.0,0.022683086153846153
2015-05-18,11.86,12.21,11.83,11.91,88648048.0,1432629504.0,5200000000.0,0.017047701538461538
2015-05-19,11.91,12.94,11.89,12.69,234252720.0,3954641152.0,5200000000.0,0.0450486
2015-05-20,12.65,12.72,12.37,12.45,142107504.0,2389398016.0,5200000000.0,0.027328366153846154
2015-05-21,12.48,12.55,12.26,12.42,105750080.0,1756304256.0,5200000000.0,0.020336553846153845
2015-05-22,12.53,13.0,12.47,12.74,201116496.0,3455629056.0,5200000000.0,0.03867624923076923
2015-05-25,12.78,13.3,12.78,13.09,217008768.0,3820572672.0,5200000000.0,0.04173245538461538
2015-05-26,13.13,13.45,12.81,13.38,300132288.0,5301605888.0,5200000000.0,0.05771774769230769
2015-05-27,13.46,13.68,13.24,13.34,273878848.0,4962347008.0,5200000000.0,0.05266900923076923
2015-05-28,13.34,13.38,12.01,12.05,248615040.0,4293661696.0,5200000000.0,0.047810584615384615
2015-05-29,12.12,12.37,11.6,11.93,176652336.0,2863694848.0,5200000000.0,0.033971603076923075
2015-06-01,11.93,12.71,11.78,12.48,181094544.0,2984040704.0,5200000000.0,0.03482587384615385
2015-06-02,12.42,12.55,12.22,12.41,151539408.0,2517887232.0,5200000000.0,0.029142193846153845
2015-06-03,12.45,12.66,12.28,12.41,133608792.0,2234120960.0,5200000000.0,0.025693998461538463
2015-06-04,12.35,12.77,11.86,12.61,204096416.0,3412952832.0,5200000000.0,0.03924931076923077
2015-06-05,12.77,12.92,12.35,12.61,195667776.0,3322413312.0,5200000000.0,0.037628418461538464
2015-06-08,12.63,13.19,12.53,13.15,309536544.0,5367812608.0,5200000000.0,0.05952625846153846
2015-06-09,13.24,13.28,12.72,12.84,203440688.0,3536474624.0,5200000000.0,0.03912320923076923
2015-06-10,12.78,13.17,12.57,12.86,183844448.0,3181654784.0,5200000000.0,0.03535470153846154
2015-06-11,12.79,12.85,12.57,12.67,137787072.0,2345941504.0,5200000000.0,0.026497513846153845
2015-06-12,12.68,12.91,12.65,12.7,128128256.0,2196513792.0,5200000000.0,0.02464004923076923
2015-06-15,12.87,12.93,12.28,12.31,148736352.0,2520608768.0,5200000000.0,0.028603144615384615
2015-06-16,12.27,12.57,12.0,12.12,116139080.0,1923523584.0,5200000000.0,0.022334438461538462
2015-06-17,12.16,12.27,11.91,12.22,96295696.0,1566895360.0,5200000000.0,0.01851840307692308
2015-06-18,12.15,12.15,11.53,11.57,104866112.0,1680377216.0,5200000000.0,0.02016656
2015-06-19,11.5,11.98,11.02,11.07,125762144.0,1968318080.0,5200000000.0,0.02418502769230769
2015-06-23,11.19,11.45,10.41,11.45,117586272.0,1764371328.0,5200000000.0,0.022612744615384615
2015-06-24,11.47,11.53,11.22,11.49,108801736.0,1668008832.0,5200000000.0,0.02092341076923077
2015-06-25,11.54,11.71,11.16,11.22,119063288.0,1842090112.0,5200000000.0,0.022896786153846153
2015-06-26,11.05,11.4,10.09,10.09,168070592.0,2405223936.0,5200000000.0,0.03232126769230769
2015-06-29,10.49,10.49,9.08,9.3,182195552.0,2380700416.0,5200000000.0,0.03503760615384616
2015-06-30,9.3,10.22,8.89,10.18,178920208.0,2315780096.0,5200000000.0,0.034407732307692306
2015-07-01,10.04,10.36,9.52,9.56,129022072.0,1746104448.0,5200000000.0,0.024811936923076924
2015-07-02,10.05,10.09,8.98,9.57,153722240.0,2015341184.0,5200000000.0,0.02956196923076923
2015-07-03,9.6,9.86,8.63,9.13,150484304.0,1883134464.0,5200000000.0,0.02893928923076923
2015-07-06,10.05,10.05,9.13,9.63,178319616.0,2303182336.0,5200000000.0,0.03429223384615385
2015-07-07,9.49,9.78,8.68,8.93,215357408.0,2636226048.0,5200000000.0,0.041414886153846156
2015-07-08,8.04,8.1,8.04,8.04,94306976.0,1019524288.0,5200000000.0,0.018135956923076922
2015-07-09,8.03,8.84,7.24,8.84,316386464.0,3503632128.0,5200000000.0,0.06084355076923077
2015-07-10,8.77,9.73,8.6,9.68,291329312.0,3710413312.0,5200000000.0,0.05602486769230769
2015-07-13,9.45,10.15,9.33,9.74,294638656.0,3845477120.0,5200000000.0,0.05666128
2015-07-14,9.43,9.58,8.93,9.05,196031856.0,2455536384.0,5200000000.0,0.037698433846153845
2015-07-15,8.82,9.15,8.14,8.14,156842976.0,1801822848.0,5200000000.0,0.03016211076923077
2015-07-16,8.14,8.52,7.88,8.26,122631696.0,1359531008.0,5200000000.0,0.02358301846153846
2015-07-17,8.37,8.9,8.26,8.78,125167688.0,1439948160.0,5200000000.0,0.02407070923076923
2015-07-20,8.78,8.91,8.52,8.63,113845216.0,1332056448.0,5200000000.0,0.02189331076923077
2015-07-21,8.55,8.99,8.45,8.78,133336760.0,1565617536.0,5200000000.0,0.025641684615384616
2015-07-22,8.81,8.81,8.5,8.61,91834592.0,1068452096.0,5200000000.0,0.01766049846153846
2015-07-23,8.67,8.89,8.63,8.84,132514720.0,1568351104.0,5200000000.0,0.0254836
2015-07-24,8.87,8.91,8.53,8.58,122239896.0,1442549504.0,5200000000.0,0.02350767230769231
2015-07-27,8.44,8.46,7.72,7.72,133556672.0,1460920832.0,5200000000.0,0.025683975384615386
2015-07-28,7.44,8.18,7.07,8.03,222587792.0,2311308032.0,5200000000.0,0.04280534461538461
2015-07-29,8.03,8.14,7.78,8.12,94280104.0,1007800256.0,5200000000.0,0.01813078923076923
2015-07-30,8.07,8.29,7.62,7.71,87613944.0,948046912.0,5200000000.0,0.016848835384615384
2015-07-31,7.57,7.83,7.56,7.76,71470224.0,741970496.0,5200000000.0,0.013744273846153846
2015-08-03,7.65,8.0,7.6,7.97,80743296.0,841582464.0,5200000000.0,0.015527556923076924
2015-08-04,7.94,8.22,7.83,8.13,90839888.0,981194496.0,5200000000.0,0.01746920923076923
2015-08-05,8.08,8.11,7.82,7.84,67803008.0,726707968.0,5200000000.0,0.01303904
2015-08-06,7.72,7.84,7.59,7.62,48135940.0,499162496.0,5200000000.0,0.009256911538461539
2015-08-07,7.55,7.79,7.55,7.66,81105568.0,837353088.0,5200000000.0,0.015597224615384615
2015-08-10,7.71,8.27,7.62,8.13,148574160.0,1589382016.0,5200000000.0,0.028571953846153846
2015-08-11,8.04,8.24,7.99,8.03,93062256.0,1012165376.0,5200000000.0,0.017896587692307692
2015-08-12,7.98,8.27,7.92,8.04,104160176.0,1137375104.0,5200000000.0,0.020030803076923075
2015-08-13,8.04,8.18,7.94,8.13,71551272.0,777342528.0,5200000000.0,0.01375986
2015-08-14,8.21,8.46,8.16,8.36,135750144.0,1514812032.0,5200000000.0,0.026105796923076924
2015-08-17,8.35,8.35,8.0,8.22,102652000.0,1127695360.0,5200000000.0,0.019740769230769232
2015-08-18,8.24,8.58,7.51,7.55,173711824.0,1918179072.0,5200000000.0,0.03340612
2015-08-19,7.37,7.71,7.2,7.68,110872648.0,1119321216.0,5200000000.0,0.021321663076923077
2015-08-20,7.51,7.61,7.33,7.37,78429008.0,788933504.0,5200000000.0,0.01508250153846154
2015-08-21,7.29,7.47,6.78,6.83,87705792.0,841339712.0,5200000000.0,0.01686649846153846
2015-08-24,6.54,6.66,6.14,6.14,96271816.0,806069952.0,5200000000.0,0.018513810769230768
2015-08-25,5.54,5.82,5.53,5.53,146588496.0,1099530880.0,5200000000.0,0.028190095384615383
2015-08-26,5.53,5.87,5.15,5.56,161937984.0,1213058304.0,5200000000.0,0.03114192
2015-08-27,5.65,5.97,5.53,5.95,144658544.0,1113968000.0,5200000000.0,0.027818950769230768
2015-08-28,6.02,6.25,5.86,6.13,163980320.0,1328177408.0,5200000000.0,0.031534676923076925
2015-08-31,6.14,6.14,5.79,6.03,132147152.0,1059266880.0,5200000000.0,0.025412913846153847
2015-09-01,5.92,6.24,5.65,6.16,162724320.0,1321663744.0,5200000000.0,0.03129313846153846
2015-09-02,5.88,6.25,5.82,6.09,141244496.0,1154234240.0,5200000000.0,0.027162403076923077
2015-09-07,6.04,6.32,5.96,5.99,66516424.0,550887808.0,5200000000.0,0.01279162
2015-09-08,5.94,6.29,5.88,6.25,65946640.0,539968000.0,5200000000.0,0.012682046153846153
2015-09-09,6.29,6.52,6.23,6.4,92493752.0,794737024.0,5200000000.0,0.01778726
2015-09-10,6.31,6.4,6.24,6.3,48678436.0,413445856.0,5200000000.0,0.009361237692307692
2015-09-11,6.25,6.35,6.13,6.18,40304088.0,338683584.0,5200000000.0,0.007750786153846154
2015-09-14,6.18,6.24,5.57,6.0,95417720.0,758897088.0,5200000000.0,0.01834956153846154
2015-09-15,5.84,5.94,5.53,5.56,40284136.0,309440512.0,5200000000.0,0.0077469492307692305
2015-09-16,5.47,6.11,5.47,6.0,50759512.0,394259584.0,5200000000.0,0.009761444615384616
2015-09-17,5.95,6.07,5.81,5.82,50741060.0,407071392.0,5200000000.0,0.009757896153846153
2015-09-18,5.91,5.95,5.79,5.85,32005856.0,252713216.0,5200000000.0,0.006154972307692307
2015-09-21,5.79,5.98,5.76,5.96,28485352.0,225599456.0,5200000000.0,0.005477952307692308
2015-09-22,5.99,6.37,5.95,6.17,75665808.0,632266560.0,5200000000.0,0.014551116923076923
2015-09-23,6.05,6.13,5.92,5.94,40267388.0,326261344.0,5200000000.0,0.007743728461538461
2015-09-24,5.97,6.11,5.97,6.02,27530500.0,223580496.0,5200000000.0,0.005294326923076923
2015-09-25,6.02,6.06,5.81,5.83,26352854.0,209395472.0,5200000000.0,0.005067856538461538
2015-09-28,5.81,5.93,5.81,5.9,17877272.0,141194208.0,5200000000.0,0.003437936923076923
2015-09-29,5.82,5.99,5.72,5.82,29767716.0,233506016.0,5200000000.0,0.005724560769230769
2015-09-30,5.82,5.98,5.82,5.82,25107544.0,198679808.0,5200000000.0,0.004828373846153846
2015-10-08,6.21,6.23,6.03,6.05,46250444.0,379407552.0,5200000000.0,0.008894316153846154
2015-10-09,6.05,6.24,6.05,6.21,55610200.0,461209632.0,5200000000.0,0.010694269230769231
2015-10-12,6.25,6.72,6.18,6.57,102567104.0,894544384.0,5200000000.0,0.019724443076923077
2015-10-13,6.49,6.6,6.47,6.53,55834476.0,490218464.0,5200000000.0,0.01073739923076923
2015-10-14,6.49,6.66,6.42,6.43,63261372.0,555452288.0,5200000000.0,0.012165648461538461
2015-10-15,6.43,6.62,6.4,6.62,57987972.0,510350496.0,5200000000.0,0.011151533076923077
2015-10-16,6.68,6.84,6.63,6.78,86960080.0,789899776.0,5200000000.0,0.016723092307692308
2015-10-19,6.84,7.18,6.76,6.87,102907600.0,963214720.0,5200000000.0,0.019789923076923076
2015-10-20,6.86,6.94,6.72,6.91,60951228.0,558838400.0,5200000000.0,0.01172139
2015-10-21,6.91,7.07,6.31,6.55,111683960.0,1020312192.0,5200000000.0,0.021477684615384615
2015-10-22,6.55,6.67,6.45,6.64,54638872.0,482507776.0,5200000000.0,0.010507475384615385
2015-10-23,6.69,6.84,6.6,6.81,63660176.0,575983232.0,5200000000.0,0.012242341538461538
2015-10-26,7.0,7.17,6.9,6.97,108536696.0,1027453952.0,5200000000.0,0.020872441538461538
2015-10-27,6.89,6.92,6.62,6.88,58818720.0,536698304.0,5200000000.0,0.011311292307692308
2015-10-28,6.83,6.92,6.55,6.65,63617444.0,573924992.0,5200000000.0,0.012234123846153846
2015-10-29,6.64,6.72,6.55,6.58,51032232.0,454575328.0,5200000000.0,0.00981389076923077
2015-10-30,6.6,6.91,6.48,6.74,86229304.0,781878272.0,5200000000.0,0.01658255846153846
2015-11-02,6.58,6.78,6.55,6.56,55356608.0,494071200.0,5200000000.0,0.01064550153846154
2015-11-03,6.61,6.72,6.55,6.6,47350112.0,421566688.0,5200000000.0,0.009105790769230768
2015-11-04,6.63,7.26,6.63,7.26,212811312.0,2027171840.0,5200000000.0,0.040925252307692304
2015-11-05,7.51,7.99,7.45,7.99,356068320.0,3787642368.0,5200000000.0,0.06847467692307692
2015-11-06,8.03,8.78,7.9,8.78,386672704.0,4353094144.0,5200000000.0,0.07436013538461539
2015-11-09,8.93,9.63,8.8,8.9,541459776.0,6659421184.0,5200000000.0,0.10412688
2015-11-10,8.79,9.79,8.7,9.79,643052928.0,8263747072.0,5200000000.0,0.12366402461538462
2015-11-11,9.65,10.14,9.45,9.91,567088512.0,7473452032.0,5200000000.0,0.10905548307692307
2015-11-12,9.67,9.83,9.3,9.48,398767040.0,5124897280.0,5200000000.0,0.07668596923076923
2015-11-13,9.33,9.92,9.3,9.53,363542784.0,4719801344.0,5200000000.0,0.06991207384615385
2015-11-16,9.17,9.6,9.02,9.46,217892736.0,2718099200.0,5200000000.0,0.04190244923076923
2015-11-17,9.67,10.16,9.33,9.39,435371808.0,5731866112.0,5200000000.0,0.08372534769230769
2015-11-18,9.34,9.4,8.52,8.76,267564496.0,3235518720.0,5200000000.0,0.05145471076923077
2015-11-19,8.78,9.22,8.7,9.19,190684640.0,2283316736.0,5200000000.0,0.03667012307692308
2015-11-20,9.11,9.13,8.78,8.93,185712096.0,2231020288.0,5200000000.0,0.035713864615384616
2015-11-23,8.93,9.21,8.59,8.7,187597248.0,2237773056.0,5200000000.0,0.03607639384615385
2015-11-24,8.63,9.13,8.63,8.94,180319872.0,2151304960.0,5200000000.0,0.034676898461538465
2015-11-25,8.84,9.03,8.72,8.94,140976080.0,1681316352.0,5200000000.0,0.027110784615384614
2015-11-26,9.06,9.18,8.71,8.78,170004752.0,2042775296.0,5200000000.0,0.03269322153846154
2015-11-27,8.64,8.72,7.9,7.9,217673488.0,2421368320.0,5200000000.0,0.041860286153846155
2015-11-30,7.86,8.17,7.49,7.91,194319664.0,2047110912.0,5200000000.0,0.03736916615384615
2015-12-01,7.87,8.01,7.72,7.92,118420040.0,1250898276.0,5200000000.0,0.022773084615384614
2015-12-02,7.88,8.72,7.82,8.7,308008192.0,3478036992.0,5200000000.0,0.05923234461538462
2015-12-03,8.56,8.87,8.4,8.61,247709233.0,2877426781.0,5200000000.0,0.04763639096153846
2015-12-04,8.55,8.59,8.26,8.39,146263744.0,1651581056.0,5200000000.0,0.028127643076923076
2015-12-07,8.33,8.4,8.17,8.23,101924378.0,1128602661.0,5200000000.0,0.019600841923076925
2015-12-08,8.16,8.37,8.04,8.06,96507088.0,1062506496.0,5200000000.0,0.018559055384615386
2015-12-09,7.98,8.29,7.95,8.11,106456866.0,1163676816.0,5200000000.0,0.02047247423076923
2015-12-10,8.18,8.67,8.14,8.26,166231072.0,1883956352.0,5200000000.0,0.031967513846153844
2015-12-11,8.12,8.59,8.03,8.39,149892544.0,1674742144.0,5200000000.0,0.02882548923076923
2015-12-14,8.26,9.23,8.22,9.23,264423312.0,3134880768.0,5200000000.0,0.050850636923076925
2015-12-15,9.33,9.42,8.96,9.03,263257440.0,3251844096.0,5200000000.0,0.05062643076923077
2015-12-16,9.04,9.39,9.04,9.27,195688800.0,2421472000.0,5200000000.0,0.03763246153846154
2015-12-17,9.34,9.61,9.1,9.27,274468320.0,3433486592.0,5200000000.0,0.05278236923076923
2015-12-18,9.16,9.28,8.97,9.03,152413792.0,1861151872.0,5200000000.0,0.029310344615384617
2015-12-21,9.03,9.35,9.01,9.11,133879480.0,1649201792.0,5200000000.0,0.025746053846153846
2015-12-22,9.14,9.25,9.0,9.19,117268931.0,1441739446.0,5200000000.0,0.0225517175
2015-12-23,9.22,9.74,9.16,9.23,300098464.0,3803670016.0,5200000000.0,0.057711243076923074
2015-12-24,9.17,9.3,8.42,8.7,274033600.0,3242377216.0,5200000000.0,0.05269876923076923
2015-12-25,8.72,8.72,8.44,8.55,175953085.0,2023998302.0,5200000000.0,0.03383713173076923
2015-12-28,8.62,8.65,8.17,8.18,223112450.0,2521610797.0,5200000000.0,0.042906240384615386
2016-01-07,7.43,7.55,7.37,7.37,57943368.0,544278685.0,5200000000.0,0.011142955384615384
2016-01-08,7.26,7.9,6.73,7.4,229880159.0,2143770141.0,5200000000.0,0.044207722884615386
2016-01-11,7.15,7.22,6.66,6.66,143305696.0,1260638948.0,5200000000.0,0.02755878769230769
2016-01-12,6.72,6.94,6.6,6.75,108741372.0,931630809.0,5200000000.0,0.02091180230769231
2016-01-13,6.79,6.88,6.55,6.58,106563486.0,909982495.0,5200000000.0,0.020492978076923078
2016-01-14,6.33,6.8,6.28,6.73,95294179.0,797827566.0,5200000000.0,0.018325803653846152
2016-01-15,6.68,6.72,6.39,6.45,92684070.0,768148568.0,5200000000.0,0.017823859615384616
2016-01-18,6.33,6.6,6.28,6.5,108112470.0,888940600.0,6696671674.0,0.016144209431641906
2016-01-19,6.5,6.79,6.42,6.69,191251255.0,1604227894.0,6696671674.0,0.028559150621425552
2016-01-20,6.64,6.78,6.54,6.57,145969094.0,1227756035.0,6696671674.0,0.02179726005781779
2016-01-21,6.48,6.84,6.47,6.49,182816968.0,1540129751.0,6696671674.0,0.02729967615252687
2016-01-22,6.56,6.68,6.4,6.63,113597373.0,942890419.0,6696671674.0,0.016963258545442016
2016-01-25,6.66,6.72,6.53,6.6,94122877.0,789683341.0,6696671674.0,0.014055172715938051
2016-01-26,6.51,6.54,5.94,5.94,140782253.0,1111790552.0,6696671674.0,0.021022719920194194
2016-01-27,5.97,6.02,5.56,5.85,154085025.0,1133041858.0,6696671674.0,0.023009195089889068
2016-01-28,5.82,6.09,5.73,5.78,130820209.0,978853249.0,6696671674.0,0.01953510868808349
2016-01-29,5.79,6.2,5.75,6.08,155054210.0,1184353621.0,6696671674.0,0.023153921462508303
2016-02-01,5.99,6.05,5.8,5.9,93298275.0,701464049.0,6696671674.0,0.013932036620853454
2016-02-03,6.08,6.34,6.05,6.14,161219271.0,1262448638.0,6696671674.0,0.024074537150438176
2016-02-04,6.18,6.51,6.18,6.4,122147481.0,982205977.0,6696671674.0,0.01824002832246364
2016-02-05,6.24,6.34,6.17,6.17,105051576.0,829616696.0,6696671674.0,0.01568713252105004
2016-02-15,5.92,6.29,5.88,6.24,82402332.0,637047606.0,6696671674.0,0.012304968200834628
2016-02-16,6.3,6.57,6.26,6.52,123961748.0,1016972539.0,6696671674.0,0.01851094902581004
2016-02-17,6.48,6.62,6.44,6.6,107417407.0,889094967.0,6696671674.0,0.016040417124980288
2016-02-18,6.65,6.78,6.49,6.52,101965869.0,858968427.0,6696671674.0,0.01522635033697189
2016-02-19,6.54,6.64,6.48,6.56,64564998.0,535239997.0,6696671674.0,0.00964135635478073
2016-02-22,6.67,6.86,6.55,6.71,124244126.0,1052781393.0,6696671674.0,0.018553115943011067
2016-02-23,6.73,6.82,6.56,6.66,113413176.0,962747569.0,6696671674.0,0.016935752791992113
2016-02-24,6.67,6.74,6.47,6.66,88590347.0,740350070.0,6696671674.0,0.013229011561661938
2016-02-25,6.62,6.62,6.0,6.0,146425029.0,1162130697.0,6696671674.0,0.02186534387948254
2016-02-26,6.08,6.14,5.9,6.05,78594317.0,601302524.0,6696671674.0,0.011736325271126022
2016-02-29,6.05,6.05,5.6,5.75,101056509.0,734527929.0,6696671674.0,0.015090557506702098
2016-03-01,5.79,6.13,5.65,5.94,122218452.0,904730445.0,6696671674.0,0.018250626273722852
2016-03-02,5.98,6.39,5.94,6.36,160302773.0,1250069886.0,6696671674.0,0.02393767841753085
2016-03-03,6.38,6.44,6.26,6.39,141154405.0,1136368013.0,6696671674.0,0.02107829260138818
2016-03-04,6.37,6.46,6.17,6.37,167690664.0,1348720902.0,6696671674.0,0.02504089675637874
2016-03-07,6.42,6.49,6.37,6.4,102986356.0,836777380.0,6696671674.0,0.01537873753014459
2016-03-08,6.38,6.38,6.08,6.35,91064937.0,716541075.0,6696671674.0,0.013598536919998924
2016-03-09,6.22,6.3,6.11,6.24,80667695.0,631689091.0,6696671674.0,0.01204593847913948
2016-03-10,6.19,6.26,6.03,6.05,62132563.0,483591449.0,6696671674.0,0.009278125914583997
2016-03-11,6.01,6.17,5.95,6.08,78465474.0,600357969.0,6696671674.0,0.01171708541492996
2016-03-14,6.13,6.47,6.11,6.27,123876833.0,987580148.0,6696671674.0,0.018498268846142626
2016-03-15,6.24,6.27,6.14,6.21,63578810.0,499128345.0,6696671674.0,0.009494090959669766
2016-03-16,6.24,6.35,6.2,6.24,100007273.0,792233658.0,6696671674.0,0.014933877285380558
2016-03-17,6.3,6.51,6.18,6.41,158246775.0,1274675193.0,6696671674.0,0.023630660528632032
2016-03-18,6.43,6.83,6.4,6.67,250052482.0,2098994861.0,6696671674.0,0.03733981508617709
2016-03-21,6.96,7.33,6.88,7.33,370599934.0,3398469606.0,6696671674.0,0.05534091441855568
2016-03-22,7.33,7.46,7.15,7.26,318855565.0,2958140781.0,6696671674.0,0.047614035825881224
2016-03-23,7.15,7.38,7.07,7.27,250366445.0,2289420834.0,6696671674.0,0.03738669852548605
2016-03-24,7.11,7.15,6.91,6.92,166341749.0,1483691099.0,6696671674.0,0.024839466095646606
2016-03-25,6.91,7.07,6.84,6.98,133321942.0,1171256782.0,6696671674.0,0.019908687253942264
2016-03-28,6.99,7.06,6.69,6.75,147578252.0,1284628848.0,6696671674.0,0.022037552262413634
2016-03-29,6.77,6.85,6.62,6.77,121034127.0,1035134108.0,6696671674.0,0.018073773494065436
2016-03-30,6.88,7.07,6.84,7.01,145834905.0,1281824133.0,6696671674.0,0.021777221894602922
2016-03-31,7.06,7.19,6.9,6.95,152460689.0,1355706805.0,6696671674.0,0.022766636386241323
2016-04-01,6.9,6.99,6.73,6.91,96417454.0,838225507.0,6696671674.0,0.014397817108809925
2016-04-05,6.91,7.14,6.86,7.02,127113161.0,1127656806.0,6696671674.0,0.018981542949689487
2016-04-06,7.03,7.13,6.95,7.06,111148463.0,991444787.0,6696671674.0,0.01659756792789122
2016-04-07,7.05,7.09,6.85,6.86,92061650.0,808135884.0,6696671674.0,0.013747373991386157
2016-04-08,6.79,6.83,6.6,6.68,93451344.0,793024628.0,6696671674.0,0.013954894095051315
2016-04-11,6.96,7.03,6.88,6.92,159411823.0,1404302157.0,6696671674.0,0.023804634714125302
2016-04-12,6.95,6.97,6.8,6.92,81381489.0,708206341.0,6696671674.0,0.01215252784692517
2016-04-13,6.96,7.41,6.96,7.13,252332777.0,2294846229.0,6696671674.0,0.03768032677780643
2016-04-14,7.19,7.2,7.04,7.15,101072660.0,911858479.0,6696671674.0,0.0150929693018126
2016-04-15,7.15,7.15,7.02,7.07,72415067.0,648226520.0,6696671674.0,0.01081359076944945
2016-04-18,7.0,7.01,6.77,6.81,137923462.0,1191838474.0,6696671674.0,0.020595822628648706
2016-04-19,6.86,6.9,6.77,6.84,74632414.0,645327370.0,6696671674.0,0.011144702567659434
2016-04-20,6.86,6.88,6.43,6.73,159509862.0,1338972792.0,6696671674.0,0.023819274673312886
2016-04-21,6.62,6.76,6.58,6.64,79713144.0,671317268.0,6696671674.0,0.011903397371187889
2016-04-22,6.61,6.68,6.57,6.67,56491812.0,473901420.0,6696671674.0,0.008435804344317926
2016-04-25,6.64,6.64,6.46,6.54,61445022.0,507074269.0,6696671674.0,0.009175456852478206
2016-04-26,6.56,6.65,6.51,6.64,54243039.0,451938985.0,6696671674.0,0.008099999767138053
2016-04-27,6.62,6.65,6.5,6.51,49319401.0,409747443.0,6696671674.0,0.00736476318399838
2016-04-28,6.53,6.54,6.39,6.5,46785535.0,383341224.0,6696671674.0,0.006986386264335766
2016-04-29,6.49,6.51,6.44,6.46,37388878.0,306288128.0,6696671674.0,0.005583203092539729
2016-05-03,6.48,6.66,6.43,6.6,101685523.0,847441229.0,6696671674.0,0.015184486854088526
2016-05-04,6.58,6.62,6.53,6.59,53639977.0,446636568.0,6696671674.0,0.008009945777729942
2016-05-05,6.56,6.62,6.54,6.58,49399362.0,411588043.0,6696671674.0,0.0073767035931885825
2016-05-06,6.58,6.62,6.31,6.32,95506988.0,778963556.0,6696671674.0,0.014261859121869202
2016-05-09,6.24,6.27,6.06,6.1,73571557.0,573071727.0,6696671674.0,0.010986287006669815
2016-05-10,6.1,6.17,6.07,6.1,35679843.0,276149717.0,6696671674.0,0.005327996464053615
2016-05-11,6.15,6.17,6.02,6.06,41346778.0,318884585.0,6696671674.0,0.0061742280363736406
2016-05-12,6.0,6.2,5.89,6.13,62826323.0,482483030.0,6696671674.0,0.009381723646975976
2016-05-13,6.08,6.15,6.01,6.05,34926931.0,268961604.0,6696671674.0,0.005215565686997125
2016-05-16,6.01,6.11,5.98,6.11,34428151.0,263252378.0,6696671674.0,0.005141083910932678
2016-05-17,6.11,6.2,6.03,6.11,42807916.0,331115622.0,6696671674.0,0.006392416723400497
2016-05-18,6.06,6.14,5.98,6.11,61074791.0,468239339.0,6696671674.0,0.009120171030203622
2016-05-19,6.11,6.15,6.05,6.06,30960614.0,235731346.0,6696671674.0,0.004623283850125934
2016-05-20,6.03,6.15,5.97,6.14,35292012.0,268367751.0,6696671674.0,0.0052700824705237
2016-05-23,6.13,6.21,6.09,6.14,46660927.0,358568506.0,6696671674.0,0.0069677788118480185
2016-05-24,6.13,6.13,6.05,6.06,29858005.0,226843195.0,6696671674.0,0.004458633550144689
2016-05-25,6.11,6.17,6.05,6.05,33683456.0,257245779.0,6696671674.0,0.005029880161331021
2016-05-26,6.03,6.09,5.97,6.07,34929129.0,262868644.0,6696671674.0,0.005215893909748218
2016-05-27,6.05,6.1,6.02,6.05,26387125.0,199724630.0,6696671674.0,0.003940334286127344
2016-05-30,6.01,6.12,5.97,6.07,33023353.0,249936951.0,6696671674.0,0.004931308358481127
2016-05-31,6.08,6.6,6.07,6.54,165236067.0,1333294675.0,6696671674.0,0.024674356910991065
2016-06-01,6.56,6.61,6.41,6.43,101746636.0,823821355.0,6696671674.0,0.015193612730788928
2016-06-02,6.45,6.52,6.41,6.48,66578102.0,537697135.0,6696671674.0,0.00994196897221215
2016-06-03,6.43,6.55,6.34,6.44,134040730.0,1074762157.0,6696671674.0,0.020016022365321653
2016-06-06,6.36,6.38,6.3,6.35,82900226.0,656208667.0,6696671674.0,0.012379317672368837
2016-06-07,6.36,6.45,6.33,6.41,76017077.0,606473480.0,6696671674.0,0.011351471402598137
2016-06-08,6.37,6.41,6.31,6.34,64488582.0,511528569.0,6696671674.0,0.009629945313039397
2016-06-13,6.22,6.24,5.99,6.0,97366709.0,745680800.0,6696671674.0,0.014539567376138322
2016-06-14,5.89,5.92,5.62,5.86,173189521.0,1244558152.0,6696671674.0,0.025862029591866176
2016-06-15,5.68,5.98,5.68,5.85,152602205.0,1113428796.0,6696671674.0,0.022787768675069136
2016-06-16,5.85,5.87,5.71,5.82,84463751.0,608752470.0,6696671674.0,0.012612795596345672
2016-06-17,5.8,5.89,5.77,5.81,83046716.0,605289343.0,6696671674.0,0.012401192718232104
2016-06-20,5.73,5.76,5.67,5.73,66792524.0,476649653.0,6696671674.0,0.00997398816180935
2016-06-21,5.74,5.98,5.74,5.8,140584891.0,1032044200.0,6696671674.0,0.020993248264779718
2016-06-22,5.73,5.85,5.71,5.84,70333640.0,508518383.0,6696671674.0,0.010502775621070414
2016-06-23,5.83,5.83,5.75,5.78,56634819.0,409127678.0,6696671674.0,0.008457159281062882
2016-06-24,5.79,5.89,5.67,5.77,92245594.0,666479537.0,6696671674.0,0.013774841964874267
2016-06-27,5.73,5.85,5.73,5.85,72809718.0,528555135.0,6696671674.0,0.010872523179340806
2016-06-28,5.81,5.97,5.79,5.91,98225017.0,720232003.0,6696671674.0,0.014667736717832704
2016-06-29,5.93,5.99,5.89,5.9,91414762.0,677359201.0,6696671674.0,0.013650775556896446
2016-06-30,5.93,5.96,5.9,5.92,60372083.0,446769290.0,6696671674.0,0.009015237111652967
2016-07-01,5.91,5.96,5.89,5.91,56644795.0,418974451.0,6696671674.0,0.008458648976315335
2016-07-04,5.89,6.23,5.88,6.12,153059474.0,1164490915.0,6696671674.0,0.022856051700168807
2016-07-05,6.12,6.19,6.09,6.13,66570768.0,510192764.0,6696671674.0,0.009940873801303821
2016-07-06,6.13,6.18,6.09,6.16,65850286.0,504094460.0,6696671674.0,0.009833285728441105
2016-07-07,6.16,6.21,6.09,6.17,74230000.0,570523923.0,6696671674.0,0.0110846109251854
2016-07-08,6.17,6.21,6.13,6.16,62477231.0,481318559.0,6696671674.0,0.009329594467438125
2016-07-11,6.1,6.18,6.01,6.05,127786640.0,974426718.0,6696671674.0,0.019082112162693433
2016-07-12,6.02,6.21,6.02,6.2,120792938.0,924672142.0,6696671674.0,0.018037757244241448
2016-07-13,6.23,6.77,6.23,6.45,263738953.0,2150420708.0,6696671674.0,0.03938358722646853
2016-07-14,6.42,6.61,6.37,6.5,129179866.0,1050178210.0,6696671674.0,0.019290159692544603
2016-07-15,6.45,6.53,6.37,6.42,81636849.0,655022815.0,6696671674.0,0.012190660222593436
2016-07-18,6.41,6.41,6.26,6.29,74315579.0,587230108.0,6696671674.0,0.011097390258586538
2016-07-19,6.26,6.34,6.22,6.33,67880805.0,533436132.0,6696671674.0,0.010136498891464094
2016-07-20,6.33,6.35,6.25,6.28,41543989.0,326530021.0,6696671674.0,0.0062036771432733675
2016-07-21,6.28,6.41,6.27,6.3,69146579.0,547173809.0,6696671674.0,0.010325514280245121
2016-07-22,6.28,6.33,6.23,6.29,54529724.0,427876424.0,6696671674.0,0.008142809839657072
2016-07-25,6.26,6.38,6.25,6.36,47418587.0,375003456.0,6696671674.0,0.007080918597831798
2016-07-26,6.36,6.47,6.33,6.43,57231159.0,458798633.0,6696671674.0,0.00854620948824495
2016-07-27,6.43,6.45,5.94,6.24,156806950.0,1206764515.0,6696671674.0,0.023415654467398635
2016-07-28,6.17,6.25,6.08,6.21,78466522.0,604019120.0,6696671674.0,0.011717241910581983
2016-07-29,6.19,6.22,6.13,6.17,42037609.0,324402113.0,6696671674.0,0.0062773883873106845
2016-08-01,6.15,6.18,6.04,6.1,41602667.0,316346999.0,6696671674.0,0.006212439406507478
2016-08-02,6.09,6.13,6.05,6.12,22276406.0,169539279.0,6696671674.0,0.0033264892000736306
2016-08-03,6.1,6.12,6.05,6.09,32700786.0,248366158.0,6696671674.0,0.0048831401018153
2016-08-04,6.07,6.09,6.01,6.09,27512355.0,207986498.0,6696671674.0,0.004108362532811251
2016-08-05,6.07,6.15,6.05,6.09,35469334.0,270088098.0,6696671674.0,0.00529656159457699
2016-08-08,6.09,6.15,6.02,6.14,38228885.0,291456327.0,6696671674.0,0.005708639584112303
2016-08-09,6.13,6.23,6.12,6.2,46787131.0,361019904.0,6696671674.0,0.006986624591683693
2016-08-10,6.19,6.24,6.15,6.17,52372462.0,404839188.0,6696671674.0,0.007820670409053715
2016-08-11,6.17,6.27,6.16,6.17,96276406.0,746975228.0,6696671674.0,0.014376754705445038
2016-08-12,6.17,6.32,6.1,6.31,107850876.0,835988755.0,6696671674.0,0.01610514614576877
2016-08-15,6.33,6.81,6.3,6.57,275078114.0,2255981164.0,6696671674.0,0.04107684046509221
2016-08-16,6.57,6.62,6.47,6.49,127279486.0,1036868530.0,6696671674.0,0.019006379914691934
2016-08-17,6.49,6.56,6.39,6.45,101498138.0,819580352.0,6696671674.0,0.015156505043254416
2016-08-18,6.43,6.5,6.39,6.44,70487985.0,566892601.0,6696671674.0,0.010525823637684286
2016-08-19,6.43,6.45,6.38,6.43,42622843.0,341488942.0,6696671674.0,0.006364780158699475
2016-08-22,6.43,6.45,6.33,6.34,39391068.0,313916929.0,6696671674.0,0.00588218594513702
2016-08-23,6.35,6.39,6.3,6.35,49510779.0,392454402.0,6696671674.0,0.007393341261186042
2016-08-24,6.35,6.37,6.26,6.29,49796733.0,392225970.0,6696671674.0,0.007436042175001217
2016-08-25,6.29,6.33,6.21,6.28,64525393.0,504729569.0,6696671674.0,0.00963544222281667
2016-08-26,6.28,6.37,6.28,6.3,69460493.0,549343207.0,6696671674.0,0.01037239040248638
2016-08-29,6.32,6.33,6.25,6.31,30317317.0,238028024.0,6696671674.0,0.004527221652169056
2016-08-30,6.31,6.37,6.29,6.32,39962264.0,315564303.0,6696671674.0,0.005967481451293859
2016-08-31,6.33,6.4,6.28,6.37,51643755.0,409386546.0,6696671674.0,0.007711854114112867
2016-09-01,6.37,6.38,6.27,6.3,42853546.0,338066517.0,6696671674.0,0.006399230556035768
2016-09-02,6.28,6.41,6.25,6.34,60554048.0,478094756.0,6696671674.0,0.009042409565202763
2016-09-05,6.34,6.45,6.32,6.37,59617755.0,474973495.0,6696671674.0,0.008902594886272753
2016-09-06,6.36,6.43,6.27,6.41,58041804.0,460303989.0,6696671674.0,0.008667261413658488
2016-09-07,6.41,6.43,6.35,6.37,43017889.0,343248790.0,6696671674.0,0.006423771553116164
2016-09-08,6.36,6.37,6.31,6.34,29372021.0,232522777.0,6696671674.0,0.004386062574045197
2016-09-09,6.34,6.36,6.26,6.29,39134147.0,309084482.0,6696671674.0,0.0058438204685977565
2016-09-12,6.21,6.21,6.05,6.16,98242371.0,751314240.0,6696671674.0,0.014670328154421626
2016-09-13,6.15,6.16,6.09,6.13,34520748.0,263737362.0,6696671674.0,0.005154911227621879
2016-09-14,6.09,6.13,6.05,6.07,31676515.0,240715844.0,6696671674.0,0.004730187851822702
2016-09-19,6.08,6.13,6.08,6.12,18173882.0,138660116.0,6696671674.0,0.00271386785626068
2016-09-20,6.11,6.12,6.08,6.1,14551332.0,110791192.0,6696671674.0,0.002172920027794691
2016-09-21,6.1,6.17,6.08,6.13,26961637.0,206260357.0,6696671674.0,0.004026124963641155
2016-09-22,6.16,6.19,6.12,6.13,31988521.0,245775599.0,6696671674.0,0.004776779056407417
2016-09-23,6.15,6.15,6.08,6.09,23500468.0,179299131.0,6696671674.0,0.0035092758229795214
2016-09-26,6.08,6.09,5.98,5.98,32741137.0,246511771.0,6696671674.0,0.004889165632401885
2016-09-27,5.97,6.02,5.95,6.01,27687939.0,206963136.0,6696671674.0,0.004134582124953077
2016-09-28,6.01,6.02,5.98,5.99,15353797.0,115015551.0,6696671674.0,0.002292750450886149
2016-09-29,6.01,6.12,5.98,6.06,46136571.0,348886751.0,6696671674.0,0.006889477825100254
2016-09-30,6.04,6.07,6.04,6.05,19697778.0,149003074.0,6696671674.0,0.002941428064403565
2016-10-10,6.11,6.18,6.08,6.17,41170537.0,315493879.0,6696671674.0,0.006147910335793476
2016-10-11,6.17,6.2,6.13,6.19,44665554.0,344225869.0,6696671674.0,0.006669813927628431
2016-10-12,6.17,6.19,6.14,6.17,20777423.0,160036226.0,6696671674.0,0.00310264919820825
2016-10-13,6.17,6.2,6.13,6.17,24858406.0,191342044.0,6696671674.0,0.0037120538694637517
2016-10-14,6.14,6.18,6.13,6.17,24086803.0,185087480.0,6696671674.0,0.0035968320043996828
2016-10-17,6.17,6.19,6.07,6.09,27843531.0,213564973.0,6696671674.0,0.0041578163534735065
2016-10-18,6.09,6.25,6.09,6.23,60495208.0,467630494.0,6696671674.0,0.009033623110846871
2016-10-19,6.25,6.27,6.19,6.2,35302391.0,274363219.0,6696671674.0,0.005271632344924784
2016-10-20,6.21,6.24,6.19,6.2,26651731.0,206666741.0,6696671674.0,0.003979847347672132
2016-10-21,6.2,6.29,6.17,6.24,53624480.0,417021273.0,6696671674.0,0.00800763164307404
2016-10-24,6.24,6.48,6.23,6.36,121993996.0,969632052.0,6696671674.0,0.01821710872785429
2016-10-25,6.34,6.37,6.29,6.33,43050596.0,339703659.0,6696671674.0,0.006428655621141625
2016-10-26,6.34,6.37,6.28,6.3,39242490.0,309767085.0,6696671674.0,0.0058599991025930056
2016-10-27,6.31,6.31,6.24,6.28,35873752.0,280593987.0,6696671674.0,0.0053569524901871425
2016-10-28,6.29,6.49,6.28,6.29,91013053.0,726587500.0,6696671674.0,0.013590789190600536
2016-10-31,6.28,6.32,6.2,6.31,41378853.0,323121931.0,6696671674.0,0.00617901772915857
2016-11-01,6.3,6.42,6.29,6.41,79667071.0,634672435.0,6696671674.0,0.011896517386287497
2016-11-02,6.37,6.51,6.36,6.37,82991206.0,665580441.0,6696671674.0,0.012392903525823954
2016-11-03,6.37,6.67,6.36,6.55,209069491.0,1710522299.0,6696671674.0,0.031219910603011596
2016-11-04,6.53,6.58,6.45,6.5,83105887.0,675316473.0,6696671674.0,0.012410028600126946
2016-11-07,6.48,6.57,6.45,6.52,54828501.0,445879895.0,6696671674.0,0.008187425585290835
2016-11-08,6.57,6.61,6.47,6.5,75104473.0,612263308.0,6696671674.0,0.011215194152581057
2016-11-09,6.51,6.52,6.33,6.41,104361423.0,835628001.0,6696671674.0,0.01558407341443749
2016-11-10,6.49,6.61,6.46,6.53,87882782.0,716955264.0,6696671674.0,0.013123352357441557
2016-11-11,6.55,6.93,6.51,6.84,273157973.0,2307426339.0,6696671674.0,0.040790109818365866
2016-11-14,6.81,7.28,6.77,7.01,291422700.0,2567235001.0,6696671674.0,0.04351754336881351
2016-11-15,7.02,7.18,6.95,7.01,151733293.0,1335120193.0,6696671674.0,0.022658015860193417
2016-11-16,7.01,7.06,6.9,7.02,106935558.0,931489861.0,6696671674.0,0.015968463619797885
2016-11-17,6.98,7.04,6.88,7.03,90664178.0,788926549.0,6696671674.0,0.013538692415219638
2016-11-18,6.97,6.99,6.79,6.85,120789801.0,1037045017.0,6696671674.0,0.018037288802580768
2016-11-21,6.81,6.98,6.8,6.89,92226820.0,795718841.0,6696671674.0,0.01377203848264997
2016-11-22,6.89,7.09,6.88,7.05,133033729.0,1164320808.0,6696671674.0,0.01986564900837335
2016-11-23,7.05,7.09,6.93,6.98,97368268.0,852093352.0,6696671674.0,0.014539800178353495
2016-11-24,6.97,7.17,6.93,7.01,110307480.0,969787481.0,6696671674.0,0.016471985692276304
2016-11-25,7.01,7.03,6.84,7.01,85796878.0,743419662.0,6696671674.0,0.012811868667999446
2016-11-28,7.06,7.09,6.93,6.98,102324506.0,894713584.0,6696671674.0,0.015279904851432023
2016-11-29,6.93,7.07,6.85,7.0,118251787.0,1027540541.0,6696671674.0,0.017658292470738204
2016-11-30,6.96,7.06,6.85,6.93,92621667.0,803039536.0,6696671674.0,0.013831000160812125
2016-12-01,6.89,6.98,6.85,6.94,79814584.0,688616464.0,6696671674.0,0.011918545194604982
2016-12-02,6.93,6.94,6.71,6.79,99974042.0,850535224.0,6696671674.0,0.014928914969529085
2016-12-05,6.69,6.76,6.53,6.58,97194798.0,802125255.0,6696671674.0,0.014513896265418134
2016-12-06,6.57,6.61,6.53,6.54,48015744.0,393301367.0,6696671674.0,0.007170090805918164
2016-12-07,6.52,6.58,6.49,6.57,54382288.0,443262929.0,6696671674.0,0.00812079352958883
2016-12-08,6.57,6.59,6.47,6.48,46964017.0,381986311.0,6696671674.0,0.0070130386087672485
2016-12-09,6.47,6.55,6.46,6.5,63186019.0,513686807.0,6696671674.0,0.009435436299695166
2016-12-12,6.49,6.52,6.24,6.31,110331166.0,873539301.0,6696671674.0,0.016475522673205494
2016-12-13,6.29,6.36,6.25,6.32,40894790.0,322028915.0,6696671674.0,0.0061067336119784805
2016-12-14,6.3,6.33,6.2,6.22,39141000.0,306290331.0,6696671674.0,0.005844843812780301
2016-12-15,6.21,6.34,6.17,6.21,57333588.0,447275577.0,6696671674.0,0.008561504996967244
2016-12-16,6.21,6.28,6.19,6.22,38046212.0,295890711.0,6696671674.0,0.005681361406400645
2016-12-19,6.23,6.23,6.13,6.16,34572422.0,266888953.0,6696671674.0,0.0051626275981586965
2016-12-20,6.15,6.21,6.13,6.19,36064410.0,277536570.0,6696671674.0,0.005385423051277995
2016-12-21,6.21,6.34,6.2,6.27,69000701.0,541106729.0,6696671674.0,0.01030373062306414
2016-12-22,6.25,6.26,6.19,6.23,27864854.0,216385705.0,6696671674.0,0.004161000472546088
2016-12-23,6.22,6.23,6.13,6.16,34340829.0,264242246.0,6696671674.0,0.005128044298980515
2016-12-26,6.11,6.22,6.09,6.21,49476944.0,380538505.0,6696671674.0,0.007388288751275579
2016-12-27,6.21,6.23,6.15,6.17,24987921.0,193051298.0,6696671674.0,0.003731394074016835
2016-12-28,6.17,6.19,6.11,6.15,30548839.0,234720122.0,6696671674.0,0.00456179434906547
2016-12-29,6.13,6.18,6.09,6.11,44521183.0,340488846.0,6696671674.0,0.006648255307611188
2016-12-30,6.1,6.14,6.09,6.13,32814034.0,250648272.0,6696671674.0,0.004900051189220061
2017-01-03,6.13,6.23,6.13,6.21,47264594.0,365827139.0,6696671674.0,0.007057923144643033
2017-01-04,6.21,6.28,6.18,6.26,42191270.0,328169092.0,6696671674.0,0.006300334263632588
2017-01-05,6.25,6.26,6.21,6.23,30781605.0,239527043.0,6696671674.0,0.004596552809884703
2017-01-06,6.24,6.25,6.17,6.19,28037407.0,216853839.0,6696671674.0,0.00418676745178593
2017-01-09,6.17,6.22,6.15,6.21,26713396.0,206671398.0,6696671674.0,0.003989055653380089
2017-01-10,6.21,6.24,6.18,6.2,28234578.0,219012931.0,6696671674.0,0.0042162105855691676
2017-01-11,6.16,6.19,6.09,6.12,46573007.0,357241276.0,6696671674.0,0.006954649901804339
2017-01-12,6.09,6.17,6.09,6.1,30676198.0,234883024.0,6696671674.0,0.004580812602639775
2017-01-13,6.1,6.14,6.06,6.11,39637462.0,301871767.0,6696671674.0,0.005918979446744189
2017-01-16,6.09,6.21,5.95,6.15,102533487.0,779669380.0,6696671674.0,0.015311111547858752
2017-01-17,6.1,6.14,6.05,6.13,20829707.0,158734058.0,6696671674.0,0.003110456658771532
2017-01-18,6.11,6.2,6.09,6.17,28769088.0,221714610.0,6696671674.0,0.004296027847937763
2017-01-19,6.15,6.22,6.13,6.18,28094582.0,217257802.0,6696671674.0,0.004195305275167952
2017-01-20,6.17,6.29,6.17,6.26,41713898.0,325623985.0,6696671674.0,0.006229049299513262
2017-01-23,6.25,6.33,6.23,6.25,25483920.0,199301718.0,6696671674.0,0.0038054605691573585
2017-01-24,6.25,6.26,6.2,6.21,17098724.0,132953784.0,6696671674.0,0.002553316756798192
2017-01-25,6.21,6.26,6.19,6.25,17818541.0,138776898.0,6696671674.0,0.0026608055265992725
2017-01-26,6.25,6.3,6.25,6.26,17676940.0,138483650.0,6696671674.0,0.0026396605448989197
2017-02-03,6.28,6.3,6.25,6.26,28092058.0,220393633.0,6696671674.0,0.004194928371517472
2017-02-06,6.25,6.28,6.2,6.26,27722771.0,215616561.0,6696671674.0,0.004139783514792038
2017-02-07,6.25,6.25,6.17,6.21,22417400.0,173752053.0,6696671674.0,0.0033475435397312568
2017-02-08,6.2,6.36,6.17,6.35,59899597.0,470005454.0,6696671674.0,0.00894468176371282
2017-02-09,6.33,6.43,6.33,6.35,53058695.0,422298463.0,6696671674.0,0.007923144150250302
2017-02-10,6.34,6.43,6.33,6.38,53452675.0,426478474.0,6696671674.0,0.007981976361112548
2017-02-13,6.38,6.46,6.37,6.42,46961730.0,376842531.0,6696671674.0,0.007012697095831967
2017-02-14,6.44,6.46,6.37,6.42,48175003.0,386066157.0,6696671674.0,0.007193872619892757
2017-02-15,6.42,6.46,6.34,6.36,47864061.0,383299399.0,6696671674.0,0.0071474403002066604
2017-02-16,6.36,6.48,6.35,6.46,52171559.0,418075957.0,6696671674.0,0.007790669983502016
2017-02-17,6.5,6.65,6.42,6.43,111900233.0,914108590.0,6696671674.0,0.016709828172471936
2017-02-20,6.38,6.47,6.33,6.47,61536398.0,491841007.0,6696671674.0,0.009189101839786568
2017-02-21,6.46,6.59,6.45,6.51,71453344.0,581606644.0,6696671674.0,0.01066997868171131
2017-02-22,6.51,6.52,6.44,6.48,33592928.0,271363392.0,6696671674.0,0.005016361804092234
2017-02-23,6.46,6.48,6.38,6.41,44893374.0,360429518.0,6696671674.0,0.006703833812593751
2017-02-24,6.41,6.43,6.35,6.41,39391584.0,314352480.0,6696671674.0,0.005882262998339733
2017-02-27,6.39,6.41,6.34,6.35,24769198.0,196995293.0,6696671674.0,0.0036987326250691142
2017-02-28,6.34,6.38,6.33,6.36,21788752.0,172927611.0,6696671674.0,0.0032536688463607063
2017-03-01,6.35,6.4,6.33,6.35,26615086.0,211624435.0,6696671674.0,0.00397437522632829
2017-03-02,6.37,6.45,6.33,6.33,45799769.0,365242857.0,6696671674.0,0.006839183885603767
2017-03-03,6.31,6.32,6.25,6.29,31978692.0,250861671.0,6696671674.0,0.004775311312358062
2017-03-06,6.29,6.35,6.28,6.35,27670509.0,218467219.0,6696671674.0,0.0041319793394428254
2017-03-07,6.34,6.36,6.31,6.34,20062641.0,158672420.0,6696671674.0,0.002995912294445272
2017-03-08,6.35,6.36,6.29,6.31,17347820.0,136820741.0,6696671674.0,0.002590513742424219
2017-03-09,6.3,6.3,6.21,6.28,33712118.0,263071004.0,6696671674.0,0.005034160197951494
2017-03-10,6.26,6.31,6.23,6.24,24860989.0,194401159.0,6696671674.0,0.0037124395834610543
2017-03-13,6.23,6.28,6.19,6.28,31490409.0,245315092.0,6696671674.0,0.004702397031388342
2017-03-14,6.27,6.29,6.23,6.25,24569827.0,192037243.0,6696671674.0,0.0036689609698789603
2017-03-15,6.25,6.25,6.21,6.25,19979701.0,155541521.0,6696671674.0,0.002983527037404522
2017-03-16,6.26,6.4,6.26,6.39,79497154.0,631528596.0,6696671674.0,0.011871144035424306
2017-03-17,6.4,6.41,6.25,6.27,49674482.0,392609946.0,6696671674.0,0.007417786688402607
2017-03-20,6.27,6.29,6.21,6.24,37726046.0,293524164.0,6696671674.0,0.005633551686052094
2017-03-21,6.22,6.25,6.2,6.21,32025100.0,248848475.0,6696671674.0,0.0047822413221090525
2017-03-22,6.18,6.22,6.15,6.16,31526916.0,243215742.0,6696671674.0,0.004707848545480296
2017-03-23,6.17,6.24,6.14,6.18,28929776.0,223736803.0,6696671674.0,0.004320023051498941
2017-03-24,6.18,6.28,6.16,6.25,35302089.0,274119911.0,6696671674.0,0.00527158724789529
2017-03-27,6.25,6.28,6.21,6.22,26161638.0,203965350.0,6696671674.0,0.003906662783181268
2017-03-28,6.22,6.24,6.17,6.17,26256043.0,203005122.0,6696671674.0,0.003920760084735789
2017-03-29,6.18,6.19,6.13,6.15,28166137.0,216553970.0,6696671674.0,0.00420599043392791
2017-03-30,6.13,6.17,6.09,6.13,40624773.0,310551984.0,6696671674.0,0.006066412537100591
2017-03-31,6.13,6.15,6.1,6.13,21565909.0,164905428.0,6696671674.0,0.003220392166414578
2017-04-05,6.13,6.24,6.13,6.21,43914007.0,339654680.0,6696671674.0,0.0065575869831721425
2017-04-06,6.21,6.23,6.16,6.19,34288598.0,265233477.0,6696671674.0,0.0051202447527965815
2017-04-07,6.18,6.21,6.16,6.19,29295974.0,226104665.0,6696671674.0,0.004374706634303481
2017-04-10,6.19,6.22,6.16,6.17,28502297.0,220166772.0,6696671674.0,0.004256188504904742
2017-04-11,6.17,6.18,6.08,6.17,49766819.0,380967953.0,6696671674.0,0.0074315751798346265
2017-04-12,6.19,6.27,6.17,6.23,63267527.0,491613537.0,6696671674.0,0.009447607719165597
2017-04-13,6.22,6.24,6.19,6.21,24703557.0,191637239.0,6696671674.0,0.003688930591582113
2017-04-14,6.19,6.22,6.11,6.15,31836754.0,244600535.0,6696671674.0,0.004754116007151287
2017-04-17,6.11,6.17,6.09,6.15,24793814.0,189710686.0,6696671674.0,0.003702408480956685
2017-04-18,6.13,6.15,6.05,6.06,26535268.0,202095182.0,6696671674.0,0.003962456171029537
2017-04-19,6.05,6.06,5.96,6.05,41481475.0,310711845.0,6696671674.0,0.006194342058167925
2017-04-20,6.01,6.05,5.96,6.02,29170560.0,218394297.0,6696671674.0,0.004355978823518472
2017-04-21,6.01,6.07,5.99,6.06,25695709.0,193442832.0,6696671674.0,0.0038370865783616437
2017-04-24,6.05,6.12,5.97,6.1,44165116.0,332854506.0,6696671674.0,0.0065950845658854975
2017-04-25,6.09,6.09,6.02,6.03,15398000.0,116354626.0,6696671674.0,0.002299351192590661
2017-04-26,6.03,6.1,6.01,6.04,22154310.0,167379202.0,6696671674.0,0.003308256859301417
2017-04-27,6.05,6.09,6.01,6.07,37307825.0,281890926.0,6696671674.0,0.005571099617269365
2017-04-28,6.05,6.09,6.02,6.07,24353038.0,183927359.0,6696671674.0,0.0036365883211135013
2017-05-02,6.05,6.07,6.02,6.03,22860205.0,172470612.0,6696671674.0,0.0034136666859083645
2017-05-03,6.03,6.05,5.98,6.01,22660002.0,170325135.0,6696671674.0,0.003383770789895231
2017-05-04,5.98,6.03,5.98,6.01,22223103.0,166503966.0,6696671674.0,0.003318529574367782
2017-05-05,5.99,6.0,5.84,5.97,69594513.0,514257455.0,6696671674.0,0.01039240332928408
2017-05-08,5.91,6.06,5.88,6.05,53825799.0,402156462.0,6696671674.0,0.008037694189037227
2017-05-09,6.03,6.05,5.99,6.01,23503913.0,176562140.0,6696671674.0,0.0035097902576371703
2017-05-10,6.01,6.01,5.93,5.99,33686948.0,251568137.0,6696671674.0,0.005030401614400545
2017-05-11,5.93,6.0,5.93,5.97,44339751.0,330335005.0,6696671674.0,0.006621162445838613
2017-05-12,5.96,6.05,5.93,5.99,31759553.0,238110167.0,6696671674.0,0.004742587742998851
2017-05-15,5.99,6.03,5.96,6.01,27150197.0,203553715.0,6696671674.0,0.0040542822347721386
2017-05-16,5.98,6.01,5.94,6.01,30999115.0,231454019.0,6696671674.0,0.0046290331240748835
2017-05-17,6.01,6.09,5.99,6.04,42838600.0,323350574.0,6696671674.0,0.006396998701059507
2017-05-18,6.03,6.07,5.97,5.97,20550901.0,154562416.0,6696671674.0,0.0030688231408730103
2017-05-19,5.97,6.0,5.94,5.96,17330543.0,129037151.0,6696671674.0,0.002587933804084539
2017-05-22,5.94,5.95,5.73,5.79,41293886.0,302198286.0,6696671674.0,0.0061663297844397206
2017-05-23,5.77,5.82,5.69,5.7,40522541.0,291050578.0,6696671674.0,0.006051146445977008
2017-05-24,5.7,5.77,5.68,5.75,23900488.0,170985351.0,6696671674.0,0.0035690099744316657
2017-05-25,5.73,5.98,5.73,5.95,77944747.0,573478532.0,6696671674.0,0.011639326339175696
2017-06-06,5.89,5.91,5.79,5.81,56357449.0,410432604.0,6696671674.0,0.008415740198046329
2017-06-07,5.81,5.95,5.79,5.91,50193638.0,369147385.0,6696671674.0,0.00749531117000675
2017-06-08,5.91,5.92,5.87,5.91,29935459.0,220383825.0,6696671674.0,0.004470199594258919
2017-06-09,5.9,5.97,5.86,5.87,47253508.0,348365770.0,6696671674.0,0.007056267695407998
2017-06-12,5.83,5.89,5.78,5.78,37691064.0,274350697.0,6696671674.0,0.0056283278970262985
2017-06-13,5.78,5.85,5.77,5.84,27997415.0,203453886.0,6696671674.0,0.004180795529919838
2017-06-14,5.84,5.87,5.81,5.85,19215859.0,140128358.0,6696671674.0,0.002869464106267307
2017-06-15,5.85,5.92,5.84,5.9,27176125.0,199759362.0,6696671674.0,0.004058154008880562
2017-06-16,5.9,5.97,5.89,5.91,37313640.0,276405224.0,6696671674.0,0.00557196795907901
2017-06-19,5.93,6.05,5.92,6.01,50347452.0,377804286.0,6696671674.0,0.007518279893499225
2017-06-20,6.02,6.09,6.01,6.05,45157201.0,341526963.0,6696671674.0,0.006743230547694909
2017-06-21,6.11,6.13,5.97,6.01,41099960.0,309837168.0,6696671674.0,0.006137371219731684
2017-06-22,6.02,6.11,5.98,5.99,60667369.0,458510452.0,6696671674.0,0.009059331553545116
2017-06-23,5.99,6.0,5.93,5.99,34362378.0,255958011.0,6696671674.0,0.005131262166161261
2017-06-26,6.01,6.06,5.99,6.05,65558901.0,493679518.0,6696671674.0,0.009789773814734582
2017-06-27,6.05,6.05,5.98,6.01,36852077.0,276770316.0,6696671674.0,0.005503043719924203
2017-06-28,6.01,6.01,5.96,5.97,27955912.0,208761337.0,6696671674.0,0.00417459797357836
2017-06-29,5.98,6.01,5.96,5.98,28978776.0,216478049.0,6696671674.0,0.0043273401191984435
2017-06-30,5.97,5.97,5.92,5.95,24780580.0,183977634.0,6696671674.0,0.00370043227536617
2017-07-03,5.96,5.98,5.93,5.95,22556310.0,167491380.0,6696671674.0,0.0033682866800197856
2017-07-04,5.95,5.97,5.89,5.9,28529191.0,211117377.0,6696671674.0,0.004260204529776384
2017-07-05,5.93,5.97,5.9,5.95,21730539.0,161121402.0,6696671674.0,0.003244976020605785
2017-07-06,5.96,5.99,5.93,5.96,25436257.0,189484651.0,6696671674.0,0.0037983431528765136
2017-07-07,5.95,6.08,5.9,6.04,57708764.0,431872593.0,6696671674.0,0.008617529245767828
2017-07-10,6.02,6.16,6.01,6.09,77457414.0,589332307.0,6696671674.0,0.011566553919722599
2017-07-11,6.09,6.26,6.09,6.16,117011165.0,906261009.0,6696671674.0,0.017473032977605704
2017-07-12,6.17,6.21,6.13,6.15,69297792.0,533598217.0,6696671674.0,0.010348094601837873
2017-07-13,6.16,6.29,6.13,6.29,76052678.0,592464338.0,6696671674.0,0.011356787625601607
2017-07-14,6.28,6.32,6.21,6.23,51138631.0,399545026.0,6696671674.0,0.007636425001773202
2017-07-17,6.24,6.31,6.08,6.1,70978036.0,546033695.0,6696671674.0,0.010599001930402837
2017-07-18,6.09,6.12,5.97,6.05,63141524.0,475948084.0,6696671674.0,0.009428791954240281
2017-07-19,6.01,6.52,6.01,6.5,175604638.0,1382475483.0,6696671674.0,0.026222673971278827
2017-07-20,6.49,6.61,6.41,6.44,141024628.0,1144903312.0,6696671674.0,0.02105891327292209
2017-07-21,6.41,6.5,6.36,6.38,67876180.0,543669998.0,6696671674.0,0.010135808249870008
2017-07-24,6.36,6.46,6.36,6.39,60058769.0,480629930.0,6696671674.0,0.00896845058615905
2017-07-25,6.41,6.41,6.29,6.33,54125306.0,428419287.0,6696671674.0,0.00808241894404692
2017-07-26,6.36,6.45,6.33,6.4,59563919.0,474877029.0,6696671674.0,0.008894555668789684
2017-07-27,6.37,6.51,6.29,6.47,83844351.0,670710595.0,6696671674.0,0.012520301887507468
2017-07-28,6.43,6.5,6.41,6.48,59935582.0,483409807.0,6696671674.0,0.008950055328634587
2017-07-31,6.46,6.53,6.39,6.51,89411724.0,722704847.0,6696671674.0,0.013351666074229579
2017-08-01,6.5,6.65,6.49,6.56,108954318.0,894995951.0,6696671674.0,0.016269920835900908
2017-08-02,6.6,6.66,6.53,6.58,92126589.0,744428391.0,6696671674.0,0.01375707119667877
2017-08-03,6.57,6.62,6.48,6.53,75276482.0,604555016.0,6696671674.0,0.011240879897436645
2017-08-04,6.53,6.67,6.48,6.56,97100308.0,784328056.0,6696671674.0,0.014499786270991072
2017-08-07,6.5,6.53,6.39,6.44,71710167.0,567876843.0,6696671674.0,0.010708329524115176
2017-08-08,6.45,6.54,6.4,6.49,69842822.0,554061192.0,6696671674.0,0.010429482793843179
2017-08-09,6.44,6.49,6.41,6.45,35749980.0,282515948.0,6696671674.0,0.0053384698758340236
2017-08-10,6.46,6.52,6.38,6.48,55329893.0,438211578.0,6696671674.0,0.008262297405862038
2017-08-11,6.42,6.44,6.22,6.23,66033900.0,513614599.0,6696671674.0,0.009860704423718175
2017-08-14,6.26,6.4,6.24,6.39,46817042.0,363130916.0,6696671674.0,0.006991091138866546
2017-08-15,6.36,6.4,6.29,6.32,33097128.0,257362935.0,6696671674.0,0.004942325025206245
2017-08-16,6.32,6.36,6.28,6.32,23657120.0,183288866.0,6696671674.0,0.0035326683390869192
2017-08-17,6.31,6.4,6.31,6.39,37773739.0,294397155.0,6696671674.0,0.0056406735821703064
2017-08-18,6.35,6.36,6.31,6.33,30475697.0,236482814.0,6696671674.0,0.004550872206908796
2017-08-21,6.35,6.4,6.32,6.4,40976256.0,320111605.0,6696671674.0,0.006118898759676597
2017-08-22,6.39,6.44,6.34,6.38,31583503.0,247240447.0,6696671674.0,0.004716298564049924
2017-08-23,6.4,6.49,6.35,6.44,54981324.0,433118315.0,6696671674.0,0.008210246324822285
2017-08-24,6.42,6.44,6.32,6.33,33117384.0,258654806.0,6696671674.0,0.0049453498113964725
2017-08-25,6.31,6.54,6.31,6.48,100363629.0,796259181.0,6696671674.0,0.014987091182872884
2017-08-28,6.57,6.88,6.53,6.79,227609102.0,1885367605.0,6696671674.0,0.03398839200728598
2017-08-29,6.94,6.98,6.81,6.82,206693582.0,1747135585.0,6696671674.0,0.030865121072381846
2017-08-30,6.75,7.06,6.75,6.86,182540650.0,1555361670.0,6696671674.0,0.02725841416247399
2017-08-31,6.86,7.06,6.86,7.01,129312820.0,1106126569.0,6696671674.0,0.01931001343578786
2017-09-01,7.01,7.19,6.97,7.19,180650163.0,1570390608.0,6696671674.0,0.026976111685657056
2017-09-04,7.18,7.2,7.02,7.12,121317660.0,1060156820.0,6696671674.0,0.01811611288500509
2017-09-05,7.12,7.19,7.07,7.1,102089209.0,892850580.0,6696671674.0,0.015244768441666922
2017-09-06,7.04,7.09,6.95,7.05,73743793.0,634429499.0,6696671674.0,0.01101200664896148
2017-09-07,7.06,7.14,6.94,6.95,92748885.0,800010871.0,6696671674.0,0.013849997359150806
2017-09-08,6.97,6.99,6.87,6.91,72166241.0,612005046.0,6696671674.0,0.010776434102359726
2017-09-11,6.86,7.01,6.84,6.93,66511677.0,564757062.0,6696671674.0,0.009932049865641958
2017-09-12,6.95,7.13,6.9,7.05,101358512.0,873787405.0,6696671674.0,0.015135654984180728
2017-09-13,7.03,7.1,6.93,6.97,60398307.0,517986456.0,6696671674.0,0.009019153086823412
2017-09-14,6.97,7.02,6.87,6.92,65086361.0,554816499.0,6696671674.0,0.009719210403087174
2017-09-15,6.9,6.97,6.85,6.91,57942344.0,490989687.0,6696671674.0,0.00865240925950762
2017-09-18,6.91,7.15,6.89,7.08,113404090.0,982731123.0,6696671674.0,0.01693439599858155
2017-09-19,7.07,7.08,6.94,6.97,66964445.0,575057821.0,6696671674.0,0.00999966076580866
2017-09-20,6.95,7.04,6.94,6.97,44965824.0,385280510.0,6696671674.0,0.006714652619835159
2017-09-21,6.97,7.06,6.95,6.95,49968830.0,429080079.0,6696671674.0,0.00746174106071308
2017-09-22,6.92,6.99,6.78,6.95,75365386.0,635631461.0,6696671674.0,0.011254155746145963
2017-09-25,6.88,6.94,6.79,6.92,65273497.0,549397569.0,6696671674.0,0.009747155031271135
2017-09-26,6.88,6.93,6.84,6.89,32303450.0,272740454.0,6696671674.0,0.004823806746479594
2017-09-27,6.89,6.9,6.82,6.84,34740120.0,291926661.0,6696671674.0,0.005187669590384639
2017-09-28,6.83,6.88,6.82,6.85,27894315.0,233837285.0,6696671674.0,0.004165399822168436
2017-09-29,6.85,7.01,6.84,6.91,56015933.0,476294396.0,6696671674.0,0.008364742326771566
2017-10-09,7.06,7.1,6.88,6.89,77264495.0,661986305.0,6696671674.0,0.011537745728222184
2017-10-10,6.9,6.94,6.84,6.91,45925866.0,387507540.0,6696671674.0,0.006858013687352831
2017-10-11,6.93,6.93,6.85,6.88,33121822.0,279647367.0,6696671674.0,0.00494601252867097
2017-10-12,6.88,6.89,6.82,6.83,29972041.0,251664039.0,6696671674.0,0.004475662307944291
2017-10-13,6.83,6.88,6.81,6.84,22297862.0,186921223.0,6696671674.0,0.003329693179758539
2017-10-16,6.84,6.93,6.83,6.83,42358914.0,357077765.0,6696671674.0,0.00632536819215127
2017-10-17,6.83,6.84,6.69,6.71,45312272.0,375570122.0,6696671674.0,0.006766386976373063
2017-10-18,6.72,6.79,6.66,6.76,57935271.0,477621565.0,6696671674.0,0.008651353063184385
2017-10-19,6.73,6.75,6.57,6.66,61745257.0,502249884.0,6696671674.0,0.009220290318208006
2017-10-20,6.62,6.66,6.61,6.64,18030561.0,146599867.0,6696671674.0,0.002692466030551284
2017-10-23,6.65,6.65,6.58,6.61,18659601.0,151086648.0,6696671674.0,0.00278639926046343
2017-10-24,6.61,6.73,6.59,6.71,42573764.0,348677694.0,6696671674.0,0.006357451294094906
2017-10-25,6.71,6.74,6.66,6.7,17336142.0,142518887.0,6696671674.0,0.0025887698910651417
2017-10-26,6.7,6.79,6.69,6.72,34485261.0,285106521.0,6696671674.0,0.005149612028000404
2017-10-27,6.7,6.75,6.62,6.63,25306788.0,207233810.0,6696671674.0,0.003779009817407393
2017-10-30,6.62,6.63,6.34,6.48,74423819.0,588088679.0,6696671674.0,0.011113553511806826
2017-10-31,6.42,6.44,6.35,6.39,30839500.0,241673540.0,6696671674.0,0.004605198149363534
2017-11-01,6.4,6.44,6.28,6.31,39656357.0,309792805.0,6696671674.0,0.005921800997645864
2017-11-02,6.31,6.4,6.25,6.34,41374404.0,320904333.0,6696671674.0,0.006178353369277038
2017-11-03,6.32,6.37,6.22,6.35,49862294.0,384790372.0,6696671674.0,0.0074458322622552395
2017-11-06,6.32,6.32,6.25,6.3,29603539.0,227906812.0,6696671674.0,0.004420634673629961
2017-11-07,6.34,6.5,6.34,6.44,57084095.0,449783352.0,6696671674.0,0.00852424872816006
2017-11-08,6.43,6.71,6.4,6.58,78465749.0,633750144.0,6696671674.0,0.011717126480105824
2017-11-09,6.56,6.66,6.49,6.55,38668245.0,310367442.0,6696671674.0,0.005774248295631762
2017-11-10,6.57,6.57,6.44,6.48,58915919.0,469013039.0,6696671674.0,0.008797791181661567
2017-11-13,6.51,6.57,6.43,6.46,52445653.0,417211847.0,6696671674.0,0.007831599868278088
2017-11-14,6.47,6.47,6.35,6.36,46777897.0,367169210.0,6696671674.0,0.006985245697742117
2017-11-15,6.34,6.41,6.32,6.36,37431025.0,291910884.0,6696671674.0,0.005589496816056686
2017-11-16,6.35,6.35,6.26,6.26,37287921.0,288610447.0,6696671674.0,0.005568127394504245
2017-11-17,6.25,6.4,6.22,6.39,80479831.0,622667311.0,6696671674.0,0.012017885140235413
2017-11-20,6.32,6.36,6.25,6.32,36946089.0,285651442.0,6696671674.0,0.005517082335609216
2017-11-21,6.33,6.64,6.31,6.53,88747616.0,709853622.0,6696671674.0,0.013252496213091184
2017-11-22,6.52,6.58,6.45,6.49,54718889.0,436903509.0,6696671674.0,0.008171057454174959
2017-11-23,6.47,6.55,6.32,6.4,46298717.0,365572904.0,6696671674.0,0.00691369074875747
2017-11-24,6.35,6.43,6.34,6.42,36208320.0,283297740.0,6696671674.0,0.005406912831127698
2017-11-27,6.38,6.48,6.34,6.44,29042069.0,228667593.0,6696671674.0,0.0043367915307475175
2017-11-28,6.41,6.48,6.37,6.47,20211511.0,159094590.0,6696671674.0,0.003018142740739659
2017-11-29,6.44,6.47,6.36,6.45,22826938.0,179597546.0,6696671674.0,0.0034086989942520513
2017-11-30,6.43,6.53,6.39,6.45,32814864.0,260011456.0,6696671674.0,0.004900175131387217
2017-12-01,6.43,6.47,6.4,6.43,22945995.0,180755025.0,6696671674.0,0.0034264775274989836
2017-12-04,6.4,6.43,6.35,6.42,31369979.0,245504466.0,6696671674.0,0.0046844134709179116
2017-12-05,6.42,6.53,6.39,6.46,61228582.0,486615764.0,6696671674.0,0.009143136319154118
2017-12-06,6.44,6.45,6.37,6.41,25186755.0,197805155.0,6696671674.0,0.0037610855401181194
2017-12-07,6.37,6.4,6.26,6.28,29925763.0,232204754.0,6696671674.0,0.004468751710821892
2017-12-08,6.27,6.32,6.26,6.26,21196614.0,163192576.0,6696671674.0,0.0031652461150658466
2017-12-11,6.26,6.29,6.24,6.29,25413239.0,195079544.0,6696671674.0,0.0037949059229926943
2017-12-12,6.29,6.29,6.17,6.18,23664567.0,180783838.0,6696671674.0,0.0035337803840493317
2017-12-13,6.17,6.21,6.14,6.16,25119511.0,189919910.0,6696671674.0,0.003751044133987806
2017-12-14,6.17,6.17,6.0,6.03,44991928.0,333993288.0,6696671674.0,0.0067185506756561346
2017-12-15,6.0,6.03,5.96,5.98,25063637.0,184136405.0,6696671674.0,0.0037427005862196014
2017-12-18,5.98,6.03,5.91,5.96,24964213.0,182437884.0,6696671674.0,0.0037278538078735738
2017-12-19,5.95,6.0,5.95,5.98,27614120.0,202079256.0,6696671674.0,0.00412355888779982
2017-12-20,5.98,5.98,5.85,5.86,29388537.0,212326596.0,6696671674.0,0.004388528873843667
2017-12-21,5.86,5.95,5.83,5.92,26081530.0,188881919.0,6696671674.0,0.0038947004227879666
2017-12-22,5.93,5.96,5.88,5.91,15358541.0,111606558.0,6696671674.0,0.0022934588625017904
2017-12-25,5.89,5.92,5.84,5.85,16147140.0,116260627.0,6696671674.0,0.002411218704762201
2017-12-26,5.84,5.92,5.84,5.91,18295032.0,131923215.0,6696671674.0,0.00273195893282792
2017-12-27,5.91,5.91,5.84,5.86,18438043.0,132611584.0,6696671674.0,0.0027533144668845234
2017-12-28,5.86,5.97,5.84,5.92,33752559.0,244845001.0,6696671674.0,0.005040199168050179
2017-12-29,5.91,5.95,5.89,5.94,13885558.0,100739616.0,6696671674.0,0.002073501386354513
2018-01-02,5.97,5.99,5.92,5.96,46368673.0,338885421.0,6696671674.0,0.006924137132185764
2018-01-03,5.95,6.09,5.95,6.06,53138960.0,392916134.0,6696671674.0,0.007935129955125825
2018-01-04,6.05,6.09,6.0,6.05,28218898.0,208989351.0,6696671674.0,0.004213869123905327
2018-01-05,6.03,6.09,6.01,6.04,50939302.0,377679336.0,6696671674.0,0.007606659618355362
2018-01-08,6.03,6.24,6.01,6.13,64596439.0,485524335.0,6696671674.0,0.009646051373669301
2018-01-09,6.13,6.15,6.08,6.09,31129433.0,233099012.0,6696671674.0,0.004648493238941492
2018-01-10,6.06,6.14,5.98,6.03,42871929.0,317949655.0,6696671674.0,0.00640197565104638
2018-01-11,5.99,6.04,5.99,6.04,18854943.0,139136951.0,6696671674.0,0.0028155692734951904
2018-01-12,6.03,6.09,6.02,6.03,19892425.0,147345810.0,6696671674.0,0.0029704942945363217
2018-01-15,6.04,6.07,5.94,5.95,30745647.0,225800272.0,6696671674.0,0.004591183276816567
2018-01-16,5.95,6.06,5.93,6.04,26540389.0,194236279.0,6696671674.0,0.003963220879268091
2018-01-17,6.08,6.34,6.08,6.21,109929932.0,839243867.0,6696671674.0,0.016415607237667898
2018-01-18,6.21,6.31,6.16,6.24,53881289.0,411496130.0,6696671674.0,0.008045980394887133
2018-01-19,6.25,6.52,6.21,6.4,118144705.0,923299017.0,6696671674.0,0.01764230213924028
2018-01-22,6.37,6.47,6.33,6.4,49045824.0,383401397.0,6696671674.0,0.007323910501752934
2018-01-23,6.4,6.49,6.36,6.45,66713697.0,525837807.0,6696671674.0,0.00996221709047162
2018-01-24,6.48,6.65,6.35,6.62,138733437.0,1112295448.0,6696671674.0,0.020716774504361046
2018-01-25,6.56,6.59,6.49,6.53,66301505.0,531855814.0,6696671674.0,0.009900665319671756
2018-01-26,6.49,6.56,6.44,6.51,47766156.0,381781484.0,6696671674.0,0.007132820350959318
2018-01-29,6.49,6.53,6.31,6.34,63788433.0,502625764.0,6696671674.0,0.009525393524616151
2018-01-30,6.34,6.38,6.26,6.29,44451260.0,343891827.0,6696671674.0,0.006637813852003998
2018-01-31,6.3,6.4,6.22,6.28,52959508.0,409268349.0,6696671674.0,0.007908332762619475
2018-02-01,6.28,6.34,6.08,6.13,56699474.0,433970785.0,6696671674.0,0.00846681407722842
2018-02-02,6.11,6.22,6.04,6.21,39708225.0,298702125.0,6696671674.0,0.005929546337797656
2018-02-05,6.12,6.26,6.09,6.24,34131656.0,258390908.0,6696671674.0,0.005096808931594636
2018-02-06,6.13,6.17,5.9,5.95,54121866.0,401128734.0,6696671674.0,0.008081905256028832
2018-02-07,6.04,6.08,5.86,5.9,46384245.0,339152999.0,6696671674.0,0.006926462466435084
2018-02-08,5.91,5.98,5.87,5.92,30151047.0,219004010.0,6696671674.0,0.004502392900201785
2018-02-09,5.81,5.83,5.4,5.49,68216512.0,468385052.0,6696671674.0,0.010186629316896685
2018-02-12,5.54,5.55,5.46,5.49,29639585.0,200117878.0,6696671674.0,0.004426017347554376
2018-02-13,5.54,5.59,5.44,5.45,36100488.0,244679489.0,6696671674.0,0.0053908105036956
2018-02-14,5.47,5.48,5.42,5.47,18644224.0,124572325.0,6696671674.0,0.002784103045156996
2018-02-22,5.51,5.55,5.48,5.52,31726289.0,214565156.0,6696671674.0,0.0047376204993262745
2018-02-23,5.53,5.58,5.48,5.54,29246199.0,198295451.0,6696671674.0,0.004367273837471997
2018-02-26,5.55,5.73,5.52,5.68,43556261.0,299667913.0,6696671674.0,0.00650416551988181
2018-02-27,5.68,5.68,5.58,5.61,26092175.0,179764634.0,6696671674.0,0.0038962900184137056
2018-02-28,5.57,5.68,5.54,5.64,28843651.0,198324966.0,6696671674.0,0.004307162185057723
2018-03-01,5.6,5.65,5.56,5.64,19560006.0,134957348.0,6696671674.0,0.002920854859279159
2018-03-02,5.58,5.67,5.58,5.6,16374959.0,112846550.0,6696671674.0,0.0024452384403996093
2018-03-05,5.6,5.64,5.6,5.62,14188632.0,97706904.0,6696671674.0,0.0021187587940271475
2018-03-06,5.64,5.74,5.63,5.71,31222790.0,217603369.0,6696671674.0,0.004662434044843991
2018-03-07,5.65,5.7,5.55,5.59,32309087.0,223453113.0,6696671674.0,0.004824648507920862
2018-03-08,5.56,5.61,5.56,5.6,15954902.0,109241864.0,6696671674.0,0.0023825122055700174
2018-03-09,5.6,5.68,5.56,5.65,33094225.0,228043870.0,6696671674.0,0.004941891526277028
2018-03-12,5.68,5.74,5.65,5.71,36180810.0,252746454.0,6696671674.0,0.00540280482026212
2018-03-13,5.7,5.7,5.64,5.64,19181606.0,133349063.0,6696671674.0,0.0028643491772895303
2018-03-14,5.65,5.68,5.6,5.6,15219860.0,105098573.0,6696671674.0,0.002272749918305163
2018-03-15,5.6,5.62,5.54,5.59,17059811.0,116602074.0,6696671674.0,0.0025475059597494013
2018-03-16,5.58,5.6,5.53,5.54,15709050.0,107287424.0,6696671674.0,0.00234579963969128
2018-03-19,5.55,5.57,5.51,5.55,10353038.0,70424944.0,6696671674.0,0.0015459975498270187
2018-03-20,5.52,5.54,5.48,5.54,13780863.0,93042527.0,6696671674.0,0.0020578675005830964
2018-03-21,5.54,5.65,5.54,5.55,25819781.0,177385544.0,6696671674.0,0.0038556139910884335
2018-03-22,5.55,5.62,5.52,5.55,20433620.0,139604197.0,6696671674.0,0.003051309813998207
2018-03-23,5.42,5.46,5.15,5.23,47160336.0,308599002.0,6696671674.0,0.007042354515169262
2018-03-26,5.16,5.26,5.08,5.24,20982320.0,133311540.0,6696671674.0,0.0031332460394414134
2018-03-27,5.3,5.33,5.26,5.31,20278206.0,131661460.0,6696671674.0,0.0030281021658461553
2018-03-28,5.24,5.32,5.24,5.24,14373072.0,92777587.0,6696671674.0,0.0021463008341597247
2018-03-29,5.29,5.42,5.24,5.35,22341583.0,146293640.0,6696671674.0,0.003336221945409355
2018-03-30,5.37,5.4,5.33,5.37,14172583.0,93210541.0,6696671674.0,0.002116362230363692
2018-04-02,5.36,5.56,5.36,5.49,39438416.0,266013689.0,6696671674.0,0.0058892563231255106
2018-04-03,5.43,5.53,5.41,5.51,23985551.0,161232044.0,6696671674.0,0.00358171225463009
2018-04-04,5.51,5.54,5.44,5.45,22635939.0,152434317.0,6696671674.0,0.0033801775123431265
2018-04-09,5.43,5.49,5.37,5.46,23239142.0,154726833.0,6696671674.0,0.0034702525569868634
2018-04-10,5.47,5.55,5.44,5.54,23455950.0,158428430.0,6696671674.0,0.003502628042982655
2018-04-11,5.47,5.53,5.47,5.51,20864422.0,140743340.0,6696671674.0,0.003115640577244761
2018-04-12,5.51,5.55,5.45,5.47,15209374.0,102561592.0,6696671674.0,0.0022711840658174694
2018-04-13,5.5,5.5,5.42,5.42,12276795.0,82151459.0,6696671674.0,0.0018332681662840023
2018-04-16,5.42,5.42,5.28,5.3,20186934.0,132097846.0,6696671674.0,0.0030144727086406655
2018-04-17,5.32,5.38,5.27,5.28,16493644.0,107784188.0,6696671674.0,0.0024629614236631905
2018-04-18,5.33,5.37,5.28,5.33,15656086.0,102217255.0,6696671674.0,0.002337890636147679
2018-04-19,5.35,5.38,5.3,5.35,17885756.0,117163492.0,6696671674.0,0.002670842602220131
2018-04-20,5.33,5.33,5.16,5.16,19723306.0,126921256.0,6696671674.0,0.0029452401073470935
2018-04-23,5.16,5.24,5.11,5.17,16237384.0,103068431.0,6696671674.0,0.0024246946528739136
2018-04-24,5.2,5.3,5.18,5.29,20393012.0,131738742.0,6696671674.0,0.003045245906138178
2018-04-25,5.26,5.31,5.25,5.28,12799272.0,82736916.0,6696671674.0,0.0019112885658846771
2018-04-26,5.29,5.3,5.16,5.17,14216847.0,91203787.0,6696671674.0,0.002122972081070851
2018-04-27,5.19,5.28,5.19,5.22,12550043.0,80391699.0,6696671674.0,0.001874071719646323
2018-05-02,5.27,5.3,5.2,5.22,18299668.0,117421144.0,6696671674.0,0.00273265121702904
2018-05-03,5.22,5.34,5.2,5.33,33709523.0,219107261.0,6696671674.0,0.005033772692019245
2018-05-04,5.3,5.34,5.28,5.29,15500320.0,100988883.0,6696671674.0,0.002314630424570521
2018-05-07,5.33,5.35,5.3,5.33,19898868.0,129904889.0,6696671674.0,0.0029714564142748505
2018-05-08,5.33,5.35,5.3,5.34,17169889.0,112210016.0,6696671674.0,0.002563943677672378
2018-05-09,5.35,5.35,5.29,5.3,12212908.0,79446950.0,6696671674.0,0.0018237280539550608
2018-05-10,5.32,5.34,5.28,5.32,15084746.0,98065859.0,6696671674.0,0.002252573626771477
2018-05-11,5.32,5.32,5.25,5.25,11999050.0,77743523.0,6696671674.0,0.001791793085300362
2018-05-14,5.26,5.29,5.23,5.24,16291827.0,105051591.0,6696671674.0,0.00243282451239971
2018-05-15,5.25,5.28,5.22,5.27,10870696.0,69894954.0,6696671674.0,0.0016232983382186343
2018-05-16,5.26,5.26,5.17,5.18,22455792.0,143378063.0,6696671674.0,0.003353276536937773
2018-05-17,5.2,5.2,5.15,5.16,13436794.0,85226357.0,6696671674.0,0.0020064883951483987
2018-05-18,5.16,5.21,5.16,5.2,11184943.0,71068510.0,6696671674.0,0.0016702241866546673
2018-05-21,5.23,5.27,5.21,5.25,16959534.0,108947435.0,6696671674.0,0.0025325318046942372
2018-05-22,5.26,5.26,5.2,5.23,12895783.0,82577250.0,6696671674.0,0.001925700352022365
2018-05-23,5.24,5.24,5.16,5.17,12377543.0,78811271.0,6696671674.0,0.0018483126547858288
2018-05-24,5.17,5.19,5.15,5.15,10779483.0,68310875.0,6696671674.0,0.0016096776913599661
2018-05-25,5.15,5.16,5.1,5.11,13902359.0,87375464.0,6696671674.0,0.0020760102446079694
2018-05-28,5.11,5.11,5.07,5.07,13386565.0,83498513.0,6696671674.0,0.0019989878034447593
2018-05-29,5.07,5.09,5.0,5.02,15158864.0,93611666.0,6696671674.0,0.0022636415129704923
2018-05-30,4.98,4.98,4.82,4.82,29111365.0,174069416.0,6696671674.0,0.004347139357753736
2018-05-31,4.84,4.86,4.74,4.82,36340563.0,213498300.0,6696671674.0,0.005426660402225358
2018-06-01,4.78,4.88,4.74,4.81,33497788.0,197349627.0,6696671674.0,0.00500215474652222
2018-06-04,4.81,4.83,4.74,4.75,18990238.0,111152103.0,6696671674.0,0.0028357725933809905
2018-06-05,4.75,4.77,4.71,4.76,16757582.0,97455901.0,6696671674.0,0.0025023747341626056
2018-06-06,4.76,4.77,4.71,4.73,21297292.0,123649210.0,6696671674.0,0.0031802801506138167
2018-06-07,4.8,5.08,4.78,4.93,75596351.0,456688569.0,6696671674.0,0.01128864526739526
2018-06-08,4.89,4.89,4.77,4.8,46677130.0,275724234.0,6696671674.0,0.006970198372009958
2018-06-11,4.77,4.86,4.76,4.8,23952789.0,141115851.0,6696671674.0,0.0035768199735694553
2018-06-12,4.78,4.83,4.73,4.79,18867632.0,110694725.0,6696671674.0,0.002817464095373537
2018-06-13,4.77,4.79,4.71,4.72,17857920.0,103970024.0,6696671674.0,0.0026666859104551646
2018-06-14,4.72,4.8,4.71,4.76,20931740.0,122285796.0,6696671674.0,0.00312569303364058
2018-06-15,4.77,4.78,4.69,4.71,23016244.0,133419267.0,6696671674.0,0.0034369676640055627
2018-06-19,4.67,4.68,4.23,4.35,46828702.0,256335463.0,6696671674.0,0.006992832302323203
2018-06-20,4.34,4.4,4.3,4.35,26631069.0,142527195.0,6696671674.0,0.003976761934349538
2018-06-21,4.36,4.38,4.2,4.23,30927684.0,162692508.0,6696671674.0,0.004618366481976043
2018-06-22,4.22,4.27,4.16,4.27,25998314.0,135097553.0,6696671674.0,0.00388227395124344
2018-06-25,4.29,4.31,4.18,4.18,20358382.0,105905476.0,6696671674.0,0.0030400746805374886
2018-06-26,4.15,4.24,4.13,4.23,23818961.0,122410646.0,6696671674.0,0.0035568357177309033
2018-06-27,4.21,4.23,4.17,4.2,18796950.0,96828494.0,6696671674.0,0.0028069092998809606
2018-06-28,4.18,4.35,4.18,4.23,30899934.0,161439467.0,6696671674.0,0.004614222632411529
2018-06-29,4.23,4.33,4.23,4.3,23288121.0,122574414.0,6696671674.0,0.003477566488800209
2018-07-02,4.3,4.31,4.18,4.21,21768620.0,113433590.0,6696671674.0,0.0032506625768315965
2018-07-03,4.2,4.29,4.17,4.28,20918513.0,108855003.0,6696671674.0,0.003123717873345451
2018-07-04,4.27,4.29,4.21,4.23,13965137.0,72757138.0,6696671674.0,0.0020853847522822426
2018-07-05,4.24,4.27,4.15,4.17,17879976.0,92063313.0,6696671674.0,0.002669979486887414
2018-07-06,4.18,4.29,4.1,4.18,24377724.0,125329544.0,6696671674.0,0.0036402746299549283
2018-07-09,4.21,4.26,4.18,4.24,18516213.0,96200941.0,6696671674.0,0.0027649874297839138
2018-07-10,4.3,4.32,4.24,4.27,20843628.0,109317272.0,6696671674.0,0.0031125354526377515
2018-07-11,4.21,4.22,4.14,4.18,20130456.0,103219389.0,6696671674.0,0.0030060389668134712
2018-07-12,4.18,4.33,4.18,4.31,32267467.0,169407781.0,6696671674.0,0.004818433480213651
2018-07-13,4.29,4.32,4.27,4.3,14470657.0,76092319.0,6696671674.0,0.0021608729984751527
2018-07-16,4.3,4.31,4.25,4.27,12683477.0,66373296.0,6696671674.0,0.0018939971402874543
2018-07-17,4.26,4.27,4.19,4.23,16471807.0,85145961.0,6696671674.0,0.00245970055004372
2018-07-18,4.23,4.25,4.2,4.21,14545944.0,75404923.0,6696671674.0,0.00217211544900357
2018-07-19,4.22,4.24,4.18,4.19,14696378.0,75683739.0,6696671674.0,0.0021945794441526924
2018-07-20,4.19,4.32,4.16,4.3,31392320.0,163977176.0,6696671674.0,0.004687749605805148
2018-07-23,4.27,4.35,4.24,4.35,31908399.0,168555060.0,6696671674.0,0.004764814605423345
2018-07-24,4.13,4.42,4.12,4.31,159926860.0,833673864.0,6696671674.0,0.02388154411405895
2018-07-25,4.19,4.23,4.14,4.18,100303667.0,513984088.0,6696671674.0,0.014978137182599464
2018-07-26,4.18,4.19,4.14,4.16,47790616.0,243658106.0,6696671674.0,0.0071364729116925795
2018-07-27,4.14,4.16,4.12,4.13,28734698.0,145639452.0,6696671674.0,0.004290892461036011
2018-07-30,4.06,4.07,3.88,3.96,82645810.0,400697205.0,6696671674.0,0.01234132626224972
2018-07-31,3.94,3.97,3.92,3.96,28085189.0,135842198.0,6696671674.0,0.004193902638088331
2018-08-01,3.96,3.98,3.89,3.9,25291880.0,122239646.0,6696671674.0,0.0037767836368917973
2018-08-02,3.9,3.91,3.73,3.79,39687437.0,184907896.0,6696671674.0,0.0059264421091581206
2018-08-03,3.78,3.82,3.74,3.74,18449051.0,85519229.0,6696671674.0,0.0027549582685424037
2018-08-06,3.74,3.78,3.67,3.69,22019019.0,100562549.0,6696671674.0,0.0032880541367272653
2018-08-07,3.69,3.78,3.67,3.77,26167784.0,119287488.0,6696671674.0,0.003907580552529863
2018-08-08,3.75,3.76,3.7,3.71,16225770.0,74345112.0,6696671674.0,0.002422960358501219
2018-08-09,3.7,3.8,3.68,3.78,25460590.0,117823871.0,6696671674.0,0.0038019767489649216
2018-08-10,3.78,3.8,3.76,3.78,12340034.0,57182724.0,6696671674.0,0.0018427115141258156
2018-08-13,3.74,3.76,3.69,3.74,17348399.0,79283663.0,6696671674.0,0.002590600203285403
2018-08-14,3.74,3.78,3.73,3.77,15392441.0,70953441.0,6696671674.0,0.0022985210787265483
2018-08-15,3.78,3.79,3.73,3.74,16116309.0,74327725.0,6696671674.0,0.002406614775900091
2018-08-16,3.71,3.81,3.7,3.76,23535835.0,108410239.0,6696671674.0,0.0035145571032515277
2018-08-17,3.77,3.79,3.74,3.74,17905855.0,82709272.0,6696671674.0,0.002673843943928137
2018-08-20,3.73,3.79,3.73,3.78,15156089.0,69860634.0,6696671674.0,0.002263227128014041
2018-08-21,3.78,3.83,3.76,3.8,20874543.0,97166327.0,6696671674.0,0.003117151925044489
2018-08-22,3.82,3.82,3.78,3.78,14825217.0,66858341.0,6696671674.0,0.0022138187030371053
2018-08-23,3.79,3.84,3.78,3.81,16275104.0,73471845.0,6696671674.0,0.0024303273017234083
2018-08-24,3.8,3.85,3.79,3.82,13392323.0,60722432.0,6696671674.0,0.001999847633563407
2018-08-27,3.83,3.89,3.82,3.87,15397551.0,70424897.0,6696671674.0,0.002299284144358068
2018-08-28,3.89,3.89,3.84,3.85,12910569.0,59121959.0,6696671674.0,0.001927908314532668
2018-08-29,3.86,3.86,3.83,3.84,10330233.0,47086162.0,6696671674.0,0.0015425921267885052
2018-08-30,3.84,3.89,3.81,3.82,18228346.0,83276754.0,6696671674.0,0.0027220008516726335
2018-08-31,3.81,3.83,3.78,3.82,16542445.0,74703158.0,6696671674.0,0.002470248775108158
2018-09-03,3.81,3.81,3.72,3.76,13948066.0,62229253.0,6696671674.0,0.002082835575492483
2018-09-04,3.75,3.79,3.74,3.78,15784249.0,70659213.0,6696671674.0,0.002357028949363421
2018-09-05,3.77,3.79,3.74,3.74,13160044.0,58898017.0,6696671674.0,0.001965161895437432
2018-09-06,3.74,3.78,3.73,3.73,11581335.0,51647104.0,6696671674.0,0.0017294165764412239
2018-09-07,3.74,3.78,3.7,3.73,15988116.0,70946010.0,6696671674.0,0.002387471982846982
2018-09-10,3.73,3.73,3.62,3.63,17404656.0,75997403.0,6696671674.0,0.0025990009436439934
2018-09-11,3.64,3.66,3.63,3.65,12643841.0,54677570.0,6696671674.0,0.001888078379158118
2018-09-12,3.64,3.67,3.63,3.64,12116487.0,52531967.0,6696671674.0,0.0018093297073294742
2018-09-13,3.67,3.7,3.65,3.69,20203111.0,87977286.0,6696671674.0,0.003016888386276887
2018-09-14,3.7,3.73,3.68,3.69,20646685.0,90859870.0,6696671674.0,0.0030831263656185036
2018-09-17,3.69,3.73,3.67,3.7,15647533.0,68652355.0,6696671674.0,0.0023366134345143346
2018-09-18,3.69,3.78,3.68,3.78,23080005.0,102224097.0,6696671674.0,0.0034464889610175626
2018-09-19,3.78,3.83,3.74,3.78,25333934.0,113762955.0,6696671674.0,0.0037830634729129173
2018-09-20,3.78,3.8,3.77,3.78,15635602.0,70163823.0,6696671674.0,0.002334831803193462
2018-09-21,3.78,3.86,3.76,3.86,30896568.0,140115996.0,6696671674.0,0.004613719994658947
2018-09-25,3.83,3.84,3.8,3.83,16072692.0,72884384.0,6696671674.0,0.0024001015403521484
2018-09-26,3.83,3.89,3.81,3.83,24660779.0,112616147.0,6696671674.0,0.003682542642152535
2018-09-27,3.83,3.83,3.78,3.79,16751179.0,75650744.0,6696671674.0,0.002501418587540566
2018-09-28,3.79,3.84,3.78,3.83,15856177.0,71816687.0,6696671674.0,0.0023677698074346418
2018-10-08,3.79,3.8,3.69,3.7,22958596.0,102326189.0,6696671674.0,0.003428359208521054
2018-10-09,3.72,3.73,3.65,3.67,15971989.0,69891762.0,6696671674.0,0.0023850637716063723
2018-10-10,3.67,3.71,3.67,3.68,10694481.0,46761259.0,6696671674.0,0.001596984520164188
2018-10-11,3.59,3.61,3.35,3.4,41407296.0,170752575.0,6696671674.0,0.006183265062966263
2018-10-12,3.39,3.39,3.27,3.3,28298408.0,112125211.0,6696671674.0,0.004225742186207112
2018-10-15,3.35,3.36,3.3,3.3,16294643.0,64424702.0,6696671674.0,0.002433245019800563
2018-10-16,3.29,3.36,3.28,3.3,17760313.0,69962479.0,6696671674.0,0.0026521104609256675
2018-10-17,3.35,3.37,3.28,3.34,21911392.0,86552683.0,6696671674.0,0.003271982421517176
2018-10-18,3.31,3.35,3.29,3.3,21831157.0,85785997.0,6696671674.0,0.0032600010964790207
2018-10-19,3.27,3.4,3.25,3.39,44216992.0,175845713.0,6696671674.0,0.0066028311006605875
2018-10-22,3.46,3.73,3.43,3.73,56645181.0,243894861.0,6696671674.0,0.008458706616889458
2018-10-23,4.1,4.1,3.91,4.0,302136040.0,1452823184.0,6696671674.0,0.04511734406407454
2018-10-24,3.89,4.19,3.86,4.05,242385713.0,1155851951.0,6696671674.0,0.036194952477821
2018-10-25,3.89,4.28,3.85,4.27,205676758.0,993007009.0,6696671674.0,0.03071328086735166
2018-10-26,4.21,4.23,4.0,4.05,173669447.0,846809504.0,6696671674.0,0.02593369593947335
2018-10-29,4.01,4.1,3.94,3.99,78930711.0,377758531.0,6696671674.0,0.011786558284834318
2018-10-30,4.01,4.33,3.92,4.19,171200634.0,843618367.0,6696671674.0,0.025565033248485344
2018-10-31,4.13,4.19,4.06,4.13,91041978.0,445130636.0,6696671674.0,0.013595108500461927
2018-11-01,4.18,4.39,4.09,4.12,139455098.0,700299749.0,6696671674.0,0.020824538634832288
2018-11-02,4.23,4.29,4.15,4.29,106063383.0,532790816.0,6696671674.0,0.015838223547944542
2018-11-05,4.28,4.3,4.15,4.21,86048133.0,431821426.0,6696671674.0,0.012849388052587988
2018-11-06,4.21,4.28,4.05,4.16,86218749.0,424571904.0,6696671674.0,0.01287486578366183
2018-11-07,4.1,4.16,4.05,4.08,60133499.0,292825634.0,6696671674.0,0.008979609861040351
2018-11-08,4.13,4.16,3.97,4.01,67983258.0,328188344.0,6696671674.0,0.010151797984056282
2018-11-09,4.01,4.07,3.97,4.01,46688180.0,222733996.0,6696671674.0,0.006971848445440152
2018-11-12,4.02,4.19,3.99,4.16,72298649.0,353799158.0,6696671674.0,0.010796206312562905
2018-11-13,4.11,4.37,4.1,4.27,130945913.0,658255903.0,6696671674.0,0.019553879803963045
2018-11-14,4.25,4.3,4.18,4.21,80516998.0,404390410.0,6696671674.0,0.012023435210749441
2018-11-15,4.21,4.37,4.19,4.35,99440602.0,508453768.0,6696671674.0,0.01484925748802658
2018-11-16,4.34,4.62,4.32,4.48,136146110.0,723149390.0,6696671674.0,0.02033041436518245
2018-11-19,4.4,4.83,4.39,4.76,188008454.0,1046283018.0,6696671674.0,0.028074909918302797
2018-11-20,4.69,4.79,4.48,4.5,119130618.0,653398302.0,6696671674.0,0.01778952646917538
2018-11-21,4.42,4.59,4.41,4.58,80437847.0,431625767.0,6696671674.0,0.012011615757168147
2018-11-22,4.58,4.61,4.41,4.53,71285236.0,380086937.0,6696671674.0,0.010644875465041352
2018-11-23,4.5,4.53,4.22,4.28,85196755.0,439915884.0,6696671674.0,0.012722253553325392
2018-11-26,4.25,4.32,4.15,4.21,64684450.0,325072073.0,6696671674.0,0.009659193872552993
2018-11-27,4.26,4.3,4.16,4.22,42949418.0,215417024.0,6696671674.0,0.006413546921637538
2018-11-28,4.21,4.4,4.18,4.38,78134749.0,401154926.0,6696671674.0,0.011667698941156122
2018-11-29,4.42,4.46,4.21,4.21,64258239.0,330498507.0,6696671674.0,0.00959554867375151
2018-11-30,4.16,4.3,4.14,4.26,48548336.0,242338487.0,6696671674.0,0.007249621657351093
2018-12-03,4.46,4.54,4.36,4.42,89872574.0,473260204.0,6696671674.0,0.013420483842582962
2018-12-04,4.39,4.48,4.35,4.45,56786208.0,297708765.0,6696671674.0,0.008479765884368187
2018-12-05,4.37,4.44,4.35,4.38,42447417.0,220824320.0,6696671674.0,0.006338584160367782
2018-12-06,4.35,4.36,4.23,4.23,46523030.0,236184579.0,6696671674.0,0.006947186940734583
2018-12-07,4.23,4.28,4.23,4.25,27566981.0,139315209.0,6696671674.0,0.004116519719344986
2018-12-10,4.21,4.26,4.16,4.22,27205678.0,135905332.0,6696671674.0,0.004062567096670835
2018-12-11,4.24,4.26,4.15,4.2,32795935.0,163226028.0,6696671674.0,0.0048973485033365245
2018-12-12,4.21,4.27,4.2,4.21,24089037.0,120732227.0,6696671674.0,0.0035971656029556154
2018-12-13,4.23,4.32,4.16,4.28,46478488.0,235620264.0,6696671674.0,0.006940535576867823
2018-12-14,4.26,4.27,4.15,4.15,31966255.0,159523035.0,6696671674.0,0.004773454121113598
2018-12-17,4.13,4.17,4.1,4.16,27486446.0,134969588.0,6696671674.0,0.004104493595933161
2018-12-18,4.13,4.17,4.06,4.07,35763740.0,174171987.0,6696671674.0,0.005340524627906373
2018-12-19,4.09,4.11,4.05,4.05,19932919.0,96521795.0,6696671674.0,0.002976541179014356
2018-12-20,4.05,4.18,4.05,4.12,32324077.0,157170190.0,6696671674.0,0.004826886933325261
2018-12-21,4.1,4.11,4.03,4.06,25729398.0,124081837.0,6696671674.0,0.00384211728639692
2018-12-24,4.05,4.09,4.01,4.05,21328282.0,102409535.0,6696671674.0,0.0031849078226139716
2018-12-25,3.99,3.99,3.79,3.91,44901986.0,206718475.0,6696671674.0,0.006705119824573917
2018-12-26,3.91,3.92,3.83,3.85,22559542.0,103436027.0,6696671674.0,0.0033687693078321285
2018-12-27,3.92,3.94,3.84,3.84,29085453.0,134166681.0,6696671674.0,0.00434326997289191
2018-12-28,3.85,4.0,3.85,3.91,40630740.0,189440695.0,6696671674.0,0.006067303576752896
2019-01-02,3.83,3.86,3.7,3.78,49577579.0,221460220.0,6696671674.0,0.007403316365723322
2019-01-03,3.78,3.99,3.77,3.89,51817508.0,239995542.0,6696671674.0,0.007737800286847391
2019-01-04,3.84,4.28,3.83,4.26,116934748.0,572125663.0,6696671674.0,0.01746162178653646
2019-01-07,4.27,4.39,4.18,4.29,96207689.0,488768819.0,6696671674.0,0.014366493339300002
2019-01-08,4.26,4.44,4.21,4.32,73492020.0,378834569.0,6696671674.0,0.0109744099125144
2019-01-09,4.34,4.53,4.32,4.39,106735634.0,562849210.0,6696671674.0,0.015938609386272264
2019-01-10,4.34,4.42,4.27,4.3,72965349.0,376685993.0,6696671674.0,0.010895763231649813
2019-01-11,4.34,4.58,4.32,4.41,86608655.0,454677613.0,6696671674.0,0.012933089632609633
2019-01-14,4.45,4.47,4.3,4.34,55705118.0,288163333.0,6696671674.0,0.008318328971730323
2019-01-15,4.37,4.48,4.34,4.42,84829781.0,445410258.0,6696671674.0,0.012667454092060958
2019-01-16,4.38,4.42,4.32,4.37,49607916.0,256586060.0,6696671674.0,0.007407846526596788
2019-01-17,4.37,4.41,4.26,4.29,44829321.0,230211529.0,6696671674.0,0.006694268911831379
2019-01-18,4.32,4.37,4.27,4.35,40532292.0,207762174.0,6696671674.0,0.006052602542449209
2019-01-21,4.34,4.37,4.28,4.3,38228298.0,195915728.0,6696671674.0,0.005708551928627821
2019-01-22,4.3,4.32,4.23,4.27,30431966.0,154583419.0,6696671674.0,0.004544341947978858
2019-01-23,4.25,4.29,4.22,4.24,23065194.0,116293620.0,6696671674.0,0.0034442772653094536
2019-01-24,4.26,4.34,4.24,4.32,43355731.0,221205921.0,6696671674.0,0.006474220793641376
2019-01-25,4.3,4.33,4.25,4.26,31932600.0,162674759.0,6696671674.0,0.004768428490227338
2019-01-28,4.3,4.34,4.19,4.21,48353357.0,243964459.0,6696671674.0,0.0072205058503514745
2019-01-29,4.19,4.2,4.09,4.16,27846805.0,137093918.0,6696671674.0,0.004158305253058163
2019-01-30,4.14,4.18,4.1,4.12,16208267.0,79668947.0,6696671674.0,0.0024203466720533746
2019-01-31,4.09,4.19,4.09,4.11,29833431.0,146377924.0,6696671674.0,0.004454963966029433
2019-02-01,4.16,4.21,4.16,4.21,33687757.0,167360965.0,6696671674.0,0.0050305224206815425
2019-02-11,4.21,4.32,4.2,4.32,31053926.0,157123260.0,6696671674.0,0.0046372179362723824
2019-02-12,4.32,4.37,4.28,4.33,39566770.0,203207716.0,6696671674.0,0.00590842315797249
2019-02-13,4.36,4.52,4.32,4.52,105776306.0,558845427.0,6696671674.0,0.015795354938883926
2019-02-14,4.53,4.62,4.5,4.54,96944962.0,525603107.0,6696671674.0,0.014476588777137053
2019-02-15,4.53,4.61,4.48,4.48,63905312.0,344717327.0,6696671674.0,0.009542846821670236
2019-02-18,4.55,4.93,4.55,4.93,139788495.0,790786073.0,6696671674.0,0.020874324112787616
2019-02-19,5.16,5.33,4.97,5.04,292947925.0,1781573416.0,6696671674.0,0.04374530203375176
2019-02-20,5.04,5.16,4.97,5.13,154719899.0,931651710.0,6696671674.0,0.02310399949884119
2019-02-21,5.06,5.5,5.01,5.23,222285976.0,1386240558.0,6696671674.0,0.033193500715143466
2019-02-22,5.27,5.76,5.18,5.76,284585523.0,1854778973.0,6696671674.0,0.04249656200182407
2019-02-25,6.05,6.33,5.93,6.33,326290920.0,2388312927.0,6696671674.0,0.048724341864755424
2019-02-26,6.42,6.66,6.09,6.09,382250271.0,2880121007.0,6696671674.0,0.057080634919596925
2019-02-27,6.02,6.23,5.84,6.0,252217912.0,1802502506.0,6696671674.0,0.037663174227167584
2019-02-28,5.93,5.94,5.69,5.76,149311155.0,1025312120.0,6696671674.0,0.022296323049508966
2019-03-01,5.85,6.02,5.73,5.93,168794661.0,1175437617.0,6696671674.0,0.025205754323502166
2019-03-04,5.98,6.28,5.83,5.95,256541150.0,1831107389.0,6696671674.0,0.03830875433180152
2019-03-05,5.87,5.96,5.82,5.93,134953460.0,942682504.0,6696671674.0,0.020152318430655677
2019-03-06,5.91,6.31,5.91,6.19,249950763.0,1799112030.0,6696671674.0,0.037324625600272485
2019-03-07,6.25,6.82,6.14,6.8,458563111.0,3563301945.0,6696671674.0,0.06847627199350136
2019-03-08,6.28,6.56,6.12,6.12,310768682.0,2331310150.0,6696671674.0,0.04640643847100454
2019-03-11,6.09,6.23,5.83,6.14,190719216.0,1367794179.0,6696671674.0,0.02847970234832809
2019-03-12,6.16,6.38,6.14,6.23,200861803.0,1484321898.0,6696671674.0,0.029994273689697395
2019-03-13,6.19,6.23,5.96,5.99,161153947.0,1160023864.0,6696671674.0,0.024064782453899352
2019-03-14,5.92,6.05,5.54,5.62,182151841.0,1247506050.0,6696671674.0,0.02720035412624591
2019-03-15,5.71,5.85,5.63,5.71,118566942.0,809046827.0,6696671674.0,0.017705353908918545
2019-03-18,5.74,6.07,5.63,6.01,153853892.0,1071560936.0,6696671674.0,0.022974680481550512
2019-03-19,6.01,6.05,5.93,5.95,86540150.0,615484368.0,6696671674.0,0.012922859923981992
2019-03-20,5.96,6.17,5.93,6.05,133870843.0,959121684.0,6696671674.0,0.01999065349429583
2019-03-21,6.05,6.3,6.0,6.13,179168208.0,1309569561.0,6696671674.0,0.02675481443948121
2019-03-22,6.13,6.19,5.98,6.09,93615224.0,674323221.0,6696671674.0,0.013979365953308344
2019-03-25,5.9,6.03,5.83,5.85,100132577.0,704464509.0,6696671674.0,0.014952588670095222
2019-03-26,5.91,5.95,5.62,5.65,101590316.0,696956117.0,6696671674.0,0.015170269791548391
2019-03-27,5.72,5.76,5.61,5.7,61720704.0,417412076.0,6696671674.0,0.009216623869978907
2019-03-28,5.65,5.84,5.6,5.7,68164788.0,464020450.0,6696671674.0,0.010178905479964254
2019-03-29,5.76,6.14,5.76,6.11,170450363.0,1212054817.0,6696671674.0,0.025452996846445065
2019-04-01,6.17,6.31,6.05,6.2,164829279.0,1209844458.0,6696671674.0,0.024613612108228915
2019-04-02,6.21,6.35,6.09,6.16,139348125.0,1028089071.0,6696671674.0,0.020808564580076797
2019-04-03,6.09,6.46,6.07,6.41,198617355.0,1475870919.0,6696671674.0,0.029659114955737937
2019-04-04,6.47,6.86,6.37,6.66,240325307.0,1867291084.0,6696671674.0,0.03588727635148505
2019-04-08,6.74,6.79,6.29,6.41,184352010.0,1423534116.0,6696671674.0,0.027528900769579524
2019-04-09,6.35,6.46,6.22,6.38,110693381.0,832772355.0,6696671674.0,0.016529611482935604
2019-04-10,6.32,6.36,6.1,6.24,155475856.0,1142892478.0,6696671674.0,0.023216884979390433
2019-04-11,6.22,6.27,6.02,6.04,102888251.0,745877648.0,6696671674.0,0.0153640877153148
2019-04-12,6.07,6.18,6.03,6.09,63742877.0,461045779.0,6696671674.0,0.009518590742246385
2019-04-15,6.22,6.26,5.94,5.98,82932217.0,600778441.0,6696671674.0,0.012384094821609138
2019-04-16,5.94,6.11,5.86,6.11,100513795.0,715778249.0,6696671674.0,0.015009515158141529
2019-04-17,6.09,6.12,6.01,6.07,66709511.0,479827184.0,6696671674.0,0.009961592003831007
2019-04-18,6.06,6.11,5.98,6.01,53745736.0,385327277.0,6696671674.0,0.008025738548399976
2019-04-19,6.03,6.07,5.93,6.04,69564748.0,495338892.0,6696671674.0,0.010387958583976413
2019-04-22,6.1,6.11,5.87,5.89,78449533.0,554964588.0,6696671674.0,0.011714704978681026
2019-04-23,5.9,6.06,5.82,5.88,80506183.0,566105979.0,6696671674.0,0.012021820229378623
2019-04-24,5.92,6.0,5.88,5.99,62746233.0,442588289.0,6696671674.0,0.009369763974485096
2019-04-25,5.96,6.01,5.76,5.76,71430201.0,499637728.0,6696671674.0,0.010666522785838463
2019-04-26,5.74,5.91,5.71,5.82,82352396.0,567358270.0,6696671674.0,0.012297511362209274
2019-04-29,5.83,5.86,5.51,5.59,95700858.0,641235752.0,6696671674.0,0.014290809324214154
2019-04-30,5.59,5.71,5.59,5.68,56666850.0,380764754.0,6696671674.0,0.008461942403419673
2019-05-06,5.44,5.56,5.12,5.17,115771413.0,727030991.0,6696671674.0,0.01728790339975685
2019-05-07,5.18,5.34,5.15,5.3,80616358.0,501709149.0,6696671674.0,0.012038272432109086
2019-05-08,5.19,5.33,5.14,5.23,48212798.0,300111944.0,6696671674.0,0.00719951646833567
2019-05-09,5.17,5.24,5.12,5.15,63140528.0,388181149.0,6696671674.0,0.009428643223639696
2019-05-10,5.25,5.39,5.07,5.34,84411970.0,529325285.0,6696671674.0,0.012605063247722245
2019-05-13,5.28,5.28,5.18,5.2,44165339.0,274079063.0,6696671674.0,0.006595117866009926
2019-05-14,5.15,5.26,5.15,5.17,45237882.0,279396725.0,6696671674.0,0.00675527847298192
2019-05-15,5.23,5.29,5.21,5.28,50152193.0,312248081.0,6696671674.0,0.007489122274684181
2019-05-16,5.27,5.3,5.22,5.27,44058812.0,274768036.0,6696671674.0,0.006579210411503295
2019-05-17,5.28,5.29,4.99,5.02,63214871.0,384692109.0,6696671674.0,0.009439744708618964
2019-05-20,5.01,5.15,4.99,5.08,49271784.0,296341168.0,6696671674.0,0.007357652636801498
2019-05-21,5.08,5.22,5.07,5.19,47996990.0,294160059.0,6696671674.0,0.007167290310252114
2019-05-22,5.18,5.23,5.11,5.14,33979378.0,207907936.0,6696671674.0,0.005074069575775352
2019-05-23,5.13,5.23,5.08,5.12,40725720.0,249586694.0,6696671674.0,0.006081486741856952
2019-05-24,5.12,5.2,5.12,5.14,24984635.0,152857842.0,6696671674.0,0.003730903382497232
2019-05-27,5.15,5.31,5.12,5.29,51543604.0,320822374.0,6696671674.0,0.007696898774374645
2019-05-28,5.28,5.32,5.22,5.27,41422086.0,259079155.0,6696671674.0,0.006185473622788215
2019-05-29,5.25,5.32,5.23,5.25,30380616.0,189896178.0,6696671674.0,0.004536673959685603
2019-05-30,5.23,5.25,5.14,5.2,32615192.0,200447736.0,6696671674.0,0.00487035852849548
2019-05-31,5.23,5.27,5.2,5.21,39331956.0,244116124.0,6696671674.0,0.005873358873588999
2019-06-03,5.23,5.31,5.15,5.19,38265635.0,237432008.0,6696671674.0,0.00571412738488693
2019-06-04,5.18,5.23,5.14,5.2,37185678.0,229257650.0,6696671674.0,0.005552859660773627
2019-06-05,5.26,5.32,5.23,5.24,45940467.0,287191967.0,6696671674.0,0.006860194024199371
2019-06-06,5.27,5.28,5.18,5.19,35532240.0,220666237.0,6696671674.0,0.005305955216224029
2019-06-10,5.15,5.18,5.01,5.09,53567548.0,323151874.0,6696671674.0,0.00799913010637469
2019-06-11,5.11,5.38,5.09,5.36,79681170.0,498102288.0,6696671674.0,0.011898622760522094
2019-06-12,5.35,5.39,5.29,5.31,46441110.0,294036914.0,6696671674.0,0.006934953998164312
2019-06-13,5.29,5.39,5.28,5.34,42629543.0,270129698.0,6696671674.0,0.006365780655711448
2019-06-14,5.34,5.38,5.2,5.23,37912916.0,238042574.0,6696671674.0,0.005661456593011402
2019-06-17,5.23,5.29,5.2,5.21,28735469.0,178337428.0,6696671674.0,0.004291007592856343
2019-06-18,5.24,5.25,5.16,5.2,21378485.0,131805982.0,6696671674.0,0.0031924045317918925
2019-06-19,5.48,5.55,5.29,5.3,73021748.0,467232475.0,6696671674.0,0.01090418517657194
2019-06-20,5.28,5.71,5.27,5.58,119644855.0,781875649.0,6696671674.0,0.01786631640677924
2019-06-21,5.59,5.75,5.55,5.67,94803337.0,638259713.0,6696671674.0,0.01415678438709731
2019-06-24,5.76,5.76,5.6,5.63,57116963.0,383509154.0,6696671674.0,0.008529156837979392
2019-06-25,5.63,5.68,5.48,5.62,60452906.0,400101970.0,6696671674.0,0.009027306241503516
2019-06-26,5.5,5.59,5.49,5.5,44063757.0,288813433.0,6696671674.0,0.006579948838029296
2019-06-27,5.52,5.81,5.52,5.72,114536045.0,776239762.0,6696671674.0,0.017103428475475232
2019-06-28,5.69,5.74,5.62,5.68,56221400.0,378743265.0,6696671674.0,0.008395424284914703
2019-07-01,5.86,5.88,5.76,5.81,88469014.0,610555465.0,6696671674.0,0.013210893158086759
2019-07-02,5.79,5.79,5.7,5.73,45966878.0,313284709.0,6696671674.0,0.006864137923689403
2019-07-03,5.7,5.72,5.63,5.67,44324099.0,298012585.0,6696671674.0,0.006618825165356315
2019-07-04,5.69,5.74,5.61,5.67,33772855.0,227330467.0,6696671674.0,0.005043229927356896
2019-07-05,5.68,5.7,5.62,5.68,25214225.0,169497542.0,6696671674.0,0.0037651875778672078
2019-07-08,5.68,5.68,5.41,5.46,62149702.0,406023186.0,6696671674.0,0.009280685245671789
2019-07-09,5.47,5.51,5.4,5.48,41272809.0,267033274.0,6696671674.0,0.0061631824000335485
2019-07-10,5.51,5.55,5.44,5.5,33973509.0,221715669.0,6696671674.0,0.005073193170258446
2019-07-11,5.53,5.6,5.45,5.5,31436772.0,205974378.0,6696671674.0,0.004694387530159807
2019-07-12,5.5,5.54,5.44,5.52,26823273.0,175292758.0,6696671674.0,0.004005463356392706
2019-07-15,5.5,5.71,5.44,5.65,53328115.0,354084050.0,6696671674.0,0.007963376076364588
2019-07-16,5.63,5.67,5.61,5.64,25302134.0,169307345.0,6696671674.0,0.003778314845303852
2019-07-17,5.62,5.7,5.6,5.64,29316944.0,196422462.0,6696671674.0,0.004377838040623044
2019-07-18,5.61,5.63,5.52,5.53,30168965.0,199291540.0,6696671674.0,0.004505068557733207
2019-07-19,5.55,5.69,5.55,5.65,38971658.0,260780098.0,6696671674.0,0.005819556325466644
2019-07-22,5.69,5.71,5.47,5.48,44812112.0,295467851.0,6696671674.0,0.006691699127789732
2019-07-23,5.5,5.56,5.46,5.55,22337418.0,146642975.0,6696671674.0,0.003335599994654897
2019-07-24,5.56,5.65,5.55,5.55,26668874.0,177087399.0,6696671674.0,0.003982407276071573
2019-07-25,5.55,5.58,5.5,5.54,32752893.0,215080595.0,6696671674.0,0.004890921131338117
2019-07-26,5.52,5.55,5.49,5.52,23087161.0,150942463.0,6696671674.0,0.003447557551557514
2019-07-29,5.54,5.55,5.44,5.45,32028706.0,207771476.0,6696671674.0,0.004782779798560571
2019-07-30,5.47,5.55,5.45,5.5,34076102.0,222554143.0,6696671674.0,0.005088513168758346
2019-07-31,5.5,5.51,5.46,5.47,19035339.0,123859464.0,6696671674.0,0.00284250743155069
2019-08-01,5.45,5.47,5.34,5.38,33663185.0,215880776.0,6696671674.0,0.005026853135222111
2019-08-02,5.28,5.29,5.19,5.26,39363442.0,245135391.0,6696671674.0,0.005878060612233623
2019-08-05,5.23,5.29,5.16,5.17,31107778.0,193041085.0,6696671674.0,0.004645259543002048
2019-08-06,5.07,5.17,4.95,5.12,50432675.0,303059369.0,6696671674.0,0.007531006066163607
2019-08-07,5.13,5.17,5.05,5.05,26513994.0,160374792.0,6696671674.0,0.003959279369024655
2019-08-08,5.18,5.21,5.08,5.1,28522334.0,173710786.0,6696671674.0,0.00425918058828219
2019-08-09,5.12,5.14,5.01,5.02,24264886.0,145810063.0,6696671674.0,0.0036234247669941835
2019-08-12,5.07,5.12,5.05,5.11,26520423.0,159809531.0,6696671674.0,0.0039602393981724125
2019-08-13,5.06,5.07,5.02,5.05,17703034.0,106026846.0,6696671674.0,0.0026435571074407732
2019-08-14,5.12,5.15,5.05,5.07,22477793.0,136036526.0,6696671674.0,0.0033565619003348497
2019-08-15,4.97,5.05,4.94,5.05,29514317.0,174543658.0,6696671674.0,0.004407311338644553
2019-08-16,5.03,5.12,5.02,5.08,26457936.0,159623944.0,6696671674.0,0.003950908344920599
2019-08-19,5.12,5.36,5.11,5.35,77894644.0,486588788.0,6696671674.0,0.011631844562788998
2019-08-20,5.34,5.41,5.31,5.35,52072359.0,331781053.0,6696671674.0,0.00777585665460833
2019-08-21,5.34,5.39,5.32,5.34,33250285.0,211270892.0,6696671674.0,0.004965195640260383
2019-08-22,5.37,5.38,5.28,5.31,27285957.0,172428853.0,6696671674.0,0.004074554992137129
2019-08-23,5.33,5.39,5.26,5.27,30815830.0,194073655.0,6696671674.0,0.004601663557680938
2019-08-26,5.18,5.2,5.11,5.14,40730047.0,247730681.0,6696671674.0,0.006082132883733191
2019-08-27,5.18,5.33,5.16,5.24,44939633.0,277359705.0,6696671674.0,0.006710741572485818
2019-08-28,5.25,5.27,5.17,5.2,25916071.0,158696047.0,6696671674.0,0.0038699927757575173
2019-08-29,5.2,5.23,5.15,5.16,30622971.0,186660283.0,6696671674.0,0.004572864325855256
2019-08-30,5.22,5.23,5.11,5.16,36272060.0,221199774.0,6696671674.0,0.0054164309922535405
2019-09-02,5.17,5.27,5.14,5.24,55118494.0,338146249.0,6696671674.0,0.008230729634543526
2019-09-03,5.23,5.25,5.19,5.23,39761928.0,244316476.0,6696671674.0,0.005937565694668399
2019-09-04,5.21,5.34,5.2,5.28,56364174.0,350219153.0,6696671674.0,0.008416744428256108
2019-09-05,5.37,5.62,5.36,5.43,106742653.0,688469433.0,6696671674.0,0.01593965751888824
2019-09-06,5.46,5.51,5.43,5.5,61282341.0,394468867.0,6696671674.0,0.009151164038387945
2019-09-09,5.62,5.79,5.57,5.76,128890630.0,862043151.0,6696671674.0,0.019246968684521474
2019-09-10,5.81,5.88,5.68,5.8,96313825.0,655198815.0,6696671674.0,0.01438234240659295
2019-09-11,5.88,5.88,5.74,5.77,85627698.0,584816657.0,6696671674.0,0.01278660537180757
2019-09-12,5.79,5.84,5.73,5.82,50253453.0,342803661.0,6696671674.0,0.0075042432190770714
2019-09-16,5.87,5.9,5.71,5.73,49844536.0,339323572.0,6696671674.0,0.007443180497189774
2019-09-17,5.74,5.76,5.58,5.62,67484451.0,449143436.0,6696671674.0,0.010077312176138203
2019-09-18,5.64,5.67,5.58,5.6,38069703.0,251809197.0,6696671674.0,0.005684869268386951
2019-09-19,5.63,5.66,5.52,5.65,40204974.0,265543626.0,6696671674.0,0.0060037248288723555
2019-09-20,5.64,5.64,5.54,5.61,48513984.0,318863654.0,6696671674.0,0.007244491944910005
2019-09-23,5.57,5.57,5.4,5.46,60591171.0,389249471.0,6696671674.0,0.009047953065288654
2019-09-24,5.46,5.56,5.45,5.51,41014692.0,265507562.0,6696671674.0,0.006124638327311252
2019-09-25,5.48,5.57,5.45,5.5,41262516.0,267923870.0,6696671674.0,0.006161645367832916
2019-09-26,5.53,5.57,5.42,5.44,40028031.0,258913173.0,6696671674.0,0.005977302300097802
2019-09-27,5.44,5.48,5.39,5.42,31183152.0,198884397.0,6696671674.0,0.00465651498505883
2019-09-30,5.42,5.43,5.27,5.28,34660410.0,217888581.0,6696671674.0,0.005175766662500408
2019-10-08,5.28,5.31,5.23,5.23,37216518.0,230838615.0,6696671674.0,0.005557464933586947
2019-10-09,5.2,5.28,5.18,5.28,25119194.0,155037305.0,6696671674.0,0.0037509967970396274
2019-10-10,5.28,5.32,5.25,5.31,25967646.0,161597670.0,6696671674.0,0.0038776943628310244
2019-10-11,5.31,5.45,5.24,5.38,47454429.0,298825463.0,6696671674.0,0.007086270808862116
2019-10-14,5.45,5.54,5.41,5.51,53961055.0,348546755.0,6696671674.0,0.00805789168513445
2019-10-15,5.48,5.49,5.38,5.41,41205008.0,262721437.0,6696671674.0,0.00615305781825612
2019-10-16,5.41,5.47,5.35,5.37,37623271.0,239567547.0,6696671674.0,0.005618204509872168
2019-10-17,5.38,5.42,5.35,5.39,27774514.0,176233723.0,6696671674.0,0.004147510188954801
2019-10-18,5.4,5.4,5.25,5.27,25932278.0,162271601.0,6696671674.0,0.0038724129332311057
2019-10-21,5.24,5.28,5.18,5.26,20834921.0,128325173.0,6696671674.0,0.0031112352545059237
2019-10-22,5.28,5.3,5.22,5.29,24053286.0,148821524.0,6696671674.0,0.0035918269807653108
2019-10-23,5.29,5.33,5.27,5.29,17210540.0,107247940.0,6696671674.0,0.0025700140066326326
2019-10-24,5.29,5.35,5.27,5.3,16144209.0,100926342.0,6696671674.0,0.002410781024651441
2019-10-25,5.29,5.35,5.27,5.34,24035723.0,150443057.0,6696671674.0,0.003589204334642732
2019-10-28,5.35,5.45,5.33,5.45,42425328.0,269783304.0,6696671674.0,0.006335285656114429
2019-10-29,5.43,5.45,5.34,5.34,22236400.0,140737395.0,6696671674.0,0.003320515187616767
2019-10-30,5.33,5.39,5.28,5.35,20570993.0,129213500.0,6696671674.0,0.003071823437285631
2019-10-31,5.37,5.47,5.34,5.42,37651859.0,239943093.0,6696671674.0,0.005622473496227135
2019-11-01,5.4,5.55,5.4,5.52,49808758.0,322485453.0,6696671674.0,0.00743783784314584
2019-11-04,5.52,5.6,5.51,5.53,42765903.0,279606415.0,6696671674.0,0.0063861430098237785
2019-11-05,5.55,5.64,5.52,5.57,53547764.0,352882521.0,6696671674.0,0.007996175802959039
2019-11-06,5.58,5.61,5.49,5.52,41952460.0,274537778.0,6696671674.0,0.006264673264911808
2019-11-07,5.53,5.6,5.51,5.57,32954491.0,215771628.0,6696671674.0,0.004921025339788818
2019-11-08,5.57,5.62,5.44,5.45,49622248.0,322622430.0,6696671674.0,0.007409986694234936
2019-11-11,5.43,5.48,5.34,5.34,43456154.0,277166118.0,6696671674.0,0.006489216750571726
2019-11-12,5.35,5.38,5.31,5.34,32021029.0,201847348.0,6696671674.0,0.004781633408178345
2019-11-13,5.38,5.39,5.29,5.34,29796162.0,187635907.0,6696671674.0,0.004449398664068356
2019-11-14,5.33,5.37,5.31,5.32,26099007.0,163910847.0,6696671674.0,0.003897310226710093
2019-11-15,5.32,5.34,5.25,5.26,23063364.0,143434541.0,6696671674.0,0.003444003995230064
2019-11-18,5.23,5.33,5.23,5.3,25008475.0,155580019.0,6696671674.0,0.0037344633599249084
2019-11-19,5.28,5.34,5.28,5.33,23299730.0,145568699.0,6696671674.0,0.0034793000365333426
2019-11-20,5.33,5.34,5.23,5.26,23164085.0,143785623.0,6696671674.0,0.00345904445187826
2019-11-21,5.23,5.27,5.22,5.25,19507756.0,120351056.0,6696671674.0,0.0029130524758648932
2019-11-22,5.24,5.31,5.2,5.23,23697407.0,146217304.0,6696671674.0,0.003538684312687121
2019-11-25,5.21,5.25,5.18,5.23,22173813.0,136067998.0,6696671674.0,0.003311169201573731
2019-11-26,5.25,5.31,5.2,5.31,29773848.0,184118492.0,6696671674.0,0.004446066561034749
2019-11-27,5.24,5.27,5.23,5.24,18851137.0,116322833.0,6696671674.0,0.002815000931461225
2019-11-28,5.24,5.28,5.21,5.22,15774201.0,97254085.0,6696671674.0,0.0023555285025012858
2019-11-29,5.22,5.3,5.21,5.26,19593520.0,120953359.0,6696671674.0,0.0029258594349297943
2019-12-02,5.31,5.34,5.27,5.29,28142752.0,175565655.0,6696671674.0,0.0042024984007003
2019-12-03,5.26,5.3,5.24,5.3,21576501.0,133946953.0,6696671674.0,0.0032219738476609687
2019-12-04,5.27,5.29,5.26,5.29,14541678.0,90299804.0,6696671674.0,0.002171478416129977
2019-12-05,5.3,5.37,5.29,5.35,37481176.0,235246518.0,6696671674.0,0.005596985760183171
2019-12-06,5.36,5.38,5.33,5.37,23873723.0,150322027.0,6696671674.0,0.0035650132128607027
2019-12-09,5.4,5.4,5.34,5.36,21214128.0,134100631.0,6696671674.0,0.003167861444120726
2019-12-10,5.36,5.36,5.3,5.35,22960300.0,144239135.0,6696671674.0,0.0034286136632835015
2019-12-11,5.37,5.4,5.33,5.35,26288869.0,166053800.0,6696671674.0,0.003925661922782807
2019-12-12,5.35,5.36,5.31,5.32,17024886.0,106756857.0,6696671674.0,0.0025422906824146027
2019-12-13,5.38,5.56,5.37,5.54,80251935.0,516650109.0,6696671674.0,0.01198385390634876
2019-12-16,5.54,5.68,5.49,5.62,68267862.0,447950779.0,6696671674.0,0.010194297305189939
2019-12-17,5.6,6.0,5.57,5.79,132688795.0,908774087.0,6696671674.0,0.01981414073429457
2019-12-18,5.78,5.9,5.74,5.8,91453113.0,628392297.0,6696671674.0,0.01365650243165856
2019-12-19,5.82,5.83,5.73,5.8,47094787.0,320479838.0,6696671674.0,0.007032566219850186
2019-12-20,5.79,5.95,5.78,5.81,92538086.0,639250470.0,6696671674.0,0.013818519184579632
2019-12-23,5.81,5.89,5.66,5.66,73534349.0,500461788.0,6696671674.0,0.010980730813711384
2019-12-24,5.69,5.75,5.66,5.73,37819754.0,253752356.0,6696671674.0,0.005647544906051788
2019-12-25,5.72,6.1,5.7,5.97,154824171.0,1081808235.0,6696671674.0,0.023119570218905733
2019-12-26,5.95,6.04,5.86,6.04,114032202.0,797499624.0,6696671674.0,0.01702819065219114
2019-12-27,5.99,6.04,5.83,5.84,111057221.0,776778021.0,6696671674.0,0.016583942950523095
2019-12-30,5.78,6.13,5.73,6.07,146934567.0,1037995475.0,6696671674.0,0.02194143212522681
2019-12-31,6.06,6.08,5.96,6.02,89469020.0,633288420.0,6696671674.0,0.013360221966288981
2020-01-02,6.11,6.13,6.02,6.02,100512224.0,718873207.0,6696671674.0,0.015009280563991407
2020-01-03,6.02,6.08,5.98,6.01,61069499.0,433426497.0,6696671674.0,0.009119380786892077
2020-01-06,5.96,6.08,5.93,5.98,86514734.0,610687403.0,6696671674.0,0.012919064605764634
2020-01-07,6.01,6.04,5.95,6.01,55516838.0,391236783.0,6696671674.0,0.008290213512414765
2020-01-08,5.96,5.98,5.83,5.83,76403603.0,530137177.0,6696671674.0,0.011409190523202587
2020-01-09,5.9,5.97,5.88,5.91,42603579.0,297161188.0,6696671674.0,0.006361903505798185
2020-01-10,5.94,6.04,5.94,5.99,79611964.0,562182071.0,6696671674.0,0.011888288373027977
2020-01-13,6.0,6.05,5.86,6.05,64427401.0,452032223.0,6696671674.0,0.009620809282040964
2020-01-14,6.07,6.1,5.99,5.99,54837600.0,389322920.0,6696671674.0,0.008188784319964258
2020-01-15,5.96,6.05,5.96,5.99,41829038.0,295215309.0,6696671674.0,0.0062462429153279705
2020-01-16,6.0,6.13,5.96,6.06,75879955.0,541418083.0,6696671674.0,0.011330995260616684
2020-01-17,6.07,6.13,6.02,6.04,64985011.0,465377392.0,6696671674.0,0.009704076019182183
2020-01-20,6.07,6.1,6.0,6.09,49757781.0,355280982.0,6696671674.0,0.007430225554163849
2020-01-21,6.08,6.09,5.97,5.97,56690555.0,401833579.0,6696671674.0,0.008465482221579198
2020-01-22,5.95,6.06,5.82,6.0,60701274.0,423791841.0,6696671674.0,0.009064394516409436
2020-01-23,5.95,5.98,5.71,5.78,68758363.0,473703484.0,6696671674.0,0.010267542795468996
2020-02-03,5.2,5.2,5.2,5.2,24251900.0,148421628.0,6696671674.0,0.0036214855947259033
2020-02-04,4.99,5.25,4.95,5.21,99269061.0,601943869.0,6696671674.0,0.01482364162863392
2020-02-05,5.23,5.43,5.19,5.28,67934830.0,422823365.0,6696671674.0,0.010144566331922577
2020-02-06,5.28,5.45,5.23,5.4,72320011.0,455095671.0,6696671674.0,0.010799396255424065
2020-02-07,5.4,5.49,5.34,5.45,67981806.0,434125557.0,6696671674.0,0.010151581159927717
2020-02-10,5.43,5.52,5.4,5.5,52461072.0,338229208.0,6696671674.0,0.007833902355356834
2020-02-11,5.52,5.6,5.48,5.49,46496532.0,302616357.0,6696671674.0,0.006943230049716187
2020-02-12,5.45,5.63,5.45,5.57,51757953.0,337645101.0,6696671674.0,0.007728907063034251
2020-02-13,5.58,5.64,5.51,5.51,43624220.0,285504147.0,6696671674.0,0.006514313695469371
2020-02-14,5.49,5.64,5.46,5.58,56207056.0,367919086.0,6696671674.0,0.008393282325341608
2020-02-17,5.68,5.84,5.64,5.82,87028683.0,587482000.0,6696671674.0,0.012995811536929771
2020-02-18,5.79,5.88,5.72,5.76,58682947.0,399340341.0,6696671674.0,0.008763001959292412
2020-02-19,5.74,5.9,5.72,5.77,79902675.0,548013719.0,6696671674.0,0.011931699639721653
2020-02-20,5.79,6.2,5.74,6.2,183564553.0,1292095668.0,6696671674.0,0.027411311459794887
2020-02-21,6.17,6.42,6.08,6.3,176592726.0,1295751943.0,6696671674.0,0.026370223089423033
2020-02-24,6.26,6.37,6.2,6.29,116515502.0,863817989.0,6696671674.0,0.017399016656643694
2020-02-25,6.12,6.31,6.03,6.28,147353655.0,1074996977.0,6696671674.0,0.022004013661309448
2020-02-26,6.2,6.34,6.12,6.18,125704196.0,925805781.0,6696671674.0,0.018771145147827656
2020-02-27,6.24,6.3,6.12,6.18,83964839.0,612726292.0,6696671674.0,0.012538294108996808
2020-02-28,5.95,6.05,5.74,5.87,101953783.0,706977161.0,6696671674.0,0.01522454555982462
2020-03-02,5.94,6.13,5.87,6.07,135160329.0,959773397.0,6696671674.0,0.020183209746531768
2020-03-03,6.13,6.27,6.02,6.07,124433120.0,899286050.0,6696671674.0,0.01858133802245596
2020-03-04,6.03,6.19,5.99,6.19,98806042.0,711031963.0,6696671674.0,0.0147544999680389
2020-03-05,6.27,6.41,6.15,6.31,161054613.0,1193065309.0,6696671674.0,0.024049949115065427
2020-03-06,6.21,6.26,6.09,6.11,85989896.0,623481846.0,6696671674.0,0.012840691642963172
2020-03-09,6.03,6.07,5.88,5.95,102459192.0,721421113.0,6696671674.0,0.015300017230619271
2020-03-10,5.9,6.12,5.84,6.08,102378462.0,722862675.0,6696671674.0,0.01528796198826456
2020-03-11,6.07,6.09,5.9,5.91,71640872.0,506764058.0,6696671674.0,0.010697981846436869
2020-03-12,5.85,5.92,5.74,5.78,80731081.0,552969962.0,6696671674.0,0.012055403778184393
2020-03-13,5.49,5.8,5.44,5.72,78203526.0,517660490.0,6696671674.0,0.011677969266975893
2020-03-16,5.78,5.78,5.41,5.48,72034157.0,476051678.0,6696671674.0,0.010756710274400113
2020-03-17,5.52,5.61,5.35,5.49,56606719.0,365702788.0,6696671674.0,0.008452963166729085
2020-03-18,5.52,5.56,5.31,5.34,48994879.0,315131986.0,6696671674.0,0.007316302991264134
2020-03-19,5.33,5.43,5.23,5.37,59924366.0,376519076.0,6696671674.0,0.008948380466770963
2020-03-20,5.4,5.45,5.33,5.45,42706751.0,271530190.0,6696671674.0,0.006377309965159269
2020-03-23,5.3,5.39,5.28,5.29,34691218.0,217722088.0,6696671674.0,0.005180367156820536
2020-03-24,5.37,5.42,5.29,5.4,38133719.0,241030115.0,6696671674.0,0.005694428644016571
2020-03-25,5.51,5.54,5.43,5.49,45942012.0,296537253.0,6696671674.0,0.006860424735823774
2020-03-26,5.45,5.48,5.4,5.42,23919041.0,153182889.0,6696671674.0,0.003571780455187357
2020-03-27,5.48,5.54,5.42,5.45,30670711.0,197492400.0,6696671674.0,0.004579993240385343
2020-03-30,5.36,5.41,5.32,5.35,27400582.0,172550629.0,6696671674.0,0.004091671704077036
2020-03-31,5.41,5.42,5.31,5.31,23079597.0,145662664.0,6696671674.0,0.0034464280352293707
2020-04-01,5.3,5.38,5.28,5.29,21754022.0,136326073.0,6696671674.0,0.0032484826879687935
2020-04-02,5.27,5.35,5.27,5.35,22384029.0,139945320.0,6696671674.0,0.003342560317972071
2020-04-03,5.34,5.34,5.23,5.26,26814458.0,166718677.0,6696671674.0,0.004004147030846356
2020-04-07,5.34,5.4,5.31,5.38,47810663.0,301387945.0,6696671674.0,0.007139466488349149
2020-04-08,5.34,5.39,5.33,5.35,22358896.0,140809704.0,6696671674.0,0.003338807259553875
2020-04-09,5.4,5.46,5.38,5.39,47176913.0,300780205.0,6696671674.0,0.0070448299239703775
2020-04-10,5.39,5.4,5.28,5.29,32948472.0,206839112.0,6696671674.0,0.0049201265350850764
2020-04-13,5.17,5.19,5.11,5.18,43726120.0,265522572.0,6696671674.0,0.006529530209726092
2020-04-14,5.2,5.31,5.18,5.28,47093289.0,290220955.0,6696671674.0,0.007032342526637658
2020-04-15,5.26,5.31,5.22,5.23,30899972.0,191070468.0,6696671674.0,0.004614228306872194
2020-04-16,5.2,5.28,5.19,5.23,26627487.0,164189128.0,6696671674.0,0.0039762270417679135
2020-04-17,5.28,5.28,5.19,5.2,35029528.0,215817101.0,6696671674.0,0.005230886282808674
2020-04-20,5.2,5.23,5.18,5.21,22843853.0,139854008.0,6696671674.0,0.003411224875887502
2020-04-21,5.18,5.19,5.09,5.12,37129827.0,223999713.0,6696671674.0,0.0055445195475474045
2020-04-22,5.09,5.12,5.06,5.12,22315553.0,133994897.0,6696671674.0,0.003332334939853884
2020-04-23,5.12,5.13,5.07,5.07,21834897.0,130884680.0,6696671674.0,0.0032605595828707787
2020-04-24,5.06,5.09,4.99,5.0,28041737.0,165958232.0,6696671674.0,0.004187414041645907
2020-04-27,5.0,5.07,4.99,5.0,27219664.0,161081777.0,6696671674.0,0.00406465559685135
2020-04-28,5.05,5.06,4.93,5.0,35694672.0,210489844.0,6696671674.0,0.005330210847664144
2020-04-29,5.0,5.05,4.99,5.03,19629205.0,116015096.0,6696671674.0,0.002931188201477891
2020-04-30,5.05,5.14,5.04,5.12,33717556.0,202331015.0,6696671674.0,0.005034972243138226
2020-05-06,5.06,5.14,5.04,5.13,34381513.0,206515466.0,6696671674.0,0.0051341195557618735
2020-05-07,5.12,5.17,5.08,5.08,32863611.0,197725473.0,6696671674.0,0.0049074544191249235
2020-05-08,5.12,5.22,5.11,5.18,45019629.0,273694524.0,6696671674.0,0.0067226872081529495
2020-05-11,5.18,5.21,5.11,5.13,30019342.0,182104120.0,6696671674.0,0.004482725667520907
2020-05-12,5.16,5.17,5.06,5.09,27463858.0,165009385.0,6696671674.0,0.0041011205770516024
2020-05-13,5.07,5.11,5.06,5.08,22215813.0,133091520.0,6696671674.0,0.0033174409738875904
2020-05-14,5.07,5.08,5.02,5.03,23896088.0,141983654.0,6696671674.0,0.0035683529316178327
2020-05-15,5.06,5.07,5.03,5.04,17381126.0,103230237.0,6696671674.0,0.00259548725786911
2020-05-18,5.0,5.06,5.0,5.01,20989429.0,124315792.0,6696671674.0,0.00313430761156949
2020-05-19,5.06,5.07,5.03,5.05,19285598.0,114621814.0,6696671674.0,0.0028798780855386463
2020-05-20,5.03,5.06,5.0,5.0,18864262.0,111536438.0,6696671674.0,0.002816960860309306
2020-05-21,5.02,5.03,4.93,4.94,26423460.0,154604082.0,6696671674.0,0.003945760115818394
2020-05-22,4.95,4.95,4.83,4.85,28136717.0,162016739.0,6696671674.0,0.004201597206749963
2020-05-25,4.82,4.86,4.79,4.81,20053928.0,113862079.0,6696671674.0,0.0029946112003459706
2020-05-26,4.82,4.86,4.82,4.86,18287019.0,104121586.0,6696671674.0,0.0027307623682671827
2020-05-27,4.85,4.86,4.77,4.78,17652915.0,99821794.0,6696671674.0,0.00263607294180748
2020-05-28,4.78,4.89,4.78,4.83,25177485.0,143273526.0,6696671674.0,0.003759701270371703
2020-05-29,4.8,4.83,4.77,4.83,19521066.0,110496578.0,6696671674.0,0.002915040030376738
2020-06-01,4.94,5.05,4.94,5.01,56383158.0,331671570.0,6696671674.0,0.008419579269341972
2020-06-02,5.01,5.06,4.98,5.0,29056582.0,171285649.0,6696671674.0,0.004338958726737781
2020-06-03,5.01,5.04,4.95,4.95,22537287.0,132547870.0,6696671674.0,0.003365446015145344
2020-06-04,4.98,4.98,4.92,4.92,18241995.0,106231053.0,6696671674.0,0.0027240390283467257
2020-06-05,4.94,4.98,4.91,4.97,20234133.0,117850896.0,6696671674.0,0.0030215208367702336
2020-06-08,4.99,5.01,4.94,4.95,18449165.0,108066745.0,6696671674.0,0.0027549752919243985
2020-06-09,4.94,5.01,4.94,4.97,22834059.0,133781087.0,6696671674.0,0.003409762358315075
2020-06-10,4.96,4.97,4.89,4.89,25506224.0,147415389.0,6696671674.0,0.003808791178911842
2020-06-11,4.9,4.97,4.86,4.88,26425964.0,152575609.0,6696671674.0,0.00394613403291063
2020-06-12,4.83,4.87,4.8,4.85,28327918.0,161254407.0,6696671674.0,0.0042301488528971596
2020-06-15,4.85,4.93,4.83,4.83,26296574.0,150995626.0,6696671674.0,0.003926812494346576
2020-06-16,4.87,4.89,4.85,4.88,18930461.0,108388577.0,6696671674.0,0.002826846218771334
2020-06-17,4.88,4.89,4.83,4.87,19029855.0,108740570.0,6696671674.0,0.0028416885172799946
2020-06-18,4.87,4.95,4.84,4.91,31655983.0,182877181.0,6696671674.0,0.004727121851128699
2020-06-19,4.92,5.06,4.9,5.01,70301858.0,412844525.0,6696671674.0,0.01049802968136377
2020-06-22,5.05,5.4,5.01,5.22,133928322.0,826578913.0,6696671674.0,0.01999923671336317
2020-06-23,5.19,5.27,5.13,5.26,69371412.0,425111507.0,6696671674.0,0.010359088122736596
2020-06-24,5.28,5.35,5.21,5.23,52803117.0,327289292.0,6696671674.0,0.00788497922109717
2020-06-29,5.22,5.56,5.07,5.34,158197679.0,995544302.0,6696671674.0,0.023623329125452956
2020-06-30,5.35,5.87,5.25,5.82,292520716.0,1951535737.0,6696671674.0,0.04368150780569387
2020-07-01,5.73,5.84,5.58,5.81,210191001.0,1416098039.0,6696671674.0,0.031387383349861984
2020-07-02,5.73,6.25,5.7,6.14,273570529.0,1935654005.0,6696671674.0,0.04085171594452579
2020-07-03,6.17,6.63,6.08,6.53,380599978.0,2839354040.0,6696671674.0,0.05683420011133131
2020-07-06,6.8,7.18,6.69,7.12,433515526.0,3551709907.0,6696671674.0,0.06473596841892894
2020-07-07,7.07,7.07,6.68,6.72,362854854.0,2920573166.0,6696671674.0,0.05418435779206457
2020-07-08,6.7,7.2,6.69,6.98,380650379.0,3104434417.0,6696671674.0,0.05684172638743585
2020-07-09,7.03,7.67,6.96,7.67,260439397.0,2300484557.0,6696671674.0,0.038890871417686886
2020-07-10,8.44,8.44,8.44,8.44,98460037.0,977708167.0,6696671674.0,0.014702831763766114
2020-07-13,9.18,9.18,7.94,8.33,694276614.0,6962817885.0,6696671674.0,0.10367487728203054
2020-07-14,8.05,8.18,7.6,7.85,441908882.0,4119650802.0,6696671674.0,0.06598933074705195
2020-07-15,7.83,8.0,7.5,7.55,313144120.0,2877257404.0,6696671674.0,0.04676115766818763
2020-07-16,7.53,7.79,7.06,7.2,289017626.0,2543098627.0,6696671674.0,0.043158398689623435
2020-07-17,7.22,7.28,6.67,6.84,283902303.0,2307960386.0,6696671674.0,0.042394538185627044
2020-07-20,6.98,7.43,6.92,7.33,277820486.0,2345454595.0,6696671674.0,0.04148635315042325
2020-07-21,7.32,7.33,7.1,7.22,157949664.0,1338341370.0,6696671674.0,0.023586293563300054
2020-07-22,7.2,7.54,7.15,7.28,230888826.0,1995346549.0,6696671674.0,0.034478146344912176
2020-07-23,7.09,7.28,6.99,7.21,153509057.0,1289186473.0,6696671674.0,0.022923186990935044
2020-07-24,7.13,7.19,6.62,6.69,187826426.0,1516875640.0,6696671674.0,0.02804772805709453
2020-07-27,6.7,6.75,6.43,6.69,124836351.0,974729925.0,6696671674.0,0.01864155166583429
2020-07-28,6.72,6.76,6.57,6.67,82747471.0,647997085.0,6696671674.0,0.012356507087135418
2020-07-29,6.6,6.97,6.6,6.92,145764263.0,1174514718.0,6696671674.0,0.021766673072226836
2020-07-30,6.93,6.96,6.82,6.86,91801437.0,743122679.0,6696671674.0,0.013708516927359816
2020-07-31,6.85,7.12,6.82,6.96,135116603.0,1109328676.0,6696671674.0,0.02017668023424139
2020-08-03,7.03,7.15,6.96,7.12,137755676.0,1143900114.0,6696671674.0,0.020570767495566484
2020-08-04,7.18,7.75,7.05,7.41,288773643.0,2523648386.0,6696671674.0,0.04312196521761267
2020-08-05,7.31,7.31,7.11,7.27,144458758.0,1227002182.0,6696671674.0,0.02157172473616481
2020-08-06,7.28,7.49,7.05,7.45,168667435.0,1438658295.0,6696671674.0,0.025186755930540188
2020-08-07,7.27,7.37,7.04,7.13,163686406.0,1381413472.0,6696671674.0,0.02444294926918945
2020-08-10,7.06,7.21,6.97,7.08,117928847.0,986237360.0,6696671674.0,0.017610068514761115
2020-08-11,7.09,7.2,6.81,6.84,120280061.0,993383946.0,6696671674.0,0.017961170392598227
2020-08-12,6.81,6.89,6.7,6.83,87471525.0,699801608.0,6696671674.0,0.013061940208239631
2020-08-13,6.87,6.95,6.77,6.84,71031393.0,573194878.0,6696671674.0,0.010606969619815948
2020-08-14,6.8,6.91,6.76,6.89,58027032.0,467427503.0,6696671674.0,0.008665055541738957
2020-08-17,7.01,7.58,7.01,7.52,324127531.0,2818637852.0,6696671674.0,0.048401287502033805
2020-08-18,7.39,7.51,7.31,7.39,159327448.0,1387756083.0,6696671674.0,0.023792035171530494
2020-08-19,7.41,7.45,7.18,7.21,126116915.0,1083789298.0,6696671674.0,0.018832775614437268
2020-08-20,7.13,7.17,7.0,7.04,83363681.0,687482654.0,6696671674.0,0.012448524439933592
2020-08-21,7.07,7.21,7.03,7.14,79095594.0,655843415.0,6696671674.0,0.01181117991898732
2020-08-24,7.06,7.08,6.95,6.99,79447560.0,648753472.0,6696671674.0,0.011863738266944935
2020-08-25,6.99,7.08,6.92,6.95,69212273.0,564410494.0,6696671674.0,0.01033532422811147
2020-08-26,6.91,7.0,6.82,6.82,73291880.0,588206650.0,6696671674.0,0.010944523424159738
2020-08-27,6.84,6.9,6.77,6.86,42115560.0,335726367.0,6696671674.0,0.006289028647397295
2020-08-28,6.84,7.06,6.82,7.02,73247869.0,593668592.0,6696671674.0,0.010937951353414374
2020-08-31,7.08,7.37,7.05,7.05,150921382.0,1270587187.0,6696671674.0,0.02253677488564299
2020-09-01,7.04,7.38,7.02,7.3,163653280.0,1384686419.0,6696671674.0,0.024438002632768765
2020-09-02,7.3,7.34,7.13,7.25,120159322.0,1013540552.0,6696671674.0,0.017943140689802916
2020-09-03,7.23,7.37,7.19,7.23,91670089.0,777472058.0,6696671674.0,0.013688903004743607
2020-09-04,7.11,7.25,7.08,7.24,62997588.0,526648743.0,6696671674.0,0.009407298291864862
2020-09-07,7.2,7.23,6.97,6.98,77961687.0,646695809.0,6696671674.0,0.011641855954008953
2020-09-08,6.99,7.22,6.98,7.15,73895979.0,610456873.0,6696671674.0,0.011034732266612836
2020-09-09,7.07,7.2,6.99,7.06,74788838.0,618156594.0,6696671674.0,0.011168061037002842
2020-09-10,7.14,7.16,6.85,6.89,82228454.0,673829284.0,6696671674.0,0.012279003362111076
2020-09-11,6.86,6.94,6.66,6.78,93014170.0,736296379.0,6696671674.0,0.013889611814348
2020-09-14,6.83,7.11,6.79,7.0,111892491.0,909012291.0,6696671674.0,0.016708672075775415
2020-09-15,6.94,7.03,6.91,6.96,56009040.0,455002985.0,6696671674.0,0.008363713009472532
2020-09-16,6.97,7.05,6.88,6.92,49420748.0,401290533.0,6696671674.0,0.007379897119919635
2020-09-17,6.9,6.93,6.76,6.84,64702475.0,515246406.0,6696671674.0,0.009661885508171025
2020-09-18,6.81,7.27,6.79,7.24,157824679.0,1304342742.0,6696671674.0,0.023567629814189393
2020-09-21,7.44,7.54,7.2,7.23,153804206.0,1315304339.0,6696671674.0,0.022967260974903217
2020-09-22,7.16,7.57,7.14,7.32,182715115.0,1573457020.0,6696671674.0,0.027284466656682025
2020-09-23,7.32,7.38,7.18,7.2,95004454.0,802293408.0,6696671674.0,0.014186816768822224
2020-09-24,7.17,7.28,7.1,7.1,76982537.0,643968224.0,6696671674.0,0.0114956415287443
2020-09-25,7.14,7.28,7.06,7.23,94390853.0,790567244.0,6696671674.0,0.01409518901254707
2020-09-28,7.23,7.3,7.17,7.25,69513701.0,587185137.0,6696671674.0,0.010380335842040567
2020-09-29,7.31,7.4,7.24,7.24,74777559.0,637483699.0,6696671674.0,0.011166376767480746
2020-09-30,7.25,7.28,7.01,7.1,75122085.0,624774266.0,6696671674.0,0.011217824115771336
2020-10-09,7.21,7.25,7.15,7.2,65167097.0,546480125.0,6696671674.0,0.009731266541409359
2020-10-12,7.27,7.62,7.24,7.54,161581902.0,1410392584.0,6696671674.0,0.024128688080579774
2020-10-13,7.46,7.46,7.32,7.42,94318243.0,812694988.0,6696671674.0,0.014084346312839707
2020-10-14,7.4,7.45,7.33,7.36,53754111.0,462114549.0,6696671674.0,0.008026989169664942
2020-10-15,7.38,7.5,7.32,7.34,64817093.0,558650542.0,6696671674.0,0.009679001174815547
2020-10-16,7.35,7.48,7.33,7.38,62260112.0,536619468.0,6696671674.0,0.009297172540461628
2020-10-19,7.46,7.59,7.3,7.31,81329701.0,705885859.0,6696671674.0,0.012144794453006359
2020-10-20,7.26,7.29,7.16,7.28,56536426.0,476263958.0,6696671674.0,0.008442466459794367
2020-10-21,7.26,7.27,7.13,7.21,43783629.0,367258387.0,6696671674.0,0.0065381179086308
2020-10-22,7.17,7.36,7.16,7.28,46969758.0,397386990.0,6696671674.0,0.007013895900311388
2020-10-23,7.25,7.35,7.14,7.14,48305112.0,407927511.0,6696671674.0,0.0072133015252257085
2020-10-26,7.08,7.1,6.86,6.9,76611217.0,619233625.0,6696671674.0,0.01144019308837329
2020-10-27,6.86,6.93,6.84,6.9,38657488.0,310077698.0,6696671674.0,0.005772641975279853
2020-10-28,6.87,6.94,6.85,6.89,51707745.0,415099322.0,6696671674.0,0.0077214096072167684
2020-10-29,6.79,6.96,6.72,6.9,75537008.0,600454277.0,6696671674.0,0.011279783701099515
2020-10-30,6.89,6.96,6.6,6.65,66208578.0,522906380.0,6696671674.0,0.009886788724771518
2020-11-02,6.68,6.93,6.68,6.86,84881973.0,678146190.0,6696671674.0,0.012675247814456314
2020-11-03,6.87,7.2,6.84,7.09,94080984.0,773305905.0,6696671674.0,0.014048916921710801
2020-11-04,7.1,7.14,6.99,7.08,49430089.0,407518792.0,6696671674.0,0.00738129199194782
2020-11-05,7.2,7.28,7.12,7.22,76494810.0,643269999.0,6696671674.0,0.011422810274093781
2020-11-06,7.23,7.44,7.19,7.32,122317548.0,1042982252.0,6696671674.0,0.018265424072513668
2020-11-09,7.38,7.72,7.32,7.56,185460165.0,1628267047.0,6696671674.0,0.02769437924216202
2020-11-10,7.55,7.62,7.43,7.49,117749191.0,1032502395.0,6696671674.0,0.017583240859360666
2020-11-11,7.49,7.76,7.42,7.44,157342749.0,1388857493.0,6696671674.0,0.0234956642134461
2020-11-12,7.44,7.58,7.32,7.44,99441973.0,865082880.0,6696671674.0,0.014849462216594255
2020-11-13,7.39,7.48,7.32,7.44,77510989.0,669831684.0,6696671674.0,0.011574554162620576
2020-11-16,7.59,7.63,7.38,7.52,83896286.0,734153254.0,6696671674.0,0.01252805723262938
2020-11-17,7.54,7.54,7.35,7.47,82367700.0,712991222.0,6696671674.0,0.012299796676578115
2020-11-18,7.5,7.78,7.49,7.62,162899811.0,1448670695.0,6696671674.0,0.02432548868006516
2020-11-19,7.52,7.54,7.28,7.49,141810370.0,1224054583.0,6696671674.0,0.02117624648533725
2020-11-20,7.44,7.46,7.33,7.38,76498682.0,658411186.0,6696671674.0,0.011423388471769954
2020-11-23,7.32,8.11,7.31,7.87,327885331.0,2972560276.0,6696671674.0,0.048962431930629546
2020-11-24,7.88,8.01,7.75,7.81,191861280.0,1761064373.0,6696671674.0,0.028650244381086556
2020-11-25,7.94,7.99,7.58,7.59,147503448.0,1339913579.0,6696671674.0,0.022026381937266828
2020-11-26,7.65,7.68,7.46,7.57,120517689.0,1061649270.0,6696671674.0,0.017996654885726746
2020-11-27,7.54,7.81,7.49,7.81,140517106.0,1251427690.0,6696671674.0,0.02098312607224889
2020-11-30,7.81,8.1,7.62,7.73,298599359.0,2751723122.0,6696671674.0,0.04458921887410423
2020-12-01,7.66,8.03,7.59,7.96,228220478.0,2082591115.0,6696671674.0,0.03407968750895641
2020-12-02,7.91,8.08,7.82,7.87,177933042.0,1645882498.0,6696671674.0,0.026570369679437864
2020-12-03,7.84,7.93,7.72,7.89,154369338.0,1411428587.0,6696671674.0,0.023051650956600264
2020-12-04,7.81,7.81,7.62,7.68,116152385.0,1041311208.0,6696671674.0,0.017344793153136747
2020-12-07,7.68,7.7,7.46,7.48,94202584.0,830630756.0,6696671674.0,0.014067075195838547
2020-12-08,7.5,7.56,7.46,7.49,63031325.0,551942012.0,6696671674.0,0.009412336167639925
2020-12-09,7.5,7.54,7.12,7.18,120782761.0,1034110641.0,6696671674.0,0.018036237534078636
2020-12-10,7.14,7.24,7.09,7.17,72750477.0,607789185.0,6696671674.0,0.010863676844492107
2020-12-11,7.15,7.2,7.06,7.14,82182765.0,684202119.0,6696671674.0,0.012272180719128981
2020-12-14,7.14,7.18,7.08,7.12,44528011.0,369839942.0,6696671674.0,0.006649274918595927
2020-12-15,7.11,7.2,7.08,7.14,41908448.0,348228186.0,6696671674.0,0.006258101044838532
2020-12-16,7.15,7.18,7.07,7.07,46218710.0,383388094.0,6696671674.0,0.006901743470483304
2020-12-17,7.07,7.27,6.95,7.26,95581078.0,794730395.0,6696671674.0,0.014272922826886674
2020-12-18,7.2,7.26,7.14,7.15,53866620.0,451807670.0,6696671674.0,0.008043789903742563
2020-12-21,7.14,7.28,7.08,7.2,54248409.0,454781262.0,6696671674.0,0.008100801658026754
2020-12-22,7.19,7.2,6.87,6.88,91917066.0,752428938.0,6696671674.0,0.013725783564523608
2020-12-23,6.89,7.03,6.86,6.95,67454071.0,545734364.0,6696671674.0,0.01007277559416451
2020-12-24,6.95,7.01,6.87,6.88,40052042.0,323172747.0,6696671674.0,0.005980887812598471
2020-12-25,6.87,7.02,6.78,6.98,56029976.0,452967145.0,6696671674.0,0.008366839338643078
2020-12-28,6.97,7.22,6.95,7.08,79907895.0,660270243.0,6696671674.0,0.011932479131423519
2020-12-29,7.14,7.23,7.06,7.08,61654263.0,513279918.0,6696671674.0,0.009206702374162117
2020-12-30,7.04,7.18,7.01,7.18,72296375.0,600116374.0,6696671674.0,0.010795866740890484
2020-12-31,7.21,7.53,7.2,7.44,148085135.0,1276884253.0,6696671674.0,0.022113244042550922
2021-01-04,7.45,7.61,7.32,7.5,131250061.0,1143678503.0,6696671674.0,0.01959929758981342
2021-01-05,7.43,7.62,7.34,7.51,135788694.0,1185033359.0,6696671674.0,0.020277042180103153
2021-01-06,7.54,7.65,7.36,7.45,112087539.0,977951478.0,6696671674.0,0.016737798186400976
2021-01-07,7.53,8.03,7.5,7.71,260768398.0,2352544121.0,6696671674.0,0.03894000045014003
2021-01-08,7.59,7.68,7.44,7.46,147597213.0,1295032713.0,6696671674.0,0.022040383668957518
2021-01-11,7.47,7.53,7.32,7.32,104998819.0,910324717.0,6696671674.0,0.01567925442838427
2021-01-12,7.29,7.93,7.25,7.81,223626997.0,1986754028.0,6696671674.0,0.03339375258133642
2021-01-13,7.74,7.93,7.65,7.74,179586822.0,1626973606.0,6696671674.0,0.026817325194133445
2021-01-14,7.68,7.71,7.46,7.49,132646226.0,1166047857.0,6696671674.0,0.01980778399439865
2021-01-15,7.51,7.63,7.44,7.5,89508815.0,784968107.0,6696671674.0,0.013366164470556363
2021-01-18,7.47,7.68,7.44,7.55,86176198.0,760031278.0,6696671674.0,0.012868511731668331
2021-01-19,7.55,7.69,7.44,7.5,91137310.0,801470519.0,6696671674.0,0.013609344228991089
2021-01-20,7.5,7.55,7.39,7.44,67978092.0,591560175.0,6696671674.0,0.010151026556061676
2021-01-21,7.45,7.84,7.4,7.63,166421755.0,1482956603.0,6696671674.0,0.024851413224592857
2021-01-22,7.59,7.9,7.56,7.61,160951698.0,1445199077.0,6696671674.0,0.024034581032977786
2021-01-25,7.64,8.31,7.64,7.94,329381329.0,3075888652.0,6696671674.0,0.0491858261886769
2021-01-26,7.83,7.87,7.39,7.4,212469907.0,1885171765.0,6696671674.0,0.03172768762502123
2021-01-27,7.38,7.46,7.2,7.2,124376949.0,1060842208.0,6696671674.0,0.01857295012429782
2021-01-28,7.08,7.23,7.01,7.14,105286869.0,872994803.0,6696671674.0,0.01572226833350349
2021-01-29,7.2,7.21,6.95,7.08,80726787.0,666095061.0,6696671674.0,0.012054762564129256
2021-02-01,7.19,7.44,7.14,7.24,155709435.0,1326961556.0,6696671674.0,0.023251764843802314
2021-02-02,7.16,7.34,7.14,7.29,97557039.0,821997369.0,6696671674.0,0.014567988957673961
2021-02-03,7.29,7.35,7.17,7.18,68363719.0,577835170.0,6696671674.0,0.010208611430873026
2021-02-04,7.12,7.18,6.93,7.02,77415827.0,635174039.0,6696671674.0,0.011560343819836493
2021-02-05,7.06,7.09,6.94,6.96,56454194.0,462163255.0,6696671674.0,0.00843018692691548
2021-02-08,6.96,7.1,6.9,7.03,54859362.0,448498022.0,6696671674.0,0.008192033993990312
2021-02-09,7.08,7.33,6.99,7.3,90814419.0,763751879.0,6696671674.0,0.0135611275900817
2021-02-10,7.27,7.32,7.21,7.27,66268655.0,561823768.0,6696671674.0,0.009895759897754843
2021-02-18,7.44,7.47,7.29,7.36,89530558.0,769595846.0,6696671674.0,0.013369411307352082
2021-02-19,7.34,7.71,7.29,7.71,134894694.0,1185622943.0,6696671674.0,0.020143543026565288
2021-02-22,7.81,7.91,7.54,7.55,191038782.0,1720562587.0,6696671674.0,0.028527422471929298
2021-02-23,7.51,7.76,7.5,7.63,120062780.0,1070330024.0,6696671674.0,0.017928724274499947
2021-02-24,7.62,7.78,7.42,7.56,127477901.0,1130884867.0,6696671674.0,0.01903600881239799
2021-02-25,7.59,8.02,7.52,7.77,227669106.0,2073084421.0,6696671674.0,0.03399735227933171
2021-02-26,7.61,7.84,7.57,7.78,150780066.0,1357067804.0,6696671674.0,0.022515672462397624
2021-03-01,7.85,7.86,7.12,7.35,243434130.0,2101785486.0,6696671674.0,0.03635151039958242
2021-03-02,7.27,7.37,7.11,7.12,125370766.0,1052150503.0,6696671674.0,0.01872135474205122
2021-03-03,7.08,7.26,7.05,7.21,75979342.0,636362902.0,6696671674.0,0.01134583651382996
2021-03-04,7.18,7.2,7.12,7.15,61536411.0,513174490.0,6696671674.0,0.009189103781049427
2021-03-05,7.14,7.5,7.12,7.44,148776296.0,1276425583.0,6696671674.0,0.022216453671699003
2021-03-08,7.48,7.65,7.36,7.38,123356852.0,1081201658.0,6696671674.0,0.01842062116901089
2021-03-09,7.34,7.5,7.12,7.21,128558143.0,1100206466.0,6696671674.0,0.01919731909496628
2021-03-10,7.28,7.29,7.1,7.2,78158069.0,654915063.0,6696671674.0,0.011671181268069437
2021-03-11,7.22,7.27,7.15,7.27,76178957.0,640862395.0,6696671674.0,0.0113756446050307
2021-03-12,7.23,7.56,7.12,7.35,123502849.0,1050199473.0,6696671674.0,0.018442422596213426
2021-03-15,7.31,7.47,7.25,7.31,80140079.0,685143410.0,6696671674.0,0.01196715068339783
2021-03-16,7.33,7.34,7.17,7.25,63451944.0,537118500.0,6696671674.0,0.009475146324756193
2021-03-17,7.2,7.32,7.17,7.2,60296657.0,508683468.0,6696671674.0,0.009003973904544748
2021-03-18,7.2,7.26,7.14,7.14,75047733.0,628664049.0,6696671674.0,0.011206721286840858
2021-03-19,7.1,7.25,7.07,7.12,64526086.0,537219562.0,6696671674.0,0.00963554570705985
2021-03-22,7.18,7.38,7.14,7.32,94651959.0,801920602.0,6696671674.0,0.014134179426399038
2021-03-23,7.28,7.5,7.25,7.41,116101734.0,998484719.0,6696671674.0,0.017337229545054147
2021-03-24,7.32,7.65,7.32,7.45,154195116.0,1350614388.0,6696671674.0,0.023025634749074902
2021-03-25,7.36,7.78,7.34,7.5,146538955.0,1296197329.0,6696671674.0,0.021882356211211797
2021-03-26,7.49,7.55,7.4,7.53,89214752.0,778757357.0,6696671674.0,0.013322252656700876
2021-03-29,7.46,7.56,7.42,7.44,69404133.0,605041098.0,6696671674.0,0.01036397428135283
2021-03-30,7.42,7.48,7.32,7.36,72225035.0,621700369.0,6696671674.0,0.010785213687631657
2021-03-31,7.32,7.43,7.23,7.25,61775513.0,526490935.0,6696671674.0,0.009224808383520581
2021-04-01,7.31,7.32,7.18,7.26,51371680.0,432975093.0,6696671674.0,0.007671225722391597
2021-04-02,7.26,7.31,7.21,7.31,52203344.0,442149850.0,6696671674.0,0.0077954163711923975
2021-04-06,7.38,7.42,7.26,7.27,56905914.0,486705419.0,6696671674.0,0.00849764133143016
2021-04-07,7.23,7.35,7.21,7.3,50358130.0,428183217.0,6696671674.0,0.007519874416946068
2021-04-08,7.25,7.62,7.24,7.47,138441483.0,1207940334.0,6696671674.0,0.020673177623072463
2021-04-09,7.42,7.58,7.4,7.43,77784166.0,676813388.0,6696671674.0,0.011615347113701128
2021-04-12,7.4,7.62,7.29,7.32,125054527.0,1089067802.0,6696671674.0,0.018674131432414018
2021-04-13,7.26,7.33,7.22,7.3,64813896.0,549495310.0,6696671674.0,0.009678523773480134
2021-04-14,7.26,7.41,7.26,7.37,49756177.0,426095671.0,6696671674.0,0.007429986032192625
2021-04-15,7.34,7.44,7.32,7.35,49509967.0,425041654.0,6696671674.0,0.007393220006921307
2021-04-16,7.34,7.5,7.32,7.44,64881076.0,562121769.0,6696671674.0,0.009688555622624063
2021-04-19,7.43,7.89,7.42,7.85,277374674.0,2518113890.0,6696671674.0,0.041419780975214045
2021-04-20,7.79,7.93,7.72,7.79,147781773.0,1348397348.0,6696671674.0,0.022067943628439564
2021-04-21,7.75,7.89,7.73,7.79,92511426.0,842484940.0,6696671674.0,0.013814538102439454
2021-04-22,7.82,7.98,7.79,7.83,131907761.0,1211781992.0,6696671674.0,0.019697510557690215
2021-04-23,7.76,7.89,7.68,7.86,95745949.0,871556030.0,6696671674.0,0.01429754266910473
2021-04-26,7.87,8.03,7.5,7.56,175155954.0,1589420042.0,6696671674.0,0.02615567292630569
2021-04-27,7.6,7.81,7.55,7.57,125005293.0,1114237744.0,6696671674.0,0.018666779421983054
2021-04-28,7.62,7.68,7.49,7.56,85418404.0,754718502.0,6696671674.0,0.012755351935744312
2021-04-29,7.53,7.98,7.5,7.95,212506941.0,1944409799.0,6696671674.0,0.03173321783492293
2021-04-30,8.01,8.15,7.78,7.8,198456959.0,1834552631.0,6696671674.0,0.02963516335592713
2021-05-06,7.94,8.02,7.67,7.8,147312378.0,1340541634.0,6696671674.0,0.021997849853076134
2021-05-07,7.75,7.96,7.71,7.72,134583126.0,1226386037.0,6696671674.0,0.020097017227606134
2021-05-10,7.66,7.7,6.95,6.96,291600650.0,2388841961.0,6696671674.0,0.043544116270795685
2021-05-11,6.78,7.02,6.74,6.95,146958786.0,1177646364.0,6696671674.0,0.021945048697933223
2021-05-12,6.87,6.93,6.83,6.9,83683598.0,671729359.0,6696671674.0,0.012496296977631997
2021-05-13,6.86,6.96,6.83,6.88,65618236.0,527748949.0,6696671674.0,0.009798634186407031
2021-05-14,6.89,7.49,6.89,7.36,221508774.0,1859349945.0,6696671674.0,0.0330774427630988
2021-05-17,7.26,7.47,7.22,7.36,141164542.0,1206501713.0,6696671674.0,0.021079806338434506
2021-05-18,7.32,7.44,7.25,7.29,81713769.0,696279964.0,6696671674.0,0.012202146525602533
2021-05-19,7.25,7.32,7.09,7.11,104303581.0,874578514.0,6696671674.0,0.015575435989338008
2021-05-20,7.14,7.26,7.09,7.18,105024882.0,877348241.0,6696671674.0,0.015683146361760845
2021-05-21,7.19,7.25,7.1,7.11,77369450.0,646039420.0,6696671674.0,0.011553418439250781
2021-05-24,7.12,7.33,7.11,7.26,115659568.0,979778733.0,6696671674.0,0.017271201819412954
2021-05-25,7.31,7.99,7.27,7.97,338742148.0,3054970717.0,6696671674.0,0.050583657746754274
2021-05-26,8.13,8.77,8.13,8.77,587404992.0,5942492240.0,6696671674.0,0.0877159610916293
2021-05-27,8.66,8.87,8.48,8.75,451618406.0,4573375473.0,6696671674.0,0.06743923369476514
2021-05-28,9.01,9.62,9.01,9.48,556337934.0,6128504612.0,6696671674.0,0.08307678218121345
2021-05-31,9.6,9.81,9.31,9.51,420560708.0,4677468651.0,6696671674.0,0.0628014524936078
2021-06-01,9.39,9.4,8.87,8.89,416552478.0,4401176712.0,6696671674.0,0.06220291187595111
2021-06-02,8.99,9.06,8.56,8.65,321668666.0,3282679697.0,6696671674.0,0.04803411032511671
2021-06-03,8.68,8.76,8.5,8.52,304602756.0,3060382246.0,6696671674.0,0.04548569361443059
2021-06-04,8.55,8.88,8.33,8.38,392964035.0,3911470838.0,6696671674.0,0.05868049892989274
2021-06-07,8.29,8.57,8.28,8.41,193837335.0,1902908104.0,6696671674.0,0.028945324548697592
2021-06-08,8.37,8.74,8.36,8.6,301375408.0,3023075197.0,6696671674.0,0.045003760475535594
2021-06-09,8.53,8.59,8.38,8.45,172769122.0,1704038509.0,6696671674.0,0.0257992522868906
2021-06-10,8.43,8.62,8.39,8.43,168329345.0,1664490093.0,6696671674.0,0.025136269656692745
2021-06-11,8.42,8.57,8.24,8.28,187999020.0,1840987772.0,6696671674.0,0.028073501158778776
2021-06-15,8.15,8.26,8.08,8.08,142167259.0,1350799717.0,6696671674.0,0.021229539974606793
2021-06-16,8.07,8.23,7.98,8.12,168642189.0,1593080875.0,6696671674.0,0.02518298599806791
2021-06-17,8.12,8.34,8.07,8.21,182002227.0,1738669469.0,6696671674.0,0.02717801257998482
2021-06-18,8.15,8.35,8.11,8.29,155982470.0,1499680664.0,6696671674.0,0.02329253659031933
2021-06-21,8.29,8.4,8.05,8.09,164308137.0,1565118924.0,6696671674.0,0.024535791061391074
2021-06-22,8.14,8.21,8.08,8.11,112439973.0,1065742539.0,6696671674.0,0.01679042641982152
2021-06-23,8.16,8.39,8.02,8.33,207087193.0,1991454283.0,6696671674.0,0.030923898181244476
2021-06-24,8.3,8.53,8.26,8.36,174638787.0,1712388959.0,6696671674.0,0.026078445457918983
2021-06-25,8.42,8.83,8.25,8.69,310989110.0,3120157341.0,6696671674.0,0.046439354524042624
2021-06-28,8.75,8.75,8.37,8.44,252954936.0,2506766485.0,6696671674.0,0.03777323248235449
2021-06-29,8.4,8.46,8.29,8.32,136155684.0,1325495684.0,6696671674.0,0.020331844030614186
2021-06-30,8.3,8.38,8.11,8.29,149920360.0,1437228587.0,6696671674.0,0.022387294360281938
2021-07-01,8.39,8.44,7.75,7.76,215322082.0,2022137235.0,6696671674.0,0.03215359696309937
2021-07-02,7.76,7.85,7.64,7.66,141044484.0,1274141044.0,6696671674.0,0.021061878327947425
2021-07-05,7.65,7.73,7.56,7.68,109220775.0,973186831.0,6696671674.0,0.016309710303411242
2021-07-06,7.68,7.77,7.59,7.77,101908253.0,912187214.0,6696671674.0,0.015217746659980571
2021-07-07,7.72,7.82,7.69,7.76,93284217.0,843117350.0,6696671674.0,0.013929937369063257
2021-07-08,7.85,7.88,7.63,7.65,112390703.0,1015238383.0,6696671674.0,0.016783069033585712
2021-07-09,7.57,7.75,7.53,7.71,99046861.0,885432761.0,6696671674.0,0.014790460966535359
2021-07-12,7.83,8.04,7.76,7.96,192215823.0,1776570045.0,6696671674.0,0.028703187547074
2021-07-13,7.89,7.95,7.77,7.83,106013914.0,967211433.0,6696671674.0,0.015830836445454202
2021-07-14,7.81,7.92,7.76,7.77,111281766.0,1015915542.0,6696671674.0,0.016617473786575847
2021-07-15,7.76,7.93,7.7,7.9,114802646.0,1050119894.0,6696671674.0,0.017143239446204928
2021-07-16,7.95,8.05,7.83,7.93,141584376.0,1311455684.0,6696671674.0,0.021142499273139666
2021-07-19,7.86,7.9,7.79,7.87,93501531.0,854777739.0,6696671674.0,0.01396238841498264
2021-07-20,7.79,7.87,7.77,7.8,71241903.0,648336534.0,6696671674.0,0.010638404638620483
2021-07-21,7.81,7.99,7.81,7.87,116103484.0,1068998174.0,6696671674.0,0.017337490868900556
2021-07-22,7.85,8.27,7.81,8.19,223275539.0,2104733207.0,6696671674.0,0.033341270091958225
2021-07-23,8.19,8.77,8.08,8.34,311176583.0,3053955593.0,6696671674.0,0.046467349475733014
2021-07-26,8.32,8.65,8.08,8.13,290250274.0,2833835616.0,6696671674.0,0.04334246744198378
2021-07-27,8.23,8.29,7.79,7.8,204961866.0,1917093615.0,6696671674.0,0.030606527537518333
2021-07-28,7.74,7.87,7.63,7.74,139255377.0,1257175710.0,6696671674.0,0.02079471471487285
2021-07-29,7.85,7.92,7.72,7.81,138128019.0,1257149896.0,6696671674.0,0.020626368698391708
2021-07-30,7.76,7.77,7.6,7.62,125148219.0,1118889350.0,6696671674.0,0.018688122263167115
2021-08-02,7.58,8.34,7.48,8.19,257453278.0,2393153050.0,6696671674.0,0.03844496050173237
2021-08-03,8.06,8.61,8.04,8.33,285383355.0,2765284936.0,6696671674.0,0.042615700588698145
2021-08-04,8.31,8.39,8.16,8.35,157026002.0,1517913015.0,6696671674.0,0.023448365045229482
2021-08-05,8.28,8.39,8.08,8.13,138978674.0,1327426783.0,6696671674.0,0.02075339523357376
2021-08-06,8.18,8.31,8.1,8.18,123796033.0,1183940884.0,6696671674.0,0.01848620315083406
2021-08-09,8.15,8.73,8.11,8.52,287230879.0,2853447807.0,6696671674.0,0.04289158749042174
2021-08-10,8.47,8.65,8.37,8.64,201346000.0,2001745971.0,6696671674.0,0.03006657781681772
2021-08-11,8.58,8.71,8.47,8.54,184339362.0,1843563528.0,6696671674.0,0.02752701207014558
2021-08-12,8.49,8.6,8.38,8.46,118850560.0,1173772131.0,6696671674.0,0.01774770599273074
2021-08-13,8.47,8.56,8.36,8.48,121476052.0,1196937170.0,6696671674.0,0.018139765231679775
2021-08-16,8.65,9.07,8.56,8.64,285073148.0,2927475025.0,6696671674.0,0.04256937802502754
2021-08-17,8.57,9.01,8.37,8.39,338981245.0,3446093324.0,6696671674.0,0.050619361602585865
2021-08-18,8.41,9.23,8.41,9.23,362988839.0,3766439922.0,6696671674.0,0.054204365492385345
2021-08-19,9.61,10.12,9.31,9.43,683434151.0,7739527737.0,6696671674.0,0.10205579491875802
2021-08-20,9.43,9.89,9.35,9.7,425088536.0,4757144283.0,6696671674.0,0.06347758359580584
2021-08-23,9.93,10.45,9.74,9.99,441596536.0,5169403869.0,6696671674.0,0.06594268877097707
2021-08-24,9.94,10.27,9.74,10.06,381028314.0,4429483236.0,6696671674.0,0.05689816263194629
2021-08-25,9.46,9.57,9.06,9.06,396196999.0,4190873558.0,6696671674.0,0.05916327069434284
2021-08-26,8.86,8.96,8.68,8.73,362354197.0,3654534316.0,6696671674.0,0.05410959572750886
2021-08-27,8.73,8.82,8.53,8.61,239424696.0,2381498961.0,6696671674.0,0.0357527899911194
2021-08-30,8.68,8.84,8.28,8.5,256612906.0,2515069524.0,6696671674.0,0.03831946950547183
2021-08-31,8.5,8.74,8.4,8.66,246777857.0,2431184945.0,6696671674.0,0.03685082217157538
2021-09-01,8.62,9.49,8.57,9.14,413248268.0,4297548802.0,6696671674.0,0.061709501095065934
2021-09-02,9.13,9.55,9.08,9.31,328864421.0,3524468234.0,6696671674.0,0.049108637396219464
2021-09-03,9.58,9.76,9.16,9.17,291385185.0,3152307724.0,6696671674.0,0.04351194133218603
2021-09-06,9.19,9.61,9.19,9.47,235682518.0,2557995345.0,6696671674.0,0.03519397836316859
2021-09-07,9.4,10.19,9.29,10.03,318113391.0,3552454718.0,6696671674.0,0.04750320853194631
2021-09-08,10.01,10.2,9.83,9.89,231017023.0,2646081344.0,6696671674.0,0.03449728973527694
2021-09-09,9.75,9.94,9.66,9.79,161949023.0,1817092787.0,6696671674.0,0.024183509493047307
2021-09-10,9.83,10.17,9.69,9.76,240773296.0,2736798333.0,6696671674.0,0.03595417361355918
2021-09-13,9.66,10.16,9.62,9.92,201455288.0,2298500806.0,6696671674.0,0.030082897565690034
2021-09-14,9.89,9.95,9.44,9.56,207790496.0,2303898428.0,6696671674.0,0.03102892094990291
2021-09-15,9.64,9.69,9.44,9.56,130180449.0,1429568965.0,6696671674.0,0.019439574662952187
2021-09-16,9.58,9.69,9.18,9.22,164707467.0,1777768827.0,6696671674.0,0.024595422176583778
2021-09-17,9.26,9.35,9.15,9.28,107905960.0,1147296977.0,6696671674.0,0.01611337172448631
2021-09-22,9.1,9.22,9.02,9.17,101680168.0,1064768675.0,6696671674.0,0.015183687203118508
2021-09-23,9.21,9.38,9.13,9.22,127700083.0,1356460361.0,6696671674.0,0.019069186786594132
2021-09-24,9.28,9.3,8.91,8.94,130130292.0,1355686945.0,6696671674.0,0.019432084822858228
2021-09-27,8.89,9.15,8.67,8.77,161590035.0,1652071970.0,6696671674.0,0.024129902564489977
2021-09-28,8.8,8.9,8.74,8.78,137331360.0,1388864538.0,6696671674.0,0.020507405273158686
2021-09-29,8.69,8.71,8.46,8.55,133116115.0,1312431399.0,6696671674.0,0.01987795153775072
2021-09-30,8.65,8.66,8.48,8.57,86541895.0,850538222.0,6696671674.0,0.012923120501188842
2021-10-08,8.72,8.75,8.49,8.6,90905037.0,899388541.0,6696671674.0,0.013574659386832588
2021-10-11,8.61,8.68,8.46,8.47,89149081.0,877666122.0,6696671674.0,0.013312446143376507
2021-10-12,8.45,8.45,8.08,8.21,123612800.0,1170746281.0,6696671674.0,0.01845884134949155
2021-10-13,8.21,8.28,8.1,8.21,69619541.0,655223648.0,6696671674.0,0.010396140708271492
2021-10-14,8.21,8.27,8.11,8.23,54501566.0,513026885.0,6696671674.0,0.008138605064304366
2021-10-15,8.17,8.23,8.08,8.14,78568569.0,735316894.0,6696671674.0,0.011732480376041802
2021-10-18,8.15,8.21,8.09,8.17,57000426.0,532961584.0,6696671674.0,0.00851175461107129
2021-10-19,8.17,8.34,8.13,8.18,109571518.0,1034499443.0,6696671674.0,0.01636208602333219
2021-10-20,8.18,8.24,8.1,8.14,74041376.0,693598892.0,6696671674.0,0.011056444097068033
2021-10-21,8.13,8.24,8.07,8.21,98576117.0,924249471.0,6696671674.0,0.014720165747818325
2021-10-22,8.18,8.27,8.14,8.21,72232955.0,680858844.0,6696671674.0,0.010786396364696556
2021-10-25,8.22,8.64,8.14,8.54,160022271.0,1540128944.0,6696671674.0,0.02389579163949318
2021-10-26,8.43,8.54,8.39,8.4,91396676.0,885902229.0,6696671674.0,0.013648074812275767
2021-10-27,8.37,8.41,8.13,8.14,92370607.0,871748736.0,6696671674.0,0.01379350989516647
2021-10-28,8.11,8.18,7.95,7.97,89929502.0,834722433.0,6696671674.0,0.013428984781970662
2021-10-29,7.92,8.01,7.59,7.95,116357608.0,1042808481.0,6696671674.0,0.0173754386752693
2021-11-01,7.75,7.87,7.68,7.77,102531994.0,916536711.0,6696671674.0,0.015310888601285785
2021-11-02,7.74,7.8,7.42,7.49,127145766.0,1108320530.0,6696671674.0,0.018986411786267903
2021-11-03,7.47,7.56,7.41,7.47,72592693.0,622640724.0,6696671674.0,0.01084011528918806
2021-11-04,7.5,7.58,7.47,7.48,66195505.0,570171378.0,6696671674.0,0.009884836560974872
2021-11-05,7.47,7.48,7.31,7.32,101730354.0,860634669.0,6696671674.0,0.015191181373721921
2021-11-08,7.29,7.44,7.26,7.33,73624749.0,620273602.0,6696671674.0,0.010994230056977406
2021-11-09,7.34,7.51,7.34,7.46,89605174.0,765983064.0,6696671674.0,0.01338055355885139
2021-11-10,7.41,7.46,7.36,7.43,64169526.0,544947514.0,6696671674.0,0.009582301346673427
2021-11-11,7.42,7.86,7.4,7.74,197276782.0,1738383788.0,6696671674.0,0.02945892998844966
2021-11-12,7.71,7.74,7.61,7.7,85015562.0,749593056.0,6696671674.0,0.012695196380923842
2021-11-15,7.7,7.74,7.55,7.59,75994631.0,663609022.0,6696671674.0,0.011348119588280116
2021-11-16,7.56,7.62,7.47,7.49,69042832.0,597892864.0,6696671674.0,0.010310021957334502
2021-11-17,7.48,7.52,7.4,7.48,59502526.0,509944519.0,6696671674.0,0.008885387980273855
2021-11-18,7.48,7.49,7.37,7.37,59910011.0,510401493.0,6696671674.0,0.008946236864590833
2021-11-19,7.4,7.66,7.33,7.6,143917247.0,1242134902.0,6696671674.0,0.02149086202908266
2021-11-22,7.57,7.8,7.51,7.71,155649438.0,1373155166.0,6696671674.0,0.023242805617051967
2021-11-23,7.67,7.88,7.67,7.74,131854003.0,1179223681.0,6696671674.0,0.0196894829877843
2021-11-24,7.71,7.77,7.67,7.68,76179389.0,674143454.0,6696671674.0,0.011375709114688784
2021-11-25,7.69,7.77,7.64,7.68,67345473.0,594903326.0,6696671674.0,0.010056558881551641
2021-11-26,7.67,7.7,7.61,7.61,51529797.0,452506185.0,6696671674.0,0.00769483700389042
2021-11-29,7.45,7.57,7.43,7.49,65955062.0,567519176.0,6696671674.0,0.009848931709773412
2021-11-30,7.53,7.59,7.43,7.46,59157261.0,509875573.0,6696671674.0,0.008833830278656125
2021-12-01,7.45,7.69,7.43,7.67,106204175.0,925828531.0,6696671674.0,0.015859247723363896
2021-12-02,7.65,7.94,7.62,7.82,165438325.0,1488292332.0,6696671674.0,0.02470455967586384
2021-12-03,7.81,7.97,7.8,7.93,131270984.0,1191388679.0,6696671674.0,0.019602421977721107
2021-12-06,8.1,8.72,8.0,8.45,445702796.0,4363242140.0,6696671674.0,0.06655586800387013
2021-12-07,8.67,8.87,8.45,8.55,444492716.0,4417889850.0,6696671674.0,0.06637516928383311
2021-12-08,8.52,8.69,8.29,8.63,264070538.0,2588314243.0,6696671674.0,0.039433102122246884
2021-12-09,8.58,9.21,8.54,8.95,405696614.0,4125616596.0,6696671674.0,0.06058182836932674
2021-12-10,8.77,8.93,8.7,8.72,196203760.0,1978118396.0,6696671674.0,0.029298697853407708
2021-12-13,8.95,9.19,8.72,8.76,283866215.0,2913415937.0,6696671674.0,0.04238914923993032
2021-12-14,8.67,8.88,8.58,8.69,149630979.0,1498606586.0,6696671674.0,0.022344081699711534
2021-12-15,8.65,8.88,8.63,8.7,144927868.0,1454239928.0,6696671674.0,0.02164177595307325
2021-12-16,8.71,8.84,8.65,8.81,119051629.0,1195833680.0,6696671674.0,0.017777731206715868
2021-12-17,8.8,8.83,8.64,8.64,124744198.0,1250453974.0,6696671674.0,0.01862779065073812
2021-12-20,8.56,8.75,8.4,8.45,132133021.0,1296424005.0,6696671674.0,0.019731148163200214
2021-12-21,8.41,8.78,8.41,8.71,128653166.0,1274141100.0,6696671674.0,0.019211508681170563
2021-12-22,8.68,8.74,8.53,8.58,74338895.0,734180211.0,6696671674.0,0.011100871988188203
2021-12-23,8.6,8.61,8.46,8.53,73635186.0,721018949.0,6696671674.0,0.0109957885923974
2021-12-24,8.55,8.62,8.38,8.41,70925233.0,690431148.0,6696671674.0,0.010591116968653105
2021-12-27,8.4,8.49,8.34,8.45,52221986.0,505228296.0,6696671674.0,0.007798200142132278
2021-12-28,8.45,8.56,8.36,8.55,80807146.0,784966500.0,6696671674.0,0.012066762405828529
2021-12-29,8.55,8.55,8.42,8.44,62484193.0,607864349.0,6696671674.0,0.009330634088363102
2021-12-30,8.42,8.67,8.41,8.61,107306028.0,1058353516.0,6696671674.0,0.016023785131443494
2021-12-31,8.62,8.74,8.55,8.61,87286438.0,864262043.0,6696671674.0,0.013034301552947838
2022-01-04,8.61,8.64,8.49,8.59,68917504.0,677948834.0,6696671674.0,0.010291306988749947
2022-01-05,8.57,8.67,8.42,8.44,88995039.0,873475918.0,6696671674.0,0.013289443373120042
2022-01-06,8.4,8.48,8.11,8.29,130887424.0,1240850627.0,6696671674.0,0.019545145763704346
2022-01-07,8.34,8.59,8.31,8.33,101085037.0,978023645.0,6696671674.0,0.01509481753338233
2022-01-10,8.37,8.45,8.2,8.22,74618696.0,710769676.0,6696671674.0,0.011142654087359398
2022-01-11,8.21,8.38,8.2,8.24,54230156.0,515679543.0,6696671674.0,0.008098075975644733
2022-01-12,8.29,8.36,8.23,8.33,54982595.0,524195239.0,6696671674.0,0.008210436120598736
2022-01-13,8.37,8.48,8.26,8.26,69042561.0,662429812.0,6696671674.0,0.010309981489470287
2022-01-14,8.2,8.22,7.88,7.94,123378581.0,1134189440.0,6696671674.0,0.018423865915215838
2022-01-17,7.9,8.02,7.87,7.94,57160881.0,521068236.0,6696671674.0,0.008535715021228917
2022-01-18,7.94,8.07,7.91,8.0,64032935.0,586691634.0,6696671674.0,0.009561904497813372
2022-01-19,7.99,8.16,7.98,8.04,73713665.0,682480478.0,6696671674.0,0.01100750769762167
2022-01-20,8.06,8.26,7.97,8.16,108163824.0,1010112972.0,6696671674.0,0.01615187801724681
2022-01-21,8.13,8.18,8.0,8.03,54421644.0,504296566.0,6696671674.0,0.008126670478902741
2022-01-24,7.94,8.03,7.87,7.9,54313685.0,494686992.0,6696671674.0,0.008110549186825789
2022-01-25,7.89,7.94,7.58,7.59,75822805.0,673716518.0,6696671674.0,0.01132246117043247
2022-01-26,7.62,7.82,7.58,7.78,66107940.0,585184177.0,6696671674.0,0.009871760662340036
2022-01-27,7.75,7.8,7.61,7.63,55558890.0,491752999.0,6696671674.0,0.00829649304978006
2022-01-28,7.67,7.73,7.51,7.52,60831547.0,532190870.0,6696671674.0,0.009083847911519994
2022-02-07,7.65,7.67,7.52,7.57,46775306.0,406986973.0,6696671674.0,0.0069848587891215164
2022-02-08,7.57,7.77,7.55,7.77,63734099.0,561356583.0,6696671674.0,0.009517279941832789
2022-02-09,7.73,7.79,7.7,7.77,44907839.0,399718930.0,6696671674.0,0.006705993840844227
2022-02-10,7.74,7.81,7.72,7.76,39170244.0,349052602.0,6696671674.0,0.005849210758245694
2022-02-11,7.74,7.9,7.72,7.75,71037592.0,635738778.0,6696671674.0,0.01060789530354389
2022-02-14,7.67,7.67,7.31,7.4,156251579.0,1334438003.0,6696671674.0,0.02333272207545291
2022-02-15,7.39,7.44,7.33,7.4,56064966.0,475514773.0,6696671674.0,0.008372064322292172
2022-02-16,7.43,7.5,7.42,7.45,41736538.0,357491510.0,6696671674.0,0.006232430083446257
2022-02-17,7.43,7.48,7.32,7.34,67619318.0,572921776.0,6696671674.0,0.010097451583677567
2022-02-18,7.31,7.4,7.28,7.38,53987598.0,454701026.0,6696671674.0,0.008061855295908898
2022-02-21,7.37,7.43,7.34,7.42,50471013.0,427657890.0,6696671674.0,0.007536730999662863
2022-02-22,7.37,7.41,7.27,7.31,62142033.0,522534024.0,6696671674.0,0.009279540049912861
2022-02-23,7.32,7.39,7.29,7.39,56419406.0,476257457.0,6696671674.0,0.008424992107504657
2022-02-24,7.36,7.36,7.06,7.17,102726165.0,851487436.0,6696671674.0,0.01533988375133232
2022-02-25,7.22,7.26,7.12,7.15,55537086.0,458008873.0,6696671674.0,0.008293237103981693
2022-02-28,7.15,7.17,7.02,7.13,63446349.0,515482177.0,6696671674.0,0.009474310835087239
2022-03-01,7.13,7.18,7.1,7.17,48915377.0,400986324.0,6696671674.0,0.007304431123585648
2022-03-02,7.11,7.21,7.1,7.19,37810111.0,311273691.0,6696671674.0,0.005646104936994108
2022-03-03,7.19,7.26,7.16,7.22,50235738.0,415855149.0,6696671674.0,0.007501597875111832
2022-03-04,7.17,7.18,7.08,7.1,48812456.0,399311461.0,6696671674.0,0.007289062145530535
2022-03-07,7.08,7.1,6.99,7.01,47988622.0,388050929.0,6696671674.0,0.0071660407342825335
2022-03-08,7.01,7.1,6.83,6.88,68313817.0,547153014.0,6696671674.0,0.010201159669396687
2022-03-09,6.9,6.93,6.39,6.67,86521539.0,664602321.0,6696671674.0,0.012920080782207391
2022-03-10,6.84,6.86,6.65,6.67,55491471.0,429262367.0,6696671674.0,0.008286425511265105
2022-03-11,6.59,6.88,6.47,6.83,84463792.0,646206193.0,6696671674.0,0.012612801718790074
2022-03-14,6.75,6.87,6.71,6.72,55452569.0,431926195.0,6696671674.0,0.00828061635682335
2022-03-15,6.69,6.79,6.43,6.46,72596948.0,552535905.0,6696671674.0,0.010840750679454619
2022-03-16,6.55,6.91,6.37,6.81,118471915.0,908273862.0,6696671674.0,0.017691163725402616
2022-03-17,6.91,6.93,6.77,6.78,99790972.0,782095755.0,6696671674.0,0.01490157750863627
2022-03-18,6.77,6.86,6.73,6.81,58316036.0,455424640.0,6696671674.0,0.008708211905686448
2022-03-21,6.79,6.79,6.64,6.71,62056393.0,478886403.0,6696671674.0,0.009266751607509076
2022-03-22,6.66,6.77,6.65,6.69,41778499.0,321404029.0,6696671674.0,0.0062386960319715384
2022-03-23,6.71,6.74,6.65,6.7,38077650.0,293058556.0,6696671674.0,0.005686055977305481
2022-03-24,6.65,6.68,6.59,6.63,33452872.0,254903010.0,6696671674.0,0.0049954475340162835
2022-03-25,6.64,6.72,6.55,6.55,44625755.0,339232262.0,6696671674.0,0.0066638708260494004
2022-03-28,6.49,6.6,6.46,6.58,37206403.0,279224551.0,6696671674.0,0.005555954481754693
2022-03-29,6.58,6.6,6.46,6.48,29383981.0,220312477.0,6696671674.0,0.004387848535875525
2022-03-30,6.53,6.76,6.52,6.73,82005702.0,628260286.0,6696671674.0,0.01224574027100496
2022-03-31,6.68,6.76,6.66,6.69,59247932.0,456502301.0,6696671674.0,0.008847369989786361
2022-04-01,6.65,6.86,6.63,6.8,78007726.0,606857663.0,6696671674.0,0.011648730861760328
2022-04-06,6.78,6.83,6.74,6.78,55169937.0,429091925.0,6696671674.0,0.008238411510332617
2022-04-07,6.76,6.81,6.62,6.62,56251770.0,433876900.0,6696671674.0,0.008399959373609272
2022-04-08,6.63,6.73,6.53,6.68,55397018.0,421977477.0,6696671674.0,0.008272321041970798
2022-04-11,6.68,6.68,6.42,6.47,61905318.0,464518488.0,6696671674.0,0.009244191893168212
2022-04-12,6.46,6.7,6.4,6.62,71000267.0,534752820.0,6696671674.0,0.010602321639219729
2022-04-13,6.58,6.63,6.51,6.51,55607757.0,418928413.0,6696671674.0,0.008303790256867236
2022-04-14,6.57,6.73,6.55,6.71,88567211.0,678190731.0,6696671674.0,0.013225556711084474
2022-04-15,6.62,6.75,6.6,6.64,61413081.0,470364925.0,6696671674.0,0.009170687169633516
2022-04-18,6.55,6.56,6.34,6.4,90331249.0,665831101.0,6696671674.0,0.013488976822727235
2022-04-19,6.13,6.18,5.84,5.9,176577711.0,1211366262.0,6696671674.0,0.02636798093082083
2022-04-20,5.87,5.95,5.82,5.83,59730351.0,403266940.0,6696671674.0,0.008919408611878737
2022-04-21,5.82,5.97,5.8,5.87,73978389.0,500603550.0,6696671674.0,0.011047038379860102
2022-04-22,5.84,5.98,5.82,5.91,55249306.0,374776191.0,6696671674.0,0.008250263517398777
2022-04-25,5.84,5.93,5.66,5.67,68666376.0,458144156.0,6696671674.0,0.010253806568806258
2022-04-26,5.68,5.72,5.4,5.43,70167372.0,446162824.0,6696671674.0,0.010477947167758968
2022-04-27,5.32,5.55,5.28,5.51,60485391.0,377839807.0,6696671674.0,0.009032157158732462
2022-04-28,5.44,5.51,5.32,5.41,48709773.0,303719688.0,6696671674.0,0.007273728707518534
2022-04-29,5.56,5.7,5.47,5.67,79673563.0,511791036.0,6696671674.0,0.011897486823093726
2022-05-05,5.51,5.55,5.44,5.48,67887409.0,428010969.0,6696671674.0,0.010137485052996493
2022-05-06,5.39,5.43,5.31,5.33,43917777.0,270629797.0,6696671674.0,0.006558149949401267
2022-05-09,5.32,5.37,5.3,5.34,20541871.0,125854774.0,6696671674.0,0.0030674747098255305
2022-05-10,5.3,5.41,5.25,5.37,44920627.0,275268021.0,6696671674.0,0.006707903446185885
2022-05-11,5.37,5.52,5.36,5.42,59749837.0,373374801.0,6696671674.0,0.008922318415576544
2022-05-12,5.38,5.45,5.33,5.37,41519534.0,256188149.0,6696671674.0,0.006200025329179667
2022-05-13,5.39,5.43,5.36,5.41,36515188.0,226068606.0,6696671674.0,0.005452736788899351
2022-05-16,5.45,5.46,5.33,5.34,39502742.0,243707173.0,6696671674.0,0.005898861990407923
2022-05-17,5.34,5.39,5.31,5.37,29242669.0,179561566.0,6696671674.0,0.004366746709941808
2022-05-18,5.37,5.42,5.34,5.37,39233917.0,242456803.0,6696671674.0,0.005858718914401417
2022-05-19,5.33,5.38,5.3,5.37,33040816.0,202541655.0,6696671674.0,0.004933916071812482
2022-05-20,5.4,5.47,5.37,5.44,53327043.0,332762788.0,6696671674.0,0.007963215996842674
2022-05-23,5.44,5.51,5.4,5.5,57281328.0,359169180.0,6696671674.0,0.008553701120273855
2022-05-24,5.5,5.57,5.31,5.31,75605718.0,472817679.0,6696671674.0,0.011290044021949164
2022-05-25,5.31,5.35,5.3,5.33,40672195.0,248634948.0,6696671674.0,0.006073493965354587
2022-05-26,5.35,5.5,5.3,5.44,69473074.0,431482342.0,6696671674.0,0.010374269096950205
2022-05-27,5.44,5.49,5.38,5.43,47543451.0,297121227.0,6696671674.0,0.007099564278265078
2022-05-30,5.44,5.46,5.34,5.36,58315834.0,360062637.0,6696671674.0,0.008708181741448178
2022-05-31,5.36,5.4,5.32,5.39,82263130.0,507168822.0,6696671674.0,0.012284181456795726
2022-06-01,5.39,5.4,5.34,5.36,46787970.0,288407805.0,6696671674.0,0.006986749877802057
2022-06-02,5.35,5.44,5.33,5.44,69779518.0,432104512.0,6696671674.0,0.010420029739687071
2022-06-06,5.43,5.52,5.39,5.52,95322563.0,599304464.0,6696671674.0,0.014234319321655309
2022-06-07,5.51,5.63,5.49,5.52,103155106.0,657446617.0,6696671674.0,0.015403936615334204
2022-06-08,5.53,5.78,5.5,5.74,197731495.0,1283527197.0,6696671674.0,0.029526831331405663
2022-06-09,5.73,6.11,5.7,5.88,206404881.0,1400384486.0,6696671674.0,0.03082200995479176
2022-06-10,5.83,6.1,5.75,6.05,176162571.0,1199326456.0,6696671674.0,0.026305988941335696
2022-06-13,5.95,6.07,5.89,5.94,131288387.0,898281820.0,6696671674.0,0.01960502073137773
2022-06-14,5.84,6.47,5.79,6.33,199345754.0,1393379125.0,6696671674.0,0.029767885257681814
2022-06-15,6.44,6.97,6.44,6.83,514584564.0,4008429214.0,6696671674.0,0.07684183861034845
2022-06-16,6.75,6.75,6.26,6.26,365428694.0,2722552674.0,6696671674.0,0.054568703945690855
2022-06-17,6.18,6.4,6.1,6.26,182025713.0,1301699403.0,6696671674.0,0.027181519695331564
2022-06-20,6.2,6.38,6.18,6.26,108528935.0,783653145.0,6696671674.0,0.016206399280610753
2022-06-21,6.26,6.33,6.13,6.2,85557693.0,611770813.0,6696671674.0,0.012776151671311577
2022-06-22,6.21,6.24,6.09,6.09,92333369.0,651321006.0,6696671674.0,0.013787949222370671
2022-06-23,6.08,6.32,6.05,6.23,144485619.0,1027703292.0,6696671674.0,0.021575735833215346
2022-06-24,6.24,6.27,6.14,6.21,100048747.0,711501227.0,6696671674.0,0.014940070511212582
2022-06-27,6.25,6.29,6.17,6.2,90619844.0,647364534.0,6696671674.0,0.013532072111558623
2022-06-28,6.18,6.28,6.11,6.25,101534715.0,720032490.0,6696671674.0,0.015161967010300228
2022-06-29,6.21,6.29,6.11,6.12,93075953.0,662978052.0,6696671674.0,0.0138988377407496
2022-06-30,6.11,6.23,6.11,6.14,69211507.0,490120495.0,6696671674.0,0.010335209842930699
2022-07-01,6.15,6.17,6.02,6.06,87924072.0,613397036.0,6696671674.0,0.01312951810693773
2022-07-04,6.05,6.14,5.98,6.08,68318029.0,474332999.0,6696671674.0,0.01020178863856302
2022-07-05,6.07,6.1,5.92,5.98,74511443.0,512388689.0,6696671674.0,0.011126638220788484
2022-07-06,5.95,6.01,5.92,5.95,53172217.0,364335764.0,6696671674.0,0.007940096153503015
2022-07-07,5.94,5.98,5.91,5.91,41074985.0,280312474.0,6696671674.0,0.006133641755123621
2022-07-08,5.96,5.98,5.89,5.9,38662837.0,263249884.0,6696671674.0,0.0057734407302823965
2022-07-11,5.86,5.88,5.81,5.84,46360952.0,310727441.0,6696671674.0,0.006922984171375399
2022-07-12,5.84,5.99,5.84,5.88,66194861.0,449511536.0,6696671674.0,0.009884740393799394
2022-07-13,5.87,5.92,5.83,5.84,45905116.0,309227728.0,6696671674.0,0.006854915133173961
2022-07-14,5.84,5.84,5.78,5.78,44225392.0,294298938.0,6696671674.0,0.006604085455123359
2022-07-15,5.77,5.8,5.6,5.62,58685015.0,384633169.0,6696671674.0,0.008763310769414914
2022-07-18,5.62,5.78,5.62,5.76,40382653.0,265426065.0,6696671674.0,0.006030257262990313
2022-07-19,5.76,5.81,5.72,5.78,35131242.0,232553735.0,6696671674.0,0.005246075022073719
2022-07-20,5.8,5.81,5.75,5.78,25842907.0,171396470.0,6696671674.0,0.003859067348386774
2022-07-21,5.76,5.78,5.71,5.71,27183001.0,179235320.0,6696671674.0,0.004059180787605088
2022-07-22,5.73,5.79,5.66,5.73,33607496.0,221039587.0,6696671674.0,0.005018537213117669
2022-07-25,5.73,5.75,5.62,5.63,38538557.0,250444686.0,6696671674.0,0.005754882257349862
2022-07-26,5.63,5.68,5.61,5.64,28501917.0,184559988.0,6696671674.0,0.004256131760298093
2022-07-27,5.63,5.66,5.61,5.64,19553419.0,126435800.0,6696671674.0,0.0029198712363212686
2022-07-28,5.66,5.75,5.65,5.68,45869192.0,300722733.0,6696671674.0,0.006849550677254839
2022-07-29,5.68,5.71,5.62,5.63,30321555.0,196898713.0,6696671674.0,0.004527854503861107
2022-08-01,5.63,5.64,5.54,5.56,34262536.0,219138159.0,6696671674.0,0.00511635296874792
2022-08-02,5.51,5.51,5.33,5.4,56491083.0,350187024.0,6696671674.0,0.008435695484269907
2022-08-03,5.39,5.46,5.37,5.37,32694808.0,203186831.0,6696671674.0,0.004882247419555961
2022-08-04,5.4,5.43,5.37,5.41,26001668.0,161225025.0,6696671674.0,0.003882774797061075
2022-08-05,5.41,5.54,5.39,5.54,49721315.0,312974089.0,6696671674.0,0.007424780162516296
2022-08-08,5.54,5.58,5.51,5.53,29836599.0,189767137.0,6696671674.0,0.0044554370368553925
2022-08-09,5.53,5.55,5.49,5.51,21443357.0,135785576.0,6696671674.0,0.0032020917321143854
2022-08-10,5.49,5.57,5.47,5.5,31320071.0,198474263.0,6696671674.0,0.0046769608134741
2022-08-11,5.54,5.88,5.51,5.87,147069972.0,969166308.0,6696671674.0,0.021961651871182958
2022-08-12,5.66,5.72,5.61,5.68,206721704.0,1347015539.0,6696671674.0,0.03086932047192971
2022-08-15,5.64,5.66,5.56,5.57,140021537.0,902977976.0,6696671674.0,0.020909123788110624
2022-08-16,5.56,5.58,5.46,5.5,129984528.0,822292163.0,6696671674.0,0.019410318189059243
2022-08-25,5.59,5.69,5.56,5.66,151450891.0,937341218.0,6696671674.0,0.022615845359122498
2022-08-26,5.64,5.77,5.6,5.72,115107732.0,722456367.0,6696671674.0,0.01718879730163698
2022-08-29,5.65,5.69,5.59,5.65,64586436.0,400837783.0,6696671674.0,0.009644557646563218
2022-08-30,5.62,5.67,5.52,5.61,66135314.0,407593731.0,6696671674.0,0.00987584836460955
2022-08-31,5.58,5.71,5.56,5.64,79828168.0,496571811.0,6696671674.0,0.011920573664964778
2022-09-01,5.62,5.68,5.58,5.59,47391268.0,293924771.0,6696671674.0,0.007076839108597457
2022-09-02,5.56,5.6,5.5,5.53,80970566.0,494211835.0,8635987294.0,0.009375947791893545
2022-09-05,5.53,5.58,5.52,5.58,60130602.0,367921853.0,8635987294.0,0.0069627941719850334
2022-09-06,5.6,5.67,5.59,5.67,86891434.0,539411485.0,8635987294.0,0.010061551857581971
2022-09-07,5.65,5.65,5.6,5.64,45264668.0,280346319.0,8635987294.0,0.005241400486016046
2022-09-08,5.65,5.67,5.61,5.62,47294103.0,293429010.0,8635987294.0,0.00547639793690507
2022-09-09,5.6,5.72,5.6,5.69,106115513.0,664508370.0,8635987294.0,0.012287594850182975
2022-09-13,5.7,5.79,5.67,5.75,92531465.0,584205133.0,8635987294.0,0.010714636537768857
2022-09-14,5.67,5.7,5.65,5.67,69169602.0,431800188.0,8635987294.0,0.008009460834669913
2022-09-15,5.67,5.75,5.6,5.63,79320717.0,495156215.0,8635987294.0,0.009184904319522265
2022-09-16,5.62,5.62,5.28,5.31,163785183.0,972681738.0,8635987294.0,0.018965426583454164
2022-09-19,5.3,5.33,5.18,5.2,64800462.0,374200791.0,8635987294.0,0.00750353836729487
2022-09-20,5.23,5.26,5.18,5.21,41079056.0,235834542.0,8635987294.0,0.004756729555234568
2022-09-21,5.18,5.24,5.1,5.22,52234152.0,297922822.0,8635987294.0,0.006048428537671723
2022-09-22,5.18,5.25,5.16,5.21,31989714.0,183612864.0,8635987294.0,0.0037042335648438717
2022-09-23,5.21,5.28,5.18,5.19,41034602.0,235901741.0,8635987294.0,0.004751582025660169
2022-09-26,5.16,5.18,5.02,5.06,48357245.0,271325204.0,8635987294.0,0.005599503954064062
2022-09-27,5.08,5.1,5.02,5.1,31320900.0,174700025.0,8635987294.0,0.003626788569010602
2022-09-28,5.08,5.09,5.0,5.01,31837069.0,177253086.0,8635987294.0,0.0036865581103991837
2022-09-29,5.05,5.08,4.91,4.95,38875399.0,213784744.0,8635987294.0,0.004501558151551398
2022-09-30,4.96,5.0,4.95,4.95,35996931.0,197059409.0,8635987294.0,0.004168247332300904
2022-10-10,4.96,4.99,4.84,4.86,36482218.0,197483449.0,8635987294.0,0.004224440907335128
2022-10-11,4.87,4.96,4.83,4.91,31865898.0,171825977.0,8635987294.0,0.0036898963506047976
2022-10-12,4.9,5.02,4.88,5.01,64387429.0,352492724.0,8635987294.0,0.0074557114094799875
2022-10-13,4.99,5.03,4.98,4.99,41907442.0,230972551.0,8635987294.0,0.00485265211414981
2022-10-14,5.04,5.09,5.02,5.07,78895818.0,440108947.0,8635987294.0,0.009135703343937783
2022-10-17,5.07,5.17,5.03,5.14,55305262.0,311502490.0,8635987294.0,0.006404046244767437
2022-10-18,5.16,5.17,5.09,5.1,46610770.0,262862786.0,8635987294.0,0.005397271720441695
2022-10-19,5.11,5.13,5.03,5.03,32072236.0,179225384.0,8635987294.0,0.0037137891601904897
2022-10-20,5.01,5.14,5.01,5.08,39048465.0,218204377.0,8635987294.0,0.004521598245880884
2022-10-21,5.21,5.23,5.07,5.08,63116936.0,357332996.0,8635987294.0,0.007308595282886946
2022-10-24,5.11,5.24,4.99,5.0,77093934.0,433774373.0,8635987294.0,0.008927055051778774
2022-10-25,4.99,5.04,4.89,4.96,52931143.0,289457122.0,8635987294.0,0.006129136275683826
2022-10-26,4.98,5.08,4.96,5.03,43873821.0,242676854.0,8635987294.0,0.005080348025810794
2022-10-27,5.02,5.1,5.02,5.06,40694116.0,226967334.0,8635987294.0,0.004712155612858872
2022-10-28,5.04,5.07,4.92,4.93,52253209.0,287202818.0,8635987294.0,0.006050635233831783
2022-10-31,4.92,5.0,4.88,4.95,42019141.0,228865915.0,8635987294.0,0.004865586246194864
2022-11-01,4.97,5.12,4.95,5.12,73857201.0,411515075.0,8635987294.0,0.008552259108962974
2022-11-02,5.08,5.18,5.08,5.15,54279963.0,307086259.0,8635987294.0,0.006285322239613754
2022-11-03,5.11,5.14,5.08,5.12,39034703.0,219613035.0,8635987294.0,0.004520004681702118
2022-11-04,5.11,5.3,5.1,5.26,95514917.0,549829703.0,8635987294.0,0.011060103928865276
2022-11-07,5.22,5.28,5.21,5.26,55949580.0,323475605.0,8635987294.0,0.00647865473804853
2022-11-08,5.26,5.27,5.18,5.21,36772240.0,211187257.0,8635987294.0,0.004258023865499216
2022-11-09,5.22,5.23,5.18,5.18,29337625.0,168143102.0,8635987294.0,0.0033971361931464184
2022-11-10,5.17,5.25,5.15,5.21,32307332.0,185374270.0,8635987294.0,0.0037410119885709038
2022-11-11,5.36,5.51,5.26,5.37,152851809.0,902847399.0,8635987294.0,0.017699401793492265
2022-11-14,5.41,5.56,5.37,5.39,137268049.0,823107868.0,8635987294.0,0.01589488779069526
2022-11-15,5.38,5.63,5.37,5.57,163731920.0,999699301.0,8635987294.0,0.01895925901995659
2022-11-16,5.55,5.58,5.47,5.48,88937533.0,540289571.0,8635987294.0,0.010298478908345647
2022-11-17,5.47,5.52,5.44,5.52,68098471.0,411608106.0,8635987294.0,0.007885429735093819
2022-11-18,5.52,5.53,5.43,5.44,53734569.0,323761252.0,8635987294.0,0.006222168603389796
2022-11-21,5.43,5.43,5.34,5.37,45122952.0,266692595.0,8635987294.0,0.005224990549876091
2022-11-22,5.36,5.43,5.35,5.37,37309554.0,221135754.0,8635987294.0,0.0043202418820047885
2022-11-23,5.37,5.41,5.34,5.36,39614712.0,234359706.0,8635987294.0,0.004587166545222108
2022-11-24,5.38,5.41,5.31,5.32,42118479.0,248061051.0,8635987294.0,0.004877089042183114
2022-11-25,5.32,5.39,5.3,5.37,52304423.0,308996259.0,8635987294.0,0.0060565655343586934
2022-11-28,5.3,5.3,5.2,5.28,51208497.0,296092493.0,8635987294.0,0.005929663309669061
2022-11-29,5.28,5.52,5.28,5.49,117037948.0,701191388.0,8635987294.0,0.013552352963894947
2022-11-30,5.5,5.58,5.47,5.52,100804159.0,614801066.0,8635987294.0,0.011672569165315403
2022-12-01,5.6,5.68,5.53,5.55,103424786.0,638740257.0,8635987294.0,0.011976023409837128
2022-12-02,5.55,5.58,5.49,5.51,52973208.0,322177833.0,8635987294.0,0.006134007172150895
2022-12-05,5.56,5.67,5.55,5.65,105636024.0,654647076.0,8635987294.0,0.012232072651773404
2022-12-06,5.63,5.72,5.6,5.63,75628047.0,471324906.0,8635987294.0,0.008757313370822566
2022-12-07,5.61,5.65,5.53,5.55,66585629.0,408429356.0,8635987294.0,0.0077102509224696875
2022-12-08,5.54,5.57,5.52,5.54,34416176.0,210015197.0,8635987294.0,0.003985204566467024
2022-12-09,5.55,5.61,5.49,5.59,65099610.0,398186725.0,8635987294.0,0.0075381780662448486
2022-12-12,5.56,5.57,5.46,5.46,58141468.0,352299045.0,8635987294.0,0.0067324633560305
2022-12-13,5.49,5.54,5.46,5.5,39526342.0,239232447.0,8635987294.0,0.004576933783524855
2022-12-14,5.51,5.6,5.49,5.57,56744149.0,346546664.0,8635987294.0,0.0065706614736943825
2022-12-15,5.56,5.58,5.48,5.49,41872641.0,254172846.0,8635987294.0,0.004848622349073132
2022-12-16,5.47,5.54,5.46,5.5,34497388.0,208814981.0,8635987294.0,0.003994608470992964
2022-12-19,5.5,5.53,5.32,5.35,56506788.0,335831957.0,8635987294.0,0.006543176370727069
2022-12-20,5.35,5.37,5.28,5.32,33768429.0,198079553.0,8635987294.0,0.003910199013778215
2022-12-21,5.32,5.34,5.24,5.27,35377762.0,205964695.0,8635987294.0,0.004096550955393289
2022-12-22,5.29,5.38,5.26,5.29,44402741.0,260351685.0,8635987294.0,0.005141594063118825
2022-12-23,5.28,5.33,5.26,5.28,27534870.0,160370298.0,8635987294.0,0.0031883870439608363
2022-12-26,5.3,5.32,5.27,5.28,32688045.0,184379658.0,8635987294.0,0.0037850964675122415
2022-12-27,5.31,5.39,5.28,5.37,33994846.0,194098345.0,8635987294.0,0.003936416861523001
2022-12-28,5.35,5.4,5.33,5.36,23539727.0,134706211.0,8635987294.0,0.0027257713795334816
2022-12-29,5.33,5.36,5.29,5.34,21547268.0,122538162.0,8635987294.0,0.0024950555468012713
2022-12-30,5.37,5.41,5.35,5.38,30497203.0,175059399.0,8635987294.0,0.0035314089705977747
2023-01-03,5.35,5.35,5.2,5.33,78438797.0,441022387.0,8635987294.0,0.009082782816794635
2023-01-04,5.33,5.42,5.31,5.36,49123019.0,281427312.0,8635987294.0,0.0056881763865179675
2023-01-05,5.41,5.48,5.38,5.43,60218319.0,348813754.0,8635987294.0,0.006972951319860986
2023-01-06,5.42,5.49,5.41,5.44,45029494.0,261837359.0,8635987294.0,0.005214168625663103
2023-01-09,5.48,5.74,5.46,5.67,188098820.0,1134043989.0,8635987294.0,0.021780812499653038
2023-01-10,5.68,5.97,5.66,5.84,250120621.0,1561284226.0,8635987294.0,0.028962597151315356
2023-01-11,5.85,5.95,5.81,5.84,138832137.0,870506933.0,8635987294.0,0.01607600060927093
2023-01-12,5.86,6.02,5.85,6.01,168137003.0,1066286193.0,8635987294.0,0.019469343489749696
2023-01-13,6.03,6.09,5.93,6.07,132936566.0,854434925.0,8635987294.0,0.01539332579754488
2023-01-16,6.07,6.48,6.07,6.31,262301114.0,1769047260.0,8635987294.0,0.030373031486769113
2023-01-17,6.3,6.45,6.25,6.43,146584599.0,992889143.0,8635987294.0,0.01697369322229575
2023-01-18,6.37,6.42,6.31,6.38,87145672.0,592850012.0,8635987294.0,0.010090991224656612
2023-01-19,6.33,6.59,6.32,6.59,147603076.0,1025736042.0,8635987294.0,0.017091627277236704
2023-01-20,6.58,6.59,6.42,6.52,101914167.0,707344149.0,8635987294.0,0.011801102008430073
2023-01-30,6.61,6.65,6.39,6.44,116624072.0,806086478.0,8635987294.0,0.01350442839130004
2023-01-31,6.46,6.59,6.39,6.46,88737321.0,613840913.0,8635987294.0,0.010275295455987038
2023-02-01,6.45,6.58,6.4,6.56,123300885.0,852855087.0,8635987294.0,0.014277566745109202
2023-02-02,6.59,6.61,6.26,6.35,177809345.0,1210343628.0,8635987294.0,0.020589347685068513
2023-02-03,6.29,6.36,6.22,6.28,99362847.0,665832528.0,8635987294.0,0.011505673134678422
2023-02-06,6.2,6.23,6.1,6.14,102669569.0,674022866.0,8635987294.0,0.011888573420126664
2023-02-07,6.17,6.2,6.13,6.16,47983579.0,315603078.0,8635987294.0,0.005556235479102362
2023-02-08,6.18,6.18,6.06,6.07,47352597.0,309067144.0,8635987294.0,0.005483171221534685
2023-02-09,6.08,6.16,6.04,6.16,75693798.0,494733758.0,8635987294.0,0.008764926976280936
2023-02-10,6.13,6.14,6.04,6.07,55006030.0,357304648.0,8635987294.0,0.006369396819077812
2023-02-13,6.07,6.15,6.04,6.14,52539668.0,342652509.0,8635987294.0,0.006083805616122529
2023-02-14,6.15,6.16,6.07,6.11,44636807.0,291062754.0,8635987294.0,0.005168697623144048
2023-02-15,6.11,6.15,6.05,6.06,46939463.0,305339716.0,8635987294.0,0.005435332568473322
2023-02-16,6.06,6.19,5.93,5.97,99864083.0,648725274.0,8635987294.0,0.011563713516505782
2023-02-17,5.96,6.07,5.91,5.92,65599030.0,419123449.0,8635987294.0,0.007596008165224611
2023-02-20,5.99,6.16,5.95,6.14,109889920.0,710659912.0,8635987294.0,0.012724650495531403
2023-02-21,6.14,6.18,6.09,6.16,59775766.0,391569577.0,8635987294.0,0.006921706107827444
2023-02-22,6.14,6.16,6.02,6.05,65974370.0,428459573.0,8635987294.0,0.007639470480212126
2023-02-23,6.05,6.15,6.03,6.09,48599283.0,316404630.0,8635987294.0,0.0056275306279995555
2023-02-24,6.1,6.1,5.99,6.0,47042999.0,302320869.0,8635987294.0,0.005447321469854863
2023-02-27,5.96,5.99,5.9,5.93,44157756.0,280088557.0,8635987294.0,0.0051132261427340635
2023-02-28,5.96,6.02,5.93,6.02,34027062.0,216947292.0,8635987294.0,0.003940147297766508
2023-03-01,6.0,6.14,5.99,6.09,63690127.0,413388072.0,8635987294.0,0.007374967659372288
2023-03-02,6.08,6.19,6.06,6.11,63666307.0,416785882.0,8635987294.0,0.007372209433915362
2023-03-03,6.11,6.18,6.1,6.16,60074293.0,394575222.0,8635987294.0,0.00695627389838075
2023-03-06,6.18,6.2,6.01,6.02,86808396.0,562414035.0,8635987294.0,0.010051936512263238
2023-03-07,6.02,6.12,5.92,5.94,71103189.0,456998077.0,8635987294.0,0.008233359612444098
2023-03-08,5.93,5.96,5.87,5.92,43333599.0,273407720.0,8635987294.0,0.005017793278842219
2023-03-09,5.93,5.93,5.85,5.86,47495985.0,298185303.0,8635987294.0,0.005499774766111415
2023-03-10,5.81,5.83,5.72,5.76,59368685.0,365801475.0,8635987294.0,0.006874568358993234
2023-03-13,5.75,5.81,5.73,5.79,43538960.0,268215761.0,8635987294.0,0.00504157295718226
2023-03-14,5.77,5.77,5.66,5.7,55501020.0,337882452.0,8635987294.0,0.006426713948335738
2023-03-15,5.75,5.79,5.71,5.72,45892286.0,281240057.0,8635987294.0,0.005314075210819781
2023-03-16,5.69,5.74,5.66,5.67,37882151.0,230477859.0,8635987294.0,0.004386545476545487
2023-03-17,5.72,5.82,5.7,5.76,78561452.0,483106052.0,8635987294.0,0.009096985593596452
2023-03-20,5.77,5.81,5.67,5.68,65608053.0,401154333.0,8635987294.0,0.007597052979174983
2023-03-21,5.71,5.74,5.68,5.72,43916031.0,267602670.0,8635987294.0,0.005085235712483206
2023-03-22,5.73,5.8,5.72,5.75,51772879.0,317861794.0,8635987294.0,0.005995015652231227
2023-03-23,5.73,5.83,5.72,5.82,60725396.0,375166636.0,8635987294.0,0.007031668057477344
2023-03-24,5.82,5.84,5.75,5.79,43123164.0,266874349.0,8635987294.0,0.004993426059109716
2023-03-27,5.8,5.82,5.72,5.81,55994238.0,345006715.0,8635987294.0,0.006483825889704927
2023-03-28,5.82,5.82,5.75,5.76,32509254.0,200262800.0,8635987294.0,0.0037643934495580327
2023-03-29,5.77,5.78,5.67,5.7,54294418.0,330315098.0,8635987294.0,0.006286996049394604
2023-03-30,5.7,5.73,5.62,5.71,50663581.0,306792233.0,8635987294.0,0.005866565023225473
2023-03-31,5.71,5.75,5.69,5.73,34454220.0,210504660.0,8635987294.0,0.003989609853170773
2023-04-03,5.73,5.97,5.72,5.95,150080798.0,939818828.0,8635987294.0,0.01737853390593467
2023-04-04,5.96,6.11,5.93,6.06,126377775.0,812778060.0,8635987294.0,0.014633853744528217
2023-04-06,6.04,6.05,5.93,5.95,86272314.0,550791897.0,8635987294.0,0.009989861154605817
2023-04-07,5.97,6.11,5.95,6.1,96922638.0,625658528.0,8635987294.0,0.011223110305794296
2023-04-10,6.22,6.28,6.09,6.09,149995836.0,990116676.0,8635987294.0,0.01736869577196022
2023-04-11,6.18,6.44,6.17,6.22,220233844.0,1483406453.0,8635987294.0,0.02550187216614031
2023-04-12,6.2,6.35,6.17,6.3,139055947.0,931077116.0,8635987294.0,0.01610191658070311
2023-04-13,6.28,6.29,6.16,6.18,77492634.0,512802977.0,8635987294.0,0.008973222326744197
2023-04-14,6.22,6.23,6.11,6.17,61909880.0,407630327.0,8635987294.0,0.007168824813233913
2023-04-17,6.16,6.53,6.14,6.49,234114976.0,1605307011.0,8635987294.0,0.02710923117761595
2023-04-18,6.46,6.5,6.35,6.4,101930283.0,698258997.0,8635987294.0,0.011802968152907984
2023-04-19,6.38,6.4,6.29,6.3,72967557.0,493664582.0,8635987294.0,0.008449243209365935
2023-04-20,6.29,6.4,6.26,6.37,84403485.0,571028472.0,8635987294.0,0.009773460998332035
2023-04-21,6.36,6.38,6.06,6.09,122307117.0,807388432.0,8635987294.0,0.014162493856953097
2023-04-24,6.1,6.17,6.01,6.07,68836139.0,448044641.0,8635987294.0,0.007970847646779782
2023-04-25,6.07,6.13,5.98,6.08,71428261.0,462205676.0,8635987294.0,0.008271001168520246
2023-04-26,6.05,6.11,6.01,6.06,57248942.0,370327981.0,8635987294.0,0.0066291137366279685
2023-04-27,6.04,6.32,6.03,6.25,106411534.0,701335716.0,8635987294.0,0.012321872459670157
2023-04-28,6.18,6.36,6.03,6.3,170627239.0,1132628400.0,8635987294.0,0.019757699171065964
2023-05-04,6.2,6.32,6.16,6.31,104434086.0,699229294.0,8635987294.0,0.012092894818471695
2023-05-05,6.31,6.48,6.27,6.33,145585311.0,991848916.0,8635987294.0,0.01685798114839144
2023-05-08,6.32,6.6,6.26,6.46,202479216.0,1393260903.0,8635987294.0,0.02344598354616338
2023-05-09,6.6,6.75,6.42,6.45,307513586.0,2169238615.0,8635987294.0,0.03560838796204
2023-05-10,6.37,6.43,6.16,6.18,166093505.0,1110681357.0,8635987294.0,0.019232717620531505
2023-05-11,6.19,6.36,6.17,6.24,89404521.0,598486553.0,8635987294.0,0.01035255355946567
2023-05-12,6.22,6.28,6.14,6.16,69713819.0,461262868.0,8635987294.0,0.008072478180744299
2023-05-15,6.14,6.29,6.01,6.29,98141754.0,643278832.0,8635987294.0,0.011364277257353733
2023-05-16,6.26,6.41,6.16,6.18,72330763.0,483557230.0,8635987294.0,0.00837550595405033
2023-05-17,6.18,6.22,6.04,6.1,75647104.0,493991241.0,8635987294.0,0.008759520066982628
2023-05-18,6.12,6.16,6.03,6.05,70035737.0,455024123.0,8635987294.0,0.008109754520905621
2023-05-19,6.04,6.04,5.88,5.91,98480964.0,623289134.0,8635987294.0,0.011403555916348018
2023-05-22,5.9,5.95,5.86,5.91,43067890.0,271174766.0,8635987294.0,0.004987025632833221
2023-05-23,5.92,5.93,5.82,5.83,60021540.0,375408608.0,8635987294.0,0.006950165390088171
2023-05-24,5.82,5.85,5.75,5.76,64202496.0,397407920.0,8635987294.0,0.007434297181586382
2023-05-25,5.75,5.8,5.71,5.78,54835583.0,336637434.0,8635987294.0,0.006349659990595165
2023-05-26,5.79,5.83,5.76,5.79,42647729.0,263722691.0,8635987294.0,0.004938373291682613
2023-05-29,5.81,5.83,5.74,5.77,37161769.0,229376623.0,8635987294.0,0.004303129188925368
2023-05-30,5.76,5.82,5.72,5.81,45856712.0,282031865.0,8635987294.0,0.00530995593657945
2023-05-31,5.77,5.79,5.73,5.73,49093599.0,301868064.0,8635987294.0,0.005684769711751269
2023-06-01,5.73,5.84,5.72,5.78,57444201.0,354791120.0,8635987294.0,0.006651723658730987
2023-06-02,5.82,5.86,5.79,5.84,49740962.0,309287262.0,8635987294.0,0.00575973079934455
2023-06-05,5.85,5.86,5.77,5.79,35737346.0,221414090.0,8635987294.0,0.00413818881192995
2023-06-06,5.81,5.86,5.72,5.73,46697787.0,288308650.0,8635987294.0,0.0054073478121539256
2023-06-07,5.73,5.8,5.73,5.76,30873544.0,189700898.0,8635987294.0,0.003574987195899411
2023-06-08,5.75,5.83,5.71,5.8,47979651.0,295575976.0,8635987294.0,0.005555780638229364
2023-06-09,5.81,5.82,5.74,5.78,32705690.0,201581551.0,8635987294.0,0.0037871396618106234
2023-06-12,5.76,5.78,5.69,5.71,58623837.0,357779604.0,8635987294.0,0.006788319042656526
2023-06-13,5.72,5.75,5.72,5.74,31320875.0,191689125.0,8635987294.0,0.003626785674147612
2023-06-14,5.76,5.86,5.75,5.79,62314949.0,386173004.0,8635987294.0,0.007215729583494684
2023-06-15,5.81,5.86,5.77,5.86,64425675.0,401009060.0,8635987294.0,0.007460140086676695
2023-06-16,5.86,5.95,5.83,5.94,79855549.0,502210111.0,8635987294.0,0.009246834934030184
2023-06-19,5.92,5.94,5.86,5.87,47206366.0,296522946.0,8635987294.0,0.005466238473138726
2023-06-20,5.87,5.91,5.85,5.86,34919719.0,218914313.0,8635987294.0,0.004043512086251108
2023-06-21,5.86,5.87,5.72,5.72,63028532.0,388167747.0,8635987294.0,0.0072983585841760274
2023-06-26,5.7,5.7,5.54,5.55,72997724.0,435800389.0,8635987294.0,0.008452736382638777
2023-06-27,5.57,5.65,5.56,5.63,30950141.0,185327398.0,8635987294.0,0.0035838567087173854
2023-06-28,5.62,5.65,5.57,5.63,24511322.0,146805847.0,8635987294.0,0.002838276755806445
2023-06-29,5.62,5.68,5.6,5.65,27293860.0,164278020.0,8635987294.0,0.003160479406791494
2023-06-30,5.65,5.76,5.65,5.73,34172033.0,208725999.0,8635987294.0,0.003956934145067768
2023-07-03,5.74,5.94,5.74,5.88,87476861.0,547086237.0,8635987294.0,0.010129341095809166
2023-07-04,5.88,5.92,5.81,5.86,45986772.0,288070061.0,8635987294.0,0.005325016171798921
2023-07-05,5.86,5.88,5.82,5.85,30277057.0,188891662.0,8635987294.0,0.003505917270285414
2023-07-06,5.84,5.87,5.8,5.83,33862567.0,210809110.0,8635987294.0,0.003921099678264534
2023-07-07,5.81,5.93,5.79,5.88,55437502.0,348335741.0,8635987294.0,0.006419358912039641
2023-07-10,5.9,5.94,5.86,5.91,36120163.0,227798137.0,8635987294.0,0.00418251692254053
2023-07-11,5.93,5.94,5.9,5.92,31862599.0,201368393.0,8635987294.0,0.0036895143444846297
2023-07-12,5.92,5.95,5.82,5.84,40094120.0,251389172.0,8635987294.0,0.004642679364275591
2023-07-13,5.86,5.96,5.86,5.94,62069094.0,393162554.0,8635987294.0,0.007187260921877868
2023-07-14,5.95,5.96,5.9,5.92,40577070.0,256894113.0,8635987294.0,0.004698602327517505
2023-07-17,5.92,5.92,5.86,5.9,25128529.0,157977473.0,8635987294.0,0.002909745943866601
2023-07-18,5.91,5.95,5.89,5.91,27809380.0,175687843.0,8635987294.0,0.003220173797536854
2023-07-19,5.9,5.96,5.88,5.95,32355768.0,204739964.0,8635987294.0,0.003746620611922359
2023-07-20,5.97,5.99,5.9,5.9,37835086.0,240049675.0,8635987294.0,0.004381095607480406
2023-07-21,5.9,5.97,5.89,5.92,28505954.0,180461444.0,8635987294.0,0.0033008332492342825
2023-07-24,5.9,5.97,5.89,5.91,24486672.0,154701968.0,8635987294.0,0.002835422420898249
2023-07-25,6.07,6.18,6.04,6.16,147885109.0,966886449.0,8635987294.0,0.01712428515298369
2023-07-26,6.14,6.16,6.05,6.12,68120554.0,443919553.0,8635987294.0,0.007887986825470195
2023-07-27,6.14,6.16,6.06,6.08,50083962.0,326284491.0,8635987294.0,0.005799448319568128
2023-07-28,6.06,6.53,6.05,6.46,251194045.0,1702560171.0,8635987294.0,0.029086893767724897
2023-07-31,6.51,6.73,6.5,6.53,267475433.0,1886561013.0,8635987294.0,0.03097218926964299
2023-08-01,6.5,6.62,6.43,6.48,154969499.0,1077953221.0,8635987294.0,0.017944618689708786
2023-08-02,6.5,6.63,6.46,6.51,116934791.0,817116925.0,8635987294.0,0.013540407948636335
2023-08-03,6.54,6.74,6.45,6.7,187674325.0,1325519791.0,8635987294.0,0.021731658305054472
2023-08-04,6.83,6.98,6.75,6.76,311366811.0,2282622973.0,8635987294.0,0.03605457029983444
2023-08-07,6.65,6.79,6.61,6.76,142366512.0,1019695792.0,8635987294.0,0.016485261864490185
2023-08-08,6.71,6.85,6.51,6.75,155631050.0,1114729500.0,8635987294.0,0.018021222669946185
2023-08-09,6.72,6.79,6.65,6.68,93801244.0,671598225.0,8635987294.0,0.010861669987074902
2023-08-10,6.71,6.82,6.68,6.81,130476442.0,941950871.0,8635987294.0,0.015108456920802876
2023-08-11,6.75,6.75,6.55,6.56,163863451.0,1159320135.0,8635987294.0,0.018974489588914394
2023-08-14,6.46,6.55,6.43,6.49,99256014.0,687786732.0,8635987294.0,0.011493302458765753
2023-08-15,6.54,6.76,6.5,6.74,178735841.0,1274501221.0,8635987294.0,0.020696630844301935
2023-08-16,6.63,6.84,6.54,6.68,162554355.0,1161400446.0,8635987294.0,0.01882290344648115
2023-08-17,6.63,6.69,6.49,6.61,142742621.0,1003750759.0,8635987294.0,0.016528813225463276
2023-08-18,6.67,6.74,6.52,6.52,104720955.0,741165168.0,8635987294.0,0.012126112676515479
2023-08-21,6.46,6.53,6.31,6.31,104766853.0,715884704.0,8635987294.0,0.012131427413376182
2023-08-22,6.36,6.43,6.29,6.39,76809846.0,521710851.0,8635987294.0,0.008894159218294005
2023-08-23,6.39,6.41,6.21,6.23,73360285.0,493292485.0,8635987294.0,0.008494718959460294
2023-08-24,6.27,6.4,6.25,6.31,78348441.0,529188330.0,8635987294.0,0.009072320087181453
2023-08-25,6.31,6.39,6.28,6.31,59689884.0,395919899.0,8635987294.0,0.006911761442894962
2023-08-28,6.94,6.95,6.43,6.46,265983330.0,1860540862.0,8635987294.0,0.03079941191956089
2023-08-29,6.45,6.48,6.21,6.35,194627907.0,1289433869.0,8635987294.0,0.022536844992259435
2023-08-30,6.34,6.34,6.2,6.22,105086946.0,687103671.0,8635987294.0,0.012168492428539231
2023-08-31,6.22,6.26,6.11,6.12,78814777.0,507648586.0,8635987294.0,0.009126319240274695
2023-09-01,6.16,6.19,6.11,6.14,51931335.0,334020681.0,8635987294.0,0.006013363988629324
2023-09-04,6.17,6.2,6.1,6.16,73317426.0,472709240.0,8635987294.0,0.00848975612214466
2023-09-05,6.14,6.15,6.09,6.1,58778665.0,375787312.0,8635987294.0,0.006806247276537505
2023-09-06,6.09,6.12,6.08,6.1,47940620.0,306260412.0,8635987294.0,0.0055512610623347685
2023-09-07,6.1,6.16,6.06,6.07,59108980.0,377735700.0,8635987294.0,0.006844495943279928
2023-09-08,6.07,6.14,6.04,6.1,37063467.0,236150001.0,8635987294.0,0.004291746356059426
2023-09-11,6.12,6.29,6.09,6.22,91090999.0,589631481.0,8635987294.0,0.01054783846929546
2023-09-12,6.2,6.23,6.15,6.16,35394901.0,229087281.0,8635987294.0,0.0040985355576647516
2023-09-13,6.19,6.21,6.08,6.1,44804212.0,287085588.0,8635987294.0,0.005188082204698065
2023-09-14,6.09,6.18,6.09,6.13,46051714.0,295335729.0,8635987294.0,0.005332536099490931
2023-09-15,6.16,6.17,6.07,6.1,45877096.0,293682088.0,8635987294.0,0.0053123162920670226
2023-09-18,6.08,6.14,6.04,6.11,34576394.0,221066483.0,8635987294.0,0.00400375693280866
2023-09-19,6.12,6.17,6.1,6.16,47332712.0,304660286.0,8635987294.0,0.005480868647512394
2023-09-20,6.15,6.19,6.12,6.15,31907397.0,205979866.0,8635987294.0,0.003694701707373772
2023-09-21,6.15,6.21,6.1,6.11,38481258.0,247552816.0,8635987294.0,0.004455918783800842
2023-09-22,6.1,6.27,6.1,6.25,69206050.0,449660112.0,8635987294.0,0.008013681313320377
2023-09-25,6.25,6.25,6.1,6.12,56724088.0,364833701.0,8635987294.0,0.006568338519836642
2023-09-26,6.12,6.18,6.11,6.15,31798993.0,205028225.0,8635987294.0,0.0036821491182708077
2023-09-27,6.15,6.19,6.14,6.16,26790033.0,172888945.0,8635987294.0,0.0031021390013638434
2023-09-28,6.16,6.19,6.12,6.13,37484673.0,241122798.0,8635987294.0,0.004340519702483017
2023-10-09,6.12,6.12,6.05,6.08,43612142.0,277188948.0,8635987294.0,0.0050500470317157925
2023-10-10,6.1,6.27,6.09,6.14,65183598.0,422212196.0,8635987294.0,0.007547903416357203
2023-10-11,6.14,6.18,6.07,6.09,45968466.0,294305021.0,8635987294.0,0.005322896437323082
2023-10-12,6.15,6.2,6.14,6.19,46130060.0,297807158.0,8635987294.0,0.00534160813692369
2023-10-13,6.14,6.15,6.11,6.13,26465683.0,169909532.0,8635987294.0,0.0030645810489308483
2023-10-16,6.13,6.15,6.09,6.11,29395182.0,188151121.0,8635987294.0,0.0034038009783111662
2023-10-17,6.13,6.22,6.1,6.17,47505636.0,306598248.0,8635987294.0,0.005500892299020096
2023-10-18,6.14,6.21,6.12,6.13,36222424.0,233821570.0,8635987294.0,0.004194358185909577
2023-10-19,6.11,6.2,6.09,6.1,50101233.0,321865359.0,8635987294.0,0.005801448206716178
2023-10-20,6.09,6.15,6.07,6.11,44281979.0,283089324.0,8635987294.0,0.005127610485342615
2023-10-23,6.1,6.1,5.95,6.01,56659868.0,356925284.0,8635987294.0,0.006560902195787784
2023-10-24,6.03,6.19,6.01,6.16,58758514.0,375397728.0,8635987294.0,0.006803913901173
2023-10-25,6.2,6.24,6.15,6.18,59570156.0,386358254.0,8635987294.0,0.006897897596652022
2023-10-26,6.16,6.21,6.14,6.2,33555431.0,217225458.0,8635987294.0,0.0038855350126919723
2023-10-27,6.19,6.23,6.14,6.21,52087900.0,337298800.0,8635987294.0,0.0060314933575908525
2023-10-30,6.09,6.09,5.94,6.0,137021537.0,858637590.0,8635987294.0,0.015866343052079068
2023-10-31,5.97,6.02,5.93,5.96,67078146.0,418790714.0,8635987294.0,0.007767281691880636
2023-11-01,5.99,6.0,5.92,5.92,38916574.0,242361335.0,8635987294.0,0.004506325990896022
2023-11-02,5.92,5.96,5.89,5.89,35170762.0,218221115.0,8635987294.0,0.00407258148983562
2023-11-03,5.9,5.98,5.9,5.95,37981580.0,236262151.0,8635987294.0,0.004398058809835021
2023-11-06,6.07,6.2,6.03,6.19,133814284.0,856632860.0,8635987294.0,0.015494960731701141
2023-11-07,6.15,6.31,6.12,6.26,96897444.0,633533089.0,8635987294.0,0.011220192978667437
2023-11-08,6.24,6.28,6.13,6.18,58782497.0,381246854.0,8635987294.0,0.006806691001136621
2023-11-09,6.16,6.18,6.1,6.12,42475417.0,272604599.0,8635987294.0,0.0049184205064209075
2023-11-10,6.11,6.14,6.1,6.11,35158374.0,225134097.0,8635987294.0,0.0040711470273267865
2023-11-13,6.13,6.14,6.06,6.09,38709956.0,246486567.0,8635987294.0,0.00448240075884484
2023-11-14,6.1,6.2,6.09,6.11,62986862.0,404596302.0,8635987294.0,0.007293533426544201
2023-11-15,6.17,6.22,6.11,6.14,59701985.0,385163238.0,8635987294.0,0.00691316267237667
2023-11-16,6.12,6.16,6.1,6.1,35512936.0,227566269.0,8635987294.0,0.004112203363786005
2023-11-17,6.1,6.11,6.06,6.09,31233848.0,198663553.0,8635987294.0,0.0036167084244901854
2023-11-20,6.09,6.1,6.01,6.06,40513108.0,256293837.0,8635987294.0,0.004691195878454705
2023-11-21,6.09,6.17,6.07,6.08,58938597.0,377653767.0,8635987294.0,0.0068247665256465345
2023-11-22,6.07,6.09,6.01,6.01,29608021.0,187458002.0,8635987294.0,0.003428446568068793
2023-11-23,6.01,6.05,5.99,6.04,31987038.0,201499177.0,8635987294.0,0.003703923698709416
2023-11-24,6.03,6.03,5.97,5.98,41502209.0,260386586.0,8635987294.0,0.004805728353587825
2023-11-27,5.98,5.98,5.89,5.92,43727703.0,270778432.0,8635987294.0,0.00506342836219555
2023-11-28,5.92,5.93,5.88,5.91,33720460.0,208491356.0,8635987294.0,0.0039046444664674143
2023-11-29,5.91,5.92,5.81,5.82,50341738.0,308219360.0,8635987294.0,0.005829297367653121
2023-11-30,5.82,5.85,5.78,5.81,40389953.0,245918802.0,8635987294.0,0.004676935204393088
2023-12-01,5.82,5.84,5.75,5.83,46315042.0,280973223.0,8635987294.0,0.0053630280387487565
2023-12-04,5.83,5.86,5.8,5.82,36601089.0,223011133.0,8635987294.0,0.0042382055176747695
2023-12-05,5.8,5.82,5.73,5.73,40031998.0,241926834.0,8635987294.0,0.004635485977128859
2023-12-06,5.73,5.76,5.71,5.71,31733347.0,190423390.0,8635987294.0,0.0036745476712369976
2023-12-07,5.72,5.76,5.68,5.73,29290819.0,175605585.0,8635987294.0,0.0033917163148619147
2023-12-08,5.74,5.76,5.7,5.7,32058615.0,192214075.0,8635987294.0,0.0037122119230389872
2023-12-11,5.69,5.8,5.62,5.79,53332400.0,318139882.0,8635987294.0,0.006175599637235872
2023-12-12,5.77,5.81,5.75,5.79,30198273.0,182635873.0,8635987294.0,0.003496794514853069
2023-12-13,5.79,5.79,5.71,5.72,30944890.0,186070060.0,8635987294.0,0.003583248671694954
2023-12-14,5.75,5.76,5.69,5.7,20721087.0,124150098.0,8635987294.0,0.0023993883148017516
2023-12-15,5.72,5.76,5.68,5.69,26856204.0,160752580.0,8635987294.0,0.003109801240520445
2023-12-18,5.7,5.72,5.65,5.67,25984244.0,154502661.0,8635987294.0,0.0030088330512080532
2023-12-19,5.66,5.67,5.58,5.64,35023492.0,206331905.0,8635987294.0,0.004055528430933794
2023-12-20,5.63,5.65,5.49,5.5,40573262.0,236138275.0,8635987294.0,0.00469816138198686
2023-12-21,5.5,5.54,5.48,5.52,31873786.0,184030329.0,8635987294.0,0.00369080973777542
2023-12-22,5.52,5.57,5.49,5.52,31163300.0,180390922.0,8635987294.0,0.003608539352721285
2023-12-25,5.51,5.54,5.48,5.49,19986573.0,115240730.0,8635987294.0,0.002314335619030613
2023-12-26,5.49,5.51,5.4,5.42,24303856.0,138448033.0,8635987294.0,0.0028142533300026416
2023-12-27,5.43,5.5,5.39,5.48,29706254.0,169581168.0,8635987294.0,0.003439821411112882
2023-12-28,5.48,5.63,5.46,5.6,43228285.0,252139615.0,8635987294.0,0.005005598494804826
2023-12-29,5.6,5.66,5.6,5.61,29794291.0,175307260.0,8635987294.0,0.0034500156132351066
2024-01-02,5.61,5.62,5.54,5.55,32598108.0,190389769.0,8635987294.0,0.0037746822558027723
2024-01-03,5.54,5.58,5.52,5.56,25697514.0,149379608.0,8635987294.0,0.002975631288602496
2024-01-04,5.55,5.57,5.46,5.51,31327834.0,180016890.0,8635987294.0,0.003627591488209524
2024-01-05,5.48,5.55,5.45,5.46,28943345.0,166708399.0,8635987294.0,0.0033514807299576373
2024-01-08,5.45,5.46,5.37,5.38,30574299.0,173026035.0,8635987294.0,0.0035403362648810306
2024-01-09,5.38,5.41,5.3,5.3,43806233.0,245259834.0,8635987294.0,0.005072521705819916
2024-01-10,5.29,5.35,5.25,5.28,25293492.0,140221358.0,8635987294.0,0.002928847755203749
2024-01-11,5.28,5.34,5.27,5.32,34769941.0,193295184.0,8635987294.0,0.0040261686146941195
2024-01-12,5.31,5.34,5.24,5.24,37696402.0,208502321.0,8635987294.0,0.0043650367603238855
2024-01-15,5.21,5.24,5.14,5.16,53129514.0,288049241.0,8635987294.0,0.006152106550331847
2024-01-16,5.14,5.22,5.12,5.22,51120763.0,276530899.0,8635987294.0,0.005919504193286276
2024-01-17,5.2,5.24,5.15,5.16,42566736.0,232419222.0,8635987294.0,0.004928994746156466
2024-01-18,5.14,5.26,5.02,5.25,69077680.0,369960900.0,8635987294.0,0.007998816770839034
2024-01-19,5.23,5.24,5.15,5.22,41654985.0,226582279.0,8635987294.0,0.004823418977114581
2024-01-22,5.2,5.25,5.01,5.06,68758954.0,369842203.0,8635987294.0,0.007961910046784282
2024-01-23,5.04,5.19,5.0,5.16,53940033.0,288174472.0,8635987294.0,0.006245960208565355
2024-01-24,5.18,5.38,5.09,5.34,78885129.0,431786047.0,8635987294.0,0.009134465616317753
2024-01-25,5.31,5.43,5.25,5.4,76831566.0,430553351.0,8635987294.0,0.008896674275259767
2024-01-26,5.37,5.43,5.34,5.38,59762143.0,336408363.0,8635987294.0,0.0069201286390869025
2024-01-29,5.37,5.41,5.31,5.35,53311062.0,298778315.0,8635987294.0,0.006173128813776599
2024-01-30,5.31,5.38,5.27,5.28,52237702.0,290666777.0,8635987294.0,0.006048839608216311
2024-01-31,5.25,5.29,5.16,5.21,54012008.0,295648310.0,8635987294.0,0.006254294519113728
2024-02-01,5.16,5.27,5.14,5.19,47841644.0,260613885.0,8635987294.0,0.005539800183962614
2024-02-02,5.2,5.24,4.86,5.05,67332201.0,357193524.0,8635987294.0,0.0077966998685581905
2024-02-05,5.05,5.09,4.85,4.97,70885490.0,369658329.0,8635987294.0,0.008208151261321205
2024-02-06,4.95,5.25,4.91,5.23,65216930.0,349181989.0,8635987294.0,0.007551763079284586
2024-02-07,5.25,5.34,5.24,5.33,84381592.0,468235455.0,8635987294.0,0.009770925908914381
2024-02-08,5.36,5.42,5.33,5.39,76857023.0,432319729.0,8635987294.0,0.008899622056345282
2024-02-19,5.39,5.4,5.27,5.35,56040877.0,312836484.0,8635987294.0,0.006489226430304658
2024-02-20,5.35,5.42,5.31,5.39,54821485.0,307969512.0,8635987294.0,0.006348027519457812
2024-02-21,5.36,5.55,5.34,5.45,78169331.0,447444690.0,8635987294.0,0.009051580130775491
2024-02-22,5.44,5.51,5.42,5.49,50640765.0,289662738.0,8635987294.0,0.005863923055466228
2024-02-23,5.49,5.54,5.46,5.51,43730276.0,251918481.0,8635987294.0,0.005063726301494487
2024-02-26,5.49,5.52,5.45,5.46,42735937.0,245456573.0,8635987294.0,0.0049485872946676895
2024-02-27,5.45,5.52,5.44,5.52,50611238.0,289976793.0,8635987294.0,0.005860503990685931
2024-02-28,5.53,5.66,5.46,5.46,101068430.0,590903973.0,8635987294.0,0.011703170298805212
2024-02-29,5.45,5.56,5.43,5.55,61390879.0,353641268.0,8635987294.0,0.007108727341765818
2024-03-01,5.54,5.6,5.52,5.59,51508174.0,299939164.0,8635987294.0,0.005964364263919909
2024-03-04,5.57,5.6,5.52,5.56,41294329.0,240103491.0,8635987294.0,0.004781656988852906
2024-03-05,5.54,5.57,5.51,5.53,43041889.0,249610648.0,8635987294.0,0.004984014859529042
2024-03-06,5.54,5.58,5.49,5.51,38421134.0,222683834.0,8635987294.0,0.004448956754104275
2024-03-07,5.52,5.6,5.47,5.5,51562970.0,298815694.0,8635987294.0,0.005970709340416035
2024-03-08,5.47,5.52,5.45,5.47,36170226.0,207299113.0,8635987294.0,0.004188313943575378
2024-03-11,5.46,5.54,5.46,5.54,45069980.0,259289445.0,8635987294.0,0.0052188566825837205
2024-03-12,5.57,5.58,5.5,5.54,49825410.0,288880342.0,8635987294.0,0.005769509414935922
2024-03-13,5.54,5.55,5.47,5.49,30257235.0,174214165.0,8635987294.0,0.003503621991317858
2024-03-14,5.47,5.51,5.42,5.44,35795077.0,204587248.0,8635987294.0,0.004144873745341108
2024-03-15,5.44,5.47,5.41,5.47,29252558.0,166579476.0,8635987294.0,0.0033872859007474127
2024-03-18,5.5,5.62,5.49,5.58,59892676.0,348423874.0,8635987294.0,0.006935243645114145
2024-03-19,5.58,5.58,5.48,5.49,34470364.0,199392809.0,8635987294.0,0.003991479239895232
2024-03-20,5.5,5.52,5.46,5.49,32514739.0,186711224.0,8635987294.0,0.0037650285824980512
2024-03-21,5.5,5.55,5.46,5.49,42891687.0,247335623.0,8635987294.0,0.0049666222910957425
2024-03-22,5.48,5.49,5.38,5.4,46490310.0,264030013.0,8635987294.0,0.005383323112610406
2024-03-25,5.35,5.37,5.25,5.26,48901062.0,271957517.0,8635987294.0,0.005662474982330607
2024-03-26,5.25,5.29,5.22,5.27,37534041.0,206464248.0,8635987294.0,0.004346236246326742
2024-03-27,5.26,5.26,5.17,5.17,36907133.0,201755176.0,8635987294.0,0.004273643735631925
2024-03-28,5.18,5.24,5.17,5.19,35117446.0,191122990.0,8635987294.0,0.004066407789228505
2024-03-29,5.18,5.21,5.17,5.2,32251580.0,175020609.0,8635987294.0,0.0037345562125140385
2024-04-01,5.27,5.31,5.24,5.3,43955138.0,243117661.0,8635987294.0,0.005089764088761291
2024-04-02,5.3,5.36,5.28,5.3,39824216.0,221765650.0,8635987294.0,0.004611425960256861
2024-04-03,5.29,5.34,5.26,5.27,26297199.0,145646070.0,8635987294.0,0.0030450715250901804
2024-04-08,5.24,5.26,5.19,5.2,30236690.0,165366127.0,8635987294.0,0.0035012429929126296
2024-04-09,5.2,5.28,5.2,5.25,29001300.0,159083548.0,8635987294.0,0.0033581916013411864
2024-04-10,5.24,5.26,5.13,5.15,30249856.0,164138830.0,8635987294.0,0.0035027675435577127
2024-04-11,5.14,5.22,5.13,5.16,26101150.0,141412493.0,8635987294.0,0.003022370125316676
2024-04-12,5.17,5.18,5.07,5.08,34758368.0,186060446.0,8635987294.0,0.004024828524718763
2024-04-15,5.09,5.24,5.05,5.2,52449826.0,283567202.0,8635987294.0,0.006073402404892422
2024-04-16,5.17,5.21,5.12,5.13,41685540.0,225138203.0,8635987294.0,0.004826957078661029
2024-04-17,5.15,5.2,5.1,5.2,42149358.0,227400674.0,8635987294.0,0.004880664661153912
2024-04-18,5.18,5.3,5.16,5.24,45175055.0,247854827.0,8635987294.0,0.005231023791730929
2024-04-19,5.24,5.27,5.22,5.23,27557179.0,151115023.0,8635987294.0,0.0031909703038986432
2024-04-22,5.22,5.27,5.2,5.23,25032260.0,137103545.0,8635987294.0,0.00289859852125901
2024-04-23,5.23,5.25,5.2,5.23,24743315.0,135392025.0,8635987294.0,0.0028651402737925333
2024-04-24,5.24,5.24,5.21,5.23,21872078.0,119521570.0,8635987294.0,0.002532666764713283
2024-04-25,5.22,5.24,5.19,5.2,21429001.0,116902095.0,8635987294.0,0.00248136087635147
2024-04-26,5.28,5.47,5.26,5.46,104202326.0,585477479.0,8635987294.0,0.012066058280608674
2024-04-29,5.45,5.57,5.43,5.49,101672554.0,585800556.0,8635987294.0,0.011773124547165411
2024-04-30,5.46,5.47,5.32,5.34,81855240.0,460403091.0,8635987294.0,0.009478388192728159
2024-05-06,5.4,5.44,5.33,5.34,69145041.0,389061577.0,8635987294.0,0.008006616805473961
2024-05-07,5.35,5.35,5.29,5.33,44264094.0,246549260.0,8635987294.0,0.005125539500359529
2024-05-08,5.32,5.33,5.27,5.28,32090885.0,177865895.0,8635987294.0,0.0037159486121865525
2024-05-09,5.28,5.34,5.27,5.31,33797961.0,188109083.0,8635987294.0,0.003913618657531109
2024-05-10,5.32,5.38,5.31,5.35,43787412.0,244866930.0,8635987294.0,0.005070342337166482
2024-05-13,5.36,5.41,5.29,5.36,47173207.0,263860064.0,8635987294.0,0.005462398842663235
2024-05-14,5.35,5.43,5.32,5.41,52780868.0,296844054.0,8635987294.0,0.0061117352542505955
2024-05-15,5.45,5.45,5.28,5.28,66869405.0,372984880.0,8635987294.0,0.00774311062806434
2024-05-16,5.29,5.33,5.26,5.26,42133620.0,233401624.0,8635987294.0,0.004878842287004412
2024-05-17,5.26,5.33,5.25,5.32,42682051.0,236429409.0,8635987294.0,0.0049423475911844015
2024-05-20,5.31,5.42,5.31,5.35,71295018.0,400955607.0,8635987294.0,0.008255572359344881
2024-05-21,5.33,5.36,5.29,5.31,39478691.0,219879382.0,8635987294.0,0.004571416058871288
2024-05-22,5.32,5.35,5.28,5.32,32060963.0,178588929.0,8635987294.0,0.0037124838085710135
2024-05-23,5.31,5.32,5.22,5.23,47417939.0,261113698.0,8635987294.0,0.005490737467034537
2024-05-24,5.23,5.24,5.16,5.16,37508326.0,203974132.0,8635987294.0,0.00434325859025517
2024-05-27,5.18,5.19,5.12,5.18,37860012.0,203964863.0,8635987294.0,0.004383981901676012
2024-05-28,5.16,5.19,5.12,5.13,25150661.0,135492887.0,8635987294.0,0.002912308708174438
2024-05-29,5.13,5.18,5.11,5.12,23780544.0,127953283.0,8635987294.0,0.0027536566683605407
2024-05-30,5.11,5.14,5.1,5.12,23848363.0,127743917.0,8635987294.0,0.0027615097368854464
2024-05-31,5.13,5.16,5.11,5.12,23809577.0,127792427.0,8635987294.0,0.002757018530648153
2024-06-03,5.12,5.13,5.06,5.1,37494825.0,199838001.0,8635987294.0,0.004341695248446019
2024-06-04,5.08,5.13,5.07,5.11,26225592.0,140210930.0,8635987294.0,0.003036779826925021
2024-06-05,5.11,5.12,5.07,5.08,25067634.0,133714482.0,8635987294.0,0.002902694636595421
2024-06-06,5.08,5.09,4.98,4.99,41916587.0,220521810.0,8635987294.0,0.004853711055031573
2024-06-07,5.01,5.03,4.9,4.98,37600928.0,195247652.0,8635987294.0,0.004353981394359379
2024-06-11,4.96,5.02,4.94,4.98,25967925.0,135544419.0,8635987294.0,0.003006943400442664
2024-06-12,4.99,5.0,4.97,4.97,20291499.0,105813094.0,8635987294.0,0.0023496443787148534
2024-06-13,4.98,4.99,4.93,4.95,22016285.0,114214777.0,8635987294.0,0.002549365145001567
2024-06-14,4.95,5.08,4.94,5.03,54483797.0,285439443.0,8635987294.0,0.006308925099722362
2024-06-17,5.02,5.04,4.99,5.02,32323955.0,169679254.0,8635987294.0,0.0037429368408702524
2024-06-18,5.02,5.06,5.01,5.05,25004867.0,132063810.0,8635987294.0,0.002895426561983545
2024-06-19,5.05,5.06,5.03,5.03,19389662.0,102287210.0,8635987294.0,0.0022452165965403054
2024-06-20,5.02,5.03,4.95,4.98,29879196.0,155727254.0,8635987294.0,0.003459847146921937
2024-06-21,4.99,5.03,4.98,5.02,24683410.0,129356876.0,8635987294.0,0.0028582036030957597
2024-06-24,5.03,5.03,4.97,5.01,29908744.0,156740622.0,8635987294.0,0.003463268643387145
2024-06-25,5.01,5.01,4.87,4.91,43805397.0,226125301.0,8635987294.0,0.0050724249016015285
2024-06-26,4.91,4.95,4.87,4.93,34882228.0,179361391.0,8635987294.0,0.0040391708339166995
2024-06-27,4.91,4.92,4.87,4.89,27935412.0,143050357.0,8635987294.0,0.003234767612431367
2024-06-28,4.9,4.94,4.81,4.83,43047196.0,219906753.0,8635987294.0,0.004984629381044571
2024-07-01,4.82,4.83,4.76,4.81,32166151.0,161544529.0,8635987294.0,0.0037246640024989363
2024-07-02,4.81,4.85,4.8,4.81,22993095.0,116128130.0,8635987294.0,0.002662474389694256
2024-07-03,4.81,4.85,4.8,4.83,20429620.0,103342687.0,8635987294.0,0.002365638033556838
2024-07-04,4.84,4.85,4.77,4.77,25765838.0,129341189.0,8635987294.0,0.002983542833359801
2024-07-05,4.79,4.82,4.73,4.79,25239823.0,126213889.0,8635987294.0,0.002922633179131215
2024-07-08,4.78,4.79,4.62,4.64,37691164.0,184820401.0,8635987294.0,0.004364430228630209
2024-07-09,4.64,4.7,4.6,4.69,35386066.0,172664636.0,8635987294.0,0.004097512513084066
2024-07-10,4.68,4.75,4.64,4.68,27545382.0,135509639.0,8635987294.0,0.003189604275950895
2024-07-11,4.72,4.78,4.72,4.77,32499422.0,161740659.0,8635987294.0,0.0037632549578413034
2024-07-12,4.77,4.8,4.75,4.77,17784355.0,88707524.0,8635987294.0,0.0020593308436611508
2024-07-15,4.75,4.78,4.75,4.77,15090747.0,75266408.0,8635987294.0,0.0017474257993043314
2024-07-16,4.77,4.82,4.75,4.81,26120130.0,131435396.0,8635987294.0,0.0030245679052987267
2024-07-17,4.81,4.92,4.81,4.89,41973409.0,214278680.0,8635987294.0,0.004860290731224413
2024-07-18,4.89,4.96,4.84,4.96,44343283.0,227887132.0,8635987294.0,0.005134709152572313
2024-07-19,4.95,4.99,4.93,4.97,38657110.0,200916515.0,8635987294.0,0.004476281481661939
2024-07-22,4.97,5.02,4.93,4.97,41278741.0,214925252.0,8635987294.0,0.004779851983881346
2024-07-23,4.97,5.01,4.89,4.9,29279760.0,151613759.0,8635987294.0,0.0033904357432696336
2024-07-24,4.88,4.93,4.85,4.88,26588955.0,136086526.0,8635987294.0,0.003078855270951259
2024-07-25,4.87,4.95,4.87,4.93,29034494.0,149706537.0,8635987294.0,0.0033620352846248642
2024-07-26,4.95,5.04,4.93,4.99,34211848.0,178731248.0,8635987294.0,0.003961544503865732
2024-07-29,4.98,5.03,4.96,5.0,22499469.0,117949237.0,8635987294.0,0.0026053152041610682
2024-07-30,4.99,5.05,4.98,5.03,31290672.0,164588779.0,8635987294.0,0.0036232883322720646
2024-07-31,5.04,5.27,5.03,5.22,91475942.0,496631497.0,8635987294.0,0.010592412759054714
2024-08-01,5.21,5.24,5.19,5.21,50519496.0,275479533.0,8635987294.0,0.00584988076986858
2024-08-02,5.19,5.23,5.13,5.14,37289305.0,202058376.0,8635987294.0,0.004317897158777362
2024-08-05,5.12,5.2,5.1,5.1,37297646.0,200702508.0,8635987294.0,0.004318863000865364
2024-08-06,5.13,5.17,5.06,5.1,26431428.0,141207703.0,8635987294.0,0.0030606145076618727
2024-08-07,5.1,5.11,5.04,5.06,22288127.0,118307876.0,8635987294.0,0.002580842958799286
2024-08-08,5.06,5.13,5.04,5.06,29508850.0,156852401.0,8635987294.0,0.0034169631097653165
2024-08-09,5.09,5.11,5.02,5.02,22968439.0,121446058.0,8635987294.0,0.002659619360018943
2024-08-12,5.01,5.03,4.98,5.01,18519911.0,96964287.0,8635987294.0,0.002144504197321715
2024-08-13,5.01,5.04,4.95,5.03,27310530.0,142859296.0,8635987294.0,0.003162409701433264
2024-08-14,5.02,5.05,5.0,5.02,19975382.0,105110156.0,8635987294.0,0.002313039762561744
2024-08-15,5.01,5.09,5.0,5.03,32891362.0,173519861.0,8635987294.0,0.003808639461854215
2024-08-16,5.04,5.05,4.99,5.01,24300393.0,127581329.0,8635987294.0,0.002813852333581259
2024-08-19,4.99,5.04,4.98,5.02,19519062.0,102557843.0,8635987294.0,0.0022602004073768384
2024-08-20,5.03,5.03,4.93,4.94,25989344.0,135084091.0,8635987294.0,0.003009423603258025
2024-08-21,4.96,5.0,4.91,4.92,29238468.0,148637745.0,8635987294.0,0.0033856543559662167
2024-08-22,4.94,4.96,4.88,4.89,28211391.0,142395212.0,8635987294.0,0.0032667244681566805
2024-08-23,4.9,4.97,4.87,4.94,22572136.0,113993984.0,8635987294.0,0.002613729644517006
2024-08-26,4.92,5.01,4.92,4.99,22836129.0,116661744.0,8635987294.0,0.0026442985871303667
2024-08-27,4.99,5.0,4.94,4.98,17494457.0,89236276.0,8635987294.0,0.0020257622440174932
2024-08-28,4.96,5.02,4.94,4.98,18050063.0,92346763.0,8635987294.0,0.0020900983738756295
2024-08-29,4.98,5.03,4.96,4.96,22918760.0,117485932.0,8635987294.0,0.002653866804079622
2024-08-30,4.97,5.08,4.95,5.04,43323396.0,224259910.0,8635987294.0,0.005016611827358717
2024-09-02,5.03,5.04,4.94,4.95,30736788.0,157243436.0,8635987294.0,0.0035591516005766834
2024-09-03,4.95,5.05,4.94,5.0,26696120.0,137184150.0,8635987294.0,0.003091264390644436
2024-09-04,5.0,5.03,4.95,4.96,21080059.0,107818624.0,8635987294.0,0.002440955305092416
2024-09-05,4.96,5.04,4.95,5.02,20323193.0,104235449.0,8635987294.0,0.002353314370219128
2024-09-06,5.1,5.13,5.02,5.03,43656172.0,227372398.0,8635987294.0,0.00505514546441388
2024-09-09,4.99,5.08,4.99,5.0,25229649.0,130223540.0,8635987294.0,0.002921455085688782
2024-09-10,5.03,5.03,4.9,4.97,25777169.0,130862656.0,8635987294.0,0.002984854901061414
2024-09-11,4.96,4.99,4.93,4.97,14812523.0,75492574.0,8635987294.0,0.0017152089848825106
2024-09-12,4.97,5.01,4.95,5.0,19547524.0,99998102.0,8635987294.0,0.002263496150993758
2024-09-13,5.0,5.04,4.98,4.99,18977427.0,97490112.0,8635987294.0,0.002197482042752065
2024-09-18,5.0,5.01,4.92,4.99,21318104.0,108584573.0,8635987294.0,0.0024685196115111375
2024-09-19,5.0,5.09,4.96,5.06,32034541.0,165521386.0,8635987294.0,0.003709424285774082
2024-09-20,5.05,5.1,5.03,5.09,33346090.0,173363416.0,8635987294.0,0.0038612944721639142
2024-09-23,5.1,5.11,5.07,5.1,19441290.0,101548656.0,8635987294.0,0.002251194835998331
2024-09-24,5.13,5.31,5.1,5.31,94827137.0,510600960.0,8635987294.0,0.010980462774173229
2024-09-25,5.38,5.54,5.38,5.41,141509798.0,792046875.0,8635987294.0,0.01638605907842365
2024-09-26,5.39,5.66,5.37,5.66,141532833.0,802850465.0,8635987294.0,0.01638872640518269
2024-09-27,5.8,6.04,5.7,6.04,128751486.0,773014434.0,8635987294.0,0.01490871646944783
2024-09-30,6.55,6.64,6.28,6.64,406848738.0,2737755401.0,8635987294.0,0.04711085416749804
2024-10-08,7.31,7.31,6.88,7.31,376828546.0,2796939289.0,8635987294.0,0.04363468045649026
2024-10-09,7.11,7.3,6.58,6.58,459455286.0,3248325504.0,8635987294.0,0.05320240412109157
2024-10-10,6.59,6.76,6.24,6.36,244133167.0,1608419512.0,8635987294.0,0.02826928279174469
2024-10-11,6.23,6.36,6.09,6.17,174275710.0,1114534270.0,8635987294.0,0.02018017211779376
2024-10-14,6.2,6.22,5.96,6.16,153641174.0,962492832.0,8635987294.0,0.017790805934458104
2024-10-15,6.12,6.18,6.0,6.0,92409810.0,578107154.0,8635987294.0,0.010700549555486643
2024-10-16,5.93,6.13,5.91,6.02,105103210.0,648721455.0,8635987294.0,0.012170375710606042
2024-10-17,6.04,6.16,5.98,6.0,120207590.0,749975773.0,8635987294.0,0.013919380136596111
2024-10-18,6.0,6.54,5.93,6.3,216557311.0,1379669002.0,8635987294.0,0.025076149793603435
2024-10-21,6.23,6.25,6.13,6.2,137007082.0,871545483.0,8635987294.0,0.015864669242298218
2024-10-22,6.19,6.23,6.15,6.21,80576782.0,511767012.0,8635987294.0,0.009330349762786485
2024-10-23,6.22,6.31,6.17,6.21,105228537.0,674093442.0,8635987294.0,0.012184887890364236
2024-10-24,6.18,6.22,6.12,6.18,77190635.0,488132073.0,8635987294.0,0.008938252497618832
2024-10-25,6.18,6.28,6.17,6.24,84527205.0,540555845.0,8635987294.0,0.009787787096297226
2024-10-28,6.22,6.25,6.2,6.24,66742628.0,426309961.0,8635987294.0,0.007728430546252723
2024-10-29,6.27,6.7,6.17,6.35,235729352.0,1539960742.0,8635987294.0,0.027296167070993377
2024-10-30,6.26,6.37,6.21,6.3,169249658.0,1089366963.0,8635987294.0,0.019598182840957757
2024-10-31,6.23,6.49,6.19,6.37,208167981.0,1362346628.0,8635987294.0,0.02410471135646856
2024-11-01,6.36,6.42,6.24,6.25,147388398.0,957575048.0,8635987294.0,0.01706676874135753
2024-11-04,6.37,6.47,6.31,6.47,147377494.0,968486566.0,8635987294.0,0.017065506117915786
2024-11-05,6.5,6.74,6.4,6.73,260738405.0,1775681925.0,8635987294.0,0.030192078348835978
2024-11-06,6.75,6.89,6.61,6.65,214259427.0,1478508004.0,8635987294.0,0.024810067419721703
2024-11-07,6.57,7.12,6.54,7.06,310341189.0,2188276499.0,8635987294.0,0.035935808893050925
2024-11-08,7.14,7.21,6.82,6.85,230318615.0,1644705252.0,8635987294.0,0.02666963337938417
2024-11-11,6.82,6.87,6.72,6.81,134205084.0,934263822.0,8635987294.0,0.015540213229961707
2024-11-12,6.82,6.86,6.58,6.63,141838632.0,978420400.0,8635987294.0,0.016424136253482543
2024-11-13,6.59,6.66,6.49,6.61,123120692.0,830429524.0,8635987294.0,0.01425670138323851
2024-11-14,6.6,6.66,6.44,6.5,101360096.0,683977647.0,8635987294.0,0.011736943623159527
2024-11-15,6.51,6.6,6.33,6.34,96347513.0,638542389.0,8635987294.0,0.011156513982708043
2024-11-18,6.34,6.43,6.25,6.29,84968661.0,552943718.0,8635987294.0,0.009838905281742765
2024-11-19,6.31,6.38,6.24,6.36,73743550.0,477867760.0,8635987294.0,0.008539098946015657
2024-11-20,6.33,6.41,6.29,6.37,67843161.0,442975414.0,8635987294.0,0.007855866236294164
2024-11-21,6.36,6.45,6.34,6.4,69671648.0,457266077.0,8635987294.0,0.00806759501005815
2024-11-22,6.4,6.42,6.11,6.13,86817036.0,558324061.0,8635987294.0,0.010052936976912601
2024-11-25,6.16,6.16,6.02,6.12,57504422.0,360176897.0,8635987294.0,0.006658696920495956
2024-11-26,6.1,6.22,6.09,6.15,47640441.0,301080074.0,8635987294.0,0.005516501979235079
2024-11-27,6.14,6.25,6.11,6.23,66155938.0,420214611.0,8635987294.0,0.0076604950595472706
2024-11-28,6.25,6.27,6.16,6.18,75228543.0,479094785.0,8635987294.0,0.008711052997063384
2024-11-29,6.18,6.42,6.15,6.27,116752200.0,752391727.0,8635987294.0,0.013519264911507638
2024-12-02,6.23,6.35,6.23,6.32,80870366.0,523594859.0,8635987294.0,0.009364345181029396
2024-12-03,6.3,6.37,6.24,6.34,71725471.0,463725068.0,8635987294.0,0.008305416457691235
2024-12-04,6.32,6.41,6.26,6.3,70417379.0,458540148.0,8635987294.0,0.00815394657295567
2024-12-05,6.28,6.36,6.27,6.34,49565902.0,321695723.0,8635987294.0,0.005739459810742978
2024-12-06,6.33,6.45,6.3,6.37,123984701.0,811851987.0,8635987294.0,0.014356748890325545
2024-12-09,6.36,6.39,6.26,6.31,73268840.0,475874524.0,8635987294.0,0.008484130129615264
2024-12-10,6.59,6.62,6.34,6.36,151776024.0,1006969488.0,8635987294.0,0.01757483178622194
2024-12-11,6.35,6.39,6.33,6.36,61673444.0,402847533.0,8635987294.0,0.007141446820197232
2024-12-12,6.35,6.51,6.32,6.44,107654265.0,709363665.0,8635987294.0,0.01246577389881
2024-12-13,6.4,6.4,6.29,6.31,95605172.0,622356998.0,8635987294.0,0.011070554963231978
2024-12-16,6.3,6.32,6.22,6.23,59647246.0,383160938.0,8635987294.0,0.0069068241961681605
2024-12-17,6.23,6.27,6.2,6.22,56579379.0,361940856.0,8635987294.0,0.006551582010699517
2024-12-18,6.23,6.28,6.22,6.24,39694373.0,254442588.0,8635987294.0,0.004596390852448144
2024-12-19,6.2,6.23,6.13,6.23,52871302.0,335483546.0,8635987294.0,0.006122207015836306
2024-12-20,6.22,6.28,6.22,6.25,46102916.0,295820049.0,8635987294.0,0.005338465010483606
2024-12-23,6.23,6.28,6.14,6.15,46874520.0,298670547.0,8635987294.0,0.0054278125249867925
2024-12-24,6.16,6.27,6.15,6.26,51715887.0,330129341.0,8635987294.0,0.005988416290970054
2024-12-25,6.26,6.27,6.18,6.23,82236659.0,526457636.0,8635987294.0,0.009522554422600336
2024-12-26,6.23,6.27,6.22,6.24,36462509.0,233643635.0,8635987294.0,0.004222158713148287
2024-12-27,6.25,6.42,6.24,6.32,91441611.0,595139427.0,8635987294.0,0.010588437417402249
2024-12-30,6.32,6.39,6.28,6.37,50196608.0,325167976.0,8635987294.0,0.005812492109023244
2024-12-31,6.37,6.38,6.13,6.13,76172078.0,484639923.0,8635987294.0,0.008820309179116307
2025-01-02,6.14,6.16,5.77,5.84,99835472.0,605731597.0,8635987294.0,0.011560400519505442
2025-01-03,5.86,5.87,5.7,5.73,69525249.0,410942244.0,8635987294.0,0.0080506428081829
2025-01-06,5.72,5.75,5.66,5.72,44163210.0,257353745.0,8635987294.0,0.005113857686043974
2025-01-07,5.73,5.76,5.66,5.75,37489888.0,218932035.0,8635987294.0,0.004341123570902743
2025-01-08,5.72,5.75,5.6,5.72,47820240.0,277078555.0,8635987294.0,0.005537321718065047
2025-01-09,5.7,5.73,5.67,5.68,29007559.0,168755136.0,8635987294.0,0.003358916359239377
2025-01-10,5.69,5.73,5.6,5.6,34216543.0,197421526.0,8635987294.0,0.003962088159135265
2025-01-13,5.56,5.64,5.54,5.63,31223545.0,178698127.0,8635987294.0,0.0036155153935547232
2025-01-14,5.65,5.81,5.63,5.79,63005865.0,370327538.0,8635987294.0,0.007295733869800203
2025-01-15,5.77,5.82,5.75,5.8,38160400.0,226004813.0,8635987294.0,0.004418765185830298
2025-01-16,5.82,5.89,5.77,5.82,36242580.0,216072372.0,8635987294.0,0.004196692140246681
2025-01-17,5.8,5.87,5.8,5.83,32090385.0,191514718.0,8635987294.0,0.0037158907149267514
2025-01-20,5.87,5.93,5.85,5.89,40310048.0,243099387.0,8635987294.0,0.004667682643304269
2025-01-21,5.94,5.94,5.84,5.87,35316875.0,212274506.0,8635987294.0,0.0040895005744782656
2025-01-22,5.89,5.89,5.75,5.85,36478618.0,216694315.0,8635987294.0,0.00422402404706456
2025-01-23,5.9,6.02,5.88,5.9,59620025.0,362800660.0,8635987294.0,0.006903672153550067
2025-01-24,5.89,5.97,5.88,5.95,40191841.0,243772984.0,8635987294.0,0.004653994920525644
2025-01-27,5.95,5.97,5.84,5.84,36411631.0,219465096.0,8635987294.0,0.004216267319579963
2025-02-05,5.87,5.9,5.83,5.87,36397493.0,218436858.0,8635987294.0,0.004214630216661826
2025-02-06,5.85,5.9,5.79,5.88,58223754.0,348189818.0,8635987294.0,0.006741991623870493
2025-02-07,5.88,6.07,5.86,5.99,81925317.0,500231553.0,8635987294.0,0.009486502725278326
2025-02-10,5.99,6.05,5.97,6.02,48744983.0,299548120.0,8635987294.0,0.005644401889505606
2025-02-11,6.04,6.04,5.95,5.99,33238904.0,203017840.0,8635987294.0,0.0038488829207858257
2025-02-12,5.98,6.06,5.95,6.05,46825255.0,286998086.0,8635987294.0,0.005422107907978587
2025-02-13,6.04,6.09,6.0,6.01,56231512.0,346608421.0,8635987294.0,0.006511300918549036
2025-02-14,6.01,6.06,5.98,6.04,41005095.0,252430331.0,8635987294.0,0.004748165276770265
2025-02-17,6.1,6.11,6.01,6.03,43499561.0,268815823.0,8635987294.0,0.00503701076890445
2025-02-18,6.04,6.04,5.88,5.9,49135767.0,299112555.0,8635987294.0,0.005689652535053857
2025-02-19,5.9,5.96,5.87,5.92,43014445.0,259951551.0,8635987294.0,0.004980836994733077
2025-02-20,5.9,5.92,5.85,5.87,37689233.0,226567171.0,8635987294.0,0.004364206629412857
2025-02-21,5.88,6.02,5.83,5.99,84547985.0,513630236.0,8635987294.0,0.009790193306414561
2025-02-24,5.97,6.0,5.91,5.95,49210938.0,299544800.0,8635987294.0,0.005698356924886879
2025-02-25,5.92,5.92,5.83,5.86,49423273.0,296874938.0,8635987294.0,0.005722944154206626
2025-02-26,5.85,5.98,5.85,5.97,62037888.0,374247070.0,8635987294.0,0.007183647438099161
2025-02-27,5.94,6.0,5.87,5.96,67847202.0,411684075.0,8635987294.0,0.007856334161947877
2025-02-28,5.94,6.02,5.82,5.85,70328917.0,423908467.0,8635987294.0,0.008143703158162614
2025-03-03,5.87,5.88,5.78,5.81,56341178.0,336061141.0,8635987294.0,0.0065239996403357375
2025-03-04,5.78,5.83,5.78,5.81,32565333.0,193445092.0,8635987294.0,0.0037708870904228082
2025-03-05,5.81,5.83,5.76,5.81,42349841.0,250928450.0,8635987294.0,0.004903879493827333
2025-03-06,5.84,5.92,5.81,5.91,72639825.0,436827235.0,8635987294.0,0.008411293639867645
2025-03-07,5.89,5.9,5.83,5.84,46566757.0,279062077.0,8635987294.0,0.005392175256250441
2025-03-10,5.82,5.85,5.78,5.8,37203370.0,220745771.0,8635987294.0,0.004307946356735342
2025-03-11,5.77,5.82,5.75,5.82,33669113.0,199108434.0,8635987294.0,0.003898698765269397
2025-03-12,5.82,5.92,5.8,5.87,51844329.0,310479027.0,8635987294.0,0.006003289170656809
2025-03-13,5.86,5.91,5.8,5.84,33657147.0,200928105.0,8635987294.0,0.003897313168047836
2025-03-14,5.84,6.02,5.84,5.98,102160567.0,621092674.0,8635987294.0,0.011829633778060072
2025-03-17,5.99,6.0,5.92,5.94,51402391.0,312694976.0,8635987294.0,0.005952115172252823
2025-03-18,5.96,5.98,5.92,5.94,35594074.0,216167968.0,8635987294.0,0.004121598699517494
2025-03-19,5.93,5.99,5.93,5.95,39688728.0,241421491.0,8635987294.0,0.004595737192384989
2025-03-20,5.95,5.96,5.91,5.93,35469387.0,214947186.0,8635987294.0,0.004107160628251846
2025-03-21,5.91,5.94,5.82,5.83,47494944.0,284999516.0,8635987294.0,0.005499654224016509
2025-03-24,5.83,5.84,5.78,5.82,34141391.0,202819785.0,8635987294.0,0.003953385969398116
2025-03-25,5.83,5.85,5.79,5.83,29444462.0,175326128.0,8635987294.0,0.0034095073322371657
2025-03-26,5.83,5.85,5.82,5.82,22829917.0,136092100.0,8635987294.0,0.0026435792715745975
2025-03-27,5.82,5.86,5.78,5.84,29930553.0,178355662.0,8635987294.0,0.0034657940060651505
2025-03-28,5.83,5.87,5.81,5.83,35974563.0,214838050.0,8635987294.0,0.00416565724048644
2025-03-31,5.83,5.87,5.74,5.75,51707154.0,305446084.0,8635987294.0,0.005987405057430368
2025-04-01,5.76,5.81,5.74,5.79,29019402.0,171602455.0,8635987294.0,0.003360287713735027
2025-04-02,5.8,5.83,5.78,5.8,21854734.0,129720003.0,8635987294.0,0.002530658424565301
2025-04-03,5.77,5.83,5.76,5.83,30595810.0,181772751.0,8635987294.0,0.003542827120792195
2025-04-07,5.58,5.68,5.25,5.33,128036570.0,705409815.0,8635987294.0,0.014825933114671857
2025-04-08,5.32,5.42,5.3,5.42,81476020.0,447333752.0,8635987294.0,0.009434476595004588
2025-04-09,5.38,5.55,5.3,5.52,77123561.0,429004601.0,8635987294.0,0.00893048569601103
2025-04-10,5.58,5.68,5.51,5.64,71916264.0,413069648.0,8635987294.0,0.00832750924146971
2025-04-11,5.67,5.67,5.6,5.64,39339463.0,226391048.0,8635987294.0,0.004555294219496104
2025-04-14,5.68,5.68,5.63,5.65,34938777.0,201551414.0,8635987294.0,0.004045718898205688
2025-04-15,5.64,5.67,5.61,5.66,30487133.0,175469672.0,8635987294.0,0.0035302429197853796
2025-04-16,5.66,5.68,5.56,5.68,42233598.0,242369884.0,8635987294.0,0.004890419191485207
2025-04-17,5.66,5.71,5.63,5.7,36781401.0,213036593.0,8635987294.0,0.004259084659093293
2025-04-18,5.69,5.73,5.66,5.71,27146013.0,157955690.0,8635987294.0,0.003143359534451858
2025-04-21,5.71,5.73,5.69,5.71,26225130.0,152987048.0,8635987294.0,0.0030367263298569647
2025-04-22,5.71,5.78,5.69,5.75,42601703.0,250388419.0,8635987294.0,0.004933043733123399
2025-04-23,5.76,5.78,5.71,5.72,29229418.0,171201590.0,8635987294.0,0.003384606415563816
2025-04-24,5.71,5.74,5.68,5.72,24677854.0,144048146.0,8635987294.0,0.0028575602487448497
2025-04-25,5.73,5.74,5.7,5.74,32470005.0,189700385.0,8635987294.0,0.003759848630458163
2025-04-28,5.73,5.74,5.64,5.71,40252161.0,234205802.0,8635987294.0,0.004660979645948053
2025-04-29,5.71,5.74,5.67,5.68,28967267.0,168552083.0,8635987294.0,0.0033542507664555627
2025-04-30,5.69,5.73,5.65,5.66,30078665.0,174687506.0,8635987294.0,0.0034829445639524815
2025-05-06,5.69,5.72,5.66,5.71,45908957.0,266992573.0,8635987294.0,0.00531600562125607
2025-05-07,5.81,5.86,5.73,5.75,56403033.0,332481572.0,8635987294.0,0.006531162110345736
2025-05-08,5.74,5.78,5.72,5.78,36175911.0,212787961.0,8635987294.0,0.004188972235419317
2025-05-09,5.78,5.78,5.7,5.71,34763657.0,203253055.0,8635987294.0,0.0040254409619329395
2025-05-12,5.74,5.87,5.72,5.83,63622636.0,376196570.0,8635987294.0,0.007367152571449811
2025-05-13,5.84,5.84,5.72,5.73,70837295.0,416625557.0,8635987294.0,0.008202570544448973
2025-05-14,5.74,5.94,5.7,5.86,104791650.0,623036981.0,8635987294.0,0.01213429877007876
2025-05-15,5.85,5.87,5.75,5.77,52810419.0,312850015.0,8635987294.0,0.0061151570980993615
2025-05-16,5.76,5.78,5.68,5.71,52171270.0,304515888.0,8635987294.0,0.006041147146690093
2025-05-19,5.7,5.74,5.68,5.71,30302229.0,176471057.0,8635987294.0,0.0035088320499328425
2025-05-20,5.72,5.74,5.69,5.72,26559304.0,154921264.0,8635987294.0,0.0030754218476505323
2025-05-21,5.71,5.73,5.7,5.7,21488803.0,125336377.0,8635987294.0,0.0024882856202127247
2025-05-22,5.7,5.7,5.65,5.67,29495022.0,170743990.0,8635987294.0,0.0034153619031482563
2025-05-23,5.66,5.69,5.6,5.6,29380826.0,169450015.0,8635987294.0,0.003402138632187756
2025-05-26,5.62,5.62,5.57,5.59,22269222.0,127222813.0,8635987294.0,0.0025786538634062052
2025-05-27,5.6,5.61,5.57,5.6,22476375.0,128297709.0,8635987294.0,0.0026026410455253736
2025-05-28,5.6,5.61,5.56,5.58,19389437.0,110491225.0,8635987294.0,0.0022451905427733946
2025-05-29,5.58,5.64,5.57,5.62,24723210.0,141902488.0,8635987294.0,0.00286281222497593
2025-05-30,5.61,5.64,5.59,5.63,27664325.0,158737120.0,8635987294.0,0.0032033772234959473
2025-06-03,5.62,5.73,5.6,5.71,42976853.0,249473662.0,8635987294.0,0.004976484047152189
2025-06-04,5.71,5.8,5.69,5.78,55674725.0,327700923.0,8635987294.0,0.006446828035363249
2025-06-05,5.78,5.82,5.75,5.79,56004367.0,331350035.0,8635987294.0,0.006484998772393979
2025-06-06,5.8,5.81,5.75,5.76,29220180.0,172467010.0,8635987294.0,0.0033835367057917305
2025-06-09,5.81,5.85,5.79,5.8,38653292.0,229779888.0,8635987294.0,0.004475839378186098
2025-06-10,5.8,5.85,5.77,5.79,59756009.0,354773811.0,8635987294.0,0.006919418355503662
2025-06-11,5.82,6.37,5.8,6.33,531375929.0,3378402747.0,8635987294.0,0.061530420426762614
2025-06-12,6.09,6.13,5.97,6.03,388964516.0,2401454884.0,8635987294.0,0.04503995927254777
2025-06-13,6.02,6.02,5.88,5.9,193398663.0,1171678524.0,8635987294.0,0.022394505273805466
2025-06-16,5.88,5.96,5.88,5.95,121075035.0,732133334.0,8635987294.0,0.014019825513652499
2025-06-17,5.93,5.96,5.9,5.96,95114569.0,575917614.0,8635987294.0,0.011013745824531547
2025-06-18,5.93,5.95,5.85,5.88,87844379.0,527865558.0,8635987294.0,0.010171897666064352
2025-06-19,5.87,5.89,5.75,5.77,92297200.0,547479363.0,8635987294.0,0.010687509934634232
2025-06-20,5.78,5.82,5.76,5.78,57170531.0,338414667.0,8635987294.0,0.006620034172551435
2025-06-23,5.75,5.87,5.75,5.86,72664643.0,432234112.0,8635987294.0,0.008414167428255135
2025-06-24,5.87,6.01,5.86,5.97,145202978.0,884143851.0,8635987294.0,0.016813709082328345
2025-06-25,5.97,6.24,5.96,6.22,268560143.0,1677895741.0,8635987294.0,0.031097792743000764
2025-06-26,6.22,6.23,6.09,6.11,154382593.0,967893200.0,8635987294.0,0.017876658191387097
2025-06-27,6.1,6.27,6.08,6.09,142063948.0,894934551.0,8635987294.0,0.016450226611461248
2025-06-30,6.1,6.12,6.01,6.06,89796242.0,555212653.0,8635987294.0,0.01039791270447879
2025-07-01,6.07,6.08,6.0,6.05,64408832.0,396861776.0,8635987294.0,0.007458189759583034
2025-07-02,6.06,6.07,6.02,6.06,53223060.0,328686543.0,8635987294.0,0.00616293866446256
2025-07-03,6.06,6.1,6.04,6.09,60106667.0,372961615.0,8635987294.0,0.006960022630158353
2025-07-04,6.06,6.16,6.03,6.08,84793501.0,527797682.0,8635987294.0,0.009818622713689232
2025-07-07,6.05,6.12,6.04,6.09,46948606.0,291912954.0,8635987294.0,0.005436391277766046
2025-07-08,6.09,6.15,6.08,6.13,63715045.0,398560650.0,8635987294.0,0.007377853027211737
2025-07-09,6.13,6.17,6.08,6.1,63960592.0,400844137.0,8635987294.0,0.007406286024116515
2025-07-10,6.09,6.21,6.08,6.18,106050773.0,667760773.0,8635987294.0,0.012280098312983923
2025-07-11,6.22,6.36,6.16,6.24,186137012.0,1194992599.0,8635987294.0,0.021553645884741155
2025-07-14,6.25,6.31,6.21,6.23,95333070.0,609264703.0,8635987294.0,0.011039047042859162
2025-07-15,6.24,6.34,6.19,6.22,90852048.0,579893456.0,8635987294.0,0.010520169253041979
2025-07-16,6.22,6.24,6.15,6.2,67077983.0,424146395.0,8635987294.0,0.007767262817373942
2025-07-17,6.19,6.21,6.16,6.2,51540528.0,325786550.0,8635987294.0,0.005968110679807121
2025-07-18,6.2,6.22,6.19,6.22,59171611.0,375118874.0,8635987294.0,0.006851748269837137
2025-07-21,6.23,6.34,6.21,6.3,86597855.0,556746317.0,8635987294.0,0.010027557018311657
2025-07-22,6.31,6.35,6.24,6.34,85368666.0,550042005.0,8635987294.0,0.009885223668556268
2025-07-23,6.36,6.47,6.32,6.34,140542124.0,918534191.0,8635987294.0,0.01627400773246205
2025-07-24,6.33,6.74,6.32,6.67,271831667.0,1831227390.0,8635987294.0,0.031476617292948046
2025-07-25,6.64,6.69,6.57,6.65,129573412.0,877138271.0,8635987294.0,0.015003890995766442
2025-07-28,6.61,6.76,6.54,6.64,120233942.0,816248926.0,8635987294.0,0.01392243155377667
2025-07-29,6.59,6.62,6.47,6.58,109398395.0,730315427.0,8635987294.0,0.0126677345942839
2025-07-30,6.56,6.61,6.45,6.52,86055758.0,574897570.0,8635987294.0,0.009964785156618828
2025-07-31,6.49,6.53,6.32,6.36,107781777.0,706122094.0,8635987294.0,0.012480539089593524
2025-08-01,6.34,6.39,6.28,6.32,63171674.0,409427175.0,8635987294.0,0.007314933643300934
2025-08-04,6.3,6.34,6.27,6.33,60141784.0,387904233.0,8635987294.0,0.006964088986303226
2025-08-05,6.35,6.44,6.35,6.43,74006959.0,484048964.0,8635987294.0,0.00856960026462957
2025-08-06,6.44,6.47,6.39,6.43,55708195.0,365595569.0,8635987294.0,0.006450703677934337
2025-08-07,6.45,6.5,6.39,6.44,69461182.0,457475082.0,8635987294.0,0.008043224200695542
2025-08-08,6.43,6.45,6.35,6.42,54006029.0,353549230.0,8635987294.0,0.006253602183681027
2025-08-11,6.41,6.49,6.41,6.45,78101538.0,515383238.0,8635987294.0,0.009043730072908094
2025-08-12,6.46,6.5,6.43,6.49,69280846.0,458238875.0,8635987294.0,0.008022342280208547
2025-08-13,6.52,6.76,6.47,6.69,265454483.0,1803379504.0,8635987294.0,0.03073817433525279
2025-08-14,6.7,6.91,6.68,6.7,199179074.0,1360001876.0,8635987294.0,0.02306384518865412
2025-08-15,6.69,6.97,6.65,6.86,214510893.0,1484710573.0,8635987294.0,0.024839185804388007
2025-08-18,6.89,7.01,6.78,6.9,237296944.0,1653445435.0,8635987294.0,0.027477685633565733
2025-08-19,6.92,6.95,6.79,6.8,115750883.0,799419882.0,8635987294.0,0.013403317890523056
2025-08-20,6.78,6.89,6.74,6.89,97826489.0,670741008.0,8635987294.0,0.011327771298131324
2025-08-21,6.9,6.94,6.81,6.84,81435781.0,564043621.0,8635987294.0,0.009429817139330311
2025-08-22,6.83,6.99,6.81,6.98,135485935.0,944291820.0,8635987294.0,0.01568852875618879
2025-08-25,7.07,7.14,6.98,7.07,166866101.0,1184481341.0,8635987294.0,0.019322180003198137
2025-08-26,7.02,7.09,6.97,6.99,79556672.0,562751153.0,8635987294.0,0.009212226615395018
2025-08-27,6.97,7.08,6.78,6.78,177897792.0,1241139995.0,8635987294.0,0.020599589362943777
2025-08-28,6.8,6.85,6.67,6.85,130865314.0,893485375.0,8635987294.0,0.015153486167229648
2025-08-29,6.85,6.92,6.72,6.76,165352762.0,1132950836.0,8635987294.0,0.019146943640697765
2025-09-01,6.82,6.83,6.62,6.65,197687244.0,1333538664.0,8635987294.0,0.02289109945047587
2025-09-02,6.66,6.67,6.52,6.6,135419303.0,898137022.0,8635987294.0,0.01568081313575865
2025-09-03,6.62,6.64,6.38,6.42,138077274.0,898905287.0,8635987294.0,0.015988591610820405
2025-09-04,6.41,6.49,6.37,6.45,112057074.0,725503482.0,8635987294.0,0.012975595051865532
2025-09-05,6.46,6.5,6.39,6.5,82391625.0,534026081.0,8635987294.0,0.00954049863612502
2025-09-08,6.48,6.51,6.41,6.43,116827152.0,757845008.0,8635987294.0,0.013527943942340867
2025-09-09,6.43,6.46,6.38,6.42,93207895.0,602522655.0,8635987294.0,0.010792963424663418
2025-09-10,6.42,6.44,6.34,6.36,88802799.0,570211416.0,8635987294.0,0.010282877449541556
2025-09-11,6.35,6.56,6.33,6.52,132678058.0,862258493.0,8635987294.0,0.015363391987871537
2025-09-12,6.52,6.56,6.38,6.41,160543456.0,1041582156.0,8635987294.0,0.01859005236280747
2025-09-15,6.38,6.47,6.37,6.41,98692895.0,637384414.0,8635987294.0,0.011428096364681844
2025-09-16,6.42,6.43,6.32,6.38,126248400.0,809950007.0,8635987294.0,0.014618872828554673
2025-09-17,6.38,6.48,6.37,6.45,105670650.0,683849413.0,8635987294.0,0.012236082152809151
2025-09-18,6.45,6.46,6.24,6.31,154438454.0,986866968.0,8635987294.0,0.0178831265890466
2025-09-19,6.3,6.33,6.24,6.28,65492490.0,413447019.0,8635987294.0,0.0075836714171061866
2025-09-22,6.28,6.33,6.23,6.32,67307961.0,425795264.0,8635987294.0,0.007793893009403031
2025-09-23,6.3,6.3,6.14,6.24,93135365.0,581964831.0,8635987294.0,0.010784564848156665
2025-09-24,6.23,6.4,6.21,6.36,92052328.0,585157033.0,8635987294.0,0.010659155099030187
2025-09-25,6.33,6.37,6.31,6.33,57117639.0,364097227.0,8635987294.0,0.006613909568820632
2025-09-26,6.31,6.37,6.3,6.3,52997969.0,337865969.0,8635987294.0,0.006136874360250766
2025-09-29,6.3,6.63,6.27,6.55,214138752.0,1398160618.0,8635987294.0,0.024796093916068702
2025-09-30,6.52,6.57,6.45,6.5,103774880.0,677939153.0,8635987294.0,0.012016562376382765
2025-10-09,6.48,6.57,6.43,6.54,103744435.0,680036667.0,8635987294.0,0.012013037012233474
2025-10-10,6.51,6.63,6.5,6.58,97192084.0,644360131.0,8635987294.0,0.011254310675923048
2025-10-13,6.43,6.54,6.41,6.54,87353351.0,569430111.0,8635987294.0,0.01011503931469309
2025-10-14,6.54,6.62,6.48,6.52,117188242.0,773471359.0,8635987294.0,0.01356975618542405
2025-10-15,6.53,6.57,6.44,6.55,85651708.0,561205674.0,8635987294.0,0.009917998380973533
2025-10-16,6.52,6.59,6.5,6.56,70098098.0,461519261.0,8635987294.0,0.008116975582942538
2025-10-17,6.55,6.61,6.41,6.41,89987399.0,588268403.0,8635987294.0,0.010420047637462399
2025-10-20,6.47,6.49,6.39,6.41,67266880.0,435202468.0,8635987294.0,0.00778913605474325
2025-10-21,6.43,6.54,6.42,6.46,77384375.0,503853124.0,8635987294.0,0.008960686527846574
2025-10-22,6.44,6.45,6.4,6.42,47746087.0,308540566.0,8635987294.0,0.0055287352070529806
2025-10-23,6.41,6.47,6.36,6.47,63209713.0,407965308.0,8635987294.0,0.007319338351032085
2025-10-24,6.47,6.52,6.45,6.5,63488537.0,414034427.0,8635987294.0,0.007351624642165667
2025-10-27,6.56,6.78,6.51,6.69,224208001.0,1503539883.0,8635987294.0,0.025962057766779293
2025-10-28,6.64,6.78,6.62,6.72,157932568.0,1065214839.0,8635987294.0,0.01828772584111215
2025-10-29,6.69,6.93,6.62,6.9,240291821.0,1650531784.0,8635987294.0,0.027824475977048607
2025-10-30,6.87,6.96,6.81,6.83,152778483.0,1057661002.0,8635987294.0,0.017690911044547907
2025-10-31,6.9,6.97,6.79,6.83,140674109.0,971541901.0,8635987294.0,0.016289290872131754
2025-11-03,6.81,6.83,6.7,6.8,83489728.0,568545279.0,8635987294.0,0.009667652945483827
2025-11-04,6.77,6.94,6.74,6.85,120756834.0,831068423.0,8635987294.0,0.013982979581720538
2025-11-05,6.76,6.83,6.73,6.76,87651107.0,598947138.0,8635987294.0,0.010149517827671784
2025-11-06,6.76,6.85,6.76,6.81,83333612.0,570945361.0,8635987294.0,0.0096495755682616
2025-11-07,6.77,6.92,6.73,6.83,119252069.0,820975854.0,8635987294.0,0.013808736041431235
2025-11-10,6.82,7.09,6.79,6.96,212783639.0,1493776878.0,8635987294.0,0.024639179257226914
2025-11-11,6.93,6.98,6.87,6.9,89358381.0,622185270.0,8635987294.0,0.010347210800331222
2025-11-12,6.89,6.9,6.79,6.82,80552241.0,554146921.0,8635987294.0,0.009327508049480926
2025-11-13,6.81,6.93,6.76,6.93,88922805.0,613194159.0,8635987294.0,0.010296773486660945
2025-11-14,6.87,6.97,6.86,6.87,72006869.0,500669642.0,8635987294.0,0.008338000803918274
2025-11-17,6.85,6.85,6.76,6.79,68041130.0,465689736.0,8635987294.0,0.007878789961545304
2025-11-18,6.77,6.91,6.77,6.83,94616794.0,652412129.0,8635987294.0,0.01095610620753653
2025-11-19,6.82,6.91,6.69,6.76,99168206.0,677478503.0,8635987294.0,0.011483134773588517
2025-11-20,6.94,7.01,6.83,6.85,198018688.0,1379261949.0,8635987294.0,0.022929478849230925
2025-11-21,6.79,6.84,6.5,6.51,160655797.0,1069750676.0,8635987294.0,0.01860306083493411
2025-11-24,6.55,6.69,6.47,6.64,94103347.0,625493645.0,8635987294.0,0.010896651858830306
2025-11-25,6.64,6.71,6.61,6.67,65914438.0,442708417.0,8635987294.0,0.007632530683063323
2025-11-26,6.67,6.69,6.6,6.62,46136313.0,307851291.0,8635987294.0,0.005342332200054763
2025-11-27,6.59,6.69,6.58,6.62,44120968.0,295044487.0,8635987294.0,0.005108966293946935
2025-11-28,6.61,6.81,6.59,6.72,82985314.0,560987813.0,8635987294.0,0.009609244568673169
2025-12-01,6.66,6.81,6.66,6.81,81923438.0,556738700.0,8635987294.0,0.009486285147375994
2025-12-02,6.78,6.9,6.75,6.81,74397776.0,509929080.0,8635987294.0,0.008614854731396969
2025-12-03,6.84,6.97,6.78,6.79,89365322.0,616793415.0,8635987294.0,0.01034801453009178
2025-12-04,6.76,6.87,6.75,6.77,67011762.0,458933035.0,8635987294.0,0.00775959478849136
2025-12-05,6.73,7.44,6.72,7.15,351960217.0,2517281800.0,8635987294.0,0.040755064246624166
2025-12-08,7.43,7.87,7.34,7.65,829993551.0,6485794786.0,8635987294.0,0.09610870451102356
2025-12-09,7.52,7.55,7.17,7.19,603221588.0,4421725872.0,8635987294.0,0.06984975399617581
2025-12-10,7.15,7.31,7.07,7.21,391243540.0,2835275742.0,8635987294.0,0.0453038577617898
2025-12-11,7.2,7.38,7.08,7.19,354384624.0,2577081413.0,8635987294.0,0.04103579729050954
2025-12-12,7.16,7.21,7.02,7.12,275651342.0,1971341353.0,8635987294.0,0.03191891472460983
2025-12-15,7.03,7.35,7.02,7.21,278099017.0,2020090896.0,8635987294.0,0.032202342075377303
2025-12-16,7.18,7.23,7.08,7.11,140503204.0,1011338393.0,8635987294.0,0.01626950100975913
2025-12-17,7.09,7.42,7.04,7.35,312180643.0,2277481705.0,8635987294.0,0.036148807585311395
2025-12-18,7.3,7.33,7.14,7.15,198597113.0,1428896765.0,8635987294.0,0.022996457294231866
2025-12-19,7.11,7.35,7.11,7.22,195213138.0,1415080633.0,8635987294.0,0.022604611534760788
2025-12-22,7.23,7.38,7.2,7.31,181019762.0,1321491143.0,8635987294.0,0.02096109637930646
2025-12-23,7.31,7.42,7.26,7.29,158680198.0,1163517592.0,8635987294.0,0.01837429729780239
2025-12-24,7.26,7.48,7.26,7.44,186400223.0,1372873875.0,8635987294.0,0.021584124276040187
2025-12-25,7.41,7.57,7.37,7.42,166793395.0,1242803204.0,8635987294.0,0.019313761046855935
2025-12-26,7.42,7.92,7.42,7.65,357350732.0,2748782025.0,8635987294.0,0.041379256341457976
2025-12-29,7.6,7.7,7.46,7.49,181291483.0,1368523445.0,8635987294.0,0.02099256018196731
2025-12-30,7.43,7.6,7.37,7.53,161409147.0,1205038003.0,8635987294.0,0.018690294636276476
2025-12-31,7.5,7.58,7.4,7.42,146680276.0,1096662376.0,8635987294.0,0.016984772094547733
2026-01-05,7.42,7.53,7.41,7.46,166786801.0,1244083944.0,8635987294.0,0.01931299749779368
2026-01-06,7.44,7.8,7.42,7.77,326642522.0,2501470547.0,8635987294.0,0.03782341391666248
2026-01-07,7.74,7.76,7.54,7.62,170482740.0,1301654065.0,8635987294.0,0.019740966978777957
2026-01-08,7.54,7.55,7.24,7.28,253095574.0,1855629311.0,8635987294.0,0.029307080404789673
2026-01-09,7.27,7.34,7.19,7.24,188788334.0,1369997707.0,8635987294.0,0.021860654442042073
2026-01-12,7.23,7.34,7.19,7.29,167750405.0,1217118260.0,8635987294.0,0.0194245775600605
2026-01-13,7.29,7.35,7.16,7.18,159915614.0,1159452309.0,8635987294.0,0.018517351700031347
2026-01-14,7.18,7.3,7.09,7.14,193222990.0,1391531013.0,8635987294.0,0.02237416330316338
2026-01-15,7.1,7.12,6.91,6.95,189338009.0,1326472210.0,8635987294.0,0.021924303794604447
2026-01-16,6.99,7.04,6.85,6.88,136666075.0,945223915.0,8635987294.0,0.015825182500552207
2026-01-19,6.88,6.9,6.83,6.89,101714150.0,697588627.0,8635987294.0,0.011777941136002787
2026-01-20,6.88,6.91,6.85,6.88,83597102.0,574674051.0,8635987294.0,0.0096800862662316
2026-01-21,6.86,6.88,6.78,6.81,119828242.0,818192006.0,8635987294.0,0.013875453717174031
2026-01-22,6.82,6.9,6.81,6.86,98832425.0,677451781.0,8635987294.0,0.011444253174001948
2026-01-23,6.86,6.9,6.84,6.87,114622361.0,787328708.0,8635987294.0,0.01327264122767247
2026-01-26,6.87,7.35,6.87,7.09,326013553.0,2319905359.0,8635987294.0,0.03775058275346277
2026-01-27,7.08,7.08,6.92,6.93,155384511.0,1085544718.0,8635987294.0,0.01799267480487796
2026-01-28,6.93,7.14,6.92,6.93,270523854.0,1896366329.0,8635987294.0,0.031325179714883446
2026-01-29,6.92,7.05,6.84,7.02,208151245.0,1438306033.0,8635987294.0,0.024102773419388497
2026-01-30,6.96,6.98,6.83,6.88,119795893.0,826781865.0,8635987294.0,0.013871707880259418
2026-02-02,6.85,6.93,6.74,6.75,126117756.0,862650826.0,8635987294.0,0.014603744969335756
2026-02-03,6.79,6.82,6.66,6.73,125440781.0,841965037.0,8635987294.0,0.014525354974428011
2026-02-04,6.71,6.84,6.68,6.84,89572559.0,607482541.0,8635987294.0,0.010372011438950595
2026-02-05,6.8,6.96,6.78,6.9,123600713.0,852716931.0,8635987294.0,0.01431228518433251
2026-02-06,6.86,6.94,6.82,6.9,84425340.0,582801233.0,8635987294.0,0.00977599168755794
2026-02-09,6.95,7.06,6.91,6.97,119690571.0,836772059.0,8635987294.0,0.013859512169865867
2026-02-10,6.96,7.06,6.95,7.02,82181573.0,576922123.0,8635987294.0,0.009516175765693524
2026-02-11,7.02,7.03,6.95,6.97,53873550.0,375960856.0,8635987294.0,0.006238261841518638
2026-02-12,6.95,6.97,6.9,6.92,78125983.0,540812504.0,8635987294.0,0.009046560669939772
2026-02-13,6.9,7.03,6.85,6.85,108058124.0,747429562.0,8635987294.0,0.012512538557702051
2026-02-24,6.89,6.92,6.83,6.86,99825933.0,685196787.0,8635987294.0,0.011559295955582957
2026-02-25,6.87,6.97,6.77,6.82,188366903.0,1293593739.0,8635987294.0,0.02181185504185157
2026-02-26,6.81,6.83,6.73,6.75,123046650.0,831430130.0,8635987294.0,0.014248127725418119
2026-02-27,6.73,6.77,6.69,6.75,89371706.0,601518330.0,8635987294.0,0.010348753762304921
2026-03-02,6.68,6.7,6.57,6.64,114542653.0,760296052.0,8635987294.0,0.01326341147810401
2026-03-03,6.63,6.68,6.5,6.51,113462477.0,748255467.0,8635987294.0,0.013138333017098115
2026-03-04,6.47,6.49,6.37,6.41,95005237.0,611057465.0,8635987294.0,0.011001085778114393
2026-03-05,6.46,6.53,6.43,6.52,72000254.0,465389343.0,8635987294.0,0.008337234823171105
2026-03-06,6.48,6.61,6.45,6.6,90310716.0,592211003.0,8635987294.0,0.010457485974156645
2026-03-09,6.5,6.54,6.46,6.47,77818858.0,504952693.0,8635987294.0,0.009010997278106926
2026-03-10,6.5,6.54,6.46,6.49,69954983.0,454375139.0,8635987294.0,0.00810040365026966
2026-03-11,6.5,6.54,6.46,6.52,65228780.0,424328353.0,8635987294.0,0.007553135244341873
2026-03-12,6.5,6.55,6.47,6.52,67158822.0,437559537.0,8635987294.0,0.007776623530544069
2026-03-13,6.49,6.53,6.43,6.43,74130218.0,479952298.0,8635987294.0,0.008583872981321225
2026-03-16,6.43,6.43,6.38,6.41,52322144.0,335376313.0,8635987294.0,0.006058617529040565
2026-03-17,6.43,6.56,6.4,6.47,110122664.0,715689881.0,8635987294.0,0.012751600975201713
2026-03-18,6.47,6.47,6.37,6.44,71900348.0,460908432.0,8635987294.0,0.008325666255895722
2026-03-19,6.4,6.41,6.31,6.33,70229185.0,447007656.0,8635987294.0,0.00813215473913364
2026-03-20,6.36,6.37,6.27,6.27,59890764.0,378115258.0,8635987294.0,0.006935022245992665
2026-03-23,6.2,6.21,5.98,6.01,94360945.0,574435124.0,8635987294.0,0.01092648029549081
2026-03-24,6.08,6.11,6.01,6.07,64010360.0,387790995.0,8635987294.0,0.0074120488857680805
2026-03-25,6.09,6.18,6.06,6.16,57524123.0,352489089.0,8635987294.0,0.0066609781883266396
2026-03-26,6.15,6.16,6.0,6.02,74197030.0,449558080.0,8635987294.0,0.008591609444764892
2026-03-27,5.98,6.08,5.96,6.06,45684030.0,275887618.0,8635987294.0,0.005289960307345492
2026-03-30,5.99,6.0,5.87,5.93,103331996.0,612471901.0,8635987294.0,0.011965278836363235
2026-03-31,5.94,6.0,5.86,5.87,86379156.0,511471669.0,8635987294.0,0.010002232872669162
2026-04-01,5.95,5.97,5.89,5.94,66310431.0,393119446.0,8635987294.0,0.007678384502264183
2026-04-02,5.92,5.93,5.79,5.81,79490358.0,464398654.0,8635987294.0,0.009204547817622113
2026-04-03,5.83,5.84,5.68,5.71,67332975.0,386900660.0,8635987294.0,0.0077967894935163625
2026-04-07,5.71,5.73,5.62,5.66,71205229.0,403772374.0,8635987294.0,0.008245175285224313
2026-04-08,5.75,5.94,5.74,5.93,122062661.0,713503618.0,8635987294.0,0.014134187191869206
2026-04-09,5.87,5.88,5.8,5.81,60087049.0,350677359.0,8635987294.0,0.006957750973272796
2026-04-10,5.89,6.18,5.89,6.0,203186520.0,1233130231.0,8635987294.0,0.023527885473056138
2026-04-13,6.0,6.11,5.97,6.05,87496629.0,530261491.0,8635987294.0,0.010131630121872664
2026-04-14,6.09,6.12,5.97,6.04,99928326.0,602338524.0,8635987294.0,0.011571152503828591
2026-04-15,6.05,6.07,5.99,6.02,68642652.0,413384836.0,8635987294.0,0.007948442912565499
2026-04-16,6.04,6.06,5.99,6.01,88063121.0,530615699.0,8635987294.0,0.010197226790871192
2026-04-17,6.0,6.01,5.94,5.98,78427574.0,468552909.0,8635987294.0,0.00908148325490114
2026-04-20,6.0,6.04,5.98,6.02,83727332.0,503477930.0,8635987294.0,0.009695166186519404
2026-04-21,6.0,6.0,5.94,5.96,62536216.0,373086104.0,8635987294.0,0.007241351089463518
2026-04-22,5.95,6.04,5.92,5.98,69118823.0,413870709.0,8635987294.0,0.00800358090475903
2026-04-23,5.96,5.99,5.91,5.92,55897161.0,332174463.0,8635987294.0,0.006472584905125499
2026-04-24,5.91,5.92,5.85,5.87,45973008.0,270488097.0,8635987294.0,0.0053234223760311155
2026-04-27,5.88,5.92,5.85,5.86,47421629.0,278574436.0,8635987294.0,0.005491164748811869
2026-04-28,5.85,5.97,5.85,5.91,78022734.0,462620291.0,8635987294.0,0.009034605001585358
2026-04-29,5.89,5.96,5.87,5.96,70568439.0,417437457.0,8635987294.0,0.008171438493086786
2026-04-30,6.05,6.15,6.0,6.07,137072596.0,833027427.0,8635987294.0,0.01587225540445544
2026-05-06,6.08,6.19,6.07,6.17,128814121.0,791601955.0,8635987294.0,0.014915969259183119
2026-05-07,6.19,6.21,6.07,6.1,109803849.0,670370261.0,8635987294.0,0.012714683945434716
2026-05-08,6.07,6.11,6.03,6.06,71056841.0,430686272.0,8635987294.0,0.008227992768049574
2026-05-11,6.06,6.16,6.01,6.13,111227370.0,677690441.0,8635987294.0,0.012879519875773453
2026-05-12,6.14,6.19,6.08,6.14,102961351.0,631623472.0,8635987294.0,0.011922360176645252
2026-05-13,6.12,6.14,6.06,6.11,78844241.0,480420997.0,8635987294.0,0.009129731010000256
2026-05-14,6.12,6.16,6.02,6.02,90807117.0,552780818.0,8635987294.0,0.01051496648948173
2026-05-15,6.02,6.03,5.88,5.89,99621561.0,592613908.0,8635987294.0,0.011535630798022802
2026-05-18,5.88,5.93,5.83,5.86,53875425.0,316726922.0,8635987294.0,0.006238478956242893
2026-05-19,5.85,5.95,5.83,5.94,52204665.0,307379395.0,8635987294.0,0.006045014104672211
2026-05-20,5.91,5.92,5.86,5.88,38438422.0,226205283.0,8635987294.0,0.004450958609759159
2026-05-21,5.91,6.08,5.82,5.82,147103469.0,879800918.0,8635987294.0,0.017033775524681775
2026-05-22,5.84,5.86,5.76,5.82,79879303.0,463244705.0,8635987294.0,0.009249585517048816
2026-05-25,5.82,5.88,5.74,5.8,78445829.0,454485955.0,8635987294.0,0.009083597083856478
2026-05-26,5.78,5.91,5.76,5.86,93176772.0,545489476.0,8635987294.0,0.010789359551829835
2026-05-27,5.84,5.96,5.8,5.86,88641551.0,520986833.0,8635987294.0,0.01026420581484473
2026-05-28,5.85,5.86,5.63,5.71,109952383.0,630509575.0,8635987294.0,0.01273188336860932
2026-05-29,5.7,5.82,5.69,5.75,87072690.0,501999350.0,8635987294.0,0.010082540309027
2026-06-01,5.74,5.79,5.69,5.77,55304724.0,318227553.0,8635987294.0,0.006403983947315891
