date,open,high,low,close,volume,amount,outstanding_share,turnover
2015-01-05,4.85,5.2,4.82,5.13,70495280.0,2026692608.0,1046084887.0,0.06738963622939713
2015-01-06,5.08,5.48,5.03,5.26,73058704.0,2193695744.0,1046084887.0,0.06984012952287304
2015-01-07,5.31,5.38,5.12,5.25,43486704.0,1293941760.0,1046084887.0,0.04157091316433482
2015-01-08,5.25,5.26,5.07,5.08,35299096.0,1028747904.0,1046084887.0,0.03374400723944308
2015-01-09,5.06,5.23,5.01,5.04,37459400.0,1094791936.0,1046084887.0,0.03580913983704269
2015-01-12,5.01,5.01,4.83,4.92,34669524.0,968280896.0,1046084887.0,0.03314217080358221
2015-01-13,4.92,5.0,4.89,4.95,20157156.0,568034816.0,1046084887.0,0.019269139866657875
2015-01-14,4.95,4.98,4.83,4.87,23219942.0,646084160.0,1046084887.0,0.022196995949908985
2015-01-15,4.87,5.05,4.81,5.04,27246612.0,765095424.0,1046084887.0,0.02604627247616474
2015-01-16,5.05,5.1,4.97,5.03,28419752.0,812985024.0,1046084887.0,0.027167730222643013
2015-01-19,4.75,4.83,4.53,4.53,52178468.0,1388430720.0,1046084887.0,0.04987976468108558
2015-01-20,4.61,4.68,4.54,4.63,29727212.0,781196800.0,1046084887.0,0.02841759055066054
2015-01-21,4.63,4.83,4.6,4.81,35613808.0,957744128.0,1046084887.0,0.034044854717416445
2015-01-22,4.81,4.86,4.75,4.82,22535188.0,615440192.0,1046084887.0,0.021542408536870488
2015-01-23,4.83,4.87,4.75,4.76,23060662.0,628649536.0,1046084887.0,0.022044732972038433
2015-01-26,4.75,4.83,4.72,4.83,19781028.0,539831296.0,1046084887.0,0.018909582048096254
2015-01-27,4.85,4.9,4.73,4.81,28425234.0,780278720.0,1046084887.0,0.027172970715138533
2015-01-28,4.77,4.79,4.71,4.72,21381972.0,576804352.0,1046084887.0,0.020439997045861157
2015-01-29,4.68,4.69,4.59,4.61,21035992.0,554263232.0,1046084887.0,0.020109259068188796
2015-01-30,4.66,4.67,4.57,4.61,15614916.0,410759680.0,1046084887.0,0.01492700658813743
2015-02-02,4.55,4.62,4.51,4.54,14464889.0,374784352.0,1046084887.0,0.013827643606899753
2015-02-03,4.6,4.65,4.54,4.64,14566799.0,380865664.0,1046084887.0,0.013925063999132223
2015-02-04,4.64,4.74,4.64,4.65,18442224.0,492099840.0,1046084887.0,0.017629758568531925
2015-02-05,4.73,4.74,4.56,4.57,15827652.0,419241888.0,1046084887.0,0.015130370581484177
2015-02-06,4.56,4.6,4.46,4.48,15296919.0,393982656.0,1046084887.0,0.014623018829637293
2015-02-09,4.47,4.48,4.37,4.41,15545567.0,390853600.0,1046084887.0,0.014860712732961986
2015-02-10,4.41,4.51,4.39,4.49,11830625.0,301046688.0,1046084887.0,0.01130943114370794
2015-02-11,4.5,4.59,4.5,4.54,10329657.0,267358944.0,1046084887.0,0.009874587739837981
2015-02-12,4.56,4.58,4.5,4.55,9125878.0,235830096.0,1046084887.0,0.00872384078329582
2015-02-13,4.58,4.7,4.58,4.63,17498334.0,462666720.0,1046084887.0,0.016727451297171833
2015-02-16,4.63,4.72,4.61,4.7,12265202.0,325725024.0,1046084887.0,0.01172486301295738
2015-02-17,4.72,4.8,4.72,4.73,15555086.0,420752608.0,1046084887.0,0.01486981237689939
2015-02-25,4.76,4.76,4.66,4.68,14279987.0,381827840.0,1046084887.0,0.01365088739686572
2015-02-26,4.66,4.77,4.6,4.77,23620618.0,632131392.0,1046084887.0,0.02258002031531118
2015-02-27,4.77,4.79,4.71,4.73,16163176.0,436281312.0,1046084887.0,0.015451113194411344
2015-03-02,4.77,4.82,4.75,4.77,25617756.0,695916672.0,1046084887.0,0.02448917513134859
2015-03-03,4.78,4.78,4.62,4.62,27060644.0,721175808.0,1046084887.0,0.025868497228370722
2015-03-04,4.65,4.69,4.62,4.66,16991740.0,450102880.0,1046084887.0,0.016243175110510894
2015-03-05,4.66,4.67,4.54,4.58,21496746.0,560784960.0,1046084887.0,0.020549714719279757
2015-03-06,4.58,4.61,4.55,4.57,11990710.0,312436896.0,1046084887.0,0.011462463657597989
2015-03-09,4.53,4.63,4.46,4.63,18401974.0,475023584.0,1046084887.0,0.017591281767556977
2015-03-10,4.62,4.65,4.6,4.61,13541069.0,356183648.0,1046084887.0,0.012944522159032013
2015-03-11,4.62,4.67,4.61,4.62,16006258.0,422317728.0,1046084887.0,0.015301108159494899
2015-03-12,4.63,4.74,4.62,4.74,25948544.0,692746688.0,1046084887.0,0.024805390387023153
2015-03-13,4.76,4.78,4.7,4.72,21021548.0,565747840.0,1046084887.0,0.02009545139332464
2015-03-16,4.74,4.82,4.7,4.81,32213644.0,874525440.0,1046084887.0,0.03079448369852991
2015-03-17,4.83,5.05,4.81,5.04,65026040.0,1832989824.0,1046084887.0,0.06216134159674558
2015-03-18,5.04,5.07,4.97,5.06,38392772.0,1096243968.0,1046084887.0,0.036701392475044906
2015-03-19,5.04,5.05,4.95,4.98,32212120.0,916976320.0,1046084887.0,0.03079302683779237
2015-03-20,4.99,5.06,4.93,5.01,31544076.0,897544064.0,1046084887.0,0.03015441327181701
2015-03-23,5.04,5.14,5.04,5.1,38173496.0,1104817664.0,1046084887.0,0.036491776599005585
2015-03-24,5.1,5.11,4.9,5.0,45945956.0,1306717440.0,1046084887.0,0.043921823717160725
2015-03-25,5.0,5.38,4.96,5.28,70313544.0,2099163264.0,1046084887.0,0.06721590654239133
2015-03-26,5.27,5.5,5.2,5.34,53259164.0,1631819904.0,1046084887.0,0.0509128510141644
2015-03-27,5.36,5.39,5.25,5.35,35423612.0,1072902720.0,1046084887.0,0.03386303773261567
2015-03-30,5.41,5.86,5.41,5.66,53554864.0,1727338368.0,1046084887.0,0.051195524058842465
2015-03-31,5.8,5.84,5.47,5.5,73006736.0,2328367872.0,1046084887.0,0.0697904509541012
2015-04-01,5.51,5.66,5.51,5.6,46241100.0,1466777728.0,1046084887.0,0.04420396525621539
2015-04-02,5.64,5.67,5.53,5.59,39138052.0,1241917952.0,1046084887.0,0.037413839437296065
2015-04-03,5.57,5.71,5.53,5.67,45762376.0,1466731904.0,1046084887.0,0.043746331266900335
2015-04-07,5.71,5.91,5.71,5.82,63399324.0,2101799168.0,1046084887.0,0.06060628997501232
2015-04-08,5.85,5.91,5.68,5.78,51829164.0,1709385088.0,1046084887.0,0.04954584914101717
2015-04-09,5.78,5.87,5.59,5.69,52751520.0,1712251648.0,1046084887.0,0.05042757108486933
2015-04-10,5.69,5.81,5.64,5.78,41477936.0,1357292800.0,1046084887.0,0.03965064070369272
2015-04-13,5.82,6.24,5.75,6.15,77247376.0,2619158528.0,1046084887.0,0.07384427111028515
2015-04-14,6.11,6.29,6.03,6.11,57773256.0,2026252544.0,1046084887.0,0.05522807634252726
2015-04-15,6.1,6.1,5.82,5.84,50138456.0,1691651584.0,1046084887.0,0.047929624663433264
2015-04-16,5.82,6.02,5.69,5.89,46757684.0,1558360960.0,1046084887.0,0.044697791337081044
2015-04-17,5.94,6.18,5.92,6.08,69544400.0,2383092736.0,1046084887.0,0.06648064689992983
2015-04-20,6.1,6.26,5.89,5.91,79017608.0,2721065728.0,1046084887.0,0.0755365161871419
2015-04-21,5.92,6.08,5.92,6.07,45325968.0,1549517824.0,1046084887.0,0.04332914906168604
2015-04-22,6.13,6.23,6.08,6.18,61059416.0,2137718400.0,1046084887.0,0.058369465765926894
2015-04-23,6.2,6.22,6.04,6.08,52540036.0,1824863104.0,1046084887.0,0.050225403935120615
2015-04-24,5.98,6.03,5.83,5.91,51937856.0,1751431808.0,1046084887.0,0.049649752754720756
2015-04-27,5.93,6.06,5.93,5.99,45677848.0,1555257856.0,1046084887.0,0.04366552711701684
2015-04-28,5.98,5.98,5.71,5.75,52612104.0,1743248128.0,1046084887.0,0.05029429700574577
2015-04-29,5.62,5.68,5.45,5.65,46869996.0,1494966912.0,1046084887.0,0.04480515547300895
2015-04-30,5.65,5.73,5.53,5.54,49283024.0,1567290880.0,1046084887.0,0.0471118784072444
2015-05-04,5.53,5.64,5.51,5.59,33539156.0,1064146304.0,1046084887.0,0.03206160075229153
2015-05-05,5.58,5.58,5.26,5.28,58282372.0,1790104448.0,1046084887.0,0.055714763423400836
2015-05-06,5.31,5.39,5.18,5.21,42771828.0,1290855808.0,1046084887.0,0.04088753076498657
2015-05-07,5.22,5.35,5.22,5.31,32853852.0,987889728.0,1046084887.0,0.03140648756930182
2015-05-08,5.33,5.37,5.25,5.33,48614152.0,1468593024.0,1046084887.0,0.04647247331850613
2015-05-11,5.38,5.48,5.34,5.47,61550988.0,1891112064.0,1046084887.0,0.058839381741302224
2015-05-12,5.48,5.48,5.38,5.45,42545560.0,1316341760.0,1046084887.0,0.040671230918949315
2015-05-13,5.45,5.5,5.4,5.46,41236104.0,1275551360.0,1046084887.0,0.039419462523981576
2015-05-14,5.45,5.48,5.33,5.37,35767852.0,1096401024.0,1046084887.0,0.034192112365351475
2015-05-15,5.33,5.33,5.18,5.21,42708248.0,1271198848.0,1046084887.0,0.04082675175862664
2015-05-18,5.19,5.31,5.14,5.22,30112596.0,898826624.0,1046084887.0,0.028785996599528352
2015-05-19,5.24,5.47,5.24,5.47,53972364.0,1659052672.0,1046084887.0,0.0515946312490795
2015-05-20,5.48,5.6,5.47,5.49,57663312.0,1817275264.0,1046084887.0,0.055122975885225654
2015-05-21,5.49,5.62,5.45,5.61,49465688.0,1562022272.0,1046084887.0,0.04728649521154969
2015-05-22,5.63,5.78,5.63,5.75,62063972.0,2017939584.0,1046084887.0,0.05932976641885086
2015-05-25,5.75,5.89,5.75,5.85,59526520.0,1977855488.0,1046084887.0,0.05690410093841648
2015-05-26,5.89,5.92,5.76,5.9,70605592.0,2351447808.0,1046084887.0,0.06749508847459336
2015-05-27,5.9,5.92,5.74,5.78,66170304.0,2185095680.0,1046084887.0,0.06325519546483994
2015-05-28,5.78,5.92,5.45,5.46,78443472.0,2563413760.0,1046084887.0,0.07498767353858157
2015-05-29,5.46,5.54,5.22,5.41,50164976.0,1542369024.0,1046084887.0,0.04795497633453527
2015-06-01,5.42,5.68,5.42,5.66,44576360.0,1415758080.0,1046084887.0,0.04261256476789154
2015-06-02,5.8,6.23,5.77,6.23,125864768.0,4379689984.0,1046084887.0,0.12031984169177659
2015-06-03,6.4,6.44,6.09,6.22,104881744.0,3740478976.0,1046084887.0,0.10026121713772546
2015-06-04,6.22,6.22,5.67,6.1,69256448.0,2367164416.0,1046084887.0,0.06620538051994627
2015-06-05,6.14,6.4,6.11,6.22,82573456.0,2931696896.0,1046084887.0,0.07893571260436344
2015-06-08,6.22,6.32,5.99,6.25,81565632.0,2863813888.0,1046084887.0,0.07797228792198391
2015-06-09,6.24,6.47,6.12,6.39,98963888.0,3569980160.0,1046084887.0,0.09460407011883348
2015-06-10,6.29,6.38,6.2,6.26,66179092.0,2369738752.0,1046084887.0,0.06326359631271491
2015-06-11,6.24,6.24,6.12,6.22,57001428.0,2001537920.0,1046084887.0,0.05449025094270385
2015-06-12,6.22,6.35,6.15,6.3,73651992.0,2628771584.0,1046084887.0,0.07040728043707986
2015-06-15,6.33,6.59,6.26,6.46,104142336.0,3802364416.0,1046084887.0,0.0995543834866625
2015-06-16,6.36,6.41,6.08,6.13,70216400.0,2497549568.0,1046084887.0,0.06712304218577245
2015-06-17,6.11,6.22,5.86,6.17,51504276.0,1779517952.0,1046084887.0,0.04923527396300106
2015-06-18,6.15,6.18,5.8,5.83,45140408.0,1548289152.0,1046084887.0,0.04315176383960129
2015-06-19,5.77,5.87,5.41,5.43,46773360.0,1503001472.0,1046084887.0,0.04471277673663591
2015-06-23,5.45,5.71,5.36,5.7,49613272.0,1571743616.0,1046084887.0,0.04742757745242141
2015-06-24,5.74,5.85,5.69,5.82,49592004.0,1628612992.0,1046084887.0,0.04740724640638078
2015-06-25,5.87,5.88,5.47,5.57,44380968.0,1445788672.0,1046084887.0,0.042425780690969875
2015-06-26,5.45,5.53,5.01,5.11,65486368.0,1959410944.0,1046084887.0,0.0626013900151107
2015-06-29,5.3,5.38,4.62,5.07,61018832.0,1768873472.0,1046084887.0,0.058330669679199754
2015-06-30,5.08,5.57,4.83,5.57,62125044.0,1852662784.0,1046084887.0,0.059388147914233275
2015-07-01,5.54,5.68,5.26,5.27,51836616.0,1612385792.0,1046084887.0,0.0495529728458834
2015-07-02,5.28,5.39,4.83,4.89,47826348.0,1391130368.0,1046084887.0,0.045719375735518104
2015-07-03,4.83,5.01,4.4,4.4,60320440.0,1583115264.0,1046084887.0,0.05766304508326197
2015-07-06,4.84,4.84,4.01,4.32,69194672.0,1737726848.0,1046084887.0,0.06614632603902632
2015-07-07,4.18,4.24,3.89,4.01,95607296.0,2197518848.0,1046084887.0,0.09139535155142721
2015-07-08,3.61,3.72,3.61,3.61,81401312.0,1677033984.0,1046084887.0,0.07781520697946953
2015-07-09,3.61,3.97,3.34,3.97,55801880.0,1207045632.0,1046084887.0,0.05334354859100455
2015-07-10,4.11,4.36,4.11,4.36,45849108.0,1124825088.0,1046084887.0,0.043829242320370124
2015-07-13,4.54,4.8,4.45,4.8,70691024.0,1869288064.0,1046084887.0,0.06757675679908756
2015-07-14,4.74,4.97,4.57,4.61,64995648.0,1747616128.0,1046084887.0,0.06213228850518705
2015-07-15,4.39,4.48,4.15,4.15,54465432.0,1325554688.0,1046084887.0,0.052065977318722124
2015-07-16,3.89,4.31,3.88,4.14,40682352.0,950346816.0,1046084887.0,0.03889010586575848
2015-07-17,4.14,4.42,4.1,4.36,40442628.0,986252416.0,1046084887.0,0.038660942818878524
2015-07-20,4.32,4.46,4.25,4.32,40584488.0,1004941632.0,1046084887.0,0.03879655322847619
2015-07-21,4.25,4.41,4.22,4.38,34876920.0,860502144.0,1046084887.0,0.03334043004867539
2015-07-22,4.39,4.5,4.27,4.38,41626572.0,1038408896.0,1046084887.0,0.0397927285990893
2015-07-23,4.37,4.48,4.3,4.47,48305816.0,1211704064.0,1046084887.0,0.04617772094818535
2015-07-24,4.47,4.59,4.4,4.43,60173140.0,1543830912.0,1046084887.0,0.057522234330874146
2015-07-27,4.36,4.41,3.99,3.99,51600168.0,1238461440.0,1046084887.0,0.049326941476021915
2015-07-28,3.91,4.1,3.6,3.9,39399504.0,862934976.0,1046084887.0,0.03766377326508494
2015-07-29,3.94,4.08,3.82,4.08,24875876.0,557874496.0,1046084887.0,0.023779978383341276
2015-07-30,4.1,4.12,3.95,3.96,26110856.0,603553216.0,1046084887.0,0.024960551791242923
2015-07-31,3.92,4.08,3.88,3.95,22018852.0,499244608.0,1046084887.0,0.02104881953045556
2015-08-03,3.94,3.94,3.78,3.83,20344874.0,444564768.0,1046084887.0,0.019448588018842108
2015-08-04,3.88,4.06,3.87,4.04,23325964.0,527017888.0,1046084887.0,0.02229834718948578
2015-08-05,4.04,4.18,4.0,4.03,23463332.0,544561600.0,1046084887.0,0.022429663492500106
2015-08-06,3.97,4.06,3.94,4.0,15942166.0,362167712.0,1046084887.0,0.015239839709107661
2015-08-07,4.04,4.1,4.02,4.08,19065116.0,441029824.0,1046084887.0,0.018225209289349002
2015-08-10,4.1,4.28,4.09,4.25,33171076.0,790868544.0,1046084887.0,0.031709736382034164
2015-08-11,4.25,4.39,4.23,4.29,32815924.0,803214080.0,1046084887.0,0.03137023047346635
2015-08-12,4.24,4.72,4.22,4.51,54575184.0,1395625472.0,1046084887.0,0.052170894234513494
2015-08-13,4.49,4.52,4.33,4.5,45057188.0,1135565440.0,1046084887.0,0.04307221006625631
2015-08-14,4.54,4.55,4.43,4.49,29306708.0,750685312.0,1046084887.0,0.028015611700544528
2015-08-17,4.49,4.6,4.46,4.57,27408920.0,708627520.0,1046084887.0,0.026201430056603046
2015-08-18,4.59,4.61,4.15,4.18,38981084.0,974211712.0,1046084887.0,0.03726378660511133
2015-08-19,4.13,4.31,4.02,4.3,28705768.0,685580224.0,1046084887.0,0.027441145892398308
2015-08-20,4.24,4.42,4.19,4.21,36389388.0,441296672.0,2092169774.0,0.017393133412126238
2015-08-21,4.17,4.2,3.82,3.83,41418392.0,465944672.0,2092169774.0,0.019796859946414655
2015-08-24,3.7,3.7,3.45,3.45,40648688.0,400189216.0,2092169774.0,0.01942896246048147
2015-08-25,3.11,3.27,3.11,3.11,71701848.0,632445696.0,2092169774.0,0.034271524658782304
2015-08-26,3.13,3.25,2.86,2.91,56868480.0,498606848.0,2092169774.0,0.027181579959103263
2015-08-27,2.91,3.07,2.86,3.07,47036120.0,396860992.0,2092169774.0,0.022481980470481645
2015-08-28,3.11,3.31,3.08,3.28,56345688.0,506137760.0,2092169774.0,0.026931699664254877
2015-08-31,3.28,3.33,3.11,3.33,52010312.0,472623072.0,2092169774.0,0.024859508366073927
2015-09-01,3.27,3.39,3.08,3.37,73630160.0,675101824.0,2092169774.0,0.03519320511892645
2015-09-02,3.2,3.58,3.18,3.54,92605728.0,897359936.0,2092169774.0,0.04426300826579096
2015-09-07,3.57,3.71,3.41,3.43,56471420.0,569496128.0,2092169774.0,0.0269917961256236
2015-09-08,3.39,3.53,3.24,3.49,38911844.0,371870880.0,2092169774.0,0.01859879847399038
2015-09-09,3.49,3.57,3.48,3.55,49796784.0,497011872.0,2092169774.0,0.023801502449198465
2015-09-10,3.5,3.53,3.4,3.41,27744180.0,271692416.0,2092169774.0,0.013260960149976816
2015-09-11,3.39,3.45,3.33,3.38,20025352.0,192022192.0,2092169774.0,0.009571571221829535
2015-09-14,3.39,3.46,3.08,3.12,35562940.0,328608576.0,2092169774.0,0.016998113844273518
2015-09-15,2.93,3.12,2.93,2.96,28200436.0,239656576.0,2092169774.0,0.013479038054394528
2015-09-16,3.04,3.25,2.98,3.21,29309436.0,256790288.0,2092169774.0,0.014009109759751266
2015-09-17,3.2,3.26,3.1,3.11,30430788.0,274178240.0,2092169774.0,0.014545085383687414
2015-09-18,3.13,3.16,3.08,3.12,16377916.0,144900032.0,2092169774.0,0.007828196451135614
2015-09-21,3.1,3.21,3.06,3.19,20729328.0,184548208.0,2092169774.0,0.009908052519259844
2015-09-22,3.19,3.27,3.18,3.24,28799062.0,262585200.0,2092169774.0,0.013765164929679363
2015-09-23,3.2,3.21,3.12,3.14,21858360.0,195758240.0,2092169774.0,0.010447698973400808
2015-09-24,3.16,3.19,3.13,3.16,14692151.0,131112760.0,2092169774.0,0.0070224468313153255
2015-09-25,3.16,3.16,3.0,3.02,22303152.0,193673456.0,2092169774.0,0.010660297398981541
2015-09-28,3.05,3.09,3.02,3.07,10590791.0,91615224.0,2092169774.0,0.005062108788500259
2015-09-29,3.03,3.03,2.97,2.98,13826341.0,117080568.0,2092169774.0,0.006608613302717564
2015-09-30,2.99,3.05,2.99,3.01,10636606.0,90739904.0,2092169774.0,0.0050840071069681745
2015-10-08,3.22,3.22,3.11,3.13,21527412.0,191577424.0,2092169774.0,0.01028951486993426
2015-10-09,3.13,3.18,3.11,3.16,22196348.0,197480768.0,2092169774.0,0.010609248004555103
2015-10-12,3.17,3.34,3.17,3.32,43334328.0,400559936.0,2092169774.0,0.020712625016635004
2015-10-13,3.29,3.31,3.26,3.3,29030536.0,269865248.0,2092169774.0,0.013875803178485266
2015-10-14,3.27,3.32,3.23,3.24,29661060.0,274642816.0,2092169774.0,0.01417717642640984
2015-10-15,3.24,3.32,3.22,3.31,35977272.0,333606816.0,2092169774.0,0.01719615322193255
2015-10-16,3.33,3.39,3.29,3.36,46106284.0,435324896.0,2092169774.0,0.02203754426288734
2015-10-19,3.37,3.39,3.31,3.34,37325528.0,353361504.0,2092169774.0,0.017840582759513664
2015-10-20,3.35,3.39,3.33,3.39,34065856.0,320710848.0,2092169774.0,0.016282548588238997
2015-10-21,3.4,3.4,3.11,3.15,49265556.0,451332352.0,2092169774.0,0.023547589976796977
2015-10-22,3.15,3.23,3.11,3.22,29163244.0,259262304.0,2092169774.0,0.013939233977290029
2015-10-23,3.24,3.28,3.2,3.26,35238260.0,318750720.0,2092169774.0,0.016842925673583507
2015-10-26,3.3,3.35,3.27,3.32,40735696.0,376518880.0,2092169774.0,0.01947054990767685
2015-10-27,3.3,3.31,3.19,3.29,29014156.0,264125184.0,2092169774.0,0.013867973985939058
2015-10-28,3.28,3.32,3.22,3.23,28709070.0,261937232.0,2092169774.0,0.013722151211998152
2015-10-29,3.25,3.26,3.21,3.24,22061616.0,199877440.0,2092169774.0,0.010544849789040113
2015-10-30,3.25,3.25,3.17,3.21,23941018.0,215396480.0,2092169774.0,0.011443152605262713
2015-11-02,3.17,3.21,3.15,3.17,21279088.0,189461968.0,2092169774.0,0.010170822781421179
2015-11-03,3.19,3.21,3.16,3.18,15487000.0,138088624.0,2092169774.0,0.007402362940360499
2015-11-04,3.2,3.34,3.18,3.34,54567780.0,501952800.0,2092169774.0,0.026081908207512418
2015-11-05,3.35,3.49,3.32,3.41,77755832.0,738798720.0,2092169774.0,0.03716516363360864
2015-11-06,3.41,3.46,3.37,3.44,53906368.0,516780320.0,2092169774.0,0.025765771339357854
2015-11-09,3.41,3.74,3.4,3.64,87670240.0,880105920.0,2092169774.0,0.04190397982491836
2015-11-10,3.6,3.66,3.54,3.63,61816508.0,621731264.0,2092169774.0,0.02954660217741966
2015-11-11,3.61,3.63,3.56,3.61,37551480.0,377773408.0,2092169774.0,0.01794858164316449
2015-11-12,3.6,3.61,3.51,3.55,40557384.0,403640896.0,2092169774.0,0.019385321642640268
2015-11-13,3.52,3.64,3.5,3.55,40893736.0,408521952.0,2092169774.0,0.01954608871048531
2015-11-16,3.51,3.64,3.47,3.64,33092512.0,328763328.0,2092169774.0,0.015817316745156264
2015-11-17,3.66,3.8,3.66,3.69,65854888.0,687947712.0,2092169774.0,0.03147683750066451
2015-11-18,3.7,3.73,3.58,3.59,32993376.0,336226880.0,2092169774.0,0.015769932445262445
2015-11-19,3.61,3.64,3.58,3.63,26720168.0,269574592.0,2092169774.0,0.012771510386995965
2015-11-20,3.63,3.81,3.6,3.74,56916476.0,589193536.0,2092169774.0,0.027204520735992624
2015-11-23,3.74,3.81,3.68,3.69,44649552.0,467798720.0,2092169774.0,0.021341266160553946
2015-11-24,3.7,3.71,3.59,3.65,30443806.0,309461504.0,2092169774.0,0.014551307632073648
2015-11-25,3.65,3.73,3.63,3.69,29924556.0,308202048.0,2092169774.0,0.01430312031646816
2015-11-26,3.7,3.71,3.62,3.63,30643184.0,314100832.0,2092169774.0,0.014646604869648595
2015-11-27,3.63,3.63,3.34,3.39,43937460.0,433024288.0,2092169774.0,0.02100090563682907
2015-11-30,3.38,3.46,3.22,3.35,28368632.0,265748176.0,2092169774.0,0.013559431147770707
2015-12-01,3.36,3.44,3.33,3.41,22490884.0,213007136.0,2092169774.0,0.010750028166691218
2015-12-02,3.41,3.56,3.37,3.55,31870090.0,311679520.0,2092169774.0,0.015233032422157533
2015-12-03,3.54,3.55,3.5,3.55,22767458.0,224939168.0,2092169774.0,0.01088222298349675
2015-12-04,3.52,3.54,3.44,3.47,24605798.0,240174416.0,2092169774.0,0.011760899285413346
2015-12-07,3.47,3.65,3.45,3.63,33519852.0,332902496.0,2092169774.0,0.016021573591474703
2015-12-08,3.64,3.7,3.52,3.53,43321328.0,436967168.0,2092169774.0,0.02070641137175706
2015-12-09,3.54,3.54,3.44,3.47,21230624.0,206187136.0,2092169774.0,0.010147658313316212
2015-12-10,3.47,3.5,3.41,3.42,18024248.0,173930288.0,2092169774.0,0.008615098174150375
2015-12-11,3.4,3.46,3.38,3.43,13619395.0,130001424.0,2092169774.0,0.00650969876787829
2015-12-14,3.42,3.51,3.39,3.51,20287116.0,195891232.0,2092169774.0,0.009696687263201042
2015-12-15,3.5,3.54,3.46,3.51,22169944.0,216856576.0,2092169774.0,0.01059662761383532
2015-12-16,3.52,3.52,3.47,3.47,15871261.0,155496016.0,2092169774.0,0.007586029201471486
2015-12-17,3.49,3.56,3.49,3.54,26986896.0,266454592.0,2092169774.0,0.012898999084765479
2015-12-18,3.54,3.55,3.48,3.5,22655840.0,222749936.0,2092169774.0,0.01082887262857474
2015-12-21,3.5,3.63,3.48,3.63,47390440.0,474284608.0,2092169774.0,0.02265133575149337
2015-12-22,3.64,3.64,3.58,3.61,32530774.0,327823456.0,2092169774.0,0.015548821326198932
2015-12-23,3.61,3.63,3.51,3.53,44138160.0,441309760.0,2092169774.0,0.021096834754290833
2015-12-24,3.53,3.59,3.51,3.56,33620024.0,334172416.0,2092169774.0,0.016069453071068027
2015-12-25,3.57,3.59,3.54,3.56,24998836.0,248354368.0,2092169774.0,0.01194876071276231
2015-12-28,3.57,3.59,3.47,3.47,32743296.0,323971360.0,2092169774.0,0.01565040103671816
2015-12-29,3.47,3.51,3.45,3.5,15575309.0,151783632.0,2092169774.0,0.007444572230016358
2015-12-30,3.51,3.52,3.47,3.5,17158732.0,167702224.0,2092169774.0,0.00820140516952139
2015-12-31,3.49,3.51,3.45,3.45,16730490.0,162511504.0,2092169774.0,0.00799671719184296
2016-01-04,3.46,3.48,3.19,3.21,23454408.0,219521376.0,2092169774.0,0.011210566318027687
2016-01-05,3.06,3.27,3.06,3.17,30402632.0,269636256.0,2092169774.0,0.014531627584827157
2016-01-06,3.2,3.31,3.17,3.29,24463824.0,221743408.0,2092169774.0,0.011693039591728658
2016-01-07,3.24,3.25,2.99,3.0,7729808.0,67155760.0,2092169774.0,0.0036946370682057277
2016-01-08,3.11,3.15,2.95,3.09,27289146.0,235455456.0,2092169774.0,0.01304346632817763
2016-01-11,3.05,3.15,2.97,2.98,24814122.0,212782512.0,2092169774.0,0.011860472466609682
2016-01-12,3.0,3.04,2.95,3.0,17505860.0,146824192.0,2092169774.0,0.008367322870997562
2016-01-13,3.02,3.05,2.95,2.96,14712361.0,123744056.0,2092169774.0,0.00703210665923711
2016-01-14,2.89,3.01,2.87,2.99,22725778.0,187859472.0,2092169774.0,0.010862301082072702
2016-01-15,2.97,2.99,2.88,2.9,19315832.0,158274256.0,2092169774.0,0.009232440043845122
2016-01-18,2.84,2.92,2.84,2.89,18789640.0,151537760.0,2092169774.0,0.008980934641874813
2016-01-19,2.89,2.99,2.88,2.97,18631244.0,153255600.0,2092169774.0,0.008905225680791237
2016-01-20,2.96,2.97,2.9,2.92,14614426.0,120010368.0,2092169774.0,0.0069852964045354765
2016-01-21,2.9,2.95,2.84,2.84,17322032.0,140029216.0,2092169774.0,0.008279458108642
2016-01-22,2.86,2.89,2.82,2.87,12206059.0,97534648.0,2092169774.0,0.0058341627680928345
2016-01-25,2.89,2.91,2.87,2.9,12221495.0,98832048.0,2092169774.0,0.005841540754426366
2016-01-26,2.88,2.94,2.68,2.81,24337948.0,193697568.0,2092169774.0,0.011632874302293596
2016-01-27,2.81,2.83,2.65,2.74,25437624.0,194142080.0,2092169774.0,0.0121584893903548
2016-01-28,2.73,2.76,2.5,2.54,20677476.0,154041760.0,2092169774.0,0.009883268679705149
2016-01-29,2.54,2.6,2.51,2.58,43958912.0,314489888.0,2092169774.0,0.021011159106823038
2016-02-01,2.56,2.57,2.5,2.53,26657744.0,189290320.0,2092169774.0,0.012741673420237453
2016-02-02,2.54,2.6,2.53,2.58,19975388.0,143686320.0,2092169774.0,0.00954768979470019
2016-02-03,2.55,2.57,2.52,2.56,14915766.0,106054776.0,2092169774.0,0.00712932869280617
2016-02-04,2.56,2.6,2.56,2.59,18019536.0,130150880.0,2092169774.0,0.008612845966868461
2016-02-05,2.6,2.6,2.56,2.57,13815858.0,99641720.0,2092169774.0,0.006603602715082529
2016-02-15,2.5,2.55,2.48,2.53,15636871.0,110123056.0,2092169774.0,0.007473997184322193
2016-02-16,2.56,2.64,2.56,2.63,25459182.0,185759472.0,2092169774.0,0.012168793525453159
2016-02-17,2.63,2.67,2.61,2.66,24262074.0,179203824.0,2092169774.0,0.011596608602949829
2016-02-18,2.68,2.7,2.66,2.66,24564410.0,183959392.0,2092169774.0,0.01174111695201271
2016-02-19,2.67,2.68,2.65,2.67,16453271.0,122690640.0,2092169774.0,0.007864214082656947
2016-02-22,2.7,2.75,2.68,2.73,24884692.0,188822544.0,2092169774.0,0.011894202998843247
2016-02-23,2.73,2.94,2.68,2.86,49626752.0,390714592.0,2092169774.0,0.02372023179797645
2016-02-24,2.81,2.84,2.76,2.82,27579140.0,216679344.0,2092169774.0,0.013182075538387928
2016-02-25,2.81,2.82,2.56,2.57,31127412.0,233762768.0,2092169774.0,0.014878052625952907
2016-02-26,2.58,2.64,2.57,2.62,18709312.0,136367040.0,2092169774.0,0.008942540052201327
2016-02-29,2.6,2.61,2.48,2.55,21512088.0,152694096.0,2092169774.0,0.010282190416541215
2016-03-01,2.57,2.63,2.54,2.61,14557924.0,105207168.0,2092169774.0,0.006958289992005209
2016-03-02,2.61,2.73,2.61,2.72,23494138.0,176406640.0,2092169774.0,0.011229556172720045
2016-03-03,2.73,2.78,2.7,2.75,28796524.0,220368608.0,2092169774.0,0.013763951835010117
2016-03-04,2.84,3.0,2.84,2.89,95453832.0,777135552.0,2092169774.0,0.04562432417590218
2016-03-07,2.9,2.99,2.83,2.89,42501840.0,344215264.0,2092169774.0,0.020314718493777455
2016-03-08,2.87,2.87,2.77,2.86,27660186.0,218545696.0,2092169774.0,0.01322081331244775
2016-03-09,2.82,2.82,2.76,2.79,17666764.0,138065040.0,2092169774.0,0.008444230587569898
2016-03-10,2.8,2.84,2.76,2.77,18120962.0,142060464.0,2092169774.0,0.008661324824206165
2016-03-11,2.77,2.78,2.74,2.77,13731248.0,106092904.0,2092169774.0,0.006563161446380785
2016-03-14,2.8,2.88,2.78,2.86,26178276.0,208644496.0,2092169774.0,0.012512500813903834
2016-03-15,2.84,2.88,2.81,2.83,15315600.0,121842920.0,2092169774.0,0.007320438422508249
2016-03-16,2.83,2.85,2.79,2.8,14388377.0,113375944.0,2092169774.0,0.006877251157534407
2016-03-17,2.82,2.87,2.8,2.85,20235096.0,160721664.0,2092169774.0,0.009671823124235614
2016-03-18,2.85,2.91,2.84,2.9,28646876.0,231561808.0,2092169774.0,0.013692424178956712
2016-03-21,2.92,2.98,2.91,2.95,37748152.0,310773152.0,2092169774.0,0.01804258548665946
2016-03-22,2.94,3.02,2.93,2.96,32356448.0,269823168.0,2092169774.0,0.015465498260276463
2016-03-23,2.94,2.96,2.91,2.94,20361234.0,166787088.0,2092169774.0,0.009732113642513602
2016-03-24,2.92,2.92,2.85,2.86,22155260.0,178943296.0,2092169774.0,0.010589609062959342
2016-03-25,2.86,2.88,2.85,2.88,14188512.0,113602608.0,2092169774.0,0.00678172114726288
2016-03-28,2.89,2.91,2.83,2.85,17321476.0,139278704.0,2092169774.0,0.008279192355830297
2016-03-29,2.84,2.86,2.82,2.83,14540072.0,115247488.0,2092169774.0,0.006949757223669746
2016-03-30,2.84,2.91,2.84,2.91,17780024.0,143081536.0,2092169774.0,0.00849836577363726
2016-03-31,2.92,2.93,2.87,2.89,18543746.0,150193168.0,2092169774.0,0.008863404026981225
2016-04-01,2.89,2.91,2.86,2.91,17985282.0,145180720.0,2092169774.0,0.008596473490587767
2016-04-05,2.91,2.97,2.91,2.96,37487752.0,309585568.0,2092169774.0,0.017918121400027454
2016-04-06,2.94,2.97,2.94,2.96,17490028.0,144621536.0,2092169774.0,0.008359755607481595
2016-04-07,2.96,2.99,2.9,2.92,20612224.0,170065152.0,2092169774.0,0.009852080006199344
2016-04-08,2.9,2.91,2.85,2.87,24385968.0,196047168.0,2092169774.0,0.011655826550527347
2016-04-11,2.89,2.96,2.89,2.94,24142938.0,198158464.0,2092169774.0,0.011539664849397637
2016-04-12,2.94,2.99,2.94,2.97,29173622.0,242037552.0,2092169774.0,0.013944194377793357
2016-04-13,3.02,3.12,3.02,3.07,62765484.0,542219456.0,2092169774.0,0.030000186782165032
2016-04-14,3.11,3.17,3.07,3.11,33825140.0,294630976.0,2092169774.0,0.01616749291589756
2016-04-15,3.11,3.15,3.08,3.09,25975124.0,226194464.0,2092169774.0,0.012415399707423553
2016-04-18,3.09,3.09,3.01,3.02,21976346.0,186103104.0,2092169774.0,0.010504093058367643
2016-04-19,3.04,3.07,3.0,3.06,17987016.0,152986176.0,2092169774.0,0.008597302295219949
2016-04-20,3.07,3.08,2.91,2.97,27011504.0,225030336.0,2092169774.0,0.012910761036546741
2016-04-21,2.96,3.0,2.94,2.94,14306478.0,118860288.0,2092169774.0,0.006838105672776057
2016-04-22,2.93,2.96,2.92,2.95,10869399.0,89394456.0,2092169774.0,0.005195275801742847
2016-04-25,2.94,2.94,2.84,2.9,17522700.0,141493024.0,2092169774.0,0.00837537193097791
2016-04-26,2.9,2.91,2.87,2.9,11079013.0,89598528.0,2092169774.0,0.005295465567700148
2016-04-27,2.91,2.94,2.9,2.9,12098538.0,98726088.0,2092169774.0,0.005782770667252743
2016-04-28,2.91,2.92,2.86,2.87,13827687.0,111501656.0,2092169774.0,0.006609256653948773
2016-04-29,2.86,2.89,2.86,2.87,11533528.0,92897832.0,2092169774.0,0.0055127113216768995
2016-05-03,2.87,2.92,2.86,2.91,21129008.0,171206528.0,2092169774.0,0.010099088641168754
2016-05-04,2.9,2.99,2.9,2.95,24086780.0,197786128.0,2092169774.0,0.011512822859470294
2016-05-05,2.93,2.96,2.93,2.95,14477825.0,119124136.0,2092169774.0,0.0069200048580761115
2016-05-06,2.94,2.96,2.86,2.86,19883840.0,161588832.0,2092169774.0,0.009503932351524356
2016-05-09,2.86,2.86,2.73,2.75,22470676.0,174507040.0,2092169774.0,0.010740369294714799
2016-05-10,2.75,2.77,2.73,2.74,10839135.0,83314248.0,2092169774.0,0.005180810436466998
2016-05-11,2.75,2.77,2.72,2.75,8721070.0,67027689.0,2092169774.0,0.004168433225820994
2016-05-12,2.73,2.77,2.7,2.76,9198344.0,70428687.0,2092169774.0,0.0043965571600882904
2016-05-13,2.76,2.78,2.71,2.73,9797506.0,75252088.0,2092169774.0,0.00468294022873117
2016-05-16,2.72,2.77,2.71,2.77,9863456.0,75730852.0,2092169774.0,0.0047144625271696525
2016-05-17,2.77,2.81,2.75,2.77,9790234.0,75952394.0,2092169774.0,0.004679464411380986
2016-05-18,2.75,2.75,2.67,2.75,20880896.0,158509330.0,2092169774.0,0.009980497882864453
2016-05-19,2.72,2.76,2.72,2.72,9432988.0,72124587.0,2092169774.0,0.004508710582299044
2016-05-20,2.71,2.73,2.68,2.72,6273363.0,47529873.0,2159455763.0,0.002905066687397569
2016-05-23,2.74,2.75,2.72,2.73,6470949.0,49524015.0,2159455763.0,0.002996564741391278
2016-05-24,2.73,2.73,2.7,2.71,7511108.0,57013821.0,2159455763.0,0.0034782411979420577
2016-05-25,2.72,2.74,2.7,2.71,7325907.0,55671108.0,2159455763.0,0.0033924783853050847
2016-05-26,2.7,2.75,2.69,2.74,11185241.0,85120408.0,2159455763.0,0.005179657389443823
2016-05-27,2.73,2.76,2.72,2.76,11288694.0,86806215.0,2159455763.0,0.005227564367568848
2016-05-30,2.75,2.77,2.73,2.76,7009357.0,53914158.0,2159455763.0,0.003245890524871104
2016-05-31,2.76,2.84,2.75,2.84,15935823.0,125576668.0,2159455763.0,0.007379555197676906
2016-06-01,2.84,2.85,2.82,2.82,11729151.0,92902770.0,2159455763.0,0.005431531037109742
2016-06-02,2.82,2.82,2.8,2.81,13349620.0,104842202.0,2159455763.0,0.006181937240267514
2016-06-03,2.81,2.85,2.8,2.84,16122549.0,127380977.0,2159455763.0,0.007466024206766768
2016-06-06,2.84,2.85,2.8,2.81,10965824.0,86259976.0,2159455763.0,0.005078049843802241
2016-06-07,2.81,2.81,2.79,2.8,8550845.0,66909305.0,2159455763.0,0.003959722234884234
2016-06-08,2.79,2.8,2.77,2.77,11463635.0,89092800.0,2159455763.0,0.0053085759830867165
2016-06-13,2.75,2.76,2.7,2.7,13734605.0,104971695.0,2159455763.0,0.006360215955949638
2016-06-14,2.7,2.72,2.69,2.71,6132872.0,46383262.0,2159455763.0,0.00284000816552036
2016-06-15,2.69,2.76,2.68,2.76,12175010.0,93317079.0,2159455763.0,0.005637999262872606
2016-06-16,2.76,2.76,2.71,2.72,10998855.0,84025263.0,2159455763.0,0.005093345827431983
2016-06-17,2.72,2.75,2.72,2.73,11788652.0,90222369.0,2159455763.0,0.005459084738843062
2016-06-22,2.82,2.84,2.78,2.8,39206349.0,307732147.0,2159455763.0,0.018155662029183228
2016-06-23,2.8,2.8,2.75,2.77,22823363.0,176708254.0,2159455763.0,0.010569034749891286
2016-06-24,2.76,2.78,2.68,2.73,19810301.0,151817719.0,2159455763.0,0.009173747079902558
2016-06-27,2.71,2.75,2.71,2.75,13774913.0,105451854.0,2159455763.0,0.006378881770128671
2016-06-28,2.74,2.85,2.72,2.83,33938841.0,264018754.0,2159455763.0,0.015716386314323403
2016-06-29,2.81,2.82,2.8,2.8,18752149.0,147306954.0,2159455763.0,0.008683738431366978
2016-06-30,2.81,2.84,2.78,2.79,12823356.0,100343784.0,2159455763.0,0.005938235095950886
2016-07-01,2.8,2.82,2.8,2.81,16359702.0,128606051.0,2159455763.0,0.007575844932925352
2016-07-04,2.81,2.85,2.79,2.84,21717174.0,172060428.0,2159455763.0,0.010056781144629542
2016-07-05,2.84,2.91,2.84,2.87,33430466.0,268850161.0,2159455763.0,0.015480968201708885
2016-07-06,2.86,2.89,2.83,2.87,20538100.0,164202496.0,2159455763.0,0.009510775979716144
2016-07-07,2.87,2.87,2.85,2.86,18692082.0,149448254.0,2159455763.0,0.008655922626556718
2016-07-08,2.86,2.87,2.84,2.85,16246848.0,129519522.0,2159455763.0,0.007523584543093046
2016-07-11,2.85,2.88,2.84,2.85,18972796.0,151827994.0,2159455763.0,0.008785915564967283
2016-07-12,2.85,2.91,2.85,2.91,27004002.0,217612348.0,2159455763.0,0.012505003558158093
2016-07-13,2.92,2.93,2.89,2.92,29545645.0,240678761.0,2159455763.0,0.013681986686753907
2016-07-14,2.91,2.91,2.89,2.91,15041378.0,122072647.0,2159455763.0,0.006965355927969524
2016-07-15,3.04,3.04,2.92,2.93,23526561.0,193768539.0,2159455763.0,0.010894671427450769
2016-07-18,2.93,2.93,2.9,2.91,14188285.0,115592828.0,2159455763.0,0.006570305927586626
2016-07-19,2.91,2.97,2.9,2.96,31907387.0,263804257.0,2159455763.0,0.01477566132481131
2016-07-20,2.95,3.0,2.94,2.97,24212200.0,201482614.0,2159455763.0,0.01121217688958975
2016-07-21,2.97,3.03,2.96,3.02,28858480.0,242267587.0,2159455763.0,0.013363774565082396
2016-07-22,3.06,3.06,2.96,2.96,19943795.0,166925713.0,2159455763.0,0.009235565433530022
2016-07-25,2.97,2.99,2.95,2.99,14495283.0,120321243.0,2159455763.0,0.006712470451287499
2016-07-26,2.99,3.03,2.97,3.02,18573546.0,156390863.0,2159455763.0,0.008601031018202896
2016-07-27,3.03,3.1,2.95,3.02,53862233.0,457811039.0,2159455763.0,0.02494250353393324
2016-07-28,3.01,3.18,2.99,3.15,67421264.0,589267881.0,2159455763.0,0.031221414744952106
2016-07-29,3.17,3.25,3.1,3.17,44921815.0,395007631.0,2159455763.0,0.02080237797397288
2016-08-01,3.16,3.23,3.12,3.12,41265745.0,361741544.0,2159455763.0,0.019109326390030802
2016-08-02,3.11,3.21,3.08,3.2,34772460.0,302760765.0,2159455763.0,0.016102418301772826
2016-08-03,3.23,3.38,3.19,3.34,73269434.0,672583801.0,2159455763.0,0.03392958321045264
2016-08-04,3.33,3.42,3.28,3.34,44013880.0,407698283.0,2159455763.0,0.020381931759905193
2016-08-05,3.36,3.36,3.29,3.32,24069485.0,220548376.0,2159455763.0,0.011146088478590428
2016-08-08,3.31,3.36,3.3,3.34,22944659.0,210622893.0,2159455763.0,0.010625204458054925
2016-08-09,3.33,3.34,3.26,3.29,29777159.0,270367153.0,2159455763.0,0.013789196106815548
2016-08-10,3.29,3.33,3.27,3.29,23444787.0,213980647.0,2159455763.0,0.010856803552868149
2016-08-11,3.29,3.39,3.27,3.28,28730365.0,263718860.0,2159455763.0,0.013304447116845154
2016-08-12,3.28,3.29,3.19,3.23,34957546.0,311633872.0,2159455763.0,0.016188127860251054
2016-08-15,3.23,3.34,3.22,3.31,37370225.0,340539152.0,2159455763.0,0.017305390385994213
2016-08-16,3.32,3.38,3.28,3.32,46560311.0,428278983.0,2159455763.0,0.021561132113823257
2016-08-17,3.35,3.36,3.27,3.27,36411992.0,332190633.0,2159455763.0,0.016861652192131524
2016-08-18,3.28,3.28,3.22,3.23,26039043.0,234064443.0,2159455763.0,0.012058150690628433
2016-08-19,3.23,3.28,3.23,3.26,16035816.0,144537158.0,2159455763.0,0.007425859920243247
2016-08-22,3.26,3.27,3.19,3.19,19061757.0,169667292.0,2159455763.0,0.008827111592931482
2016-08-23,3.19,3.21,3.17,3.2,15163646.0,133814838.0,2159455763.0,0.007021975749544447
2016-08-24,3.19,3.22,3.19,3.21,10543604.0,93493659.0,2159455763.0,0.00488252835767861
2016-08-25,3.2,3.21,3.16,3.21,16292687.0,143192280.0,2159455763.0,0.007544811650767768
2016-08-26,3.2,3.24,3.19,3.2,16710847.0,148671652.0,2159455763.0,0.007738453033547972
2016-08-29,3.24,3.24,3.21,3.22,12752648.0,113579151.0,2159455763.0,0.00590549166067821
2016-08-30,3.21,3.24,3.2,3.21,12935177.0,114732174.0,2159455763.0,0.005990017124513794
2016-08-31,3.22,3.24,3.19,3.2,14257821.0,126727779.0,2159455763.0,0.0066025066335197715
2016-09-01,3.21,3.22,3.16,3.16,17313295.0,153137041.0,2159455763.0,0.008017434437252698
2016-09-02,3.16,3.18,3.1,3.11,21977869.0,190700976.0,2159455763.0,0.010177503691702158
2016-09-05,3.11,3.24,3.11,3.2,22035030.0,194734211.0,2159455763.0,0.01020397378707498
2016-09-06,3.19,3.29,3.16,3.28,31459259.0,282415480.0,2159455763.0,0.014568142371342479
2016-09-07,3.29,3.39,3.27,3.31,36163345.0,333807040.0,2159455763.0,0.016746508828576544
2016-09-08,3.31,3.35,3.28,3.29,19331961.0,176886254.0,2159455763.0,0.008952237564312633
2016-09-09,3.29,3.34,3.29,3.29,14724492.0,134842003.0,2159455763.0,0.0068186124727760864
2016-09-12,3.23,3.25,3.17,3.19,22312831.0,197290377.0,2159455763.0,0.010332617774490618
2016-09-13,3.19,3.21,3.17,3.2,9448910.0,83444125.0,2159455763.0,0.004375597852892901
2016-09-14,3.19,3.22,3.16,3.2,10941250.0,96752739.0,2159455763.0,0.005066670124698452
2016-09-19,3.21,3.28,3.21,3.22,12830683.0,114939397.0,2159455763.0,0.00594162808048224
2016-09-20,3.22,3.23,3.17,3.2,14090847.0,124510686.0,2159455763.0,0.00652518437350365
2016-09-21,3.19,3.27,3.19,3.25,13641867.0,122190158.0,2159455763.0,0.006317270876180481
2016-09-22,3.27,3.36,3.26,3.26,23602369.0,215639798.0,2159455763.0,0.010929776568893762
2016-09-23,3.27,3.3,3.26,3.28,14059781.0,127653904.0,2159455763.0,0.006510798341368941
2016-09-26,3.28,3.31,3.23,3.23,17786920.0,161016746.0,2159455763.0,0.008236760532334183
2016-09-27,3.25,3.27,3.19,3.27,14568163.0,130617596.0,2159455763.0,0.0067462196955409455
2016-09-28,3.27,3.28,3.22,3.23,10726845.0,96273930.0,2159455763.0,0.004967383534218756
2016-09-29,3.23,3.26,3.21,3.24,11572304.0,103664357.0,2159455763.0,0.0053588983846204405
2016-09-30,3.24,3.34,3.23,3.33,23588578.0,215752158.0,2159455763.0,0.010923390237561444
2016-10-10,3.4,3.43,3.34,3.37,29366511.0,274392696.0,2159455763.0,0.013599033378300327
2016-10-11,3.37,3.38,3.33,3.37,20073049.0,186014752.0,2159455763.0,0.009295420329478636
2016-10-12,3.36,3.36,3.31,3.32,15518288.0,142944163.0,2159455763.0,0.007186203239672477
2016-10-13,3.32,3.35,3.31,3.31,11889917.0,109345230.0,2159455763.0,0.005505978498713058
2016-10-14,3.31,3.36,3.31,3.36,18803442.0,173697958.0,2159455763.0,0.008707491175405013
2016-10-17,3.37,3.4,3.3,3.31,17455437.0,161482064.0,2159455763.0,0.00808325750361759
2016-10-18,3.31,3.36,3.3,3.35,16986070.0,156286912.0,2159455763.0,0.007865903201648499
2016-10-19,3.35,3.37,3.33,3.34,13097841.0,121234523.0,2159455763.0,0.0060653435112761785
2016-10-20,3.36,3.36,3.32,3.33,11344821.0,103543874.0,2159455763.0,0.00525355563859263
2016-10-21,3.33,3.36,3.3,3.34,14734715.0,134257037.0,2159455763.0,0.006823346535948465
2016-10-24,3.36,3.42,3.33,3.41,23736097.0,220347741.0,2159455763.0,0.010991703283157276
2016-10-25,3.44,3.62,3.44,3.62,80169622.0,776793734.0,2159455763.0,0.0371249197939694
2016-10-26,3.58,3.64,3.54,3.61,43205697.0,423894627.0,2159455763.0,0.020007678666210307
2016-10-27,3.61,3.63,3.55,3.62,24467775.0,240557768.0,2159455763.0,0.011330528468899226
2016-10-28,3.63,3.65,3.48,3.48,34636217.0,335532228.0,2159455763.0,0.016039326942211597
2016-10-31,3.48,3.54,3.47,3.49,20407871.0,195163417.0,2159455763.0,0.009450469581117324
2016-11-01,3.5,3.55,3.48,3.55,19618497.0,189568380.0,2159455763.0,0.009084926552394488
2016-11-02,3.54,3.63,3.52,3.6,37539428.0,370475569.0,2159455763.0,0.017383744850530656
2016-11-03,3.59,3.73,3.57,3.69,43092841.0,434268228.0,2159455763.0,0.019955417350218718
2016-11-04,3.67,3.75,3.64,3.71,36436927.0,367487129.0,2159455763.0,0.0168731990829858
2016-11-07,3.74,3.76,3.67,3.69,28276132.0,286851100.0,2159455763.0,0.01309410106216656
2016-11-08,3.72,3.75,3.67,3.72,22911298.0,231867985.0,2159455763.0,0.010609755658143575
2016-11-09,3.72,3.74,3.61,3.66,32086897.0,322072140.0,2159455763.0,0.014858788751209996
2016-11-10,3.71,3.85,3.69,3.83,59710084.0,618149739.0,2159455763.0,0.027650524277028223
2016-11-11,3.86,3.86,3.78,3.82,37151175.0,388587855.0,2159455763.0,0.017203952790580967
2016-11-14,3.82,3.86,3.74,3.84,41911122.0,435144928.0,2159455763.0,0.019408187339654246
2016-11-15,3.8,3.82,3.74,3.75,29022928.0,299289167.0,2159455763.0,0.01343992708592475
2016-11-16,3.75,3.78,3.67,3.69,34953298.0,354650915.0,2159455763.0,0.016186160697935076
2016-11-17,3.71,3.75,3.67,3.72,21476857.0,217692599.0,2159455763.0,0.009945495234486079
2016-11-18,3.73,3.74,3.64,3.64,26198719.0,263208432.0,2159455763.0,0.012132093395422799
2016-11-21,3.64,3.69,3.61,3.67,22245014.0,222373714.0,2159455763.0,0.01030121310246076
2016-11-22,3.7,3.76,3.68,3.74,23421564.0,238343065.0,2159455763.0,0.010846049454359673
2016-11-23,3.75,3.77,3.67,3.68,18990548.0,192538223.0,2159455763.0,0.008794136154758546
2016-11-24,3.68,3.68,3.63,3.64,25912628.0,258858229.0,2159455763.0,0.011999610477781295
2016-11-25,3.62,3.67,3.61,3.67,20995575.0,208805552.0,2159455763.0,0.009722623338591632
2016-11-28,3.7,3.76,3.67,3.74,34556120.0,351327964.0,2159455763.0,0.016002235652187332
2016-11-29,3.73,3.78,3.71,3.72,36571543.0,374888548.0,2159455763.0,0.016935537011970734
2016-11-30,3.71,3.75,3.68,3.73,25509526.0,258841438.0,2159455763.0,0.011812942148238857
2016-12-01,3.75,4.1,3.74,4.05,110791542.0,1201601929.0,2159455763.0,0.05130530752159705
2016-12-02,4.02,4.23,4.0,4.07,104158292.0,1169328732.0,2159455763.0,0.048233584491353156
2016-12-05,4.01,4.2,3.98,4.03,62243290.0,694860618.0,2159455763.0,0.028823600402690906
2016-12-06,4.03,4.16,4.01,4.07,42319630.0,471263220.0,2159455763.0,0.019597359077737218
2016-12-07,4.09,4.11,4.01,4.06,38468221.0,424679989.0,2159455763.0,0.017813849979755294
2016-12-08,4.05,4.09,3.93,3.96,41924884.0,458187976.0,2159455763.0,0.019414560241676967
2016-12-09,3.94,3.97,3.9,3.93,28362190.0,304669689.0,2159455763.0,0.013133952769932246
2016-12-12,3.93,3.97,3.68,3.68,53228678.0,554269776.0,2159455763.0,0.024649117111828513
2016-12-13,3.68,3.74,3.65,3.71,29578447.0,299526082.0,2159455763.0,0.013697176625145805
2016-12-14,3.73,3.81,3.71,3.73,27711759.0,285014460.0,2159455763.0,0.012832751415801983
2016-12-15,3.73,3.75,3.66,3.68,28367846.0,286982262.0,2159455763.0,0.013136571948383089
2016-12-16,3.71,3.74,3.67,3.68,18800495.0,190110022.0,2159455763.0,0.008706126479702285
2016-12-19,3.71,3.71,3.63,3.68,13971234.0,139993582.0,2159455763.0,0.006469794028376214
2016-12-20,3.67,3.68,3.62,3.62,17136994.0,170664702.0,2159455763.0,0.007935793033422745
2016-12-21,3.64,3.72,3.64,3.72,21547044.0,217894578.0,2159455763.0,0.00997799740526567
2016-12-22,3.75,3.78,3.7,3.76,19496281.0,199824459.0,2159455763.0,0.009028330810960909
2016-12-23,3.77,3.77,3.7,3.7,13200206.0,134554388.0,2159455763.0,0.0061127466587515365
2016-12-26,3.71,3.72,3.59,3.65,23331948.0,231515803.0,2159455763.0,0.010804550109230461
2016-12-27,3.65,3.71,3.63,3.69,15225608.0,153376302.0,2159455763.0,0.007050669090274853
2016-12-28,3.7,3.73,3.68,3.7,10487401.0,106224157.0,2159455763.0,0.004856501892602095
2016-12-29,3.69,3.71,3.66,3.7,11016683.0,110997484.0,2159455763.0,0.005101601611275979
2016-12-30,3.71,3.71,3.62,3.64,16916113.0,168976836.0,2159455763.0,0.007833507539186392
2017-01-03,3.64,3.69,3.64,3.64,12982497.0,130069695.0,2159455763.0,0.0060119300531371895
2017-01-04,3.66,3.77,3.66,3.77,27810372.0,283732610.0,2159455763.0,0.012878417088463413
2017-01-05,3.77,3.78,3.74,3.78,20013755.0,205701274.0,2159455763.0,0.009267962485231053
2017-01-06,3.78,3.82,3.71,3.76,18218173.0,187674524.0,2159455763.0,0.00843646501685712
2017-01-09,3.75,3.81,3.73,3.81,17352590.0,179447473.0,2159455763.0,0.008035631151755157
2017-01-10,3.79,3.88,3.78,3.86,27544205.0,290064911.0,2159455763.0,0.012755160569593941
2017-01-11,3.87,3.89,3.83,3.84,20224261.0,213546347.0,2159455763.0,0.009365443528189561
2017-01-12,3.85,3.9,3.75,3.76,17296959.0,180791828.0,2159455763.0,0.008009869568233428
2017-01-13,3.76,3.83,3.74,3.83,16728024.0,173857383.0,2159455763.0,0.007746407352545522
2017-01-16,3.83,3.85,3.67,3.78,22974485.0,236435154.0,2159455763.0,0.0106390162714345
2017-01-17,3.77,3.79,3.69,3.74,19607881.0,200160920.0,2159455763.0,0.009080010498923104
2017-01-18,3.77,3.83,3.76,3.82,25117965.0,260826651.0,2159455763.0,0.01163161822083595
2017-01-19,3.81,3.97,3.81,3.93,38546693.0,412942053.0,2159455763.0,0.017850188765362544
2017-01-20,3.92,4.0,3.88,3.93,23939801.0,259290916.0,2159455763.0,0.011086034458396081
2017-01-23,3.93,4.03,3.93,4.0,22671172.0,247533076.0,2159455763.0,0.010498558196211588
2017-01-24,4.02,4.09,4.0,4.05,30176957.0,334223843.0,2159455763.0,0.013974334421223335
2017-01-25,4.09,4.11,4.03,4.08,21779076.0,242371402.0,2159455763.0,0.010085446700581474
2017-01-26,4.08,4.09,4.03,4.06,13449361.0,149266346.0,2159455763.0,0.006228125266764263
2017-02-03,4.06,4.07,4.0,4.06,14860453.0,164054216.0,2159455763.0,0.006881573243878485
2017-02-06,4.07,4.11,4.05,4.08,14588566.0,162722884.0,2159455763.0,0.0067556679094611305
2017-02-07,4.12,4.23,4.11,4.23,42268245.0,484367403.0,2159455763.0,0.01957356373037219
2017-02-08,4.25,4.26,4.15,4.26,28460936.0,327689132.0,2159455763.0,0.013179680032185961
2017-02-09,4.22,4.34,4.22,4.24,24883183.0,291452463.0,2159455763.0,0.011522895456506742
2017-02-10,4.23,4.37,4.21,4.3,33876863.0,398080012.0,2159455763.0,0.015687685564318734
2017-02-13,4.3,4.38,4.27,4.35,28763257.0,341349740.0,2159455763.0,0.013319678732404763
2017-02-14,4.35,4.35,4.22,4.28,33524917.0,391037200.0,2159455763.0,0.015524706536903484
2017-02-15,4.29,4.29,4.2,4.23,20195713.0,234070959.0,2159455763.0,0.00935222353059149
2017-02-16,4.24,4.32,4.2,4.27,22415529.0,261062086.0,2159455763.0,0.010380175127486508
2017-02-17,4.26,4.28,4.12,4.13,24303538.0,277218327.0,2159455763.0,0.011254473657861173
2017-02-20,4.15,4.19,4.13,4.19,29648399.0,337410272.0,2159455763.0,0.013729569972209706
2017-02-21,4.19,4.24,4.17,4.2,19435279.0,223557343.0,2159455763.0,0.009000082026686092
2017-02-22,4.2,4.26,4.17,4.25,27704553.0,319377955.0,2159455763.0,0.012829414463907219
2017-02-23,4.27,4.27,4.13,4.18,28650003.0,327496315.0,2159455763.0,0.013267233110715962
2017-02-24,4.16,4.16,4.07,4.1,29634382.0,331968639.0,2159455763.0,0.013723078984878468
2017-02-27,4.09,4.13,4.06,4.09,19353234.0,217199118.0,2159455763.0,0.008962088657520696
2017-02-28,4.09,4.14,4.08,4.12,15070496.0,169678580.0,2159455763.0,0.0069788398809631
2017-03-01,4.12,4.22,4.12,4.2,29973620.0,343563334.0,2159455763.0,0.013880173196212865
2017-03-02,4.21,4.23,4.14,4.16,16520328.0,188552289.0,2159455763.0,0.007650227563378894
2017-03-03,4.2,4.25,4.16,4.2,32636842.0,374696466.0,2159455763.0,0.015113457084510788
2017-03-06,4.2,4.28,4.2,4.25,28926933.0,336182863.0,2159455763.0,0.013395473755764081
2017-03-07,4.25,4.26,4.17,4.25,22178647.0,255671996.0,2159455763.0,0.010270479895910699
2017-03-08,4.23,4.25,4.2,4.22,14132067.0,163105857.0,2159455763.0,0.0065442725163154915
2017-03-09,4.2,4.21,4.07,4.08,29676604.0,334218242.0,2159455763.0,0.013742631133490833
2017-03-10,4.09,4.11,4.01,4.07,25862451.0,286478907.0,2159455763.0,0.01197637453062288
2017-03-13,4.08,4.14,4.02,4.13,24373902.0,272977493.0,2159455763.0,0.011287057793737265
2017-03-14,4.17,4.19,4.15,4.17,19296522.0,220072904.0,2159455763.0,0.00893582648490679
2017-03-15,4.16,4.2,4.13,4.19,17148951.0,196240188.0,2159455763.0,0.007941330076693032
2017-03-16,4.19,4.25,4.16,4.21,16675749.0,192478215.0,2159455763.0,0.0077221998642997905
2017-03-17,4.23,4.23,4.14,4.14,16788414.0,192375672.0,2159455763.0,0.007774372732079903
2017-03-20,4.17,4.24,4.17,4.24,26699017.0,307687257.0,2159455763.0,0.012363771213775033
2017-03-21,4.23,4.27,4.2,4.27,28112821.0,326362145.0,2159455763.0,0.013018475062876294
2017-03-22,4.24,4.3,4.21,4.22,23389372.0,271155114.0,2159455763.0,0.01083114199454893
2017-03-23,4.23,4.25,4.09,4.13,35052339.0,399040217.0,2159455763.0,0.016232024568682956
2017-03-24,4.12,4.15,4.09,4.12,34451324.0,387994415.0,2159455763.0,0.015953706758104126
2017-03-27,4.09,4.17,4.09,4.12,23373704.0,264541315.0,2159455763.0,0.010823886462730008
2017-03-28,4.12,4.16,4.11,4.14,22887693.0,258764664.0,2159455763.0,0.010598824663212145
2017-03-29,4.14,4.15,4.07,4.09,26464934.0,296437167.0,2159455763.0,0.01225537214211505
2017-03-30,4.19,4.23,4.11,4.13,55471804.0,632543777.0,2159455763.0,0.025687863095160798
2017-03-31,4.16,4.16,4.1,4.11,32108520.0,362217237.0,2159455763.0,0.014868801922292492
2017-04-05,4.15,4.25,4.13,4.23,57105525.0,656787559.0,2159455763.0,0.026444406029724258
2017-04-06,4.24,4.24,4.2,4.23,28428779.0,328173219.0,2159455763.0,0.013164788780162662
2017-04-07,4.23,4.25,4.2,4.23,28518294.0,329663038.0,2159455763.0,0.013206241354248107
2017-04-10,4.22,4.31,4.2,4.24,42395044.0,495014682.0,2159455763.0,0.019632281765801562
2017-04-11,4.23,4.27,4.16,4.24,39681168.0,456595067.0,2159455763.0,0.018375541041356355
2017-04-12,4.21,4.29,4.21,4.26,36993076.0,430244499.0,2159455763.0,0.017130740362380832
2017-04-13,4.25,4.27,4.2,4.23,28646379.0,331971179.0,2159455763.0,0.013265554910096114
2017-04-14,4.29,4.34,4.27,4.27,55859383.0,656654600.0,2159455763.0,0.025867343039432292
2017-04-17,4.27,4.36,4.26,4.34,44995966.0,531474612.0,2159455763.0,0.02083671579245034
2017-04-18,4.32,4.35,4.26,4.27,35952204.0,424006584.0,2159455763.0,0.016648733730045853
2017-04-19,4.25,4.26,4.11,4.16,42120902.0,479877306.0,2159455763.0,0.019505332186793213
2017-04-20,4.14,4.23,4.13,4.22,31090517.0,356253005.0,2159455763.0,0.014397385458272988
2017-04-21,4.22,4.25,4.17,4.21,21810411.0,250757776.0,2159455763.0,0.010099957301139675
2017-04-24,4.2,4.2,4.02,4.02,34245358.0,381644373.0,2159455763.0,0.01585832809671684
2017-04-25,4.02,4.09,4.01,4.02,24114120.0,267630446.0,2159455763.0,0.011166758038377099
2017-04-26,4.03,4.09,4.03,4.08,25906202.0,288308866.0,2159455763.0,0.011996634728006697
2017-04-27,4.07,4.09,4.0,4.08,23818343.0,263635794.0,2159455763.0,0.01102978973133056
2017-04-28,4.1,4.13,4.06,4.1,23451640.0,263097209.0,2159455763.0,0.010859977037649555
2017-05-02,4.11,4.12,4.07,4.08,22199121.0,248374425.0,2159455763.0,0.010279960988485413
2017-05-03,4.08,4.08,4.03,4.04,24956086.0,276877393.0,2159455763.0,0.011556655351591937
2017-05-04,4.03,4.05,3.99,4.02,22863641.0,251079284.0,2159455763.0,0.010587686671681081
2017-05-05,4.0,4.02,3.87,3.89,33280317.0,357117663.0,2159455763.0,0.015411437256656597
2017-05-08,3.88,3.88,3.79,3.79,22787502.0,238968018.0,2159455763.0,0.01055242825087684
2017-05-09,3.79,3.88,3.76,3.87,18161483.0,190673431.0,2159455763.0,0.008410213031995321
2017-05-10,3.89,3.93,3.82,3.82,22561192.0,240423990.0,2159455763.0,0.010447628697268202
2017-05-11,3.81,3.92,3.81,3.91,23331208.0,246990109.0,2159455763.0,0.010804207430295946
2017-05-12,3.93,3.93,3.88,3.9,16014732.0,171255407.0,2159455763.0,0.007416096349087378
2017-05-15,3.93,3.96,3.92,3.94,18614598.0,200808333.0,2159455763.0,0.00862004136363501
2017-05-16,3.94,4.02,3.9,4.02,25417462.0,275666370.0,2159455763.0,0.011770309184147894
2017-05-17,4.05,4.07,4.02,4.03,21006281.0,232283126.0,2159455763.0,0.00972758106923073
2017-05-18,3.99,4.07,3.97,4.04,19705444.0,217879747.0,2159455763.0,0.009125189937961234
2017-05-19,4.03,4.06,3.99,4.02,15434898.0,169821025.0,2159455763.0,0.007147587028389616
2017-05-22,4.01,4.04,3.97,3.99,14875020.0,163032910.0,2159455763.0,0.0068883189250124035
2017-05-23,3.98,4.01,3.9,3.92,22133631.0,239319363.0,2159455763.0,0.010249633902780716
2017-05-24,3.91,3.96,3.88,3.95,21148748.0,226883208.0,2159455763.0,0.009793554636479025
2017-05-25,3.94,4.07,3.93,4.06,28308532.0,310497340.0,2159455763.0,0.013109104842542681
2017-05-26,4.05,4.12,4.04,4.09,20060302.0,224605377.0,2159455763.0,0.009289517453291771
2017-05-31,4.11,4.16,4.07,4.08,20906823.0,235191338.0,2159455763.0,0.009681524094272451
2017-06-01,4.07,4.1,4.05,4.06,19583961.0,218194994.0,2159455763.0,0.009068933633904683
2017-06-02,4.07,4.19,4.06,4.18,35350849.0,400048533.0,2159455763.0,0.016370258472388998
2017-06-05,4.2,4.22,4.16,4.2,22995352.0,263868583.0,2159455763.0,0.010648679354308218
2017-06-06,4.17,4.17,4.07,4.1,35597069.0,399608426.0,2159455763.0,0.01648427794165469
2017-06-07,4.11,4.17,4.09,4.16,25832442.0,292248356.0,2159455763.0,0.01196247797366896
2017-06-08,4.16,4.19,4.12,4.17,29856591.0,338768252.0,2159455763.0,0.013825979448878388
2017-06-09,4.17,4.25,4.15,4.24,40520714.0,466637103.0,2159455763.0,0.018764317701839395
2017-06-12,4.23,4.34,4.19,4.31,52044338.0,609383868.0,2159455763.0,0.024100673369524355
2017-06-13,4.3,4.34,4.26,4.31,35115371.0,413554182.0,2159455763.0,0.01626121340462949
2017-06-14,4.31,4.34,4.23,4.26,34409215.0,402294729.0,2159455763.0,0.015934206937491223
2017-06-15,4.25,4.27,4.22,4.25,27004805.0,313350787.0,2159455763.0,0.012505375411110008
2017-06-16,4.25,4.27,4.19,4.2,23428629.0,270940858.0,2159455763.0,0.010849321112025022
2017-06-19,4.21,4.32,4.2,4.32,31982495.0,373577607.0,2159455763.0,0.014810442310505436
2017-06-20,4.34,4.41,4.32,4.35,43795838.0,522151959.0,2159455763.0,0.020280960948770313
2017-06-21,4.37,4.41,4.32,4.41,30649712.0,365664670.0,2159455763.0,0.014193257637016943
2017-06-22,4.41,4.53,4.39,4.41,63337671.0,775909761.0,2159455763.0,0.029330385963548908
2017-06-23,4.43,4.5,4.37,4.5,49994520.0,606569847.0,2159455763.0,0.023151444385480564
2017-06-26,4.52,4.89,4.52,4.76,114105068.0,1470755980.0,2159455763.0,0.0528397339529108
2017-06-27,4.74,4.85,4.72,4.81,72040897.0,942761938.0,2159455763.0,0.033360672737244676
2017-06-28,4.77,4.96,4.75,4.83,77539076.0,1029073910.0,2159455763.0,0.03590676749602858
2017-06-29,4.84,4.91,4.8,4.85,48777540.0,648821669.0,2159455763.0,0.02258788572368639
2017-06-30,4.83,4.89,4.77,4.83,53780732.0,707751875.0,2159462197.0,0.024904687877710507
2017-07-03,4.82,4.88,4.73,4.75,66497585.0,870224832.0,2159462197.0,0.030793586056926933
2017-07-04,4.77,4.83,4.73,4.83,50572956.0,660449821.0,2159462197.0,0.023419236544292236
2017-07-05,4.81,4.87,4.78,4.85,51148097.0,676164677.0,2159462197.0,0.0236855718386998
2017-07-06,4.88,5.09,4.87,5.07,91690693.0,1251854956.0,2159462197.0,0.04245996671179514
2017-07-07,5.03,5.07,4.99,5.03,57998089.0,796364769.0,2159462197.0,0.026857654225470103
2017-07-10,5.03,5.1,4.99,5.03,50476223.0,696881015.0,2159462197.0,0.02337444159482084
2017-07-11,5.04,5.04,4.79,4.79,76563203.0,1029103010.0,2159462197.0,0.03545475494146842
2017-07-12,4.8,4.84,4.69,4.78,71208589.0,926826128.0,2159462197.0,0.032975149599249964
2017-07-13,4.94,5.06,4.94,4.99,88108943.0,1203629126.0,2159462197.0,0.04080133614860404
2017-07-14,5.05,5.08,4.98,5.01,51051022.0,701604261.0,2159462197.0,0.02364061851646297
2017-07-17,5.03,5.15,4.86,5.05,82316585.0,1135840364.0,2159462197.0,0.038119021075875774
2017-07-18,5.05,5.08,4.86,5.0,64209930.0,872676043.0,2159462197.0,0.02973422275657461
2017-07-19,5.0,5.25,4.95,5.23,114121042.0,1608569951.0,2159462197.0,0.05284697373195091
2017-07-20,5.25,5.28,5.15,5.18,90145556.0,1280119391.0,2159462197.0,0.04174444735602843
2017-07-21,5.22,5.25,5.12,5.14,120764699.0,839855802.0,4318924394.0,0.027961753432815477
2017-07-24,5.12,5.19,5.02,5.15,139419519.0,954841623.0,4318924394.0,0.03228107424007849
2017-07-25,5.15,5.17,5.02,5.05,101266710.0,689363498.0,4318924394.0,0.023447206008209646
2017-07-26,5.05,5.08,4.92,4.93,115809094.0,774661462.0,4318924394.0,0.02681433695873121
2017-07-27,4.93,4.98,4.88,4.93,65793916.0,436128682.0,4318924394.0,0.01523386611986151
2017-07-28,4.92,5.08,4.92,5.05,79406551.0,536618308.0,4318924394.0,0.018385723795099156
2017-07-31,5.06,5.27,5.05,5.22,157322507.0,1092300555.0,4318924394.0,0.036426316519584806
2017-08-01,5.25,5.26,5.15,5.22,93679327.0,655124421.0,4318924394.0,0.021690429943655085
2017-08-02,5.22,5.31,5.19,5.2,85986833.0,605683849.0,4318924394.0,0.019909316569527335
2017-08-03,5.25,5.35,5.25,5.31,118683576.0,846178948.0,4318924394.0,0.027479892022393204
2017-08-04,5.28,5.35,5.22,5.22,78054486.0,553906833.0,4318924394.0,0.018072667840269677
2017-08-07,5.21,5.24,5.14,5.22,57178933.0,398855270.0,4318924394.0,0.013239160444539145
2017-08-08,5.22,5.24,5.15,5.19,58312755.0,406483007.0,4318924394.0,0.013501684604854418
2017-08-09,5.19,5.3,5.14,5.26,73002769.0,512153010.0,4318924394.0,0.016902997677249915
2017-08-10,5.25,5.25,5.12,5.15,65978346.0,458367103.0,4318924394.0,0.015276568881747365
2017-08-11,5.08,5.11,4.91,4.93,109168738.0,732777905.0,4318924394.0,0.025276834702561826
2017-08-14,4.96,5.05,4.93,5.04,53040777.0,357551027.0,4318924394.0,0.01228101540135458
2017-08-15,5.04,5.09,4.99,5.02,47172418.0,318466081.0,4318924394.0,0.010922260659513643
2017-08-16,5.05,5.05,4.95,4.97,41250854.0,275982905.0,4318924394.0,0.00955118687822068
2017-08-17,4.98,5.05,4.96,5.02,42442940.0,284678250.0,4318924394.0,0.009827201434450487
2017-08-18,4.99,5.08,4.97,5.07,50198446.0,340394204.0,4318924394.0,0.011622904552285616
2017-08-21,5.06,5.15,5.05,5.14,44474497.0,305962388.0,4318924394.0,0.010297586376317567
2017-08-22,5.15,5.19,5.11,5.14,44721017.0,309601615.0,4318924394.0,0.01035466540283224
2017-08-23,5.14,5.15,5.07,5.08,34149389.0,233652117.0,4318924394.0,0.007906919845006206
2017-08-24,5.08,5.1,5.02,5.05,33647209.0,228371694.0,4318924394.0,0.007790645524321721
2017-08-25,5.04,5.17,5.03,5.14,51084136.0,351383570.0,4318924394.0,0.011827976445007432
2017-08-28,5.19,5.19,5.12,5.14,60890447.0,421711176.0,4318924394.0,0.014098521169898489
2017-08-29,5.13,5.18,5.12,5.14,52782148.0,364814632.0,4318924394.0,0.012221132667505548
2017-08-30,5.16,5.17,5.12,5.15,39979352.0,276311474.0,4318924394.0,0.009256784410382527
2017-08-31,5.26,5.48,5.25,5.36,156418928.0,1126546244.0,4318924394.0,0.03621710262335284
2017-09-01,5.36,5.43,5.33,5.4,79442742.0,573994418.0,4318924394.0,0.01839410342778045
2017-09-04,5.4,5.57,5.4,5.54,109323629.0,811265701.0,4318924394.0,0.025312698030064196
2017-09-05,5.58,5.66,5.51,5.52,84182545.0,632169867.0,4318924394.0,0.01949155329436869
2017-09-06,5.52,5.58,5.51,5.57,56567553.0,421588063.0,4318924394.0,0.013097602050775793
2017-09-07,5.57,5.57,5.43,5.44,77457844.0,569867711.0,4318924394.0,0.017934521870215447
2017-09-08,5.44,5.53,5.44,5.49,38275495.0,281824485.0,4318924394.0,0.008862274841665126
2017-09-11,5.49,5.58,5.45,5.58,54942468.0,406805107.0,4318924394.0,0.01272133128246653
2017-09-12,5.57,5.65,5.53,5.58,63424378.0,477003446.0,4318924394.0,0.01468522535104142
2017-09-13,5.6,5.65,5.55,5.63,52241204.0,393848254.0,4318924394.0,0.012095882963956327
2017-09-14,5.65,5.77,5.6,5.77,84772790.0,647480932.0,4318924394.0,0.019628218108603455
2017-09-15,5.78,5.82,5.63,5.66,73322247.0,559885282.0,4318924394.0,0.016976969335666496
2017-09-18,5.66,5.69,5.59,5.66,41572095.0,315009769.0,4318924394.0,0.009625566740124786
2017-09-19,5.67,5.68,5.57,5.58,45500868.0,342289459.0,4318924394.0,0.010535231425493669
2017-09-20,5.58,5.62,5.54,5.6,27787476.0,209095345.0,4318924394.0,0.006433888039022708
2017-09-21,5.6,5.62,5.51,5.52,43526666.0,325793435.0,4318924394.0,0.010078126410471264
2017-09-22,5.51,5.54,5.43,5.45,50146618.0,368524706.0,4318924394.0,0.011610904342216647
2017-09-25,5.45,5.53,5.43,5.43,37033722.0,271873003.0,4318924394.0,0.008574755800645303
2017-09-26,5.45,5.53,5.44,5.51,42974316.0,317468110.0,4318924394.0,0.009950235771596608
2017-09-27,5.48,5.53,5.46,5.47,33395053.0,246188507.0,4318924394.0,0.007732261543266089
2017-09-28,5.49,5.51,5.44,5.49,36042500.0,265557448.0,4318924394.0,0.008345249120376243
2017-09-29,5.49,5.57,5.49,5.57,49163718.0,366871172.0,4318924394.0,0.011383324530593762
2017-10-09,5.63,5.65,5.57,5.6,47521507.0,358254006.0,4318924394.0,0.011003088423131123
2017-10-10,5.61,5.65,5.58,5.62,40626801.0,306336875.0,4318924394.0,0.00940669418905322
2017-10-11,5.62,5.64,5.57,5.6,39114568.0,294626371.0,4318924394.0,0.009056553074728356
2017-10-12,5.61,5.64,5.59,5.64,45399005.0,342574988.0,4318924394.0,0.01051164615501718
2017-10-13,5.65,5.95,5.62,5.92,144976174.0,1136423324.0,4318924394.0,0.03356765730870537
2017-10-16,5.92,5.92,5.78,5.85,80346061.0,631556825.0,4318924394.0,0.018603257123838413
2017-10-17,5.86,5.88,5.78,5.84,43569112.0,340402435.0,4318924394.0,0.010087954320415454
2017-10-18,5.83,5.91,5.81,5.84,44061693.0,346825919.0,4318924394.0,0.010202006096983785
2017-10-19,5.84,5.85,5.64,5.65,69285908.0,532090746.0,4318924394.0,0.016042398912158404
2017-10-20,5.65,5.69,5.56,5.66,59052608.0,436496714.0,4318924394.0,0.013672989525363754
2017-10-23,5.64,5.73,5.63,5.69,43541320.0,325333064.0,4318924394.0,0.010081519384893404
2017-10-24,5.7,5.85,5.7,5.8,58549573.0,446905944.0,4318924394.0,0.013556517238722471
2017-10-25,5.88,5.94,5.86,5.88,49406951.0,383932947.0,4318924394.0,0.011439642487985633
2017-10-26,5.9,6.11,5.88,6.06,105461082.0,837172507.0,4318924394.0,0.02441836725516895
2017-10-27,6.03,6.08,5.97,6.03,62385430.0,493654036.0,4318924394.0,0.014444668234217762
2017-10-30,6.03,6.17,6.0,6.08,85166903.0,682407383.0,4318924394.0,0.019719470690044223
2017-10-31,6.26,6.42,6.17,6.34,153506437.0,1275270954.0,4318924394.0,0.03554274698886984
2017-11-01,6.34,6.65,6.32,6.53,155279874.0,1333277828.0,4318924394.0,0.03595336705030544
2017-11-02,6.52,6.63,6.42,6.52,105944379.0,906987250.0,4318924394.0,0.024530269422447314
2017-11-03,6.52,6.56,6.16,6.26,146716609.0,1222122649.0,4318924394.0,0.03397063611574767
2017-11-06,6.29,6.68,6.17,6.68,163187492.0,1384001094.0,4318924394.0,0.03778429004839856
2017-11-07,6.69,6.75,6.58,6.64,109262241.0,956364827.0,4318924394.0,0.025298484305905172
2017-11-08,6.64,6.71,6.49,6.51,106860324.0,930617403.0,4318924394.0,0.02474234653157024
2017-11-09,6.5,6.63,6.42,6.63,79566550.0,683684904.0,4318924394.0,0.018422769824481443
2017-11-10,6.61,6.88,6.57,6.83,145402913.0,1295390826.0,4318924394.0,0.03366646408582627
2017-11-13,6.82,6.99,6.76,6.83,127720571.0,1158806172.0,4318924394.0,0.029572309989365376
2017-11-14,6.83,6.92,6.76,6.77,84289516.0,756652173.0,4318924394.0,0.019516321266725097
2017-11-15,6.77,6.77,6.48,6.55,120541627.0,1046898915.0,4318924394.0,0.027910103535838837
2017-11-16,6.54,6.71,6.51,6.68,69431363.0,607273733.0,4318924394.0,0.016076077436422937
2017-11-17,6.68,6.79,6.57,6.61,85770690.0,753454351.0,4318924394.0,0.01985927100718772
2017-11-20,6.55,6.55,6.23,6.51,116376997.0,976739922.0,4318924394.0,0.026945828725706562
2017-11-21,6.47,6.72,6.42,6.71,104542836.0,902124372.0,4318924394.0,0.02420575737450615
2017-11-22,6.8,6.93,6.69,6.73,118218567.0,1060072266.0,4318924394.0,0.027372224242738157
2017-11-23,6.73,6.86,6.35,6.37,112753312.0,980706594.0,4318924394.0,0.02610680385066264
2017-11-24,6.38,6.47,6.23,6.45,95980128.0,801960294.0,4318924394.0,0.022223155407244205
2017-11-27,6.41,6.41,6.1,6.17,96304994.0,790834376.0,4318924394.0,0.022298374598497313
2017-11-28,6.13,6.26,6.1,6.22,59078329.0,482459774.0,4318924394.0,0.013678944943346002
2017-11-29,6.23,6.33,6.1,6.28,77458096.0,632941196.0,4318924394.0,0.0179345802180764
2017-11-30,6.26,6.32,6.16,6.18,51231396.0,421097449.0,4318924394.0,0.011862072897402983
2017-12-01,6.21,6.26,6.14,6.2,38555650.0,314975834.0,4318924394.0,0.008927141686842874
2017-12-04,6.15,6.19,5.88,5.91,122131291.0,970285433.0,4318924394.0,0.02827817295659749
2017-12-05,5.88,5.95,5.78,5.87,108059001.0,835683889.0,4318924394.0,0.025019887162210878
2017-12-06,5.86,5.92,5.7,5.8,79973260.0,612463244.0,4318924394.0,0.018516939104352377
2017-12-07,5.82,5.88,5.75,5.76,52267647.0,399687489.0,4318924394.0,0.012102005553190983
2017-12-08,5.75,5.84,5.68,5.82,53551306.0,407697149.0,4318924394.0,0.01239922284224177
2017-12-11,5.82,5.94,5.81,5.93,62175508.0,481508531.0,4318924394.0,0.0143960630768106
2017-12-12,5.93,5.94,5.79,5.79,48077754.0,370288462.0,4318924394.0,0.011131881369998348
2017-12-13,5.78,5.83,5.73,5.82,38820008.0,295234905.0,4318924394.0,0.008988350908372026
2017-12-14,5.84,5.88,5.77,5.8,39384280.0,302204571.0,4318924394.0,0.00911900195676359
2017-12-15,5.77,5.8,5.64,5.66,47112688.0,354831876.0,4318924394.0,0.010908430827233416
2017-12-18,5.66,5.88,5.66,5.88,66094618.0,504441966.0,4318924394.0,0.01530349039955896
2017-12-19,5.87,6.08,5.83,6.04,98546945.0,776617290.0,4318924394.0,0.022817473984241273
2017-12-20,6.04,6.11,5.96,5.98,61801103.0,490410460.0,4318924394.0,0.01430937366855883
2017-12-21,5.98,6.23,5.95,6.16,93879072.0,756750067.0,4318924394.0,0.021736678727328516
2017-12-22,6.17,6.23,6.13,6.18,54073574.0,439447281.0,4318924394.0,0.01252014832098494
2017-12-25,6.19,6.24,6.12,6.17,53962955.0,438344976.0,4318924394.0,0.012494535693879526
2017-12-26,6.17,6.32,6.01,6.3,78869059.0,641336944.0,4318924394.0,0.018261273364629314
2017-12-27,6.25,6.45,6.23,6.27,88870774.0,742551791.0,4318924394.0,0.020577061761827175
2017-12-28,6.3,6.41,6.2,6.33,79420779.0,661946594.0,4318924394.0,0.018389018133851593
2017-12-29,6.32,6.39,6.3,6.33,43726806.0,365525629.0,4318924394.0,0.010124466652101342
2018-01-02,6.34,6.58,6.33,6.56,97247137.0,832558802.0,4315332257.0,0.022535260602993705
2018-01-03,6.58,6.66,6.49,6.5,87022475.0,753036958.0,4315332257.0,0.020165880589805996
2018-01-04,6.51,6.55,6.46,6.54,57433469.0,491706715.0,4315332257.0,0.013309164991139637
2018-01-05,6.6,6.61,6.44,6.44,61624381.0,528221091.0,4315332257.0,0.014280332852710858
2018-01-08,6.47,6.8,6.47,6.78,142656651.0,1255870791.0,4315332257.0,0.033058092055042426
2018-01-09,6.82,6.83,6.65,6.73,94281727.0,833093842.0,4315332257.0,0.021848080607712983
2018-01-10,6.75,6.79,6.64,6.77,84023159.0,742515026.0,4315332257.0,0.0194708434938478
2018-01-11,6.73,6.74,6.59,6.64,65558665.0,573945205.0,4315332257.0,0.01519203182875566
2018-01-12,6.61,6.67,6.57,6.58,64142253.0,558402764.0,4315332257.0,0.0148638040317645
2018-01-15,6.64,6.73,6.46,6.52,92586559.0,807339143.0,4315332257.0,0.02145525616244571
2018-01-16,6.52,6.89,6.49,6.83,146127078.0,1303684190.0,4315332257.0,0.03386230058252499
2018-01-17,6.83,6.9,6.73,6.89,111222101.0,998346508.0,4315332257.0,0.0257737050998991
2018-01-18,6.88,7.03,6.82,6.87,102327347.0,932000612.0,4315332257.0,0.023712507150292415
2018-01-19,6.91,6.98,6.8,6.83,63194252.0,572186783.0,4315332257.0,0.014644121990257214
2018-01-22,6.8,6.92,6.71,6.91,81504209.0,736101333.0,4315332257.0,0.018887122507841695
2018-01-23,6.93,7.01,6.87,6.97,122654490.0,1122780406.0,4315332257.0,0.02842295394544402
2018-01-24,7.0,7.1,6.83,6.85,112482705.0,1029975781.0,4315332257.0,0.02606582721817983
2018-01-25,6.87,6.89,6.79,6.82,80180771.0,722464593.0,4315332257.0,0.018580439749439206
2018-01-26,6.82,6.85,6.74,6.8,61220509.0,548066343.0,4315332257.0,0.014186742840181727
2018-01-29,6.85,6.99,6.8,6.87,100089552.0,911638008.0,4315332257.0,0.023193938737310998
2018-01-30,6.86,6.86,6.76,6.77,58698268.0,525094605.0,4315332257.0,0.01360225922460181
2018-01-31,6.75,6.75,6.53,6.67,90697750.0,790928671.0,4315332257.0,0.0210175589267494
2018-02-01,6.67,6.69,6.51,6.57,63799246.0,553758293.0,4315332257.0,0.014784318379311297
2018-02-02,6.54,6.86,6.47,6.83,82563546.0,728494985.0,4315332257.0,0.01913260464847678
2018-02-05,6.71,6.85,6.69,6.83,63967847.0,570416408.0,4315332257.0,0.014823388603794362
2018-02-06,6.71,6.75,6.53,6.58,91007346.0,795767510.0,4315332257.0,0.021089302185799224
2018-02-07,6.73,6.76,6.22,6.3,95484635.0,819735776.0,4315332257.0,0.022126832724203835
2018-02-08,6.32,6.44,6.21,6.36,50064451.0,418145883.0,4315332257.0,0.011601528693135807
2018-02-09,6.08,6.21,5.81,5.88,103294449.0,814141803.0,4315332257.0,0.023936615502188435
2018-02-12,5.95,6.1,5.87,6.04,42857354.0,338919620.0,4315332257.0,0.00993141465074447
2018-02-13,6.11,6.26,6.11,6.13,43381137.0,353767740.0,4315332257.0,0.010052791863159657
2018-02-14,6.16,6.23,6.15,6.22,32646121.0,266805596.0,4315332257.0,0.007565146564796714
2018-02-22,6.34,6.56,6.34,6.5,76957174.0,654621250.0,4315332257.0,0.017833429598651643
2018-02-23,6.52,6.54,6.42,6.47,43081367.0,367802152.0,4315332257.0,0.00998332560143352
2018-02-26,6.52,6.6,6.48,6.59,51590028.0,444913387.0,4315332257.0,0.011955053499371832
2018-02-27,6.62,6.64,6.39,6.39,68116835.0,580460878.0,4315332257.0,0.015784841338579693
2018-02-28,6.39,6.5,6.26,6.45,48630532.0,410442630.0,4315332257.0,0.011269243966351674
2018-03-01,6.36,6.49,6.34,6.45,52527641.0,444598344.0,4315332257.0,0.012172328310246262
2018-03-02,6.39,6.43,6.31,6.32,47954730.0,401204056.0,4315332257.0,0.011112639107269557
2018-03-05,6.33,6.39,6.2,6.23,48738470.0,402619599.0,4315332257.0,0.011294256640595914
2018-03-06,6.29,6.36,6.24,6.36,41403404.0,344385593.0,4315332257.0,0.009594488102935431
2018-03-07,6.36,6.39,6.26,6.27,33982611.0,283560551.0,4315332257.0,0.007874853887525351
2018-03-08,6.27,6.32,6.23,6.26,39656661.0,326638623.0,4315332257.0,0.00918971208663528
2018-03-09,6.32,6.34,6.25,6.29,36115688.0,299273136.0,4315332257.0,0.00836915580287379
2018-03-12,6.33,6.5,6.33,6.48,72225317.0,611160106.0,4315332257.0,0.016736907542366324
2018-03-13,6.48,6.51,6.39,6.4,46898105.0,397090889.0,4315332257.0,0.010867785423457371
2018-03-14,6.41,6.42,6.3,6.38,42509327.0,355369040.0,4315332257.0,0.009850765704319671
2018-03-15,6.35,6.48,6.32,6.44,46344266.0,391325408.0,4315332257.0,0.01073944327805209
2018-03-16,6.43,6.48,6.36,6.36,32007311.0,270361768.0,4315332257.0,0.007417113930933175
2018-03-19,6.36,6.39,6.29,6.31,28926124.0,240940615.0,4315332257.0,0.006703104715303965
2018-03-20,6.26,6.27,6.15,6.24,40551361.0,332071279.0,4315332257.0,0.009397042587907502
2018-03-21,6.26,6.28,6.16,6.17,39024038.0,319632475.0,4315332257.0,0.009043113177831952
2018-03-22,6.17,6.21,6.09,6.1,35172588.0,283908918.0,4315332257.0,0.008150609479245945
2018-03-23,5.88,6.04,5.74,6.04,90652962.0,702134910.0,4315332257.0,0.02100718011989685
2018-03-26,5.91,5.98,5.82,5.94,41791851.0,324728029.0,4315332257.0,0.009684503651418376
2018-03-27,6.02,6.18,5.99,6.17,51080580.0,407040497.0,4315332257.0,0.011836998163267965
2018-03-28,6.07,6.13,5.98,6.07,40901826.0,326437531.0,4315332257.0,0.009478256496623686
2018-03-29,6.24,6.36,6.19,6.26,92767040.0,767954600.0,4315332257.0,0.021497079361506972
2018-03-30,6.29,6.33,6.24,6.27,43726674.0,361601609.0,4315332257.0,0.010132863797235997
2018-04-02,6.29,6.44,6.28,6.39,75652704.0,636097107.0,4315332257.0,0.017531142330299596
2018-04-03,6.3,6.51,6.28,6.5,78282197.0,662655217.0,4315332257.0,0.018140479652063092
2018-04-04,6.51,6.68,6.48,6.51,76777159.0,666483717.0,4315332257.0,0.017791714386640334
2018-04-09,6.51,6.58,6.43,6.48,51753959.0,443004290.0,4315332257.0,0.0119930415360367
2018-04-10,6.46,6.55,6.43,6.52,50704801.0,434061209.0,4315332257.0,0.011749918194074296
2018-04-11,6.54,6.57,6.48,6.49,33319654.0,285769380.0,4315332257.0,0.007721225624272945
2018-04-12,6.48,6.57,6.36,6.4,41226356.0,350369457.0,4315332257.0,0.009553460439373069
2018-04-13,6.45,6.67,6.45,6.61,102275515.0,887877030.0,4315332257.0,0.023700496024169754
2018-04-16,6.62,6.64,6.4,6.42,61895521.0,529189217.0,4315332257.0,0.01434316463108903
2018-04-17,6.43,6.49,6.3,6.32,42517950.0,358174731.0,4315332257.0,0.009852763928207534
2018-04-18,6.38,6.44,6.2,6.36,50708439.0,422116063.0,4315332257.0,0.011750761234605904
2018-04-19,6.36,6.37,6.29,6.33,35934700.0,299788102.0,4315332257.0,0.008327215115756034
2018-04-20,6.32,6.33,6.1,6.19,55163055.0,449371469.0,4315332257.0,0.012783037716393386
2018-04-23,6.2,6.21,6.09,6.18,32179455.0,260481029.0,4315332257.0,0.007457005181420495
2018-04-24,6.21,6.4,6.2,6.38,49827969.0,416278656.0,4315332257.0,0.011546728277798981
2018-04-25,6.33,6.38,6.29,6.32,27208851.0,226492672.0,4315332257.0,0.006305157837119933
2018-04-26,6.32,6.33,6.17,6.23,30542590.0,250685411.0,4315332257.0,0.007077691399186276
2018-04-27,6.28,6.29,6.17,6.28,32468548.0,266390978.0,4315332257.0,0.007523997242004255
2018-05-02,6.23,6.24,6.09,6.12,57928712.0,469636178.0,4315332257.0,0.013423928576074879
2018-05-03,6.11,6.22,6.07,6.17,38109550.0,308307793.0,4315332257.0,0.008831197166378469
2018-05-04,6.17,6.19,6.12,6.15,29973519.0,243236269.0,4315332257.0,0.006945819513985109
2018-05-07,6.19,6.26,6.15,6.26,39863230.0,326142607.0,4315332257.0,0.00923758070663897
2018-05-08,6.26,6.36,6.23,6.3,45894932.0,381134755.0,4315332257.0,0.010635318271392144
2018-05-09,6.29,6.32,6.27,6.3,25870498.0,214637064.0,4315332257.0,0.005995018797923351
2018-05-10,6.32,6.35,6.26,6.3,22495059.0,186649726.0,4315332257.0,0.005212822017009292
2018-05-11,6.32,6.34,6.28,6.29,24189831.0,201026889.0,4315332257.0,0.005605554696457293
2018-05-14,6.3,6.45,6.29,6.39,52041057.0,438137996.0,4315332257.0,0.012059571291546091
2018-05-15,6.39,6.42,6.33,6.4,32932029.0,276830165.0,4315332257.0,0.007631400559384552
2018-05-16,6.37,6.42,6.34,6.38,33291645.0,279799534.0,4315332257.0,0.0077147350464142955
2018-05-17,6.42,6.53,6.4,6.48,71338268.0,609026688.0,4315332257.0,0.016531350021607386
2018-05-18,6.48,6.52,6.43,6.52,38975298.0,332747359.0,4315332257.0,0.0090318185666416
2018-05-21,6.57,6.62,6.44,6.46,57161504.0,490466996.0,4315332257.0,0.013246142033971314
2018-05-22,6.47,6.56,6.42,6.53,33602184.0,287601846.0,4315332257.0,0.007786696828614557
2018-05-23,6.52,6.55,6.47,6.51,32290801.0,276978194.0,4315332257.0,0.007482807597866965
2018-05-24,6.5,6.51,6.39,6.4,30306486.0,256988276.0,4315332257.0,0.007022978578495121
2018-05-25,6.42,6.52,6.4,6.51,46203993.0,394450462.0,4315332257.0,0.0107069375538932
2018-05-28,6.51,6.64,6.51,6.63,64520705.0,560657069.0,4315332257.0,0.014951503420238262
2018-05-29,6.63,6.67,6.55,6.56,38908619.0,338372964.0,4315332257.0,0.009016366917491796
2018-05-30,6.48,6.51,6.34,6.4,52319844.0,442792112.0,4315332257.0,0.012124175123510078
2018-05-31,6.46,6.63,6.45,6.63,53685415.0,462656958.0,4315332257.0,0.01244062144065863
2018-06-01,6.58,6.7,6.56,6.58,64280225.0,560957476.0,4315332257.0,0.014895776540897764
2018-06-04,6.61,6.86,6.59,6.8,113571365.0,1013266593.0,4315332257.0,0.02631810443234661
2018-06-05,6.81,6.83,6.72,6.82,63381850.0,564845654.0,4315332257.0,0.014687594425014862
2018-06-06,6.8,6.86,6.74,6.75,59967710.0,536173050.0,4315332257.0,0.013896429389121775
2018-06-07,6.8,6.89,6.75,6.86,73595359.0,660140939.0,4315332257.0,0.017054389932691573
2018-06-08,6.85,6.86,6.65,6.72,69723662.0,617223601.0,4315332257.0,0.01615719435899742
2018-06-11,6.71,6.88,6.67,6.83,59827715.0,535947926.0,4315332257.0,0.01386398808642187
2018-06-12,6.82,7.51,6.82,7.38,299538888.0,2869506449.0,4315332257.0,0.06941270571092435
2018-06-13,7.33,7.5,7.31,7.4,166953626.0,1627777079.0,4315332257.0,0.038688475430641675
2018-06-14,7.42,7.44,7.11,7.18,146673047.0,1401261824.0,4315332257.0,0.03398881899813815
2018-06-15,7.22,7.33,7.07,7.23,124934078.0,1187463575.0,4315332257.0,0.028951207128336768
2018-06-19,7.14,7.14,6.68,6.73,152555519.0,1381424115.0,4315332257.0,0.03535197521640105
2018-06-20,6.79,6.89,6.64,6.73,91586902.0,817348797.0,4315332257.0,0.02122360377962433
2018-06-21,6.79,7.05,6.73,6.79,119638125.0,1085074005.0,4315332257.0,0.02772396605288787
2018-06-22,6.71,6.99,6.66,6.95,71237390.0,643819745.0,4315332257.0,0.01650797337434312
2018-06-25,7.02,7.04,6.7,6.72,89007112.0,798489543.0,4315332257.0,0.020625784226838965
2018-06-26,6.58,6.65,6.35,6.55,84669265.0,725814559.0,4315332257.0,0.01962056684341189
2018-06-27,6.61,6.8,6.55,6.61,74781284.0,656865254.0,4315332257.0,0.017329206546887684
2018-06-28,6.54,6.62,6.39,6.42,61091859.0,521854657.0,4315332257.0,0.014156930535511255
2018-06-29,6.49,6.67,6.42,6.64,56498277.0,489075495.0,4315332257.0,0.013092451203114856
2018-07-02,6.65,6.71,6.47,6.51,51367838.0,446428485.0,4310298661.0,0.011917466059784018
2018-07-03,6.53,6.54,6.16,6.41,94398226.0,783023465.0,4310298661.0,0.021900623001863954
2018-07-04,6.33,6.42,6.15,6.16,62113612.0,509247007.0,4310298661.0,0.014410512329925065
2018-07-05,6.17,6.22,5.91,6.03,60872668.0,485823142.0,4310298661.0,0.014122610238307104
2018-07-06,6.04,6.23,5.98,6.19,59166085.0,477259295.0,4310298661.0,0.01372667874162421
2018-07-09,6.23,6.33,6.2,6.28,50215077.0,415130314.0,4310298661.0,0.011650022643291725
2018-07-10,6.47,6.53,6.37,6.44,88602423.0,752040839.0,4310298661.0,0.02055598230389075
2018-07-11,6.29,6.49,6.24,6.47,58970466.0,498005842.0,4310298661.0,0.013681294647531154
2018-07-12,6.44,6.54,6.39,6.45,107023117.0,911348103.0,4310298661.0,0.024829629085417103
2018-07-13,6.48,6.5,6.41,6.45,53067304.0,450876180.0,4310298661.0,0.0123117463947819
2018-07-16,6.58,6.67,6.54,6.57,82882886.0,721664709.0,4310298661.0,0.0192290355074307
2018-07-17,6.58,6.58,6.48,6.57,32737654.0,281225111.0,4310298661.0,0.007595217077696603
2018-07-18,6.58,6.62,6.45,6.46,34929250.0,300437999.0,4310298661.0,0.008103672795586821
2018-07-19,6.45,6.51,6.36,6.39,30674963.0,259561798.0,4310298661.0,0.007116667640122027
2018-07-20,6.38,6.49,6.26,6.45,55949959.0,472602295.0,4310298661.0,0.01298052951788252
2018-07-23,6.43,6.51,6.36,6.48,61225105.0,519389907.0,4310298661.0,0.01420437649807673
2018-07-24,6.45,6.83,6.45,6.7,160278509.0,1420343510.0,4310298661.0,0.0371850123635783
2018-07-25,6.76,6.79,6.67,6.74,65575792.0,581620780.0,4310298661.0,0.015213746693085591
2018-07-26,6.79,6.86,6.69,6.71,56251579.0,502046560.0,4310298661.0,0.013050506107377138
2018-07-27,6.74,6.76,6.54,6.56,60624303.0,528812234.0,4310298661.0,0.014064988941145672
2018-07-30,6.59,6.71,6.58,6.64,49083872.0,429757026.0,4310298661.0,0.011387580272363869
2018-07-31,6.68,6.68,6.58,6.67,42678302.0,362026489.0,4310298661.0,0.009901472115182507
2018-08-01,6.73,6.85,6.65,6.68,59131863.0,512005814.0,4310298661.0,0.013718739152586068
2018-08-02,6.61,6.63,6.21,6.26,123651473.0,996501884.0,4310298661.0,0.028687448997168227
2018-08-03,6.24,6.25,6.05,6.05,61488376.0,484296647.0,4310298661.0,0.014265456024278035
2018-08-06,6.07,6.11,5.87,6.07,49742749.0,383313664.0,4310298661.0,0.011540441373605317
2018-08-07,6.06,6.32,6.0,6.28,47528168.0,374921931.0,4310298661.0,0.011026653078599742
2018-08-08,6.29,6.32,6.2,6.21,32556112.0,261040684.0,4310298661.0,0.007553098882583441
2018-08-09,6.22,6.35,6.19,6.32,29849175.0,241031023.0,4310298661.0,0.006925082772123943
2018-08-10,6.32,6.36,6.25,6.28,24688555.0,198553963.0,4310298661.0,0.005727806108515041
2018-08-13,6.2,6.22,6.1,6.21,34023460.0,267725045.0,4310298661.0,0.007893527264792012
2018-08-14,6.19,6.21,6.08,6.14,37513413.0,294049107.0,4310298661.0,0.00870320503296558
2018-08-15,6.15,6.17,5.97,6.0,34458363.0,266330254.0,4310298661.0,0.00799442584148115
2018-08-16,5.94,6.05,5.89,5.98,25225297.0,193078810.0,4310298661.0,0.0058523315862636
2018-08-17,6.04,6.06,5.85,5.86,29488804.0,223690204.0,4310298661.0,0.006841475804639144
2018-08-20,5.85,5.91,5.81,5.89,23559907.0,176617984.0,4310298661.0,0.005465956967941067
2018-08-21,5.89,6.03,5.87,6.0,23450627.0,179665032.0,4310298661.0,0.005440603736391528
2018-08-22,6.02,6.02,5.95,5.97,14828204.0,113321060.0,4310298661.0,0.003440180174558906
2018-08-23,5.98,6.01,5.84,5.9,29918872.0,226001949.0,4310298661.0,0.006941252649313806
2018-08-24,5.87,5.96,5.85,5.92,14783640.0,111793808.0,4310298661.0,0.0034298412158219587
2018-08-27,5.92,6.07,5.92,6.07,34684827.0,267320035.0,4310298661.0,0.008046966052220854
2018-08-28,6.09,6.15,6.03,6.14,29129185.0,227397146.0,4310298661.0,0.006758043303022988
2018-08-29,6.17,6.2,6.07,6.11,25309797.0,197958184.0,4310298661.0,0.005871935796237392
2018-08-30,6.17,6.21,6.06,6.16,36770996.0,288213576.0,4310298661.0,0.00853096244413584
2018-08-31,6.19,6.34,6.17,6.25,67540519.0,541526485.0,4310298661.0,0.01566956823922972
2018-09-03,6.25,6.35,6.23,6.33,61852312.0,500956903.0,4310298661.0,0.014349890080621493
2018-09-04,6.32,6.35,6.24,6.3,38363272.0,308675573.0,4310298661.0,0.008900374432777618
2018-09-05,6.26,6.29,6.1,6.1,38977988.0,307581448.0,4310298661.0,0.009042990072283532
2018-09-06,6.08,6.14,5.95,5.98,34592070.0,267218382.0,4310298661.0,0.008025446197729267
2018-09-07,6.02,6.11,5.99,6.03,27135652.0,210212473.0,4310298661.0,0.006295538693298915
2018-09-10,6.04,6.04,5.95,5.96,29569831.0,226010083.0,4310298661.0,0.006860274269982889
2018-09-11,5.96,6.03,5.89,6.01,39481598.0,302219680.0,4310298661.0,0.009159828843702485
2018-09-12,6.03,6.12,6.0,6.1,32507260.0,252422350.0,4310298661.0,0.007541765097191255
2018-09-13,6.14,6.21,6.08,6.2,27402246.0,215269010.0,4310298661.0,0.006357389163757532
2018-09-14,6.23,6.32,6.21,6.28,38548154.0,309463984.0,4310298661.0,0.008943267516190337
2018-09-17,6.28,6.28,6.21,6.21,28125211.0,224754633.0,4310298661.0,0.006525118840251056
2018-09-18,6.19,6.32,6.17,6.31,30034740.0,240018260.0,4310298661.0,0.006968134313233846
2018-09-19,6.31,6.45,6.28,6.45,55995844.0,458430145.0,4310298661.0,0.012991174951902017
2018-09-20,6.45,6.49,6.4,6.42,34020395.0,280235841.0,4310073661.0,0.007893228208101384
2018-09-21,6.46,6.66,6.44,6.64,55830028.0,468961139.0,4310073661.0,0.012953381401617767
2018-09-25,6.57,6.62,6.53,6.59,27706045.0,233340598.0,4310073661.0,0.00642820684265795
2018-09-26,6.61,6.82,6.61,6.67,57972646.0,498673856.0,4310073661.0,0.013450500051674174
2018-09-27,6.69,6.75,6.61,6.67,35957849.0,307128383.0,4310073661.0,0.008342745815545356
2018-09-28,6.73,6.75,6.63,6.68,38977204.0,333210971.0,4310073661.0,0.00904328024662036
2018-10-08,6.57,6.64,6.5,6.53,55773582.0,469765229.0,4310073661.0,0.012940285105721306
2018-10-09,6.58,6.69,6.58,6.62,41672055.0,354134731.0,4310073661.0,0.009668525013173782
2018-10-10,6.65,6.75,6.62,6.64,36875225.0,314824148.0,4310073661.0,0.00855559043773846
2018-10-11,6.45,6.46,6.18,6.32,72223382.0,584312497.0,4310073661.0,0.0167568788101044
2018-10-12,6.25,6.38,6.11,6.34,45697523.0,366039268.0,4310073661.0,0.010602492345663881
2018-10-15,6.35,6.36,6.14,6.15,41200660.0,328249944.0,4310073661.0,0.009559154492603462
2018-10-16,6.17,6.21,6.04,6.08,36031175.0,280940709.0,4310073661.0,0.00835975851782548
2018-10-17,6.15,6.18,5.94,6.06,40602208.0,313207447.0,4310073661.0,0.009420304893485207
2018-10-18,6.01,6.09,5.98,6.02,37002810.0,285677437.0,4310073661.0,0.008585192019993183
2018-10-19,5.94,6.13,5.8,6.1,46493069.0,355299079.0,4310073661.0,0.01078707062960333
2018-10-22,6.14,6.47,6.12,6.39,56758968.0,457668649.0,4310073661.0,0.013168909040601197
2018-10-23,6.41,6.41,6.21,6.24,42650046.0,335534995.0,4310073661.0,0.00989543320011486
2018-10-24,6.19,6.28,6.15,6.16,29798980.0,231409885.0,4310073661.0,0.00691379831153192
2018-10-25,5.99,6.15,5.94,6.12,28888894.0,218573136.0,4310073661.0,0.006702645075745029
2018-10-26,6.16,6.31,6.15,6.2,25178515.0,195681424.0,4310073661.0,0.0058417829903533985
2018-10-29,6.15,6.19,6.01,6.05,24493395.0,186200961.0,4310073661.0,0.00568282515021267
2018-10-30,6.03,6.13,5.94,6.03,32259030.0,243519895.0,4310073661.0,0.0074845658188856645
2018-10-31,5.91,6.0,5.88,5.95,64400213.0,478975923.0,4310073661.0,0.014941789413654292
2018-11-01,5.99,6.11,5.95,5.99,58331834.0,438764569.0,4310073661.0,0.013533836910449962
2018-11-02,6.07,6.15,6.0,6.15,82096649.0,624141153.0,4310073661.0,0.01904762086617155
2018-11-05,6.14,6.14,5.99,6.04,59827041.0,453199073.0,4310073661.0,0.013880746758773318
2018-11-06,6.01,6.04,5.97,6.03,33662909.0,252837638.0,4310073661.0,0.0078102862381683085
2018-11-07,6.03,6.07,5.99,6.01,34824637.0,262623844.0,4310073661.0,0.008079824090969289
2018-11-08,6.06,6.07,5.97,5.99,30287793.0,227948110.0,4310073661.0,0.007027210062338654
2018-11-09,5.96,5.99,5.91,5.92,30197156.0,224107010.0,4310073661.0,0.007006180955383908
2018-11-12,5.9,5.99,5.9,5.99,34081981.0,253822518.0,4310073661.0,0.007907517059022253
2018-11-13,5.91,6.03,5.91,6.02,48338813.0,361140062.0,4310073661.0,0.011215310178430846
2018-11-14,6.02,6.05,5.98,5.99,37667260.0,283206469.0,4310073661.0,0.008739354118430692
2018-11-15,5.99,6.03,5.99,6.03,43767035.0,328862455.0,4310073661.0,0.010154590951896959
2018-11-16,6.03,6.15,6.03,6.1,53287964.0,405940073.0,4310073661.0,0.012363585449172211
2018-11-19,6.1,6.15,6.07,6.15,41372761.0,316227296.0,4310073661.0,0.009599084436622114
2018-11-20,6.11,6.11,6.0,6.02,44443612.0,336314509.0,4310073661.0,0.010311566691342448
2018-11-21,5.95,6.04,5.94,6.0,23482122.0,176421577.0,4310073661.0,0.005448195053481245
2018-11-22,6.01,6.05,5.99,6.03,18007753.0,135670122.0,4310073661.0,0.004178061540558901
2018-11-23,6.03,6.05,5.93,5.94,28051246.0,209566236.0,4310073661.0,0.006508298513276847
2018-11-26,5.93,6.01,5.92,5.95,21739742.0,162236182.0,4310073661.0,0.005043937461374166
2018-11-27,5.98,5.99,5.93,5.95,17217193.0,128224966.0,4310073661.0,0.003994640081396048
2018-11-28,5.94,6.03,5.93,6.02,19378423.0,145100442.0,4310073661.0,0.004496076987116717
2018-11-29,6.04,6.06,5.96,5.97,21097405.0,159054377.0,4310073661.0,0.004894905901702175
2018-11-30,5.99,6.04,5.96,6.01,19612385.0,147518276.0,4310073661.0,0.004550359586070193
2018-12-03,6.11,6.19,6.07,6.15,59298736.0,456107678.0,4310073661.0,0.013758172287533904
2018-12-04,6.18,6.27,6.15,6.19,42781582.0,332313881.0,4310073661.0,0.009925951472039122
2018-12-05,6.11,6.19,6.1,6.15,26151821.0,201187700.0,4310073661.0,0.006067604188911332
2018-12-06,6.12,6.14,6.07,6.07,21826270.0,166528465.0,4310073661.0,0.005064013220353173
2018-12-07,6.08,6.13,6.08,6.09,14316054.0,109381500.0,4310073661.0,0.0033215334878240726
2018-12-10,6.06,6.09,5.99,6.0,19902112.0,150171251.0,4310073661.0,0.004617580478980125
2018-12-11,6.04,6.07,6.01,6.03,12683414.0,95718846.0,4310073661.0,0.0029427371775027304
2018-12-12,6.06,6.07,6.02,6.07,15020859.0,113713226.0,4310073661.0,0.003485058535290773
2018-12-13,6.07,6.2,6.07,6.17,30627717.0,236145679.0,4310073661.0,0.0071060773919334646
2018-12-14,6.17,6.21,6.15,6.15,32345593.0,250140921.0,4310073661.0,0.0075046496983755375
2018-12-17,6.14,6.28,6.13,6.28,43078331.0,336085384.0,4310073661.0,0.00999480157144349
2018-12-18,6.22,6.32,6.19,6.24,33793630.0,264095552.0,4310073661.0,0.007840615418196677
2018-12-19,6.26,6.35,6.24,6.27,34821110.0,274135391.0,4310073661.0,0.008079005775488531
2018-12-20,6.23,6.28,6.15,6.22,28635206.0,222860132.0,4310073661.0,0.006643785756867138
2018-12-21,6.2,6.24,6.18,6.24,31715739.0,246834230.0,4310073661.0,0.007358514376907769
2018-12-24,6.23,6.26,6.15,6.2,22055622.0,171278752.0,4310073661.0,0.005117226232018219
2018-12-25,6.18,6.18,6.04,6.12,25802095.0,196993020.0,4310073661.0,0.005986462652244681
2018-12-26,6.13,6.15,6.03,6.07,21494513.0,163360251.0,4310073661.0,0.004987040753965434
2018-12-27,6.15,6.19,6.09,6.1,34330770.0,264119309.0,4310073661.0,0.007965239738393418
2018-12-28,6.12,6.19,6.11,6.15,30762567.0,236912854.0,4310073661.0,0.007137364560229497
2019-01-02,6.19,6.19,6.03,6.04,21615670.0,164557628.0,4307203783.0,0.005018492527638087
2019-01-03,6.06,6.09,5.94,5.99,27300830.0,205390575.0,4307203783.0,0.006338411502087037
2019-01-04,5.94,6.09,5.92,6.08,20415413.0,154030304.0,4307203783.0,0.004739829835908184
2019-01-07,6.12,6.15,6.07,6.12,30996428.0,236955426.0,4243839122.0,0.007303864993212153
2019-01-08,6.14,6.14,6.07,6.12,16094218.0,122995785.0,4243839122.0,0.0037923723160399295
2019-01-09,6.17,6.31,6.15,6.2,45172968.0,354012679.0,4243839122.0,0.010644363912341538
2019-01-10,6.23,6.3,6.19,6.25,25481535.0,199378024.0,4243839122.0,0.006004359323590777
2019-01-11,6.25,6.33,6.22,6.31,29177923.0,229582589.0,4243839122.0,0.006875360295526302
2019-01-14,6.33,6.51,6.32,6.4,49467587.0,397664991.0,4243839122.0,0.01165632946441366
2019-01-15,6.39,6.52,6.36,6.49,35426063.0,286999641.0,4243839122.0,0.008347645134885487
2019-01-16,6.5,6.53,6.39,6.49,41382424.0,334274655.0,4243839122.0,0.009751176425485623
2019-01-17,6.47,6.64,6.47,6.59,54650835.0,450270107.0,4243839122.0,0.012877687732480448
2019-01-18,6.63,6.63,6.51,6.58,34939395.0,286961670.0,4243839122.0,0.008232968780290159
2019-01-21,6.59,6.64,6.58,6.61,29721551.0,245914306.0,4243839122.0,0.007003458459564104
2019-01-22,6.59,6.63,6.52,6.55,34729545.0,285672955.0,4243839122.0,0.008183520628753937
2019-01-23,6.59,6.71,6.59,6.66,39677672.0,330981315.0,4243839122.0,0.009349475995522905
2019-01-24,6.67,6.68,6.56,6.66,26729943.0,222109196.0,4243839122.0,0.006298528815909248
2019-01-25,6.69,6.99,6.67,6.87,72806471.0,625375373.0,4243839122.0,0.017155803720874413
2019-01-28,6.92,7.07,6.8,6.84,55913957.0,482081294.0,4243839122.0,0.013175324368481092
2019-01-29,6.85,7.05,6.76,7.03,57819223.0,501360996.0,4243839122.0,0.01362427305508967
2019-01-30,6.97,7.03,6.89,6.97,37342298.0,325549880.0,4243839122.0,0.00879917850948168
2019-01-31,7.02,7.11,6.98,7.07,52076786.0,458402999.0,4243839122.0,0.012271149895865445
2019-02-01,7.12,7.18,7.05,7.17,45998451.0,410826972.0,4243839122.0,0.010838877176456738
2019-02-11,7.25,7.33,7.16,7.24,48613990.0,439219110.0,4243839122.0,0.011455191538243235
2019-02-12,7.25,7.59,7.18,7.46,70589388.0,656163711.0,4243839122.0,0.01663337981736057
2019-02-13,7.49,7.53,7.45,7.5,43450971.0,406933207.0,4243839122.0,0.01023859994474126
2019-02-14,7.5,7.55,7.43,7.51,36992086.0,347224505.0,4243839122.0,0.008716656059894816
2019-02-15,7.48,7.49,7.11,7.15,100344059.0,910087141.0,4243839122.0,0.023644642531291504
2019-02-18,7.21,7.86,7.21,7.77,123495127.0,1171770182.0,4243839122.0,0.029099860633218413
2019-02-19,7.77,7.9,7.6,7.68,70066305.0,675695114.0,4243839122.0,0.01651012278876862
2019-02-20,7.66,7.73,7.52,7.64,63240512.0,603350499.0,4243839122.0,0.014901722280696765
2019-02-21,7.59,7.7,7.55,7.62,64575143.0,617315111.0,4243839122.0,0.01521620898993164
2019-02-22,7.55,7.62,7.36,7.59,69470334.0,651196148.0,4243839122.0,0.01636969074531285
2019-02-25,7.59,8.04,7.59,7.93,138398674.0,1366229720.0,4243839122.0,0.032611668355320846
2019-02-26,7.91,7.92,7.66,7.67,90249899.0,879126858.0,4243839122.0,0.02126609807901196
2019-02-27,7.67,7.81,7.44,7.58,77341372.0,740256277.0,4243839122.0,0.01822438829008938
2019-02-28,7.59,7.65,7.53,7.64,48496580.0,460824883.0,4243839122.0,0.011427525550767096
2019-03-01,7.69,8.03,7.66,8.02,103301922.0,1020149968.0,4243839122.0,0.024341620648267354
2019-03-04,8.06,8.77,7.94,8.51,170207494.0,1796992661.0,4243839122.0,0.040106961905706284
2019-03-05,8.39,8.9,8.33,8.71,119844472.0,1303406691.0,4243839122.0,0.028239635988727283
2019-03-06,8.67,8.76,8.46,8.57,102388686.0,1094977168.0,4243839122.0,0.024126429644615543
2019-03-07,8.46,8.55,8.26,8.42,99976304.0,1049276494.0,4243839122.0,0.023557986324628636
2019-03-08,8.17,8.37,8.11,8.23,86805357.0,894727052.0,4243839122.0,0.020454441015448088
2019-03-11,8.24,8.46,8.22,8.34,74813224.0,780205900.0,4243839122.0,0.017628666367716282
2019-03-12,8.35,8.59,8.27,8.39,81393814.0,856885447.0,4243839122.0,0.01917928829536814
2019-03-13,8.38,8.38,8.16,8.18,60025999.0,617986626.0,4243839122.0,0.014144268261448954
2019-03-14,8.15,8.37,8.09,8.14,53146716.0,546153907.0,4243839122.0,0.01252326359981183
2019-03-15,8.19,8.59,8.15,8.53,97046084.0,1026105841.0,4243839122.0,0.02286752188529356
2019-03-18,8.78,9.19,8.67,9.14,146157287.0,1632601599.0,4243839122.0,0.03443987455658316
2019-03-19,9.11,9.15,8.91,8.96,87941587.0,990133242.0,4243839122.0,0.020722177366270106
2019-03-20,9.0,9.62,9.0,9.38,127959351.0,1498382431.0,4243839122.0,0.030151791178101118
2019-03-21,9.32,9.45,9.17,9.4,97607170.0,1138203216.0,4243839122.0,0.02299973377737291
2019-03-22,9.4,9.4,9.11,9.27,59842867.0,691444442.0,4243839122.0,0.014101115824531484
2019-03-25,9.07,9.14,8.88,8.95,92810679.0,1045312833.0,4243839122.0,0.02186950926553054
2019-03-26,9.06,9.22,8.9,8.98,77613035.0,877208521.0,4243839122.0,0.01828840179111766
2019-03-27,9.15,9.41,9.08,9.41,113885422.0,1321935860.0,4243839122.0,0.026835471073731243
2019-03-28,9.27,9.35,9.12,9.14,61557770.0,709635555.0,4243839122.0,0.01450520819247964
2019-03-29,9.14,9.62,8.99,9.47,121895359.0,1430855673.0,4243839122.0,0.028722898181530076
2019-04-01,9.61,9.87,9.57,9.73,98624839.0,1198568109.0,4243839122.0,0.023239532924028687
2019-04-02,9.83,10.2,9.64,10.04,110428635.0,1373685810.0,4243839122.0,0.02602092865102722
2019-04-03,9.92,10.17,9.88,10.07,60267341.0,756135237.0,4243839122.0,0.014201137052433251
2019-04-04,10.12,10.73,10.12,10.6,114308109.0,1500979780.0,4243839122.0,0.026935071220638037
2019-04-08,10.62,11.66,10.62,11.6,184414399.0,2578512654.0,4243839122.0,0.04345461590285043
2019-04-09,11.47,11.47,10.93,11.08,164084117.0,2281866371.0,4243839122.0,0.038664075683121524
2019-04-10,10.95,11.39,10.91,11.08,122222871.0,1707056120.0,4243839122.0,0.028800071700738707
2019-04-11,11.01,11.14,10.49,10.55,121257626.0,1633476376.0,4243839122.0,0.028572625519992557
2019-04-12,10.59,10.99,10.55,10.71,101633095.0,1365564424.0,4243839122.0,0.023948385430808516
2019-04-15,10.99,11.06,10.29,10.33,144681375.0,1923072701.0,4243839122.0,0.03409209700008982
2019-04-16,10.33,10.67,10.23,10.67,99167340.0,1295127498.0,4243839122.0,0.023367365526633176
2019-04-17,10.65,11.51,10.51,11.16,170240175.0,2344692308.0,4243839122.0,0.040114662716001045
2019-04-18,11.15,11.15,10.73,10.78,111097536.0,1510460797.0,4243839122.0,0.026178545606046186
2019-04-19,10.69,11.18,10.66,11.01,103315881.0,1418065597.0,4243839122.0,0.02434490988699642
2019-04-22,11.07,11.1,10.56,10.71,111300966.0,1502583867.0,4243839122.0,0.026226480976391735
2019-04-23,10.63,10.65,10.35,10.47,78476688.0,1029916568.0,4243839122.0,0.018491909269882072
2019-04-24,10.57,10.73,10.39,10.63,73896614.0,977968363.0,4243839122.0,0.01741268032921442
2019-04-25,10.49,10.53,9.75,9.79,154418889.0,1957095564.0,4243839122.0,0.03638660292269204
2019-04-26,9.81,9.95,9.63,9.68,115891618.0,1415737781.0,4243839122.0,0.027308202471488505
2019-04-29,9.89,10.02,9.71,9.83,99937015.0,1234247524.0,4243839122.0,0.0235487284336317
2019-04-30,9.87,9.97,9.71,9.87,56824050.0,700555303.0,4243839122.0,0.013389774769129432
2019-05-06,9.41,9.47,8.91,9.07,137813338.0,1584884913.0,4243839122.0,0.032473742297529064
2019-05-07,9.17,9.5,9.12,9.5,121912626.0,1428943006.0,4243839122.0,0.028726966903153028
2019-05-08,9.26,9.59,9.2,9.31,84085565.0,986246249.0,4243839122.0,0.01981356092508353
2019-05-09,9.2,9.38,9.07,9.1,67378176.0,775197091.0,4243839122.0,0.015876703631556747
2019-05-10,9.26,9.72,9.03,9.71,113953727.0,1348846334.0,4243839122.0,0.026851566170184336
2019-05-13,9.53,9.83,9.45,9.53,82604299.0,993731422.0,4243839122.0,0.019464521775055168
2019-05-14,9.42,9.64,9.37,9.43,66936911.0,794297917.0,4243839122.0,0.015772725844624982
2019-05-15,9.55,9.73,9.45,9.65,78582905.0,943680194.0,4243839122.0,0.018516937786973914
2019-05-16,9.65,9.65,9.49,9.58,58496258.0,700367951.0,4243839122.0,0.013783806670888219
2019-05-17,9.6,9.63,8.99,9.11,89045200.0,1032445046.0,4243839122.0,0.020982227987482133
2019-05-20,8.99,9.03,8.68,8.91,85256882.0,941818057.0,4243839122.0,0.02008956502569326
2019-05-21,8.92,9.23,8.91,9.14,66018566.0,752476693.0,4243839122.0,0.015556330978184521
2019-05-22,9.14,9.31,9.07,9.14,50051799.0,575351462.0,4243839122.0,0.011793990667679225
2019-05-23,9.1,9.1,8.85,8.94,54427408.0,610545008.0,4243839122.0,0.012825040355052365
2019-05-24,8.99,9.32,8.94,9.19,75515723.0,863873890.0,4243839122.0,0.01779420021096643
2019-05-27,9.45,9.72,9.41,9.58,137077097.0,1639256435.0,4243839122.0,0.032300257634507
2019-05-28,9.43,9.65,9.37,9.6,94150562.0,1120730648.0,4243839122.0,0.022185233533459095
2019-05-29,9.47,9.49,9.36,9.41,64600549.0,761269042.0,4243839122.0,0.015222195550512671
2019-05-30,9.41,9.7,9.23,9.63,92531716.0,1096321716.0,4243839122.0,0.021803775623896047
2019-05-31,9.63,9.63,9.33,9.35,72791185.0,861836064.0,4243839122.0,0.017152201793572137
2019-06-03,9.32,9.41,9.16,9.21,56105643.0,651102576.0,4243839122.0,0.013220492433171928
2019-06-04,9.24,9.25,9.02,9.15,48261349.0,548997272.0,4243839122.0,0.011372096729542331
2019-06-05,9.27,9.31,9.03,9.03,45283253.0,518222342.0,4243839122.0,0.01067035099545887
2019-06-06,9.03,9.13,8.94,9.08,43407957.0,492172660.0,4243839122.0,0.010228464310763758
2019-06-10,9.15,9.42,9.13,9.4,56148252.0,654815650.0,4243839122.0,0.013230532634691141
2019-06-11,9.45,10.03,9.43,9.96,114089557.0,1395565454.0,4243839122.0,0.026883572567244926
2019-06-12,9.88,10.09,9.84,9.91,66858224.0,833041655.0,4243839122.0,0.01575418437833987
2019-06-13,9.85,10.09,9.73,9.95,75545214.0,939916653.0,4243839122.0,0.017801149343379844
2019-06-14,9.94,10.01,9.68,9.7,53460132.0,656905865.0,4243839122.0,0.012597115598200568
2019-06-17,9.7,9.93,9.69,9.75,40974659.0,502358019.0,4243839122.0,0.009655092434486492
2019-06-18,9.76,9.85,9.58,9.7,43639663.0,529150669.0,4243839122.0,0.01028306251614785
2019-06-19,10.06,10.09,9.76,9.76,65016485.0,805334278.0,4243839122.0,0.015320204920812264
2019-06-20,9.78,10.18,9.73,10.17,101436982.0,1271627364.0,4243839122.0,0.023902174206876074
2019-06-21,10.11,10.27,10.0,10.07,78452722.0,991534487.0,4243839122.0,0.018486262024708298
2019-06-24,10.06,10.09,9.95,10.02,46593511.0,583339076.0,4243839122.0,0.01097909455579028
2019-06-25,10.03,10.04,9.65,9.81,75627481.0,925661446.0,4243839122.0,0.0178205343854691
2019-06-26,9.75,9.89,9.69,9.79,39932435.0,489114191.0,4243839122.0,0.009409507253229945
2019-06-27,9.85,10.03,9.81,9.83,60006253.0,743360818.0,4243839122.0,0.01413961539892699
2019-06-28,9.77,9.94,9.77,9.82,43280844.0,532556294.0,4243839122.0,0.010198511950095548
2019-07-01,9.99,10.35,9.92,10.3,101787878.0,1291294805.0,4245035750.0,0.023978096768678566
2019-07-02,10.26,10.26,10.0,10.09,80313860.0,1016900892.0,4245035750.0,0.018919477886611438
2019-07-03,10.07,10.1,9.85,9.92,62155320.0,773276805.0,4245035750.0,0.014641883757987197
2019-07-04,9.95,10.03,9.87,10.02,47586655.0,591595277.0,4245035750.0,0.011209953885547371
2019-07-05,10.01,10.02,9.91,9.97,30956053.0,386130623.0,4245035750.0,0.007292295005996122
2019-07-08,9.95,9.95,9.41,9.45,97359449.0,1169161244.0,4245035750.0,0.022934894953475952
2019-07-09,9.52,9.61,9.46,9.53,40092739.0,478511793.0,4245035750.0,0.009444617515883111
2019-07-10,9.53,9.6,9.46,9.49,32378907.0,386171691.0,4245035750.0,0.007627475693225905
2019-07-11,9.57,9.65,9.37,9.46,33747961.0,401792589.0,4245035750.0,0.007949982753384351
2019-07-12,9.49,9.6,9.4,9.56,31091881.0,370382214.0,4245035750.0,0.007324291909673552
2019-07-15,9.53,9.79,9.38,9.75,48752384.0,587697838.0,4245035750.0,0.011484563822577938
2019-07-16,9.73,9.88,9.69,9.77,33206887.0,406474880.0,4245035750.0,0.007822522342715252
2019-07-17,9.77,9.89,9.71,9.85,32295359.0,397506020.0,4245035750.0,0.007607794351319656
2019-07-18,9.79,9.82,9.64,9.65,35154331.0,426880123.0,4245035750.0,0.008281280316661643
2019-07-19,9.81,10.13,9.81,10.02,94679795.0,1187008393.0,4245035750.0,0.022303650799642853
2019-07-22,10.05,10.17,9.9,9.98,62634139.0,786201556.0,4245035750.0,0.014754678803352834
2019-07-23,9.99,10.03,9.84,9.93,44065590.0,546439387.0,4245035750.0,0.010380499151273342
2019-07-24,10.01,10.13,9.94,10.01,54206809.0,681793730.0,4245035750.0,0.012769458773109272
2019-07-25,9.97,10.09,9.95,10.02,36631168.0,459104901.0,4245035750.0,0.008629177740140352
2019-07-26,9.97,10.05,9.91,10.04,35185162.0,439280092.0,4245035750.0,0.008288543153022916
2019-07-29,10.03,10.05,9.95,10.05,36036763.0,451075127.0,4245035750.0,0.008489154184390555
2019-07-30,10.08,10.18,10.01,10.11,50856680.0,642719836.0,4245035750.0,0.011980271308669192
2019-07-31,10.13,10.13,9.91,9.95,44814703.0,547134745.0,4245035750.0,0.010556967158639359
2019-08-01,9.9,9.91,9.7,9.71,56388988.0,674457789.0,4245035750.0,0.013283513101155862
2019-08-02,9.37,9.64,9.33,9.59,48880417.0,569641524.0,4245035750.0,0.011514724463745683
2019-08-05,9.49,9.59,9.3,9.31,42526050.0,490440197.0,4245035750.0,0.01001783082745534
2019-08-06,9.0,9.14,8.84,9.06,63986978.0,704450294.0,4245035750.0,0.015073366107694147
2019-08-07,9.13,9.19,9.02,9.02,28776011.0,320002531.0,4245035750.0,0.006778744089493239
2019-08-08,9.08,9.22,9.05,9.18,31501982.0,352114125.0,4245035750.0,0.007420899105502233
2019-08-09,9.2,9.28,9.07,9.08,27232057.0,305453906.0,4245035750.0,0.006415035962889123
2019-08-12,9.07,9.28,9.06,9.28,26032422.0,292409785.0,4245035750.0,0.006132438813972297
2019-08-13,9.15,9.19,8.97,9.03,37000045.0,410034718.0,4245035750.0,0.008716073828117938
2019-08-14,9.15,9.21,8.96,8.97,36944194.0,409453718.0,4245035750.0,0.008702917048460664
2019-08-15,8.75,8.9,8.7,8.89,42381782.0,456451987.0,4245035750.0,0.009983845719084934
2019-08-16,8.88,9.07,8.84,8.95,34777347.0,382987903.0,4245035750.0,0.00819247446856013
2019-08-19,9.07,9.18,8.99,9.17,46291050.0,515734390.0,4245035750.0,0.01090474915317262
2019-08-20,9.18,9.24,9.13,9.19,40270420.0,453023875.0,4245035750.0,0.009486473700486504
2019-08-21,9.15,9.17,9.01,9.06,29776318.0,331402809.0,4245035750.0,0.0070143856856800324
2019-08-22,9.09,9.11,8.97,9.04,25190567.0,278352832.0,4245035750.0,0.005934123640772637
2019-08-23,9.06,9.23,9.03,9.14,45851191.0,513076157.0,4245035750.0,0.010801131886816265
2019-08-26,8.91,9.09,8.87,9.03,40810175.0,449324939.0,4245035750.0,0.009613623395280005
2019-08-27,9.11,9.3,9.08,9.13,59653147.0,671752284.0,4245035750.0,0.014052448674902207
2019-08-28,9.17,9.26,9.1,9.15,37452851.0,419390237.0,4245035750.0,0.00882274100989609
2019-08-29,9.15,9.22,9.01,9.22,46090806.0,514869705.0,4245035750.0,0.010857577818985388
2019-08-30,9.34,9.71,9.33,9.46,98558178.0,1146668284.0,4245035750.0,0.02321727867662834
2019-09-02,9.43,9.6,9.42,9.55,55859283.0,651150567.0,4245035750.0,0.01315873087759037
2019-09-03,9.56,9.59,9.31,9.4,57093692.0,656503838.0,4245035750.0,0.01344951971252539
2019-09-04,9.36,9.54,9.29,9.5,45996211.0,531435609.0,4245035750.0,0.01083529414328254
2019-09-05,9.66,9.91,9.61,9.76,91299238.0,1095671932.0,4245035750.0,0.021507295433259896
2019-09-06,9.84,10.01,9.83,9.97,63365717.0,769817389.0,4245035750.0,0.014927016103456843
2019-09-09,10.07,10.15,9.91,10.03,53569099.0,656051234.0,4245035750.0,0.012619233889844155
2019-09-10,10.0,10.09,9.93,9.95,42056935.0,514209296.0,4245035750.0,0.009907321746348072
2019-09-11,10.01,10.13,9.96,10.05,44092428.0,541579177.0,4245035750.0,0.010386821359513874
2019-09-12,10.07,10.09,9.87,10.0,31063863.0,378613542.0,4245035750.0,0.007317691729686847
2019-09-16,10.01,10.03,9.81,9.86,37535070.0,453813054.0,4245035750.0,0.008842109280233977
2019-09-17,9.88,9.88,9.54,9.63,43238810.0,510815994.0,4245035750.0,0.010185735184915699
2019-09-18,9.64,9.71,9.6,9.65,24338917.0,286999688.0,4245035750.0,0.005733501066510453
2019-09-19,9.68,9.69,9.42,9.56,30847828.0,359339080.0,4245035750.0,0.0072668005210556825
2019-09-20,9.6,9.72,9.55,9.66,37425658.0,440998891.0,4245035750.0,0.008816335174562429
2019-09-23,9.61,9.62,9.42,9.51,31387666.0,364131165.0,4245035750.0,0.007393969768099126
2019-09-24,9.55,9.66,9.52,9.55,25514217.0,299235244.0,4245035750.0,0.006010365637085624
2019-09-25,9.51,9.55,9.38,9.46,26310019.0,304303381.0,4245035750.0,0.006197832138398363
2019-09-26,9.48,9.51,9.19,9.19,37695580.0,428818696.0,4245035750.0,0.00887992050479198
2019-09-27,9.19,9.28,9.18,9.26,24342816.0,274950700.0,4245035750.0,0.00573441955111921
2019-09-30,9.26,9.28,9.16,9.17,24504259.0,276171769.0,4245035750.0,0.005772450561812112
2019-10-08,9.16,9.24,9.07,9.08,33468043.0,374067458.0,4245035750.0,0.007884042672667716
2019-10-09,9.01,9.19,9.01,9.18,26365717.0,293983166.0,4245035750.0,0.006210952875956345
2019-10-10,9.15,9.44,9.15,9.37,42689061.0,488222647.0,4245035750.0,0.010056231210773666
2019-10-11,9.48,9.77,9.48,9.71,74928448.0,884207902.0,4245035750.0,0.0176508402785536
2019-10-14,9.79,10.04,9.76,9.98,77654316.0,944011802.0,4245035750.0,0.018292971030927124
2019-10-15,10.05,10.07,9.78,9.86,44604464.0,538192697.0,4245035750.0,0.01050744130953432
2019-10-16,9.91,10.01,9.82,9.88,37234715.0,451283279.0,4245035750.0,0.008771354870215168
2019-10-17,9.97,9.98,9.81,9.87,26154842.0,315852815.0,4245035750.0,0.006161277204791503
2019-10-18,9.93,9.95,9.61,9.69,36068502.0,429562362.0,4245035750.0,0.008496630917654817
2019-10-21,9.73,9.76,9.57,9.65,27258526.0,322018866.0,4245035750.0,0.006421271246066656
2019-10-22,9.69,9.7,9.57,9.66,23965098.0,282410200.0,4245035750.0,0.005645440795168804
2019-10-23,9.65,9.71,9.62,9.64,22708244.0,268474327.0,4245035750.0,0.005349364607824563
2019-10-24,9.65,9.72,9.59,9.63,19320118.0,228026653.0,4245035750.0,0.004551226217588391
2019-10-25,9.69,9.98,9.65,9.96,42927912.0,511593879.0,4245035750.0,0.010112497168015605
2019-10-28,9.99,10.04,9.84,9.93,35497424.0,425069307.0,4245035750.0,0.008362102486416044
2019-10-29,9.93,9.95,9.74,9.75,28533132.0,338184506.0,4245035750.0,0.0067215292592058854
2019-10-30,9.72,10.0,9.61,9.98,42652561.0,506601289.0,4245035750.0,0.010047632932184376
2019-10-31,9.98,10.0,9.52,9.57,77329380.0,901043862.0,4245035750.0,0.018216426092524662
2019-11-01,9.56,10.51,9.54,10.51,160732771.0,1974124709.0,4245035750.0,0.03786370256127996
2019-11-04,10.57,10.86,10.57,10.76,133694935.0,1735013053.0,4245035750.0,0.0314944190988262
2019-11-05,10.72,10.97,10.62,10.81,91175625.0,1192433406.0,4245035750.0,0.021478176008293923
2019-11-06,10.77,10.83,10.57,10.6,58398091.0,752991720.0,4245035750.0,0.013756796041116967
2019-11-07,10.66,10.79,10.57,10.65,43344812.0,558081439.0,4245035750.0,0.010210705999354659
2019-11-08,10.75,10.89,10.5,10.57,68867149.0,889121815.0,4245035750.0,0.016222984458964803
2019-11-11,10.45,10.68,10.42,10.51,57232969.0,729244481.0,4245035750.0,0.013482329094637188
2019-11-12,10.58,10.59,10.27,10.52,46481137.0,584781851.0,4245035750.0,0.010949527810219266
2019-11-13,10.43,10.47,10.28,10.45,32492016.0,408267730.0,4245035750.0,0.007654120698512374
2019-11-14,10.45,10.58,10.39,10.44,32080835.0,405880642.0,4245035750.0,0.007557259087865161
2019-11-15,10.42,10.56,10.22,10.33,33709123.0,422311669.0,4245035750.0,0.007940833713826792
2019-11-18,10.29,10.83,10.27,10.82,76845546.0,989164637.0,4245035750.0,0.018102449667237785
2019-11-19,10.77,10.8,10.66,10.8,57756802.0,748700672.0,4245035750.0,0.013605728055411548
2019-11-20,10.8,10.8,10.51,10.58,45815302.0,588898736.0,4245035750.0,0.010792677541054866
2019-11-21,10.51,10.55,10.43,10.54,24849375.0,314509370.0,4245035750.0,0.005853749288212708
2019-11-22,10.5,10.79,10.47,10.59,50588784.0,649287986.0,4245035750.0,0.011917163241793665
2019-11-25,10.8,11.13,10.76,11.08,105366334.0,1399279450.0,4245035750.0,0.024821071059295555
2019-11-26,11.08,11.13,10.89,11.08,62866999.0,837693664.0,4245035750.0,0.014809533465059747
2019-11-27,11.04,11.23,10.98,11.05,52222096.0,700154772.0,4245035750.0,0.012301921367800023
2019-11-28,10.97,10.99,10.82,10.87,39441577.0,518519496.0,4245035750.0,0.009291223754711607
2019-11-29,10.84,10.94,10.75,10.92,36131855.0,473329117.0,4245035750.0,0.008511554938023785
2019-12-02,11.0,11.23,10.94,11.02,48768676.0,650885505.0,4245035750.0,0.011488401717229355
2019-12-03,10.93,11.26,10.87,11.23,48509168.0,651434134.0,4245035750.0,0.01142726960544443
2019-12-04,11.23,11.28,11.04,11.13,37993403.0,511596939.0,4245035750.0,0.008950078453402895
2019-12-05,11.16,11.63,11.15,11.55,74369572.0,1030240842.0,4245035750.0,0.017519186263625697
2019-12-06,11.51,11.63,11.47,11.61,39574087.0,552981800.0,4245035750.0,0.00932243903952988
2019-12-09,11.67,11.74,11.52,11.6,44910111.0,630248520.0,4245035750.0,0.010579442352163937
2019-12-10,11.54,11.63,11.49,11.6,38766517.0,541378127.0,4245035750.0,0.009132200358972243
2019-12-11,11.58,11.82,11.42,11.45,49987336.0,698309226.0,4245035750.0,0.01177548057163005
2019-12-12,11.49,11.8,11.48,11.74,49323555.0,696874139.0,4245035750.0,0.011619114161759415
2019-12-13,11.86,11.96,11.77,11.84,48325192.0,691651533.0,4245035750.0,0.01138393051224598
2019-12-16,11.92,12.31,11.86,12.17,62238673.0,910530138.0,4245035750.0,0.014661519163884544
2019-12-17,12.17,12.28,12.02,12.21,42595550.0,626041111.0,4245035750.0,0.010034202892166456
2019-12-18,12.17,12.35,12.05,12.13,41243718.0,607877248.0,4245035750.0,0.009715752806086497
2019-12-19,12.17,12.18,12.02,12.14,33496256.0,489250262.0,4245035750.0,0.007890688788663322
2019-12-20,12.14,12.21,12.05,12.09,26279357.0,384888480.0,4245035750.0,0.006190609113244806
2019-12-23,12.09,12.4,12.0,12.23,38142528.0,564959872.0,4245035750.0,0.00898520772174887
2019-12-24,12.18,12.64,12.18,12.57,56932163.0,859648188.0,4245035750.0,0.013411468442874715
2019-12-25,12.54,12.85,12.51,12.66,53250953.0,816211416.0,4245035750.0,0.012544288466828578
2019-12-26,12.62,12.72,12.49,12.64,33656249.0,511619565.0,4245035750.0,0.007928378223905417
2019-12-27,12.71,12.9,12.6,12.72,45648471.0,701808954.0,4245035750.0,0.010753377283100619
2019-12-30,12.67,12.98,12.62,12.96,45895568.0,712860978.0,4245035750.0,0.010811585744595908
2019-12-31,12.96,13.15,12.86,13.15,46530909.0,730941606.0,4245001625.0,0.010961340680287725
2020-01-02,13.28,13.77,13.25,13.38,83649648.0,1361986149.0,4245001625.0,0.01970544546022406
2020-01-03,13.38,13.63,13.31,13.59,48771287.0,792331306.0,4245001625.0,0.011489109147278595
2020-01-06,13.41,13.82,12.3,12.57,185106807.0,2904243550.0,4245001625.0,0.043605827123799984
2020-01-07,12.67,13.04,12.56,12.66,122751860.0,1889526306.0,4245001625.0,0.028916799295689317
2020-01-08,12.66,12.79,12.09,12.23,128448562.0,1918128557.0,4245001625.0,0.030258778051704516
2020-01-09,12.42,12.48,12.18,12.39,71099628.0,1059285719.0,4245001625.0,0.016749022563683942
2020-01-10,12.43,12.48,12.21,12.37,59787776.0,890636815.0,4245001625.0,0.014084276351719889
2020-01-13,12.32,12.38,12.12,12.36,61341103.0,907746309.0,4245001625.0,0.014450195410702582
2020-01-14,12.33,12.4,11.98,12.03,99620774.0,1461923519.0,4245001625.0,0.023467782300318908
2020-01-15,12.03,12.19,11.91,12.14,55941216.0,815101633.0,4245001625.0,0.013178137711549168
2020-01-16,12.13,12.13,11.76,11.83,85810320.0,1233686945.0,4245001625.0,0.02021443749152864
2020-01-17,11.91,12.35,11.9,12.18,105695767.0,1552955756.0,4245001625.0,0.02489887550985331
2020-01-20,12.25,12.28,11.9,12.01,83112399.0,1204511831.0,4245001625.0,0.01957888508464352
2020-01-21,12.02,12.02,11.63,11.8,66933254.0,951910532.0,4245001625.0,0.015767544965309643
2020-01-22,11.74,11.96,11.71,11.88,43615503.0,626023559.0,4245001625.0,0.010274555077467138
2020-01-23,11.78,11.78,11.05,11.2,110121469.0,1513047080.0,4245001625.0,0.025941443308634776
2020-02-03,10.08,10.35,10.08,10.08,129481118.0,1581433175.0,4245001625.0,0.03050201847684805
2020-02-04,9.99,10.65,9.98,10.61,115622672.0,1460971258.0,4245001625.0,0.027237368136460962
2020-02-05,10.76,11.17,10.76,10.99,101813353.0,1351242416.0,4245001625.0,0.02398429070094879
2020-02-06,11.16,11.16,10.82,11.06,73778437.0,977699418.0,4245001625.0,0.01738007273436556
2020-02-07,10.97,11.05,10.84,11.04,50311858.0,664956783.0,4245001625.0,0.011852023260415125
2020-02-10,10.99,11.62,10.8,11.57,101804319.0,1393498052.0,4245001625.0,0.023982162550997846
2020-02-11,11.62,12.04,11.51,11.82,93296544.0,1334578008.0,4245001625.0,0.02197797603905511
2020-02-12,11.67,11.98,11.57,11.83,70516923.0,1005189500.0,4245001625.0,0.016611754064994027
2020-02-13,11.84,12.12,11.79,11.95,75591184.0,1094431094.0,4245001625.0,0.017807103666303073
2020-02-14,11.92,12.05,11.7,11.84,55630211.0,797444282.0,4245001625.0,0.013104873899783254
2020-02-17,11.79,12.26,11.78,12.25,76427576.0,1117626641.0,4245001625.0,0.018004133508429457
2020-02-18,12.21,12.21,11.82,12.04,85188045.0,1234762869.0,4245001625.0,0.020067847441636727
2020-02-19,11.95,12.1,11.85,11.86,50725163.0,731976191.0,4245001625.0,0.011949386002885217
2020-02-20,11.92,12.29,11.81,12.24,83936513.0,1226224349.0,4245001625.0,0.019773022583943062
2020-02-21,12.12,12.53,12.09,12.34,91507454.0,1366600289.0,4245001625.0,0.021556518014289334
2020-02-24,12.24,12.29,11.93,12.08,89998975.0,1315115193.0,4245001625.0,0.02120116385114458
2020-02-25,11.82,11.87,11.42,11.73,119565107.0,1691251113.0,4245001625.0,0.028166092162567782
2020-02-26,11.52,11.89,11.45,11.71,71651579.0,1014406880.0,4245001625.0,0.016879046306607717
2020-02-27,11.76,12.71,11.76,12.52,174354823.0,2606787754.0,4245001625.0,0.04107296967171361
2020-02-28,12.17,12.38,11.8,11.86,124469166.0,1815724973.0,4245001625.0,0.029321347079578564
2020-03-02,11.97,12.79,11.89,12.67,128220297.0,1943156845.0,4245001625.0,0.03020500539855506
2020-03-03,12.69,13.06,12.29,12.47,117855264.0,1791998313.0,4245001625.0,0.027763302446321206
2020-03-04,12.32,12.65,12.28,12.6,75969694.0,1145470802.0,4245001625.0,0.017896269709908534
2020-03-05,12.61,12.78,12.5,12.63,69960143.0,1067562470.0,4245001625.0,0.016480592748889702
2020-03-06,12.43,12.53,12.29,12.3,61677174.0,920189531.0,4245001625.0,0.014529364049418944
2020-03-09,12.05,12.24,11.76,11.76,81972670.0,1182958501.0,4245001625.0,0.019310397790483765
2020-03-10,11.56,12.15,11.55,12.0,62869139.0,899424157.0,4245001625.0,0.014810156639221545
2020-03-11,12.04,12.06,11.81,11.82,38421049.0,553208084.0,4245001625.0,0.009050891470506799
2020-03-12,11.62,11.76,11.42,11.48,48188782.0,671768763.0,4245001625.0,0.011351887762822706
2020-03-13,10.76,11.57,10.68,11.28,72985732.0,977526562.0,4245001625.0,0.017193334289948594
2020-03-16,11.26,11.33,10.55,10.59,74897743.0,984169543.0,4245001625.0,0.017643748958517773
2020-03-17,10.6,10.75,10.03,10.51,67628042.0,850652818.0,4245001625.0,0.015931216987461107
2020-03-18,10.59,10.88,10.29,10.32,70481512.0,905236850.0,4245001625.0,0.016603412254288595
2020-03-19,10.3,10.4,9.89,10.14,68504113.0,836576600.0,4245001625.0,0.016137594058047034
2020-03-20,10.27,10.5,10.12,10.43,56146012.0,700208139.0,4245001625.0,0.013226381744906871
2020-03-23,9.93,10.17,9.9,9.94,53777146.0,649509945.0,4245001625.0,0.012668345209408488
2020-03-24,10.15,10.31,9.98,10.27,58313273.0,716632571.0,4245001625.0,0.013736925954651431
2020-03-25,10.66,10.81,10.56,10.68,62587160.0,807744435.0,4245001625.0,0.01474373051623979
2020-03-26,10.58,10.73,10.53,10.61,29410597.0,377991830.0,4245001625.0,0.006928288749477216
2020-03-27,10.41,10.68,9.68,10.45,162441227.0,1981923400.0,4245001625.0,0.03826646992155156
2020-03-30,10.1,10.17,9.9,9.98,83395805.0,1007821927.0,4245001625.0,0.019645647367685048
2020-03-31,10.1,10.17,9.88,9.9,50865524.0,613991425.0,4245001625.0,0.011982451007895668
2020-04-01,10.1,10.56,9.99,10.25,110154761.0,1369754052.0,4245001625.0,0.025949285944030703
2020-04-02,10.23,10.48,10.14,10.47,44826967.0,560556704.0,4245001625.0,0.01055994106951608
2020-04-03,10.48,10.74,10.46,10.54,53672482.0,687243419.0,4245001625.0,0.012643689388458126
2020-04-07,10.66,11.04,10.66,10.87,68555357.0,900624990.0,4245001625.0,0.016149665667089114
2020-04-08,10.78,10.93,10.78,10.83,34912698.0,457533541.0,4245001625.0,0.008224425120214176
2020-04-09,10.9,11.0,10.84,10.95,37150761.0,490411731.0,4245001625.0,0.008751648239946197
2020-04-10,10.91,11.01,10.68,10.91,45404611.0,596703965.0,4245001625.0,0.010696017342513974
2020-04-13,10.8,11.29,10.77,11.16,54815976.0,735505605.0,4245001625.0,0.012913063608073413
2020-04-14,11.23,11.27,10.99,11.15,49638097.0,666558266.0,4245001625.0,0.011693304593257958
2020-04-15,11.18,11.21,10.93,11.1,40442633.0,541151492.0,4245001625.0,0.009527118378900502
2020-04-16,11.02,11.13,10.94,11.08,26760613.0,356756951.0,4245001625.0,0.00630402891777456
2020-04-17,11.22,11.32,11.08,11.13,49094138.0,664417431.0,4245001625.0,0.011565163535125855
2020-04-20,11.26,11.3,11.08,11.15,33423885.0,450608865.0,4245001625.0,0.007873703699701175
2020-04-21,11.09,11.1,10.81,10.97,43206279.0,570440214.0,4245001625.0,0.010178153700942341
2020-04-22,10.89,11.13,10.84,11.11,30594775.0,407590589.0,4245001625.0,0.007207246946578024
2020-04-23,11.15,11.2,10.89,10.89,32130642.0,426412763.0,4245001625.0,0.0075690529329302675
2020-04-24,10.98,11.18,10.8,10.84,37260302.0,493581449.0,4245001625.0,0.008777452941493279
2020-04-27,10.81,10.86,10.55,10.69,38606984.0,500292574.0,4245001625.0,0.0090946923960247
2020-04-28,10.78,10.84,10.46,10.61,41931154.0,539542577.0,4245001625.0,0.009877771012631827
2020-04-29,10.64,10.8,10.49,10.77,39404680.0,507070974.0,4245001625.0,0.009282606576151781
2020-04-30,10.91,11.25,10.9,11.09,57198688.0,769875930.0,4245001625.0,0.013474361861993397
2020-05-06,11.16,11.92,11.16,11.86,105625408.0,1490225936.0,4245001625.0,0.024882300957894215
2020-05-07,11.87,11.95,11.67,11.82,55554710.0,793961517.0,4245001625.0,0.013087088040867358
2020-05-08,11.91,11.96,11.82,11.9,44665898.0,641909344.0,4245001625.0,0.010521997856714602
2020-05-11,11.99,12.11,11.78,11.91,47504771.0,686005043.0,4245001625.0,0.01119075449117172
2020-05-12,11.91,11.93,11.71,11.77,38227313.0,544321107.0,4245001625.0,0.009005252854290722
2020-05-13,11.76,11.81,11.66,11.77,32302296.0,457212219.0,4245001625.0,0.0076094896665675595
2020-05-14,11.7,11.73,11.53,11.55,33793600.0,473619049.0,4245001625.0,0.007960797894865352
2020-05-15,11.59,11.64,11.38,11.4,37185966.0,514467494.0,4245001625.0,0.008759941522990583
2020-05-18,11.47,11.64,11.38,11.42,44737235.0,620839015.0,4245001625.0,0.010538802797278082
2020-05-19,11.6,11.8,11.47,11.56,39572920.0,555418778.0,4245001625.0,0.009322239069814255
2020-05-20,11.51,11.61,11.42,11.51,28276613.0,392676503.0,4245001625.0,0.006661154811689854
2020-05-21,11.55,11.56,11.26,11.32,31902349.0,437091494.0,4245001625.0,0.007515273683788048
2020-05-22,11.32,11.34,10.87,11.0,41539626.0,554442396.0,4245001625.0,0.009785538303533629
2020-05-25,11.02,11.07,10.82,10.86,33086220.0,434484537.0,4245001625.0,0.007794159560539626
2020-05-26,10.99,11.03,10.77,10.94,48601260.0,637950157.0,4245001625.0,0.011449055687935103
2020-05-27,10.87,10.9,10.75,10.75,36014790.0,470096077.0,4245001625.0,0.00848404622224379
2020-05-28,10.79,11.12,10.73,10.94,47617207.0,628296083.0,4245001625.0,0.011217241171256324
2020-05-29,10.88,11.01,10.73,10.8,40224915.0,527161538.0,4245001625.0,0.009475830294882396
2020-06-01,10.87,11.18,10.87,11.17,47872720.0,640877082.0,4245001625.0,0.01127743266764945
2020-06-02,11.26,11.37,11.04,11.13,51265885.0,692232632.0,4245001625.0,0.012076764517139614
2020-06-03,11.27,11.66,11.22,11.52,72855049.0,1010363282.0,4245001625.0,0.01716254914272265
2020-06-04,11.59,11.64,11.35,11.49,36796498.0,509638633.0,4245001625.0,0.00866819409050285
2020-06-05,11.49,11.53,11.18,11.37,35202032.0,480871213.0,4245001625.0,0.008292583869152229
2020-06-08,11.46,11.56,11.32,11.37,34008925.0,468821425.0,4245001625.0,0.00801152225707334
2020-06-09,11.42,11.76,11.29,11.76,77750275.0,1095936875.0,4245001625.0,0.01831572325958768
2020-06-10,11.74,11.74,11.52,11.59,40376648.0,564462160.0,4245001625.0,0.009511574215239552
2020-06-11,11.62,11.74,11.28,11.35,54147335.0,751141296.0,4245001625.0,0.012755551065307307
2020-06-12,11.09,11.32,11.04,11.32,43677620.0,590497570.0,4245001625.0,0.01028918805184203
2020-06-15,11.23,11.29,11.01,11.06,41488676.0,559140193.0,4245001625.0,0.009773535952415566
2020-06-16,11.22,11.24,11.07,11.2,36454183.0,491765341.0,4245001625.0,0.008587554545400203
2020-06-17,11.16,11.16,11.01,11.08,38909100.0,519994344.0,4245001625.0,0.00916586221565934
2020-06-18,11.08,11.26,11.01,11.25,41709700.0,562208404.0,4245001625.0,0.009825602834722119
2020-06-19,11.24,11.37,11.19,11.34,43406922.0,592062704.0,4245001625.0,0.010225419407230497
2020-06-22,11.36,11.4,11.05,11.1,59896507.0,808748680.0,4245001625.0,0.014109890240619165
2020-06-23,11.13,11.14,10.91,10.96,49570821.0,657283785.0,4245001625.0,0.011677456307216373
2020-06-24,11.02,11.23,11.0,11.21,52538546.0,707734260.0,4245001625.0,0.01237656675808693
2020-06-29,11.14,11.32,11.04,11.18,48800738.0,661608953.0,4245001625.0,0.011496046953810058
2020-06-30,11.32,11.46,11.23,11.36,48125195.0,658029980.0,4244315825.0,0.011338740325715512
2020-07-01,11.37,11.56,11.28,11.56,61690279.0,855507072.0,4244315825.0,0.014534799374879224
2020-07-02,11.63,12.38,11.62,12.19,129642562.0,1897902629.0,4244315825.0,0.030544984714939303
2020-07-03,12.46,12.67,12.33,12.57,106570604.0,1613985098.0,4244315825.0,0.025109018365757452
2020-07-06,12.69,12.87,12.54,12.84,98498069.0,1518185058.0,4244315825.0,0.02320705457869644
2020-07-07,12.96,13.07,12.58,12.71,95071450.0,1471147489.0,4244315825.0,0.02239971150120526
2020-07-08,12.62,12.9,12.58,12.86,66036663.0,1017862212.0,4244315825.0,0.015558847579397558
2020-07-09,13.01,13.16,12.76,13.01,68970501.0,1081400501.0,4244315825.0,0.01625008690299337
2020-07-10,12.91,13.14,12.62,12.69,77930545.0,1211462397.0,4244315825.0,0.018361156005632547
2020-07-13,12.72,13.23,12.72,13.23,82132063.0,1296722589.0,4244315825.0,0.019351072442871285
2020-07-14,13.2,13.49,13.06,13.44,95016012.0,1527479618.0,4244315825.0,0.022386649796495763
2020-07-15,13.49,13.72,13.3,13.44,87427221.0,1424069252.0,4244315825.0,0.02059866056268327
2020-07-16,13.45,13.9,12.93,13.02,106001664.0,1720586117.0,4244315825.0,0.024974970848216742
2020-07-17,13.24,13.39,12.98,13.19,64345105.0,1025523166.0,4244315825.0,0.015160300894903361
2020-07-20,13.33,14.22,13.33,14.2,104956418.0,1768006022.0,4244315825.0,0.024728701238909336
2020-07-21,14.22,14.4,13.99,14.28,78301409.0,1343300770.0,4244315825.0,0.018448534988557315
2020-07-22,14.21,14.32,13.99,14.07,53235647.0,910048571.0,4244315825.0,0.01254281000636893
2020-07-23,13.93,14.2,13.57,13.94,62502762.0,1047246306.0,4244315825.0,0.014726227872074059
2020-07-24,13.84,14.04,13.37,13.38,60716396.0,999600379.0,4244315825.0,0.01430534354733133
2020-07-27,13.62,13.96,13.32,13.49,55198297.0,907292490.0,4244315825.0,0.013005228469302235
2020-07-28,13.66,13.86,13.31,13.42,43355472.0,709064966.0,4244315825.0,0.010214949543722986
2020-07-29,13.47,13.78,13.25,13.74,49500834.0,812579089.0,4244315825.0,0.01166285357664212
2020-07-30,13.72,13.79,13.35,13.43,51245041.0,834585321.0,4244315825.0,0.01207380485169244
2020-07-31,13.44,13.6,13.05,13.4,55616260.0,895538555.0,4244315825.0,0.013103704411534927
2020-08-03,13.63,14.22,13.63,14.07,70338089.0,1193489279.0,4244315825.0,0.01657230326397777
2020-08-04,14.09,14.18,13.87,14.09,45614790.0,774997533.0,4244315825.0,0.010747265726861879
2020-08-05,14.09,14.11,13.71,13.83,41316638.0,689253914.0,4244315825.0,0.009734581426913488
2020-08-06,13.87,13.89,13.42,13.58,40345930.0,663570827.0,4244315825.0,0.009505873658683257
2020-08-07,13.58,13.64,13.23,13.58,37129966.0,603062347.0,4244315825.0,0.008748162844361376
2020-08-10,13.49,13.63,13.23,13.54,37179007.0,602847735.0,4244315825.0,0.008759717356801552
2020-08-11,13.58,13.73,13.26,13.29,28057174.0,457515715.0,4244315825.0,0.006610529271817325
2020-08-12,13.3,13.37,12.62,13.0,52442957.0,818870782.0,4244315825.0,0.012356044922740875
2020-08-13,13.15,13.38,12.88,12.96,33906757.0,535627217.0,4244315825.0,0.007988745041139817
2020-08-14,12.96,13.22,12.9,13.18,32671665.0,514476898.0,4244315825.0,0.007697745961211546
2020-08-17,13.22,13.54,13.19,13.44,49225223.0,796447583.0,4244315825.0,0.011597917080074974
2020-08-18,13.44,13.52,13.25,13.47,26058086.0,419173994.0,4244315825.0,0.006139525679618811
2020-08-19,13.48,13.52,13.07,13.12,33193786.0,525526668.0,4244315825.0,0.007820762490029828
2020-08-20,13.05,13.21,12.76,12.92,24799463.0,386034002.0,4244315825.0,0.005842982478807406
2020-08-21,13.13,13.15,12.74,12.85,45807369.0,705895102.0,4244315825.0,0.010792639117519017
2020-08-24,12.91,13.32,12.87,13.2,49513170.0,781808797.0,4244315825.0,0.011665760052151633
2020-08-25,13.35,13.42,13.03,13.12,29874218.0,471970495.0,4244315825.0,0.007038641616637942
2020-08-26,13.11,13.21,12.79,12.86,30852994.0,479365794.0,4244315825.0,0.007269250280167358
2020-08-27,12.94,12.98,12.72,12.91,25938583.0,399514410.0,4244315825.0,0.0061113696693388736
2020-08-28,12.63,12.63,12.06,12.44,114170431.0,1677359732.0,4244315825.0,0.026899607783075378
2020-08-31,12.4,12.67,12.34,12.37,60879162.0,912297665.0,4244315825.0,0.014343692719897912
2020-09-01,12.45,12.52,12.24,12.4,53475306.0,791817530.0,4244315825.0,0.012599275879758547
2020-09-02,12.5,12.69,12.34,12.55,50193857.0,752426334.0,4244315825.0,0.011826136194754075
2020-09-03,12.57,12.82,12.55,12.65,49064847.0,744665652.0,4244315825.0,0.011560131013577436
2020-09-04,12.4,12.56,12.35,12.52,31251612.0,465545208.0,4244315825.0,0.0073631683617700625
2020-09-07,12.44,12.58,12.13,12.16,38447306.0,567055078.0,4244315825.0,0.00905854031256027
2020-09-08,12.16,12.42,12.09,12.41,40637832.0,596859044.0,4244315825.0,0.009574648465280031
2020-09-09,12.25,12.27,11.95,11.97,41378189.0,597685249.0,4244315825.0,0.009749083410869878
2020-09-10,12.07,12.11,11.8,11.82,33982966.0,487179085.0,4244315825.0,0.008006700585246858
2020-09-11,11.88,11.91,11.6,11.83,31418984.0,442984819.0,4244315825.0,0.0074026027504680335
2020-09-14,11.89,12.05,11.87,11.98,24556166.0,351490355.0,4244315825.0,0.0057856594590248245
2020-09-15,11.98,12.48,11.95,12.44,56693203.0,836057552.0,4244315825.0,0.013357442126729577
2020-09-16,12.38,12.81,12.31,12.54,49258551.0,740255199.0,4244315825.0,0.011605769464622722
2020-09-17,12.68,13.61,12.68,13.51,130136055.0,2063710231.0,4244315825.0,0.03066125622260921
2020-09-18,13.65,13.9,13.55,13.85,112580041.0,1854240243.0,4244315825.0,0.026524897213557382
2020-09-21,13.86,13.88,13.22,13.36,69804961.0,1123414412.0,4244315825.0,0.016446693384321844
2020-09-22,13.23,13.39,12.97,13.04,50336697.0,794256993.0,4244315825.0,0.011859790617725767
2020-09-23,13.1,13.15,12.81,12.92,46083422.0,713547139.0,4244315825.0,0.010857679753367553
2020-09-24,12.81,12.83,12.56,12.59,37973611.0,575027109.0,4244315825.0,0.00894693339650331
2020-09-25,12.69,12.69,12.38,12.5,36617620.0,548289753.0,4244315825.0,0.008627449395804563
2020-09-28,12.53,12.67,12.29,12.48,46656049.0,699302684.0,4244315825.0,0.010992595962153687
2020-09-29,12.57,12.6,12.37,12.45,41011371.0,611686149.0,4244315825.0,0.00966265770290551
2020-09-30,12.49,12.83,12.48,12.61,40837337.0,616838050.0,4244315825.0,0.00962165368549123
2020-10-09,13.06,13.35,12.93,13.18,68014317.0,1070859896.0,4244315825.0,0.016024801123276446
2020-10-12,13.34,13.47,13.23,13.37,52667252.0,842199824.0,4244315825.0,0.0124088908958607
2020-10-13,13.36,13.49,13.18,13.37,34387907.0,548309276.0,4244315825.0,0.008102108424035574
2020-10-14,13.49,13.59,13.37,13.54,48401908.0,782791803.0,4244315825.0,0.011403936463658428
2020-10-15,13.46,13.66,13.42,13.43,39554470.0,640339279.0,4244315825.0,0.009319398374412913
2020-10-16,13.4,13.63,13.4,13.56,33587515.0,538449578.0,4244315825.0,0.007913528678087946
2020-10-19,13.6,13.72,13.23,13.32,32473461.0,518287712.0,4244315825.0,0.007651047268613664
2020-10-20,13.36,13.44,13.2,13.43,28734646.0,454908176.0,4244315825.0,0.006770147930732747
2020-10-21,13.43,13.44,13.06,13.2,27522624.0,430370722.0,4244315825.0,0.006484584355830778
2020-10-22,13.11,13.15,12.83,12.96,35165233.0,539140223.0,4244315825.0,0.008285253607393838
2020-10-23,12.94,13.07,12.74,12.89,30744490.0,470888007.0,4244315825.0,0.007243685735851196
2020-10-26,12.81,12.94,12.57,12.88,20305411.0,308002135.0,4244315825.0,0.004784142329936062
2020-10-27,12.88,12.94,12.7,12.81,24820534.0,377269538.0,4244315825.0,0.005847947000975122
2020-10-28,12.77,12.88,12.51,12.81,36663129.0,553575991.0,4244315825.0,0.008638171736430571
2020-10-29,12.72,13.21,12.59,13.14,44805901.0,689037503.0,4244315825.0,0.010556684009253718
2020-10-30,13.31,13.31,12.64,12.75,48579212.0,738682688.0,4244315825.0,0.011445710923267592
2020-11-02,12.88,13.48,12.88,13.47,84896930.0,1337572591.0,4244315825.0,0.020002500638604103
2020-11-03,13.62,13.62,12.9,13.05,90537893.0,1414449371.0,4244315825.0,0.021331563609548305
2020-11-04,13.07,13.48,12.98,13.37,67404227.0,1064242064.0,4244315825.0,0.015881058285760342
2020-11-05,13.48,14.22,13.38,14.07,103977827.0,1715447563.0,4244315825.0,0.024498136163088192
2020-11-06,14.06,14.13,13.84,14.01,61427962.0,1017447890.0,4244315825.0,0.014472995067467676
2020-11-09,14.26,14.48,13.95,14.19,71165451.0,1198308031.0,4244315825.0,0.01676723739096395
2020-11-10,14.33,14.35,13.74,13.81,65025141.0,1078788725.0,4244315825.0,0.015320523655894529
2020-11-11,13.86,14.44,13.76,14.07,69581772.0,1167777385.0,4244315825.0,0.01639410799501472
2020-11-12,14.09,14.29,13.95,14.22,41572265.0,698902403.0,4244315825.0,0.00979480950855018
2020-11-13,14.37,14.61,13.96,14.26,66411296.0,1123724203.0,4244315825.0,0.015647114573524933
2020-11-16,14.32,14.36,14.0,14.19,58385492.0,977778729.0,4244315825.0,0.013756161041573761
2020-11-17,14.08,15.19,14.02,14.95,128908990.0,2265012698.0,4244315825.0,0.030372148378001534
2020-11-18,14.95,15.07,14.79,14.92,65745763.0,1164487977.0,4244315825.0,0.015490308853253162
2020-11-19,14.92,15.03,14.76,14.97,39168564.0,693425004.0,4244315825.0,0.009228475357391672
2020-11-20,14.92,15.39,14.81,15.1,62036313.0,1113605503.0,4244315825.0,0.01461632818052601
2020-11-23,15.04,15.24,14.75,15.17,64088009.0,1140814131.0,4244315825.0,0.015099726703302056
2020-11-24,15.24,15.46,14.92,15.03,50186572.0,903054282.0,4244315825.0,0.01182441978148504
2020-11-25,15.16,15.44,14.76,14.77,61766508.0,1102610013.0,4244315825.0,0.014552759631170944
2020-11-26,14.92,14.96,14.34,14.54,67699860.0,1167473266.0,4244315825.0,0.015950712150408837
2020-11-27,14.56,14.82,14.44,14.62,54311515.0,940394186.0,4244315825.0,0.012796294441637128
2020-11-30,14.58,14.69,14.06,14.06,74129914.0,1262893057.0,4244315825.0,0.01746569224734825
2020-12-01,14.09,14.51,14.04,14.45,48857851.0,831954210.0,4244315825.0,0.011511360844595017
2020-12-02,14.46,14.57,14.28,14.45,33488774.0,573727556.0,4244315825.0,0.007890264386722447
2020-12-03,14.5,14.58,14.06,14.26,53884328.0,914598327.0,4244315825.0,0.012695645239830852
2020-12-04,14.22,14.48,14.09,14.35,34401703.0,583052594.0,4244315825.0,0.008105358889026595
2020-12-07,14.38,14.42,13.99,14.06,34841924.0,584327192.0,4244315825.0,0.008209079021587655
2020-12-08,14.07,14.07,13.83,13.94,44307421.0,732478035.0,4244315825.0,0.010439237518334301
2020-12-09,13.99,14.04,13.55,13.57,44902295.0,734449871.0,4244315825.0,0.01057939532574723
2020-12-10,13.58,13.7,13.46,13.57,35242494.0,568018270.0,4244315825.0,0.008303457012414951
2020-12-11,13.57,13.77,13.25,13.43,47164990.0,752872151.0,4244315825.0,0.011112507161269037
2020-12-14,13.43,13.53,13.25,13.48,38905960.0,616740776.0,4244315825.0,0.009166603430129991
2020-12-15,13.46,13.62,13.09,13.58,64843473.0,1026253155.0,4244315825.0,0.015277720997588581
2020-12-16,13.58,13.65,13.25,13.35,50643910.0,807542009.0,4244315825.0,0.011932172837302935
2020-12-17,13.38,13.59,13.19,13.52,53057334.0,846527548.0,4244315825.0,0.01250079781704275
2020-12-18,13.55,13.71,13.4,13.53,45519283.0,731883096.0,4244315825.0,0.010724763395758844
2020-12-21,13.53,13.83,13.24,13.79,57867478.0,932772662.0,4244315825.0,0.013634112159879148
2020-12-22,13.69,13.74,13.21,13.31,75432581.0,1200229318.0,4244315825.0,0.017772612621257986
2020-12-23,13.27,13.31,12.88,13.07,79746321.0,1233678568.0,4244315825.0,0.018788969597944565
2020-12-24,13.08,13.19,12.89,12.97,38507421.0,594827741.0,4244315825.0,0.009072703961656764
2020-12-25,12.72,12.9,12.44,12.78,72561440.0,1090064949.0,4244315825.0,0.017096145289800625
2020-12-28,12.75,13.14,12.68,13.13,64293936.0,989352299.0,4244315825.0,0.015148245006013425
2020-12-29,13.15,13.33,12.99,13.1,47802664.0,744062312.0,4244315825.0,0.011262749043893312
2020-12-30,12.99,13.25,12.92,13.09,49815812.0,772011572.0,4244315825.0,0.0117370653019206
2020-12-31,13.15,13.35,13.05,13.31,58679032.0,921264131.0,4244315825.0,0.013825321776095679
2021-01-04,13.35,13.57,13.15,13.5,79129696.0,1258856120.0,4244315825.0,0.01864368705408486
2021-01-05,13.59,13.88,13.4,13.87,94532532.0,1530626700.0,4244315825.0,0.022272737444084995
2021-01-06,13.9,13.99,13.56,13.72,63302167.0,1031216720.0,4244315825.0,0.014914575071707818
2021-01-07,13.84,14.13,13.6,14.03,101525264.0,1672288088.0,4244315825.0,0.02392028967354238
2021-01-08,14.22,14.33,13.75,14.07,96958473.0,1610910786.0,4244315825.0,0.022844311544605662
2021-01-11,14.16,14.72,14.08,14.48,142348116.0,2446519911.0,4244315825.0,0.033538530559280424
2021-01-12,14.44,14.81,14.2,14.81,102281800.0,1765415515.0,4244315825.0,0.024098536540927654
2021-01-13,15.17,16.29,14.96,15.94,234697850.0,4405965596.0,4244315825.0,0.05529698063880531
2021-01-14,15.99,16.74,15.67,15.92,195986095.0,3759232461.0,4244315825.0,0.046176133699946796
2021-01-15,16.26,16.37,15.39,15.71,125087601.0,2343303312.0,4244315825.0,0.02947179384323974
2021-01-18,15.5,15.97,15.35,15.79,90190902.0,1680089599.0,4244315825.0,0.02124980932586467
2021-01-19,16.14,16.56,15.72,15.8,121588877.0,2323628532.0,4244315825.0,0.02864746216193749
2021-01-20,16.08,16.74,16.05,16.33,121387852.0,2364833899.0,4244315825.0,0.02860009881569075
2021-01-21,16.33,16.39,15.88,16.15,95065362.0,1817943145.0,4244315825.0,0.022398277112189217
2021-01-22,16.26,16.31,15.59,16.26,109878098.0,2078774805.0,4244315825.0,0.02588829449325911
2021-01-25,16.06,16.18,15.67,16.05,87691696.0,1662485145.0,4244315825.0,0.020660973314821595
2021-01-26,15.93,16.42,15.52,15.65,89233812.0,1679938058.0,4244315825.0,0.021024310084181826
2021-01-27,15.85,17.02,15.65,16.9,175392382.0,3419925894.0,4244315825.0,0.04132406475665604
2021-01-28,16.52,16.82,16.35,16.46,120274326.0,2361851827.0,4244315825.0,0.02833774180789197
2021-01-29,16.61,18.1,16.37,17.81,195274830.0,4079320798.0,4244315825.0,0.04600855309818986
2021-02-01,18.12,18.95,17.61,18.44,170707130.0,3716208172.0,4244315825.0,0.04022017612226112
2021-02-02,18.53,20.28,18.13,20.28,184602436.0,4267076640.0,4244315825.0,0.04349403852386503
2021-02-03,20.49,21.07,19.76,20.28,181502118.0,4369360025.0,4244315825.0,0.0427635749750079
2021-02-04,20.06,20.97,19.67,20.32,146027401.0,3508141392.0,4244315825.0,0.034405404079466684
2021-02-05,20.44,20.64,18.78,19.47,189052746.0,4390723050.0,4244315825.0,0.04454257265362669
2021-02-08,19.57,21.04,19.21,20.76,134366143.0,3220381155.0,4244315825.0,0.03165790401566076
2021-02-09,20.99,21.99,20.56,21.46,148187971.0,3743395622.0,4244315825.0,0.03491445432197544
2021-02-10,21.49,21.74,20.9,21.38,102542676.0,2596752523.0,4244315825.0,0.024160001335433137
2021-02-18,21.95,22.13,20.81,21.1,117344878.0,2967803328.0,4244315825.0,0.02764753680883302
2021-02-19,20.79,21.17,19.87,20.87,108749171.0,2648809724.0,4244315825.0,0.025622308867648887
2021-02-22,20.96,21.32,20.07,20.1,111731799.0,2731221251.0,4244315825.0,0.026325043565767165
2021-02-23,19.97,20.54,19.56,20.12,80136705.0,1918223895.0,4244315825.0,0.018880947673115253
2021-02-24,20.22,20.37,19.12,19.3,114330946.0,2651073966.0,4244315825.0,0.02693742659925643
2021-02-25,19.63,19.74,18.99,19.31,79989553.0,1842732944.0,4244315825.0,0.018846277303126942
2021-02-26,18.54,19.11,18.44,18.58,84877971.0,1888818608.0,4244315825.0,0.019998033723138405
2021-03-01,19.0,19.43,18.54,19.21,78819701.0,1780768886.0,4244315825.0,0.018570649369618955
2021-03-02,19.53,20.03,19.21,19.55,100151988.0,2323660488.0,4244315825.0,0.023596733167235498
2021-03-03,19.28,19.8,18.63,19.53,76083825.0,1741966582.0,4244315825.0,0.017926051721186418
2021-03-04,19.12,19.25,18.11,18.28,106222460.0,2344330751.0,4244315825.0,0.02502699242462712
2021-03-05,17.74,18.23,17.6,17.92,70021075.0,1487941929.0,4244315825.0,0.01649761183829905
2021-03-08,18.12,18.24,16.93,17.06,89235151.0,1851055431.0,4244315825.0,0.02102462556494603
2021-03-09,16.89,17.28,16.32,16.65,78855340.0,1572121432.0,4244315825.0,0.018579046247106268
2021-03-10,17.12,17.35,16.75,17.06,61561269.0,1247048498.0,4244315825.0,0.014504403427612505
2021-03-11,17.17,17.65,17.03,17.34,64154736.0,1323435716.0,4244315825.0,0.015115448200653164
2021-03-12,17.34,18.03,17.19,17.49,67798743.0,1415441970.0,4244315825.0,0.01597400989828555
2021-03-15,17.29,17.41,16.91,17.17,44354248.0,902192042.0,4244315825.0,0.0104502703919306
2021-03-16,17.2,17.42,16.8,16.98,49379054.0,998374127.0,4244315825.0,0.01163416108413657
2021-03-17,17.02,17.31,16.78,17.11,38271043.0,776072971.0,4244315825.0,0.009017011122163606
2021-03-18,17.17,17.4,17.02,17.24,46887253.0,956204266.0,4244315825.0,0.011047069759470597
2021-03-19,16.85,17.01,16.58,16.73,56297883.0,1121683550.0,4244315825.0,0.013264301084380307
2021-03-22,16.75,17.32,16.64,17.14,43092808.0,872490375.0,4244315825.0,0.01015306347990727
2021-03-23,17.16,17.22,16.18,16.5,70038918.0,1376689695.0,4244315825.0,0.016501815813859705
2021-03-24,16.3,16.51,15.77,15.85,63673750.0,1208362131.0,4244315825.0,0.015002123457671768
2021-03-25,15.78,16.17,15.67,15.97,38151073.0,721775756.0,4244315825.0,0.008988745082371432
2021-03-26,16.18,16.5,16.04,16.39,49425139.0,955936822.0,4244315825.0,0.011645019135681308
2021-03-29,16.37,16.55,16.1,16.31,43841036.0,850328270.0,4244315825.0,0.010329352905777222
2021-03-30,16.43,16.81,16.3,16.63,50426593.0,992680146.0,4244315825.0,0.011880970945417334
2021-03-31,16.14,16.29,15.57,16.21,105206762.0,1994107388.0,4244315825.0,0.02478768459696328
2021-04-01,16.21,16.37,15.94,16.11,50535947.0,965408424.0,4244315825.0,0.01190673575758232
2021-04-02,16.37,16.63,16.25,16.31,55586763.0,1081694107.0,4244315825.0,0.013096754645962286
2021-04-06,16.63,17.23,16.53,16.89,81018422.0,1626244299.0,4244315825.0,0.019088688340010606
2021-04-07,16.69,16.84,15.85,15.99,137822711.0,2625783708.0,4244315825.0,0.0324723033540983
2021-04-08,15.84,16.08,15.69,15.9,64866306.0,1224765790.0,4244315825.0,0.015283100663226445
2021-04-09,15.9,16.31,15.73,15.97,71509564.0,1356784855.0,4244315825.0,0.016848313591272392
2021-04-12,16.1,16.13,15.3,15.35,65638775.0,1216106801.0,4244315825.0,0.015465101492535608
2021-04-13,15.37,15.83,15.34,15.75,54439463.0,1010539323.0,4244315825.0,0.012826440171897434
2021-04-14,15.78,16.11,15.75,15.97,42404163.0,803951414.0,4244315825.0,0.009990812359021373
2021-04-15,15.99,16.07,15.63,16.04,34721133.0,652832765.0,4244315825.0,0.008180619546614441
2021-04-16,16.14,16.21,15.81,15.91,38530174.0,729815961.0,4244315825.0,0.009078064778555918
2021-04-19,16.23,16.92,16.15,16.88,98313428.0,1942074035.0,4244315825.0,0.023163551454138075
2021-04-20,16.69,16.88,16.57,16.65,62384109.0,1234263920.0,4244315825.0,0.014698272129642944
2021-04-21,16.46,16.47,16.18,16.27,57911540.0,1119859211.0,4244315825.0,0.013644493573943687
2021-04-22,16.28,16.34,15.93,16.02,53525516.0,1019278618.0,4244315825.0,0.012611105819393165
2021-04-23,16.06,16.39,15.95,16.28,54456106.0,1047075610.0,4244315825.0,0.012830361416377396
2021-04-26,16.28,16.45,15.8,15.83,75181414.0,1433968677.0,4244315825.0,0.017713435356804533
2021-04-27,15.81,15.81,15.14,15.37,78246627.0,1428631703.0,4244315825.0,0.018435627843505262
2021-04-28,15.39,15.46,15.09,15.24,63693230.0,1149966431.0,4244315825.0,0.015006713125548332
2021-04-29,15.25,15.38,15.08,15.36,65862204.0,1190747118.0,4244315825.0,0.015517743428058867
2021-04-30,15.43,15.55,15.17,15.26,87980104.0,1598204746.0,4244315825.0,0.020728924902755085
2021-05-06,14.92,15.04,14.59,14.89,82445097.0,1450823877.0,4244315825.0,0.01942482614379904
2021-05-07,14.89,14.98,14.48,14.49,66097570.0,1153732939.0,4244315825.0,0.01557319783100731
2021-05-10,14.46,14.68,14.28,14.56,54089673.0,928548412.0,4244315825.0,0.012744026417968084
2021-05-11,14.39,14.54,14.03,14.5,85725745.0,1450519929.0,4244315825.0,0.020197777105807155
2021-05-12,14.59,14.78,14.26,14.49,76424895.0,1312231766.0,4244315825.0,0.018006410962596073
2021-05-13,14.28,14.48,14.16,14.22,53668571.0,909957361.0,4244315825.0,0.012644810898350149
2021-05-14,14.31,14.75,14.17,14.75,81706967.0,1410126035.0,4244315825.0,0.019250915899973114
2021-05-17,14.73,15.13,14.63,14.95,92365887.0,1623308356.0,4244315825.0,0.021762255875480238
2021-05-18,14.87,14.87,14.62,14.71,59016150.0,1028636451.0,4244315825.0,0.013904749889812924
2021-05-19,14.69,14.95,14.64,14.73,58799389.0,1029533401.0,4244315825.0,0.013853678996661376
2021-05-20,14.7,14.78,14.36,14.38,85936922.0,1473265434.0,4244315825.0,0.02024753235699655
2021-05-21,14.46,14.53,14.28,14.44,61639103.0,1054047209.0,4244315825.0,0.01452274183672465
2021-05-24,14.41,14.41,14.16,14.38,59730672.0,1011413619.0,4244315825.0,0.014073097870844709
2021-05-25,14.42,14.73,14.23,14.71,93808153.0,1619750188.0,4244315825.0,0.022102067062834563
2021-05-26,14.67,15.07,14.63,14.76,111219432.0,1962557897.0,4244315825.0,0.02620432516941644
2021-05-27,14.88,15.62,14.78,15.51,189549693.0,3425672862.0,4244315825.0,0.04465965795559052
2021-05-28,15.5,15.62,15.19,15.34,116675653.0,2130886792.0,4244315825.0,0.027489861219269655
2021-05-31,15.55,15.56,14.87,15.01,122127452.0,2173239870.0,4244315825.0,0.028774355405090525
2021-06-01,14.88,15.39,14.84,15.17,93181549.0,1670401239.0,4241439532.0,0.02196932157042007
2021-06-02,15.25,15.32,14.9,14.95,63274027.0,1128263019.0,4241439532.0,0.014918054712939381
2021-06-03,14.96,15.07,14.75,14.75,64420093.0,1137977316.0,4241439532.0,0.015188261559306842
2021-06-04,14.64,14.89,14.51,14.79,51250044.0,894293982.0,4241439532.0,0.012083172143169434
2021-06-07,14.78,15.23,14.58,15.16,84171905.0,1488560485.0,4241439532.0,0.019845126722886405
2021-06-08,15.16,15.18,14.8,14.89,68705751.0,1219851758.0,4241439532.0,0.016198686903736815
2021-06-09,14.9,14.91,14.67,14.73,45168286.0,789821532.0,4241439532.0,0.010649282079638993
2021-06-10,14.68,14.88,14.61,14.66,62540313.0,1093426659.0,4241439532.0,0.014745067689438417
2021-06-11,14.6,14.62,14.3,14.49,73970679.0,1265369686.0,4241439532.0,0.01743999376672005
2021-06-15,14.49,14.51,14.17,14.27,54700913.0,926610043.0,4241439532.0,0.012896780111399216
2021-06-16,14.25,14.41,14.06,14.1,43487829.0,732946251.0,4241439532.0,0.010253082396177374
2021-06-17,14.1,14.28,14.06,14.15,41999006.0,706359166.0,4241439532.0,0.009902064071203644
2021-06-18,14.12,14.47,13.82,14.45,67873463.0,1138852238.0,4241439532.0,0.01600245918583097
2021-06-21,14.33,14.45,14.07,14.12,57599026.0,971324366.0,4241439532.0,0.013580065344663743
2021-06-22,14.1,14.45,14.0,14.33,57126733.0,968451500.0,4241439532.0,0.013468713291560843
2021-06-23,14.33,14.53,14.22,14.46,57311897.0,979914447.0,4241439532.0,0.01351236922455317
2021-06-24,14.49,14.52,14.29,14.33,42062960.0,717447719.0,4241439532.0,0.009917142442477711
2021-06-25,14.37,14.74,14.33,14.73,79587208.0,1377251370.0,4241439532.0,0.01876419724943517
2021-06-28,15.03,15.46,14.87,14.92,115737128.0,2071425400.0,4241439532.0,0.027287228104234118
2021-06-29,14.83,15.29,14.76,15.08,100339231.0,1799700940.0,4241439532.0,0.0236568811704092
2021-06-30,15.17,15.19,14.85,15.06,61392977.0,1090567491.0,4241439532.0,0.014474561416428087
2021-07-01,14.98,15.12,14.54,14.68,65064680.0,1139802086.0,4241439532.0,0.015340235198241653
2021-07-02,14.68,14.69,14.28,14.44,67134333.0,1151282768.0,4241439532.0,0.015828195237371123
2021-07-05,14.37,14.68,14.29,14.49,51519632.0,883759321.0,4241439532.0,0.012146732639073256
2021-07-06,14.49,14.49,14.17,14.33,53783147.0,913614056.0,4241439532.0,0.012680399330045194
2021-07-07,14.29,14.46,14.25,14.35,38203766.0,651526348.0,4241439532.0,0.009007264093185238
2021-07-08,14.4,14.42,14.02,14.07,68395381.0,1150626206.0,4241439532.0,0.016125511276061735
2021-07-09,14.0,14.32,13.91,14.32,53400643.0,895509460.0,4241439532.0,0.012590216740593156
2021-07-12,14.41,14.61,14.27,14.54,69048902.0,1182329695.0,4241439532.0,0.016279591275333075
2021-07-13,14.6,14.8,14.42,14.7,64177640.0,1113036092.0,4241439532.0,0.015131098655492985
2021-07-14,14.65,14.65,14.33,14.34,51859272.0,887917728.0,4241439532.0,0.01222680922567494
2021-07-15,14.33,14.42,14.1,14.32,47790634.0,808462916.0,4241439532.0,0.011267550471824102
2021-07-16,14.31,14.33,14.17,14.33,48240285.0,815376221.0,4241439532.0,0.011373564242999562
2021-07-19,14.39,14.58,14.22,14.54,66433698.0,1137977763.0,4241439532.0,0.01566300721695636
2021-07-20,14.4,14.91,14.33,14.82,103673956.0,1808522261.0,4241439532.0,0.024443105982726056
2021-07-21,14.79,14.89,14.59,14.64,73388591.0,1279130777.0,4241439532.0,0.01730275545514956
2021-07-22,14.65,15.67,14.64,15.45,208292618.0,3805581934.0,4241439532.0,0.049108944363939123
2021-07-23,15.48,15.83,15.28,15.55,159319109.0,2937055319.0,4241439532.0,0.03756250862425357
2021-07-26,15.61,15.83,15.09,15.28,155153947.0,2844722034.0,4241439532.0,0.036580492502468615
2021-07-27,15.24,15.63,14.86,14.92,126294588.0,2293299113.0,4241439532.0,0.02977634999795631
2021-07-28,14.83,14.92,14.24,14.46,104435273.0,1805282309.0,4241439532.0,0.02462260093821373
2021-07-29,14.68,14.98,14.58,14.76,100934020.0,1770116951.0,4241439532.0,0.02379711398417739
2021-07-30,14.62,14.62,14.22,14.43,94571292.0,1614737028.0,4241439532.0,0.02229697990186979
2021-08-02,14.44,15.87,14.29,15.87,236264288.0,4354613628.0,4241439532.0,0.05570379731161519
2021-08-03,16.18,16.42,15.85,16.1,289753494.0,5550190219.0,4241439532.0,0.06831489446305279
2021-08-04,16.11,16.41,15.88,16.17,168824353.0,3237087921.0,4241439532.0,0.03980355059320931
2021-08-05,16.11,16.98,15.94,16.58,212252891.0,4174540068.0,4241439532.0,0.050042654009006864
2021-08-06,16.69,17.02,16.25,16.58,137396251.0,2708518492.0,4241439532.0,0.03239377809430009
2021-08-09,16.85,17.59,16.71,17.44,202782812.0,4162023726.0,4241439532.0,0.04780990285729246
2021-08-10,17.44,17.44,16.94,17.28,143802077.0,2928435056.0,4241439532.0,0.03390407334940641
2021-08-11,17.8,18.17,17.16,17.41,184997653.0,3866009558.0,4241439532.0,0.043616713524798637
2021-08-12,17.42,17.42,16.57,16.58,196561433.0,3919327897.0,4241439532.0,0.0463430944887982
2021-08-13,16.37,16.98,16.37,16.75,142499362.0,2822882819.0,4241439532.0,0.03359693352337057
2021-08-16,16.94,17.77,16.78,17.58,218464360.0,4528130667.0,4241439532.0,0.05150712590661071
2021-08-17,17.89,18.0,16.61,16.74,194828082.0,3973370326.0,4241439532.0,0.04593442403931458
2021-08-18,16.67,17.2,16.55,16.98,120857555.0,2425522607.0,4241439532.0,0.028494466109484078
2021-08-19,16.79,16.79,16.33,16.58,102958250.0,2022899373.0,4241439532.0,0.02427436468755957
2021-08-20,16.35,16.48,15.84,16.31,122883213.0,2350796946.0,4241439532.0,0.02897205349101273
2021-08-23,16.18,16.43,16.11,16.43,94991621.0,1837214071.0,4241439532.0,0.022396080454130118
2021-08-24,16.63,16.75,16.41,16.52,96463265.0,1896852360.0,4241439532.0,0.022743048503278768
2021-08-25,16.67,16.67,16.17,16.23,77490929.0,1497092281.0,4241439532.0,0.018269959624641893
2021-08-26,16.22,16.57,15.95,16.33,83396818.0,1612909006.0,4241439532.0,0.019662385228129194
2021-08-27,16.54,17.31,16.42,17.31,168849675.0,3370240919.0,4241439532.0,0.0398095207360839
2021-08-30,17.31,17.32,16.87,17.14,118760083.0,2377957159.0,4241439532.0,0.027999947212261705
2021-08-31,17.23,17.6,16.8,17.12,114398521.0,2295195024.0,4241439532.0,0.026971626056886574
2021-09-01,17.04,17.04,16.33,16.79,121869670.0,2383840737.0,4241439532.0,0.028733091461175166
2021-09-02,16.81,17.03,16.41,16.93,102354530.0,2012006337.0,4241439532.0,0.024132026220761882
2021-09-03,16.73,16.83,16.45,16.46,95384583.0,1858992862.0,4241439532.0,0.02248872871589013
2021-09-06,16.39,17.25,16.33,16.97,112675057.0,2227300044.0,4241439532.0,0.02656528665560615
2021-09-07,16.99,17.03,16.81,16.96,74202095.0,1470770931.0,4241439532.0,0.017494554487969063
2021-09-08,16.96,17.02,16.63,16.74,77125490.0,1516132569.0,4241439532.0,0.018183800433347778
2021-09-09,16.65,16.96,16.53,16.62,70511825.0,1379485626.0,4241439532.0,0.016624503182944353
2021-09-10,16.57,16.57,16.25,16.27,102141305.0,1955949721.0,4241439532.0,0.0240817543735762
2021-09-13,16.21,16.21,15.78,15.92,100544757.0,1878423151.0,4241439532.0,0.02370533783198586
2021-09-14,15.93,16.2,15.55,15.65,88090510.0,1638150986.0,4241439532.0,0.020769012344839907
2021-09-15,15.53,15.63,15.36,15.46,81925450.0,1485159159.0,4241439532.0,0.01931548225122734
2021-09-16,15.46,15.71,15.23,15.27,72654385.0,1314567688.0,4241439532.0,0.01712965243329561
2021-09-17,15.33,15.58,15.27,15.57,60017991.0,1086519197.0,4241439532.0,0.014150382328260904
2021-09-22,15.27,15.46,15.25,15.37,37206157.0,669100265.0,4241439532.0,0.00877205880675514
2021-09-23,15.44,15.77,15.44,15.73,66042349.0,1209458848.0,4241439532.0,0.015570739250609691
2021-09-24,15.64,15.73,15.38,15.43,43241174.0,787237609.0,4241439532.0,0.010194928790982938
2021-09-27,15.48,15.73,15.0,15.11,58991185.0,1059349540.0,4241439532.0,0.013908293294041944
2021-09-28,14.94,15.12,14.59,15.11,65556478.0,1141013468.0,4241439532.0,0.015456185925887201
2021-09-29,14.84,14.92,14.69,14.77,45264982.0,784498778.0,4241439532.0,0.010672079999842847
2021-09-30,14.77,14.96,14.59,14.64,55309911.0,957049254.0,4241439532.0,0.013040362967032391
2021-10-08,14.6,14.79,14.6,14.67,49450770.0,850740530.0,4241439532.0,0.011658959093230803
2021-10-11,14.68,14.77,14.65,14.7,33952716.0,585267590.0,4241439532.0,0.00800499824265796
2021-10-12,14.7,14.7,13.99,14.17,86610439.0,1443360604.0,4241439532.0,0.020420057470242864
2021-10-13,14.17,14.36,14.01,14.32,37034123.0,616026374.0,4241439532.0,0.008731498520865863
2021-10-14,14.39,14.46,14.27,14.35,28324678.0,476795445.0,4241439532.0,0.006678081294405213
2021-10-15,14.35,14.46,14.09,14.3,51294661.0,858656543.0,4241439532.0,0.012093691449094552
2021-10-18,14.29,14.29,13.99,14.27,46790393.0,775424787.0,4241439532.0,0.011031724641359333
2021-10-19,14.28,14.53,14.18,14.44,44806254.0,757371923.0,4241439532.0,0.010563926153362406
2021-10-20,14.54,14.57,14.23,14.27,48676861.0,816342607.0,4241439532.0,0.01147649533436753
2021-10-21,14.27,14.29,14.09,14.26,35897730.0,597175832.0,4241439532.0,0.008463572268133423
2021-10-22,14.31,14.6,14.26,14.5,46812765.0,783399335.0,4241439532.0,0.011036999265654036
2021-10-25,14.48,14.77,14.23,14.7,64216697.0,1084347172.0,4241439532.0,0.015140307085721763
2021-10-26,14.71,14.83,14.5,14.59,45238411.0,767298674.0,4241439532.0,0.010665815381474594
2021-10-27,14.59,14.59,14.08,14.14,61075321.0,1011441050.0,4241439532.0,0.014399667975745174
2021-10-28,14.08,14.09,12.94,12.99,133319064.0,2057168810.0,4241439532.0,0.03143250375118162
2021-10-29,12.99,13.12,12.77,13.02,65300649.0,982349951.0,4244989559.0,0.015382994019750426
2021-11-01,13.01,13.25,12.64,13.0,66562774.0,1000821605.0,4244989559.0,0.0156803151279553
2021-11-02,13.0,13.08,12.57,12.72,62160817.0,923507361.0,4244989559.0,0.014643338019103004
2021-11-03,12.55,12.98,12.52,12.8,39199099.0,580561392.0,4244989559.0,0.009234203866742655
2021-11-04,12.86,13.14,12.78,13.1,50217791.0,757644015.0,4244989559.0,0.01182989741247559
2021-11-05,13.11,13.16,12.92,12.96,39903181.0,602557394.0,4244989559.0,0.009400065758795427
2021-11-08,13.45,14.25,13.44,13.71,118715012.0,1904747627.0,4244989559.0,0.027965913779059073
2021-11-09,13.63,13.71,13.43,13.52,59496626.0,933311795.0,4244989559.0,0.014015729643871192
2021-11-10,13.43,13.45,13.19,13.38,42565452.0,655696668.0,4244989559.0,0.01002722183609498
2021-11-11,13.33,13.39,13.2,13.37,48130462.0,741754796.0,4244989559.0,0.011338181479847546
2021-11-12,13.38,13.39,12.99,13.05,65517440.0,995398368.0,4244989559.0,0.015434063874454867
2021-11-15,13.02,13.16,12.96,13.15,49271811.0,746087416.0,4244989559.0,0.011607051163538563
2021-11-16,13.19,13.19,12.99,13.01,40304355.0,611290351.0,4244989559.0,0.009494571056022708
2021-11-17,13.03,13.09,12.97,13.06,28432537.0,429606228.0,4244989559.0,0.006697905048957978
2021-11-18,13.25,13.66,13.24,13.27,90326805.0,1404749381.0,4244989559.0,0.02127845162975582
2021-11-19,13.18,14.06,13.11,13.89,143930406.0,2292797014.0,4244989559.0,0.03390595053286914
2021-11-22,14.17,14.34,13.89,14.02,137126845.0,2234620124.0,4244989559.0,0.03230322315146123
2021-11-23,13.91,14.21,13.81,14.12,89582457.0,1460083234.0,4244989559.0,0.02110310420200494
2021-11-24,14.06,14.07,13.89,13.93,57070728.0,923080975.0,4244989559.0,0.01344425638904145
2021-11-25,13.88,13.89,13.58,13.58,76362414.0,1210779081.0,4244989559.0,0.017988834351335563
2021-11-26,13.5,13.69,13.45,13.51,42831849.0,674128569.0,4244989559.0,0.010089977467480504
2021-11-29,13.28,13.35,13.11,13.26,53640331.0,823806928.0,4244989559.0,0.012636151456786187
2021-11-30,13.57,13.57,13.13,13.31,64605877.0,1000344392.0,4244989559.0,0.015219325301525435
2021-12-01,13.2,14.37,13.11,14.12,251412976.0,4057086278.0,5037673735.0,0.04990656188257495
2021-12-02,14.32,15.22,14.14,15.22,354954473.0,6097281898.0,5037673735.0,0.07045999635385279
2021-12-03,15.22,15.23,14.83,15.14,202579464.0,3539284290.0,5037673735.0,0.04021289878154445
2021-12-06,15.35,15.98,15.18,15.46,262759402.0,4732888312.0,5037673735.0,0.052158876462054166
2021-12-07,15.46,15.9,15.08,15.59,267233375.0,4813032088.0,5037673735.0,0.05304697943087416
2021-12-08,15.4,15.78,15.19,15.53,165196176.0,2969085134.0,5037673735.0,0.03279215461141808
2021-12-09,15.44,16.09,15.32,15.72,184932307.0,3381329795.0,5037673735.0,0.03670986187834175
2021-12-10,15.52,15.57,15.08,15.09,195959457.0,3469806252.0,5037673735.0,0.038898798792494645
2021-12-13,15.18,15.62,15.18,15.41,155777276.0,2789999288.0,5037673735.0,0.03092246227017717
2021-12-14,15.31,15.32,14.94,15.12,122022789.0,2134531546.0,5037673735.0,0.024222050775584814
2021-12-15,15.01,15.27,14.96,15.02,85817697.0,1503123770.0,5037673735.0,0.017035183601464415
2021-12-16,15.03,16.37,14.92,16.23,281801340.0,5117651473.0,5037673735.0,0.05593878341944668
2021-12-17,15.96,16.14,15.7,15.75,194632124.0,3587824594.0,5037673735.0,0.03863531745769161
2021-12-20,15.75,16.43,15.65,15.83,229020916.0,4253974054.0,5037673735.0,0.04546164123508884
2021-12-21,15.68,15.99,15.61,15.8,109917329.0,2010760895.0,5037673735.0,0.021819064667950354
2021-12-22,15.81,16.15,15.37,15.74,163481596.0,2984818477.0,5037673735.0,0.03245180307414251
2021-12-23,15.6,16.21,15.55,15.99,184677669.0,3427621734.0,5037673735.0,0.03665931513526253
2021-12-24,15.99,16.3,15.7,15.75,146800581.0,2718688636.0,5037673735.0,0.029140549531836642
2021-12-27,15.84,16.47,15.84,16.42,226607496.0,4280213737.0,5037673735.0,0.04498256693870628
2021-12-28,16.38,16.38,15.85,15.97,166808346.0,3096842433.0,5037673735.0,0.03311217732126513
2021-12-29,15.85,16.09,15.65,15.98,108165599.0,1994662268.0,5037673735.0,0.021471338695180506
2021-12-30,15.84,16.01,15.7,15.76,112804114.0,2068169710.0,5037673735.0,0.022392103961849763
2021-12-31,15.68,15.83,15.33,15.43,136204588.0,2452083039.0,5050202516.0,0.0269701239838359
2022-01-04,15.46,15.52,15.11,15.26,121443555.0,2147727735.0,5050202516.0,0.024047264365190064
2022-01-05,15.26,15.46,15.09,15.4,112358952.0,1994235463.0,5050202516.0,0.02224840521623153
2022-01-06,15.19,15.66,15.11,15.46,104382406.0,1868875541.0,5050202516.0,0.02066895449623985
2022-01-07,15.46,15.74,15.23,15.32,113675391.0,2049182033.0,5050202516.0,0.022509075752874225
2022-01-10,15.58,15.91,15.48,15.58,95627095.0,1735152719.0,5050202516.0,0.018935299069103708
2022-01-11,15.48,15.57,15.15,15.16,81218722.0,1444639854.0,5050202516.0,0.016082270313454494
2022-01-12,15.16,15.31,14.93,15.09,88216506.0,1542044302.0,5050202516.0,0.01746791454808265
2022-01-13,15.09,15.12,14.58,14.58,107086653.0,1831800191.0,5050202516.0,0.021204427478052446
2022-01-14,14.51,14.7,14.4,14.59,61153152.0,1034001585.0,5050202516.0,0.012109049450245848
2022-01-17,14.56,14.7,14.4,14.64,50486640.0,854692151.0,5050202516.0,0.009996953555832412
2022-01-18,14.66,14.92,14.55,14.82,62245525.0,1064734822.0,5050202516.0,0.01232535226118049
2022-01-19,14.75,15.01,14.69,14.74,61009576.0,1049194626.0,5050202516.0,0.01208061969925168
2022-01-20,14.66,14.72,14.21,14.48,81294859.0,1361763761.0,5050202516.0,0.016097346342536255
2022-01-21,14.36,14.4,13.9,14.04,75415649.0,1234360133.0,5050202516.0,0.014933193027619964
2022-01-24,13.97,14.18,13.86,14.08,37171624.0,606019388.0,5050202516.0,0.007360422454789336
2022-01-25,13.97,14.07,13.51,13.51,66095963.0,1051992562.0,5050202516.0,0.013087784656277732
2022-01-26,13.67,13.97,13.62,13.83,55912092.0,895739480.0,5050202516.0,0.01107125740460108
2022-01-27,13.78,13.85,13.44,13.45,54212441.0,854491685.0,5050202516.0,0.010734706346576141
2022-01-28,13.54,13.61,13.25,13.37,49376685.0,769499427.0,5050202516.0,0.009777169300352865
2022-02-07,13.58,13.7,13.51,13.62,47298059.0,746438605.0,5050202516.0,0.009365576697201899
2022-02-08,13.63,13.84,13.53,13.82,55481331.0,881376914.0,5050202516.0,0.010985961617227154
2022-02-09,13.83,13.92,13.74,13.86,52597771.0,843577333.0,5050202516.0,0.010414982534534066
2022-02-10,13.86,13.95,13.77,13.87,45752078.0,734652604.0,5050202516.0,0.009059454121898822
2022-02-11,13.86,13.86,13.54,13.58,58194986.0,923162351.0,5050202516.0,0.011523297494630609
2022-02-14,13.4,13.42,13.08,13.15,75698048.0,1162590212.0,5050202516.0,0.014989111379231668
2022-02-15,13.18,13.31,13.08,13.25,46611924.0,713208764.0,5050202516.0,0.009229713828767179
2022-02-16,13.32,13.51,13.28,13.42,51882692.0,807440815.0,5050202516.0,0.010273388410786654
2022-02-17,13.37,13.45,13.28,13.39,38043870.0,590336773.0,5050202516.0,0.0075331375087374815
2022-02-18,13.28,13.49,13.2,13.49,38123881.0,590931738.0,5050202516.0,0.0075489806357698155
2022-02-21,13.45,13.45,13.29,13.44,35538539.0,550965953.0,5050202516.0,0.007037052254321914
2022-02-22,13.31,13.34,13.11,13.18,49713443.0,760726624.0,5050202516.0,0.009843851378731523
2022-02-23,13.28,13.51,13.27,13.5,58786943.0,913301070.0,5050202516.0,0.011640512001994337
2022-02-24,13.37,13.74,13.04,13.21,93176346.0,1445021386.0,5050202516.0,0.018450021698100155
2022-02-25,13.3,13.45,13.22,13.27,46594256.0,720102778.0,5050202516.0,0.009226215355202204
2022-02-28,13.2,13.2,12.95,13.08,59988723.0,905730327.0,5050202516.0,0.011878478696635301
2022-03-01,13.12,13.31,13.12,13.27,45940215.0,704312260.0,5050202516.0,0.009096707479443187
2022-03-02,13.15,13.16,13.02,13.08,49768836.0,754699952.0,5050202516.0,0.009854819849763032
2022-03-03,13.08,13.33,12.83,13.27,123493859.0,1869081580.0,5050202516.0,0.02445324887640605
2022-03-04,13.08,13.14,12.97,13.0,51587776.0,779637802.0,5050202516.0,0.010214991544707392
2022-03-07,12.89,12.89,12.51,12.54,66664667.0,979602128.0,5050202516.0,0.013200394793831274
2022-03-08,12.54,12.59,11.83,11.95,79384532.0,1118502585.0,5050202516.0,0.015719078937625718
2022-03-09,12.01,12.12,11.08,11.61,79238242.0,1066504492.0,5050202516.0,0.015690111782440053
2022-03-10,11.87,11.98,11.79,11.84,54196982.0,746949774.0,5050202516.0,0.01073164528121272
2022-03-11,11.67,11.96,11.54,11.93,47393648.0,646822525.0,5050202516.0,0.009384504453009148
2022-03-14,11.8,12.05,11.61,11.61,39932941.0,547880583.0,5050202516.0,0.007907195973524798
2022-03-15,11.59,11.59,10.86,10.9,81570846.0,1061425469.0,5050202516.0,0.016151995042093477
2022-03-16,11.11,11.29,10.62,11.23,69771308.0,889809928.0,5050202516.0,0.013815546560549058
2022-03-17,11.56,11.76,11.37,11.57,78186487.0,1047939253.0,5050202516.0,0.015481851817286608
2022-03-18,11.47,11.69,11.43,11.64,52656927.0,707601494.0,5050202516.0,0.010426696124199547
2022-03-21,11.71,11.86,11.53,11.67,49087110.0,666289177.0,5050202516.0,0.009719830015624665
2022-03-22,11.62,11.97,11.56,11.86,59278308.0,814858517.0,5050202516.0,0.011737808100208866
2022-03-23,12.33,12.57,12.14,12.21,107188687.0,1530231192.0,5050202516.0,0.0212246314203056
2022-03-24,12.16,12.54,12.02,12.08,78680298.0,1120174958.0,5050202516.0,0.015579632252513811
2022-03-25,12.01,12.05,11.71,11.72,64890393.0,892887413.0,5050202516.0,0.012849067496682543
2022-03-28,11.62,11.76,11.4,11.65,40004479.0,537263104.0,5050202516.0,0.007921361346056564
2022-03-29,11.69,11.73,11.49,11.5,29755696.0,399236472.0,5050202516.0,0.00589198074844094
2022-03-30,11.64,11.8,11.57,11.8,39817641.0,540765261.0,5050202516.0,0.007884365205919992
2022-03-31,11.65,11.68,11.51,11.51,45722323.0,613544137.0,5050202516.0,0.009053562278966636
2022-04-01,11.37,11.62,11.29,11.6,37331374.0,497879932.0,5050202516.0,0.007392054849627737
2022-04-06,11.6,11.66,11.42,11.55,44649892.0,596232877.0,5050202516.0,0.008841208220569505
2022-04-07,11.49,11.58,11.18,11.19,57638554.0,758560412.0,5050202516.0,0.011413117358638614
2022-04-08,11.28,11.57,11.0,11.46,71392965.0,935694881.0,5050202516.0,0.014136653881465849
2022-04-11,11.38,11.46,10.82,10.87,70969132.0,909230255.0,5050202516.0,0.014052729920266824
2022-04-12,10.86,11.05,10.63,11.02,52784880.0,664015298.0,5050202516.0,0.010452032335885042
2022-04-13,10.93,11.04,10.75,10.86,32310880.0,408344908.0,5050202516.0,0.006397937488176564
2022-04-14,10.94,11.07,10.86,10.97,37400215.0,476158994.0,5050202516.0,0.007405686184169649
2022-04-15,10.87,11.03,10.82,10.91,32518792.0,411059893.0,5050202516.0,0.0064391065302776065
2022-04-18,10.85,10.85,10.58,10.63,54679926.0,676426029.0,5050202516.0,0.010827273921543467
2022-04-19,10.65,11.1,10.63,10.71,64914128.0,813828575.0,5050202516.0,0.012853767308209864
2022-04-20,10.76,10.77,10.54,10.61,46382233.0,572277826.0,5050202516.0,0.009184232286339465
2022-04-21,10.56,10.56,10.15,10.19,60326575.0,721581266.0,5050202516.0,0.01194537739999019
2022-04-22,10.09,10.26,9.82,10.14,49751032.0,579537490.0,5050202516.0,0.009851294446584922
2022-04-25,9.91,9.91,9.24,9.26,79839765.0,890200168.0,5050202516.0,0.01580922047126872
2022-04-26,9.29,9.53,9.13,9.15,73448470.0,795333301.0,5050202516.0,0.014543668252372317
2022-04-27,9.06,9.38,8.92,9.38,71504753.0,760883347.0,5050202516.0,0.014158789231413864
2022-04-28,9.28,9.54,9.21,9.36,61330810.0,666038710.0,5050202516.0,0.01214422784149593
2022-04-29,9.49,9.73,9.38,9.65,71907146.0,797338971.0,5050202516.0,0.014238467818307189
2022-05-05,9.5,9.68,9.41,9.56,63342081.0,700534910.0,5050202516.0,0.012542483355730837
2022-05-06,9.31,9.34,9.2,9.25,48214540.0,518127281.0,5050202516.0,0.009547050805833467
2022-05-09,9.24,9.35,9.13,9.17,31593642.0,337743532.0,5050202516.0,0.006255915856820661
2022-05-10,9.0,9.25,8.81,9.21,54322994.0,570343231.0,5050202516.0,0.010756597151875484
2022-05-11,9.19,9.54,9.17,9.31,64324110.0,698769032.0,5050202516.0,0.012736936745845143
2022-05-12,9.24,9.31,9.12,9.23,40837160.0,436350512.0,5050202516.0,0.008086242060713433
2022-05-13,9.25,9.49,9.22,9.41,59954954.0,650617452.0,5050202516.0,0.011871792034091964
2022-05-16,9.46,9.52,9.29,9.32,39338972.0,427242469.0,5050202516.0,0.007789583066296187
2022-05-17,9.32,9.92,9.23,9.75,119768221.0,1338923479.0,5050202516.0,0.023715528361595708
2022-05-18,9.66,10.0,9.63,9.87,98959568.0,1130502083.0,5050202516.0,0.019595168250476552
2022-05-19,9.69,9.9,9.65,9.88,62486342.0,708915863.0,5050202516.0,0.01237303688357673
2022-05-20,10.26,10.32,9.94,10.13,85983030.0,1007839566.0,5050202516.0,0.017025659808213522
2022-05-23,10.11,10.2,9.96,10.09,56066417.0,654547324.0,5050202516.0,0.011101815585092073
2022-05-24,10.12,10.42,9.96,9.98,108964345.0,1288806093.0,5050202516.0,0.021576232765870333
2022-05-25,9.97,10.09,9.9,10.07,47705767.0,552767623.0,5050202516.0,0.009446307717137892
2022-05-26,10.07,10.32,9.93,10.18,59650782.0,701491709.0,5050202516.0,0.011811562370224758
2022-05-27,10.2,10.32,10.04,10.11,50459758.0,595278577.0,5050202516.0,0.009991630600977667
2022-05-30,10.17,10.29,10.07,10.2,49409854.0,584197371.0,5050202516.0,0.009783737155779437
2022-05-31,10.25,10.5,10.16,10.44,83301520.0,1003682909.0,5050202516.0,0.016494689022090694
2022-06-01,10.42,10.55,10.31,10.38,54328977.0,655365526.0,5050202516.0,0.01075778185684148
2022-06-02,10.36,10.57,10.31,10.53,54671189.0,663574855.0,5050202516.0,0.010825543891911522
2022-06-06,10.53,10.58,10.44,10.55,53765100.0,655280155.0,5050202516.0,0.010646127522542306
2022-06-07,10.55,10.56,10.27,10.36,66600694.0,800516484.0,5050202516.0,0.01318772738103004
2022-06-08,10.35,10.43,10.14,10.41,58683547.0,701962919.0,5050202516.0,0.01162003836758613
2022-06-09,10.5,10.52,10.19,10.23,52368833.0,628285427.0,5050202516.0,0.010369650095037892
2022-06-10,10.16,10.51,10.14,10.48,59922730.0,722243064.0,5050202516.0,0.011865411299874297
2022-06-13,10.43,11.21,10.39,10.91,148657197.0,1893838424.0,5050202516.0,0.0294358882696339
2022-06-14,10.81,11.08,10.58,11.07,91620736.0,1150444529.0,5050202516.0,0.018141992466584878
2022-06-15,11.08,11.26,10.95,11.0,101087973.0,1301022803.0,5050202516.0,0.02001661768606984
2022-06-16,11.02,11.13,10.76,10.81,67119870.0,847896142.0,5050202516.0,0.01329053038711844
2022-06-17,10.7,10.96,10.67,10.9,46526985.0,585869159.0,5050202516.0,0.00921289489928249
2022-06-20,10.95,11.01,10.82,10.85,47213839.0,596205695.0,5050202516.0,0.009348900138245466
2022-06-21,10.87,10.88,10.63,10.8,48328549.0,603668058.0,5050202516.0,0.009569625940125368
2022-06-22,10.8,10.87,10.44,10.48,63139016.0,779267669.0,5050202516.0,0.012502274077121386
2022-06-23,10.47,10.94,10.47,10.88,84877976.0,1059816241.0,5050202516.0,0.01680684600886607
2022-06-24,10.87,10.91,10.74,10.86,54523462.0,683941796.0,5050202516.0,0.010796292193681209
2022-06-27,10.91,11.01,10.82,10.92,64263615.0,811971721.0,5050202516.0,0.012724958018297419
2022-06-28,10.92,11.2,10.87,11.13,80198431.0,1029804880.0,5050202516.0,0.015880240593504152
2022-06-29,11.12,11.13,10.76,10.79,68423509.0,867451075.0,5050202516.0,0.013548666371936836
2022-06-30,10.78,10.85,10.69,10.76,49696012.0,620374044.0,5048715137.0,0.00984329886940896
2022-07-01,10.77,11.2,10.69,11.09,91207316.0,1165602978.0,5048715137.0,0.01806545101576009
2022-07-04,10.96,11.02,10.88,10.95,55501147.0,703702903.0,5048715137.0,0.010993123100421024
2022-07-05,11.0,11.01,10.57,10.72,71628576.0,892156988.0,5048715137.0,0.014187486133860675
2022-07-06,10.71,10.71,10.38,10.47,51359350.0,626017837.0,5048715137.0,0.010172756554159296
2022-07-07,10.51,11.04,10.44,10.88,81624235.0,1021561163.0,5048715137.0,0.016167328277606485
2022-07-08,10.88,11.45,10.88,11.14,146187571.0,1905903506.0,5048715137.0,0.028955400935309294
2022-07-11,11.18,11.18,10.65,10.74,83515439.0,1045403547.0,5048715137.0,0.016541919425785975
2022-07-12,10.73,10.78,10.53,10.53,41910379.0,516362024.0,5048715137.0,0.008301197010078011
2022-07-13,10.54,10.62,10.46,10.56,38396328.0,469617381.0,5048715137.0,0.007605168237480617
2022-07-14,10.57,10.78,10.44,10.66,52555917.0,647591266.0,5048715137.0,0.010409760815150541
2022-07-15,10.4,10.46,10.23,10.23,80875563.0,969879744.0,5048715137.0,0.016019038667342424
2022-07-18,10.19,10.53,10.19,10.51,42927373.0,517527892.0,5048715137.0,0.008502633211646776
2022-07-19,10.51,10.85,10.49,10.63,47514822.0,587949183.0,5048715137.0,0.009411270137184609
2022-07-20,10.69,10.75,10.54,10.6,29504974.0,362255004.0,5048715137.0,0.005844056002243012
2022-07-21,10.57,10.65,10.48,10.52,32339330.0,396126239.0,5048715137.0,0.006405457452530462
2022-07-22,10.58,10.71,10.39,10.5,34891997.0,426286280.0,5048715137.0,0.00691106470719463
2022-07-25,10.5,10.5,10.31,10.35,37484046.0,450926326.0,5048715137.0,0.007424472362343148
2022-07-26,10.35,10.4,10.24,10.38,26577530.0,318154928.0,5048715137.0,0.005264216593490092
2022-07-27,10.38,10.42,10.31,10.32,24141163.0,289831026.0,5048715137.0,0.004781644902695963
2022-07-28,10.38,10.53,10.37,10.44,32939431.0,399257372.0,5048715137.0,0.00652431957560849
2022-07-29,10.48,10.57,10.32,10.32,33912632.0,409168483.0,5048715137.0,0.006717081689055494
2022-08-01,10.27,10.55,10.18,10.46,43627241.0,523694160.0,5048715137.0,0.00864125620403368
2022-08-02,10.35,10.35,9.88,9.98,60811199.0,709101944.0,5048715137.0,0.01204488614426653
2022-08-03,9.94,10.27,9.9,9.93,46456843.0,544472918.0,5048715137.0,0.00920171602860627
2022-08-04,10.01,10.08,9.88,10.0,29680959.0,343094631.0,5048715137.0,0.0058789133857999245
2022-08-05,10.0,10.23,9.99,10.19,36636085.0,430125141.0,5048715137.0,0.007256516560324207
2022-08-08,10.18,10.28,10.12,10.26,23647195.0,280499268.0,5048715137.0,0.004683804563798665
2022-08-09,10.26,10.43,10.26,10.26,28088856.0,336249726.0,5048715137.0,0.005563565231507733
2022-08-10,10.21,10.3,10.12,10.15,28286880.0,334095991.0,5048715137.0,0.005602787884128548
2022-08-11,10.22,10.37,10.15,10.35,37963889.0,452478904.0,5048715137.0,0.007519514959712808
2022-08-12,10.33,10.39,10.3,10.32,22017036.0,263814001.0,5048715137.0,0.004360918650102877
2022-08-15,10.32,10.38,10.24,10.31,26943888.0,321950173.0,5048715137.0,0.005336781194593273
2022-08-16,10.26,10.32,10.21,10.24,27616655.0,328559360.0,5048715137.0,0.005470036286580849
2022-08-17,10.21,10.34,10.1,10.34,39171603.0,465000141.0,5048715137.0,0.007758727109186077
2022-08-18,10.3,10.31,10.12,10.15,32884132.0,388209647.0,5048715137.0,0.006513366491804111
2022-08-19,10.17,10.17,10.03,10.04,28918584.0,338255764.0,5048715137.0,0.00572790961963121
2022-08-22,10.03,10.11,9.92,10.09,26907188.0,312704972.0,5048715137.0,0.00532951201837633
2022-08-23,10.03,10.06,9.99,10.0,22954085.0,266410628.0,5048715137.0,0.004546520129800701
2022-08-24,10.0,10.04,9.75,9.78,40622065.0,463997673.0,5048715137.0,0.008046020402754999
2022-08-25,9.78,9.87,9.66,9.82,23515429.0,266405438.0,5048715137.0,0.0046577056462672834
2022-08-26,9.89,10.21,9.86,10.01,44190352.0,505918347.0,5048715137.0,0.008752791710537737
2022-08-29,9.92,10.26,9.9,10.19,46074125.0,532970603.0,5048715137.0,0.009125910999085943
2022-08-30,10.1,10.17,10.04,10.05,25300605.0,290710524.0,5048715137.0,0.005011295807636691
2022-08-31,10.03,10.3,9.86,10.19,46145645.0,531350781.0,5048715137.0,0.009140076979550134
2022-09-01,10.19,10.26,10.07,10.08,26376434.0,305950294.0,5048715137.0,0.005224385469225178
2022-09-02,10.11,10.19,9.98,10.05,21595720.0,247661934.0,5048715137.0,0.004277468507132372
2022-09-05,10.05,10.14,9.98,10.09,20430460.0,234728506.0,5048715137.0,0.004046665229787552
2022-09-06,10.15,10.2,10.12,10.17,22677003.0,262600392.0,5048715137.0,0.004491638443573372
2022-09-07,10.17,10.17,10.05,10.07,21014811.0,242171319.0,5048715137.0,0.004162407747268392
2022-09-08,10.07,10.27,10.05,10.09,29224183.0,338448156.0,5048715137.0,0.005788439673656319
2022-09-09,10.14,10.15,10.01,10.13,24544428.0,282576161.0,5048715137.0,0.004861519680546793
2022-09-13,10.13,10.21,10.12,10.15,20663915.0,239554127.0,5048715137.0,0.004092905707545765
2022-09-14,10.04,10.05,9.91,9.91,30575721.0,347543271.0,5048715137.0,0.006056139071092139
2022-09-15,9.98,9.98,9.71,9.81,36024168.0,403248451.0,5048715137.0,0.007135314039802599
2022-09-16,9.69,9.77,9.41,9.41,40464349.0,441768277.0,5048715137.0,0.00801478156362063
2022-09-19,9.41,9.48,9.21,9.29,21654984.0,231057974.0,5048715137.0,0.0042892069392664565
2022-09-20,9.37,9.4,9.28,9.3,13278452.0,141460302.0,5048715137.0,0.0026300655988070257
2022-09-21,9.27,9.42,9.13,9.35,19758634.0,209465404.0,5048715137.0,0.003913596521855022
2022-09-22,9.3,9.34,9.2,9.2,18145166.0,191658658.0,5048715137.0,0.003594016597811468
2022-09-23,9.21,9.26,8.98,9.06,23080982.0,239670552.0,5048715137.0,0.004571654643544608
2022-09-26,8.98,9.06,8.83,8.84,24314148.0,248358113.0,5048715137.0,0.004815908075662935
2022-09-27,8.82,8.94,8.75,8.92,28348214.0,285848166.0,5048715137.0,0.005614936321569691
2022-09-28,8.9,8.9,8.56,8.56,47216260.0,469389283.0,5048715137.0,0.009352133903133303
2022-09-29,8.63,8.67,8.41,8.42,43031847.0,417180378.0,5048715137.0,0.008523326397371269
2022-09-30,8.41,8.53,8.4,8.43,28145779.0,272061160.0,5048715137.0,0.005574839981311467
2022-10-10,8.42,8.48,8.12,8.15,33639379.0,318446101.0,5048715137.0,0.006662958413611126
2022-10-11,8.15,8.24,8.13,8.15,24066201.0,224454655.0,5048715137.0,0.004766797164614914
2022-10-12,8.16,8.35,7.98,8.35,43189077.0,401717797.0,5048715137.0,0.008554468974390068
2022-10-13,8.32,8.32,8.18,8.2,47158709.0,442639380.0,5048715137.0,0.009340734765246075
2022-10-14,8.26,8.51,8.25,8.45,54212678.0,519778298.0,5048715137.0,0.010737915792217532
2022-10-17,8.42,8.61,8.39,8.57,32644508.0,316942853.0,5048715137.0,0.006465904119002783
2022-10-18,8.6,8.67,8.54,8.56,31635728.0,310132106.0,5048715137.0,0.006266094866029278
2022-10-19,8.56,8.68,8.5,8.5,28525856.0,279243728.0,5048715137.0,0.005650121907442448
2022-10-20,8.47,8.56,8.37,8.45,30562283.0,294821302.0,5048715137.0,0.006053477403789597
2022-10-21,8.5,8.53,8.38,8.42,22055249.0,210799857.0,5048715137.0,0.004368487506527346
2022-10-24,8.44,8.52,8.14,8.17,37298947.0,349784133.0,5048715137.0,0.007387809767013995
2022-10-25,8.17,8.36,8.07,8.3,32208148.0,299549222.0,5048715137.0,0.006379474207993922
2022-10-26,8.31,8.45,8.3,8.37,30215476.0,285728803.0,5048715137.0,0.00598478527310106
2022-10-27,8.41,8.59,8.37,8.49,38005339.0,365054467.0,5048715137.0,0.007527724969363824
2022-10-28,8.5,8.5,8.13,8.14,40233425.0,375321017.0,5048715137.0,0.00796904240153013
2022-10-31,8.06,8.22,7.98,8.04,35419776.0,322736656.0,5048715137.0,0.007015601997510758
2022-11-01,8.06,8.58,8.06,8.57,61679438.0,583089194.0,5048715137.0,0.012216858413733078
2022-11-02,8.56,8.72,8.53,8.63,43123578.0,419723908.0,5048715137.0,0.00854149557457989
2022-11-03,8.57,8.76,8.53,8.67,35658705.0,348420516.0,5048715137.0,0.007062926711525416
2022-11-04,8.73,9.06,8.69,8.91,63185913.0,636303659.0,5048715137.0,0.012515246213226786
2022-11-07,8.88,8.93,8.8,8.86,31934693.0,319964978.0,5048715137.0,0.006325310922369831
2022-11-08,8.9,8.9,8.71,8.81,26126523.0,259263602.0,5048715137.0,0.005174885548310942
2022-11-09,8.82,8.87,8.78,8.8,18644919.0,185790412.0,5048715137.0,0.003693002772796369
2022-11-10,8.72,8.82,8.68,8.78,18248318.0,180344803.0,5048715137.0,0.0036144479347359937
2022-11-11,8.99,9.08,8.86,9.04,55758319.0,566130350.0,5048715137.0,0.011044061209033113
2022-11-14,9.05,9.38,9.05,9.28,64181485.0,671549517.0,5048715137.0,0.012712439355042978
2022-11-15,9.28,9.35,9.19,9.3,32862876.0,344280739.0,5048715137.0,0.006509156311704184
2022-11-16,9.32,9.35,9.19,9.22,23558939.0,246467797.0,5048715137.0,0.004666323680523392
2022-11-17,9.18,9.27,9.07,9.17,29522563.0,305152234.0,5048715137.0,0.005847539858931835
2022-11-18,9.18,9.3,9.13,9.15,21911054.0,227670885.0,5048715137.0,0.00433992677452184
2022-11-21,9.12,9.17,8.99,9.13,22418496.0,229913037.0,5048715137.0,0.004440435911248759
2022-11-22,9.24,9.32,9.11,9.2,34167279.0,355725260.0,5048715137.0,0.006767519670421049
2022-11-23,9.21,9.3,9.16,9.17,26405306.0,274939309.0,5048715137.0,0.005230104151942768
2022-11-24,9.25,9.3,9.17,9.2,17453831.0,181758491.0,5048715137.0,0.003457083738412552
2022-11-25,9.15,9.43,9.14,9.38,45788713.0,483228277.0,5048715137.0,0.009069379388120547
2022-11-28,9.24,9.29,9.09,9.18,32339554.0,334775083.0,5048715137.0,0.00640550182025451
2022-11-29,9.19,9.39,9.19,9.39,38517028.0,405854294.0,5048715137.0,0.007629075310215903
2022-11-30,9.39,9.58,9.36,9.5,45968652.0,492980993.0,5048715137.0,0.009105019941235
2022-12-01,9.62,9.79,9.53,9.54,48760318.0,530773711.0,5048715137.0,0.009657965774827592
2022-12-02,9.49,9.59,9.3,9.35,45288926.0,480529052.0,5048715137.0,0.00897038647874896
2022-12-05,9.38,9.68,9.38,9.62,43595148.0,470490301.0,5048715137.0,0.008634899537212689
2022-12-06,9.66,9.76,9.61,9.69,36980310.0,405178359.0,5048715137.0,0.007324697273765003
2022-12-07,9.65,9.71,9.51,9.58,29740229.0,322755513.0,5048715137.0,0.005890653006355189
2022-12-08,9.59,9.67,9.53,9.6,22380420.0,242996939.0,5048715137.0,0.00443289419044123
2022-12-09,9.6,9.68,9.53,9.66,26254650.0,285208310.0,5048715137.0,0.005200263688396726
2022-12-12,9.66,9.66,9.5,9.53,30262746.0,326578666.0,5048715137.0,0.005994148051296561
2022-12-13,9.55,9.64,9.53,9.6,23104683.0,250276708.0,5048715137.0,0.004576349105275337
2022-12-14,9.59,9.84,9.56,9.68,33273526.0,365409311.0,5048715137.0,0.0065904938379572515
2022-12-15,9.65,9.7,9.52,9.58,26136674.0,283009033.0,5048715137.0,0.005176896158877105
2022-12-16,9.48,9.65,9.48,9.58,20248829.0,218624014.0,5048715137.0,0.004010689541900371
2022-12-19,9.61,9.69,9.35,9.38,30180310.0,323185009.0,5048715137.0,0.005977819936565773
2022-12-20,9.38,9.42,9.26,9.31,22624194.0,238214422.0,5048715137.0,0.004481178554558643
2022-12-21,9.3,9.35,9.21,9.25,17837527.0,186825892.0,5048715137.0,0.0035330824805851983
2022-12-22,9.31,9.41,9.23,9.27,19069039.0,200847729.0,5048715137.0,0.0037770083045982716
2022-12-23,9.21,9.27,9.08,9.13,18535406.0,191965606.0,5048715137.0,0.003671311511350972
2022-12-26,9.14,9.21,9.07,9.11,16051864.0,165587927.0,5048715137.0,0.003179395859030024
2022-12-27,9.11,9.22,9.07,9.18,17021911.0,176192358.0,5048715137.0,0.0033715332590768033
2022-12-28,9.18,9.18,8.98,8.99,25626722.0,261461044.0,5048715137.0,0.0050758898659566025
2022-12-29,8.95,9.01,8.88,8.97,18834634.0,190451746.0,5048715137.0,0.003730579660153244
2022-12-30,9.03,9.13,8.98,9.01,17651697.0,180548245.0,5048715137.0,0.0034962750959422967
2023-01-03,9.01,9.1,8.91,9.09,27079220.0,275388859.0,5048330138.0,0.005363995471724041
2023-01-04,9.1,9.24,9.07,9.2,25143560.0,259982027.0,5048330138.0,0.0049805696760476005
2023-01-05,9.23,9.49,9.22,9.47,50557734.0,536804389.0,5048330138.0,0.010014744008011625
2023-01-06,9.45,9.52,9.37,9.43,22853094.0,243298079.0,5048330138.0,0.004526862026708444
2023-01-09,9.53,9.65,9.48,9.62,33580963.0,364382107.0,5048330138.0,0.006651895197429341
2023-01-10,9.61,9.62,9.47,9.5,26388983.0,284127742.0,5048330138.0,0.005227269667124928
2023-01-11,9.5,9.57,9.43,9.45,17753100.0,190461043.0,5048330138.0,0.003516628175001498
2023-01-12,9.47,9.56,9.45,9.52,18389917.0,197514305.0,5048330138.0,0.003642772262767574
2023-01-13,9.53,9.68,9.51,9.68,32079824.0,348471158.0,5048330138.0,0.006354541625264841
2023-01-16,9.72,9.84,9.65,9.71,36900436.0,406851509.0,5048330138.0,0.007309434009127396
2023-01-17,9.72,9.76,9.63,9.69,21499447.0,235210450.0,5048330138.0,0.004258724451907071
2023-01-18,9.71,9.8,9.65,9.69,19219305.0,210905899.0,5048330138.0,0.003807061835225801
2023-01-19,9.7,9.79,9.61,9.78,25675603.0,281735978.0,5048330138.0,0.005085959574381543
2023-01-20,9.8,9.83,9.74,9.8,22285835.0,246273344.0,5048330138.0,0.00441449635637914
2023-01-30,9.96,10.03,9.86,9.95,47201614.0,530325552.0,5048330138.0,0.00934994596425104
2023-01-31,9.95,10.05,9.9,9.92,33427948.0,375868840.0,5048330138.0,0.0066215851749432475
2023-02-01,9.96,10.18,9.95,10.18,43418171.0,493852095.0,5048330138.0,0.00860050151498234
2023-02-02,10.24,10.31,10.12,10.14,40862680.0,471775453.0,5048330138.0,0.008094296308479658
2023-02-03,10.09,10.33,9.92,10.25,57833369.0,661951146.0,5048330138.0,0.011455940364255155
2023-02-06,10.29,10.6,10.11,10.34,87950933.0,1034913144.0,5048330138.0,0.01742178712481026
2023-02-07,10.34,10.53,10.34,10.47,41290183.0,487008879.0,5048330138.0,0.008178978369342137
2023-02-08,10.51,10.67,10.38,10.55,50346588.0,599616609.0,5048330138.0,0.009972919088834756
2023-02-09,10.53,10.54,10.36,10.41,60768274.0,715547907.0,5048330138.0,0.01203730190753226
2023-02-10,10.36,10.46,10.3,10.4,27471116.0,322655554.0,5048330138.0,0.0054416243092380735
2023-02-13,10.43,11.17,10.41,10.95,147841516.0,1822089531.0,5048330138.0,0.02928523134554161
2023-02-14,10.97,11.08,10.87,10.99,51296804.0,635140803.0,5048330138.0,0.010161142912163483
2023-02-15,10.99,11.2,10.98,11.01,49989450.0,626584413.0,5048330138.0,0.009902175300247767
2023-02-16,11.01,11.04,10.63,10.73,47452463.0,581420245.0,5048330138.0,0.009399635464173361
2023-02-17,10.77,11.03,10.76,10.84,50003240.0,615538758.0,5048330138.0,0.009904906896562397
2023-02-20,11.24,11.61,11.09,11.43,178248754.0,2299563575.0,5048330138.0,0.035308458267869325
2023-02-21,11.42,11.67,11.36,11.49,76224036.0,992269827.0,5048330138.0,0.015098861190999232
2023-02-22,11.4,11.44,11.23,11.36,56501502.0,723656652.0,5048330138.0,0.011192117087331423
2023-02-23,11.35,11.44,11.23,11.23,43420170.0,555229813.0,5048330138.0,0.008600897487501044
2023-02-24,11.24,11.29,11.05,11.09,40766250.0,511992429.0,5048330138.0,0.008075194942807442
2023-02-27,11.06,11.08,10.9,10.94,40626972.0,503781145.0,5048330138.0,0.008047606018114975
2023-02-28,10.96,11.03,10.86,11.01,28952219.0,357933738.0,5048330138.0,0.005735009044291628
2023-03-01,11.03,11.13,10.92,11.04,39635624.0,494143480.0,5048330138.0,0.007851234550144233
2023-03-02,11.02,11.33,11.01,11.14,44860450.0,568183203.0,5048330138.0,0.008886195786270902
2023-03-03,11.15,11.2,10.98,11.07,29077883.0,363345746.0,5048330138.0,0.005759901235682618
2023-03-06,11.1,11.1,10.65,10.78,69241732.0,843709939.0,5048330138.0,0.013715769394477743
2023-03-07,10.75,10.92,10.65,10.66,47032196.0,572197165.0,5048330138.0,0.009316386748556182
2023-03-08,10.63,10.65,10.51,10.6,37264510.0,445028788.0,5048330138.0,0.007381551717369083
2023-03-09,10.64,10.7,10.47,10.53,27067832.0,323278266.0,5048330138.0,0.005361739676304823
2023-03-10,10.47,10.47,10.23,10.27,50458584.0,587917819.0,5048330138.0,0.00999510385031796
2023-03-13,10.25,10.38,10.18,10.3,29323937.0,339955239.0,5048330138.0,0.005808640916581831
2023-03-14,10.3,10.44,10.2,10.32,39189299.0,456967527.0,5048330138.0,0.00776282412772744
2023-03-15,10.39,10.6,10.36,10.49,35094074.0,415464529.0,5048330138.0,0.006951620246829428
2023-03-16,10.42,10.47,10.25,10.3,27560054.0,322343090.0,5048330138.0,0.005459241619827677
2023-03-17,10.49,10.53,10.25,10.32,35841543.0,420977781.0,5048330138.0,0.007099682869432815
2023-03-20,10.32,10.47,10.23,10.23,38038985.0,444445394.0,5048330138.0,0.007534963831638382
2023-03-21,10.27,10.32,10.18,10.28,24551019.0,284161375.0,5048330138.0,0.0048631960131130395
2023-03-22,10.34,10.56,10.28,10.49,44135971.0,521987581.0,5048330138.0,0.00874268714476058
2023-03-23,10.44,10.49,10.38,10.45,26753282.0,315173385.0,5048330138.0,0.005299431944559565
2023-03-24,10.47,10.49,10.06,10.23,81221686.0,937159159.0,5048330138.0,0.016088822200557913
2023-03-27,10.23,10.56,10.14,10.53,66063247.0,779166660.0,5048330138.0,0.013086158233338582
2023-03-28,10.53,10.89,10.53,10.81,65117381.0,792494734.0,5048330138.0,0.01289879608107357
2023-03-29,10.8,10.96,10.77,10.93,51417411.0,632313651.0,5048330138.0,0.01018503338618224
2023-03-30,10.94,10.94,10.67,10.86,46018606.0,560152507.0,5048330138.0,0.009115609467298273
2023-03-31,10.95,11.21,10.92,11.16,62612420.0,787353682.0,5048330138.0,0.012402600124881135
2023-04-03,11.2,11.36,11.15,11.24,51159837.0,649551449.0,5048330138.0,0.010134011762603945
2023-04-04,11.31,11.33,11.16,11.25,40934792.0,520096450.0,5048330138.0,0.008108580635777747
2023-04-06,11.2,11.28,10.98,11.08,44437600.0,557531768.0,5048330138.0,0.008802435416318647
2023-04-07,11.09,11.16,10.98,10.99,27483818.0,343088770.0,5048330138.0,0.005444140388744125
2023-04-10,11.0,11.05,10.8,10.84,32471592.0,399108897.0,5048330138.0,0.006432145107860218
2023-04-11,10.84,10.92,10.8,10.91,31558773.0,387119946.0,5048330138.0,0.006251329080570522
2023-04-12,10.91,10.91,10.74,10.75,37858661.0,462061649.0,5048330138.0,0.007499244297639871
2023-04-13,10.74,10.77,10.38,10.45,56454839.0,672179117.0,5048330138.0,0.011182873832884025
2023-04-14,10.5,10.56,10.42,10.49,31392208.0,371887712.0,5048330138.0,0.00621833500224228
2023-04-17,10.5,10.62,10.45,10.58,32382230.0,385724512.0,5048330138.0,0.006414443809102566
2023-04-18,10.57,10.65,10.53,10.62,25763042.0,308288752.0,5048330138.0,0.005103279955103443
2023-04-19,10.61,10.61,10.29,10.32,45799766.0,537562533.0,5048330138.0,0.00907226047980779
2023-04-20,10.39,10.46,10.31,10.44,29599272.0,347518597.0,5048330138.0,0.005863180733209013
2023-04-21,10.42,10.47,10.07,10.13,48097966.0,555335588.0,5048330138.0,0.009527500120872641
2023-04-24,10.13,10.18,9.95,10.0,32573901.0,369183635.0,5048330138.0,0.0064524110170229125
2023-04-25,10.02,10.07,9.87,9.93,26694746.0,300153204.0,5048330138.0,0.0052878368233214785
2023-04-26,9.91,10.14,9.89,10.04,22831773.0,258964555.0,5048330138.0,0.004522638649984424
2023-04-27,10.02,10.05,9.88,9.94,27019649.0,303242638.0,5048330138.0,0.00535219533219838
2023-04-28,10.03,10.21,10.0,10.2,26848023.0,307653052.0,5048330138.0,0.005318198744156696
2023-05-04,10.55,11.22,10.55,11.22,155177681.0,1936770631.0,5048330138.0,0.030738417805115423
2023-05-05,11.44,11.57,11.22,11.33,144700073.0,1858542367.0,5048330138.0,0.02866295766015927
2023-05-08,11.31,11.55,11.29,11.52,97747178.0,1269137957.0,5048330138.0,0.019362279274137282
2023-05-09,11.5,11.5,11.16,11.17,79701475.0,1020505092.0,5048330138.0,0.015787690745513602
2023-05-10,11.24,11.36,11.01,11.24,76176254.0,963181663.0,5048330138.0,0.015089396279098893
2023-05-11,11.28,11.29,11.09,11.1,34677204.0,437777832.0,5048330138.0,0.006869044426983155
2023-05-12,11.07,11.12,10.78,10.78,50053731.0,616054058.0,5048330138.0,0.009914908421545866
2023-05-15,11.05,11.2,10.8,11.09,53360059.0,660347591.0,5048330138.0,0.010569843401949082
2023-05-16,11.03,11.12,10.91,10.98,33347921.0,414426888.0,5048330138.0,0.006605733002479799
2023-05-17,10.98,11.06,10.84,10.92,32894488.0,405547036.0,5048330138.0,0.006515914589736366
2023-05-18,10.92,10.95,10.8,10.85,31414926.0,385075588.0,5048330138.0,0.0062228351041332
2023-05-19,10.89,10.89,10.69,10.69,31856992.0,387338531.0,5048330138.0,0.006310401881248757
2023-05-22,10.74,10.75,10.58,10.66,29558382.0,355861849.0,5048330138.0,0.005855081025210083
2023-05-23,10.66,10.71,10.56,10.56,25252520.0,303445267.0,5048330138.0,0.005002153050553922
2023-05-24,10.53,10.63,10.32,10.41,34971933.0,414627028.0,5048330138.0,0.006927425909957397
2023-05-25,10.37,10.46,10.23,10.33,30528867.0,356304039.0,5048330138.0,0.006047319839525123
2023-05-26,10.34,10.44,10.24,10.42,23114414.0,270049045.0,5048330138.0,0.004578625677828046
2023-05-29,10.42,10.44,10.2,10.23,31761276.0,368474402.0,5048330138.0,0.006291441948482174
2023-05-30,10.2,10.32,10.02,10.29,27230284.0,314250303.0,5048330138.0,0.005393919029785924
2023-05-31,10.24,10.38,10.16,10.23,38505638.0,446354082.0,5048330138.0,0.007627400932074304
2023-06-01,10.23,10.56,10.22,10.42,43248064.0,509416148.0,5048330138.0,0.008566805818514399
2023-06-02,10.45,10.58,10.45,10.52,27723390.0,329616898.0,5048330138.0,0.00549159608071575
2023-06-05,10.61,10.71,10.46,10.49,30263028.0,360921548.0,5048330138.0,0.005994661040925767
2023-06-06,10.46,10.59,10.3,10.33,28772779.0,339112913.0,5048330138.0,0.005699464617700088
2023-06-07,10.33,10.38,10.21,10.22,19134461.0,221711271.0,5048330138.0,0.0037902554858626008
2023-06-08,10.22,10.38,10.18,10.32,21025482.0,244025438.0,5048330138.0,0.004164838951742898
2023-06-09,10.31,10.46,10.28,10.46,27393028.0,320989710.0,5048330138.0,0.00542615622417521
2023-06-12,10.41,10.6,10.31,10.57,38483020.0,456128964.0,5048330138.0,0.007622920638713585
2023-06-13,10.54,10.66,10.5,10.66,29728926.0,355668216.0,5048330138.0,0.005888863284954998
2023-06-14,10.69,10.77,10.62,10.68,31386009.0,379614202.0,5048330138.0,0.006217107071455159
2023-06-15,10.69,10.87,10.67,10.84,28723794.0,350539317.0,5048330138.0,0.005689761409181438
2023-06-16,10.84,10.95,10.81,10.92,30221564.0,371754676.0,5048330138.0,0.0059864476319634865
2023-06-19,10.91,10.95,10.8,10.83,32511833.0,398302840.0,5048330138.0,0.006440116258498148
2023-06-20,10.84,10.87,10.72,10.73,27640691.0,336753416.0,5048330138.0,0.0054752146243253474
2023-06-21,10.72,10.92,10.68,10.77,32764871.0,399677140.0,5048330138.0,0.0064902393671465546
2023-06-26,10.56,10.71,10.5,10.54,37665915.0,450901971.0,5048330138.0,0.00746106414801987
2023-06-27,10.55,10.99,10.53,10.89,48249441.0,590509588.0,5048330138.0,0.00955750509199365
2023-06-28,10.87,11.04,10.81,10.95,39824821.0,491962912.0,5048330138.0,0.007888711695027422
2023-06-29,10.92,11.05,10.86,11.03,35400457.0,439541499.0,5048330138.0,0.007012310215913221
2023-06-30,10.98,11.13,10.93,11.03,33691064.0,420397020.0,5049622225.0,0.006671996933394359
2023-07-03,11.49,11.51,11.3,11.41,96209923.0,1239168734.0,5049622225.0,0.01905289518960005
2023-07-04,11.41,11.49,11.29,11.35,51951016.0,667025883.0,5049622225.0,0.010288099522138015
2023-07-05,11.34,11.39,11.24,11.27,39034381.0,497984598.0,5049622225.0,0.007730158665483139
2023-07-06,11.26,11.41,11.15,11.25,43754669.0,556371503.0,5049622225.0,0.00866493908858697
2023-07-07,11.2,11.25,11.12,11.2,26419663.0,334000523.0,5049622225.0,0.005232007826090396
2023-07-10,11.22,11.42,11.19,11.27,37210819.0,474082978.0,5049622225.0,0.007369030264437257
2023-07-11,11.26,11.4,11.23,11.38,36961777.0,473480319.0,5049622225.0,0.007319711327514208
2023-07-12,11.4,11.54,11.17,11.21,48157611.0,617355423.0,5049622225.0,0.009536874018333124
2023-07-13,11.18,11.29,11.17,11.21,33805791.0,428193155.0,5049622225.0,0.00669471685082343
2023-07-14,11.18,11.24,11.09,11.17,33317726.0,420087853.0,5049622225.0,0.0065980630857984625
2023-07-17,11.17,11.24,11.1,11.21,25096867.0,317171341.0,5049622225.0,0.004970048427731641
2023-07-18,11.21,11.31,11.17,11.26,32003475.0,406926154.0,5049622225.0,0.00633779589323635
2023-07-19,11.23,11.31,11.2,11.29,22158931.0,281744805.0,5049622225.0,0.004388235399134239
2023-07-20,11.29,11.4,11.13,11.15,26625345.0,338645710.0,5049622225.0,0.005272739982048855
2023-07-21,11.14,11.23,11.05,11.11,22563277.0,283496392.0,5049622225.0,0.004468309904113669
2023-07-24,11.11,11.18,11.06,11.13,18760855.0,235851158.0,5049622225.0,0.0037152987221732215
2023-07-25,11.23,11.44,11.23,11.34,41568912.0,533174732.0,5049622225.0,0.008232083539675089
2023-07-26,11.31,11.37,11.1,11.12,34829222.0,440779073.0,5049622225.0,0.006897391616260957
2023-07-27,11.15,11.26,11.08,11.08,20407588.0,257497596.0,5049622225.0,0.004041408860045961
2023-07-28,11.06,11.5,10.99,11.45,60949012.0,782127081.0,5049622225.0,0.012070014207845023
2023-07-31,11.49,11.72,11.49,11.69,73500995.0,968842619.0,5049622225.0,0.01455574134558155
2023-08-01,11.62,11.69,11.51,11.51,39666221.0,518678085.0,5049622225.0,0.00785528485747268
2023-08-02,11.49,11.61,11.45,11.51,25515421.0,332105126.0,5049622225.0,0.005052936608540058
2023-08-03,11.45,11.51,11.36,11.47,23724587.0,306486577.0,5049622225.0,0.004698289484417817
2023-08-04,11.52,11.64,11.5,11.51,28480134.0,371513363.0,5049622225.0,0.005640052410059249
2023-08-07,11.49,11.54,11.42,11.5,21030293.0,272898568.0,5049622225.0,0.004164726005815217
2023-08-08,11.5,11.53,11.31,11.36,22052576.0,283785472.0,5049622225.0,0.004367173427513184
2023-08-09,11.36,11.42,11.29,11.31,21869636.0,279913729.0,5049622225.0,0.004330944974799575
2023-08-10,11.31,11.4,11.21,11.32,26446261.0,337658733.0,5049622225.0,0.005237275150815861
2023-08-11,11.32,11.32,10.85,10.89,56771974.0,704736867.0,5049622225.0,0.011242816090068995
2023-08-14,10.77,10.89,10.61,10.84,31952743.0,388273245.0,5049622225.0,0.006327749201080086
2023-08-15,10.84,10.92,10.7,10.78,22272820.0,272062454.0,5049622225.0,0.004410789363554816
2023-08-16,10.76,10.82,10.63,10.72,20192304.0,244623384.0,5049622225.0,0.003998775175701386
2023-08-17,10.69,10.86,10.61,10.85,21154280.0,257234780.0,5049622225.0,0.004189279723791615
2023-08-18,10.84,10.93,10.71,10.71,17172712.0,209823935.0,5049622225.0,0.003400791432471961
2023-08-21,10.7,10.82,10.55,10.55,22221918.0,268026177.0,5049622225.0,0.0044007090055137735
2023-08-22,10.61,10.71,10.46,10.59,25867378.0,309144770.0,5049622225.0,0.005122636278003945
2023-08-23,10.6,10.64,10.46,10.46,16980949.0,202040993.0,5049622225.0,0.0033628157203383665
2023-08-24,10.47,10.56,10.42,10.46,19342723.0,229169853.0,5049622225.0,0.0038305287283149185
2023-08-25,10.48,10.54,10.39,10.42,22025084.0,256515470.0,5049622225.0,0.00436172905984071
2023-08-28,10.99,11.03,10.64,10.68,49424231.0,595818260.0,5049622225.0,0.00978770862408425
2023-08-29,10.7,10.77,10.61,10.64,47753998.0,568237507.0,5049622225.0,0.009456944672727473
2023-08-30,10.65,10.69,10.55,10.58,29080197.0,343822173.0,5049622225.0,0.005758885656045289
2023-08-31,10.7,10.84,10.59,10.59,37863174.0,451185964.0,5049622225.0,0.007498219136581054
2023-09-01,10.66,10.86,10.66,10.85,43787273.0,525953616.0,5049622225.0,0.008671395809218184
2023-09-04,10.94,11.32,10.91,11.3,72029187.0,900096216.0,5049622225.0,0.014264272412972437
2023-09-05,11.23,11.33,11.22,11.26,33930540.0,425896887.0,5049622225.0,0.0067194214711774804
2023-09-06,11.21,11.26,11.08,11.12,24880902.0,308627837.0,5049622225.0,0.004927279881813337
2023-09-07,11.12,11.14,10.99,11.01,24170446.0,297730441.0,5049622225.0,0.0047865850004254525
2023-09-08,10.96,11.04,10.78,10.79,30088737.0,364132476.0,5049622225.0,0.005958611488010868
2023-09-11,10.86,11.1,10.86,11.03,29360220.0,359957686.0,5049622225.0,0.005814339903417231
2023-09-12,11.07,11.09,10.99,11.03,21320384.0,262372596.0,5049622225.0,0.004222174065704489
2023-09-13,11.03,11.07,10.86,10.91,19671961.0,239737318.0,5049622225.0,0.0038957292493301317
2023-09-14,10.91,10.95,10.8,10.87,19267940.0,233340065.0,5049622225.0,0.0038157191056010136
2023-09-15,10.93,11.0,10.82,10.86,25679243.0,312002784.0,5049622225.0,0.005085379035458439
2023-09-18,10.86,10.97,10.79,10.95,19461977.0,236803389.0,5049622225.0,0.0038541451484521696
2023-09-19,10.96,11.01,10.83,10.98,20598704.0,251073470.0,5049622225.0,0.004079256443782782
2023-09-20,10.95,11.01,10.88,10.97,16795422.0,205289369.0,5049622225.0,0.003326074952072281
2023-09-21,10.91,10.99,10.82,10.84,22961017.0,278296663.0,5049622225.0,0.0045470761924175426
2023-09-22,10.97,11.2,10.9,11.08,44931239.0,552664060.0,5049622225.0,0.008897940677136496
2023-09-25,11.08,11.36,11.04,11.25,58462580.0,732152645.0,5049622225.0,0.011577614600664508
2023-09-26,11.22,11.51,11.21,11.42,62560521.0,797467362.0,5049622225.0,0.012389148774391732
2023-09-27,11.42,11.43,11.28,11.31,32489185.0,410495492.0,5049622225.0,0.006433983286739831
2023-09-28,11.32,11.39,11.23,11.24,26180805.0,329530315.0,5049622225.0,0.005184705673700175
2023-10-09,11.24,11.47,11.16,11.36,41961001.0,529483812.0,5049622225.0,0.008309730734362015
2023-10-10,11.36,11.41,11.22,11.26,26719142.0,336300539.0,5049622225.0,0.005291315034957888
2023-10-11,11.35,11.46,11.3,11.38,29500000.0,374669692.0,5049622225.0,0.005842021182089517
2023-10-12,11.38,11.52,11.36,11.49,32853191.0,420169713.0,5049622225.0,0.0065060690752960235
2023-10-13,11.47,11.53,11.42,11.5,28370117.0,363487117.0,5049622225.0,0.00561826523567315
2023-10-16,11.66,12.16,11.66,12.03,153529604.0,2046310285.0,5049622225.0,0.03040417622528188
2023-10-17,12.01,12.17,11.9,11.99,72473303.0,970569425.0,5049622225.0,0.01435222275464379
2023-10-18,11.97,12.16,11.93,11.97,70817303.0,951769387.0,5049622225.0,0.014024277429981408
2023-10-19,11.89,12.0,11.8,11.82,64884111.0,859847941.0,5049622225.0,0.01284930002857788
2023-10-20,11.82,11.91,11.67,11.74,48744626.0,638559527.0,5049622225.0,0.009653123308645133
2023-10-23,11.67,11.89,11.56,11.66,45502200.0,594427591.0,5049622225.0,0.00901101071971775
2023-10-24,11.69,11.75,11.54,11.65,64667239.0,838317660.0,5049622225.0,0.012806351865262555
2023-10-25,12.38,12.82,12.28,12.69,217889309.0,3088142664.0,5049622225.0,0.04314962571284231
2023-10-26,12.49,12.71,12.25,12.64,100668645.0,1402060402.0,5049622225.0,0.019935876490245762
2023-10-27,12.81,12.94,12.58,12.67,84872247.0,1186019322.0,5049622225.0,0.01680764287272995
2023-10-30,12.59,12.71,12.51,12.58,56850349.0,786030324.0,5049622225.0,0.011258337053124802
2023-10-31,12.66,12.83,12.52,12.65,61888957.0,857668884.0,5049622225.0,0.012256155855302622
2023-11-01,12.6,12.87,12.53,12.82,80020669.0,1119734935.0,5049622225.0,0.015846862484846576
2023-11-02,12.81,13.17,12.79,12.91,83790168.0,1196381739.0,5049622225.0,0.016593353773113197
2023-11-03,12.91,12.99,12.83,12.85,43328588.0,611991028.0,5049622225.0,0.008580560301221346
2023-11-06,12.88,12.95,12.73,12.87,54917112.0,772550855.0,5049622225.0,0.010875489205531608
2023-11-07,12.88,13.04,12.77,12.94,56092340.0,798368010.0,5049622225.0,0.011108225031626005
2023-11-08,12.88,12.9,12.73,12.88,39297435.0,553166271.0,5049622225.0,0.007782252463450373
2023-11-09,12.88,13.01,12.79,12.89,30579844.0,432982663.0,5049622225.0,0.0060558676743387475
2023-11-10,12.84,12.97,12.73,12.93,37239772.0,525273280.0,5049622225.0,0.007374763960684207
2023-11-13,12.97,12.97,12.72,12.77,47120060.0,660553372.0,5049622225.0,0.009331403004112847
2023-11-14,12.76,12.85,12.72,12.78,26188915.0,367457191.0,5049622225.0,0.0051863117344387085
2023-11-15,12.9,13.15,12.86,13.15,56457288.0,807242843.0,5049622225.0,0.01118049736879079
2023-11-16,13.15,13.23,13.03,13.1,36403512.0,524468251.0,5049622225.0,0.007209155532422032
2023-11-17,13.1,13.34,13.05,13.29,47282451.0,686347811.0,5049622225.0,0.009363562043495244
2023-11-20,13.35,13.54,13.25,13.47,59516247.0,877026892.0,5049622225.0,0.011786277140761752
2023-11-21,13.47,13.81,13.43,13.5,75519722.0,1129387950.0,5049622225.0,0.014955519172525822
2023-11-22,13.45,13.55,13.22,13.25,48078007.0,705348992.0,5049622225.0,0.009521109670733835
2023-11-23,13.25,13.62,13.25,13.6,43661981.0,645309035.0,5049622225.0,0.00864658365606746
2023-11-24,13.58,13.66,13.47,13.56,36942547.0,550352131.0,5049622225.0,0.007315903121841951
2023-11-27,13.61,13.72,13.55,13.66,40098370.0,599527613.0,5049622225.0,0.007940865318890267
2023-11-28,13.68,13.93,13.64,13.92,54617891.0,828362678.0,5049622225.0,0.010816233089595133
2023-11-29,13.89,13.91,13.68,13.76,40189765.0,607294727.0,5049622225.0,0.007958964692650845
2023-11-30,13.67,13.79,13.55,13.58,52575294.0,786077450.0,5049622225.0,0.010411728176358777
2023-12-01,13.58,13.61,12.63,12.67,156498038.0,2226538405.0,5049622225.0,0.030992028913608482
2023-12-04,12.67,12.92,12.63,12.83,73721810.0,1038213810.0,5049622225.0,0.014599470359389112
2023-12-05,12.83,12.95,12.72,12.78,43801633.0,616557831.0,5049622225.0,0.008674239586308854
2023-12-06,12.76,12.99,12.65,12.85,39169085.0,553767749.0,5049622225.0,0.007756834720442874
2023-12-07,12.85,12.96,12.67,12.75,31934296.0,446978330.0,5049622225.0,0.006324096056512425
2023-12-08,12.76,12.83,12.67,12.69,37349909.0,522088219.0,5049622225.0,0.007396574899224268
2023-12-11,12.66,12.78,12.49,12.73,36970571.0,513385868.0,5049622225.0,0.00732145284393032
2023-12-12,12.75,12.85,12.64,12.82,28428905.0,398143063.0,5049622225.0,0.005629907294698665
2023-12-13,12.85,12.88,12.72,12.75,28041047.0,393711740.0,5049622225.0,0.005553097984473482
2023-12-14,12.76,12.83,12.5,12.51,39240365.0,543707398.0,5049622225.0,0.007770950627895733
2023-12-15,12.52,12.57,12.41,12.45,31519558.0,431545694.0,5049622225.0,0.00624196357579997
2023-12-18,12.41,12.45,12.27,12.35,35007514.0,474925012.0,5049622225.0,0.006932699604077808
2023-12-19,12.37,12.37,12.08,12.36,33207649.0,446197504.0,5046475620.0,0.006580364496044073
2023-12-20,12.38,12.45,12.18,12.21,23377212.0,315442365.0,4968205620.0,0.004705363221258946
2023-12-21,12.15,12.35,12.11,12.27,31846218.0,427701843.0,4968205620.0,0.0064100040207273066
2023-12-22,12.29,12.42,12.22,12.28,29160782.0,393871470.0,4968205620.0,0.00586947969355584
2023-12-25,12.25,12.53,12.23,12.52,25973318.0,354259178.0,4968205620.0,0.005227907213711497
2023-12-26,12.48,12.56,12.38,12.46,21787500.0,297775466.0,4968205620.0,0.004385386126591113
2023-12-27,12.48,12.54,12.35,12.45,24051915.0,327931401.0,4968205620.0,0.004841167383084277
2023-12-28,12.45,12.49,12.24,12.32,41091361.0,556294376.0,4968205620.0,0.008270865608819145
2023-12-29,12.32,12.63,12.31,12.44,39151598.0,535339558.0,4968205620.0,0.00788043027897062
2024-01-02,12.46,12.81,12.41,12.65,49713440.0,690350895.0,4971632186.0,0.00999942033925838
2024-01-03,12.6,12.91,12.54,12.77,59944491.0,839756135.0,4971632186.0,0.01205730608326221
2024-01-04,12.77,12.94,12.71,12.87,42834504.0,602671048.0,4971632186.0,0.008615782985841342
2024-01-05,12.9,13.17,12.83,12.9,51504783.0,735846448.0,4971632186.0,0.010359733196883764
2024-01-08,12.98,13.08,12.7,12.74,41252914.0,580715059.0,4971632186.0,0.0082976600956457
2024-01-09,12.74,12.92,12.71,12.85,32360938.0,455705066.0,4971632186.0,0.006509117486834131
2024-01-10,12.78,12.95,12.64,12.79,31266132.0,438715472.0,4971632186.0,0.006288906908287523
2024-01-11,12.79,13.02,12.66,12.85,41243268.0,583670764.0,4971632186.0,0.008295719887754384
2024-01-12,12.9,13.29,12.88,13.16,55806000.0,806078046.0,4971632186.0,0.011224885090483642
2024-01-15,13.1,13.39,13.01,13.28,47192286.0,684590945.0,4971632186.0,0.009492312430692757
2024-01-16,13.22,13.79,13.22,13.64,79100006.0,1180082455.0,4971632186.0,0.015910269110965967
2024-01-17,13.6,13.7,13.42,13.42,41654853.0,618930123.0,4971632186.0,0.008378506583270398
2024-01-18,13.31,13.38,12.9,13.31,67631222.0,973429268.0,4971632186.0,0.013603424281958737
2024-01-19,13.22,13.23,12.98,13.04,45958020.0,660184663.0,4971632186.0,0.009244050702185232
2024-01-22,13.04,13.13,12.73,12.79,59687731.0,850428022.0,4971632186.0,0.012005661072047778
2024-01-23,12.76,12.94,12.55,12.84,45718403.0,639971824.0,4971632186.0,0.009195853854342233
2024-01-24,13.09,13.45,13.04,13.4,75525658.0,1097480194.0,4971632186.0,0.01519132051093371
2024-01-25,13.36,13.81,13.35,13.76,64528835.0,968752110.0,4971632186.0,0.012979406477758288
2024-01-26,13.77,13.91,13.65,13.82,47978254.0,726243533.0,4971632186.0,0.00965040296728017
2024-01-29,13.82,13.97,13.68,13.69,47263484.0,716258728.0,4971632186.0,0.00950663328093596
2024-01-30,13.65,13.83,13.58,13.61,50774919.0,764450598.0,4971632186.0,0.010212927485460608
2024-01-31,13.59,13.79,13.45,13.46,43695166.0,650650874.0,4971632186.0,0.008788897562262261
2024-02-01,13.46,13.91,13.4,13.7,54232795.0,815949970.0,4971632186.0,0.010908448769142312
2024-02-02,13.72,13.86,13.29,13.64,52995100.0,793937852.0,4971632186.0,0.010659497327504026
2024-02-05,13.49,13.88,13.45,13.76,87351749.0,1312878915.0,4971632186.0,0.017570034494100446
2024-02-06,13.67,14.08,13.64,14.04,79339878.0,1214780314.0,4971632186.0,0.01595851724981169
2024-02-07,13.97,14.29,13.91,14.1,96723463.0,1494763778.0,4971632186.0,0.01945507217375634
2024-02-08,14.14,14.38,14.1,14.33,60984151.0,956603968.0,4971632186.0,0.012266424529901858
2024-02-19,14.17,14.4,14.14,14.38,53086884.0,833065001.0,4971632186.0,0.010677958870226045
2024-02-20,14.34,14.89,14.31,14.84,79745650.0,1287705849.0,4971632186.0,0.01604013471160676
2024-02-21,14.88,15.06,14.73,14.75,63770939.0,1041098351.0,4971632186.0,0.012826962376576746
2024-02-22,14.68,15.03,14.62,14.99,50720041.0,829086786.0,4971632186.0,0.010201889259391805
2024-02-23,15.08,15.13,14.82,14.84,33865608.0,553565765.0,4971632186.0,0.0068117685969136576
2024-02-26,15.01,15.51,15.0,15.27,78484560.0,1318478176.0,4971632186.0,0.015786477571894938
2024-02-27,15.26,15.31,15.04,15.2,47716131.0,793896984.0,4971632186.0,0.009597679235879016
2024-02-28,15.2,15.2,14.49,14.56,90495402.0,1454325948.0,4971632186.0,0.018202352590530116
2024-02-29,14.52,15.43,14.48,15.39,81809963.0,1353398577.0,4971632186.0,0.016455353079090393
2024-03-01,15.5,15.53,14.8,14.89,82464578.0,1355640983.0,4971632186.0,0.016587023117321173
2024-03-04,14.87,15.07,14.67,14.79,69505481.0,1130372765.0,4971632186.0,0.013980414962258433
2024-03-05,14.81,15.02,14.64,14.93,59605777.0,970683416.0,4971632186.0,0.011989176747195513
2024-03-06,14.92,15.19,14.89,14.98,48491401.0,799137143.0,4971632186.0,0.009753617964046224
2024-03-07,14.95,15.22,14.94,15.09,45413748.0,752522637.0,4971632186.0,0.009134575185968916
2024-03-08,15.09,15.3,15.05,15.13,36929026.0,613788563.0,4971632186.0,0.0074279481301917855
2024-03-11,15.14,15.27,14.68,14.89,50770651.0,829063578.0,4971632186.0,0.01021206901487382
2024-03-12,14.88,14.92,14.31,14.48,88607828.0,1405957135.0,4971632186.0,0.017822683715323424
2024-03-13,14.58,14.62,14.39,14.54,49484994.0,788647024.0,4971632186.0,0.00995347043961711
2024-03-14,14.54,15.11,14.49,14.96,73109364.0,1201748844.0,4971632186.0,0.01470530426725337
2024-03-15,14.97,15.02,14.77,14.97,31820694.0,520550607.0,4971632186.0,0.006400452167319684
2024-03-18,14.98,15.2,14.97,15.09,34420038.0,568904360.0,4971632186.0,0.006923287305309114
2024-03-19,15.02,15.04,14.62,14.79,55087096.0,891874510.0,4971632186.0,0.011080283886471726
2024-03-20,14.77,14.93,14.64,14.71,37268950.0,603592179.0,4971632186.0,0.007496320847094943
2024-03-21,14.71,14.78,14.53,14.6,33831489.0,543758762.0,4971632186.0,0.0068049058607490475
2024-03-22,14.62,14.69,14.47,14.63,34658054.0,553629256.0,4971632186.0,0.006971162126111475
2024-03-25,14.6,15.03,14.57,14.83,50832905.0,829216644.0,4971632186.0,0.010224590858339093
2024-03-26,14.87,15.11,14.73,15.05,52513767.0,862863145.0,4971632186.0,0.010562681436466185
2024-03-27,15.1,15.11,14.66,14.66,39537131.0,643065057.0,4971632186.0,0.007952545466121898
2024-03-28,14.55,15.04,14.54,14.87,45777005.0,747138349.0,4971632186.0,0.009207641130192007
2024-03-29,14.79,15.29,14.79,15.21,43968597.0,731124435.0,4971632186.0,0.008843895798207787
2024-04-01,15.37,15.69,15.35,15.65,71497998.0,1220459059.0,4971632186.0,0.01438119219706894
2024-04-02,15.68,16.24,15.68,16.21,82866133.0,1462811782.0,4971632186.0,0.016667792366730005
2024-04-03,16.21,16.26,16.06,16.2,43010276.0,762402736.0,4971632186.0,0.008651137974590302
2024-04-08,16.09,16.44,16.05,16.18,42022104.0,750027523.0,4971632186.0,0.008452375885394993
2024-04-09,16.23,16.27,15.77,15.97,48933250.0,854402334.0,4971632186.0,0.009842491996450358
2024-04-10,15.91,16.15,15.85,16.0,25042390.0,439805144.0,4971632186.0,0.00503705605384863
2024-04-11,15.95,16.53,15.87,16.32,52263304.0,935204488.0,4971632186.0,0.01051230301130728
2024-04-12,16.23,16.44,16.21,16.32,33441002.0,599489767.0,4971632186.0,0.006726362841999672
2024-04-15,16.29,16.86,16.23,16.76,71839751.0,1309752160.0,4971632186.0,0.014449932801203408
2024-04-16,16.73,16.88,16.51,16.55,57612129.0,1054661440.0,4971632186.0,0.011588172021702332
2024-04-17,16.64,16.85,16.36,16.85,49704878.0,909448683.0,4971632186.0,0.009997698168413942
2024-04-18,16.81,17.09,16.69,16.76,47246573.0,873651370.0,4971632186.0,0.009503231782319948
2024-04-19,16.68,16.92,16.66,16.85,32992121.0,609030326.0,4971632186.0,0.006636074384767449
2024-04-22,16.95,17.34,16.53,16.55,73531800.0,1361628606.0,4971632186.0,0.014790273545791224
2024-04-23,16.48,16.54,15.89,15.98,75060683.0,1327980610.0,4971632186.0,0.015097794887435383
2024-04-24,15.74,16.24,15.74,16.22,43977873.0,776734156.0,4971632186.0,0.008845761583859857
2024-04-25,16.19,16.31,15.91,15.99,28032204.0,492567155.0,4971632186.0,0.005638430791187254
2024-04-26,16.06,16.19,15.85,16.1,45356819.0,795592566.0,4971632186.0,0.009123124419325255
2024-04-29,16.13,16.25,15.84,16.17,53999838.0,955027636.0,4971632186.0,0.010861591521605778
2024-04-30,16.24,16.32,15.74,15.85,67858870.0,1190299071.0,4971632186.0,0.013649213670932655
2024-05-06,15.86,16.11,15.33,15.78,126310770.0,2161950695.0,4971632186.0,0.02540629822851501
2024-05-07,15.72,16.08,15.69,15.87,45363830.0,791805223.0,4971632186.0,0.009124534620188413
2024-05-08,15.99,16.02,15.66,15.71,27805272.0,481860307.0,4971632186.0,0.0055927854193033415
2024-05-09,15.65,16.44,15.61,16.37,73519562.0,1302081778.0,4971632186.0,0.014787811979942798
2024-05-10,16.28,16.56,16.07,16.22,56429553.0,1008678033.0,4971632186.0,0.011350307281158952
2024-05-13,16.16,16.27,16.02,16.23,42200355.0,748616836.0,4971632186.0,0.008488229503146916
2024-05-14,16.22,16.54,16.02,16.1,56428120.0,1003555495.0,4971632186.0,0.011350019045837757
2024-05-15,16.09,16.69,16.03,16.39,65284558.0,1179363213.0,4971632186.0,0.013131413499140139
2024-05-16,16.39,16.44,15.91,15.91,69303676.0,1219505460.0,4971632186.0,0.013939823664984214
2024-05-17,15.89,16.12,15.5,15.67,51935725.0,893949087.0,4971632186.0,0.010446413382359578
2024-05-20,15.59,15.66,14.62,15.11,168886114.0,2769355533.0,4971632186.0,0.03396995346429274
2024-05-21,15.04,15.37,15.0,15.31,75565300.0,1264534977.0,4971632186.0,0.015199294149874988
2024-05-22,15.2,15.34,14.99,15.08,50168583.0,831712211.0,4971632186.0,0.010090968342604579
2024-05-23,15.02,15.1,14.74,14.8,70681025.0,1153363959.0,4971632186.0,0.014216865277973723
2024-05-24,14.73,14.91,14.59,14.79,51044590.0,829763016.0,4971632186.0,0.010267169430542422
2024-05-27,14.8,15.19,14.71,15.12,80312682.0,1319558373.0,4971632186.0,0.01615418820124277
2024-05-28,15.12,15.17,14.76,14.77,49114142.0,801852570.0,4971632186.0,0.009878876828077563
2024-05-29,14.76,14.77,14.38,14.68,58119416.0,930939563.0,4971632186.0,0.011690208331111646
2024-05-30,14.67,14.9,14.62,14.78,37209684.0,603824568.0,4971632186.0,0.007484400013496896
2024-05-31,14.73,14.84,14.48,14.5,60818800.0,974547564.0,4971632186.0,0.012233165633464261
2024-06-03,14.41,14.63,14.06,14.19,91951547.0,1438810873.0,4971632186.0,0.018495243324502846
2024-06-04,14.14,14.6,13.95,14.49,72658142.0,1142795031.0,4971632186.0,0.014614544938502014
2024-06-05,14.49,14.56,14.33,14.35,35374717.0,560181878.0,4971632186.0,0.007115312572722974
2024-06-06,14.35,14.73,14.33,14.59,48246356.0,773241976.0,4971632186.0,0.009704329321839338
2024-06-07,14.57,14.71,14.41,14.65,50441133.0,806148882.0,4971632186.0,0.01014578937316422
2024-06-11,14.6,14.62,14.15,14.3,55990883.0,879986929.0,4971632186.0,0.01126207267658879
2024-06-12,14.22,14.45,14.17,14.39,32097509.0,505132345.0,4971632186.0,0.00645613106504255
2024-06-13,14.4,14.46,14.05,14.15,38258505.0,594552252.0,4971632186.0,0.0076953611145520896
2024-06-14,14.13,14.73,14.08,14.55,82038464.0,1308513555.0,4971632186.0,0.016501314041496955
2024-06-17,14.45,14.7,14.29,14.35,49207937.0,780482248.0,4971632186.0,0.009897742865726955
2024-06-18,14.35,14.42,13.84,14.39,68298743.0,1057641297.0,4971632186.0,0.013737690248350967
2024-06-19,14.35,14.47,14.14,14.17,45683242.0,716164070.0,4971632186.0,0.009188781529060606
2024-06-20,14.16,14.27,13.87,13.96,38376852.0,590206444.0,4971632186.0,0.007719165570628559
2024-06-21,13.99,14.09,13.78,14.03,44247931.0,678005129.0,4971632186.0,0.008900081370581101
2024-06-24,13.97,14.17,13.72,13.9,47156536.0,717700620.0,4971632186.0,0.009485121633251893
2024-06-25,13.85,14.64,13.85,14.49,96915871.0,1534691044.0,4971632186.0,0.019493773347294845
2024-06-26,14.45,14.7,14.28,14.69,58801628.0,938431525.0,4971632186.0,0.011827429262684397
2024-06-27,14.64,14.95,14.57,14.72,77545924.0,1256741589.0,4971632186.0,0.015597679212546638
2024-06-28,14.74,15.17,14.7,15.08,71975274.0,1168152055.0,4971632186.0,0.014477192058310486
2024-07-01,15.02,15.03,14.35,14.58,95924722.0,1506390576.0,4969162759.0,0.019304000825141818
2024-07-02,14.5,14.55,13.41,13.65,161580520.0,2388235245.0,4969162759.0,0.03251664874678338
2024-07-03,13.55,13.67,13.14,13.2,93547921.0,1342199645.0,4969162759.0,0.018825690672049086
2024-07-04,13.26,13.55,13.16,13.22,70876216.0,1017807171.0,4969162759.0,0.014263210813860162
2024-07-05,13.17,13.24,12.89,13.09,56751968.0,797107316.0,4969162759.0,0.01142083098349164
2024-07-08,13.01,13.02,12.52,12.62,89771174.0,1228388958.0,4969162759.0,0.01806565378391141
2024-07-09,12.72,13.18,12.68,13.18,86712878.0,1215505600.0,4969162759.0,0.017450198797161195
2024-07-10,13.16,13.21,12.91,13.09,53068810.0,746964635.0,4969162759.0,0.010679628052810978
2024-07-11,13.25,13.37,13.08,13.26,58068459.0,827937128.0,4969162759.0,0.011685763138836241
2024-07-12,13.15,13.29,13.02,13.25,36486097.0,518957141.0,4969162759.0,0.007342503912538881
2024-07-15,13.65,13.89,13.55,13.62,72986110.0,1075501201.0,4969162759.0,0.014687808296842304
2024-07-16,13.61,13.78,12.93,12.97,111886230.0,1576614828.0,4969162759.0,0.022516112960348295
2024-07-17,12.9,12.93,12.71,12.82,66321443.0,915790633.0,4969162759.0,0.013346603083161358
2024-07-18,12.77,12.95,12.67,12.85,53363152.0,737324588.0,4969162759.0,0.010738861773716355
2024-07-19,12.78,13.06,12.76,12.9,55018054.0,766329691.0,4969162759.0,0.011071896145955964
2024-07-22,12.81,12.86,12.42,12.52,75701447.0,1023378766.0,4969162759.0,0.015234245821973086
2024-07-23,12.57,12.7,12.23,12.24,56843939.0,759862610.0,4969162759.0,0.011439339332777125
2024-07-24,12.17,12.3,11.91,12.08,67577065.0,878195485.0,4969162759.0,0.013599285891291531
2024-07-25,12.12,12.12,11.84,11.93,44131886.0,566958418.0,4969162759.0,0.008881151240230487
2024-07-26,12.53,13.13,12.44,13.13,149337635.0,2077771176.0,4969162759.0,0.03005287655944135
2024-07-29,13.37,13.45,12.58,12.88,150414215.0,2086082903.0,4969162759.0,0.030269528750607785
2024-07-30,12.8,12.9,12.31,12.39,94619979.0,1274750536.0,4969162759.0,0.019041432850760844
2024-07-31,12.36,12.89,12.3,12.81,99838236.0,1365768563.0,4969162759.0,0.020091560860866543
2024-08-01,12.63,12.84,12.45,12.52,80318417.0,1088524099.0,4969162759.0,0.016163370148125994
2024-08-02,12.4,12.5,12.1,12.16,84632127.0,1115759650.0,4969162759.0,0.01703146608484836
2024-08-05,11.98,12.25,11.94,11.95,67025603.0,872842091.0,4969162759.0,0.013488309047355155
2024-08-06,12.07,12.15,11.88,12.03,58570124.0,758073937.0,4969162759.0,0.011786718777508249
2024-08-07,11.98,12.15,11.91,11.91,52523378.0,679508598.0,4969162759.0,0.010569864692974933
2024-08-08,11.85,11.94,11.63,11.87,61835368.0,785683854.0,4969162759.0,0.012443820216595968
2024-08-09,11.93,12.13,11.74,11.75,51550350.0,661362519.0,4969162759.0,0.010374051424786507
2024-08-12,11.7,11.82,11.63,11.73,36076157.0,455580694.0,4969162759.0,0.007260007117830853
2024-08-13,11.71,12.14,11.71,12.02,74017007.0,956421100.0,4969162759.0,0.014895267188812159
2024-08-14,12.0,12.11,11.89,11.9,34975170.0,450419082.0,4969162759.0,0.0070384432340546725
2024-08-15,11.88,12.19,11.82,12.08,52987967.0,688656073.0,4969162759.0,0.010663359114979634
2024-08-16,12.09,12.12,11.82,11.84,53726295.0,689941675.0,4969162759.0,0.010811941086593014
2024-08-19,11.87,12.09,11.83,12.07,59348040.0,770024629.0,4969162759.0,0.011943267483543499
2024-08-20,12.07,12.1,11.85,11.99,43701590.0,561918336.0,4969162759.0,0.008794557980788409
2024-08-21,11.95,12.2,11.92,12.1,55149033.0,718868733.0,4969162759.0,0.011098254509799605
2024-08-22,12.1,12.12,11.93,12.06,45250301.0,586639462.0,4969162759.0,0.00910622235467011
2024-08-23,12.15,12.46,12.05,12.38,84901648.0,1125073271.0,4969162759.0,0.017085704799310236
2024-08-26,12.42,12.5,12.04,12.12,76208012.0,997624702.0,4969162759.0,0.015336187542252326
2024-08-27,12.09,12.1,11.88,11.93,46650228.0,600617503.0,4969162759.0,0.009387945266133313
2024-08-28,11.88,11.97,11.8,11.89,43304924.0,554138303.0,4969162759.0,0.008714732461030262
2024-08-29,11.85,11.9,11.74,11.78,61175478.0,778652642.0,4969162759.0,0.012311023197861811
2024-08-30,11.75,12.24,11.53,12.03,108317319.0,1397072681.0,4969162759.0,0.02179790122668429
2024-09-02,11.98,11.98,11.69,11.78,70975797.0,902662114.0,4969162759.0,0.014283250608254024
2024-09-03,11.73,11.8,11.64,11.74,53103677.0,671326423.0,4969162759.0,0.010686644727790452
2024-09-04,11.69,11.84,11.49,11.7,56388210.0,708817317.0,4969162759.0,0.011347627907311216
2024-09-05,11.73,11.91,11.71,11.85,47112260.0,600362891.0,4969162759.0,0.009480925114531955
2024-09-06,11.83,11.89,11.6,11.6,45933519.0,579730381.0,4969162759.0,0.009243713926819276
2024-09-09,11.51,11.57,11.23,11.31,63910639.0,780564910.0,4969162759.0,0.012861450127437857
2024-09-10,11.27,11.33,11.09,11.26,51211297.0,617268570.0,4969162759.0,0.01030582001107684
2024-09-11,11.21,11.22,10.98,11.07,58169440.0,693476288.0,4969162759.0,0.011706084670832171
2024-09-12,11.07,11.27,10.9,10.93,49502132.0,588979431.0,4969162759.0,0.00996186569062227
2024-09-13,10.94,11.04,10.81,10.88,37906401.0,446498890.0,4969162759.0,0.007628327514800165
2024-09-18,10.88,11.22,10.83,11.17,49640963.0,591622639.0,4969162759.0,0.009989804199931219
2024-09-19,11.19,11.82,11.05,11.73,95869713.0,1196795863.0,4969162759.0,0.019292930751033183
2024-09-20,11.7,11.73,11.46,11.59,66681427.0,833138426.0,4969162759.0,0.013419046675263066
2024-09-23,11.6,11.79,11.55,11.71,39399987.0,497487817.0,4969162759.0,0.007928898470600488
2024-09-24,11.8,12.07,11.61,12.06,83047726.0,1064497272.0,4969162759.0,0.016712619414525398
2024-09-25,12.27,12.58,12.16,12.19,96420923.0,1284869037.0,4969162759.0,0.019403856882201188
2024-09-26,12.16,12.81,12.14,12.81,90636678.0,1221427057.0,4969162759.0,0.018239828799296528
2024-09-27,13.2,13.69,13.05,13.52,135605698.0,1951706629.0,4969162759.0,0.0272894458436474
2024-09-30,14.09,14.84,13.77,14.73,191336684.0,2961878396.0,4969162759.0,0.03850481324111525
2024-10-08,16.19,16.19,14.42,14.81,249370652.0,4083079718.0,4969162759.0,0.05018363537164229
2024-10-09,14.48,14.48,13.36,13.44,198442994.0,2964034530.0,4969162759.0,0.039934895197503026
2024-10-10,13.46,14.08,13.45,13.79,123097382.0,1832039421.0,4969162759.0,0.024772258018123813
2024-10-11,13.79,13.88,13.15,13.29,94446244.0,1365821077.0,4969162759.0,0.019006470220550086
2024-10-14,13.3,13.55,13.19,13.48,76425584.0,1102436585.0,4969162759.0,0.01537997198050723
2024-10-15,13.44,13.45,12.82,12.85,123005758.0,1730843371.0,4969162759.0,0.02475381949951541
2024-10-16,12.76,12.85,12.62,12.75,89389154.0,1224506106.0,4969162759.0,0.017988775641953166
2024-10-17,12.79,12.97,12.59,12.59,64932831.0,892041547.0,4969162759.0,0.013067157215246287
2024-10-18,12.61,13.08,12.43,12.85,117281274.0,1563309659.0,4969162759.0,0.02360181778863726
2024-10-21,12.86,13.06,12.63,12.91,99238713.0,1333190285.0,4969162759.0,0.01997091216629236
2024-10-22,12.89,13.0,12.8,12.92,100844189.0,1361907496.0,4969162759.0,0.020293999993732142
2024-10-23,12.96,13.12,12.8,13.03,124661029.0,1691533024.0,4969162759.0,0.025086928129737278
2024-10-24,13.03,13.03,12.72,12.72,85485427.0,1147313743.0,4969162759.0,0.017203185153308036
2024-10-25,12.71,12.99,12.68,12.9,87884477.0,1183295727.0,4969162759.0,0.017685972720621043
2024-10-28,12.88,13.12,12.82,13.12,101393111.0,1384545454.0,4969162759.0,0.020404465685161913
2024-10-29,13.15,13.21,12.79,12.81,96825657.0,1314111304.0,4969162759.0,0.01948530601551182
2024-10-30,12.75,12.92,12.71,12.88,69905173.0,940388936.0,4969162759.0,0.01406779700934324
2024-10-31,12.9,12.92,12.67,12.74,112205615.0,1502645355.0,4969162759.0,0.022580386363231213
2024-11-01,12.75,13.0,12.7,12.85,109503655.0,1480072844.0,4969162759.0,0.02203664084088818
2024-11-04,12.85,13.01,12.74,12.88,97325372.0,1308466971.0,4969162759.0,0.019585869233952374
2024-11-05,12.85,13.26,12.72,13.16,156498236.0,2134415873.0,4969162759.0,0.03149388409879613
2024-11-06,13.17,13.32,13.06,13.15,135454365.0,1870899666.0,4969162759.0,0.027258991417551996
2024-11-07,13.08,13.64,12.99,13.64,173524780.0,2441510155.0,4969162759.0,0.03492032529739886
2024-11-08,13.75,13.84,13.41,13.5,142016369.0,2020790872.0,4969162759.0,0.028579536611632244
2024-11-11,13.41,13.56,13.23,13.55,121622495.0,1709531110.0,4969162759.0,0.02447545007048138
2024-11-12,13.54,13.83,13.32,13.38,136642045.0,1942487853.0,4969162759.0,0.02749800149985387
2024-11-13,13.26,13.38,13.12,13.27,107298697.0,1488263326.0,4969162759.0,0.02159291256976113
2024-11-14,13.23,13.33,12.92,12.92,93185757.0,1279529437.0,4969162759.0,0.01875280837425273
2024-11-15,12.91,13.41,12.89,13.28,141867195.0,1967258817.0,4969162759.0,0.028549516665167456
2024-11-18,13.34,13.45,12.99,13.1,106078883.0,1470514026.0,4969162759.0,0.02134743580452725
2024-11-19,13.1,13.24,12.96,13.24,91136484.0,1251841497.0,4969162759.0,0.01834041033068122
2024-11-20,13.18,13.3,13.12,13.28,79198387.0,1095857226.0,4969162759.0,0.015937974029238272
2024-11-21,13.2,13.57,13.18,13.45,131109752.0,1848999990.0,4969162759.0,0.026384676525746296
2024-11-22,13.45,13.45,12.89,12.9,110161951.0,1517713753.0,4969162759.0,0.02216911708123827
2024-11-25,12.9,13.0,12.7,12.78,89133290.0,1195993174.0,4969162759.0,0.01793728527779945
2024-11-26,12.74,12.75,12.49,12.5,83355686.0,1099445657.0,4969162759.0,0.016774593637334308
2024-11-27,12.46,12.68,12.38,12.68,57092408.0,749796221.0,4969162759.0,0.011489341518668497
2024-11-28,12.7,12.73,12.55,12.59,44179340.0,583497002.0,4969162759.0,0.008890700937493683
2024-11-29,12.57,12.88,12.55,12.81,90828684.0,1212261090.0,4969162759.0,0.018278468306455405
2024-12-02,12.77,13.04,12.73,13.01,67279156.0,909746384.0,4969162759.0,0.013539334343224317
2024-12-03,12.98,13.01,12.84,12.92,55350434.0,748162032.0,4969162759.0,0.011138784677509493
2024-12-04,12.89,13.1,12.84,12.96,71926095.0,979285444.0,4969162759.0,0.014474489665231752
2024-12-05,12.91,12.97,12.8,12.88,44614940.0,601658602.0,4969162759.0,0.008978361579965306
2024-12-06,12.86,13.07,12.85,12.98,58489501.0,795283889.0,4969162759.0,0.01177049411272866
2024-12-09,12.99,13.1,12.9,12.95,46038938.0,626673437.0,4969162759.0,0.009264928567013758
2024-12-10,13.25,13.32,12.93,12.96,89440374.0,1228750295.0,4969162759.0,0.017999083213365925
2024-12-11,12.96,13.07,12.92,13.04,45679632.0,623235303.0,4969162759.0,0.009192621416407906
2024-12-12,13.04,13.17,13.0,13.16,59773756.0,820226950.0,4969162759.0,0.012028939058544531
2024-12-13,13.11,13.12,12.81,12.81,83872406.0,1133545111.0,4969162759.0,0.016878578961434257
2024-12-16,12.81,12.87,12.52,12.57,68804655.0,912741137.0,4969162759.0,0.013846327507663752
2024-12-17,12.57,12.82,12.56,12.64,67237312.0,894171094.0,4969162759.0,0.013530913608780832
2024-12-18,12.7,12.81,12.62,12.66,45290441.0,602301306.0,4969162759.0,0.009114300174203652
2024-12-19,12.57,12.69,12.52,12.65,42463668.0,561922040.0,4969162759.0,0.008545437140912937
2024-12-20,12.65,12.68,12.48,12.65,44684222.0,589561238.0,4969162759.0,0.008992303968927012
2024-12-23,12.7,13.44,12.7,13.15,212604572.0,2935190549.0,4969162759.0,0.042784787359789515
2024-12-24,13.06,13.38,13.0,13.14,123231412.0,1695942850.0,4969162759.0,0.024799230368698817
2024-12-25,13.14,13.46,13.14,13.36,152160026.0,2128127361.0,4969162759.0,0.030620857754037594
2024-12-26,13.33,13.35,13.18,13.28,77422610.0,1076985729.0,4969162759.0,0.015580614633677367
2024-12-27,13.51,13.51,13.08,13.25,99277555.0,1374578819.0,4969162759.0,0.019978728774820556
2024-12-30,13.19,13.41,13.17,13.27,73364705.0,1023581744.0,4982146401.0,0.014725521711942162
2024-12-31,13.29,13.41,13.06,13.08,87359222.0,1210662648.0,4976031217.0,0.01755600360816627
2025-01-02,13.1,13.2,12.84,12.91,100826724.0,1375335223.0,4976031217.0,0.020262478188548712
2025-01-03,12.92,13.33,12.89,12.9,120346320.0,1651963129.0,4976031217.0,0.024185201971573565
2025-01-06,12.94,13.21,12.91,13.08,82541429.0,1129357276.0,4976031217.0,0.01658780369343491
2025-01-07,13.02,13.21,12.85,13.12,77527649.0,1059341947.0,4976031217.0,0.015580217570809504
2025-01-08,13.0,14.3,12.99,14.04,334538330.0,4789896054.0,4976031217.0,0.0672299500166098
2025-01-09,14.0,14.09,13.75,13.97,167594210.0,2446962193.0,4976031217.0,0.033680297146737134
2025-01-10,13.94,14.0,13.44,13.46,154216528.0,2195929548.0,4976031217.0,0.030991873096201276
2025-01-13,13.27,13.58,13.17,13.27,100021054.0,1398922918.0,4976031217.0,0.02010056803066073
2025-01-14,13.36,13.96,13.36,13.91,138601413.0,1997621638.0,4976031217.0,0.027853806971002367
2025-01-15,13.84,14.08,13.8,13.87,82496782.0,1203609524.0,4976031217.0,0.016578831281877787
2025-01-16,13.96,14.11,13.87,13.9,84202673.0,1231718064.0,4976031217.0,0.01692165288520134
2025-01-17,13.84,13.94,13.75,13.86,57927960.0,840108405.0,4976031217.0,0.011641398028632986
2025-01-20,13.96,14.08,13.81,13.88,86567724.0,1261291062.0,4976031217.0,0.01739694150315054
2025-01-21,13.95,14.04,13.79,13.88,74552460.0,1085638986.0,4976031217.0,0.01498231356453325
2025-01-22,13.75,13.92,13.63,13.74,57328155.0,824752810.0,4976031217.0,0.011520859194802757
2025-01-23,13.84,13.89,13.53,13.54,76456908.0,1096462155.0,4976031217.0,0.015365037851610407
2025-01-24,13.52,13.75,13.41,13.68,71123297.0,1016736909.0,4976031217.0,0.01429317741356123
2025-01-27,13.7,13.91,13.6,13.75,76413196.0,1102833014.0,4976031217.0,0.01535625334080375
2025-02-05,13.81,13.84,13.33,13.33,84709273.0,1192605443.0,4976031217.0,0.0170234609281793
2025-02-06,13.34,13.39,13.1,13.38,86885158.0,1206403274.0,4976031217.0,0.017460734109377676
2025-02-07,13.33,13.5,13.18,13.47,101270719.0,1419090257.0,4976031217.0,0.02035170491978045
2025-02-10,13.48,13.61,13.36,13.45,80903085.0,1141855500.0,4976031217.0,0.016258556562829537
2025-02-11,13.48,14.11,13.38,13.75,149006454.0,2150438566.0,4976031217.0,0.0299448390699274
2025-02-12,13.67,14.11,13.58,14.11,146569071.0,2142791218.0,4976031217.0,0.029455014369537062
2025-02-13,14.09,14.24,13.9,13.96,95304089.0,1401235069.0,4976031217.0,0.019152630850547175
2025-02-14,13.96,14.2,13.89,14.08,86470968.0,1273246162.0,4976031217.0,0.01737749709137325
2025-02-17,14.16,14.17,13.86,14.05,76055291.0,1115032621.0,4976031217.0,0.015284327546050441
2025-02-18,14.05,14.37,13.85,13.92,112846683.0,1672253955.0,4976031217.0,0.022678049650185706
2025-02-19,13.87,14.12,13.84,14.09,83247066.0,1221609183.0,4976031217.0,0.016729610882583817
2025-02-20,14.09,14.17,13.89,14.1,74472664.0,1094915380.0,4976031217.0,0.014966277491502322
2025-02-21,14.32,15.16,14.32,15.01,262065554.0,4077780419.0,4976031217.0,0.05266557675616768
2025-02-24,14.97,14.98,14.59,14.69,123406633.0,1903829469.0,4976031217.0,0.02480021278371333
2025-02-25,14.59,15.22,14.51,14.89,138640805.0,2168069363.0,4976031217.0,0.027861723320052878
2025-02-26,14.92,15.19,14.9,15.06,102359972.0,1613976858.0,4976031217.0,0.020570604872875337
2025-02-27,15.03,15.35,14.97,15.31,118532748.0,1892718002.0,4976031217.0,0.02382074043166116
2025-02-28,15.27,15.35,14.97,14.98,93063948.0,1473820363.0,4976031217.0,0.018702444567079573
2025-03-03,15.04,15.57,15.0,15.1,103619736.0,1662388650.0,4976031217.0,0.020823771291063425
2025-03-04,14.92,15.27,14.84,15.2,63788655.0,1011572487.0,4976031217.0,0.012819183043320526
2025-03-05,15.42,15.69,15.24,15.35,72234285.0,1166919051.0,4976031217.0,0.01451644530549174
2025-03-06,15.62,15.88,15.45,15.64,96181641.0,1573252217.0,4976031217.0,0.01932898665736003
2025-03-07,15.61,16.01,15.48,15.84,86309332.0,1431064601.0,4976031217.0,0.017345014176184177
2025-03-10,15.84,15.95,15.49,15.62,75805573.0,1246397544.0,4976031217.0,0.015234143375350935
2025-03-11,15.38,15.87,15.38,15.74,77436800.0,1270993845.0,4976031217.0,0.015561960249655725
2025-03-12,15.82,15.86,15.58,15.62,48477752.0,795120197.0,4976031217.0,0.0097422523866775
2025-03-13,15.59,15.64,15.09,15.21,102712589.0,1644050306.0,4976031217.0,0.020641467973330843
2025-03-14,15.21,15.36,15.1,15.28,72200695.0,1154996661.0,4976031217.0,0.014509694945910947
2025-03-17,15.38,15.67,15.23,15.63,74071865.0,1202696502.0,4976031217.0,0.014885731573978588
2025-03-18,15.63,15.68,15.46,15.64,49983270.0,815422224.0,4976031217.0,0.010044806356768481
2025-03-19,16.7,16.9,15.73,16.03,167975230.0,2836644033.0,4976031217.0,0.03375686820977594
2025-03-20,15.87,15.99,15.71,15.85,63055909.0,1047663379.0,4976031217.0,0.012671927938188415
2025-03-21,15.9,15.91,15.43,15.52,58376691.0,954804251.0,4976031217.0,0.011731576522382577
2025-03-24,15.52,15.73,15.39,15.51,50864041.0,827574294.0,4976031217.0,0.01022180906466769
2025-03-25,15.52,15.54,15.2,15.22,52735376.0,844999961.0,4976031217.0,0.010597878851691295
2025-03-26,15.21,15.25,15.06,15.08,46821875.0,742181041.0,4976031217.0,0.009409481765315059
2025-03-27,15.08,15.13,14.99,15.04,33559257.0,529770028.0,4976031217.0,0.006744181363924912
2025-03-28,15.23,15.64,15.23,15.56,91779478.0,1486492126.0,4976031217.0,0.018444313147885142
2025-03-31,15.54,15.84,15.43,15.66,73993689.0,1213848183.0,4976031217.0,0.014870021061606214
2025-04-01,15.59,15.65,15.22,15.23,62073570.0,997300892.0,4976031217.0,0.012474513782777983
2025-04-02,15.24,15.36,15.09,15.25,39139848.0,625576491.0,4976031217.0,0.007865675734967962
2025-04-03,15.08,15.22,14.86,14.93,43290246.0,680772001.0,4976031217.0,0.008699753701726024
2025-04-07,13.97,14.08,13.44,13.79,131192314.0,1887529739.0,4976031217.0,0.02636484947116038
2025-04-08,13.75,14.06,13.68,14.03,87875978.0,1278301312.0,4976031217.0,0.017659852635124658
2025-04-09,13.9,14.3,13.65,14.21,73816411.0,1083905439.0,4976031217.0,0.014834394677391751
2025-04-10,14.51,14.82,14.39,14.59,65464450.0,1003442027.0,4976031217.0,0.013155956453076247
2025-04-11,14.52,14.95,14.46,14.89,54208685.0,839036635.0,4976031217.0,0.010893959992614733
2025-04-14,15.01,15.04,14.63,14.72,55749139.0,860440112.0,4976031217.0,0.011203534818981824
2025-04-15,14.73,14.74,14.51,14.69,38846030.0,595149148.0,4990740366.0,0.007783620695767527
2025-04-16,14.6,14.68,14.44,14.65,45740292.0,696558821.0,4981744841.0,0.009181580642901498
2025-04-17,14.59,14.59,14.4,14.45,31178800.0,472838436.0,4981744841.0,0.006258610385541422
2025-04-18,14.43,14.65,14.34,14.6,23676029.0,360276044.0,4981744841.0,0.004752557538705142
2025-04-21,14.56,14.76,14.54,14.68,25284370.0,387762693.0,4981744841.0,0.005075404463092613
2025-04-22,14.64,14.84,14.54,14.54,27970525.0,429014762.0,4981744841.0,0.005614604098106597
2025-04-23,14.62,14.78,14.52,14.59,30728893.0,471542954.0,4981744841.0,0.006168299256738268
2025-04-24,14.65,14.72,14.52,14.62,21814089.0,333842089.0,4981744841.0,0.004378804956140868
2025-04-25,14.62,14.66,14.49,14.5,26029083.0,396853770.0,4981744841.0,0.0052248928499467485
2025-04-28,14.47,14.61,14.43,14.46,27830041.0,423348242.0,4981744841.0,0.005586404339892606
2025-04-29,14.52,14.67,14.45,14.61,27599723.0,422297338.0,4981744841.0,0.00554017194394481
2025-04-30,14.64,14.71,14.19,14.51,50012414.0,755575199.0,4981744841.0,0.010039136004798043
2025-05-06,14.6,14.8,14.56,14.8,46626605.0,719118590.0,4981744841.0,0.009359492805866088
2025-05-07,14.89,14.94,14.31,14.31,78955077.0,1201210867.0,4981744841.0,0.01584888016547855
2025-05-08,14.32,14.39,14.25,14.32,37176213.0,557678768.0,4981744841.0,0.007462488382391241
2025-05-09,14.31,14.43,14.25,14.32,37616970.0,564051764.0,4981744841.0,0.0075509628053228505
2025-05-12,14.37,14.87,14.37,14.59,85270403.0,1307852254.0,4981744841.0,0.017116573755086868
2025-05-13,14.76,14.78,14.54,14.57,46748899.0,717172598.0,4981744841.0,0.009384041232954027
2025-05-14,14.58,14.63,14.47,14.59,28656472.0,436728634.0,4981744841.0,0.00575229621640913
2025-05-15,14.57,14.59,14.24,14.25,44037511.0,662250047.0,4981744841.0,0.008839776505125104
2025-05-16,14.25,14.38,14.18,14.2,37873870.0,565812713.0,4981744841.0,0.0076025310827435855
2025-05-19,14.21,14.27,14.09,14.21,31899930.0,474071426.0,4981744841.0,0.006403364888836144
2025-05-20,14.25,14.29,14.14,14.23,29789910.0,443888861.0,4981744841.0,0.005979814492871575
2025-05-21,14.25,14.67,14.24,14.58,66448425.0,1010883430.0,4981744841.0,0.013338383863646781
2025-05-22,14.52,14.65,14.51,14.58,34976236.0,534383977.0,4981744841.0,0.007020880658548365
2025-05-23,14.59,14.7,14.51,14.52,45124971.0,690764725.0,4981744841.0,0.009058065485132702
2025-05-26,14.51,14.57,14.2,14.31,50232860.0,752255665.0,4981744841.0,0.010083386765733391
2025-05-27,14.31,14.37,14.0,14.07,46181364.0,685100152.0,4981744841.0,0.00927011829669098
2025-05-28,14.13,14.45,14.11,14.33,47567590.0,713291559.0,4981744841.0,0.009548379436962818
2025-05-29,14.31,14.54,14.25,14.51,44487158.0,672936437.0,4981744841.0,0.008930035443378904
2025-05-30,14.51,14.59,14.32,14.36,33449445.0,504834328.0,4981744841.0,0.006714403500699084
2025-06-03,14.39,14.45,14.23,14.42,41115068.0,617687174.0,4981744841.0,0.008253146098856972
2025-06-04,14.45,14.55,14.25,14.42,44967356.0,678024923.0,4981744841.0,0.009026426971914839
2025-06-05,14.42,14.42,14.14,14.32,54869958.0,819126873.0,4981744841.0,0.0110142048120204
2025-06-06,14.3,14.59,14.28,14.52,52397202.0,794089674.0,4981744841.0,0.010517841373321351
2025-06-09,14.56,14.83,14.52,14.7,43422770.0,670165563.0,4981744841.0,0.008716377772427947
2025-06-10,14.7,14.77,14.49,14.56,34972883.0,535230864.0,4981744841.0,0.007020207601194563
2025-06-11,14.57,14.72,14.57,14.6,28953779.0,444421870.0,4981744841.0,0.005811975507398332
2025-06-12,14.59,14.88,14.51,14.82,49170315.0,761313606.0,4981744841.0,0.009870099045484212
2025-06-13,14.81,14.82,14.68,14.78,36912143.0,570293350.0,4981744841.0,0.007409480850205591
2025-06-16,14.7,14.75,14.52,14.63,42093981.0,643661157.0,4981744841.0,0.008449646126707355
2025-06-17,14.69,14.93,14.63,14.7,45371736.0,702261647.0,4981744841.0,0.009107599334792988
2025-06-18,14.75,14.81,14.57,14.8,32556959.0,502990486.0,4981744841.0,0.0065352522136530675
2025-06-19,14.75,14.77,14.51,14.55,38178349.0,583648692.0,4981744841.0,0.007663650029963468
2025-06-20,14.5,14.62,14.5,14.58,30820982.0,470134245.0,4981744841.0,0.006186784547121288
2025-06-23,14.49,14.64,14.36,14.59,37140231.0,564052835.0,4981744841.0,0.007455265611826224
2025-06-24,14.63,14.93,14.62,14.89,49656874.0,770818279.0,4981744841.0,0.009967767435883415
2025-06-25,14.94,15.12,14.87,15.06,42285458.0,666233805.0,4981744841.0,0.008488081856780107
2025-06-26,15.06,15.16,14.85,14.87,41517224.0,649853061.0,4981744841.0,0.008333872031805252
2025-06-27,14.88,14.94,14.65,14.7,46047619.0,713336634.0,4981744841.0,0.009243271277369703
2025-06-30,14.67,14.84,14.65,14.68,45474532.0,699965002.0,4985165772.0,0.009121969876190508
2025-07-01,14.69,14.77,14.66,14.71,33366520.0,514394775.0,4985165772.0,0.006693161576974737
2025-07-02,14.71,14.78,14.61,14.64,35668668.0,548672310.0,4985165772.0,0.007154961265348269
2025-07-03,14.63,14.68,14.56,14.66,34943326.0,535446257.0,4985165772.0,0.0070094611890872145
2025-07-04,14.66,14.67,14.54,14.59,32759897.0,500559566.0,4985165772.0,0.006571475954521177
2025-07-07,14.59,14.59,14.38,14.39,43395618.0,656501457.0,4985165772.0,0.008704949842137367
2025-07-08,14.39,14.61,14.38,14.61,39417492.0,600785121.0,4985165772.0,0.00790695712094366
2025-07-09,14.6,14.62,14.45,14.47,46278225.0,703028779.0,4985165772.0,0.009283186781857734
2025-07-10,14.43,14.54,14.42,14.5,29377310.0,445951665.0,4985165772.0,0.005892945459306985
2025-07-11,14.51,14.74,14.51,14.62,47065230.0,721851009.0,4985165772.0,0.00944105615591553
2025-07-14,14.61,14.74,14.58,14.64,39066906.0,600165349.0,4985165772.0,0.007836631275017106
2025-07-15,14.7,14.7,14.49,14.58,31493693.0,481014036.0,4985165772.0,0.006317481592465687
2025-07-16,14.61,14.78,14.59,14.74,47623812.0,734001564.0,4985165772.0,0.009553104987498498
2025-07-17,14.74,14.83,14.67,14.83,46056615.0,712525953.0,4985165772.0,0.009238732894036247
2025-07-18,14.83,14.91,14.76,14.89,41057976.0,638811765.0,4985165772.0,0.00823603023004949
2025-07-21,14.94,15.2,14.93,15.17,54259775.0,859601880.0,4985165772.0,0.01088424687996514
2025-07-22,15.16,15.62,15.1,15.59,73686720.0,1190024917.0,4985165772.0,0.014781197530857155
2025-07-23,15.56,15.62,15.3,15.37,48675256.0,786421598.0,4985165772.0,0.009764019538405833
2025-07-24,15.38,15.42,15.25,15.35,43436294.0,696571603.0,4985165772.0,0.008713109249840208
2025-07-25,15.41,15.43,15.22,15.24,44923567.0,705384431.0,4985165772.0,0.00901144897774926
2025-07-28,15.24,15.32,15.1,15.26,46706680.0,727934736.0,4985165772.0,0.009369132770335485
2025-07-29,15.2,15.2,14.79,14.96,66021372.0,1010388467.0,4985165772.0,0.013243566015561578
2025-07-30,14.97,15.17,14.94,15.03,46164088.0,713163853.0,4985165772.0,0.00926029145495786
2025-07-31,15.02,15.02,14.74,14.76,52185916.0,793217239.0,4985165772.0,0.010468240854318375
2025-08-01,14.84,14.9,14.71,14.77,29498479.0,447825827.0,4985165772.0,0.005917251371194723
2025-08-04,14.77,14.81,14.72,14.79,32572309.0,492675697.0,4985165772.0,0.00653384671437562
2025-08-05,14.85,14.93,14.83,14.89,28431143.0,433804920.0,4985165772.0,0.005703148962405257
2025-08-06,14.89,14.9,14.73,14.87,37385599.0,568255952.0,4985165772.0,0.007499369270723622
2025-08-07,14.89,14.93,14.75,14.79,36013497.0,546948989.0,4985165772.0,0.007224132285083819
2025-08-08,14.8,14.97,14.78,14.92,42068107.0,642139345.0,4985166147.0,0.008438656959370546
2025-08-11,14.92,14.94,14.79,14.86,42452832.0,646315444.0,4985166147.0,0.00851583091679853
2025-08-12,14.85,14.87,14.78,14.84,39101856.0,593643526.0,4985166147.0,0.007843641484954504
2025-08-13,14.86,14.88,14.75,14.8,56263275.0,854038024.0,4985166147.0,0.01128613838354383
2025-08-14,15.11,15.59,15.11,15.18,207651706.0,3271055829.0,4985166147.0,0.04165391882173511
2025-08-15,15.09,15.22,15.05,15.1,79995093.0,1240417941.0,4985166147.0,0.016046625256038834
2025-08-18,15.17,15.2,14.97,15.01,91305418.0,1408839381.0,4985166147.0,0.01831542125330091
2025-08-19,15.02,15.09,14.85,14.89,73006639.0,1117721094.0,4985166147.0,0.01464477548936545
2025-08-20,14.87,15.04,14.81,15.04,60931670.0,932920752.0,4985166147.0,0.012222595637392706
2025-08-21,15.04,15.23,15.0,15.16,77641301.0,1204602340.0,4985166147.0,0.015574466068041363
2025-08-22,15.16,15.25,15.05,15.21,62221569.0,965186492.0,4985166147.0,0.012481343081703311
2025-08-25,15.18,15.38,15.17,15.38,83491365.0,1307654555.0,4985166147.0,0.01674796035639532
2025-08-26,15.34,15.39,15.23,15.31,68276816.0,1071164197.0,4985166147.0,0.01369599607850342
2025-08-27,15.32,15.36,14.86,14.87,94359889.0,1460875894.0,4985166147.0,0.018928133229177205
2025-08-28,14.88,14.97,14.57,14.81,83954967.0,1272887213.0,4985166147.0,0.016840956655080168
2025-08-29,14.82,15.03,14.75,14.77,135994513.0,2078629985.0,4985166147.0,0.02727983561427326
2025-09-01,14.69,14.8,14.35,14.45,160490991.0,2391939790.0,4985166147.0,0.03219370955100085
2025-09-02,14.52,14.66,14.4,14.54,82265167.0,1224478009.0,4985166147.0,0.016501991021804954
2025-09-03,14.54,14.92,14.49,14.5,106762292.0,1608740720.0,4985166147.0,0.021415994743574994
2025-09-04,14.51,14.54,14.19,14.34,89249340.0,1311501831.0,4985166147.0,0.017902982040770888
2025-09-05,14.34,14.56,14.25,14.53,86505468.0,1284465368.0,4985166147.0,0.01735257470847942
2025-09-08,14.53,14.56,14.28,14.3,101544642.0,1494329051.0,4985166147.0,0.020369359617253294
2025-09-09,14.3,14.47,14.2,14.28,86645234.0,1273092746.0,4985166147.0,0.01738061108597992
2025-09-10,14.39,14.39,14.16,14.19,57045642.0,832673408.0,4985166147.0,0.011443077385561008
2025-09-11,14.17,14.28,14.13,14.26,68090689.0,990442626.0,4985166147.0,0.01365865991065834
2025-09-12,14.26,14.36,13.97,14.0,129499630.0,1871954069.0,4985166147.0,0.02597699378142712
2025-09-15,14.02,14.08,13.84,13.89,102512272.0,1465650616.0,4985166147.0,0.02056346147293213
2025-09-16,13.86,13.92,13.68,13.79,112823658.0,1590813868.0,4985166147.0,0.022631875181912568
2025-09-17,13.79,14.16,13.79,13.93,131501932.0,1876387831.0,4985166147.0,0.02637864579079996
2025-09-18,13.93,14.01,13.75,13.82,95724194.0,1363723041.0,4985166147.0,0.019201806153964482
2025-09-19,13.77,13.97,13.75,13.85,61134730.0,869287557.0,4985166147.0,0.012263328482399726
2025-09-22,13.85,13.9,13.68,13.73,57695056.0,812534511.0,4985166147.0,0.011573346664628227
2025-09-23,13.75,13.92,13.67,13.79,73490746.0,1037030843.0,4985166147.0,0.014741884990979821
2025-09-24,13.78,13.82,13.67,13.81,67229839.0,946463883.0,4985166147.0,0.013485977601861461
2025-09-25,13.76,13.8,13.47,13.48,115480780.0,1608375739.0,4985166147.0,0.023164880887569742
2025-09-26,13.47,13.59,13.37,13.43,80187656.0,1106429609.0,4985166147.0,0.016085252454074325
2025-09-29,13.44,13.61,13.32,13.59,75892651.0,1046368563.0,4985166147.0,0.015223695411971593
2025-09-30,13.58,13.73,13.47,13.68,77610426.0,1082772162.0,4985166147.0,0.015568272693720513
2025-10-09,13.72,14.04,13.68,14.02,116596687.0,1657972152.0,4985166147.0,0.023388726385812873
2025-10-10,14.02,14.07,13.94,13.96,68120297.0,977397128.0,4985166147.0,0.013664599130962525
2025-10-13,13.73,13.95,13.66,13.93,73511758.0,1041548759.0,4985166147.0,0.014746099895635034
2025-10-14,13.99,14.4,13.99,14.19,120658622.0,1759763338.0,4985166147.0,0.02420353072336628
2025-10-15,14.25,14.39,14.18,14.36,92104690.0,1350795013.0,4985166147.0,0.018475751315816677
2025-10-16,14.38,14.4,14.2,14.29,67350183.0,987473536.0,4985166147.0,0.013510118020947075
2025-10-17,14.3,14.31,14.02,14.05,57644679.0,835993451.0,4985166147.0,0.011563241284282917
2025-10-20,14.15,14.18,13.99,14.08,42803813.0,617312195.0,4985166147.0,0.008586235992507232
2025-10-21,14.11,14.34,14.06,14.22,55668018.0,810573783.0,4985166147.0,0.0111667327343744
2025-10-22,14.2,14.32,14.16,14.27,47534106.0,695486725.0,4985166147.0,0.009535109683075523
2025-10-23,14.24,14.26,14.05,14.18,43913999.0,635934749.0,4985166147.0,0.008808933886070538
2025-10-24,14.23,14.37,14.16,14.2,43202891.0,615025787.0,4985166147.0,0.00866628909168832
2025-10-27,14.21,14.26,14.14,14.17,62429585.0,885622129.0,4985166147.0,0.012523070076123584
2025-10-28,14.17,14.27,13.99,14.13,69766787.0,984427620.0,4985166147.0,0.013994876989603371
2025-10-29,14.14,14.2,14.03,14.2,40476095.0,570789653.0,4985166147.0,0.008119307121660915
2025-10-30,14.19,14.54,14.15,14.44,112625417.0,1624885132.0,4985166147.0,0.0225921090047874
2025-10-31,14.66,15.16,14.62,14.96,203588214.0,3047590819.0,4985166147.0,0.040838802157580324
2025-11-03,15.05,15.49,14.92,15.46,185335243.0,2831476234.0,4985166147.0,0.03717734525488825
2025-11-04,15.52,16.21,15.52,15.77,245771979.0,3896368320.0,4985166147.0,0.04930065954730556
2025-11-05,15.63,16.46,15.48,16.39,215549796.0,3471714131.0,4985166147.0,0.043238237130715236
2025-11-06,17.9,18.03,17.6,18.03,168496141.0,3031832221.0,4985166147.0,0.033799503573496446
2025-11-07,18.01,18.55,17.51,18.27,561996963.0,10108415394.0,4985166147.0,0.11273384806606727
2025-11-10,18.63,18.81,17.83,18.32,294171210.0,5350989027.0,4985166147.0,0.05900930908331469
2025-11-11,18.72,18.9,18.25,18.3,210076907.0,3883877078.0,4985166147.0,0.042140402306635495
2025-11-12,17.97,18.13,17.65,17.9,205831058.0,3679717398.0,4985166147.0,0.041288705718236916
2025-11-13,17.9,18.38,17.78,18.0,153910280.0,2775562630.0,4985166147.0,0.030873651040220787
2025-11-14,17.66,17.89,16.99,17.03,195677763.0,3376809953.0,4985166147.0,0.039252004292325546
2025-11-17,17.2,18.21,17.2,17.7,176113330.0,3142643283.0,4985166147.0,0.035327474512756696
2025-11-18,17.6,17.85,17.3,17.42,93852303.0,1641293328.0,4985166147.0,0.018826313954747313
2025-11-19,17.42,17.48,17.05,17.2,64177055.0,1103181737.0,4985166147.0,0.012873604029952104
2025-11-20,17.71,17.82,17.1,17.15,71805976.0,1250113774.0,4985166147.0,0.014403928351156718
2025-11-21,16.7,17.05,16.6,16.66,92638664.0,1556980742.0,4985166147.0,0.01858286389426531
2025-11-24,16.75,16.85,16.4,16.6,71481500.0,1183211212.0,4985166147.0,0.01433884004909576
2025-11-25,16.69,17.03,16.55,16.87,93348890.0,1570220228.0,4985166147.0,0.018725331763751945
2025-11-26,16.97,17.11,16.7,16.9,67344410.0,1139413422.0,4985166147.0,0.013508959985321027
2025-11-27,17.01,17.27,16.97,16.98,60231227.0,1029747975.0,4985166147.0,0.012082090189962128
2025-11-28,16.99,17.6,16.96,17.31,91472436.0,1583636218.0,4985166147.0,0.01834892424900357
2025-12-01,17.49,17.6,17.03,17.37,83080276.0,1436198852.0,4985166147.0,0.01666549790923147
2025-12-02,17.32,17.37,16.99,17.11,48393634.0,828747589.0,4985166147.0,0.009707526805124154
2025-12-03,17.11,17.25,17.02,17.08,51128808.0,874238760.0,4985166147.0,0.01025618936106444
2025-12-04,17.19,17.45,17.15,17.34,50970204.0,882139511.0,4985166147.0,0.010224374172698962
2025-12-05,17.37,17.87,17.27,17.7,84659259.0,1496494106.0,4985166147.0,0.016982234193126482
2025-12-08,17.72,17.72,17.22,17.44,75338221.0,1310597741.0,4985166147.0,0.015112479459754302
2025-12-09,17.43,17.53,17.17,17.22,52479570.0,908102253.0,4985166147.0,0.010527145626145568
2025-12-10,17.23,17.5,17.06,17.49,50320256.0,871589012.0,4985166147.0,0.010093997775837821
2025-12-11,17.75,18.0,17.48,17.5,71489818.0,1269563941.0,4985166147.0,0.014340508599301454
2025-12-12,17.63,18.02,17.5,17.98,96318113.0,1720219584.0,4985166147.0,0.019320943406863748
2025-12-15,17.75,18.07,17.7,17.85,69670100.0,1246049916.0,4985166147.0,0.013975482049264586
2025-12-16,17.81,17.81,17.2,17.47,71983497.0,1254439488.0,4985166147.0,0.014439538197401628
2025-12-17,17.53,17.65,17.29,17.57,56378239.0,985405406.0,4985166147.0,0.01130919960088544
2025-12-18,17.33,17.43,17.0,17.19,63700679.0,1091697617.0,4985166147.0,0.012778045329208162
2025-12-19,17.17,17.7,17.15,17.52,58587928.0,1027564308.0,4985166147.0,0.011752452430348255
2025-12-22,17.59,17.8,17.4,17.76,57542345.0,1013681869.0,4985166147.0,0.011542713583303164
2025-12-23,17.6,17.79,17.44,17.69,41124874.0,725794111.0,4985166147.0,0.008249449022827123
2025-12-24,17.6,17.88,17.48,17.55,39894224.0,701743221.0,4985166147.0,0.008002586638763838
2025-12-25,17.43,17.54,17.27,17.31,46291853.0,803060390.0,4985166147.0,0.009285919793838318
2025-12-26,17.22,17.67,17.2,17.55,46069346.0,806358192.0,5007115947.0,0.009200774754897043
2025-12-29,17.53,17.58,17.21,17.33,52482166.0,911780735.0,5007115947.0,0.010481516017507953
2025-12-30,17.21,17.58,17.15,17.36,55742274.0,969129130.0,5007115947.0,0.01113261098605033
2025-12-31,17.46,17.52,17.15,17.2,44239638.0,763967045.0,5006920947.0,0.008835697321426073
2026-01-05,17.23,17.78,17.23,17.4,71068328.0,1240767914.0,5006920947.0,0.01419401839020088
2026-01-06,17.42,17.74,17.27,17.66,67153505.0,1177779838.0,5006920947.0,0.013412136063429643
2026-01-07,17.65,17.94,17.55,17.82,64779542.0,1153096732.0,5006920947.0,0.012937999757877943
2026-01-08,17.76,17.76,17.42,17.58,55932815.0,981175655.0,5006920947.0,0.011171100081680598
2026-01-09,18.05,18.62,18.01,18.34,125197059.0,2289394006.0,5006920947.0,0.025004800420309094
2026-01-12,18.67,19.1,18.44,18.84,151140055.0,2838312332.0,5006920947.0,0.030186227543807873
2026-01-13,18.83,19.13,18.55,19.0,116591626.0,2201390718.0,5006920947.0,0.02328609283712743
2026-01-14,18.96,19.85,18.96,19.39,166396441.0,3239556283.0,5006920947.0,0.03323328703635712
2026-01-15,19.36,20.43,19.22,20.2,148676100.0,2985068479.0,5006920947.0,0.029694117717013756
2026-01-16,20.2,21.51,20.12,20.94,215734437.0,4514968075.0,5006920947.0,0.04308724649013317
2026-01-19,21.0,22.88,20.8,22.55,236961862.0,5247015395.0,5006920947.0,0.047326863057820114
2026-01-20,22.1,22.19,21.41,21.6,169604256.0,3681440026.0,5006920947.0,0.033873963219176025
2026-01-21,21.7,22.87,21.15,22.56,188556077.0,4177761760.0,5006920947.0,0.03765908808945291
2026-01-22,22.59,23.0,22.12,22.36,147431788.0,3311618648.0,5006920947.0,0.029445599313553533
2026-01-23,22.59,23.88,22.58,23.5,201800195.0,4747787994.0,5006920947.0,0.04030425028398196
2026-01-26,24.12,25.72,24.0,24.32,278482676.0,6929731695.0,5006920947.0,0.05561954721231591
2026-01-27,24.05,24.92,23.9,24.01,151076675.0,3661474754.0,5006920947.0,0.03017356906553931
2026-01-28,24.2,24.45,23.6,23.75,142137857.0,3398898815.0,5006920947.0,0.028388276648379045
2026-01-29,24.0,24.08,22.88,23.23,159071076.0,3683388238.0,5006920947.0,0.03177023917170307
2026-01-30,23.07,23.92,22.79,23.74,118938464.0,2784211048.0,5006920947.0,0.0237548116415268
2026-02-02,23.5,23.7,22.47,22.57,116304117.0,2664191726.0,5006920947.0,0.023228670520489447
2026-02-03,23.2,24.42,23.02,24.31,128082007.0,3045542745.0,5006920947.0,0.02558099246139346
2026-02-04,24.43,25.28,24.31,25.19,143297057.0,3580214293.0,5006920947.0,0.028619796181495412
2026-02-05,25.1,25.17,24.3,24.43,95564894.0,2354299137.0,5006920947.0,0.019086559386814302
2026-02-06,23.88,24.23,23.43,23.78,91758125.0,2188921677.0,5006920947.0,0.018326257987951414
2026-02-09,24.52,25.86,24.52,25.74,134067071.0,3401969242.0,5006920947.0,0.026776350659246786
2026-02-10,25.82,26.21,25.3,25.89,96451224.0,2487122410.0,5006920947.0,0.01926358035626481
2026-02-11,25.64,26.44,25.58,25.97,87149540.0,2270345421.0,5006920947.0,0.01740581505530209
2026-02-12,26.39,28.29,26.13,28.07,159979706.0,4393014360.0,5006920947.0,0.031951713976202306
2026-02-13,27.41,27.68,26.7,26.79,120822952.0,3271019282.0,5006920947.0,0.02413118826499419
2026-02-24,27.28,29.15,27.03,29.1,187576447.0,5317996489.0,5006920947.0,0.037463432913273836
2026-02-25,29.39,30.19,28.28,28.52,209335944.0,6082965018.0,5006920947.0,0.04180931678688236
2026-02-26,28.37,29.72,27.9,29.22,172914574.0,4996212726.0,5006920947.0,0.03453511166450617
2026-02-27,28.1,28.51,27.48,27.86,150610788.0,4208555795.0,5006920947.0,0.03008052046242942
2026-03-02,27.5,28.31,27.41,27.72,123169169.0,3425918830.0,5006920947.0,0.024599783041072246
2026-03-03,27.63,28.05,26.4,26.46,189439531.0,5081710210.0,5006920947.0,0.03783553465398862
2026-03-04,26.18,27.12,25.92,26.42,115750678.0,3068207963.0,5006920947.0,0.023118135721586417
2026-03-05,27.39,28.29,27.2,27.91,156969503.0,4375001856.0,5006920947.0,0.03135050556251572
2026-03-06,27.45,28.89,26.93,28.16,161909957.0,4538183867.0,5006920947.0,0.03233723054824976
2026-03-09,26.7,26.95,25.41,26.66,167652782.0,4391240789.0,5006920947.0,0.03348420791433758
2026-03-10,27.4,28.35,27.25,27.82,148598944.0,4150709023.0,5006920947.0,0.02967870784719222
2026-03-11,27.68,27.82,25.8,26.56,168873628.0,4498324887.0,5006920947.0,0.03372803960509584
2026-03-12,26.41,26.55,24.83,25.2,200336124.0,5065645690.0,5006920947.0,0.04001184083404303
2026-03-13,25.04,25.7,24.68,24.88,143967759.0,3610079349.0,5006920947.0,0.028753751162430726
2026-03-16,24.82,24.83,24.04,24.55,104751078.0,2553117873.0,5003493022.0,0.02093558990477593
2026-03-17,25.0,25.83,24.68,24.7,124128310.0,3129803675.0,5003493022.0,0.024808330790952786
2026-03-18,24.88,25.5,24.51,25.37,101533256.0,2538074576.0,5003493022.0,0.020292474787826337
2026-03-19,24.34,24.67,23.67,23.8,140273340.0,3371606198.0,5003493022.0,0.028035082567963658
2026-03-20,24.07,24.3,23.22,23.36,109039194.0,2574780389.0,5003493022.0,0.021792614383704043
2026-03-23,22.73,23.1,22.33,22.54,115166632.0,2621067636.0,5003493022.0,0.023017246450353898
2026-03-24,23.0,23.86,22.54,23.71,134394765.0,3148723925.0,5003493022.0,0.026860188354230905
2026-03-25,24.81,25.6,24.39,24.52,130132225.0,3241925867.0,5003493022.0,0.026008275504296286
2026-03-26,24.73,24.73,23.64,23.78,81847664.0,1966240534.0,5003493022.0,0.016358104955902144
2026-03-27,21.5,23.88,21.4,23.5,298968970.0,6748424176.0,5003493022.0,0.059752050954294304
2026-03-30,22.78,24.79,22.78,24.43,175695296.0,4253900377.0,5003493022.0,0.03511452803620998
2026-03-31,24.32,24.76,24.01,24.24,99295205.0,2422892412.0,5003493022.0,0.019845177071978738
2026-04-01,25.0,25.49,24.8,25.3,120356003.0,3035964526.0,5003493022.0,0.024054396093050052
2026-04-02,25.4,25.8,25.13,25.35,82976910.0,2104701953.0,5003493022.0,0.016583796486805615
2026-04-03,25.39,25.9,25.06,25.1,64469463.0,1633546878.0,5003493022.0,0.012884891158343261
2026-04-07,25.1,25.14,23.75,23.88,103611330.0,2503570293.0,5003493022.0,0.02070779944019676
2026-04-08,25.36,26.0,24.95,25.4,146967369.0,3715654667.0,5003493022.0,0.02937295372528652
2026-04-09,25.0,26.28,24.9,25.98,137018825.0,3533828169.0,5003493022.0,0.027384633974213226
2026-04-10,26.55,27.2,26.11,27.0,127133011.0,3413674977.0,5003493022.0,0.025408851464567908
2026-04-13,26.3,27.23,25.97,26.88,99619101.0,2650171129.0,5003493022.0,0.019909911048537884
2026-04-14,28.56,29.08,25.95,26.18,140949610.0,3790972782.0,5003493022.0,0.028170242144888516
2026-04-15,27.0,27.5,26.51,26.6,124666116.0,3362959788.0,5003493022.0,0.024915816900683587
2026-04-16,26.78,27.57,26.38,27.4,120264389.0,3241034069.0,5003493022.0,0.024036086084502587
2026-04-17,27.13,27.13,26.35,26.5,94608966.0,2514129347.0,5003493022.0,0.018908583580313026
2026-04-20,26.56,27.43,26.21,26.36,108584270.0,2917441424.0,5003493022.0,0.021701693101711696
2026-04-21,26.35,27.07,26.15,26.93,95462348.0,2549436042.0,5003493022.0,0.019079140828269153
2026-04-22,26.66,28.42,26.5,27.98,120956081.0,3333223353.0,5003493022.0,0.02417432790815632
2026-04-23,29.39,30.18,28.83,29.49,203915274.0,6034776644.0,5003493022.0,0.04075458346866862
2026-04-24,29.67,29.95,28.94,29.59,104674274.0,3085838068.0,5003493022.0,0.02092023982840682
2026-04-27,29.72,30.69,29.54,29.66,103704990.0,3107949028.0,5003493022.0,0.020726518363074875
2026-04-28,29.73,30.4,29.53,30.08,114330753.0,3428973381.0,5003493022.0,0.02285018735857048
2026-04-29,30.0,30.3,29.66,30.15,73806704.0,2213855173.0,5003493022.0,0.014751035661582262
2026-04-30,30.9,32.66,30.81,31.2,169633923.0,5366035687.0,5003493022.0,0.033903099745344265
2026-05-06,34.18,34.32,34.01,34.32,123050812.0,4219620855.0,5003493022.0,0.024592981634820796
2026-05-07,35.71,35.85,34.24,35.0,180351377.0,6286238501.0,5003493022.0,0.03604509413863633
2026-05-08,34.31,34.5,32.88,33.06,145154523.0,4838192087.0,5003493022.0,0.029010637640897265
2026-05-11,33.5,33.85,32.99,33.53,105621112.0,3526069082.0,5003493022.0,0.02110947522772422
2026-05-12,33.67,33.76,32.1,32.7,113109760.0,3703690913.0,5003493022.0,0.02260615923768945
2026-05-13,32.01,34.49,31.76,34.34,139413008.0,4686018541.0,5003493022.0,0.027863136290389733
2026-05-14,35.2,35.56,34.2,34.2,123157877.0,4293298360.0,5003493022.0,0.024614379686048057
2026-05-15,34.23,35.64,33.8,34.77,108748757.0,3793084838.0,5003493022.0,0.021734567535487612
2026-05-18,33.76,33.89,32.88,33.3,118586091.0,3944416754.0,5003493022.0,0.02370066081407238
2026-05-19,33.6,33.75,32.08,33.15,93878798.0,3074525658.0,5003493022.0,0.018762651928806866
2026-05-20,33.08,33.15,31.45,32.61,119886136.0,3868303951.0,5003493022.0,0.023960488297449255
2026-05-21,33.26,34.05,32.25,32.28,99101529.0,3306015682.0,5003493022.0,0.019806468913668447
2026-05-22,32.8,34.1,32.79,34.01,100408706.0,3368399384.0,5003493022.0,0.02006772180125167
2026-05-25,34.02,35.26,33.25,35.1,88161200.0,3047587438.0,5003493022.0,0.01761993063892795
2026-05-26,35.06,35.56,34.4,34.85,63533538.0,2217500629.0,5003485897.0,0.01269785491712759
2026-05-27,35.12,35.87,34.33,34.5,71565174.0,2498659013.0,4953233422.0,0.01444817312306345
2026-05-28,33.7,35.5,33.7,35.31,94936180.0,3302575370.0,4953233422.0,0.019166506383151025
2026-05-29,35.89,36.34,35.0,35.34,104540755.0,3719542575.0,4953233422.0,0.021105557944367758
2026-06-01,35.18,35.7,32.86,33.7,144362515.0,4923451280.0,4953233422.0,0.029145106378150414
