date,open,high,low,close,volume,amount,outstanding_share,turnover
2015-01-05,3.9,4.04,3.88,4.03,10050715.0,101724408.0,447128480.0,0.022478360134876668
2015-01-06,4.01,4.13,3.98,4.08,10448409.0,107604280.0,447128480.0,0.023367800234957076
2015-01-07,4.07,4.19,4.06,4.13,9078506.0,95127440.0,447128480.0,0.020304020893502465
2015-01-08,4.1,4.14,3.99,4.0,5847908.0,60127704.0,447128480.0,0.013078809025987341
2015-01-09,3.98,4.4,3.94,4.15,17614464.0,188501040.0,447128480.0,0.03939463663777355
2015-01-12,4.09,4.13,4.01,4.07,6970420.0,71765368.0,447128480.0,0.015589299970335148
2015-01-13,4.06,4.08,4.0,4.03,4070875.0,41723728.0,447128480.0,0.009104486030502911
2015-01-14,4.03,4.19,3.99,4.1,10261809.0,106803136.0,447128480.0,0.022950470522477118
2015-01-15,4.07,4.19,4.02,4.18,11216179.0,117764288.0,447128480.0,0.02508491295387849
2015-01-16,4.18,4.3,4.18,4.21,11063769.0,118848144.0,447128480.0,0.024744048958813807
2015-01-19,4.08,4.13,3.79,3.82,10936906.0,110178656.0,447128480.0,0.024460320666668336
2015-01-20,3.88,3.96,3.84,3.93,7756435.0,77210328.0,447128480.0,0.017347217515645615
2015-01-21,3.97,4.05,3.92,4.05,7738556.0,78816896.0,447128480.0,0.017307231245927344
2015-01-22,4.04,4.12,4.02,4.09,6658991.0,68802944.0,447128480.0,0.014892790993765372
2015-01-23,4.1,4.11,4.01,4.02,6293354.0,64465912.0,447128480.0,0.014075046170174622
2015-01-26,4.03,4.1,3.99,4.1,6568142.0,67776784.0,447128480.0,0.014689607783427261
2015-01-27,4.12,4.28,4.09,4.21,11603286.0,123124680.0,447128480.0,0.025950675295834433
2015-01-28,4.17,4.2,4.08,4.12,6562464.0,68969904.0,447128480.0,0.01467690897256198
2015-01-29,4.08,4.15,4.02,4.07,6028410.0,62603924.0,447128480.0,0.013482500600274892
2015-01-30,4.09,4.12,4.05,4.06,4532049.0,47008572.0,447128480.0,0.0101358987465974
2015-02-02,4.03,4.05,3.95,3.99,4413922.0,44839776.0,447128480.0,0.009871708462856135
2015-02-03,4.0,4.03,3.89,4.01,7044254.0,70773856.0,447128480.0,0.015754429241456504
2015-02-04,4.01,4.12,4.0,4.06,7680748.0,79586952.0,447128480.0,0.017177944021816726
2015-02-05,4.09,4.1,3.94,3.94,5453501.0,55469048.0,447128480.0,0.012196720280488507
2015-02-06,3.93,3.96,3.83,3.84,4557375.0,45039984.0,447128480.0,0.010192540184423055
2015-02-09,3.84,3.88,3.78,3.82,2682257.0,26127836.0,447128480.0,0.005998850710650326
2015-02-10,3.82,3.88,3.81,3.86,2271257.0,22188230.0,447128480.0,0.005079651826249135
2015-02-11,3.86,3.9,3.84,3.89,2014211.0,19779644.0,447128480.0,0.004504770083086633
2015-02-12,3.89,3.92,3.87,3.92,2079224.0,20579226.0,447128480.0,0.004650171243844722
2015-02-13,3.93,4.05,3.93,4.02,5116441.0,52091204.0,447128480.0,0.01144288773553409
2015-02-16,4.01,4.05,3.99,4.03,3152209.0,32246442.0,447128480.0,0.0070498953678817325
2015-02-17,4.05,4.07,4.02,4.03,2574691.0,26432240.0,447128480.0,0.005758280036198991
2015-02-25,4.03,4.06,4.0,4.03,3250923.0,33304480.0,447128480.0,0.007270668600667083
2015-02-26,4.03,4.07,3.99,4.07,4016471.0,41129048.0,447128480.0,0.008982811830729279
2015-02-27,4.06,4.15,4.05,4.1,5990670.0,62426068.0,447128480.0,0.013398095330451776
2015-03-02,4.12,4.22,4.08,4.2,9607667.0,101833560.0,447128480.0,0.021487486102428545
2015-03-03,4.17,4.26,4.12,4.19,9254848.0,98344080.0,447128480.0,0.020698408654264207
2015-03-04,4.18,4.22,4.13,4.17,7024043.0,74426016.0,447128480.0,0.015709227468579053
2015-03-05,4.17,4.19,4.05,4.08,6529219.0,67998328.0,447128480.0,0.01460255674163274
2015-03-06,4.07,4.16,4.03,4.1,4924262.0,51166372.0,447128480.0,0.01101308062505882
2015-03-09,4.08,4.19,4.04,4.19,6714916.0,70444176.0,447128480.0,0.015017866900359377
2015-03-10,4.18,4.27,4.16,4.2,8466599.0,90886088.0,447128480.0,0.018935494782170888
2015-03-11,4.2,4.29,4.17,4.28,9008057.0,96893672.0,447128480.0,0.020146462153339012
2015-03-12,4.29,4.32,4.21,4.25,7164765.0,77408936.0,447128480.0,0.016023951326026024
2015-03-13,4.25,4.33,4.24,4.3,7563352.0,82272288.0,447128480.0,0.01691538861492339
2015-03-16,4.34,4.64,4.33,4.51,12984013.0,148497568.0,447128480.0,0.02903866244440524
2015-03-17,4.51,4.79,4.49,4.74,18661048.0,220555344.0,447128480.0,0.041735315093326196
2015-03-18,4.77,5.21,4.77,5.21,23713240.0,303025056.0,447128480.0,0.05303451034924011
2015-03-19,5.24,5.24,4.93,4.98,25305454.0,323513216.0,447128480.0,0.05659548682741032
2015-03-20,4.94,5.06,4.88,4.99,15142806.0,190725888.0,447128480.0,0.033866789250373855
2015-03-23,4.92,5.05,4.9,4.97,23958092.0,301630592.0,447128480.0,0.053582120289005074
2015-03-24,4.97,5.27,4.91,5.04,25317720.0,325252608.0,447128480.0,0.05662291965834965
2015-03-25,5.03,5.04,4.89,4.95,14985128.0,187491360.0,447128480.0,0.03351414340683465
2015-03-26,4.9,5.01,4.85,4.9,10385831.0,129845312.0,447128480.0,0.02322784493620268
2015-03-27,4.89,4.97,4.87,4.9,7843596.0,97712928.0,447128480.0,0.01754215253745411
2015-03-30,4.95,5.05,4.9,5.01,15069880.0,191205328.0,447128480.0,0.033703690715473994
2015-03-31,5.04,5.16,4.9,4.94,13984183.0,179557584.0,447128480.0,0.03127553628433599
2015-04-01,4.9,5.03,4.9,4.99,9264472.0,116878664.0,447128480.0,0.020719932669017192
2015-04-02,5.02,5.2,4.99,5.16,16007834.0,207596320.0,447128480.0,0.035801418867346585
2015-04-03,5.13,5.39,5.07,5.33,17190188.0,230665344.0,447128480.0,0.03844574606386066
2015-04-07,5.39,5.55,5.31,5.35,18561572.0,252979440.0,447128480.0,0.0415128376523902
2015-04-08,5.38,5.38,5.09,5.26,16310545.0,217314240.0,447128480.0,0.0364784300923976
2015-04-09,5.28,5.36,5.06,5.19,14901577.0,196490976.0,447128480.0,0.03332728212705216
2015-04-10,5.16,5.29,5.12,5.25,13113242.0,173738640.0,447128480.0,0.029327682280493518
2015-04-13,5.25,5.39,5.19,5.36,16586340.0,222354736.0,447128480.0,0.03709524385474171
2015-04-14,5.37,5.66,5.33,5.59,20196048.0,282203584.0,447128480.0,0.045168332824605584
2015-04-15,5.58,5.58,5.22,5.26,13679193.0,186651856.0,447128480.0,0.0305934280902885
2015-04-16,5.16,5.29,5.13,5.26,13971716.0,184798864.0,447128480.0,0.031247653918175824
2015-04-17,5.28,5.5,5.26,5.43,21297520.0,291513248.0,447128480.0,0.047631767942851684
2015-04-20,5.44,5.55,5.28,5.31,20990584.0,287835680.0,447128480.0,0.046945307532188514
2015-04-21,5.31,5.65,5.23,5.61,21254488.0,293840064.0,447128480.0,0.04753552714870679
2015-04-22,5.78,6.17,5.65,6.15,39877632.0,599341888.0,447128480.0,0.08918607018725357
2015-04-23,6.18,6.57,6.01,6.2,45741120.0,735329088.0,447128480.0,0.10229972378408998
2015-04-24,6.07,6.1,5.87,5.99,21512172.0,326287520.0,447128480.0,0.04811183577480906
2015-04-27,6.0,6.11,5.92,6.02,18913572.0,288167104.0,447128480.0,0.04230008341226665
2015-04-28,5.98,6.01,5.7,5.71,19229276.0,283992832.0,447128480.0,0.04300615339913038
2015-04-29,5.68,5.83,5.63,5.79,9790041.0,142762560.0,447128480.0,0.021895364392802714
2015-04-30,5.77,5.83,5.73,5.73,9108448.0,133607760.0,447128480.0,0.020370985985951957
2015-05-04,5.75,6.01,5.66,5.97,13957261.0,208608144.0,447128480.0,0.03121532540266726
2015-05-05,5.97,5.97,5.52,5.69,13645881.0,197893296.0,447128480.0,0.030518926014285647
2015-05-06,5.65,5.72,5.32,5.38,12419042.0,175067152.0,447128480.0,0.02777510839837355
2015-05-07,5.36,5.37,5.07,5.1,12092069.0,158640160.0,447128480.0,0.027043835364725592
2015-05-08,5.17,5.25,5.14,5.24,8908700.0,117605704.0,447128480.0,0.019924250855145705
2015-05-11,5.31,5.55,5.26,5.53,10291347.0,141244480.0,447128480.0,0.02301653207149766
2015-05-12,5.53,5.6,5.44,5.56,10537350.0,147993648.0,447128480.0,0.023566716215437676
2015-10-20,5.01,5.01,5.01,5.01,1267400.0,15880522.0,449408480.0,0.0028201515022591474
2015-10-21,4.72,4.95,4.51,4.51,43271040.0,507630432.0,449408480.0,0.09628443148202277
2015-10-22,4.32,4.44,4.07,4.4,34100172.0,362278272.0,449408480.0,0.07587790065732627
2015-10-23,4.28,4.4,4.26,4.36,20976530.0,227207600.0,449408480.0,0.04667586601837153
2015-10-26,4.4,4.42,4.32,4.38,15945572.0,174138096.0,449408480.0,0.03548124414563784
2015-10-27,4.36,4.57,4.29,4.54,20262328.0,225754480.0,449408480.0,0.045086661471096405
2015-10-28,4.49,4.53,4.34,4.36,13259081.0,147381200.0,449408480.0,0.02950340634426836
2015-10-29,4.36,4.41,4.28,4.33,9853293.0,106989024.0,449408480.0,0.021925026870877024
2015-10-30,4.32,4.35,4.24,4.33,8544272.0,92008864.0,449408480.0,0.019012262518944903
2015-11-02,4.28,4.32,4.22,4.22,7743379.0,82683704.0,449408480.0,0.017230157739791647
2015-11-03,4.22,4.25,4.1,4.12,7777209.0,81021504.0,449408480.0,0.017305434467992237
2015-11-04,4.16,4.3,4.12,4.29,10236897.0,108190560.0,449408480.0,0.022778602219521982
2015-11-05,4.28,4.43,4.27,4.34,16459143.0,179144976.0,449408480.0,0.03662401519437283
2015-11-06,4.35,4.45,4.35,4.42,16757036.0,184966352.0,449408480.0,0.03728687095535002
2015-11-09,4.44,4.5,4.41,4.47,12996824.0,145075152.0,449408480.0,0.028919845927250862
2015-11-10,4.44,4.46,4.4,4.44,11426659.0,126703576.0,449408480.0,0.02542599774708301
2015-11-11,4.47,4.58,4.46,4.5,14217734.0,160835472.0,449408480.0,0.031636550338346975
2015-11-12,4.52,4.52,4.41,4.45,11084994.0,123560608.0,449408480.0,0.02466574284490582
2015-11-13,4.42,4.46,4.36,4.39,8700781.0,95979224.0,449408480.0,0.01936051807478132
2015-11-16,4.33,4.43,4.3,4.43,5741735.0,62888176.0,449408480.0,0.012776205291008305
2015-11-17,4.46,4.56,4.44,4.47,12958860.0,145541968.0,449408480.0,0.028835370440717985
2015-11-18,4.47,4.5,4.34,4.36,7329031.0,81195544.0,449408480.0,0.01630817246706159
2015-11-19,4.38,4.4,4.31,4.4,6297663.0,68710056.0,449408480.0,0.0140132268977212
2015-11-20,4.4,4.48,4.39,4.44,7963648.0,88452584.0,449408480.0,0.01772028867813086
2015-11-23,4.44,4.54,4.43,4.47,11088301.0,124567160.0,449408480.0,0.024673101406542216
2015-11-24,4.49,4.72,4.47,4.66,19033886.0,218983920.0,449408480.0,0.04235319725164065
2015-11-25,4.63,4.71,4.6,4.64,11983301.0,139199696.0,449408480.0,0.026664608108863456
2015-11-26,4.66,4.68,4.58,4.59,9809804.0,113653000.0,449408480.0,0.021828257446321442
2015-11-27,4.57,4.68,4.27,4.35,13653516.0,155573616.0,449408480.0,0.030381082261732133
2015-11-30,4.38,4.48,4.19,4.45,11472463.0,125323944.0,449408480.0,0.02552791838729879
2015-12-01,4.46,4.46,4.36,4.41,7443068.0,82092280.0,449408480.0,0.016561921572997466
2015-12-02,4.41,4.46,4.32,4.45,7170383.0,78758584.0,449408480.0,0.01595515732146398
2015-12-03,4.45,4.55,4.44,4.55,8582989.0,96832776.0,449408480.0,0.01909841354128431
2015-12-04,4.49,4.58,4.44,4.48,8038380.0,90403104.0,449408480.0,0.01788657837520111
2015-12-07,4.48,4.5,4.42,4.46,8261745.0,92188872.0,449408480.0,0.018383598369127348
2015-12-08,4.44,4.45,4.35,4.36,5969586.0,65656776.0,449408480.0,0.013283207295064837
2015-12-09,4.34,4.41,4.32,4.34,4928024.0,53735068.0,449408480.0,0.010965578575642364
2015-12-10,4.34,4.37,4.29,4.29,4373089.0,47341984.0,449408480.0,0.009730766540052827
2015-12-11,4.26,4.32,4.22,4.28,6142899.0,65514656.0,449408480.0,0.01366885422366752
2015-12-14,4.32,4.4,4.3,4.4,7331945.0,79680792.0,449408480.0,0.016314656545866692
2015-12-15,4.4,4.45,4.36,4.38,5893800.0,65000896.0,449408480.0,0.013114572292894873
2015-12-16,4.38,4.42,4.36,4.38,4457730.0,49005660.0,449408480.0,0.009919105220266426
2015-12-17,4.4,4.52,4.4,4.49,11832466.0,132308968.0,449408480.0,0.026328978037975608
2015-12-18,4.48,4.73,4.46,4.71,14462110.0,165081072.0,449408480.0,0.03218032289911396
2015-12-21,4.71,4.83,4.6,4.71,16025511.0,187928976.0,449408480.0,0.035659120183936
2015-12-22,4.71,4.75,4.63,4.68,8823371.0,103357904.0,449408480.0,0.019633298864320494
2015-12-23,4.67,4.92,4.61,4.84,19007124.0,226713776.0,449408480.0,0.04229364786352051
2015-12-24,4.84,4.98,4.78,4.92,14301002.0,174447488.0,449408480.0,0.031821833891518915
2015-12-25,4.9,4.98,4.84,4.87,6915380.0,84546584.0,449408480.0,0.015387738121897478
2015-12-28,4.9,5.0,4.72,4.78,11629261.0,141968208.0,449408480.0,0.02587681701066255
2015-12-29,4.76,4.83,4.74,4.81,7677379.0,91895592.0,449408480.0,0.017083298027665166
2015-12-30,4.84,4.85,4.77,4.81,5753354.0,69171632.0,449408480.0,0.012802059275784027
2015-12-31,4.8,5.01,4.76,4.88,11563392.0,141636080.0,449408480.0,0.025730248792813167
2016-01-04,4.94,5.17,4.68,4.7,17183628.0,215999152.0,449408480.0,0.03823610092982669
2016-01-05,4.52,5.15,4.4,5.06,23775354.0,291937632.0,449408480.0,0.05290366127492743
2016-01-06,5.05,5.38,4.96,5.27,31162698.0,406570368.0,449408480.0,0.06934158874794707
2016-01-07,5.15,5.15,4.75,4.75,6465200.0,79576136.0,449408480.0,0.014386021376365661
2016-01-08,4.82,5.15,4.53,4.99,31446344.0,386882752.0,449408480.0,0.06997274283742932
2016-01-11,4.8,5.06,4.49,4.49,20532492.0,236048144.0,449408480.0,0.04568781612665609
2016-01-12,4.31,4.39,4.04,4.04,17769186.0,182594816.0,449408480.0,0.039539053646695764
2016-01-13,4.0,4.19,3.83,3.86,13989590.0,141482624.0,449408480.0,0.031128896366174486
2016-01-14,3.68,3.99,3.63,3.91,12473218.0,118211072.0,449408480.0,0.02775474552683118
2016-01-15,3.88,3.88,3.52,3.53,15408634.0,142195488.0,449408480.0,0.03428647808336861
2016-01-18,3.48,3.63,3.47,3.54,9839400.0,87959440.0,449408480.0,0.0218941129014744
2016-01-19,3.54,3.73,3.54,3.7,9441505.0,85836360.0,449408480.0,0.021008737974859755
2016-01-20,3.68,3.69,3.57,3.62,12064362.0,109576112.0,449408480.0,0.02684498076226777
2016-01-21,3.52,3.64,3.5,3.5,8054502.0,71940888.0,449408480.0,0.017922452197608733
2016-01-22,3.54,3.67,3.5,3.66,9416545.0,84781720.0,449408480.0,0.0209531983019101
2016-01-25,3.72,4.03,3.72,3.94,19525130.0,190046640.0,449408480.0,0.04344628743988097
2016-01-26,3.84,3.9,3.58,3.6,10500609.0,98965152.0,449408480.0,0.023365400225647724
2016-01-27,3.64,3.96,3.54,3.89,15131326.0,141416352.0,449408480.0,0.03366942697654481
2016-01-28,3.8,3.94,3.64,3.64,10946468.0,103857800.0,449408480.0,0.02435750211032956
2016-01-29,3.64,3.81,3.6,3.74,9453112.0,87599744.0,449408480.0,0.021034565257869633
2016-02-01,3.74,3.74,3.58,3.62,6444285.0,58982532.0,449408480.0,0.01433948242365164
2016-02-02,3.6,3.73,3.6,3.69,5138586.0,47470444.0,449408480.0,0.011434110010563218
2016-02-03,3.63,3.7,3.58,3.68,5023244.0,45604596.0,449408480.0,0.011177457087592116
2016-02-04,3.68,3.76,3.68,3.75,5711487.0,53294024.0,449408480.0,0.012708899039911308
2016-02-05,3.78,3.88,3.74,3.78,9119317.0,87114136.0,449408480.0,0.02029182226378995
2016-02-15,3.62,3.84,3.62,3.79,6337067.0,58994356.0,449408480.0,0.014100906596155018
2016-02-16,3.82,3.96,3.78,3.92,9698416.0,94425128.0,449408480.0,0.021580402755195006
2016-02-17,3.91,4.03,3.86,3.94,11358421.0,111982600.0,449408480.0,0.025274158155627148
2016-02-18,3.98,4.33,3.94,4.2,25158360.0,267187264.0,449408480.0,0.05598105313900619
2016-02-19,4.14,4.39,4.14,4.21,17231488.0,183017856.0,449408480.0,0.038342596472589925
2016-02-22,4.24,4.5,4.23,4.34,16464323.0,179607216.0,449408480.0,0.03663554145662761
2016-02-23,4.33,4.34,4.17,4.27,10285280.0,108866120.0,449408480.0,0.02288626151424646
2016-02-24,4.19,4.29,4.1,4.24,10349688.0,109004104.0,449408480.0,0.02302957879210468
2016-02-25,4.2,4.23,3.81,3.84,10610488.0,106386936.0,449408480.0,0.02360989716971963
2016-02-26,3.88,4.09,3.87,4.02,10885717.0,108059488.0,449408480.0,0.02422232219561144
2016-02-29,4.09,4.23,3.88,4.14,16054514.0,164638864.0,449408480.0,0.03572365612682698
2016-03-01,4.08,4.31,3.98,4.22,17945202.0,187248976.0,449408480.0,0.03993071514805417
2016-03-02,4.15,4.43,4.13,4.39,18135164.0,196127296.0,449408480.0,0.04035340855161434
2016-03-03,4.39,4.47,4.32,4.34,14233033.0,155994432.0,449408480.0,0.03167059286464732
2016-03-04,4.34,4.5,4.27,4.27,14236176.0,156412016.0,449408480.0,0.03167758650215056
2016-03-07,4.36,4.5,4.29,4.42,11061441.0,121484480.0,449408480.0,0.024613333954001046
2016-03-08,4.58,4.62,4.36,4.39,14629649.0,163048976.0,449408480.0,0.032553121828052735
2016-03-09,4.16,4.21,4.08,4.11,9920030.0,102936392.0,449408480.0,0.022073526516455586
2016-03-10,4.15,4.19,4.02,4.04,4813641.0,49522112.0,449408480.0,0.010711059568791403
2016-03-11,4.0,4.05,3.94,4.03,3946452.0,39434528.0,449408480.0,0.008781436433954251
2016-03-14,4.07,4.2,4.04,4.14,5449719.0,56410776.0,449408480.0,0.012126426719851837
2016-03-15,4.12,4.13,4.0,4.07,6452111.0,65596496.0,449408480.0,0.014356896425274396
2016-03-16,4.08,4.18,4.04,4.1,4554706.0,47013972.0,449408480.0,0.010134891090617605
2016-03-17,4.13,4.18,4.08,4.16,8431600.0,87469040.0,449408480.0,0.018761550738873464
2016-03-18,4.16,4.31,4.15,4.26,9937446.0,105525008.0,449408480.0,0.02211227967927975
2016-03-21,4.24,4.38,4.24,4.36,13694103.0,147830912.0,449408480.0,0.03047139430924846
2016-03-22,4.31,4.44,4.29,4.36,10935133.0,119893224.0,449408480.0,0.024332280067345415
2016-03-23,4.36,4.4,4.28,4.32,7685577.0,82997856.0,449408480.0,0.017101539784028997
2016-03-24,4.26,4.36,4.24,4.24,6166924.0,66075304.0,449408480.0,0.013722313384028713
2016-03-25,4.26,4.34,4.26,4.32,4617110.0,49629548.0,449408480.0,0.010273749173580347
2016-03-28,4.35,4.39,4.18,4.2,7698279.0,82868736.0,449408480.0,0.017129803603171886
2016-03-29,4.18,4.25,4.08,4.12,6747465.0,70185512.0,449408480.0,0.015014102537629019
2016-03-30,4.14,4.23,4.14,4.22,4949717.0,51945692.0,449408480.0,0.011013848692841754
2016-03-31,4.23,4.34,4.23,4.32,7463064.0,80153704.0,449408480.0,0.016606415615477484
2016-04-01,4.28,4.35,4.26,4.32,6179766.0,66687936.0,449408480.0,0.01375088872377308
2016-04-05,4.32,4.47,4.32,4.43,10420520.0,115515776.0,449408480.0,0.023187190415276542
2016-04-06,4.42,4.46,4.34,4.4,7150087.0,78618056.0,449408480.0,0.015909995734837937
2016-04-07,4.42,4.5,4.36,4.42,11871860.0,131848112.0,449408480.0,0.02641663548493789
2016-04-08,4.38,4.59,4.34,4.55,17163510.0,193337488.0,449408480.0,0.03819133541939396
2016-04-11,4.64,4.92,4.64,4.81,18852756.0,227770912.0,449408480.0,0.04195015634773959
2016-04-12,4.79,4.92,4.74,4.91,12041508.0,146072400.0,449408480.0,0.026794127249223247
2016-04-13,4.97,5.37,4.87,4.9,15618407.0,199453216.0,449408480.0,0.034753253877185405
2016-04-14,5.0,5.0,4.8,4.92,13581904.0,165931984.0,449408480.0,0.03022173502378059
2016-04-15,4.91,5.27,4.88,5.17,13709776.0,174852592.0,449408480.0,0.03050626904058419
2016-04-18,5.31,5.31,5.06,5.16,9444693.0,122498592.0,449408480.0,0.021015831743984893
2016-04-19,5.11,5.16,4.9,4.99,9287393.0,116342360.0,449408480.0,0.02066581609675011
2016-04-20,5.05,5.17,4.73,4.83,10823085.0,133728064.0,449408480.0,0.024082956779097716
2016-04-21,4.76,5.15,4.76,4.96,12881529.0,161863344.0,449408480.0,0.02866329758619597
2016-04-22,4.84,5.03,4.67,4.9,10605993.0,127948832.0,449408480.0,0.023599895133264954
2016-04-25,4.85,4.87,4.7,4.75,6653052.0,79665912.0,449408480.0,0.014804019719432085
2016-04-26,4.81,4.86,4.75,4.83,5375180.0,64558980.0,449408480.0,0.011960566476182204
2016-04-27,4.8,4.99,4.8,4.92,5850388.0,72008064.0,449408480.0,0.013017974204670104
2016-04-28,4.91,4.94,4.76,4.92,5027317.0,60960832.0,449408480.0,0.011186520111948043
2016-04-29,4.91,5.0,4.83,4.96,4581168.0,56579972.0,449408480.0,0.01019377293459171
2016-05-03,4.99,5.05,4.92,5.03,5416392.0,67714888.0,449408480.0,0.012052269240669424
2016-05-04,5.0,5.12,4.94,5.04,4995241.0,63049868.0,449408480.0,0.011115146291854573
2016-05-05,5.04,5.04,4.86,4.95,4338548.0,53676848.0,449408480.0,0.009653907732226148
2016-05-06,4.95,4.96,4.67,4.67,5734581.0,68873792.0,449408480.0,0.012760286588272655
2016-05-09,4.58,4.63,4.3,4.36,8586853.0,94768280.0,449408480.0,0.019107011509885172
2016-05-10,4.34,4.38,4.21,4.32,6858614.0,72980680.0,449408480.0,0.015261425418585783
2016-05-11,4.31,4.38,4.26,4.31,5382126.0,58295131.0,449408480.0,0.01197602234830994
2016-05-12,4.26,4.29,4.09,4.28,2911442.0,30604978.0,449408480.0,0.006478386878681061
2016-05-13,4.24,4.38,4.22,4.31,4730943.0,51197287.0,449408480.0,0.01052704434949692
2016-05-16,4.24,4.37,4.16,4.32,4312629.0,46006706.0,449408480.0,0.009596234143156355
2016-05-17,4.28,4.38,4.28,4.32,4504878.0,48809119.0,449408480.0,0.010024016458256417
2016-05-18,4.28,4.3,4.08,4.1,5211781.0,54235695.0,449408480.0,0.011596979656458641
2016-05-19,4.1,4.21,4.1,4.12,3022676.0,31501172.0,449408480.0,0.006725898897145866
2016-05-20,4.09,4.18,4.04,4.16,2328086.0,24052118.0,449408480.0,0.005180333935843846
2016-05-23,4.16,4.21,4.16,4.19,2277459.0,23862576.0,449408480.0,0.005067681410907066
2016-05-24,4.18,4.2,4.1,4.12,2564829.0,26527925.0,449408480.0,0.005707121948388691
2016-05-25,4.19,4.29,4.16,4.26,5208546.0,55208796.0,449408480.0,0.011589781305417289
2016-05-26,4.22,4.29,4.16,4.22,2720362.0,28623534.0,449408480.0,0.0060532057606033605
2016-05-27,4.23,4.25,4.18,4.22,2085931.0,22027114.0,449408480.0,0.004641503426904628
2016-05-30,4.2,4.22,4.13,4.17,1909307.0,19930084.0,449408480.0,0.004248489036076934
2016-05-31,4.18,4.36,4.17,4.35,5706459.0,61508193.0,449408480.0,0.012697711000023853
2016-06-01,4.35,4.44,4.32,4.38,3781482.0,41607200.0,449408480.0,0.008414353908052648
2016-06-02,4.37,4.47,4.36,4.47,4524014.0,50007337.0,449408480.0,0.010066596874184484
2016-06-03,4.55,4.55,4.42,4.47,2820025.0,31444472.0,449408480.0,0.006274970601355809
2016-06-06,4.42,4.51,4.42,4.46,2580963.0,28846980.0,449408480.0,0.005743022472562156
2016-06-07,4.47,4.51,4.37,4.39,3893825.0,42675811.0,449408480.0,0.008664333614710609
2016-06-08,4.38,4.48,4.33,4.43,3331317.0,36133119.0,449408480.0,0.007412670539728133
2016-06-13,4.38,4.5,4.31,4.31,4253812.0,46210129.0,449408480.0,0.009465357663032971
2016-06-14,4.29,4.37,4.27,4.31,2176731.0,23209389.0,449408480.0,0.004843546788436213
2016-06-15,4.3,4.44,4.28,4.37,4027578.0,43599082.0,449408480.0,0.008961953721923538
2016-06-16,4.41,4.41,4.29,4.32,3333405.0,35630065.0,449408480.0,0.007417316646984498
2016-06-17,4.31,4.51,4.31,4.42,5861560.0,63794269.0,449408480.0,0.013042833548668241
2016-06-20,4.4,4.42,4.31,4.39,3682061.0,39799465.0,449408480.0,0.00819312755291133
2016-06-21,4.42,4.46,4.37,4.41,3135734.0,34216405.0,449408480.0,0.006977469584018531
2016-06-22,4.41,4.52,4.4,4.48,4763640.0,52525425.0,449408480.0,0.010599799985972672
2016-06-23,4.48,4.55,4.48,4.51,5343672.0,59611851.0,449408480.0,0.01189045653967188
2016-06-24,4.5,4.54,4.31,4.38,4492984.0,49046938.0,449408480.0,0.009997550558013503
2016-06-27,4.38,4.6,4.38,4.53,5825539.0,65166137.0,449408480.0,0.012962681523054482
2016-06-28,4.46,4.54,4.46,4.53,2906716.0,32254938.0,449408480.0,0.006467870833233943
2016-06-29,4.54,4.57,4.5,4.56,3425291.0,38392759.0,449408480.0,0.00762177651832471
2016-06-30,4.58,4.59,4.51,4.54,2562407.0,28687863.0,449408480.0,0.00570173264198308
2016-07-01,4.51,4.81,4.51,4.74,7659264.0,88238769.0,449408480.0,0.017042989486980752
2016-07-04,4.68,5.1,4.68,4.98,8474806.0,103846799.0,449408480.0,0.018857690446784627
2016-07-05,4.97,5.13,4.88,4.99,6677033.0,82594332.0,449408480.0,0.014857380973318528
2016-07-06,4.94,5.0,4.86,4.94,5585286.0,67997495.0,449408480.0,0.012428083244001093
2016-07-07,4.92,5.03,4.91,4.93,4388121.0,53703246.0,449408480.0,0.00976421495206321
2016-07-08,4.93,4.97,4.82,4.87,6069635.0,72705282.0,449408480.0,0.01350583104261851
2016-07-11,4.91,5.01,4.84,4.87,4035486.0,48981916.0,449408480.0,0.008979550185612875
2016-07-12,4.86,5.34,4.84,5.34,13777266.0,174694400.0,449408480.0,0.030656444221969288
2016-07-13,5.27,5.31,5.14,5.21,9221988.0,118424633.0,449408480.0,0.02052028034717992
2016-07-14,5.18,5.18,5.09,5.14,4335662.0,54891899.0,449408480.0,0.009647485957541344
2016-07-15,5.17,5.27,5.12,5.12,5806840.0,74122088.0,449408480.0,0.012921073496432466
2016-07-18,5.08,5.2,4.96,5.06,5756483.0,71960668.0,449408480.0,0.012809021761227113
2016-07-19,5.03,5.09,4.94,5.02,4010844.0,49472595.0,449408480.0,0.008924718109458015
2016-07-20,5.06,5.11,5.03,5.04,3295834.0,41241042.0,449408480.0,0.007333715643282922
2016-07-21,5.04,5.26,5.04,5.14,6049450.0,77583730.0,449408480.0,0.013460916447326495
2016-07-22,5.13,5.16,4.81,4.9,9375540.0,114701855.0,449408480.0,0.02086195614288364
2016-07-25,4.89,4.93,4.8,4.82,4736452.0,56931126.0,449408480.0,0.010539302685165175
2016-07-26,4.82,5.01,4.8,4.98,4112684.0,50081479.0,449408480.0,0.009151327095563483
2016-07-27,4.99,5.06,4.66,4.94,7223086.0,86712626.0,449408480.0,0.016072429251891285
2016-07-28,4.88,4.93,4.86,4.91,2833768.0,34236820.0,449408480.0,0.006305550798685419
2016-07-29,4.93,4.98,4.88,4.96,3562204.0,43485593.0,449408480.0,0.007926428090542484
2016-08-01,4.93,4.96,4.82,4.84,2068163.0,24764343.0,449408480.0,0.0046019670122824565
2016-08-02,4.84,4.93,4.81,4.93,1911320.0,22972355.0,449408480.0,0.004252968257296792
2016-08-03,4.92,4.95,4.89,4.95,2311624.0,28114478.0,449408480.0,0.005143703563404055
2016-08-04,4.94,5.0,4.91,4.96,2776718.0,33939884.0,449408480.0,0.006178606153582148
2016-08-05,4.94,4.99,4.93,4.96,2733770.0,33508335.0,449408480.0,0.00608304053363657
2016-08-08,4.96,5.19,4.9,5.18,7171211.0,89695556.0,449408480.0,0.015956999743307023
2016-08-09,5.14,5.14,5.06,5.11,3560682.0,44833296.0,449408480.0,0.00792304141657496
2016-08-10,5.12,5.26,4.99,5.03,6267072.0,79398181.0,449408480.0,0.013945157421150576
2016-08-11,5.08,5.16,5.02,5.1,7983142.0,100306971.0,449408480.0,0.017763665696739858
2016-08-12,5.07,5.14,4.98,5.1,4520366.0,56423590.0,449408480.0,0.010058479537368764
2016-08-15,5.09,5.18,5.02,5.15,7100845.0,89556108.0,449408480.0,0.01580042503870866
2016-08-16,5.13,5.28,5.12,5.24,9636824.0,123955082.0,449408480.0,0.02144335149172085
2016-08-17,5.28,5.33,5.16,5.24,8673868.0,112625969.0,449408480.0,0.01930063268944102
2016-08-18,5.23,5.23,5.07,5.11,8832191.0,112164489.0,449408480.0,0.01965292466221376
2016-08-19,5.11,5.12,5.06,5.12,4474733.0,56276736.0,449408480.0,0.009956939397316223
2016-08-22,5.12,5.13,4.93,4.97,5547158.0,69243645.0,449408480.0,0.012343242833335055
2016-08-23,4.97,5.07,4.93,4.96,5787116.0,71339404.0,449408480.0,0.012877184693978182
2016-08-24,4.97,5.02,4.95,4.97,3445839.0,42387682.0,449408480.0,0.007667498842033421
2016-08-25,4.95,5.08,4.91,5.01,6652310.0,82340219.0,449408480.0,0.01480236866024424
2016-08-26,5.02,5.06,4.96,4.99,4740139.0,58685182.0,449408480.0,0.010547506802719878
2016-08-29,4.98,5.01,4.95,4.96,3584326.0,44041333.0,449408480.0,0.007975652795870697
2016-08-30,4.97,5.05,4.95,4.99,4163882.0,51482277.0,449408480.0,0.009265250179524872
2016-08-31,5.01,5.03,4.96,5.02,3474665.0,42836201.0,449408480.0,0.007731640933878239
2016-09-01,5.02,5.04,4.97,4.97,2388550.0,29452696.0,449408480.0,0.00531487523332893
2016-09-02,4.93,4.99,4.88,4.93,3189776.0,38898873.0,449408480.0,0.007097720986484278
2016-09-05,4.95,5.0,4.93,4.96,2068863.0,25405976.0,449408480.0,0.0046035246152898585
2016-09-06,4.97,5.01,4.91,5.0,3109303.0,38103767.0,449408480.0,0.006918656719606181
2016-09-07,4.99,5.08,4.96,5.01,5364316.0,66738760.0,449408480.0,0.011936392477507322
2016-09-08,5.01,5.06,4.99,5.03,2375361.0,29481468.0,449408480.0,0.005285527767522322
2016-09-09,5.04,5.06,4.97,4.97,2153202.0,26647276.0,449408480.0,0.004791191301063122
2016-09-12,4.92,4.93,4.82,4.83,3337792.0,40121447.0,449408480.0,0.007427078367546603
2016-09-13,4.84,4.88,4.81,4.84,2267700.0,27144413.0,449408480.0,0.005045966199836728
2016-09-14,4.81,4.87,4.78,4.84,2141235.0,25549334.0,449408480.0,0.004764562965078006
2016-09-19,4.86,4.9,4.84,4.87,1930682.0,23222831.0,449408480.0,0.004296051556481533
2016-09-20,4.87,4.89,4.82,4.86,2787250.0,33414329.0,449408480.0,0.00620204140340209
2016-09-21,4.88,5.04,4.85,4.93,5489534.0,67301850.0,449408480.0,0.012215020953765714
2016-09-22,4.94,4.98,4.91,4.93,2759743.0,33682555.0,449408480.0,0.006140834280652648
2016-09-23,4.94,4.97,4.9,4.91,1900345.0,23172289.0,449408480.0,0.00422854726728788
2016-09-26,4.9,4.91,4.82,4.84,2392926.0,28688408.0,449408480.0,0.005324612477272347
2016-09-27,4.84,4.86,4.8,4.84,1530212.0,18247880.0,449408480.0,0.0034049468759468
2016-09-28,4.85,4.88,4.79,4.84,3097645.0,36966420.0,449408480.0,0.006892715954091476
2016-09-29,4.84,4.89,4.77,4.78,4060672.0,48314883.0,449408480.0,0.009035592741819202
2016-09-30,4.79,4.85,4.78,4.84,2452166.0,29200480.0,449408480.0,0.005456430194641632
2016-10-10,4.85,4.92,4.85,4.9,4778287.0,57759035.0,449408480.0,0.010632391716328984
2016-10-11,4.91,4.92,4.88,4.92,3084532.0,37314772.0,449408480.0,0.006863537599468528
2016-10-12,4.91,4.91,4.85,4.87,3619277.0,43509745.0,449408480.0,0.008053423914030283
2016-10-13,4.87,4.92,4.84,4.91,4850055.0,58485733.0,449408480.0,0.01079208607723646
2016-10-14,4.89,4.91,4.8,4.87,5483918.0,65582809.0,449408480.0,0.012202524527352043
2016-10-17,4.86,4.88,4.83,4.86,2625302.0,31502392.0,449408480.0,0.005841683272198157
2016-10-18,4.86,4.9,4.82,4.89,2419876.0,29108631.0,449408480.0,0.005384580193057327
2016-10-19,4.89,4.93,4.88,4.9,2329426.0,28191076.0,449408480.0,0.005183315633029443
2016-10-20,4.91,4.94,4.88,4.93,3193904.0,38856903.0,449408480.0,0.007106906393933644
2016-10-21,4.94,4.95,4.88,4.92,2802088.0,34001330.0,449408480.0,0.006235058136864707
2016-10-24,4.92,5.02,4.89,5.01,5252086.0,64604801.0,449408480.0,0.0116866642124777
2016-10-25,5.01,5.1,5.0,5.07,5676081.0,70896646.0,449408480.0,0.01263011547979691
2016-10-26,5.07,5.11,5.01,5.02,3476200.0,43406934.0,449408480.0,0.007735056534758757
2016-10-27,5.02,5.05,4.96,4.99,2681778.0,33042853.0,449408480.0,0.0059673506828353574
2016-10-28,4.97,5.01,4.96,4.97,2683622.0,33051984.0,449408480.0,0.005971453854186285
2016-10-31,5.0,5.01,4.92,4.96,2418903.0,29550870.0,449408480.0,0.005382415124877038
2016-11-01,4.99,5.0,4.93,4.98,3185716.0,39036431.0,449408480.0,0.007088686889041346
2016-11-02,4.97,4.98,4.93,4.93,2558470.0,31290477.0,449408480.0,0.00569297223764002
2016-11-03,4.93,4.99,4.91,4.97,3209089.0,39372873.0,449408480.0,0.0071406952534585014
2016-11-04,4.97,5.06,4.96,4.99,3809224.0,47102355.0,449408480.0,0.008476083940383145
2016-11-07,4.98,5.03,4.95,5.01,2952225.0,36390217.0,449408480.0,0.00656913505503946
2016-11-08,5.01,5.03,4.96,4.99,3132412.0,38606752.0,449408480.0,0.006970077645174831
2016-11-09,5.0,5.01,4.86,4.89,4403213.0,53451311.0,449408480.0,0.0097977968729028
2016-11-10,4.93,4.99,4.93,4.98,5450571.0,66889725.0,449408480.0,0.01212832254522656
2016-11-11,4.97,5.12,4.97,5.1,9934654.0,124065972.0,449408480.0,0.022106067068427368
2016-11-14,5.1,5.23,5.03,5.12,8851659.0,112306817.0,449408480.0,0.01969624382699677
2016-11-15,5.13,5.21,5.11,5.15,6036347.0,76804961.0,449408480.0,0.013431760344175082
2016-11-16,5.15,5.16,5.06,5.1,5007650.0,62999404.0,449408480.0,0.011142758142881504
2016-11-17,5.1,5.13,5.05,5.12,3683616.0,46306807.0,449408480.0,0.008196587656734915
2016-11-18,5.12,5.14,5.03,5.03,3161330.0,39596732.0,449408480.0,0.007034424450557764
2016-11-21,5.04,5.17,5.01,5.09,5598617.0,70540605.0,449408480.0,0.012457746680703489
2016-11-22,5.1,5.24,5.07,5.22,8464940.0,108518342.0,449408480.0,0.018835737144968872
2016-11-23,5.23,5.31,5.15,5.28,10503578.0,135914867.0,449408480.0,0.02337200668754626
2016-11-24,5.24,5.43,5.21,5.33,10948683.0,144336930.0,449408480.0,0.02436243081127441
2016-11-25,5.33,5.39,4.98,5.29,9997737.0,130372437.0,449408480.0,0.02224643602630729
2016-11-28,5.27,5.43,5.21,5.21,7052328.0,92097677.0,449408480.0,0.015692467574265623
2016-11-29,5.21,5.3,5.13,5.18,9905406.0,127757918.0,449408480.0,0.022040985964483804
2016-11-30,5.14,5.21,5.06,5.11,5534864.0,70181735.0,449408480.0,0.012315886874230767
2016-12-01,5.12,5.34,5.12,5.33,8651909.0,112065579.0,449408480.0,0.019251770683098815
2016-12-02,5.35,5.37,5.19,5.19,7913266.0,103452502.0,449408480.0,0.017608181314246674
2016-12-05,5.1,5.18,5.08,5.11,7022260.0,89004810.0,449408480.0,0.01562556184965624
2016-12-06,5.16,5.19,5.09,5.13,4194544.0,53181008.0,449408480.0,0.009333477641543391
2016-12-07,5.13,5.64,5.13,5.64,15530009.0,209658257.0,449408480.0,0.03455655531911636
2016-12-08,5.86,6.03,5.78,5.94,32674794.0,474409248.0,449408480.0,0.07270622485806232
2016-12-09,5.89,5.93,5.67,5.69,20298828.0,288264409.0,449408480.0,0.04516787934219666
2016-12-12,5.75,5.87,5.41,5.44,24065602.0,337995717.0,449408480.0,0.053549505785916635
2016-12-13,5.42,5.86,5.25,5.7,24177487.0,334011343.0,449408480.0,0.05379846637517832
2016-12-14,5.59,5.84,5.52,5.56,20550155.0,288476572.0,449408480.0,0.045727118900827146
2016-12-15,5.47,5.95,5.44,5.79,19296993.0,270496533.0,449408480.0,0.042938649043738564
2016-12-16,5.74,5.98,5.7,5.72,19358571.0,278559438.0,449408480.0,0.04307566915515257
2016-12-19,5.64,5.85,5.54,5.81,14985518.0,210812632.0,449408480.0,0.033344982720397265
2016-12-20,5.8,5.8,5.45,5.46,16937572.0,233089744.0,449408480.0,0.03768859012184194
2016-12-21,5.46,5.54,5.37,5.48,8716628.0,117617248.0,449408480.0,0.01939577998172175
2016-12-22,5.48,5.53,5.36,5.45,8589657.0,115335004.0,449408480.0,0.019113250822503394
2016-12-23,5.39,5.42,5.19,5.22,10929635.0,142563811.0,449408480.0,0.024320046208295847
2016-12-26,5.16,5.27,5.15,5.24,5590771.0,71980516.0,449408480.0,0.012440288176137664
2016-12-27,5.24,5.31,5.21,5.22,4774617.0,62058601.0,449408480.0,0.01062422542627589
2016-12-28,5.22,5.26,5.12,5.12,6539125.0,83638067.0,449408480.0,0.014550515379683089
2016-12-29,5.09,5.33,5.09,5.23,7809103.0,100585531.0,449408480.0,0.017376403311303783
2016-12-30,5.22,5.25,5.16,5.16,4389922.0,56252621.0,449408480.0,0.00976822244208654
2017-01-03,5.2,5.29,5.17,5.22,6669144.0,86116018.0,449408480.0,0.014839826787425106
2017-01-04,5.19,5.31,5.19,5.29,5455412.0,70772777.0,449408480.0,0.012139094482596324
2017-01-05,5.27,5.35,5.25,5.33,5890720.0,77258899.0,449408480.0,0.013107718839662304
2017-01-06,5.31,5.33,5.21,5.24,5832851.0,75768432.0,449408480.0,0.012978951799040375
2017-01-09,5.25,5.38,5.21,5.37,8186031.0,107713777.0,449408480.0,0.01821512357755243
2017-01-10,5.36,5.53,5.33,5.42,9609114.0,128727450.0,449408480.0,0.021381692664099262
2017-01-11,5.4,5.87,5.4,5.58,17836908.0,249335690.0,449408480.0,0.039689745062220456
2017-01-12,5.52,5.64,5.42,5.44,8747829.0,119493672.0,449408480.0,0.019465206798055967
2017-01-13,5.43,5.44,5.27,5.27,5986632.0,78943630.0,449408480.0,0.013321137153442231
2017-01-16,5.28,5.44,4.74,5.14,14318670.0,182221705.0,449408480.0,0.031861147791425744
2017-01-17,5.08,5.12,4.84,5.05,7991926.0,98542354.0,449408480.0,0.0177832113893356
2017-01-18,5.01,5.26,4.97,5.19,11195163.0,142498320.0,449408480.0,0.02491088508165222
2017-01-19,5.16,5.2,5.03,5.13,4826004.0,61037747.0,449408480.0,0.010738569063049277
2017-01-20,5.12,5.25,5.1,5.18,4642962.0,59748744.0,449408480.0,0.01033127367779086
2017-01-23,5.18,5.39,5.18,5.35,5161024.0,67804329.0,449408480.0,0.011484037862391916
2017-01-24,5.35,5.51,5.32,5.43,6776173.0,90875726.0,449408480.0,0.01507798206210973
2017-01-25,5.42,5.43,5.31,5.38,2880630.0,38168541.0,449408480.0,0.006409825644589528
2017-01-26,5.37,5.57,5.35,5.49,5028260.0,67887835.0,449408480.0,0.011188618425713729
2017-02-03,5.51,5.56,5.42,5.44,4149409.0,56294669.0,449408480.0,0.009233045624773258
2017-02-06,5.42,5.44,5.29,5.44,6019232.0,79680614.0,449408480.0,0.0133936769506441
2017-02-07,5.42,5.48,5.38,5.45,4561498.0,61288235.0,449408480.0,0.010150004290083711
2017-02-08,5.45,5.52,5.4,5.5,3961724.0,53439129.0,449408480.0,0.008815418881281458
2017-02-09,5.51,5.61,5.47,5.5,6690103.0,91614949.0,449408480.0,0.014886463646613878
2017-02-10,5.5,5.71,5.45,5.69,14079579.0,194406655.0,449408480.0,0.03132913513336464
2017-02-13,5.68,5.68,5.59,5.63,7317444.0,101705475.0,449408480.0,0.016282389686994782
2017-02-14,5.63,5.77,5.6,5.74,9075888.0,127880341.0,449408480.0,0.02019518634806357
2017-02-15,5.7,5.73,5.54,5.55,7153338.0,99297442.0,449408480.0,0.015917229688233742
2017-02-16,5.53,5.7,5.51,5.58,4920038.0,67996743.0,449408480.0,0.01094780855047506
2017-02-17,5.58,5.63,5.47,5.47,4859112.0,66445674.0,449408480.0,0.01081223923500509
2017-02-20,5.47,5.65,5.47,5.64,5657370.0,77930280.0,449408480.0,0.012588480751409052
2017-02-21,5.67,5.8,5.63,5.73,9381449.0,132547287.0,449408480.0,0.02087510453741327
2017-02-22,5.72,5.97,5.66,5.9,13236328.0,190948305.0,449408480.0,0.02945277757108633
2017-02-23,5.87,5.92,5.7,5.87,6292454.0,90546180.0,449408480.0,0.014001636106198975
2017-02-24,5.87,5.97,5.69,5.72,8702155.0,124473906.0,449408480.0,0.019363575426970137
2017-02-27,5.67,5.71,5.5,5.52,9918448.0,136717339.0,449408480.0,0.022070006333658857
2017-02-28,5.52,5.59,5.51,5.58,5030836.0,69059773.0,449408480.0,0.01119435040478097
2017-03-01,5.58,5.62,5.54,5.55,4503449.0,62088812.0,449408480.0,0.010020836722974163
2017-03-02,5.59,5.64,5.53,5.55,3588788.0,49423789.0,449408480.0,0.007985581402469308
2017-03-03,5.52,5.54,5.38,5.43,6052964.0,81103932.0,449408480.0,0.013468735614423653
2017-03-06,5.43,5.55,5.43,5.55,4219928.0,57132110.0,449408480.0,0.009389960776886096
2017-03-07,5.55,5.59,5.52,5.59,4539033.0,62259854.0,449408480.0,0.010100016359281871
2017-03-08,5.59,5.6,5.52,5.55,4589743.0,63037368.0,449408480.0,0.010212853571432387
2017-03-09,5.52,5.55,5.35,5.43,5946688.0,79770962.0,449408480.0,0.013232255875545561
2017-03-10,5.44,5.46,5.4,5.44,3218437.0,43129531.0,449408480.0,0.00716149592904878
2017-03-13,5.42,5.47,5.35,5.46,3644396.0,48624139.0,449408480.0,0.00810931738537733
2017-03-14,5.46,5.48,5.4,5.41,3212655.0,43109229.0,449408480.0,0.0071486301282076385
2017-03-15,5.39,5.46,5.38,5.4,2544462.0,34014351.0,449408480.0,0.005661802376314751
2017-03-16,5.4,5.54,5.4,5.51,3780965.0,51049997.0,449408480.0,0.008413203506974323
2017-03-17,5.49,5.53,5.48,5.5,3514085.0,47768366.0,449408480.0,0.007819356234666511
2017-03-20,5.53,5.56,5.48,5.55,3948810.0,53942056.0,449408480.0,0.008786683330942041
2017-03-21,5.55,5.59,5.5,5.53,4398168.0,60113141.0,449408480.0,0.009786571005513736
2017-03-22,5.49,5.51,5.12,5.37,5592186.0,74603022.0,449408480.0,0.01244343675935977
2017-03-23,5.37,5.42,5.29,5.38,3147194.0,41807683.0,449408480.0,0.007002969770396856
2017-03-24,5.39,5.41,5.36,5.41,3568906.0,47477148.0,449408480.0,0.007941341026764782
2017-03-27,5.4,5.4,5.29,5.31,4828745.0,63482708.0,449408480.0,0.010744668191396833
2017-03-28,5.32,5.34,5.27,5.31,3913329.0,51272366.0,449408480.0,0.008707732884791137
2017-03-29,5.31,5.36,5.26,5.33,4365458.0,57237376.0,449408480.0,0.009713786442124991
2017-03-30,5.33,5.34,5.17,5.21,6214534.0,80209287.0,449408480.0,0.01382825264000359
2017-03-31,5.22,5.34,5.19,5.27,5212208.0,67748297.0,449408480.0,0.011597929794293155
2017-04-05,5.27,5.34,5.25,5.3,5530338.0,72457424.0,449408480.0,0.012305815858214336
2017-04-06,5.31,5.44,5.31,5.42,5860023.0,77920092.0,449408480.0,0.013039413497493416
2017-04-07,5.41,5.49,5.38,5.46,6042538.0,81273703.0,449408480.0,0.013445536230201977
2017-04-10,5.47,5.47,5.35,5.39,4373677.0,58227408.0,449408480.0,0.009732074926579045
2017-04-11,5.39,5.42,5.29,5.39,4626703.0,61088868.0,449408480.0,0.010295095010223215
2017-04-12,5.38,5.38,5.3,5.3,3908740.0,51384456.0,449408480.0,0.00869752168450404
2017-04-13,5.3,5.43,5.29,5.34,5248714.0,69448402.0,449408480.0,0.011679161016276328
2017-04-14,5.34,5.38,5.23,5.23,3545050.0,46173800.0,449408480.0,0.007888257916272519
2017-04-17,5.23,5.28,5.19,5.2,3359809.0,43294420.0,449408480.0,0.0074760694324237055
2017-04-18,5.21,5.28,5.13,5.14,3018960.0,38847015.0,449408480.0,0.0067176302503237145
2017-04-19,5.13,5.13,4.78,4.92,10404842.0,126491044.0,449408480.0,0.023152304558205043
2017-04-20,4.91,4.91,4.8,4.86,5130970.0,61620435.0,449408480.0,0.011417163289842684
2017-04-21,4.88,4.98,4.85,4.93,4078078.0,49631207.0,449408480.0,0.009074323653171831
2017-04-24,4.92,4.92,4.74,4.76,4879509.0,57774099.0,449408480.0,0.010857625561493632
2017-04-25,4.78,4.86,4.76,4.82,2837019.0,33762197.0,449408480.0,0.006312784752081225
2017-04-26,4.82,4.84,4.77,4.78,2288763.0,27157519.0,449408480.0,0.005092834474329456
2017-04-27,4.81,4.81,4.68,4.78,3058526.0,35736525.0,449408480.0,0.006805670422596387
2017-04-28,4.77,4.92,4.75,4.84,3525776.0,42237681.0,449408480.0,0.00784537043003728
2017-05-02,4.82,4.85,4.74,4.82,2960125.0,35079299.0,449408480.0,0.0065867137175515695
2017-05-03,4.82,4.84,4.78,4.78,2057895.0,24430419.0,449408480.0,0.004579119201311021
2017-05-04,4.76,4.84,4.73,4.78,3083340.0,36425657.0,449408480.0,0.006860885224061638
2017-05-05,4.77,4.81,4.74,4.77,1949973.0,22962966.0,449408480.0,0.004338976870218381
2017-05-08,4.76,4.78,4.7,4.71,1942428.0,22740027.0,449408480.0,0.004322188134945741
2017-05-09,4.71,4.74,4.6,4.69,3521596.0,40435867.0,449408480.0,0.007836069314935936
2017-05-10,4.69,4.72,4.61,4.63,3053554.0,35137824.0,449408480.0,0.0067946069909495255
2017-05-11,4.62,4.63,4.39,4.53,3482778.0,38850423.0,449408480.0,0.00774969355273403
2017-05-12,4.53,4.53,4.45,4.46,2722501.0,30118412.0,449408480.0,0.00605796535036455
2017-05-15,4.46,4.49,4.42,4.42,2180994.0,24005502.0,449408480.0,0.004853032590751292
2017-05-16,4.42,4.51,4.36,4.5,2575205.0,28091933.0,449408480.0,0.005730210075252697
2017-05-17,4.5,4.59,4.49,4.51,2997881.0,33537427.0,449408480.0,0.006670726373476531
2017-05-18,4.48,4.55,4.47,4.5,1552294.0,17268842.0,449408480.0,0.0034540825753888757
2017-05-19,4.51,4.54,4.5,4.52,1390980.0,15515675.0,449408480.0,0.0030951351874802186
2017-05-22,4.51,4.61,4.51,4.52,2814222.0,31693285.0,449408480.0,0.006262058072424446
2017-05-23,4.51,4.52,4.37,4.37,2979590.0,32672891.0,449408480.0,0.006630026206893114
2017-05-24,4.38,4.42,4.29,4.39,3528691.0,37917866.0,449408480.0,0.007851856733989531
2017-05-25,4.37,4.48,4.32,4.44,2876948.0,31349697.0,449408480.0,0.006401632652770593
2017-05-26,4.44,4.48,4.43,4.44,2051967.0,22552517.0,449408480.0,0.004565928528985479
2017-05-31,4.48,4.55,4.48,4.49,2371649.0,26411693.0,449408480.0,0.005277268021288784
2017-06-01,4.5,4.5,4.41,4.41,1500267.0,16531192.0,449408480.0,0.0033383148444372924
2017-06-02,4.42,4.5,4.39,4.46,2098149.0,22984241.0,449408480.0,0.004668690274825255
2017-06-05,4.48,4.54,4.47,4.52,2201590.0,24559974.0,449408480.0,0.004898861721523368
2017-06-06,4.53,4.54,4.5,4.53,1146423.0,12806323.0,449408480.0,0.0025509598750784587
2017-06-07,4.53,4.59,4.52,4.58,3190880.0,35977875.0,449408480.0,0.0071001775489416665
2017-06-08,4.58,4.61,4.54,4.57,2626019.0,29611950.0,449408480.0,0.005843278702707167
2017-06-09,4.57,4.57,4.53,4.54,2034415.0,22864066.0,449408480.0,0.004526872746148448
2017-06-12,4.52,4.56,4.42,4.52,4403042.0,48743871.0,449408480.0,0.009797416372739561
2017-06-13,4.48,4.53,4.46,4.52,3501653.0,38886841.0,449408480.0,0.00779169320525505
2017-06-14,4.52,4.71,4.5,4.59,5115658.0,58114487.0,449408480.0,0.01138309183662934
2017-06-15,4.57,4.64,4.54,4.63,4026333.0,45617918.0,449408480.0,0.008959183413717516
2017-06-16,4.61,4.62,4.55,4.56,2977160.0,33636465.0,449408480.0,0.006624619099310275
2017-06-19,4.57,4.64,4.56,4.64,3564091.0,39812052.0,449408480.0,0.00793062694322101
2017-06-20,4.64,4.71,4.6,4.66,4142398.0,46930584.0,449408480.0,0.009217445118080548
2017-06-21,4.66,4.73,4.64,4.68,3050819.0,34659825.0,449408480.0,0.00678852121348489
2017-06-22,4.68,4.7,4.63,4.63,3283438.0,37235663.0,449408480.0,0.007306132719168984
2017-06-23,4.62,4.64,4.53,4.58,3148361.0,34993100.0,449408480.0,0.00700556651712491
2017-06-26,4.58,4.68,4.58,4.68,2660886.0,29986880.0,449408480.0,0.005920862908505865
2017-06-27,4.68,4.7,4.66,4.7,3223774.0,36612591.0,449408480.0,0.007173371539406644
2017-06-28,4.7,4.84,4.67,4.79,8176273.0,94875211.0,449408480.0,0.018193410591629246
2017-06-29,4.78,4.84,4.75,4.78,3608237.0,41894527.0,449408480.0,0.008028858289456398
2017-06-30,4.75,4.79,4.73,4.78,2570024.0,29698915.0,449408480.0,0.005718681587850768
2017-07-03,4.79,4.9,4.76,4.84,7165343.0,84336788.0,449408480.0,0.015943942579810688
2017-07-04,4.84,4.85,4.74,4.77,3826239.0,44487924.0,449408480.0,0.008513944819198782
2017-07-05,4.75,4.86,4.75,4.86,4180932.0,48898773.0,449408480.0,0.009303188938490881
2017-07-06,4.85,4.9,4.82,4.9,4846934.0,57211023.0,449408480.0,0.0107851413929706
2017-07-07,4.9,4.93,4.83,4.92,4607355.0,54526652.0,449408480.0,0.010252042863098623
2017-07-10,4.91,5.08,4.87,5.0,9136336.0,111141620.0,449408480.0,0.0203296920431942
2017-07-11,4.98,5.01,4.85,4.86,6347989.0,75611128.0,449408480.0,0.014125209653364796
2017-07-12,4.87,4.93,4.77,4.93,5177099.0,60890220.0,449408480.0,0.011519807102883329
2017-07-13,4.93,5.06,4.89,5.05,7168721.0,86813537.0,449408480.0,0.01595145912689498
2017-07-14,5.04,5.04,4.98,5.02,3716472.0,45151659.0,449408480.0,0.008269697091608063
2017-07-17,5.02,5.02,4.77,4.85,5379972.0,63741294.0,449408480.0,0.011971229381341446
2017-07-18,4.85,5.07,4.82,5.04,7313723.0,87544392.0,449408480.0,0.01627410991443686
2017-07-19,5.03,5.31,5.01,5.21,15438811.0,193867280.0,449408480.0,0.034353626349017716
2017-07-20,5.16,5.22,5.09,5.15,8476087.0,105825277.0,449408480.0,0.018860540860288173
2017-07-21,5.13,5.13,5.02,5.09,8846674.0,108627945.0,449408480.0,0.019685151468436912
2017-07-24,5.07,5.15,5.05,5.15,7258004.0,89958845.0,449408480.0,0.016150126940194808
2017-07-25,5.15,5.16,4.99,5.11,8045769.0,98853510.0,449408480.0,0.017903019987517813
2017-07-26,5.1,5.12,5.0,5.07,6221316.0,76553871.0,449408480.0,0.013843343587998162
2017-07-27,5.04,5.23,5.04,5.11,11404890.0,142574056.0,449408480.0,0.02537755851869996
2017-07-28,5.07,5.2,5.01,5.19,10046247.0,124554778.0,449408480.0,0.022354377914720256
2017-07-31,5.18,5.54,5.17,5.37,20951844.0,272290483.0,449408480.0,0.04662093603574192
2017-08-01,5.34,5.36,5.22,5.27,11447833.0,146355837.0,449408480.0,0.02547311301290977
2017-08-02,5.23,5.41,5.22,5.28,12584439.0,162298239.0,449408480.0,0.02800222861838299
2017-08-03,5.24,5.5,5.2,5.47,14976183.0,194749316.0,449408480.0,0.03332421097171998
2017-08-04,5.57,6.02,5.53,5.58,42755396.0,603439133.0,449408480.0,0.0951370477032387
2017-08-07,5.73,6.0,5.54,5.93,32680360.0,460017637.0,449408480.0,0.07271861002711831
2017-08-08,5.86,5.86,5.62,5.68,24464954.0,339575849.0,449408480.0,0.05443812275193383
2017-08-09,5.61,5.84,5.49,5.75,19382740.0,265163191.0,449408480.0,0.04312944873670386
2017-08-10,5.64,5.69,5.51,5.52,13191066.0,179064166.0,449408480.0,0.02935206296062771
2017-08-11,5.38,5.44,5.02,5.11,16485946.0,210056325.0,449408480.0,0.03668365581352626
2017-08-14,5.08,5.22,5.06,5.14,9192949.0,114682734.0,449408480.0,0.02045566429899142
2017-08-15,5.11,5.16,5.03,5.11,7932090.0,98107712.0,449408480.0,0.017650067484262868
2017-08-16,5.11,5.13,5.04,5.09,5915958.0,72875016.0,449408480.0,0.01316387710352061
2017-08-17,5.15,5.18,5.1,5.15,7852836.0,97733318.0,449408480.0,0.017473715671764804
2017-08-18,5.15,5.22,5.13,5.19,7833616.0,98430961.0,449408480.0,0.01743094834347585
2017-08-21,5.25,5.39,5.2,5.38,10001565.0,128556255.0,449408480.0,0.02225495388961063
2017-08-22,5.38,5.38,5.24,5.28,7045789.0,90467237.0,449408480.0,0.01567791733702933
2017-08-23,5.21,5.22,5.11,5.13,6728600.0,84076718.0,449408480.0,0.014972125136579532
2017-08-24,5.13,5.2,5.12,5.13,4384402.0,54819371.0,449408480.0,0.009755939629799598
2017-08-25,5.15,5.34,5.14,5.24,7623252.0,97072842.0,449408480.0,0.016962857487691375
2017-08-28,5.2,5.34,5.15,5.29,6775331.0,86538058.0,449408480.0,0.015076108488206542
2017-08-29,5.27,5.39,5.23,5.26,9553808.0,123034692.0,449408480.0,0.021258628675631577
2017-08-30,5.26,5.55,5.24,5.45,17299211.0,226775625.0,449408480.0,0.03849329011326177
2017-08-31,5.42,5.54,5.37,5.51,12922050.0,171180933.0,449408480.0,0.02875346277400017
2017-09-01,5.48,5.82,5.48,5.68,20882711.0,288133869.0,449408480.0,0.046467104937583735
2017-09-04,5.74,5.79,5.55,5.62,13772921.0,189049544.0,449408480.0,0.03064677595758763
2017-09-05,5.58,5.6,5.44,5.48,9102900.0,121559588.0,449408480.0,0.020255292022972063
2017-09-06,5.48,6.03,5.45,6.03,17256622.0,245306249.0,449408480.0,0.038398523321144275
2017-09-07,6.23,6.38,6.05,6.35,48717343.0,734515708.0,449408480.0,0.10840325709919849
2017-09-08,6.18,6.21,5.98,6.02,27502610.0,407844817.0,449408480.0,0.0611973543534381
2017-09-11,5.86,6.04,5.8,6.0,18650148.0,267540716.0,449408480.0,0.04149932373327713
2017-09-12,6.02,6.23,5.95,6.02,22998877.0,338890464.0,449408480.0,0.051175885688672366
2017-09-13,6.0,6.22,5.94,5.98,18730132.0,275650873.0,449408480.0,0.0416772999031972
2017-09-14,6.01,6.14,5.86,5.93,13938600.0,201641278.0,449408480.0,0.031015436112821013
2017-09-15,5.9,5.9,5.53,5.63,19156701.0,263833949.0,449408480.0,0.042626478699289344
2017-09-18,5.56,5.75,5.54,5.74,7956271.0,109504192.0,449408480.0,0.017703873767579998
2017-09-19,5.71,5.76,5.6,5.65,6691700.0,91982281.0,449408480.0,0.014890017206617909
2017-09-20,5.67,5.8,5.65,5.76,11073220.0,154006230.0,449408480.0,0.024639543962321316
2017-09-21,5.73,5.79,5.63,5.64,8539801.0,117851516.0,449408480.0,0.019002313886021912
2017-09-22,5.57,5.81,5.54,5.69,10424479.0,143870898.0,449408480.0,0.023195999772856978
2017-09-25,5.63,5.71,5.57,5.57,6254255.0,85245886.0,449408480.0,0.013916637710085044
2017-09-26,5.57,5.76,5.55,5.72,8776806.0,121333306.0,449408480.0,0.019529684887120955
2017-09-27,5.73,5.89,5.71,5.82,11862041.0,167627952.0,449408480.0,0.026394786765038345
2017-09-28,5.81,5.81,5.64,5.64,8144220.0,112730950.0,449408480.0,0.018122087949920304
2017-09-29,5.7,5.74,5.61,5.66,7388344.0,101565599.0,449408480.0,0.016440152620173076
2017-10-09,5.73,5.82,5.7,5.74,6383793.0,88925830.0,449408480.0,0.01420487882204626
2017-10-10,5.74,5.74,5.6,5.62,8313912.0,113581714.0,449408480.0,0.018499677620680412
2017-10-11,5.61,5.71,5.6,5.63,4907312.0,67200945.0,449408480.0,0.01091949132780049
2017-10-12,5.61,5.69,5.53,5.67,6964245.0,94779317.0,449408480.0,0.01549646993754991
2017-10-13,5.68,5.69,5.59,5.64,5609000.0,76536055.0,449408480.0,0.012480850383597569
2017-10-16,5.63,5.7,5.54,5.57,5824400.0,79387696.0,449408480.0,0.012960147080446724
2017-10-17,5.55,5.55,5.46,5.48,3653800.0,48683212.0,449408480.0,0.0081302426692082
2017-10-18,5.48,5.51,5.28,5.29,6212749.0,81061452.0,449408480.0,0.013824280752334713
2017-10-19,5.28,5.3,5.17,5.2,4022892.0,50924589.0,449408480.0,0.008951526682362558
2017-10-20,5.2,5.33,5.19,5.32,3047601.0,38974359.0,449408480.0,0.006781360689945147
2017-10-23,5.26,5.34,5.26,5.32,1995599.0,25707970.0,449408480.0,0.004440501434240849
2017-10-24,5.32,5.42,5.31,5.33,2453831.0,31809941.0,449408480.0,0.005460135064652096
2017-10-25,5.31,5.38,5.31,5.33,2203902.0,28509275.0,449408480.0,0.004904006261742102
2017-10-26,5.31,5.41,5.3,5.39,4132695.0,53718017.0,449408480.0,0.009195854515250802
2017-10-27,5.34,5.38,5.31,5.32,3468212.0,44858927.0,449408480.0,0.007717282059297145
2017-10-30,5.3,5.33,4.98,5.07,5191045.0,64319566.0,449408480.0,0.011550839005085084
2017-10-31,5.08,5.14,5.04,5.09,3245864.0,40051185.0,449408480.0,0.007222525040025947
2017-11-01,5.08,5.14,5.06,5.08,4030387.0,49817774.0,449408480.0,0.008968204160277528
2017-11-02,5.08,5.08,4.9,4.94,7481792.0,89963407.0,449408480.0,0.01664808817136695
2017-11-03,4.94,4.97,4.79,4.85,4688191.0,55449237.0,449408480.0,0.010431914858393416
2017-11-06,4.85,4.96,4.83,4.93,3161314.0,37567146.0,449408480.0,0.00703438884820331
2017-11-07,4.92,5.1,4.91,5.01,5453316.0,66299240.0,449408480.0,0.012134430574162731
2017-11-08,4.99,5.08,4.97,5.0,3247404.0,39561295.0,449408480.0,0.007225951766642232
2017-11-09,5.03,5.06,5.0,5.02,2755904.0,33662894.0,449408480.0,0.006132291940730624
2017-11-10,5.03,5.04,4.99,4.99,2287900.0,27755420.0,449408480.0,0.005090914172336045
2017-11-13,4.97,5.15,4.97,5.14,6146428.0,75707312.0,449408480.0,0.01367670676797198
2017-11-14,5.14,5.21,5.06,5.08,5203035.0,64847663.0,449408480.0,0.01157751851945473
2017-11-15,5.04,5.08,4.95,4.96,3455467.0,41884625.0,449408480.0,0.00768892255882666
2017-11-16,4.95,5.03,4.95,5.01,2205409.0,26704746.0,449408480.0,0.0049073595585023225
2017-11-17,5.02,5.02,4.8,4.8,4374541.0,51783498.0,449408480.0,0.00973399745371961
2017-11-20,4.79,4.87,4.74,4.87,3081462.0,35862247.0,449408480.0,0.006856706397707493
2017-11-21,4.87,4.89,4.83,4.83,2339901.0,27528964.0,449408480.0,0.005206624049461639
2017-11-22,4.87,4.93,4.82,4.88,4582467.0,54168334.0,449408480.0,0.010196663400744018
2017-11-23,4.9,4.93,4.79,4.8,3658400.0,43254456.0,449408480.0,0.008140478346113986
2017-11-24,4.81,4.84,4.64,4.82,2046899.0,23627266.0,449408480.0,0.004554651483211888
2017-11-27,4.84,4.97,4.84,4.9,4079001.0,48594889.0,449408480.0,0.009076377463994449
2017-11-28,4.9,5.01,4.8,4.99,5824751.0,69522835.0,449408480.0,0.012960928107097579
2017-11-29,4.96,5.19,4.94,5.18,11333485.0,140616406.0,449408480.0,0.02521867188620918
2017-11-30,5.13,5.2,5.06,5.06,6173820.0,76530473.0,449408480.0,0.013737657998798777
2017-12-01,5.06,5.1,5.02,5.08,3373539.0,41413668.0,449408480.0,0.00750662070284032
2017-12-04,5.09,5.14,5.02,5.08,5441130.0,67166718.0,449408480.0,0.012107314930951013
2017-12-05,5.07,5.08,4.87,4.91,4897539.0,59000906.0,449408480.0,0.010897744964670003
2017-12-06,4.87,4.9,4.78,4.85,3237521.0,37947752.0,449408480.0,0.007203960637324868
2017-12-07,4.83,4.87,4.79,4.8,2338341.0,27412281.0,449408480.0,0.005203152819902286
2017-12-08,4.8,4.87,4.75,4.85,3584140.0,41984630.0,449408480.0,0.007975238918500159
2017-12-11,4.84,4.88,4.81,4.87,2246400.0,26381029.0,449408480.0,0.004998570565468635
2017-12-12,4.88,4.9,4.78,4.78,2965800.0,34812902.0,449408480.0,0.006599341427647293
2017-12-13,4.79,4.79,4.7,4.76,2788952.0,32053484.0,449408480.0,0.00620582860385723
2017-12-14,4.74,4.76,4.67,4.7,2811700.0,32155605.0,449408480.0,0.006256446251303492
2017-12-15,4.68,4.7,4.63,4.66,1975610.0,22349720.0,449408480.0,0.004396022967790906
2017-12-18,4.69,4.72,4.66,4.71,2153700.0,24505209.0,449408480.0,0.004792299424345531
2017-12-19,4.73,4.74,4.68,4.71,1750306.0,19972138.0,449408480.0,0.003894688413534164
2017-12-20,4.71,4.72,4.64,4.64,1745495.0,19790982.0,449408480.0,0.003883983230579005
2017-12-21,4.65,4.7,4.62,4.68,1347400.0,15241213.0,449408480.0,0.0029981632745336713
2017-12-22,4.68,4.7,4.65,4.68,2126975.0,24142950.0,449408480.0,0.004732832366670073
2017-12-25,4.68,4.68,4.59,4.59,2388676.0,26729121.0,449408480.0,0.005315155601870263
2017-12-26,4.58,4.62,4.57,4.61,1769870.0,19731239.0,449408480.0,0.003938221192443899
2017-12-27,4.62,4.69,4.59,4.64,2299100.0,25893252.0,449408480.0,0.005115835820454479
2017-12-28,4.64,4.75,4.64,4.73,5051956.0,57599829.0,449408480.0,0.011241345512661443
2017-12-29,4.72,4.75,4.67,4.71,2603211.0,29687079.0,449408480.0,0.005792527546431701
2018-01-02,4.72,4.88,4.68,4.83,5377177.0,62405501.0,449408480.0,0.011965010095047605
2018-01-03,4.8,4.85,4.78,4.81,4553994.0,53128281.0,449408480.0,0.010133306785844362
2018-01-04,4.79,4.94,4.79,4.87,5806328.0,68581229.0,449408480.0,0.01291993422108991
2018-01-05,4.85,4.88,4.82,4.83,3787077.0,44485763.0,449408480.0,0.008426803606376097
2018-01-08,4.82,4.92,4.8,4.89,5537826.0,65543966.0,449408480.0,0.01232247776009923
2018-01-09,4.89,4.89,4.82,4.83,3280700.0,38560521.0,449408480.0,0.007300040266262888
2018-01-10,4.82,4.85,4.74,4.76,3546759.0,41231821.0,449408480.0,0.007892060692757734
2018-01-11,4.75,4.8,4.74,4.77,2559948.0,29577461.0,449408480.0,0.005696261005132791
2018-01-12,4.78,4.87,4.77,4.8,3472694.0,40516763.0,449408480.0,0.0077272551688388254
2018-01-15,4.8,4.81,4.6,4.61,4333711.0,48950912.0,449408480.0,0.009643144695445
2018-01-16,4.63,4.69,4.61,4.66,2176094.0,24519645.0,449408480.0,0.004842129369699477
2018-01-17,4.66,4.71,4.6,4.68,3113791.0,35174186.0,449408480.0,0.006928643180030782
2018-01-18,4.66,4.84,4.66,4.78,4529587.0,52216453.0,449408480.0,0.010078997619270558
2018-01-19,4.82,4.87,4.79,4.84,5042952.0,59045925.0,449408480.0,0.011221310287691945
2018-01-22,4.83,4.93,4.8,4.89,5806315.0,68747517.0,449408480.0,0.012919905294176914
2018-01-23,4.9,4.9,4.81,4.85,3997845.0,46933261.0,449408480.0,0.008895793421610558
2018-01-24,4.85,4.9,4.82,4.87,4119311.0,48488550.0,449408480.0,0.009166073145749274
2018-01-25,4.83,4.94,4.81,4.9,5540441.0,65675738.0,449408480.0,0.012328296519905454
2018-01-26,4.87,4.88,4.81,4.84,4563014.0,53593851.0,449408480.0,0.010153377613168315
2018-01-29,4.9,4.98,4.88,4.94,9357793.0,111935614.0,449408480.0,0.02082246645635169
2018-01-30,4.94,4.94,4.86,4.92,4540052.0,54021479.0,449408480.0,0.010102283784231218
2018-01-31,4.87,4.87,4.74,4.78,5507581.0,64008323.0,449408480.0,0.012255178184443693
2018-02-01,4.78,4.94,4.68,4.69,6402475.0,74794652.0,449408480.0,0.014246449021166667
2018-02-02,4.65,4.81,4.52,4.78,5649233.0,63740433.0,449408480.0,0.01257037472902158
2018-02-05,4.69,4.94,4.66,4.89,8112453.0,95578425.0,449408480.0,0.018051401700297245
2018-02-06,4.8,4.91,4.58,4.62,8323834.0,96388363.0,449408480.0,0.018521755530736757
2018-02-07,4.7,4.81,4.61,4.65,5553203.0,63251913.0,449408480.0,0.012356693847877548
2018-02-08,4.66,4.68,4.57,4.64,4091901.0,45936545.0,449408480.0,0.009105081862273715
2018-02-09,4.55,4.65,4.33,4.38,6219512.0,67896555.0,449408480.0,0.01383932942253337
2018-02-12,4.39,4.44,4.33,4.42,3715136.0,39572868.0,449408480.0,0.008266724295011078
2018-02-13,4.44,4.52,4.41,4.43,2942800.0,31794199.0,449408480.0,0.0065481630431183675
2018-02-14,4.42,4.58,4.4,4.52,3119994.0,33987232.0,449408480.0,0.006942445767823518
2018-02-22,4.54,4.57,4.5,4.57,3198405.0,35231582.0,449408480.0,0.007116921781271239
2018-02-23,4.57,4.64,4.54,4.62,3538218.0,39298151.0,449408480.0,0.007873055710920274
2018-02-26,4.65,4.69,4.61,4.67,3659381.0,41224432.0,449408480.0,0.0081426612154715
2018-02-27,4.64,4.65,4.59,4.61,3125400.0,35001626.0,449408480.0,0.006954474913334969
2018-02-28,4.57,4.65,4.55,4.64,2158494.0,24152857.0,449408480.0,0.004802966779799082
2018-03-01,4.62,4.67,4.59,4.64,2518745.0,28291522.0,449408480.0,0.005604578266969951
2018-03-02,4.56,4.61,4.56,4.59,1959542.0,21780644.0,449408480.0,0.004360269303329568
2018-03-05,4.58,4.63,4.5,4.53,2635404.0,29096709.0,449408480.0,0.005864161708742123
2018-03-06,4.54,4.61,4.49,4.61,3792903.0,41905877.0,449408480.0,0.00843976731369199
2018-03-07,4.61,4.67,4.61,4.64,4205229.0,47330542.0,449408480.0,0.009357253338877807
2018-03-08,4.61,4.76,4.59,4.7,8105187.0,92117051.0,449408480.0,0.01803523378108041
2018-03-09,4.7,4.75,4.62,4.74,5541404.0,62726195.0,449408480.0,0.012330439336614209
2018-03-12,4.74,4.76,4.7,4.75,3775231.0,43340084.0,449408480.0,0.008400444513196546
2018-03-13,4.73,4.75,4.67,4.67,3291501.0,37590292.0,449408480.0,0.007324074080667103
2018-03-14,4.67,4.72,4.65,4.71,3189174.0,36287085.0,449408480.0,0.007096381447897912
2018-03-15,4.69,4.75,4.64,4.69,2871245.0,32621741.0,449408480.0,0.006388942638554573
2018-03-16,4.66,4.7,4.64,4.65,2059064.0,23322720.0,449408480.0,0.004581720398333383
2018-03-19,4.59,4.64,4.55,4.57,2942331.0,32805666.0,449408480.0,0.006547119449103408
2018-03-20,4.57,4.59,4.54,4.58,1935200.0,21454983.0,449408480.0,0.004306104771320737
2018-03-21,4.59,4.61,4.58,4.59,2014600.0,22443822.0,449408480.0,0.004482781455303202
2018-03-22,4.6,4.61,4.55,4.56,1523203.0,16887567.0,449408480.0,0.0033893508195483985
2018-03-23,4.45,4.45,4.1,4.1,7200010.0,73838013.0,449408480.0,0.0160210817561787
2018-03-26,4.09,4.12,3.96,4.1,2993584.0,29441621.0,449408480.0,0.006661164916158235
2018-03-27,4.12,4.22,4.12,4.19,2949401.0,29888684.0,449408480.0,0.006562851239478169
2018-03-28,4.17,4.17,4.1,4.13,2203919.0,22104231.0,449408480.0,0.00490404408924371
2018-03-29,4.14,4.25,4.11,4.23,4111479.0,41879956.0,449408480.0,0.009148645793243598
2018-03-30,4.2,4.23,4.19,4.23,2533206.0,25878735.0,449408480.0,0.005636756119955725
2018-04-02,4.25,4.34,4.23,4.27,4114900.0,42742919.0,449408480.0,0.009156258021655489
2018-04-03,4.25,4.31,4.19,4.28,2631295.0,26977334.0,449408480.0,0.005855018579088672
2018-04-04,4.26,4.29,4.17,4.18,1985004.0,20389114.0,449408480.0,0.004416926000150242
2018-04-09,4.17,4.19,4.11,4.17,2713402.0,27309723.0,449408480.0,0.006037718736415476
2018-04-10,4.18,4.28,4.17,4.27,3137897.0,32345166.0,449408480.0,0.006982282577311403
2018-04-11,4.29,4.31,4.25,4.26,2301756.0,23860176.0,449408480.0,0.0051217458112939925
2018-04-12,4.26,4.3,4.25,4.25,1674467.0,17354917.0,449408480.0,0.0037259354785650683
2018-04-13,4.25,4.31,4.23,4.26,1541701.0,15946086.0,449408480.0,0.003430511591592575
2018-04-16,4.26,4.26,4.14,4.18,1995887.0,20273054.0,449408480.0,0.004441142276621037
2018-04-17,4.17,4.22,4.12,4.15,2262277.0,22920057.0,449408480.0,0.005033899226823668
2018-04-18,4.18,4.21,4.14,4.19,1830700.0,18525987.0,449408480.0,0.0040735768937871395
2018-04-19,4.21,4.27,4.2,4.25,2241958.0,23029049.0,449408480.0,0.004988686461813093
2018-04-20,4.24,4.25,4.12,4.13,1971801.0,20034650.0,449408480.0,0.004387547382283486
2018-04-23,4.14,4.18,4.12,4.15,2089103.0,21030610.0,449408480.0,0.004648561593675313
2018-04-24,4.18,4.27,4.17,4.23,3380661.0,34681598.0,449408480.0,0.00752246820086706
2018-04-25,4.2,4.23,4.17,4.21,2045775.0,20823825.0,449408480.0,0.004552150417811431
2018-04-26,4.21,4.23,4.11,4.11,2206953.0,22170762.0,449408480.0,0.004910795185707221
2018-04-27,4.14,4.16,4.08,4.15,2020263.0,20155906.0,449408480.0,0.004495382463633085
2018-05-02,4.17,4.17,4.07,4.12,2586629.0,25747498.0,449408480.0,0.0057556301563334985
2018-05-03,4.12,4.14,4.06,4.13,1759526.0,17519046.0,449408480.0,0.003915204270288803
2018-05-04,4.15,4.16,4.11,4.14,1870273.0,18774283.0,449408480.0,0.004161632642089887
2018-05-07,4.17,4.2,4.13,4.19,2478202.0,25091974.0,449408480.0,0.005514364125928376
2018-05-08,4.19,4.23,4.18,4.21,2063056.0,21020507.0,449408480.0,0.004590603185769882
2018-05-09,4.19,4.23,4.17,4.19,1540756.0,15670804.0,449408480.0,0.0034284088275325824
2018-05-10,4.2,4.21,4.18,4.21,1949701.0,19848064.0,449408480.0,0.004338371630192648
2018-05-11,4.21,4.21,4.16,4.17,2527695.0,25636508.0,449408480.0,0.005624493333993163
2018-05-14,4.16,4.18,4.14,4.15,1958993.0,19743755.0,449408480.0,0.004359047697542334
2018-05-15,4.17,4.17,4.13,4.17,1764601.0,17780185.0,449408480.0,0.003926496892092468
2018-05-16,4.16,4.17,4.13,4.15,1445825.0,14554113.0,449408480.0,0.003217173383110172
2018-05-17,4.15,4.17,4.14,4.15,1143302.0,11517945.0,449408480.0,0.002544015190812599
2018-05-18,4.17,4.19,4.15,4.18,1607087.0,16247545.0,449408480.0,0.0035760050633668506
2018-05-21,4.24,4.26,4.21,4.23,3283201.0,33660743.0,449408480.0,0.007305605359293621
2018-05-22,4.23,4.23,4.18,4.22,2310447.0,23545155.0,449408480.0,0.005141084565204466
2018-05-23,4.2,4.21,4.17,4.19,2623946.0,26625391.0,449408480.0,0.005838665972658104
2018-05-24,4.19,4.21,4.17,4.2,1783680.0,18142775.0,449408480.0,0.0039689504746327885
2018-05-25,4.19,4.21,4.13,4.14,1783517.0,17986505.0,449408480.0,0.003968587775646779
2018-05-28,4.17,4.17,4.1,4.11,2014923.0,20138008.0,449408480.0,0.00448350017783376
2018-05-29,4.13,4.21,4.1,4.21,3541971.0,35672067.0,449408480.0,0.007881406688187103
2018-05-30,4.18,4.18,4.07,4.07,2670897.0,26647023.0,449408480.0,0.0059431388566588686
2018-05-31,4.09,4.12,4.05,4.09,2343209.0,23194178.0,449408480.0,0.005213984836245191
2018-06-01,4.08,4.15,4.05,4.09,2769994.0,27590576.0,449408480.0,0.006163644264122475
2018-06-04,4.08,4.12,4.08,4.11,1790067.0,17804195.0,449408480.0,0.003983162489501756
2018-06-05,4.11,4.14,4.09,4.14,1193654.0,11931259.0,449408480.0,0.0026560558002821843
2018-06-06,4.13,4.16,4.11,4.16,1714000.0,17208885.0,449408480.0,0.003813902220981678
2018-06-07,4.17,4.23,4.16,4.19,3117633.0,31684277.0,449408480.0,0.006937192195394266
2018-06-08,4.22,4.22,4.12,4.14,2003900.0,20206525.0,449408480.0,0.004458972380761484
2018-06-11,4.15,4.29,4.12,4.28,5331762.0,54869469.0,449408480.0,0.011863955037074513
2018-06-12,4.28,4.32,4.24,4.29,3737538.0,38778427.0,449408480.0,0.008316572041542252
2018-06-13,4.25,4.4,4.25,4.37,7423874.0,78449261.0,449408480.0,0.016519212098534502
2018-06-14,4.32,4.47,4.26,4.45,7619430.0,78276332.0,449408480.0,0.01695435297527096
2018-06-15,4.39,4.53,4.33,4.38,8200139.0,85740035.0,449408480.0,0.018246515953593043
2018-06-19,4.29,4.29,3.94,3.98,7300160.0,70198029.0,449408480.0,0.01624393024359487
2018-06-20,3.95,4.13,3.94,4.12,4087034.0,38938813.0,449408480.0,0.009094252071077965
2018-06-21,4.1,4.29,4.06,4.09,5804204.0,57080421.0,449408480.0,0.01291520800853602
2018-06-22,4.04,4.19,3.96,4.16,4136332.0,39818985.0,449408480.0,0.009203947375447833
2018-06-25,4.16,4.17,4.05,4.06,2743700.0,26559944.0,449408480.0,0.006105136244870146
2018-06-26,4.07,4.07,3.9,3.97,2962874.0,27601594.0,449408480.0,0.006592830647076353
2018-06-27,3.96,3.98,3.85,3.87,3386432.0,31112076.0,449408480.0,0.007535309525089513
2018-06-28,3.89,3.89,3.83,3.84,2428200.0,22071323.0,449408480.0,0.005403102317962491
2018-06-29,3.84,3.89,3.79,3.87,4364939.0,39588507.0,449408480.0,0.00971263159075236
2018-07-02,3.88,3.89,3.65,3.73,3340975.0,29783439.0,449408480.0,0.007434161010935975
2018-07-03,3.73,3.76,3.63,3.75,2973528.0,25964375.0,449408480.0,0.006616537364849013
2018-07-04,3.73,3.83,3.71,3.72,3527060.0,31348191.0,449408480.0,0.007848227518982285
2018-07-05,3.73,3.73,3.51,3.54,3780654.0,32257563.0,449408480.0,0.008412511486209607
2018-07-06,3.57,3.58,3.45,3.54,3747648.0,31062166.0,449408480.0,0.008339068279263444
2018-07-09,3.52,3.62,3.52,3.61,2436636.0,20524999.0,449408480.0,0.00542187365934884
2018-07-10,3.61,3.72,3.6,3.68,2719047.0,23523885.0,449408480.0,0.0060502796920965975
2018-07-11,3.61,3.61,3.48,3.57,2527147.0,21136682.0,449408480.0,0.005623273953353083
2018-07-12,3.57,3.68,3.57,3.65,2394308.0,20558459.0,449408480.0,0.005327687630638389
2018-07-13,3.66,3.76,3.64,3.73,4163882.0,36352991.0,449408480.0,0.009265250179524872
2018-07-16,3.7,3.74,3.68,3.72,2164124.0,18904876.0,449408480.0,0.004815494358272901
2018-07-17,3.72,3.72,3.63,3.68,2179154.0,18813847.0,449408480.0,0.004848938319988978
2018-07-18,3.67,3.71,3.64,3.64,1658590.0,14386317.0,449408480.0,0.0036906068172100357
2018-07-19,3.65,3.7,3.65,3.68,1821938.0,15786367.0,449408480.0,0.0040540801544287726
2018-07-20,3.66,3.76,3.61,3.72,2541447.0,22081141.0,449408480.0,0.005655093557647154
2018-07-23,3.71,3.8,3.69,3.78,3073100.0,27208828.0,449408480.0,0.006838099717210499
2018-07-24,3.8,3.98,3.8,3.9,5428426.0,49843795.0,449408480.0,0.012079046661513819
2018-07-25,3.89,3.98,3.84,3.94,4903968.0,45230827.0,449408480.0,0.010912050435719415
2018-07-26,3.91,3.93,3.85,3.87,2505340.0,22900640.0,449408480.0,0.005574750169378201
2018-07-27,3.9,3.96,3.87,3.89,3427974.0,31575012.0,449408480.0,0.007627746588137366
2018-07-30,3.92,4.0,3.9,3.95,4745711.0,44177017.0,449408480.0,0.010559905322658799
2018-07-31,3.93,3.94,3.85,3.91,2346520.0,21530673.0,449408480.0,0.005221352298470203
2018-08-01,3.93,3.96,3.82,3.87,4515565.0,41699424.0,449408480.0,0.01004779660588514
2018-08-02,3.87,3.9,3.73,3.88,3689932.0,33218942.0,449408480.0,0.008210641686155989
2018-08-03,3.86,3.9,3.78,3.78,1981432.0,17964872.0,449408480.0,0.0044089777745181845
2018-08-06,3.8,3.8,3.69,3.78,1977844.0,17513905.0,449408480.0,0.004400993946531672
2018-08-07,3.78,3.93,3.76,3.91,2250315.0,20416727.0,449408480.0,0.00500728201657432
2018-08-08,3.9,4.14,3.87,3.97,4814032.0,45323300.0,449408480.0,0.010711929601328395
2018-08-09,3.91,4.04,3.87,4.01,3316579.0,31000442.0,449408480.0,0.007379876320980859
2018-08-10,3.97,4.0,3.93,3.97,2266351.0,21145920.0,449408480.0,0.0050429644763267485
2018-08-13,3.95,3.98,3.87,3.98,2606834.0,24058256.0,449408480.0,0.005800589254568583
2018-08-14,3.96,3.96,3.9,3.91,2112997.0,19519098.0,449408480.0,0.004701729259759407
2018-08-15,3.91,3.95,3.85,3.85,2117969.0,19407712.0,449408480.0,0.004712792691406268
2018-08-16,3.87,4.05,3.84,4.03,6345952.0,59128405.0,449408480.0,0.014120677028613256
2018-08-17,4.02,4.08,3.96,4.0,4081768.0,38707790.0,449408480.0,0.009082534446167995
2018-08-20,4.0,4.24,3.98,4.24,9118165.0,89015080.0,449408480.0,0.020289258894269194
2018-08-21,4.24,4.26,4.15,4.21,7534318.0,74489134.0,449408480.0,0.016764966250748095
2018-08-22,4.17,4.29,4.16,4.18,5419254.0,54122585.0,449408480.0,0.012058637611822545
2018-08-23,4.18,4.21,4.07,4.17,4558799.0,44514550.0,449408480.0,0.0101439986179166
2018-08-24,4.17,4.19,4.11,4.11,2813680.0,27497186.0,449408480.0,0.006260852042667285
2018-08-27,4.1,4.2,4.1,4.18,2600189.0,25464618.0,449408480.0,0.005785803151734031
2018-08-28,4.17,4.21,4.14,4.19,2775032.0,27344640.0,449408480.0,0.006174854555481463
2018-08-29,4.19,4.21,4.12,4.18,2249797.0,22133938.0,449408480.0,0.0050061293903488424
2018-08-30,4.17,4.26,4.12,4.14,3774181.0,37271944.0,449408480.0,0.008398108108685444
2018-08-31,4.12,4.21,4.1,4.14,2107993.0,20676523.0,449408480.0,0.004690594623403635
2018-09-03,4.14,4.2,4.07,4.2,3227407.0,31433617.0,449408480.0,0.007181455499015061
2018-09-04,4.2,4.21,4.12,4.16,2594716.0,25426287.0,449408480.0,0.0057736249213633
2018-09-05,4.16,4.16,3.99,4.01,2789358.0,26853416.0,449408480.0,0.006206732013601523
2018-09-06,4.01,4.07,3.96,4.03,2242733.0,21241814.0,449408480.0,0.004990410950857002
2018-09-07,4.07,4.13,3.99,4.0,1941387.0,18573547.0,449408480.0,0.004319871756759018
2018-09-10,4.01,4.18,4.01,4.16,5333604.0,51808181.0,449408480.0,0.011868053758131132
2018-09-11,4.13,4.16,3.97,4.09,4136815.0,39567301.0,449408480.0,0.009205022121522941
2018-09-12,4.07,4.1,4.01,4.05,2240391.0,21407975.0,449408480.0,0.004985199656223666
2018-09-13,4.09,4.09,3.98,4.04,2762202.0,26223233.0,449408480.0,0.006146305917502936
2018-09-14,4.04,4.08,4.0,4.04,2015498.0,19201758.0,449408480.0,0.004484779637446984
2018-09-17,4.03,4.03,3.96,4.0,1894216.0,17819904.0,449408480.0,0.0042149093403844986
2018-09-18,4.0,4.08,3.98,4.08,1917554.0,18268678.0,449408480.0,0.004266839824651284
2018-09-19,4.06,4.18,4.06,4.16,2550543.0,24886987.0,449408480.0,0.005675333496154768
2018-09-20,4.17,4.19,4.13,4.16,1315460.0,12911581.0,449408480.0,0.002927092074453068
2018-09-21,4.15,4.21,4.13,4.2,2759686.0,27258487.0,449408480.0,0.006140707447264903
2018-09-25,4.18,4.24,4.17,4.21,2254066.0,22359463.0,449408480.0,0.0050156285435468415
2018-09-26,4.23,4.37,4.21,4.32,3737087.0,37909663.0,449408480.0,0.008315568500176054
2018-09-27,4.32,4.37,4.26,4.3,3081223.0,31227897.0,449408480.0,0.006856174587537823
2018-09-28,4.28,4.32,4.22,4.27,2831885.0,28449671.0,449408480.0,0.006301360846595507
2018-10-08,4.2,4.35,4.18,4.22,3859823.0,38936379.0,449408480.0,0.00858867416119963
2018-10-09,4.29,4.36,4.27,4.32,2829991.0,28809377.0,449408480.0,0.006297146417886907
2018-10-10,4.32,4.37,4.27,4.3,1918739.0,19422575.0,449408480.0,0.0042694766240281
2018-10-11,4.23,4.23,3.93,3.95,3800620.0,36556664.0,449408480.0,0.00845693877427502
2018-10-12,4.03,4.18,3.96,4.17,3724925.0,35793206.0,449408480.0,0.00828850626049602
2018-10-15,4.21,4.24,4.04,4.06,3512524.0,34161890.0,449408480.0,0.007815882779960004
2018-10-16,4.09,4.13,3.76,3.85,4179962.0,38877796.0,449408480.0,0.009301030545752051
2018-10-17,3.89,3.93,3.7,3.81,3994732.0,35699998.0,449408480.0,0.008888866538521925
2018-10-18,3.78,3.78,3.63,3.67,2259032.0,19640263.0,449408480.0,0.005026678624310783
2018-10-19,3.65,3.76,3.61,3.74,2982693.0,25850527.0,449408480.0,0.006636930838510213
2018-10-22,3.75,3.95,3.72,3.9,3467440.0,31704094.0,449408480.0,0.007715564245694697
2018-10-23,3.89,3.97,3.82,3.9,2857248.0,26330105.0,449408480.0,0.006357797253847991
2018-10-24,3.9,3.94,3.84,3.86,2442907.0,22315486.0,449408480.0,0.005435827557148009
2018-10-25,3.8,3.9,3.74,3.9,2026807.0,18252474.0,449408480.0,0.004509943826605141
2018-10-26,3.88,4.02,3.88,3.94,3012385.0,27910675.0,449408480.0,0.006702999907789902
2018-10-29,3.9,3.93,3.85,3.86,1471053.0,13459274.0,449408480.0,0.003273309395496943
2018-10-30,3.88,3.91,3.79,3.89,2225462.0,20237452.0,449408480.0,0.004951980434370086
2018-10-31,3.88,3.94,3.87,3.92,2413850.0,22277249.0,449408480.0,0.005371171456310749
2018-11-01,3.93,3.96,3.89,3.9,3177031.0,29393693.0,449408480.0,0.007069361486013793
2018-11-02,3.93,3.99,3.91,3.98,3215446.0,29967597.0,449408480.0,0.007154840513912866
2018-11-05,3.96,4.0,3.94,3.97,2970621.0,27740201.0,449408480.0,0.006610068862073987
2018-11-06,3.95,4.01,3.94,3.99,2891939.0,27154858.0,449408480.0,0.006434989833747686
2018-11-07,3.97,4.01,3.93,3.94,1940000.0,18166689.0,449408480.0,0.004316785477657208
2018-11-08,3.97,4.0,3.94,3.95,1615600.0,15122535.0,449408480.0,0.0035949477410840134
2018-11-09,3.94,3.95,3.88,3.88,1579531.0,14561095.0,449408480.0,0.0035146889084068907
2018-11-12,3.88,3.99,3.86,3.99,2077000.0,19337548.0,449408480.0,0.004621630637677331
2018-11-13,3.96,4.02,3.94,4.02,3392209.0,31935258.0,449408480.0,0.007548164200194887
2018-11-14,4.01,4.1,3.99,4.01,2575621.0,24578167.0,449408480.0,0.005731135736468524
2018-11-15,4.01,4.06,4.01,4.06,1558691.0,14852091.0,449408480.0,0.003468316841729377
2018-11-16,4.07,4.1,4.02,4.07,2195484.0,21022679.0,449408480.0,0.004885274973004515
2018-11-19,4.07,4.09,4.01,4.07,2174850.0,20722584.0,449408480.0,0.004839361286640608
2018-11-20,4.05,4.15,4.04,4.07,4824748.0,46809088.0,449408480.0,0.010735774278224568
2018-11-21,4.03,4.09,3.97,4.06,2338324.0,22171561.0,449408480.0,0.005203114992400677
2018-11-22,4.07,4.07,4.02,4.04,1089972.0,10397015.0,449408480.0,0.002425348093120094
2018-11-23,4.06,4.07,3.89,3.9,1885453.0,17636245.0,449408480.0,0.004195410375878977
2018-11-26,3.84,3.92,3.84,3.87,1290577.0,11813248.0,449408480.0,0.0028717237378342304
2018-11-27,3.88,3.91,3.86,3.87,1312200.0,11995312.0,449408480.0,0.002919838094732881
2018-11-28,3.87,3.9,3.84,3.88,1441300.0,13157399.0,449408480.0,0.003207104592240894
2018-11-29,3.9,3.93,3.84,3.85,1605552.0,14732311.0,449408480.0,0.0035725894624863332
2018-11-30,3.87,3.87,3.84,3.86,948869.0,8618171.0,449408480.0,0.002111373154329442
2018-12-03,3.92,4.01,3.9,3.99,3274261.0,30536910.0,449408480.0,0.007285712543741943
2018-12-04,3.98,4.12,3.95,4.02,3814375.0,36230002.0,449408480.0,0.008487545673370471
2018-12-05,3.97,4.02,3.96,3.98,1961215.0,18436882.0,449408480.0,0.004363991974517259
2018-12-06,4.0,4.0,3.88,3.88,2658195.0,24566037.0,449408480.0,0.005914875037515981
2018-12-07,3.9,3.91,3.86,3.87,1555065.0,14222314.0,449408480.0,0.0034602484581510344
2018-12-10,3.87,3.88,3.84,3.84,1353928.0,12275603.0,449408480.0,0.0030126890351512728
2018-12-11,3.87,3.87,3.82,3.84,1759717.0,15928412.0,449408480.0,0.003915629273395108
2018-12-12,3.85,3.88,3.83,3.84,2020421.0,18328242.0,449408480.0,0.0044957340368833275
2018-12-13,3.84,3.89,3.83,3.88,2329467.0,21186168.0,449408480.0,0.005183406864062734
2018-12-14,3.86,3.88,3.81,3.81,2118787.0,19155641.0,449408480.0,0.004714612861777775
2018-12-17,3.8,3.81,3.76,3.77,1982002.0,17651095.0,449408480.0,0.00441024610839564
2018-12-18,3.75,3.78,3.7,3.73,2058601.0,18126288.0,449408480.0,0.004580690155201344
2018-12-19,3.74,3.81,3.72,3.73,1867003.0,16520632.0,449408480.0,0.004154356410898166
2018-12-20,3.73,3.75,3.71,3.73,1132255.0,9951973.0,449408480.0,0.0025194339902086405
2018-12-21,3.73,3.73,3.67,3.7,1446312.0,12604291.0,449408480.0,0.003218257029773893
2018-12-24,3.71,3.74,3.68,3.72,1479095.0,12967470.0,449408480.0,0.0032912040289048397
2019-01-03,4.1,4.1,3.81,3.86,11273794.0,105122408.0,449408480.0,0.025085850627473698
2019-01-04,3.75,3.85,3.72,3.81,5485018.0,49003599.0,449408480.0,0.012204972189220818
2019-01-07,3.81,3.9,3.78,3.86,4282320.0,38858541.0,449408480.0,0.009528792158082998
2019-01-08,3.85,3.87,3.82,3.85,2916672.0,26461926.0,449408480.0,0.006490024398293508
2019-01-09,3.85,3.93,3.84,3.9,3278572.0,30133824.0,449408480.0,0.007295305153120386
2019-01-10,3.9,3.91,3.86,3.89,2354991.0,21570643.0,449408480.0,0.005240201520006921
2019-01-11,3.89,3.9,3.83,3.87,2460704.0,22381317.0,449408480.0,0.005475428501037631
2019-01-14,3.87,3.97,3.85,3.91,3326735.0,30713522.0,449408480.0,0.0074024749154711095
2019-01-15,3.9,3.91,3.87,3.91,2426875.0,22229647.0,449408480.0,0.005400153997984195
2019-01-16,3.91,3.91,3.87,3.87,1356551.0,12408156.0,449408480.0,0.0030185255961347234
2019-01-17,3.89,3.9,3.85,3.85,3013261.0,27521877.0,449408480.0,0.006704949136696308
2019-01-18,3.85,3.95,3.85,3.92,3680077.0,33807284.0,449408480.0,0.008188712860958921
2019-01-21,3.91,3.92,3.88,3.89,3386150.0,31082061.0,449408480.0,0.007534682033592245
2019-01-22,3.9,3.91,3.85,3.86,1825112.0,16662861.0,449408480.0,0.004061142771493764
2019-01-23,3.85,3.9,3.84,3.87,1667891.0,15241217.0,449408480.0,0.0037113029108841026
2019-01-24,3.9,3.9,3.85,3.88,1942013.0,17760837.0,449408480.0,0.0043212646988770665
2019-01-25,3.89,3.92,3.87,3.91,2267123.0,20840798.0,449408480.0,0.005044682289929198
2019-01-28,3.87,3.98,3.87,3.93,2296480.0,21325316.0,449408480.0,0.005110005934912488
2019-01-29,3.92,3.97,3.87,3.97,2631406.0,24429634.0,449408480.0,0.005855265570422703
2019-01-30,3.98,4.09,3.95,4.02,3792788.0,36109306.0,449408480.0,0.008439511421769344
2019-01-31,4.03,4.07,3.99,4.02,2883757.0,27428312.0,449408480.0,0.006416783679738309
2019-02-01,4.02,4.08,4.01,4.05,2550787.0,24363102.0,449408480.0,0.005675876432060205
2019-02-11,4.07,4.17,4.07,4.13,3210792.0,31273486.0,449408480.0,0.007144484679060796
2019-02-12,4.15,4.16,4.1,4.11,2343800.0,22762028.0,449408480.0,0.005215299898212868
2019-02-13,4.11,4.15,4.09,4.15,3176100.0,30865044.0,449408480.0,0.007067289874013948
2019-02-14,4.14,4.15,4.08,4.14,3171761.0,30819220.0,449408480.0,0.007057634960515209
2019-02-15,4.14,4.15,4.07,4.08,3108031.0,30020495.0,449408480.0,0.006915826332427016
2019-02-18,4.1,4.15,4.1,4.15,3975434.0,38649793.0,449408480.0,0.008845925648755004
2019-02-19,4.15,4.18,4.12,4.15,4178054.0,40851733.0,449408480.0,0.009296784964983304
2019-02-20,4.18,4.44,4.17,4.3,6958029.0,70655366.0,449408480.0,0.01548263842284418
2019-02-21,4.32,4.34,4.27,4.28,3600549.0,36474114.0,449408480.0,0.008011751358140817
2019-02-22,4.31,4.4,4.29,4.37,4167584.0,42670428.0,449408480.0,0.009273487674286877
2019-02-25,4.37,4.56,4.34,4.55,6924748.0,72585445.0,449408480.0,0.015408583300430824
2019-02-26,4.53,5.0,4.46,4.69,13580394.0,151108309.0,449408480.0,0.03021837505157891
2019-02-27,4.91,5.07,4.79,4.89,19475645.0,225587254.0,449408480.0,0.04333617603299341
2019-02-28,4.89,4.91,4.72,4.77,9328681.0,105261099.0,449408480.0,0.02075768797242099
2019-03-01,4.77,4.88,4.74,4.83,6890643.0,78207912.0,449408480.0,0.01533269465676304
2019-03-04,4.83,4.91,4.8,4.83,10590337.0,120972228.0,449408480.0,0.02356505822943083
2019-03-05,4.8,4.82,4.74,4.81,7248997.0,81512070.0,449408480.0,0.016130085039783852
2019-03-06,4.82,4.97,4.8,4.92,11063438.0,127177543.0,449408480.0,0.02461777757286645
2019-03-07,4.9,4.96,4.86,4.91,8425036.0,97198189.0,449408480.0,0.01874694487295834
2019-03-08,4.86,4.86,4.69,4.69,6918658.0,77965870.0,449408480.0,0.015395032154266425
2019-03-11,4.73,4.8,4.71,4.79,4384342.0,49225991.0,449408480.0,0.009755806120970392
2019-03-12,4.83,4.91,4.79,4.82,5210555.0,59535250.0,449408480.0,0.011594251626048534
2019-03-13,4.78,4.83,4.74,4.75,3536325.0,39868172.0,449408480.0,0.007868843507358829
2019-03-14,4.76,4.88,4.75,4.83,6176791.0,70333505.0,449408480.0,0.013744268910991621
2019-03-15,4.81,4.88,4.81,4.85,5107733.0,58345586.0,449408480.0,0.011365457545438395
2019-03-18,4.87,5.33,4.85,5.33,16017744.0,193983296.0,449408480.0,0.0356418374659953
2019-03-19,5.38,5.45,5.25,5.29,16250973.0,204695495.0,449408480.0,0.036160806311442986
2019-03-20,5.25,5.45,5.24,5.43,8953264.0,113333966.0,449408480.0,0.01992232990352118
2019-03-21,5.42,5.45,5.34,5.37,7094028.0,89982576.0,449408480.0,0.015785256210563717
2019-03-22,5.35,5.41,5.24,5.31,5343677.0,66725903.0,449408480.0,0.01189046766540765
2019-03-25,5.25,5.29,5.17,5.21,6338426.0,78055700.0,449408480.0,0.014103930571136531
2019-03-26,5.23,5.28,5.04,5.06,5047917.0,60918095.0,449408480.0,0.011232358143308733
2019-03-27,5.1,5.2,5.07,5.19,6440539.0,77988088.0,449408480.0,0.014331147022414887
2019-03-28,5.19,5.2,5.07,5.08,4263709.0,51393636.0,449408480.0,0.009487379944410484
2019-03-29,5.06,5.37,5.06,5.29,6266620.0,77691089.0,449408480.0,0.013944151654637225
2019-04-01,5.52,5.65,5.42,5.57,11110244.0,145896125.0,449408480.0,0.024721927810529967
2019-04-02,5.57,5.59,5.47,5.53,5842179.0,75997521.0,449408480.0,0.012999707971687584
2019-04-03,5.54,5.81,5.46,5.73,8288467.0,110903596.0,449408480.0,0.018443058751361346
2019-04-04,5.74,6.3,5.73,6.09,12066894.0,173908809.0,449408480.0,0.02685061483486026
2019-04-08,6.14,6.69,6.1,6.69,20662999.0,315650289.0,449408480.0,0.04597821340620898
2019-04-09,6.71,6.88,6.4,6.84,18251048.0,286031687.0,449408480.0,0.040611267504342595
2019-04-10,6.7,6.95,6.63,6.68,10662182.0,170633403.0,449408480.0,0.02372492392666912
2019-04-11,6.68,6.78,6.37,6.48,9513260.0,146391584.0,449408480.0,0.021168403408854234
2019-04-12,6.45,6.45,6.22,6.35,9381435.0,139838249.0,449408480.0,0.020875073385353122
2019-04-15,6.49,6.54,6.22,6.23,8388678.0,124988449.0,449408480.0,0.018666042972753875
2019-04-16,6.25,6.37,6.11,6.29,6875679.0,101279001.0,449408480.0,0.015299397554759092
2019-04-17,6.39,6.51,6.32,6.43,6601895.0,99772901.0,449408480.0,0.014690187866503987
2019-04-18,6.43,6.49,6.32,6.34,4597443.0,69358581.0,449408480.0,0.010229987204513808
2019-04-19,6.37,6.47,6.28,6.41,4385090.0,65577434.0,449408480.0,0.009757470531041158
2019-04-22,6.41,6.45,6.1,6.13,6159327.0,90651381.0,449408480.0,0.013705408941104093
2019-04-23,6.2,6.24,5.73,5.8,12948823.0,181324729.0,449408480.0,0.028813036638738992
2019-04-24,5.88,6.12,5.87,6.11,8534657.0,120836869.0,449408480.0,0.018990867729064657
2019-04-25,6.12,6.15,5.73,5.75,7340801.0,101987629.0,449408480.0,0.01633436244905748
2019-04-26,5.74,5.81,5.58,5.61,5197323.0,69491386.0,449408480.0,0.011564808478914328
2019-04-29,5.72,5.73,5.4,5.42,5456100.0,70980561.0,449408480.0,0.012140625383837884
2019-04-30,5.43,5.68,5.4,5.53,8119512.0,105750708.0,449408480.0,0.01806710901405332
2019-05-06,5.39,5.51,5.1,5.21,7657296.0,95209405.0,449408480.0,0.0170386103973828
2019-05-07,5.33,5.58,5.27,5.58,7577974.0,97028076.0,449408480.0,0.016862107274878302
2019-05-08,5.44,5.6,5.34,5.47,6249859.0,80909732.0,449408480.0,0.013906855963198558
2019-05-09,5.39,5.69,5.36,5.58,4862301.0,63849324.0,449408480.0,0.010819335229277383
2019-05-10,5.69,5.87,5.59,5.81,5456571.0,74128364.0,449408480.0,0.01214167342814715
2019-05-13,5.73,5.89,5.71,5.75,3187400.0,43373835.0,449408480.0,0.007092434036847724
2019-05-14,5.72,5.83,5.64,5.74,2841609.0,38482666.0,449408480.0,0.006322998177515475
2019-05-15,5.79,5.82,5.62,5.77,3773902.0,50778751.0,449408480.0,0.008397487292629636
2019-05-16,5.97,6.07,5.86,6.0,5419800.0,76377668.0,449408480.0,0.012059852542168318
2019-05-17,6.01,6.02,5.75,5.79,3901933.0,53753150.0,449408480.0,0.00868237510783063
2019-05-20,5.79,5.81,5.57,5.77,2775097.0,37177548.0,449408480.0,0.0061749991900464365
2019-05-21,5.69,5.88,5.69,5.87,4643650.0,63858579.0,449408480.0,0.01033280457903242
2019-05-22,5.86,5.86,5.29,5.61,4413582.0,55561076.0,449408480.0,0.009820869423736731
2019-05-23,5.66,5.69,5.49,5.5,2749849.0,33950521.0,449408480.0,0.006118818674716597
2019-05-24,5.5,5.63,5.47,5.51,1838246.0,22627635.0,449408480.0,0.0040903678542069345
2019-05-27,5.47,5.77,5.45,5.7,2965296.0,37174441.0,449408480.0,0.006598219953481963
2019-05-28,5.7,5.82,5.63,5.65,2069672.0,26256616.0,449408480.0,0.004605324759336985
2019-05-29,5.65,5.86,5.59,5.8,5361836.0,69098063.0,449408480.0,0.011930874112566813
2019-05-30,5.91,5.91,5.59,5.69,3636778.0,46208878.0,449408480.0,0.008092366214362488
2019-05-31,5.68,5.76,5.63,5.64,1813190.0,22851425.0,449408480.0,0.004034614567130553
2019-06-03,5.65,5.73,5.61,5.7,2452607.0,30984699.0,449408480.0,0.005457411484536295
2019-06-04,5.66,5.73,5.57,5.6,1940998.0,24299253.0,449408480.0,0.004319006174516333
2019-06-05,5.61,5.68,5.59,5.61,1339610.0,16720793.0,449408480.0,0.0029808293782084398
2019-06-06,5.7,5.7,5.54,5.66,2476517.0,31029879.0,449408480.0,0.0055106147529748436
2019-06-10,5.66,5.69,5.59,5.66,1295049.0,16248592.0,449408480.0,0.0028816745959043765
2019-06-11,5.7,5.9,5.64,5.86,3402509.0,43822115.0,449408480.0,0.007571083215875232
2019-06-12,5.86,5.98,5.81,5.85,2751766.0,36035743.0,449408480.0,0.006123084281809725
2019-06-13,5.9,5.9,5.77,5.82,1576500.0,20348417.0,449408480.0,0.0035079444873848398
2019-06-14,5.82,5.85,5.69,5.7,1592272.0,20371234.0,449408480.0,0.003543039508288762
2019-06-17,5.67,5.77,5.63,5.74,1193990.0,15179688.0,449408480.0,0.0026568034497257372
2019-06-18,5.73,5.76,5.68,5.69,769072.0,9765071.0,449408480.0,0.0017112983715839097
2019-06-19,5.81,5.84,5.74,5.75,1518300.0,19526127.0,449408480.0,0.0033784409230551236
2019-06-20,5.81,5.84,5.71,5.79,2186203.0,28107339.0,449408480.0,0.004864623382273517
2019-06-21,5.8,5.9,5.77,5.82,2748100.0,35513921.0,449408480.0,0.006114926892345244
2019-06-24,5.79,6.3,5.79,6.08,8438573.0,114010908.0,449408480.0,0.01877706668997434
2019-06-25,6.03,6.03,5.82,5.93,4341609.0,57007766.0,449408480.0,0.009660718907662801
2019-06-26,5.92,5.93,5.81,5.85,3028029.0,39399065.0,449408480.0,0.006737810109858185
2019-06-27,5.77,5.89,5.77,5.85,2289382.0,29719336.0,449408480.0,0.0050942118404174305
2019-06-28,5.86,5.88,5.69,5.72,2716459.0,34752384.0,449408480.0,0.006044521011263517
2019-07-01,5.78,5.92,5.77,5.9,3629127.0,47188687.0,449408480.0,0.008075341613491584
2019-07-02,5.9,5.94,5.78,5.86,2235801.0,29086114.0,449408480.0,0.004974986230789414
2019-07-03,5.86,5.87,5.75,5.78,2147728.0,27614392.0,449408480.0,0.004779010845545237
2019-07-04,5.78,5.84,5.76,5.78,1801601.0,23185658.0,449408480.0,0.004008827336769436
2019-07-05,5.78,5.86,5.77,5.85,1705970.0,22014117.0,449408480.0,0.003796034289339623
2019-07-08,5.87,5.89,5.47,5.58,4997832.0,62799455.0,449408480.0,0.011120911648129114
2019-07-09,5.59,5.62,5.47,5.53,2246647.0,27625222.0,449408480.0,0.004999120176815533
2019-07-10,5.49,5.59,5.44,5.45,1594100.0,19426177.0,449408480.0,0.003547107077285235
2019-07-11,5.54,5.57,5.36,5.4,2026357.0,24559057.0,449408480.0,0.004508942510386097
2019-07-12,5.44,5.48,5.37,5.48,1928991.0,23272578.0,449408480.0,0.0042922888326450805
2019-07-15,5.53,5.53,5.4,5.47,1676627.0,20322182.0,449408480.0,0.0037307417964164806
2019-07-16,5.47,5.55,5.47,5.5,1180600.0,14446491.0,449408480.0,0.002627008729341289
2019-07-17,5.5,5.56,5.48,5.52,1485434.0,18216594.0,449408480.0,0.0033053092367104422
2019-07-18,5.52,5.54,5.43,5.48,1529158.0,18606468.0,449408480.0,0.0034026015708470835
2019-07-19,5.49,5.55,5.49,5.5,1148100.0,14069779.0,449408480.0,0.0025546914468547633
2019-07-22,5.54,5.55,5.42,5.47,1923114.0,23340408.0,449408480.0,0.004279211642824363
2019-07-23,5.53,5.83,5.45,5.82,5409732.0,68574203.0,449408480.0,0.01203744976062757
2019-07-24,5.86,5.87,5.79,5.83,3453696.0,44732657.0,449408480.0,0.007684981823217933
2019-07-25,5.85,5.96,5.81,5.95,4312133.0,56402469.0,449408480.0,0.009595130470168254
2019-07-29,6.13,6.13,5.69,5.86,7041979.0,90777135.0,449408480.0,0.015669439526374757
2019-07-30,5.86,5.97,5.73,5.92,4685786.0,60977845.0,449408480.0,0.010426563379489412
2019-07-31,5.95,6.13,5.88,5.88,5616502.0,74971613.0,449408480.0,0.012497543437542611
2019-08-01,5.9,6.05,5.88,5.93,4850881.0,64154072.0,449408480.0,0.010793924048785195
2019-08-02,5.86,5.98,5.41,5.93,5083501.0,66203042.0,449408480.0,0.01131153777961644
2019-08-05,5.96,6.04,5.77,5.8,5931573.0,77913032.0,449408480.0,0.013198622776321443
2019-08-06,5.94,5.94,5.63,5.8,3926800.0,50221571.0,449408480.0,0.008737707842095013
2019-08-07,5.83,5.97,5.77,5.91,3318500.0,43335596.0,449408480.0,0.007384150828662601
2019-08-08,5.91,5.97,5.83,5.91,2603538.0,34158118.0,449408480.0,0.005793255169550873
2019-08-09,5.86,6.02,5.72,5.78,5019969.0,64976253.0,449408480.0,0.011170169730664628
2019-08-12,5.8,5.89,5.68,5.82,2750830.0,35330425.0,449408480.0,0.006121001544074113
2019-08-13,5.82,5.98,5.79,5.92,3556069.0,46651969.0,449408480.0,0.007912776812756182
2019-08-14,5.94,5.99,5.87,5.94,2826274.0,37329851.0,449408480.0,0.006288875545917603
2019-08-15,5.84,5.99,5.79,5.96,3679630.0,48250043.0,449408480.0,0.008187718220181337
2019-08-16,5.97,6.0,5.9,5.91,2698858.0,35707884.0,449408480.0,0.006005356196215968
2019-08-19,5.94,6.18,5.94,6.11,5442984.0,73682546.0,449408480.0,0.012111440353773475
2019-08-20,6.24,6.4,6.17,6.39,7629352.0,107027772.0,449408480.0,0.01697643088532731
2019-08-21,6.39,6.46,6.21,6.45,7207057.0,100808635.0,449408480.0,0.016036762368168932
2019-08-22,6.44,6.45,6.28,6.3,4249395.0,59674699.0,449408480.0,0.009455529188056264
2019-08-23,6.33,6.41,6.23,6.27,3545702.0,49475880.0,449408480.0,0.007889708712216557
2019-08-26,6.16,6.3,6.09,6.29,5091893.0,70265309.0,449408480.0,0.01133021121452804
2019-08-27,6.34,6.36,6.24,6.35,3479751.0,48837156.0,449408480.0,0.007742958032300592
2019-08-28,6.35,6.37,6.26,6.34,3102523.0,43536827.0,449408480.0,0.006903570221905915
2019-08-29,6.36,6.48,6.29,6.44,3448312.0,48922530.0,449408480.0,0.0076730016309438575
2019-08-30,6.53,6.55,6.38,6.51,4426972.0,63558151.0,449408480.0,0.009850664144121179
2019-09-02,6.51,6.84,6.48,6.75,6355908.0,94886985.0,449408480.0,0.014142830593672821
2019-09-03,6.72,6.82,6.69,6.73,4409776.0,66050891.0,449408480.0,0.00981240051367077
2019-09-04,6.73,6.83,6.71,6.8,4608303.0,69509010.0,449408480.0,0.010254152302600076
2019-09-05,6.82,6.92,6.67,6.67,6024093.0,90733775.0,449408480.0,0.01340449339095693
2019-09-06,6.75,6.91,6.68,6.84,6124524.0,92936678.0,449408480.0,0.013627967144723216
2019-09-09,6.85,7.3,6.85,7.21,8943399.0,141387231.0,449408480.0,0.019900378826852576
2019-09-10,7.3,7.3,7.02,7.14,3842507.0,60834643.0,449408480.0,0.008550143513090807
2019-09-11,7.13,7.53,7.09,7.41,7583745.0,123930267.0,449408480.0,0.016874948599100756
2019-09-12,7.41,7.74,7.26,7.4,7869930.0,130596529.0,449408480.0,0.017511752337205564
2019-09-16,7.4,7.62,7.4,7.5,5069168.0,84452978.0,449408480.0,0.011279644745466307
2019-09-17,7.5,7.64,7.38,7.47,5681851.0,94765971.0,449408480.0,0.01264295457887221
2019-09-18,7.47,7.75,7.47,7.6,5821050.0,98565100.0,449408480.0,0.012952692837482729
2019-09-19,7.62,7.65,7.41,7.59,5498095.0,92293083.0,449408480.0,0.012234070438546242
2019-09-20,7.61,8.04,7.61,7.81,7442789.0,129708463.0,449408480.0,0.01656130075694166
2019-09-23,7.96,8.01,7.6,7.86,5257544.0,90775208.0,449408480.0,0.011698809065641129
2019-09-24,7.81,7.97,7.75,7.77,4388041.0,76371582.0,449408480.0,0.009764036940290936
2019-09-25,7.87,7.87,7.52,7.64,5676871.0,96007267.0,449408480.0,0.01263187334604812
2019-09-26,7.61,7.7,7.27,7.33,6027809.0,99423512.0,449408480.0,0.013412762037779082
2019-09-27,7.33,7.39,7.07,7.15,5433305.0,86869411.0,449408480.0,0.012089903154475412
2019-09-30,7.29,7.41,7.16,7.22,5296633.0,85739930.0,449408480.0,0.011785787842721615
2019-10-08,7.25,7.7,7.25,7.45,5798028.0,96676560.0,449408480.0,0.012901465499716427
2019-10-09,7.68,7.68,7.3,7.41,3660496.0,59838348.0,449408480.0,0.008145142254547579
2019-10-10,7.35,7.49,7.29,7.44,3801386.0,62211395.0,449408480.0,0.008458643236994549
2019-10-11,7.79,8.09,7.56,7.79,11951909.0,206154418.0,449408480.0,0.02659475628942293
2019-10-14,7.82,7.98,7.64,7.67,5937559.0,102743402.0,449408480.0,0.013211942507181884
2019-10-15,7.6,7.91,7.6,7.73,6216952.0,107299399.0,449408480.0,0.013833633045820587
2019-10-16,7.73,7.81,7.43,7.46,4235049.0,71146936.0,449408480.0,0.009423607226993135
2019-10-17,7.44,7.59,7.23,7.25,3676139.0,59967025.0,449408480.0,0.008179950231468707
2019-10-18,7.36,7.46,7.09,7.27,3791141.0,61048284.0,449408480.0,0.008435846604407642
2019-10-21,7.21,7.31,7.08,7.22,3074605.0,48967845.0,449408480.0,0.006841448563676413
2019-10-22,7.19,7.42,7.19,7.35,2068497.0,33614168.0,449408480.0,0.004602710211431702
2019-10-23,7.34,7.77,7.34,7.65,5944539.0,100549421.0,449408480.0,0.013227474034312837
2019-10-24,7.58,8.18,7.57,8.07,9891929.0,174355755.0,449408480.0,0.022010997656297007
2019-10-25,8.22,8.28,8.08,8.18,8446214.0,153088353.0,449408480.0,0.018794069039373713
2019-10-28,8.26,8.98,8.2,8.87,11539006.0,222358754.0,449408480.0,0.025675986354329584
2019-10-29,8.81,9.05,8.61,8.87,9034237.0,178469297.0,449408480.0,0.02010250674397599
2019-10-30,8.87,9.35,8.87,9.27,9118804.0,185473960.0,449408480.0,0.020290680763300237
2019-10-31,9.23,9.23,8.86,8.87,9581406.0,191049224.0,449408480.0,0.02132003828677198
2019-11-01,9.01,9.46,8.94,9.14,10628633.0,217262089.0,449408480.0,0.023650272464818642
2019-11-04,9.39,9.45,9.11,9.19,6746593.0,138094686.0,449408480.0,0.015012162209311225
2019-11-05,9.2,9.34,9.04,9.21,5383899.0,109850002.0,449408480.0,0.011979967534212972
2019-11-06,9.27,9.5,9.19,9.32,7303895.0,151724566.0,449408480.0,0.016252241168212937
2019-11-07,9.22,9.44,9.1,9.34,4897695.0,101121401.0,449408480.0,0.01089809208762594
2019-11-08,9.35,9.89,9.27,9.81,6751566.0,143513648.0,449408480.0,0.015023227866105241
2019-11-11,9.74,9.74,8.83,9.1,10287632.0,206754704.0,449408480.0,0.022891495060351333
2019-11-12,9.02,9.21,8.92,9.17,4391710.0,88608071.0,449408480.0,0.009772201005196875
2019-11-13,9.1,9.31,9.09,9.14,4298027.0,87645111.0,449408480.0,0.009563742544421949
2019-11-14,9.26,9.57,9.17,9.32,5176573.0,107404704.0,449408480.0,0.011518636675480623
2019-11-15,9.42,9.86,9.28,9.68,5919089.0,126052202.0,449408480.0,0.013170844039258004
2019-11-18,9.66,9.93,9.64,9.82,4292791.0,93375919.0,449408480.0,0.00955209167392658
2019-11-19,9.73,10.01,9.69,10.0,3290539.0,72271664.0,449408480.0,0.007321933489105502
2019-11-20,10.04,10.09,9.77,9.82,3373455.0,73932293.0,449408480.0,0.007506433790479432
2019-11-21,9.75,9.86,9.61,9.82,3139335.0,68186142.0,449408480.0,0.006985482338918037
2019-11-22,9.97,10.07,9.6,9.62,3311366.0,71953200.0,449408480.0,0.00736827662887002
2019-11-25,9.8,10.03,9.66,9.78,5238324.0,113908297.0,449408480.0,0.011656041737352175
2019-11-26,9.7,9.95,9.6,9.85,4756513.0,103632036.0,449408480.0,0.010583941362210166
2019-11-27,9.94,10.4,9.82,10.26,6667134.0,150395205.0,449408480.0,0.014835354241646708
2019-11-28,10.37,10.37,10.14,10.36,3726229.0,85115866.0,449408480.0,0.008291407852384095
2019-11-29,10.36,10.52,10.23,10.44,4461650.0,102913742.0,449408480.0,0.009927827797107878
2019-12-02,10.5,10.59,10.38,10.44,3509831.0,81475222.0,449408480.0,0.007809890458675813
2019-12-03,10.6,10.61,10.27,10.45,3676249.0,84952733.0,449408480.0,0.008180194997655585
2019-12-04,10.45,10.93,10.39,10.68,5006201.0,118936204.0,449408480.0,0.011139533904656183
2019-12-05,10.66,11.2,10.66,11.17,5824703.0,142822753.0,449408480.0,0.012960821300034214
2019-12-06,11.21,11.3,10.77,11.17,6847403.0,166315502.0,449408480.0,0.015236479293848661
2019-12-09,11.1,11.21,10.9,11.14,3972207.0,97549463.0,449408480.0,0.00883874509889088
2019-12-10,11.12,11.17,10.95,10.99,3424600.0,83787600.0,449408480.0,0.007620238941641689
2019-12-11,11.06,11.46,11.03,11.19,4131649.0,102955515.0,449408480.0,0.009193527011328313
2019-12-12,11.11,11.4,10.96,11.38,4018375.0,99997942.0,449408480.0,0.008941475692670507
2019-12-13,11.43,11.5,11.24,11.32,3742697.0,94263156.0,449408480.0,0.008328051575706805
2019-12-16,11.49,11.49,11.1,11.22,5262394.0,131152138.0,449408480.0,0.011709601029335272
2019-12-17,11.26,11.36,10.82,10.89,8235397.0,201005566.0,449408480.0,0.018324970191928733
2019-12-18,10.94,11.02,10.74,10.77,5321175.0,128176902.0,449408480.0,0.011840397404161132
2019-12-19,10.82,11.04,10.7,10.78,6041894.0,145737489.0,449408480.0,0.013444103235435165
2019-12-20,10.74,10.89,10.41,10.41,7236306.0,169736009.0,449408480.0,0.016101845697259653
2019-12-23,10.51,10.7,10.18,10.23,5732121.0,131855252.0,449408480.0,0.012754812726275214
2019-12-24,10.23,10.31,10.05,10.23,4459217.0,100898153.0,449408480.0,0.009922414014083579
2019-12-25,10.35,10.36,9.86,10.06,6496353.0,145231242.0,449408480.0,0.014455341385636514
2019-12-26,10.08,10.33,9.93,10.22,5106938.0,115201875.0,449408480.0,0.011363688553451417
2019-12-27,10.29,10.38,10.04,10.15,5268136.0,118981826.0,449408480.0,0.011722377824290276
2019-12-30,10.15,10.39,10.15,10.34,5589180.0,127885349.0,449408480.0,0.012436747967016555
2019-12-31,10.34,10.36,10.13,10.33,5654677.0,128656027.0,449408480.0,0.01258248843012486
2020-01-02,10.38,10.41,10.24,10.28,4727122.0,108402384.0,449408480.0,0.010518542062223659
2020-01-03,10.28,10.34,10.05,10.27,5032993.0,114046673.0,449408480.0,0.011199150047190921
2020-01-06,10.23,10.32,10.1,10.16,4823227.0,109420488.0,449408480.0,0.010732389829404198
2020-01-07,10.14,11.15,10.09,10.86,10533856.0,253061610.0,449408480.0,0.02343937969305786
2020-01-08,10.72,10.72,10.28,10.31,7081217.0,163968520.0,449408480.0,0.015756749850381106
2020-01-09,10.38,10.56,10.27,10.36,3615103.0,83304538.0,449408480.0,0.00804413614981186
2020-01-10,10.31,10.47,10.28,10.35,2305551.0,52911030.0,449408480.0,0.005130190244741265
2020-01-13,10.32,10.69,10.27,10.6,4465701.0,103922783.0,449408480.0,0.00993684186822643
2020-01-14,10.6,10.77,10.32,10.34,3486800.0,80980594.0,449408480.0,0.007758643094585131
2020-01-15,10.46,10.49,10.23,10.46,2986881.0,69057018.0,449408480.0,0.0066462497547887835
2020-01-16,10.46,10.57,10.27,10.47,3544858.0,82224506.0,449408480.0,0.00788783068801906
2020-01-17,10.56,10.67,10.44,10.53,4376596.0,102718356.0,449408480.0,0.009738570131119912
2020-01-20,10.45,10.68,10.44,10.56,3183758.0,74640529.0,449408480.0,0.0070843300509149274
2020-01-21,10.8,11.3,10.5,10.5,4344145.0,103209252.0,449408480.0,0.009666361880843905
2020-01-22,10.27,10.6,10.27,10.34,4049115.0,93478445.0,449408480.0,0.009009876716166994
2020-01-23,10.31,10.31,9.53,9.63,6013142.0,131053717.0,449408480.0,0.013380125804479701
2020-02-03,8.67,8.9,8.67,8.67,3008508.0,57969963.0,449408480.0,0.006694373012276048
2020-02-04,7.83,9.53,7.83,9.45,8349708.0,169754789.0,449408480.0,0.018579328988184648
2020-02-05,9.47,9.88,9.28,9.46,7505546.0,158941640.0,449408480.0,0.016700944316849563
2020-02-06,9.51,9.83,9.42,9.68,4866571.0,103644756.0,449408480.0,0.010828836607622535
2020-02-07,9.68,10.04,9.41,9.97,4976840.0,107825633.0,449408480.0,0.011074201359084278
2020-02-10,9.93,10.36,9.55,10.16,6436023.0,143059860.0,449408480.0,0.01432109825786999
2020-02-11,10.19,11.0,10.02,10.89,8921812.0,211991407.0,449408480.0,0.01985234457525145
2020-02-12,10.71,10.88,10.41,10.77,6651572.0,156950972.0,449408480.0,0.014800726501645007
2020-02-13,10.77,10.77,10.33,10.36,5119220.0,119393043.0,449408480.0,0.011391017810789864
2020-02-14,10.44,10.71,10.21,10.34,5285544.0,122261178.0,449408480.0,0.011761113185937212
2020-02-17,10.36,11.12,10.36,11.07,7986791.0,192948050.0,449408480.0,0.017771785258702728
2020-02-18,11.17,11.19,10.68,10.94,6284230.0,151283048.0,449408480.0,0.013983336496009155
2020-02-19,10.98,11.08,10.63,10.92,4220534.0,102304714.0,449408480.0,0.009391309216061076
2020-02-20,10.95,11.06,10.81,11.03,2706072.0,65869526.0,449408480.0,0.006021408407780824
2020-02-21,11.1,11.2,10.9,11.12,2985819.0,73455870.0,449408480.0,0.00664388664851184
2020-02-24,11.12,11.78,11.0,11.5,4955639.0,125863545.0,449408480.0,0.011027026014284376
2020-02-25,11.17,12.16,11.17,11.96,6556429.0,172164806.0,449408480.0,0.014589019326026069
2020-02-26,11.94,11.96,11.49,11.6,5151699.0,133809658.0,449408480.0,0.011463288365186166
2020-02-27,11.75,12.61,11.66,12.32,6550019.0,178593456.0,449408480.0,0.014574756132772572
2020-02-28,12.03,12.79,11.79,12.29,6334103.0,172152796.0,449408480.0,0.014094311259992246
2020-03-02,12.34,13.23,12.21,13.03,7826532.0,221471296.0,449408480.0,0.017415185401040943
2020-03-03,13.15,13.18,12.66,12.94,5932686.0,170143339.0,449408480.0,0.013201099365103212
2020-03-04,12.95,13.05,12.63,12.82,4459869.0,127110872.0,449408480.0,0.009923864810027617
2020-03-05,12.97,12.97,12.36,12.59,5929689.0,165633390.0,449408480.0,0.01319443059908438
2020-03-06,12.67,13.51,12.67,13.11,13505797.0,393880013.0,449408480.0,0.030052385749374376
2020-03-09,12.96,12.96,11.93,12.49,11630163.0,319029797.0,449408480.0,0.025878824093394943
2020-03-10,12.16,12.54,11.94,12.45,6699796.0,182507638.0,449408480.0,0.014908031997972089
2020-03-11,12.45,12.59,12.2,12.21,4097401.0,112140965.0,449408480.0,0.00911732017161759
2020-03-12,12.21,12.23,11.51,11.75,7563994.0,197880600.0,449408480.0,0.01683099971767333
2020-03-13,11.21,11.74,10.98,11.47,5433948.0,136634454.0,449408480.0,0.012091333924095069
2020-03-16,11.71,11.81,11.21,11.23,5214777.0,133789417.0,449408480.0,0.011603646197330323
2020-03-17,11.23,11.52,10.86,11.14,4954325.0,122839896.0,449408480.0,0.011024102170924768
2020-03-18,11.44,11.88,11.08,11.17,6504395.0,164661133.0,449408480.0,0.01447323601904441
2020-03-19,11.14,11.57,11.13,11.47,6044643.0,152433647.0,449408480.0,0.013450220164959949
2020-03-20,11.53,12.07,11.26,11.78,6811795.0,175841545.0,449408480.0,0.01515724625400927
2020-03-23,11.55,11.62,11.33,11.34,3570571.0,90474467.0,449408480.0,0.007945045896775246
2020-03-24,11.48,11.59,11.27,11.49,2373791.0,60363708.0,449408480.0,0.005282034286491434
2020-03-25,11.73,11.85,11.54,11.77,3506537.0,90981675.0,449408480.0,0.00780256082395241
2020-03-26,11.71,11.88,11.62,11.77,2085451.0,54375389.0,449408480.0,0.004640435356270981
2020-03-27,11.82,12.28,11.82,12.1,4216596.0,113042827.0,449408480.0,0.009382546586570863
2020-03-30,11.9,11.98,11.53,11.54,4080994.0,105957529.0,449408480.0,0.009080812182271239
2020-03-31,11.7,11.7,11.27,11.31,3401780.0,86296915.0,449408480.0,0.0075694610836003805
2020-04-01,11.22,11.4,11.13,11.18,3013700.0,75424143.0,449408480.0,0.006705925976296665
2020-04-02,11.17,11.58,11.14,11.57,2753626.0,69770682.0,449408480.0,0.0061272230555151075
2020-04-03,11.58,12.07,11.54,11.94,4512649.0,119035113.0,449408480.0,0.010041308076785735
2020-04-07,12.01,12.28,12.01,12.22,4950785.0,134086467.0,449408480.0,0.01101622515000162
2020-04-08,12.38,12.39,12.12,12.31,3800551.0,103388125.0,449408480.0,0.008456785239121434
2020-04-09,12.35,12.45,12.23,12.26,2218619.0,60561664.0,449408480.0,0.004936753752399154
2020-04-10,12.36,12.36,11.99,12.02,2712258.0,72987621.0,449408480.0,0.006035173168071951
2020-04-13,12.1,12.14,11.95,12.04,2168021.0,58024864.0,449408480.0,0.004824165756729824
2020-04-14,12.07,12.36,12.05,12.27,3079495.0,83970988.0,449408480.0,0.006852329533256693
2020-04-15,12.32,12.33,12.04,12.05,2658009.0,71587474.0,449408480.0,0.005914461160145443
2020-04-16,11.95,12.16,11.86,12.07,2186776.0,58387699.0,449408480.0,0.0048658983915924325
2020-04-17,12.11,12.21,11.99,12.06,2766821.0,74348763.0,449408480.0,0.006156583872204637
2020-04-20,12.06,12.69,11.98,12.65,5320969.0,146899535.0,449408480.0,0.011839939023847525
2020-04-21,12.54,12.8,12.46,12.68,3432197.0,95856730.0,449408480.0,0.007637143384566308
2020-04-22,12.48,12.54,12.27,12.38,3826695.0,105095879.0,449408480.0,0.008514959486300749
2020-04-23,12.39,12.43,12.16,12.19,2331043.0,63276044.0,449408480.0,0.0051869136959765425
2020-04-24,12.46,12.77,12.33,12.65,5826917.0,163019534.0,449408480.0,0.01296574777583191
2020-04-27,12.69,13.29,12.69,12.96,5239027.0,150948610.0,449408480.0,0.011657606015801037
2020-04-28,12.87,13.09,12.62,13.0,4265875.0,122268365.0,449408480.0,0.009492199613144816
2020-04-29,13.06,13.06,12.58,12.86,4298101.0,122067097.0,449408480.0,0.009563907205311301
2020-04-30,12.7,13.05,12.32,12.7,8896741.0,142671537.0,763994416.0,0.011645034065275157
2020-05-06,12.59,12.66,12.15,12.24,10717059.0,166352593.0,763994416.0,0.014027666662945871
2020-05-07,12.24,12.67,12.05,12.67,7655944.0,119788949.0,763994416.0,0.010020942352018447
2020-05-08,12.58,12.76,12.42,12.74,5681413.0,90684310.0,763994416.0,0.007436458802599416
2020-05-11,12.74,12.91,12.55,12.74,5675240.0,91130537.0,763994416.0,0.007428378900612279
2020-05-12,12.74,12.82,12.55,12.6,4077918.0,64866116.0,763994416.0,0.005337628017427813
2020-05-13,12.66,12.76,12.48,12.71,3583416.0,57002876.0,763994416.0,0.004690369359977103
2020-05-14,12.73,12.74,12.28,12.34,4837330.0,75927398.0,763994416.0,0.006331630046887672
2020-05-15,12.34,12.4,12.16,12.36,4358185.0,67578509.0,763994416.0,0.00570447232169299
2020-05-18,12.44,12.58,12.18,12.45,5002974.0,78571895.0,763994416.0,0.006548443149877682
2020-05-19,12.48,12.74,12.32,12.4,6069594.0,95766116.0,763994416.0,0.007944552830344247
2020-05-20,12.38,12.42,12.02,12.05,5770655.0,88140636.0,763994416.0,0.00755326855687385
2020-05-21,12.14,12.17,11.96,11.98,3196442.0,48555362.0,763994416.0,0.0041838551867112075
2020-05-22,11.91,11.98,11.74,11.9,3029023.0,45246534.0,763994416.0,0.003964718768310998
2020-05-25,11.83,11.89,11.4,11.62,5172232.0,75540060.0,763994416.0,0.006769986653933868
2020-05-26,11.67,12.3,11.62,12.24,6083847.0,92994882.0,763994416.0,0.007963208725860635
2020-05-27,12.32,12.63,12.17,12.25,5779195.0,90333361.0,763994416.0,0.007564446649044618
2020-05-28,12.27,12.47,12.05,12.29,3440461.0,53155765.0,763994416.0,0.004503254118024862
2020-05-29,12.17,12.63,12.17,12.59,5571006.0,87920312.0,763994416.0,0.0072919459662647585
2020-06-01,12.64,12.76,12.51,12.66,6424433.0,102126881.0,763994416.0,0.008409005177859833
2020-06-02,12.7,12.8,12.47,12.61,5423174.0,86129222.0,763994416.0,0.007098447169802351
2020-06-03,12.72,12.73,12.36,12.38,4961673.0,77906862.0,763994416.0,0.006494383854240108
2020-06-04,12.4,12.59,12.33,12.43,2952409.0,46362152.0,763994416.0,0.003864437930656289
2020-06-05,12.43,12.51,12.12,12.25,3611974.0,55772898.0,763994416.0,0.004727749214334572
2020-06-08,12.23,12.55,12.23,12.4,4075832.0,63921357.0,763994416.0,0.005334897630979544
2020-06-09,12.51,12.52,12.17,12.4,4273248.0,66573467.0,763994416.0,0.005593297425357098
2020-06-10,12.39,12.67,12.39,12.58,5333835.0,84383504.0,763994416.0,0.006981510451249162
2020-06-11,12.59,12.66,12.3,12.37,5465060.0,85870328.0,763994416.0,0.007153272177842724
2020-06-12,12.11,12.59,11.97,12.17,8535945.0,133198763.0,763994416.0,0.011172784540351928
2020-06-15,12.31,13.24,12.22,12.74,13109801.0,212074476.0,763994416.0,0.017159550810120057
2020-06-16,12.95,13.33,12.62,12.99,9965750.0,163757496.0,763994416.0,0.01304427073194734
2020-06-17,13.16,14.01,13.13,13.99,15798647.0,271593301.0,763994416.0,0.02067900847065877
2020-06-18,13.95,14.46,13.75,13.99,13601547.0,240630365.0,763994416.0,0.017803202111362028
2020-06-19,14.05,14.06,13.66,13.77,12211709.0,212866980.0,763994416.0,0.015984029129343793
2020-06-22,13.9,13.97,13.55,13.69,6752623.0,117137277.0,763994416.0,0.008838576380380245
2020-06-23,13.75,13.81,13.49,13.57,5788108.0,99023497.0,763994416.0,0.0075761129646790505
2020-06-24,13.58,13.95,13.42,13.62,5668862.0,97642899.0,763994416.0,0.00742003067205664
2020-06-29,13.33,13.81,13.25,13.36,4406035.0,74437017.0,763994416.0,0.005767103669511637
2020-06-30,13.35,13.67,13.35,13.56,3999137.0,68360895.0,763994416.0,0.005234510771607525
2020-07-01,13.56,13.67,13.25,13.58,4654337.0,78770220.0,763994416.0,0.006092108662741849
2020-07-02,13.47,13.64,13.34,13.59,5688808.0,96832704.0,763994416.0,0.007446138192716843
2020-07-03,13.62,14.48,13.62,14.24,13330491.0,236169276.0,763994416.0,0.01744841417793818
2020-07-06,14.4,14.7,14.27,14.68,15831531.0,288609096.0,763994416.0,0.020722050670066678
2020-07-07,14.68,14.82,14.33,14.49,12831579.0,234965759.0,763994416.0,0.01679538322698945
2020-07-08,14.38,14.65,14.05,14.59,11756558.0,213514973.0,763994416.0,0.015388277392854663
2020-07-09,14.45,15.83,14.35,15.48,15954443.0,299882875.0,763994416.0,0.02088293142707996
2020-07-10,15.4,15.4,14.62,14.7,12438241.0,234397478.0,763994416.0,0.01628053914990918
2020-07-13,14.63,15.08,14.36,15.0,12136691.0,226288248.0,763994416.0,0.01588583731219313
2020-07-14,15.0,15.43,14.54,14.81,10824240.0,203593130.0,763994416.0,0.01416795695532937
2020-07-15,14.84,15.2,14.68,14.94,9863197.0,185732841.0,763994416.0,0.012910038075461535
2020-07-16,14.84,15.42,14.56,14.64,11204811.0,212079208.0,763994416.0,0.014666090177287368
2020-07-17,14.5,14.6,13.86,14.01,9274717.0,165479306.0,763994416.0,0.012139770665548949
2020-07-20,13.77,14.74,13.77,14.68,8253434.0,150042323.0,763994416.0,0.010803003041844223
2020-07-21,14.7,15.04,14.52,14.7,5835955.0,108154123.0,763994416.0,0.0076387403857674264
2020-07-22,14.7,14.98,14.51,14.55,5615974.0,103864901.0,763994416.0,0.007350805035203294
2020-07-23,14.59,14.76,14.34,14.61,6777841.0,124006706.0,763994416.0,0.008871584475036267
2020-07-24,14.75,14.96,14.44,14.81,13090343.0,242896321.0,763994416.0,0.017134082037583896
2020-07-27,14.92,15.23,14.47,15.2,12539121.0,236734956.0,763994416.0,0.016412581999813988
2020-07-28,15.28,16.09,15.0,16.07,16537612.0,325517138.0,763994416.0,0.02164624721550321
2020-07-29,16.11,16.14,15.6,16.03,11635592.0,232510657.0,763994416.0,0.015229943774877014
2020-07-30,15.87,16.16,15.63,15.65,10451109.0,207975120.0,763994416.0,0.013679562024442858
2020-07-31,15.55,15.79,15.28,15.43,8225936.0,160632844.0,763994416.0,0.010767010632182421
2020-08-03,15.49,15.69,15.4,15.66,6817910.0,133753928.0,763994416.0,0.00892403119344265
2020-08-04,15.63,15.67,15.16,15.24,8283695.0,159835872.0,763994416.0,0.010842611970085394
2020-08-05,15.32,15.55,15.09,15.4,5806987.0,112237313.0,763994416.0,0.007600823878272953
2020-08-06,15.4,15.56,14.87,15.22,7032557.0,133960906.0,763994416.0,0.009204984817585369
2020-08-07,15.13,15.32,14.88,15.15,5215004.0,99416673.0,763994416.0,0.0068259713563142066
2020-08-10,15.16,15.44,15.01,15.41,6185041.0,118906788.0,763994416.0,0.008095662573533783
2020-08-11,15.51,15.51,14.99,15.03,5315169.0,101974139.0,763994416.0,0.006957078335504484
2020-08-12,15.08,15.16,14.33,14.52,5899395.0,108090608.0,763994416.0,0.0077217776418931315
2020-08-13,14.59,14.79,14.36,14.43,3598220.0,65945437.0,763994416.0,0.00470974646495322
2020-08-14,14.43,14.67,14.35,14.63,3035649.0,55517060.0,763994416.0,0.00397339160656902
2020-08-17,14.59,14.92,14.52,14.86,4260136.0,79321266.0,763994416.0,0.00557613499625369
2020-08-18,14.8,15.15,14.77,14.87,4187430.0,78792278.0,763994416.0,0.005480969379231693
2020-08-19,14.84,15.3,14.82,15.12,6480915.0,123808531.0,763994416.0,0.008482935037577553
2020-08-20,15.09,15.41,15.0,15.27,5474422.0,104870724.0,763994416.0,0.007165526194107681
2020-08-21,15.27,15.36,14.93,15.15,5013102.0,95405840.0,763994416.0,0.006561699791271773
2020-08-24,15.16,15.27,14.76,14.76,5525966.0,104363879.0,763994416.0,0.007232992655799725
2020-08-25,14.79,14.92,14.52,14.57,3631908.0,67181755.0,763994416.0,0.004753841028073692
2020-08-26,14.56,14.67,13.89,14.06,6232705.0,111428102.0,763994416.0,0.008158050464075643
2020-08-27,14.04,14.23,13.78,14.11,4887859.0,86464624.0,763994416.0,0.006397767964838109
2020-08-28,14.13,14.28,13.97,14.24,4094433.0,73079412.0,763994416.0,0.005359244667568356
2020-08-31,14.3,14.56,14.24,14.34,4293419.0,77890860.0,763994416.0,0.005619699450787609
2020-09-01,14.28,14.56,14.1,14.4,3936740.0,71515769.0,763994416.0,0.005152838708705955
2020-09-02,14.42,14.52,13.94,14.08,4879558.0,86684621.0,763994416.0,0.006386902702178912
2020-09-03,14.09,14.31,13.86,13.93,4160778.0,73680416.0,763994416.0,0.005446084307506247
2020-09-04,13.73,14.08,13.47,13.97,5966275.0,103265006.0,763994416.0,0.007809317548729309
2020-09-07,13.97,14.15,13.41,13.49,5166973.0,88809698.0,763994416.0,0.006763103095769224
2020-09-08,13.41,13.49,13.09,13.43,4878632.0,81538559.0,763994416.0,0.006385690651435337
2020-09-09,13.26,13.77,13.26,13.71,5852162.0,100008203.0,763994416.0,0.007659953891600171
2020-09-10,13.85,14.05,13.55,13.65,5012151.0,87042721.0,763994416.0,0.006560455017775941
2020-09-11,13.8,14.0,13.57,13.87,4457539.0,77845944.0,763994416.0,0.005834517774800071
2020-09-14,13.98,14.36,13.42,13.61,5828485.0,100756480.0,763994416.0,0.007628962827393231
2020-09-15,13.78,14.1,13.54,13.94,4239265.0,74025001.0,763994416.0,0.005548816733760001
2020-09-16,14.03,14.14,13.74,13.98,2536718.0,44713998.0,763994416.0,0.0033203357863285745
2020-09-17,13.98,14.05,13.59,13.83,2756161.0,47980168.0,763994416.0,0.003607566943264151
2020-09-18,13.9,14.17,13.74,14.17,4779208.0,84580896.0,763994416.0,0.006255553574621938
2020-09-21,14.17,14.26,13.57,13.67,4670295.0,81208028.0,1259156149.0,0.0037090673811258973
2020-09-22,13.51,13.61,13.33,13.34,3117589.0,52838367.0,1259156149.0,0.002475935174899424
2020-09-23,13.51,13.67,13.32,13.39,2110870.0,35823297.0,1259156149.0,0.0016764163854311607
2020-09-24,13.4,13.47,13.03,13.05,2877362.0,47658034.0,1259156149.0,0.002285151053175693
2020-09-25,13.05,13.2,12.94,13.16,2328077.0,38443597.0,1259156149.0,0.0018489184219518116
2020-09-28,13.09,13.42,12.92,13.27,3412949.0,56575045.0,1259156149.0,0.0027105049701027987
2020-09-29,13.28,13.47,13.0,13.31,2348102.0,39487088.0,1259156149.0,0.0018648219300400684
2020-09-30,13.31,13.33,13.05,13.11,2322748.0,38511692.0,1259156149.0,0.0018446862224710463
2020-10-09,13.17,13.73,13.17,13.68,4278621.0,73118201.0,1259156149.0,0.003398006675659732
2020-10-12,13.64,13.86,13.51,13.76,3743253.0,64648270.0,1259156149.0,0.002972826684738685
2020-10-13,13.69,13.7,13.53,13.69,1790427.0,30707550.0,1259156149.0,0.0014219261061639782
2020-10-14,13.73,13.73,13.33,13.37,2808239.0,47648752.0,1259156149.0,0.002230254764057861
2020-10-15,13.32,13.67,13.26,13.51,1889616.0,32124260.0,1259156149.0,0.0015007002916204637
2020-10-16,13.62,13.78,13.35,13.61,2538577.0,43428342.0,1259156149.0,0.0020160938752640757
2020-10-19,13.61,13.93,13.52,13.56,4871481.0,84029484.0,1259156149.0,0.0038688458169932665
2020-10-20,13.55,13.68,13.34,13.58,4236012.0,72179269.0,1259156149.0,0.0033641673460151605
2020-10-21,13.62,13.65,13.19,13.39,4600937.0,77447737.0,1259156149.0,0.003653984459079189
2020-10-22,13.33,13.5,13.31,13.32,3039830.0,51328419.0,1259156149.0,0.0024141803241910704
2020-10-23,13.4,13.41,13.15,13.17,2568908.0,42969468.0,1259156149.0,0.002040182230011887
2020-10-26,13.09,13.18,12.79,12.97,2966765.0,48388407.0,1259156149.0,0.0023561533669641792
2020-10-27,12.82,13.09,12.58,13.09,5245194.0,84574871.0,1259156149.0,0.004165642207414578
2020-10-28,12.89,13.05,12.8,12.94,2959897.0,48217385.0,1259156149.0,0.002350698920344946
2020-10-29,12.82,12.94,12.74,12.8,2889032.0,46608963.0,1259156149.0,0.002294419165005404
2020-10-30,12.8,13.06,12.63,12.79,3271372.0,53095124.0,1259156149.0,0.002598066969373153
2020-11-02,12.94,12.94,12.54,12.63,4177986.0,66677104.0,1259156149.0,0.0033180841020536526
2020-11-03,12.7,13.26,12.67,12.89,4811224.0,78568525.0,1259156149.0,0.003820990751481451
2020-11-04,12.9,13.28,12.8,12.99,3905755.0,64122647.0,1259156149.0,0.003101882957965049
2020-11-05,13.06,13.48,12.97,13.45,6591745.0,110379407.0,1259156149.0,0.005235049684056302
2020-11-06,13.46,13.97,13.33,13.78,6806030.0,117629314.0,1259156149.0,0.005405231118797483
2020-11-09,13.89,14.53,13.85,14.47,10839125.0,194882653.0,1259156149.0,0.008608245298733
2020-11-10,14.67,14.84,14.31,14.56,8346948.0,153387554.0,1259156149.0,0.006629001499638469
2020-11-11,14.49,14.91,14.41,14.59,6525800.0,120910616.0,1259156149.0,0.005182677307483013
2020-11-12,14.84,15.42,14.55,15.36,9771460.0,185865626.0,1259156149.0,0.007760324251889112
2020-11-13,15.32,15.39,14.96,15.23,4452108.0,85200479.0,1259156149.0,0.0035357870455827
2020-11-16,15.11,16.24,14.92,15.99,9486993.0,189252646.0,1259156149.0,0.007534405488576143
2020-11-17,16.16,17.2,15.99,16.51,10648052.0,222576576.0,1259156149.0,0.008456498432268705
2020-11-18,16.57,16.69,16.11,16.65,6295254.0,130339012.0,1259156149.0,0.004999581668246295
2020-11-19,16.48,16.66,16.19,16.52,5957150.0,123306674.0,1259156149.0,0.00473106532873708
2020-11-20,16.51,16.96,16.42,16.94,4870721.0,102832994.0,1259156149.0,0.003868242238159455
2020-11-23,17.16,17.71,16.58,16.67,9921174.0,212776859.0,1259156149.0,0.007879224517053921
2020-11-24,16.66,17.05,16.51,16.97,5682331.0,120761439.0,1259156149.0,0.004512808839882813
2020-11-25,17.05,17.34,16.51,16.55,4437117.0,93866624.0,1259156149.0,0.003523881453085768
2020-11-26,16.51,16.9,16.36,16.86,4826394.0,101439552.0,1259156149.0,0.0038330385026773993
2020-11-27,16.73,17.1,16.58,16.83,3113945.0,66032775.0,1259156149.0,0.0024730411732278327
2020-11-30,16.86,16.92,16.55,16.65,5417119.0,114316082.0,1259156149.0,0.0043021820639975285
2020-12-01,16.89,17.41,16.7,17.13,6618428.0,142862072.0,1259156149.0,0.005256240860401818
2020-12-02,17.28,17.28,16.77,16.89,4127292.0,87964414.0,1259156149.0,0.0032778238054730732
2020-12-03,16.72,16.81,16.51,16.59,3940329.0,82638454.0,1259156149.0,0.003129341029807416
2020-12-04,16.6,16.7,16.45,16.54,3167477.0,66091655.0,1259156149.0,0.0025155553602430923
2020-12-07,16.72,16.81,16.37,16.48,2780055.0,57795437.0,1259156149.0,0.0022078715195155674
2020-12-08,16.37,16.48,15.93,16.2,5098196.0,104215875.0,1259156149.0,0.004048898942397969
2020-12-09,16.45,16.6,15.88,15.97,3887444.0,79565310.0,1259156149.0,0.003087340678983572
2020-12-10,16.24,16.45,15.91,16.05,4987656.0,101296135.0,1259156149.0,0.003961109989385439
2020-12-11,16.28,17.13,16.25,16.82,13966235.0,295918469.0,1259156149.0,0.011091741886891266
2020-12-14,16.79,16.79,16.01,16.42,10309117.0,211998948.0,1259156149.0,0.008187322126955677
2020-12-15,16.73,17.02,16.26,16.89,5589535.0,117780747.0,1259156149.0,0.004439111864274429
2020-12-16,17.22,17.25,16.47,16.63,3771328.0,79407840.0,1259156149.0,0.002995123363369288
2020-12-17,16.3,16.91,16.13,16.85,4574349.0,95355625.0,1259156149.0,0.0036328687300878995
2020-12-18,16.9,17.29,16.77,17.14,3585903.0,77158185.0,1259156149.0,0.0028478620406594225
2020-12-21,17.51,17.65,16.96,17.34,3732242.0,81297377.0,1259156149.0,0.002964081939292503
2020-12-22,17.22,17.22,16.04,16.33,6471804.0,134341790.0,1259156149.0,0.005139794619706059
2020-12-23,16.2,16.32,15.95,16.23,4439430.0,90575858.0,1259156149.0,0.0035257183976155127
2020-12-24,16.2,16.55,16.12,16.51,2277954.0,47090580.0,1259156149.0,0.001809111603679267
2020-12-25,16.59,17.02,16.31,16.9,2872232.0,60370880.0,1259156149.0,0.0022810768960474653
2020-12-28,17.28,17.28,16.55,16.88,3018705.0,64027189.0,1259156149.0,0.002397403215159139
2020-12-29,16.89,17.09,16.7,16.78,2960854.0,63081064.0,1259156149.0,0.0023514589531659427
2020-12-30,16.8,17.2,16.59,17.04,4003424.0,85410115.0,1259156149.0,0.0031794499857539116
2020-12-31,17.33,17.39,16.83,17.29,4852120.0,104693011.0,1259156149.0,0.0038534696462019184
2021-01-04,16.95,18.74,16.92,18.41,7644107.0,175532353.0,1259156149.0,0.006070817353408326
2021-01-05,18.41,18.93,17.94,18.74,6043372.0,140587944.0,1259156149.0,0.004799541347432994
2021-01-06,18.97,19.26,18.57,19.09,5321649.0,127169468.0,1259156149.0,0.00422636144391334
2021-01-07,19.09,20.93,18.85,20.68,9637081.0,242715877.0,1259156149.0,0.007653602778061801
2021-01-08,20.2,20.9,19.68,20.88,7182117.0,183500576.0,1259156149.0,0.00570391289889178
2021-01-11,20.89,20.97,19.61,20.61,8546485.0,218608921.0,1259156149.0,0.006787470328273003
2021-01-12,20.48,20.48,19.7,20.46,6502189.0,164770025.0,1259156149.0,0.005163925860318377
2021-01-13,20.41,20.42,19.6,19.97,5133323.0,128981992.0,1259156149.0,0.004076796197260202
2021-01-14,19.95,21.9,19.74,21.78,8870389.0,233882357.0,1259156149.0,0.007044709273782056
2021-01-15,21.46,21.55,20.14,21.38,8188639.0,214233089.0,1259156149.0,0.006503275234372858
2021-01-18,20.7,21.08,20.16,20.67,5404102.0,140330719.0,1259156149.0,0.004291844188103155
2021-01-19,20.66,21.43,20.63,21.34,4870455.0,129541703.0,1259156149.0,0.0038680309855676207
2021-01-20,21.35,22.38,21.09,21.78,7078430.0,196022697.0,1259156149.0,0.005621566479758342
2021-01-21,22.21,22.28,21.1,21.59,6140540.0,167740470.0,1259156149.0,0.004876710489701147
2021-01-22,22.08,22.14,21.43,21.64,5484879.0,150249376.0,1259156149.0,0.004355995882127881
2021-01-25,21.7,22.03,21.37,21.64,4545109.0,124433399.0,1259156149.0,0.003609646828639678
2021-01-26,21.57,21.97,21.11,21.92,4802998.0,130885009.0,1259156149.0,0.0038144578047881175
2021-01-27,21.34,23.01,21.34,22.58,7305633.0,204956034.0,1259156149.0,0.005802007166308966
2021-01-28,22.0,22.37,21.2,22.06,6542357.0,179863596.0,1259156149.0,0.005195826590050667
2021-01-29,21.74,22.69,21.74,22.14,5423269.0,152381394.0,1259156149.0,0.004307066287455346
2021-02-01,22.3,22.6,21.51,22.56,4042026.0,113501952.0,1259156149.0,0.0032101070254154794
2021-02-02,22.46,24.4,22.46,24.24,7532540.0,223924479.0,1259156149.0,0.0059822127747874735
2021-02-03,23.81,26.67,23.7,26.66,9150322.0,293023004.0,1259156149.0,0.0072670272128417335
2021-02-04,26.51,26.95,25.43,26.12,6033920.0,198612358.0,1259156149.0,0.004792034732778802
2021-02-05,24.55,26.49,23.51,26.27,12337337.0,376599660.0,1259156149.0,0.009798099314209838
2021-02-08,24.6,25.26,23.64,23.64,11514481.0,348472210.0,1259156149.0,0.009144601334111421
2021-02-09,22.97,24.98,22.46,24.08,10821586.0,325126619.0,1259156149.0,0.008594316128777448
2021-02-10,24.09,26.48,24.04,26.48,9017037.0,291464722.0,1259156149.0,0.007161174574862041
2021-02-18,28.17,28.58,26.57,28.11,7632800.0,267472284.0,1259156149.0,0.006061837529890028
2021-02-19,27.77,28.01,25.47,26.08,11239376.0,373093842.0,1259156149.0,0.0089261177090118
2021-02-22,25.39,28.57,25.31,27.19,12778453.0,425341401.0,1259156149.0,0.010148425999546145
2021-02-23,26.5,26.5,24.6,24.83,10246870.0,325174038.0,1259156149.0,0.008137886637918488
2021-02-24,24.63,25.35,23.25,25.01,10427878.0,321189568.0,1259156149.0,0.008281640055748161
2021-02-25,24.76,24.96,23.08,23.08,9559568.0,283594894.0,1259156149.0,0.007592043296291761
2021-02-26,22.55,22.91,21.57,22.32,8910982.0,250091212.0,1259156149.0,0.007076947531151675
2021-03-01,22.35,23.01,22.03,22.78,7128396.0,202215581.0,1259156149.0,0.005661248611350743
2021-03-02,23.12,23.4,22.14,22.5,5297770.0,151613959.0,1259156149.0,0.004207397155791518
2021-03-03,22.41,24.74,22.41,24.24,10900077.0,328135491.0,1259156149.0,0.008656652321204683
2021-03-04,24.6,25.89,23.42,24.72,13731974.0,427000134.0,1259156149.0,0.010905695859012956
2021-03-05,24.26,24.26,22.62,23.81,8224219.0,244160237.0,1259156149.0,0.006531532253987349
2021-03-08,23.39,24.28,22.24,23.05,10889369.0,314966493.0,1259156149.0,0.00864814821310935
2021-03-09,22.7,23.01,20.97,21.04,15225626.0,422364003.0,1259156149.0,0.012091928401486924
2021-03-10,21.03,22.03,20.78,21.57,10633859.0,289938934.0,1259156149.0,0.008445226597547276
2021-03-11,21.89,22.44,21.17,21.89,8510744.0,235053331.0,1259156149.0,0.006759085445247665
2021-03-12,22.31,22.49,21.59,21.93,6247030.0,172777801.0,1259156149.0,0.004961283002875603
2021-03-15,21.97,22.32,21.16,21.44,6248934.0,170240379.0,1259156149.0,0.004962795126690836
2021-03-16,21.43,21.72,20.79,21.51,8162097.0,219468000.0,1259156149.0,0.006482196037784667
2021-03-17,21.55,21.81,20.95,21.59,5928902.0,160390662.0,1259156149.0,0.004708631256503518
2021-03-18,21.54,22.5,21.54,21.91,6428125.0,177918393.0,1259156149.0,0.005105105514598095
2021-03-19,21.64,21.9,20.97,21.16,7459025.0,200180091.0,1259156149.0,0.0059238284353563524
2021-03-22,21.35,21.74,21.11,21.24,5267974.0,142029376.0,1259156149.0,0.004183733688775402
2021-03-23,21.28,21.43,19.98,20.94,8627792.0,223101967.0,1259156149.0,0.0068520429391160445
2021-03-24,20.62,20.62,19.42,19.57,9269342.0,230962878.0,1259156149.0,0.0073615508349473184
2021-03-25,19.66,20.17,19.55,19.93,4684275.0,117556529.0,1259156149.0,0.0037201700549373247
2021-03-26,20.13,20.24,19.73,20.16,6178880.0,156036898.0,1259156149.0,0.004907159453501585
2021-03-29,20.5,20.61,19.93,20.37,5747203.0,147069561.0,1259156149.0,0.00456432905844468
2021-03-30,20.38,20.83,19.98,20.73,5531890.0,143297174.0,1259156149.0,0.004393331203912502
2021-03-31,20.79,21.15,20.32,20.95,6308891.0,165163883.0,1259156149.0,0.005010411937399831
2021-04-01,20.79,21.03,20.22,20.73,5605633.0,141550944.0,1259156149.0,0.004451896616993767
2021-04-02,20.75,21.02,20.4,20.87,4819061.0,122517588.0,1259156149.0,0.003827214761113794
2021-04-06,21.02,21.64,21.02,21.5,4852145.0,127186826.0,1259156149.0,0.00385348950076882
2021-04-07,21.5,21.9,21.2,21.77,7610806.0,202051715.0,1259156149.0,0.006044370276112593
2021-04-08,21.97,22.3,21.54,21.91,6819589.0,183315860.0,1259156149.0,0.005415999441702285
2021-04-09,22.17,22.23,21.2,21.34,5782390.0,152951562.0,1259156149.0,0.004592273964267477
2021-04-12,21.34,21.62,20.93,21.07,4371120.0,113776917.0,1259156149.0,0.003471467779013324
2021-04-13,21.19,21.26,20.66,20.83,3703764.0,94993085.0,1259156149.0,0.002941465205043445
2021-04-14,20.68,21.28,20.68,21.1,2888526.0,74615150.0,1259156149.0,0.0022940173085713137
2021-04-15,21.24,21.27,20.54,20.89,3043795.0,77787404.0,1259156149.0,0.0024173292585016794
2021-04-16,20.96,20.97,20.56,20.64,3691114.0,93877108.0,1259156149.0,0.002931418794191188
2021-04-19,20.58,21.28,20.13,21.19,5099064.0,130919373.0,1259156149.0,0.004049588292960796
2021-04-20,21.45,21.59,20.92,21.24,3792141.0,98822677.0,1259156149.0,0.003011652687406286
2021-04-21,21.13,21.17,20.63,20.93,2665833.0,68475044.0,1259156149.0,0.002117158385889755
2021-04-22,20.93,21.51,20.85,21.16,4234696.0,110434974.0,1259156149.0,0.003363122201613455
2021-04-23,21.34,21.43,20.92,21.27,2976643.0,77487134.0,1259156149.0,0.002363998303438377
2021-04-26,21.46,22.08,20.84,20.89,5230581.0,138073635.0,1259156149.0,0.0041540368159692
2021-04-27,20.8,21.31,20.52,20.79,2812069.0,71976921.0,1259156149.0,0.0022332964837072007
2021-04-28,20.76,21.98,20.62,21.79,6967582.0,184512699.0,1259156149.0,0.005533532918481582
2021-04-29,22.0,22.16,21.05,21.32,5205035.0,136179543.0,1259156149.0,0.004133748625326374
2021-04-30,21.19,21.24,20.71,21.1,3463320.0,88993463.0,1259156149.0,0.0027505087456790077
2021-05-06,21.11,21.65,20.88,21.55,6375489.0,167407088.0,1259156149.0,0.005063302915260592
2021-05-07,21.55,22.01,20.98,21.1,8615560.0,227419719.0,1259156149.0,0.006842328496622384
2021-05-10,21.44,21.52,19.84,20.74,11676353.0,292208226.0,1259156149.0,0.009273157272251862
2021-05-11,20.46,20.46,19.63,19.67,7459491.0,182402220.0,1259156149.0,0.0059241985244834
2021-05-12,19.47,20.23,19.46,19.8,4669505.0,113819674.0,1259156149.0,0.0037084399768118038
2021-05-13,19.55,19.66,18.63,18.7,6251597.0,145700339.0,1259156149.0,0.004964910035157205
2021-05-14,18.71,19.38,18.51,19.3,6454277.0,151386323.0,1259156149.0,0.005125874979942619
2021-05-17,19.36,20.34,19.23,20.27,5940353.0,145578724.0,1259156149.0,0.0047177254423271696
2021-05-18,20.31,22.05,20.31,21.7,9452027.0,248304822.0,1259156149.0,0.007506636097124758
2021-05-19,21.77,21.85,20.28,20.64,8750369.0,223041655.0,1259156149.0,0.006949391469000403
2021-05-20,20.05,20.44,19.73,20.13,5772682.0,142257734.0,1259156149.0,0.004584564038848211
2021-05-21,20.13,20.51,19.56,19.85,7761731.0,189355152.0,1259156149.0,0.006164232296498121
2021-05-24,20.02,20.02,19.09,19.36,4191599.0,99860967.0,1259156149.0,0.003328895310822963
2021-05-25,19.38,19.89,19.16,19.89,5012152.0,120604956.0,1259156149.0,0.003980564288218395
2021-05-26,19.75,19.85,19.51,19.69,3719405.0,89845685.0,1259156149.0,0.0029538870162798213
2021-05-27,19.82,19.97,19.45,19.96,4080260.0,98645744.0,1259156149.0,0.0032404718058522543
2021-05-28,20.12,20.47,19.45,19.56,5178183.0,126368207.0,1259156149.0,0.004112423232108602
2021-05-31,19.89,19.89,19.17,19.32,4648684.0,110244977.0,1259156149.0,0.0036919042993133967
2021-06-01,19.34,19.42,19.04,19.16,6534063.0,153419702.0,1259156149.0,0.005189239638935361
2021-06-02,19.16,19.29,18.75,18.83,5509827.0,127602611.0,1259156149.0,0.004375809151530419
2021-06-03,18.84,19.52,18.84,19.11,6489727.0,152674189.0,1259156149.0,0.0051540287558092205
2021-06-04,19.03,19.05,18.65,18.72,4952532.0,114116226.0,1259156149.0,0.003933215117071235
2021-06-07,18.71,18.98,18.21,18.84,4319210.0,98954929.0,1259156149.0,0.003430241756298646
2021-06-08,18.74,19.03,18.51,18.72,4118270.0,94748721.0,1259156149.0,0.0032706586893695897
2021-06-09,18.72,18.9,18.44,18.53,4476944.0,102139982.0,1259156149.0,0.003555511366525519
2021-06-10,18.55,19.34,18.49,19.2,7655275.0,178563378.0,1259156149.0,0.006079686785534651
2021-06-11,19.32,19.48,18.85,19.15,7219852.0,169798255.0,1259156149.0,0.005733881382173197
2021-06-15,19.15,19.34,18.23,19.17,7248750.0,166607625.0,1259156149.0,0.005756831673146203
2021-06-16,18.99,19.29,18.38,18.41,4616970.0,106180782.0,1259156149.0,0.003666717589924584
2021-06-17,18.32,18.46,17.77,18.09,5961788.0,131976818.0,1259156149.0,0.004734748747988682
2021-06-18,18.02,18.26,17.84,17.84,4017999.0,88570988.0,1259156149.0,0.0031910251982575993
2021-06-21,17.93,18.98,17.85,18.37,7115550.0,160631111.0,1259156149.0,0.005651046540693977
2021-06-22,18.37,18.37,17.93,18.04,4042658.0,89956480.0,1259156149.0,0.003210608948866754
2021-06-23,18.44,19.17,17.84,18.11,9601486.0,216404865.0,1259156149.0,0.00762533384570717
2021-06-24,18.17,18.32,17.77,17.9,7764385.0,170843648.0,1259156149.0,0.006166340057320405
2021-06-25,18.02,18.23,17.82,18.1,9562458.0,211822151.0,1259156149.0,0.007594338484225597
2021-06-28,18.11,18.11,17.81,17.94,5622715.0,123668017.0,1259156149.0,0.0044654628454663566
2021-06-29,18.0,18.03,17.31,17.43,8661297.0,187266807.0,1259156149.0,0.006878652029677695
2021-06-30,17.43,17.57,16.91,16.99,7204445.0,151294149.0,1259156149.0,0.005721645409683021
2021-07-01,16.99,17.32,16.91,17.27,5940406.0,125118618.0,1259156149.0,0.0047177675340090005
2021-07-02,17.16,17.48,16.91,17.07,5188311.0,109165208.0,1259156149.0,0.004120466714251816
2021-07-05,16.78,16.87,16.32,16.67,7835595.0,158903529.0,1259156149.0,0.0062228938056831905
2021-07-06,16.43,17.02,16.43,16.87,5598781.0,115446807.0,1259156149.0,0.004446454877297351
2021-07-07,17.02,17.81,16.74,17.71,8433963.0,180415481.0,1259156149.0,0.006698107305196506
2021-07-08,17.65,18.12,17.36,17.44,6157744.0,133388728.0,1259156149.0,0.004890373608460216
2021-07-09,17.36,17.75,17.21,17.69,5066250.0,108903662.0,1259156149.0,0.004023527982628308
2021-07-12,17.93,18.11,17.05,17.13,8940989.0,191961472.0,1259156149.0,0.00710077857071244
2021-07-13,17.14,17.31,16.96,17.23,4800660.0,100931623.0,1259156149.0,0.0038126010056914713
2021-07-14,17.12,17.2,16.65,16.71,5535711.0,114430338.0,1259156149.0,0.004396365775917757
2021-07-15,16.71,17.3,16.48,17.22,6276615.0,130303409.0,1259156149.0,0.004984778897347068
2021-07-16,17.31,18.0,17.13,17.63,9957206.0,216012115.0,1259156149.0,0.007907840507237994
2021-07-19,17.64,17.91,16.71,16.76,7980726.0,166906424.0,1259156149.0,0.006338154331643581
2021-07-20,16.56,16.69,16.21,16.34,6880947.0,138016932.0,1259156149.0,0.005464728902340452
2021-07-21,16.51,16.59,16.26,16.3,5248572.0,105288413.0,1259156149.0,0.004168324956494335
2021-07-22,16.23,17.3,16.19,17.1,10112565.0,208840610.0,1259156149.0,0.008031223933609206
2021-07-23,17.18,18.75,17.18,18.61,18600075.0,416836339.0,1259156149.0,0.014771857338561113
2021-07-26,18.66,18.93,17.88,18.75,17241965.0,389530006.0,1259156149.0,0.013693269904366721
2021-07-27,18.94,18.94,17.36,17.44,15122940.0,334265323.0,1259156149.0,0.012010376959212228
2021-07-28,17.05,17.28,16.06,17.13,13541987.0,275179381.0,1259156149.0,0.010754811474934869
2021-07-29,17.13,17.89,16.76,17.83,9567127.0,204033924.0,1259156149.0,0.007598046523140158
2021-07-30,17.75,18.23,17.4,17.93,8500977.0,186366455.0,1259156149.0,0.006751328663050511
2021-08-02,17.93,18.38,16.78,18.11,11970160.0,258174335.0,1259156149.0,0.009506493701759305
2021-08-03,18.06,18.34,17.48,17.72,8510392.0,186730163.0,1259156149.0,0.006758805892945689
2021-08-04,17.69,18.02,17.53,17.94,5876497.0,128696872.0,1259156149.0,0.004667012113364186
2021-08-05,17.94,17.94,17.31,17.53,4658410.0,100609862.0,1259156149.0,0.003699628520020832
2021-08-06,17.66,19.28,17.59,19.28,17763588.0,412712298.0,1259156149.0,0.014107533854405217
2021-08-09,19.74,21.19,19.34,20.87,24744460.0,614827941.0,1259156149.0,0.01965162146065174
2021-08-10,20.77,21.03,20.58,20.99,13662577.0,349344495.0,1259156149.0,0.010850581963841881
2021-08-11,21.19,21.25,20.44,20.65,8844257.0,224645830.0,1259156149.0,0.007023955692091053
2021-08-12,20.64,21.5,20.21,21.0,11678219.0,300212128.0,1259156149.0,0.009274639217125406
2021-08-13,20.97,21.0,20.24,20.57,9621500.0,241686664.0,1259156149.0,0.00764122861778599
2021-08-16,20.8,21.42,20.34,21.31,13814840.0,357372482.0,1259156149.0,0.010971506600647987
2021-08-17,21.06,21.06,19.47,19.87,15567470.0,383907234.0,1259156149.0,0.012363414984204632
2021-08-18,20.05,20.64,19.87,20.52,11354185.0,283127478.0,1259156149.0,0.009017297027868463
2021-08-19,20.26,20.44,19.57,20.19,7207898.0,176281922.0,1259156149.0,0.005724387722463483
2021-08-20,20.29,20.44,19.74,20.31,7607435.0,187797896.0,1259156149.0,0.006041693086311569
2021-08-23,20.38,20.72,19.97,20.36,8918365.0,223339918.0,1259156149.0,0.007082810981849083
2021-08-24,20.36,20.48,19.75,19.85,8682001.0,213271113.0,1259156149.0,0.006895094787803002
2021-08-25,20.05,20.07,19.25,19.87,7324908.0,176301460.0,1259156149.0,0.005817315037390172
2021-08-26,19.85,20.15,19.39,19.49,6968963.0,168601082.0,1259156149.0,0.005534629684757232
2021-08-27,19.28,19.48,18.75,19.12,6460408.0,151215714.0,1259156149.0,0.00513074411392959
2021-08-30,19.11,19.79,19.08,19.71,8260346.0,198037744.0,1259156149.0,0.006560223691525649
2021-08-31,19.79,20.77,19.3,20.77,13673648.0,338533049.0,1259156149.0,0.010859374360248628
2021-09-01,20.83,21.43,19.88,20.68,14955273.0,379065361.0,1259156149.0,0.011877218732463975
2021-09-02,20.27,21.11,19.74,20.71,10185734.0,255849373.0,1259156149.0,0.008089333485834408
2021-09-03,20.7,20.7,19.81,19.85,9103049.0,224488321.0,1259156149.0,0.007229483815195982
2021-09-06,19.8,20.11,19.48,19.81,5667512.0,137561476.0,1259156149.0,0.004501039846806164
2021-09-07,19.87,21.79,19.87,21.79,14583204.0,378653398.0,1259156149.0,0.011581727978362119
2021-09-08,21.85,22.81,20.84,21.24,17962747.0,476751120.0,1259156149.0,0.014265702481988198
2021-09-09,21.61,22.87,20.77,22.65,23821329.0,647346888.0,1259156149.0,0.01891848681271063
2021-09-10,22.61,22.61,21.6,21.82,15053166.0,406448568.0,1259156149.0,0.011954963657172277
2021-09-13,21.58,22.42,21.37,22.31,13937948.0,377029702.0,1259156149.0,0.011069276841533337
2021-09-14,22.31,22.31,21.36,21.44,9969988.0,263957096.0,1259156149.0,0.007917991750203492
2021-09-15,21.43,21.43,20.62,20.93,10017403.0,256837456.0,1259156149.0,0.007955647921789245
2021-09-16,21.37,21.49,20.41,20.66,8629889.0,222114219.0,1259156149.0,0.006853708340187758
2021-09-17,20.47,20.54,18.9,19.62,10350131.0,249694187.0,1259156149.0,0.00821989473523192
2021-09-22,19.32,19.32,18.75,19.03,7225360.0,168464632.0,1259156149.0,0.005738255740352978
2021-09-23,19.38,19.71,18.72,18.75,7545245.0,175992060.0,1259156149.0,0.005992302865686915
2021-09-24,18.69,18.83,17.9,17.93,7937896.0,176887039.0,1259156149.0,0.006304139487627598
2021-09-27,18.3,18.3,17.15,17.4,6259352.0,134455044.0,1259156149.0,0.0049710689218101095
2021-09-28,17.28,17.6,16.91,17.28,6985169.0,147246182.0,1259156149.0,0.005547500209205586
2021-09-29,17.12,17.24,16.43,16.58,7671269.0,157433348.0,1259156149.0,0.006092388943255679
2021-09-30,16.61,16.93,16.61,16.71,4505630.0,92620281.0,1259156149.0,0.003578293290771199
2021-10-08,17.04,17.04,16.6,17.01,6230692.0,128810420.0,1259156149.0,0.004948307646314007
2021-10-11,17.01,17.28,16.71,17.28,6165432.0,129058788.0,1259156149.0,0.0048964792848738255
2021-10-12,17.33,17.33,16.64,16.83,8267170.0,170905878.0,1259156149.0,0.006565643194107135
2021-10-13,16.8,16.91,16.39,16.91,5820855.0,118702161.0,1259156149.0,0.0046228222009024236
2021-10-14,16.88,17.13,16.67,17.02,5094349.0,105931822.0,1259156149.0,0.004045843721643137
2021-10-15,17.04,17.11,16.78,16.93,4453576.0,92475402.0,1259156149.0,0.0035369529057511675
2021-10-18,16.9,17.28,16.8,17.09,7065515.0,148047314.0,1259156149.0,0.0056113096104969265
2021-10-19,16.98,17.12,16.81,17.05,4994516.0,103940704.0,1259156149.0,0.003966558082543263
2021-10-20,17.05,17.28,16.83,17.13,6349083.0,132919493.0,1259156149.0,0.005042331727516346
2021-10-21,17.2,17.52,17.12,17.17,7583221.0,161136086.0,1259156149.0,0.006022462746993264
2021-10-22,17.1,17.11,16.61,17.1,8418964.0,173021648.0,1259156149.0,0.006686195359238165
2021-10-25,17.07,17.07,16.74,16.83,5289125.0,109455650.0,1259156149.0,0.004200531446556912
2021-10-26,16.83,16.98,16.66,16.69,4475825.0,92000766.0,1259156149.0,0.003554622676110999
2021-10-27,16.69,16.74,15.7,16.07,12115597.0,239138521.0,1259156149.0,0.009621997247618572
2021-10-28,16.06,16.06,15.42,15.53,8479347.0,162947200.0,1259156149.0,0.0067341504917671656
2021-10-29,15.53,15.71,15.24,15.53,6537304.0,124336188.0,1259156149.0,0.005191813584988497
2021-11-01,15.57,15.87,15.46,15.78,3869130.0,74705075.0,1259156149.0,0.0030727960174540673
2021-11-02,15.96,16.04,15.08,15.28,7453839.0,141510571.0,1259156149.0,0.005919709803998265
2021-11-03,15.37,15.37,15.11,15.31,3139172.0,58741947.0,1259156149.0,0.0024930760195969945
2021-11-04,15.22,15.47,15.18,15.46,4190073.0,78695298.0,1259156149.0,0.0033276833880592836
2021-11-05,15.43,15.43,14.71,14.73,8438350.0,155078442.0,1259156149.0,0.006701591384596415
2021-11-08,14.84,15.14,14.75,15.14,5369038.0,98948357.0,1259156149.0,0.004263996966749515
2021-11-09,15.08,15.23,15.0,15.13,4584355.0,85122410.0,1259156149.0,0.0036408153219446336
2021-11-10,15.04,15.26,14.67,15.22,6508683.0,119407273.0,1259156149.0,0.005169083282616761
2021-11-11,15.18,15.73,15.18,15.65,7151957.0,136085430.0,1259156149.0,0.005679960349381576
2021-11-12,15.65,15.94,15.41,15.77,7981743.0,153306729.0,1259156149.0,0.006338962015425141
2021-11-15,15.77,15.86,15.49,15.72,5761220.0,110528311.0,1259156149.0,0.004575461117015123
2021-11-16,15.78,15.8,15.51,15.53,4065052.0,77874157.0,1259156149.0,0.003228393875714616
2021-11-17,15.49,16.69,15.42,16.69,14809902.0,293382759.0,1259156149.0,0.011761767602661328
2021-11-18,16.43,18.02,16.43,17.38,17072468.0,362409596.0,1259156149.0,0.013558658323321265
2021-11-19,17.13,17.31,16.79,17.2,8047143.0,169042773.0,1259156149.0,0.006390901562439973
2021-11-22,17.21,17.25,16.8,17.13,6462849.0,134962448.0,1259156149.0,0.005132682713841871
2021-11-23,17.13,17.38,16.87,17.0,9344677.0,196622121.0,1259156149.0,0.007421380586848884
2021-11-24,17.1,17.44,16.92,17.0,10481336.0,220665663.0,1259156149.0,0.008324095473245391
2021-11-25,17.03,17.27,16.82,17.06,8258086.0,173150344.0,1259156149.0,0.006558428838677736
2021-11-26,17.05,17.4,16.84,17.26,10733804.0,226840041.0,1259156149.0,0.008524601185106869
2021-11-29,16.95,17.05,16.46,16.98,9133853.0,187853819.0,1259156149.0,0.007253947818349573
2021-11-30,17.04,17.19,16.56,16.63,7401008.0,152535792.0,1259156149.0,0.005877752339038929
2021-12-01,16.52,16.8,16.39,16.73,7998825.0,163094411.0,1259156149.0,0.0063525282438977315
2021-12-02,16.75,16.98,16.55,16.83,8795141.0,180724271.0,1259156149.0,0.006984948615773309
2021-12-03,16.86,16.96,16.39,16.72,8347658.0,169984151.0,1259156149.0,0.006629565369338478
2021-12-06,16.75,17.08,16.26,16.3,11600152.0,236617665.0,1259156149.0,0.009212639758152823
2021-12-07,16.34,16.52,16.03,16.2,15286989.0,304233848.0,1259156149.0,0.012140661833038469
2021-12-08,16.32,16.92,16.04,16.9,10319210.0,210361571.0,1259156149.0,0.00819533781270523
2021-12-09,16.91,17.05,16.73,16.87,6479934.0,134251253.0,1259156149.0,0.0051462513248624895
2021-12-10,16.89,16.9,16.55,16.56,6642312.0,135415608.0,1259156149.0,0.0052752091194370205
2021-12-13,16.57,17.05,16.43,16.48,11537205.0,236465254.0,1259156149.0,0.009162648341242386
2021-12-14,16.47,16.48,15.76,15.82,10996930.0,216197213.0,1259156149.0,0.008733571295929875
2021-12-15,15.81,16.01,15.68,15.71,5954598.0,115444332.0,1259156149.0,0.0047290385745477545
2021-12-16,15.71,16.27,15.49,16.24,9855434.0,193590755.0,1259156149.0,0.007827014947929227
2021-12-17,16.18,16.59,15.97,16.12,8698177.0,172852116.0,1259156149.0,0.006907941486771074
2021-12-20,15.9,16.22,15.6,15.69,5618592.0,108974166.0,1259156149.0,0.0044621884302929295
2021-12-21,15.73,15.86,15.59,15.81,3348200.0,64706747.0,1259156149.0,0.002659082436010087
2021-12-22,15.84,15.85,15.57,15.6,4629379.0,88771210.0,1259156149.0,0.0036765726027519086
2021-12-23,15.51,15.64,15.51,15.59,3963439.0,75715237.0,1259156149.0,0.003147694591451342
2021-12-24,15.59,15.59,15.33,15.41,4370170.0,82712486.0,1259156149.0,0.0034707133054710597
2021-12-27,15.42,15.42,15.0,15.18,5189800.0,96565570.0,1259156149.0,0.004121649252256481
2021-12-28,15.24,15.46,15.23,15.41,5049819.0,95029539.0,1259156149.0,0.004010478767077839
2021-12-29,15.41,15.48,15.19,15.44,5666741.0,106876405.0,1259156149.0,0.004500427531962916
2021-12-30,15.45,16.0,15.33,15.84,11117376.0,214742484.0,1259156149.0,0.008829227422531533
2021-12-31,15.92,17.16,15.77,16.69,24398120.0,500115481.0,1259156149.0,0.01937656423262243
2022-01-04,16.94,17.36,16.71,17.06,19295005.0,402668120.0,1259156149.0,0.015323758705640884
2022-01-05,17.06,18.0,16.9,17.74,24214456.0,523880491.0,1259156149.0,0.01923070146560512
2022-01-06,17.73,18.33,17.53,18.28,19878006.0,441181843.0,1259156149.0,0.015786767999971068
2022-01-07,18.28,19.08,18.14,18.78,23395157.0,535410808.0,1259156149.0,0.01858002839328548
2022-01-10,19.08,19.59,18.38,19.36,23644124.0,550385849.0,1259156149.0,0.018777753671598042
2022-01-11,19.49,19.56,18.91,19.04,13424701.0,316545973.0,1259156149.0,0.010661664965589585
2022-01-12,19.06,19.18,18.44,18.92,13295506.0,305354698.0,1259156149.0,0.010559060534755011
2022-01-13,18.76,19.1,18.27,18.44,10798385.0,245832976.0,1259156149.0,0.00857589029651
2022-01-14,18.41,18.55,17.88,18.33,11282889.0,252877080.0,1259156149.0,0.008960674979795536
2022-01-17,17.97,18.78,17.97,18.34,9556399.0,216117701.0,1259156149.0,0.007589526531391303
2022-01-18,18.37,19.12,18.19,19.06,14783378.0,340890431.0,1259156149.0,0.011740702701361306
2022-01-19,19.17,19.51,18.66,18.98,13501043.0,313776731.0,1259156149.0,0.01072229445944595
2022-01-20,18.98,19.12,18.58,18.96,10808096.0,249552796.0,1259156149.0,0.008583602604477294
2022-01-21,18.91,19.09,18.23,18.9,9854491.0,226041140.0,1259156149.0,0.007826266033665694
2022-01-24,18.75,19.16,18.51,18.9,9077634.0,210685430.0,1259156149.0,0.0072092996624837195
2022-01-25,18.81,19.12,18.42,18.44,7133989.0,163733948.0,1259156149.0,0.0056656904750579905
2022-01-26,18.35,18.72,18.22,18.55,5802792.0,131616089.0,1259156149.0,0.004608476879224612
2022-01-27,18.55,18.64,17.86,17.91,5324946.0,118403056.0,1259156149.0,0.004228979864196335
2022-01-28,17.97,18.3,17.53,17.69,6683465.0,145944578.0,1259156149.0,0.005307892119105238
2022-02-07,18.15,19.22,17.8,18.86,11270872.0,260363365.0,1259156149.0,0.00895113128657723
2022-02-08,18.91,19.86,18.28,19.47,17943535.0,420885203.0,1259156149.0,0.014250444644415583
2022-02-09,19.4,20.81,19.14,20.22,18890619.0,464762186.0,1259156149.0,0.015002602349996546
2022-02-10,19.89,20.38,19.72,20.05,8675609.0,213211018.0,1259156149.0,0.006890018372137576
2022-02-11,20.05,20.73,19.78,20.53,11076149.0,278159434.0,1259156149.0,0.008796485653345287
2022-02-14,20.3,20.3,19.41,20.05,10231008.0,248312101.0,1259156149.0,0.0081252893123107
2022-02-15,19.89,20.09,19.2,19.31,7970817.0,191069951.0,1259156149.0,0.006330284775506425
2022-02-16,19.55,19.8,18.95,19.7,8744824.0,209020480.0,1259156149.0,0.006944987726061607
2022-02-17,19.56,19.91,19.03,19.23,7906278.0,187496922.0,1259156149.0,0.006279029019775688
2022-02-18,19.07,20.3,18.9,19.81,9735728.0,234868372.0,1259156149.0,0.007731946516507858
2022-02-21,19.85,20.01,19.16,19.27,7951856.0,189648181.0,1259156149.0,0.006315226277785505
2022-02-22,19.12,19.13,18.43,18.9,8075172.0,185985416.0,1259156149.0,0.006413161708667477
2022-02-23,19.61,19.69,19.0,19.32,7507013.0,178122024.0,1259156149.0,0.005961939673615492
2022-02-24,19.32,19.32,18.27,18.49,8506889.0,194793621.0,1259156149.0,0.006756023871031424
2022-02-25,18.45,19.02,18.34,18.53,5835854.0,133377458.0,1259156149.0,0.004634734146860764
2022-02-28,18.53,18.93,18.37,18.74,4779690.0,109518453.0,1259156149.0,0.00379594699497433
2022-03-01,18.59,18.89,18.4,18.53,6964699.0,158639833.0,1259156149.0,0.005531243289826479
2022-03-02,18.53,18.75,18.19,18.38,5438384.0,122929734.0,1259156149.0,0.0043190703586041095
2022-03-03,18.38,18.52,17.99,18.14,7229107.0,161134912.0,1259156149.0,0.0057412315428402045
2022-03-04,18.08,18.12,17.66,17.93,10205602.0,223566563.0,1259156149.0,0.008105112307242522
2022-03-07,18.1,18.21,16.87,17.0,9860562.0,208792217.0,1259156149.0,0.007831087516692101
2022-03-08,16.98,17.2,15.97,16.05,14486615.0,289780217.0,1259156149.0,0.01150501866786341
2022-03-09,16.05,16.3,15.59,16.2,13959862.0,274025931.0,1259156149.0,0.011086680560696687
2022-03-10,16.76,16.79,16.26,16.41,11432366.0,230336824.0,1259156149.0,0.009079387023666117
2022-03-11,16.3,16.66,15.96,16.45,13070896.0,261358820.0,1259156149.0,0.01038067916388343
2022-03-14,16.44,16.44,15.73,15.75,11530395.0,226097835.0,1259156149.0,0.009157239957218365
2022-03-15,15.67,15.68,14.46,14.51,17916625.0,328868642.0,1259156149.0,0.014229073188602599
2022-03-16,14.72,14.8,13.98,14.6,11447388.0,202200507.0,1259156149.0,0.009091317235826008
2022-03-17,14.75,15.1,14.56,14.75,12818732.0,232566245.0,1259156149.0,0.01018041488355548
2022-03-18,14.75,14.96,14.59,14.88,10012252.0,181425139.0,1259156149.0,0.007951557086824821
2022-03-21,15.02,15.15,14.76,14.89,8004830.0,146489951.0,1259156149.0,0.006357297310867518
2022-03-22,14.89,15.26,14.8,14.99,8339510.0,153443893.0,1259156149.0,0.006623094368893878
2022-03-23,15.04,15.09,14.84,14.95,7508696.0,137837748.0,1259156149.0,0.005963276283059314
2022-03-24,14.85,15.02,14.68,14.86,5300517.0,96648373.0,1259156149.0,0.004209578775602675
2022-03-25,14.89,15.43,14.84,15.03,13664053.0,254311748.0,1259156149.0,0.010851754177471758
2022-03-28,15.12,15.24,14.74,14.91,10001537.0,183522270.0,1259156149.0,0.007943047419450755
2022-03-29,15.0,15.05,14.8,14.94,5450279.0,99738508.0,1259156149.0,0.004328517161535936
2022-03-30,15.02,15.34,14.87,15.33,9504073.0,176805956.0,1259156149.0,0.007547970128683381
2022-03-31,15.33,16.34,15.33,16.26,13607364.0,264657547.0,1259156149.0,0.010806732755748151
2022-04-01,16.06,16.29,15.67,16.13,16901295.0,332308874.0,1259156149.0,0.013422715692110718
2022-04-06,16.28,17.74,16.13,17.28,19189225.0,397194465.0,1259156149.0,0.015239750062166435
2022-04-07,17.07,17.93,16.72,16.85,15859251.0,336594144.0,1259156149.0,0.01259514239961036
2022-04-08,16.86,17.13,16.34,17.0,10786869.0,221489323.0,1259156149.0,0.008566744488812403
2022-04-11,17.0,17.01,16.21,16.78,10890921.0,221639739.0,1259156149.0,0.008649380784622606
2022-04-12,16.56,16.87,16.33,16.6,7311218.0,148611188.0,1259156149.0,0.005806442676554805
2022-04-13,16.5,16.74,16.06,16.38,7022303.0,135674440.0,1259156149.0,0.005576991388698686
2022-04-14,16.42,17.14,16.33,16.82,7001121.0,138438804.0,1259156149.0,0.005560169011254219
2022-04-15,16.82,17.04,16.57,16.73,6749600.0,134032985.0,1259156149.0,0.005360415390386979
2022-04-18,16.55,16.89,16.17,16.76,6008832.0,117564889.0,1259156149.0,0.004772110277801614
2022-04-19,16.7,16.88,16.41,16.81,5751902.0,113184744.0,1259156149.0,0.004568060922839523
2022-04-20,16.81,16.82,15.92,15.98,9115327.0,174555028.0,1259156149.0,0.007239234790092742
2022-04-21,15.8,15.87,15.26,15.32,8587845.0,157214371.0,1259156149.0,0.006820317723755165
2022-04-22,15.17,15.55,14.87,15.43,5880635.0,105367532.0,1259156149.0,0.004670298441277755
2022-04-25,15.27,15.37,14.61,14.71,10150632.0,180350154.0,1259156149.0,0.008061456085539077
2022-04-26,14.7,15.01,14.01,14.02,8912647.0,151779656.0,1259156149.0,0.0070782698453073275
2022-04-27,14.0,14.28,13.53,14.24,8961053.0,147058074.0,1259156149.0,0.007116713051925063
2022-04-28,14.26,14.49,13.88,14.45,8333886.0,139778986.0,1259156149.0,0.006618627885523672
2022-04-29,14.56,15.34,14.26,15.31,8611510.0,152017692.0,1259156149.0,0.0068391120567843095
2022-05-05,15.31,15.8,15.02,15.75,9967723.0,183982036.0,1259156149.0,0.0079161929264422
2022-05-06,15.37,15.8,15.2,15.38,6288308.0,114941851.0,1259156149.0,0.004994065275378328
2022-05-09,15.4,15.4,15.1,15.22,5697172.0,102244789.0,1259156149.0,0.004524595304978334
2022-05-10,14.98,15.04,14.7,14.9,10177260.0,178446677.0,1259156149.0,0.00808260358183741
2022-05-11,14.94,15.22,14.49,14.59,14848519.0,260299274.0,1259156149.0,0.011792436555063037
2022-05-12,14.57,15.06,14.44,14.73,13359239.0,232880232.0,1259156149.0,0.010609676179248838
2022-05-13,15.05,15.05,14.66,14.7,8188977.0,142884712.0,1259156149.0,0.006503543668117368
2022-05-16,14.82,14.82,14.38,14.68,10361678.0,178342089.0,1259156149.0,0.008229065162592475
2022-05-17,14.72,14.76,14.43,14.56,6956242.0,119011780.0,1259156149.0,0.0055245268869349735
2022-05-18,14.74,15.19,14.61,14.99,11800041.0,207554304.0,1259156149.0,0.009371388139089332
2022-05-19,14.76,14.98,14.42,14.87,11166538.0,192618547.0,1259156149.0,0.008868271031252376
2022-05-20,14.87,15.36,14.87,15.33,10780419.0,193275905.0,1259156149.0,0.008561622010551767
2022-05-23,15.38,15.51,15.11,15.21,11257064.0,202210363.0,1259156149.0,0.008940165212186086
2022-05-24,15.26,15.32,14.67,14.67,9442908.0,167075098.0,1259156149.0,0.0074993939453016955
2022-05-25,14.59,14.89,14.51,14.73,6381272.0,110790491.0,1259156149.0,0.005067895673676291
2022-05-26,14.78,15.34,14.68,15.22,9680944.0,171607416.0,1259156149.0,0.007688438012782162
2022-05-27,15.31,16.06,15.22,15.57,13776941.0,255089731.0,1259156149.0,0.010941407871407694
2022-05-30,15.76,15.93,15.36,15.66,8080036.0,149041532.0,1259156149.0,0.00641702461320387
2022-05-31,15.74,16.91,15.68,16.49,17563548.0,339890127.0,1259156149.0,0.013948665551884622
2022-06-01,16.5,17.05,16.23,16.89,13421784.0,264830331.0,1259156149.0,0.010659348334723496
2022-06-02,16.88,17.43,16.76,17.23,10041748.0,203171502.0,1259156149.0,0.007974982299038116
2022-06-06,17.25,17.43,16.46,16.94,14743711.0,292907646.0,1259156149.0,0.011709199857149726
2022-06-07,16.94,17.0,16.43,16.72,9660666.0,189712967.0,1259156149.0,0.00767233357647686
2022-06-08,16.74,16.92,16.52,16.86,7348524.0,145008521.0,1259156149.0,0.005836070455468188
2022-06-09,16.71,16.92,16.59,16.8,5602761.0,110508759.0,1259156149.0,0.004449615724348101
2022-06-10,16.6,16.88,16.46,16.83,6257237.0,123449554.0,1259156149.0,0.0049693892254502265
2022-06-13,16.75,17.07,16.49,16.7,6387759.0,125685602.0,1259156149.0,0.0050730475366959436
2022-06-14,16.49,16.74,16.36,16.72,6355553.0,123828316.0,1259156149.0,0.005047470089430505
2022-06-15,16.65,16.89,16.55,16.65,6925040.0,136589812.0,1259156149.0,0.0054997467990763075
2022-06-16,16.64,16.84,16.46,16.5,6288363.0,123222675.0,1259156149.0,0.004994108955425512
2022-06-17,16.46,16.61,16.22,16.44,7244149.0,140052631.0,1259156149.0,0.005753177638653615
2022-06-20,16.36,16.89,16.26,16.6,9577242.0,187658215.0,1259156149.0,0.007606079680908583
2022-06-21,16.6,17.12,16.42,16.89,10224067.0,203738700.0,1259156149.0,0.008119776890356114
2022-06-22,16.89,16.92,16.16,16.23,5921175.0,114947912.0,1259156149.0,0.004702494606965542
2022-06-23,16.25,17.21,16.25,17.11,9327631.0,185170686.0,1259156149.0,0.007407842948952632
2022-06-24,17.11,17.55,16.84,17.26,8289124.0,168688875.0,1259156149.0,0.006583078680577527
2022-06-27,17.28,17.33,16.76,16.81,6673496.0,133451343.0,1259156149.0,0.005299974912007518
2022-06-28,16.79,17.92,16.72,17.47,10353110.0,212185566.0,1259156149.0,0.008222260605423927
2022-06-29,17.38,18.04,16.85,16.85,8964158.0,183309755.0,1259156149.0,0.007119178989134254
2022-06-30,16.85,17.39,16.8,17.1,6319565.0,128109970.0,1259156149.0,0.005018889043284178
2022-07-01,17.1,17.22,16.74,16.88,5931683.0,117929685.0,1259156149.0,0.004710839878525662
2022-07-04,16.83,17.38,16.72,17.1,7541135.0,151583939.0,1259156149.0,0.005989038774888276
2022-07-05,17.17,17.29,16.8,17.03,4843040.0,97379675.0,1259156149.0,0.003846258467503223
2022-07-06,16.94,17.21,16.63,16.74,6091477.0,120672121.0,1259156149.0,0.004837745505065234
2022-07-07,16.61,16.89,16.59,16.83,4469393.0,88336245.0,1259156149.0,0.0035495144931385315
2022-07-08,16.83,16.92,16.55,16.56,3524626.0,69122149.0,1259156149.0,0.002799196908818018
2022-07-11,16.48,16.48,16.02,16.06,7292408.0,138640720.0,1259156149.0,0.005791504100417969
2022-07-12,16.12,16.77,16.08,16.52,8132741.0,158115967.0,1259156149.0,0.006458882011146022
2022-07-13,16.58,17.06,16.3,16.97,9405526.0,187304104.0,1259156149.0,0.007469705808504931
2022-07-14,17.1,17.8,16.64,17.66,12559100.0,257821632.0,1259156149.0,0.009974219647002652
2022-07-15,17.56,17.77,17.28,17.34,7170525.0,148155755.0,1259156149.0,0.005694706733310803
2022-07-18,17.4,17.48,16.96,17.19,6122972.0,123818366.0,1259156149.0,0.004862758288447989
2022-07-19,17.25,17.52,16.94,17.39,7056367.0,143731719.0,1259156149.0,0.005604044427376258
2022-07-20,17.34,17.55,16.93,16.94,7673252.0,154494120.0,1259156149.0,0.006093963807502321
2022-07-21,16.94,17.33,16.68,16.95,5649865.0,113554418.0,1259156149.0,0.004487024905121597
2022-07-22,17.08,17.73,16.97,17.59,9537028.0,196433506.0,1259156149.0,0.007574142418773194
2022-07-25,17.57,18.12,16.9,17.02,6722416.0,137006659.0,1259156149.0,0.005338826328520753
2022-07-26,17.03,17.27,16.75,17.21,2797049.0,56456054.0,1259156149.0,0.002221367859912663
2022-07-27,17.18,17.18,16.66,16.8,5687366.0,112838382.0,1259156149.0,0.004516807549656814
2022-07-28,16.85,17.39,16.82,17.12,4852281.0,98069481.0,1259156149.0,0.0038535975096127655
2022-07-29,17.15,17.26,16.9,16.99,3338454.0,67074992.0,1259156149.0,0.0026513423316491306
2022-08-01,17.09,17.48,16.83,16.93,4937791.0,99578416.0,1259156149.0,0.00392150807024332
2022-08-02,16.8,17.06,16.54,16.76,6691491.0,132307478.0,1259156149.0,0.005314266229263357
2022-08-03,16.85,17.04,16.28,16.33,5128326.0,100586495.0,1259156149.0,0.004072827666427891
2022-08-04,16.35,16.49,16.06,16.3,4204063.0,80546359.0,1259156149.0,0.0033387940036974715
2022-08-05,16.23,16.5,16.1,16.49,3778038.0,72450241.0,1259156149.0,0.0030004523291257026
2022-08-08,16.4,16.84,16.38,16.77,3313574.0,65243779.0,1259156149.0,0.0026315830666685646
2022-08-09,16.65,18.03,16.65,17.47,8974274.0,184453454.0,1259156149.0,0.0071272129410853554
2022-08-10,17.56,18.18,17.31,17.78,12429550.0,261574992.0,1259156149.0,0.009871333281318074
2022-08-11,17.97,18.17,17.81,17.95,7517483.0,158967310.0,1259156149.0,0.005970254766233921
2022-08-12,17.96,18.07,17.8,17.95,4455600.0,94258114.0,1259156149.0,0.0035385603314875285
2022-08-15,17.82,18.07,17.35,17.56,9990769.0,207252640.0,1259156149.0,0.007934495660394857
2022-08-16,17.61,17.62,16.98,17.12,9776562.0,198250985.0,1259156149.0,0.00776437617190241
2022-08-17,17.33,17.34,16.29,16.38,16155893.0,315897431.0,1259156149.0,0.012830730337004454
2022-08-18,16.37,16.37,15.61,15.8,15463288.0,289180811.0,1259156149.0,0.01228067544464654
2022-08-19,15.71,16.12,15.36,15.51,15326570.0,282498992.0,1259156149.0,0.012172096377539908
2022-08-22,15.51,16.19,15.15,16.08,11942718.0,222589559.0,1259156149.0,0.009484699740762652
2022-08-23,16.08,16.1,15.79,16.02,6087934.0,114348243.0,1259156149.0,0.004834931715843926
2022-08-24,15.95,16.04,15.53,15.77,4992044.0,93400731.0,1259156149.0,0.003964594862968024
2022-08-25,15.77,15.94,15.54,15.77,3445584.0,63772302.0,1259156149.0,0.00273642312173627
2022-08-26,15.74,16.01,15.66,15.73,3685699.0,68581290.0,1259156149.0,0.002927118295000281
2022-08-29,15.57,16.32,15.5,16.19,7238991.0,136236526.0,1259156149.0,0.005749081244410458
2022-08-30,16.14,16.7,15.99,16.55,7573034.0,146900463.0,1259156149.0,0.006014372408072162
2022-08-31,16.55,16.84,16.26,16.78,6802877.0,133293922.0,1259156149.0,0.005402727060819841
2022-09-01,16.67,16.84,16.23,16.34,5734461.0,111768938.0,1259156149.0,0.0045542095827862256
2022-09-02,16.18,16.42,15.88,15.98,5915992.0,112110747.0,1259156149.0,0.004698378358155482
2022-09-05,16.01,16.55,15.61,16.46,7216489.0,136662897.0,1259156149.0,0.005731210545833581
2022-09-06,16.46,16.59,16.08,16.13,4989177.0,95609284.0,1259156149.0,0.003962317941235738
2022-09-07,16.11,16.21,15.92,16.12,4368976.0,82677873.0,1259156149.0,0.0034697650513558346
2022-09-08,16.15,17.03,16.05,16.77,9144091.0,179122861.0,1259156149.0,0.007262078660587155
2022-09-09,16.78,16.8,16.38,16.61,4309007.0,84144070.0,1259156149.0,0.003422138710454727
2022-09-13,16.54,16.87,16.25,16.78,9705612.0,190675609.0,1259156149.0,0.007708028911035402
2022-09-14,16.67,16.94,16.46,16.72,4358916.0,85916453.0,1259156149.0,0.003461775573634593
2022-09-15,16.68,16.8,16.14,16.28,5218778.0,101274606.0,1259156149.0,0.0041446630778435726
2022-09-16,16.29,16.44,15.96,16.01,5058875.0,96667217.0,1259156149.0,0.004017670885392309
2022-09-19,16.04,16.17,15.79,15.84,2844446.0,53366433.0,5047146545.0,0.000563575076459366
2022-09-20,15.82,16.01,15.62,15.66,2466478.0,45658877.0,5047146545.0,0.0004886876134879496
2022-09-21,15.72,15.92,15.53,15.78,2101308.0,38968659.0,5047146545.0,0.00041633584071016906
2022-09-22,15.69,15.92,15.61,15.68,1458700.0,27079872.0,5047146545.0,0.0002890147902372825
2022-09-23,15.72,15.84,15.4,15.54,4993452.0,91817692.0,5047146545.0,0.00098936140559398
2022-09-26,15.54,15.54,14.92,15.07,6098657.0,109232976.0,5047146545.0,0.0012083376112868543
2022-09-27,15.07,15.13,14.61,14.97,8880296.0,155731526.0,5047146545.0,0.001759468626643572
2022-09-28,14.87,15.02,14.59,14.65,5586576.0,97213376.0,5047146545.0,0.0011068781043289482
2022-09-29,14.76,14.98,14.56,14.85,5451489.0,95166452.0,5047146545.0,0.00108011308001361
2022-09-30,14.96,15.15,14.76,14.95,5760953.0,101644338.0,5047146709.0,0.0011414276881880907
2022-10-10,14.83,15.21,14.62,14.98,6510637.0,114952766.0,5047146709.0,0.0012899638895755349
2022-10-11,15.07,15.07,14.37,14.98,8510112.0,147863700.0,5047146709.0,0.0016861233664606757
2022-10-12,14.85,15.2,14.38,15.15,8254455.0,143261261.0,5047146709.0,0.0016354695981554833
2022-10-13,15.0,15.14,14.65,14.68,4795798.0,83650130.0,5047146709.0,0.0009501998409216442
2022-10-14,14.74,15.0,14.65,14.91,5025866.0,87943277.0,5047146709.0,0.0009957836159265882
2022-10-17,14.83,15.08,14.68,14.73,7285120.0,127247452.0,5047146709.0,0.0014434135601822864
2022-10-18,14.83,14.83,14.29,14.34,10913158.0,186085102.0,5047146709.0,0.0021622430710285896
2022-10-19,14.3,14.49,14.02,14.22,8374790.0,140815611.0,5047146709.0,0.0016593117820542435
2022-10-20,14.17,14.3,13.86,13.97,11656712.0,192862274.0,5047146709.0,0.002309564724800632
2022-10-21,13.98,14.18,13.86,14.02,6080723.0,100359790.0,5047146709.0,0.0012047842772545012
2022-10-24,14.03,14.3,14.0,14.21,5933861.0,99314317.0,5047146709.0,0.0011756862524758443
2022-10-25,14.16,14.37,13.72,14.06,14203048.0,234373131.0,5047146709.0,0.002814074727543253
2022-10-26,14.0,14.19,13.77,14.02,6093194.0,100935907.0,5047146709.0,0.001207255178284139
2022-10-27,14.04,14.29,13.94,14.24,5616918.0,93743238.0,5047146709.0,0.0011128897818611042
2022-10-28,14.15,14.16,13.56,13.62,10778806.0,174718066.0,5047146709.0,0.002135623674417743
2022-10-31,13.58,13.86,13.45,13.66,4493830.0,72533947.0,5047146709.0,0.0008903703932336
2022-11-01,13.65,13.92,13.64,13.87,5676557.0,92545500.0,5047146709.0,0.0011247061611816523
2022-11-02,13.89,13.98,13.53,13.58,10792668.0,173674335.0,5047146709.0,0.0021383701767088855
2022-11-03,13.48,13.63,13.14,13.6,20646519.0,326164851.0,5047146709.0,0.004090730900130845
2022-11-04,13.58,14.47,13.5,14.31,13096338.0,217330543.0,5047146709.0,0.0025948003406849256
2022-11-07,14.31,14.64,14.26,14.42,6822133.0,116265133.0,5047146709.0,0.001351681136558775
2022-11-08,14.4,14.45,14.18,14.38,5066931.0,85498859.0,5047146709.0,0.0010039198961592935
2022-11-09,14.39,14.55,14.34,14.42,3924791.0,66769101.0,5047146709.0,0.0007776257014683898
2022-11-10,14.25,14.4,14.13,14.2,4385459.0,73354331.0,5047146709.0,0.0008688986575682281
2022-11-11,14.4,14.54,14.15,14.45,9703330.0,164179868.0,5047146709.0,0.0019225377345772731
2022-11-14,14.59,14.68,14.14,14.26,9019291.0,152533422.0,5047146709.0,0.0017870078917890239
2022-11-15,14.24,14.83,14.14,14.76,10927202.0,188026345.0,5047146709.0,0.002165025633297873
2022-11-16,14.79,14.79,14.49,14.61,4931187.0,84929911.0,5047146709.0,0.0009770247001551942
2022-11-17,14.53,14.7,14.46,14.54,4203849.0,72107260.0,5047146709.0,0.0008329159508091486
2022-11-18,14.5,14.59,14.29,14.34,5935181.0,100698978.0,5047146709.0,0.001175947786383239
2022-11-21,14.34,14.42,14.06,14.36,4243777.0,71266033.0,5047146709.0,0.0008408269552443477
2022-11-22,14.31,14.78,14.31,14.54,4952100.0,84775763.0,5047146709.0,0.0009811682294016708
2022-11-23,14.59,14.9,14.51,14.82,8419593.0,146059264.0,5047146709.0,0.0016681886787610714
2022-11-24,14.9,15.43,14.71,15.01,9518168.0,169147554.0,5047146709.0,0.0018858512638492038
2022-11-25,14.99,15.43,14.93,15.35,9039738.0,162875552.0,5047146709.0,0.0017910590916409203
2022-11-28,15.27,15.3,14.73,14.88,7166627.0,125578436.0,5047146709.0,0.001419936334963391
2022-11-29,15.02,15.4,14.83,15.32,7179909.0,128589755.0,5047146709.0,0.0014225679208406778
2022-11-30,15.23,15.36,15.1,15.19,3653090.0,65447694.0,5047146709.0,0.0007237931073978615
2022-12-01,15.36,15.74,15.2,15.56,10280185.0,188110691.0,5047146709.0,0.002036831024085058
2022-12-02,15.56,15.77,15.29,15.34,5566899.0,101507692.0,5047146709.0,0.0011029794299565704
2022-12-05,15.34,15.99,15.27,15.78,7606800.0,140920363.0,5047146709.0,0.0015071485808874276
2022-12-06,15.78,15.94,15.53,15.71,6771929.0,125458702.0,5047146709.0,0.001341734130280856
2022-12-07,15.77,15.82,15.36,15.41,4970830.0,90872241.0,5047146709.0,0.0009848792370422059
2022-12-08,15.37,15.54,15.27,15.39,3943383.0,71431997.0,5047146709.0,0.0007813093669276971
2022-12-09,15.35,15.66,15.19,15.61,6043116.0,110167884.0,5047146709.0,0.0011973331366064714
2022-12-12,15.54,15.57,15.23,15.26,5801773.0,105111314.0,5047146709.0,0.0011495154261425295
2022-12-13,15.25,15.42,15.16,15.27,3190367.0,57720822.0,5047146709.0,0.0006321129905558289
2022-12-14,15.29,15.35,15.07,15.14,3289926.0,58748576.0,5047146709.0,0.000651838789257592
2022-12-15,15.1,15.21,14.87,14.93,2936022.0,51798962.0,5047146709.0,0.0005817191711040472
2022-12-16,14.85,15.26,14.83,15.1,2778844.0,49365463.0,5047146709.0,0.0005505772192127494
2022-12-19,15.1,15.22,14.72,14.76,3013732.0,52895745.0,5047146709.0,0.0005971159892431809
2022-12-20,14.85,14.85,14.48,14.58,2422455.0,41851407.0,5047146709.0,0.00047996524366535905
2022-12-21,14.58,14.69,14.44,14.48,1866800.0,32021992.0,5047146709.0,0.00036987234721573456
2022-12-22,14.67,14.87,14.41,14.46,3287740.0,56332691.0,5047146709.0,0.0006514056732564062
2022-12-23,14.42,14.55,14.22,14.41,2947400.0,49986887.0,5047146709.0,0.0005839735141330919
2022-12-26,14.41,14.64,14.32,14.59,2273053.0,38868488.0,5047146709.0,0.00045036396424671477
2022-12-27,14.72,14.83,14.52,14.58,2685363.0,46362684.0,5047146709.0,0.000532055665275491
2022-12-28,14.64,14.96,14.51,14.69,3892074.0,67535897.0,5047146709.0,0.0007711434250682092
2022-12-29,14.63,14.85,14.44,14.52,3589406.0,61703562.0,5047146709.0,0.0007111752851565465
2022-12-30,14.52,14.67,14.45,14.56,3511658.0,60343071.0,5047154263.0,0.0006957698966610722
2023-01-03,14.51,14.68,14.29,14.58,5439491.0,93054324.0,5047154263.0,0.00107773424717294
2023-01-04,14.51,14.88,14.49,14.75,5035401.0,87507185.0,5047154263.0,0.0009976713089421179
2023-01-05,14.87,15.44,14.64,15.24,7029393.0,125884890.0,5047154263.0,0.0013927438381528224
2023-01-06,15.33,15.54,15.24,15.35,7168038.0,130189360.0,5047154263.0,0.0014202137732440456
2023-01-09,15.43,15.49,15.1,15.34,6682906.0,120451803.0,5047154263.0,0.001324093865921926
2023-01-10,15.35,15.35,14.98,15.17,5951216.0,106132904.0,5047154263.0,0.0011791230641844165
2023-01-11,15.27,15.33,15.07,15.15,4393837.0,78656597.0,5047154263.0,0.0008705573024012006
2023-01-12,15.15,15.32,15.04,15.19,2606222.0,46510458.0,5047154263.0,0.0005163745477537428
2023-01-13,15.17,15.29,15.07,15.21,2666862.0,47718112.0,5047154263.0,0.0005283892389718305
2023-01-16,15.13,15.49,15.13,15.39,4651364.0,84214430.0,5047154263.0,0.0009215815007079367
2023-01-17,15.4,15.53,15.21,15.28,2954703.0,53357692.0,5047154263.0,0.0005854195940989015
2023-01-18,15.32,15.44,15.2,15.37,4023538.0,72747655.0,5047154263.0,0.0007971894240475289
2023-01-19,15.43,15.49,15.2,15.44,4370543.0,78976566.0,5047154263.0,0.0008659420283702947
2023-01-20,15.36,15.6,15.36,15.56,4699347.0,85974427.0,5047154263.0,0.0009310884421445709
2023-01-30,15.7,15.91,15.44,15.49,5254681.0,96950852.0,5047154263.0,0.0010411175736238835
2023-01-31,15.51,15.6,15.35,15.47,5687066.0,103784079.0,5047154263.0,0.0011267866412744913
2023-02-01,15.48,16.09,15.45,15.98,9104123.0,170389881.0,5047154263.0,0.0018038131044935727
2023-02-02,16.03,16.1,15.64,15.99,6953820.0,130011149.0,5047154263.0,0.0013777704499697001
2023-02-03,16.0,16.02,15.67,15.76,3389762.0,63022703.0,5047154263.0,0.0006716184652507816
2023-02-06,15.67,15.9,15.57,15.71,3885828.0,71894979.0,5047154263.0,0.0007699047418634448
2023-02-07,15.82,15.91,15.54,15.66,2689474.0,49664815.0,5047154263.0,0.0005328693873528233
2023-02-08,15.67,15.74,15.53,15.71,3756805.0,69420710.0,5047154263.0,0.0007443412275984163
2023-02-09,15.67,16.26,15.6,16.07,4104214.0,77422633.0,5047154263.0,0.0008131738770275823
2023-02-10,16.04,16.22,15.81,16.03,3694518.0,69733795.0,5047154263.0,0.0007320002138797318
2023-02-13,16.0,16.47,15.88,16.42,6143596.0,118284738.0,5047154263.0,0.0012172395928212191
2023-02-14,16.42,16.84,16.33,16.56,5782816.0,113169417.0,5047154263.0,0.0011457577277542389
2023-02-15,16.61,16.61,16.38,16.46,3266987.0,63425584.0,5047154263.0,0.0006472928762946352
2023-02-16,16.56,16.63,16.16,16.27,2715427.0,52581236.0,5047154263.0,0.0005380114929132294
2023-02-17,16.26,16.43,16.12,16.13,2506428.0,48066624.0,5047154263.0,0.0004966022176841874
2023-02-20,16.27,17.01,16.12,16.85,7555973.0,148509809.0,5047154263.0,0.0014970758978761177
2023-02-21,17.13,17.52,16.83,17.45,9852527.0,200507158.0,5047154263.0,0.001952095475311213
2023-02-22,17.39,17.56,17.14,17.51,6391900.0,130999991.0,5047154263.0,0.0012664364247509032
2023-02-23,17.5,17.51,17.1,17.24,4703596.0,95250101.0,5047154263.0,0.0009319303026819333
2023-02-24,17.23,17.25,16.94,17.12,5783760.0,116224891.0,5047154263.0,0.0011459447638444413
2023-02-27,17.06,17.46,16.93,17.06,9817268.0,198819362.0,5047154263.0,0.0019451095584632817
2023-02-28,17.11,17.33,16.95,17.32,5988098.0,121083783.0,5047154263.0,0.0011864305483781088
2023-03-01,17.28,17.39,16.99,17.29,4907266.0,99775193.0,5047154263.0,0.0009722837354060086
2023-03-02,17.35,17.43,17.06,17.34,5336590.0,108406372.0,5047154263.0,0.0010573463226836188
2023-03-03,17.3,17.49,17.24,17.44,5540313.0,113533208.0,5047154263.0,0.0010977102563746227
2023-03-06,17.48,17.53,17.07,17.17,4998432.0,101113181.0,5047154263.0,0.0009903465873121462
2023-03-07,17.17,17.29,16.83,16.9,5680413.0,113834853.0,5047154263.0,0.0011254684727277575
2023-03-08,17.01,17.01,16.64,16.81,3859417.0,76403307.0,5047154263.0,0.0007646718920982582
2023-03-09,16.81,17.22,16.69,16.78,6403131.0,127325281.0,5047154263.0,0.0012686616390825381
2023-03-10,16.88,16.88,16.23,16.33,6141376.0,119218103.0,5047154263.0,0.001216799740998921
2023-03-13,16.63,16.63,15.86,16.21,7734372.0,147077701.0,5047154263.0,0.0015324223506897
2023-03-14,16.21,16.37,15.99,16.26,5052853.0,96709238.0,5047154263.0,0.0010011290990334448
2023-03-15,16.2,16.34,15.88,16.2,4701870.0,89362149.0,5047154263.0,0.0009315883277966692
2023-03-16,16.25,16.46,16.04,16.09,5270037.0,100676366.0,5047154263.0,0.0010441600801928965
2023-03-17,16.25,16.33,15.93,15.96,6036154.0,114106531.0,5047154263.0,0.0011959519534107015
2023-03-20,16.01,16.05,15.43,15.62,12782499.0,235309184.0,5047154263.0,0.0025326150804834235
2023-03-21,15.62,15.96,15.6,15.66,5015629.0,92773451.0,5047154263.0,0.0009937538538833442
2023-03-22,15.64,15.85,15.31,15.35,7231021.0,131997968.0,5047154263.0,0.001432692686452964
2023-03-23,15.3,15.35,15.15,15.22,5879707.0,105612374.0,5047154263.0,0.0011649548822201315
2023-03-24,15.23,15.53,15.23,15.27,5244345.0,95144384.0,5047154263.0,0.0010390696869413281
2023-03-27,15.43,15.43,14.95,15.21,7037397.0,125573760.0,5047154263.0,0.0013943296822905133
2023-03-28,15.27,15.28,14.96,14.98,4936127.0,87549080.0,5047154263.0,0.0009780020072273348
2023-03-29,15.1,15.1,14.9,14.92,4807367.0,84781621.0,5047154263.0,0.000952490601534047
2023-03-30,14.85,15.19,14.77,15.02,4688537.0,82423184.0,5047154263.0,0.0009289466411540114
2023-03-31,15.04,15.15,14.92,15.09,5329383.0,94569686.0,5047155266.0,0.0010559181794745286
2023-04-03,15.29,15.51,14.94,15.08,9818942.0,175463774.0,5047155266.0,0.0019454408439036914
2023-04-04,15.09,15.16,14.98,15.15,4475607.0,79591519.0,5047155266.0,0.0008867583349673792
2023-04-06,15.15,15.17,14.92,15.0,6499124.0,114727962.0,5047155266.0,0.0012876806156095772
2023-04-07,15.0,15.15,14.86,15.07,8418154.0,148961485.0,5047155266.0,0.0016679007393944516
2023-04-10,14.99,15.02,14.57,14.64,8805761.0,152800229.0,5047155266.0,0.0017446978616488633
2023-04-11,14.7,14.73,14.52,14.73,7540664.0,129991866.0,5047155266.0,0.0014940424065804834
2023-04-12,14.7,14.85,14.44,14.58,10280266.0,176575715.0,5047155266.0,0.0020368436194647473
2023-04-13,14.7,14.8,14.48,14.52,6687449.0,115062091.0,5047155266.0,0.0013249937137955288
2023-04-14,14.63,14.85,14.48,14.79,6990610.0,120861663.0,5047155266.0,0.001385059430822749
2023-04-17,14.79,15.16,14.75,15.08,9326408.0,164989261.0,5047155266.0,0.0018478543869706267
2023-04-18,15.09,15.31,14.96,15.15,6024974.0,107350328.0,5047155266.0,0.0011937366065567757
2023-04-19,15.15,15.17,15.0,15.11,6899019.0,122833874.0,5047155266.0,0.0013669123766560187
2023-04-20,15.1,15.1,14.48,14.55,11787700.0,195971602.0,5047155266.0,0.0023355136465500605
2023-04-21,14.53,14.87,14.45,14.47,8225503.0,136601809.0,5047155266.0,0.0016297305247197046
2023-04-24,14.47,14.48,13.87,13.93,13435855.0,213190067.0,5047155266.0,0.0026620649240791557
2023-04-25,14.03,14.11,13.69,13.96,8042907.0,126341093.0,5047155266.0,0.0015935525213937416
2023-04-26,13.85,14.26,13.82,13.97,5742017.0,91371695.0,5047155266.0,0.001137673936579862
2023-04-27,13.98,14.35,13.96,14.32,4423598.0,71205742.0,5047155266.0,0.0008764537183548575
2023-04-28,14.31,14.4,14.2,14.26,3535953.0,57105283.0,5047155266.0,0.0007005833610508942
2023-05-04,14.26,14.52,14.22,14.48,6682909.0,109114150.0,5047155266.0,0.0013240941971845413
2023-05-05,14.55,14.57,14.18,14.28,4812193.0,78058313.0,5047155266.0,0.0009534465944444357
2023-05-08,14.4,14.93,14.22,14.84,9942821.0,165027402.0,5047155266.0,0.001969985165104687
2023-05-09,14.86,15.21,14.56,14.64,10724921.0,180623255.0,5047155266.0,0.002124943742517312
2023-05-10,14.64,14.78,14.45,14.62,5148589.0,85063299.0,5047155266.0,0.0010200972089531909
2023-05-11,14.57,14.62,14.26,14.36,5491133.0,89254879.0,5047155266.0,0.0010879659353836093
2023-05-12,14.36,14.58,14.22,14.23,4043522.0,65693663.0,5047155266.0,0.0008011487237650596
2023-05-15,14.23,14.33,14.14,14.31,3391297.0,54630398.0,5047155266.0,0.0006719224635004521
2023-05-16,14.32,14.35,14.13,14.16,3165761.0,50907510.0,5047155266.0,0.0006272366973384091
2023-05-17,14.16,14.4,14.03,14.3,3795501.0,61197667.0,5047155266.0,0.0007520079728016831
2023-05-18,14.4,14.41,14.13,14.18,2806815.0,45244458.0,5047155266.0,0.0005561182194865332
2023-05-19,14.21,14.4,14.03,14.37,4821503.0,77843125.0,5047155266.0,0.0009552911978911964
2023-05-22,14.37,14.4,14.19,14.29,3249190.0,52525718.0,5047155266.0,0.000643766602919483
2023-05-23,14.31,14.38,14.18,14.26,3798543.0,61451634.0,5047155266.0,0.0007526106885573272
2023-05-24,14.26,14.26,13.86,13.88,7082461.0,111963758.0,5047155266.0,0.0014032579991566283
2023-05-25,13.88,13.91,13.69,13.8,4484654.0,69852149.0,5047155266.0,0.0008885508298527545
2023-05-26,13.76,13.88,13.64,13.84,2782443.0,43327389.0,5047155266.0,0.0005512893607105448
2023-05-29,13.79,13.87,13.65,13.84,3444501.0,53694035.0,5047155266.0,0.0006824638471504475
2023-05-30,13.8,13.99,13.7,13.85,4014868.0,62942983.0,5047155266.0,0.0007954714662824086
2023-05-31,13.79,13.82,13.15,13.33,11276912.0,170468152.0,5047155266.0,0.0022343104988203073
2023-06-01,13.33,13.6,13.26,13.51,7607220.0,116111165.0,5047155266.0,0.0015072292408449953
2023-06-02,13.44,13.82,13.44,13.68,4821670.0,74556356.0,5047155266.0,0.0009553242858370191
2023-06-05,13.69,13.73,13.47,13.67,4578704.0,70482612.0,5047155266.0,0.0009071850891618677
2023-06-06,13.6,13.9,13.48,13.69,5660532.0,88090520.0,5047155266.0,0.0011215291984639332
2023-06-07,13.73,13.78,13.39,13.43,3093794.0,47304780.0,5047155266.0,0.0006129777740029605
2023-06-08,13.43,13.64,13.41,13.63,2182617.0,33425473.0,5047155266.0,0.00043244498830918274
2023-06-09,13.6,13.68,13.43,13.54,3215624.0,49498909.0,5047155266.0,0.000637116123940539
2023-06-12,13.54,13.82,13.45,13.73,4783561.0,73916037.0,5047155266.0,0.0009477736958528511
2023-06-13,13.76,13.83,13.64,13.73,2875600.0,44644242.0,5047155266.0,0.0005697466886686422
2023-06-14,13.76,13.79,13.59,13.64,3591656.0,55665693.0,5047155266.0,0.0007116198750997568
2023-06-15,13.63,13.81,13.48,13.76,3895509.0,60228308.0,5047155266.0,0.0007718226990641584
2023-06-16,13.76,13.85,13.71,13.76,3843160.0,59974484.0,5047155266.0,0.0007614507177715186
2023-06-19,13.76,13.88,13.57,13.61,4011525.0,62167196.0,5047155266.0,0.000794809112971719
2023-06-20,13.57,13.62,13.35,13.39,4513200.0,68635662.0,5047155266.0,0.0008942066891428975
2023-06-21,13.33,13.49,13.19,13.26,4108972.0,61914125.0,5047155266.0,0.0008141164246877758
2023-06-26,13.25,13.34,13.05,13.2,3463476.0,51805904.0,5047155266.0,0.0006862233906952686
2023-06-27,13.2,13.84,13.17,13.78,6636033.0,102348470.0,5047155266.0,0.0013148065891103893
2023-06-28,13.79,14.15,13.78,13.97,8239770.0,130278942.0,5047155266.0,0.0016325572655763033
2023-06-29,13.96,14.11,13.75,13.78,4397424.0,68931960.0,5047155266.0,0.0008712678267742437
2023-06-30,13.8,14.12,13.69,13.99,4451124.0,70312312.0,5047138918.0,0.0008819103401583844
2023-07-03,13.99,14.26,13.92,14.11,5469590.0,87728292.0,5047138918.0,0.0010837011005370549
2023-07-04,14.25,14.29,13.87,14.07,5153253.0,81749664.0,5047138918.0,0.0010210246010113884
2023-07-05,14.08,14.16,14.01,14.15,3332429.0,53139686.0,5047138918.0,0.00066026100215219
2023-07-06,14.09,14.17,13.96,14.03,5058648.0,80525393.0,5047138918.0,0.0010022803180548398
2023-07-07,14.03,14.09,13.88,13.93,3005226.0,47485927.0,5047138918.0,0.0005954315997291518
2023-07-10,13.93,14.01,13.87,13.95,2819520.0,44485500.0,5047138918.0,0.0005586372885328218
2023-07-11,13.98,14.1,13.82,14.06,4399172.0,69507038.0,5047138918.0,0.0008716169836956328
2023-07-12,14.01,14.11,13.9,13.94,2563602.0,40523764.0,5047138918.0,0.0005079317295700399
2023-07-13,14.02,14.29,13.88,14.15,3984760.0,63947064.0,5047138918.0,0.0007895086829864824
2023-07-14,14.23,14.26,14.13,14.16,3042926.0,48854578.0,5047138918.0,0.0006029011781601213
2023-07-17,14.16,14.16,13.89,13.94,3300310.0,52209868.0,5047138918.0,0.0006538971987138793
2023-07-18,13.94,14.08,13.86,14.01,2295653.0,36323793.0,5047138918.0,0.00045484244386712557
2023-07-19,14.03,14.03,13.87,13.96,1864655.0,29418793.0,5047138918.0,0.0003694479249124563
2023-07-20,13.96,14.14,13.92,14.06,3035432.0,48295831.0,5047138918.0,0.0006014163765484055
2023-07-21,14.08,14.15,13.84,13.9,3803474.0,60115638.0,5047138918.0,0.0007535901154682662
2023-07-24,13.89,13.9,13.59,13.65,4923992.0,76331051.0,5047138918.0,0.0009756006482086689
2023-07-25,13.73,14.13,13.73,14.13,4973164.0,78967147.0,5047138918.0,0.0009853431975616566
2023-07-26,14.19,14.55,14.13,14.48,7429165.0,120963375.0,5047138918.0,0.0014719557200030293
2023-07-27,14.48,14.97,14.4,14.75,11186837.0,186684550.0,5047138918.0,0.002216470991139856
2023-07-28,14.63,15.01,14.59,14.88,8772650.0,147577750.0,5047138918.0,0.0017381431623990817
2023-07-31,14.94,15.05,14.66,14.79,6124550.0,102563830.0,5047138918.0,0.0012134696705409765
2023-08-01,14.78,15.07,14.63,14.75,7373739.0,123702805.0,5047138918.0,0.0014609740527851268
2023-08-02,14.75,14.77,14.51,14.68,6274500.0,103891605.0,5047138918.0,0.0012431795720190637
2023-08-03,14.59,14.71,14.53,14.62,3714518.0,61405211.0,5047138918.0,0.0007359650804840399
2023-08-04,14.64,14.79,14.4,14.41,5051061.0,83170525.0,5047138918.0,0.0010007770901621139
2023-08-07,14.41,14.42,14.18,14.24,4706851.0,76029961.0,5047138918.0,0.0009325780558988767
2023-08-08,14.25,14.3,14.15,14.22,3642288.0,58668810.0,5047138918.0,0.0007216540022328745
2023-08-09,14.2,14.26,14.06,14.11,3638444.0,58173686.0,5047138918.0,0.0007208923826177911
2023-08-10,14.05,14.25,14.04,14.11,4139729.0,66155730.0,5047138918.0,0.0008202130092429526
2023-08-11,14.17,14.2,13.78,13.79,4445307.0,70040522.0,5047138918.0,0.0008807578060010117
2023-08-14,13.69,13.88,13.58,13.8,4451223.0,69217075.0,5047138918.0,0.0008819299552317177
2023-08-15,13.8,13.95,13.61,13.73,4279532.0,66665966.0,5047138918.0,0.000847912464770402
2023-08-16,13.65,13.81,13.62,13.7,4006010.0,62214027.0,5047138918.0,0.0007937189891312598
2023-08-17,13.67,13.86,13.53,13.8,4987900.0,77403803.0,5047138918.0,0.0009882628715075126
2023-08-18,13.76,13.94,13.6,13.6,4204134.0,65259411.0,5047138918.0,0.0008329737041725706
2023-08-21,13.6,13.64,12.95,12.97,9782805.0,146198559.0,5047138918.0,0.001938287247278023
2023-08-22,12.98,13.16,12.74,12.9,8440278.0,123254351.0,5047138918.0,0.0016722896153895798
2023-08-23,12.94,12.96,12.52,12.54,7196687.0,103335672.0,5047138918.0,0.001425894376383004
2023-08-24,12.54,12.69,12.46,12.56,5098115.0,72688714.0,5047138918.0,0.001010099995825001
2023-08-25,12.57,12.77,12.51,12.69,6414555.0,91916222.0,5047138918.0,0.0012709289568240887
2023-08-28,13.22,13.38,12.83,12.91,13109762.0,194129147.0,5047138918.0,0.002597464070831426
2023-08-29,12.89,13.01,12.78,12.78,9261183.0,134967991.0,5047138918.0,0.0018349372090732694
2023-08-30,12.78,12.91,12.68,12.77,5684193.0,82192937.0,5047138918.0,0.0011262208336941203
2023-08-31,12.71,12.77,12.52,12.53,5196765.0,74133745.0,5047138918.0,0.0010296457229394612
2023-09-01,12.53,13.1,12.52,13.06,9581596.0,140057177.0,5047138918.0,0.0018984212948505174
2023-09-04,13.06,14.09,13.06,13.81,21455978.0,332887861.0,5047138918.0,0.00425111698896971
2023-09-05,13.82,13.86,13.53,13.65,5829078.0,90043293.0,5047138918.0,0.0011549271963193464
2023-09-06,13.62,13.62,13.35,13.48,5193204.0,79064050.0,5047138918.0,0.0010289401746956235
2023-09-07,13.42,13.5,13.2,13.25,4935917.0,74453116.0,5047138918.0,0.0009779633729510911
2023-09-08,13.16,13.25,12.93,12.99,5113011.0,75511451.0,5047138918.0,0.0010130513708994763
2023-09-11,13.03,13.06,12.86,12.92,6675262.0,97715708.0,5047138918.0,0.001322583370192863
2023-09-12,12.96,12.98,12.79,12.84,4796499.0,69865883.0,5047138918.0,0.0009503401982643823
2023-09-13,12.83,13.0,12.78,12.87,5108440.0,74398900.0,5047138918.0,0.001012145709281228
2023-09-14,12.83,13.19,12.79,13.12,12580539.0,185341868.0,5047138918.0,0.0024926080308851923
2023-09-15,13.12,13.22,12.9,12.97,5889219.0,87069955.0,5047138918.0,0.0011668430561712548
2023-09-18,12.97,12.98,12.73,12.87,6108070.0,88887476.0,5047138918.0,0.0012102044542931679
2023-09-19,12.85,13.12,12.81,13.09,9692172.0,142538107.0,5047138918.0,0.0019203299448394538
2023-09-20,13.12,13.44,12.99,13.27,11039919.0,166421428.0,5047138918.0,0.002187361826049108
2023-09-21,13.22,13.29,13.03,13.15,9252196.0,137782749.0,5047138918.0,0.0018331565963051227
2023-09-22,13.2,13.21,12.94,13.03,13029024.0,192548669.0,5047138918.0,0.002581467285065919
2023-09-25,13.03,13.25,12.98,13.18,9839091.0,146583394.0,5047138918.0,0.0019494393080622553
2023-09-26,13.14,13.2,12.98,13.01,5823300.0,85982826.0,5047138918.0,0.0011537823893120749
2023-09-27,12.99,13.25,12.98,13.02,5355472.0,79432849.0,5047138918.0,0.0010610906668133044
2023-09-28,13.03,13.16,13.03,13.08,3447356.0,51111702.0,5047139338.0,0.0006830316678687264
2023-10-09,13.06,13.39,12.72,13.23,9167731.0,135937401.0,5047139338.0,0.0018164212212205028
2023-10-10,13.25,13.25,12.82,12.97,11450829.0,168236513.0,5047139338.0,0.0022687760795083484
2023-10-11,13.05,13.19,12.94,12.96,5574301.0,82473253.0,5047139338.0,0.0011044476141229133
2023-10-12,12.99,13.33,12.97,13.24,6600598.0,98603647.0,5047139338.0,0.0013077899296942295
2023-10-13,13.19,13.19,12.86,12.93,5986178.0,87689066.0,5047139338.0,0.001186053643284615
2023-10-16,12.91,13.1,12.82,13.06,5017524.0,73736300.0,5047139338.0,0.0009941322527442376
2023-10-17,13.07,13.3,12.98,13.17,6053901.0,90307182.0,5047139338.0,0.0011994717392523869
2023-10-18,13.13,13.13,12.97,12.99,2168756.0,32003610.0,5047139338.0,0.00042970004486925857
2023-10-19,12.91,12.98,12.53,12.61,5946520.0,85377697.0,5047139338.0,0.0011781961229460315
2023-10-20,12.59,12.97,12.5,12.85,6893348.0,99722678.0,5047139338.0,0.0013657930836384609
2023-10-23,12.89,13.12,12.68,12.86,5558127.0,81362353.0,5047139338.0,0.001101243026550261
2023-10-24,12.87,13.12,12.65,13.12,5376402.0,78797866.0,5047139338.0,0.0010652374820566129
2023-10-25,13.13,13.58,13.13,13.44,7716616.0,117318489.0,5047139338.0,0.0015289088497916956
2023-10-26,13.35,13.57,13.26,13.55,5932372.0,90220603.0,5047139338.0,0.0011753929508811194
2023-10-27,13.47,13.58,13.39,13.47,5296790.0,81034890.0,5047139338.0,0.00104946379429638
2023-10-30,13.44,13.63,13.1,13.2,11266206.0,169910837.0,5047139338.0,0.002232196348370361
2023-10-31,13.23,13.28,12.76,12.82,10101333.0,147596697.0,5047139338.0,0.0020013976875864884
2023-11-01,12.88,13.07,12.67,12.91,7485136.0,109118410.0,5047139338.0,0.0014830452457779955
2023-11-02,12.85,12.91,12.72,12.72,4545544.0,65838230.0,5047139338.0,0.0009006178937396319
2023-11-03,12.74,12.9,12.71,12.75,6216156.0,90084884.0,5047139338.0,0.001231619652978164
2023-11-06,12.81,13.01,12.75,12.8,8835390.0,128609229.0,5047139338.0,0.0017505738217841926
2023-11-07,12.79,12.84,12.45,12.52,13799375.0,196212082.0,5047139338.0,0.002734098283378916
2023-11-08,12.52,12.53,12.19,12.29,14661994.0,204765434.0,5047139338.0,0.0029050107433352575
2023-11-09,12.22,12.48,12.22,12.41,6345967.0,89119509.0,5047139338.0,0.0012573393708830473
2023-11-10,12.44,12.45,12.16,12.3,5226602.0,72423705.0,5047139338.0,0.0010355573028564562
2023-11-13,12.36,12.44,12.26,12.43,7626722.0,106858262.0,5047139338.0,0.0015110979684230781
2023-11-14,12.44,12.45,12.28,12.36,5096583.0,71132813.0,5047139338.0,0.001009796373487797
2023-11-15,12.41,12.55,12.31,12.54,10339248.0,145767085.0,5047139338.0,0.0020485362712607557
2023-11-16,12.53,12.69,12.42,12.61,6719443.0,95713053.0,5047139338.0,0.0013313369316771575
2023-11-17,12.56,12.67,12.52,12.58,4010970.0,57136535.0,5047139338.0,0.0007947016579869981
2023-11-20,12.58,12.66,12.44,12.59,6785173.0,96504941.0,5047139338.0,0.0013443601504944224
2023-11-21,12.59,12.83,12.54,12.68,11426307.0,164651934.0,5047139338.0,0.0022639174856876124
2023-11-22,12.67,12.67,12.38,12.4,5936858.0,83913380.0,5047139338.0,0.0011762817712008251
2023-11-23,12.4,12.53,12.29,12.51,5589805.0,78396795.0,5047139338.0,0.0011075194532305184
2023-11-24,12.51,12.75,12.46,12.72,9763333.0,139874622.0,5047139338.0,0.001934429058950621
2023-11-27,12.72,12.82,12.55,12.71,5456205.0,78600545.0,5047139338.0,0.001081049013035986
2023-11-28,12.76,12.76,12.49,12.69,3975889.0,56683920.0,5047139338.0,0.0007877509879835222
2023-11-29,12.62,12.72,12.59,12.66,3513773.0,50325200.0,5047139338.0,0.0006961910033956745
2023-11-30,12.61,12.69,12.53,12.59,3376190.0,48184929.0,5047139338.0,0.0006689314032962408
2023-12-01,12.59,12.63,12.42,12.46,5714560.0,80763625.0,5047139338.0,0.001132237415554387
2023-12-04,12.5,12.63,12.4,12.45,3897137.0,55132840.0,5047139338.0,0.0007721476937754398
2023-12-05,12.41,12.47,12.24,12.25,5390490.0,75332140.0,5047139338.0,0.001068028766199282
2023-12-06,12.22,12.24,11.91,11.95,8602446.0,117003948.0,5047139338.0,0.001704420152467762
2023-12-07,11.96,12.14,11.86,12.08,4739326.0,64310927.0,5047139338.0,0.0009390123162080215
2023-12-08,12.08,12.44,11.98,12.26,5979684.0,82859753.0,5047139338.0,0.001184766973833842
2023-12-11,12.23,12.23,11.91,12.2,5951661.0,81171389.0,5047139338.0,0.0011792147197502239
2023-12-12,12.11,12.12,11.76,11.99,9081005.0,122637409.0,5047139338.0,0.0017992380221463187
2023-12-13,11.91,11.95,11.68,11.7,6377310.0,84867971.0,5047139338.0,0.0012635494233307811
2023-12-14,11.7,11.74,11.66,11.68,3081723.0,40819123.0,5047139338.0,0.0006105880566438207
2023-12-15,11.7,11.87,11.66,11.66,4176421.0,55522531.0,5047139338.0,0.0008274828017042552
2023-12-18,11.64,11.76,11.53,11.65,3976286.0,52466587.0,5047139338.0,0.0007878296464023637
2023-12-19,11.63,11.64,11.41,11.6,5451722.0,71141577.0,5047139338.0,0.0010801607871123926
2023-12-20,11.61,11.74,11.55,11.61,3754952.0,49491518.0,5047139338.0,0.000743976290039964
2023-12-21,11.55,11.72,11.46,11.66,4319702.0,56662132.0,5047139338.0,0.0008558713581527041
2023-12-22,11.73,11.82,11.58,11.76,5354741.0,71013355.0,5047139338.0,0.0010609457439948332
2023-12-25,11.76,11.84,11.67,11.79,3374381.0,45031753.0,5047139338.0,0.0006685729824406128
2023-12-26,11.77,11.88,11.67,11.83,4642156.0,61952730.0,5047139338.0,0.0009197598261353964
2023-12-27,11.84,12.0,11.72,11.95,5524870.0,74408869.0,5047139338.0,0.0010946537493829738
2023-12-28,11.98,12.3,11.95,12.27,8122491.0,112259193.0,5047139338.0,0.0016093256904650172
2023-12-29,12.35,12.44,12.23,12.4,5579569.0,78004099.0,5047156349.0,0.0011054876477336565
2024-01-02,12.39,12.67,12.28,12.52,6777514.0,96047009.0,5047156349.0,0.001342838131286113
2024-01-03,12.52,12.76,12.49,12.68,5634918.0,80665354.0,5047156349.0,0.0011164540209095076
2024-01-04,12.67,12.72,12.39,12.65,8078363.0,114677255.0,5047156349.0,0.0016005771252956284
2024-01-05,12.59,12.71,12.44,12.52,6680800.0,95082878.0,5047156349.0,0.001323676054006862
2024-01-08,12.44,12.56,12.33,12.37,5203300.0,73193736.0,5047156349.0,0.0010309369554265813
2024-01-09,12.37,12.45,12.2,12.37,7347649.0,102526617.0,5047156349.0,0.0014557997596915736
2024-01-10,12.31,12.37,12.16,12.22,5322543.0,73775915.0,5047156349.0,0.001054562734331494
2024-01-11,12.17,12.22,11.81,11.95,10078780.0,136509742.0,5047156349.0,0.001996922485271716
2024-01-12,11.98,12.07,11.83,12.01,7719645.0,104942988.0,5047156349.0,0.0015295038366563588
2024-01-15,11.97,12.22,11.95,11.98,6515158.0,88830422.0,5047156349.0,0.0012908571776839956
2024-01-16,11.97,12.05,11.82,12.0,6633400.0,89397858.0,5047156349.0,0.0013142846270879412
2024-01-17,11.99,12.06,11.84,11.84,5793400.0,78170533.0,5047156349.0,0.0011478542766260558
2024-01-18,11.72,11.76,11.38,11.69,9372510.0,122310412.0,5047156349.0,0.001856988242866102
2024-01-19,11.7,11.71,11.45,11.57,6557770.0,86065623.0,5047156349.0,0.0012992999516052836
2024-01-22,11.53,11.57,11.0,11.08,8654709.0,111213729.0,5047156349.0,0.0017147693476376592
2024-01-23,11.08,11.36,10.92,11.31,5897566.0,74469959.0,5047156349.0,0.0011684928288715473
2024-01-24,11.35,11.69,11.31,11.68,8561092.0,111474941.0,5047156349.0,0.0016962208832100518
2024-01-25,11.75,12.08,11.58,11.93,11776271.0,158173925.0,5047156349.0,0.0023332487019811165
2024-01-26,11.91,12.23,11.8,12.15,11039888.0,151054775.0,5047156349.0,0.0021873481296428134
2024-01-29,12.22,12.48,12.09,12.28,11341501.0,158150304.0,5047156349.0,0.002247107126421219
2024-01-30,12.2,12.31,12.06,12.1,8368453.0,115719199.0,5047156349.0,0.0016580530543021622
2024-01-31,12.08,12.36,11.94,12.19,11587563.0,160166897.0,5047156349.0,0.0022958597274871147
2024-02-01,12.14,12.29,12.06,12.06,9911110.0,136493158.0,5047156349.0,0.001963701798531306
2024-02-02,12.06,12.47,11.84,12.15,10892592.0,150614163.0,5047156349.0,0.0021581641714265823
2024-02-05,12.1,12.45,11.8,12.35,12589043.0,173415643.0,5047156349.0,0.0024942843315116014
2024-02-06,12.28,12.69,12.14,12.61,14502658.0,206031297.0,5047156349.0,0.002873431492343888
2024-02-07,12.66,12.66,12.28,12.59,18797984.0,266253657.0,5047156349.0,0.0037244703155915647
2024-02-08,12.33,12.67,12.23,12.58,15997236.0,224733520.0,5047156349.0,0.0031695542784541545
2024-02-19,12.54,12.79,12.49,12.74,11033749.0,157891840.0,5047156349.0,0.002186131801164854
2024-02-20,12.72,13.21,12.64,13.01,10195797.0,149891665.0,5047156349.0,0.0020201072237479045
2024-02-21,12.95,13.05,12.79,12.91,8588665.0,125784011.0,5047156349.0,0.0017016839594639632
2024-02-22,12.89,13.02,12.81,12.98,5266526.0,77080978.0,5047156349.0,0.0010434640094007517
2024-02-23,12.99,13.11,12.75,12.84,6818366.0,99204391.0,5047156349.0,0.0013509321939969092
2024-02-26,12.85,12.97,12.77,12.77,6714079.0,97740633.0,5047156349.0,0.0013302696678556966
2024-02-27,12.74,12.77,12.55,12.67,10029018.0,143427552.0,5047156349.0,0.001987063072057806
2024-02-28,12.63,12.86,12.63,12.68,8994197.0,129771878.0,5047156349.0,0.0017820325700395694
2024-02-29,12.61,12.9,12.56,12.87,7942204.0,114630349.0,5047156349.0,0.0015735997561426049
2024-03-01,12.85,12.97,12.82,12.97,7942242.0,116180988.0,5047156349.0,0.0015736072851346495
2024-03-04,12.94,13.35,12.93,13.32,15470446.0,231334515.0,5047156349.0,0.0030651806542638968
2024-03-05,13.25,13.55,13.18,13.5,13298329.0,201051767.0,5047156349.0,0.0026348161381279213
2024-03-06,13.51,13.89,13.47,13.83,12090322.0,188079693.0,5047156349.0,0.0023954720567345754
2024-03-07,13.83,14.31,13.8,14.0,15415260.0,246287703.0,5047156349.0,0.00305424657650129
2024-03-08,14.02,14.31,14.01,14.12,12461148.0,200204638.0,5047156349.0,0.0024689443199969316
2024-03-11,14.15,14.36,13.73,13.87,14349424.0,226320525.0,5047156349.0,0.0028430710300549875
2024-03-12,13.89,13.95,13.38,13.6,17694310.0,271961777.0,5047156349.0,0.003505797874382433
2024-03-13,13.57,13.76,13.43,13.73,11748260.0,181300690.0,5047156349.0,0.002327698844187321
2024-03-14,13.8,13.86,13.36,13.45,8991215.0,137291057.0,5047156349.0,0.0017814417422954297
2024-03-15,13.43,13.56,13.26,13.53,10470558.0,159002426.0,5047156349.0,0.0020745459969898784
2024-03-18,13.62,13.63,13.2,13.35,10894558.0,164364976.0,5047156349.0,0.002158553697699211
2024-03-19,13.35,13.43,13.19,13.21,7364115.0,110914707.0,5047156349.0,0.0014590621908233657
2024-03-20,13.12,13.27,12.9,13.09,12995632.0,191709420.0,5047156349.0,0.0025748423669448724
2024-03-21,13.09,13.2,12.97,12.98,7811000.0,115467361.0,5047156349.0,0.0015476041279259367
2024-03-22,12.9,13.06,12.72,12.98,10222727.0,149621968.0,5047156349.0,0.002025442901531165
2024-03-25,12.9,13.51,12.86,13.36,20452157.0,308053228.0,5047156349.0,0.0040522138776327415
2024-03-26,13.27,13.36,12.96,13.2,11007015.0,163279343.0,5047156349.0,0.0021808349571300354
2024-03-27,13.16,13.32,13.07,13.12,7528975.0,112453930.0,5047156349.0,0.0014917261284152067
2024-03-28,13.06,13.27,12.95,13.05,9378141.0,139307922.0,5047156349.0,0.0018581039206083054
2024-03-29,13.02,13.35,13.0,13.34,8986615.0,134575382.0,5047156391.0,0.001780530323178567
2024-04-01,13.35,13.37,12.98,13.18,9364363.0,139536058.0,5047156391.0,0.0018553740511584634
2024-04-02,13.16,13.51,13.14,13.43,11980255.0,181306555.0,5047156391.0,0.0023736643115246
2024-04-03,13.43,13.51,13.27,13.49,7994498.0,121274283.0,5047156391.0,0.0015839608248033779
2024-04-08,13.5,13.85,13.38,13.58,13250641.0,204476652.0,5047156391.0,0.002625367627527514
2024-04-09,13.5,13.53,13.12,13.2,10221610.0,153548827.0,5047156391.0,0.0020252215719384075
2024-04-10,13.21,13.4,13.12,13.24,6894374.0,103490236.0,5047156391.0,0.0013659917517701505
2024-04-11,13.2,13.5,12.97,13.33,7765906.0,116579793.0,5047156391.0,0.001538669579141242
2024-04-12,13.34,13.53,13.2,13.39,6511343.0,98692600.0,5047156391.0,0.0012901012957733807
2024-04-15,13.39,13.72,13.25,13.58,11469592.0,175584724.0,5047156391.0,0.002272485952773798
2024-04-16,13.58,13.85,13.43,13.58,15637600.0,242423890.0,5047156391.0,0.003098299079435044
2024-04-17,13.58,14.58,13.3,14.49,25630598.0,406914858.0,5047156391.0,0.005078225443083957
2024-04-18,14.48,14.67,14.03,14.22,21559252.0,349384605.0,5047156391.0,0.004271564090711371
2024-04-19,14.2,14.94,14.16,14.75,21937721.0,362706192.0,5047156391.0,0.004346550671407558
2024-04-22,14.67,15.26,14.31,14.37,16861584.0,280604181.0,5047156391.0,0.0033408087037024013
2024-04-23,14.14,14.27,13.51,13.61,18991328.0,295685991.0,5047156391.0,0.003762777795802999
2024-04-24,13.62,13.85,13.44,13.8,11432755.0,177030004.0,5047156391.0,0.002265187387572671
2024-04-25,13.8,13.93,13.51,13.67,9845643.0,152386249.0,5047156391.0,0.0019507307159248278
2024-04-26,13.59,13.85,13.29,13.83,14910862.0,228858276.0,5047156391.0,0.002954309485354721
2024-04-29,13.77,13.77,13.35,13.72,12032800.0,184886090.0,5047156391.0,0.002384075124253466
2024-04-30,13.68,14.16,13.63,13.75,16766491.0,264299503.0,5047156433.0,0.00332196776988624
2024-05-06,13.98,14.08,13.57,14.03,14431472.0,227092040.0,5047156433.0,0.002859327265079838
2024-05-07,14.03,14.15,13.91,14.08,10144357.0,161414170.0,5047156433.0,0.002009915312644719
2024-05-08,14.04,14.15,13.96,14.02,7557047.0,120091400.0,5047156433.0,0.0014972880473031298
2024-05-09,14.02,14.4,14.02,14.38,13365880.0,215946335.0,5047156433.0,0.0026482000662015146
2024-05-10,14.46,14.74,14.38,14.65,14505380.0,230724407.0,5047156433.0,0.0028739707581003364
2024-05-13,14.56,14.78,14.4,14.58,8905947.0,142030543.0,5047156433.0,0.0017645474473051666
2024-05-14,14.58,14.69,14.46,14.58,6245514.0,99385381.0,5047156433.0,0.0012374322220656243
2024-05-15,14.64,14.82,14.56,14.63,7558264.0,121409532.0,5047156433.0,0.0014975291731759168
2024-05-16,14.67,14.91,14.49,14.54,9216474.0,147742660.0,5047156433.0,0.001826072586088199
2024-05-17,14.5,14.57,14.06,14.36,13763100.0,214602945.0,5047156433.0,0.0027269018075231906
2024-05-20,14.38,14.48,14.13,14.42,10972346.0,171981833.0,5047156433.0,0.0021739659044960695
2024-05-21,14.43,14.5,14.26,14.33,6154380.0,96608458.0,5047156433.0,0.0012193757181292422
2024-05-22,14.24,14.46,14.08,14.14,7453002.0,116136644.0,5047156433.0,0.0014766734692964489
2024-05-23,14.0,14.14,13.67,13.75,12032484.0,181338690.0,5047156433.0,0.0023840124949025925
2024-05-24,13.7,14.01,13.7,13.82,7874900.0,119558704.0,5047156433.0,0.001560264696475676
2024-05-27,13.82,14.03,13.78,13.91,6797240.0,103206927.0,5047156433.0,0.0013467464482688444
2024-05-28,13.99,14.13,13.91,13.99,7385346.0,113120607.0,5047156433.0,0.0014632686935780578
2024-05-29,14.0,14.3,13.92,14.18,8495228.0,131358872.0,5047156433.0,0.001683171130669807
2024-05-30,14.3,14.36,13.79,13.89,12731080.0,195292789.0,5047156433.0,0.0025224262748742904
2024-05-31,13.91,13.97,13.72,13.81,26780011.0,404681943.0,5047156433.0,0.005305960168958369
2024-06-03,13.47,13.7,13.22,13.32,15427920.0,226887775.0,5047156433.0,0.0030567548687667158
2024-06-04,13.32,13.82,13.27,13.8,12374294.0,183960304.0,5047156433.0,0.002451735777217587
2024-06-05,13.85,14.02,13.77,13.82,8331854.0,126436651.0,5047156433.0,0.0016508016168319149
2024-06-06,13.76,13.98,13.63,13.69,5732041.0,86368968.0,5047156433.0,0.001135697115017477
2024-06-07,13.74,13.82,13.51,13.68,6826143.0,101701255.0,5047156433.0,0.0013524730391490127
2024-06-11,13.54,13.62,13.26,13.27,8351619.0,121998951.0,5047156433.0,0.0016547176832868338
2024-06-12,13.27,13.47,13.22,13.45,5987443.0,87365798.0,5047156433.0,0.0011863002622332234
2024-06-13,13.36,13.45,13.1,13.29,9362906.0,135600236.0,5047156433.0,0.001855085358318237
2024-06-14,13.25,13.32,13.02,13.11,7288035.0,104425096.0,5047156433.0,0.0014439883321920408
2024-06-17,13.06,13.12,12.72,12.79,9321453.0,130873483.0,5047156433.0,0.001846872218791004
2024-06-18,12.77,13.08,12.75,13.07,7790486.0,110004136.0,5047156433.0,0.0015435396353208298
2024-06-19,13.07,13.45,13.02,13.31,7712196.0,111754282.0,5047156433.0,0.0015280279306532046
2024-06-20,13.28,13.4,13.0,13.04,4553123.0,65364909.0,5047156433.0,0.0009021164809218427
2024-06-21,13.07,13.19,12.9,12.93,4569061.0,64925401.0,5047156433.0,0.0009052742986379316
2024-06-24,12.86,12.98,12.63,12.76,5020074.0,70086495.0,5047156433.0,0.0009946341205469824
2024-06-25,12.77,12.92,12.64,12.75,4851596.0,67781971.0,5047156433.0,0.0009612533442154952
2024-06-26,12.72,12.85,12.62,12.78,3542155.0,49301858.0,5047156433.0,0.0007018120097962892
2024-06-27,12.83,12.86,12.5,12.63,5638996.0,77876976.0,5047156433.0,0.0011172619820400958
2024-06-28,12.59,12.65,12.35,12.42,8144338.0,110962559.0,5047156562.0,0.0016136487743056464
2024-07-01,12.4,12.79,12.38,12.7,8345640.0,115444520.0,5047156562.0,0.001653533013585165
2024-07-02,12.81,12.81,12.57,12.6,6695313.0,93026526.0,5047156562.0,0.001326551478590729
2024-07-03,12.59,12.66,12.34,12.37,6742630.0,91786926.0,5047156562.0,0.0013359264602103302
2024-07-04,12.46,12.53,12.29,12.31,6816400.0,92216588.0,5047156562.0,0.001350542610728706
2024-07-05,12.38,12.43,12.29,12.4,5152381.0,69592428.0,5047156562.0,0.0010208482611362274
2024-07-08,12.32,12.35,11.94,12.03,11766082.0,155353465.0,5047156562.0,0.002331229843073768
2024-07-09,12.03,12.1,11.9,11.97,9066520.0,118810925.0,5047156562.0,0.001796361949272934
2024-07-10,11.93,12.01,11.78,11.79,8825851.0,114690803.0,5047156562.0,0.00174867787269564
2024-07-11,11.89,12.1,11.89,12.0,8685705.0,113996751.0,5047156562.0,0.001720910554943867
2024-07-12,12.01,12.08,11.88,11.88,7336412.0,95890143.0,5047156562.0,0.001453573296147733
2024-07-15,11.77,12.12,11.76,12.0,6871381.0,90065035.0,5047156562.0,0.0013614360711008196
2024-07-16,11.96,12.05,11.76,11.79,8553430.0,111053198.0,5047156562.0,0.001694702729136382
2024-07-17,11.77,11.89,11.72,11.8,7530010.0,97161784.0,5047156562.0,0.0014919311314202897
2024-07-18,11.75,11.89,11.67,11.86,5364604.0,69213865.0,5047156562.0,0.0010628962930118036
2024-07-19,11.85,11.85,11.63,11.7,8785603.0,112406090.0,5047156562.0,0.0017407034816686157
2024-07-22,11.74,11.74,11.46,11.52,7537035.0,95004283.0,5047156562.0,0.0014933230042329722
2024-07-23,11.51,11.56,11.13,11.14,12874513.0,158947347.0,5047156562.0,0.0025508447859398896
2024-07-24,11.12,11.24,11.05,11.14,7650589.0,93330085.0,5047156562.0,0.001515821612826759
2024-07-25,11.06,11.18,10.93,11.15,9405815.0,113627087.0,5047156562.0,0.0018635869294834845
2024-07-26,11.15,11.37,11.08,11.26,7844650.0,96500975.0,5047156562.0,0.001554271182919568
2024-07-29,11.27,11.34,11.16,11.25,7918534.0,97482462.0,5047156562.0,0.0015689099204131247
2024-07-30,11.22,11.29,11.11,11.23,6905184.0,84475486.0,5047156562.0,0.0013681335055046782
2024-07-31,11.26,11.41,11.16,11.39,9924101.0,122912193.0,5047156562.0,0.0019662756401730183
2024-08-01,11.37,11.5,11.28,11.31,6639107.0,82490504.0,5047156562.0,0.0013154153073011013
2024-08-02,11.24,11.37,11.14,11.18,8560187.0,105187589.0,5047156562.0,0.0016960415027442535
2024-08-05,11.13,11.31,11.04,11.04,6837285.0,83309796.0,5047156562.0,0.0013546805842081188
2024-08-06,11.12,11.17,11.02,11.14,6175558.0,74884049.0,5047156562.0,0.0012235717129315394
2024-08-07,11.14,11.49,11.04,11.33,10321672.0,127672581.0,5047156562.0,0.0020450469235909546
2024-08-08,11.29,11.33,11.14,11.25,4563500.0,55970338.0,5047156562.0,0.000904172467000242
2024-08-09,11.29,11.36,11.21,11.22,4430509.0,54670052.0,5047156562.0,0.0008778227791381122
2024-08-12,11.26,11.26,11.1,11.19,3298143.0,40321340.0,5047156562.0,0.0006534655621408084
2024-08-13,11.22,11.25,10.91,11.02,8779735.0,106009495.0,5047156562.0,0.0017395408468408831
2024-08-14,11.03,11.06,10.62,10.67,11156427.0,131552756.0,5047156562.0,0.002210438068039467
2024-08-15,10.62,10.88,10.61,10.79,9938693.0,117220049.0,5047156562.0,0.001969166772996173
2024-08-16,10.82,10.83,10.52,10.58,8383603.0,97456948.0,5047156562.0,0.0016610546744517652
2024-08-19,10.58,10.87,10.58,10.76,9116469.0,107438138.0,5047156562.0,0.0018062584126353083
2024-08-20,10.79,10.79,10.48,10.52,8411722.0,97179971.0,5047156562.0,0.0016666259301983586
2024-08-21,10.5,10.58,10.38,10.49,6952078.0,79404260.0,5047156562.0,0.0013774246775584767
2024-08-22,10.49,10.52,10.35,10.37,5687811.0,64622129.0,5047156562.0,0.0011269337358827904
2024-08-23,10.35,10.65,10.34,10.55,7224097.0,83119659.0,5047156562.0,0.0014313201723105177
2024-08-26,10.6,10.63,10.43,10.5,5557770.0,63772762.0,5047156562.0,0.0011011685355363065
2024-08-27,10.48,10.49,10.34,10.42,4865750.0,55315936.0,5047156562.0,0.0009640576709338068
2024-08-28,10.43,10.53,10.37,10.46,5175509.0,59098151.0,5047156562.0,0.0010254306432588925
2024-08-29,10.44,10.5,10.39,10.4,6256869.0,71366448.0,5047156562.0,0.0012396819720449956
2024-08-30,10.38,10.71,10.22,10.55,11053117.0,127025736.0,5047156562.0,0.0021899691171101817
2024-09-02,10.49,10.58,10.26,10.38,8813013.0,100638891.0,5047156562.0,0.001746134262280093
2024-09-03,10.41,10.51,10.3,10.33,5711997.0,64728667.0,5047156562.0,0.001131725740985643
2024-09-04,10.25,10.36,10.13,10.21,7556083.0,84400547.0,5047156562.0,0.0014970970104017946
2024-09-05,10.23,10.3,10.17,10.3,4867170.0,54469370.0,5047156562.0,0.0009643390174667619
2024-09-06,10.27,10.37,10.2,10.21,3759837.0,42198640.0,5047156562.0,0.0007449416228352775
2024-09-09,10.22,10.25,9.86,9.94,9603264.0,104649784.0,5047156562.0,0.001902707768628161
2024-09-10,9.96,10.01,9.75,9.84,7605080.0,81916803.0,5047156562.0,0.0015068048527082723
2024-09-11,9.89,9.89,9.71,9.75,12908974.0,138153383.0,5047156562.0,0.002557672590779442
2024-09-12,9.77,9.8,9.48,9.52,13925807.0,145928600.0,5047156562.0,0.002759139097219073
2024-09-13,9.52,9.74,9.44,9.46,16032739.0,167697773.0,5047156562.0,0.0031765884024106484
2024-09-18,9.46,9.71,9.43,9.65,10018160.0,104907845.0,5047156562.0,0.00198491167787951
2024-09-19,9.74,9.91,9.6,9.75,8371259.0,89308173.0,5047156562.0,0.0016586089409286685
2024-09-20,9.73,9.74,9.52,9.61,7774634.0,81486878.0,5047156562.0,0.001540398817531272
2024-09-23,9.59,9.81,9.55,9.73,8614158.0,91387293.0,5047156562.0,0.0017067348504415188
2024-09-24,9.79,10.51,9.79,10.46,22422080.0,251491853.0,5047156562.0,0.004442517232141292
2024-09-25,10.96,11.03,10.19,10.28,31612259.0,366104062.0,5047156562.0,0.006263379907413302
2024-09-26,10.28,10.93,10.19,10.92,24027127.0,278753330.0,5047156562.0,0.0047605273790989645
2024-09-27,11.16,11.51,10.92,11.41,31869481.0,389868468.0,5047156562.0,0.006314343652413135
2024-09-30,11.91,12.54,11.67,12.48,39706661.0,526935519.0,5047156691.0,0.007867134592988606
2024-10-08,13.72,13.72,12.49,12.79,61299940.0,867066208.0,5047156691.0,0.012145440245457202
2024-10-09,12.36,12.41,11.53,11.55,39074177.0,509174123.0,5047156691.0,0.007741819680311565
2024-10-10,11.67,12.24,11.41,11.86,29802759.0,387071515.0,5047156691.0,0.005904861058334834
2024-10-11,11.91,12.08,11.44,11.57,21227078.0,272625216.0,5047156691.0,0.0042057497517070845
2024-10-14,11.61,11.91,11.56,11.72,20857067.0,267168363.0,5047156691.0,0.004132438970478557
2024-10-15,11.73,11.82,11.47,11.47,15298781.0,194379284.0,5047156691.0,0.0030311682273071717
2024-10-16,11.42,11.58,11.31,11.47,11341242.0,142059987.0,5047156691.0,0.0022470556581339154
2024-10-17,11.53,11.59,11.25,11.27,14812292.0,184520450.0,5047156691.0,0.0029347795019744514
2024-10-18,11.24,11.52,10.92,11.34,24033389.0,293869050.0,5047156691.0,0.004761767955977256
2024-10-21,11.35,11.41,11.04,11.24,17681024.0,216683471.0,5047156691.0,0.00350316526362823
2024-10-22,11.2,11.47,11.12,11.46,15704099.0,194403651.0,5047156691.0,0.003111474432328061
2024-10-23,11.45,11.73,11.38,11.65,17988078.0,227351726.0,5047156691.0,0.003564002289066242
2024-10-24,11.6,11.6,11.28,11.34,12125905.0,150955827.0,5047156691.0,0.0024025220024618413
2024-10-25,11.35,11.57,11.35,11.53,13346794.0,167420245.0,5047156691.0,0.002644418395767218
2024-10-28,11.53,11.89,11.44,11.82,31770187.0,408474527.0,5047156691.0,0.006294670236145439
2024-10-29,11.91,11.91,11.3,11.32,28143898.0,351999872.0,5047156691.0,0.00557618867870413
2024-10-30,11.28,11.31,10.93,11.07,20406901.0,247558725.0,5047156691.0,0.004043246970396069
2024-10-31,11.1,11.14,10.98,11.06,15892711.0,191867797.0,5047156691.0,0.0031488443836783587
2024-11-01,11.03,11.34,11.01,11.19,20063676.0,245314257.0,5047156691.0,0.003975243335673962
2024-11-04,11.27,11.29,11.03,11.15,17059149.0,206695942.0,5047156691.0,0.0033799523265088185
2024-11-05,11.15,11.32,11.06,11.32,21504585.0,263466888.0,5047156691.0,0.004260732589964285
2024-11-06,11.34,11.37,11.19,11.23,18575490.0,228680616.0,5047156691.0,0.0036803870252579006
2024-11-07,11.14,11.54,11.09,11.54,24192401.0,300741668.0,5047156691.0,0.0047932732191848645
2024-11-08,11.66,11.73,11.4,11.45,22064240.0,277300255.0,5047156691.0,0.00437161779410268
2024-11-11,11.57,11.8,11.47,11.69,33383053.0,423545197.0,5047156691.0,0.006614229564049015
2024-11-12,11.7,11.99,11.51,11.61,31322077.0,404134433.0,5047156691.0,0.00620588559413124
2024-11-13,11.59,11.85,11.54,11.68,20087899.0,256638738.0,5047156691.0,0.0039800426715145155
2024-11-14,11.64,11.68,11.23,11.26,21092900.0,263597047.0,5047156691.0,0.004179164882598649
2024-11-15,11.21,11.34,11.13,11.14,13383470.0,164242585.0,5047156691.0,0.002651685061386179
2024-11-18,11.2,11.5,11.14,11.21,21734972.0,268831032.0,5047156691.0,0.0043063794787186645
2024-11-19,11.14,11.26,10.99,11.18,14838560.0,180287709.0,5047156691.0,0.0029399840164383755
2024-11-20,11.18,11.28,11.08,11.24,11370679.0,139012026.0,5047156691.0,0.002252888050865548
2024-11-21,11.2,11.28,11.15,11.22,9197168.0,112743397.0,5047156691.0,0.0018222473687809666
2024-11-22,11.22,11.25,10.71,10.72,21224791.0,253984029.0,5047156691.0,0.004205296625295519
2024-11-25,10.74,10.82,10.54,10.68,13321894.0,155715800.0,5047156691.0,0.002639484924998537
2024-11-26,10.66,10.76,10.61,10.68,8407562.0,98126915.0,5047156691.0,0.001665801661159483
2024-11-27,10.62,10.76,10.53,10.76,9216451.0,107444743.0,5047156691.0,0.0018260679357220296
2024-11-28,10.75,10.77,10.66,10.66,8867415.0,103694694.0,5047156691.0,0.001756912959689208
2024-11-29,10.66,10.83,10.61,10.81,13207905.0,155445272.0,5047156691.0,0.0026169001298398564
2024-12-02,10.76,10.92,10.61,10.92,16864349.0,198628839.0,5047156691.0,0.003341356338326529
2024-12-03,10.86,10.9,10.72,10.87,14601340.0,172370773.0,5047156691.0,0.002892983296127273
2024-12-04,10.81,10.92,10.77,10.84,9045519.0,107080253.0,5047156691.0,0.0017922009467488515
2024-12-05,10.81,10.83,10.73,10.78,7467211.0,87973006.0,5047156691.0,0.0014794886422518638
2024-12-06,10.78,11.03,10.76,11.02,18548489.0,222326990.0,5047156691.0,0.003675037280509903
2024-12-09,11.0,11.18,10.98,11.05,13165638.0,159249243.0,5047156691.0,0.002608525711808538
2024-12-10,11.3,11.5,11.03,11.05,16028288.0,195487701.0,5047156691.0,0.003175706438554079
2024-12-11,10.93,11.25,10.92,11.19,13268264.0,161888172.0,5047156691.0,0.0026288591403670373
2024-12-12,11.19,11.24,11.13,11.24,9707067.0,118829120.0,5047156691.0,0.0019232743491616714
2024-12-13,11.2,11.2,10.94,10.99,13247360.0,160431989.0,5047156691.0,0.0026247174024976194
2024-12-16,10.98,11.14,10.88,11.03,13584174.0,163760900.0,5047156691.0,0.002691450817095308
2024-12-17,10.98,11.1,10.92,10.92,9166512.0,110170780.0,5047156691.0,0.0018161734539261603
2024-12-18,10.97,11.11,10.97,10.97,8624753.0,104026875.0,5047156691.0,0.0017088340085378182
2024-12-19,10.9,10.95,10.81,10.91,9247848.0,110035003.0,5047156691.0,0.0018322886659117594
2024-12-20,10.97,11.03,10.78,10.81,11290094.0,133963300.0,5047156691.0,0.0022369216355284344
2024-12-23,10.86,10.98,10.75,10.81,13965545.0,165987501.0,5047156691.0,0.0027670123705299484
2024-12-24,10.82,10.95,10.8,10.94,9106458.0,108523603.0,5047156691.0,0.001804274873462612
2024-12-25,10.97,10.97,10.83,10.89,7700485.0,91659833.0,5047156691.0,0.001525707536231512
2024-12-26,10.89,10.92,10.67,10.68,14199338.0,166853302.0,5047156691.0,0.0028133340946834497
2024-12-27,10.69,10.71,10.56,10.58,15965059.0,185417005.0,5047156691.0,0.003163178791034685
2024-12-30,10.6,10.64,10.48,10.51,16737190.0,192579471.0,5047156691.0,0.003316162153207064
2024-12-31,10.52,10.56,10.31,10.44,18878551.0,215534988.0,5047157035.0,0.003740432657253352
2025-01-02,10.44,10.66,10.26,10.3,22588822.0,259198291.0,5047157035.0,0.004475553632144913
2025-01-03,10.3,10.6,10.3,10.37,23947753.0,274116422.0,5047157035.0,0.004744800455767867
2025-01-06,10.38,10.49,10.2,10.47,13301973.0,151041496.0,5047157035.0,0.002635537770621397
2025-01-07,10.44,10.46,10.17,10.34,13978395.0,157235800.0,5047157035.0,0.0027695581696914645
2025-01-08,10.32,10.38,10.17,10.27,10929804.0,122735344.0,5047157035.0,0.002165536741616362
2025-01-09,10.2,10.27,10.11,10.17,8347093.0,92837114.0,5047157035.0,0.0016538207434633545
2025-01-10,10.17,10.24,9.96,9.96,11029120.0,121555434.0,5047157035.0,0.002185214354044762
2025-01-13,9.95,10.16,9.91,10.14,10983547.0,121024766.0,5047157035.0,0.00217618491436536
2025-01-14,10.13,10.23,10.1,10.22,12891236.0,143341701.0,5047157035.0,0.0025541578973280353
2025-01-15,10.18,10.29,10.12,10.28,9070100.0,101487426.0,5047157035.0,0.0017970710911316037
2025-01-16,10.31,10.45,10.27,10.37,10169588.0,115202480.0,5047157035.0,0.002014914124818785
2025-01-17,10.33,10.49,10.3,10.47,9162440.0,104479124.0,5047157035.0,0.0018153665393135525
2025-01-20,10.49,10.53,10.43,10.45,6962806.0,79680314.0,5047157035.0,0.001379550101515714
2025-01-21,10.48,10.49,10.04,10.12,18754919.0,208613052.0,5047157035.0,0.0037159372830966415
2025-01-22,10.06,10.18,10.03,10.18,7599207.0,83981025.0,5047157035.0,0.001505641086120872
2025-01-23,10.23,10.36,10.18,10.19,8665835.0,96954896.0,5047157035.0,0.0017169735238879882
2025-01-24,10.18,10.42,10.16,10.38,13410991.0,151306577.0,5047157035.0,0.00265713765333636
2025-01-27,10.38,10.71,10.38,10.66,23192613.0,269547122.0,5047157035.0,0.004595183553665672
2025-02-05,10.71,10.71,10.43,10.49,13875562.0,159857660.0,5047157035.0,0.0027491837293309026
2025-02-06,10.57,10.69,10.45,10.48,16224300.0,186356002.0,5047157035.0,0.003214542342845887
2025-02-07,10.49,10.77,10.43,10.72,18318515.0,212963744.0,5047157035.0,0.003629471972631024
2025-02-10,10.68,10.84,10.65,10.73,13303896.0,156571168.0,5047157035.0,0.002635918777193347
2025-02-11,10.71,10.82,10.66,10.8,11270614.0,132603697.0,5047157035.0,0.00223306188451099
2025-02-12,10.75,10.81,10.71,10.8,9340821.0,109914667.0,5047157035.0,0.001850709406349985
2025-02-13,10.79,10.97,10.79,10.92,13511110.0,161050323.0,5047157035.0,0.0026769743652329215
2025-02-14,10.91,10.96,10.78,10.89,7915533.0,93920385.0,5047157035.0,0.0015683151812216202
2025-02-17,10.91,10.91,10.77,10.87,9979909.0,118130562.0,5047157035.0,0.0019773327698728916
2025-02-18,10.85,11.16,10.79,11.03,18660432.0,225155049.0,5047157035.0,0.003697216446921985
2025-02-19,10.97,11.04,10.83,10.85,11529078.0,137303373.0,5047157035.0,0.0022842717038622914
2025-02-20,10.9,10.92,10.79,10.82,7428683.0,87998083.0,5047157035.0,0.0014718549370437808
2025-02-21,10.81,10.88,10.65,10.7,11022215.0,129097658.0,5047157035.0,0.0021838462571236402
2025-02-24,11.62,11.67,11.05,11.13,44930037.0,552705593.0,5047157035.0,0.00890204855692587
2025-02-25,11.08,11.14,10.87,10.97,20698526.0,249095128.0,5047157035.0,0.00410102674762526
2025-02-26,10.98,11.53,10.98,11.42,35727825.0,441716223.0,5047157035.0,0.007078801937851731
2025-02-27,11.43,11.49,11.28,11.31,21351291.0,265334416.0,5047157035.0,0.004230359953521835
2025-02-28,11.31,11.35,11.12,11.14,18652938.0,228997091.0,5047157039.0,0.003695731647711071
2025-03-03,11.2,11.32,11.13,11.15,13478079.0,165030749.0,5047157039.0,0.002670429886736877
2025-03-04,11.15,11.21,11.07,11.09,10960940.0,133255131.0,5047157039.0,0.0021717057573805362
2025-03-05,11.13,11.13,10.92,11.11,10654494.0,128244738.0,5047157039.0,0.002110989199993466
2025-03-06,11.11,11.18,10.94,10.96,16390063.0,197130876.0,5047157039.0,0.0032473851860269016
2025-03-07,10.97,11.27,10.91,11.25,20986465.0,256791820.0,5047157039.0,0.004158076485006315
2025-03-10,11.3,11.3,11.02,11.1,12217722.0,148461503.0,5047157039.0,0.0024207136622839682
2025-03-11,10.99,11.29,10.99,11.29,14307149.0,174651652.0,5047157039.0,0.0028346946388723214
2025-03-12,11.29,11.3,11.14,11.18,9778571.0,119638033.0,5047157039.0,0.0019374414000673619
2025-03-13,11.2,11.23,11.06,11.17,8161382.0,99306753.0,5047157039.0,0.001617025572403633
2025-03-14,11.22,11.24,11.05,11.19,15606243.0,189969171.0,5047157039.0,0.003092085877140071
2025-03-17,11.2,11.33,11.14,11.22,13046349.0,160343276.0,5047157039.0,0.0025848906422346806
2025-03-18,11.23,11.28,11.14,11.25,10842590.0,133044210.0,5047157039.0,0.002148256912994381
2025-03-19,11.26,11.5,11.24,11.47,17464519.0,217774836.0,5047157039.0,0.003460268595775706
2025-03-20,11.47,11.78,11.46,11.55,24566877.0,310933332.0,5047157039.0,0.004867468321308161
2025-03-21,11.54,12.06,11.46,11.85,41405097.0,537282470.0,5047157039.0,0.008203647455400684
2025-03-24,11.89,11.95,11.72,11.91,25890797.0,335269711.0,5047157039.0,0.0051297783682850845
2025-03-25,11.87,12.06,11.78,11.89,17206382.0,223920160.0,5047157039.0,0.003409123565413991
2025-03-26,11.85,11.9,11.62,11.69,19063452.0,244108694.0,5047157039.0,0.003777067337650557
2025-03-27,11.69,11.73,11.56,11.62,9844522.0,125178420.0,5047157039.0,0.0019505083602372928
2025-03-28,11.58,11.67,11.39,11.42,11384037.0,142631273.0,5047157039.0,0.0022555345340028363
2025-03-31,11.4,11.57,11.27,11.3,14976686.0,186555228.0,5047157168.0,0.0029673508277006364
2025-04-01,11.39,11.6,11.32,11.57,11794022.0,148392151.0,5047157168.0,0.0023367653527368816
2025-04-02,11.58,11.6,11.46,11.5,8002740.0,100687680.0,5047157168.0,0.0015855935794389354
2025-04-03,11.45,11.51,11.36,11.41,7699571.0,96050874.0,5047157168.0,0.001525526299996529
2025-04-07,10.8,11.09,10.28,10.61,31773867.0,371949599.0,5047157168.0,0.006295398764566469
2025-04-08,10.61,10.96,10.6,10.88,21498335.0,254157583.0,5047157168.0,0.004259493866429166
2025-04-09,10.77,10.77,10.23,10.34,47627091.0,541141892.0,5047157168.0,0.009436419238530041
2025-04-10,10.47,10.61,10.39,10.52,23656485.0,271966713.0,5047157168.0,0.004687091012339959
2025-04-11,10.49,10.54,10.37,10.44,14202412.0,162051974.0,5047157168.0,0.0028139428845303594
2025-04-14,10.5,10.66,10.43,10.56,14227595.0,164177044.0,5047157168.0,0.002818932426001282
2025-04-15,10.57,10.6,10.37,10.42,13572976.0,154567903.0,5047157168.0,0.002689231888013201
2025-04-16,10.4,10.43,10.27,10.41,10890848.0,123057204.0,5047157168.0,0.002157818280169713
2025-04-17,10.36,10.55,10.34,10.49,12848511.0,147239286.0,5047157168.0,0.0025456926686298112
2025-04-18,10.46,10.73,10.45,10.7,12530678.0,145270422.0,5047157168.0,0.002482719991255085
2025-04-21,10.67,11.13,10.64,10.98,19256264.0,231277038.0,5047157168.0,0.003815269340548501
2025-04-22,11.03,11.08,10.95,11.01,11689867.0,140875694.0,5047157168.0,0.002316128983285111
2025-04-23,10.98,11.05,10.78,10.79,11019204.0,130805983.0,5047157168.0,0.0021832496261190333
2025-04-24,10.75,10.99,10.75,10.88,10308532.0,122838526.0,5047157168.0,0.0020424432322730473
2025-04-25,10.85,10.89,10.8,10.81,7793360.0,92356661.0,5047157168.0,0.0015441088400043263
2025-04-28,10.82,11.14,10.81,10.93,20060425.0,240932228.0,5047157168.0,0.00397459883500105
2025-04-29,10.89,10.99,10.74,10.76,14436251.0,170927719.0,5047157211.0,0.002860273693979056
2025-04-30,10.77,10.87,10.67,10.71,10709680.0,125925107.0,5047157211.0,0.002121923203949115
2025-05-06,10.79,10.84,10.6,10.81,19580965.0,229448502.0,5047157211.0,0.0038796027508959637
2025-05-07,10.89,11.04,10.81,11.02,17754397.0,212333808.0,5047157211.0,0.003517702393201716
2025-05-08,10.98,11.03,10.92,10.92,16183402.0,193782278.0,5047157211.0,0.003206439055381348
2025-05-09,10.97,11.05,10.89,10.93,13953570.0,160060697.0,5047157211.0,0.002764639462703671
2025-05-12,10.95,11.05,10.87,10.96,13299280.0,152515493.0,5047157211.0,0.002635004111030058
2025-05-13,11.0,11.05,10.94,10.97,12830340.0,147509607.0,5047157211.0,0.002542092402439334
2025-05-14,10.96,11.05,10.91,11.02,11346413.0,130355657.0,5047157211.0,0.0022480799637608117
2025-05-15,11.03,11.07,10.95,10.97,8826733.0,101642433.0,5047157211.0,0.0017488523996761233
2025-05-16,10.96,10.98,10.7,10.73,21293310.0,240300598.0,5047157211.0,0.004218871953025836
2025-05-19,10.73,10.79,10.67,10.77,10770122.0,120927798.0,5047157211.0,0.0021338986581450475
2025-05-20,10.77,10.8,10.73,10.78,7886898.0,88863653.0,5047157211.0,0.0015626416357332681
2025-05-21,10.78,10.9,10.77,10.9,10449253.0,118724457.0,5047157211.0,0.0020703244545714626
2025-05-22,10.87,10.87,10.74,10.77,11662289.0,131818543.0,5047157211.0,0.0023106648975749528
2025-05-23,10.75,10.9,10.7,10.72,10680006.0,120770202.0,5047157211.0,0.002116043854691809
2025-05-26,10.72,10.85,10.69,10.75,8983160.0,101317070.0,5047157211.0,0.0017798454901348623
2025-05-27,10.75,10.75,10.65,10.7,9471497.0,106045104.0,5047157211.0,0.0018766003522452989
2025-05-28,10.7,10.75,10.67,10.72,6516805.0,73062078.0,5047157211.0,0.0012911832795295109
2025-05-29,10.7,10.78,10.69,10.76,7951033.0,89367137.0,5047157211.0,0.0015753487889521578
2025-05-30,10.74,10.93,10.71,10.86,13316598.0,151171591.0,5047157211.0,0.002638435349502728
2025-06-03,10.81,10.85,10.65,10.72,14649591.0,164039271.0,5047157211.0,0.0029025430331498345
2025-06-04,10.71,10.85,10.7,10.79,9939394.0,112247922.0,5047157211.0,0.001969305409852826
2025-06-05,10.79,10.8,10.68,10.74,7308510.0,82102677.0,5047157211.0,0.0014480448487064178
2025-06-06,10.75,10.86,10.7,10.83,8290570.0,93709950.0,5047157211.0,0.0016426217083016874
2025-06-09,10.85,10.87,10.75,10.86,7518791.0,85222456.0,5047157211.0,0.0014897081041211101
2025-06-10,10.87,10.97,10.84,10.87,9741628.0,111037788.0,5047157211.0,0.0019301217681051545
2025-06-11,10.91,11.15,10.86,11.11,22504550.0,260626052.0,5047157211.0,0.0044588565521503035
2025-06-12,11.11,11.12,10.94,11.0,14000273.0,160986231.0,5047157211.0,0.0027738927904776135
2025-06-13,11.0,11.13,11.0,11.13,19701441.0,228501648.0,5047157211.0,0.003903472821702839
2025-06-16,11.09,11.16,10.97,10.99,14613359.0,168808722.0,5047157211.0,0.0028953643385926224
2025-06-17,11.04,11.1,11.01,11.06,10106100.0,117018163.0,5047157211.0,0.0020023350923118292
2025-06-18,11.08,11.1,10.92,11.01,9172517.0,105524306.0,5047157211.0,0.0018173630454801381
2025-06-19,10.99,11.04,10.86,10.88,12845724.0,147016755.0,5047157211.0,0.002545140454908647
2025-06-20,10.92,11.07,10.89,11.01,16280380.0,187601689.0,5047157520.0,0.003225653238577741
2025-06-23,10.95,10.98,10.84,10.87,12888281.0,146775239.0,5047157520.0,0.00255357217382825
2025-06-24,10.89,11.0,10.86,10.97,10709271.0,122706529.0,5047157520.0,0.00212184203832814
2025-06-25,10.99,11.05,10.94,11.02,9619499.0,110718076.0,5047157520.0,0.0019059240695146762
2025-06-26,11.04,11.12,11.01,11.07,12054255.0,139556879.0,5047157520.0,0.0023883254985075245
2025-06-27,11.08,11.19,11.04,11.15,15281197.0,177965042.0,5047157520.0,0.003027683788240475
2025-06-30,11.16,11.36,11.16,11.24,16049675.0,189492615.0,5047157520.0,0.0031799433515599888
2025-07-01,11.25,11.28,11.15,11.22,11231480.0,131585482.0,5047157520.0,0.0022253079987089447
2025-07-02,11.26,11.66,11.22,11.65,33496756.0,402292453.0,5047157520.0,0.006636756603546624
2025-07-03,11.58,11.65,11.46,11.63,19321029.0,233996856.0,5047157520.0,0.0038281010496379357
2025-07-04,11.62,11.94,11.59,11.82,29036070.0,360042475.0,5047157520.0,0.005752954982074742
2025-07-07,11.93,12.07,11.72,11.92,24937445.0,311300461.0,5047157520.0,0.004940888985767181
2025-07-08,11.9,12.09,11.85,11.97,18265817.0,228509541.0,5047157520.0,0.0036190304993690787
2025-07-09,11.97,12.13,11.72,11.87,19791230.0,245877081.0,5047157520.0,0.003921262596139461
2025-07-10,11.88,11.94,11.81,11.92,10518000.0,130871859.0,5047157520.0,0.0020839452619263606
2025-07-11,11.94,12.13,11.86,12.02,21209751.0,267040911.0,5047157520.0,0.0042023160394645265
2025-07-14,12.03,12.19,11.97,11.99,15758510.0,199106051.0,5047157520.0,0.0031222544447156468
2025-07-15,11.97,12.13,11.89,12.07,17545919.0,220919328.0,5047157520.0,0.0034763961557514457
2025-07-16,12.06,12.11,11.85,11.94,13479078.0,168126305.0,5047157520.0,0.002670627565434098
2025-07-17,11.94,12.07,11.83,12.01,9390023.0,117844351.0,5047157520.0,0.001860457685893663
2025-07-18,12.05,12.18,11.98,12.05,10721217.0,135286622.0,5047157520.0,0.002124208915120208
2025-07-21,12.21,12.72,12.15,12.6,32270667.0,423096579.0,5047157520.0,0.0063938299670900705
2025-07-22,12.63,13.15,12.55,13.13,38788007.0,522270388.0,5047157520.0,0.007685119167828152
2025-07-23,13.14,13.19,12.8,12.85,33606043.0,454815908.0,5047157520.0,0.00665840978151203
2025-07-24,12.85,12.92,12.65,12.85,22793037.0,305488037.0,5047157520.0,0.00451601459032727
2025-07-25,12.87,13.01,12.75,12.81,19332218.0,259961323.0,5047157520.0,0.0038303179410180167
2025-07-28,12.73,12.94,12.53,12.8,19922322.0,265773016.0,5047157520.0,0.00394723602761659
2025-07-29,12.8,13.01,12.72,12.99,14802363.0,199056806.0,5047157520.0,0.002932811774022064
2025-07-30,13.0,13.24,12.84,12.89,25757141.0,351740755.0,5047157520.0,0.005103296439220308
2025-07-31,12.87,12.89,12.25,12.36,28045548.0,364275112.0,5047157520.0,0.005556701547131424
2025-08-01,12.37,12.45,12.19,12.24,15541385.0,200197506.0,5047157520.0,0.0030792351810727714
2025-08-04,12.22,12.29,12.14,12.27,11481147.0,146847748.0,5047157520.0,0.0022747748518853438
2025-08-05,12.32,12.48,12.24,12.41,12684455.0,164362176.0,5047157520.0,0.0025131878586583125
2025-08-06,12.4,12.49,12.33,12.39,11175677.0,145035059.0,5047157520.0,0.0022142516764564937
2025-08-07,12.39,12.39,12.03,12.23,19803992.0,252223236.0,5047157520.0,0.0039237911480916095
2025-08-08,12.21,12.46,12.14,12.42,14324873.0,185017852.0,5047157520.0,0.0028382060483026095
2025-08-11,12.48,12.52,12.25,12.36,15358068.0,197966540.0,5047157520.0,0.0030429143412191344
2025-08-12,12.36,12.47,12.26,12.32,10917054.0,141164416.0,5047157520.0,0.0021630103591456762
2025-08-13,12.35,12.38,12.25,12.29,12641318.0,162780196.0,5047157520.0,0.0025046410677509426
2025-08-14,12.33,12.35,12.06,12.09,16319840.0,208167032.0,5047157520.0,0.0032334715006081287
2025-08-15,12.1,12.39,12.07,12.32,20341840.0,260628272.0,5047157520.0,0.004030355684242643
2025-08-18,12.32,12.36,11.9,11.93,48959231.0,615982896.0,5047157520.0,0.009700357241871857
2025-08-19,11.94,12.12,11.92,11.99,19554044.0,245810027.0,5047157520.0,0.0038742686200132705
2025-08-20,11.99,12.31,11.96,12.21,26758649.0,340519832.0,5047157520.0,0.005301726544885011
2025-08-21,12.21,12.42,12.21,12.31,22273919.0,287619326.0,5047157520.0,0.004413161053867801
2025-08-22,12.32,12.33,12.12,12.23,18607500.0,237348852.0,5047157520.0,0.0036867286044204935
2025-08-25,12.23,12.73,12.23,12.59,33701732.0,442119917.0,5047157520.0,0.006677368769738734
2025-08-26,12.6,12.85,12.45,12.74,20402305.0,271144157.0,5047157520.0,0.00404233569472585
2025-08-27,12.7,12.79,12.35,12.35,22470234.0,294586444.0,5047157520.0,0.0044520572046659644
2025-08-28,12.34,12.56,12.19,12.51,18511992.0,240090273.0,5047157520.0,0.0036678054779633665
2025-08-29,12.52,12.66,12.43,12.48,19191809.0,251460583.0,5047157520.0,0.003802498519998639
2025-09-01,12.54,12.69,12.33,12.6,21841689.0,287079837.0,5047157520.0,0.004327522751855781
2025-09-02,12.59,12.65,12.35,12.43,17311363.0,225313085.0,5047157520.0,0.0034299232650063993
2025-09-03,12.42,12.48,12.3,12.4,13055612.0,169242150.0,5047157520.0,0.0025867256863423595
2025-09-04,12.37,12.41,12.07,12.2,17705828.0,225718852.0,5047157520.0,0.0035080791375815827
2025-09-05,12.21,12.3,12.14,12.26,13565229.0,173738055.0,5047157520.0,0.0026876967770960315
2025-09-08,12.3,12.46,12.25,12.42,17926507.0,232038142.0,5047157520.0,0.003551802559948634
2025-09-09,12.43,12.51,12.26,12.37,16010523.0,207204476.0,5047157520.0,0.003172186113977279
2025-09-10,12.31,12.33,12.07,12.22,14915612.0,190321514.0,5047157520.0,0.002955249948291687
2025-09-11,12.22,12.39,12.21,12.38,11379201.0,146313152.0,5047157520.0,0.0022545761559666956
2025-09-12,12.39,12.71,12.28,12.6,27351032.0,359484051.0,5047157520.0,0.005419096172770134
2025-09-15,12.6,12.65,12.3,12.44,19618550.0,255055986.0,5047157520.0,0.0038870492791752615
2025-09-16,12.47,12.55,12.15,12.32,14938536.0,191820575.0,5047157520.0,0.002959791910754551
2025-09-17,12.27,12.54,12.19,12.52,18977444.0,247249769.0,5047157520.0,0.003760026098808979
2025-09-18,12.52,12.52,12.1,12.15,20032487.0,257348986.0,5047157520.0,0.003969063164884143
2025-09-19,12.14,12.3,12.0,12.0,17685960.0,224267805.0,5047157520.0,0.0035041426644437284
2025-09-22,12.02,12.16,11.85,12.14,16375659.0,206076933.0,5047157520.0,0.0032445309929617573
2025-09-23,12.12,12.15,11.93,12.1,12539720.0,157981979.0,5047157520.0,0.002484511321532917
2025-09-24,12.06,12.25,12.0,12.21,12192234.0,155013273.0,5047157520.0,0.0024156634604104847
2025-09-25,12.23,12.42,12.17,12.35,13624094.0,175871026.0,5047157829.0,0.002699359612199676
2025-09-26,12.28,12.76,12.24,12.69,24832279.0,327188008.0,5047157829.0,0.004920052005768175
2025-09-29,12.7,12.83,12.5,12.83,20056768.0,266631128.0,5047157829.0,0.003973873748262371
2025-09-30,12.83,13.04,12.74,13.01,17394335.0,235432481.0,5047157829.0,0.0034463624061953223
2025-10-09,13.16,13.23,12.76,13.23,34768939.0,474909803.0,5047157829.0,0.006888815483483467
2025-10-10,13.16,13.48,12.94,13.44,26916592.0,375482841.0,5047157829.0,0.005333019674031676
2025-10-13,13.16,13.41,13.07,13.33,22322967.0,309166885.0,5047157829.0,0.004422878728249098
2025-10-14,13.41,13.52,13.18,13.28,23287322.0,325598001.0,5047157829.0,0.0046139476491492935
2025-10-15,13.41,13.67,13.23,13.56,23608525.0,328617912.0,5047157829.0,0.004677588020796566
2025-10-16,13.56,13.56,13.23,13.27,18262718.0,251271813.0,5047157829.0,0.0036184162688683774
2025-10-17,13.27,13.46,13.1,13.18,13261980.0,181357478.0,5047157829.0,0.0026276134904676864
2025-10-20,13.19,13.24,12.98,13.19,11374947.0,153781501.0,5047157829.0,0.0022537331673366224
2025-10-21,13.2,13.33,13.06,13.29,9608670.0,131249506.0,5047157829.0,0.0019037783888568784
2025-10-22,13.21,13.34,13.16,13.2,11983442.0,163511172.0,5047157829.0,0.0023742950797269393
2025-10-23,13.19,13.66,13.15,13.62,15195626.0,210831317.0,5047157829.0,0.003010729308421633
2025-10-24,13.61,13.8,13.49,13.63,18930381.0,266049966.0,5047157829.0,0.003750701214697441
2025-10-27,14.15,14.76,14.15,14.37,40043117.0,597941928.0,5047157829.0,0.007933795287700324
2025-10-28,14.37,14.47,13.92,14.11,25736330.0,375622674.0,5047157829.0,0.005099172816059761
2025-10-29,14.05,14.15,13.85,14.07,13944670.0,201827884.0,5047157829.0,0.002762875755514639
2025-10-30,14.06,14.37,14.03,14.16,19427458.0,284822316.0,5047157829.0,0.0038491877326232112
2025-10-31,14.22,14.28,14.01,14.15,16993710.0,248029771.0,5047157829.0,0.0033669860495262115
2025-11-03,14.2,14.59,14.03,14.47,27569700.0,408130938.0,5047157829.0,0.005462420818621878
2025-11-04,14.4,14.77,14.36,14.44,19657011.0,295709631.0,5047157829.0,0.0038946693695716406
2025-11-05,14.39,14.73,14.16,14.63,19248387.0,289061953.0,5047157829.0,0.0038137081605418527
2025-11-06,14.66,15.03,14.52,14.84,23213975.0,355824600.0,5047157829.0,0.004599415311844809
2025-11-07,14.78,14.93,14.64,14.77,16178757.0,246729410.0,5047157829.0,0.0032055183428265246
2025-11-10,14.78,15.03,14.73,14.9,18024017.0,276795594.0,5047157829.0,0.0035711221266823594
2025-11-11,14.93,15.01,14.62,14.93,22672412.0,347112497.0,5047157829.0,0.004492114724395713
2025-11-12,14.91,15.29,14.88,15.13,19494848.0,303621101.0,5047157829.0,0.0038625398017050993
2025-11-13,15.1,15.21,14.91,15.1,15842795.0,245922254.0,5047157829.0,0.003138953751152845
2025-11-14,15.03,15.24,14.8,14.84,15555103.0,239954602.0,5047157829.0,0.003081952957885201
2025-11-17,14.72,14.88,14.37,14.48,27771858.0,417088308.0,5047157829.0,0.005502474648291804
2025-11-18,14.47,14.53,14.15,14.25,21680478.0,318849065.0,5047157829.0,0.0042955815400556995
2025-11-19,14.29,14.66,14.18,14.57,17886682.0,266042113.0,5047157829.0,0.0035439117630177044
2025-11-20,14.54,14.8,14.45,14.57,15985958.0,242037964.0,5047157829.0,0.0031673188241009135
2025-11-21,14.47,14.71,14.34,14.37,15748974.0,235493723.0,5047157829.0,0.0031203648733767386
2025-11-24,14.37,14.71,14.14,14.71,20716533.0,309489371.0,5047157829.0,0.004104593852993219
2025-11-25,14.54,14.56,14.23,14.27,21993599.0,324967654.0,5047157829.0,0.00435762061444344
2025-11-26,14.34,14.54,14.22,14.43,17995916.0,266993602.0,5047157829.0,0.0035655544386979385
2025-11-27,14.5,14.63,14.37,14.48,9868702.0,147658168.0,5047157829.0,0.0019552988700484723
2025-11-28,14.52,14.74,14.47,14.69,11510118.0,174025200.0,5047157829.0,0.0022805147748431944
2025-12-01,15.12,15.47,15.0,15.42,26705953.0,421599749.0,5047157829.0,0.005291285492708931
2025-12-02,15.35,15.49,15.23,15.28,15745238.0,249457120.0,5047157829.0,0.00311962465479698
2025-12-03,15.39,15.66,15.23,15.46,16937933.0,270542122.0,5047157829.0,0.0033559348793647564
2025-12-04,15.44,15.6,15.22,15.35,12861766.0,204118118.0,5047157829.0,0.002548318565767601
2025-12-05,15.31,15.53,15.26,15.46,10531772.0,167580309.0,5047157829.0,0.002086673798763823
2025-12-08,15.42,15.59,14.8,15.07,21640671.0,334923186.0,5047157829.0,0.004287694526938876
2025-12-09,14.93,15.11,14.46,14.5,21208661.0,321194226.0,5047157829.0,0.004202099819058383
2025-12-10,14.58,14.94,14.48,14.82,17246824.0,262782980.0,5047157829.0,0.003417135858304858
2025-12-11,14.78,15.03,14.72,14.84,17769678.0,272794020.0,5047157829.0,0.0035207296070471268
2025-12-12,14.88,14.99,14.55,14.61,38152447.0,579087112.0,5047157829.0,0.00755919436098934
2025-12-15,14.55,14.88,14.5,14.65,24265764.0,368665935.0,5047157829.0,0.004807807645834568
2025-12-16,14.63,14.83,14.46,14.53,13870270.0,208890665.0,5047157829.0,0.002748134785939146
2025-12-17,14.59,14.82,14.45,14.78,12162500.0,184096295.0,5047157829.0,0.0024097720761012483
2025-12-18,14.78,15.0,14.69,14.93,10312941.0,158420638.0,5047157829.0,0.0020433165257372813
2025-12-19,14.96,15.27,14.89,15.18,13629980.0,212977469.0,5047157829.0,0.0027005258130991566
2025-12-22,15.35,15.41,15.12,15.27,10558474.0,166322102.0,5047157829.0,0.0020919643010434575
2025-12-23,15.26,15.33,15.08,15.24,10288450.0,161433252.0,5047157829.0,0.00203846409178737
2025-12-24,15.24,15.39,15.04,15.34,11335858.0,177777677.0,5047157829.0,0.002245988412501455
2025-12-25,15.3,15.51,15.27,15.42,6869219.0,109210928.0,5047157829.0,0.0013610073694408338
2025-12-26,15.46,15.78,15.41,15.56,12561352.0,201474823.0,5047157829.0,0.0024887971459550727
2025-12-29,15.55,15.71,15.42,15.58,14321568.0,230279587.0,5047157829.0,0.0028375510505558236
2025-12-30,15.47,15.74,15.41,15.67,9623680.0,154868085.0,5047157829.0,0.0019067523398424717
2025-12-31,15.85,15.98,15.69,15.87,10803754.0,176372398.0,5047158005.0,0.002140561874484054
2026-01-05,16.14,16.14,15.43,15.61,21409060.0,345137502.0,5047158005.0,0.004241804987834931
2026-01-06,15.56,15.62,15.18,15.35,25624710.0,404922291.0,5047158005.0,0.0050770572220276665
2026-01-07,15.35,15.45,15.2,15.37,16671463.0,263615396.0,5047158005.0,0.0033031387136056183
2026-01-08,15.32,15.46,15.14,15.39,12110443.0,191440340.0,5047158005.0,0.0023994578707468065
2026-01-09,15.41,15.5,15.23,15.41,16412298.0,260170577.0,5047158005.0,0.00325179001405168
2026-01-12,15.46,15.56,15.22,15.34,15652513.0,248147389.0,5047158005.0,0.003101252820794145
2026-01-13,15.34,15.63,15.25,15.29,16472821.0,261944164.0,5047158005.0,0.0032637815149993508
2026-01-14,15.32,15.4,15.1,15.22,16515284.0,259514030.0,5047158005.0,0.003272194764586135
2026-01-15,15.16,15.48,15.13,15.21,14301536.0,225887212.0,5047158005.0,0.002833581985313733
2026-01-16,15.24,15.44,15.17,15.18,13374955.0,211085788.0,5047158005.0,0.0026499972829758874
2026-01-19,15.2,15.42,15.18,15.39,14171061.0,224055007.0,5047158005.0,0.0028077308033474177
2026-01-20,15.42,15.69,15.27,15.68,17344041.0,277105290.0,5047158005.0,0.0034363974701838167
2026-01-21,15.61,15.65,15.34,15.45,15392424.0,245082683.0,5047158005.0,0.003049721047914766
2026-01-22,15.46,15.82,15.4,15.62,15700860.0,253425987.0,5047158005.0,0.003110831874977134
2026-01-23,15.75,15.75,15.42,15.6,15418433.0,247667406.0,5047158005.0,0.0030548742450158344
2026-01-26,15.65,15.69,15.38,15.49,18542764.0,297043570.0,5047158005.0,0.0036739020220152587
2026-01-27,15.51,15.64,15.11,15.16,17737404.0,279973161.0,5047158005.0,0.0035143349945510574
2026-01-28,15.17,15.26,14.76,15.19,23015437.0,358200915.0,5047158005.0,0.004560078558507502
2026-01-29,15.23,15.46,15.12,15.42,26534609.0,418610194.0,5047158005.0,0.00525733669794235
2026-01-30,15.41,16.07,15.33,15.92,32675142.0,530875804.0,5047158005.0,0.006473968512107241
2026-02-02,15.64,15.64,14.33,14.33,44920961.0,684569299.0,5047158005.0,0.008900248606344157
2026-02-03,14.51,14.64,14.32,14.56,28704541.0,428701986.0,5047158005.0,0.005687268155972858
2026-02-04,14.63,15.08,14.59,14.99,18560182.0,285739278.0,5047158005.0,0.0036773530730785987
2026-02-05,14.91,15.14,14.71,14.83,15358583.0,236057116.0,5047158005.0,0.003043016086436153
2026-02-06,14.72,14.93,14.66,14.68,10326802.0,157630855.0,5047158005.0,0.002046062752497482
2026-02-09,14.81,15.09,14.78,15.07,13607845.0,209958263.0,5047158005.0,0.0026961400825017364
2026-02-10,15.03,15.37,14.96,15.31,12219389.0,191799881.0,5047158005.0,0.0024210434838566144
2026-02-11,15.23,15.62,15.23,15.59,12763772.0,204170490.0,5047158005.0,0.0025289027978429614
2026-02-12,15.59,15.85,15.4,15.42,10413684.0,166942777.0,5047158005.0,0.002063276796502827
2026-02-13,15.42,15.42,14.97,15.01,10989585.0,171774926.0,5047158005.0,0.002177380812947226
2026-02-24,15.07,15.49,15.07,15.42,12601874.0,200098532.0,5047158005.0,0.0024968257358925303
2026-02-25,15.43,16.11,15.4,15.93,17659686.0,290105155.0,5047158005.0,0.0034989366258209704
2026-02-26,15.9,16.97,15.81,16.8,33536995.0,573503823.0,5047158005.0,0.006644728571361617
2026-02-27,16.77,17.78,16.56,17.48,34652988.0,620148230.0,5047158005.0,0.00686584172036437
2026-03-02,17.31,17.33,16.82,17.2,30740745.0,541237971.0,5047158005.0,0.006090703910903221
2026-03-03,17.17,17.54,16.91,17.18,28153306.0,499801452.0,5047158005.0,0.005578051246287464
2026-03-04,16.92,17.4,16.78,16.93,24416634.0,428052019.0,5047158005.0,0.004837699548104399
2026-03-05,17.26,17.3,16.93,17.06,15479546.0,272356651.0,5047158005.0,0.0030669826434332127
2026-03-06,17.05,17.31,16.83,17.11,12371848.0,218082922.0,5047158005.0,0.0024512503844230254
2026-03-09,16.97,17.09,16.6,16.89,17769158.0,309086727.0,5047158005.0,0.003520626455996992
2026-03-10,16.85,17.06,16.64,16.88,13245961.0,230285165.0,5047158137.0,0.0026244394648338317
2026-03-11,16.82,17.06,16.77,17.01,11751882.0,205270900.0,5047158137.0,0.002328415651146062
2026-03-12,17.03,17.21,16.82,17.01,12974913.0,227531747.0,5047158137.0,0.002570736372391971
2026-03-13,16.89,17.31,16.81,16.85,16215991.0,285321184.0,5047158137.0,0.003212895368013709
2026-03-16,16.85,16.97,15.72,15.8,27287210.0,449864877.0,5047158137.0,0.005406450374511021
2026-03-17,16.2,16.44,16.0,16.02,26682824.0,445182679.0,5047158137.0,0.005286702590987194
2026-03-18,16.14,16.26,15.82,16.17,15457149.0,255761985.0,5047158137.0,0.0030625450165085643
2026-03-19,16.02,16.06,15.5,15.57,19352672.0,313461516.0,5047158137.0,0.0038343700503711796
2026-03-20,15.6,15.79,15.39,15.42,15992243.0,256723647.0,5047158137.0,0.003168563886033833
2026-03-23,15.22,15.51,15.09,15.17,20844741.0,328674572.0,5047158137.0,0.00412999562014714
2026-03-24,15.4,15.56,15.08,15.5,17047625.0,269442846.0,5047158137.0,0.003377668093065339
2026-03-25,15.68,15.81,15.45,15.78,11706531.0,189657502.0,5047158137.0,0.0023194301985866228
2026-03-26,15.79,16.0,15.68,15.81,12108572.0,197825636.0,5047158137.0,0.0023990871043317974
2026-03-27,15.71,15.97,15.57,15.92,8863424.0,144603232.0,5047158137.0,0.0017561217143214707
2026-03-30,15.91,16.14,15.71,16.09,12617314.0,207768052.0,5047158137.0,0.002499884817855074
2026-03-31,16.08,16.14,15.68,15.84,11400172.0,186635478.0,5047135681.0,0.0022587409415039264
2026-04-01,15.94,16.31,15.88,16.05,14416610.0,239491428.0,5047135681.0,0.0028563943811281897
2026-04-02,15.97,16.15,15.8,15.86,9682040.0,159152345.0,5047135681.0,0.0019183237011931639
2026-04-03,15.88,16.35,15.83,16.1,13405139.0,223171194.0,5047135681.0,0.002655989425935942
2026-04-07,16.1,16.13,15.48,15.6,16084021.0,259280793.0,5047135681.0,0.0031867621590892597
2026-04-08,15.7,16.22,15.63,16.16,15551611.0,256714824.0,5047135681.0,0.003081274604632528
2026-04-09,16.09,16.63,16.0,16.39,14931175.0,253163337.0,5047135681.0,0.0029583462668159644
2026-04-10,16.42,16.61,16.23,16.47,12216259.0,207882114.0,5047135681.0,0.002420434038654488
2026-04-13,16.38,16.58,16.31,16.48,10041662.0,170368028.0,5047135681.0,0.0019895763923688343
2026-04-14,16.57,16.64,16.12,16.23,11201825.0,188679556.0,5047135681.0,0.0022194420178101013
2026-04-15,16.23,16.42,16.06,16.08,10529780.0,175701639.0,5047135681.0,0.002086288276267166
2026-04-16,16.1,16.35,16.04,16.33,8121200.0,135748483.0,5047135681.0,0.0016090710678875447
2026-04-17,16.3,16.34,16.11,16.23,7589601.0,126963455.0,5047135681.0,0.0015037441986295592
2026-04-20,16.32,16.37,16.09,16.34,9289051.0,156107213.0,5047135681.0,0.001840459933535914
2026-04-21,16.35,16.44,16.1,16.13,10523409.0,175650825.0,5047135681.0,0.002085025976142368
2026-04-22,16.13,16.23,15.87,15.88,9592106.0,158408770.0,5047135681.0,0.0019005048816320895
2026-04-23,15.81,15.87,15.03,15.23,21425120.0,338497887.0,5047135681.0,0.004245005752600452
2026-04-24,15.17,15.24,14.78,15.0,15281084.0,236914988.0,5047135681.0,0.0030276745001181194
2026-04-27,15.04,15.27,14.77,14.78,13500604.0,208329647.0,5047135681.0,0.0026749041145898212
2026-04-28,14.78,14.95,14.72,14.91,11383263.0,174310954.0,5047135681.0,0.0022553907244563334
2026-04-29,14.92,15.2,14.78,15.01,12722714.0,196915873.0,5047135681.0,0.0025207790723548017
2026-04-30,15.01,15.04,14.76,14.78,12100151.0,185564018.0,5047135681.0,0.0023974293073893687
2026-05-06,14.7,15.1,14.69,15.02,24696844.0,379687525.0,5047135681.0,0.004893239564169347
2026-05-07,14.97,15.09,14.76,14.95,14601052.0,224379596.0,5047135681.0,0.0028929382768459796
2026-05-08,14.88,15.14,14.85,15.11,14786176.0,228387825.0,5047135681.0,0.0029296172987111737
2026-05-11,15.16,15.38,14.84,15.16,18975092.0,296180450.0,5047135681.0,0.0037595763615850372
2026-05-12,15.2,15.35,14.92,15.05,17953015.0,278890684.0,5047135681.0,0.003557070016481691
2026-05-13,15.04,15.06,14.55,14.7,19862887.0,302061022.0,5047135681.0,0.003935477121166777
2026-05-14,14.74,14.87,14.62,14.65,14310096.0,217706907.0,5047135681.0,0.0028352905300070533
2026-05-15,14.59,14.63,14.2,14.26,16889319.0,249859373.0,5047135857.0,0.0033463174914492894
2026-05-18,14.3,14.3,13.91,14.17,17491307.0,253599627.0,5047135857.0,0.0034655906826325795
2026-05-19,14.25,14.4,14.08,14.21,9172357.0,134455381.0,5047135857.0,0.001817339033439852
2026-05-20,14.21,14.33,14.03,14.17,11665795.0,170576494.0,5047135857.0,0.0023113693252026124
2026-05-21,14.34,14.44,14.05,14.05,10905882.0,155513136.0,5047135857.0,0.002160806110434764
2026-05-22,14.15,14.25,13.92,14.24,12234952.0,173230658.0,5047135857.0,0.002424137638980143
2026-05-25,14.26,14.36,13.9,13.94,11388336.0,160141588.0,5047135857.0,0.0022563957703268934
2026-05-26,13.93,14.64,13.85,14.55,23943160.0,344168195.0,5047135857.0,0.004743910344080123
2026-05-27,14.5,14.67,14.1,14.23,14455187.0,206515978.0,5047135857.0,0.0028640376263998793
2026-05-28,14.22,14.36,13.97,14.03,15023380.0,212564160.0,5047135857.0,0.002976614940761639
2026-05-29,14.03,14.43,14.03,14.14,20327651.0,289522510.0,5047135857.0,0.004027561685665162
2026-06-01,14.0,14.09,13.32,14.08,21269581.0,293963610.0,5047135857.0,0.004214188324354432
